{
    "version": 3,
    "file": "EntangledinNature.json",
    "patches": {
    },
    "settings": [
        {
            "code": "PlantSlowdownMultiplier",
            "ingui": "entangledinnature:setting-plant",
            "type": "float",
            "weight": 0.99,
            "comment": "(Set to 0 to disable), Multiplier for slowdown when moving through plants. Adjust to your preference.",
            "default": 8,
            "range": {
                "min": 0,
                "max": 15
            }
        },
        {
            "code": "LeafSlowdownMultiplier",
            "ingui": "entangledinnature:setting-leaf",
            "type": "float",
            "weight": 0.98,
            "comment": "(Set to 0 to disable), Multiplier for slowdown when moving through leaves. Adjust to your preference.",
            "default": 15,
            "range": {
                "min": 0,
                "max": 33
            }
        },
        {
            "code": "SoilSlowdownMultiplier",
            "ingui": "entangledinnature:setting-soil",
            "type": "float",
            "weight": 0.97,
            "comment": "(Set to 0 to disable), Multiplier for slowdown when moving on mud. Adjust to your preference.",
            "default": 5,
            "range": {
                "min": 0,
                "max": 15
            }
        },
        {
            "code": "SandSlowdownMultiplier",
            "ingui": "entangledinnature:setting-sand",
            "type": "float",
            "weight": 0.96,
            "comment": "(Set to 0 to disable), Multiplier for slowdown when moving on sand. Adjust to your preference.",
            "default": 5,
            "range": {
                "min": 0,
                "max": 15
            }
        },
        {
            "code": "GravelSlowdownMultiplier",
            "ingui": "entangledinnature:setting-gravel",
            "type": "float",
            "weight": 0.95,
            "comment": "(Set to 0 to disable), Multiplier for slowdown when moving on gravel. Adjust to your preference.",
            "default": 5,
            "range": {
                "min": 0,
                "max": 15
            }
        },
        {
            "code": "SnowSlowdownMultiplier",
            "ingui": "entangledinnature:setting-snow",
            "type": "int",
            "weight": 0.90,
            "comment": "Multiplier for slowdown when moving through snow. Adjust to your preference.",
            "default": 2,
            "range": {
                "min": 1,
                "max": 2
            }
        },
        {
            "code": "GliderAffectedByLeaves",
            "ingui": "entangledinnature:setting-glider",
            "type": "boolean",
            "weight": 0.89,
            "comment": "(Set to false to disable), being affected by leaves while gliding through them.",
            "default": true
        },
        {
            "code": "AffectedBySnow",
            "ingui": "entangledinnature:setting-snow",
            "type": "boolean",
            "weight": 0.88,
            "comment": "(Set to false to disable) being affected by snow when passing through it.",
            "default": true
        },
        {
            "code": "BreakingIceChance",
            "ingui": "entangledinnature:setting-ice",
            "type": "float",
            "weight": 0.86,
            "comment": "(Set to 0 to disable) Adjusts the likelihood of ice breaking when walked, run, jumped, or fallen on. A higher value increases the chance of breaking.",
            "default": 0.005,
            "range": {
                "min": 0,
                "max": 0.01
            }
        },
        {
            "code": "HasBootsEquipped",
            "ingui": "entangledinnature:setting-equip",
            "type": "string",
            "weight": 0.85,
            "comment": "Regex selector for footwear. Currently used only for snow-related.",
            "default": "@.*(clothes-foot-wool-lined-knee-high-boots).*"
        },
        {
            "code": "BlockSelector",
            "ingui": "entangledinnature:setting-block",
            "type": "string",
            "weight": 0.84,
            "comment": "Regex selector for blocks, currently used for applying the Ice, Soil.",
            "default": "@.*(muddygravel|rawclay|sludgygravel|glacierice|lakeice).*"
        },
        {
            "code": "BlackListedEntities",
            "ingui": "entangledinnature:setting-blacklistedentities",
            "type": "string",
            "weight": 0.83,
            "comment": "Regex selector to exclude certain entities from Entangled In Nature effects.",
            "default": "@.*(butterfly).*"
        }
    ],
    "formatting": [
        {
            "type": "separator",
            "title": "Foliage",
            "weight": 1.0
        },
        {
            "type": "separator",
            "title": "Snow",
            "weight": 0.9
        },
        {
            "type": "separator",
            "title": "Entities",
            "weight": 0.85
        }
    ]
}