{
        "code": "powdered-ceramic",
	"variantgroups": [
		{ "code": "type", "states": [ "light" ] }
	],
	"attributes": {
		"inContainerTexture": { "base": "bricklayers:item/resource/clay/powdered/{type}" },
		"displaycaseable": true,
		"shelvable": true,
		"onDisplayTransform": {
			"translation": { "x": 0.05, "y": 0, "z": 0 },
			"origin": { "x": 0.5, "y": 0, "z": 0.5 },
			"scale": 0.65
		},
		"handbook": { "extraSections": [ { "title": "handbook-item-usage", "text": "handbook-item-usage-powdered-ceramic" } ] }
	},
	"attributesByType": { },
	"textures": { "all": { "base": "bricklayers:item/resource/clay/powdered/{type}" } },
        "shape": { "base": "em:item/resource/powdered" },
        "creativeinventory": { "general": ["*"], "items": ["*"], "ceramics": ["*"] },
        "maxstacksize": 128,
        "materialDensity": 600,
	"heldTpIdleAnimation": "holdbothhands",
	"tpHandTransform": {
		"translation": { "x": -1.67, "y": -1.25, "z": -0.8 },
		"rotation": { "x": 70, "y": 11, "z": -65 },
		"scale": 0.41
        },
	"guiTransform": {
		"translation": { "x": -2, "y": 1, "z": -25 },
                "rotation": { "x": 158, "y": 28, "z": 3 },
		"origin": { "x": 0.29, "y": -0.05, "z": 0.8 },
		"scale": 2.5
        },
	"groundTransform": {
		"translation": { "x": 0, "y": 0.141, "z": 0 },
		"rotation": { "x": 0, "y": 0, "z": 0 },
		"origin": { "x": 0.5, "y": 0.5, "z": 0.5299 },
		"scale": 1.5
	}
}
