{
	"editor": {
		"collapsedPaths": "Root/Borsten81,Root/Borsten,Root/Borsten9,Root/Borsten73,Root/Borsten41,Root/Borsten4,Root/Borsten17,Root/Borsten29,Root/Borsten33,Root/Borsten22,Root/Borsten89,Root/Borsten65,Root/Borsten15,Root/Borsten49,Root/Borsten57,Root/Borsten25,Root/Borsten36",
		"allAngles": false,
		"entityTextureMode": true
	},
	"textureWidth": 16,
	"textureHeight": 16,
	"textureSizes": {
	},
	"textures": {
		"white": "game:block/cloth/linen/white",
		"birch": "game:block/wood/debarked/birch"
	},
	"elements": [
		{
			"name": "Boden",
			"from": [ 6.0, 0.0, 9.0 ],
			"to": [ 10.0, 1.0, 11.0 ],
			"uv": [ 2.5, 5.5 ],
			"rotationOrigin": [ 6.0, 0.0, 9.0 ],
			"rotationY": 45.0,
			"faces": {
				"north": { "texture": "#birch", "uv": [ 2.5, 7.5, 6.5, 8.5 ], "windMode": [-1,-1,-1,-1] },
				"east": { "texture": "#birch", "uv": [ 6.5, 7.5, 8.5, 8.5 ] },
				"south": { "texture": "#birch", "uv": [ 8.5, 7.5, 12.5, 8.5 ], "windMode": [-1,-1,-1,-1] },
				"west": { "texture": "#birch", "uv": [ 12.5, 7.5, 14.5, 8.5 ], "windMode": [-1,-1,-1,-1] },
				"up": { "texture": "#birch", "uv": [ 2.5, 5.5, 6.5, 7.5 ], "windMode": [-1,-1,-1,-1] },
				"down": { "texture": "#birch", "uv": [ 6.5, 5.5, 10.5, 7.5 ], "windMode": [-1,-1,-1,-1] }
			},
			"children": [
				{
					"name": "Cube3",
					"from": [ 0.0, 0.25, 2.0 ],
					"to": [ 4.0, 0.75, 2.25 ],
					"uv": [ 0.0, 0.0 ],
					"rotationOrigin": [ 0.0, 0.0, 2.0 ],
					"faces": {
						"east": { "texture": "#birch", "uv": [ 4.0, 0.5, 4.5, 1.0 ], "windMode": [-1,-1,-1,-1] },
						"south": { "texture": "#birch", "uv": [ 4.5, 0.5, 8.5, 1.0 ] },
						"west": { "texture": "#birch", "uv": [ 8.5, 0.5, 9.0, 1.0 ], "windMode": [-1,-1,-1,-1] },
						"up": { "texture": "#birch", "uv": [ 0.0, 0.0, 4.0, 0.5 ], "windMode": [-1,-1,-1,-1] },
						"down": { "texture": "#birch", "uv": [ 4.0, 0.0, 8.0, 0.5 ], "windMode": [-1,-1,-1,-1] }
					}
				},
				{
					"name": "Cube4",
					"from": [ 0.0, 0.25, -0.25 ],
					"to": [ 4.0, 0.75, 0.0 ],
					"uv": [ 0.0, 0.0 ],
					"faces": {
						"north": { "texture": "#birch", "uv": [ 0.0, 0.5, 4.0, 1.0 ], "windMode": [-1,-1,-1,-1] },
						"east": { "texture": "#birch", "uv": [ 4.0, 0.5, 4.5, 1.0 ], "windMode": [-1,-1,-1,-1] },
						"west": { "texture": "#birch", "uv": [ 4.5, 0.5, 5.0, 1.0 ], "windMode": [-1,-1,-1,-1] },
						"up": { "texture": "#birch", "uv": [ 0.0, 0.0, 4.0, 0.5 ], "windMode": [-1,-1,-1,-1] },
						"down": { "texture": "#birch", "uv": [ 4.0, 0.0, 8.0, 0.5 ], "windMode": [-1,-1,-1,-1] }
					}
				},
				{
					"name": "Cube5",
					"from": [ -0.25, 0.25, 0.0 ],
					"to": [ 0.0, 0.75, 2.0 ],
					"uv": [ 0.0, 0.0 ],
					"faces": {
						"north": { "texture": "#birch", "uv": [ 0.0, 2.0, 0.5, 2.5 ], "windMode": [-1,-1,-1,-1] },
						"south": { "texture": "#birch", "uv": [ 0.5, 2.0, 1.0, 2.5 ], "windMode": [-1,-1,-1,-1] },
						"west": { "texture": "#birch", "uv": [ 1.0, 2.0, 3.0, 2.5 ], "windMode": [-1,-1,-1,-1] },
						"up": { "texture": "#birch", "uv": [ 0.0, 0.0, 0.5, 2.0 ], "windMode": [-1,-1,-1,-1] },
						"down": { "texture": "#birch", "uv": [ 0.5, 0.0, 1.0, 2.0 ], "windMode": [-1,-1,-1,-1] }
					}
				},
				{
					"name": "Cube6",
					"from": [ 4.0, 0.25, 0.0 ],
					"to": [ 4.25, 0.75, 2.0 ],
					"uv": [ 0.0, 0.0 ],
					"rotationOrigin": [ 4.0, 0.0, 0.0 ],
					"faces": {
						"north": { "texture": "#birch", "uv": [ 0.0, 2.0, 0.5, 2.5 ], "windMode": [-1,-1,-1,-1] },
						"east": { "texture": "#birch", "uv": [ 0.5, 2.0, 2.5, 2.5 ], "windMode": [-1,-1,-1,-1] },
						"south": { "texture": "#birch", "uv": [ 2.5, 2.0, 3.0, 2.5 ] },
						"up": { "texture": "#birch", "uv": [ 0.0, 0.0, 0.5, 2.0 ], "windMode": [-1,-1,-1,-1] },
						"down": { "texture": "#birch", "uv": [ 0.5, 0.0, 1.0, 2.0 ], "windMode": [-1,-1,-1,-1] }
					}
				},
				{
					"name": "Cube7",
					"from": [ 4.0, 0.25, -0.15 ],
					"to": [ 4.15, 0.75, 0.0 ],
					"uv": [ 0.0, 0.0 ],
					"rotationOrigin": [ 4.0, 0.25, -0.2 ],
					"faces": {
						"north": { "texture": "#birch", "uv": [ 0.0, 0.5, 0.5, 1.0 ] },
						"east": { "texture": "#birch", "uv": [ 0.5, 0.5, 1.0, 1.0 ], "windMode": [-1,-1,-1,-1] },
						"up": { "texture": "#birch", "uv": [ 0.0, 0.0, 0.5, 0.5 ], "windMode": [-1,-1,-1,-1] },
						"down": { "texture": "#birch", "uv": [ 0.5, 0.0, 1.0, 0.5 ], "windMode": [-1,-1,-1,-1] }
					}
				},
				{
					"name": "Cube8",
					"from": [ 4.0, 0.25, 2.0 ],
					"to": [ 4.15, 0.75, 2.15 ],
					"uv": [ 0.0, 0.0 ],
					"rotationOrigin": [ 4.0, 0.25, 2.0 ],
					"faces": {
						"east": { "texture": "#birch", "uv": [ 0.0, 0.5, 0.5, 1.0 ], "windMode": [-1,-1,-1,-1] },
						"south": { "texture": "#birch", "uv": [ 0.5, 0.5, 1.0, 1.0 ], "windMode": [-1,-1,-1,-1] },
						"up": { "texture": "#birch", "uv": [ 0.0, 0.0, 0.5, 0.5 ], "windMode": [-1,-1,-1,-1] },
						"down": { "texture": "#birch", "uv": [ 0.5, 0.0, 1.0, 0.5 ], "windMode": [-1,-1,-1,-1] }
					}
				},
				{
					"name": "Cube9",
					"from": [ -0.15, 0.25, 2.0 ],
					"to": [ 0.0, 0.75, 2.15 ],
					"uv": [ 0.0, 0.0 ],
					"rotationOrigin": [ 0.0, 0.25, 2.0 ],
					"faces": {
						"south": { "texture": "#birch", "uv": [ 0.0, 0.5, 0.5, 1.0 ], "windMode": [-1,-1,-1,-1] },
						"west": { "texture": "#birch", "uv": [ 0.5, 0.5, 1.0, 1.0 ], "windMode": [-1,-1,-1,-1] },
						"up": { "texture": "#birch", "uv": [ 0.0, 0.0, 0.5, 0.5 ], "windMode": [-1,-1,-1,-1] },
						"down": { "texture": "#birch", "uv": [ 0.5, 0.0, 1.0, 0.5 ], "windMode": [-1,-1,-1,-1] }
					}
				},
				{
					"name": "Cube10",
					"from": [ -0.15, 0.25, -0.15 ],
					"to": [ 0.0, 0.75, 0.0 ],
					"uv": [ 0.0, 0.0 ],
					"rotationOrigin": [ 0.0, 0.25, -0.2 ],
					"faces": {
						"north": { "texture": "#birch", "uv": [ 0.0, 0.5, 0.5, 1.0 ] },
						"west": { "texture": "#birch", "uv": [ 0.5, 0.5, 1.0, 1.0 ], "windMode": [-1,-1,-1,-1] },
						"up": { "texture": "#birch", "uv": [ 0.0, 0.0, 0.5, 0.5 ], "windMode": [-1,-1,-1,-1] },
						"down": { "texture": "#birch", "uv": [ 0.5, 0.0, 1.0, 0.5 ], "windMode": [-1,-1,-1,-1] }
					}
				}
			]
		},
		{
			"name": "Borsten4",
			"from": [ 7.6263, 1.0, 8.0808 ],
			"to": [ 7.7263, 1.7, 8.1808 ],
			"uv": [ 6.5, 2.5 ],
			"rotationOrigin": [ 7.6263, 1.0, 8.0808 ],
			"rotationX": 30.3612,
			"rotationY": 40.7895,
			"rotationZ": -20.941,
			"faces": {
				"north": { "texture": "#white", "uv": [ 6.5, 3.0, 7.0, 3.5 ] },
				"east": { "texture": "#white", "uv": [ 7.0, 3.0, 7.5, 3.5 ], "windMode": [-1,-1,-1,-1] },
				"south": { "texture": "#white", "uv": [ 7.5, 3.0, 8.0, 3.5 ], "windMode": [-1,-1,-1,-1] },
				"west": { "texture": "#white", "uv": [ 8.0, 3.0, 8.5, 3.5 ], "windMode": [-1,-1,-1,-1] },
				"up": { "texture": "#white", "uv": [ 6.5, 2.5, 7.0, 3.0 ], "windMode": [-1,-1,-1,-1] }
			},
			"children": [
				{
					"name": "Borsten9",
					"from": [ 0.0, 0.0, 0.0 ],
					"to": [ 0.1, 0.7, 0.1 ],
					"uv": [ 10.0, 5.0 ],
					"rotationOrigin": [ 0.0, 0.0, 0.0 ],
					"rotationX": -22.5,
					"faces": {
						"north": { "texture": "#white", "uv": [ 10.0, 5.5, 10.5, 6.0 ], "windMode": [-1,-1,-1,-1] },
						"east": { "texture": "#white", "uv": [ 10.5, 5.5, 11.0, 6.0 ], "windMode": [-1,-1,-1,-1] },
						"south": { "texture": "#white", "uv": [ 11.0, 5.5, 11.5, 6.0 ], "windMode": [-1,-1,-1,-1] },
						"west": { "texture": "#white", "uv": [ 11.5, 5.5, 12.0, 6.0 ], "windMode": [-1,-1,-1,-1] },
						"up": { "texture": "#white", "uv": [ 10.0, 5.0, 10.5, 5.5 ] }
					}
				},
				{
					"name": "Borsten10",
					"from": [ 0.0, 0.0, 0.0 ],
					"to": [ 0.1, 0.7, 0.1 ],
					"uv": [ 12.5, 9.0 ],
					"rotationOrigin": [ 0.0, 0.0, 0.0 ],
					"rotationX": -22.5,
					"rotationY": -22.5,
					"rotationZ": 22.5,
					"faces": {
						"north": { "texture": "#white", "uv": [ 12.5, 9.5, 13.0, 10.0 ], "windMode": [-1,-1,-1,-1] },
						"east": { "texture": "#white", "uv": [ 13.0, 9.5, 13.5, 10.0 ], "windMode": [-1,-1,-1,-1] },
						"south": { "texture": "#white", "uv": [ 13.5, 9.5, 14.0, 10.0 ] },
						"west": { "texture": "#white", "uv": [ 14.0, 9.5, 14.5, 10.0 ], "windMode": [-1,-1,-1,-1] },
						"up": { "texture": "#white", "uv": [ 12.5, 9.0, 13.0, 9.5 ], "windMode": [-1,-1,-1,-1] }
					}
				},
				{
					"name": "Borsten11",
					"from": [ 0.0, 0.0, 0.0 ],
					"to": [ 0.1, 0.7, 0.1 ],
					"uv": [ 3.0, 7.0 ],
					"rotationOrigin": [ 0.0, 0.0, 0.0 ],
					"rotationX": -46.6487,
					"rotationY": -20.7048,
					"rotationZ": -9.0072,
					"faces": {
						"north": { "texture": "#white", "uv": [ 3.0, 7.5, 3.5, 8.0 ], "windMode": [-1,-1,-1,-1] },
						"east": { "texture": "#white", "uv": [ 3.5, 7.5, 4.0, 8.0 ], "windMode": [-1,-1,-1,-1] },
						"south": { "texture": "#white", "uv": [ 4.0, 7.5, 4.5, 8.0 ], "windMode": [-1,-1,-1,-1] },
						"west": { "texture": "#white", "uv": [ 4.5, 7.5, 5.0, 8.0 ] },
						"up": { "texture": "#white", "uv": [ 3.0, 7.0, 3.5, 7.5 ], "windMode": [-1,-1,-1,-1] }
					}
				},
				{
					"name": "Borsten12",
					"from": [ 0.0, 0.0, 0.0 ],
					"to": [ 0.1, 0.7, 0.1 ],
					"uv": [ 9.0, 8.5 ],
					"rotationOrigin": [ 0.0, 0.0, 0.0 ],
					"rotationX": -51.3368,
					"rotationY": -42.8588,
					"rotationZ": 10.9758,
					"faces": {
						"north": { "texture": "#white", "uv": [ 9.0, 9.0, 9.5, 9.5 ], "windMode": [-1,-1,-1,-1] },
						"east": { "texture": "#white", "uv": [ 9.5, 9.0, 10.0, 9.5 ], "windMode": [-1,-1,-1,-1] },
						"south": { "texture": "#white", "uv": [ 10.0, 9.0, 10.5, 9.5 ], "windMode": [-1,-1,-1,-1] },
						"west": { "texture": "#white", "uv": [ 10.5, 9.0, 11.0, 9.5 ], "windMode": [-1,-1,-1,-1] },
						"up": { "texture": "#white", "uv": [ 9.0, 8.5, 9.5, 9.0 ] }
					}
				},
				{
					"name": "Borsten13",
					"from": [ 0.0, 0.0, 0.0 ],
					"to": [ 0.1, 0.7, 0.1 ],
					"uv": [ 3.5, 5.0 ],
					"rotationOrigin": [ 0.0, 0.0, 0.0 ],
					"rotationX": -51.3368,
					"rotationY": -42.8588,
					"rotationZ": -34.0242,
					"faces": {
						"north": { "texture": "#white", "uv": [ 3.5, 5.5, 4.0, 6.0 ], "windMode": [-1,-1,-1,-1] },
						"east": { "texture": "#white", "uv": [ 4.0, 5.5, 4.5, 6.0 ], "windMode": [-1,-1,-1,-1] },
						"south": { "texture": "#white", "uv": [ 4.5, 5.5, 5.0, 6.0 ], "windMode": [-1,-1,-1,-1] },
						"west": { "texture": "#white", "uv": [ 5.0, 5.5, 5.5, 6.0 ], "windMode": [-1,-1,-1,-1] },
						"up": { "texture": "#white", "uv": [ 3.5, 5.0, 4.0, 5.5 ] }
					}
				},
				{
					"name": "Borsten14",
					"from": [ 0.0, 0.0, 0.0 ],
					"to": [ 0.1, 0.7, 0.1 ],
					"uv": [ 10.5, 1.5 ],
					"rotationOrigin": [ 0.0, 0.0, 0.0 ],
					"rotationY": -22.5,
					"rotationZ": 22.5,
					"faces": {
						"north": { "texture": "#white", "uv": [ 10.5, 2.0, 11.0, 2.5 ], "windMode": [-1,-1,-1,-1] },
						"east": { "texture": "#white", "uv": [ 11.0, 2.0, 11.5, 2.5 ], "windMode": [-1,-1,-1,-1] },
						"south": { "texture": "#white", "uv": [ 11.5, 2.0, 12.0, 2.5 ], "windMode": [-1,-1,-1,-1] },
						"west": { "texture": "#white", "uv": [ 12.0, 2.0, 12.5, 2.5 ], "windMode": [-1,-1,-1,-1] },
						"up": { "texture": "#white", "uv": [ 10.5, 1.5, 11.0, 2.0 ], "windMode": [-1,-1,-1,-1] }
					}
				},
				{
					"name": "Borsten42",
					"from": [ 0.0, 0.0, 0.0 ],
					"to": [ 0.1, 0.7, 0.1 ],
					"uv": [ 10.5, 1.5 ],
					"rotationOrigin": [ 0.0, 0.0, 0.0 ],
					"rotationX": -22.5,
					"rotationY": -45.0,
					"rotationZ": -22.5,
					"faces": {
						"north": { "texture": "#white", "uv": [ 10.5, 2.0, 11.0, 2.5 ], "windMode": [-1,-1,-1,-1] },
						"east": { "texture": "#white", "uv": [ 11.0, 2.0, 11.5, 2.5 ], "windMode": [-1,-1,-1,-1] },
						"south": { "texture": "#white", "uv": [ 11.5, 2.0, 12.0, 2.5 ], "windMode": [-1,-1,-1,-1] },
						"west": { "texture": "#white", "uv": [ 12.0, 2.0, 12.5, 2.5 ], "windMode": [-1,-1,-1,-1] },
						"up": { "texture": "#white", "uv": [ 10.5, 1.5, 11.0, 2.0 ], "windMode": [-1,-1,-1,-1] }
					}
				}
			]
		},
		{
			"name": "Borsten",
			"from": [ 6.7071, 1.0, 9.0 ],
			"to": [ 6.8071, 1.7, 9.1 ],
			"uv": [ 6.5, 2.5 ],
			"rotationOrigin": [ 6.7071, 1.0, 9.0 ],
			"rotationX": 30.3612,
			"rotationY": 40.7895,
			"rotationZ": -20.941,
			"faces": {
				"north": { "texture": "#white", "uv": [ 6.5, 3.0, 7.0, 3.5 ] },
				"east": { "texture": "#white", "uv": [ 7.0, 3.0, 7.5, 3.5 ], "windMode": [-1,-1,-1,-1] },
				"south": { "texture": "#white", "uv": [ 7.5, 3.0, 8.0, 3.5 ], "windMode": [-1,-1,-1,-1] },
				"west": { "texture": "#white", "uv": [ 8.0, 3.0, 8.5, 3.5 ], "windMode": [-1,-1,-1,-1] },
				"up": { "texture": "#white", "uv": [ 6.5, 2.5, 7.0, 3.0 ], "windMode": [-1,-1,-1,-1] }
			},
			"children": [
				{
					"name": "Borsten2",
					"from": [ 0.0, 0.0, 0.0 ],
					"to": [ 0.1, 0.7, 0.1 ],
					"uv": [ 10.0, 5.0 ],
					"rotationOrigin": [ 0.0, 0.0, 0.0 ],
					"rotationX": -22.5,
					"faces": {
						"north": { "texture": "#white", "uv": [ 10.0, 5.5, 10.5, 6.0 ], "windMode": [-1,-1,-1,-1] },
						"east": { "texture": "#white", "uv": [ 10.5, 5.5, 11.0, 6.0 ], "windMode": [-1,-1,-1,-1] },
						"south": { "texture": "#white", "uv": [ 11.0, 5.5, 11.5, 6.0 ], "windMode": [-1,-1,-1,-1] },
						"west": { "texture": "#white", "uv": [ 11.5, 5.5, 12.0, 6.0 ], "windMode": [-1,-1,-1,-1] },
						"up": { "texture": "#white", "uv": [ 10.0, 5.0, 10.5, 5.5 ] }
					}
				},
				{
					"name": "Borsten3",
					"from": [ 0.0, 0.0, 0.0 ],
					"to": [ 0.1, 0.7, 0.1 ],
					"uv": [ 12.5, 9.0 ],
					"rotationOrigin": [ 0.0, 0.0, 0.0 ],
					"rotationX": -22.5,
					"rotationY": -22.5,
					"rotationZ": 22.5,
					"faces": {
						"north": { "texture": "#white", "uv": [ 12.5, 9.5, 13.0, 10.0 ], "windMode": [-1,-1,-1,-1] },
						"east": { "texture": "#white", "uv": [ 13.0, 9.5, 13.5, 10.0 ], "windMode": [-1,-1,-1,-1] },
						"south": { "texture": "#white", "uv": [ 13.5, 9.5, 14.0, 10.0 ] },
						"west": { "texture": "#white", "uv": [ 14.0, 9.5, 14.5, 10.0 ], "windMode": [-1,-1,-1,-1] },
						"up": { "texture": "#white", "uv": [ 12.5, 9.0, 13.0, 9.5 ], "windMode": [-1,-1,-1,-1] }
					}
				},
				{
					"name": "Borsten6",
					"from": [ 0.0, 0.0, 0.0 ],
					"to": [ 0.1, 0.7, 0.1 ],
					"uv": [ 3.0, 7.0 ],
					"rotationOrigin": [ 0.0, 0.0, 0.0 ],
					"rotationX": -46.6487,
					"rotationY": -20.7048,
					"rotationZ": -9.0072,
					"faces": {
						"north": { "texture": "#white", "uv": [ 3.0, 7.5, 3.5, 8.0 ], "windMode": [-1,-1,-1,-1] },
						"east": { "texture": "#white", "uv": [ 3.5, 7.5, 4.0, 8.0 ], "windMode": [-1,-1,-1,-1] },
						"south": { "texture": "#white", "uv": [ 4.0, 7.5, 4.5, 8.0 ], "windMode": [-1,-1,-1,-1] },
						"west": { "texture": "#white", "uv": [ 4.5, 7.5, 5.0, 8.0 ] },
						"up": { "texture": "#white", "uv": [ 3.0, 7.0, 3.5, 7.5 ], "windMode": [-1,-1,-1,-1] }
					}
				},
				{
					"name": "Borsten7",
					"from": [ 0.0, 0.0, 0.0 ],
					"to": [ 0.1, 0.7, 0.1 ],
					"uv": [ 9.0, 8.5 ],
					"rotationOrigin": [ 0.0, 0.0, 0.0 ],
					"rotationX": -51.3368,
					"rotationY": -42.8588,
					"rotationZ": 10.9758,
					"faces": {
						"north": { "texture": "#white", "uv": [ 9.0, 9.0, 9.5, 9.5 ], "windMode": [-1,-1,-1,-1] },
						"east": { "texture": "#white", "uv": [ 9.5, 9.0, 10.0, 9.5 ], "windMode": [-1,-1,-1,-1] },
						"south": { "texture": "#white", "uv": [ 10.0, 9.0, 10.5, 9.5 ], "windMode": [-1,-1,-1,-1] },
						"west": { "texture": "#white", "uv": [ 10.5, 9.0, 11.0, 9.5 ], "windMode": [-1,-1,-1,-1] },
						"up": { "texture": "#white", "uv": [ 9.0, 8.5, 9.5, 9.0 ] }
					}
				},
				{
					"name": "Borsten8",
					"from": [ 0.0, 0.0, 0.0 ],
					"to": [ 0.1, 0.7, 0.1 ],
					"uv": [ 3.5, 5.0 ],
					"rotationOrigin": [ 0.0, 0.0, 0.0 ],
					"rotationX": -51.3368,
					"rotationY": -42.8588,
					"rotationZ": -34.0242,
					"faces": {
						"north": { "texture": "#white", "uv": [ 3.5, 5.5, 4.0, 6.0 ], "windMode": [-1,-1,-1,-1] },
						"east": { "texture": "#white", "uv": [ 4.0, 5.5, 4.5, 6.0 ], "windMode": [-1,-1,-1,-1] },
						"south": { "texture": "#white", "uv": [ 4.5, 5.5, 5.0, 6.0 ], "windMode": [-1,-1,-1,-1] },
						"west": { "texture": "#white", "uv": [ 5.0, 5.5, 5.5, 6.0 ], "windMode": [-1,-1,-1,-1] },
						"up": { "texture": "#white", "uv": [ 3.5, 5.0, 4.0, 5.5 ] }
					}
				},
				{
					"name": "Borsten5",
					"from": [ 0.0, 0.0, 0.0 ],
					"to": [ 0.1, 0.7, 0.1 ],
					"uv": [ 10.5, 1.5 ],
					"rotationOrigin": [ 0.0, 0.0, 0.0 ],
					"rotationY": -22.5,
					"rotationZ": 22.5,
					"faces": {
						"north": { "texture": "#white", "uv": [ 10.5, 2.0, 11.0, 2.5 ], "windMode": [-1,-1,-1,-1] },
						"east": { "texture": "#white", "uv": [ 11.0, 2.0, 11.5, 2.5 ], "windMode": [-1,-1,-1,-1] },
						"south": { "texture": "#white", "uv": [ 11.5, 2.0, 12.0, 2.5 ], "windMode": [-1,-1,-1,-1] },
						"west": { "texture": "#white", "uv": [ 12.0, 2.0, 12.5, 2.5 ], "windMode": [-1,-1,-1,-1] },
						"up": { "texture": "#white", "uv": [ 10.5, 1.5, 11.0, 2.0 ], "windMode": [-1,-1,-1,-1] }
					}
				},
				{
					"name": "Borsten41",
					"from": [ 0.0, 0.0, 0.0 ],
					"to": [ 0.1, 0.7, 0.1 ],
					"uv": [ 10.5, 1.5 ],
					"rotationOrigin": [ 0.0, 0.0, 0.0 ],
					"rotationX": -22.5,
					"rotationY": -45.0,
					"rotationZ": -22.5,
					"faces": {
						"north": { "texture": "#white", "uv": [ 10.5, 2.0, 11.0, 2.5 ], "windMode": [-1,-1,-1,-1] },
						"east": { "texture": "#white", "uv": [ 11.0, 2.0, 11.5, 2.5 ], "windMode": [-1,-1,-1,-1] },
						"south": { "texture": "#white", "uv": [ 11.5, 2.0, 12.0, 2.5 ], "windMode": [-1,-1,-1,-1] },
						"west": { "texture": "#white", "uv": [ 12.0, 2.0, 12.5, 2.5 ], "windMode": [-1,-1,-1,-1] },
						"up": { "texture": "#white", "uv": [ 10.5, 1.5, 11.0, 2.0 ], "windMode": [-1,-1,-1,-1] }
					}
				}
			]
		},
		{
			"name": "Borsten15",
			"from": [ 9.4648, 1.0, 7.6565 ],
			"to": [ 9.5648, 1.7, 7.7565 ],
			"uv": [ 6.5, 2.5 ],
			"rotationOrigin": [ 9.4648, 1.0, 7.6565 ],
			"rotationX": 30.3612,
			"rotationY": 40.7895,
			"rotationZ": -20.941,
			"faces": {
				"north": { "texture": "#white", "uv": [ 6.5, 3.0, 7.0, 3.5 ] },
				"east": { "texture": "#white", "uv": [ 7.0, 3.0, 7.5, 3.5 ], "windMode": [-1,-1,-1,-1] },
				"south": { "texture": "#white", "uv": [ 7.5, 3.0, 8.0, 3.5 ], "windMode": [-1,-1,-1,-1] },
				"west": { "texture": "#white", "uv": [ 8.0, 3.0, 8.5, 3.5 ], "windMode": [-1,-1,-1,-1] },
				"up": { "texture": "#white", "uv": [ 6.5, 2.5, 7.0, 3.0 ], "windMode": [-1,-1,-1,-1] }
			},
			"children": [
				{
					"name": "Borsten16",
					"from": [ 0.0, 0.0, 0.0 ],
					"to": [ 0.1, 0.7, 0.1 ],
					"uv": [ 10.0, 5.0 ],
					"rotationOrigin": [ 0.0, 0.0, 0.0 ],
					"rotationX": -22.5,
					"faces": {
						"north": { "texture": "#white", "uv": [ 10.0, 5.5, 10.5, 6.0 ], "windMode": [-1,-1,-1,-1] },
						"east": { "texture": "#white", "uv": [ 10.5, 5.5, 11.0, 6.0 ], "windMode": [-1,-1,-1,-1] },
						"south": { "texture": "#white", "uv": [ 11.0, 5.5, 11.5, 6.0 ], "windMode": [-1,-1,-1,-1] },
						"west": { "texture": "#white", "uv": [ 11.5, 5.5, 12.0, 6.0 ], "windMode": [-1,-1,-1,-1] },
						"up": { "texture": "#white", "uv": [ 10.0, 5.0, 10.5, 5.5 ] }
					}
				},
				{
					"name": "Borsten17",
					"from": [ 0.0, 0.0, 0.0 ],
					"to": [ 0.1, 0.7, 0.1 ],
					"uv": [ 12.5, 9.0 ],
					"rotationOrigin": [ 0.0, 0.0, 0.0 ],
					"rotationX": -22.5,
					"rotationY": -22.5,
					"rotationZ": 22.5,
					"faces": {
						"north": { "texture": "#white", "uv": [ 12.5, 9.5, 13.0, 10.0 ], "windMode": [-1,-1,-1,-1] },
						"east": { "texture": "#white", "uv": [ 13.0, 9.5, 13.5, 10.0 ], "windMode": [-1,-1,-1,-1] },
						"south": { "texture": "#white", "uv": [ 13.5, 9.5, 14.0, 10.0 ] },
						"west": { "texture": "#white", "uv": [ 14.0, 9.5, 14.5, 10.0 ], "windMode": [-1,-1,-1,-1] },
						"up": { "texture": "#white", "uv": [ 12.5, 9.0, 13.0, 9.5 ], "windMode": [-1,-1,-1,-1] }
					}
				},
				{
					"name": "Borsten18",
					"from": [ 0.0, 0.0, 0.0 ],
					"to": [ 0.1, 0.7, 0.1 ],
					"uv": [ 3.0, 7.0 ],
					"rotationOrigin": [ 0.0, 0.0, 0.0 ],
					"rotationX": -46.6487,
					"rotationY": -20.7048,
					"rotationZ": -9.0072,
					"faces": {
						"north": { "texture": "#white", "uv": [ 3.0, 7.5, 3.5, 8.0 ], "windMode": [-1,-1,-1,-1] },
						"east": { "texture": "#white", "uv": [ 3.5, 7.5, 4.0, 8.0 ], "windMode": [-1,-1,-1,-1] },
						"south": { "texture": "#white", "uv": [ 4.0, 7.5, 4.5, 8.0 ], "windMode": [-1,-1,-1,-1] },
						"west": { "texture": "#white", "uv": [ 4.5, 7.5, 5.0, 8.0 ] },
						"up": { "texture": "#white", "uv": [ 3.0, 7.0, 3.5, 7.5 ], "windMode": [-1,-1,-1,-1] }
					}
				},
				{
					"name": "Borsten19",
					"from": [ 0.0, 0.0, 0.0 ],
					"to": [ 0.1, 0.7, 0.1 ],
					"uv": [ 9.0, 8.5 ],
					"rotationOrigin": [ 0.0, 0.0, 0.0 ],
					"rotationX": -51.3368,
					"rotationY": -42.8588,
					"rotationZ": 10.9758,
					"faces": {
						"north": { "texture": "#white", "uv": [ 9.0, 9.0, 9.5, 9.5 ], "windMode": [-1,-1,-1,-1] },
						"east": { "texture": "#white", "uv": [ 9.5, 9.0, 10.0, 9.5 ], "windMode": [-1,-1,-1,-1] },
						"south": { "texture": "#white", "uv": [ 10.0, 9.0, 10.5, 9.5 ], "windMode": [-1,-1,-1,-1] },
						"west": { "texture": "#white", "uv": [ 10.5, 9.0, 11.0, 9.5 ], "windMode": [-1,-1,-1,-1] },
						"up": { "texture": "#white", "uv": [ 9.0, 8.5, 9.5, 9.0 ] }
					}
				},
				{
					"name": "Borsten20",
					"from": [ 0.0, 0.0, 0.0 ],
					"to": [ 0.1, 0.7, 0.1 ],
					"uv": [ 3.5, 5.0 ],
					"rotationOrigin": [ 0.0, 0.0, 0.0 ],
					"rotationX": -51.3368,
					"rotationY": -42.8588,
					"rotationZ": -34.0242,
					"faces": {
						"north": { "texture": "#white", "uv": [ 3.5, 5.5, 4.0, 6.0 ], "windMode": [-1,-1,-1,-1] },
						"east": { "texture": "#white", "uv": [ 4.0, 5.5, 4.5, 6.0 ], "windMode": [-1,-1,-1,-1] },
						"south": { "texture": "#white", "uv": [ 4.5, 5.5, 5.0, 6.0 ], "windMode": [-1,-1,-1,-1] },
						"west": { "texture": "#white", "uv": [ 5.0, 5.5, 5.5, 6.0 ], "windMode": [-1,-1,-1,-1] },
						"up": { "texture": "#white", "uv": [ 3.5, 5.0, 4.0, 5.5 ] }
					}
				},
				{
					"name": "Borsten21",
					"from": [ 0.0, 0.0, 0.0 ],
					"to": [ 0.1, 0.7, 0.1 ],
					"uv": [ 10.5, 1.5 ],
					"rotationOrigin": [ 0.0, 0.0, 0.0 ],
					"rotationY": -22.5,
					"rotationZ": 22.5,
					"faces": {
						"north": { "texture": "#white", "uv": [ 10.5, 2.0, 11.0, 2.5 ], "windMode": [-1,-1,-1,-1] },
						"east": { "texture": "#white", "uv": [ 11.0, 2.0, 11.5, 2.5 ], "windMode": [-1,-1,-1,-1] },
						"south": { "texture": "#white", "uv": [ 11.5, 2.0, 12.0, 2.5 ], "windMode": [-1,-1,-1,-1] },
						"west": { "texture": "#white", "uv": [ 12.0, 2.0, 12.5, 2.5 ], "windMode": [-1,-1,-1,-1] },
						"up": { "texture": "#white", "uv": [ 10.5, 1.5, 11.0, 2.0 ], "windMode": [-1,-1,-1,-1] }
					}
				},
				{
					"name": "Borsten43",
					"from": [ 0.0, 0.0, 0.0 ],
					"to": [ 0.1, 0.7, 0.1 ],
					"uv": [ 10.5, 1.5 ],
					"rotationOrigin": [ 0.0, 0.0, 0.0 ],
					"rotationX": -22.5,
					"rotationY": -45.0,
					"rotationZ": -22.5,
					"faces": {
						"north": { "texture": "#white", "uv": [ 10.5, 2.0, 11.0, 2.5 ], "windMode": [-1,-1,-1,-1] },
						"east": { "texture": "#white", "uv": [ 11.0, 2.0, 11.5, 2.5 ], "windMode": [-1,-1,-1,-1] },
						"south": { "texture": "#white", "uv": [ 11.5, 2.0, 12.0, 2.5 ], "windMode": [-1,-1,-1,-1] },
						"west": { "texture": "#white", "uv": [ 12.0, 2.0, 12.5, 2.5 ], "windMode": [-1,-1,-1,-1] },
						"up": { "texture": "#white", "uv": [ 10.5, 1.5, 11.0, 2.0 ], "windMode": [-1,-1,-1,-1] }
					}
				}
			]
		},
		{
			"name": "Borsten22",
			"from": [ 8.5456, 1.0, 7.1615 ],
			"to": [ 8.6456, 1.7, 7.2615 ],
			"uv": [ 6.5, 2.5 ],
			"rotationOrigin": [ 8.5456, 1.0, 7.1615 ],
			"rotationX": 30.3612,
			"rotationY": 40.7895,
			"rotationZ": -20.941,
			"faces": {
				"north": { "texture": "#white", "uv": [ 6.5, 3.0, 7.0, 3.5 ] },
				"east": { "texture": "#white", "uv": [ 7.0, 3.0, 7.5, 3.5 ], "windMode": [-1,-1,-1,-1] },
				"south": { "texture": "#white", "uv": [ 7.5, 3.0, 8.0, 3.5 ], "windMode": [-1,-1,-1,-1] },
				"west": { "texture": "#white", "uv": [ 8.0, 3.0, 8.5, 3.5 ], "windMode": [-1,-1,-1,-1] },
				"up": { "texture": "#white", "uv": [ 6.5, 2.5, 7.0, 3.0 ], "windMode": [-1,-1,-1,-1] }
			},
			"children": [
				{
					"name": "Borsten23",
					"from": [ 0.0, 0.0, 0.0 ],
					"to": [ 0.1, 0.7, 0.1 ],
					"uv": [ 10.0, 5.0 ],
					"rotationOrigin": [ 0.0, 0.0, 0.0 ],
					"rotationX": -22.5,
					"faces": {
						"north": { "texture": "#white", "uv": [ 10.0, 5.5, 10.5, 6.0 ], "windMode": [-1,-1,-1,-1] },
						"east": { "texture": "#white", "uv": [ 10.5, 5.5, 11.0, 6.0 ], "windMode": [-1,-1,-1,-1] },
						"south": { "texture": "#white", "uv": [ 11.0, 5.5, 11.5, 6.0 ], "windMode": [-1,-1,-1,-1] },
						"west": { "texture": "#white", "uv": [ 11.5, 5.5, 12.0, 6.0 ], "windMode": [-1,-1,-1,-1] },
						"up": { "texture": "#white", "uv": [ 10.0, 5.0, 10.5, 5.5 ] }
					}
				},
				{
					"name": "Borsten24",
					"from": [ 0.0, 0.0, 0.0 ],
					"to": [ 0.1, 0.7, 0.1 ],
					"uv": [ 12.5, 9.0 ],
					"rotationOrigin": [ 0.0, 0.0, 0.0 ],
					"rotationX": -22.5,
					"rotationY": -22.5,
					"rotationZ": 22.5,
					"faces": {
						"north": { "texture": "#white", "uv": [ 12.5, 9.5, 13.0, 10.0 ], "windMode": [-1,-1,-1,-1] },
						"east": { "texture": "#white", "uv": [ 13.0, 9.5, 13.5, 10.0 ], "windMode": [-1,-1,-1,-1] },
						"south": { "texture": "#white", "uv": [ 13.5, 9.5, 14.0, 10.0 ] },
						"west": { "texture": "#white", "uv": [ 14.0, 9.5, 14.5, 10.0 ], "windMode": [-1,-1,-1,-1] },
						"up": { "texture": "#white", "uv": [ 12.5, 9.0, 13.0, 9.5 ], "windMode": [-1,-1,-1,-1] }
					}
				},
				{
					"name": "Borsten25",
					"from": [ 0.0, 0.0, 0.0 ],
					"to": [ 0.1, 0.7, 0.1 ],
					"uv": [ 3.0, 7.0 ],
					"rotationOrigin": [ 0.0, 0.0, 0.0 ],
					"rotationX": -46.6487,
					"rotationY": -20.7048,
					"rotationZ": -9.0072,
					"faces": {
						"north": { "texture": "#white", "uv": [ 3.0, 7.5, 3.5, 8.0 ], "windMode": [-1,-1,-1,-1] },
						"east": { "texture": "#white", "uv": [ 3.5, 7.5, 4.0, 8.0 ], "windMode": [-1,-1,-1,-1] },
						"south": { "texture": "#white", "uv": [ 4.0, 7.5, 4.5, 8.0 ], "windMode": [-1,-1,-1,-1] },
						"west": { "texture": "#white", "uv": [ 4.5, 7.5, 5.0, 8.0 ] },
						"up": { "texture": "#white", "uv": [ 3.0, 7.0, 3.5, 7.5 ], "windMode": [-1,-1,-1,-1] }
					}
				},
				{
					"name": "Borsten26",
					"from": [ 0.0, 0.0, 0.0 ],
					"to": [ 0.1, 0.7, 0.1 ],
					"uv": [ 9.0, 8.5 ],
					"rotationOrigin": [ 0.0, 0.0, 0.0 ],
					"rotationX": -51.3368,
					"rotationY": -42.8588,
					"rotationZ": 10.9758,
					"faces": {
						"north": { "texture": "#white", "uv": [ 9.0, 9.0, 9.5, 9.5 ], "windMode": [-1,-1,-1,-1] },
						"east": { "texture": "#white", "uv": [ 9.5, 9.0, 10.0, 9.5 ], "windMode": [-1,-1,-1,-1] },
						"south": { "texture": "#white", "uv": [ 10.0, 9.0, 10.5, 9.5 ], "windMode": [-1,-1,-1,-1] },
						"west": { "texture": "#white", "uv": [ 10.5, 9.0, 11.0, 9.5 ], "windMode": [-1,-1,-1,-1] },
						"up": { "texture": "#white", "uv": [ 9.0, 8.5, 9.5, 9.0 ] }
					}
				},
				{
					"name": "Borsten27",
					"from": [ 0.0, 0.0, 0.0 ],
					"to": [ 0.1, 0.7, 0.1 ],
					"uv": [ 3.5, 5.0 ],
					"rotationOrigin": [ 0.0, 0.0, 0.0 ],
					"rotationX": -51.3368,
					"rotationY": -42.8588,
					"rotationZ": -34.0242,
					"faces": {
						"north": { "texture": "#white", "uv": [ 3.5, 5.5, 4.0, 6.0 ], "windMode": [-1,-1,-1,-1] },
						"east": { "texture": "#white", "uv": [ 4.0, 5.5, 4.5, 6.0 ], "windMode": [-1,-1,-1,-1] },
						"south": { "texture": "#white", "uv": [ 4.5, 5.5, 5.0, 6.0 ], "windMode": [-1,-1,-1,-1] },
						"west": { "texture": "#white", "uv": [ 5.0, 5.5, 5.5, 6.0 ], "windMode": [-1,-1,-1,-1] },
						"up": { "texture": "#white", "uv": [ 3.5, 5.0, 4.0, 5.5 ] }
					}
				},
				{
					"name": "Borsten28",
					"from": [ 0.0, 0.0, 0.0 ],
					"to": [ 0.1, 0.7, 0.1 ],
					"uv": [ 10.5, 1.5 ],
					"rotationOrigin": [ 0.0, 0.0, 0.0 ],
					"rotationY": -22.5,
					"rotationZ": 22.5,
					"faces": {
						"north": { "texture": "#white", "uv": [ 10.5, 2.0, 11.0, 2.5 ], "windMode": [-1,-1,-1,-1] },
						"east": { "texture": "#white", "uv": [ 11.0, 2.0, 11.5, 2.5 ], "windMode": [-1,-1,-1,-1] },
						"south": { "texture": "#white", "uv": [ 11.5, 2.0, 12.0, 2.5 ], "windMode": [-1,-1,-1,-1] },
						"west": { "texture": "#white", "uv": [ 12.0, 2.0, 12.5, 2.5 ], "windMode": [-1,-1,-1,-1] },
						"up": { "texture": "#white", "uv": [ 10.5, 1.5, 11.0, 2.0 ], "windMode": [-1,-1,-1,-1] }
					}
				},
				{
					"name": "Borsten44",
					"from": [ 0.0, 0.0, 0.0 ],
					"to": [ 0.1, 0.7, 0.1 ],
					"uv": [ 10.5, 1.5 ],
					"rotationOrigin": [ 0.0, 0.0, 0.0 ],
					"rotationX": -22.5,
					"rotationY": -45.0,
					"rotationZ": -22.5,
					"faces": {
						"north": { "texture": "#white", "uv": [ 10.5, 2.0, 11.0, 2.5 ], "windMode": [-1,-1,-1,-1] },
						"east": { "texture": "#white", "uv": [ 11.0, 2.0, 11.5, 2.5 ], "windMode": [-1,-1,-1,-1] },
						"south": { "texture": "#white", "uv": [ 11.5, 2.0, 12.0, 2.5 ], "windMode": [-1,-1,-1,-1] },
						"west": { "texture": "#white", "uv": [ 12.0, 2.0, 12.5, 2.5 ], "windMode": [-1,-1,-1,-1] },
						"up": { "texture": "#white", "uv": [ 10.5, 1.5, 11.0, 2.0 ], "windMode": [-1,-1,-1,-1] }
					}
				}
			]
		},
		{
			"name": "Borsten29",
			"from": [ 7.6263, 1.0, 9.495 ],
			"to": [ 7.7263, 1.7, 9.595 ],
			"uv": [ 6.5, 2.5 ],
			"rotationOrigin": [ 7.6263, 1.0, 9.495 ],
			"rotationX": 30.3612,
			"rotationY": 40.7895,
			"rotationZ": -20.941,
			"faces": {
				"north": { "texture": "#white", "uv": [ 6.5, 3.0, 7.0, 3.5 ] },
				"east": { "texture": "#white", "uv": [ 7.0, 3.0, 7.5, 3.5 ], "windMode": [-1,-1,-1,-1] },
				"south": { "texture": "#white", "uv": [ 7.5, 3.0, 8.0, 3.5 ], "windMode": [-1,-1,-1,-1] },
				"west": { "texture": "#white", "uv": [ 8.0, 3.0, 8.5, 3.5 ], "windMode": [-1,-1,-1,-1] },
				"up": { "texture": "#white", "uv": [ 6.5, 2.5, 7.0, 3.0 ], "windMode": [-1,-1,-1,-1] }
			},
			"children": [
				{
					"name": "Borsten30",
					"from": [ 0.0, 0.0, 0.0 ],
					"to": [ 0.1, 0.7, 0.1 ],
					"uv": [ 10.0, 5.0 ],
					"rotationOrigin": [ 0.0, 0.0, 0.0 ],
					"rotationX": -22.5,
					"faces": {
						"north": { "texture": "#white", "uv": [ 10.0, 5.5, 10.5, 6.0 ], "windMode": [-1,-1,-1,-1] },
						"east": { "texture": "#white", "uv": [ 10.5, 5.5, 11.0, 6.0 ], "windMode": [-1,-1,-1,-1] },
						"south": { "texture": "#white", "uv": [ 11.0, 5.5, 11.5, 6.0 ], "windMode": [-1,-1,-1,-1] },
						"west": { "texture": "#white", "uv": [ 11.5, 5.5, 12.0, 6.0 ], "windMode": [-1,-1,-1,-1] },
						"up": { "texture": "#white", "uv": [ 10.0, 5.0, 10.5, 5.5 ] }
					}
				},
				{
					"name": "Borsten31",
					"from": [ 0.0, 0.0, 0.0 ],
					"to": [ 0.1, 0.7, 0.1 ],
					"uv": [ 12.5, 9.0 ],
					"rotationOrigin": [ 0.0, 0.0, 0.0 ],
					"rotationX": -22.5,
					"rotationY": -22.5,
					"rotationZ": 22.5,
					"faces": {
						"north": { "texture": "#white", "uv": [ 12.5, 9.5, 13.0, 10.0 ], "windMode": [-1,-1,-1,-1] },
						"east": { "texture": "#white", "uv": [ 13.0, 9.5, 13.5, 10.0 ], "windMode": [-1,-1,-1,-1] },
						"south": { "texture": "#white", "uv": [ 13.5, 9.5, 14.0, 10.0 ] },
						"west": { "texture": "#white", "uv": [ 14.0, 9.5, 14.5, 10.0 ], "windMode": [-1,-1,-1,-1] },
						"up": { "texture": "#white", "uv": [ 12.5, 9.0, 13.0, 9.5 ], "windMode": [-1,-1,-1,-1] }
					}
				},
				{
					"name": "Borsten32",
					"from": [ 0.0, 0.0, 0.0 ],
					"to": [ 0.1, 0.7, 0.1 ],
					"uv": [ 3.0, 7.0 ],
					"rotationOrigin": [ 0.0, 0.0, 0.0 ],
					"rotationX": -46.6487,
					"rotationY": -20.7048,
					"rotationZ": -9.0072,
					"faces": {
						"north": { "texture": "#white", "uv": [ 3.0, 7.5, 3.5, 8.0 ], "windMode": [-1,-1,-1,-1] },
						"east": { "texture": "#white", "uv": [ 3.5, 7.5, 4.0, 8.0 ], "windMode": [-1,-1,-1,-1] },
						"south": { "texture": "#white", "uv": [ 4.0, 7.5, 4.5, 8.0 ], "windMode": [-1,-1,-1,-1] },
						"west": { "texture": "#white", "uv": [ 4.5, 7.5, 5.0, 8.0 ] },
						"up": { "texture": "#white", "uv": [ 3.0, 7.0, 3.5, 7.5 ], "windMode": [-1,-1,-1,-1] }
					}
				},
				{
					"name": "Borsten33",
					"from": [ 0.0, 0.0, 0.0 ],
					"to": [ 0.1, 0.7, 0.1 ],
					"uv": [ 9.0, 8.5 ],
					"rotationOrigin": [ 0.0, 0.0, 0.0 ],
					"rotationX": -51.3368,
					"rotationY": -42.8588,
					"rotationZ": 10.9758,
					"faces": {
						"north": { "texture": "#white", "uv": [ 9.0, 9.0, 9.5, 9.5 ], "windMode": [-1,-1,-1,-1] },
						"east": { "texture": "#white", "uv": [ 9.5, 9.0, 10.0, 9.5 ], "windMode": [-1,-1,-1,-1] },
						"south": { "texture": "#white", "uv": [ 10.0, 9.0, 10.5, 9.5 ], "windMode": [-1,-1,-1,-1] },
						"west": { "texture": "#white", "uv": [ 10.5, 9.0, 11.0, 9.5 ], "windMode": [-1,-1,-1,-1] },
						"up": { "texture": "#white", "uv": [ 9.0, 8.5, 9.5, 9.0 ] }
					}
				},
				{
					"name": "Borsten34",
					"from": [ 0.0, 0.0, 0.0 ],
					"to": [ 0.1, 0.7, 0.1 ],
					"uv": [ 3.5, 5.0 ],
					"rotationOrigin": [ 0.0, 0.0, 0.0 ],
					"rotationX": -51.3368,
					"rotationY": -42.8588,
					"rotationZ": -34.0242,
					"faces": {
						"north": { "texture": "#white", "uv": [ 3.5, 5.5, 4.0, 6.0 ], "windMode": [-1,-1,-1,-1] },
						"east": { "texture": "#white", "uv": [ 4.0, 5.5, 4.5, 6.0 ], "windMode": [-1,-1,-1,-1] },
						"south": { "texture": "#white", "uv": [ 4.5, 5.5, 5.0, 6.0 ], "windMode": [-1,-1,-1,-1] },
						"west": { "texture": "#white", "uv": [ 5.0, 5.5, 5.5, 6.0 ], "windMode": [-1,-1,-1,-1] },
						"up": { "texture": "#white", "uv": [ 3.5, 5.0, 4.0, 5.5 ] }
					}
				},
				{
					"name": "Borsten35",
					"from": [ 0.0, 0.0, 0.0 ],
					"to": [ 0.1, 0.7, 0.1 ],
					"uv": [ 10.5, 1.5 ],
					"rotationOrigin": [ 0.0, 0.0, 0.0 ],
					"rotationY": -22.5,
					"rotationZ": 22.5,
					"faces": {
						"north": { "texture": "#white", "uv": [ 10.5, 2.0, 11.0, 2.5 ], "windMode": [-1,-1,-1,-1] },
						"east": { "texture": "#white", "uv": [ 11.0, 2.0, 11.5, 2.5 ], "windMode": [-1,-1,-1,-1] },
						"south": { "texture": "#white", "uv": [ 11.5, 2.0, 12.0, 2.5 ], "windMode": [-1,-1,-1,-1] },
						"west": { "texture": "#white", "uv": [ 12.0, 2.0, 12.5, 2.5 ], "windMode": [-1,-1,-1,-1] },
						"up": { "texture": "#white", "uv": [ 10.5, 1.5, 11.0, 2.0 ], "windMode": [-1,-1,-1,-1] }
					}
				},
				{
					"name": "Borsten45",
					"from": [ 0.0, 0.0, 0.0 ],
					"to": [ 0.1, 0.7, 0.1 ],
					"uv": [ 10.5, 1.5 ],
					"rotationOrigin": [ 0.0, 0.0, 0.0 ],
					"rotationX": -22.5,
					"rotationY": -45.0,
					"rotationZ": -22.5,
					"faces": {
						"north": { "texture": "#white", "uv": [ 10.5, 2.0, 11.0, 2.5 ], "windMode": [-1,-1,-1,-1] },
						"east": { "texture": "#white", "uv": [ 11.0, 2.0, 11.5, 2.5 ], "windMode": [-1,-1,-1,-1] },
						"south": { "texture": "#white", "uv": [ 11.5, 2.0, 12.0, 2.5 ], "windMode": [-1,-1,-1,-1] },
						"west": { "texture": "#white", "uv": [ 12.0, 2.0, 12.5, 2.5 ], "windMode": [-1,-1,-1,-1] },
						"up": { "texture": "#white", "uv": [ 10.5, 1.5, 11.0, 2.0 ], "windMode": [-1,-1,-1,-1] }
					}
				}
			]
		},
		{
			"name": "Borsten36",
			"from": [ 8.5456, 1.0, 8.5757 ],
			"to": [ 8.6456, 1.7, 8.6757 ],
			"uv": [ 6.5, 2.5 ],
			"rotationOrigin": [ 8.5456, 1.0, 8.5757 ],
			"rotationX": 30.3612,
			"rotationY": 40.7895,
			"rotationZ": -20.941,
			"faces": {
				"north": { "texture": "#white", "uv": [ 6.5, 3.0, 7.0, 3.5 ] },
				"east": { "texture": "#white", "uv": [ 7.0, 3.0, 7.5, 3.5 ], "windMode": [-1,-1,-1,-1] },
				"south": { "texture": "#white", "uv": [ 7.5, 3.0, 8.0, 3.5 ], "windMode": [-1,-1,-1,-1] },
				"west": { "texture": "#white", "uv": [ 8.0, 3.0, 8.5, 3.5 ], "windMode": [-1,-1,-1,-1] },
				"up": { "texture": "#white", "uv": [ 6.5, 2.5, 7.0, 3.0 ], "windMode": [-1,-1,-1,-1] }
			},
			"children": [
				{
					"name": "Borsten37",
					"from": [ 0.0, 0.0, 0.0 ],
					"to": [ 0.1, 0.7, 0.1 ],
					"uv": [ 10.0, 5.0 ],
					"rotationOrigin": [ 0.0, 0.0, 0.0 ],
					"rotationX": -22.5,
					"faces": {
						"north": { "texture": "#white", "uv": [ 10.0, 5.5, 10.5, 6.0 ], "windMode": [-1,-1,-1,-1] },
						"east": { "texture": "#white", "uv": [ 10.5, 5.5, 11.0, 6.0 ], "windMode": [-1,-1,-1,-1] },
						"south": { "texture": "#white", "uv": [ 11.0, 5.5, 11.5, 6.0 ], "windMode": [-1,-1,-1,-1] },
						"west": { "texture": "#white", "uv": [ 11.5, 5.5, 12.0, 6.0 ], "windMode": [-1,-1,-1,-1] },
						"up": { "texture": "#white", "uv": [ 10.0, 5.0, 10.5, 5.5 ] }
					}
				},
				{
					"name": "Borsten38",
					"from": [ 0.0, 0.0, 0.0 ],
					"to": [ 0.1, 0.7, 0.1 ],
					"uv": [ 12.5, 9.0 ],
					"rotationOrigin": [ 0.0, 0.0, 0.0 ],
					"rotationX": -22.5,
					"rotationY": -22.5,
					"rotationZ": 22.5,
					"faces": {
						"north": { "texture": "#white", "uv": [ 12.5, 9.5, 13.0, 10.0 ], "windMode": [-1,-1,-1,-1] },
						"east": { "texture": "#white", "uv": [ 13.0, 9.5, 13.5, 10.0 ], "windMode": [-1,-1,-1,-1] },
						"south": { "texture": "#white", "uv": [ 13.5, 9.5, 14.0, 10.0 ] },
						"west": { "texture": "#white", "uv": [ 14.0, 9.5, 14.5, 10.0 ], "windMode": [-1,-1,-1,-1] },
						"up": { "texture": "#white", "uv": [ 12.5, 9.0, 13.0, 9.5 ], "windMode": [-1,-1,-1,-1] }
					}
				},
				{
					"name": "Borsten39",
					"from": [ 0.0, 0.0, 0.0 ],
					"to": [ 0.1, 0.7, 0.1 ],
					"uv": [ 3.0, 7.0 ],
					"rotationOrigin": [ 0.0, 0.0, 0.0 ],
					"rotationX": -46.6487,
					"rotationY": -20.7048,
					"rotationZ": -9.0072,
					"faces": {
						"north": { "texture": "#white", "uv": [ 3.0, 7.5, 3.5, 8.0 ], "windMode": [-1,-1,-1,-1] },
						"east": { "texture": "#white", "uv": [ 3.5, 7.5, 4.0, 8.0 ], "windMode": [-1,-1,-1,-1] },
						"south": { "texture": "#white", "uv": [ 4.0, 7.5, 4.5, 8.0 ], "windMode": [-1,-1,-1,-1] },
						"west": { "texture": "#white", "uv": [ 4.5, 7.5, 5.0, 8.0 ] },
						"up": { "texture": "#white", "uv": [ 3.0, 7.0, 3.5, 7.5 ], "windMode": [-1,-1,-1,-1] }
					}
				},
				{
					"name": "Borsten40",
					"from": [ 0.0, 0.0, 0.0 ],
					"to": [ 0.1, 0.7, 0.1 ],
					"uv": [ 9.0, 8.5 ],
					"rotationOrigin": [ 0.0, 0.0, 0.0 ],
					"rotationX": -51.3368,
					"rotationY": -42.8588,
					"rotationZ": 10.9758,
					"faces": {
						"north": { "texture": "#white", "uv": [ 9.0, 9.0, 9.5, 9.5 ], "windMode": [-1,-1,-1,-1] },
						"east": { "texture": "#white", "uv": [ 9.5, 9.0, 10.0, 9.5 ], "windMode": [-1,-1,-1,-1] },
						"south": { "texture": "#white", "uv": [ 10.0, 9.0, 10.5, 9.5 ], "windMode": [-1,-1,-1,-1] },
						"west": { "texture": "#white", "uv": [ 10.5, 9.0, 11.0, 9.5 ], "windMode": [-1,-1,-1,-1] },
						"up": { "texture": "#white", "uv": [ 9.0, 8.5, 9.5, 9.0 ] }
					}
				},
				{
					"name": "Borsten46",
					"from": [ 0.0, 0.0, 0.0 ],
					"to": [ 0.1, 0.7, 0.1 ],
					"uv": [ 3.5, 5.0 ],
					"rotationOrigin": [ 0.0, 0.0, 0.0 ],
					"rotationX": -51.3368,
					"rotationY": -42.8588,
					"rotationZ": -34.0242,
					"faces": {
						"north": { "texture": "#white", "uv": [ 3.5, 5.5, 4.0, 6.0 ], "windMode": [-1,-1,-1,-1] },
						"east": { "texture": "#white", "uv": [ 4.0, 5.5, 4.5, 6.0 ], "windMode": [-1,-1,-1,-1] },
						"south": { "texture": "#white", "uv": [ 4.5, 5.5, 5.0, 6.0 ], "windMode": [-1,-1,-1,-1] },
						"west": { "texture": "#white", "uv": [ 5.0, 5.5, 5.5, 6.0 ], "windMode": [-1,-1,-1,-1] },
						"up": { "texture": "#white", "uv": [ 3.5, 5.0, 4.0, 5.5 ] }
					}
				},
				{
					"name": "Borsten47",
					"from": [ 0.0, 0.0, 0.0 ],
					"to": [ 0.1, 0.7, 0.1 ],
					"uv": [ 10.5, 1.5 ],
					"rotationOrigin": [ 0.0, 0.0, 0.0 ],
					"rotationY": -22.5,
					"rotationZ": 22.5,
					"faces": {
						"north": { "texture": "#white", "uv": [ 10.5, 2.0, 11.0, 2.5 ], "windMode": [-1,-1,-1,-1] },
						"east": { "texture": "#white", "uv": [ 11.0, 2.0, 11.5, 2.5 ], "windMode": [-1,-1,-1,-1] },
						"south": { "texture": "#white", "uv": [ 11.5, 2.0, 12.0, 2.5 ], "windMode": [-1,-1,-1,-1] },
						"west": { "texture": "#white", "uv": [ 12.0, 2.0, 12.5, 2.5 ], "windMode": [-1,-1,-1,-1] },
						"up": { "texture": "#white", "uv": [ 10.5, 1.5, 11.0, 2.0 ], "windMode": [-1,-1,-1,-1] }
					}
				},
				{
					"name": "Borsten48",
					"from": [ 0.0, 0.0, 0.0 ],
					"to": [ 0.1, 0.7, 0.1 ],
					"uv": [ 10.5, 1.5 ],
					"rotationOrigin": [ 0.0, 0.0, 0.0 ],
					"rotationX": -22.5,
					"rotationY": -45.0,
					"rotationZ": -22.5,
					"faces": {
						"north": { "texture": "#white", "uv": [ 10.5, 2.0, 11.0, 2.5 ], "windMode": [-1,-1,-1,-1] },
						"east": { "texture": "#white", "uv": [ 11.0, 2.0, 11.5, 2.5 ], "windMode": [-1,-1,-1,-1] },
						"south": { "texture": "#white", "uv": [ 11.5, 2.0, 12.0, 2.5 ], "windMode": [-1,-1,-1,-1] },
						"west": { "texture": "#white", "uv": [ 12.0, 2.0, 12.5, 2.5 ], "windMode": [-1,-1,-1,-1] },
						"up": { "texture": "#white", "uv": [ 10.5, 1.5, 11.0, 2.0 ], "windMode": [-1,-1,-1,-1] }
					}
				}
			]
		}
	]}