{
	"editor": {
		"allAngles": false,
		"entityTextureMode": true
	},
	"textureWidth": 16,
	"textureHeight": 16,
	"textureSizes": {
	},
	"textures": {
		"bauxite": "game:item/resource/crushed/bauxite"
	},
	"elements": [
		{
			"name": "Cube2",
			"from": [ 7.5, 0.0, 7.5 ],
			"to": [ 8.5, 1.0, 8.5 ],
			"uv": [ 5.0, 7.5 ],
			"rotationOrigin": [ 7.0, 0.0, 7.5 ],
			"faces": {
				"north": { "texture": "#bauxite", "uv": [ 5.0, 8.5, 6.0, 9.5 ], "windMode": [-1,-1,-1,-1] },
				"east": { "texture": "#bauxite", "uv": [ 6.0, 8.5, 7.0, 9.5 ], "windMode": [-1,-1,-1,-1] },
				"south": { "texture": "#bauxite", "uv": [ 7.0, 8.5, 8.0, 9.5 ], "windMode": [-1,-1,-1,-1] },
				"west": { "texture": "#bauxite", "uv": [ 8.0, 8.5, 9.0, 9.5 ], "windMode": [-1,-1,-1,-1] },
				"up": { "texture": "#bauxite", "uv": [ 5.0, 7.5, 6.0, 8.5 ], "windMode": [-1,-1,-1,-1] },
				"down": { "texture": "#bauxite", "uv": [ 6.0, 7.5, 7.0, 8.5 ], "windMode": [-1,-1,-1,-1] }
			}
		}
	]}