{
	"editor": {
		"allAngles": false,
		"entityTextureMode": false
	},
	"textureWidth": 16,
	"textureHeight": 16,
	"textureSizes": {
	},
	"textures": {
		"flint": "game:block/stone/flint"
	},
	"elements": [
		{
			"name": "Cube2",
			"from": [ 5.5, 0.0, 5.0 ],
			"to": [ 10.5, 1.0, 6.0 ],
			"rotationOrigin": [ 5.0, 0.0, 5.0 ],
			"faces": {
				"north": { "texture": "#flint", "uv": [ 0.0, 0.0, 5.0, 1.0 ] },
				"east": { "texture": "#flint", "uv": [ 0.0, 0.0, 1.0, 1.0 ], "windMode": [-1,-1,-1,-1] },
				"south": { "texture": "#flint", "uv": [ 0.0, 0.0, 5.0, 1.0 ], "windMode": [-1,-1,-1,-1] },
				"west": { "texture": "#flint", "uv": [ 0.0, 0.0, 1.0, 1.0 ], "windMode": [-1,-1,-1,-1] },
				"up": { "texture": "#flint", "uv": [ 0.0, 0.0, 5.0, 1.0 ], "windMode": [-1,-1,-1,-1] },
				"down": { "texture": "#flint", "uv": [ 0.0, 0.0, 5.0, 1.0 ], "windMode": [-1,-1,-1,-1] }
			},
			"children": [
				{
					"name": "Cube3",
					"from": [ -1.0, 0.0, 1.0 ],
					"to": [ 1.0, 1.0, 2.0 ],
					"rotationOrigin": [ -1.0, 0.0, 1.0 ],
					"faces": {
						"north": { "texture": "#flint", "uv": [ 0.0, 0.0, 2.0, 1.0 ] },
						"east": { "texture": "#flint", "uv": [ 0.0, 0.0, 1.0, 1.0 ], "windMode": [-1,-1,-1,-1] },
						"south": { "texture": "#flint", "uv": [ 0.0, 0.0, 2.0, 1.0 ], "windMode": [-1,-1,-1,-1] },
						"west": { "texture": "#flint", "uv": [ 0.0, 0.0, 1.0, 1.0 ], "windMode": [-1,-1,-1,-1] },
						"up": { "texture": "#flint", "uv": [ 0.0, 0.0, 2.0, 1.0 ], "windMode": [-1,-1,-1,-1] },
						"down": { "texture": "#flint", "uv": [ 0.0, 0.0, 2.0, 1.0 ], "windMode": [-1,-1,-1,-1] }
					}
				},
				{
					"name": "Cube5",
					"from": [ -2.0, 0.0, 2.0 ],
					"to": [ 0.0, 1.0, 4.0 ],
					"rotationOrigin": [ -2.0, 0.0, 2.0 ],
					"faces": {
						"north": { "texture": "#flint", "uv": [ 0.0, 0.0, 2.0, 1.0 ] },
						"east": { "texture": "#flint", "uv": [ 0.0, 0.0, 2.0, 1.0 ], "windMode": [-1,-1,-1,-1] },
						"south": { "texture": "#flint", "uv": [ 0.0, 0.0, 2.0, 1.0 ], "windMode": [-1,-1,-1,-1] },
						"west": { "texture": "#flint", "uv": [ 0.0, 0.0, 2.0, 1.0 ], "windMode": [-1,-1,-1,-1] },
						"up": { "texture": "#flint", "uv": [ 0.0, 0.0, 2.0, 2.0 ], "windMode": [-1,-1,-1,-1] },
						"down": { "texture": "#flint", "uv": [ 0.0, 0.0, 2.0, 2.0 ], "windMode": [-1,-1,-1,-1] }
					}
				},
				{
					"name": "Cube4",
					"from": [ 4.0, 0.0, 1.0 ],
					"to": [ 6.0, 1.0, 2.0 ],
					"rotationOrigin": [ 4.0, 0.0, 1.0 ],
					"faces": {
						"north": { "texture": "#flint", "uv": [ 0.0, 0.0, 2.0, 1.0 ] },
						"east": { "texture": "#flint", "uv": [ 0.0, 0.0, 1.0, 1.0 ], "windMode": [-1,-1,-1,-1] },
						"south": { "texture": "#flint", "uv": [ 0.0, 0.0, 2.0, 1.0 ], "windMode": [-1,-1,-1,-1] },
						"west": { "texture": "#flint", "uv": [ 0.0, 0.0, 1.0, 1.0 ], "windMode": [-1,-1,-1,-1] },
						"up": { "texture": "#flint", "uv": [ 0.0, 0.0, 2.0, 1.0 ], "windMode": [-1,-1,-1,-1] },
						"down": { "texture": "#flint", "uv": [ 0.0, 0.0, 2.0, 1.0 ], "windMode": [-1,-1,-1,-1] }
					}
				},
				{
					"name": "Cube6",
					"from": [ 5.0, 0.0, 2.0 ],
					"to": [ 7.0, 1.0, 4.0 ],
					"rotationOrigin": [ 5.0, 0.0, 2.0 ],
					"faces": {
						"north": { "texture": "#flint", "uv": [ 0.0, 0.0, 2.0, 1.0 ] },
						"east": { "texture": "#flint", "uv": [ 0.0, 0.0, 2.0, 1.0 ], "windMode": [-1,-1,-1,-1] },
						"south": { "texture": "#flint", "uv": [ 0.0, 0.0, 2.0, 1.0 ], "windMode": [-1,-1,-1,-1] },
						"west": { "texture": "#flint", "uv": [ 0.0, 0.0, 2.0, 1.0 ], "windMode": [-1,-1,-1,-1] },
						"up": { "texture": "#flint", "uv": [ 0.0, 0.0, 2.0, 2.0 ], "windMode": [-1,-1,-1,-1] },
						"down": { "texture": "#flint", "uv": [ 0.0, 0.0, 2.0, 2.0 ], "windMode": [-1,-1,-1,-1] }
					}
				},
				{
					"name": "Cube7",
					"from": [ 4.0, 0.0, 4.0 ],
					"to": [ 6.0, 1.0, 5.0 ],
					"rotationOrigin": [ 4.0, 0.0, 4.0 ],
					"faces": {
						"north": { "texture": "#flint", "uv": [ 0.0, 0.0, 2.0, 1.0 ] },
						"east": { "texture": "#flint", "uv": [ 0.0, 0.0, 1.0, 1.0 ], "windMode": [-1,-1,-1,-1] },
						"south": { "texture": "#flint", "uv": [ 0.0, 0.0, 2.0, 1.0 ], "windMode": [-1,-1,-1,-1] },
						"west": { "texture": "#flint", "uv": [ 0.0, 0.0, 1.0, 1.0 ], "windMode": [-1,-1,-1,-1] },
						"up": { "texture": "#flint", "uv": [ 0.0, 0.0, 2.0, 1.0 ], "windMode": [-1,-1,-1,-1] },
						"down": { "texture": "#flint", "uv": [ 0.0, 0.0, 2.0, 1.0 ], "windMode": [-1,-1,-1,-1] }
					}
				},
				{
					"name": "Cube8",
					"from": [ -1.0, 0.0, 4.0 ],
					"to": [ 1.0, 1.0, 5.0 ],
					"rotationOrigin": [ -1.0, 0.0, 4.0 ],
					"faces": {
						"north": { "texture": "#flint", "uv": [ 0.0, 0.0, 2.0, 1.0 ] },
						"east": { "texture": "#flint", "uv": [ 0.0, 0.0, 1.0, 1.0 ], "windMode": [-1,-1,-1,-1] },
						"south": { "texture": "#flint", "uv": [ 0.0, 0.0, 2.0, 1.0 ], "windMode": [-1,-1,-1,-1] },
						"west": { "texture": "#flint", "uv": [ 0.0, 0.0, 1.0, 1.0 ], "windMode": [-1,-1,-1,-1] },
						"up": { "texture": "#flint", "uv": [ 0.0, 0.0, 2.0, 1.0 ], "windMode": [-1,-1,-1,-1] },
						"down": { "texture": "#flint", "uv": [ 0.0, 0.0, 2.0, 1.0 ], "windMode": [-1,-1,-1,-1] }
					}
				},
				{
					"name": "Cube9",
					"from": [ 0.0, 0.0, 5.0 ],
					"to": [ 5.0, 1.0, 6.0 ],
					"rotationOrigin": [ 0.0, 0.0, 5.0 ],
					"faces": {
						"north": { "texture": "#flint", "uv": [ 0.0, 0.0, 5.0, 1.0 ] },
						"east": { "texture": "#flint", "uv": [ 0.0, 0.0, 1.0, 1.0 ], "windMode": [-1,-1,-1,-1] },
						"south": { "texture": "#flint", "uv": [ 0.0, 0.0, 5.0, 1.0 ], "windMode": [-1,-1,-1,-1] },
						"west": { "texture": "#flint", "uv": [ 0.0, 0.0, 1.0, 1.0 ], "windMode": [-1,-1,-1,-1] },
						"up": { "texture": "#flint", "uv": [ 0.0, 0.0, 5.0, 1.0 ], "windMode": [-1,-1,-1,-1] },
						"down": { "texture": "#flint", "uv": [ 0.0, 0.0, 5.0, 1.0 ], "windMode": [-1,-1,-1,-1] }
					}
				}
			]
		}
	]}