{
	"editor": {
		"allAngles": false,
		"entityTextureMode": true
	},
	"textureWidth": 16,
	"textureHeight": 16,
	"textureSizes": {
	},
	"textures": {
		"beeswaxcrate": "game:item/resource/beeswaxcrate"
	},
	"elements": [
		{
			"name": "Cube2",
			"from": [ 7.5, 0.0, 7.5 ],
			"to": [ 8.5, 1.0, 8.5 ],
			"uv": [ 2.0, 5.0 ],
			"rotationOrigin": [ 7.0, 0.0, 7.5 ],
			"faces": {
				"north": { "texture": "#beeswaxcrate", "uv": [ 2.0, 6.0, 3.0, 7.0 ], "windMode": [-1,-1,-1,-1] },
				"east": { "texture": "#beeswaxcrate", "uv": [ 3.0, 6.0, 4.0, 7.0 ], "windMode": [-1,-1,-1,-1] },
				"south": { "texture": "#beeswaxcrate", "uv": [ 4.0, 6.0, 5.0, 7.0 ], "windMode": [-1,-1,-1,-1] },
				"west": { "texture": "#beeswaxcrate", "uv": [ 5.0, 6.0, 6.0, 7.0 ], "windMode": [-1,-1,-1,-1] },
				"up": { "texture": "#beeswaxcrate", "uv": [ 2.0, 5.0, 3.0, 6.0 ], "windMode": [-1,-1,-1,-1] },
				"down": { "texture": "#beeswaxcrate", "uv": [ 3.0, 5.0, 4.0, 6.0 ], "windMode": [-1,-1,-1,-1] }
			}
		}
	]}