{
	"editor": {
		"allAngles": false,
		"entityTextureMode": false
	},
	"textureWidth": 16,
	"textureHeight": 16,
	"textureSizes": {
	},
	"textures": {
		"base": "game:block/wood/debarked/oak"
	},
	"elements": [
		{
			"name": "base",
			"from": [ 0.0, -0.2, 0.0 ],
			"to": [ 16.0, 3.1, 16.0 ],
			"rotationOrigin": [ 0.3, 0.0, 0.0 ],
			"faces": {
				"north": { "texture": "#base", "uv": [ 0.0, 0.0, 16.0, 3.0 ], "autoUv": false },
				"east": { "texture": "#base", "uv": [ 0.0, 0.0, 16.0, 3.0 ] },
				"south": { "texture": "#base", "uv": [ 0.0, 0.0, 15.5, 3.0 ], "autoUv": false },
				"west": { "texture": "#base", "uv": [ 0.0, 0.0, 16.0, 3.0 ] },
				"up": { "texture": "#base", "uv": [ 0.0, 0.0, 16.0, 16.0 ], "rotation": 90, "autoUv": false },
				"down": { "texture": "#base", "uv": [ 0.0, 0.0, 16.0, 16.0 ], "rotation": 90, "autoUv": false }
			}
		},
		{
			"name": "side_w",
			"from": [ 0.0, 3.1, 0.0 ],
			"to": [ 3.1, 17.1, 3.0 ],
			"rotationOrigin": [ 0.3, 0.0, 0.0 ],
			"faces": {
				"north": { "texture": "#base", "uv": [ 13.0, 0.0, 16.0, 14.0 ] },
				"east": { "texture": "#base", "uv": [ 0.0, 0.0, 3.0, 14.0 ] },
				"south": { "texture": "#base", "uv": [ 13.0, 0.0, 16.0, 14.0 ] },
				"west": { "texture": "#base", "uv": [ 0.0, 0.0, 3.0, 14.0 ] },
				"up": { "texture": "#base", "uv": [ 0.0, 0.0, 3.0, 3.0 ], "rotation": 90 },
				"down": { "texture": "#base", "uv": [ 0.0, 0.0, 3.0, 3.0 ] }
			}
		},
		{
			"name": "side_e",
			"from": [ 12.9, 3.1, 0.0 ],
			"to": [ 16.0, 17.1, 3.0 ],
			"rotationOrigin": [ -0.3, 0.0, 0.0 ],
			"faces": {
				"north": { "texture": "#base", "uv": [ 0.0, 0.0, 3.0, 14.0 ] },
				"east": { "texture": "#base", "uv": [ 13.0, 0.0, 16.0, 14.0 ] },
				"south": { "texture": "#base", "uv": [ 0.0, 0.0, 3.0, 14.0 ] },
				"west": { "texture": "#base", "uv": [ 12.0, 0.0, 16.0, 13.0 ], "autoUv": false },
				"up": { "texture": "#base", "uv": [ 13.0, 0.0, 16.0, 3.0 ], "rotation": 90 },
				"down": { "texture": "#base", "uv": [ 0.0, 0.0, 3.0, 3.0 ] }
			}
		},
		{
			"name": "side_e2",
			"from": [ 12.9, 3.1, 13.0 ],
			"to": [ 16.0, 17.1, 16.0 ],
			"rotationOrigin": [ -0.3, 0.0, 13.0 ],
			"faces": {
				"north": { "texture": "#base", "uv": [ 13.0, 0.0, 16.0, 14.0 ] },
				"east": { "texture": "#base", "uv": [ 0.0, 0.0, 3.0, 14.0 ] },
				"south": { "texture": "#base", "uv": [ 13.0, 0.0, 16.0, 14.0 ] },
				"west": { "texture": "#base", "uv": [ 0.0, 0.0, 3.0, 14.0 ] },
				"up": { "texture": "#base", "uv": [ 13.0, 13.0, 16.0, 16.0 ], "rotation": 90 },
				"down": { "texture": "#base", "uv": [ 0.0, 0.0, 3.0, 3.0 ] }
			}
		},
		{
			"name": "side_w2",
			"from": [ 0.0, 3.1, 13.0 ],
			"to": [ 3.1, 17.1, 16.0 ],
			"rotationOrigin": [ 0.3, 0.0, 13.0 ],
			"faces": {
				"north": { "texture": "#base", "uv": [ 0.0, 0.0, 3.0, 14.0 ] },
				"east": { "texture": "#base", "uv": [ 13.0, 0.0, 16.0, 14.0 ] },
				"south": { "texture": "#base", "uv": [ 0.0, 0.0, 3.0, 14.0 ] },
				"west": { "texture": "#base", "uv": [ 13.0, 0.0, 16.0, 14.0 ] },
				"up": { "texture": "#base", "uv": [ 0.0, 13.0, 3.0, 16.0 ], "rotation": 90 },
				"down": { "texture": "#base", "uv": [ 0.0, 0.0, 3.0, 3.0 ] }
			}
		},
		{
			"name": "side_e3",
			"from": [ 12.9, 3.1, 6.0 ],
			"to": [ 16.0, 17.1, 10.0 ],
			"rotationOrigin": [ -0.3, 0.0, 6.0 ],
			"faces": {
				"north": { "texture": "#base", "uv": [ 13.0, 0.0, 16.0, 14.0 ] },
				"east": { "texture": "#base", "uv": [ 6.5, 0.0, 10.5, 14.0 ] },
				"south": { "texture": "#base", "uv": [ 13.0, 0.0, 16.0, 14.0 ] },
				"west": { "texture": "#base", "uv": [ 6.0, 0.0, 10.0, 13.0 ], "autoUv": false },
				"up": { "texture": "#base", "uv": [ 6.0, 0.0, 10.0, 3.0 ], "rotation": 90 },
				"down": { "texture": "#base", "uv": [ 0.0, 0.0, 3.0, 4.0 ] }
			}
		},
		{
			"name": "side_w3",
			"from": [ 0.0, 3.1, 6.0 ],
			"to": [ 3.1, 17.1, 10.0 ],
			"rotationOrigin": [ 0.3, 0.0, 6.0 ],
			"faces": {
				"north": { "texture": "#base", "uv": [ 0.0, 0.0, 3.0, 14.0 ] },
				"east": { "texture": "#base", "uv": [ 6.5, 0.0, 10.5, 14.0 ] },
				"south": { "texture": "#base", "uv": [ 0.0, 0.0, 3.0, 14.0 ] },
				"west": { "texture": "#base", "uv": [ 6.0, 0.0, 10.0, 14.0 ] },
				"up": { "texture": "#base", "uv": [ 6.0, 13.0, 10.0, 16.0 ], "rotation": 90 },
				"down": { "texture": "#base", "uv": [ 0.0, 0.0, 3.0, 4.0 ] }
			}
		}
	]}