{
	"code": "compassbase",
	"variantgroups": [
		{"code": "metal", "states": ["copper", "tinbronze", "bismuthbronze", "blackbronze", "brass", "silver", "gold", "molybdochalkos"]}
	],
	"creativeinventory": {"general": ["*"], "items": ["*"]},
	"maxstacksize": 16,
	"behaviors": [
		{
			"name": "GroundStorable",
			"properties": {
				"layout": "Quadrants",
				"collisionBox": {
					"x1": 0, "y1": 0, "z1": 0,
					"x2": 1, "y2": 0.2, "z2": 1
				}
			}
		}
	],
	"shape": {"base": "item/compass-precise", "quantityelements": 9},
	"textures": {"metal": {"base": "game:item/resource/plate/{metal}"}},
	"guiTransform": {
		"translation": {"x": 1.5, "y": 0, "z": 0},
		"rotation": {"x": -60, "y": -15, "z": -180},
		"origin": {"x": 0.5, "y": 0, "z": 0.45},
		"scaleXyz": {"x": -2.8, "y": 2.8, "z": 2.8}
	},
	"tpHandTransform": {
		"translation": {"x": -1, "y": 0.12, "z": -0.9},
		"rotation": {"x": -65, "y": -100, "z": 155},
		"origin": {"x": 0.5, "y": 0, "z": 0.5},
		"scale": 0.55
	},
	"tpOffHandTransform": {
		"translation": {"x": -1, "y": 0.12, "z": -0.95},
		"rotation": {"x": -150, "y": -100, "z": 65},
		"origin": {"x": 0.5, "y": 0, "z": 0.5},
		"scale": 0.55
	},
	"groundTransform": {
		"translation": {"x": 0, "y": 0, "z": 0},
		"rotation": {"x": 0, "y": 0, "z": 0},
		"origin": {"x": 0.5, "y": 0, "z": 0.5},
		"scale": 4.5
	}
}
