{
	"editor": {
		"allAngles": false,
		"entityTextureMode": false
	},
	"textureWidth": 4,
	"textureHeight": 8,
	"textureSizes": {
		"cactus": [4,8],
		"cactus1": [4,8],
		"cactus2": [4,8]
	},
	"textures": {
	},
	"elements": [
		{
			"name": "origin",
			"from": [ 8.0, 0.0, 8.0 ],
			"to": [ 8.0, 0.0, 8.0 ],
			"rotationOrigin": [ 8.0, 0.0, 8.0 ],
			"faces": {
			},
			"children": [
				{
					"name": "Cactus base 1",
					"from": [ 0.0, 0.0, 0.0 ],
					"to": [ 2.2, 3.0, 2.2 ],
					"faces": {
						"north": { "texture": "#cactus", "uv": [ 0.0, 5.0, 2.0, 8.0 ] },
						"east": { "texture": "#cactus", "uv": [ 2.0, 5.0, 4.0, 8.0 ], "windMode": [-1,-1,-1,-1] },
						"south": { "texture": "#cactus", "uv": [ 0.0, 5.0, 2.0, 8.0 ], "windMode": [-1,-1,-1,-1] },
						"west": { "texture": "#cactus", "uv": [ 2.0, 5.0, 4.0, 8.0 ], "windMode": [-1,-1,-1,-1] },
						"up": { "texture": "#cactus", "uv": [ 0.0, 0.0, 2.0, 2.0 ] }
					},
					"children": [
						{
							"name": "Cactus mid 1",
							"from": [ 0.05, 3.0, 0.05 ],
							"to": [ 2.15, 6.0, 2.15 ],
							"rotationOrigin": [ 1.05, 3.0, 1.05 ],
							"faces": {
								"north": { "texture": "#cactus", "uv": [ 2.0, 2.0, 4.0, 5.0 ] },
								"east": { "texture": "#cactus", "uv": [ 0.0, 2.0, 2.0, 5.0 ], "windMode": [-1,-1,-1,-1] },
								"south": { "texture": "#cactus", "uv": [ 2.0, 2.0, 4.0, 5.0 ], "windMode": [-1,-1,-1,-1] },
								"west": { "texture": "#cactus", "uv": [ 0.0, 0.0, 2.0, 3.0 ] },
								"up": { "texture": "#cactus", "uv": [ 0.0, 0.0, 2.0, 2.0 ], "windMode": [-1,-1,-1,-1] }
							},
							"children": [
								{
									"name": "Cactus top 1",
									"from": [ 0.05, 3.0, 0.05 ],
									"to": [ 2.05, 6.0, 2.05 ],
									"rotationOrigin": [ 1.0, 3.0, 1.0 ],
									"faces": {
										"north": { "texture": "#cactus", "uv": [ 0.0, 0.0, 2.0, 4.0 ], "windMode": [-1,-1,-1,-1] },
										"east": { "texture": "#cactus", "uv": [ 2.0, 0.0, 4.0, 3.0 ], "windMode": [-1,-1,-1,-1] },
										"south": { "texture": "#cactus", "uv": [ 0.0, 0.0, 2.0, 3.0 ], "windMode": [-1,-1,-1,-1] },
										"west": { "texture": "#cactus", "uv": [ 2.0, 0.0, 4.0, 3.0 ], "windMode": [-1,-1,-1,-1] },
										"up": { "texture": "#cactus", "uv": [ 0.0, 0.0, 2.0, 2.0 ] }
									}
								}
							]
						}
					]
				},
				{
					"name": "Cactus base 2",
					"from": [ 0.0, 0.0, 0.0 ],
					"to": [ 2.2, 3.0, 2.2 ],
					"rotationOrigin": [ 0.0, 0.0, 0.0 ],
					"rotationY": 67.5,
					"rotationZ": -22.5,
					"faces": {
						"north": { "texture": "#cactus", "uv": [ 0.0, 5.0, 2.0, 8.0 ] },
						"east": { "texture": "#cactus", "uv": [ 2.0, 5.0, 4.0, 8.0 ] },
						"south": { "texture": "#cactus", "uv": [ 0.0, 5.0, 2.0, 8.0 ] },
						"west": { "texture": "#cactus", "uv": [ 2.0, 5.0, 4.0, 8.0 ] },
						"up": { "texture": "#cactus", "uv": [ 0.0, 0.0, 2.0, 2.0 ] }
					},
					"children": [
						{
							"name": "Cactus mid 2",
							"from": [ 0.05, 2.5, 0.05 ],
							"to": [ 2.15, 6.5, 2.15 ],
							"rotationOrigin": [ 1.05, 2.5, 1.05 ],
							"rotationZ": 12.5,
							"faces": {
								"north": { "texture": "#cactus", "uv": [ 2.0, 2.0, 4.0, 6.0 ], "windMode": [-1,-1,-1,-1] },
								"east": { "texture": "#cactus", "uv": [ 0.0, 2.0, 2.0, 6.0 ] },
								"south": { "texture": "#cactus", "uv": [ 2.0, 2.0, 4.0, 6.0 ] },
								"west": { "texture": "#cactus", "uv": [ 0.0, 0.0, 2.0, 4.0 ] },
								"up": { "texture": "#cactus", "uv": [ 0.0, 0.0, 2.0, 2.0 ] }
							},
							"children": [
								{
									"name": "Cactus top 2",
									"from": [ 0.05, 3.7, 0.05 ],
									"to": [ 2.05, 5.7, 2.05 ],
									"rotationOrigin": [ 1.0, 3.7, 1.0 ],
									"rotationZ": 8.0,
									"faces": {
										"north": { "texture": "#cactus2", "uv": [ 0.0, 0.0, 2.0, 2.0 ] },
										"east": { "texture": "#cactus2", "uv": [ 2.0, 0.0, 4.0, 2.0 ] },
										"south": { "texture": "#cactus2", "uv": [ 0.0, 0.0, 2.0, 2.0 ] },
										"west": { "texture": "#cactus2", "uv": [ 2.0, 0.0, 4.0, 2.0 ] },
										"up": { "texture": "#cactus2", "uv": [ 0.0, 0.0, 2.0, 2.0 ] }
									}
								}
							]
						}
					]
				},
				{
					"name": "Cactus base 3",
					"from": [ -1.0, 0.0, -1.0 ],
					"to": [ 1.2, 2.0, 1.2 ],
					"rotationOrigin": [ -1.0, 0.0, -1.0 ],
					"rotationX": 12.5,
					"rotationY": -45.0,
					"faces": {
						"north": { "texture": "#cactus1", "uv": [ 0.0, 5.0, 2.0, 7.0 ] },
						"east": { "texture": "#cactus1", "uv": [ 2.0, 5.0, 4.0, 7.0 ] },
						"south": { "texture": "#cactus1", "uv": [ 0.0, 5.0, 2.0, 7.0 ] },
						"west": { "texture": "#cactus1", "uv": [ 2.0, 5.0, 4.0, 7.0 ] },
						"up": { "texture": "#cactus1", "uv": [ 0.0, 0.0, 2.0, 2.0 ] }
					},
					"children": [
						{
							"name": "Cactus mid 3",
							"from": [ 0.05, 1.8, 0.05 ],
							"to": [ 2.15, 4.8, 2.15 ],
							"rotationOrigin": [ 1.05, 1.8, 1.05 ],
							"rotationZ": 8.0,
							"faces": {
								"north": { "texture": "#cactus1", "uv": [ 2.0, 2.0, 4.0, 5.0 ] },
								"east": { "texture": "#cactus1", "uv": [ 0.0, 2.0, 2.0, 5.0 ] },
								"south": { "texture": "#cactus1", "uv": [ 2.0, 2.0, 4.0, 5.0 ] },
								"west": { "texture": "#cactus1", "uv": [ 0.0, 0.0, 2.0, 3.0 ] },
								"up": { "texture": "#cactus1", "uv": [ 0.0, 0.0, 2.0, 2.0 ] }
							},
							"children": [
								{
									"name": "Cactus top 3",
									"from": [ 0.05, 2.8, 0.05 ],
									"to": [ 2.05, 5.8, 2.05 ],
									"rotationOrigin": [ 1.0, 2.8, 1.0 ],
									"rotationZ": 5.0,
									"faces": {
										"north": { "texture": "#cactus1", "uv": [ 0.0, 0.0, 2.0, 3.0 ] },
										"east": { "texture": "#cactus1", "uv": [ 2.0, 0.0, 4.0, 3.0 ] },
										"south": { "texture": "#cactus1", "uv": [ 0.0, 0.0, 2.0, 3.0 ] },
										"west": { "texture": "#cactus1", "uv": [ 2.0, 0.0, 4.0, 3.0 ] },
										"up": { "texture": "#cactus1", "uv": [ 0.0, 0.0, 2.0, 2.0 ] }
									}
								}
							]
						}
					]
				},
				{
					"name": "Cactus base 4",
					"from": [ -2.0, -1.0, -2.0 ],
					"to": [ 0.2, 2.0, 0.2 ],
					"rotationOrigin": [ -2.0, -1.0, -2.0 ],
					"rotationX": -22.5,
					"rotationY": 15.0,
					"faces": {
						"north": { "texture": "#cactus1", "uv": [ 0.0, 5.0, 2.0, 8.0 ] },
						"east": { "texture": "#cactus1", "uv": [ 2.0, 5.0, 4.0, 8.0 ] },
						"south": { "texture": "#cactus1", "uv": [ 0.0, 5.0, 2.0, 8.0 ] },
						"west": { "texture": "#cactus1", "uv": [ 2.0, 5.0, 4.0, 8.0 ] },
						"up": { "texture": "#cactus1", "uv": [ 0.0, 0.0, 2.0, 2.0 ] }
					},
					"children": [
						{
							"name": "Cactus mid 4",
							"from": [ 0.05, 2.5, 0.05 ],
							"to": [ 2.15, 5.0, 2.15 ],
							"rotationOrigin": [ 1.05, 2.5, 1.05 ],
							"rotationX": 22.5,
							"rotationZ": 7.0,
							"faces": {
								"north": { "texture": "#cactus1", "uv": [ 2.0, 2.0, 4.0, 4.5 ] },
								"east": { "texture": "#cactus1", "uv": [ 0.0, 2.0, 2.0, 4.5 ] },
								"south": { "texture": "#cactus1", "uv": [ 2.0, 2.0, 4.0, 4.5 ] },
								"west": { "texture": "#cactus1", "uv": [ 0.0, 0.0, 2.0, 2.5 ] },
								"up": { "texture": "#cactus1", "uv": [ 0.0, 0.0, 2.0, 2.0 ] }
							},
							"children": [
								{
									"name": "Cactus top 4",
									"from": [ 0.05, 2.4, 0.05 ],
									"to": [ 2.05, 5.4, 2.05 ],
									"rotationOrigin": [ 1.0, 2.4, 1.0 ],
									"faces": {
										"north": { "texture": "#cactus1", "uv": [ 0.0, 0.0, 2.0, 3.0 ] },
										"east": { "texture": "#cactus1", "uv": [ 2.0, 0.0, 4.0, 3.0 ] },
										"south": { "texture": "#cactus1", "uv": [ 0.0, 0.0, 2.0, 3.0 ] },
										"west": { "texture": "#cactus1", "uv": [ 2.0, 0.0, 4.0, 3.0 ] },
										"up": { "texture": "#cactus1", "uv": [ 0.0, 0.0, 2.0, 2.0 ] }
									}
								}
							]
						}
					]
				},
				{
					"name": "Cactus base 5",
					"from": [ 2.0, 0.0, 0.0 ],
					"to": [ 4.2, 3.0, 2.2 ],
					"rotationOrigin": [ 2.0, 0.0, 0.0 ],
					"rotationX": 22.5,
					"rotationY": 45.0,
					"rotationZ": -22.5,
					"faces": {
						"north": { "texture": "#cactus1", "uv": [ 0.0, 5.0, 2.0, 8.0 ] },
						"east": { "texture": "#cactus1", "uv": [ 2.0, 5.0, 4.0, 8.0 ] },
						"south": { "texture": "#cactus1", "uv": [ 0.0, 5.0, 2.0, 8.0 ] },
						"west": { "texture": "#cactus1", "uv": [ 2.0, 5.0, 4.0, 8.0 ] },
						"up": { "texture": "#cactus1", "uv": [ 0.0, 0.0, 2.0, 2.0 ] }
					},
					"children": [
						{
							"name": "Cactus mid 5",
							"from": [ 0.05, 2.6, 0.05 ],
							"to": [ 2.15, 5.6, 2.15 ],
							"rotationOrigin": [ 1.05, 2.6, 1.05 ],
							"rotationX": -15.0,
							"rotationZ": 5.0,
							"faces": {
								"north": { "texture": "#cactus1", "uv": [ 2.0, 2.0, 4.0, 5.0 ] },
								"east": { "texture": "#cactus1", "uv": [ 0.0, 2.0, 2.0, 5.0 ] },
								"south": { "texture": "#cactus1", "uv": [ 2.0, 2.0, 4.0, 5.0 ] },
								"west": { "texture": "#cactus1", "uv": [ 0.0, 0.0, 2.0, 3.0 ] },
								"up": { "texture": "#cactus1", "uv": [ 0.0, 0.0, 2.0, 2.0 ] }
							},
							"children": [
								{
									"name": "Cactus top 5",
									"from": [ 0.05, 3.0, 0.05 ],
									"to": [ 2.05, 6.0, 2.05 ],
									"rotationOrigin": [ 1.0, 3.0, 1.0 ],
									"faces": {
										"north": { "texture": "#cactus1", "uv": [ 0.0, 0.0, 2.0, 3.0 ] },
										"east": { "texture": "#cactus1", "uv": [ 2.0, 0.0, 4.0, 3.0 ] },
										"south": { "texture": "#cactus1", "uv": [ 0.0, 0.0, 2.0, 3.0 ] },
										"west": { "texture": "#cactus1", "uv": [ 2.0, 0.0, 4.0, 3.0 ] },
										"up": { "texture": "#cactus1", "uv": [ 0.0, 0.0, 2.0, 2.0 ] }
									}
								}
							]
						}
					]
				},
				{
					"name": "Cactus base 6",
					"from": [ -1.0, -1.1, 3.0 ],
					"to": [ 1.2, 1.9, 5.2 ],
					"rotationOrigin": [ -1.0, -1.1, 3.0 ],
					"rotationY": 22.5,
					"rotationZ": 22.5,
					"faces": {
						"north": { "texture": "#cactus1", "uv": [ 0.0, 5.0, 2.0, 8.0 ] },
						"east": { "texture": "#cactus1", "uv": [ 2.0, 5.0, 4.0, 8.0 ] },
						"south": { "texture": "#cactus1", "uv": [ 0.0, 5.0, 2.0, 8.0 ] },
						"west": { "texture": "#cactus1", "uv": [ 2.0, 5.0, 4.0, 8.0 ] },
						"up": { "texture": "#cactus1", "uv": [ 0.0, 0.0, 2.0, 2.0 ] }
					},
					"children": [
						{
							"name": "Cactus mid 6",
							"from": [ 0.05, 2.5, 0.05 ],
							"to": [ 2.15, 5.5, 2.15 ],
							"rotationOrigin": [ 1.05, 2.5, 1.05 ],
							"rotationZ": -12.5,
							"faces": {
								"north": { "texture": "#cactus1", "uv": [ 2.0, 2.0, 4.0, 5.0 ] },
								"east": { "texture": "#cactus1", "uv": [ 0.0, 2.0, 2.0, 5.0 ] },
								"south": { "texture": "#cactus1", "uv": [ 2.0, 2.0, 4.0, 5.0 ] },
								"west": { "texture": "#cactus1", "uv": [ 0.0, 0.0, 2.0, 3.0 ] },
								"up": { "texture": "#cactus1", "uv": [ 0.0, 0.0, 2.0, 2.0 ] }
							},
							"children": [
								{
									"name": "Cactus top 6",
									"from": [ 0.05, 3.0, 0.05 ],
									"to": [ 2.05, 6.0, 2.05 ],
									"rotationOrigin": [ 1.0, 3.0, 1.0 ],
									"faces": {
										"north": { "texture": "#cactus1", "uv": [ 0.0, 0.0, 2.0, 3.0 ] },
										"east": { "texture": "#cactus1", "uv": [ 2.0, 0.0, 4.0, 3.0 ] },
										"south": { "texture": "#cactus1", "uv": [ 0.0, 0.0, 2.0, 3.0 ] },
										"west": { "texture": "#cactus1", "uv": [ 2.0, 0.0, 4.0, 3.0 ] },
										"up": { "texture": "#cactus1", "uv": [ 0.0, 0.0, 2.0, 2.0 ] }
									}
								}
							]
						}
					]
				},
				{
					"name": "Cactus base 7",
					"from": [ 2.0, 0.0, 2.0 ],
					"to": [ 4.2, 2.0, 4.2 ],
					"rotationOrigin": [ 2.0, 0.0, 2.0 ],
					"rotationX": 22.5,
					"rotationY": 22.5,
					"rotationZ": -22.5,
					"faces": {
						"north": { "texture": "#cactus1", "uv": [ 0.0, 5.0, 2.0, 7.0 ] },
						"east": { "texture": "#cactus1", "uv": [ 2.0, 5.0, 4.0, 7.0 ] },
						"south": { "texture": "#cactus1", "uv": [ 0.0, 5.0, 2.0, 7.0 ] },
						"west": { "texture": "#cactus1", "uv": [ 2.0, 5.0, 4.0, 7.0 ] },
						"up": { "texture": "#cactus1", "uv": [ 0.0, 0.0, 2.0, 2.0 ] }
					},
					"children": [
						{
							"name": "Cactus mid 7",
							"from": [ 0.05, 1.4, 0.05 ],
							"to": [ 2.15, 5.4, 2.15 ],
							"rotationOrigin": [ 1.05, 1.4, 1.05 ],
							"rotationX": -15.0,
							"rotationZ": 15.0,
							"faces": {
								"north": { "texture": "#cactus1", "uv": [ 2.0, 2.0, 4.0, 6.0 ] },
								"east": { "texture": "#cactus1", "uv": [ 0.0, 2.0, 2.0, 6.0 ] },
								"south": { "texture": "#cactus1", "uv": [ 2.0, 2.0, 4.0, 6.0 ] },
								"west": { "texture": "#cactus1", "uv": [ 0.0, 0.0, 2.0, 4.0 ] },
								"up": { "texture": "#cactus1", "uv": [ 0.0, 0.0, 2.0, 2.0 ] }
							},
							"children": [
								{
									"name": "Cactus top 7",
									"from": [ 0.05, 3.0, 0.05 ],
									"to": [ 2.05, 8.0, 2.05 ],
									"rotationOrigin": [ 1.0, 3.0, 1.0 ],
									"rotationX": -5.0,
									"faces": {
										"north": { "texture": "#cactus1", "uv": [ 0.0, 0.0, 2.0, 5.0 ] },
										"east": { "texture": "#cactus1", "uv": [ 2.0, 0.0, 4.0, 5.0 ] },
										"south": { "texture": "#cactus1", "uv": [ 0.0, 0.0, 2.0, 5.0 ] },
										"west": { "texture": "#cactus1", "uv": [ 2.0, 0.0, 4.0, 5.0 ] },
										"up": { "texture": "#cactus1", "uv": [ 0.0, 0.0, 2.0, 2.0 ] }
									}
								}
							]
						}
					]
				},
				{
					"name": "Cactus base 8",
					"from": [ 3.0, 0.0, -4.0 ],
					"to": [ 5.2, 2.0, -1.8 ],
					"rotationOrigin": [ 3.0, 0.0, -4.0 ],
					"rotationY": 45.0,
					"rotationZ": -22.5,
					"faces": {
						"north": { "texture": "#cactus", "uv": [ 0.0, 5.0, 2.0, 7.0 ] },
						"east": { "texture": "#cactus", "uv": [ 2.0, 5.0, 4.0, 7.0 ] },
						"south": { "texture": "#cactus", "uv": [ 0.0, 5.0, 2.0, 7.0 ] },
						"west": { "texture": "#cactus", "uv": [ 2.0, 5.0, 4.0, 7.0 ] },
						"up": { "texture": "#cactus", "uv": [ 0.0, 0.0, 2.0, 2.0 ] }
					},
					"children": [
						{
							"name": "Cactus mid 8",
							"from": [ 0.05, 1.7, 0.05 ],
							"to": [ 2.15, 5.7, 2.15 ],
							"rotationOrigin": [ 1.05, 1.7, 1.05 ],
							"rotationZ": 14.0,
							"faces": {
								"north": { "texture": "#cactus", "uv": [ 2.0, 2.0, 4.0, 6.0 ] },
								"east": { "texture": "#cactus", "uv": [ 0.0, 2.0, 2.0, 6.0 ] },
								"south": { "texture": "#cactus", "uv": [ 2.0, 2.0, 4.0, 6.0 ] },
								"west": { "texture": "#cactus", "uv": [ 0.0, 0.0, 2.0, 4.0 ] },
								"up": { "texture": "#cactus", "uv": [ 0.0, 0.0, 2.0, 2.0 ] }
							},
							"children": [
								{
									"name": "Cactus top 8",
									"from": [ 0.05, 3.8, 0.05 ],
									"to": [ 2.05, 7.8, 2.05 ],
									"rotationOrigin": [ 1.0, 3.8, 1.0 ],
									"rotationZ": 9.0,
									"faces": {
										"north": { "texture": "#cactus", "uv": [ 0.0, 0.0, 2.0, 4.0 ] },
										"east": { "texture": "#cactus", "uv": [ 2.0, 0.0, 4.0, 4.0 ] },
										"south": { "texture": "#cactus", "uv": [ 0.0, 0.0, 2.0, 4.0 ] },
										"west": { "texture": "#cactus", "uv": [ 2.0, 0.0, 4.0, 4.0 ] },
										"up": { "texture": "#cactus", "uv": [ 0.0, 0.0, 2.0, 2.0 ] }
									}
								}
							]
						}
					]
				},
				{
					"name": "Cactus base 9",
					"from": [ -5.0, -1.0, 4.0 ],
					"to": [ -2.8, 0.0, 6.2 ],
					"rotationOrigin": [ -5.0, -1.0, 4.0 ],
					"rotationX": 5.0,
					"rotationY": 5.0,
					"rotationZ": 5.0,
					"faces": {
						"north": { "texture": "#cactus1", "uv": [ 0.0, 5.0, 2.0, 6.0 ] },
						"east": { "texture": "#cactus1", "uv": [ 2.0, 5.0, 4.0, 6.0 ] },
						"south": { "texture": "#cactus1", "uv": [ 0.0, 5.0, 2.0, 6.0 ] },
						"west": { "texture": "#cactus1", "uv": [ 2.0, 5.0, 4.0, 6.0 ] },
						"up": { "texture": "#cactus1", "uv": [ 0.0, 0.0, 2.0, 2.0 ] }
					},
					"children": [
						{
							"name": "Cactus mid 9",
							"from": [ 0.05, 1.0, 0.05 ],
							"to": [ 2.15, 2.0, 2.15 ],
							"rotationOrigin": [ 1.05, 1.0, 1.05 ],
							"faces": {
								"north": { "texture": "#cactus1", "uv": [ 2.0, 2.0, 4.0, 3.0 ] },
								"east": { "texture": "#cactus1", "uv": [ 0.0, 2.0, 2.0, 3.0 ] },
								"south": { "texture": "#cactus1", "uv": [ 2.0, 2.0, 4.0, 3.0 ] },
								"west": { "texture": "#cactus1", "uv": [ 0.0, 0.0, 2.0, 1.0 ] },
								"up": { "texture": "#cactus1", "uv": [ 0.0, 0.0, 2.0, 2.0 ] }
							},
							"children": [
								{
									"name": "Cactus top 9",
									"from": [ 0.05, 1.0, 0.05 ],
									"to": [ 2.05, 3.0, 2.05 ],
									"rotationOrigin": [ 1.0, 1.0, 1.0 ],
									"faces": {
										"north": { "texture": "#cactus1", "uv": [ 0.0, 0.0, 2.0, 3.0 ] },
										"east": { "texture": "#cactus1", "uv": [ 2.0, 0.0, 4.0, 3.0 ] },
										"south": { "texture": "#cactus1", "uv": [ 0.0, 0.0, 2.0, 3.0 ] },
										"west": { "texture": "#cactus1", "uv": [ 2.0, 0.0, 4.0, 3.0 ] },
										"up": { "texture": "#cactus1", "uv": [ 0.0, 0.0, 2.0, 2.0 ] }
									}
								}
							]
						}
					]
				},
				{
					"name": "Cactus base 10",
					"from": [ -5.0, -0.3, -6.0 ],
					"to": [ -2.8, 0.7, -3.8 ],
					"rotationOrigin": [ -5.0, -0.3, -6.0 ],
					"rotationY": -45.0,
					"faces": {
						"north": { "texture": "#cactus1", "uv": [ 0.0, 5.0, 2.0, 6.0 ] },
						"east": { "texture": "#cactus1", "uv": [ 2.0, 5.0, 4.0, 6.0 ] },
						"south": { "texture": "#cactus1", "uv": [ 0.0, 5.0, 2.0, 6.0 ] },
						"west": { "texture": "#cactus1", "uv": [ 2.0, 5.0, 4.0, 6.0 ] },
						"up": { "texture": "#cactus1", "uv": [ 0.0, 0.0, 2.0, 2.0 ] }
					},
					"children": [
						{
							"name": "Cactus mid 10",
							"from": [ 0.05, 0.5, 0.05 ],
							"to": [ 2.15, 2.5, 2.15 ],
							"rotationOrigin": [ 1.05, 0.5, 1.05 ],
							"rotationZ": 12.5,
							"faces": {
								"north": { "texture": "#cactus2", "uv": [ 2.0, 2.0, 4.0, 4.0 ] },
								"east": { "texture": "#cactus2", "uv": [ 0.0, 2.0, 2.0, 4.0 ] },
								"south": { "texture": "#cactus2", "uv": [ 2.0, 2.0, 4.0, 4.0 ] },
								"west": { "texture": "#cactus2", "uv": [ 0.0, 0.0, 2.0, 2.0 ] },
								"up": { "texture": "#cactus2", "uv": [ 0.0, 0.0, 2.0, 2.0 ] }
							},
							"children": [
								{
									"name": "Cactus top 10",
									"from": [ 0.05, 1.7, 0.05 ],
									"to": [ 2.05, 3.7, 2.05 ],
									"rotationOrigin": [ 1.0, 1.7, 1.0 ],
									"rotationZ": -12.5,
									"faces": {
										"north": { "texture": "#cactus2", "uv": [ 0.0, 0.0, 2.0, 2.0 ] },
										"east": { "texture": "#cactus2", "uv": [ 2.0, 0.0, 4.0, 2.0 ] },
										"south": { "texture": "#cactus2", "uv": [ 0.0, 0.0, 2.0, 2.0 ] },
										"west": { "texture": "#cactus2", "uv": [ 2.0, 0.0, 4.0, 2.0 ] },
										"up": { "texture": "#cactus2", "uv": [ 0.0, 0.0, 2.0, 2.0 ] }
									}
								}
							]
						}
					]
				}
			]
		}
	]}