{
	"editor": {
		"allAngles": false,
		"entityTextureMode": false
	},
	"textureWidth": 4,
	"textureHeight": 8,
	"textureSizes": {
		"fruit": [8,4],
		"cactus": [4,8],
		"flower": [8,4]
	},
	"textures": {
	},
	"elements": [
		{
			"name": "origin",
			"from": [ 8.0, 0.0, 8.0 ],
			"to": [ 8.0, 0.0, 8.0 ],
			"rotationOrigin": [ 8.0, 0.0, 8.0 ],
			"faces": {
			},
			"children": [
				{
					"name": "Base 1",
					"from": [ -1.0, 0.0, -1.0 ],
					"to": [ 1.2, 8.0, 1.2 ],
					"rotationOrigin": [ -1.0, 0.0, -1.0 ],
					"faces": {
						"north": { "texture": "#cactus", "uv": [ 0.0, 0.0, 2.0, 8.0 ] },
						"east": { "texture": "#cactus", "uv": [ 2.0, 0.0, 4.0, 8.0 ] },
						"south": { "texture": "#cactus", "uv": [ 0.0, 0.0, 2.0, 8.0 ] },
						"west": { "texture": "#cactus", "uv": [ 2.0, 0.0, 4.0, 8.0 ], "windMode": [-1,-1,-1,-1] },
						"up": { "texture": "#cactus", "uv": [ 0.0, 0.0, 2.0, 2.0 ] }
					},
					"children": [
						{
							"name": "Segment 2 1",
							"from": [ 0.05, 7.9, 0.05 ],
							"to": [ 2.15, 13.9, 2.15 ],
							"rotationOrigin": [ 1.05, 7.9, 1.05 ],
							"rotationZ": 4.0,
							"faces": {
								"north": { "texture": "#cactus", "uv": [ 0.0, 0.0, 2.0, 6.0 ] },
								"east": { "texture": "#cactus", "uv": [ 2.0, 0.0, 4.0, 6.0 ] },
								"south": { "texture": "#cactus", "uv": [ 0.0, 0.0, 2.0, 6.0 ] },
								"west": { "texture": "#cactus", "uv": [ 2.0, 0.0, 4.0, 6.0 ], "windMode": [-1,-1,-1,-1] },
								"up": { "texture": "#cactus", "uv": [ 0.0, 0.0, 2.0, 2.0 ] }
							},
							"children": [
								{
									"name": "Segment 3 1",
									"from": [ 0.15, 5.4, 0.15 ],
									"to": [ 1.85, 11.4, 1.85 ],
									"rotationOrigin": [ 1.05, 5.4, 1.05 ],
									"rotationZ": 32.5,
									"faces": {
										"north": { "texture": "#cactus", "uv": [ 0.0, 0.0, 1.5, 6.0 ] },
										"east": { "texture": "#cactus", "uv": [ 2.0, 0.0, 3.5, 6.0 ] },
										"south": { "texture": "#cactus", "uv": [ 0.0, 0.0, 1.5, 6.0 ] },
										"west": { "texture": "#cactus", "uv": [ 0.0, 0.0, 1.5, 6.0 ] },
										"up": { "texture": "#cactus", "uv": [ 0.0, 0.0, 1.5, 1.5 ] }
									},
									"children": [
										{
											"name": "Segment 4 2",
											"from": [ 0.05, 5.4, 0.05 ],
											"to": [ 1.65, 11.4, 1.65 ],
											"rotationOrigin": [ 0.8, 5.4, 0.8 ],
											"rotationZ": 22.5,
											"faces": {
												"north": { "texture": "#cactus", "uv": [ 0.0, 0.0, 1.5, 6.0 ] },
												"east": { "texture": "#cactus", "uv": [ 2.0, 0.0, 3.5, 6.0 ] },
												"south": { "texture": "#cactus", "uv": [ 0.0, 0.0, 1.5, 6.0 ] },
												"west": { "texture": "#cactus", "uv": [ 0.0, 0.0, 1.5, 6.0 ] },
												"up": { "texture": "#cactus", "uv": [ 0.0, 0.0, 1.5, 1.5 ] }
											},
											"children": [
												{
													"name": "End 1",
													"from": [ 0.05, 5.4, 0.05 ],
													"to": [ 1.55, 12.4, 1.55 ],
													"rotationOrigin": [ 1.0, 5.4, 1.0 ],
													"rotationZ": 30.0,
													"faces": {
														"north": { "texture": "#cactus", "uv": [ 0.0, 0.0, 1.5, 7.0 ] },
														"east": { "texture": "#cactus", "uv": [ 2.0, 0.0, 3.5, 7.0 ] },
														"south": { "texture": "#cactus", "uv": [ 0.0, 0.0, 1.5, 7.0 ] },
														"west": { "texture": "#cactus", "uv": [ 0.0, 0.0, 1.5, 7.0 ] },
														"up": { "texture": "#cactus", "uv": [ 0.0, 0.0, 1.5, 1.5 ] }
													}
												}
											]
										}
									]
								},
								{
									"name": "Segment 3 2",
									"from": [ 0.15, 5.4, 0.15 ],
									"to": [ 1.85, 11.4, 1.85 ],
									"rotationOrigin": [ 1.05, 5.4, 1.05 ],
									"rotationX": 26.0,
									"rotationZ": 3.0,
									"faces": {
										"north": { "texture": "#cactus", "uv": [ 0.0, 0.0, 1.5, 6.0 ] },
										"east": { "texture": "#cactus", "uv": [ 2.0, 0.0, 3.5, 6.0 ] },
										"south": { "texture": "#cactus", "uv": [ 0.0, 0.0, 1.5, 6.0 ] },
										"west": { "texture": "#cactus", "uv": [ 0.0, 0.0, 1.5, 6.0 ] },
										"up": { "texture": "#cactus", "uv": [ 0.0, 0.0, 1.5, 1.5 ] }
									},
									"children": [
										{
											"name": "Segment 4 3",
											"from": [ 0.05, 5.4, 0.05 ],
											"to": [ 1.65, 11.4, 1.65 ],
											"rotationOrigin": [ 0.8, 5.4, 0.8 ],
											"rotationX": 25.0,
											"rotationZ": 2.5,
											"faces": {
												"north": { "texture": "#cactus", "uv": [ 0.0, 0.0, 1.5, 6.0 ] },
												"east": { "texture": "#cactus", "uv": [ 2.0, 0.0, 3.5, 6.0 ] },
												"south": { "texture": "#cactus", "uv": [ 0.0, 0.0, 1.5, 6.0 ] },
												"west": { "texture": "#cactus", "uv": [ 0.0, 0.0, 1.5, 6.0 ] },
												"up": { "texture": "#cactus", "uv": [ 0.0, 0.0, 1.5, 1.5 ] }
											},
											"children": [
												{
													"name": "End 2",
													"from": [ 0.05, 5.4, 0.05 ],
													"to": [ 1.55, 13.4, 1.55 ],
													"rotationOrigin": [ 1.0, 5.4, 1.0 ],
													"rotationX": 25.0,
													"rotationZ": 3.0,
													"faces": {
														"north": { "texture": "#cactus", "uv": [ 0.0, 0.0, 1.5, 8.0 ] },
														"east": { "texture": "#cactus", "uv": [ 2.0, 0.0, 3.5, 8.0 ] },
														"south": { "texture": "#cactus", "uv": [ 0.0, 0.0, 1.5, 8.0 ] },
														"west": { "texture": "#cactus", "uv": [ 0.0, 0.0, 1.5, 8.0 ] },
														"up": { "texture": "#cactus", "uv": [ 0.0, 0.0, 1.5, 1.5 ] }
													}
												}
											]
										}
									]
								},
								{
									"name": "Segment 3 3",
									"from": [ 0.25, 5.4, 0.25 ],
									"to": [ 1.95, 13.4, 1.95 ],
									"rotationOrigin": [ 1.15, 5.4, 1.15 ],
									"rotationZ": -12.5,
									"faces": {
										"north": { "texture": "#cactus", "uv": [ 0.0, 0.0, 1.5, 8.0 ] },
										"east": { "texture": "#cactus", "uv": [ 2.0, 0.0, 3.5, 8.0 ] },
										"south": { "texture": "#cactus", "uv": [ 0.0, 0.0, 1.5, 8.0 ] },
										"west": { "texture": "#cactus", "uv": [ 0.0, 0.0, 1.5, 8.0 ] },
										"up": { "texture": "#cactus", "uv": [ 0.0, 0.0, 1.5, 1.5 ] }
									},
									"children": [
										{
											"name": "Segment 4 4",
											"from": [ 0.05, 7.4, 0.05 ],
											"to": [ 1.65, 15.4, 1.65 ],
											"rotationOrigin": [ 0.8, 7.4, 0.8 ],
											"rotationX": -5.0,
											"rotationZ": -12.5,
											"faces": {
												"north": { "texture": "#cactus", "uv": [ 0.0, 0.0, 1.5, 8.0 ] },
												"east": { "texture": "#cactus", "uv": [ 2.0, 0.0, 3.5, 8.0 ] },
												"south": { "texture": "#cactus", "uv": [ 0.0, 0.0, 1.5, 8.0 ] },
												"west": { "texture": "#cactus", "uv": [ 0.0, 0.0, 1.5, 8.0 ] },
												"up": { "texture": "#cactus", "uv": [ 0.0, 0.0, 1.5, 1.5 ] }
											},
											"children": [
												{
													"name": "End 3",
													"from": [ 0.05, 7.4, 0.05 ],
													"to": [ 1.55, 15.4, 1.55 ],
													"rotationOrigin": [ 1.0, 7.4, 1.0 ],
													"rotationZ": -15.0,
													"faces": {
														"north": { "texture": "#cactus", "uv": [ 0.0, 0.0, 1.5, 8.0 ] },
														"east": { "texture": "#cactus", "uv": [ 2.0, 0.0, 3.5, 8.0 ] },
														"south": { "texture": "#cactus", "uv": [ 0.0, 0.0, 1.5, 8.0 ] },
														"west": { "texture": "#cactus", "uv": [ 0.0, 0.0, 1.5, 8.0 ] },
														"up": { "texture": "#cactus", "uv": [ 0.0, 0.0, 1.5, 1.5 ] }
													},
													"children": [
														{
															"name": "fruit origin",
															"from": [ 1.4, 0.7, 0.9 ],
															"to": [ 1.4, 0.7, 0.9 ],
															"rotationOrigin": [ 1.4, 0.7, 0.9 ],
															"rotationZ": -90.0,
															"faces": {
															},
															"children": [
																{
																	"name": "Flower stem 1",
																	"from": [ 0.0, 0.0, 0.0 ],
																	"to": [ 0.5, 2.0, 0.5 ],
																	"shade": false,
																	"faces": {
																		"north": { "texture": "#flower", "uv": [ 2.0, 3.0, 4.0, 4.0 ], "rotation": 90, "autoUv": false, "windMode": [-1,-1,-1,-1] },
																		"east": { "texture": "#flower", "uv": [ 2.0, 3.0, 4.0, 4.0 ], "rotation": 270, "autoUv": false, "windMode": [-1,-1,-1,-1] },
																		"south": { "texture": "#flower", "uv": [ 2.0, 3.0, 4.0, 4.0 ], "rotation": 270, "autoUv": false, "windMode": [-1,-1,-1,-1] },
																		"west": { "texture": "#flower", "uv": [ 2.0, 3.0, 4.0, 4.0 ], "rotation": 90, "autoUv": false, "windMode": [-1,-1,-1,-1] }
																	},
																	"children": [
																		{
																			"name": "Flower origin",
																			"from": [ 0.2, 1.0, 0.2 ],
																			"to": [ 0.2, 1.0, 0.2 ],
																			"rotationOrigin": [ 0.2, 1.0, 0.2 ],
																			"rotationY": -22.5,
																			"faces": {
																			},
																			"children": [
																				{
																					"name": "Stamen 1",
																					"from": [ 0.0, 1.3, 0.0 ],
																					"to": [ 0.25, 1.8, 0.25 ],
																					"shade": false,
																					"rotationOrigin": [ 0.0, 1.3, 0.0 ],
																					"faces": {
																						"north": { "texture": "#flower", "uv": [ 0.0, 3.0, 2.0, 4.0 ], "rotation": 270, "autoUv": false, "windMode": [-1,-1,-1,-1] },
																						"east": { "texture": "#flower", "uv": [ 0.0, 3.0, 2.0, 4.0 ], "rotation": 180, "autoUv": false, "windMode": [-1,-1,-1,-1] },
																						"south": { "texture": "#flower", "uv": [ 0.0, 3.0, 2.0, 4.0 ], "rotation": 270, "autoUv": false, "windMode": [-1,-1,-1,-1] },
																						"west": { "texture": "#flower", "uv": [ 0.0, 3.0, 2.0, 4.0 ], "rotation": 180, "autoUv": false, "windMode": [-1,-1,-1,-1] },
																						"up": { "texture": "#flower", "uv": [ 1.0, 3.0, 2.0, 4.0 ], "autoUv": false, "windMode": [-1,-1,-1,-1] }
																					}
																				},
																				{
																					"name": "Flowerpetals 4 1",
																					"from": [ -1.75, 1.0, 0.0 ],
																					"to": [ 0.25, 1.0, 2.0 ],
																					"shade": false,
																					"renderPass": 1,
																					"rotationOrigin": [ 0.25, 1.0, 0.0 ],
																					"rotationX": -32.5,
																					"rotationZ": -52.5,
																					"faces": {
																						"up": { "texture": "#flower", "uv": [ 4.0, 0.0, 8.0, 4.0 ], "rotation": 180, "autoUv": false }
																					}
																				},
																				{
																					"name": "Flowerpetals 3 1",
																					"from": [ -1.75, 1.0, -1.75 ],
																					"to": [ 0.25, 1.0, 0.25 ],
																					"shade": false,
																					"renderPass": 1,
																					"rotationOrigin": [ 0.25, 1.0, 0.25 ],
																					"rotationX": 32.0,
																					"rotationZ": -52.0,
																					"faces": {
																						"up": { "texture": "#flower", "uv": [ 4.0, 0.0, 8.0, 4.0 ], "rotation": 270, "autoUv": false }
																					}
																				},
																				{
																					"name": "Flowerpetals 2 1",
																					"from": [ 0.0, 1.0, -1.75 ],
																					"to": [ 2.0, 1.0, 0.25 ],
																					"shade": false,
																					"renderPass": 1,
																					"rotationOrigin": [ 0.0, 1.0, 0.25 ],
																					"rotationX": 32.0,
																					"rotationZ": 52.0,
																					"faces": {
																						"down": { "texture": "#flower", "uv": [ 4.0, 0.0, 8.0, 4.0 ], "rotation": 270, "autoUv": false, "windMode": [-1,-1,-1,-1] }
																					}
																				},
																				{
																					"name": "Flowerpetals 1 1",
																					"from": [ 0.0, 1.0, 0.0 ],
																					"to": [ 2.0, 1.0, 2.0 ],
																					"shade": false,
																					"renderPass": 1,
																					"rotationOrigin": [ 0.0, 1.0, 0.0 ],
																					"rotationX": -32.5,
																					"rotationZ": 52.5,
																					"faces": {
																						"down": { "texture": "#flower", "uv": [ 4.0, 0.0, 8.0, 4.0 ], "rotation": 180, "autoUv": false, "windMode": [-1,-1,-1,-1] }
																					}
																				},
																				{
																					"name": "Flowerbloom 4 1",
																					"from": [ -1.25, 1.0, 0.0 ],
																					"to": [ 0.25, 1.0, 1.5 ],
																					"shade": false,
																					"renderPass": 1,
																					"rotationOrigin": [ 0.25, 1.0, 0.0 ],
																					"rotationX": -12.5,
																					"rotationZ": -12.5,
																					"faces": {
																						"up": { "texture": "#flower", "uv": [ 0.0, 0.0, 3.0, 3.0 ], "rotation": 180, "autoUv": false, "windMode": [-1,-1,-1,-1] }
																					}
																				},
																				{
																					"name": "Flowerbloom 3 1",
																					"from": [ -1.25, 1.0, -1.25 ],
																					"to": [ 0.25, 1.0, 0.25 ],
																					"shade": false,
																					"renderPass": 1,
																					"rotationOrigin": [ 0.25, 1.0, 0.25 ],
																					"rotationX": 12.0,
																					"rotationZ": -12.0,
																					"faces": {
																						"up": { "texture": "#flower", "uv": [ 0.0, 0.0, 3.0, 3.0 ], "rotation": 270, "autoUv": false, "windMode": [-1,-1,-1,-1] }
																					}
																				},
																				{
																					"name": "Flowerbloom 2 1",
																					"from": [ 0.0, 1.0, -1.25 ],
																					"to": [ 1.5, 1.0, 0.25 ],
																					"shade": false,
																					"renderPass": 1,
																					"rotationOrigin": [ 0.0, 1.0, 0.25 ],
																					"rotationX": 12.0,
																					"rotationZ": 12.0,
																					"faces": {
																						"up": { "texture": "#flower", "uv": [ 0.0, 0.0, 3.0, 3.0 ], "autoUv": false, "windMode": [-1,-1,-1,-1] }
																					}
																				},
																				{
																					"name": "Flowerbloom 1 1",
																					"from": [ 0.0, 1.0, 0.0 ],
																					"to": [ 1.5, 1.0, 1.5 ],
																					"shade": false,
																					"renderPass": 1,
																					"rotationOrigin": [ 0.0, 1.0, 0.0 ],
																					"rotationX": -12.5,
																					"rotationZ": 12.5,
																					"faces": {
																						"up": { "texture": "#flower", "uv": [ 0.0, 0.0, 3.0, 3.0 ], "rotation": 90, "autoUv": false, "windMode": [-1,-1,-1,-1] }
																					}
																				}
																			]
																		}
																	]
																}
															]
														},
														{
															"name": "fruit origin2",
															"from": [ 1.4, 3.7, 0.9 ],
															"to": [ 1.4, 3.7, 0.9 ],
															"rotationOrigin": [ 1.4, 3.7, 0.9 ],
															"rotationZ": -90.0,
															"faces": {
															},
															"children": [
																{
																	"name": "Flower stem 2",
																	"from": [ 0.0, 0.0, 0.0 ],
																	"to": [ 0.5, 2.0, 0.5 ],
																	"shade": false,
																	"faces": {
																		"north": { "texture": "#flower", "uv": [ 2.0, 3.0, 4.0, 4.0 ], "rotation": 90, "autoUv": false },
																		"east": { "texture": "#flower", "uv": [ 2.0, 3.0, 4.0, 4.0 ], "rotation": 270, "autoUv": false },
																		"south": { "texture": "#flower", "uv": [ 2.0, 3.0, 4.0, 4.0 ], "rotation": 270, "autoUv": false },
																		"west": { "texture": "#flower", "uv": [ 2.0, 3.0, 4.0, 4.0 ], "rotation": 90, "autoUv": false }
																	},
																	"children": [
																		{
																			"name": "Flower origin2",
																			"from": [ 0.2, 1.0, 0.2 ],
																			"to": [ 0.2, 1.0, 0.2 ],
																			"rotationOrigin": [ 0.2, 1.0, 0.2 ],
																			"rotationY": 22.5,
																			"faces": {
																			},
																			"children": [
																				{
																					"name": "Stamen 2",
																					"from": [ 0.0, 1.3, 0.0 ],
																					"to": [ 0.25, 1.8, 0.25 ],
																					"shade": false,
																					"rotationOrigin": [ 0.0, 1.3, 0.0 ],
																					"faces": {
																						"north": { "texture": "#flower", "uv": [ 0.0, 3.0, 2.0, 4.0 ], "rotation": 270, "autoUv": false },
																						"east": { "texture": "#flower", "uv": [ 0.0, 3.0, 2.0, 4.0 ], "rotation": 180, "autoUv": false },
																						"south": { "texture": "#flower", "uv": [ 0.0, 3.0, 2.0, 4.0 ], "rotation": 270, "autoUv": false },
																						"west": { "texture": "#flower", "uv": [ 0.0, 3.0, 2.0, 4.0 ], "rotation": 180, "autoUv": false },
																						"up": { "texture": "#flower", "uv": [ 1.0, 3.0, 2.0, 4.0 ], "autoUv": false }
																					}
																				},
																				{
																					"name": "Flowerpetals 4 2",
																					"from": [ -1.75, 1.0, 0.0 ],
																					"to": [ 0.25, 1.0, 2.0 ],
																					"shade": false,
																					"renderPass": 1,
																					"rotationOrigin": [ 0.25, 1.0, 0.0 ],
																					"rotationX": -32.5,
																					"rotationZ": -52.5,
																					"faces": {
																						"up": { "texture": "#flower", "uv": [ 4.0, 0.0, 8.0, 4.0 ], "rotation": 180, "autoUv": false }
																					}
																				},
																				{
																					"name": "Flowerpetals 3 2",
																					"from": [ -1.75, 1.0, -1.75 ],
																					"to": [ 0.25, 1.0, 0.25 ],
																					"shade": false,
																					"renderPass": 1,
																					"rotationOrigin": [ 0.25, 1.0, 0.25 ],
																					"rotationX": 32.0,
																					"rotationZ": -52.0,
																					"faces": {
																						"up": { "texture": "#flower", "uv": [ 4.0, 0.0, 8.0, 4.0 ], "rotation": 270, "autoUv": false }
																					}
																				},
																				{
																					"name": "Flowerpetals 2 2",
																					"from": [ 0.0, 1.0, -1.75 ],
																					"to": [ 2.0, 1.0, 0.25 ],
																					"shade": false,
																					"renderPass": 1,
																					"rotationOrigin": [ 0.0, 1.0, 0.25 ],
																					"rotationX": 32.0,
																					"rotationZ": 52.0,
																					"faces": {
																						"down": { "texture": "#flower", "uv": [ 4.0, 0.0, 8.0, 4.0 ], "rotation": 270, "autoUv": false }
																					}
																				},
																				{
																					"name": "Flowerpetals 1 2",
																					"from": [ 0.0, 1.0, 0.0 ],
																					"to": [ 2.0, 1.0, 2.0 ],
																					"shade": false,
																					"renderPass": 1,
																					"rotationOrigin": [ 0.0, 1.0, 0.0 ],
																					"rotationX": -32.5,
																					"rotationZ": 52.5,
																					"faces": {
																						"down": { "texture": "#flower", "uv": [ 4.0, 0.0, 8.0, 4.0 ], "rotation": 180, "autoUv": false }
																					}
																				},
																				{
																					"name": "Flowerbloom 4 2",
																					"from": [ -1.25, 1.0, 0.0 ],
																					"to": [ 0.25, 1.0, 1.5 ],
																					"shade": false,
																					"renderPass": 1,
																					"rotationOrigin": [ 0.25, 1.0, 0.0 ],
																					"rotationX": -12.5,
																					"rotationZ": -12.5,
																					"faces": {
																						"up": { "texture": "#flower", "uv": [ 0.0, 0.0, 3.0, 3.0 ], "rotation": 180, "autoUv": false }
																					}
																				},
																				{
																					"name": "Flowerbloom 3 2",
																					"from": [ -1.25, 1.0, -1.25 ],
																					"to": [ 0.25, 1.0, 0.25 ],
																					"shade": false,
																					"renderPass": 1,
																					"rotationOrigin": [ 0.25, 1.0, 0.25 ],
																					"rotationX": 12.0,
																					"rotationZ": -12.0,
																					"faces": {
																						"up": { "texture": "#flower", "uv": [ 0.0, 0.0, 3.0, 3.0 ], "rotation": 270, "autoUv": false }
																					}
																				},
																				{
																					"name": "Flowerbloom 2 2",
																					"from": [ 0.0, 1.0, -1.25 ],
																					"to": [ 1.5, 1.0, 0.25 ],
																					"shade": false,
																					"renderPass": 1,
																					"rotationOrigin": [ 0.0, 1.0, 0.25 ],
																					"rotationX": 12.0,
																					"rotationZ": 12.0,
																					"faces": {
																						"up": { "texture": "#flower", "uv": [ 0.0, 0.0, 3.0, 3.0 ], "autoUv": false }
																					}
																				},
																				{
																					"name": "Flowerbloom 1 2",
																					"from": [ 0.0, 1.0, 0.0 ],
																					"to": [ 1.5, 1.0, 1.5 ],
																					"shade": false,
																					"renderPass": 1,
																					"rotationOrigin": [ 0.0, 1.0, 0.0 ],
																					"rotationX": -12.5,
																					"rotationZ": 12.5,
																					"faces": {
																						"up": { "texture": "#flower", "uv": [ 0.0, 0.0, 3.0, 3.0 ], "rotation": 90, "autoUv": false }
																					}
																				}
																			]
																		}
																	]
																}
															]
														},
														{
															"name": "fruit origin3",
															"from": [ 1.4, 7.7, 0.9 ],
															"to": [ 1.4, 7.7, 0.9 ],
															"rotationOrigin": [ 1.4, 7.7, 0.9 ],
															"rotationZ": -90.0,
															"faces": {
															},
															"children": [
																{
																	"name": "Flower stem 3",
																	"from": [ 0.0, 0.0, 0.0 ],
																	"to": [ 0.5, 2.0, 0.5 ],
																	"shade": false,
																	"faces": {
																		"north": { "texture": "#flower", "uv": [ 2.0, 3.0, 4.0, 4.0 ], "rotation": 90, "autoUv": false },
																		"east": { "texture": "#flower", "uv": [ 2.0, 3.0, 4.0, 4.0 ], "rotation": 270, "autoUv": false },
																		"south": { "texture": "#flower", "uv": [ 2.0, 3.0, 4.0, 4.0 ], "rotation": 270, "autoUv": false },
																		"west": { "texture": "#flower", "uv": [ 2.0, 3.0, 4.0, 4.0 ], "rotation": 90, "autoUv": false }
																	},
																	"children": [
																		{
																			"name": "Flower origin3",
																			"from": [ 0.2, 1.0, 0.2 ],
																			"to": [ 0.2, 1.0, 0.2 ],
																			"rotationOrigin": [ 0.2, 1.0, 0.2 ],
																			"rotationY": -67.5,
																			"faces": {
																			},
																			"children": [
																				{
																					"name": "Stamen 3",
																					"from": [ 0.0, 1.3, 0.0 ],
																					"to": [ 0.25, 1.8, 0.25 ],
																					"shade": false,
																					"rotationOrigin": [ 0.0, 1.3, 0.0 ],
																					"faces": {
																						"north": { "texture": "#flower", "uv": [ 0.0, 3.0, 2.0, 4.0 ], "rotation": 270, "autoUv": false },
																						"east": { "texture": "#flower", "uv": [ 0.0, 3.0, 2.0, 4.0 ], "rotation": 180, "autoUv": false },
																						"south": { "texture": "#flower", "uv": [ 0.0, 3.0, 2.0, 4.0 ], "rotation": 270, "autoUv": false },
																						"west": { "texture": "#flower", "uv": [ 0.0, 3.0, 2.0, 4.0 ], "rotation": 180, "autoUv": false },
																						"up": { "texture": "#flower", "uv": [ 1.0, 3.0, 2.0, 4.0 ], "autoUv": false }
																					}
																				},
																				{
																					"name": "Flowerpetals 4 3",
																					"from": [ -1.75, 1.0, 0.0 ],
																					"to": [ 0.25, 1.0, 2.0 ],
																					"shade": false,
																					"renderPass": 1,
																					"rotationOrigin": [ 0.25, 1.0, 0.0 ],
																					"rotationX": -32.5,
																					"rotationZ": -52.5,
																					"faces": {
																						"up": { "texture": "#flower", "uv": [ 4.0, 0.0, 8.0, 4.0 ], "rotation": 180, "autoUv": false }
																					}
																				},
																				{
																					"name": "Flowerpetals 3 3",
																					"from": [ -1.75, 1.0, -1.75 ],
																					"to": [ 0.25, 1.0, 0.25 ],
																					"shade": false,
																					"renderPass": 1,
																					"rotationOrigin": [ 0.25, 1.0, 0.25 ],
																					"rotationX": 32.0,
																					"rotationZ": -52.0,
																					"faces": {
																						"up": { "texture": "#flower", "uv": [ 4.0, 0.0, 8.0, 4.0 ], "rotation": 270, "autoUv": false }
																					}
																				},
																				{
																					"name": "Flowerpetals 2 3",
																					"from": [ 0.0, 1.0, -1.75 ],
																					"to": [ 2.0, 1.0, 0.25 ],
																					"shade": false,
																					"renderPass": 1,
																					"rotationOrigin": [ 0.0, 1.0, 0.25 ],
																					"rotationX": 32.0,
																					"rotationZ": 52.0,
																					"faces": {
																						"down": { "texture": "#flower", "uv": [ 4.0, 0.0, 8.0, 4.0 ], "rotation": 270, "autoUv": false }
																					}
																				},
																				{
																					"name": "Flowerpetals 1 3",
																					"from": [ 0.0, 1.0, 0.0 ],
																					"to": [ 2.0, 1.0, 2.0 ],
																					"shade": false,
																					"renderPass": 1,
																					"rotationOrigin": [ 0.0, 1.0, 0.0 ],
																					"rotationX": -32.5,
																					"rotationZ": 52.5,
																					"faces": {
																						"down": { "texture": "#flower", "uv": [ 4.0, 0.0, 8.0, 4.0 ], "rotation": 180, "autoUv": false }
																					}
																				},
																				{
																					"name": "Flowerbloom 4 3",
																					"from": [ -1.25, 1.0, 0.0 ],
																					"to": [ 0.25, 1.0, 1.5 ],
																					"shade": false,
																					"renderPass": 1,
																					"rotationOrigin": [ 0.25, 1.0, 0.0 ],
																					"rotationX": -12.5,
																					"rotationZ": -12.5,
																					"faces": {
																						"up": { "texture": "#flower", "uv": [ 0.0, 0.0, 3.0, 3.0 ], "rotation": 180, "autoUv": false }
																					}
																				},
																				{
																					"name": "Flowerbloom 3 3",
																					"from": [ -1.25, 1.0, -1.25 ],
																					"to": [ 0.25, 1.0, 0.25 ],
																					"shade": false,
																					"renderPass": 1,
																					"rotationOrigin": [ 0.25, 1.0, 0.25 ],
																					"rotationX": 12.0,
																					"rotationZ": -12.0,
																					"faces": {
																						"up": { "texture": "#flower", "uv": [ 0.0, 0.0, 3.0, 3.0 ], "rotation": 270, "autoUv": false }
																					}
																				},
																				{
																					"name": "Flowerbloom 2 3",
																					"from": [ 0.0, 1.0, -1.25 ],
																					"to": [ 1.5, 1.0, 0.25 ],
																					"shade": false,
																					"renderPass": 1,
																					"rotationOrigin": [ 0.0, 1.0, 0.25 ],
																					"rotationX": 12.0,
																					"rotationZ": 12.0,
																					"faces": {
																						"up": { "texture": "#flower", "uv": [ 0.0, 0.0, 3.0, 3.0 ], "autoUv": false }
																					}
																				},
																				{
																					"name": "Flowerbloom 1 3",
																					"from": [ 0.0, 1.0, 0.0 ],
																					"to": [ 1.5, 1.0, 1.5 ],
																					"shade": false,
																					"renderPass": 1,
																					"rotationOrigin": [ 0.0, 1.0, 0.0 ],
																					"rotationX": -12.5,
																					"rotationZ": 12.5,
																					"faces": {
																						"up": { "texture": "#flower", "uv": [ 0.0, 0.0, 3.0, 3.0 ], "rotation": 90, "autoUv": false }
																					}
																				}
																			]
																		}
																	]
																}
															]
														}
													]
												}
											]
										}
									]
								}
							]
						}
					]
				}
			]
		}
	]}