{
	"editor": {
		"allAngles": false,
		"entityTextureMode": false
	},
	"textureWidth": 8,
	"textureHeight": 16,
	"textureSizes": {
		"cactus2": [8,16],
		"cactus1": [8,16]
	},
	"textures": {
	},
	"elements": [
		{
			"name": "origin",
			"from": [ 8.0, 0.0, 8.0 ],
			"to": [ 8.0, 0.0, 8.0 ],
			"rotationOrigin": [ 8.0, 0.0, 8.0 ],
			"faces": {
			},
			"children": [
				{
					"name": "Trunk",
					"from": [ -1.0, -0.4, -1.0 ],
					"to": [ 2.0, 9.6, 2.0 ],
					"rotationOrigin": [ -1.0, -0.4, -1.0 ],
					"rotationY": 5.0,
					"rotationZ": 5.0,
					"faces": {
						"north": { "texture": "#cactus2", "uv": [ 0.0, 0.0, 3.0, 10.0 ], "windMode": [-1,-1,-1,-1] },
						"east": { "texture": "#cactus2", "uv": [ 0.5, 0.0, 3.5, 10.0 ] },
						"south": { "texture": "#cactus2", "uv": [ 0.0, 0.0, 3.0, 10.0 ] },
						"west": { "texture": "#cactus2", "uv": [ 1.0, 0.0, 4.0, 10.0 ] },
						"up": { "texture": "#cactus2", "uv": [ 0.0, 8.5, 3.0, 11.5 ] },
						"down": { "texture": "#cactus2", "uv": [ 1.0, 1.0, 4.0, 4.0 ] }
					},
					"children": [
						{
							"name": "Trunk2",
							"from": [ -0.1, 9.7, -0.3 ],
							"to": [ 3.1, 15.7, 2.9 ],
							"rotationOrigin": [ -0.1, 9.7, -0.3 ],
							"rotationY": -5.0,
							"rotationZ": -5.0,
							"faces": {
								"north": { "texture": "#cactus2", "uv": [ 0.5, 1.0, 3.5, 7.0 ] },
								"east": { "texture": "#cactus2", "uv": [ 2.0, 3.0, 5.0, 9.0 ] },
								"south": { "texture": "#cactus2", "uv": [ 1.0, 8.5, 4.0, 14.5 ] },
								"west": { "texture": "#cactus2", "uv": [ 0.0, 5.0, 3.0, 11.0 ], "windMode": [-1,-1,-1,-1], "windData": [0,0,1,1] },
								"up": { "texture": "#cactus2", "uv": [ 1.5, 7.5, 4.5, 10.5 ] },
								"down": { "texture": "#cactus2", "uv": [ 2.0, 5.5, 5.0, 8.5 ] }
							},
							"children": [
								{
									"name": "Stalk base 1",
									"from": [ 0.0, 4.5, 1.0 ],
									"to": [ 2.0, 7.5, 3.0 ],
									"rotationOrigin": [ 0.0, 4.5, 1.0 ],
									"rotationZ": 45.0,
									"faces": {
										"north": { "texture": "#cactus2", "uv": [ 4.5, 11.5, 6.5, 14.5 ] },
										"east": { "texture": "#cactus2", "uv": [ 3.5, 11.0, 5.5, 14.0 ] },
										"south": { "texture": "#cactus2", "uv": [ 2.0, 8.0, 4.0, 11.0 ] },
										"west": { "texture": "#cactus2", "uv": [ 3.0, 11.0, 5.0, 14.0 ] },
										"up": { "texture": "#cactus2", "uv": [ 4.5, 4.0, 6.5, 6.0 ] },
										"down": { "texture": "#cactus2", "uv": [ 0.5, 7.0, 2.5, 9.0 ] }
									},
									"children": [
										{
											"name": "Stalk base 2",
											"from": [ -0.4, 3.0, -0.5 ],
											"to": [ 2.6, 8.0, 2.5 ],
											"rotationOrigin": [ -0.4, 3.0, -0.5 ],
											"rotationZ": -22.5,
											"faces": {
												"north": { "texture": "#cactus1", "uv": [ 2.0, 1.5, 5.0, 6.5 ] },
												"east": { "texture": "#cactus1", "uv": [ 3.5, 5.0, 6.5, 10.0 ] },
												"south": { "texture": "#cactus1", "uv": [ 4.0, 7.0, 7.0, 12.0 ] },
												"west": { "texture": "#cactus1", "uv": [ 4.0, 1.0, 7.0, 6.0 ] },
												"up": { "texture": "#cactus1", "uv": [ 4.5, 4.5, 7.5, 7.5 ] },
												"down": { "texture": "#cactus1", "uv": [ 1.0, 10.0, 4.0, 13.0 ] }
											},
											"children": [
												{
													"name": "Stalk base 3",
													"from": [ 0.2, 4.8, 0.2 ],
													"to": [ 2.8, 7.8, 2.8 ],
													"rotationOrigin": [ 0.2, 4.8, 0.2 ],
													"rotationZ": -5.0,
													"faces": {
														"north": { "texture": "#cactus1", "uv": [ 0.5, 7.5, 3.0, 10.5 ] },
														"east": { "texture": "#cactus1", "uv": [ 1.0, 6.0, 3.5, 9.0 ] },
														"south": { "texture": "#cactus1", "uv": [ 0.0, 11.5, 2.5, 14.5 ] },
														"west": { "texture": "#cactus1", "uv": [ 0.5, 5.0, 3.0, 8.0 ] },
														"up": { "texture": "#cactus1", "uv": [ 2.0, 2.0, 4.5, 4.5 ] },
														"down": { "texture": "#cactus1", "uv": [ 4.0, 0.5, 6.5, 3.0 ] }
													},
													"children": [
														{
															"name": "Stalk base 4",
															"from": [ -0.2, 3.0, -0.2 ],
															"to": [ 2.8, 9.0, 2.8 ],
															"rotationOrigin": [ -0.2, 3.0, -0.2 ],
															"rotationZ": -9.0,
															"faces": {
																"north": { "texture": "#cactus1", "uv": [ 2.5, 1.5, 5.5, 7.5 ] },
																"east": { "texture": "#cactus1", "uv": [ 2.0, 5.5, 5.0, 11.5 ] },
																"south": { "texture": "#cactus1", "uv": [ 1.0, 1.5, 4.0, 7.5 ] },
																"west": { "texture": "#cactus1", "uv": [ 2.0, 9.0, 5.0, 15.0 ] },
																"up": { "texture": "#cactus1", "uv": [ 0.0, 11.0, 3.0, 14.0 ] },
																"down": { "texture": "#cactus1", "uv": [ 3.0, 12.5, 6.0, 15.5 ] }
															}
														}
													]
												}
											]
										}
									]
								},
								{
									"name": "Stalk base 5",
									"from": [ 3.0, 4.5, 2.6 ],
									"to": [ 5.0, 8.5, 4.6 ],
									"rotationOrigin": [ 3.0, 4.5, 2.6 ],
									"rotationY": -180.0,
									"rotationZ": 45.0,
									"faces": {
										"north": { "texture": "#cactus2", "uv": [ 1.0, 9.5, 3.0, 13.5 ] },
										"east": { "texture": "#cactus2", "uv": [ 4.0, 11.0, 6.0, 15.0 ] },
										"south": { "texture": "#cactus2", "uv": [ 3.5, 2.0, 5.5, 6.0 ] },
										"west": { "texture": "#cactus2", "uv": [ 4.0, 11.5, 6.0, 15.5 ] },
										"up": { "texture": "#cactus2", "uv": [ 2.5, 8.5, 4.5, 10.5 ] },
										"down": { "texture": "#cactus2", "uv": [ 3.0, 6.0, 5.0, 8.0 ] }
									},
									"children": [
										{
											"name": "Stalk base 6",
											"from": [ -0.4, 4.0, -0.5 ],
											"to": [ 2.6, 9.0, 2.5 ],
											"rotationOrigin": [ -0.4, 4.0, -0.5 ],
											"rotationZ": -22.5,
											"faces": {
												"north": { "texture": "#cactus2", "uv": [ 3.5, 8.0, 6.5, 13.0 ] },
												"east": { "texture": "#cactus2", "uv": [ 4.5, 4.0, 7.5, 9.0 ] },
												"south": { "texture": "#cactus2", "uv": [ 0.0, 5.5, 3.0, 10.5 ] },
												"west": { "texture": "#cactus2", "uv": [ 2.5, 6.5, 5.5, 11.5 ] },
												"up": { "texture": "#cactus2", "uv": [ 3.5, 9.5, 6.5, 12.5 ] },
												"down": { "texture": "#cactus2", "uv": [ 3.5, 4.0, 6.5, 7.0 ] }
											},
											"children": [
												{
													"name": "Stalk base 7",
													"from": [ 0.2, 4.8, 0.2 ],
													"to": [ 2.8, 7.8, 2.8 ],
													"rotationOrigin": [ 0.2, 4.8, 0.2 ],
													"rotationZ": -5.0,
													"faces": {
														"north": { "texture": "#cactus1", "uv": [ 0.0, 1.0, 2.5, 4.0 ] },
														"east": { "texture": "#cactus1", "uv": [ 4.5, 11.0, 7.0, 14.0 ] },
														"south": { "texture": "#cactus1", "uv": [ 2.0, 2.5, 4.5, 5.5 ] },
														"west": { "texture": "#cactus1", "uv": [ 2.0, 8.0, 4.5, 11.0 ] },
														"up": { "texture": "#cactus1", "uv": [ 1.0, 3.5, 3.5, 6.0 ] },
														"down": { "texture": "#cactus1", "uv": [ 2.0, 7.0, 4.5, 9.5 ] }
													},
													"children": [
														{
															"name": "Stalk base 8",
															"from": [ -0.2, 3.0, -0.2 ],
															"to": [ 2.8, 9.0, 2.8 ],
															"rotationOrigin": [ -0.2, 3.0, -0.2 ],
															"rotationZ": -9.0,
															"faces": {
																"north": { "texture": "#cactus1", "uv": [ 1.0, 7.5, 4.0, 13.5 ] },
																"east": { "texture": "#cactus1", "uv": [ 4.0, 4.5, 7.0, 10.5 ] },
																"south": { "texture": "#cactus1", "uv": [ 0.0, 7.0, 3.0, 13.0 ] },
																"west": { "texture": "#cactus1", "uv": [ 3.0, 1.0, 6.0, 7.0 ] },
																"up": { "texture": "#cactus1", "uv": [ 3.5, 3.5, 6.5, 6.5 ] },
																"down": { "texture": "#cactus1", "uv": [ 3.5, 3.0, 6.5, 6.0 ] }
															},
															"children": [
																{
																	"name": "Stalk base 9",
																	"from": [ 0.2, 5.2, 0.2 ],
																	"to": [ 2.8, 8.2, 2.8 ],
																	"rotationOrigin": [ 0.2, 5.2, 0.2 ],
																	"rotationZ": -5.0,
																	"faces": {
																		"north": { "texture": "#cactus1", "uv": [ 5.0, 6.5, 7.5, 9.5 ] },
																		"east": { "texture": "#cactus1", "uv": [ 0.5, 12.5, 3.0, 15.5 ] },
																		"south": { "texture": "#cactus1", "uv": [ 4.5, 6.0, 7.0, 9.0 ] },
																		"west": { "texture": "#cactus1", "uv": [ 0.5, 9.5, 3.0, 12.5 ] },
																		"up": { "texture": "#cactus1", "uv": [ 0.5, 1.5, 3.0, 4.0 ] },
																		"down": { "texture": "#cactus1", "uv": [ 4.0, 11.0, 6.5, 13.5 ] }
																	},
																	"children": [
																		{
																			"name": "Stalk base 10",
																			"from": [ -0.2, 3.0, -0.2 ],
																			"to": [ 2.8, 9.0, 2.8 ],
																			"rotationOrigin": [ -0.2, 3.0, -0.2 ],
																			"faces": {
																				"north": { "texture": "#cactus1", "uv": [ 0.0, 3.5, 3.0, 9.5 ] },
																				"east": { "texture": "#cactus1", "uv": [ 0.0, 9.5, 3.0, 15.5 ] },
																				"south": { "texture": "#cactus1", "uv": [ 2.5, 5.0, 5.5, 11.0 ] },
																				"west": { "texture": "#cactus1", "uv": [ 1.5, 2.5, 4.5, 8.5 ] },
																				"up": { "texture": "#cactus1", "uv": [ 0.0, 5.5, 3.0, 8.5 ] },
																				"down": { "texture": "#cactus1", "uv": [ 0.0, 8.5, 3.0, 11.5 ] }
																			}
																		}
																	]
																}
															]
														}
													]
												}
											]
										}
									]
								}
							]
						}
					]
				}
			]
		}
	]}