[
  {
    "op": "remove",
    "path": "/guitransformByType/*",
    "file": "game:blocktypes/plant/flower.json",
    "side": "Server"
  },
  {
    "op": "addmerge",
    "path": "/guitransformByType/*-pinklilyofthevalley-*",
    "value": {
			rotation: { x: -33, y: -150, z: 0 },
			origin: { x: 0.5, y: 0.42, z: 0.5 },
			scale: 1.63
		},
    "file": "game:blocktypes/plant/flower.json",
    "side": "Server"
  },
  {
    "op": "addmerge",
    "path": "/guitransformByType/*-purplelilyofthevalley-*",
    "value": {
			rotation: { x: -33, y: -150, z: 0 },
			origin: { x: 0.5, y: 0.42, z: 0.5 },
			scale: 1.63
		},
    "file": "game:blocktypes/plant/flower.json",
    "side": "Server"
  },
  {
    "op": "addmerge",
    "path": "/guitransformByType/*-pinkforgetmenot-*",
    "value": {
			rotation: { x: -33, y: -18, z: 0 },
			origin: { x: 0.44, y: 0.2, z: 0.57 },
			scale: 1.63
		},
    "file": "game:blocktypes/plant/flower.json",
    "side": "Server"
  },
  {
    "op": "addmerge",
    "path": "/guitransformByType/*-blueforgetmenot-*",
    "value": {
			rotation: { x: -33, y: -18, z: 0 },
			origin: { x: 0.44, y: 0.2, z: 0.57 },
			scale: 1.63
		},
    "file": "game:blocktypes/plant/flower.json",
    "side": "Server"
  },
  {
    "op": "addmerge",
    "path": "/guitransformByType/*",
    "value": {
			rotation: { x: 0, y: 0, z: 0 },
			origin: { x: 0.5, y: 0.6, z: 0.5 },
		},
    "file": "game:blocktypes/plant/flower.json",
    "side": "Server"
  },
]