[
  {
    "op": "remove",
    "path": "/texturesByType/*",
    "file": "game:blocktypes/plant/flower.json",
    "side": "Server"
  },
  {
    "op": "addmerge",
    "path": "/texturesByType/*-redmallow-*",
    "value": {
			north1: { base: "block/plant/flower/petal/{flower}1" },
			south1: { base: "block/plant/flower/petal/{flower}3" },
			northTinted1: { base: "block/plant/flower/stem/{flower}1" },
			southTinted1: { base: "block/plant/flower/stem/{flower}3" },
			flower2: { base: "block/plant/flower/petal/{flower}2" },
			flower2Tinted: { base: "block/plant/flower/stem/{flower}2" }
		},
    "file": "game:blocktypes/plant/flower.json",
    "side": "Server"
  },
  {
    "op": "addmerge",
    "path": "/texturesByType/*-yellowmallow-*",
    "value": {
			north1: { base: "block/plant/flower/petal/{flower}1" },
			south1: { base: "block/plant/flower/petal/{flower}3" },
			northTinted1: { base: "block/plant/flower/stem/{flower}1" },
			southTinted1: { base: "block/plant/flower/stem/{flower}3" },
			flower2: { base: "block/plant/flower/petal/{flower}2" },
			flower2Tinted: { base: "block/plant/flower/stem/{flower}2" }
		},
    "file": "game:blocktypes/plant/flower.json",
    "side": "Server"
  },
  {
    "op": "addmerge",
    "path": "/texturesByType/*-bluewmallow-*",
    "value": {
			north1: { base: "block/plant/flower/petal/{flower}1" },
			south1: { base: "block/plant/flower/petal/{flower}3" },
			northTinted1: { base: "block/plant/flower/stem/{flower}1" },
			southTinted1: { base: "block/plant/flower/stem/{flower}3" },
			flower2: { base: "block/plant/flower/petal/{flower}2" },
			flower2Tinted: { base: "block/plant/flower/stem/{flower}2" }
		},
    "file": "game:blocktypes/plant/flower.json",
    "side": "Server"
  },
  {
    "op": "addmerge",
    "path": "/texturesByType/*-pinkmallow-*",
    "value": {
			north1: { base: "block/plant/flower/petal/{flower}1" },
			south1: { base: "block/plant/flower/petal/{flower}3" },
			northTinted1: { base: "block/plant/flower/stem/{flower}1" },
			southTinted1: { base: "block/plant/flower/stem/{flower}3" },
			flower2: { base: "block/plant/flower/petal/{flower}2" },
			flower2Tinted: { base: "block/plant/flower/stem/{flower}2" }
		},
    "file": "game:blocktypes/plant/flower.json",
    "side": "Server"
  },
  {
    "op": "addmerge",
    "path": "/texturesByType/*-bluepoppy-*",
    "value": {
			north1: { base: "block/plant/flower/petal/{flower}1" },
			south1: { base: "block/plant/flower/petal/{flower}1" },
			northTinted1: { base: "block/plant/flower/stem/{flower}1" },
			southTinted1: { base: "block/plant/flower/stem/{flower}1" },
			north2: { base: "block/plant/flower/petal/{flower}2" },
			south2: { base: "block/plant/flower/petal/{flower}2" },
			northTinted2: { base: "block/plant/flower/stem/{flower}2" },
			southTinted2: { base: "block/plant/flower/stem/{flower}2" },
			north3: { base: "block/plant/flower/petal/{flower}3" },
			south3: { base: "block/plant/flower/petal/{flower}3" },
			northTinted3: { base: "block/plant/flower/stem/{flower}3" },
			southTinted3: { base: "block/plant/flower/stem/{flower}3" }
		},
    "file": "game:blocktypes/plant/flower.json",
    "side": "Server"
  },
  {
    "op": "addmerge",
    "path": "/texturesByType/*-redpoppy-*",
    "value": {
			north1: { base: "block/plant/flower/petal/{flower}1" },
			south1: { base: "block/plant/flower/petal/{flower}1" },
			northTinted1: { base: "block/plant/flower/stem/{flower}1" },
			southTinted1: { base: "block/plant/flower/stem/{flower}1" },
			north2: { base: "block/plant/flower/petal/{flower}2" },
			south2: { base: "block/plant/flower/petal/{flower}2" },
			northTinted2: { base: "block/plant/flower/stem/{flower}2" },
			southTinted2: { base: "block/plant/flower/stem/{flower}2" },
			north3: { base: "block/plant/flower/petal/{flower}3" },
			south3: { base: "block/plant/flower/petal/{flower}3" },
			northTinted3: { base: "block/plant/flower/stem/{flower}3" },
			southTinted3: { base: "block/plant/flower/stem/{flower}3" }
		},
    "file": "game:blocktypes/plant/flower.json",
    "side": "Server"
  },
  {
    "op": "addmerge",
    "path": "/texturesByType/*-pinkpoppy-*",
    "value": {
			north1: { base: "block/plant/flower/petal/{flower}1" },
			south1: { base: "block/plant/flower/petal/{flower}1" },
			northTinted1: { base: "block/plant/flower/stem/{flower}1" },
			southTinted1: { base: "block/plant/flower/stem/{flower}1" },
			north2: { base: "block/plant/flower/petal/{flower}2" },
			south2: { base: "block/plant/flower/petal/{flower}2" },
			northTinted2: { base: "block/plant/flower/stem/{flower}2" },
			southTinted2: { base: "block/plant/flower/stem/{flower}2" },
			north3: { base: "block/plant/flower/petal/{flower}3" },
			south3: { base: "block/plant/flower/petal/{flower}3" },
			northTinted3: { base: "block/plant/flower/stem/{flower}3" },
			southTinted3: { base: "block/plant/flower/stem/{flower}3" }
		},
    "file": "game:blocktypes/plant/flower.json",
    "side": "Server"
  },
  {
    "op": "addmerge",
    "path": "/texturesByType/*-yellowpoppy-*",
    "value": {
			north1: { base: "block/plant/flower/petal/{flower}1" },
			south1: { base: "block/plant/flower/petal/{flower}1" },
			northTinted1: { base: "block/plant/flower/stem/{flower}1" },
			southTinted1: { base: "block/plant/flower/stem/{flower}1" },
			north2: { base: "block/plant/flower/petal/{flower}2" },
			south2: { base: "block/plant/flower/petal/{flower}2" },
			northTinted2: { base: "block/plant/flower/stem/{flower}2" },
			southTinted2: { base: "block/plant/flower/stem/{flower}2" },
			north3: { base: "block/plant/flower/petal/{flower}3" },
			south3: { base: "block/plant/flower/petal/{flower}3" },
			northTinted3: { base: "block/plant/flower/stem/{flower}3" },
			southTinted3: { base: "block/plant/flower/stem/{flower}3" }
		},
    "file": "game:blocktypes/plant/flower.json",
    "side": "Server"
  },
  {
    "op": "addmerge",
    "path": "/texturesByType/*",
    "value": {
			north1: { base: "block/plant/flower/petal/{flower}*" },
			south1: { base: "block/plant/flower/petal/{flower}*" },
			northTinted1: { base: "block/plant/flower/stem/{flower}*" },
			southTinted1: { base: "block/plant/flower/stem/{flower}*" },
			north2: { base: "block/plant/flower/petal/{flower}*" },
			south2: { base: "block/plant/flower/petal/{flower}*" },
			northTinted2: { base: "block/plant/flower/stem/{flower}*" },
			southTinted2: { base: "block/plant/flower/stem/{flower}*" },
			north3: { base: "block/plant/flower/petal/{flower}*" },
			south3: { base: "block/plant/flower/petal/{flower}*" },
			northTinted3: { base: "block/plant/flower/stem/{flower}*" },
			southTinted3: { base: "block/plant/flower/stem/{flower}*" },
			flower2: { base: "block/plant/flower/petal/{flower}*" },
			flower2Tinted: { base: "block/plant/flower/stem/{flower}*" }
		},
    "file": "game:blocktypes/plant/flower.json",
    "side": "Server"
  },
]