[
     {
        "op": "addeach",
        "path": "/attributes/contentConfig/0",
        "side": "server",
        "value": [ 
            { "code": "capparisspinosafruit",
                "content": { "type": "item", "code": "floralzonesmediterraneanregion:fruit-capparisspinosa" },
                "quantityPerFillLevel":1,
                "maxFillLevels": 8,
                "shapesPerFillLevel": [ "block/wood/trough/small/grainfill1", "block/wood/trough/small/grainfill1", 
                                        "block/wood/trough/small/grainfill2", "block/wood/trough/small/grainfill2",
                                        "block/wood/trough/small/grainfill3", "block/wood/trough/small/grainfill3",
                                        "block/wood/trough/small/grainfill4", "block/wood/trough/small/grainfill4" ],
                "textureCode": "contents-fruit-capparisspinosa" },
            { "code": "vitisviniferaredfruitmash",
                "content": { "type": "item", "code": "floralzonesmediterraneanregion:pressedmash-vitisvinifera-red" },
                "quantityPerFillLevel":1,
                "maxFillLevels": 8,
                "shapesPerFillLevel": [ "block/wood/trough/small/grainfill1", "block/wood/trough/small/grainfill1", 
                                        "block/wood/trough/small/grainfill2", "block/wood/trough/small/grainfill2",
                                        "block/wood/trough/small/grainfill3", "block/wood/trough/small/grainfill3",
                                        "block/wood/trough/small/grainfill4", "block/wood/trough/small/grainfill4" ],
                "textureCode": "contents-pressedmash-vitisvinifera-red" },
            { "code": "vitisviniferawhitefruitmash",
                "content": { "type": "item", "code": "floralzonesmediterraneanregion:pressedmash-vitisvinifera-white" },
                "quantityPerFillLevel":1,
                "maxFillLevels": 8,
                "shapesPerFillLevel": [ "block/wood/trough/small/grainfill1", "block/wood/trough/small/grainfill1", 
                                        "block/wood/trough/small/grainfill2", "block/wood/trough/small/grainfill2",
                                        "block/wood/trough/small/grainfill3", "block/wood/trough/small/grainfill3",
                                        "block/wood/trough/small/grainfill4", "block/wood/trough/small/grainfill4" ],
                "textureCode": "contents-pressedmash-vitisvinifera-white" } ],
        "file": "game:blocktypes/wood/trough-small.json"
    },
    {
        "op": "addmerge",
        "path": "/textures",
        "side": "server",
        "value": {
            "contents-fruit-capparisspinosa": {
                "base": "block/food/pie/fill-capparisspinosa",
                "overlays": [
                  "block/wood/trough/small/shadow"
                ]
            },
            "contents-pressedmash-vitisvinifera-red": {
                "base": "block/food/pie/fill-vitisvinifera-red",
                "overlays": [
                  "block/wood/trough/small/shadow"
                ]
            },
            "contents-pressedmash-vitisvinifera-white": {
                "base": "block/food/pie/fill-vitisvinifera-white",
                "overlays": [
                  "block/wood/trough/small/shadow"
                ]
            }
        },
        "file": "game:blocktypes/wood/trough-small.json"
    }
]