[
     {
        "op": "addeach",
        "path": "/attributes/contentConfig/0",
        "side": "server",
        "value": [ 
            { "code": "capparisspinosa",
                "content": { "type": "item", "code": "floralzonesmediterraneanregion:vegetable-capparisspinosa" },
                "quantityPerFillLevel": 2,
                "maxFillLevels": 8,
                "shapesPerFillLevel": [ "block/wood/trough/large/grainfill1", "block/wood/trough/large/grainfill1", 
                                        "block/wood/trough/large/grainfill2", "block/wood/trough/large/grainfill2",
                                        "block/wood/trough/large/grainfill3", "block/wood/trough/large/grainfill3",
                                        "block/wood/trough/large/grainfill4", "block/wood/trough/large/grainfill4" ],
                "textureCode": "contents-capparisspinosa" },
            { "code": "cynaracardunculus",
                "content": { "type": "item", "code": "floralzonesmediterraneanregion:vegetable-cynaracardunculus" },
                "quantityPerFillLevel": 2,
                "maxFillLevels": 8,
                "shapesPerFillLevel": [ "block/wood/trough/large/grainfill1", "block/wood/trough/large/grainfill1", 
                                        "block/wood/trough/large/grainfill2", "block/wood/trough/large/grainfill2",
                                        "block/wood/trough/large/grainfill3", "block/wood/trough/large/grainfill3",
                                        "block/wood/trough/large/grainfill4", "block/wood/trough/large/grainfill4" ],
                "textureCode": "contents-cynaracardunculus" },
            { "code": "cynaracardunculusscolymus",
                "content": { "type": "item", "code": "floralzonesmediterraneanregion:vegetable-cynaracardunculusscolymus" },
                "quantityPerFillLevel": 2,
                "maxFillLevels": 8,
                "shapesPerFillLevel": [ "block/wood/trough/large/grainfill1", "block/wood/trough/large/grainfill1", 
                                        "block/wood/trough/large/grainfill2", "block/wood/trough/large/grainfill2",
                                        "block/wood/trough/large/grainfill3", "block/wood/trough/large/grainfill3",
                                        "block/wood/trough/large/grainfill4", "block/wood/trough/large/grainfill4" ],
                "textureCode": "contents-cynaracardunculusscolymus" },
            { "code": "ferulacommunis",
                "content": { "type": "item", "code": "floralzonesmediterraneanregion:vegetable-ferulacommunis" },
                "quantityPerFillLevel": 2,
                "maxFillLevels": 8,
                "shapesPerFillLevel": [ "block/wood/trough/large/grainfill1", "block/wood/trough/large/grainfill1", 
                                        "block/wood/trough/large/grainfill2", "block/wood/trough/large/grainfill2",
                                        "block/wood/trough/large/grainfill3", "block/wood/trough/large/grainfill3",
                                        "block/wood/trough/large/grainfill4", "block/wood/trough/large/grainfill4" ],
                "textureCode": "contents-ferulacommunis" },
            { "code": "laurusnobilis",
                "content": { "type": "item", "code": "floralzonesmediterraneanregion:vegetable-laurusnobilis" },
                "quantityPerFillLevel": 2,
                "maxFillLevels": 8,
                "shapesPerFillLevel": [ "block/wood/trough/large/grainfill1", "block/wood/trough/large/grainfill1", 
                                        "block/wood/trough/large/grainfill2", "block/wood/trough/large/grainfill2",
                                        "block/wood/trough/large/grainfill3", "block/wood/trough/large/grainfill3",
                                        "block/wood/trough/large/grainfill4", "block/wood/trough/large/grainfill4" ],
                "textureCode": "contents-laurusnobilis" },
            { "code": "capparisspinosafruit",
                "content": { "type": "item", "code": "floralzonesmediterraneanregion:fruit-capparisspinosa" },
                "quantityPerFillLevel": 2,
                "maxFillLevels": 8,
                "shapesPerFillLevel": [ "block/wood/trough/large/grainfill1", "block/wood/trough/large/grainfill1", 
                                        "block/wood/trough/large/grainfill2", "block/wood/trough/large/grainfill2",
                                        "block/wood/trough/large/grainfill3", "block/wood/trough/large/grainfill3",
                                        "block/wood/trough/large/grainfill4", "block/wood/trough/large/grainfill4" ],
                "textureCode": "contents-fruit-capparisspinosa" },
            { "code": "vitisviniferaredfruitmash",
                "content": { "type": "item", "code": "floralzonesmediterraneanregion:pressedmash-vitisvinifera-red" },
                "quantityPerFillLevel": 2,
                "maxFillLevels": 8,
                "shapesPerFillLevel": [ "block/wood/trough/large/grainfill1", "block/wood/trough/large/grainfill1", 
                                        "block/wood/trough/large/grainfill2", "block/wood/trough/large/grainfill2",
                                        "block/wood/trough/large/grainfill3", "block/wood/trough/large/grainfill3",
                                        "block/wood/trough/large/grainfill4", "block/wood/trough/large/grainfill4" ],
                "textureCode": "contents-pressedmash-vitisvinifera-red" },
            { "code": "vitisviniferawhitefruitmash",
                "content": { "type": "item", "code": "floralzonesmediterraneanregion:pressedmash-vitisvinifera-white" },
                "quantityPerFillLevel": 2,
                "maxFillLevels": 8,
                "shapesPerFillLevel": [ "block/wood/trough/large/grainfill1", "block/wood/trough/large/grainfill1", 
                                        "block/wood/trough/large/grainfill2", "block/wood/trough/large/grainfill2",
                                        "block/wood/trough/large/grainfill3", "block/wood/trough/large/grainfill3",
                                        "block/wood/trough/large/grainfill4", "block/wood/trough/large/grainfill4" ],
                "textureCode": "contents-pressedmash-vitisvinifera-white" } ],
        "file": "game:blocktypes/wood/trough-large.json"
    },
    {
        "op": "addmerge",
        "path": "/textures",
        "side": "server",
        "value": {
            "contents-capparisspinosa": {
                "base": "block/food/pie/fill-capparisspinosa",
                "overlays": [
                  "block/wood/trough/large/shadow"
                ]
            },
            "contents-cynaracardunculus": {
                "base": "block/food/pie/fill-cynaracardunculusscolymuspetals",
                "overlays": [
                  "block/wood/trough/large/shadow"
                ]
            },
            "contents-cynaracardunculusscolymus": {
                "base": "block/food/pie/fill-cynaracardunculusscolymuspetals",
                "overlays": [
                  "block/wood/trough/large/shadow"
                ]
            },
            "contents-ferulacommunis": {
                "base": "block/food/pie/fill-ferulacommunis",
                "overlays": [
                  "block/wood/trough/large/shadow"
                ]
            },
            "contents-laurusnobilis": {
                "base": "block/wood/barrel/pickled-cabbage",
                "overlays": [
                  "block/wood/trough/large/shadow"
                ]
            },
            "contents-fruit-capparisspinosa": {
                "base": "block/food/pie/fill-capparisspinosa",
                "overlays": [
                  "block/wood/trough/large/shadow"
                ]
            },
            "contents-pressedmash-vitisvinifera-red": {
                "base": "block/food/pie/fill-vitisvinifera-red",
                "overlays": [
                  "block/wood/trough/large/shadow"
                ]
            },
            "contents-pressedmash-vitisvinifera-white": {
                "base": "block/food/pie/fill-vitisvinifera-white",
                "overlays": [
                  "block/wood/trough/large/shadow"
                ]
            }
        },
        "file": "game:blocktypes/wood/trough-large.json"
    }
]