{
	"editor": {
		"allAngles": false,
		"entityTextureMode": false
	},
	"textureWidth": 16,
	"textureHeight": 16,
	"textureSizes": {
	},
	"textures": {
	},
	"elements": [
		{
			"name": "W",
			"from": [ 0.0, 2.0, 6.5 ],
			"to": [ 3.0, 14.0, 9.5 ],
			"rotationOrigin": [ 1.5, 2.0, 8.0 ],
			"faces": {
				"north": { "texture": "#vertical", "uv": [ 0.0, 0.0, 3.0, 12.0 ] },
				"east": { "texture": "#vertical", "uv": [ 3.0, 0.0, 6.0, 12.0 ] },
				"south": { "texture": "#vertical", "uv": [ 6.0, 0.0, 9.0, 12.0 ] },
				"west": { "texture": "#vertical", "uv": [ 9.0, 0.0, 12.0, 12.0 ] },
				"up": { "texture": "#vertical", "uv": [ 5.0, 0.0, 8.0, 3.0 ] },
				"down": { "texture": "#vertical", "uv": [ 6.5, 0.0, 9.5, 3.0 ] }
			},
			"children": [
				{
					"name": "E",
					"from": [ 13.0, -1.0, 0.0 ],
					"to": [ 16.0, 13.0, 3.0 ],
					"rotationOrigin": [ 14.5, -1.0, 1.5 ],
					"faces": {
						"north": { "texture": "#vertical", "uv": [ 13.0, 0.0, 16.0, 14.0 ] },
						"east": { "texture": "#vertical", "uv": [ 10.0, 0.0, 13.0, 14.0 ] },
						"south": { "texture": "#vertical", "uv": [ 7.0, 0.0, 10.0, 14.0 ] },
						"west": { "texture": "#vertical", "uv": [ 4.0, 0.0, 7.0, 14.0 ] },
						"up": { "texture": "#vertical", "uv": [ 0.0, 0.0, 3.0, 3.0 ] },
						"down": { "texture": "#vertical", "uv": [ 0.0, 0.0, 3.0, 3.0 ] }
					}
				},
				{
					"name": "horizontal up",
					"from": [ 3.0, 8.0, 0.5 ],
					"to": [ 13.0, 11.0, 2.5 ],
					"rotationOrigin": [ 8.0, 9.0, 1.5 ],
					"faces": {
						"north": { "texture": "#horizontal", "uv": [ 0.0, 11.0, 10.0, 14.0 ] },
						"east": { "texture": "#horizontal", "uv": [ 0.0, 0.0, 2.0, 3.0 ] },
						"south": { "texture": "#horizontal", "uv": [ 0.0, 5.0, 10.0, 8.0 ] },
						"west": { "texture": "#horizontal", "uv": [ 0.0, 0.0, 2.0, 3.0 ] },
						"up": { "texture": "#horizontal", "uv": [ 0.0, 7.0, 10.0, 9.0 ] },
						"down": { "texture": "#horizontal", "uv": [ 0.0, 0.0, 10.0, 2.0 ] }
					}
				}
			]
		}
	]}