{
	"editor": {
		"allAngles": false,
		"entityTextureMode": false
	},
	"textureWidth": 8,
	"textureHeight": 8,
	"textureSizes": {
	},
	"textures": {
		"redwood": "game:item/resource/seeds/redwood"
	},
	"elements": [
		{
			"name": "origin",
			"from": [ 8.0, 0.0, 8.0 ],
			"to": [ 8.0, 0.0, 8.0 ],
			"rotationOrigin": [ 8.0, 0.0, 8.0 ],
			"faces": {
			},
			"children": [
				{
					"name": "cone",
					"from": [ -1.3, 0.8, -1.4 ],
					"to": [ 1.2, 2.8, 1.1 ],
					"rotationOrigin": [ -0.1, 2.8, -0.2 ],
					"faces": {
						"north": { "texture": "#redwood", "uv": [ 2.0, 2.0, 4.5, 4.0 ] },
						"east": { "texture": "#redwood", "uv": [ 3.0, 3.0, 5.5, 5.0 ] },
						"south": { "texture": "#redwood", "uv": [ 0.0, 0.0, 2.5, 2.0 ] },
						"west": { "texture": "#redwood", "uv": [ 1.0, 1.0, 3.5, 3.0 ] },
						"up": { "texture": "#redwood", "uv": [ 0.0, 0.0, 2.5, 2.5 ] },
						"down": { "texture": "#redwood", "uv": [ 0.0, 0.0, 2.5, 2.5 ] }
					},
					"children": [
						{
							"name": "down",
							"from": [ 0.4, -0.8, 0.4 ],
							"to": [ 2.2, 0.2, 2.2 ],
							"rotationOrigin": [ 1.2, 0.2, 1.2 ],
							"faces": {
								"north": { "texture": "#redwood", "uv": [ 1.5, 1.0, 3.0, 2.0 ] },
								"east": { "texture": "#redwood", "uv": [ 1.5, 1.5, 3.0, 2.5 ] },
								"south": { "texture": "#redwood", "uv": [ 2.5, 2.0, 4.0, 3.0 ] },
								"west": { "texture": "#redwood", "uv": [ 1.5, 1.5, 3.0, 2.5 ] },
								"down": { "texture": "#redwood", "uv": [ 2.0, 1.5, 3.5, 3.0 ] }
							}
						},
						{
							"name": "top",
							"from": [ 0.4, 1.8, 0.4 ],
							"to": [ 2.2, 2.8, 2.2 ],
							"rotationOrigin": [ 1.3, 1.8, 1.3 ],
							"faces": {
								"north": { "texture": "#redwood", "uv": [ 0.5, 1.5, 2.0, 2.5 ] },
								"east": { "texture": "#redwood", "uv": [ 2.0, 2.0, 3.5, 3.0 ] },
								"south": { "texture": "#redwood", "uv": [ 3.0, 2.0, 4.5, 3.0 ] },
								"west": { "texture": "#redwood", "uv": [ 3.0, 1.5, 4.5, 2.5 ] },
								"up": { "texture": "#redwood", "uv": [ 1.5, 2.0, 3.0, 3.5 ] }
							}
						},
						{
							"name": "stem",
							"from": [ 1.1, 2.7, 1.1 ],
							"to": [ 1.5, 4.0, 1.5 ],
							"rotationOrigin": [ 1.3, 2.7, 1.3 ],
							"rotationX": 5.0,
							"rotationZ": 15.0,
							"faces": {
								"north": { "texture": "#redwood", "uv": [ 0.0, 0.0, 0.5, 1.0 ] },
								"east": { "texture": "#redwood", "uv": [ 0.0, 0.0, 0.5, 1.0 ] },
								"south": { "texture": "#redwood", "uv": [ 0.0, 0.0, 0.5, 1.0 ] },
								"west": { "texture": "#redwood", "uv": [ 0.0, 0.0, 0.5, 1.0 ] },
								"up": { "texture": "#redwood", "uv": [ 0.0, 0.0, 0.5, 0.5 ] }
							}
						}
					]
				}
			]
		}
	]}