{
	"editor": {
		"allAngles": false,
		"singleTexture": false
	},
	"textureWidth": 16,
	"textureHeight": 16,
	"textures": {
		"sabalpalmettobread": "item/food/grain/sabalpalmettobread"
	},
	"elements": [
		{
			"name": "sabalpalmettobread 19",
			"from": [ 6.25, 0.0, 5.5 ], 
			"to": [ 9.75, 1.5, 10.5 ], 
			"rotationOrigin": [ 7.6, 0.0, 7.0 ],
			"faces": {
				"north": { "texture": "#sabalpalmettobread", "uv": [ 7.0, 9.5, 10.5, 11.0 ] },
				"east": { "texture": "#sabalpalmettobread", "uv": [ 0.0, 14.0, 5.0, 15.5 ] },
				"south": { "texture": "#sabalpalmettobread", "uv": [ 0.5, 8.0, 4.0, 9.5 ] },
				"west": { "texture": "#sabalpalmettobread", "uv": [ 0.0, 8.0, 5.0, 9.5 ] },
				"up": { "texture": "#sabalpalmettobread", "uv": [ 0.5, 10.0, 4.0, 15.0 ] },
				"down": { "texture": "#sabalpalmettobread", "uv": [ 5.5, 9.5, 9.0, 14.5 ] }
			},
			"children": [
				{
					"name": "sabalpalmettobread 1 top20",
					"from": [ 0.5, 1.5, 0.5 ], 
					"to": [ 3.0, 2.0, 4.5 ], 
					"faces": {
						"north": { "texture": "#sabalpalmettobread", "uv": [ 1.5, 9.5, 4.0, 10.0 ] },
						"east": { "texture": "#sabalpalmettobread", "uv": [ 0.0, 10.0, 0.5, 14.0 ], "rotation": 90 },
						"south": { "texture": "#sabalpalmettobread", "uv": [ 1.0, 11.0, 3.5, 11.5 ] },
						"west": { "texture": "#sabalpalmettobread", "uv": [ 4.0, 9.5, 4.5, 13.5 ], "rotation": 90 },
						"up": { "texture": "#sabalpalmettobread", "uv": [ 1.0, 9.5, 3.5, 13.5 ] },
						"down": { "texture": "#sabalpalmettobread", "uv": [ 5.0, 2.0, 7.5, 6.0 ], "enabled": false }
					}
				}
			]
		}
	]}