﻿[
    // Elephantidae
    {
        "side": "server",
        "file": "elephantidae:entities/land/elephantidae",
        "op": "add",
        "path": "/server/behaviors/-",
        "value": {
            "code": "EntityFootprintsBehaviorSync",
            "attributes": {
                "texture": "elephantidae",
                "stepDistance": 0.8
            }
        }
    },
    {
        "side": "server",
        "file": "elephantidae:entities/land/elephantidae",
        "op": "add",
        "path": "/client/behaviors/-",
        "value": {
            "code": "EntityFootprintsBehavior",
            "attributes": {
                "texture": "elephantidae",
                "stepDistance": 0.8
            }
        }
    },
]