﻿[
	{
		"ingredientPattern": "WWW,WSW,WWW",
		"width": 3,
		"height": 3,
		"ingredients": {
			"W": {
				"type": "block",
				"code": "electricalprogressivebasics:ecable-32v-copper-single-part",
				"quantity": 1
			},
			"S": {
				"type": "item",
				"code": "game:hammer-*",
				"isTool": true,
				"toolDurabilityCost": 8
			}
		},
		"output": {
			"type": "item",
			"code": "electricalprogressivebasics:coil",
			"quantity": 8
		}
	},
	{
		"ingredientPattern": "HI",
		"width": 1,
		"height": 2,
		"ingredients": {
			"H": {
				"type": "item",
				"code": "game:chisel-*",
				"isTool": true,
				"toolDurabilityCost": 2
			},
			"I": {
				"type": "item",
				"code": "electricalprogressivebasics:coil",
				"quantity": 8
			}
		},
		"output": {
			"type": "item",
			"code": "game:metalbit-copper",
			"quantity": 10
		}
	}
]
