[
  {
    "op": "add",
    "path": "/transitionablePropsByType",
    "value": {
      "*-flax": [
        {
          "type": "Perish",
          "freshHours": {
            "avg": 2160
          },
          "transitionHours": {
            "avg": 224
          },
          "transitionedStack": {
            "type": "item",
            "code": "rot"
          },
          "transitionRatio": 1
        }
      ],
	  "*-rye": [
        {
          "type": "Perish",
          "freshHours": {
            "avg": 2160
          },
          "transitionHours": {
            "avg": 224
          },
          "transitionedStack": {
            "type": "item",
            "code": "rot"
          },
          "transitionRatio": 1
        }
      ],
      "*-spelt": [
        {
          "type": "Perish",
          "freshHours": {
            "avg": 2160
          },
          "spoilHours": {
            "avg": 224
          },
          "transitionedStack": {
            "type": "item",
            "code": "rot"
          },
          "transitionRatio": 1
        }
      ],
      "*-rice": [
        {
          "type": "Perish",
          "freshHours": {
            "avg": 2160
          },
          "spoilHours": {
            "avg": 224
          },
          "transitionedStack": {
            "type": "item",
            "code": "rot"
          },
          "transitionRatio": 1
        }
      ],
      "*-amaranth": [
        {
          "type": "Perish",
          "freshHours": {
            "avg": 2160
          },
          "spoilHours": {
            "avg": 224
          },
          "transitionedStack": {
            "type": "item",
            "code": "rot"
          },
          "transitionRatio": 1
        }
      ],
      "*-sunflower": [
        {
          "type": "Perish",
          "freshHours": {
            "avg": 2160
          },
          "spoilHours": {
            "avg": 224
          },
          "transitionedStack": {
            "type": "item",
            "code": "rot"
          },
          "transitionRatio": 1
        }
      ],
      "*-peanut": [
        {
          "type": "Perish",
          "freshHours": {
            "avg": 8760
          },
          "spoilHours": {
            "avg": 876
          },
          "transitionedStack": {
            "type": "item",
            "code": "rot"
          },
          "transitionRatio": 1
        }
      ],
      "*-soybean": [
        {
          "type": "Perish",
          "freshHours": {
            "avg": 8760
          },
          "spoilHours": {
            "avg": 876
          },
          "transitionedStack": {
            "type": "item",
            "code": "rot"
          },
          "transitionRatio": 1
        }
      ]
    },
    "file": "game:itemtypes/resource/seeds.json",
    "side": "Server"
  }
]