{
	"editor": {
		"backDropShape": "E:/Programs/VSModelCreator/seraph-faceless",
		"allAngles": true,
		"entityTextureMode": true
	},
	"textureWidth": 64,
	"textureHeight": 64,
	"textureSizes": {
	},
	"textures": {
		"material": "combatoverhaul:armor/hide"
	},
	"elements": [
		{
			"name": "GamHelmet",
			"stepParentName": "Head",
			"from": [ 0.15, 0.8, -0.48 ],
			"to": [ 5.85, 5.4, 5.42 ],
			"unwrapMode": 1,
			"uv": [ 33.5, 35.0 ],
			"rotationOrigin": [ 0.1, 0.8, -0.6 ],
			"faces": {
				"north": { "texture": "#material", "uv": [ 39.0, 40.5, 44.5, 45.0 ] },
				"east": { "texture": "#material", "uv": [ 33.5, 40.5, 39.0, 45.0 ] },
				"south": { "texture": "#material", "uv": [ 50.0, 40.5, 55.5, 45.0 ] },
				"west": { "texture": "#material", "uv": [ 44.5, 40.5, 50.0, 45.0 ] },
				"up": { "texture": "#material", "uv": [ 39.0, 35.0, 44.5, 40.5 ], "rotation": 180 },
				"down": { "texture": "#material", "uv": [ 39.0, 45.0, 44.5, 50.5 ] }
			},
			"children": [
				{
					"name": "GamHelmetstrap",
					"from": [ 0.5, -0.98, 0.25 ],
					"to": [ 2.0, 0.02, 5.75 ],
					"unwrapMode": 5,
					"uv": [ 56.5, 39.5 ],
					"rotationOrigin": [ 0.5, -1.0, 0.3 ],
					"faces": {
						"north": { "texture": "#material", "uv": [ 57.5, 39.5, 59.0, 40.5 ], "rotation": 180 },
						"east": { "texture": "#material", "uv": [ 59.0, 40.5, 60.0, 46.0 ], "rotation": 90 },
						"south": { "texture": "#material", "uv": [ 57.5, 46.0, 59.0, 47.0 ] },
						"west": { "texture": "#material", "uv": [ 56.5, 40.5, 57.5, 46.0 ], "rotation": 270 },
						"up": { "texture": "#material", "uv": [ 57.5, 40.5, 59.0, 46.0 ] },
						"down": { "texture": "#material", "uv": [ 60.0, 40.5, 61.5, 46.0 ] }
					}
				},
				{
					"name": "GamHelmetFace",
					"from": [ -0.32, 3.0, 0.0 ],
					"to": [ 0.0, 4.6, 5.9 ],
					"uv": [ 46.0, 48.5 ],
					"rotationOrigin": [ -0.5, 3.0, 0.0 ],
					"faces": {
						"north": { "texture": "#material", "uv": [ 46.0, 49.0, 46.5, 50.5 ] },
						"south": { "texture": "#material", "uv": [ 46.5, 49.0, 47.0, 50.5 ] },
						"west": { "texture": "#material", "uv": [ 47.0, 49.0, 52.5, 50.5 ] },
						"up": { "texture": "#material", "uv": [ 46.0, 48.5, 51.5, 49.0 ], "rotation": 90 },
						"down": { "texture": "#material", "uv": [ 51.5, 48.5, 57.0, 49.0 ], "rotation": 90 }
					}
				}
			]
		}
	]}