[
  {
    "op": "addeach",
    "path": "/buying/list/-",
    "value": [
	{ "code": "bricklayers:glazedplanter-burnt-milky-gold-plain", "type": "block", "stacksize": 1, "stock": { "avg": 1, "var": 0 }, "price": { "avg": 22, "var": 3 } },
	{ "code": "bricklayers:glazedplanter-burnt-clear-gold-plain", "type": "block", "stacksize": 1, "stock": { "avg": 1, "var": 0 }, "price": { "avg": 27, "var": 3 } },
	{ "code": "bricklayers:glazedplanter-burnt-clear-blue-plain", "type": "block", "stacksize": 1, "stock": { "avg": 1, "var": 0 }, "price": { "avg": 16, "var": 2 } },
	{ "code": "bricklayers:glazedplanter-burnt-milky-red-plain", "type": "block", "stacksize": 1, "stock": { "avg": 1, "var": 0 }, "price": { "avg": 17, "var": 2 } },
	{ "code": "bricklayers:glazedplanter-burnt-clear-red-plain", "type": "block", "stacksize": 1, "stock": { "avg": 1, "var": 0 }, "price": { "avg": 16, "var": 2 } },
	{ "code": "bricklayers:glazedplanter-burnt-milky-black-plain", "type": "block", "stacksize": 1, "stock": { "avg": 1, "var": 0 }, "price": { "avg": 17, "var": 2 } },
	{ "code": "bricklayers:glazedplanter-burnt-clear-black-plain", "type": "block", "stacksize": 1, "stock": { "avg": 1, "var": 0 }, "price": { "avg": 16, "var": 2 } }
    ],
    "file": "game:config/tradelists/trader-artisan.json",
    "side": "Server"
  }
]
