[
  {
    "op": "addeach",
    "path": "/attributes/lootListByType/*-ore/-",
    "value": [
	{ "type": "item", "chance": 0.3, "minQuantity": 2, "maxQuantity": 8, "codes": [ "bricklayers:sherds-light" ] }
    ],
    "file": "game:blocktypes/clay/lootvessel.json",
    "side": "Server"
  },

  {
    "op": "addeach",
    "path": "/attributes/lootListByType/*-forage/-",
    "value": [
	{ "type": "item", "chance": 0.1, "minQuantity": 2, "maxQuantity": 8, "codes": [ "bricklayers:sherds-light" ] }
    ],
    "file": "game:blocktypes/clay/lootvessel.json",
    "side": "Server"
  },

  {
    "op": "addeach",
    "path": "/attributes/lootListByType/*-arcticsupplies/-",
    "value": [
	{ "type": "item", "chance": 0.1, "minQuantity": 2, "maxQuantity": 8, "codes": [ "bricklayers:sherds-light" ] }
    ],
    "file": "game:blocktypes/clay/lootvessel.json",
    "side": "Server"
  }
]
