[
  {
    "op": "addeach",
    "path": "/selling/list/-",
    "value": [
	{ "code": "em:powdered-ore-boneash",		"type": "item", "stacksize": 22, "stock": { "avg": 5, "var": 3 }, "price": { "avg": 2, "var": 0.5 } },
	{ "code": "bricklayers:claytiles-dull-black",	"type": "block", "stacksize": 8, "stock": { "avg": 3, "var": 1 }, "price": { "avg": 6, "var": 1 } },
	{ "code": "bricklayers:claytiles-dull-yellow",	"type": "block", "stacksize": 8, "stock": { "avg": 3, "var": 1 }, "price": { "avg": 4, "var": 1 } },
	{ "code": "bricklayers:claytiles-dull-red",	"type": "block", "stacksize": 8, "stock": { "avg": 3, "var": 1 }, "price": { "avg": 4, "var": 1 } },
	{ "code": "bricklayers:claytiles-polished-red",	"type": "block", "stacksize": 8, "stock": { "avg": 3, "var": 1 }, "price": { "avg": 4, "var": 1 } },
	{ "code": "bricklayers:claytiles-dull-orange",	"type": "block", "stacksize": 8, "stock": { "avg": 3, "var": 1 }, "price": { "avg": 5, "var": 1 } }
    ],
    "file": "game:config/tradelists/trader-buildmaterials.json",
    "side": "Server"
  }
]
