[
    {
        "op": "addeach",
        "path": "/allowedVariants/-",
        "value": [
            "ore-chrysotile-dolostone",
            "ore-chrysotile-quartzite",
            "ore-chrysotile-amphibolite"
        ],
        "file": "game:blocktypes/stone/ore-ungraded.json",
        "side": "Server"
    },
    {
        "op": "addeach",
        "path": "/allowedVariants/-",
        "value": [
            "looseores-chrysotile-dolostone-free",
            "looseores-chrysotile-quartzite-free",
            "looseores-chrysotile-amphibolite-free"
        ],
        "file": "game:blocktypes/stone/looseores.json"
    }
]