[
    {
        "op": "addeach",
        "path": "/allowedVariants/-",
        "value": [
            "ore-tremolite-dolostone",
            "ore-tremolite-amphibolite"
        ],
        "file": "game:blocktypes/stone/ore-ungraded.json",
        "side": "Server"
    },

    {
        "op": "addeach",
        "path": "/allowedVariants/-",
        "value": [
            "looseores-tremolite-dolostone-free",
            "looseores-tremolite-amphibolite-free"
        ],
        "file": "game:blocktypes/stone/looseores.json"
    },



    {
        "op": "addeach",
        "path": "/allowedVariants/-",
        "value": [
            "looseores-crystal_tremolite-dolostone-free",
            "looseores-crystal_tremolite-amphibolite-free"
        ],
        "file": "game:blocktypes/stone/looseores.json"
    },


    {
        "op": "addeach",
        "path": "/allowedVariants/-",
        "value": [
            "ore-*-crystal_tremolite-dolostone",
            "ore-*-crystal_tremolite-amphibolite"
        ],
        "file": "game:blocktypes/stone/ore-gem.json",
        "side": "Server"
    }
]