{
	"editor": {
		"allAngles": true,
		"entityTextureMode": false
	},
	"textureWidth": 16,
	"textureHeight": 16,
	"textureSizes": {
	},
	"textures": {
	},
	"elements": [
		{
			"name": "origin",
			"from": [ 8.0, 0.0, 8.0 ],
			"to": [ 8.0, 0.0, 9.0 ],
			"rotationOrigin": [ 8.0, 0.0, 8.0 ],
			"faces": {
			},
			"children": [
				{
					"name": "Base",
					"from": [ -5.5, 0.0, -3.0 ],
					"to": [ 5.5, 0.0, 9.0 ],
					"shade": false,
					"climateColorMap": "climatePlantTint",
					"seasonColorMap": "seasonalGrass",
					"renderPass": 1,
					"rotationOrigin": [ 0.0, 0.0, -3.0 ],
					"rotationX": -2.0,
					"faces": {
						"up": { "texture": "#leaves", "uv": [ 0.0, 0.0, 15.0, 16.0 ], "autoUv": false, "windMode": [-1,-1,-1,-1] }
					},
					"children": [
						{
							"name": "Side",
							"from": [ 6.0, 0.0, 0.0 ],
							"to": [ 18.0, 1.0, 0.0 ],
							"shade": false,
							"climateColorMap": "climatePlantTint",
							"seasonColorMap": "seasonalGrass",
							"renderPass": 1,
							"rotationOrigin": [ 6.0, 0.0, 0.0 ],
							"rotationY": -78.0,
							"faces": {
								"north": { "texture": "#leaves", "uv": [ 15.0, 0.0, 16.0, 16.0 ], "rotation": 90, "autoUv": false }
							}
						},
						{
							"name": "Side2",
							"from": [ 5.0, 0.0, 0.0 ],
							"to": [ 17.0, 1.0, 0.0 ],
							"shade": false,
							"climateColorMap": "climatePlantTint",
							"seasonColorMap": "seasonalGrass",
							"renderPass": 1,
							"rotationOrigin": [ 5.0, 0.0, 0.0 ],
							"rotationY": -108.0,
							"faces": {
								"north": { "texture": "#leaves", "uv": [ 15.0, 0.0, 16.0, 16.0 ], "rotation": 90, "autoUv": false }
							}
						},
						{
							"name": "Side3",
							"from": [ 5.5, 0.0, -0.2 ],
							"to": [ 17.5, 1.0, -0.2 ],
							"shade": false,
							"climateColorMap": "climatePlantTint",
							"seasonColorMap": "seasonalGrass",
							"renderPass": 1,
							"rotationOrigin": [ 5.5, 0.0, -0.2 ],
							"rotationY": -90.0,
							"faces": {
								"south": { "texture": "#leaves", "uv": [ 15.0, 0.0, 16.0, 16.0 ], "rotation": 90, "autoUv": false, "windMode": [-1,-1,-1,-1] }
							}
						}
					]
				},
				{
					"name": "Base2",
					"from": [ -6.5, 0.0, -4.0 ],
					"to": [ 4.5, 0.0, 8.0 ],
					"shade": false,
					"climateColorMap": "climatePlantTint",
					"seasonColorMap": "seasonalGrass",
					"renderPass": 1,
					"rotationOrigin": [ -1.0, 0.0, -4.0 ],
					"rotationX": -2.0,
					"rotationY": -33.0,
					"rotationZ": 1.0,
					"faces": {
						"up": { "texture": "#leaves", "uv": [ 0.0, 0.0, 15.0, 16.0 ], "autoUv": false }
					},
					"children": [
						{
							"name": "Side4",
							"from": [ 6.0, 0.0, 0.0 ],
							"to": [ 18.0, 1.0, 0.0 ],
							"shade": false,
							"climateColorMap": "climatePlantTint",
							"seasonColorMap": "seasonalGrass",
							"renderPass": 1,
							"rotationOrigin": [ 6.0, 0.0, 0.0 ],
							"rotationY": -78.0,
							"faces": {
								"north": { "texture": "#leaves", "uv": [ 15.0, 0.0, 16.0, 16.0 ], "rotation": 90, "autoUv": false }
							}
						},
						{
							"name": "Side5",
							"from": [ 5.0, 0.0, 0.0 ],
							"to": [ 17.0, 1.0, 0.0 ],
							"shade": false,
							"climateColorMap": "climatePlantTint",
							"seasonColorMap": "seasonalGrass",
							"renderPass": 1,
							"rotationOrigin": [ 5.0, 0.0, 0.0 ],
							"rotationY": -108.0,
							"faces": {
								"north": { "texture": "#leaves", "uv": [ 15.0, 0.0, 16.0, 16.0 ], "rotation": 90, "autoUv": false }
							}
						},
						{
							"name": "Side6",
							"from": [ 5.5, 0.0, -0.2 ],
							"to": [ 17.5, 1.0, -0.2 ],
							"shade": false,
							"climateColorMap": "climatePlantTint",
							"seasonColorMap": "seasonalGrass",
							"renderPass": 1,
							"rotationOrigin": [ 5.5, 0.0, -0.2 ],
							"rotationY": -90.0,
							"faces": {
								"south": { "texture": "#leaves", "uv": [ 15.0, 0.0, 16.0, 16.0 ], "rotation": 90, "autoUv": false }
							}
						}
					]
				},
				{
					"name": "Base3",
					"from": [ -3.5, 0.0, -3.0 ],
					"to": [ 7.5, 0.0, 9.0 ],
					"shade": false,
					"climateColorMap": "climatePlantTint",
					"seasonColorMap": "seasonalGrass",
					"renderPass": 1,
					"rotationOrigin": [ 2.0, 0.0, -3.0 ],
					"rotationX": -2.0,
					"rotationY": 44.0,
					"rotationZ": -1.0,
					"faces": {
						"up": { "texture": "#leaves", "uv": [ 0.0, 0.0, 15.0, 16.0 ], "autoUv": false }
					},
					"children": [
						{
							"name": "Side7",
							"from": [ 6.0, 0.0, 0.0 ],
							"to": [ 18.0, 1.0, 0.0 ],
							"shade": false,
							"climateColorMap": "climatePlantTint",
							"seasonColorMap": "seasonalGrass",
							"renderPass": 1,
							"rotationOrigin": [ 6.0, 0.0, 0.0 ],
							"rotationY": -78.0,
							"faces": {
								"north": { "texture": "#leaves", "uv": [ 15.0, 0.0, 16.0, 16.0 ], "rotation": 90, "autoUv": false }
							}
						},
						{
							"name": "Side8",
							"from": [ 5.0, 0.0, 0.0 ],
							"to": [ 17.0, 1.0, 0.0 ],
							"shade": false,
							"climateColorMap": "climatePlantTint",
							"seasonColorMap": "seasonalGrass",
							"renderPass": 1,
							"rotationOrigin": [ 5.0, 0.0, 0.0 ],
							"rotationY": -108.0,
							"faces": {
								"north": { "texture": "#leaves", "uv": [ 15.0, 0.0, 16.0, 16.0 ], "rotation": 90, "autoUv": false }
							}
						},
						{
							"name": "Side9",
							"from": [ 5.5, 0.0, -0.2 ],
							"to": [ 17.5, 1.0, -0.2 ],
							"shade": false,
							"climateColorMap": "climatePlantTint",
							"seasonColorMap": "seasonalGrass",
							"renderPass": 1,
							"rotationOrigin": [ 5.5, 0.0, -0.2 ],
							"rotationY": -90.0,
							"faces": {
								"south": { "texture": "#leaves", "uv": [ 15.0, 0.0, 16.0, 16.0 ], "rotation": 90, "autoUv": false }
							}
						}
					]
				},
				{
					"name": "Base4",
					"from": [ -3.5, 0.0, -4.0 ],
					"to": [ 7.5, 0.0, 8.0 ],
					"shade": false,
					"climateColorMap": "climatePlantTint",
					"seasonColorMap": "seasonalGrass",
					"renderPass": 1,
					"rotationOrigin": [ 2.0, 0.0, -4.0 ],
					"rotationX": 3.0,
					"rotationY": 108.0,
					"rotationZ": -3.0,
					"faces": {
						"up": { "texture": "#leaves", "uv": [ 0.0, 0.0, 15.0, 16.0 ], "autoUv": false }
					},
					"children": [
						{
							"name": "Side10",
							"from": [ 6.0, 0.0, 0.0 ],
							"to": [ 18.0, 1.0, 0.0 ],
							"shade": false,
							"climateColorMap": "climatePlantTint",
							"seasonColorMap": "seasonalGrass",
							"renderPass": 1,
							"rotationOrigin": [ 6.0, 0.0, 0.0 ],
							"rotationY": -78.0,
							"faces": {
								"north": { "texture": "#leaves", "uv": [ 15.0, 0.0, 16.0, 16.0 ], "rotation": 90, "autoUv": false }
							}
						},
						{
							"name": "Side11",
							"from": [ 5.0, 0.0, 0.0 ],
							"to": [ 17.0, 1.0, 0.0 ],
							"shade": false,
							"climateColorMap": "climatePlantTint",
							"seasonColorMap": "seasonalGrass",
							"renderPass": 1,
							"rotationOrigin": [ 5.0, 0.0, 0.0 ],
							"rotationY": -108.0,
							"faces": {
								"north": { "texture": "#leaves", "uv": [ 15.0, 0.0, 16.0, 16.0 ], "rotation": 90, "autoUv": false }
							}
						},
						{
							"name": "Side12",
							"from": [ 5.5, 0.0, -0.2 ],
							"to": [ 17.5, 1.0, -0.2 ],
							"shade": false,
							"climateColorMap": "climatePlantTint",
							"seasonColorMap": "seasonalGrass",
							"renderPass": 1,
							"rotationOrigin": [ 5.5, 0.0, -0.2 ],
							"rotationY": -90.0,
							"faces": {
								"south": { "texture": "#leaves", "uv": [ 15.0, 0.0, 16.0, 16.0 ], "rotation": 90, "autoUv": false }
							}
						}
					]
				},
				{
					"name": "Base5",
					"from": [ -7.5, 0.0, -5.0 ],
					"to": [ 3.5, 0.0, 7.0 ],
					"shade": false,
					"climateColorMap": "climatePlantTint",
					"seasonColorMap": "seasonalGrass",
					"renderPass": 1,
					"rotationOrigin": [ -2.0, 0.0, -5.0 ],
					"rotationX": 8.0,
					"rotationY": -102.0,
					"rotationZ": 8.0,
					"faces": {
						"up": { "texture": "#leaves", "uv": [ 0.0, 0.0, 15.0, 16.0 ], "autoUv": false }
					},
					"children": [
						{
							"name": "Side13",
							"from": [ 6.0, 0.0, 0.0 ],
							"to": [ 18.0, 1.0, 0.0 ],
							"shade": false,
							"climateColorMap": "climatePlantTint",
							"seasonColorMap": "seasonalGrass",
							"renderPass": 1,
							"rotationOrigin": [ 6.0, 0.0, 0.0 ],
							"rotationY": -78.0,
							"faces": {
								"north": { "texture": "#leaves", "uv": [ 15.0, 0.0, 16.0, 16.0 ], "rotation": 90, "autoUv": false }
							}
						},
						{
							"name": "Side14",
							"from": [ 5.0, 0.0, 0.0 ],
							"to": [ 17.0, 1.0, 0.0 ],
							"shade": false,
							"climateColorMap": "climatePlantTint",
							"seasonColorMap": "seasonalGrass",
							"renderPass": 1,
							"rotationOrigin": [ 5.0, 0.0, 0.0 ],
							"rotationY": -108.0,
							"faces": {
								"north": { "texture": "#leaves", "uv": [ 15.0, 0.0, 16.0, 16.0 ], "rotation": 90, "autoUv": false }
							}
						},
						{
							"name": "Side15",
							"from": [ 5.5, 0.0, -0.2 ],
							"to": [ 17.5, 1.0, -0.2 ],
							"shade": false,
							"climateColorMap": "climatePlantTint",
							"seasonColorMap": "seasonalGrass",
							"renderPass": 1,
							"rotationOrigin": [ 5.5, 0.0, -0.2 ],
							"rotationY": -90.0,
							"faces": {
								"south": { "texture": "#leaves", "uv": [ 15.0, 0.0, 16.0, 16.0 ], "rotation": 90, "autoUv": false }
							}
						}
					]
				},
				{
					"name": "Base6",
					"from": [ -3.5, 0.0, -6.0 ],
					"to": [ 7.5, 0.0, 6.0 ],
					"shade": false,
					"climateColorMap": "climatePlantTint",
					"seasonColorMap": "seasonalGrass",
					"renderPass": 1,
					"rotationOrigin": [ 2.0, 0.0, -6.0 ],
					"rotationX": -7.0,
					"rotationY": -47.0,
					"rotationZ": -7.0,
					"faces": {
						"up": { "texture": "#leaves", "uv": [ 0.0, 0.0, 15.0, 16.0 ], "autoUv": false }
					},
					"children": [
						{
							"name": "Side16",
							"from": [ 6.0, 0.0, 0.0 ],
							"to": [ 18.0, 1.0, 0.0 ],
							"shade": false,
							"climateColorMap": "climatePlantTint",
							"seasonColorMap": "seasonalGrass",
							"renderPass": 1,
							"rotationOrigin": [ 6.0, 0.0, 0.0 ],
							"rotationY": -78.0,
							"faces": {
								"north": { "texture": "#leaves", "uv": [ 15.0, 0.0, 16.0, 16.0 ], "rotation": 90, "autoUv": false }
							}
						},
						{
							"name": "Side17",
							"from": [ 5.0, 0.0, 0.0 ],
							"to": [ 17.0, 1.0, 0.0 ],
							"shade": false,
							"climateColorMap": "climatePlantTint",
							"seasonColorMap": "seasonalGrass",
							"renderPass": 1,
							"rotationOrigin": [ 5.0, 0.0, 0.0 ],
							"rotationY": -108.0,
							"faces": {
								"north": { "texture": "#leaves", "uv": [ 15.0, 0.0, 16.0, 16.0 ], "rotation": 90, "autoUv": false }
							}
						},
						{
							"name": "Side18",
							"from": [ 5.5, 0.0, -0.2 ],
							"to": [ 17.5, 1.0, -0.2 ],
							"shade": false,
							"climateColorMap": "climatePlantTint",
							"seasonColorMap": "seasonalGrass",
							"renderPass": 1,
							"rotationOrigin": [ 5.5, 0.0, -0.2 ],
							"rotationY": -90.0,
							"faces": {
								"south": { "texture": "#leaves", "uv": [ 15.0, 0.0, 16.0, 16.0 ], "rotation": 90, "autoUv": false }
							}
						}
					]
				},
				{
					"name": "Base7",
					"from": [ -4.5, 0.1, -6.0 ],
					"to": [ 6.5, 0.1, 6.0 ],
					"shade": false,
					"climateColorMap": "climatePlantTint",
					"seasonColorMap": "seasonalGrass",
					"renderPass": 1,
					"rotationOrigin": [ 1.0, 0.1, -6.0 ],
					"rotationX": 2.0,
					"rotationY": -180.0,
					"faces": {
						"up": { "texture": "#leaves", "uv": [ 0.0, 0.0, 15.0, 16.0 ], "autoUv": false }
					},
					"children": [
						{
							"name": "Side19",
							"from": [ 6.0, 0.0, 0.0 ],
							"to": [ 18.0, 1.0, 0.0 ],
							"shade": false,
							"climateColorMap": "climatePlantTint",
							"seasonColorMap": "seasonalGrass",
							"renderPass": 1,
							"rotationOrigin": [ 6.0, 0.0, 0.0 ],
							"rotationY": -78.0,
							"faces": {
								"north": { "texture": "#leaves", "uv": [ 15.0, 0.0, 16.0, 16.0 ], "rotation": 90, "autoUv": false }
							}
						},
						{
							"name": "Side20",
							"from": [ 5.0, 0.0, 0.0 ],
							"to": [ 17.0, 1.0, 0.0 ],
							"shade": false,
							"climateColorMap": "climatePlantTint",
							"seasonColorMap": "seasonalGrass",
							"renderPass": 1,
							"rotationOrigin": [ 5.0, 0.0, 0.0 ],
							"rotationY": -108.0,
							"faces": {
								"north": { "texture": "#leaves", "uv": [ 15.0, 0.0, 16.0, 16.0 ], "rotation": 90, "autoUv": false }
							}
						},
						{
							"name": "Side21",
							"from": [ 5.5, 0.0, -0.2 ],
							"to": [ 17.5, 1.0, -0.2 ],
							"shade": false,
							"climateColorMap": "climatePlantTint",
							"seasonColorMap": "seasonalGrass",
							"renderPass": 1,
							"rotationOrigin": [ 5.5, 0.0, -0.2 ],
							"rotationY": -90.0,
							"faces": {
								"south": { "texture": "#leaves", "uv": [ 15.0, 0.0, 16.0, 16.0 ], "rotation": 90, "autoUv": false }
							}
						}
					]
				}
			]
		}
	]}