{
	"editor": {
		"allAngles": true,
		"entityTextureMode": false
	},
	"textureWidth": 16,
	"textureHeight": 16,
	"textureSizes": {
	},
	"textures": {
	},
	"elements": [
		{
			"name": "origin",
			"from": [ 8.0, 0.0, 8.0 ],
			"to": [ 8.0, 0.0, 9.0 ],
			"rotationOrigin": [ 8.0, 0.0, 8.0 ],
			"faces": {
			},
			"children": [
				{
					"name": "Base",
					"from": [ -5.5, 0.0, -3.0 ],
					"to": [ 5.5, 0.0, 9.0 ],
					"shade": false,
					"climateColorMap": "climatePlantTint",
					"seasonColorMap": "seasonalGrass",
					"renderPass": 1,
					"rotationOrigin": [ 0.0, 0.0, -3.0 ],
					"rotationX": -2.0,
					"faces": {
						"up": { "texture": "#leaves", "uv": [ 0.0, 0.0, 15.0, 16.0 ], "autoUv": false, "windMode": [-1,-1,-1,-1] }
					},
					"children": [
						{
							"name": "Side",
							"from": [ 6.0, 0.0, 0.0 ],
							"to": [ 18.0, 1.0, 0.0 ],
							"shade": false,
							"climateColorMap": "climatePlantTint",
							"seasonColorMap": "seasonalGrass",
							"renderPass": 1,
							"rotationOrigin": [ 6.0, 0.0, 0.0 ],
							"rotationY": -78.0,
							"faces": {
								"north": { "texture": "#leaves", "uv": [ 15.0, 0.0, 16.0, 16.0 ], "rotation": 90, "autoUv": false }
							}
						},
						{
							"name": "Side2",
							"from": [ 5.0, 0.0, 0.0 ],
							"to": [ 17.0, 1.0, 0.0 ],
							"shade": false,
							"climateColorMap": "climatePlantTint",
							"seasonColorMap": "seasonalGrass",
							"renderPass": 1,
							"rotationOrigin": [ 5.0, 0.0, 0.0 ],
							"rotationY": -108.0,
							"faces": {
								"north": { "texture": "#leaves", "uv": [ 15.0, 0.0, 16.0, 16.0 ], "rotation": 90, "autoUv": false }
							}
						},
						{
							"name": "Side3",
							"from": [ 5.5, 0.0, -0.2 ],
							"to": [ 17.5, 1.0, -0.2 ],
							"shade": false,
							"climateColorMap": "climatePlantTint",
							"seasonColorMap": "seasonalGrass",
							"renderPass": 1,
							"rotationOrigin": [ 5.5, 0.0, -0.2 ],
							"rotationY": -90.0,
							"faces": {
								"south": { "texture": "#leaves", "uv": [ 15.0, 0.0, 16.0, 16.0 ], "rotation": 90, "autoUv": false, "windMode": [-1,-1,-1,-1] }
							}
						}
					]
				},
				{
					"name": "Base2",
					"from": [ -5.5, 0.0, -4.0 ],
					"to": [ 5.5, 0.0, 8.0 ],
					"shade": false,
					"climateColorMap": "climatePlantTint",
					"seasonColorMap": "seasonalGrass",
					"renderPass": 1,
					"rotationOrigin": [ 0.0, 0.0, -4.0 ],
					"rotationX": -2.0,
					"rotationY": -33.0,
					"rotationZ": 1.0,
					"faces": {
						"up": { "texture": "#leaves", "uv": [ 0.0, 0.0, 15.0, 16.0 ], "autoUv": false }
					},
					"children": [
						{
							"name": "Side4",
							"from": [ 6.0, 0.0, 0.0 ],
							"to": [ 18.0, 1.0, 0.0 ],
							"shade": false,
							"climateColorMap": "climatePlantTint",
							"seasonColorMap": "seasonalGrass",
							"renderPass": 1,
							"rotationOrigin": [ 6.0, 0.0, 0.0 ],
							"rotationY": -78.0,
							"faces": {
								"north": { "texture": "#leaves", "uv": [ 15.0, 0.0, 16.0, 16.0 ], "rotation": 90, "autoUv": false }
							}
						},
						{
							"name": "Side5",
							"from": [ 5.0, 0.0, 0.0 ],
							"to": [ 17.0, 1.0, 0.0 ],
							"shade": false,
							"climateColorMap": "climatePlantTint",
							"seasonColorMap": "seasonalGrass",
							"renderPass": 1,
							"rotationOrigin": [ 5.0, 0.0, 0.0 ],
							"rotationY": -108.0,
							"faces": {
								"north": { "texture": "#leaves", "uv": [ 15.0, 0.0, 16.0, 16.0 ], "rotation": 90, "autoUv": false }
							}
						},
						{
							"name": "Side6",
							"from": [ 5.5, 0.0, -0.2 ],
							"to": [ 17.5, 1.0, -0.2 ],
							"shade": false,
							"climateColorMap": "climatePlantTint",
							"seasonColorMap": "seasonalGrass",
							"renderPass": 1,
							"rotationOrigin": [ 5.5, 0.0, -0.2 ],
							"rotationY": -90.0,
							"faces": {
								"south": { "texture": "#leaves", "uv": [ 15.0, 0.0, 16.0, 16.0 ], "rotation": 90, "autoUv": false }
							}
						}
					]
				},
				{
					"name": "Base3",
					"from": [ -5.5, 0.0, -4.0 ],
					"to": [ 5.5, 0.0, 8.0 ],
					"shade": false,
					"climateColorMap": "climatePlantTint",
					"seasonColorMap": "seasonalGrass",
					"renderPass": 1,
					"rotationOrigin": [ 0.0, 0.0, -4.0 ],
					"rotationX": -2.0,
					"rotationY": 44.0,
					"rotationZ": -1.0,
					"faces": {
						"up": { "texture": "#leaves", "uv": [ 0.0, 0.0, 15.0, 16.0 ], "autoUv": false }
					},
					"children": [
						{
							"name": "Side7",
							"from": [ 6.0, 0.0, 0.0 ],
							"to": [ 18.0, 1.0, 0.0 ],
							"shade": false,
							"climateColorMap": "climatePlantTint",
							"seasonColorMap": "seasonalGrass",
							"renderPass": 1,
							"rotationOrigin": [ 6.0, 0.0, 0.0 ],
							"rotationY": -78.0,
							"faces": {
								"north": { "texture": "#leaves", "uv": [ 15.0, 0.0, 16.0, 16.0 ], "rotation": 90, "autoUv": false }
							}
						},
						{
							"name": "Side8",
							"from": [ 5.0, 0.0, 0.0 ],
							"to": [ 17.0, 1.0, 0.0 ],
							"shade": false,
							"climateColorMap": "climatePlantTint",
							"seasonColorMap": "seasonalGrass",
							"renderPass": 1,
							"rotationOrigin": [ 5.0, 0.0, 0.0 ],
							"rotationY": -108.0,
							"faces": {
								"north": { "texture": "#leaves", "uv": [ 15.0, 0.0, 16.0, 16.0 ], "rotation": 90, "autoUv": false }
							}
						},
						{
							"name": "Side9",
							"from": [ 5.5, 0.0, -0.2 ],
							"to": [ 17.5, 1.0, -0.2 ],
							"shade": false,
							"climateColorMap": "climatePlantTint",
							"seasonColorMap": "seasonalGrass",
							"renderPass": 1,
							"rotationOrigin": [ 5.5, 0.0, -0.2 ],
							"rotationY": -90.0,
							"faces": {
								"south": { "texture": "#leaves", "uv": [ 15.0, 0.0, 16.0, 16.0 ], "rotation": 90, "autoUv": false }
							}
						}
					]
				}
			]
		}
	]}