{
	"code": "machairodontinae",
	"class": "EntityAgent",
	"tags": ["animal", "huntable", "adult", "predator", "habitat-land","machairodontinaetag"],
	"fallDamageMultiplierByType": {"*-adult-*" :2},
	"canClimb": true,
	"variantgroups": [
    {"code": "age","states": [ "adult"]},
    {"code": "gender","states": [ "female","male"]},
		{"code": "genus","states": [ "homotherium", "smilodon" ]},
		{"code": "species","states": [ "fatalis", "populator","serum" ]}
	],	
	"allowedVariants": [
		"*-homotherium-serum",
		"*-smilodon-fatalis",
		"*-smilodon-populator"
	],
	"collisionBoxSizeByType": {
		"*-female-smilodon-fatalis": {	"x": 1.3,"y": 1.0},"*-male-smilodon-fatalis": {	"x": 1.5,"y": 1.1},
        "*-female-smilodon-populator": {	"x": 1.5,"y": 1.1},"*-male-smilodon-populator": {	"x": 1.7,"y": 1.3},
		"*-female-homotherium-serum": {	"x": 1.4,"y": 1.1},"*-male-homotherium-serum": {	"x": 1.5,"y": 1.2}
	},
	"deadCollisionBoxSizeByType": {
		"*-adult-female-smilodon-fatalis": {	"x": 1.3,"y": 0.5},"*-adult-male-smilodon-fatalis": {	"x": 1.5,"y": 0.55},
        "*-adult-female-smilodon-populator": {	"x": 1.5,"y": 0.6},"*-adult-male-smilodon-populator": {	"x": 1.7,"y": 0.65},
		"*-adult-female-homotherium-serum": {	"x": 1.4,"y": 0.55},"*-adult-male-homotherium-serum": {	"x": 1.5,"y": 0.6}
	},
	"selectionBoxSizeByType": {
		"*-fatalis": {	"x": 2,"y": 2},
		"*-populator": {	"x": 2,"y": 2},
		"*-serum": {	"x": 2,"y": 2}
	},
	"deadSelectionBoxSizeByType": {
		"*-fatalis": {	"x": 2,"y": 1},
		"*-populator": {	"x": 2,"y": 1},
		"*-serum": {	"x": 2,"y": 1}
	},
	"knockbackResistanceByType": {
		"*-fatalis": 0.7,
		"*-populator": 0.8,
		"*-serum": 0.75
	},	
	"eyeHeightByType": {
        "*-female-smilodon-fatalis": 1.1,"*-male-smilodon-fatalis": 1.3,
        "*-female-smilodon-populator": 1.3,"*-male-smilodon-populator": 1.4,
		"*-female-homotherium-serum": 1.1,"*-male-homotherium-serum": 1.2
	},
	"weightByType": {
        "*-female-smilodon-fatalis": 140,"*-male-smilodon-fatalis": 220,
        "*-female-smilodon-populator": 220,"*-male-smilodon-populator": 275,
        "*-female-homotherium-serum": 120,"*-male-homotherium-serum": 190
	},	
	"drops": [],
	"attributes": {	
		"trappableByType": {
			"*-adult-*": {
				"small": { "trapChance": 0.0,	"trapDestroyChance": 0.5 },
				"large": { "trapChance": 0.5,	"trapDestroyChance": 0.05 }
			}
		},
		"creatureDiet": {
			"weightedFoodTags": [
				{ "weight": 0.5, "code": "egg" },
				{ "weight": 0.8, "code": "fish" },
				{ "weight": 1, "code": "meat" }
			]
		},
		"killedByInfoText": "deadcreature-eaten-large",
		"handbook": {"groupcode": "creaturegroup-machairodontinae"}
	},
	"client": {
		"renderer": "Shape",
		"shapeByType": {
			"*": { "base": "entity/animal/mammal/machairodontinae/{genus}" }
		},
		"textureByType": {
			"*": { "base": "entity/animal/mammal/machairodontinae/{species}" }
		},
		"sizeByType": {
			"*-female-smilodon-fatalis": 0.82,"*-male-smilodon-fatalis": 0.925,
            "*-female-smilodon-populator": 0.96,"*-male-smilodon-populator": 1.04,
            "*-female-homotherium-serum": 0.87,"*-male-homotherium-serum": 0.96
		},
			"behaviors": [
				{ "code": "repulseagents" },
				{
					"code": "controlledphysics",
					"stepHeight": 3.1251
				},
				{ "code": "interpolateposition" },
				{
					"code": "floatupwhenstuck",
					"onlyWhenDead": true
				},
				{ "code": "multiply", "enabledByType": { "*-adult-female-*": true, "*": false } },
				{ "code": "harvestable","quantitySlots": 8 },
				{
					"code": "despawn",
					"minPlayerDistance": 8,
					"belowLightLevel": 1,
					"minSeconds": 300
				}

			],
			"animations": [
				{
					"code": "hurt",
					"animation": "hurt",
					"animationSpeed": 2.2,
					"weight": 10,
					"blendMode": "AddAverage"
				},
				{
					"code": "die",
					"animation": "death",
					"animationSpeed": 2.25,
					"weight": 10,
					"blendMode": "Average",
					"triggeredBy": { "onControls": [ "dead" ] }
				},
				{
					"code": "idle",
					"animation": "idle",
					"blendMode": "AddAverage",
					"easeOutSpeed": 4,
					"triggeredBy": { "defaultAnim": true }
				},
				{
					"code": "sleep",
					"animation": "sleep",
					"easeInSpeed": 4,
					"easeOutSpeed": 4,
					"blendMode": "Average"
				},
				{
					"code": "sit",
					"animation": "sit",
					"easeInSpeed": 4,
					"easeOutSpeed": 4,
					"blendMode": "Average"
				},
				{
					"code": "lie",
					"animation": "lie",
					"blendMode": "Average"
				},
				{
					"code": "loaf",
					"animation": "loaf",
					"blendMode": "Average"
				},
				{
					"code": "lick",
					"animation": "lick",
					"blendMode": "Average"
				},
				{
					"code": "swim",
					"animation": "swim",
					"blendMode": "Average"
				},
				{
					"code": "walk",
					"animation": "walk",
					"supressDefaultAnimation": true,
					"blendMode": "Average"
				},
				{
					"code": "run",
					"animation": "run",
					"supressDefaultAnimation": true,
					"blendMode": "Average"
				}
			]
		},
	"server": {
		"attributes": {
			"pathfinder": {
				"minTurnAnglePerSec": 350,
				"maxTurnAnglePerSec": 650
			}
		},
		"behaviors": [
			{ "code": "repulseagents" },
			{
				"code": "controlledphysics",
				"stepHeight": 3.1251
			},
			{
				"code": "despawn",
				"minPlayerDistance": 8,
				"belowLightLevel": 8,
				"minSeconds": 300
			},
			{
				"code": "health",
				"maxhealthByType": {
		  "*-female-smilodon-fatalis": 28,"*-male-smilodon-fatalis": 42,
			 "*-female-smilodon-populator": 42,"*-male-smilodon-populator": 54,
			"*-female-homotherium-serum": 24,"*-male-homotherium-serum": 38
				}
			},
			{
				"code": "deaddecay",
				"hoursToDecay": 96,
				"decayedBlock": "carcass-medium"
			},
			{
				"code": "floatupwhenstuck",
				"onlyWhenDead": true
			},
			{
				"code": "harvestable","quantitySlots": 8,
				"drops": [
					{
						"type": "item",
						"code": "game:bushmeat-raw",
						"quantityByType": {
             "*-female-smilodon-fatalis": {"avg": 16,"var": 2},"*-male-smilodon-fatalis": {"avg": 23,"var": 2},
             "*-female-smilodon-populator": {"avg": 23,"var": 2},"*-male-smilodon-populator": {"avg": 25,"var": 3},
             "*-female-homotherium-serum": {"avg": 15,"var": 2},"*-male-homotherium-serum": {"avg": 21,"var": 2}
						}
					},
					{
						"type": "item",
						"code": "fat",
						"quantityByType": {
							"*": {"avg": 2,"var": 0.3}
						}
					},
					{
						"type": "item",
						"code": "machairodontinae:pelt-raw-{gender}-{genus}-{species}",
						"quantityByType": {
							"*": { "offset": 1, "avg": 0, "var": 0 }
						}
					}
				]
			},
			{ "code": "breathe" },
			{
				"code": "multiply",
				"enabledByType": {"*-adult-female-*": true,"*": false},
				"spawnEntityCodesByType": {"*": [ { "code":"machairodontinae:machairodontinae-baby-female-{genus}-{species}"}, {"code": "machairodontinae:machairodontinae-baby-male-{genus}-{species}"} ]},
				"requiresNearbyEntityCode": "machairodontinae:machairodontinae-adult-male-{genus}-*",
				"requiresNearbyEntityRange": 10,
				"spawnQuantityMin": 1,
				"spawnQuantityMaxByType": {
					"*-fatalis": 4,
					"*-populator": 3,
					"*-serum": 5
				},
				"pregnancyDaysByType": {
					"*-fatalis": 24,
					"*-populator": 26,
					"*-serum": 24
				},
				"multiplyCooldownDaysMin": 4,
				"multiplyCooldownDaysMax": 11,
				"portionsEatenForMultiplyByType": {
					"*-fatalis": 12,
					"*-populator": 16,
					"*-serum": 11
				}
			},
			{
				"code": "emotionstates",
				"states": [
					{
						"code": "fleeondamage",
						"duration": 60,
						"chanceByType": {
							"*": 0.45
						},
						"slot": 2,
						"priority": 5,
						"accumType": "max",
						"whenHealthRelBelow": 0.6
					},
					{
						"code": "aggressiveondamage",
						"duration": 30,
						"chance": 1,
						"slot": 2,
						"priority": 2,
						"accumType": "noaccum"
					},
					{
						"code": "alarmherdondamage",
						"chance": 1,
						"slot": 1,
						"priority": 1,
						"accumType": "max"
					},
					{
						"code": "saturated",
						"duration": 2400,
						"chance": 1,
						"slot": 0,
						"priority": 1,
						"accumType": "sum",
						"belowTempDuration": 600,
						"belowTempThreshold": -5
					},
					{ "code": "aggressivearoundentities", "duration": 60, "chance": 1, "slot": 2, "priority": 4, "entityCodes": ["machairodontinae:machairodontinae-baby-female-{genus}-{species}","machairodontinae:machairodontinae-baby-male-{genus}-{species}"], "maxGeneration": 2 }
				]
			},
			{
				"code": "taskai",
				"aiCreatureType": "LandCreature",
				"aitasks": [
					//-------------------------Movement Speed tests-------------------------//
						//wandering run at any time
					{
						"code": "wander-r",
						"enabled":  false,
						"priority": 10.8,
						"priorityForCancel": 12.0,
						"animation": "Run",
						"mindurationMs": 80000,
						"movespeedByType": {
             "*-female-smilodon-fatalis": 0.09,"*-male-smilodon-fatalis": 0.1,
             "*-female-smilodon-populator": 0.105,"*-male-smilodon-populator": 0.12,
            "*-female-homotherium-serum": 0.0975,"*-male-homotherium-serum": 0.105
						},
						"animationSpeed": 2,
						"stopOnHurt": true,
						"whenSwimming": false,
						"DontExecuteIfRecentlyAttacked": true,
						"tagsAppliedToEntity": ["state-moving"],
						"whenNotInEmotionState": ["aggressiveondamage","fleeondamage"]
					},
						//wandering stalk at any time
					{
						"code": "wander-r",
						"enabled":  false,
						"priority": 10.8,
						"priorityForCancel": 12.0,
						"animation": "Stalk",
						"mindurationMs": 80000,
						"movespeedByType": {
             "*-female-smilodon-fatalis": 0.004,"*-male-smilodon-fatalis": 0.0045,
             "*-female-smilodon-populator": 0.0046,"*-male-smilodon-populator": 0.0053,
            "*-female-homotherium-serum": 0.0043,"*-male-homotherium-serum": 0.0046
						},
						"animationSpeed": 0.66,
						"stopOnHurt": true,
						"whenSwimming": false,
						"DontExecuteIfRecentlyAttacked": true,
						"tagsAppliedToEntity": ["state-moving"],
						"whenNotInEmotionState": ["aggressiveondamage","fleeondamage"]
					},
						//wandering walk at any time
					{
						"code": "wander-r",
						"enabled":  false,
						"priority": 10.8,
						"priorityForCancel": 12.0,
						"animation": "Walk",
						"mindurationMs": 80000,
						"movespeedByType": {
             "*-female-smilodon-fatalis": 0.006,"*-male-smilodon-fatalis": 0.0067,
             "*-female-smilodon-populator": 0.007,"*-male-smilodon-populator": 0.008,
            "*-female-homotherium-serum": 0.0065,"*-male-homotherium-serum": 0.007
						},
						"animationSpeed": 1,
						"stopOnHurt": true,
						"whenSwimming": false,
						"DontExecuteIfRecentlyAttacked": true,
						"tagsAppliedToEntity": ["state-moving"],
						"whenNotInEmotionState": ["aggressiveondamage","fleeondamage"]
					},
					//-------------------------Leave Deadly Conditions-------------------------//
						//fleeing when injured
					{
						"code": "fleeentity-r",
						"priority": 9.41,
						"priorityForCancel": 9.41,
						"animation": "Run",
						"entityCodes": [],
						"skipEntityTags": [["carcass","egg","nest","state-sneaking","machairodontinaetag"]],
						"skipEntityCodes": ["machairodontinae-adult-female-{genus}-{species}","machairodontinae-adult-male-{genus}-{species}","machairodontinae-baby-female-{genus}-{species}","machairodontinae-baby-male-{genus}-{species}"],
						"targetLightLevels": [1, 4, 22, 32],
						"movespeedByType": {
             "*-female-smilodon-fatalis": 0.09,"*-male-smilodon-fatalis": 0.1,
             "*-female-smilodon-populator": 0.105,"*-male-smilodon-populator": 0.12,
            "*-female-homotherium-serum": 0.0975,"*-male-homotherium-serum": 0.105
						},
						"animationSpeed": 2.0,
						"executionChance": 1,
						"seekingRange": 20,
						"fleeingDistance" : 50,
						"whenInEmotionState": ["fleeondamage"],
						"tagsAppliedToEntity": ["ferocious","state-moving","state-sprinting"],
						"whenSwimming": false

					},
						//fleeing when injured in water
					{
						"code": "fleeentity-r",
						"priority": 9.41,
						"priorityForCancel": 9.41,
						"animation": "Swim",
						"entityCodes": [],
						"skipEntityTags": [["carcass","egg","nest","state-sneaking","machairodontinaetag"]],
						"skipEntityCodes": ["machairodontinae-adult-female-{genus}-{species}","machairodontinae-adult-male-{genus}-{species}","machairodontinae-baby-female-{genus}-{species}","machairodontinae-baby-male-{genus}-{species}"],
						"targetLightLevels": [1, 4, 22, 32],
						"movespeedByType": {"*": 0.04},
						"animationSpeed": 1,
						"executionChance": 1,
						"seekingRange": 120,
						"fleeingDistance" : 180,
						"fleeDurationWhenTargetLost": 60000,
						"whenSwimming": true,
						"whenInEmotionState": ["fleeondamage"],
						"tagsAppliedToEntity": ["state-feet-in-liquid","state-moving","state-swimming"]

					},
						//fleeing when injured slower to finish flee on damage emotion state
					{
						"code": "fleeentity-r",
						"priority": 9.41,
						"priorityForCancel": 9.41,
						"animation": "Walk",
						"entityCodes": [],
						"skipEntityTags": [["carcass","egg","nest","state-sneaking","machairodontinaetag"]],
						"skipEntityCodes": ["machairodontinae-adult-female-{genus}-{species}","machairodontinae-adult-male-{genus}-{species}","machairodontinae-baby-female-{genus}-{species}","machairodontinae-baby-male-{genus}-{species}"],
						"targetLightLevels": [1, 4, 22, 32],
						"movespeedByType": {
             "*-female-smilodon-fatalis": 0.006,"*-male-smilodon-fatalis": 0.0067,
             "*-female-smilodon-populator": 0.007,"*-male-smilodon-populator": 0.008,
            "*-female-homotherium-serum": 0.0065,"*-male-homotherium-serum": 0.007
						},
						"animationSpeed": 1,
						"executionChance": 1,
						"seekingRange": 120,
						"fleeingDistance" : 180,
						"fleeDurationWhenTargetLost": 60000,
						"whenInEmotionState": ["fleeondamage"],
						"tagsAppliedToEntity": ["ferocious","state-moving","state-sprinting"],
						"whenSwimming": false

					},
					//-------------------------Combat-------------------------//
						//high damage ambush
					{
						"code": "meleeattack-r",
						"priority": 7.7,
						"priorityForCancel": 8.0,
						"animation": "Attack",
						"minTargetWeight": 0.01,
						"maxTargetWeight": 10,
						"entityTags": [["huntable"]],
						"skipEntityTags": [["ferocious","poisonous","carcass","egg","nest","state-sneaking","machairodontinaetag"]],
						"entityCodes": ["placeholder"],
						"skipEntityCodes": ["machairodontinae-adult-female-{genus}-{species}","machairodontinae-adult-male-{genus}-{species}","machairodontinae-baby-female-{genus}-{species}","machairodontinae-baby-male-{genus}-{species}"],
						"targetLightLevels": [1, 4, 22, 32],
						"animationSpeed": 3,
						"damageByType": {
             "*-female-smilodon-fatalis": 20,"*-male-smilodon-fatalis": 24,
             "*-female-smilodon-populator": 24,"*-male-smilodon-populator": 28,
             "*-female-homotherium-serum": 20,"*-male-homotherium-serum": 24
						},
						"damageType": "SlashingAttack",
						"maxAttackDistance": 3,
						"damageTier": 2,
						"mincooldown": 60000,
						"maxcooldown": 65000,
						"attackDurationMs": 600,
						"damageWindowMs": [100,600],
						"tamingGenerations": 2,
						"alarmHerd": true,
						"EatAfterKill" : true,
						"playerIsMeal" : true,
						"soundByType": {
							"*": "machairodontinae:creature/machairodontinae/populatorattack"							
						},
						"stopOnHurt": true,
						"DontExecuteIfRecentlyAttacked": true,
						"tagsAppliedToEntity": ["ferocious"],
						"whenNotInEmotionState": ["aggressiveondamage","fleeondamage","saturated"]
					},
						//standard attack, hunting food
					{
						"code": "meleeattack-r",
						"priority": 7.6,
						"priorityForCancel": 8.0,
						"animation": "Attack",
						"minTargetWeight": 0.01,
						"maxTargetWeight": 10,
						"entityTags": [["huntable"]],
						"skipEntityTags": [["ferocious","poisonous","carcass","egg","nest","state-sneaking","machairodontinaetag"]],
						"entityCodes": ["placeholder"],
						"skipEntityCodes": ["machairodontinae-adult-female-{genus}-{species}","machairodontinae-adult-male-{genus}-{species}","machairodontinae-baby-female-{genus}-{species}","machairodontinae-baby-male-{genus}-{species}"],
						"targetLightLevels": [1, 4, 22, 32],
						"animationSpeed": 1.5,
						"damageByType": {
             "*-female-smilodon-fatalis": 10,"*-male-smilodon-fatalis": 12,
             "*-female-smilodon-populator": 12,"*-male-smilodon-populator": 14,
             "*-female-homotherium-serum": 10,"*-male-homotherium-serum": 12
						},
						"damageType": "SlashingAttack",
						"maxAttackDistance": 3,
						"damageTier": 2,
						"mincooldown": 500,
						"maxcooldown": 500,
						"attackDurationMs": 1200,
						"damageWindowMs": [550,660],
						"tamingGenerations": 2,
						"alarmHerd": true,
						"EatAfterKill" : true,
						"playerIsMeal" : true,
						"soundByType": {
							"*": "machairodontinae:creature/machairodontinae/populatorattack"							
						},
						"stopOnHurt": true,
						"DontExecuteIfRecentlyAttacked": true,
						"tagsAppliedToEntity": ["ferocious"],
						"whenNotInEmotionState": ["aggressiveondamage","fleeondamage","saturated"]
					},
						//standard attack, when aggressive
					{
						"code": "meleeattack-r",
						"priority": 7.5,
						"priorityForCancel": 8.0,
						"animation": "Attack",
						"minTargetWeight": 0.01,
						"maxTargetWeight": 10,
						"entityTags": [],
						"skipEntityTags": [["ferocious","poisonous","carcass","egg","nest","state-sneaking","machairodontinaetag"]],
						"entityCodes": ["placeholder"],
						"skipEntityCodes": ["machairodontinae-adult-female-{genus}-{species}","machairodontinae-adult-male-{genus}-{species}","machairodontinae-baby-female-{genus}-{species}","machairodontinae-baby-male-{genus}-{species}"],
						"targetLightLevels": [1, 4, 22, 32],
						"animationSpeed": 1.5,
						"damageByType": {
             "*-female-smilodon-fatalis": 10,"*-male-smilodon-fatalis": 12,
             "*-female-smilodon-populator": 12,"*-male-smilodon-populator": 14,
             "*-female-homotherium-serum": 10,"*-male-homotherium-serum": 12
						},
						"damageType": "SlashingAttack",
						"maxAttackDistance": 3,
						"damageTier": 2,
						"mincooldown": 500,
						"maxcooldown": 500,
						"attackDurationMs": 1200,
						"damageWindowMs": [550,660],
						"tamingGenerations": 2,
						"alarmHerd": true,
						"EatAfterKill" : true,
						"playerIsMeal" : true,
						"soundByType": {
							"*": "machairodontinae:creature/machairodontinae/populatorattack"							
						},
						"tagsAppliedToEntity": ["ferocious"],
						"whenInEmotionState": ["aggressiveondamage","aggressivearoundentities"],
						"whenNotInEmotionState": ["fleeondamage"]
					},
						//low damage, ferocious vs ferocious fight
					{
						"code": "meleeattack-r",
						"priority": 7.4,
						"priorityForCancel": 8.0,
						"animation": "Attack",
						"minTargetWeight": 0.01,
						"maxTargetWeight": 10,
						"entityTags": [["ferocious"]],
						"skipEntityTags": [["state-sneaking","machairodontinaetag"]],
						"entityCodes": ["placeholder"],
						"skipEntityCodes": ["machairodontinae-adult-female-{genus}-{species}","machairodontinae-adult-male-{genus}-{species}","machairodontinae-baby-female-{genus}-{species}","machairodontinae-baby-male-{genus}-{species}"],
						"targetLightLevels": [1, 4, 22, 32],
						"animationSpeed": 1,
						"damageByType": {
             "*-female-smilodon-fatalis": 2,"*-male-smilodon-fatalis": 2.4,
             "*-female-smilodon-populator": 2.4,"*-male-smilodon-populator": 2.8,
            "*-female-homotherium-serum": 2,"*-male-homotherium-serum": 2.4
						},
						"damageType": "SlashingAttack",
						"maxAttackDistance": 3,
						"damageTier": 2,
						"mincooldown": 500,
						"maxcooldown": 1500,
						"attackDurationMs": 1800,
						"damageWindowMs": [830,1000],
						"tamingGenerations": 2,
						"alarmHerd": true,
						"EatAfterKill" : false,
						"playerIsMeal" : false,
						"soundByType": {
							"*": "machairodontinae:creature/machairodontinae/populatorattack"							
						},
						"stopOnHurt": false,
						"DontExecuteIfRecentlyAttacked": false,
						"tagsAppliedToEntity": ["ferocious"],
						"whenNotInEmotionState": ["fleeondamage"]
					},
						//stay in fight
					{
						"code": "seekentity-r",
						"priority": 7.2,
						"priorityForCancel": 8.0,
						"animation": "Run",
						"minTargetWeight": 0.01,
						"maxTargetWeight": 10,
						"entityTags": [[]],
						"skipEntityTags": [["poisonous","carcass","egg","nest","state-sneaking","machairodontinaetag"]],
						"entityCodes": ["placeholder"],
						"skipEntityCodes": ["machairodontinae-adult-female-{genus}-{species}","machairodontinae-adult-male-{genus}-{species}","machairodontinae-baby-female-{genus}-{species}","machairodontinae-baby-male-{genus}-{species}"],
						"targetLightLevels": [1, 4, 22, 32],
						"tamingGenerations": 2,
						"alarmHerd": true,
						"herdAlarmRange": 30,
						"maxFollowTimeSec": 240, 
						"movespeedByType": {
             "*-female-smilodon-fatalis": 0.09,"*-male-smilodon-fatalis": 0.1,
             "*-female-smilodon-populator": 0.105,"*-male-smilodon-populator": 0.12,
            "*-female-homotherium-serum": 0.0975,"*-male-homotherium-serum": 0.105
						},
						"animationSpeed": 2,
						"seekingRange": 5,
						"jumpAtTarget": true,
						"jumpAnimationCode": null,
						"DistanceToTargetToJump": [0.5,4],
						"JumpSpeedFactor": 2,
						"JumpHeightFactor": 0.5,
						"AfterJumpSpeedReduction": 0.125,
						"stopOnHurt": false,
						"whenSwimming": false,
						"DontExecuteIfRecentlyAttacked": false,
						"tagsAppliedToEntity": ["ferocious","state-moving"],
						"whenInEmotionState": ["aggressiveondamage"],
						"whenNotInEmotionState": ["fleeondamage"]
					},
						//low damage against helpless target
					{
						"code": "meleeattack-r",
						"priority": 7.1,
						"priorityForCancel": 8.0,
						"animation": "Eat",
						"minTargetWeight": 0.0001,
						"maxTargetWeight": 0.25,
						"entityTags": [["carcass","egg","nest","animal"],["huntable"]],
						"skipEntityTags": [["player","state-sneaking","machairodontinaetag"]],
						"entityCodes": ["placeholder"],
						"skipEntityCodes": ["machairodontinae-adult-female-{genus}-{species}","machairodontinae-adult-male-{genus}-{species}","machairodontinae-baby-female-{genus}-{species}","machairodontinae-baby-male-{genus}-{species}"],
						"targetLightLevels": [1, 4, 22, 32],
						"tamingGenerations": 2,
						"animationSpeed": 1,
						"damageByType": {
             "*-female-smilodon-fatalis": 4,"*-male-smilodon-fatalis": 4.8,
             "*-female-smilodon-populator": 4.8,"*-male-smilodon-populator": 5.6,
             "*-female-homotherium-serum": 4,"*-male-homotherium-serum": 4.8
						},
						"damageType": "SlashingAttack",
						"maxAttackDistance": 1.5,
						"damageTier": 2,
						"mincooldown": 500,
						"maxcooldown": 1500,
						"attackDurationMs": 1800,
						"damageWindowMs": [830,1000],
						"EatAfterKill" : true,
						"playerIsMeal" : false,
						"soundByType": {
							"*": "game:creature/animal-eat1"							
						},
						"stopOnHurt": false,
						"DontExecuteIfRecentlyAttacked": true,
						"tagsAppliedToEntity": ["ferocious"],
						"whenNotInEmotionState": ["aggressiveondamage","fleeondamage","saturated"]
					},
						//low damage against dead target
					{
						"code": "meleeattack-r",
						"priority": 7.1,
						"priorityForCancel": 8.0,
						"animation": "Eat",
						"minTargetWeight": 0.25,
						"maxTargetWeight": 9999,
						"entityTags": [["huntable"]],
						"skipEntityTags": [["boss","mechanical","rust-creature","poisonous","state-alive","machairodontinaetag"]],
						"entityCodes": ["placeholder"],
						"IgnoreDeadEntities": false,
						"targetLightLevels": [1, 4, 22, 32],
						"animationSpeed": 1,
						"damageByType": {
             "*-female-smilodon-fatalis": 4,"*-male-smilodon-fatalis": 4.8,
             "*-female-smilodon-populator": 4.8,"*-male-smilodon-populator": 5.6,
            "*-female-homotherium-serum": 4,"*-male-homotherium-serum": 4.8
						},
						"damageType": "SlashingAttack",
						"maxAttackDistance": 3,
						"damageTier": 2,
						"mincooldown": 500,
						"maxcooldown": 1500,
						"attackDurationMs": 1800,
						"damageWindowMs": [830,1000],
						"EatAfterKill" : true,
						"playerIsMeal" : true,
						"soundByType": {
							"*": "game:creature/animal-eat1"							
						},
						"stopOnHurt": false,
						"DontExecuteIfRecentlyAttacked": true,
						"tagsAppliedToEntity": ["ferocious"],
						"whenNotInEmotionState": ["aggressiveondamage","fleeondamage","saturated"]
					},
						//low damage, play fight
					{
						"code": "meleeattack-r",
						"priority": 7.0,
						"priorityForCancel": 8.0,
						"animation": "Attack",
						"minTargetWeight": 0.001,
						"maxTargetWeight": 2,
						"entityTags": [["huntable"]],
						"skipEntityTags": [["state-sneaking","machairodontinaetag"]],
						"entityCodes": ["placeholder"],
						"skipEntityCodes": ["machairodontinae-adult-female-{genus}-{species}","machairodontinae-adult-male-{genus}-{species}","machairodontinae-baby-female-{genus}-{species}","machairodontinae-baby-male-{genus}-{species}"],
						"targetLightLevels": [1, 4, 22, 32],
						"tamingGenerations": 99,
						"animationSpeed": 1,
						"executionChance": 0.1,
						"damageByType": {
             "*-female-smilodon-fatalis": 2,"*-male-smilodon-fatalis": 2.4,
             "*-female-smilodon-populator": 2.4,"*-male-smilodon-populator": 2.8,
            "*-female-homotherium-serum": 2,"*-male-homotherium-serum": 2.4
						},
						"damageType": "SlashingAttack",
						"maxAttackDistance": 3,
						"damageTier": 2,
						"mincooldown": 500,
						"maxcooldown": 1500,
						"attackDurationMs": 1800,
						"damageWindowMs": [830,1000],
						"EatAfterKill" : true,
						"playerIsMeal" : true,
						"soundByType": {
							"*": "machairodontinae:creature/machairodontinae/populatorattack"						
						},
						"stopOnHurt": true,
						"DontExecuteIfRecentlyAttacked": true,
						"tagsAppliedToEntity": ["ferocious"],
						"whenNotInEmotionState": ["aggressiveondamage","fleeondamage"]
					},
						//attack to have damage on UI
					{
						"code": "meleeattack-r",
						"priority": 7.0,
						"animation": "Attack",
						"entityCodes": ["placeholder"],
						"animationSpeed": 1.5,
						"damageByType": {
             "*-female-smilodon-fatalis": 10,"*-male-smilodon-fatalis": 12,
             "*-female-smilodon-populator": 12,"*-male-smilodon-populator": 14,
            "*-female-homotherium-serum": 10,"*-male-homotherium-serum": 12
						},
						"damageType": "SlashingAttack",
						"maxAttackDistance": 2.5,
						"damageTier": 2
					},
					//-------------------------Avoid Dangerous Entities-------------------------//
						//threat display due to ferocious predator
					{
						"code": "lookatentity",
						"enabled" : false,
						"priority": 5.83,
						"priorityForCancel": 6.0,
						"minDurationMs": 500,
						"MaxDurationMs": 24000,
						"minCooldown": 24000,
						"maxCoolDown": 48000,
						"animation": "Roar",
						"minTargetWeight": 0.03,
						"maxTargetWeight": 1.125,
						"entityTags": [["ferocious"],["predator"]],
						"skipEntityTags": [["state-sneaking","machairodontinaetag"]],
						"entityCodes": ["placeholder"],
						"skipEntityCodes": ["machairodontinae-adult-female-{genus}-{species}","machairodontinae-adult-male-{genus}-{species}","machairodontinae-baby-female-{genus}-{species}","machairodontinae-baby-male-{genus}-{species}"],
						"targetLightLevels": [1, 4, 22, 32],
						"animationSpeed": 0.75,
						"seekingRange": 5,
						"soundByType": {
							"*": "machairodontinae:creature/machairodontinae/populatorattack"						
						},
						"soundStartMs": 500,
						"soundRepeatMs": 7000,
						"soundVolume": 0.75,
						"soundRangeByType": {"*": 120},
						"stopOnHurt": true,
						"whenSwimming": false,
						"DontExecuteIfRecentlyAttacked": true,
						"tagsAppliedToEntity": ["ferocious"],
						"whenNotInEmotionState": "aggressiveondamage|fleeondamage"
					},
						//stare at animal doing threat display
					{
						"code": "lookatentity",
						"enabled" : false,
						"priority": 5.82,
						"priorityForCancel": 6.0,
						"animation": "Sneak",
						"minDurationMs": 2500,
						"MaxDurationMs": 24000,
						"minCooldown": 1000,
						"maxCoolDown": 10000,
						"minTargetWeight": 0.03,
						"maxTargetWeight": 1.125,
						"entityTags": [["huntable","predator"],["defended","ferocious","poisonous","prickly","shelled","venomous","state-armed","has-open-fire"]],
						"skipEntityTags": [["state-sneaking","machairodontinaetag"]],
						"entityCodes": ["placeholder"],
						"skipEntityCodes": ["machairodontinae-adult-female-{genus}-{species}","machairodontinae-adult-male-{genus}-{species}","machairodontinae-baby-female-{genus}-{species}","machairodontinae-baby-male-{genus}-{species}"],
						"targetLightLevels": [1, 4, 22, 32],
						"animationSpeed": 0.01,
						"seekingRange": 5,
						"stopOnHurt": true,
						"whenSwimming": false,
						"DontExecuteIfRecentlyAttacked": true,
						"tagsAppliedToEntity": ["ferocious"],
						"whenNotInEmotionState": "aggressiveondamage|fleeondamage"
					},
						//be aggressive due to ferocious threat display of smaller animal
					{
						"code": "seekentity",
						"priority": 5.81,
						"priorityForCancel": 6.0,
						"animation": "Walk",
						"minTargetWeight": 0.03,
						"maxTargetWeight": 0.95,
						"entityTags": [["predator","huntable"],["ferocious","defended","state-armed"]],
						"skipEntityTagsByType": {"*uncia*": [["carcass","egg","nest","state-sneaking","pantherinaetag"]],"*": [["carcass","egg","nest","state-sneaking","machairodontinaetag"]]},
						"entityCodes": ["placeholder"],
						"skipEntityCodes": ["machairodontinae-adult-female-{genus}-{species}","machairodontinae-adult-male-{genus}-{species}","machairodontinae-baby-female-{genus}-{species}","machairodontinae-baby-male-{genus}-{species}"],
						"targetLightLevels": [1, 4, 22, 32],
						"alarmHerd": true,
						"herdAlarmRange": 30,
						"maxFollowTimeSec": 60, 
						"executionChance": 0.55,
						"movespeedByType": {
             "*-female-smilodon-fatalis": 0.006,"*-male-smilodon-fatalis": 0.0067,
             "*-female-smilodon-populator": 0.007,"*-male-smilodon-populator": 0.008,
						 "*-female-homotherium-serum": 0.0065,"*-male-homotherium-serum": 0.007
						},
						"animationSpeed": 1,
						"seekingRange": 6,
						"jumpAtTarget": false,
						"jumpAnimationCode": null,
						"stopOnHurt": false,
						"whenSwimming": false,
						"DontExecuteIfRecentlyAttacked": false,
						"tagsAppliedToEntity": ["ferocious","state-moving"],
						"whenNotInEmotionState": "fleeondamage"
					},
						//be aggressive due to ferocious threat display of larger animal
					{
						"code": "seekentity",
						"priority": 5.81,
						"priorityForCancel": 6.0,
						"animation": "Walk",
						"minTargetWeight": 0.95,
						"maxTargetWeight": 1.125,
						"entityTags": [["predator","huntable"],["ferocious","defended","state-armed"]],
						"skipEntityTags": [["carcass","egg","nest","state-sneaking","machairodontinaetag"]],
						"entityCodes": ["placeholder"],
						"skipEntityCodes": ["machairodontinae-adult-female-{genus}-{species}","machairodontinae-adult-male-{genus}-{species}","machairodontinae-baby-female-{genus}-{species}","machairodontinae-baby-male-{genus}-{species}"],
						"targetLightLevels": [1, 4, 22, 32],
						"alarmHerd": true,
						"herdAlarmRange": 30,
						"maxFollowTimeSec": 60, 
						"executionChance": 0.25,
						"movespeedByType": {
             "*-female-smilodon-fatalis": 0.006,"*-male-smilodon-fatalis": 0.0067,
             "*-female-smilodon-populator": 0.007,"*-male-smilodon-populator": 0.008,
						 "*-female-homotherium-serum": 0.0065,"*-male-homotherium-serum": 0.007
						},
						"animationSpeed": 1,
						"seekingRange": 6,
						"jumpAtTarget": false,
						"jumpAnimationCode": null,
						"stopOnHurt": false,
						"whenSwimming": false,
						"DontExecuteIfRecentlyAttacked": false,
						"tagsAppliedToEntity": ["ferocious","state-moving"],
						"whenNotInEmotionState": "fleeondamage"
					},
						//be aggressive due to toxic threat display
					{
						"code": "seekentity",
						"priority": 5.81,
						"priorityForCancel": 6.0,
						"animation": "Walk",
						"minTargetWeight": 0.01,
						"maxTargetWeight": 10,
						"entityTags": [["huntable"],["poisonous","venomous"]],
						"skipEntityTagsByType": {"*uncia*": [["carcass","egg","nest","state-sneaking","pantherinaetag"]],"*": [["carcass","egg","nest","state-sneaking","machairodontinaetag"]]},
						"entityCodes": ["placeholder"],
						"skipEntityCodes": ["machairodontinae-adult-female-{genus}-{species}","machairodontinae-adult-male-{genus}-{species}","machairodontinae-baby-female-{genus}-{species}","machairodontinae-baby-male-{genus}-{species}"],
						"targetLightLevels": [1, 4, 22, 32],
						"alarmHerd": true,
						"herdAlarmRange": 30,
						"maxFollowTimeSec": 60, 
						"executionChance": 0.015,
						"movespeedByType": {
             "*-female-smilodon-fatalis": 0.006,"*-male-smilodon-fatalis": 0.0067,
             "*-female-smilodon-populator": 0.007,"*-male-smilodon-populator": 0.008,
						 "*-female-homotherium-serum": 0.0065,"*-male-homotherium-serum": 0.007
						},
						"animationSpeed": 1,
						"seekingRange": 6,
						"jumpAtTarget": false,
						"jumpAnimationCode": null,
						"stopOnHurt": false,
						"whenSwimming": false,
						"DontExecuteIfRecentlyAttacked": false,
						"tagsAppliedToEntity": ["ferocious","state-moving"],
						"whenNotInEmotionState": "fleeondamage"
					},
						//be aggressive due to dangerous threat display
					{
						"code": "seekentity",
						"priority": 5.81,
						"priorityForCancel": 6.0,
						"animation": "Walk",
						"minTargetWeight": 0.01,
						"maxTargetWeight": 10,
						"entityTags": [["huntable"],["defended","prickly","shelled","has-open-fire"]],
						"skipEntityTagsByType": {"*uncia*": [["carcass","egg","nest","state-sneaking","pantherinaetag"]],"*": [["carcass","egg","nest","state-sneaking","machairodontinaetag"]]},
						"entityCodes": ["placeholder"],
						"skipEntityCodes": ["machairodontinae-adult-female-{genus}-{species}","machairodontinae-adult-male-{genus}-{species}","machairodontinae-baby-female-{genus}-{species}","machairodontinae-baby-male-{genus}-{species}"],
						"targetLightLevels": [1, 4, 22, 32],
						"alarmHerd": true,
						"herdAlarmRange": 30,
						"maxFollowTimeSec": 60, 
						"executionChance": 0.125,
						"movespeedByType": {
             "*-female-smilodon-fatalis": 0.006,"*-male-smilodon-fatalis": 0.0067,
             "*-female-smilodon-populator": 0.007,"*-male-smilodon-populator": 0.008,
						 "*-female-homotherium-serum": 0.0065,"*-male-homotherium-serum": 0.007
						},
						"animationSpeed": 1,
						"seekingRange": 6,
						"jumpAtTarget": false,
						"jumpAnimationCode": null,
						"stopOnHurt": false,
						"whenSwimming": false,
						"DontExecuteIfRecentlyAttacked": false,
						"tagsAppliedToEntity": ["ferocious","state-moving"],
						"whenNotInEmotionState": "fleeondamage"
					},
						//fleeing due to dangerous threat display
					{
						"code": "fleeentity-r",
						"priority": 5.8,
						"priorityForCancel": 6.0,
						"animation": "Run",
						"minTargetWeight": 0.01,
						"maxTargetWeight": 10,
						"entityTags": [["predator","huntable"],["venomous","ferocious","defended","state-armed","has-open-fire"]],
						"skipEntityTags": [["carcass","egg","nest","state-sneaking","machairodontinaetag"]],
						"skipEntityCodes": ["machairodontinae-adult-female-{genus}-{species}","machairodontinae-adult-male-{genus}-{species}","machairodontinae-baby-female-{genus}-{species}","machairodontinae-baby-male-{genus}-{species}"],
						"targetLightLevels": [1, 4, 22, 32],
						"movespeedByType": {
             "*-female-smilodon-fatalis": 0.09,"*-male-smilodon-fatalis": 0.1,
             "*-female-smilodon-populator": 0.105,"*-male-smilodon-populator": 0.12,
            "*-female-homotherium-serum": 0.0975,"*-male-homotherium-serum": 0.105
						},
						"animationSpeed": 2.0,
						"seekingRange": 6,
						"fleeingDistance" : 50,
						"fleeDurationWhenTargetLost": 20000,
						"tagsAppliedToEntity": ["ferocious","state-moving","state-sprinting"],
						"whenSwimming": false,
						"whenNotInEmotionState": ["aggressiveondamage","fleeondamage"]

					},
						//fleeing due to passive threat display
					{
						"code": "fleeentity-r",
						"priority": 5.8,
						"priorityForCancel": 6.0,
						"animation": "Walk",
						"minTargetWeight": 0.01,
						"maxTargetWeight": 10,
						"entityTags": [["huntable"],["prickly","defended","shelled","state-armed","has-open-fire"]],
						"skipEntityTags": [["carcass","egg","nest","state-sneaking","machairodontinaetag"]],
						"skipEntityCodes": ["machairodontinae-adult-female-{genus}-{species}","machairodontinae-adult-male-{genus}-{species}","machairodontinae-baby-female-{genus}-{species}","machairodontinae-baby-male-{genus}-{species}"],
						"targetLightLevels": [1, 4, 22, 32],
						"movespeedByType": {
             "*-female-smilodon-fatalis": 0.006,"*-male-smilodon-fatalis": 0.0067,
             "*-female-smilodon-populator": 0.007,"*-male-smilodon-populator": 0.008,
            "*-female-homotherium-serum": 0.0065,"*-male-homotherium-serum": 0.007
						},
						"animationSpeed": 1,
						"seekingRange": 6,
						"fleeingDistance" : 16,
						"fleeDurationWhenTargetLost": 20000,
						"tagsAppliedToEntity": ["ferocious","state-moving","state-sprinting"],
						"whenSwimming": false,
						"whenNotInEmotionState": ["aggressiveondamage","fleeondamage"]
					},
						//dart away from projectiles/vehicles
					{
						"code": "fleeentity-r",
						"priority": 5.6,
						"priorityForCancel": 6.0,
						"animation": "Run",
						"entityTags": [["projectile","vehicle"]],
						"targetLightLevels": [1, 4, 22, 32],
						"movespeedByType": {
             "*-female-smilodon-fatalis": 0.09,"*-male-smilodon-fatalis": 0.1,
             "*-female-smilodon-populator": 0.105,"*-male-smilodon-populator": 0.12,
            "*-female-homotherium-serum": 0.0975,"*-male-homotherium-serum": 0.105
						},
						"animationSpeed": 2.0,
						"fleeDurationMS": 500,
						"seekingRange": 5,
						"fleeingDistance": 7,
						"stopOnHurt": true,
						"whenSwimming": false,
						"tagsAppliedToEntity": ["state-moving","state-sprinting"]
					},
						//avoid large dangerous entities at close range
					{
						"code": "fleeentity-r",
						"priority": 5.6,
						"priorityForCancel": 6.0,
						"animation": "Run",
						"minTargetWeight": 10,
						"maxTargetWeight": 999,
						"entityTags": [["ferocious","mechanical","rust-creature","swarm","venomous"]],
						"skipEntityTags": [["carcass","nest","state-sneaking"]],
						"reverseSkipTagsCheck": true,
						"targetLightLevels": [1, 4, 22, 32],
						"movespeedByType": {
             "*-female-smilodon-fatalis": 0.09,"*-male-smilodon-fatalis": 0.1,
             "*-female-smilodon-populator": 0.105,"*-male-smilodon-populator": 0.12,
            "*-female-homotherium-serum": 0.0975,"*-male-homotherium-serum": 0.105
						},
						"animationSpeed": 2.0,
						"fleeDurationWhenTargetLost": 20000,
						"seekingRange": 10,
						"fleeingDistance": 50,
						"stopOnHurt": true,
						"whenSwimming": false,
						"tagsAppliedToEntity": ["state-moving","state-sprinting"]
					},
						//avoid dangerous entities at close range
					{
						"code": "fleeentity-r",
						"priority": 5.6,
						"priorityForCancel": 6.0,
						"animation": "Run",
						"entityTags": [["boss","mechanical","rust-creature","swarm","venomous"]],
						"skipEntityTags": [["state-sneaking"]],
						"targetLightLevels": [1, 4, 22, 32],
						"movespeedByType": {
             "*-female-smilodon-fatalis": 0.09,"*-male-smilodon-fatalis": 0.1,
             "*-female-smilodon-populator": 0.105,"*-male-smilodon-populator": 0.12,
            "*-female-homotherium-serum": 0.0975,"*-male-homotherium-serum": 0.105
						},
						"animationSpeed": 2.0,
						"fleeDurationWhenTargetLost": 20000,
						"seekingRange": 10,
						"fleeingDistance": 50,
						"stopOnHurt": true,
						"whenSwimming": false,
						"tagsAppliedToEntity": ["state-moving","state-sprinting"]
					},
						//freeze to lose attention
					{
						"code": "lookatentity",
						"enabled" : false,
						"priority": 5.4,
						"priorityForCancel": 5.5,
						"minDurationMs": 500,
						"maxDurationMs": 12500,
						"minCooldownMs": 1000,
						"maxCoolDownMs": 10000,
						"animation": "Stalk",
						"minTargetWeight": 0.125,
						"maxTargetWeight": 999,
						"entityTags": [["ferocious","boss","mechanical","rust-creature","has-open-fire","swarm","vehicle","venomous"]],
						"skipEntityTagsByType": {"*": [["state-sneaking","machairodontinaetag"]]},
						"entityCodes": ["placeholder"],
						"skipEntityCodes": ["machairodontinae-adult-female-{genus}-{species}","machairodontinae-adult-male-{genus}-{species}","machairodontinae-baby-female-{genus}-{species}","machairodontinae-baby-male-{genus}-{species}"],
						"MaxTurnAngleDeg": 0,
						"targetLightLevels": [1, 4, 22, 32],
						"animationSpeed": 0.01,
						"seekingRange": 30,
						"stopOnHurt": true,
						"whenSwimming": false,
						"DontExecuteIfRecentlyAttacked": true,
						"tagsAppliedToEntity": ["state-sneaking"],
						"whenNotInEmotionState": "aggressiveondamage|fleeondamage"
					},
						//avoid large dangerous entities at mid range
					{
						"code": "fleeentity-r",
						"priority": 5.2,
						"priorityForCancel": 5.4,
						"animation": "Walk",
						"minTargetWeight": 5,
						"maxTargetWeight": 9999,
						"entityTags": [["ferocious","boss","mechanical","rust-creature","has-open-fire"]],
						"skipEntityTags": [["state-sneaking"]],
						"skipEntityCodes": ["machairodontinae-adult-female-{genus}-{species}","machairodontinae-adult-male-{genus}-{species}","machairodontinae-baby-female-{genus}-{species}","machairodontinae-baby-male-{genus}-{species}"],
						"targetLightLevels": [1, 4, 22, 32],
						"movespeedByType": {
             "*-female-smilodon-fatalis": 0.006,"*-male-smilodon-fatalis": 0.0067,
             "*-female-smilodon-populator": 0.007,"*-male-smilodon-populator": 0.008,
            "*-female-homotherium-serum": 0.0065,"*-male-homotherium-serum": 0.007
						},
						"animationSpeed": 1,
						"fleeDurationWhenTargetLost": 10000,
						"seekingRange": 30,
						"fleeingDistance": 40,
						"stopOnHurt": true,
						"whenSwimming": false,
						"tagsAppliedToEntity": ["state-moving"]
					},
						//avoid large dangerous entities at long range
					{
						"code": "fleeentity-r",
						"priority": 5.0,
						"priorityForCancel": 5.2,
						"animation": "Walk",
						"minTargetWeight": 0.25,
						"entityTags": [["boss","rust-creature"]],
						"skipEntityTags": [["state-sneaking"]],
						"targetLightLevels": [1, 4, 22, 32],
						"movespeedByType": {
             "*-female-smilodon-fatalis": 0.006,"*-male-smilodon-fatalis": 0.0067,
             "*-female-smilodon-populator": 0.007,"*-male-smilodon-populator": 0.008,
            "*-female-homotherium-serum": 0.0065,"*-male-homotherium-serum": 0.007
						},
						"animationSpeed": 1,
						"stopOnHurt": true,
						"whenSwimming": false,
						"seekingRange": 50,
						"fleeingDistance": 60,
						"tagsAppliedToEntity": ["state-moving"]
					},
						//avoid large entities at long range when not hungry
					{
						"code": "fleeentity-r",
						"priority": 5.0,
						"priorityForCancel": 5.2,
						"animation": "Walk",
						"minTargetWeight": 0.5,
						"maxTargetWeight": 99999,
						"skipEntityTags": [["carcass","nest","state-sneaking","machairodontinaetag"]],
						"skipEntityCodes": ["machairodontinae-adult-female-{genus}-{species}","machairodontinae-adult-male-{genus}-{species}","machairodontinae-baby-female-{genus}-{species}","machairodontinae-baby-male-{genus}-{species}"],
						"targetLightLevels": [1, 4, 22, 32],
						"movespeedByType": {
             "*-female-smilodon-fatalis": 0.006,"*-male-smilodon-fatalis": 0.0067,
             "*-female-smilodon-populator": 0.007,"*-male-smilodon-populator": 0.008,
            "*-female-homotherium-serum": 0.0065,"*-male-homotherium-serum": 0.007
						},
						"animationSpeed": 1,
						"stopOnHurt": true,
						"whenSwimming": false,
						"seekingRange": 50,
						"fleeingDistance": 60,
						"tagsAppliedToEntity": ["state-moving"],
						"whenNotInEmotionState": ["saturated"]
					},
						//avoid giant entities at long range
					{
						"code": "fleeentity-r",
						"priority": 5.0,
						"priorityForCancel": 5.2,
						"animation": "Walk",
						"minTargetWeight": 10,
						"skipEntityTags": [["carcass","nest","state-sneaking","machairodontinaetag"]],
						"skipEntityCodes": ["machairodontinae-adult-female-{genus}-{species}","machairodontinae-adult-male-{genus}-{species}","machairodontinae-baby-female-{genus}-{species}","machairodontinae-baby-male-{genus}-{species}"],
						"targetLightLevels": [1, 4, 22, 32],
						"movespeedByType": {
             "*-female-smilodon-fatalis": 0.006,"*-male-smilodon-fatalis": 0.0067,
             "*-female-smilodon-populator": 0.007,"*-male-smilodon-populator": 0.008,
            "*-female-homotherium-serum": 0.0065,"*-male-homotherium-serum": 0.007
						},
						"animationSpeed": 1,
						"stopOnHurt": true,
						"whenSwimming": false,
						"seekingRange": 50,
						"fleeingDistance": 60,
						"tagsAppliedToEntity": ["state-moving"]
					},
					//-------------------------Food Seeking-------------------------//
						//if hungry eat favorite foods from POI
					{
						"code": "seekfoodandeat-r",
						"priority": 4.7,
						"priorityForCancel": 5.0,
						"animation": "Walk",
						"eatAnimation": "Eat",
						"eatAnimationLooseItems": "Eat",
						"movespeedByType": {
             "*-female-smilodon-fatalis": 0.006,"*-male-smilodon-fatalis": 0.0067,
             "*-female-smilodon-populator": 0.007,"*-male-smilodon-populator": 0.008,
            "*-female-homotherium-serum": 0.0065,"*-male-homotherium-serum": 0.007
						},
						"animationSpeed": 1,
						"mindurationMS": 4000,
						"maxdurationMS": 4000,
						"mincooldownHours": 1,
						"maxcooldownHours": 4,
						"eatTime": 2,
						"eatLooseItems": true,
						"eatSound" : "game:creature/animal-eat1",
						"stopOnHurt": true,
						"whenSwimming": false,
						"DontExecuteIfRecentlyAttacked": true,
						"tagsAppliedToEntity": ["state-moving"],
						"whenNotInEmotionState": ["aggressiveondamage","fleeondamage"]
					},
						//rush final distance due to preferred prey bolting
					{
						"code": "seekentity",
						"priority": 4.54,
						"priorityForCancel": 4.55,
						"animation": "Run",
						"minTargetWeightByType": {"*fatalis":1,"*populator":1.5,"*serum":1.25},
						"maxTargetWeightByType": {"*fatalis":3,"*populator":4,"*serum":5},
						"entityTags": [["huntable"],["state-sprinting"]],
						"skipEntityTags": [["ferocious","predator","poisonous","machairodontinaetag"]],
						"entityCodes": ["placeholder"],
						"skipEntityCodes": ["machairodontinae-adult-female-{genus}-{species}","machairodontinae-adult-male-{genus}-{species}","machairodontinae-baby-female-{genus}-{species}","machairodontinae-baby-male-{genus}-{species}"],
						"targetLightLevels": [1, 4, 22, 32],
						"executionChance": 1,
						"movespeedByType": {
             "*-female-smilodon-fatalis": 0.09,"*-male-smilodon-fatalis": 0.1,
             "*-female-smilodon-populator": 0.105,"*-male-smilodon-populator": 0.12,
            "*-female-homotherium-serum": 0.0975,"*-male-homotherium-serum": 0.105
						},
						"animationSpeed": 2,
						"seekingRangeByType": {"*-smilodon-*":20,"*-homotherium-*":20},
						"jumpAtTarget": true,
						"jumpAnimationCode": null,
						"DistanceToTargetToJump": [0.5,8],
						"JumpHeightFactor": 0.5,
						"AfterJumpSpeedReduction": 0.125,
						"stopOnHurt": true,
						"whenSwimming": false,
						"DontExecuteIfRecentlyAttacked": true,
						"tagsAppliedToEntity": ["ferocious","state-sprinting"],
						"whenNotInEmotionState": "aggressiveondamage|fleeondamage"
					},
						//rush final distance due to proximity favored prey
					{
						"code": "seekentity",
						"priority": 4.53,
						"priorityForCancel": 4.54,
						"animation": "Run",
						"minTargetWeightByType": {"*fatalis":1,"*populator":1.5,"*serum":1.25},
						"maxTargetWeightByType": {"*fatalis":3,"*populator":4,"*serum":5},
						"entityTags": [["huntable"]],
						"skipEntityTags": [["carcass","defended","ferocious","humanoid","nest","poisonous","predator","prickly","shelled","venomous","state-burrowed","state-flying","state-sneaking","state-swimming","machairodontinaetag"]],
						"entityCodes": ["placeholder"],
						"skipEntityCodes": ["machairodontinae-adult-female-{genus}-{species}","machairodontinae-adult-male-{genus}-{species}","machairodontinae-baby-female-{genus}-{species}","machairodontinae-baby-male-{genus}-{species}"],
						"tamingGenerations": 2,
						"targetLightLevels": [1, 4, 22, 32],
						"executionChance": 1,
						"movespeedByType": {
             "*-female-smilodon-fatalis": 0.09,"*-male-smilodon-fatalis": 0.1,
             "*-female-smilodon-populator": 0.105,"*-male-smilodon-populator": 0.12,
            "*-female-homotherium-serum": 0.0975,"*-male-homotherium-serum": 0.105
						},
						"animationSpeed": 2,
						"seekingRangeByType": {"*-smilodon-*":30,"*-homotherium-*":90},
						"jumpAtTarget": true,
						"jumpAnimationCode": null,
						"DistanceToTargetToJump": [0.5,8],
						"JumpHeightFactor": 0.5,
						"AfterJumpSpeedReduction": 0.125,
						"stopOnHurt": true,
						"whenSwimming": false,
						"DontExecuteIfRecentlyAttacked": true,
						"tagsAppliedToEntity": ["ferocious","state-sprinting"],
						"whenNotInEmotionState": "aggressiveondamage|fleeondamage|saturated"
					},
						// fast stalk preferred prey
					{
						"code": "seekentity",
						"priority": 4.52,
						"priorityForCancel": 4.53,
						"animation": "Stalk",
						"minTargetWeightByType": {"*fatalis":1,"*populator":1.5,"*serum":1.25},
						"maxTargetWeightByType": {"*fatalis":3,"*populator":4,"*serum":5},
						"entityTags": [["huntable"]],
						"skipEntityTags": [["carcass","defended","ferocious","humanoid","nest","poisonous","predator","prickly","shelled","venomous","state-burrowed","state-flying","state-sneaking","state-swimming","machairodontinaetag"]],
						"entityCodes": ["placeholder"],
						"skipEntityCodes": ["machairodontinae-adult-female-{genus}-{species}","machairodontinae-adult-male-{genus}-{species}","machairodontinae-baby-female-{genus}-{species}","machairodontinae-baby-male-{genus}-{species}"],
						"tamingGenerations": 2,
						"targetLightLevels": [1, 4, 22, 32],
						"executionChance": 1,
						"movespeedByType": {
             "*-female-smilodon-fatalis": 0.012,"*-male-smilodon-fatalis": 0.0135,
             "*-female-smilodon-populator": 0.014,"*-male-smilodon-populator": 0.016,
            "*-female-homotherium-serum": 0.013,"*-male-homotherium-serum": 0.014
						},
						"animationSpeed": 1.32,
						"seekingRangeByType": {"*-smilodon-*":80,"*-homotherium-*":150},
						"extraTargetDistance": 10,
						"jumpAtTarget": false,
						"jumpAnimationCode": null,
						"stopOnHurt": true,
						"whenSwimming": false,
						"DontExecuteIfRecentlyAttacked": true,
						"tagsAppliedToEntity": ["state-moving","state-sneaking"],
						"whenNotInEmotionState": "aggressiveondamage|fleeondamage|saturated"
					},
						//freeze to avoid startling preferred prey
					{
						"code": "lookatentity-r",
						"enabled" : false,
						"priority": 4.51,
						"priorityForCancel": 4.52,
						"minDurationMs": 500,
						"maxDurationMs": 2500,
						"minCooldownMs": 1000,
						"maxCoolDownMs": 2000,
						"animation": "Stalk",
						"minTargetWeightByType": {"*fatalis":1,"*populator":1.5,"*serum":1.25},
						"maxTargetWeightByType": {"*fatalis":3,"*populator":4,"*serum":5},
						"entityTags": [["huntable"],["state-moving"]],
						"skipEntityTags": [["humanoid","ferocious","defended","poisonous","venomous","prickly","shelled","state-flying","state-sneaking","state-swimming","machairodontinaetag"]],
						"entityCodes": ["placeholder"],
						"skipEntityCodes": ["machairodontinae-adult-female-{genus}-{species}","machairodontinae-adult-male-{genus}-{species}","machairodontinae-baby-female-{genus}-{species}","machairodontinae-baby-male-{genus}-{species}"],
						"tamingGenerations": 2,
						"targetLightLevels": [1, 4, 22, 32],
						"animationSpeed": 0.01,
						"seekingRangeByType": {"*-smilodon-*":100,"*-homotherium-*":160},
						"extraTargetDistance": 10,
						"stopOnHurt": true,
						"whenSwimming": false,
						"DontExecuteIfRecentlyAttacked": true,
						"tagsAppliedToEntity": ["state-sneaking"],
						"whenNotInEmotionState": ["aggressiveondamage","fleeondamage","saturated"]
					},
						//stalk preferred prey
					{
						"code": "seekentity",
						"priority": 4.5,
						"priorityForCancel": 4.51,
						"animation": "Stalk",
						"minTargetWeightByType": {"*fatalis":1,"*populator":1.5,"*serum":1.25},
						"maxTargetWeightByType": {"*fatalis":3,"*populator":4,"*serum":5},
						"entityTags": [["huntable"]],
						"skipEntityTags": [["carcass","defended","ferocious","humanoid","nest","poisonous","predator","prickly","shelled","venomous","state-burrowed","state-flying","state-sneaking","state-swimming","machairodontinaetag"]],
						"entityCodes": ["placeholder"],
						"skipEntityCodes": ["machairodontinae-adult-female-{genus}-{species}","machairodontinae-adult-male-{genus}-{species}","machairodontinae-baby-female-{genus}-{species}","machairodontinae-baby-male-{genus}-{species}"],
						"tamingGenerations": 2,
						"targetLightLevels": [1, 4, 22, 32],
						"executionChance": 1,
						"maxFollowTimeSec": 120, 
						"movespeedByType": {
             "*-female-smilodon-fatalis": 0.004,"*-male-smilodon-fatalis": 0.0045,
             "*-female-smilodon-populator": 0.0046,"*-male-smilodon-populator": 0.0053,
            "*-female-homotherium-serum": 0.0043,"*-male-homotherium-serum": 0.0046
						},
						"animationSpeed": 0.66,
						"seekingRangeByType": {"*-smilodon-*":120,"*-homotherium-*":180},
						"extraTargetDistance": 10,
						"jumpAtTarget": false,
						"jumpAnimationCode": null,
						"stopOnHurt": true,
						"whenSwimming": false,
						"DontExecuteIfRecentlyAttacked": true,
						"tagsAppliedToEntity": ["state-moving","state-sneaking"],
						"whenNotInEmotionState": "aggressiveondamage|fleeondamage|saturated"
					},
						//long distance hunt for preferred prey
					{
						"code": "seekentity",
						"priority": 4.4,
						"priorityForCancel": 4.5,
						"animation": "Walk",
						"minTargetWeightByType": {"*fatalis":1,"*populator":1.5,"*serum":1.25},
						"maxTargetWeightByType": {"*fatalis":3,"*populator":4,"*serum":5},
						"entityTags": [["huntable"]],
						"skipEntityTags": [["carcass","defended","ferocious","humanoid","nest","poisonous","predator","prickly","shelled","venomous","state-burrowed","state-flying","state-sneaking","state-swimming","machairodontinaetag"]],
						"entityCodes": ["placeholder"],
						"skipEntityCodes": ["machairodontinae-adult-female-{genus}-{species}","machairodontinae-adult-male-{genus}-{species}","machairodontinae-baby-female-{genus}-{species}","machairodontinae-baby-male-{genus}-{species}"],
						"IgnoreDeadEntities": false,
						"tamingGenerations": 2,
						"targetLightLevels": [1, 4, 22, 32],
						"alarmHerd": false,
						"herdAlarmRange": 30,
						"maxFollowTimeSec": 240, 
						"movespeedByType": {
             "*-female-smilodon-fatalis": 0.006,"*-male-smilodon-fatalis": 0.0067,
             "*-female-smilodon-populator": 0.007,"*-male-smilodon-populator": 0.008,
            "*-female-homotherium-serum": 0.0065,"*-male-homotherium-serum": 0.007
						},
						"animationSpeed": 1,
						"mincooldownHours": 0.025,
						"maxcooldownhours": 1,
						"seekingRangeByType": {"*":240},
						"extraTargetDistance": 10,
						"jumpAtTarget": false,
						"jumpAnimationCode": null,
						"stopOnHurt": true,
						"whenSwimming": false,
						"DontExecuteIfRecentlyAttacked": true,
						"tagsAppliedToEntity": ["state-moving"],
						"whenNotInEmotionState": "aggressiveondamage|fleeondamage|saturated"
					},
						//rush final distance due to desperate prey bolting
					{
						"code": "seekentity",
						"priority": 4.14,
						"priorityForCancel": 4.15,
						"animation": "Run",
						"minTargetWeight": 0.01,
						"maxTargetWeight": 10,
						"entityTags": [["huntable"],["state-sprinting"]],
						"skipEntityTags": [["ferocious","defended","poisonous","venomous","prickly","shelled","machairodontinaetag"]],
						"entityCodes": [],
						"skipEntityCodes": ["machairodontinae-adult-female-{genus}-{species}","machairodontinae-adult-male-{genus}-{species}","machairodontinae-baby-female-{genus}-{species}","machairodontinae-baby-male-{genus}-{species}"],
						"targetLightLevels": [1, 4, 22, 32],
						"movespeedByType": {
             "*-female-smilodon-fatalis": 0.09,"*-male-smilodon-fatalis": 0.1,
             "*-female-smilodon-populator": 0.105,"*-male-smilodon-populator": 0.12,
            "*-female-homotherium-serum": 0.0975,"*-male-homotherium-serum": 0.105
						},
						"animationSpeed": 2,
						"seekingRangeByType": {"*-smilodon-*":20,"*-homotherium-*":20},
						"jumpAtTarget": true,
						"jumpAnimationCode": null,
						"JumpHeightFactor": 0.5,
						"stopOnHurt": true,
						"whenSwimming": false,
						"DontExecuteIfRecentlyAttacked": true,
						"tagsAppliedToEntity": ["ferocious","state-sprinting"],
						"whenNotInEmotionState": "aggressiveondamage|fleeondamage"
					},
						//rush final distance due to proximity desperate prey
					{
						"code": "seekentity",
						"priority": 4.13,
						"priorityForCancel": 4.14,
						"animation": "Run",
						"minTargetWeight": 0.01,
						"maxTargetWeight": 10,
						"entityTags": [["huntable"]],
						"skipEntityTags": [["ferocious","defended","poisonous","venomous","prickly","shelled","carcass","nest","state-burrowed","state-flying","state-sneaking","state-swimming","machairodontinaetag"]],
						"entityCodes": ["placeholder"],
						"skipEntityCodes": ["machairodontinae-adult-female-{genus}-{species}","machairodontinae-adult-male-{genus}-{species}","machairodontinae-baby-female-{genus}-{species}","machairodontinae-baby-male-{genus}-{species}"],
						"tamingGenerations": 2,
						"targetLightLevels": [1, 4, 22, 32],
						"movespeedByType": {
             "*-female-smilodon-fatalis": 0.09,"*-male-smilodon-fatalis": 0.1,
             "*-female-smilodon-populator": 0.105,"*-male-smilodon-populator": 0.12,
            "*-female-homotherium-serum": 0.0975,"*-male-homotherium-serum": 0.105
						},
						"animationSpeed": 2,
						"seekingRangeByType": {"*-smilodon-*":30,"*-homotherium-*":90},
						"jumpAtTarget": true,
						"jumpAnimationCode": null,
						"JumpHeightFactor": 0.5,
						"stopOnHurt": true,
						"whenSwimming": false,
						"DontExecuteIfRecentlyAttacked": true,
						"tagsAppliedToEntity": ["ferocious","state-sprinting"],
						"whenNotInEmotionState": "aggressiveondamage|fleeondamage|saturated"
					},
						//fast stalk desperate prey
					{
						"code": "seekentity",
						"priority": 4.12,
						"priorityForCancel": 4.13,
						"animation": "Stalk",
						"minTargetWeight": 0.01,
						"maxTargetWeight": 10,
						"entityTags": [["huntable"]],
						"skipEntityTags": [["ferocious","defended","poisonous","venomous","prickly","shelled","carcass","nest","state-burrowed","state-flying","state-sneaking","state-swimming","machairodontinaetag"]],
						"entityCodes": ["placeholder"],
						"skipEntityCodes": ["machairodontinae-adult-female-{genus}-{species}","machairodontinae-adult-male-{genus}-{species}","machairodontinae-baby-female-{genus}-{species}","machairodontinae-baby-male-{genus}-{species}"],
						"tamingGenerations": 2,
						"targetLightLevels": [1, 4, 22, 32],
						"movespeedByType": {
             "*-female-smilodon-fatalis": 0.012,"*-male-smilodon-fatalis": 0.0135,
             "*-female-smilodon-populator": 0.014,"*-male-smilodon-populator": 0.016,
            "*-female-homotherium-serum": 0.013,"*-male-homotherium-serum": 0.014
						},
						"animationSpeed": 1.32,
						"seekingRangeByType": {"*-smilodon-*":80,"*-homotherium-*":150},
						"extraTargetDistance": 10,
						"jumpAtTarget": false,
						"jumpAnimationCode": null,
						"stopOnHurt": true,
						"whenSwimming": false,
						"DontExecuteIfRecentlyAttacked": true,
						"tagsAppliedToEntity": ["state-moving","state-sneaking"],
						"whenNotInEmotionState": "aggressiveondamage|fleeondamage|saturated"
					},
						//freeze to avoid startling desperate prey
					{
						"code": "lookatentity-r",
						"enabled" : false,
						"priority": 4.11,
						"priorityForCancel": 4.12,
						"minDurationMs": 500,
						"maxDurationMs": 2500,
						"minCooldownMs": 1000,
						"maxCoolDownMs": 2000,
						"animation": "Stalk",
						"minTargetWeight": 0.01,
						"maxTargetWeight": 10,
						"entityTags": [["huntable"],["state-moving"]],
						"skipEntityTags": [["ferocious","defended","poisonous","venomous","prickly","shelled","state-flying","state-sneaking","state-swimming","machairodontinaetag"]],
						"entityCodes": [],
						"skipEntityCodes": ["machairodontinae-adult-female-{genus}-{species}","machairodontinae-adult-male-{genus}-{species}","machairodontinae-baby-female-{genus}-{species}","machairodontinae-baby-male-{genus}-{species}"],
						"tamingGenerations": 2,
						"targetLightLevels": [1, 4, 22, 32],
						"animationSpeed": 0.01,
						"seekingRangeByType": {"*-smilodon-*":100,"*-homotherium-*":160},
						"extraTargetDistance": 10,
						"stopOnHurt": true,
						"whenSwimming": false,
						"DontExecuteIfRecentlyAttacked": true,
						"tagsAppliedToEntity": ["state-sneaking"],
						"whenNotInEmotionState": ["aggressiveondamage","fleeondamage","saturated"]
					},
						//stalk desperate prey
					{
						"code": "seekentity",
						"priority": 4.1,
						"priorityForCancel": 4.11,
						"animation": "Stalk",
						"minTargetWeight": 0.01,
						"maxTargetWeight": 10,
						"entityTags": [["huntable"]],
						"skipEntityTags": [["ferocious","defended","poisonous","venomous","prickly","shelled","carcass","nest","state-burrowed","state-flying","state-sneaking","state-swimming","machairodontinaetag"]],
						"entityCodes": ["placeholder"],
						"skipEntityCodes": ["machairodontinae-adult-female-{genus}-{species}","machairodontinae-adult-male-{genus}-{species}","machairodontinae-baby-female-{genus}-{species}","machairodontinae-baby-male-{genus}-{species}"],
						"tamingGenerations": 2,
						"targetLightLevels": [1, 4, 22, 32],
						"maxFollowTimeSec": 120, 
						"movespeedByType": {
             "*-female-smilodon-fatalis": 0.004,"*-male-smilodon-fatalis": 0.0045,
             "*-female-smilodon-populator": 0.0046,"*-male-smilodon-populator": 0.0053,
            "*-female-homotherium-serum": 0.0043,"*-male-homotherium-serum": 0.0046
						},
						"animationSpeed": 0.66,
						"seekingRangeByType": {"*-smilodon-*":120,"*-homotherium-*":180},
						"extraTargetDistance": 10,
						"jumpAtTarget": false,
						"jumpAnimationCode": null,
						"stopOnHurt": true,
						"whenSwimming": false,
						"DontExecuteIfRecentlyAttacked": true,
						"tagsAppliedToEntity": ["state-moving","state-sneaking"],
						"whenNotInEmotionState": "aggressiveondamage|fleeondamage|saturated"
					},
						//long distance hunt for desperate prey
					{
						"code": "seekentity",
						"priority": 4.0,
						"priorityForCancel": 4.1,
						"animation": "Walk", 
						"minTargetWeight": 0.01,
						"maxTargetWeight": 10,
						"entityTags": [["huntable"]],
						"skipEntityTags": [["ferocious","poisonous","state-sneaking","machairodontinaetag"]],
						"IgnoreDeadEntities": false,
						"entityCodes": ["placeholder"],
						"skipEntityCodes": ["machairodontinae-adult-female-{genus}-{species}","machairodontinae-adult-male-{genus}-{species}","machairodontinae-baby-female-{genus}-{species}","machairodontinae-baby-male-{genus}-{species}"],
						"tamingGenerations": 2,
						"targetLightLevels": [1, 4, 22, 32],
						"alarmHerd": false,
						"herdAlarmRange": 30,
						"maxFollowTimeSec": 240, 
						"movespeedByType": {
             "*-female-smilodon-fatalis": 0.006,"*-male-smilodon-fatalis": 0.0067,
             "*-female-smilodon-populator": 0.007,"*-male-smilodon-populator": 0.008,
            "*-female-homotherium-serum": 0.0065,"*-male-homotherium-serum": 0.007
						},
						"animationSpeed": 1,
						"mincooldownHours": 0.025,
						"maxcooldownhours": 1,
						"seekingRangeByType": {"*":240},
						"jumpAtTarget": false,
						"jumpAnimationCode": null,
						"stopOnHurt": true,
						"whenSwimming": false,
						"DontExecuteIfRecentlyAttacked": true,
						"tagsAppliedToEntity": ["state-moving"],
						"whenNotInEmotionState": "aggressiveondamage|fleeondamage|saturated"
					},
					//-------------------------Leave Hazardous condtions-------------------------//
						//getting out of water
					{
						"code": "getoutofwater-r",
						"priority": 3.61,
						"priorityForCancel": 5.0,
						"animation": "Swim",
						"movespeedByType": {
							"*": 0.04
						},
						"animationSpeed": 1,
						"rangeSearchAttemptsFactor": 2.5,
						"whenSwimming": true,
						"tagsAppliedToEntity": ["state-moving","state-swimming"]
					},		
						//swim wandering to find the shore			
					{
						"code": "wander-r",
						"priority": 3.6,
						"priorityForCancel": 5.0,
						"animation": "Swim",
						"movespeedByType": {
							"*": 0.04
						},
						"animationSpeed": 1,
						"stopOnHurt": true,
						"whenSwimming": true,
						"DontExecuteIfRecentlyAttacked": true,
						"tagsAppliedToEntity": ["state-moving","state-swimming"],
						"whenNotInEmotionState": ["aggressiveondamage","fleeondamage"]
					},	
						//stay close to family outside hunting times dark side				
					{
						"code": "stayclosetoentity-r",
						"priority": 3.51,
						"priorityForCancel": 5.0,
						"animation": "Walk",
						"entityCodesByType":{"*-male-*":["machairodontinae-adult-female-{genus}-{species}"],"*-female-*":["machairodontinae-adult-male-{genus}-{species}","machairodontinae-adult-female-{genus}-{species}","machairodontinae-baby-male-{genus}-{species}","machairodontinae-baby-female-{genus}-{species}"]},
						"IgnoreDeadEntities": false,
						"targetLightLevels": [1, 4, 22, 32],
						"movespeedByType": {
             "*-female-smilodon-fatalis": 0.006,"*-male-smilodon-fatalis": 0.0067,
             "*-female-smilodon-populator": 0.007,"*-male-smilodon-populator": 0.008,
            "*-female-homotherium-serum": 0.0065,"*-male-homotherium-serum": 0.007
						},
						"animationSpeed": 1,
						"seekingRange": 240,
						"TargetEntitiesWithSameHerdId": true,
						"ExtraMinDistanceToTarget": 5,
						"extraTargetDistance": 5,
						"randomTargetOffset" : 3,
						"maxFollowTimeSec": 240, 
						"EntityLightLevels": [0,14],
						"EntityLightLevelType": "TimeOfDaySunLight",
						"stopOnHurt": true,
						"whenSwimming": false,
						"DontExecuteIfRecentlyAttacked": true,
						"tagsAppliedToEntity": ["state-moving"],
						"whenNotInEmotionState": ["aggressiveondamage","fleeondamage","saturated"]
					},	
						//stay close to family outside hunting times light side		
					{
						"code": "stayclosetoentity-r",
						"priority": 3.5,
						"priorityForCancel": 5.0,
						"animation": "Walk",
						"entityCodesByType":{"*-male-*":["machairodontinae-adult-female-{genus}-{species}"],"*-female-*":["machairodontinae-adult-male-{genus}-{species}","machairodontinae-adult-female-{genus}-{species}","machairodontinae-baby-male-{genus}-{species}","machairodontinae-baby-female-{genus}-{species}"]},
						"IgnoreDeadEntities": false,
						"targetLightLevels": [1, 4, 22, 32],
						"movespeedByType": {
             "*-female-smilodon-fatalis": 0.006,"*-male-smilodon-fatalis": 0.0067,
             "*-female-smilodon-populator": 0.007,"*-male-smilodon-populator": 0.008,
            "*-female-homotherium-serum": 0.0065,"*-male-homotherium-serum": 0.007
						},
						"animationSpeed": 1,
						"seekingRange": 240,
						"TargetEntitiesWithSameHerdId": true,
						"ExtraMinDistanceToTarget": 5,
						"extraTargetDistance": 5,
						"randomTargetOffset" : 3,
						"maxFollowTimeSec": 240, 
						"EntityLightLevels": [18,32],
						"EntityLightLevelType": "TimeOfDaySunLight",
						"stopOnHurt": true,
						"whenSwimming": false,
						"DontExecuteIfRecentlyAttacked": true,
						"tagsAppliedToEntity": ["state-moving"],
						"whenNotInEmotionState": ["aggressiveondamage","fleeondamage","saturated"]
					},			
						//wander out of darkness		
					{
						"code": "wander-r",
						"priority": 3.42,
						"priorityForCancel": 5.0,
						"animation": "Walk",
						"mindurationMs": 12000,
						"movespeedByType": {
             "*-female-smilodon-fatalis": 0.006,"*-male-smilodon-fatalis": 0.0067,
             "*-female-smilodon-populator": 0.007,"*-male-smilodon-populator": 0.008,
            "*-female-homotherium-serum": 0.0065,"*-male-homotherium-serum": 0.007
						},
						"animationSpeed": 1,
						"EntityLightLevels": [0,8],
						"EntityLightLevelType": "MaxLight",
						"PreferredLightLevel": 32,
						"PreferredLightLevelType": "MaxLight",
						"MaxBlocksChecked" : 27,
						"wanderVerticalRangeMax": 3,
						"stopOnHurt": true,
						"whenSwimming": false,
						"DontExecuteIfRecentlyAttacked": true,
						"tagsAppliedToEntity": ["state-moving"],
						"whenNotInEmotionState": ["aggressiveondamage","fleeondamage"]
					},			
						//wander out of cold
					{
						"code": "wander-r",
						"priority": 3.41,
						"priorityForCancel": 5.0,
						"animation": "Walk",
						"mindurationMs": 12000,
						"movespeedByType": {
             "*-female-smilodon-fatalis": 0.006,"*-male-smilodon-fatalis": 0.0067,
             "*-female-smilodon-populator": 0.007,"*-male-smilodon-populator": 0.008,
            "*-female-homotherium-serum": 0.0065,"*-male-homotherium-serum": 0.007
						},
						"animationSpeed": 1,
						"TemperatureRangeByType": {"*fatalis":[-99,5],"*populator":[-99,17],"*serum":[-99,17]},
						"EntityLightLevels": [0,20],
						"EntityLightLevelType": "MaxTimeOfDayLight",
						"PreferredLightLevel": 32,
						"PreferredLightLevelType": "MaxTimeOfDayLight",
						"MaxBlocksChecked" : 27,
						"stopOnHurt": true,
						"whenSwimming": false,
						"DontExecuteIfRecentlyAttacked": true,
						"tagsAppliedToEntity": ["state-moving"],
						"whenNotInEmotionState": ["aggressiveondamage","fleeondamage"]
					},		
						//wander into shade during heat
					{
						"code": "wander-r",
						"priority": 3.4,
						"priorityForCancel": 5.0,
						"animation": "Walk",
						"mindurationMs": 12000,
						"movespeedByType": {
             "*-female-smilodon-fatalis": 0.006,"*-male-smilodon-fatalis": 0.0067,
             "*-female-smilodon-populator": 0.007,"*-male-smilodon-populator": 0.008,
            "*-female-homotherium-serum": 0.0065,"*-male-homotherium-serum": 0.007
						},
						"animationSpeed": 1,
						"TemperatureRangeByType": {"*fatalis":[32,99],"*populator":[32,99],"*serum":[21,99]},
						"EntityLightLevels": [22,32],
						"EntityLightLevelType": "MaxTimeOfDayLight",
						"PreferredLightLevel": 16,
						"PreferredLightLevelType": "MaxTimeOfDayLight",
						"MaxBlocksChecked" : 27,
						"stopOnHurt": true,
						"whenSwimming": false,
						"DontExecuteIfRecentlyAttacked": true,
						"tagsAppliedToEntity": ["state-moving"],
						"whenNotInEmotionState": ["aggressiveondamage","fleeondamage"]
					},
					//-------------------------Domestic Behaviors-------------------------//
						//follow lead holder
					{
						"code": "followleadholder",
						"priority": 2.5,
						"priorityForCancel": 3.0,
						"animation": "Walk",
						"movespeedByType": {
             "*-female-smilodon-fatalis": 0.006,"*-male-smilodon-fatalis": 0.0067,
             "*-female-smilodon-populator": 0.007,"*-male-smilodon-populator": 0.008,
            "*-female-homotherium-serum": 0.0065,"*-male-homotherium-serum": 0.007
						},
						"animationSpeed": 1,
						"minGeneration": 2,
						"stopOnHurt": true,
						"tagsAppliedToEntity": ["state-moving"],
						"whenNotInEmotionState": ["aggressiveondamage","fleeondamage"]
					},
					//-------------------------Conditional Down Time-------------------------//
						//sleeping anywhere
					{
						"code": "idle-r",
						"priority": 1.52,
						"priorityForCancel": 6,
						"animation": "Sleep",
						"executionChance": 0.025,
						"mindurationMs": 240000,
						"maxdurationMs": 960000,
						"mincooldownHours": 0.025,
						"maxcooldownhours": 1,
						"animationSpeed": 0.3,
						"stopOnHurt": true,
						"whenSwimming": false,
						"whenFeetInLiquid": false,
						"DontExecuteIfRecentlyAttacked": true,
						"tagsAppliedToEntity": ["state-sneaking"],
						"whenNotInEmotionState": ["aggressiveondamage","fleeondamage"]
					},
						//wander to shade for a nap
					{
						"code": "wander-r",
						"priority": 1.51,
						"priorityForCancel": 1.52,
						"animation": "Walk",
						"executionChance": 0.5,
						"mindurationMs": 12000,
						"minCooldownMs": 500,
						"maxCoolDownMs": 2000,
						"movespeedByType": {
             "*-female-smilodon-fatalis": 0.006,"*-male-smilodon-fatalis": 0.0067,
             "*-female-smilodon-populator": 0.007,"*-male-smilodon-populator": 0.008,
            "*-female-homotherium-serum": 0.0065,"*-male-homotherium-serum": 0.007
						},
						"animationSpeed": 1,
						"duringDayTimeFramesByType": {
							"*-fatalis": [{"fromHour": 7.5,"toHour": 18},{"fromHour": 0,"toHour": 5}],
							"*-populator": [{"fromHour": 8.5,"toHour": 17},{"fromHour": 0,"toHour": 4}],
							"*-serum": [{"fromHour": 0,"toHour": 9},{"fromHour": 16.5,"toHour": 24}]
						}, 	
						"DayTimeFrameInaccuracy": 0.2,
						"EntityLightLevels": [22,32],
						"EntityLightLevelType": "OnlySunLight",
						"PreferredLightLevel": 20,
						"MaxBlocksChecked" : 27,
						"stopOnHurt": true,
						"whenSwimming": false,
						"DontExecuteIfRecentlyAttacked": true,
						"tagsAppliedToEntity": ["state-moving"],
						"whenNotInEmotionState": ["aggressiveondamage","fleeondamage"]
					},
						//sleeping ideal windows
					{
						"code": "idle-r",
						"priority": 1.5,
						"priorityForCancel": 6,
						"animation": "Sleep",
						"executionChance": 0.25,
						"mindurationMs": 240000,
						"maxdurationMs": 960000,
						"mincooldownHours": 0.25,
						"maxcooldownhours": 1,
						"animationSpeed": 0.3,
						"duringDayTimeFramesByType": {
							"*-fatalis": [{"fromHour": 8,"toHour": 18},{"fromHour": 0,"toHour": 5}],
							"*-populator": [{"fromHour": 9,"toHour": 17},{"fromHour": 0,"toHour": 4}],
							"*-serum": [{"fromHour": 0,"toHour": 9},{"fromHour": 17,"toHour": 24}]
						}, 	
						"DayTimeFrameInaccuracy": 0.3,
						"EntityLightLevels": [6,21],
						"EntityLightLevelType": "MaxLight",
						"stopOnHurt": true,
						"whenSwimming": false,
						"whenFeetInLiquid": false,
						"DontExecuteIfRecentlyAttacked": true,
						"tagsAppliedToEntity": ["state-sneaking"],
						"whenNotInEmotionState": ["aggressiveondamage","fleeondamage"]
					},
						//rare chance of call all day
					{
						"code": "idle-r",
						"priority": 1.41,
						"priorityForCancel": 1.9,
						"animation": "Roar",
						"executionChance": 0.00125,
						"mindurationMS": 5000,
						"maxdurationMS": 25000,
						"mincooldownHours": 0.125,
						"maxcooldownHours": 2,
						"animationSpeed": 0.75,
						"soundByType": {
							"*-fatalis": "machairodontinae:creature/machairodontinae/fatalisidle",
							"*-populator": "machairodontinae:creature/machairodontinae/populatoridle",
							"*-serum": "machairodontinae:creature/machairodontinae/serumidle"							
						},
						"soundrepeatMS": 7000,
						"soundVolume": 0.75,
						"soundRangeByType": {"*": 120},
						"tagsAppliedToEntity": ["ferocious"],
						"whenNotInEmotionState": ["aggressiveondamage","fleeondamage"]
					},
						//making noise after peak sunlight
					{
						"code": "idle-r",
						"priority": 1.4,
						"priorityForCancel": 1.9,
						"animation": "Roar",
						"executionChance": 0.125,
						"mindurationMS": 5000,
						"maxdurationMS": 25000,
						"mincooldownHours": 0.125,
						"maxcooldownHours": 2,
						"animationSpeed": 0.75,
						"EntityLightLevels": [4,18],
						"EntityLightLevelType": "TimeOfDaySunLight",
						"soundByType": {
							"*-fatalis": "machairodontinae:creature/machairodontinae/fatalisidle",
							"*-populator": "machairodontinae:creature/machairodontinae/populatoridle",
							"*-serum": "machairodontinae:creature/machairodontinae/serumidle"						
						},
						"soundrepeatMS": 7000,
						"soundVolume": 0.75,
						"soundRangeByType": {"*": 120},
						"tagsAppliedToEntity": ["ferocious"],
						"whenNotInEmotionState": ["aggressiveondamage","fleeondamage"]
					},
						//hunting wander at twilight hours
					{
						"code": "wander-r",
						"priority": 1.3,
						"priorityForCancel": 2.0,
						"animation": "Walk",
						"mindurationMs": 4000,
						"executionChance": 0.5,
						"movespeedByType": {
             "*-female-smilodon-fatalis": 0.006,"*-male-smilodon-fatalis": 0.0067,
             "*-female-smilodon-populator": 0.007,"*-male-smilodon-populator": 0.008,
            "*-female-homotherium-serum": 0.0065,"*-male-homotherium-serum": 0.007
						},
						"animationSpeed": 1,
						"EntityLightLevels": [14,18],
						"EntityLightLevelType": "TimeOfDaySunLight",
						"stopOnHurt": true,
						"whenSwimming": false,
						"DontExecuteIfRecentlyAttacked": true,
						"tagsAppliedToEntity": ["state-moving"],
						"whenNotInEmotionState": ["aggressiveondamage","fleeondamage","saturated"]
					},
					//-------------------------Down Time-------------------------//
						//wandering at any time
					{
						"code": "wander-r",
						"priority": 0.8,
						"priorityForCancel": 2.0,
						"animation": "Walk",
						"mindurationMs": 8000,
						"executionChance": 0.5,
						"movespeedByType": {
             "*-female-smilodon-fatalis": 0.006,"*-male-smilodon-fatalis": 0.0067,
             "*-female-smilodon-populator": 0.007,"*-male-smilodon-populator": 0.008,
            "*-female-homotherium-serum": 0.0065,"*-male-homotherium-serum": 0.007
						},
						"animationSpeed": 1,
						"stopOnHurt": true,
						"whenSwimming": false,
						"DontExecuteIfRecentlyAttacked": true,
						"tagsAppliedToEntity": ["state-moving"],
						"whenNotInEmotionState": ["aggressiveondamage","fleeondamage"]
					},
						//zoomies at any time
					{
						"code": "wander-r",
						"priority": 0.8,
						"priorityForCancel": 2.0,
						"animation": "Run",
						"mindurationMs": 16000,
						"executionChance": 0.001,
						"movespeedByType": {
             "*-female-smilodon-fatalis": 0.09,"*-male-smilodon-fatalis": 0.1,
             "*-female-smilodon-populator": 0.105,"*-male-smilodon-populator": 0.12,
            "*-female-homotherium-serum": 0.0975,"*-male-homotherium-serum": 0.105
						},
						"animationSpeed": 2,
						"stopOnHurt": true,
						"whenSwimming": false,
						"DontExecuteIfRecentlyAttacked": true,
						"tagsAppliedToEntity": ["state-moving","state-sprinting"],
						"whenInEmotionState": ["saturated"],
						"whenNotInEmotionState": ["aggressiveondamage","fleeondamage"]
					},
						//sitting at any time
					{
						"code": "idle-r",
						"priority": 0.7,
						"priorityForCancel": 2.0,
						"animation": "Sit",
						"mindurationMs": 12000,
						"maxdurationMs": 120000,
						"executionChance": 0.5,
						"minCooldownMs": 12000,
						"maxCoolDownMs": 120000,
						"stopOnHurt": true,
						"whenSwimming": false,
						"whenFeetInLiquid": false,
						"DontExecuteIfRecentlyAttacked": false,
						"whenNotInEmotionState": ["aggressiveondamage","fleeondamage"]
					},
						//grooming at any time
					{
						"code": "idle-r",
						"priority": 0.7,
						"priorityForCancel": 2.0,
						"animation": "Lick",
						"mindurationMs": 12000,
						"maxdurationMs": 120000,
						"executionChance": 0.5,
						"minCooldownMs": 12000,
						"maxCoolDownMs": 120000,
						"sound": "machairodontinae:creature/machairodontinae/lick",
						"soundrange" : 3,
						"soundrepeatMS": 7500,
						"soundVolume": 0.1,
						"stopOnHurt": true,
						"whenSwimming": false,
						"whenFeetInLiquid": false,
						"DontExecuteIfRecentlyAttacked": false,
						"whenNotInEmotionState": ["aggressiveondamage","fleeondamage"]
					},
						//laying at any time
					{
						"code": "idle-r",
						"priority": 0.7,
						"priorityForCancel": 2.0,
						"animation": "Lie",
						"mindurationMs": 12000,
						"maxdurationMs": 120000,
						"executionChance": 0.5,
						"minCooldownMs": 12000,
						"maxCoolDownMs": 120000,
						"stopOnHurt": true,
						"whenSwimming": false,
						"whenFeetInLiquid": false,
						"DontExecuteIfRecentlyAttacked": false,
						"whenNotInEmotionState": ["aggressiveondamage","fleeondamage"]
					},
						//loafing at any time
					{
						"code": "idle-r",
						"priority": 0.7,
						"priorityForCancel": 2.0,
						"animation": "Loaf",
						"mindurationMs": 12000,
						"maxdurationMs": 120000,
						"executionChance": 0.1,
						"minCooldownMs": 12000,
						"maxCoolDownMs": 120000,
						"stopOnHurt": true,
						"whenSwimming": false,
						"whenFeetInLiquid": false,
						"DontExecuteIfRecentlyAttacked": true,
						"tagsAppliedToEntity": ["state-sneaking"],
						"whenNotInEmotionState": ["aggressiveondamage","fleeondamage"]
					},
						//looking around
					{
						"code": "lookaround-r",
						"priority": 0.5,
						"priorityForCancel": 2.0,
						"stopOnHurt": true,
						"whenNotInEmotionState": ["aggressiveondamage","fleeondamage"],
						"turnAngleFactor": 0.5
					}
				]
			},
			{"code": "ropetieable","minGeneration": 2},
			{"code": "pettable","minGeneration": 1},
			{ "code": "entitystatetags" }
		],
		"spawnconditions": {
			"worldgen": {
			"tryOnlySurface": true,	
				"triesPerChunk": { "avg": 0, "var": 0 },
			"groupSizeByType": {
					"*-female-smilodon-fatalis": { "dist": "invexp", "avg": 1, "var": 2.5 },"*-male-smilodon-fatalis": { "dist": "invexp", "avg": 4, "var": 12 },
					"*-female-smilodon-populator": { "dist": "invexp", "avg": 1, "var": 2.5 },"*-male-smilodon-populator": { "dist": "invexp", "avg": 3, "var": 10 },
					"*-female-homotherium-serum": { "dist": "invexp", "avg": 1, "var": 2.5 },"*-male-homotherium-serum": { "dist": "invexp", "avg": 8, "var": 8 }
			},
			"insideBlockCodes":["game:air", "game:gravel-*","game:leaves-*", "game:sand-*", "game:snow-*","game:soil-*","game:tallgrass-*"],
			"companionsByType": {
				"*-adult-female-*":["machairodontinae:machairodontinae-adult-female-{genus}-{species}","machairodontinae:machairodontinae-adult-male-{genus}-{species}"],
				"*":["machairodontinae:machairodontinae-adult-female-{genus}-{species}","machairodontinae:machairodontinae-adult-male-{genus}-{species}","machairodontinae:machairodontinae-adult-female-{genus}-{species}","machairodontinae:machairodontinae-adult-male-{genus}-{species}", "machairodontinae:machairodontinae-baby-male-{genus}-{species}", "machairodontinae:machairodontinae-baby-female-{genus}-{species}"]}
		},
			"runtime": {
				"group": "hostile",
				"tryOnlySurface": true,
				"maxQuantity": 1,
				"maxQuantityByGroup": {
					"code": "machairodontinae-*",
					"maxQuantity": 1
				},
				"chanceByType": {
					"*-fatalis": 0.00001,
					"*-populator": 0.00001,
					"*-serum": 0.00001
				},
				"mindistancetoplayer": 100,
				"maxLightLevel": 1,
				"lightLevelType": "onlyBlockLight",	
				"spawnCapPlayerScaling": 0.0,	
				"groupSizeByType": {
					"*-female-smilodon-fatalis": { "dist": "invexp", "avg": 1, "var": 2.5 },"*-male-smilodon-fatalis": { "dist": "invexp", "avg": 4, "var": 12 },
					"*-female-smilodon-populator": { "dist": "invexp", "avg": 1, "var": 2.5 },"*-male-smilodon-populator": { "dist": "invexp", "avg": 3, "var": 10 },
					"*-female-homotherium-serum": { "dist": "invexp", "avg": 1, "var": 2.5 },"*-male-homotherium-serum": { "dist": "invexp", "avg": 8, "var": 8 }
				},
				"insideBlockCodes": [ "game:air","game:soil-*", "game:tallgrass-*", "game:snowlayer-*", "game:gravel-*", "game:sand-*" ],
			"companionsByType": {
				"*-adult-female-*":["machairodontinae:machairodontinae-adult-female-{genus}-{species}","machairodontinae:machairodontinae-adult-male-{genus}-{species}"],
				"*":["machairodontinae:machairodontinae-adult-female-{genus}-{species}","machairodontinae:machairodontinae-adult-male-{genus}-{species}","machairodontinae:machairodontinae-adult-female-{genus}-{species}","machairodontinae:machairodontinae-adult-male-{genus}-{species}", "machairodontinae:machairodontinae-baby-male-{genus}-{species}", "machairodontinae:machairodontinae-baby-female-{genus}-{species}"]}
			}
		},
		"spawnconditionsByType": {
			"machairodontinae-adult-*-smilodon-fatalis": {
				"climate": {
					"minTemp": 5,
					"maxTemp": 44,
					"minRain": 0.1,
					"maxRain": 1.0,
					"minForestOrShrubs": 0.25,
					"maxForest": 1.0,
					"maxShrubs": 1.0,
					"maxY": 1.5				
				},
				"worldgen": {
					"triesPerChunk": { "avg": 0.0005, "var": 0}
				}
			},
			"machairodontinae-adult-*-smilodon-populator": {
				"climate": {
					"minTemp": 3,
					"maxTemp": 44,
					"minRain": 0.1,
					"maxRain": 1.0,
					"minForestOrShrubs": 0.0,
					"maxForest": 0.75,
					"maxShrubs": 1.0,
					"maxY": 1.5				
				},
				"worldgen": {
					"triesPerChunk": { "avg": 0.0005, "var": 0}
				}
			},
			"machairodontinae-adult-*-homotherium-serum": {
				"climate": {
					"minTemp": -11,
					"maxTemp": 21,
					"minRain": 0.2,
					"maxRain": 1.0,
					"minForestOrShrubs": 0.0,
					"maxForest": 1,
					"maxShrubs": 1,
					"maxY": 1.8				
				},
				"worldgen": {
					"triesPerChunk": { "avg": 0.0005, "var": 0}
				}
			}
		}
	},
	"sounds": {
		"hurt": "machairodontinae:creature/machairodontinae/fatalishurt",
		"death": "machairodontinae:creature/machairodontinae/fatalishurt",
		"idle": "machairodontinae:creature/machairodontinae/fatalisidle"
	},
	"idleSoundChance": 0.05
}