[
	{
		"dependsOn": [
			{ "modid": "mngeology" },
			{ "modid": "geoaddons" }
		],
		"side": "Server",
		"file": "interestingoregen:worldgen/deposits/metalore/teallite.json",
		"op": "addeach",
		"path": "/0/attributes/inblock/allowedVariants/-",
		"value": [
			"syenite"
		]
	},
	{
		"dependsOn": [
			{ "modid": "mngeology" },
			{ "modid": "geoaddons" }
		],
		"side": "Server",
		"file": "interestingoregen:worldgen/deposits/metalore/teallite.json",
		"op": "add",
		"path": "/0/attributes/placeblock/allowedVariantsByInBlock/rock-syenite",
		"value": [
			"poor",
			"medium"
		]
	}
]