{
	"code": "patternset",
	"class": "ItemBook",
	"behaviors": [
		{ "name": "GroundStorable", "properties": { "layout": "Quadrants", "collisionBox": { "x1": 0, "y1": 0, "z1": 0, "x2": 1, "y2": 0.125, "z2": 1 } } }
	],
	"variantgroups": [
		{ "code": "type", "states": [ "empty" ] }
	],
	"attributes": {
		"rolledShape": "game:item/lore/scroll-unbound",
		"scrollrackable": true,
		"displaycaseable": true,
		"shelvable": true,
		"groundStorageTransform": {
			"translation": { "x": 0, "y": -0.02, "z": 0 },
			"rotation": { "x": 0, "y": -30, "z": 0 },
			"origin": { "x": 0.5, "y": 0.15, "z": 0.5 },
			"scale": 0.9
		},
		"onscrollrackTransform": {
			"translation": { "x": -0.5, "y": -0.18, "z": 0.48 },
			"rotation": { "x": -45, "y": 0, "z": 0 },
			"origin": { "x": 0.5, "y": 0.1, "z": 0.5 }
		},
		"handbook": {
			"exclude": true
		}
	},
	"shape": { "base": "game:block/wood/crate/label-paper" },
	"texturesByType": {
	       "patternset-empty": { "labelbase": { "base": "tailorsdelight:item/patternset" } }
	},
	"durabilityByType": {
	       "patternset-empty": 120
	},
	"creativeinventory": { "general": ["*"], "items": ["*"], "tools": ["*"] },
	"maxstacksize": 32,
	"materialDensity": 210,
	"tpHandTransform": {
		"translation": { "x": 0, "y": 0, "z": 0 },
		"rotation": { "x": 5, "y": 180, "z": 1 },
		"origin": { "x": -0.8, "y": -1.47, "z": -0.39 },
		"scale": 0.65
	},
	"groundTransform": {
		"translation": { "x": 0, "y": 0, "z": 0 },
		"rotation": { "x": 90, "y": 0, "z": 2 },
		"origin": { "x": 0.5, "y": 0.5, "z": 0.08 },
		"scale": 3.2
	},
	"guiTransform": {
		"translation": { "x": 0, "y": 0, "z": 0 },
		"rotation": { "x": 42, "y": 34, "z": -33 },
		"origin": { "x": 0.53, "y": 0.55, "z": 0 },
		"scale": 2.45
	}
}
