[
  {
    "op": "replace",
    "path": "/server/spawnconditionsByType/fox-arctic-adult-male/runtime/chance",
    "value": 0.0,
    "file": "game:entities/animal/mammal/fox-adult.json",
    "side": "Server"
  },
  {
    "op": "replace",
    "path": "/server/spawnconditionsByType/fox-arctic-adult-male/worldgen/TriesPerChunk/avg",
    "value": 0.0,
    "file": "game:entities/animal/mammal/fox-adult.json",
    "side": "Server"
  },
  {
    "op": "replace",
    "path": "/server/spawnconditionsByType/fox-red-adult-male/runtime/chance",
    "value": 0.0,
    "file": "game:entities/animal/mammal/fox-adult.json",
    "side": "Server"
  },
  {
    "op": "replace",
    "path": "/server/spawnconditionsByType/fox-red-adult-male/worldgen/TriesPerChunk/avg",
    "value": 0.0,
    "file": "game:entities/animal/mammal/fox-adult.json",
    "side": "Server"
  }
]