{
  "ingredient": {
    "type": "item",
    "code": "game:clay-*",
    "name": "color",
    "allowedVariants": [ "blue", "fire", "red" ]
  },
  "pattern": [
    [
      "_____",
      "__#__",
      "_#_#_",
      "__#__",
      "_____"
    ],
    [
      "_____",
      "__#__",
      "_#_#_",
      "__#__",
      "_____"
    ],
    [
      "_____",
      "__#__",
      "_#_#_",
      "__#__",
      "_____"
    ],
    [
      "_____",
      "__#__",
      "_#_#_",
      "__#__",
      "_____"
    ],
    [
      "_____",
      "__#__",
      "_#_#_",
      "__#__",
      "_____"
    ],
    [
      "_____",
      "__#__",
      "_#_#_",
      "__#__",
      "_____"
    ],
    [
      "_____",
      "__#__",
      "_#_#_",
      "__#__",
      "_____"
    ],
    [
      "_____",
      "__#__",
      "_#_#_",
      "__#__",
      "_____"
    ],
    [
      "_____",
      "__#__",
      "_#_#_",
      "__#__",
      "_____"
    ]
  ],
  "name": "Clay Smoking Pipe Stem",
  "output": {
    "type": "item",
    "code": "claysmokingpipestem-{color}-raw"
  }
}