[
	{
		"code": "amosite",
		"triesPerChunk": 0,//0.5
		"withOreMap": true,
		"handbookPageCode": "item-ore-amosite",
		"generator": "disc-followsealevel",
		"attributes": {
			"inblock": {
				"code": "rock-*",
				"name": "rock",
				"allowedVariants": [ "granite", "peridotite", "limestone", "phyllite" ]
			},
			"placeblock": { "code": "ore-amosite-{rock}" },
			"surfaceBlock": { "code": "looseores-amosite-{rock}-free" },
			"radius": {
				"dist": "uniform",
				"avg": 26,
				"var": 10
			},
			"yPosRel": {
				"dist": "uniform",
				"avg": 0.45,
				"var": 0.4
			},
			"thickness": {
				"dist": "uniform",
				"avg": 1,
				"var": 0
			}
		}
	},
	{
		"code": "amosite",
		"triesPerChunk": 0,//.3
		"withOreMap": true,
		"handbookPageCode": "item-ore-amosite",
		"generator": "disc-followsealevel",
		"attributes": {
			"inblock": {
				"code": "rock-*",
				"name": "rock",
				"allowedVariants": [ "andesite", "claystone", "chalk", "conglomerate", "slate" ]
			},
			"placeblock": { "code": "ore-amosite-{rock}" },
			"surfaceBlock": { "code": "looseores-amosite-{rock}-free" },
			"radius": {
				"dist": "uniform",
				"avg": 26,
				"var": 10
			},
			"yPosRel": {
				"dist": "uniform",
				"avg": 0.45,
				"var": 0.4
			},
			"thickness": {
				"dist": "uniform",
				"avg": 1,
				"var": 0
			}
		}
	},
	{
		"code": "amosite",
		"triesPerChunk": 0, //1
		"withOreMap": true,
		"handbookPageCode": "item-ore-amosite",
		"generator": "disc-followsealevel",
		"attributes": {
			"inblock": {
				"code": "rock-*",
				"name": "rock",
				"allowedVariants": [ "basalt", "slate", "diorite", "schist", "amphibolite" ]
			},
			"placeblock": { "code": "ore-amosite-{rock}" },
			"surfaceBlock": { "code": "looseores-amosite-{rock}-free" },
			"radius": {
				"dist": "gaussian",
				"avg": 5,
				"var": 5
			},
			"yPosRel": {
				"dist": "uniform",
				"avg": 0.5,
				"var": 0.5
			},
			"thickness": {
				"dist": "invexp",
				"avg": 1,
				"var": 0.5
			}
		}
	}
]