[
	{
		"code": "crocidolite",
		"triesPerChunk": 0.2,
		"withOreMap": true,
		"handbookPageCode": "item-ore-crocidolite",
		"generator": "disc-followsealevel",
		"attributes": {
			"inblock": {
				"code": "rock-*",
				"name": "rock",
				"allowedVariants": [
					"andesite",
					"peridotite",
					"basalt",
					"slate",

					"amphibolite",
					"gabbro"
				]
			},
			"placeblock": { "code": "ore-crocidolite-{rock}" },
			"surfaceBlock": { "code": "looseores-crocidolite-{rock}-free" },
			"radius": {
				"dist": "uniform",
				"avg": 26,
				"var": 10
			},
			"yPosRel": {
				"dist": "uniform",
				"avg": 0.1,
				"var": 0.1
			},
			"thickness": {
				"dist": "uniform",
				"avg": 1,
				"var": 0
			}
		}
	}
]