[
	{
		// Salt domes
		"code": "soapstone",
		"triesPerChunk": 0.3,
		"withOreMap": true,
		"handbookPageCode": "rock-soapstone",
		"generator": "disc-followsurface",
		"attributes": {
			"inblock": {
				"code": "rock-*",
				"name": "rock",
				"allowedVariants": [
					"claystone",
					"sandstone",
					"shale",
					"chalk",
					"limestone",
					"chert",
					"conglomerate",
					"bauxite",

					"dolostone",
					"siltstone",
					"mudstone"
				]
			},
			"placeblock": { "code": "rock-soapstone" },
			"yPosRel": {
				"dist": "uniform",
				"avg": 1.1,
				"var": 0.2
			},
			"thickness": {
				"avg": 6,
				"var": 2
			},
			"radius": {
				"dist": "uniform",
				"avg": 20,
				"var": 10
			}

		},
		"childDeposits": [
			{
				"code": "anthophyllite",
				"triesPerChunk": 1.3,
				"handbookPageCode": "item-anthophyllite-soapstone",
				"generator": "childdeposit-pointcloud",
				"attributes": {
					"randomTries": {
						"avg": 400,
						"var": 5
					},
					"placeblock": { "code": "ore-anthophyllite-soapstone" },
					"radius": {
						"dist": "gaussian",
						"avg": 2,
						"var": 0
					},
					"thickness": {
						"dist": "invexp",
						"avg": 2,
						"var": 1
					}
				}
			},
			{
				"code": "tremolite",
				"triesPerChunk": 0.1,
				"handbookPageCode": "item-tremolite-soapstone",
				"generator": "childdeposit-pointcloud",
				"attributes": {
					"randomTries": {
						"avg": 100,
						"var": 5
					},
					"placeblock": { "code": "ore-tremolite-soapstone" },
					"radius": {
						"dist": "gaussian",
						"avg": 2,
						"var": 0
					},
					"thickness": {
						"dist": "invexp",
						"avg": 2,
						"var": 1
					}
				}
			}
		]
	}
]