[
	{
		"code": "tremolite",
		"triesPerChunk": 0.5, //2
		"withOreMap": true,
		"handbookPageCode": "item-ore-tremolite",
		"generator": "disc-anywhere",
		"attributes": {
			"inblock": {
				"code": "rock-*",
				"name": "rock",
				"allowedVariants": [
					"peridotite",

					"amphibolite",
					"dolostone"
				]
			},
			"placeblock": { "code": "ore-tremolite-{rock}" },
			"surfaceBlock": { "code": "looseores-tremolite-{rock}-free" },
			"genSurfaceBlockChance": 0.35,
			"surfaceBlockChance": 0.05,
			"radius": {
				"dist": "gaussian",
				"avg": 15,
				"var": 15
			},
			"yPosRel": {
				"dist": "uniform",
				"avg": 0.5,
				"var": 0.5
			},
			"thickness": {
				"dist": "invexp",
				"avg": 1.2,
				"var": 3
			}
		},
		"childDeposits": [
			{
				"code": "crystal_tremolite",
				"triesPerChunk": 200,
				"withOreMap": true,
				"handbookPageCode": "item-gem-crystal_tremolite-rough",
				"generator": "childdeposit-pointcloud",
				"attributes": {
					"randomTries": { "avg": 20 },
					"surfaceBlock": { "code": "looseores-crystal_tremolite-{rock}-free" },
					"surfaceBlockChance": 0.0,
					"placeblock": {
						"code": "ore-*-crystal_tremolite-{rock}",
						"name": "grade",
						"allowedVariants": [ "low", "medium", "high" ]
					},
					"radius": {
						"dist": "gaussian",
						"avg": 2,
						"var": 2
					},
					"thickness": {
						"dist": "invexp",
						"avg": 1.2,
						"var": 3
					}
				}
			}
		]
	}
]
