[
	{
		// Salt domes
		"code": "vermiculite",
		"triesPerChunk": 0,//0.15
		"withOreMap": true,
		"handbookPageCode": "rock-vermiculite",
		"generator": "disc-followsealevel",
		"attributes": {
			"inblock": {
				"code": "rock-*",
				"name": "rock",
				"allowedVariants": [ "andesite", "basalt", "peridotite", "slate", "phyllite" ]
			},
			"placeblock": { "code": "rock-vermiculite" },
			"yPosRel": {
				"dist": "uniform",
				"avg": 0.2,
				"var": 0.2
			},
			"thickness": {
				"avg": 15,
				"var": 5
			},
			"radius": {
				"dist": "uniform",
				"avg": 15,
				"var": 5
			},
			"ignoreParentTestPerBlock": true

		},
		"childDeposits": [
			{
				"code": "actinolite",
				"triesPerChunk": 1.3,
				"handbookPageCode": "item-actinolite-vermiculite",
				"generator": "childdeposit-pointcloud",
				"attributes": {
					"randomTries": {
						"avg": 400,
						"var": 5
					},
					"placeblock": { "code": "ore-actinolite-vermiculite" },
					"radius": {
						"dist": "gaussian",
						"avg": 2,
						"var": 0
					},
					"thickness": {
						"dist": "invexp",
						"avg": 2,
						"var": 1
					}
				}
			}
		]
	}
]