{
	"editor": {
		"allAngles": false,
		"entityTextureMode": false
	},
	"textureWidth": 16,
	"textureHeight": 16,
	"textureSizes": {
	},
	"textures": {
		"metal": "block/metal/plate/copper"
	},
	"elements": [
		{
			"name": "root",
			"from": [ 0.0, 0.0, 0.0 ],
			"to": [ 0.0, 0.0, 0.0 ],
			"rotationOrigin": [ 0.0, 0.0, 0.0 ],
			"rotationY": 90.0,
			"rotationZ": 90.0,
			"faces": {
			},
			"children": [
				{
					"name": "plate_0",
					"from": [ -5.0, 0.0, -3.0 ],
					"to": [ 4.0, 0.5, 3.0 ],
					"rotationOrigin": [ -5.0, 0.0, -3.0 ],
					"faces": {
						"north": { "texture": "#metal", "uv": [ 0.0, 0.0, 9.0, 0.5 ] },
						"east": { "texture": "#metal", "uv": [ 0.0, 0.0, 6.0, 0.5 ] },
						"south": { "texture": "#metal", "uv": [ 0.0, 0.0, 9.0, 0.5 ] },
						"west": { "texture": "#metal", "uv": [ 0.0, 0.0, 6.0, 0.5 ] },
						"up": { "texture": "#metal", "uv": [ 0.0, 0.0, 9.0, 6.0 ] },
						"down": { "texture": "#metal", "uv": [ 0.0, 0.0, 9.0, 6.0 ] }
					},
					"children": [
						{
							"name": "plate_1",
							"from": [ 0.0, 0.0, 6.0 ],
							"to": [ 8.0, 0.5, 8.0 ],
							"rotationOrigin": [ 0.0, 0.0, 6.0 ],
							"rotationX": -22.5,
							"faces": {
								"north": { "texture": "#metal", "uv": [ 0.0, 0.0, 8.0, 0.5 ] },
								"east": { "texture": "#metal", "uv": [ 0.0, 0.0, 2.0, 0.5 ] },
								"south": { "texture": "#metal", "uv": [ 0.0, 0.0, 8.0, 0.5 ] },
								"west": { "texture": "#metal", "uv": [ 0.0, 0.0, 2.0, 0.5 ] },
								"up": { "texture": "#metal", "uv": [ 0.0, 0.0, 8.0, 2.0 ] },
								"down": { "texture": "#metal", "uv": [ 0.0, 0.0, 8.0, 2.0 ] }
							}
						},
						{
							"name": "plate_2",
							"from": [ 0.0, 0.0, -2.0 ],
							"to": [ 8.0, 0.5, 0.0 ],
							"rotationOrigin": [ 0.0, 0.0, 0.0 ],
							"rotationX": 22.5,
							"faces": {
								"north": { "texture": "#metal", "uv": [ 0.0, 0.0, 8.0, 0.5 ] },
								"east": { "texture": "#metal", "uv": [ 0.0, 0.0, 2.0, 0.5 ] },
								"south": { "texture": "#metal", "uv": [ 0.0, 0.0, 8.0, 0.5 ] },
								"west": { "texture": "#metal", "uv": [ 0.0, 0.0, 2.0, 0.5 ] },
								"up": { "texture": "#metal", "uv": [ 0.0, 0.0, 8.0, 2.0 ] },
								"down": { "texture": "#metal", "uv": [ 0.0, 0.0, 8.0, 2.0 ] }
							}
						},
						{
							"name": "plate_3",
							"from": [ 9.0, 0.0, 0.0 ],
							"to": [ 10.5, 0.5, 1.5 ],
							"rotationOrigin": [ 9.0, 0.0, 0.0 ],
							"rotationZ": 22.5,
							"faces": {
								"north": { "texture": "#metal", "uv": [ 0.0, 0.0, 1.5, 0.5 ] },
								"east": { "texture": "#metal", "uv": [ 0.0, 0.0, 1.5, 0.5 ] },
								"south": { "texture": "#metal", "uv": [ 0.0, 0.0, 1.5, 0.5 ] },
								"west": { "texture": "#metal", "uv": [ 0.0, 0.0, 1.5, 0.5 ] },
								"up": { "texture": "#metal", "uv": [ 0.0, 0.0, 1.5, 1.5 ] },
								"down": { "texture": "#metal", "uv": [ 0.0, 0.0, 1.5, 1.5 ] }
							}
						},
						{
							"name": "plate_4",
							"from": [ 9.0, 0.0, 4.5 ],
							"to": [ 10.5, 0.5, 6.0 ],
							"rotationOrigin": [ 9.0, 0.0, 4.5 ],
							"rotationZ": 22.5,
							"faces": {
								"north": { "texture": "#metal", "uv": [ 0.0, 0.0, 1.5, 0.5 ] },
								"east": { "texture": "#metal", "uv": [ 0.0, 0.0, 1.5, 0.5 ] },
								"south": { "texture": "#metal", "uv": [ 0.0, 0.0, 1.5, 0.5 ] },
								"west": { "texture": "#metal", "uv": [ 0.0, 0.0, 1.5, 0.5 ] },
								"up": { "texture": "#metal", "uv": [ 0.0, 0.0, 1.5, 1.5 ] },
								"down": { "texture": "#metal", "uv": [ 0.0, 0.0, 1.5, 1.5 ] }
							}
						}
					]
				}
			]
		}
	]}