[
    {
        "name": "deconstruct with knife: fur gloves",
        "ingredientPattern": "KC",
        "ingredients": {
            "K": { "type": "item", "code": "game:knife-*", "isTool": true },
            "C": { "type": "item", "code": "game:clothes-hand-fur-gloves" }
        },
        "width": 2,
        "height": 1,
        "shapeless": true,
        "recipeGroup": 22,
        "output": { "type": "item", "code": "game:hide-pelt-small", "quantity": 2 }
    },
    {
        "name": "deconstruct with shears: fur gloves",
        "ingredientPattern": "KC",
        "ingredients": {
            "K": { "type": "item", "code": "game:shears-*", "isTool": true },
            "C": { "type": "item", "code": "game:clothes-hand-fur-gloves" }
        },
        "width": 2,
        "height": 1,
        "shapeless": true,
        "recipeGroup": 23,
        "output": { "type": "item", "code": "game:hide-pelt-small", "quantity": 2 }
    }
]
