{
	"treeWorldPropertyCode": "shrubpterocelastrustricuspidatus",
	"sizeMultiplier": 0.5,
	"trunks": [{
		"widthloss": 0.2,
		"dieAt": { "avg": 0.001 },
		"branchStart": { "dist": "gaussian", "avg": 0.2,  "var": 0.1 },
		"branchSpacing": { "dist": "gaussian", "avg": 0.2,  "var": 0.1 },
		"branchVerticalAngle":  { "avg": 0.8,  "var": 0.1 },
		"branchHorizontalAngle": { "avg": 0,  "var": 3.1415 },
		"branchWidthMultiplier": { "avg": 0.1,  "var": 0 },
		"branchWidthMultiplierEvolve": { "transform": "linear", "factor": 1 },
		"branchQuantity": { "avg": 5,  "var": 0 },
		"branchWidthLossMul": 0.98,
		"angleVert": { "avg": 0, "var": 0 }
	}],
	"branches": [{
		"widthLoss": 0.008,
		"gravityDrag": 0,
		"dieAt": { "avg": 0.001 },

		"branchStart":  { "avg": 2, "var": 0.01 },
	}],
	"treeBlocks": {
		"logBlockCode": "floralzonescaperegion:lognarrow-grown-pterocelastrustricuspidatus-ud",
		"leavesBlockCode": "floralzonescaperegion:leaves-placed-pterocelastrustricuspidatus",
		"leavesBranchyBlockCode": "floralzonescaperegion:leavesbranchy-placed-pterocelastrustricuspidatus"
	}
}
