﻿[
    // Bovinae
    {
        "side": "server",
        "file": "bovinae:entities/animal/mammal/hooved/bovinae-adult",
        "op": "add",
        "path": "/server/behaviors/-",
        "value": {
            "code": "EntityFootprintsBehaviorSync",
            "attributes": {
                "texture": "bovinae",
                "stepDistance": 0.7
            }
        }
    },
    {
        "side": "server",
        "file": "bovinae:entities/animal/mammal/hooved/bovinae-adult",
        "op": "add",
        "path": "/client/behaviors/-",
        "value": {
            "code": "EntityFootprintsBehavior",
            "attributes": {
                "texture": "bovinae",
                "stepDistance": 0.7
            }
        }
    },
    {
        "side": "server",
        "file": "bovinae:entities/animal/mammal/hooved/bovinae-baby",
        "op": "add",
        "path": "/server/behaviors/-",
        "value": {
            "code": "EntityFootprintsBehaviorSync",
            "attributes": {
                "texture": "bovinae",
                "stepDistance": 0.5
            }
        }
    },
    {
        "side": "server",
        "file": "bovinae:entities/animal/mammal/hooved/bovinae-baby",
        "op": "add",
        "path": "/client/behaviors/-",
        "value": {
            "code": "EntityFootprintsBehavior",
            "attributes": {
                "texture": "bovinae",
                "stepDistance": 0.5
            }
        }
    },
    {
        "side": "server",
        "file": "bovinae:entities/animal/mammal/hooved/bovinae-tamed",
        "op": "add",
        "path": "/server/behaviors/-",
        "value": {
            "code": "EntityFootprintsBehaviorSync",
            "attributes": {
                "texture": "bovinae",
                "stepDistance": 0.7
            }
        }
    },
    {
        "side": "server",
        "file": "bovinae:entities/animal/mammal/hooved/bovinae-tamed",
        "op": "add",
        "path": "/client/behaviors/-",
        "value": {
            "code": "EntityFootprintsBehavior",
            "attributes": {
                "texture": "bovinae",
                "stepDistance": 0.7
            }
        }
    }
]