[
	{
		name: "Solid door",
		ingredientPattern: "WW,WW,WW",
		ingredients: {
			"W": { type: "item", code: "game:plank-lightaged", name: "wood" }
		},
		width: 2,
		height: 3,
		output: { type: "block", code: "game:door-solid-aged"  }
	},
	{
		name: "1x3 gate",
		ingredientPattern: "WW_,WW_,WWN",
		ingredients: {
			"W": { type: "item", code: "game:plank-lightaged", name: "wood", quantity: 2 },
			"N": { type: "item", code: "game:metalnailsandstrips-*" }
		},
		width: 3,
		height: 3,
		output: { type: "block", code: "game:door-1x3gate-aged"  }
	},
	{
		name: "2x2 gate",
		ingredientPattern: "N__,WWW,WWW",
		ingredients: {
			"W": { type: "item", code: "game:plank-lightaged", name: "wood", quantity: 2 },
			"N": { type: "item", code: "game:metalnailsandstrips-*", quantity: 2 }
		},
		width: 3,
		height: 3,
		output: { type: "block", code: "game:door-2x2gate-aged"  }
	},
	{
		name: "2x3 gate",
		ingredientPattern: "WWW,WWW,NWW",
		ingredients: {
			"W": { type: "item", code: "game:plank-lightaged", name: "wood", quantity: 3 },
			"N": { type: "item", code: "game:metalnailsandstrips-*", quantity: 6 }
		},
		width: 3,
		height: 3,
		output: { type: "block", code: "game:door-2x3gate-aged"  }
	},
	{
		name: "2x4 gate",
		ingredientPattern: "WWW,WWW,WWN",
		ingredients: {
			"W": { type: "item", code: "game:plank-lightaged", name: "wood", quantity: 4 },
			"N": { type: "item", code: "game:metalnailsandstrips-*", quantity: 10 }
		},
		width: 3,
		height: 3,
		output: { type: "block", code: "game:door-2x4gate-aged"  }
	},
]
