[
{
	ingredientPattern: "WWW	SSS	WWW",
	ingredients: {
		"W": { type: "item", code: "game:plank-lightaged", name: "wood", quantity: 1 },
		"S": { type: "item", code: "game:stick" },
	},
	width: 3,
	height: 3,
	output: { type: "block", code: "game:trapdoor-window-aged-1", quantity: 2  }
},
{
	ingredientPattern: "WWW	WWW	WWW",
	ingredients: {
		"W": { type: "item", code: "game:plank-lightaged", name: "wood", quantity: 1 }
	},
	width: 3,
	height: 3,
	output: { type: "block", code: "game:trapdoor-solid-aged-1", quantity: 2  }
},
{
	ingredientPattern: "WWW	SSS	WWW",
	ingredients: {
		"W": { type: "item", code: "game:plank-aged", name: "wood", quantity: 1 },
		"S": { type: "item", code: "game:stick" },
	},
	width: 3,
	height: 3,
	output: { type: "block", code: "game:trapdoor-window-darkaged-1", quantity: 2  }
},
{
	ingredientPattern: "WWW	WWW	WWW",
	ingredients: {
		"W": { type: "item", code: "game:plank-aged", name: "wood", quantity: 1 }
	},
	width: 3,
	height: 3,
	output: { type: "block", code: "game:trapdoor-solid-darkaged-1", quantity: 2  }
},
]