{
  "code": "supportchain",
  "class": "BlockSupportBeam",
  "entityClass": "Generic",
  "enabled": true,

  "storageFlags": 131077,

  "variantgroups": [
    {
      "code": "type",
      "states": [ "two", "four" ]
    },
    {
      "code": "material",
      "states": [ "enchantedstone", "astralith", "xegonite", "netherite", "eldrathium", "abysium" ]
      //"loadFromProperties": "rustboundmagic:abstract/elements"
    }
  ],
  //"skipVariants": [ "*-none", "*-blood", "*-ghost" ],

  "attributes": {
    "unstableRockStabilization": 3,
    "partialEnds": true,
    "handbook": {
      "groupBy": [ "supportbeam-*" ]
    }
  },
  "entityBehaviorsByType": {
    "*": [ { "name": "SupportBeam" } ]
  },

  "creativeinventory": {
    "general": [ "*" ],
    "construction": [ "*" ],
    "rustboundmagic": [ "*" ]
  },

  "drawtype": "json",
  "shapeBytype": {
    //"supportchain-two*": { "base": "block/metal/beams/supportchain/two/16" },
    //"supportchain-four*": { "base": "block/metal/beams/supportchain/four/16" },
    "*": {
      "base": "blocks/decorations/supportchains/{type}/16"
    }
  },
  "texturesByType": {
    "*-enchantedstone": {
      "default": { "base": "default" },
      "material": { "base": "blocks/resources/enchantedstone/none/enchantedstone-rock*" }
    },
    "*-astralith": {
      "default": { "base": "default" },
      "material": { "base": "blocks/resources/astralith/astralith-rock*" }
    },
    "*-xegonite": {
      "default": { "base": "default" },
      "material": { "base": "blocks/resources/xegonite/xegonite-rock*" }
    },
    "*-netherite": {
      "default": { "base": "default" },
      "material": { "base": "blocks/resources/netherite/netherite-rock*" }
    },
    "*-eldrathium": {
      "default": { "base": "default" },
      "material": { "base": "blocks/resources/eldrathium/eldrathium" }
    },
    "*-abysium": {
      "default": { "base": "default" },
      "material": { "base": "blocks/resources/abysium/abysium-rock*" }
    }
  },

  "blockmaterialByType": {
    "*-enchantedstone": "Stone",
    "*-astralith": "Stone",
    "*-xegonite": "Stone",
    "*-netherite": "Stone",
    "*-eldrathium": "Metal",
    "*-abysium": "Stone"
  },
  "faceCullMode": "NeverCull",
  "sideOpaque": { "all": false },
  "emitSideAo": { "all": false },
  "sideSolid": { "all": false },
  "lightAbsorption": 0,
  "rainPermeable": true,
  "resistance": 3.5,
  "maxStackSize": 32,
  "materialDensity": 1200,

  "heldTpIdleAnimation": "holdbothhandslarge",
  "heldRightReadyAnimation": "heldblockready",
  "heldTpUseAnimation": "twohandplaceblock",

  "drops": [],

  "sounds": {
    "place": "block/anvil",
    "break": "block/anvil",
    "hit": "block/anvil",
    "walk": "walk/stone1"
  },

  "guiTransform": {
    "rotation": {
      "x": -75,
      "y": -35,
      "z": 0
    },
    "origin": {
      "x": 0.5,
      "y": 0.2,
      "z": 0.5
    },
    "scale": 1.73
  },
  "tpHandTransform": {
    "translation": {
      "x": -1.23,
      "y": -0.91,
      "z": -0.8
    },
    "rotation": {
      "x": -2,
      "y": 25,
      "z": -78
    },
    "scale": 0.4
  }
}