{
	"code": "debarkedlog",
	"class": "BlockLog",
	"behaviors":  [{"name": "Pillar"}, { "name": "WrenchOrientable", "properties": { "basecode": "debarkedlog-{wood}"  } }],
	"variantgroups": [
		{ "code": "wood", "loadFromProperties": "floralzonesneozeylandicregion:block/wood" },
		{ "code": "rotation", "states": ["ud", "ns", "we"] }
	],
	"creativeinventory": { "general": ["*-ud"], "flora": ["*-ud"], "construction": ["*-ud"] },
	"shape": { "base": "game:block/basic/cube" },
	"drawtype": "cube",
	"blockmaterial": "Wood",
	"requiredMiningTier": 1,
	"attributes": {
		"handbook": {
			"groupBy": ["*-{wood}-*"]
		}
	},
	"texturesByType": {
		"*-ud": {
			"all": { "base": "floralzonesneozeylandicregion:block/wood/debarked/{wood}", "rotation": 90 },
			"up": { "base": "floralzonesneozeylandicregion:block/wood/treetrunk/{wood}" },
			"down": { "base": "floralzonesneozeylandicregion:block/wood/treetrunk/{wood}" }
		},
		"*-ns": {
			"all": { "base": "floralzonesneozeylandicregion:block/wood/debarked/{wood}", "rotation": 90 },
			"east": { "base": "floralzonesneozeylandicregion:block/wood/debarked/{wood}" },
			"west": { "base": "floralzonesneozeylandicregion:block/wood/debarked/{wood}" },
			"north": { "base": "floralzonesneozeylandicregion:block/wood/treetrunk/{wood}" },
			"south": { "base": "floralzonesneozeylandicregion:block/wood/treetrunk/{wood}" }
		},
		"*-we": {
			"all": { "base": "floralzonesneozeylandicregion:block/wood/debarked/{wood}" },
			"west": { "base": "floralzonesneozeylandicregion:block/wood/treetrunk/{wood}" },
			"east": { "base": "floralzonesneozeylandicregion:block/wood/treetrunk/{wood}" }
		},
	},
	"replaceable": 500,
	"resistance": 4.5,
	"sounds": {
		"place": "game:block/planks",
		"walk": "game:walk/wood",
		"hit": "game:block/planks",
		"break": "game:block/planks",
		"byTool": {
			"Axe": { "hit": "game:block/chop", "break": "game:block/planks" }
		}
	},
	"drops": [
		{ "type": "block", "code": "floralzonesneozeylandicregion:debarkedlog-{wood}-ud", "quantity": { "avg": 1 }  }
	],
	"combustiblePropsByType": {
		"*": {
			"burnTemperature": 800,
			"burnDuration": 72
		}
	},
	"maxstacksize": 16,
	"materialDensity": 700,
	"heldTpIdleAnimation": "holdbothhandslarge", "heldTpUseAnimation": "twohandplaceblock",
	"tpHandTransform": {
		"translation": { "x": -1.23, "y": -0.91, "z": -0.8 },
		"rotation": { "x": -2, "y": 25, "z": -78 },
		"scale": 0.4
	}
}
