[
     {
        "op": "addeach",
        "path": "/attributes/contentConfig/0",
        "side": "server",
        "value": [ 
            { "code": "carpobrotusacinaciformis",
                "content": { "type": "item", "code": "floralzonescaperegion:fruit-carpobrotusacinaciformis" },
                "quantityPerFillLevel":1,
                "maxFillLevels": 8,
                "shapesPerFillLevel": [ "block/wood/trough/small/grainfill1", "block/wood/trough/small/grainfill1", 
                                        "block/wood/trough/small/grainfill2", "block/wood/trough/small/grainfill2",
                                        "block/wood/trough/small/grainfill3", "block/wood/trough/small/grainfill3",
                                        "block/wood/trough/small/grainfill4", "block/wood/trough/small/grainfill4" ],
                "textureCode": "contents-carpobrotusacinaciformis" } ],
        "file": "game:blocktypes/wood/trough-small.json"
    },
    {
        "op": "addmerge",
        "path": "/textures",
        "side": "server",
        "value": {
            "contents-carpobrotusacinaciformis": {
                "base": "block/food/pie/fill-peach",
                "overlays": [
                  "block/wood/trough/small/shadow"
                ]
            }
        },
        "file": "game:blocktypes/wood/trough-small.json"
    }
]