{
	"code": "meiolaniidae",
	"class": "EntityAgent",
	"tagsByType": {"*-baby-*":["animal","huntable","shelled","habitat-land"],"*":["animal","huntable","shelled","adult","habitat-land"]},
	"fallDamageMultiplierByType": { "*-baby-*" :0.25,"*" :0.5},
	"variantgroups": [
		{ "code": "age", "states": ["adult", "baby"] },
		{ "code": "gender", "states": ["male", "female"] },
		{ "code": "type", "states": ["ninjemysoweni"] }
	],
	"hitBoxSizeByType": {
		"*-adult-*-ninjemysoweni": { "x": 1,"y": 0.5},"*-baby-*-ninjemysoweni": { "x": 0.25,"y": 0.125},
		"*": { "x": 0.15,"y": 0.15}
	},
	"deadhitBoxSizeByType": {
		"*-adult-*-ninjemysoweni": { "x": 1,"y": 0.4},"*-baby-*-ninjemysoweni": { "x": 0.25,"y": 0.1},
		"*": { "x": 0.15,"y": 0.1}
	},
	"eyeHeightByType": {
		"*-adult-*-ninjemysoweni": 0.6,"*-baby-*-ninjemysoweni": 0.15,
		"*": 0.6
	},
	"weightByType": {
		"*-adult-female-ninjemysoweni": 200,"*-adult-male-ninjemysoweni": 200,"*-baby-*-ninjemysoweni": 12
	},	
	"knockbackResistanceByType": {
		"*-adult-*-ninjemysoweni": 0.8,
		"*-baby-*": 0.1
	},	
	"drops": [],
	"attributes": {
		"killedByInfoText": "deadcreature-killed",
		"trappableByType": {
			"*-baby-*": {
				"small": { "trapChance": 0.75,	"trapDestroyChance": 0.05 },
				"large": { "trapChance": 0.99,	"trapDestroyChance": 0 }
			},
			"*": {
				"small": { "trapChance": 0.0,	"trapDestroyChance": 0.5 },
				"large": { "trapChance": 0.5,	"trapDestroyChance": 0 }
			}
		},
		"creatureDietByType": {
			"*":{
			"foodCategories": ["Vegetable"],
			"weightedFoodTags": [
				{ "weight": 0.1, "code": "grass" },
				{ "weight": 0.5, "code": "nibbleCrop" },
				{ "weight": 1, "code": "tastyvegetable" }
			]
		}},
		"handbook": {
			"groupcode": "creaturegroup-meiolaniidae"
		}
	},
	"client": {
		"renderer": "Shape",
		"shapeByType": {
			"*-adult-*": { "base": "entity/land/meiolaniidae/{type}-adult" },
			"*-baby-*": { "base": "entity/land/meiolaniidae/{type}-baby" }
		},
		"textureByType": {      
			"*": { "base": "entity/meiolaniidae/{type}-{age}" }   
		},
		"sizeByType": {
			"*-adult-female-ninjemysoweni": 0.95,"*-adult-male-ninjemysoweni": 1.05,"*-baby-*-ninjemysoweni": 1
		},
		"behaviors": [
			{ "code": "repulseagents" },
			{ "code": "controlledphysics","stepHeightByType": {"*": 1.1251 } },
			{ "code": "interpolateposition" },
			{ "code": "floatupwhenstuck", "onlyWhenDead": true },
			{ "code": "harvestable","quantitySlots": 8 },
			{ "code": "multiply", "enabledByType": { "*-adult-female-*": true, "*": false } },
			{ "code": "despawn", "minPlayerDistance": 16, "belowLightLevel": 8, "minSeconds": 300 }
		],
		"animations": [
			{
				"code": "attack",
				"animation": "Attack",
				"animationSpeed": 2.2,
				"weight": 10,
				"blendMode": "AddAverage"
			},
			{
				"code": "threat",
				"animation": "Threat",
				"animationSpeed": 2.2,
				"weight": 10,
				"blendMode": "AddAverage"
			},
			{
				"code": "hurt",
				"animation": "Hurt",
				"animationSpeed": 2.2,
				"weight": 10,
				"blendMode": "AddAverage"
			},
			{
				"code": "die",
				"animation": "Die",
				"easeInSpeed": 3,
				"animationSpeedByType": {
					"*-adult-*": 2,
					"*-baby-*": 3.0
				},
				"weight": 10,
				"blendMode": "Average",
				"triggeredBy": { "onControls": [ "dead" ] }
			},
			{
				"code": "idle",
				"animation": "Idle",
				"blendMode": "AddAverage",
				"easeOutSpeed": 4,
				"triggeredBy": { "defaultAnim": true }
			},
			{
				"code": "sleep",
				"animation": "Sleep",
				"easeInSpeed": 2,
				"easeOutSpeed": 4,
				"blendMode": "Average"
			},
			{
				"code": "lie",
				"animation": "Lie",
				"easeInSpeed": 2,
				"easeOutSpeed": 4,
				"blendMode": "Average"
			},
			{
				"code": "sit",
				"animation": "Sit",
				"easeInSpeed": 1,
				"easeOutSpeed": 0.5,
				"blendMode": "Average"
			},
			{
				"code": "eat",
				"animation": "Eat",
				"easeInSpeed": 2,
				"easeOutSpeed": 2,
				"weight": 5,
				"blendMode": "AddAverage"
			},
			{
				"code": "swim",
				"animation": "Swim",
				"supressDefaultAnimation": true,
				"blendMode": "Average"
			},
			{
				"code": "walk",
				"animation": "Walk",
				"supressDefaultAnimation": true,
				"easeInSpeed": 2,
				"easeOutSpeed": 4,
				"weight": 5,
				"blendMode": "Average"
			}
		]
	},
	"server": {
		"attributes": {
			"pathfinder": {
				"minTurnAnglePerSec": 90,
				"maxTurnAnglePerSec": 180
			}
		},
		"behaviors": [
			{ "code": "repulseagents" },
      { "code": "controlledphysics","stepHeightByType": {"*": 1.1251 }},
			{"code": "despawn","minPlayerDistance": 8,"belowLightLevel": 8,"minSeconds": 300},
			{"code": "health",
				"maxhealthByType": {
				"meiolaniidae-adult-*-ninjemysoweni": 19,"*-baby-*-ninjemysoweni": 5,
				"meiolaniidae-adult-*": 3,"*-baby-*": 2
				}
			},
			{
				"code": "deaddecay",
				"hoursToDecay": 96,
				"decayedBlockByType": {
					"meiolaniidae-adult-*-ninjemysoweni": "carcass-medium",
					"*-baby-*": "carcass-tiny",
					"*": "carcass-small"
				}
			},
			{
				"code": "floatupwhenstuck",
				"onlyWhenDead": true
			},
			{
				"code": "harvestable","quantitySlots": 8,
				"drops": [
					{
						"type": "item",
						"code": "game:redmeat-raw",
						"quantityByType": {
							"meiolaniidae-adult-*-ninjemysoweni": {"avg": 12.0,"var": 1},"meiolaniidae-baby-*-ninjemysoweni": {"avg": 0.5,"var": 0.0},
							"*": {"avg": 0,"var": 0}
						}
					},
					{
						"type": "item",
						"code": "game:bushmeat-raw",
						"quantityByType": {
							"meiolaniidae-adult-*-ninjemysoweni": {"avg": 12.0,"var": 1},"meiolaniidae-baby-*-ninjemysoweni": {"avg": 0.5,"var": 0.0},
							"*": {"avg": 0,"var": 0}
						}
					},
					{
						"type": "item",
						"code": "meiolaniidae:pelt-{gender}-{type}",
						"quantityByType": {
							"*-adult-*": { "offset": 1, "avg": 0, "var": 0 },
							"*": {"avg": 0.0,"var": 0.0}
						}
					},
					{
						"type": "item",
						"code": "game:fat",
						"quantityByType": {
							"meiolaniidae-adult-*-ninjemysoweni": {"avg": 4.5,"var": 0.3},
							"*": {"avg": 0,"var": 0}
						}
					}
				]
			},		
			{
				"code": "multiply",
				"enabledByType": {
					"*-adult-female-*": true,
					"*": false
				},
				"spawnEntityCodesByType": {
				"*-adult-female-*": [ { "code":"meiolaniidae:meiolaniidae-egg-{type}-raw"} ]
				},
				"requiresNearbyEntityCodeByType": {"*-adult-female-*": "meiolaniidae:meiolaniidae-adult-male-{type}"},
				"requiresNearbyEntityRange": 10,
				"spawnQuantityMinByType": {"*-ninjemysoweni": 5,"*": 2},
				"spawnQuantityMaxByType": {"*-ninjemysoweni": 10,"*": 2},
				"eatAnyway": true,
				"pregnancyDaysByType": {"*":10},
				"multiplyCooldownDaysMin": 65,
				"multiplyCooldownDaysMax": 75,
				"portionsEatenForMultiplyByType": {"*-ninjemysoweni":15,"*":4}
			}, 
			{ 
				"code": "grow", 
				"enabledByType": {
					"*-baby-*": true,
					"*-adult-*": false
				},
				"hoursToGrowByType": {"*": 3500},
				"adultEntityCodesByType": {
					"*-baby-male-*": ["meiolaniidae:meiolaniidae-adult-male-{type}"],
					"*-baby-female-*": ["meiolaniidae:meiolaniidae-adult-female-{type}"]
				}
			},
			{
				"code": "emotionstates",
				"states": [
					{"code": "fleeondamage","whenHealthRelBelow": 0.5,"duration": 60,"chanceByType": {"*-adult-*": 1,"*": 1.0},"slot": 2,"priority": 5,"accumType": "max"},
					{"code": "fleeondamage","duration": 40,"chanceByType": {"*-adult-*": 0.1,"*": 1.0},"slot": 2,"priority": 3,"accumType": "max"},
					{"code": "aggressiveondamage","duration": 30,"chanceByType": {"*-baby-*": 0.0, "*": 1},"slot": 2,"priority": 2,"accumType": "noaccum"},
					{"code": "saturated","duration": 1200,"chance": 1,"slot": 0,"priority": 1,"accumType": "sum"}
				]
			},
			{
				"code": "taskai",
				"aitasks": [
					{
						"code": "meleeattack",
						"animation": "Attack",
						"enabledByType": {"*-baby-*": false,"*": true},
						"entityCodes": [ "player","bear-*","fox-*","hyena-*","wolf-*","caninae-*","dasyuridae-*","hyaenidae-*","felinae-*","machairodontinae-*","pantherinae-*","thylacoleonidae-*","ursidae-*" ],
						"priority": 3,
						"damageByType": {
							"meiolaniidae-adult-*-ninjemysoweni": 9,
							"meiolaniidae-adult-*": 1
						},
						"damageTierByType": {"*":2},
						"damageType": "SlashingAttack",
						"slot": 1,
						"mincooldown": 1500,
						"maxcooldown": 2500,
						"attackDurationMs": 1250,
						"damagePlayerAtMs": 500,
						"animationSpeed": 1.5,
						"soundByType": {
							"*": "creature/meiolaniidae/hiss*"
						},
						"whenInEmotionState": "aggressiveondamage|aggressivearoundentities"
					},
					{
						"code": "fleeentity",
						"animation": "Walk",
						"entityCodesByType": {
							"*": ["bear-*","fox-*","hyena-*","wolf-*","caninae-*","dasyuridae-*","felinae-adult-*","hyaenidae-adult-*","machairodontinae-adult-*","pantherinae-neofelis-adult-*","pantherinae-panthera-adult-*","thylacoleonidae-adult-*", "ursidae-adult-*"]},
						"priority": 1.52,
						"movespeedByType": {
							"meiolaniidae-adult-*": 0.0025,
							"meiolaniidae-baby-*": 0.00125
						},
						"animationSpeedByType": {
							"meiolaniidae-adult-*-ninjemysoweni": 0.5,"meiolaniidae-baby-*-ninjemysoweni": 1,
							"*": 2
						},
						"seekingRange": 12,
						"whenInEmotionState": "fleeondamage",
						"soundByType": {
							"*": "creature/meiolaniidae/hiss*"
						},
						"whenSwimming": false
					},
					{
						"code": "fleeentity",
						"animation": "Walk",
						"entityCodesByType": {"*": ["bear-*","fox-*","hyena-*","wolf-*","caninae-*","dasyuridae-adult-*","elephantidae-*","felinae-adult-*","hyaenidae-adult-*","machairodontinae-adult-*","pantherinae-neofelis-adult-*","pantherinae-panthera-adult-*","thylacoleonidae-adult-*", "ursidae-adult-*","viverridae-adult-*"]},
						"priority": 1.51,
						"movespeedByType": {
							"meiolaniidae-adult-*": 0.005,
							"meiolaniidae-baby-*": 0.0025
						},
						"animationSpeedByType": {
							"meiolaniidae-adult-*-ninjemysoweni": 1,"meiolaniidae-baby-*-ninjemysoweni": 2,
							"*": 2
						},
						"seekingRange": 6,
						"soundByType": {
							"*-adult-*": "creature/meiolaniidae/hiss*"
						},
						"whenSwimming": false
					},
					{
						"code": "seekentity",
						"animation": "Walk",
						"enabledByType": {"*-baby-*": false,"*": true},
						"entityCodesByType": {"*": ["player","bear-*","fox-*","hyena-*","wolf-*","caninae-*","dasyuridae-adult-*","felinae-adult-*","hyaenidae-adult-*","machairodontinae-adult-*","pantherinae-neofelis-adult-*","pantherinae-panthera-adult-*","thylacoleonidae-adult-*","ursidae-adult-*"]},
						"priority": 1.6,
						"mincooldown": 600,
						"maxcooldown": 650,
						"movespeedByType": {
							"meiolaniidae-adult-*": 0.005,
							"meiolaniidae-baby-*": 0.0025
						},
						"animationSpeedByType": {
							"meiolaniidae-adult-*-ninjemysoweni": 1,"meiolaniidae-baby-*-ninjemysoweni": 2,
							"*": 2
						},
						"seekingRange": 20,
						"soundByType": {
							"*-adult-*": "creature/meiolaniidae/hiss*"
						},
						"whenInEmotionState": "aggressiveondamage|aggressivearoundentities",
						"whenSwimming": false
					},
					{
						"code": "getoutofwater",
						"animation": "Swim",
						"priority": 1.4,
						"movespeedByType": {
							"meiolaniidae-adult-*": 0.025,
							"meiolaniidae-baby-*": 0.0125,
							"*": 0.045
						},
						"animationSpeedByType": {
							"meiolaniidae-adult-*-ninjemysoweni": 1,"meiolaniidae-baby-*-ninjemysoweni": 2,
							"*": 2
						}
					},
					{
						"code": "idle",
						"animation": "Idle",
						"priority": 0.9,
						"minduration": 16000,
						"maxduration": 45000,
						"mincooldown": 6000,
						"maxcooldown": 120000,
						"priorityForCancel": 1.28,
						"whenNotInEmotionState": "aggressiveondamage|fleeondamage",
						"stopOnNearbyEntityCodes": [ "player", "bear-*", "fox-*", "hyena-male", "hyena-female", "wolf-male", "wolf-female", "caninae-*","felinae-*","hyaenidae-*","machairodontinae-*", "pantherinae-*","thylacoleonidae-*", "ursidae-*" ],
						"stopRange": 10,
						"stopOnHurt": true,
						"whenSwimming": false
					},
					{
						"code": "idle",
						"animation": "Sleep",
						"priority": 0.5,
						"minduration": 50000,
						"maxduration": 900000,
						"mincooldown": 90000,
						"maxcooldown": 180000,
						"priorityForCancel": 1.35,
						"whenNotInEmotionState": "aggressiveondamage|fleeondamage",
						"duringDayTimeFrames": [
							{"fromHour": 18,"toHour": 24},{"fromHour": 24,"toHour": 4}
						],
						"stopOnNearbyEntityCodes": [ "player", "bear-*","fox-*", "hyena-male", "hyena-female", "wolf-male", "wolf-female", "caninae-*","felinae-*","hyaenidae-*","machairodontinae-*", "pantherinae-*","thylacoleonidae-*", "ursidae-*"  ],
						"stopRange": 8,
						"stopOnHurt": true,
						"whenSwimming": false
					},
					{
						"code": "idle",
						"animation": "Lie",
						"priority": 1.18,
						"minduration": 5000,
						"maxduration": 90000,
						"mincooldown": 90000,
						"maxcooldown": 180000,
						"chance": 0.25,
						"priorityForCancel": 1.35,
						"whenNotInEmotionState": "aggressiveondamage|fleeondamage",
						"duringDayTimeFrames": [
							{"fromHour": 0,"toHour": 24}
						],
						"stopOnNearbyEntityCodes": [ "player", "bear-*","fox-*", "hyena-male", "hyena-female", "wolf-male", "wolf-female", "caninae-*","felinae-*","hyaenidae-*","machairodontinae-*", "pantherinae-*","thylacoleonidae-*", "ursidae-*"  ],
						"stopRange": 8,
						"stopOnHurt": true,
						"whenSwimming": false
					},
					{
						"code": "idle",
						"animation": "Sit",
						"priority": 0.9,
						"minduration": 15000,
						"maxduration": 45000,
						"mincooldown": 6000,
						"maxcooldown": 120000,
						"priorityForCancel": 1.35,
						"whenNotInEmotionState": "aggressiveondamage|fleeondamage",
						"stopOnNearbyEntityCodes": [ "player", "bear-*","fox-*", "hyena-male", "hyena-female", "wolf-male", "wolf-female", "caninae-*","felinae-*","hyaenidae-*","machairodontinae-*", "pantherinae-*","thylacoleonidae-*", "ursidae-*"  ],
						"stopRange": 10,
						"stopOnHurt": true,
						"whenSwimming": false
					},
					{
						"code": "idle",
						"animation": "Threat",
						"priority": 1.2,
						"priorityForCancel": 1.35,
						"whenNotInEmotionState": "aggressiveondamage|fleeondamage",
						"stopOnNearbyEntityCodes": [  "player", "bear-*","fox-*", "hyena-male", "hyena-female", "wolf-male", "wolf-female", "caninae-*","felinae-*","hyaenidae-*","machairodontinae-*", "pantherinae-*","thylacoleonidae-*", "ursidae-*"  ],
						"stopRange": 10,
						"chance": 0.1,
						"minduration": 4000,
						"maxduration": 4000,
						"mincooldown": 6000,
						"maxcooldown": 20000,
						"animationSpeed": 0.25,
						"whenSwimming": false
					},
					{
						"code": "wander",
						"animation": "Walk",
						"priority": 1.0,
						"priorityForCancel": 1.35,
						"whenNotInEmotionState": "aggressiveondamage|fleeondamage",
						"stopOnNearbyEntityCodes": [ "player", "bear-*","fox-*", "hyena-male", "hyena-female", "wolf-male", "wolf-female", "caninae-*","felinae-*","hyaenidae-*","machairodontinae-*", "pantherinae-*","thylacoleonidae-*", "ursidae-*"  ],
						"stopRange": 10,
						"movespeedByType": {
							"meiolaniidae-adult-*": 0.0025,
							"meiolaniidae-baby-*": 0.00125
						},
						"animationSpeedByType": {
							"meiolaniidae-adult-*-ninjemysoweni": 0.5,"meiolaniidae-baby-*-ninjemysoweni": 1,
							"*": 2
						},
						"preferredLightLevel": 12,
						"whenSwimming": false
					},
					{
						"code": "seekfoodandeat",
						"animation": "Walk",
						"eatAnimation": "Eat",
						"movespeedByType": {
							"meiolaniidae-adult-*": 0.003,
							"meiolaniidae-baby-*": 0.003
						},
						"priority": 1.25,
						"whenNotInEmotionState": "aggressiveondamage|fleeondamage",
						"eatSoundByType": {
							"*": "game:creature/animal-eat-small"
						},
						"eatTime": 1.5,
						"eatLooseItems": true,
						"animationSpeedByType": {
							"meiolaniidae-adult-*-ninjemysoweni": 1,
							"*-baby-*": 2
						},
						"mincooldownHours": 1,
						"maxcooldownHours": 4,
						"whenSwimming": false
					},
					{
						"code": "lookaround",
						"whenNotInEmotionState": "aggressiveondamage|fleeondamage",
						"priority": 0.5,
						"whenSwimming": false
					}
				]
			},
			{"code": "ropetieable","minGeneration": 2},
			{"code": "pettable","minGeneration": 1}
		],
		"spawnconditions": {
			"worldgen": {
			"tryOnlySurface": true,	
			"groupSizeByType": {
					"*-adult-*": { "dist": "invexp", "avg": 1, "var": 0 }
			},
			"insideBlockCodes": [ "game:air", "game:soil-*","game:leaves-*","game:gravel-*", "game:tallgrass-*", "game:snowlayer-1", "game:sand-*"],
			"companionsByType": {
				"*":["meiolaniidae:meiolaniidae-adult-female-{type}","meiolaniidae:meiolaniidae-adult-male-{type}"]}
		},
			"runtime": {
				"group": "neutral",
				"maxQuantityByGroup": { "code": "meiolaniidae-*", "maxQuantity": 4 },
				"tryOnlySurface": true,
				"chanceByType": {
					"meiolaniidae-adult-female-ninjemysoweni": 0.0005, "meiolaniidae-adult-male-ninjemysoweni": 0.0005,
					"*": 0.0
				},
				"mindistancetoplayer": 50,
				"maxLightLevel": 7,
				"lightLevelType": "onlyBlockLight",	
				"spawnCapPlayerScaling": 0.0,	
				"groupSizeByType": {
					"*-adult-*": { "dist": "invexp", "avg": 1, "var": 0 }
				},
				"insideBlockCodesByType": {"*":["game:air", "game:gravel-*",  "game:sand-*","game:snowlayer-1","game:soil-*","game:tallgrass-*"]},
				"companionsByType": {
				"*":["meiolaniidae:meiolaniidae-adult-female-{type}","meiolaniidae:meiolaniidae-adult-male-{type}"]}
			}
		},
		"spawnconditionsByType": {
			"meiolaniidae-adult-*-ninjemysoweni": {
				"climate": {
					"minTemp": 16,
					"maxTemp": 22,
					"minRain": 0.5,
					"maxRain": 0.8,
					"minForestOrShrubs": 0.0,
					"maxForest": 0.65,
					"maxShrubs": 1,
					"minY": 1.05,
					"maxY": 1.3					
				},
				"worldgen": {
					"triesPerChunk": { "avg": 0.005, "var": 0}
				},
				"runtime": {
					"maxQuantityByGroup": { "code": "meiolaniidae-*", "maxQuantity": 4 }
				}
			}
		}
	},
	"soundsByType": {
		"*-ninjemysoweni":{"hurt": "creature/meiolaniidae/hiss*","death": "creature/meiolaniidae/hiss*","idle": "creature/meiolaniidae/idle*"}
	},
	"idleSoundRangeByType": {
		"*-adult-*": 15
	},
	"idleSoundChanceByType": {
		"*-adult-*": 0.01
	},
}