[
  {
    "op": "replace",
    "path": "/server/behaviors/7/aitasks/0/damageByType/*-corrupt",
    "value": 2.75,
    "file": "game:entities/lore/locust.json",
    "side": "Server"
  },
  {
    "op": "replace",
    "path": "/server/behaviors/7/aitasks/0/damageByType/*-corrupt-sawblade",
    "value": 6,
    "file": "game:entities/lore/locust.json",
    "side": "Server"
  },
  {
    "op": "replace",
    "path": "/server/behaviors/7/aitasks/0/damageTierByType/*-corrupt-sawblade",
    "value": 4,
    "file": "game:entities/lore/locust.json",
    "side": "Server"
  },
  {
    "op": "replace",
    "path": "/server/behaviors/7/aitasks/2/movespeed",
    "value": 0.03,
    "file": "game:entities/lore/locust.json",
    "side": "Server"
  },
  {
    "op": "replace",
    "path": "/server/behaviors/7/aitasks/2/seekingRange",
    "value": 25,
    "file": "game:entities/lore/locust.json",
    "side": "Server"
  }
]