[
  {
    "op": "replace",
    "path": "/attributes/defaultProtLoss/perTierFlatDamageReductionLoss/0",
    "value": 0.03,
    "file": "game:itemtypes/wearable/seraph/armor.json",
    "side": "Server"
  },
  {
    "op": "replace",
    "path": "/attributes/defaultProtLoss/perTierFlatDamageReductionLoss/1",
    "value": 0.06,
    "file": "game:itemtypes/wearable/seraph/armor.json",
    "side": "Server"
  },
  {
    "op": "replace",
    "path": "/attributes/defaultProtLoss/perTierRelativeProtectionLoss/0",
    "value": 0.01,
    "file": "game:itemtypes/wearable/seraph/armor.json",
    "side": "Server"
  },
  {
    "op": "replace",
    "path": "/attributes/defaultProtLoss/perTierRelativeProtectionLoss/1",
    "value": 0.05,
    "file": "game:itemtypes/wearable/seraph/armor.json",
    "side": "Server"
  },
  {
    "op": "replace",
    "path": "/attributes/protectionModifiersByType/armor-*-antique-blackguard-broken/flatDamageReduction",
    "value": 0.08,
    "file": "game:itemtypes/wearable/seraph/armor.json",
    "side": "Server"
  },
  {
    "op": "replace",
    "path": "/attributes/protectionModifiersByType/armor-*-antique-blackguard-broken/relativeProtection",
    "value": 0.3,
    "file": "game:itemtypes/wearable/seraph/armor.json",
    "side": "Server"
  },
  {
    "op": "replace",
    "path": "/attributes/protectionModifiersByType/armor-*-antique-blackguard-damaged/flatDamageReduction",
    "value": 0.17,
    "file": "game:itemtypes/wearable/seraph/armor.json",
    "side": "Server"
  },
  {
    "op": "replace",
    "path": "/attributes/protectionModifiersByType/armor-*-antique-blackguard-damaged/relativeProtection",
    "value": 0.6,
    "file": "game:itemtypes/wearable/seraph/armor.json",
    "side": "Server"
  },
  {
    "op": "replace",
    "path": "/attributes/protectionModifiersByType/armor-*-antique-blackguard-pristine/flatDamageReduction",
    "value": 0.56,
    "file": "game:itemtypes/wearable/seraph/armor.json",
    "side": "Server"
  },
  {
    "op": "replace",
    "path": "/attributes/protectionModifiersByType/armor-*-antique-blackguard-pristine/relativeProtection",
    "value": 0.8,
    "file": "game:itemtypes/wearable/seraph/armor.json",
    "side": "Server"
  },
  {
    "op": "replace",
    "path": "/attributes/protectionModifiersByType/armor-*-antique-forlorn-broken/flatDamageReduction",
    "value": 0.08,
    "file": "game:itemtypes/wearable/seraph/armor.json",
    "side": "Server"
  },
  {
    "op": "replace",
    "path": "/attributes/protectionModifiersByType/armor-*-antique-forlorn-broken/relativeProtection",
    "value": 0.3,
    "file": "game:itemtypes/wearable/seraph/armor.json",
    "side": "Server"
  },
  {
    "op": "replace",
    "path": "/attributes/protectionModifiersByType/armor-*-antique-forlorn-damaged/flatDamageReduction",
    "value": 0.5,
    "file": "game:itemtypes/wearable/seraph/armor.json",
    "side": "Server"
  },
  {
    "op": "replace",
    "path": "/attributes/protectionModifiersByType/armor-*-antique-forlorn-damaged/relativeProtection",
    "value": 0.75,
    "file": "game:itemtypes/wearable/seraph/armor.json",
    "side": "Server"
  },
  {
    "op": "replace",
    "path": "/attributes/protectionModifiersByType/armor-*-antique-forlorn-pristine/flatDamageReduction",
    "value": 0.56,
    "file": "game:itemtypes/wearable/seraph/armor.json",
    "side": "Server"
  },
  {
    "op": "replace",
    "path": "/attributes/protectionModifiersByType/armor-*-antique-forlorn-pristine/relativeProtection",
    "value": 0.8,
    "file": "game:itemtypes/wearable/seraph/armor.json",
    "side": "Server"
  },
  {
    "op": "add",
    "path": "/attributes/protectionModifiersByType/armor-*-brigandine-bismuthbronze/highDamageTierResistant",
    "value": true,
    "file": "game:itemtypes/wearable/seraph/armor.json",
    "side": "Server"
  },
  {
    "op": "replace",
    "path": "/attributes/protectionModifiersByType/armor-*-brigandine-bismuthbronze/flatDamageReduction",
    "value": 0.36,
    "file": "game:itemtypes/wearable/seraph/armor.json",
    "side": "Server"
  },
  {
    "op": "replace",
    "path": "/attributes/protectionModifiersByType/armor-*-brigandine-bismuthbronze/relativeProtection",
    "value": 0.65,
    "file": "game:itemtypes/wearable/seraph/armor.json",
    "side": "Server"
  },
  {
    "op": "add",
    "path": "/attributes/protectionModifiersByType/armor-*-brigandine-blackbronze/highDamageTierResistant",
    "value": true,
    "file": "game:itemtypes/wearable/seraph/armor.json",
    "side": "Server"
  },
  {
    "op": "replace",
    "path": "/attributes/protectionModifiersByType/armor-*-brigandine-blackbronze/flatDamageReduction",
    "value": 0.38,
    "file": "game:itemtypes/wearable/seraph/armor.json",
    "side": "Server"
  },
  {
    "op": "replace",
    "path": "/attributes/protectionModifiersByType/armor-*-brigandine-blackbronze/relativeProtection",
    "value": 0.67,
    "file": "game:itemtypes/wearable/seraph/armor.json",
    "side": "Server"
  },
  {
    "op": "add",
    "path": "/attributes/protectionModifiersByType/armor-*-brigandine-copper/highDamageTierResistant",
    "value": true,
    "file": "game:itemtypes/wearable/seraph/armor.json",
    "side": "Server"
  },
  {
    "op": "replace",
    "path": "/attributes/protectionModifiersByType/armor-*-brigandine-copper/flatDamageReduction",
    "value": 0.33,
    "file": "game:itemtypes/wearable/seraph/armor.json",
    "side": "Server"
  },
  {
    "op": "replace",
    "path": "/attributes/protectionModifiersByType/armor-*-brigandine-copper/relativeProtection",
    "value": 0.65,
    "file": "game:itemtypes/wearable/seraph/armor.json",
    "side": "Server"
  },
  {
    "op": "add",
    "path": "/attributes/protectionModifiersByType/armor-*-brigandine-iron/highDamageTierResistant",
    "value": true,
    "file": "game:itemtypes/wearable/seraph/armor.json",
    "side": "Server"
  },
  {
    "op": "replace",
    "path": "/attributes/protectionModifiersByType/armor-*-brigandine-iron/flatDamageReduction",
    "value": 0.4,
    "file": "game:itemtypes/wearable/seraph/armor.json",
    "side": "Server"
  },
  {
    "op": "replace",
    "path": "/attributes/protectionModifiersByType/armor-*-brigandine-iron/relativeProtection",
    "value": 0.68,
    "file": "game:itemtypes/wearable/seraph/armor.json",
    "side": "Server"
  },
  {
    "op": "add",
    "path": "/attributes/protectionModifiersByType/armor-*-brigandine-meteoriciron/highDamageTierResistant",
    "value": true,
    "file": "game:itemtypes/wearable/seraph/armor.json",
    "side": "Server"
  },
  {
    "op": "replace",
    "path": "/attributes/protectionModifiersByType/armor-*-brigandine-meteoriciron/flatDamageReduction",
    "value": 0.4,
    "file": "game:itemtypes/wearable/seraph/armor.json",
    "side": "Server"
  },
  {
    "op": "replace",
    "path": "/attributes/protectionModifiersByType/armor-*-brigandine-meteoriciron/relativeProtection",
    "value": 0.685,
    "file": "game:itemtypes/wearable/seraph/armor.json",
    "side": "Server"
  },
  {
    "op": "add",
    "path": "/attributes/protectionModifiersByType/armor-*-brigandine-steel/highDamageTierResistant",
    "value": true,
    "file": "game:itemtypes/wearable/seraph/armor.json",
    "side": "Server"
  },
  {
    "op": "replace",
    "path": "/attributes/protectionModifiersByType/armor-*-brigandine-steel/flatDamageReduction",
    "value": 0.43,
    "file": "game:itemtypes/wearable/seraph/armor.json",
    "side": "Server"
  },
  {
    "op": "replace",
    "path": "/attributes/protectionModifiersByType/armor-*-brigandine-steel/protectionTier",
    "value": 3,
    "file": "game:itemtypes/wearable/seraph/armor.json",
    "side": "Server"
  },
  {
    "op": "replace",
    "path": "/attributes/protectionModifiersByType/armor-*-brigandine-steel/relativeProtection",
    "value": 0.72,
    "file": "game:itemtypes/wearable/seraph/armor.json",
    "side": "Server"
  },
  {
    "op": "add",
    "path": "/attributes/protectionModifiersByType/armor-*-brigandine-tinbronze/highDamageTierResistant",
    "value": true,
    "file": "game:itemtypes/wearable/seraph/armor.json",
    "side": "Server"
  },
  {
    "op": "replace",
    "path": "/attributes/protectionModifiersByType/armor-*-brigandine-tinbronze/flatDamageReduction",
    "value": 0.36,
    "file": "game:itemtypes/wearable/seraph/armor.json",
    "side": "Server"
  },
  {
    "op": "replace",
    "path": "/attributes/protectionModifiersByType/armor-*-brigandine-tinbronze/relativeProtection",
    "value": 0.66,
    "file": "game:itemtypes/wearable/seraph/armor.json",
    "side": "Server"
  },
  {
    "op": "replace",
    "path": "/attributes/protectionModifiersByType/armor-*-chain-bismuthbronze/flatDamageReduction",
    "value": 0.4,
    "file": "game:itemtypes/wearable/seraph/armor.json",
    "side": "Server"
  },
  {
    "op": "replace",
    "path": "/attributes/protectionModifiersByType/armor-*-chain-bismuthbronze/relativeProtection",
    "value": 0.66,
    "file": "game:itemtypes/wearable/seraph/armor.json",
    "side": "Server"
  },
  {
    "op": "replace",
    "path": "/attributes/protectionModifiersByType/armor-*-chain-blackbronze/flatDamageReduction",
    "value": 0.41,
    "file": "game:itemtypes/wearable/seraph/armor.json",
    "side": "Server"
  },
  {
    "op": "replace",
    "path": "/attributes/protectionModifiersByType/armor-*-chain-blackbronze/relativeProtection",
    "value": 0.68,
    "file": "game:itemtypes/wearable/seraph/armor.json",
    "side": "Server"
  },
  {
    "op": "replace",
    "path": "/attributes/protectionModifiersByType/armor-*-chain-copper/flatDamageReduction",
    "value": 0.36,
    "file": "game:itemtypes/wearable/seraph/armor.json",
    "side": "Server"
  },
  {
    "op": "replace",
    "path": "/attributes/protectionModifiersByType/armor-*-chain-copper/relativeProtection",
    "value": 0.65,
    "file": "game:itemtypes/wearable/seraph/armor.json",
    "side": "Server"
  },
  {
    "op": "replace",
    "path": "/attributes/protectionModifiersByType/armor-*-chain-gold/flatDamageReduction",
    "value": 0.4,
    "file": "game:itemtypes/wearable/seraph/armor.json",
    "side": "Server"
  },
  {
    "op": "replace",
    "path": "/attributes/protectionModifiersByType/armor-*-chain-gold/relativeProtection",
    "value": 0.67,
    "file": "game:itemtypes/wearable/seraph/armor.json",
    "side": "Server"
  },
  {
    "op": "replace",
    "path": "/attributes/protectionModifiersByType/armor-*-chain-iron/flatDamageReduction",
    "value": 0.43,
    "file": "game:itemtypes/wearable/seraph/armor.json",
    "side": "Server"
  },
  {
    "op": "replace",
    "path": "/attributes/protectionModifiersByType/armor-*-chain-iron/relativeProtection",
    "value": 0.7,
    "file": "game:itemtypes/wearable/seraph/armor.json",
    "side": "Server"
  },
  {
    "op": "replace",
    "path": "/attributes/protectionModifiersByType/armor-*-chain-meteoriciron/flatDamageReduction",
    "value": 0.45,
    "file": "game:itemtypes/wearable/seraph/armor.json",
    "side": "Server"
  },
  {
    "op": "replace",
    "path": "/attributes/protectionModifiersByType/armor-*-chain-meteoriciron/relativeProtection",
    "value": 0.705,
    "file": "game:itemtypes/wearable/seraph/armor.json",
    "side": "Server"
  },
  {
    "op": "replace",
    "path": "/attributes/protectionModifiersByType/armor-*-chain-silver/flatDamageReduction",
    "value": 0.4,
    "file": "game:itemtypes/wearable/seraph/armor.json",
    "side": "Server"
  },
  {
    "op": "replace",
    "path": "/attributes/protectionModifiersByType/armor-*-chain-silver/relativeProtection",
    "value": 0.67,
    "file": "game:itemtypes/wearable/seraph/armor.json",
    "side": "Server"
  },
  {
    "op": "replace",
    "path": "/attributes/protectionModifiersByType/armor-*-chain-steel/flatDamageReduction",
    "value": 0.46,
    "file": "game:itemtypes/wearable/seraph/armor.json",
    "side": "Server"
  },
  {
    "op": "replace",
    "path": "/attributes/protectionModifiersByType/armor-*-chain-steel/protectionTier",
    "value": 3,
    "file": "game:itemtypes/wearable/seraph/armor.json",
    "side": "Server"
  },
  {
    "op": "replace",
    "path": "/attributes/protectionModifiersByType/armor-*-chain-steel/relativeProtection",
    "value": 0.75,
    "file": "game:itemtypes/wearable/seraph/armor.json",
    "side": "Server"
  },
  {
    "op": "replace",
    "path": "/attributes/protectionModifiersByType/armor-*-chain-tinbronze/flatDamageReduction",
    "value": 0.4,
    "file": "game:itemtypes/wearable/seraph/armor.json",
    "side": "Server"
  },
  {
    "op": "replace",
    "path": "/attributes/protectionModifiersByType/armor-*-chain-tinbronze/relativeProtection",
    "value": 0.67,
    "file": "game:itemtypes/wearable/seraph/armor.json",
    "side": "Server"
  },
  {
    "op": "replace",
    "path": "/attributes/protectionModifiersByType/armor-*-improvised-wood/relativeProtection",
    "value": 0.4,
    "file": "game:itemtypes/wearable/seraph/armor.json",
    "side": "Server"
  },
  {
    "op": "replace",
    "path": "/attributes/protectionModifiersByType/armor-*-jerkin-leather/flatDamageReduction",
    "value": 0.08,
    "file": "game:itemtypes/wearable/seraph/armor.json",
    "side": "Server"
  },
  {
    "op": "replace",
    "path": "/attributes/protectionModifiersByType/armor-*-jerkin-leather/relativeProtection",
    "value": 0.3,
    "file": "game:itemtypes/wearable/seraph/armor.json",
    "side": "Server"
  },
  {
    "op": "replace",
    "path": "/attributes/protectionModifiersByType/armor-*-lamellar-bismuthbronze/flatDamageReduction",
    "value": 0.19,
    "file": "game:itemtypes/wearable/seraph/armor.json",
    "side": "Server"
  },
  {
    "op": "replace",
    "path": "/attributes/protectionModifiersByType/armor-*-lamellar-bismuthbronze/relativeProtection",
    "value": 0.61,
    "file": "game:itemtypes/wearable/seraph/armor.json",
    "side": "Server"
  },
  {
    "op": "replace",
    "path": "/attributes/protectionModifiersByType/armor-*-lamellar-blackbronze/flatDamageReduction",
    "value": 0.21,
    "file": "game:itemtypes/wearable/seraph/armor.json",
    "side": "Server"
  },
  {
    "op": "replace",
    "path": "/attributes/protectionModifiersByType/armor-*-lamellar-blackbronze/relativeProtection",
    "value": 0.63,
    "file": "game:itemtypes/wearable/seraph/armor.json",
    "side": "Server"
  },
  {
    "op": "replace",
    "path": "/attributes/protectionModifiersByType/armor-*-lamellar-copper/flatDamageReduction",
    "value": 0.17,
    "file": "game:itemtypes/wearable/seraph/armor.json",
    "side": "Server"
  },
  {
    "op": "replace",
    "path": "/attributes/protectionModifiersByType/armor-*-lamellar-copper/relativeProtection",
    "value": 0.6,
    "file": "game:itemtypes/wearable/seraph/armor.json",
    "side": "Server"
  },
  {
    "op": "replace",
    "path": "/attributes/protectionModifiersByType/armor-*-lamellar-iron/flatDamageReduction",
    "value": 0.23,
    "file": "game:itemtypes/wearable/seraph/armor.json",
    "side": "Server"
  },
  {
    "op": "replace",
    "path": "/attributes/protectionModifiersByType/armor-*-lamellar-iron/relativeProtection",
    "value": 0.64,
    "file": "game:itemtypes/wearable/seraph/armor.json",
    "side": "Server"
  },
  {
    "op": "replace",
    "path": "/attributes/protectionModifiersByType/armor-*-lamellar-steel/flatDamageReduction",
    "value": 0.26,
    "file": "game:itemtypes/wearable/seraph/armor.json",
    "side": "Server"
  },
  {
    "op": "replace",
    "path": "/attributes/protectionModifiersByType/armor-*-lamellar-steel/protectionTier",
    "value": 3,
    "file": "game:itemtypes/wearable/seraph/armor.json",
    "side": "Server"
  },
  {
    "op": "replace",
    "path": "/attributes/protectionModifiersByType/armor-*-lamellar-steel/relativeProtection",
    "value": 0.7,
    "file": "game:itemtypes/wearable/seraph/armor.json",
    "side": "Server"
  },
  {
    "op": "replace",
    "path": "/attributes/protectionModifiersByType/armor-*-lamellar-tinbronze/flatDamageReduction",
    "value": 0.2,
    "file": "game:itemtypes/wearable/seraph/armor.json",
    "side": "Server"
  },
  {
    "op": "replace",
    "path": "/attributes/protectionModifiersByType/armor-*-lamellar-tinbronze/relativeProtection",
    "value": 0.62,
    "file": "game:itemtypes/wearable/seraph/armor.json",
    "side": "Server"
  },
  {
    "op": "replace",
    "path": "/attributes/protectionModifiersByType/armor-*-lamellar-wood/flatDamageReduction",
    "value": 0.17,
    "file": "game:itemtypes/wearable/seraph/armor.json",
    "side": "Server"
  },
  {
    "op": "replace",
    "path": "/attributes/protectionModifiersByType/armor-*-lamellar-wood/relativeProtection",
    "value": 0.5,
    "file": "game:itemtypes/wearable/seraph/armor.json",
    "side": "Server"
  },
  {
    "op": "replace",
    "path": "/attributes/protectionModifiersByType/armor-*-plate-bismuthbronze/flatDamageReduction",
    "value": 0.51,
    "file": "game:itemtypes/wearable/seraph/armor.json",
    "side": "Server"
  },
  {
    "op": "replace",
    "path": "/attributes/protectionModifiersByType/armor-*-plate-bismuthbronze/relativeProtection",
    "value": 0.78,
    "file": "game:itemtypes/wearable/seraph/armor.json",
    "side": "Server"
  },
  {
    "op": "replace",
    "path": "/attributes/protectionModifiersByType/armor-*-plate-blackbronze/flatDamageReduction",
    "value": 0.55,
    "file": "game:itemtypes/wearable/seraph/armor.json",
    "side": "Server"
  },
  {
    "op": "replace",
    "path": "/attributes/protectionModifiersByType/armor-*-plate-blackbronze/relativeProtection",
    "value": 0.79,
    "file": "game:itemtypes/wearable/seraph/armor.json",
    "side": "Server"
  },
  {
    "op": "replace",
    "path": "/attributes/protectionModifiersByType/armor-*-plate-copper/flatDamageReduction",
    "value": 0.5,
    "file": "game:itemtypes/wearable/seraph/armor.json",
    "side": "Server"
  },
  {
    "op": "replace",
    "path": "/attributes/protectionModifiersByType/armor-*-plate-copper/relativeProtection",
    "value": 0.75,
    "file": "game:itemtypes/wearable/seraph/armor.json",
    "side": "Server"
  },
  {
    "op": "replace",
    "path": "/attributes/protectionModifiersByType/armor-*-plate-gold/flatDamageReduction",
    "value": 0.5,
    "file": "game:itemtypes/wearable/seraph/armor.json",
    "side": "Server"
  },
  {
    "op": "replace",
    "path": "/attributes/protectionModifiersByType/armor-*-plate-gold/relativeProtection",
    "value": 0.75,
    "file": "game:itemtypes/wearable/seraph/armor.json",
    "side": "Server"
  },
  {
    "op": "replace",
    "path": "/attributes/protectionModifiersByType/armor-*-plate-iron/flatDamageReduction",
    "value": 0.56,
    "file": "game:itemtypes/wearable/seraph/armor.json",
    "side": "Server"
  },
  {
    "op": "replace",
    "path": "/attributes/protectionModifiersByType/armor-*-plate-iron/relativeProtection",
    "value": 0.8,
    "file": "game:itemtypes/wearable/seraph/armor.json",
    "side": "Server"
  },
  {
    "op": "replace",
    "path": "/attributes/protectionModifiersByType/armor-*-plate-meteoriciron/flatDamageReduction",
    "value": 0.57,
    "file": "game:itemtypes/wearable/seraph/armor.json",
    "side": "Server"
  },
  {
    "op": "replace",
    "path": "/attributes/protectionModifiersByType/armor-*-plate-meteoriciron/relativeProtection",
    "value": 0.802,
    "file": "game:itemtypes/wearable/seraph/armor.json",
    "side": "Server"
  },
  {
    "op": "replace",
    "path": "/attributes/protectionModifiersByType/armor-*-plate-silver/flatDamageReduction",
    "value": 0.5,
    "file": "game:itemtypes/wearable/seraph/armor.json",
    "side": "Server"
  },
  {
    "op": "replace",
    "path": "/attributes/protectionModifiersByType/armor-*-plate-silver/relativeProtection",
    "value": 0.77,
    "file": "game:itemtypes/wearable/seraph/armor.json",
    "side": "Server"
  },
  {
    "op": "replace",
    "path": "/attributes/protectionModifiersByType/armor-*-plate-steel/flatDamageReduction",
    "value": 0.6,
    "file": "game:itemtypes/wearable/seraph/armor.json",
    "side": "Server"
  },
  {
    "op": "replace",
    "path": "/attributes/protectionModifiersByType/armor-*-plate-steel/protectionTier",
    "value": 3,
    "file": "game:itemtypes/wearable/seraph/armor.json",
    "side": "Server"
  },
  {
    "op": "replace",
    "path": "/attributes/protectionModifiersByType/armor-*-plate-steel/relativeProtection",
    "value": 0.82,
    "file": "game:itemtypes/wearable/seraph/armor.json",
    "side": "Server"
  },
  {
    "op": "replace",
    "path": "/attributes/protectionModifiersByType/armor-*-plate-tinbronze/flatDamageReduction",
    "value": 0.53,
    "file": "game:itemtypes/wearable/seraph/armor.json",
    "side": "Server"
  },
  {
    "op": "replace",
    "path": "/attributes/protectionModifiersByType/armor-*-plate-tinbronze/relativeProtection",
    "value": 0.77,
    "file": "game:itemtypes/wearable/seraph/armor.json",
    "side": "Server"
  },
  {
    "op": "add",
    "path": "/attributes/protectionModifiersByType/armor-*-scale-bismuthbronze/highDamageTierResistant",
    "value": true,
    "file": "game:itemtypes/wearable/seraph/armor.json",
    "side": "Server"
  },
  {
    "op": "replace",
    "path": "/attributes/protectionModifiersByType/armor-*-scale-bismuthbronze/flatDamageReduction",
    "value": 0.43,
    "file": "game:itemtypes/wearable/seraph/armor.json",
    "side": "Server"
  },
  {
    "op": "replace",
    "path": "/attributes/protectionModifiersByType/armor-*-scale-bismuthbronze/relativeProtection",
    "value": 0.71,
    "file": "game:itemtypes/wearable/seraph/armor.json",
    "side": "Server"
  },
  {
    "op": "add",
    "path": "/attributes/protectionModifiersByType/armor-*-scale-blackbronze/highDamageTierResistant",
    "value": true,
    "file": "game:itemtypes/wearable/seraph/armor.json",
    "side": "Server"
  },
  {
    "op": "replace",
    "path": "/attributes/protectionModifiersByType/armor-*-scale-blackbronze/flatDamageReduction",
    "value": 0.46,
    "file": "game:itemtypes/wearable/seraph/armor.json",
    "side": "Server"
  },
  {
    "op": "replace",
    "path": "/attributes/protectionModifiersByType/armor-*-scale-blackbronze/relativeProtection",
    "value": 0.73,
    "file": "game:itemtypes/wearable/seraph/armor.json",
    "side": "Server"
  },
  {
    "op": "add",
    "path": "/attributes/protectionModifiersByType/armor-*-scale-copper/highDamageTierResistant",
    "value": true,
    "file": "game:itemtypes/wearable/seraph/armor.json",
    "side": "Server"
  },
  {
    "op": "replace",
    "path": "/attributes/protectionModifiersByType/armor-*-scale-copper/flatDamageReduction",
    "value": 0.43,
    "file": "game:itemtypes/wearable/seraph/armor.json",
    "side": "Server"
  },
  {
    "op": "replace",
    "path": "/attributes/protectionModifiersByType/armor-*-scale-copper/relativeProtection",
    "value": 0.7,
    "file": "game:itemtypes/wearable/seraph/armor.json",
    "side": "Server"
  },
  {
    "op": "add",
    "path": "/attributes/protectionModifiersByType/armor-*-scale-iron/highDamageTierResistant",
    "value": true,
    "file": "game:itemtypes/wearable/seraph/armor.json",
    "side": "Server"
  },
  {
    "op": "replace",
    "path": "/attributes/protectionModifiersByType/armor-*-scale-iron/flatDamageReduction",
    "value": 0.5,
    "file": "game:itemtypes/wearable/seraph/armor.json",
    "side": "Server"
  },
  {
    "op": "replace",
    "path": "/attributes/protectionModifiersByType/armor-*-scale-iron/relativeProtection",
    "value": 0.74,
    "file": "game:itemtypes/wearable/seraph/armor.json",
    "side": "Server"
  },
  {
    "op": "add",
    "path": "/attributes/protectionModifiersByType/armor-*-scale-meteoriciron/highDamageTierResistant",
    "value": true,
    "file": "game:itemtypes/wearable/seraph/armor.json",
    "side": "Server"
  },
  {
    "op": "replace",
    "path": "/attributes/protectionModifiersByType/armor-*-scale-meteoriciron/flatDamageReduction",
    "value": 0.51,
    "file": "game:itemtypes/wearable/seraph/armor.json",
    "side": "Server"
  },
  {
    "op": "replace",
    "path": "/attributes/protectionModifiersByType/armor-*-scale-meteoriciron/relativeProtection",
    "value": 0.745,
    "file": "game:itemtypes/wearable/seraph/armor.json",
    "side": "Server"
  },
  {
    "op": "add",
    "path": "/attributes/protectionModifiersByType/armor-*-scale-steel/highDamageTierResistant",
    "value": true,
    "file": "game:itemtypes/wearable/seraph/armor.json",
    "side": "Server"
  },
  {
    "op": "replace",
    "path": "/attributes/protectionModifiersByType/armor-*-scale-steel/flatDamageReduction",
    "value": 0.53,
    "file": "game:itemtypes/wearable/seraph/armor.json",
    "side": "Server"
  },
  {
    "op": "replace",
    "path": "/attributes/protectionModifiersByType/armor-*-scale-steel/protectionTier",
    "value": 3,
    "file": "game:itemtypes/wearable/seraph/armor.json",
    "side": "Server"
  },
  {
    "op": "replace",
    "path": "/attributes/protectionModifiersByType/armor-*-scale-steel/relativeProtection",
    "value": 0.78,
    "file": "game:itemtypes/wearable/seraph/armor.json",
    "side": "Server"
  },
  {
    "op": "add",
    "path": "/attributes/protectionModifiersByType/armor-*-scale-tinbronze/highDamageTierResistant",
    "value": true,
    "file": "game:itemtypes/wearable/seraph/armor.json",
    "side": "Server"
  },
  {
    "op": "replace",
    "path": "/attributes/protectionModifiersByType/armor-*-scale-tinbronze/flatDamageReduction",
    "value": 0.45,
    "file": "game:itemtypes/wearable/seraph/armor.json",
    "side": "Server"
  },
  {
    "op": "replace",
    "path": "/attributes/protectionModifiersByType/armor-*-scale-tinbronze/relativeProtection",
    "value": 0.72,
    "file": "game:itemtypes/wearable/seraph/armor.json",
    "side": "Server"
  },
  {
    "op": "replace",
    "path": "/attributes/protectionModifiersByType/armor-*-sewn-leather/flatDamageReduction",
    "value": 0.2,
    "file": "game:itemtypes/wearable/seraph/armor.json",
    "side": "Server"
  },
  {
    "op": "replace",
    "path": "/attributes/protectionModifiersByType/armor-*-sewn-leather/perTierFlatDamageReductionLoss/0",
    "value": 0.015,
    "file": "game:itemtypes/wearable/seraph/armor.json",
    "side": "Server"
  },
  {
    "op": "replace",
    "path": "/attributes/protectionModifiersByType/armor-*-sewn-leather/perTierFlatDamageReductionLoss/1",
    "value": 0.03,
    "file": "game:itemtypes/wearable/seraph/armor.json",
    "side": "Server"
  },
  {
    "op": "replace",
    "path": "/attributes/protectionModifiersByType/armor-*-sewn-leather/perTierRelativeProtectionLoss/0",
    "value": 0.005,
    "file": "game:itemtypes/wearable/seraph/armor.json",
    "side": "Server"
  },
  {
    "op": "replace",
    "path": "/attributes/protectionModifiersByType/armor-*-sewn-leather/perTierRelativeProtectionLoss/1",
    "value": 0.025,
    "file": "game:itemtypes/wearable/seraph/armor.json",
    "side": "Server"
  },
  {
    "op": "replace",
    "path": "/attributes/protectionModifiersByType/armor-*-sewn-leather/relativeProtection",
    "value": 0.5,
    "file": "game:itemtypes/wearable/seraph/armor.json",
    "side": "Server"
  },
  {
    "op": "replace",
    "path": "/attributes/protectionModifiersByType/armor-*-sewn-linen/flatDamageReduction",
    "value": 0.23,
    "file": "game:itemtypes/wearable/seraph/armor.json",
    "side": "Server"
  },
  {
    "op": "replace",
    "path": "/attributes/protectionModifiersByType/armor-*-sewn-linen/perTierFlatDamageReductionLoss/0",
    "value": 0.015,
    "file": "game:itemtypes/wearable/seraph/armor.json",
    "side": "Server"
  },
  {
    "op": "replace",
    "path": "/attributes/protectionModifiersByType/armor-*-sewn-linen/perTierFlatDamageReductionLoss/1",
    "value": 0.03,
    "file": "game:itemtypes/wearable/seraph/armor.json",
    "side": "Server"
  },
  {
    "op": "replace",
    "path": "/attributes/protectionModifiersByType/armor-*-sewn-linen/perTierRelativeProtectionLoss/0",
    "value": 0.005,
    "file": "game:itemtypes/wearable/seraph/armor.json",
    "side": "Server"
  },
  {
    "op": "replace",
    "path": "/attributes/protectionModifiersByType/armor-*-sewn-linen/perTierRelativeProtectionLoss/1",
    "value": 0.025,
    "file": "game:itemtypes/wearable/seraph/armor.json",
    "side": "Server"
  },
  {
    "op": "replace",
    "path": "/attributes/protectionModifiersByType/armor-*-sewn-linen/relativeProtection",
    "value": 0.55,
    "file": "game:itemtypes/wearable/seraph/armor.json",
    "side": "Server"
  },
  {
    "op": "replace",
    "path": "/attributes/protectionModifiersByType/armor-*-tailored-*-linen/flatDamageReduction",
    "value": 0.25,
    "file": "game:itemtypes/wearable/seraph/armor.json",
    "side": "Server"
  },
  {
    "op": "replace",
    "path": "/attributes/protectionModifiersByType/armor-*-tailored-*-linen/perTierFlatDamageReductionLoss/0",
    "value": 0.015,
    "file": "game:itemtypes/wearable/seraph/armor.json",
    "side": "Server"
  },
  {
    "op": "replace",
    "path": "/attributes/protectionModifiersByType/armor-*-tailored-*-linen/perTierFlatDamageReductionLoss/1",
    "value": 0.03,
    "file": "game:itemtypes/wearable/seraph/armor.json",
    "side": "Server"
  },
  {
    "op": "replace",
    "path": "/attributes/protectionModifiersByType/armor-*-tailored-*-linen/perTierRelativeProtectionLoss/0",
    "value": 0.005,
    "file": "game:itemtypes/wearable/seraph/armor.json",
    "side": "Server"
  },
  {
    "op": "replace",
    "path": "/attributes/protectionModifiersByType/armor-*-tailored-*-linen/perTierRelativeProtectionLoss/1",
    "value": 0.025,
    "file": "game:itemtypes/wearable/seraph/armor.json",
    "side": "Server"
  },
  {
    "op": "replace",
    "path": "/attributes/protectionModifiersByType/armor-*-tailored-*-linen/relativeProtection",
    "value": 0.6,
    "file": "game:itemtypes/wearable/seraph/armor.json",
    "side": "Server"
  }
]