{
	"code": "teaportion",
	"class": "ItemLiquidPortion",
	"matterState": "liquid",
	"variantgroups": [
		{
			"code": "type",
			"states": [
				"floral",
				"wild",
				"medicinal",
				"toxic"
			]
		},
		{
			"code": "state",
			"states": [
				"hot",
				"cold"
			]
		}
	],
	"attributes": {
		"handbook": {
			"ignoreCreativeInvStacks": true,
			"groupBy": [
				"teaportion-{type}-*"
			]
		},
		"hydrationByType": {
			"*-floral-hot": 1000,
			"*-wild-hot": 800,
			"*-medicinal-hot": 800,
			"*-toxic-hot": -600,
			"*-floral-cold": 750,
			"*-wild-cold": 600,
			"*-medicinal-cold": 600,
			"*-toxic-cold": -400
		},
		"waterTightContainerProps": {
			"containable": true,
			"itemsPerLitre": 100,
			"textureByType": {
				"*-floral-*": {
					"base": "game:block/liquid/honey",
					"alpha": 180
				},
				"*-wild-*": {
					"base": "game:block/liquid/dye/yellow",
					"alpha": 120
				},
				"*-medicinal-*": {
					"base": "game:block/liquid/dye/green",
					"alpha": 150
				},
				"*-toxic-*": {
					"base": "game:block/liquid/dilutedborax",
					"alpha": 200
				}
			},
			"allowSpill": true,
			"whenSpilled": {
				"action": "DropContents",
				"stack": {
					"type": "item",
					"code": "game:waterportion"
				}
			},
			"nutritionPropsPerLitre": {
				"satietybytype": {
					"*-floral-hot": 150,
					"*-wild-hot": 90,
					"*-floral-cold": 100,
					"*-wild-cold": 60,
					"*": 0
				},
				"healthbytype": {
					"*-medicinal-hot": 1.5,
					"*-toxic-hot": -12.0,
					"*-medicinal-cold": 1.0,
					"*-toxic-cold": -8.0,
					"*": 0
				},
				"foodcategorybytype": {
					"*-floral-*": "Fruit",
					"*-wild-*": "Vegetable",
					"*": "Vegetable"
				}
			}
		}
	},
	"transitionablePropsByType": {
		"*-hot": [
			{
				"type": "Perish",
				"freshHours": {
					"avg": 4
				},
				"transitionHours": {
					"avg": 0
				},
				"transitionedStack": {
					"type": "item",
					"code": "simpletea:teaportion-{type}-cold"
				},
				"transitionRatio": 1
			}
		],
		"*-cold": [
			{
				"type": "Perish",
				"freshHours": {
					"avg": 120
				},
				"transitionHours": {
					"avg": 48
				},
				"transitionedStack": {
					"type": "item",
					"code": "game:waterportion"
				},
				"transitionRatio": 0.005
			}
		]
	},
	"shape": {
		"base": "game:item/liquid"
	},
	"textureByType": {
		"*-floral-*": {
			"base": "game:block/liquid/honey",
			"alpha": 180
		},
		"*-wild-*": {
			"base": "game:block/liquid/dye/yellow",
			"alpha": 120
		},
		"*-medicinal-*": {
			"base": "game:block/liquid/dye/green",
			"alpha": 150
		},
		"*-toxic-*": {
			"base": "game:block/liquid/dilutedborax",
			"alpha": 200
		}
	},
	"creativeinventoryStacks": [
		{
			"tabs": [
				"general",
				"liquids"
			],
			"stacks": [
				{
					"type": "block",
					"code": "game:woodbucket",
					"attributes": {
						"ucontents": [
							{
								"type": "item",
								"code": "simpletea:teaportion-{type}-hot",
								"makefull": true
							}
						]
					}
				}
			]
		}
	],
	"maxstacksize": 5000,
	"materialDensity": 200,
	"guiTransform": {
		"translation": {
			"x": 0,
			"y": 1,
			"z": 0
		},
		"rotation": {
			"x": 123,
			"y": -33,
			"z": -13
		},
		"origin": {
			"x": 0.5,
			"y": 0,
			"z": 0.5
		},
		"scale": 1.4
	}
}