[
  {
    "op": "remove",
    "path": "/deadHitboxSize",
    "file": "game:entities/lore/drifter.json",
    "side": "Server"
  },
  {
    "op": "remove",
    "path": "/attributes/alternativeCollisionBox",
    "file": "game:entities/lore/drifter.json",
    "side": "Server"
  },
  {
    "op": "remove",
    "path": "/eyeHeight",
    "file": "game:entities/lore/drifter.json",
    "side": "Server"
  },
  {
    "op": "remove",
    "path": "/hitboxSize",
    "file": "game:entities/lore/drifter.json",
    "side": "Server"
  },
  {
    "op": "add",
    "path": "/deadHitboxSizeByType",
    "value": {
      "drifter-normal": {
        "x": 0.6,
        "y": 1.3
      },
      "drifter-deep": {
        "x": 0.9,
        "y": 1.5
      },
      "drifter-tainted": {
        "x": 0.9,
        "y": 2.6
      },
      "drifter-nightmare": {
        "x": 0.9,
        "y": 2
      },
      "drifter-corrupt": {
        "x": 0.9,
        "y": 2
      },
      "drifter-double-headed": {
        "x": 0.9,
        "y": 2.2
      }
    },
    "file": "game:entities/lore/drifter.json",
    "side": "Server"
  },
  {
    "op": "add",
    "path": "/EyeHeightByType",
    "value": {
      "drifter-normal": 0.8,
      "drifter-deep": 1,
      "drifter-tainted": 1.8,
      "drifter-corrupt": 1.8,
      "drifter-nightmare": 1.8,
      "drifter-double-headed": 1.8
    },
    "file": "game:entities/lore/drifter.json",
    "side": "Server"
  },
  {
    "op": "add",
    "path": "/hitboxSizeByType",
    "value": {
      "drifter-normal": {
        "x": 0.6,
        "y": 1.3
      },
      "drifter-deep": {
        "x": 0.9,
        "y": 1.5
      },
      "drifter-tainted": {
        "x": 0.9,
        "y": 1.6
      },
      "drifter-nightmare": {
        "x": 0.9,
        "y": 2
      },
      "drifter-corrupt": {
        "x": 1,
        "y": 2
      },
      "drifter-double-headed": {
        "x": 1,
        "y": 1.5
      }
    },
    "file": "game:entities/lore/drifter.json",
    "side": "Server"
  },
  {
    "op": "add",
    "path": "/attributes/alternativeCollisionBoxByType",
    "value": {
      "drifter-normal": [ 0.9, 0.6 ],
      "drifter-deep": [ 1.4, 1 ],
      "drifter-tainted": [ 1.6, 1 ],
      "drifter-nightmare": [ 1.5, 1.1 ],
      "drifter-corrupt": [ 1.6, 1.5 ],
      "drifter-double-headed": [ 1.6, 1.2 ]
    },
    "file": "game:entities/lore/drifter.json",
    "side": "Server"
  },
  {
    "op": "replace",
    "path": "/client/animations/9/animation",
    "value": "crawlwalk",
    "file": "game:entities/lore/drifter.json",
    "side": "Server"
  },
  {
    "op": "replace",
    "path": "/client/shapeByType/*-normal/base",
    "value": "darcesdrifters:entity/lore/drifter/surface",
    "file": "game:entities/lore/drifter.json",
    "side": "Server"
  },
  {
    "op": "replace",
    "path": "/client/shapeByType/*-corrupt/base",
    "value": "darcesdrifters:entity/lore/drifter/deerhorn1",
    "file": "game:entities/lore/drifter.json",
    "side": "Server"
  },
  {
    "op": "replace",
    "path": "/client/shapeByType/*-deep/base",
    "value": "darcesdrifters:entity/lore/drifter/deep",
    "file": "game:entities/lore/drifter.json",
    "side": "Server"
  },
  {
    "op": "replace",
    "path": "/client/shapeByType/*-double-headed/base",
    "value": "darcesdrifters:entity/lore/drifter/double-headed",
    "file": "game:entities/lore/drifter.json",
    "side": "Server"
  },
  {
    "op": "replace",
    "path": "/client/shapeByType/*-nightmare/base",
    "value": "darcesdrifters:entity/lore/drifter/knife",
    "file": "game:entities/lore/drifter.json",
    "side": "Server"
  },
  {
    "op": "replace",
    "path": "/client/shapeByType/*-tainted/alternates/0/base",
    "value": "darcesdrifters:entity/lore/drifter/spiked2",
    "file": "game:entities/lore/drifter.json",
    "side": "Server"
  },
  {
    "op": "replace",
    "path": "/client/shapeByType/*-tainted/base",
    "value": "darcesdrifters:entity/lore/drifter/spiked1",
    "file": "game:entities/lore/drifter.json",
    "side": "Server"
  },
  {
    "op": "add",
    "path": "/client/texturesByType/*-corrupt",
    "value": {
      "skin": {
        "base": "darcesdrifters:entity/drifter/deerhorn"
      }
    },
    "file": "game:entities/lore/drifter.json",
    "side": "Server"
  },
  {
    "op": "add",
    "path": "/client/texturesByType/*-nightmare",
    "value": {
      "skin": {
        "base": "darcesdrifters:entity/drifter/nightmare"
      }
    },
    "file": "game:entities/lore/drifter.json",
    "side": "Server"
  },
  {
    "op": "add",
    "path": "/client/texturesByType/*-tainted",
    "value": {
      "skin": {
        "base": "darcesdrifters:entity/drifter/tainted", alternates: [ { base: "darcesdrifters:entity/drifter/tainted2" }]
      }
    },
    "file": "game:entities/lore/drifter.json",
    "side": "Server"
  },
  {
    "op": "add",
    "path": "/client/texturesByType/*-double-headed",
    "value": {
      "skin": {
        "base": "darcesdrifters:entity/drifter/double"
      }
    },
    "file": "game:entities/lore/drifter.json",
    "side": "Server"
  },
  {
    "op": "replace",
    "path": "/client/texturesByType/*-deep/skin/alternates/0/base",
    "value": "darcesdrifters:entity/drifter/deep2",
    "file": "game:entities/lore/drifter.json",
    "side": "Server"
  },
  {
    "op": "replace",
    "path": "/client/texturesByType/*-deep/skin/base",
    "value": "darcesdrifters:entity/drifter/deep1",
    "file": "game:entities/lore/drifter.json",
    "side": "Server"
  },
  {
    "op": "replace",
    "path": "/client/texturesByType/*-normal/skin/alternates/0/base",
    "value": "darcesdrifters:entity/drifter/surface2",
    "file": "game:entities/lore/drifter.json",
    "side": "Server"
  },
  {
    "op": "replace",
    "path": "/client/texturesByType/*-normal/skin/alternates/1/base",
    "value": "darcesdrifters:entity/drifter/surface3",
    "file": "game:entities/lore/drifter.json",
    "side": "Server"
  },
  {
    "op": "replace",
    "path": "/client/texturesByType/*-normal/skin/base",
    "value": "darcesdrifters:entity/drifter/surface1",
    "file": "game:entities/lore/drifter.json",
    "side": "Server"
  }
]