[
  {
    "op": "add",
    "path": "/animations/-",
    "value": {
      "name": "HP-SitSpinning",
      "code": "hp-sitspinning",
      "quantityframes": 61,
      "onActivityStopped": "EaseOut",
      "onAnimationEnd": "Repeat",
      "keyframes": [
        {
          "frame": 0,
          "elements": {
            "LowerTorso": { "offsetX": 6.2, "offsetY": -4.0, "offsetZ": 0.0 },
            "UpperTorso": { "rotationX": 0.0, "rotationY": 0.0, "rotationZ": 12.0 },
            "UpperArmR": { "offsetX": 1.0, "offsetY": 0.0, "offsetZ": 0.0, "rotationX": 0.0, "rotationY": -22.5, "rotationZ": -34.0 },
            "LowerArmR": { "offsetX": 0.0, "offsetY": 0.2, "offsetZ": 0.3, "rotationX": -33.0, "rotationY": 11.0, "rotationZ": -50.0 },
            "UpperArmL": { "offsetX": 1.0, "offsetY": 0.0, "offsetZ": 0.0, "rotationX": 0.0, "rotationY": 22.5, "rotationZ": -55.0 },
            "LowerArmL": { "offsetX": 0.0, "offsetY": 0.5, "offsetZ": 0.0, "rotationX": 43.13, "rotationY": 2.34, "rotationZ": -33.0 },
            "Head": { "offsetX": 0.0, "offsetY": 0.0, "offsetZ": 0.0, "rotationX": 0.0, "rotationY": 22.5, "rotationZ": 0.0 },
            "UpperFootL": { "rotationX": 0.0, "rotationY": 8.0, "rotationZ": -85.0 },
            "LowerFootL": { "offsetX": 0.0, "offsetY": 1.5, "offsetZ": 0.0, "rotationX": 0.0, "rotationY": 0.0, "rotationZ": 84.0 },
            "UpperFootR": { "rotationX": 0.0, "rotationY": -11.0, "rotationZ": -86.0 },
            "LowerFootR": { "offsetX": 0.0, "offsetY": 1.5, "offsetZ": 0.0, "rotationX": 0.0, "rotationY": 0.0, "rotationZ": 78.0 }
          }
        },
        {
          "frame": 18,
          "elements": {
            "Head": { "rotationX": 0.61, "rotationY": 19.85, "rotationZ": 5.0 }
          }
        },
        {
          "frame": 19,
          "elements": {
            "UpperArmL": { "rotationX": -10.1, "rotationY": 24.55, "rotationZ": -35.93 },
            "LowerArmL": { "rotationX": 41.34, "rotationY": 4.75, "rotationZ": -47.35 }
          }
        },
        {
          "frame": 25,
          "elements": {
            "LowerFootL": { "rotationX": 0.0, "rotationY": 0.0, "rotationZ": 82.0 }
          }
        },
        {
          "frame": 30,
          "elements": {
            "UpperTorso": { "rotationX": 0.0, "rotationY": 0.0, "rotationZ": 11.0 },
            "UpperArmR": { "rotationX": 1.96, "rotationY": -17.85, "rotationZ": -28.32 },
            "LowerFootR": { "offsetX": 0.0, "offsetY": 1.1, "offsetZ": 0.0, "rotationX": 0.0, "rotationY": 0.0, "rotationZ": 42.0 },
            "UpperFootR": { "rotationX": 0.0, "rotationY": -11.0, "rotationZ": -61.0 },
            "LowerArmR": { "rotationX": -45.0, "rotationY": 0.0, "rotationZ": -36.5 }
          }
        },
        {
          "frame": 40,
          "elements": {
            "Head": { "rotationX": 0.97, "rotationY": 18.32, "rotationZ": 3.95 }
          }
        },
        {
          "frame": 49,
          "elements": {
            "LowerFootL": { "rotationX": 0.0, "rotationY": 0.0, "rotationZ": 84.0 }
          }
        }
      ]
    },
    "file": "game:shapes/entity/humanoid/seraph-faceless.json"
  },
  {
    "op": "add",
    "path": "/animations/-",
    "value": {
      "name": "Holding spindle with both hands",
      "code": "holdbothhandsspindle",
      "quantityframes": 60,
      "onActivityStopped": "EaseOut",
      "onAnimationEnd": "Repeat",
      "keyframes": [
        {
          "frame": 0,
          "elements": {
            "UpperArmR": {
              "offsetX": 0.0,
              "offsetY": -0.4,
              "offsetZ": 0.4,
              "rotationX": 6.0,
              "rotationY": 0.0,
              "rotationZ": -20.0
            },
            "LowerArmR": {
              "offsetX": 0.4,
              "offsetY": 0.6,
              "offsetZ": 0.0,
              "rotationX": -45.0,
              "rotationY": 23.0,
              "rotationZ": -52.0
            },
            "UpperArmL": {
              "offsetX": 0.0,
              "offsetY": -0.4,
              "offsetZ": -0.2,
              "rotationX": -4.0,
              "rotationY": 0.0,
              "rotationZ": -20.0
            },
            "LowerArmL": {
              "offsetX": 0.4,
              "offsetY": 0.6,
              "offsetZ": 0.0,
              "rotationX": 30.0,
              "rotationY": -16.0,
              "rotationZ": -60.0
            },
            "ItemAnchorL": {
              "offsetX": 0.0,
              "offsetY": 0.0,
              "offsetZ": -2.0,
              "rotationX": -45.0,
              "rotationY": -17.0,
              "rotationZ": 0.0
            },
            "Neck": {
              "rotationX": 0.0,
              "rotationY": 0.0,
              "rotationZ": 11.0
            },
            "Head": {
              "rotationX": 0.0,
              "rotationY": 0.0,
              "rotationZ": 14.0
            }
          }
        }
      ]
    },
    "file": "game:shapes/entity/humanoid/seraph-faceless.json"
  },
  {
    "op": "add",
    "path": "/animations/-",
    "value": {
      "name": "Holding spindle with both hands-fp",
      "code": "holdbothhandsspindle-fp",
      "quantityframes": 60,
      "onActivityStopped": "EaseOut",
      "onAnimationEnd": "Repeat",
      "keyframes": [
        {
          "frame": 0,
          "elements": {
            "UpperArmR": {
              "offsetX": 0.0,
              "offsetY": -1.0,
              "offsetZ": 0.4,
              "rotationX": 6.0,
              "rotationY": 21.0,
              "rotationZ": -35.0
            },
            "LowerArmR": {
              "offsetX": -0.1,
              "offsetY": 1.3,
              "offsetZ": 0.0,
              "rotationX": 6.0,
              "rotationY": 0.0,
              "rotationZ": -74.0
            },
            "UpperArmL": {
              "offsetX": 0.0,
              "offsetY": -1.0,
              "offsetZ": -0.2,
              "rotationX": -4.0,
              "rotationY": -19.0,
              "rotationZ": -35.0
            },
            "LowerArmL": {
              "offsetX": -0.2,
              "offsetY": 1.4,
              "offsetZ": 0.0,
              "rotationX": -6.0,
              "rotationY": 0.0,
              "rotationZ": -71.0
            },
            "ItemAnchorL": {
              "offsetX": 0.0,
              "offsetY": -0.2,
              "offsetZ": -1.7,
              "rotationX": -45.0,
              "rotationY": 0.0,
              "rotationZ": 0.0
            },
            "ItemAnchor": {
              "offsetX": -0.5,
              "offsetY": 0.0,
              "offsetZ": 0.7,
              "rotationX": 23.0,
              "rotationY": -25.0,
              "rotationZ": 18.0
            },
            "Head": {
              "rotationX": 0.0,
              "rotationY": 0.0,
              "rotationZ": 14.0
            },
            "Neck": {
              "rotationX": 0.0,
              "rotationY": 0.0,
              "rotationZ": 11.0
            }
          }
        }
      ]
    },
    "file": "game:shapes/entity/humanoid/seraph-faceless.json"
  },
  {
    "op": "add",
    "path": "/animations/-",
    "value": {
      "name": "Holding spindle with both hands idle",
      "code": "holdbothhandsspindleidle",
      "quantityframes": 60,
      "onActivityStopped": "EaseOut",
      "onAnimationEnd": "Repeat",
      "keyframes": [
        {
          "frame": 0,
          "elements": {
            "UpperArmR": {
              "offsetX": 0.0,
              "offsetY": -0.4,
              "offsetZ": 0.4,
              "rotationX": 6.0,
              "rotationY": 0.0,
              "rotationZ": -20.0
            },
            "LowerArmR": {
              "offsetX": 0.4,
              "offsetY": 0.6,
              "offsetZ": 0.0,
              "rotationX": -45.0,
              "rotationY": 23.0,
              "rotationZ": -52.0
            },
            "UpperArmL": {
              "offsetX": 0.0,
              "offsetY": -0.4,
              "offsetZ": -0.2,
              "rotationX": -4.0,
              "rotationY": 0.0,
              "rotationZ": -20.0
            },
            "LowerArmL": {
              "offsetX": 0.4,
              "offsetY": 0.6,
              "offsetZ": 0.0,
              "rotationX": 30.0,
              "rotationY": -16.0,
              "rotationZ": -60.0
            },
            "ItemAnchorL": {
              "offsetX": 0.0,
              "offsetY": 0.0,
              "offsetZ": -2.0,
              "rotationX": -45.0,
              "rotationY": -17.0,
              "rotationZ": 0.0
            },
            "Neck": {
              "rotationX": 0.0,
              "rotationY": 0.0,
              "rotationZ": 11.0
            },
            "Head": {
              "rotationX": 0.0,
              "rotationY": 0.0,
              "rotationZ": 14.0
            }
          }
        }
      ]
    },
    "file": "game:shapes/entity/humanoid/seraph-faceless.json"
  }
]