﻿[
  {
    "op": "addmerge",
    "path": "/attributesByType",
    "value": {},
    "file": "wool:itemtypes/resource/twine.json",
    "side": "Server",
    "dependsOn": [ { "modid": "tailorsdelight" }, { "modid": "wool" } ]
  },
  {
    "op": "add",
    "path": "/attributesByType/twine-wool-red",
    "value": {
      "spinningProps": {
        "outputType": "tailorsdelight:twine-red",
        "outputQuantity": 2,
        "inputQuantity": 2,
        "spinTime": 4
      }
    },
    "file": "wool:itemtypes/resource/twine.json",
    "side": "Server",
    "dependsOn": [ { "modid": "tailorsdelight" }, { "modid": "wool" } ]
  },
  {
    "op": "add",
    "path": "/attributesByType/twine-wool-blue",
    "value": {
      "spinningProps": {
        "outputType": "tailorsdelight:twine-blue",
        "outputQuantity": 2,
        "inputQuantity": 2,
        "spinTime": 4
      }
    },
    "file": "wool:itemtypes/resource/twine.json",
    "side": "Server",
    "dependsOn": [ { "modid": "tailorsdelight" }, { "modid": "wool" } ]
  },
  {
    "op": "add",
    "path": "/attributesByType/twine-wool-gray",
    "value": {
      "spinningProps": {
        "outputType": "tailorsdelight:twine-gray",
        "outputQuantity": 2,
        "inputQuantity": 2,
        "spinTime": 4
      }
    },
    "file": "wool:itemtypes/resource/twine.json",
    "side": "Server",
    "dependsOn": [ { "modid": "tailorsdelight" }, { "modid": "wool" } ]
  },
  {
    "op": "add",
    "path": "/attributesByType/twine-wool-pink",
    "value": {
      "spinningProps": {
        "outputType": "tailorsdelight:twine-pink",
        "outputQuantity": 2,
        "inputQuantity": 2,
        "spinTime": 4
      }
    },
    "file": "wool:itemtypes/resource/twine.json",
    "side": "Server",
    "dependsOn": [ { "modid": "tailorsdelight" }, { "modid": "wool" } ]
  },
  {
    "op": "add",
    "path": "/attributesByType/twine-wool-black",
    "value": {
      "spinningProps": {
        "outputType": "tailorsdelight:twine-black",
        "outputQuantity": 2,
        "inputQuantity": 2,
        "spinTime": 4
      }
    },
    "file": "wool:itemtypes/resource/twine.json",
    "side": "Server",
    "dependsOn": [ { "modid": "tailorsdelight" }, { "modid": "wool" } ]
  },
  {
    "op": "add",
    "path": "/attributesByType/twine-wool-brown",
    "value": {
      "spinningProps": {
        "outputType": "tailorsdelight:twine-brown",
        "outputQuantity": 2,
        "inputQuantity": 2,
        "spinTime": 4
      }
    },
    "file": "wool:itemtypes/resource/twine.json",
    "side": "Server",
    "dependsOn": [ { "modid": "tailorsdelight" }, { "modid": "wool" } ]
  },
  {
    "op": "add",
    "path": "/attributesByType/twine-wool-green",
    "value": {
      "spinningProps": {
        "outputType": "tailorsdelight:twine-green",
        "outputQuantity": 2,
        "inputQuantity": 2,
        "spinTime": 4
      }
    },
    "file": "wool:itemtypes/resource/twine.json",
    "side": "Server",
    "dependsOn": [ { "modid": "tailorsdelight" }, { "modid": "wool" } ]
  },
  {
    "op": "add",
    "path": "/attributesByType/twine-wool-white",
    "value": {
      "spinningProps": {
        "outputType": "tailorsdelight:twine-white",
        "outputQuantity": 2,
        "inputQuantity": 2,
        "spinTime": 4
      }
    },
    "file": "wool:itemtypes/resource/twine.json",
    "side": "Server",
    "dependsOn": [ { "modid": "tailorsdelight" }, { "modid": "wool" } ]
  },
  {
    "op": "add",
    "path": "/attributesByType/twine-wool-orange",
    "value": {
      "spinningProps": {
        "outputType": "tailorsdelight:twine-orange",
        "outputQuantity": 2,
        "inputQuantity": 2,
        "spinTime": 4
      }
    },
    "file": "wool:itemtypes/resource/twine.json",
    "side": "Server",
    "dependsOn": [ { "modid": "tailorsdelight" }, { "modid": "wool" } ]
  },
  {
    "op": "add",
    "path": "/attributesByType/twine-wool-purple",
    "value": {
      "spinningProps": {
        "outputType": "tailorsdelight:twine-purple",
        "outputQuantity": 2,
        "inputQuantity": 2,
        "spinTime": 4
      }
    },
    "file": "wool:itemtypes/resource/twine.json",
    "side": "Server",
    "dependsOn": [ { "modid": "tailorsdelight" }, { "modid": "wool" } ]
  },
  {
    "op": "add",
    "path": "/attributesByType/twine-wool-yellow",
    "value": {
      "spinningProps": {
        "outputType": "tailorsdelight:twine-yellow",
        "outputQuantity": 2,
        "inputQuantity": 2,
        "spinTime": 4
      }
    },
    "file": "wool:itemtypes/resource/twine.json",
    "side": "Server",
    "dependsOn": [ { "modid": "tailorsdelight" }, { "modid": "wool" } ]
  },
  {
    "op": "add",
    "path": "/attributesByType/twine-wool-darkblue",
    "value": {
      "spinningProps": {
        "outputType": "tailorsdelight:twine-darkblue",
        "outputQuantity": 2,
        "inputQuantity": 2,
        "spinTime": 4
      }
    },
    "file": "wool:itemtypes/resource/twine.json",
    "side": "Server",
    "dependsOn": [ { "modid": "tailorsdelight" }, { "modid": "wool" } ]
  },
  {
    "op": "add",
    "path": "/attributesByType/twine-wool-darkbrown",
    "value": {
      "spinningProps": {
        "outputType": "tailorsdelight:twine-darkbrown",
        "outputQuantity": 2,
        "inputQuantity": 2,
        "spinTime": 4
      }
    },
    "file": "wool:itemtypes/resource/twine.json",
    "side": "Server",
    "dependsOn": [ { "modid": "tailorsdelight" }, { "modid": "wool" } ]
  },
  {
    "op": "add",
    "path": "/attributesByType/twine-wool-darkgreen",
    "value": {
      "spinningProps": {
        "outputType": "tailorsdelight:twine-darkgreen",
        "outputQuantity": 2,
        "inputQuantity": 2,
        "spinTime": 4
      }
    },
    "file": "wool:itemtypes/resource/twine.json",
    "side": "Server",
    "dependsOn": [ { "modid": "tailorsdelight" }, { "modid": "wool" } ]
  },
  {
    "op": "add",
    "path": "/attributesByType/twine-wool-darkred",
    "value": {
      "spinningProps": {
        "outputType": "tailorsdelight:twine-darkred",
        "outputQuantity": 2,
        "inputQuantity": 2,
        "spinTime": 4
      }
    },
    "file": "wool:itemtypes/resource/twine.json",
    "side": "Server",
    "dependsOn": [ { "modid": "tailorsdelight" }, { "modid": "wool" } ]
  }
]