{
	"editor": {
		"allAngles": false,
		"entityTextureMode": false
	},
	"textureWidth": 16,
	"textureHeight": 16,
	"textureSizes": {
	},
	"textures": {
		"black": "block/leather/black",
		"steel": "block/metal/sheet/steel1",
		"rusty-iron": "block/metal/tarnished/rusty-iron"
	},
	"elements": [
		{
			"name": "beltwheel-small",
			"from": [ 7.0, 12.2, 23.0 ],
			"to": [ 7.0, 12.2, 23.0 ],
			"rotationOrigin": [ 8.0, 12.2, 24.0 ],
			"faces": {
				"north": { "texture": "#steel", "uv": [ 0.0, 0.0, 0.5, 0.5 ] },
				"east": { "texture": "#steel", "uv": [ 0.0, 0.0, 0.5, 0.5 ] },
				"south": { "texture": "#steel", "uv": [ 0.0, 0.0, 0.5, 0.5 ] },
				"west": { "texture": "#steel", "uv": [ 0.0, 0.0, 0.5, 0.5 ] },
				"up": { "texture": "#steel", "uv": [ 0.0, 0.0, 0.5, 0.5 ] },
				"down": { "texture": "#steel", "uv": [ 0.0, 0.0, 0.5, 0.5 ] }
			},
			"children": [
				{
					"name": "Spoke12a",
					"from": [ -0.7, -0.175, 0.54 ],
					"to": [ 2.7, 1.125, 1.46 ],
					"rotationOrigin": [ 1.0, -0.2, 1.0 ],
					"rotationY": 15.0,
					"faces": {
						"north": { "texture": "#rusty-iron", "uv": [ 1.5, 12.5, 4.5, 13.5 ] },
						"east": { "texture": "#rusty-iron", "uv": [ 12.5, 13.5, 13.0, 14.5 ] },
						"south": { "texture": "#rusty-iron", "uv": [ 5.5, 14.0, 8.5, 15.0 ] },
						"west": { "texture": "#rusty-iron", "uv": [ 12.0, 11.5, 12.5, 12.5 ] },
						"up": { "texture": "#rusty-iron", "uv": [ 6.0, 7.5, 9.0, 8.0 ] },
						"down": { "texture": "#rusty-iron", "uv": [ 2.0, 5.5, 5.0, 6.0 ] }
					},
					"children": [
						{
							"name": "Spoke12b",
							"from": [ 0.0, 0.005, 0.0 ],
							"to": [ 3.4, 1.205, 0.92 ],
							"rotationOrigin": [ 1.7, -0.025, 0.46 ],
							"rotationY": 30.0,
							"faces": {
								"north": { "texture": "#rusty-iron", "uv": [ 5.5, 7.5, 8.5, 8.5 ] },
								"east": { "texture": "#black", "uv": [ 12.5, 10.5, 13.0, 11.5 ] },
								"south": { "texture": "#rusty-iron", "uv": [ 9.0, 11.0, 12.0, 12.0 ] },
								"west": { "texture": "#black", "uv": [ 9.5, 0.0, 10.0, 1.0 ] },
								"up": { "texture": "#rusty-iron", "uv": [ 4.5, 8.0, 7.5, 8.5 ] },
								"down": { "texture": "#rusty-iron", "uv": [ 5.5, 8.5, 8.5, 9.0 ] }
							}
						},
						{
							"name": "Spoke12c",
							"from": [ 0.0, 0.0, 0.0 ],
							"to": [ 3.4, 1.2, 0.92 ],
							"rotationOrigin": [ 1.7, -0.025, 0.46 ],
							"rotationY": 60.0,
							"faces": {
								"north": { "texture": "#rusty-iron", "uv": [ 3.0, 14.0, 6.0, 15.0 ] },
								"east": { "texture": "#black", "uv": [ 8.5, 9.5, 9.0, 10.5 ] },
								"south": { "texture": "#rusty-iron", "uv": [ 2.5, 7.5, 5.5, 8.5 ] },
								"west": { "texture": "#black", "uv": [ 11.0, 0.0, 11.5, 1.0 ] },
								"up": { "texture": "#rusty-iron", "uv": [ 4.0, 7.5, 7.0, 8.0 ] },
								"down": { "texture": "#rusty-iron", "uv": [ 7.0, 1.5, 10.0, 2.0 ] }
							}
						},
						{
							"name": "Spoke12d",
							"from": [ 0.0, 0.005, 0.0 ],
							"to": [ 3.4, 1.205, 0.92 ],
							"rotationOrigin": [ 1.7, -0.025, 0.46 ],
							"rotationY": 90.0,
							"faces": {
								"north": { "texture": "#rusty-iron", "uv": [ 2.5, 3.5, 5.5, 4.5 ] },
								"east": { "texture": "#black", "uv": [ 1.5, 14.0, 2.0, 15.0 ] },
								"south": { "texture": "#rusty-iron", "uv": [ 4.0, 9.5, 7.0, 10.5 ] },
								"west": { "texture": "#black", "uv": [ 4.0, 0.0, 4.5, 1.0 ] },
								"up": { "texture": "#rusty-iron", "uv": [ 3.5, 10.0, 6.5, 10.5 ] },
								"down": { "texture": "#rusty-iron", "uv": [ 6.5, 10.0, 9.5, 10.5 ] }
							}
						},
						{
							"name": "Spoke12e",
							"from": [ 0.0, 0.0, 0.0 ],
							"to": [ 3.4, 1.2, 0.92 ],
							"rotationOrigin": [ 1.7, -0.025, 0.46 ],
							"rotationY": 120.0,
							"faces": {
								"north": { "texture": "#rusty-iron", "uv": [ 5.0, 1.0, 8.0, 2.0 ] },
								"east": { "texture": "#black", "uv": [ 4.5, 9.5, 5.0, 10.5 ] },
								"south": { "texture": "#rusty-iron", "uv": [ 3.0, 10.0, 6.0, 11.0 ] },
								"west": { "texture": "#black", "uv": [ 8.0, 11.0, 8.5, 12.0 ] },
								"up": { "texture": "#rusty-iron", "uv": [ 3.5, 9.5, 6.5, 10.0 ] },
								"down": { "texture": "#rusty-iron", "uv": [ 0.5, 7.0, 3.5, 7.5 ] }
							}
						},
						{
							"name": "Spoke12f",
							"from": [ 0.0, 0.005, 0.0 ],
							"to": [ 3.4, 1.205, 0.92 ],
							"rotationOrigin": [ 1.7, -0.025, 0.46 ],
							"rotationY": 150.0,
							"faces": {
								"north": { "texture": "#rusty-iron", "uv": [ 7.0, 11.5, 10.0, 12.5 ] },
								"east": { "texture": "#black", "uv": [ 9.5, 13.5, 10.0, 14.5 ] },
								"south": { "texture": "#rusty-iron", "uv": [ 4.0, 4.0, 7.0, 5.0 ] },
								"west": { "texture": "#black", "uv": [ 12.0, 5.5, 12.5, 6.5 ] },
								"up": { "texture": "#rusty-iron", "uv": [ 8.0, 1.5, 11.0, 2.0 ] },
								"down": { "texture": "#rusty-iron", "uv": [ 1.5, 8.0, 4.5, 8.5 ] }
							}
						}
					]
				}
			]
		},
		{
			"name": "belts",
			"from": [ 8.0, 12.0, 8.0 ],
			"to": [ 8.0, 12.0, 8.0 ],
			"rotationOrigin": [ 8.0, 11.0, 8.0 ],
			"faces": {
				"north": { "texture": "#steel", "uv": [ 0.0, 0.0, 0.5, 0.5 ] },
				"east": { "texture": "#steel", "uv": [ 0.0, 0.0, 0.5, 0.5 ] },
				"south": { "texture": "#steel", "uv": [ 0.0, 0.0, 0.5, 0.5 ] },
				"west": { "texture": "#steel", "uv": [ 0.0, 0.0, 0.5, 0.5 ] },
				"up": { "texture": "#steel", "uv": [ 0.0, 0.0, 0.5, 0.5 ] },
				"down": { "texture": "#steel", "uv": [ 0.0, 0.0, 0.5, 0.5 ] }
			},
			"children": [
				{
					"name": "Cube54",
					"from": [ -1.2, 0.0, 0.8 ],
					"to": [ -0.9, 1.0, 15.3 ],
					"rotationOrigin": [ -1.2, 0.0, 15.3 ],
					"rotationY": 25.0,
					"faces": {
						"north": { "texture": "#black", "uv": [ 5.0, 3.0, 5.5, 4.0 ] },
						"east": { "texture": "#black", "uv": [ 0.5, 2.5, 15.0, 3.5 ] },
						"south": { "texture": "#black", "uv": [ 2.5, 3.0, 3.0, 4.0 ] },
						"west": { "texture": "#black", "uv": [ 0.0, 0.0, 14.5, 1.0 ] },
						"up": { "texture": "#black", "uv": [ 4.0, 0.5, 4.5, 15.0 ] },
						"down": { "texture": "#black", "uv": [ 6.5, 0.5, 7.0, 15.0 ] }
					}
				},
				{
					"name": "Cube66",
					"from": [ 0.6, 0.0, 0.8 ],
					"to": [ 0.9, 1.0, 15.3 ],
					"rotationOrigin": [ 0.9, 0.0, 15.8 ],
					"rotationY": -25.0,
					"faces": {
						"north": { "texture": "#black", "uv": [ 4.5, 4.0, 5.0, 5.0 ] },
						"east": { "texture": "#black", "uv": [ 0.0, 3.0, 14.5, 4.0 ] },
						"south": { "texture": "#black", "uv": [ 6.5, 4.0, 7.0, 5.0 ] },
						"west": { "texture": "#black", "uv": [ 1.0, 2.5, 15.5, 3.5 ] },
						"up": { "texture": "#black", "uv": [ 5.0, 1.0, 5.5, 15.5 ] },
						"down": { "texture": "#black", "uv": [ 4.0, 0.5, 4.5, 15.0 ] }
					}
				}
			]
		}
	],
	"animations": [
		{
			"name": "Rotate",
			"code": "rotate",
			"quantityframes": 120,
			"onActivityStopped": "EaseOut",
			"onAnimationEnd": "Stop",
			"keyframes": [
				{
					"frame": 0,
					"elements": {
						"Cube66": { "rotationX": 0.0, "rotationY": 0.0, "rotationZ": 1.0 },
						"Cube54": { "rotationX": 0.0, "rotationY": 0.0, "rotationZ": 0.0 },
						"beltwheel-small": { "rotationX": 0.0, "rotationY": 0.0, "rotationZ": 0.0 }
					}
				},
				{
					"frame": 40,
					"elements": {
						"Cube66": { "rotationX": 0.0, "rotationY": 1.0, "rotationZ": -2.0 },
						"Cube54": { "rotationX": 0.0, "rotationY": -2.0, "rotationZ": 2.0 }
					}
				},
				{
					"frame": 80,
					"elements": {
						"Cube66": { "rotationX": 0.0, "rotationY": 0.0, "rotationZ": -2.0 },
						"Cube54": { "rotationX": 0.0, "rotationY": -1.0, "rotationZ": -2.0 }
					}
				},
				{
					"frame": 119,
					"elements": {
						"Cube66": { "rotationX": 0.0, "rotationY": 0.0, "rotationZ": 1.0 },
						"Cube54": { "rotationX": 0.0, "rotationY": 0.0, "rotationZ": 0.0 },
						"beltwheel-small": { "rotationX": 0.0, "rotationY": 1200.0, "rotationZ": 0.0 }
					}
				}
			]
		}
	]
}