[
    {
        "file": "riverfish:entities/animal/fish/blackbass.json",
        "op": "addmerge",
        "path": "/attributes",
        "side": "Server",
        "value": {
            "biorealm": [
                "atlantic nearctic"
            ]
        },
        "dependsOn": [
            {
                "modid": "biomes"
            }
        ]
    },
    {
        "file": "riverfish:entities/animal/fish/brooktrout.json",
        "op": "addmerge",
        "path": "/attributes",
        "side": "Server",
        "value": {
            "biorealm": [
                "atlantic nearctic"
            ]
        },
        "dependsOn": [
            {
                "modid": "biomes"
            }
        ]
    },
    {
        "file": "riverfish:entities/animal/fish/commoncarp.json",
        "op": "addmerge",
        "path": "/attributes",
        "side": "Server",
        "value": {
            "biorealm": [
                "atlantic palearctic",
                "central palearctic",
                "eastern palearctic"
            ]
        },
        "dependsOn": [
            {
                "modid": "biomes"
            }
        ]
    },
    {
        "file": "riverfish:entities/animal/fish/europeanperch.json",
        "op": "addmerge",
        "path": "/attributes",
        "side": "Server",
        "value": {
            "biorealm": [
                "atlantic palearctic",
                "central palearctic",
                "eastern palearctic"
            ]
        },
        "dependsOn": [
            {
                "modid": "biomes"
            }
        ]
    },
    {
        "file": "riverfish:entities/animal/fish/pike.json",
        "op": "addmerge",
        "path": "/attributes",
        "side": "Server",
        "value": {
            "biorealm": [
                "pacific nearctic",
                "atlantic nearctic",
                "atlantic palearctic",
                "central palearctic",
                "eastern palearctic",
                "pacific palearctic"
            ]
        },
        "dependsOn": [
            {
                "modid": "biomes"
            }
        ]
    },
    {
        "file": "riverfish:entities/animal/fish/rainbowtrout.json",
        "op": "addmerge",
        "path": "/attributes",
        "side": "Server",
        "value": {
            "biorealm": [
                "pacific nearctic"
            ]
        },
        "dependsOn": [
            {
                "modid": "biomes"
            }
        ]
    },
    {
        "file": "riverfish:entities/animal/fish/riversturgeon.json",
        "op": "addmerge",
        "path": "/attributes",
        "side": "Server",
        "value": {
            "biorealm": [
                "pacific nearctic",
                "atlantic nearctic",
                "atlantic palearctic",
                "central palearctic",
                "eastern palearctic",
                "pacific palearctic"
            ]
        },
        "dependsOn": [
            {
                "modid": "biomes"
            }
        ]
    },
    {
        "file": "riverfish:entities/animal/fish/walleye.json",
        "op": "addmerge",
        "path": "/attributes",
        "side": "Server",
        "value": {
            "biorealm": [
                "pacific nearctic",
                "atlantic nearctic",
                "atlantic palearctic",
                "central palearctic",
                "eastern palearctic",
                "pacific palearctic"
            ]
        },
        "dependsOn": [
            {
                "modid": "biomes"
            }
        ]
    }
]