[{
	"ingredientPattern": "LK",
	"ingredients": {
		"K": { "type": "item", "code": "game:knife-*", "isTool": true },
		"L": { "type": "block", "code": "floralzonesneozeylandicregion:log-placed-*"}
	},
	"width": 2,
	"height": 1,
	"output": { "type": "block", "code": "game:pan-wooden"  }
},
{
	"ingredientPattern": "LK",
	"ingredients": {
		"K": { "type": "item", "code": "game:knife-*", "isTool": true },
		"L": { "type": "block", "code": "floralzonesneozeylandicregion:logsection-placed-*"}
	},
	"width": 2,
	"height": 1,
	"output": { "type": "block", "code": "game:pan-wooden"  }
},
]