[{
	"ingredientPattern": "A	L",
	"ingredients": {
		"A": { "type": "item", "code": "game:knife-*", "isTool": true  },
		"L": { "type": "block", "code": "floralzonesneozeylandicregion:log-placed-*"}
	},
	"width": 1,
	"height": 2,
	"output": { "type": "item", "code": "game:club-generic-wood", "quantity": 1  }
},
{
	"ingredientPattern": "A	L",
	"ingredients": {
		"A": { "type": "item", "code": "game:knife-*", "isTool": true  },
		"L": { "type": "block", "code": "floralzonesneozeylandicregion:logsection-placed-*"}
	},
	"width": 1,
	"height": 2,
	"output": { "type": "item", "code": "game:club-generic-wood", "quantity": 1  }
}
]