{
	"code": "plankslab",
	"__comment": "This block class removes the bottom snow section from vertically standing slabs when there is no ground below",
	"class": "BlockSlabSnowRemove",
	"behaviors": [
		{
			"name": "OmniRotatable",
			"properties": {
				"rotateSides": true,
				"facing": "block"
			}
		},
		{ "name": "WrenchOrientable", "properties": { "basecode": "plankslab-{wood}-*-{cover}" } }
	],
	"variantgroups": [
		{ "code": "wood", "loadFromProperties": "floralzonescaperegion:block/wood" },
		{ "code": "rot", "states": ["north", "east", "south", "west", "up", "down"] },
		{ "code": "cover", "states": ["free", "snow"] }
	],
	"skipVariants": ["*-up-snow"],
	"attributes": {
		"canChisel": true,
		"chiselShapeFromcollisionBox": true,
		"handbook": {
			"groupBy": ["plankslab-*"]
		},
		"partialAttachableByType": {
			"*-down": true,
			"*-up": true
		},
		"liquidBarrierOnSidesBytype": {
		   "*-down-*": [ 0.5, 0.5, 0.5, 0.5 ]
		}
	},
	"blockmaterial": "Wood",
	"creativeinventory": {
		"general": ["*-down-free"], "construction": ["*-down-free"]
	},
	"drops": [{ "code": "floralzonescaperegion:plankslab-{wood}-down-free" }],
	"shapeByType": {
		"*-snow": { "base": "game:block/basic/slab/snow-slab-{rot}" },
		"*": { "base": "game:block/basic/slab/slab-{rot}" }
	},
	"textures": {
		"sides": {
			"baseByType": {
				"*": "floralzonescaperegion:block/wood/planks/{wood}*"
			}
		}
	},
	"sideSolidOpaqueAoByType": {
		"*-north-*": { "all": false, "north": true },
		"*-east-*": { "all": false, "east": true },
		"*-south-*": { "all": false, "south": true },
		"*-west-*": { "all": false, "west": true },
		"*-up-*": { "all": false, "up": true },
		"*-down-*": { "all": false, "down": true }
	},
	"sideAo": { "all": true },
	"emitSideAoByType": {
		"*-up-*": { "all": false, "up": true },
		"*-down-*": { "all": false, "down": true },
		"*": { "all": false }
	},
	"collisionBox": { "x1": 0, "y1": 0, "z1": 0,   "x2": 1, "y2": 0.5, "z2": 1,
		"rotateXByType": {
			"*-north-*": 90,
			"*-south-*": 270,
			"*-up-*": 180,
			"*-down-*": 0
		},
		"rotateZByType": {
			"*-east-*": 90,
			"*-west-*": 270,
		},
	},
	"selectionBox": { "x1": 0, "y1": 0, "z1": 0,   "x2": 1, "y2": 0.5, "z2": 1,
		"rotateXByType": {
			"*-north-*": 90,
			"*-south-*": 270,
			"*-up-*": 180,
			"*-down-*": 0
		},
		"rotateZByType": {
			"*-east-*": 90,
			"*-west-*": 270
		},
	},
	"sounds": {
		"hit": "game:block/planks",
		"break": "game:block/planks",
		"place": "game:block/planks",
		"walk": "game:walk/wood"
	},
	"combustiblePropsByType": {
		"*": {
			"burnTemperature": 800,
			"burnDuration": 10
		}
	},
	"materialDensity": 600,
	"guiTransform": {
		"translation": { "x": 0, "y": 2, "z": 0 },
		"origin": { "x": 0.5, "y": 0.25, "z": 0.5 }
	},
	"heldTpIdleAnimation": "holdbothhandslarge", "heldTpUseAnimation": "twohandplaceblock",
	"tpHandTransform": {
		"translation": { "x": -1.23, "y": -0.91, "z": -0.8 },
		"rotation": { "x": -2, "y": 25, "z": -78 },
		"scale": 0.4
	}
}
