﻿[
    // Manidae
    {
        "side": "server",
        "file": "manidae:entities/land/manidae",
        "op": "add",
        "path": "/server/behaviors/-",
        "value": {
            "code": "EntityFootprintsBehaviorSync",
            "attributes": {
                "texture": "manidae",
                "stepDistance": 0.20
            }
        }
    },
    {
        "side": "server",
        "file": "manidae:entities/land/manidae",
        "op": "add",
        "path": "/client/behaviors/-",
        "value": {
            "code": "EntityFootprintsBehavior",
            "attributes": {
                "texture": "manidae",
                "stepDistance": 0.20
            }
        }
    }
]