{
	ingredientPattern: "HS	C_",
	ingredients: {
		"H": { type: "item", code: "game:hammer-*", "isTool": true },
		"C": { type: "item", code: "game:chisel-*", "isTool": true },
		"S": { type: "block", code: "game:stonebricks-*", name: "rock", allowedVariants: ["andesite", "chalk", "chert", "conglomerate", "limestone", "claystone", "granite", "sandstone", "shale", "basalt", "peridotite", "phyllite", "slate", "bauxite"] }
	},
	width: 2,
	height: 2,
	output: { type: "block", code: "game:crackedstonebricks-{rock}", quantity: 1 }
}