{
	"editor": {
		"allAngles": false,
		"entityTextureMode": true
	},
	"textureWidth": 16,
	"textureHeight": 16,
	"textureSizes": {
		"compass": [16,16]
	},
	"textures": {	},
	"elements": [
		{
			"name": "Compass",
			"from": [ 8.0, 0.0, 8.0 ], 
			"to": [ 8.0, 0.0, 8.0 ], 
			"uv": [ 0.0, 0.0 ],
			"rotationOrigin": [ 8.0, 0.0, 8.0 ],
			"faces": {
				"north": { "texture": "#compass", "uv": [ 0.0, 0.5, 0.5, 1.0 ], "enabled": false },
				"east": { "texture": "#compass", "uv": [ 0.5, 0.5, 1.0, 1.0 ], "enabled": false },
				"south": { "texture": "#compass", "uv": [ 0.5, 0.5, 1.0, 1.0 ], "enabled": false },
				"west": { "texture": "#compass", "uv": [ 0.5, 0.5, 1.0, 1.0 ], "enabled": false },
				"up": { "texture": "#compass", "uv": [ 0.0, 0.0, 0.5, 0.5 ], "enabled": false },
				"down": { "texture": "#compass", "uv": [ 0.5, 0.0, 1.0, 0.5 ], "enabled": false }
			},
			"children": [
				{
					"name": "Down",
					"from": [ -3.0, 0.0, -3.0 ], 
					"to": [ 3.0, 0.25, 3.0 ], 
					"autoUnwrap": false,
					"uv": [ 3.5, 3.0 ],
					"rotationOrigin": [ -3.0, 0.0, -3.0 ],
					"faces": {
						"north": { "texture": "#compass", "uv": [ 0.0, 0.0, 6.0, 0.5 ], "enabled": false },
						"east": { "texture": "#compass", "uv": [ 0.0, 0.0, 6.0, 0.5 ], "enabled": false },
						"south": { "texture": "#compass", "uv": [ 0.0, 0.0, 6.0, 0.5 ], "enabled": false },
						"west": { "texture": "#compass", "uv": [ 0.0, 0.0, 6.0, 0.5 ], "enabled": false },
						"up": { "texture": "#compass", "uv": [ 3.5, 3.5, 9.5, 9.5 ] },
						"down": { "texture": "#compass", "uv": [ 10.0, 10.0, 16.0, 16.0 ] }
					},
					"children": [
						{
							"name": "Overlay",
							"from": [ 0.0, 0.0, 0.0 ], 
							"to": [ 6.0, 0.26, 6.0 ], 
							"uv": [ 0.0, 0.0 ],
							"faces": {
								"north": { "texture": "#symbol", "uv": [ 0.0, 0.0, 16.0, 16.0 ], "enabled": false },
								"east": { "texture": "#symbol", "uv": [ 0.0, 0.0, 16.0, 16.0 ], "enabled": false },
								"south": { "texture": "#symbol", "uv": [ 0.0, 0.0, 1.0, 1.0 ], "enabled": false },
								"west": { "texture": "#symbol", "uv": [ 0.0, 0.0, 16.0, 16.0 ], "enabled": false },
								"up": { "texture": "#symbol", "uv": [ 3.5, 3.5, 9.5, 9.5 ], "glow": 100 },
								"down": { "texture": "#symbol", "uv": [ 0.0, 0.0, 16.0, 16.0 ], "enabled": false }
							}
						}
					]
				},
				{
					"name": "W Side",
					"from": [ -4.0, 0.0, -3.0 ], 
					"to": [ -3.5, 1.0, 3.0 ], 
					"autoUnwrap": false,
					"uv": [ 3.0, 5.0 ],
					"renderInEditor": false,
					"rotationOrigin": [ -4.0, 0.0, -3.0 ],
					"faces": {
						"north": { "texture": "#compass", "uv": [ 1.5, 3.0, 2.5, 3.5 ], "rotation": 90 },
						"east": { "texture": "#compass", "uv": [ 2.0, 3.5, 3.0, 9.5 ], "rotation": 90 },
						"south": { "texture": "#compass", "uv": [ 1.5, 9.5, 2.5, 10.0 ], "rotation": 90 },
						"west": { "texture": "#compass", "uv": [ 0.5, 3.5, 1.5, 9.5 ], "rotation": 90 },
						"up": { "texture": "#compass", "uv": [ 1.5, 3.5, 2.0, 9.5 ] },
						"down": { "texture": "#compass", "uv": [ 0.0, 3.5, 0.5, 9.5 ] }
					},
					"children": [
						{
							"name": "W Plank",
							"from": [ 0.5, 0.0, 0.0 ], 
							"to": [ 1.0, 0.5, 6.0 ], 
							"autoUnwrap": false,
							"uv": [ 2.0, 7.5 ],
							"rotationOrigin": [ 0.5, 0.0, 0.0 ],
							"faces": {
								"north": { "texture": "#compass", "uv": [ 0.0, 0.0, 0.5, 0.5 ], "enabled": false },
								"east": { "texture": "#compass", "uv": [ 3.0, 3.5, 3.5, 9.5 ], "rotation": 90 },
								"south": { "texture": "#compass", "uv": [ 0.0, 0.0, 0.5, 0.5 ], "enabled": false },
								"west": { "texture": "#compass", "uv": [ 0.0, 0.0, 6.0, 0.5 ], "enabled": false },
								"up": { "texture": "#compass", "uv": [ 2.5, 3.5, 3.0, 9.5 ] },
								"down": { "texture": "#compass", "uv": [ 0.0, 10.0, 0.5, 16.0 ] }
							}
						},
						{
							"name": "W Corner",
							"from": [ 0.5, 0.0, -0.5 ], 
							"to": [ 1.0, 0.5, 0.0 ], 
							"autoUnwrap": false,
							"uv": [ 2.0, 7.5 ],
							"rotationOrigin": [ 0.5, 0.0, -0.5 ],
							"faces": {
								"north": { "texture": "#compass", "uv": [ 3.0, 2.5, 3.5, 3.0 ] },
								"east": { "texture": "#compass", "uv": [ 4.5, 4.0, 5.0, 4.5 ], "rotation": 90, "enabled": false },
								"south": { "texture": "#compass", "uv": [ 0.0, 0.0, 0.5, 0.5 ], "enabled": false },
								"west": { "texture": "#compass", "uv": [ 2.5, 3.0, 3.0, 3.5 ] },
								"up": { "texture": "#compass", "uv": [ 3.0, 3.0, 3.5, 3.5 ] },
								"down": { "texture": "#compass", "uv": [ 3.0, 13.0, 3.5, 13.5 ] }
							}
						}
					]
				},
				{
					"name": "E Side",
					"from": [ 3.5, 0.0, -3.0 ], 
					"to": [ 4.0, 1.0, 3.0 ], 
					"autoUnwrap": false,
					"uv": [ 2.0, 6.5 ],
					"renderInEditor": false,
					"rotationOrigin": [ 3.5, 0.0, -3.0 ],
					"faces": {
						"north": { "texture": "#compass", "uv": [ 10.5, 3.0, 11.5, 3.5 ], "rotation": 90 },
						"east": { "texture": "#compass", "uv": [ 11.5, 3.5, 12.5, 9.5 ], "rotation": 90 },
						"south": { "texture": "#compass", "uv": [ 10.5, 9.5, 11.5, 10.0 ], "rotation": 90 },
						"west": { "texture": "#compass", "uv": [ 10.0, 3.5, 11.0, 9.5 ], "rotation": 90 },
						"up": { "texture": "#compass", "uv": [ 11.0, 3.5, 11.5, 9.5 ] },
						"down": { "texture": "#compass", "uv": [ 12.5, 3.5, 13.0, 9.5 ] }
					},
					"children": [
						{
							"name": "E Plank",
							"from": [ -0.5, 0.0, 0.0 ], 
							"to": [ 0.0, 0.5, 6.0 ], 
							"autoUnwrap": false,
							"uv": [ 1.5, 9.0 ],
							"rotationOrigin": [ -0.5, 0.0, 0.0 ],
							"faces": {
								"north": { "texture": "#compass", "uv": [ 0.5, 14.0, 1.0, 14.5 ], "enabled": false },
								"east": { "texture": "#compass", "uv": [ 0.0, 0.0, 6.0, 0.5 ], "enabled": false },
								"south": { "texture": "#compass", "uv": [ 7.5, 6.5, 8.0, 7.0 ], "enabled": false },
								"west": { "texture": "#compass", "uv": [ 9.5, 3.5, 10.0, 9.5 ], "rotation": 90 },
								"up": { "texture": "#compass", "uv": [ 10.5, 3.5, 11.0, 9.5 ] },
								"down": { "texture": "#compass", "uv": [ 13.0, 3.5, 13.5, 9.5 ] }
							}
						},
						{
							"name": "E Corner",
							"from": [ -0.5, 0.0, 6.0 ], 
							"to": [ 0.0, 0.5, 6.5 ], 
							"autoUnwrap": false,
							"uv": [ 0.5, 8.0 ],
							"rotationOrigin": [ -0.5, 0.0, 6.0 ],
							"faces": {
								"north": { "texture": "#compass", "uv": [ 0.5, 14.0, 1.0, 14.5 ], "enabled": false },
								"east": { "texture": "#compass", "uv": [ 10.0, 9.5, 10.5, 10.0 ] },
								"south": { "texture": "#compass", "uv": [ 9.5, 10.0, 10.0, 10.5 ] },
								"west": { "texture": "#compass", "uv": [ 0.5, 8.5, 1.0, 9.0 ], "enabled": false },
								"up": { "texture": "#compass", "uv": [ 9.5, 9.5, 10.0, 10.0 ] },
								"down": { "texture": "#compass", "uv": [ 9.5, 0.0, 10.0, 0.5 ] }
							}
						}
					]
				},
				{
					"name": "S Side",
					"from": [ -3.0, 0.0, 3.5 ], 
					"to": [ 3.0, 1.0, 4.0 ], 
					"autoUnwrap": false,
					"uv": [ 2.0, 12.0 ],
					"renderInEditor": false,
					"rotationOrigin": [ -3.0, 0.0, 3.5 ],
					"faces": {
						"north": { "texture": "#compass", "uv": [ 3.5, 10.0, 9.5, 11.0 ] },
						"east": { "texture": "#compass", "uv": [ 9.5, 10.5, 10.0, 11.5 ] },
						"south": { "texture": "#compass", "uv": [ 3.5, 11.5, 9.5, 12.5 ] },
						"west": { "texture": "#compass", "uv": [ 3.0, 10.5, 3.5, 11.5 ] },
						"up": { "texture": "#compass", "uv": [ 3.5, 11.0, 9.5, 11.5 ] },
						"down": { "texture": "#compass", "uv": [ 3.5, 12.5, 9.5, 13.0 ] }
					},
					"children": [
						{
							"name": "S Plank",
							"from": [ 0.0, 0.0, -0.5 ], 
							"to": [ 6.0, 0.5, 0.0 ], 
							"autoUnwrap": false,
							"uv": [ 1.5, 13.5 ],
							"rotationOrigin": [ 0.0, 0.0, -0.5 ],
							"faces": {
								"north": { "texture": "#compass", "uv": [ 3.5, 9.5, 9.5, 10.0 ] },
								"east": { "texture": "#compass", "uv": [ 6.5, 1.0, 7.0, 1.5 ], "enabled": false },
								"south": { "texture": "#compass", "uv": [ 7.0, 1.0, 13.0, 1.5 ], "enabled": false },
								"west": { "texture": "#compass", "uv": [ 13.0, 1.0, 13.5, 1.5 ], "enabled": false },
								"up": { "texture": "#compass", "uv": [ 3.5, 10.0, 9.5, 10.5 ] },
								"down": { "texture": "#compass", "uv": [ 3.5, 13.0, 9.5, 13.5 ] }
							}
						},
						{
							"name": "S Corner",
							"from": [ -0.5, 0.0, -0.5 ], 
							"to": [ 0.0, 0.5, 0.0 ], 
							"autoUnwrap": false,
							"uv": [ 3.0, 13.0 ],
							"rotationOrigin": [ -0.5, 0.0, -0.5 ],
							"faces": {
								"north": { "texture": "#compass", "uv": [ 0.5, 1.0, 1.0, 1.5 ], "enabled": false },
								"east": { "texture": "#compass", "uv": [ 6.5, 1.0, 7.0, 1.5 ], "enabled": false },
								"south": { "texture": "#compass", "uv": [ 3.0, 10.0, 3.5, 10.5 ] },
								"west": { "texture": "#compass", "uv": [ 2.5, 9.5, 3.0, 10.0 ] },
								"up": { "texture": "#compass", "uv": [ 3.0, 9.5, 3.5, 10.0 ] },
								"down": { "texture": "#compass", "uv": [ 3.0, 0.0, 3.5, 0.5 ] }
							}
						}
					]
				},
				{
					"name": "Decor",
					"from": [ 0.0, 0.0, 0.0 ], 
					"to": [ 0.0, 0.0, 0.0 ], 
					"uv": [ 0.0, 0.0 ],
					"renderInEditor": false,
					"faces": {
						"north": { "texture": "#compass", "uv": [ 0.0, 0.5, 0.5, 1.0 ], "enabled": false },
						"east": { "texture": "#compass", "uv": [ 0.5, 0.5, 1.0, 1.0 ], "enabled": false },
						"south": { "texture": "#compass", "uv": [ 0.5, 0.5, 1.0, 1.0 ], "enabled": false },
						"west": { "texture": "#compass", "uv": [ 0.5, 0.5, 1.0, 1.0 ], "enabled": false },
						"up": { "texture": "#compass", "uv": [ 0.0, 0.0, 0.5, 0.5 ], "enabled": false },
						"down": { "texture": "#compass", "uv": [ 0.5, 0.0, 1.0, 0.5 ], "enabled": false }
					},
					"children": [
						{
							"name": "NW Pillar",
							"from": [ -3.0, 0.1, -3.0 ], 
							"to": [ -2.5, 1.6, -2.5 ], 
							"uv": [ 5.0, 14.0 ],
							"rotationOrigin": [ -3.0, 0.1, -3.0 ],
							"faces": {
								"north": { "texture": "#compass", "uv": [ 5.0, 14.5, 5.5, 16.0 ] },
								"east": { "texture": "#compass", "uv": [ 5.5, 14.5, 6.0, 16.0 ] },
								"south": { "texture": "#compass", "uv": [ 6.0, 14.5, 6.5, 16.0 ] },
								"west": { "texture": "#compass", "uv": [ 6.5, 14.5, 7.0, 16.0 ] },
								"up": { "texture": "#compass", "uv": [ 5.0, 14.0, 5.5, 14.5 ] },
								"down": { "texture": "#compass", "uv": [ 5.5, 11.0, 6.0, 11.5 ], "enabled": false }
							}
						},
						{
							"name": "SW Pillar",
							"from": [ -3.0, 0.1, 2.5 ], 
							"to": [ -2.5, 1.6, 3.0 ], 
							"uv": [ 1.0, 14.0 ],
							"rotationOrigin": [ -3.0, 0.1, 2.5 ],
							"faces": {
								"north": { "texture": "#compass", "uv": [ 1.0, 14.5, 1.5, 16.0 ] },
								"east": { "texture": "#compass", "uv": [ 1.5, 14.5, 2.0, 16.0 ] },
								"south": { "texture": "#compass", "uv": [ 2.0, 14.5, 2.5, 16.0 ] },
								"west": { "texture": "#compass", "uv": [ 2.5, 14.5, 3.0, 16.0 ] },
								"up": { "texture": "#compass", "uv": [ 1.0, 14.0, 1.5, 14.5 ] },
								"down": { "texture": "#compass", "uv": [ 10.5, 7.0, 11.0, 7.5 ], "enabled": false }
							}
						},
						{
							"name": "NE Pillar",
							"from": [ 2.5, 0.1, -3.0 ], 
							"to": [ 3.0, 1.6, -2.5 ], 
							"uv": [ 7.0, 14.0 ],
							"rotationOrigin": [ 2.5, 0.1, -3.0 ],
							"faces": {
								"north": { "texture": "#compass", "uv": [ 7.0, 14.5, 7.5, 16.0 ] },
								"east": { "texture": "#compass", "uv": [ 7.5, 14.5, 8.0, 16.0 ] },
								"south": { "texture": "#compass", "uv": [ 8.0, 14.5, 8.5, 16.0 ] },
								"west": { "texture": "#compass", "uv": [ 8.5, 14.5, 9.0, 16.0 ] },
								"up": { "texture": "#compass", "uv": [ 7.0, 14.0, 7.5, 14.5 ] },
								"down": { "texture": "#compass", "uv": [ 8.0, 3.0, 8.5, 3.5 ], "enabled": false }
							}
						},
						{
							"name": "SE Pillar",
							"from": [ 2.5, 0.1, 2.5 ], 
							"to": [ 3.0, 1.6, 3.0 ], 
							"uv": [ 3.0, 14.0 ],
							"rotationOrigin": [ 2.5, 0.1, 2.5 ],
							"faces": {
								"north": { "texture": "#compass", "uv": [ 3.0, 14.5, 3.5, 16.0 ] },
								"east": { "texture": "#compass", "uv": [ 3.5, 14.5, 4.0, 16.0 ] },
								"south": { "texture": "#compass", "uv": [ 4.0, 14.5, 4.5, 16.0 ] },
								"west": { "texture": "#compass", "uv": [ 4.5, 14.5, 5.0, 16.0 ] },
								"up": { "texture": "#compass", "uv": [ 3.0, 14.0, 3.5, 14.5 ] },
								"down": { "texture": "#compass", "uv": [ 11.5, 11.0, 12.0, 11.5 ], "enabled": false }
							}
						},
						{
							"name": "C Pillar",
							"from": [ -0.25, 0.0, -0.25 ], 
							"to": [ 0.25, 1.0, 0.25 ], 
							"uv": [ 14.0, 4.5 ],
							"rotationOrigin": [ -0.3, 0.0, -0.5 ],
							"faces": {
								"north": { "texture": "#compass", "uv": [ 14.0, 5.0, 14.5, 6.0 ] },
								"east": { "texture": "#compass", "uv": [ 14.5, 5.0, 15.0, 6.0 ] },
								"south": { "texture": "#compass", "uv": [ 15.0, 5.0, 15.5, 6.0 ] },
								"west": { "texture": "#compass", "uv": [ 15.5, 5.0, 16.0, 6.0 ] },
								"up": { "texture": "#compass", "uv": [ 14.0, 4.5, 14.5, 5.0 ] },
								"down": { "texture": "#compass", "uv": [ 0.5, 0.0, 1.0, 0.5 ], "enabled": false }
							},
							"children": [
								{
									"name": "Arrow A",
									"from": [ 0.25, 0.51, 0.25 ], 
									"to": [ 0.95, 1.01, 0.95 ], 
									"uv": [ 14.0, 3.5 ],
									"rotationOrigin": [ 0.25, 0.5, 0.25 ],
									"rotationX": -179.99999011687993,
									"rotationY": 44.999996548644546,
									"rotationZ": -179.99999011687993,
									"faces": {
										"north": { "texture": "#compass", "uv": [ 14.0, 4.0, 14.5, 4.5 ] },
										"east": { "texture": "#compass", "uv": [ 14.5, 4.0, 15.0, 4.5 ] },
										"south": { "texture": "#compass", "uv": [ 15.0, 4.0, 15.5, 4.5 ] },
										"west": { "texture": "#compass", "uv": [ 15.5, 4.0, 16.0, 4.5 ] },
										"up": { "texture": "#compass", "uv": [ 14.0, 3.5, 14.5, 4.0 ] },
										"down": { "texture": "#compass", "uv": [ 14.5, 3.5, 15.0, 4.0 ] }
									},
									"children": [
										{
											"name": "Arrow B",
											"from": [ 0.5, 0.01, 0.5 ], 
											"to": [ 1.4, 0.51, 1.4 ], 
											"uv": [ 14.0, 2.5 ],
											"rotationOrigin": [ 0.5, 0.0, 0.5 ],
											"faces": {
												"north": { "texture": "#compass", "uv": [ 14.0, 3.0, 14.5, 3.5 ] },
												"east": { "texture": "#compass", "uv": [ 14.5, 3.0, 15.0, 3.5 ] },
												"south": { "texture": "#compass", "uv": [ 15.0, 3.0, 15.5, 3.5 ] },
												"west": { "texture": "#compass", "uv": [ 15.5, 3.0, 16.0, 3.5 ] },
												"up": { "texture": "#compass", "uv": [ 14.0, 2.5, 14.5, 3.0 ] },
												"down": { "texture": "#compass", "uv": [ 14.5, 2.5, 15.0, 3.0 ] }
											}
										}
									]
								}
							]
						}
					]
				},
				{
					"name": "N Side",
					"from": [ -3.0, 0.0, -4.0 ], 
					"to": [ 3.0, 1.0, -3.5 ], 
					"autoUnwrap": false,
					"uv": [ 2.0, 12.0 ],
					"renderInEditor": false,
					"rotationOrigin": [ -3.0, 0.0, -4.0 ],
					"faces": {
						"north": { "texture": "#compass", "uv": [ 3.5, 0.5, 9.5, 1.5 ] },
						"east": { "texture": "#compass", "uv": [ 9.5, 1.5, 10.0, 2.5 ] },
						"south": { "texture": "#compass", "uv": [ 3.5, 2.0, 9.5, 3.0 ] },
						"west": { "texture": "#compass", "uv": [ 3.0, 1.5, 3.5, 2.5 ] },
						"up": { "texture": "#compass", "uv": [ 3.5, 1.5, 9.5, 2.0 ] },
						"down": { "texture": "#compass", "uv": [ 3.5, 0.0, 9.5, 0.5 ] }
					},
					"children": [
						{
							"name": "N Plank",
							"from": [ 0.0, 0.0, 0.5 ], 
							"to": [ 6.0, 0.5, 1.0 ], 
							"autoUnwrap": false,
							"uv": [ 0.0, 15.0 ],
							"rotationOrigin": [ 0.0, 0.0, 0.5 ],
							"faces": {
								"north": { "texture": "#compass", "uv": [ 4.5, 12.5, 10.5, 13.0 ], "enabled": false },
								"east": { "texture": "#compass", "uv": [ 11.5, 3.0, 12.0, 3.5 ], "enabled": false },
								"south": { "texture": "#compass", "uv": [ 3.5, 3.0, 9.5, 3.5 ] },
								"west": { "texture": "#compass", "uv": [ 4.0, 3.0, 4.5, 3.5 ], "enabled": false },
								"up": { "texture": "#compass", "uv": [ 3.5, 2.5, 9.5, 3.0 ] },
								"down": { "texture": "#compass", "uv": [ 10.0, 0.0, 16.0, 0.5 ] }
							}
						},
						{
							"name": "N Corner",
							"from": [ 6.0, 0.0, 0.5 ], 
							"to": [ 6.5, 0.5, 1.0 ], 
							"autoUnwrap": false,
							"uv": [ 0.0, 15.0 ],
							"rotationOrigin": [ 6.0, 0.0, 0.5 ],
							"faces": {
								"north": { "texture": "#compass", "uv": [ 9.5, 2.5, 10.0, 3.0 ] },
								"east": { "texture": "#compass", "uv": [ 10.0, 3.0, 10.5, 3.5 ] },
								"south": { "texture": "#compass", "uv": [ 4.5, 3.5, 5.0, 4.0 ], "enabled": false },
								"west": { "texture": "#compass", "uv": [ 4.0, 3.0, 4.5, 3.5 ], "enabled": false },
								"up": { "texture": "#compass", "uv": [ 9.5, 3.0, 10.0, 3.5 ] },
								"down": { "texture": "#compass", "uv": [ 9.5, 13.0, 10.0, 13.5 ] }
							}
						}
					]
				}
			]
		}
	]}