[
    //{
    //    "op": "replace",
    //    "path": "/0/ingredients/D",
    //    "value": {
    //        "type": "item",
    //        "code": "powder-asbestos-brown",
    //        "quantity": 4
    //    },
    //    "file": "game:recipes/grid/clay.json",
    //    "side": "Server"
    //},
    //{
    //    "op": "replace",
    //    "path": "/1/ingredients/D",
    //    "value": {
    //        "type": "item",
    //        "code": "powder-asbestos-brown",
    //        "quantity": 4
    //    },
    //    "file": "game:recipes/grid/clay.json",
    //    "side": "Server"
    //},
    //{
    //    "op": "replace",
    //    "path": "/2/ingredients/D",
    //    "value": {
    //        "type": "item",
    //        "code": "powder-asbestos-brown",
    //        "quantity": 4
    //    },
    //    "file": "game:recipes/grid/clay.json",
    //    "side": "Server"
    //},


    {
        "op": "replace",
        "path": "/2/ingredients/Q",
        "value": {
            "type": "item",
            "code": "powder-asbestos-blue",
            "quantity": 1
        },
        "file": "game:recipes/grid/rawrefractorybrick.json",
        "side": "Server"
    },


    {
        "op": "add",
        "path": "/ingredients/B/skipVariants/3",
        "value": "asbestos",
        "file": "game:recipes/grid/chimney.json",
        "side": "Server"
    },

    {
        "op": "add",
        "path": "/1/ingredients/B/skipVariants/3",
        "value": "asbestos",
        "file": "game:recipes/grid/claybrickblock.json",
        "side": "Server"
    },

    {
        "op": "add",
        "path": "/1/ingredients/B/skipVariants/3",
        "value": "asbestos",
        "file": "game:recipes/grid/slabs/claybrickslab.json",
        "side": "Server"
    },

    {
        "op": "add",
        "path": "/1/ingredients/B/skipVariants/3",
        "value": "asbestos",
        "file": "game:recipes/grid/stairs/claybrickstairs.json",
        "side": "Server"
    }
]