[
  { "side": "Server", "file": "bricklayers:blocktypes/clay/glazed/glazedbricks.json",			"op": "add", "path": "/storageFlags", "value": 32769 },
  { "side": "Server", "file": "bricklayers:blocktypes/clay/glazed/glazedbrickslab.json",		"op": "add", "path": "/storageFlags", "value": 32769 },
  { "side": "Server", "file": "bricklayers:blocktypes/clay/glazed/glazedbrickstairs.json",		"op": "add", "path": "/storageFlags", "value": 32769 },
  { "side": "Server", "file": "bricklayers:blocktypes/clay/claytile.json",				"op": "add", "path": "/storageFlags", "value": 32769 },
  { "side": "Server", "file": "bricklayers:blocktypes/clay/claytiles.json",				"op": "add", "path": "/storageFlags", "value": 32769 },
  { "side": "Server", "file": "bricklayers:blocktypes/clay/glazedtile.json",				"op": "add", "path": "/storageFlags", "value": 32769 },
  { "side": "Server", "file": "bricklayers:blocktypes/clay/glazedtiles.json",				"op": "add", "path": "/storageFlags", "value": 32769 },
  { "side": "Server", "file": "bricklayers:blocktypes/clay/claytilesslab.json",				"op": "add", "path": "/storageFlags", "value": 32769 },

  { "side": "Server", "file": "bricklayers:blocktypes/clay/roofing/shingleblock.json",			"op": "add", "path": "/storageFlags", "value": 32769 },
  { "side": "Server", "file": "bricklayers:blocktypes/clay/roofing/slantedroofingcornerinner.json",	"op": "add", "path": "/storageFlags", "value": 32769 },
  { "side": "Server", "file": "bricklayers:blocktypes/clay/roofing/slantedroofingcornerouter.json",	"op": "add", "path": "/storageFlags", "value": 32769 },
  { "side": "Server", "file": "bricklayers:blocktypes/clay/roofing/slantedroofing.json",		"op": "add", "path": "/storageFlags", "value": 32769 },
  { "side": "Server", "file": "bricklayers:blocktypes/clay/roofing/slantedroofingridge.json",		"op": "add", "path": "/storageFlags", "value": 32769 },
  { "side": "Server", "file": "bricklayers:blocktypes/clay/roofing/slantedroofingtip.json",		"op": "add", "path": "/storageFlags", "value": 32769 },

  { "side": "Server", "file": "bricklayers:blocktypes/glass/full-colored.json",				"op": "add", "path": "/storageFlags", "value": 32769 },
  { "side": "Server", "file": "bricklayers:blocktypes/glass/slab-colored.json",				"op": "add", "path": "/storageFlags", "value": 32769 },

  { "side": "Server", "file": "bricklayers:blocktypes/stone/stonebrick/smallstonebricks.json",		"op": "add", "path": "/storageFlags", "value": 32769 },
  { "side": "Server", "file": "bricklayers:blocktypes/stone/stonebrick/smallstonebrickslab.json",	"op": "add", "path": "/storageFlags", "value": 32769 },
  { "side": "Server", "file": "bricklayers:blocktypes/stone/stonebrick/smallstonebrickstairs.json",	"op": "add", "path": "/storageFlags", "value": 32769 },
  { "side": "Server", "file": "bricklayers:blocktypes/stone/tiles/stonetile.json",			"op": "add", "path": "/storageFlags", "value": 32769 },
  { "side": "Server", "file": "bricklayers:blocktypes/stone/tiles/stonetiles.json",			"op": "add", "path": "/storageFlags", "value": 32769 },

  { "side": "Server", "file": "bricklayers:itemtypes/resource/stonetile_raw.json",			"op": "add", "path": "/storageFlags", "value": 32769 },
  { "side": "Server", "file": "bricklayers:itemtypes/resource/glazedtile_raw.json",			"op": "add", "path": "/storageFlags", "value": 32769 },
  { "side": "Server", "file": "bricklayers:itemtypes/resource/glazedbrick.json",			"op": "add", "path": "/storageFlags", "value": 32769 },
  { "side": "Server", "file": "bricklayers:itemtypes/resource/smallstonebrick.json",			"op": "add", "path": "/storageFlags", "value": 32769 }
]
