{
	"code": "caninae-cerdocyonina",
	"class": "EntityAgent",
	"tags": ["animal", "huntable", "habitat-land","cerdocyoninatag"],
	"fallDamageMultiplier": 0.5,
	"variantgroups": [
    {"code": "age","states": [ "baby"]},
    {"code": "gender","states": [ "female","male"]},
    {"code": "genus","states": [ "atelocynus","cerdocyon","chrysocyon","dusicyon","lycalopex","speothos"]},
    {"code": "species","states": [ "microtis","thous","brachyurus","australis","avus","culpaeus","fulvipes","griseus","gymnocercus","sechurae","vetulus","pacivorus","venaticus"]}
	],
	"allowedVariants": [
		"*-atelocynus-microtis",
		"*-cerdocyon-thous",
		"*-chrysocyon-brachyurus",
		"*-dusicyon-australis",
		"*-dusicyon-avus",
		"*-lycalopex-culpaeus",
		"*-lycalopex-fulvipes",
		"*-lycalopex-griseus",
		"*-lycalopex-gymnocercus",
		"*-lycalopex-sechurae",
		"*-lycalopex-vetulus",
		"*-speothos-pacivorus",
		"*-speothos-venaticus"
	],
	"collisionBoxSizeByType": {
		"*-atelocynus-microtis": {	"x": 0.2,"y": 0.15},
		"*-cerdocyon-thous": {	"x": 0.2,"y": 0.15},
		"*-chrysocyon-brachyurus": {	"x": 0.3,"y": 0.25},
		"*-dusicyon-australis": {	"x": 0.2,"y": 0.15},
		"*-dusicyon-avus": {	"x": 0.3,"y": 0.2},
		"*-lycalopex-culpaeus": {	"x": 0.2,"y": 0.15},
		"*-lycalopex-fulvipes": {	"x": 0.2,"y": 0.1},
		"*-lycalopex-griseus": {	"x": 0.2,"y": 0.15},
		"*-lycalopex-gymnocercus": {	"x": 0.2,"y": 0.125},
		"*-lycalopex-sechurae": {	"x": 0.3,"y": 0.15},
		"*-lycalopex-vetulus": {	"x": 0.2,"y": 0.15},
		"*-speothos-pacivorus": {	"x": 0.4,"y": 0.2},
		"*-speothos-venaticus": {	"x": 0.2,"y": 0.1}
	},
	"deadCollisionBoxSizeByType": {
		"*-atelocynus-microtis": {	"x": 0.2,"y": 0.1},
		"*-cerdocyon-thous": {	"x": 0.2,"y": 0.1},
		"*-chrysocyon-brachyurus": {	"x": 0.3,"y": 0.1},
		"*-dusicyon-australis": {	"x": 0.2,"y": 0.05},
		"*-dusicyon-avus": {	"x": 0.3,"y": 0.1},
		"*-lycalopex-culpaeus": {	"x": 0.2,"y": 0.1},
		"*-lycalopex-fulvipes": {	"x": 0.2,"y": 0.05},
		"*-lycalopex-griseus": {	"x": 0.2,"y": 0.1},
		"*-lycalopex-gymnocercus": {	"x": 0.2,"y": 0.05},
		"*-lycalopex-sechurae": {	"x": 0.2,"y": 0.1},
		"*-lycalopex-vetulus": {	"x": 0.2,"y": 0.1},
		"*-speothos-pacivorus": {	"x": 0.4,"y": 0.1},
		"*-speothos-venaticus": {	"x": 0.2,"y": 0.05}
	},
	"eyeHeightByType": {
		"*-atelocynus-microtis": 0.2,
		"*-cerdocyon-thous": 0.2,
		"*-chrysocyon-brachyurus": 0.3,
		"*-dusicyon-australis": 0.2,
		"*-dusicyon-avus": 0.3,
		"*-lycalopex-culpaeus": 0.3,
		"*-lycalopex-fulvipes": 0.2,
		"*-lycalopex-griseus": 0.2,
		"*-lycalopex-gymnocercus": 0.2,
		"*-lycalopex-sechurae": 0.2,
		"*-lycalopex-vetulus": 0.2,
		"*-speothos-pacivorus": 0.3,
		"*-speothos-venaticus": 0.1
	},
	"weightByType": {
		"*-atelocynus-microtis": 1,
		"*-cerdocyon-thous": 0.5,
		"*-chrysocyon-brachyurus": 5,
		"*-dusicyon-australis": 4,
		"*-dusicyon-avus": 5,
		"*-lycalopex-culpaeus": 1,
		"*-lycalopex-fulvipes": 0.2,
		"*-lycalopex-griseus": 0.2,
		"*-lycalopex-gymnocercus": 0.5,
		"*-lycalopex-sechurae": 0.5,
		"*-lycalopex-vetulus": 0.3,
		"*-speothos-pacivorus": 5,
		"*-speothos-venaticus": 1
	},
	"attributes": {
		"trappableByType": {
			"*-chrysocyon*": {
				"small": { "trapChance": 0.3,	"trapDestroyChance": 0.05 },
				"large": { "trapChance": 0.9,	"trapDestroyChance": 0 }
			},
			"*-dusicyon*": {
				"small": { "trapChance": 0.3,	"trapDestroyChance": 0.05 },
				"large": { "trapChance": 0.9,	"trapDestroyChance": 0 }
			},
			"*-speothos-pacivorus": {
				"small": { "trapChance": 0.4,	"trapDestroyChance": 0.05 },
				"large": { "trapChance": 0.9,	"trapDestroyChance": 0 }
			},
			"*": {
				"small": { "trapChance": 0.9,	"trapDestroyChance": 0.05 },
				"large": { "trapChance": 0.95,	"trapDestroyChance": 0.0 }
			}
		},
		"creatureDietByType": {
			"*-chrysocyon-brachyurus":{
			"foodCategories": ["Vegetable"],
			"weightedFoodTags": [
				{ "weight": 1, "code": "egg" },
				{ "weight": 0.2, "code": "fish" },
				{ "weight": 1, "code": "fruit" },
				{ "weight": 0.9, "code": "fruitmash" },
				{ "weight": 0.2, "code": "grass" },
				{ "weight": 0.1, "code": "insect" },
				{ "weight": 0.2, "code": "meat" },
				{ "weight": 0.1, "code": "nibbleCrop" },
				{ "weight": 0.2, "code": "peanut" },
				{ "weight": 0.9, "code": "sweetBerryBush" },
				{ "weight": 0.4, "code": "tastyvegetable" }
			]
		},
			"*-dusicyon-*":{
			"weightedFoodTags": [
				{ "weight": 1, "code": "egg" },
				{ "weight": 0.7, "code": "fish" },
				{ "weight": 0.3, "code": "insect" },
				{ "weight": 0.9, "code": "meat" }
			]
		},
			"*-speothos-*":{
			"weightedFoodTags": [
				{ "weight": 1, "code": "egg" },
				{ "weight": 0.7, "code": "fish" },
				{ "weight": 0.3, "code": "insect" },
				{ "weight": 0.9, "code": "meat" }
			]
		},
			"*":{
			"weightedFoodTags": [
				{ "weight": 1, "code": "egg" },
				{ "weight": 0.6, "code": "fish" },
				{ "weight": 0.1, "code": "fruit" },
				{ "weight": 0.1, "code": "fruitmash" },
				{ "weight": 0.7, "code": "insect" },
				{ "weight": 0.9, "code": "meat" },
				{ "weight": 0.1, "code": "sweetBerryBush" }
			]
		}},
		"handbook": {"groupcode": "creaturegroup-cerdocyonina"},
		"killedByInfoText": "deadcreature-eaten"
	},
	"drops": [],
	"client": {
		"renderer": "Shape",
		"shapeByType": {
		"*-atelocynus-microtis": { "base": "entity/animal/mammal/cerdocyonina/microtis-baby" },
		"*-cerdocyon-thous": { "base": "entity/animal/mammal/cerdocyonina/microtis-baby" },
		"*-chrysocyon-brachyurus": { "base": "entity/animal/mammal/cerdocyonina/microtis-baby" },
		"*-dusicyon-australis": { "base": "entity/animal/mammal/cerdocyonina/microtis-baby" },
		"*-dusicyon-avus": { "base": "entity/animal/mammal/cerdocyonina/microtis-baby" },
		"*-lycalopex-culpaeus": { "base": "entity/animal/mammal/cerdocyonina/microtis-baby" },
		"*-lycalopex-fulvipes": { "base": "entity/animal/mammal/cerdocyonina/microtis-baby" },
		"*-lycalopex-griseus": { "base": "entity/animal/mammal/cerdocyonina/microtis-baby" },
		"*-lycalopex-gymnocercus": { "base": "entity/animal/mammal/cerdocyonina/microtis-baby" },
		"*-lycalopex-sechurae": { "base": "entity/animal/mammal/cerdocyonina/microtis-baby" },
		"*-lycalopex-vetulus": { "base": "entity/animal/mammal/cerdocyonina/microtis-baby" },
		"*-speothos-pacivorus": { "base": "entity/animal/mammal/cerdocyonina/venaticus-baby" },
		"*-speothos-venaticus": { "base": "entity/animal/mammal/cerdocyonina/venaticus-baby" }
		},
		"textureByType": {
			"*-atelocynus-microtis": { "base": "entity/animal/mammal/atelocynus/microtis-baby" },
			"*-cerdocyon-thous": { "base": "entity/animal/mammal/cerdocyon/thous-baby" },
			"*-chrysocyon-brachyurus": { "base": "entity/animal/mammal/chrysocyon/brachyurus-baby"}, 
			"*-dusicyon-australis": { "base": "entity/animal/mammal/dusicyon/australis-baby" },
			"*-dusicyon-avus": { "base": "entity/animal/mammal/dusicyon/australis-baby" },
			"*-lycalopex-culpaeus": { "base": "entity/animal/mammal/lycalopex/culpaeus-baby" },
			"*-lycalopex-fulvipes": { "base": "entity/animal/mammal/lycalopex/fulvipes-baby" },
			"*-lycalopex-griseus": { "base": "entity/animal/mammal/vulpes/corsac-baby" },
			"*-lycalopex-gymnocercus": { "base": "entity/animal/mammal/vulpes/pallida-baby" },
			"*-lycalopex-sechurae": { "base": "entity/animal/mammal/vulpes/macrotis-baby" },
			"*-lycalopex-vetulus": { "base": "entity/animal/mammal/vulpes/macrotis-baby" },
			"*-speothos-pacivorus": { "base": "entity/animal/mammal/speothos/venaticus-baby" },
			"*-speothos-venaticus": { "base": "entity/animal/mammal/speothos/venaticus-baby" }
		},
		"sizeByType": {
		"*-atelocynus-microtis": 0.25,
		"*-cerdocyon-thous": 0.25,
		"*-chrysocyon-brachyurus": 0.5,
		"*-dusicyon-australis": 0.3,
		"*-dusicyon-avus": 0.4,
		"*-lycalopex-culpaeus": 0.3,
		"*-lycalopex-fulvipes": 0.25,
		"*-lycalopex-griseus": 0.3,
		"*-lycalopex-gymnocercus": 0.3,
		"*-lycalopex-sechurae": 0.3,
		"*-lycalopex-vetulus": 0.25,
		"*-speothos-pacivorus": 0.5,
		"*-speothos-venaticus": 0.3
		},
		"sizeGrowthFactor": 0.2,
		"behaviors": [
			{"code": "repulseagents" },
			{"code": "controlledphysics","stepHeight": 1.1251},
			{"code": "floatupwhenstuck","onlyWhenDead": true},
			{"code": "interpolateposition" },
			{"code": "harvestable","quantitySlots": 8},
			{"code": "despawn","minPlayerDistance": 8,"belowLightLevel": 8,"minSeconds": 300},
			{"code": "ropetieable","minGeneration": 2}
		],
		"animations": [
			{"code": "hurt","animation": "Hurt","animationSpeed": 2.2,"weight": 10,"blendMode": "AddAverage"},
			{"code": "die","animation": "Death","animationSpeed": 1.25,"weight": 10,"blendMode": "Average","triggeredBy": { "onControls": [ "dead" ] }},
			{"code": "idle","animation": "Idle","blendMode": "AddAverage","easeOutSpeed": 4,"triggeredBy": { "defaultAnim": true }},
			{"code": "sleep","animation": "Sleep","easeInSpeed": 4,"easeOutSpeed": 4,"blendMode": "Average"},
			{"code": "sit","animation": "Sit","easeInSpeed": 4,"easeOutSpeed": 4,"blendMode": "Average"},
			{"code": "lie","animation": "Lie","easeInSpeed": 4,"easeOutSpeed": 4,"blendMode": "Average"},
			{"code": "swim","animation": "Swim","supressDefaultAnimation": true,"blendMode": "Average"},
			{"code": "walk","animation": "Walk","supressDefaultAnimation": true,"blendMode": "Average"},
			{"code": "trot","animation": "Trot","supressDefaultAnimation": true,"blendMode": "Average"},
			{"code": "canter","animation": "Canter","supressDefaultAnimation": true,"blendMode": "Average"},
			{"code": "gallop","animation": "Gallop","supressDefaultAnimation": true,"blendMode": "Average"}
		]
	},
	"server": {
		"attributes": {
			"pathfinder": {
				"minTurnAnglePerSec": 90,
				"maxTurnAnglePerSec": 360
			}
		},
		"behaviors": [
			{ "code": "repulseagents" },
			{"code": "controlledphysics","stepHeight": 1.1251},
			{"code": "despawn","minPlayerDistance": 8,"belowLightLevel": 8,"minSeconds": 300},
			{"code": "health",
				"maxhealthByType": {
				"*-atelocynus-microtis": 3,
				"*-cerdocyon-thous": 2,
				"*-chrysocyon-brachyurus": 4,
				"*-dusicyon-australis": 3,
				"*-dusicyon-avus": 4,
				"*-lycalopex-culpaeus": 3,
				"*-lycalopex-fulvipes": 2,
				"*-lycalopex-griseus": 2,
				"*-lycalopex-gymnocercus": 2,
				"*-lycalopex-sechurae": 2,
				"*-lycalopex-vetulus": 2,
				"*-speothos-pacivorus": 4,
				"*-speothos-venaticus": 3
				}
			},
			{"code": "deaddecay",
				"hoursToDecay": 96,
				"decayedBlockByType": {
				"*": "carcass-tiny"
				}
			},
			{"code": "floatupwhenstuck","onlyWhenDead": true},
			{"code": "harvestable",
				"quantitySlots": 8,
				"drops": [
					{
						"type": "item",
						"code": "game:bushmeat-raw",
						"quantityByType": {
							"*-chrysocyon-brachyurus": {"avg": 1,"var": 0.3},
							"*-dusicyon-australis": {"avg": 1,"var": 0.3},
							"*-dusicyon-avus": {"avg": 1,"var": 0.3},
							"*-speothos-pacivorus": {"avg": 1,"var": 0.3}
						}
					},
					{
						"type": "item",
						"code": "caninae:pelt-raw-cerdocyonina-baby-{genus}-{species}",
						"quantityByType": {
							"*": { "offset": 1, "avg": 0, "var": 0 }
						}
					}
				]
			},
			{"code": "breathe" },
			{"code": "emotionstates",
				"states": [
					{"code": "fleeondamage","duration": 120,
						"chanceByType": {
							"*-cerdocyonina-*": 0.99
						},
						"slot": 2,"priority": 5,"accumType": "max","whenHealthRelBelow": 0.99},
					{"code": "fleeondamage","duration": 60,"chance": 1,"slot": 2,"priority": 1,"accumType": "max"},
					{"code": "alarmherdondamage","chance": 1,"slot": 1,"priority": 1,"accumType": "max"},
					{"code": "saturated","duration": 1440,"chance": 1,"slot": 0,"priority": 1,"accumType": "sum"}
				]
			},
			{"code": "grow",
				"hoursToGrowByType": {
					"*-atelocynus-microtis": 525,
					"*-cerdocyon-thous": 131,
					"*-chrysocyon-brachyurus": 175,
					"*-dusicyon-australis": 175,
					"*-dusicyon-avus": 175,
					"*-lycalopex-culpaeus": 175,
					"*-lycalopex-fulvipes": 175,
					"*-lycalopex-griseus": 175,
					"*-lycalopex-gymnocercus": 175,
					"*-lycalopex-sechurae": 175,
					"*-lycalopex-vetulus": 175,
					"*-speothos-pacivorus": 175,
					"*-speothos-venaticus": 175
				},
				"adultEntityCodes": [ "caninae:caninae-cerdocyonina-adult-{gender}-{genus}-{species}" ]
			},
			{
				"code": "taskai",
				"aiCreatureType": "LandCreature",
				"aitasks": [
					//-------------------------Movement Speed tests-------------------------//
						//wandering run at any time
					{
						"code": "wander-r",
						"enabled":  false,
						"priority": 10.8,
						"priorityForCancel": 12.0,
						"animation": "Gallop",
						"mindurationMs": 80000,
						"movespeedByType": {
							"*-atelocynus-microtis": 0.013,
							"*-cerdocyon-thous": 0.013,
							"*-chrysocyon-brachyurus":0.026,
							"*-dusicyon-australis":0.015,
							"*-dusicyon-avus":0.024,
							"*-lycalopex-culpaeus":0.015,
							"*-lycalopex-fulvipes":0.013,
							"*-lycalopex-griseus":0.015,
							"*-lycalopex-gymnocercus":0.015,
							"*-lycalopex-sechurae":0.015,
							"*-lycalopex-vetulus":0.013,
							"*-speothos-pacivorus":0.03,
							"*-speothos-venaticus":0.015
						},
						"animationSpeed": 2,
						"stopOnHurt": true,
						"whenSwimming": false,
						"DontExecuteIfRecentlyAttacked": true,
						"tagsAppliedToEntity": ["state-moving"],
						"whenNotInEmotionState": ["aggressiveondamage","fleeondamage"]
					},
						//wandering canter at any time
					{
						"code": "wander-r",
						"enabled":  false,
						"priority": 10.8,
						"priorityForCancel": 12.0,
						"animation": "Canter",
						"mindurationMs": 80000,
						"movespeedByType": {
							"*-atelocynus-microtis": 0.0065,
							"*-cerdocyon-thous": 0.0065,
							"*-chrysocyon-brachyurus":0.013,
							"*-dusicyon-australis":0.0075,
							"*-dusicyon-avus":0.012,
							"*-lycalopex-culpaeus":0.0075,
							"*-lycalopex-fulvipes":0.0065,
							"*-lycalopex-griseus":0.0075,
							"*-lycalopex-gymnocercus":0.0075,
							"*-lycalopex-sechurae":0.0075,
							"*-lycalopex-vetulus":0.0065,
							"*-speothos-pacivorus":0.015,
							"*-speothos-venaticus":0.0075
						},
						"animationSpeed": 2,
						"stopOnHurt": true,
						"whenSwimming": false,
						"DontExecuteIfRecentlyAttacked": true,
						"tagsAppliedToEntity": ["state-moving"],
						"whenNotInEmotionState": ["aggressiveondamage","fleeondamage"]
					},
						//wandering trot at any time
					{
						"code": "wander-r",
						"enabled":  false,
						"priority": 10.8,
						"priorityForCancel": 12.0,
						"animation": "Trot",
						"mindurationMs": 80000,
						"movespeedByType": {
							"*-atelocynus-microtis": 0.0013,
							"*-cerdocyon-thous": 0.0013,
							"*-chrysocyon-brachyurus":0.0026,
							"*-dusicyon-australis":0.0015,
							"*-dusicyon-avus":0.0024,
							"*-lycalopex-culpaeus":0.0015,
							"*-lycalopex-fulvipes":0.0013,
							"*-lycalopex-griseus":0.0015,
							"*-lycalopex-gymnocercus":0.0015,
							"*-lycalopex-sechurae":0.0015,
							"*-lycalopex-vetulus":0.0013,
							"*-speothos-pacivorus":0.003,
							"*-speothos-venaticus":0.0015
						},
						"animationSpeed": 2,
						"stopOnHurt": true,
						"whenSwimming": false,
						"DontExecuteIfRecentlyAttacked": true,
						"tagsAppliedToEntity": ["state-moving"],
						"whenNotInEmotionState": ["aggressiveondamage","fleeondamage"]
					},
						//wandering walk at any time
					{
						"code": "wander-r",
						"enabled":  false,
						"priority": 10.8,
						"priorityForCancel": 12.0,
						"animation": "Walk",
						"mindurationMs": 80000,
						"movespeedByType": {
							"*-atelocynus-microtis": 0.00065,
							"*-cerdocyon-thous": 0.00065,
							"*-chrysocyon-brachyurus":0.0013,
							"*-dusicyon-australis":0.00075,
							"*-dusicyon-avus":0.0012,
							"*-lycalopex-culpaeus":0.00075,
							"*-lycalopex-fulvipes":0.00065,
							"*-lycalopex-griseus":0.00075,
							"*-lycalopex-gymnocercus":0.00075,
							"*-lycalopex-sechurae":0.00075,
							"*-lycalopex-vetulus":0.00065,
							"*-speothos-pacivorus":0.0015,
							"*-speothos-venaticus":0.00075
						},
						"animationSpeed": 1,
						"stopOnHurt": true,
						"whenSwimming": false,
						"DontExecuteIfRecentlyAttacked": true,
						"tagsAppliedToEntity": ["state-moving"],
						"whenNotInEmotionState": ["aggressiveondamage","fleeondamage"]
					},
					//-------------------------Leave Deadly Conditions-------------------------//
						//fleeing when injured
					{
						"code": "fleeentity-r",
						"priority": 9.41,
						"priorityForCancel": 9.41,
						"animation": "Gallop",
						"entityCodes": [],
						"skipEntityTags": [["carcass","egg","nest","state-burrowed","state-sneaking"]],
						"targetLightLevels": [3, 16, 22, 28],
						"movespeedByType": {
							"*-atelocynus-microtis": 0.013,
							"*-cerdocyon-thous": 0.013,
							"*-chrysocyon-brachyurus":0.026,
							"*-dusicyon-australis":0.015,
							"*-dusicyon-avus":0.024,
							"*-lycalopex-culpaeus":0.015,
							"*-lycalopex-fulvipes":0.013,
							"*-lycalopex-griseus":0.015,
							"*-lycalopex-gymnocercus":0.015,
							"*-lycalopex-sechurae":0.015,
							"*-lycalopex-vetulus":0.013,
							"*-speothos-pacivorus":0.03,
							"*-speothos-venaticus":0.015
						},
						"animationSpeed": 2,
						"seekingRange": 20,
						"fleeingDistance" : 50,
						"fleeDurationWhenTargetLost": 20000,
						"whenInEmotionState": ["fleeondamage"],
						"tagsAppliedToEntity": ["state-moving","state-sprinting"],
						"whenSwimming": false

					},
						//fleeing when injured in water
					{
						"code": "fleeentity-r",
						"priority": 9.41,
						"priorityForCancel": 9.41,
						"animation": "Swim",
						"entityCodes": [],
						"targetLightLevels": [3, 16, 22, 28],
						"movespeedByType": {
							"*-atelocynus-microtis": 0.006,
							"*-cerdocyon-thous": 0.006,
							"*-chrysocyon-brachyurus":0.012,
							"*-dusicyon-australis":0.009,
							"*-dusicyon-avus":0.01,
							"*-lycalopex-culpaeus":0.009,
							"*-lycalopex-fulvipes":0.006,
							"*-lycalopex-griseus":0.0072,
							"*-lycalopex-gymnocercus":0.0072,
							"*-lycalopex-sechurae":0.0072,
								"*-lycalopex-vetulus":0.006,
								"*-speothos-pacivorus":0.014,
								"*-speothos-venaticus":0.0072
						},
						"animationSpeed": 1,
						"seekingRange": 120,
						"fleeingDistance" : 180,
						"fleeDurationWhenTargetLost": 60000,
						"whenSwimming": true,
						"whenInEmotionState": ["fleeondamage"],
						"tagsAppliedToEntity": ["state-feet-in-liquid","state-moving","state-swimming"]

					},
						//fleeing when injured slower to finish flee on damage emotion state
					{
						"code": "fleeentity-r",
						"priority": 9.4,
						"priorityForCancel": 9.4,
						"animation": "Canter",
						"entityCodes": [],
						"skipEntityTags": [["carcass","egg","nest","state-burrowed","state-sneaking"]],
						"targetLightLevels": [3, 16, 22, 28],
						"movespeedByType": {
							"*-atelocynus-microtis": 0.0065,
							"*-cerdocyon-thous": 0.0065,
							"*-chrysocyon-brachyurus":0.013,
							"*-dusicyon-australis":0.0075,
							"*-dusicyon-avus":0.012,
							"*-lycalopex-culpaeus":0.0075,
							"*-lycalopex-fulvipes":0.0065,
							"*-lycalopex-griseus":0.0075,
							"*-lycalopex-gymnocercus":0.0075,
							"*-lycalopex-sechurae":0.0075,
							"*-lycalopex-vetulus":0.0065,
							"*-speothos-pacivorus":0.015,
							"*-speothos-venaticus":0.0075
						},
						"animationSpeed": 2,
						"seekingRange": 120,
						"fleeingDistance" : 180,
						"fleeDurationWhenTargetLost": 60000,
						"whenInEmotionState": ["fleeondamage"],
						"tagsAppliedToEntity": ["state-moving","state-sprinting"],
						"whenSwimming": false
					},
					//-------------------------Avoid Dangerous Entities-------------------------//
						//fleeing due to dangerous threat display
					{
						"code": "fleeentity-r",
						"priority": 5.8,
						"priorityForCancel": 6.0,
						"animation": "Canter",
						"minTargetWeight": 0.01,
						"maxTargetWeight": 1,
						"entityTags": [["predator","huntable"],["venomous","ferocious","defended","state-armed","has-open-fire"]],
						"skipEntityTags": [["carcass","egg","nest","state-burrowed","state-sneaking","cerdocyoninatag"]],
						"skipEntityCodes": ["caninae-cerdocyonina-adult-female-{genus}-{species}","caninae-cerdocyonina-adult-male-{genus}-{species}","caninae-cerdocyonina-baby-female-{genus}-{species}","caninae-cerdocyonina-baby-male-{genus}-{species}"],
						"targetLightLevels": [1, 14, 22, 28],
						"movespeedByType": {
							"*-atelocynus-microtis": 0.0065,
							"*-cerdocyon-thous": 0.0065,
							"*-chrysocyon-brachyurus":0.013,
							"*-dusicyon-australis":0.0075,
							"*-dusicyon-avus":0.012,
							"*-lycalopex-culpaeus":0.0075,
							"*-lycalopex-fulvipes":0.0065,
							"*-lycalopex-griseus":0.0075,
							"*-lycalopex-gymnocercus":0.0075,
							"*-lycalopex-sechurae":0.0075,
							"*-lycalopex-vetulus":0.0065,
							"*-speothos-pacivorus":0.015,
							"*-speothos-venaticus":0.0075
						},
						"animationSpeed": 2,
						"seekingRange": 6,
						"fleeingDistance" : 50,
						"fleeDurationWhenTargetLost": 20000,
						"tagsAppliedToEntity": ["ferocious","state-moving","state-sprinting"],
						"whenSwimming": false,
						"whenNotInEmotionState": ["aggressiveondamage","fleeondamage"]

					},
						//fleeing due to passive threat display
					{
						"code": "fleeentity-r",
						"priority": 5.8,
						"priorityForCancel": 6.0,
						"animation": "Trot",
						"minTargetWeight": 0.01,
						"maxTargetWeight": 1,
						"entityTags": [["huntable"],["prickly","defended","shelled","state-armed","has-open-fire"]],
						"skipEntityTags": [["carcass","egg","nest","state-burrowed","state-sneaking","cerdocyoninatag"]],
						"skipEntityCodes": ["caninae-cerdocyonina-adult-female-{genus}-{species}","caninae-cerdocyonina-adult-male-{genus}-{species}","caninae-cerdocyonina-baby-female-{genus}-{species}","caninae-cerdocyonina-baby-male-{genus}-{species}"],
						"targetLightLevels": [1, 14, 22, 28],
						"movespeedByType": {
							"*-atelocynus-microtis": 0.0013,
							"*-cerdocyon-thous": 0.0013,
							"*-chrysocyon-brachyurus":0.0026,
							"*-dusicyon-australis":0.0015,
							"*-dusicyon-avus":0.0024,
							"*-lycalopex-culpaeus":0.0015,
							"*-lycalopex-fulvipes":0.0013,
							"*-lycalopex-griseus":0.0015,
							"*-lycalopex-gymnocercus":0.0015,
							"*-lycalopex-sechurae":0.0015,
							"*-lycalopex-vetulus":0.0013,
							"*-speothos-pacivorus":0.003,
							"*-speothos-venaticus":0.0015
						},
						"animationSpeed": 2,
						"seekingRange": 6,
						"fleeingDistance" : 16,
						"fleeDurationWhenTargetLost": 20000,
						"tagsAppliedToEntity": ["ferocious","state-moving","state-sprinting"],
						"whenSwimming": false,
						"whenNotInEmotionState": ["aggressiveondamage","fleeondamage"]
					},
						//dart away from projectiles/vehicles
					{
						"code": "fleeentity-r",
						"priority": 5.6,
						"priorityForCancel": 6.0,
						"animation": "Canter",
						"entityTags": [["projectile","vehicle"]],
						"targetLightLevels": [1, 14, 22, 28],
						"movespeedByType": {
							"*-atelocynus-microtis": 0.0065,
							"*-cerdocyon-thous": 0.0065,
							"*-chrysocyon-brachyurus":0.013,
							"*-dusicyon-australis":0.0075,
							"*-dusicyon-avus":0.012,
							"*-lycalopex-culpaeus":0.0075,
							"*-lycalopex-fulvipes":0.0065,
							"*-lycalopex-griseus":0.0075,
							"*-lycalopex-gymnocercus":0.0075,
							"*-lycalopex-sechurae":0.0075,
							"*-lycalopex-vetulus":0.0065,
							"*-speothos-pacivorus":0.015,
							"*-speothos-venaticus":0.0075
						},
						"animationSpeed": 2,
						"fleeDurationMS": 500,
						"seekingRange": 5,
						"fleeingDistance": 2,
						"stopOnHurt": true,
						"whenSwimming": false,
						"tagsAppliedToEntity": ["state-moving","state-sprinting"]
					},
						//avoid dangerous entities at close range
					{
						"code": "fleeentity-r",
						"priority": 5.6,
						"priorityForCancel": 6.0,
						"animation": "Canter",
						"minTargetWeight": 0.125,
						"maxTargetWeight": 999,
						"entityTags": [["ferocious","mechanical","predator","rust-creature","swarm","venomous"]],
						"skipEntityTags": [["carcass","nest","state-burrowed","state-sneaking","cerdocyoninatag"]],
						"skipEntityCodes": ["caninae-cerdocyonina-adult-female-{genus}-{species}","caninae-cerdocyonina-adult-male-{genus}-{species}","caninae-cerdocyonina-baby-female-{genus}-{species}","caninae-cerdocyonina-baby-male-{genus}-{species}"],
						"targetLightLevels": [1, 14, 22, 28],
						"movespeedByType": {
							"*-atelocynus-microtis": 0.0065,
							"*-cerdocyon-thous": 0.0065,
							"*-chrysocyon-brachyurus":0.013,
							"*-dusicyon-australis":0.0075,
							"*-dusicyon-avus":0.012,
							"*-lycalopex-culpaeus":0.0075,
							"*-lycalopex-fulvipes":0.0065,
							"*-lycalopex-griseus":0.0075,
							"*-lycalopex-gymnocercus":0.0075,
							"*-lycalopex-sechurae":0.0075,
							"*-lycalopex-vetulus":0.0065,
							"*-speothos-pacivorus":0.015,
							"*-speothos-venaticus":0.0075
						},
						"animationSpeed": 2,
						"fleeDurationWhenTargetLost": 20000,
						"seekingRange": 10,
						"fleeingDistance": 40,
						"stopOnHurt": true,
						"whenSwimming": false,
						"tagsAppliedToEntity": ["state-moving","state-sprinting"]
					},
						//avoid dangerous entities at close range
					{
						"code": "fleeentity-r",
						"priority": 5.6,
						"priorityForCancel": 6.0,
						"animation": "Canter",
						"entityTags": [["boss","mechanical","rust-creature","swarm","venomous"]],
						"skipEntityTags": [["state-burrowed","state-sneaking"]],
						"targetLightLevels": [1, 14, 22, 28],
						"movespeedByType": {
							"*-atelocynus-microtis": 0.0065,
							"*-cerdocyon-thous": 0.0065,
							"*-chrysocyon-brachyurus":0.013,
							"*-dusicyon-australis":0.0075,
							"*-dusicyon-avus":0.012,
							"*-lycalopex-culpaeus":0.0075,
							"*-lycalopex-fulvipes":0.0065,
							"*-lycalopex-griseus":0.0075,
							"*-lycalopex-gymnocercus":0.0075,
							"*-lycalopex-sechurae":0.0075,
							"*-lycalopex-vetulus":0.0065,
							"*-speothos-pacivorus":0.015,
							"*-speothos-venaticus":0.0075
						},
						"animationSpeed": 2,
						"fleeDurationWhenTargetLost": 20000,
						"seekingRange": 10,
						"fleeingDistance": 40,
						"stopOnHurt": true,
						"whenSwimming": false,
						"tagsAppliedToEntity": ["state-moving","state-sprinting"]
					},
						//avoid large dangerous entities at mid range
					{
						"code": "fleeentity-r",
						"priority": 5.2,
						"priorityForCancel": 5.4,
						"animation": "Trot",
						"minTargetWeight": 5,
						"maxTargetWeight": 9999,
						"entityTags": [["ferocious","boss","huntable","mechanical","predator","rust-creature","has-open-fire"]],
						"skipEntityCodes": ["caninae-cerdocyonina-adult-female-{genus}-{species}","caninae-cerdocyonina-adult-male-{genus}-{species}","caninae-cerdocyonina-baby-female-{genus}-{species}","caninae-cerdocyonina-baby-male-{genus}-{species}"],
						"skipEntityTags": [["state-burrowed","state-sneaking","cerdocyoninatag"]],
						"targetLightLevels": [1, 14, 22, 28],
						"movespeedByType": {
							"*-atelocynus-microtis": 0.0013,
							"*-cerdocyon-thous": 0.0013,
							"*-chrysocyon-brachyurus":0.0026,
							"*-dusicyon-australis":0.0015,
							"*-dusicyon-avus":0.0024,
							"*-lycalopex-culpaeus":0.0015,
							"*-lycalopex-fulvipes":0.0013,
							"*-lycalopex-griseus":0.0015,
							"*-lycalopex-gymnocercus":0.0015,
							"*-lycalopex-sechurae":0.0015,
							"*-lycalopex-vetulus":0.0013,
							"*-speothos-pacivorus":0.003,
							"*-speothos-venaticus":0.0015
						},
						"animationSpeed": 2,
						"fleeDurationWhenTargetLost": 10000,
						"seekingRange": 15,
						"fleeingDistance": 40,
						"stopOnHurt": true,
						"whenSwimming": false,
						"tagsAppliedToEntity": ["state-moving"]
					},
						//avoid large dangerous entities at long range
					{
						"code": "fleeentity-r",
						"priority": 5.0,
						"priorityForCancel": 5.2,
						"animation": "Trot",
						"minTargetWeight": 1,
						"entityTags": [["boss","rust-creature"]],
						"skipEntityTags": [["state-burrowed","state-sneaking","cerdocyoninatag"]],
						"targetLightLevels": [1, 14, 22, 28],
						"movespeedByType": {
							"*-atelocynus-microtis": 0.0013,
							"*-cerdocyon-thous": 0.0013,
							"*-chrysocyon-brachyurus":0.0026,
							"*-dusicyon-australis":0.0015,
							"*-dusicyon-avus":0.0024,
							"*-lycalopex-culpaeus":0.0015,
							"*-lycalopex-fulvipes":0.0013,
							"*-lycalopex-griseus":0.0015,
							"*-lycalopex-gymnocercus":0.0015,
							"*-lycalopex-sechurae":0.0015,
							"*-lycalopex-vetulus":0.0013,
							"*-speothos-pacivorus":0.003,
							"*-speothos-venaticus":0.0015
						},
						"animationSpeed": 2,
						"stopOnHurt": true,
						"whenSwimming": false,
						"seekingRange": 50,
						"fleeingDistance": 60,
						"tagsAppliedToEntity": ["state-moving"]
					},
						//avoid large entities when not hungry
					{
						"code": "fleeentity-r",
						"priority": 5.0,
						"priorityForCancel": 5.2,
						"animation": "Trot",
						"minTargetWeight": 1,
						"maxTargetWeight": 99999,
						"entityTags": [["animal","humanoid","huntable"]],
						"skipEntityTags": [["carcass","nest","state-burrowed","state-sneaking","cerdocyoninatag"]],
						"skipEntityCodes": ["caninae-cerdocyonina-adult-female-{genus}-{species}","caninae-cerdocyonina-adult-male-{genus}-{species}","caninae-cerdocyonina-baby-female-{genus}-{species}","caninae-cerdocyonina-baby-male-{genus}-{species}"],
						"targetLightLevels": [1, 14, 22, 28],
						"movespeedByType": {
							"*-atelocynus-microtis": 0.0013,
							"*-cerdocyon-thous": 0.0013,
							"*-chrysocyon-brachyurus":0.0026,
							"*-dusicyon-australis":0.0015,
							"*-dusicyon-avus":0.0024,
							"*-lycalopex-culpaeus":0.0015,
							"*-lycalopex-fulvipes":0.0013,
							"*-lycalopex-griseus":0.0015,
							"*-lycalopex-gymnocercus":0.0015,
							"*-lycalopex-sechurae":0.0015,
							"*-lycalopex-vetulus":0.0013,
							"*-speothos-pacivorus":0.003,
							"*-speothos-venaticus":0.0015
						},
						"animationSpeed": 2,
						"stopOnHurt": true,
						"whenSwimming": false,
						"seekingRange": 10,
						"fleeingDistance": 60,
						"tagsAppliedToEntity": ["state-moving"],
						"whenNotInEmotionState": ["saturated"]
					},
						//avoid giant entities at long range
					{
						"code": "fleeentity-r",
						"priority": 5.0,
						"priorityForCancel": 5.2,
						"animation": "Trot",
						"minTargetWeight": 10,
						"entityTags": [["animal","humanoid","huntable"]],
						"skipEntityTags": [["carcass","nest","state-burrowed","state-sneaking","cerdocyoninatag"]],
						"skipEntityCodes": ["caninae-cerdocyonina-adult-female-{genus}-{species}","caninae-cerdocyonina-adult-male-{genus}-{species}","caninae-cerdocyonina-baby-female-{genus}-{species}","caninae-cerdocyonina-baby-male-{genus}-{species}"],
						"targetLightLevels": [1, 14, 22, 28],
						"movespeedByType": {
							"*-atelocynus-microtis": 0.0013,
							"*-cerdocyon-thous": 0.0013,
							"*-chrysocyon-brachyurus":0.0026,
							"*-dusicyon-australis":0.0015,
							"*-dusicyon-avus":0.0024,
							"*-lycalopex-culpaeus":0.0015,
							"*-lycalopex-fulvipes":0.0013,
							"*-lycalopex-griseus":0.0015,
							"*-lycalopex-gymnocercus":0.0015,
							"*-lycalopex-sechurae":0.0015,
							"*-lycalopex-vetulus":0.0013,
							"*-speothos-pacivorus":0.003,
							"*-speothos-venaticus":0.0015
						},
						"animationSpeed": 2,
						"soundByType": {"*":"caninae:creature/speothos/venaticus-hurt"},
						"soundVolume": 0.5,
						"soundRangeByType": {"*": 20},
						"stopOnHurt": true,
						"whenSwimming": false,
						"seekingRange": 20,
						"fleeingDistance": 60,
						"tagsAppliedToEntity": ["state-moving"]
					},
					//-------------------------Food Seeking-------------------------//
						//if hungry eat favorite foods from POI
					{
						"code": "seekfoodandeat-r",
						"priority": 4.7,
						"priorityForCancel": 5.0,
						"animation": "Trot",
						"eatAnimation": "Eat",
						"eatAnimationLooseItems": "Eat",
						"movespeedByType": {
							"*-atelocynus-microtis": 0.0013,
							"*-cerdocyon-thous": 0.0013,
							"*-chrysocyon-brachyurus":0.0026,
							"*-dusicyon-australis":0.0015,
							"*-dusicyon-avus":0.0024,
							"*-lycalopex-culpaeus":0.0015,
							"*-lycalopex-fulvipes":0.0013,
							"*-lycalopex-griseus":0.0015,
							"*-lycalopex-gymnocercus":0.0015,
							"*-lycalopex-sechurae":0.0015,
							"*-lycalopex-vetulus":0.0013,
							"*-speothos-pacivorus":0.003,
							"*-speothos-venaticus":0.0015
						},
						"animationSpeed": 2,
						"mindurationMS": 4000,
						"maxdurationMS": 4000,
						"mincooldownHours": 1,
						"maxcooldownHours": 4,
						"eatTime": 2,
						"eatLooseItems": true,
						"eatSound" : "game:creature/animal-eat1",
						"stopOnHurt": true,
						"whenSwimming": false,
						"DontExecuteIfRecentlyAttacked": true,
						"tagsAppliedToEntity": ["state-moving"],
						"whenNotInEmotionState": ["aggressiveondamage","fleeondamage"]
					},
					//-------------------------Leave Hazardous condtions-------------------------//
						//getting out of water
					{
						"code": "getoutofwater-r",
						"priority": 3.61,
						"priorityForCancel": 5.0,
						"animation": "Swim",
						"movespeedByType": {
							"*-atelocynus-microtis": 0.006,
							"*-cerdocyon-thous": 0.006,
							"*-chrysocyon-brachyurus":0.012,
							"*-dusicyon-australis":0.009,
							"*-dusicyon-avus":0.01,
							"*-lycalopex-culpaeus":0.009,
							"*-lycalopex-fulvipes":0.006,
							"*-lycalopex-griseus":0.0072,
							"*-lycalopex-gymnocercus":0.0072,
							"*-lycalopex-sechurae":0.0072,
								"*-lycalopex-vetulus":0.006,
								"*-speothos-pacivorus":0.014,
								"*-speothos-venaticus":0.0072
						},
						"animationSpeed": 1,
						"rangeSearchAttemptsFactor": 2.5,
						"whenSwimming": true,
						"tagsAppliedToEntity": ["state-moving","state-swimming"]
					},		
						//swim wandering to find the shore			
					{
						"code": "wander-r",
						"priority": 3.6,
						"priorityForCancel": 5.0,
						"animation": "Swim",
						"movespeedByType": {
							"*-atelocynus-microtis": 0.006,
							"*-cerdocyon-thous": 0.006,
							"*-chrysocyon-brachyurus":0.012,
							"*-dusicyon-australis":0.009,
							"*-dusicyon-avus":0.01,
							"*-lycalopex-culpaeus":0.009,
							"*-lycalopex-fulvipes":0.006,
							"*-lycalopex-griseus":0.0072,
							"*-lycalopex-gymnocercus":0.0072,
							"*-lycalopex-sechurae":0.0072,
								"*-lycalopex-vetulus":0.006,
								"*-speothos-pacivorus":0.014,
								"*-speothos-venaticus":0.0072
						},
						"animationSpeed": 1,
						"stopOnHurt": true,
						"whenSwimming": true,
						"DontExecuteIfRecentlyAttacked": true,
						"tagsAppliedToEntity": ["state-moving","state-swimming"],
						"whenNotInEmotionState": ["aggressiveondamage","fleeondamage"]
					},	
						//stay close to family outside hunting times dark side				
					{
						"code": "stayclosetoentity-r",
						"priority": 3.51,
						"priorityForCancel": 5.0,
						"animation": "Canter",
						"entityCodes": ["caninae-cerdocyonina-adult-female-{genus}-{species}"],
						"IgnoreDeadEntities": false,
						"targetLightLevels": [1, 14, 22, 28],
						"movespeedByType": {
							"*-atelocynus-microtis": 0.0065,
							"*-cerdocyon-thous": 0.0065,
							"*-chrysocyon-brachyurus":0.013,
							"*-dusicyon-australis":0.0075,
							"*-dusicyon-avus":0.012,
							"*-lycalopex-culpaeus":0.0075,
							"*-lycalopex-fulvipes":0.0065,
							"*-lycalopex-griseus":0.0075,
							"*-lycalopex-gymnocercus":0.0075,
							"*-lycalopex-sechurae":0.0075,
							"*-lycalopex-vetulus":0.0065,
							"*-speothos-pacivorus":0.015,
							"*-speothos-venaticus":0.0075
						},
						"animationSpeed": 2,
						"seekingRange": 240,
						"TargetEntitiesWithSameHerdId": true,
						"ExtraMinDistanceToTarget": 1,
						"extraTargetDistance": 0.25,
						"randomTargetOffset" : 1,
						"maxFollowTimeSec": 240, 
						"EntityLightLevels": [0,14],
						"EntityLightLevelType": "TimeOfDaySunLight",
						"stopOnHurt": true,
						"whenSwimming": false,
						"DontExecuteIfRecentlyAttacked": true,
						"tagsAppliedToEntity": ["state-moving"],
						"whenNotInEmotionState": ["aggressiveondamage","fleeondamage","saturated"]
					},	
						//stay close to family outside hunting times light side		
					{
						"code": "stayclosetoentity-r",
						"priority": 3.5,
						"priorityForCancel": 5.0,
						"animation": "Canter",
						"entityCodes": ["caninae-cerdocyonina-adult-female-{genus}-{species}","caninae-cerdocyonina-adult-male-{genus}-{species}","caninae-cerdocyonina-baby-female-{genus}-{species}","caninae-cerdocyonina-baby-male-{genus}-{species}"],
						"IgnoreDeadEntities": false,
						"targetLightLevels": [1, 14, 22, 28],
						"movespeedByType": {
							"*-atelocynus-microtis": 0.0065,
							"*-cerdocyon-thous": 0.0065,
							"*-chrysocyon-brachyurus":0.013,
							"*-dusicyon-australis":0.0075,
							"*-dusicyon-avus":0.012,
							"*-lycalopex-culpaeus":0.0075,
							"*-lycalopex-fulvipes":0.0065,
							"*-lycalopex-griseus":0.0075,
							"*-lycalopex-gymnocercus":0.0075,
							"*-lycalopex-sechurae":0.0075,
							"*-lycalopex-vetulus":0.0065,
							"*-speothos-pacivorus":0.015,
							"*-speothos-venaticus":0.0075
						},
						"animationSpeed": 2,
						"seekingRange": 240,
						"TargetEntitiesWithSameHerdId": true,
						"ExtraMinDistanceToTarget": 1,
						"extraTargetDistance": 1,
						"randomTargetOffset" : 1,
						"maxFollowTimeSec": 240, 
						"EntityLightLevels": [18,32],
						"EntityLightLevelType": "TimeOfDaySunLight",
						"stopOnHurt": true,
						"whenSwimming": false,
						"DontExecuteIfRecentlyAttacked": true,
						"tagsAppliedToEntity": ["state-moving"],
						"whenNotInEmotionState": ["aggressiveondamage","fleeondamage","saturated"]
					},				
						//wander out of darkness		
					{
						"code": "wander-r",
						"priority": 3.42,
						"priorityForCancel": 5.0,
						"animation": "Walk",
						"mindurationMs": 12000,
						"movespeedByType": {
							"*-atelocynus-microtis": 0.00065,
							"*-cerdocyon-thous": 0.00065,
							"*-chrysocyon-brachyurus":0.0013,
							"*-dusicyon-australis":0.00075,
							"*-dusicyon-avus":0.0012,
							"*-lycalopex-culpaeus":0.00075,
							"*-lycalopex-fulvipes":0.00065,
							"*-lycalopex-griseus":0.00075,
							"*-lycalopex-gymnocercus":0.00075,
							"*-lycalopex-sechurae":0.00075,
							"*-lycalopex-vetulus":0.00065,
							"*-speothos-pacivorus":0.0015,
							"*-speothos-venaticus":0.00075
						},
						"animationSpeed": 1,
						"EntityLightLevels": [0,8],
						"EntityLightLevelType": "MaxLight",
						"PreferredLightLevel": 32,
						"PreferredLightLevelType": "MaxLight",
						"MaxBlocksChecked" : 27,
						"wanderVerticalRangeMax": 3,
						"stopOnHurt": true,
						"whenSwimming": false,
						"DontExecuteIfRecentlyAttacked": true,
						"tagsAppliedToEntity": ["state-moving"],
						"whenNotInEmotionState": ["aggressiveondamage","fleeondamage"]
					},			
						//wander into shelter in cold
					{
						"code": "wander-r",
						"priority": 3.41,
						"priorityForCancel": 5.0,
						"animation": "Trot",
						"mindurationMs": 12000,
						"mincooldownHours": 0.5,
						"maxcooldownhours": 1,
						"movespeedByType": {
							"*-atelocynus-microtis": 0.0013,
							"*-cerdocyon-thous": 0.0013,
							"*-chrysocyon-brachyurus":0.0026,
							"*-dusicyon-australis":0.0015,
							"*-dusicyon-avus":0.0024,
							"*-lycalopex-culpaeus":0.0015,
							"*-lycalopex-fulvipes":0.0013,
							"*-lycalopex-griseus":0.0015,
							"*-lycalopex-gymnocercus":0.0015,
							"*-lycalopex-sechurae":0.0015,
							"*-lycalopex-vetulus":0.0013,
							"*-speothos-pacivorus":0.003,
							"*-speothos-venaticus":0.0015
						},
						"animationSpeed": 2,
						"TemperatureRangeByType": {
							"*microtis":[-99,22],
							"*thous":[-99,16],
							"*brachyurus":[-99,16],
							"*australis":[-99,-2],
							"*avus":[-99,4],
							"*culpaeus":[-99,0],
							"*fulvipes":[-99,10],
							"*griseus":[-99,0],
							"*gymnocercus":[-99,14],
							"*sechurae":[-99,14],
							"*vetulus":[-99,20],
							"*pacivorus":[-99,18],
							"*venaticus":[-99,16]
						},
						"EntityLightLevels": [22,32],
						"EntityLightLevelType": "MaxTimeOfDayLight",
						"PreferredLightLevel": 16,
						"PreferredLightLevelType": "MaxTimeOfDayLight",
						"MaxBlocksChecked" : 27,
						"stopOnHurt": true,
						"whenSwimming": false,
						"DontExecuteIfRecentlyAttacked": true,
						"tagsAppliedToEntity": ["state-moving"],
						"whenNotInEmotionState": ["aggressiveondamage","fleeondamage"]
					},	
					//-------------------------Domestic Behaviors-------------------------//
						//follow lead holder
					{
						"code": "followleadholder",
						"priority": 2.5,
						"priorityForCancel": 3.0,
						"animation": "Trot",
						"movespeedByType": {
							"*-atelocynus-microtis": 0.0013,
							"*-cerdocyon-thous": 0.0013,
							"*-chrysocyon-brachyurus":0.0026,
							"*-dusicyon-australis":0.0015,
							"*-dusicyon-avus":0.0024,
							"*-lycalopex-culpaeus":0.0015,
							"*-lycalopex-fulvipes":0.0013,
							"*-lycalopex-griseus":0.0015,
							"*-lycalopex-gymnocercus":0.0015,
							"*-lycalopex-sechurae":0.0015,
							"*-lycalopex-vetulus":0.0013,
							"*-speothos-pacivorus":0.003,
							"*-speothos-venaticus":0.0015
						},
						"animationSpeed": 2,
						"minGeneration": 2,
						"stopOnHurt": true,
						"tagsAppliedToEntity": ["state-moving"],
						"whenNotInEmotionState": ["aggressiveondamage","fleeondamage"]
					},
					//-------------------------Conditional Down Time-------------------------//
						//wander into shade during sleep times
					{
						"code": "wander-r",
						"priority": 1.51,
						"priorityForCancel": 2,
						"animation": "Trot",
						"mincooldownHours": 0.125,
						"maxcooldownhours": 0.25,
						"mindurationMs": 12000,
						"movespeedByType": {
							"*-atelocynus-microtis": 0.0013,
							"*-cerdocyon-thous": 0.0013,
							"*-chrysocyon-brachyurus":0.0026,
							"*-dusicyon-australis":0.0015,
							"*-dusicyon-avus":0.0024,
							"*-lycalopex-culpaeus":0.0015,
							"*-lycalopex-fulvipes":0.0013,
							"*-lycalopex-griseus":0.0015,
							"*-lycalopex-gymnocercus":0.0015,
							"*-lycalopex-sechurae":0.0015,
							"*-lycalopex-vetulus":0.0013,
							"*-speothos-pacivorus":0.003,
							"*-speothos-venaticus":0.0015
						},
						"animationSpeed": 2,
						"duringDayTimeFramesHoursByType": {
							"*-atelocynus-microtis":[[10,13],[15,16]],
							"*-cerdocyon-thous":[[7,17]],
							"*-chrysocyon-brachyurus":[[10,18],[22,24],[0,6]],
							"*-dusicyon-australis":[[17,24],[0,5]],
							"*-dusicyon-avus":[[10,18],[22,24],[0,6]],
							"*-lycalopex-culpaeus":[[10,17]],
							"*-lycalopex-fulvipes":[[6,17],[20,24],[0,3]],
							"*-lycalopex-griseus":[[10,17]],
							"*-lycalopex-gymnocercus":[[10,17]],
							"*-lycalopex-sechurae":[[6,17]],
							"*-lycalopex-vetulus":[[7,17]],
							"*-speothos-pacivorus":[[17,24],[0,5]],
							"*-speothos-venaticus":[[17,24],[0,5]]},
						"EntityLightLevels": [22,32],
						"EntityLightLevelType": "MaxTimeOfDayLight",
						"PreferredLightLevel": 18,
						"PreferredLightLevelType": "MaxTimeOfDayLight",
						"MaxBlocksChecked" : 27,
						"stopOnHurt": true,
						"whenSwimming": false,
						"DontExecuteIfRecentlyAttacked": true,
						"tagsAppliedToEntity": ["state-moving"],
						"whenNotInEmotionState": ["aggressiveondamage","fleeondamage"]
					},
					//sleeping times in shade
					{
						"code": "idle-r",
						"priority": 1.5,
						"priorityForCancel": 6,
						"animation": "Sleep",
						"mindurationMs": 60000000,
						"maxdurationMs": 480000000,
						"mincooldownHours": 0.5,
						"maxcooldownHours": 3,
						"animationSpeed": 0.3,
						"executionChance": 0.125,
						"duringDayTimeFramesHoursByType": {
							"*-atelocynus-microtis":[[11,14],[16,18]],
							"*-cerdocyon-thous":[[8,18]],
							"*-chrysocyon-brachyurus":[[11,19],[23,24],[0,7]],
							"*-dusicyon-australis":[[18,24],[0,6]],
							"*-dusicyon-avus":[[11,19],[23,24],[0,7]],
							"*-lycalopex-culpaeus":[[11,18]],
							"*-lycalopex-fulvipes":[[7,18],[21,24],[0,4]],
							"*-lycalopex-griseus":[[11,18]],
							"*-lycalopex-gymnocercus":[[11,18]],
							"*-lycalopex-sechurae":[[7,18]],
							"*-lycalopex-vetulus":[[8,18]],
							"*-speothos-pacivorus":[[18,24],[0,6]],
							"*-speothos-venaticus":[[18,24],[0,6]]},
				  	"DayTimeFrameInaccuracy": 0.75,
						"stopIfOutOfDayTimeFrames": true,
						"PreferredLightLevel": 18,
						"PreferredLightLevelType": "MaxTimeOfDayLight",
						"stopOnHurt": true,
						"whenSwimming": false,
						"whenFeetInLiquid": false,
						"DontExecuteIfRecentlyAttacked": true,
						"tagsAppliedToEntity": ["state-sneaking"],
						"whenNotInEmotionState": ["aggressiveondamage","fleeondamage"]
					},
						//laying when in shade over certain temp
					{
						"code": "idle-r",
						"priority": 1.41,
						"priorityForCancel": 2.0,
						"animation": "Lie",
						"mindurationMs": 60000,
						"maxdurationMs": 480000,
						"TemperatureRangeByType": {
							"*microtis":[34,99],
							"*thous":[34,99],
							"*brachyurus":[34,99],
							"*australis":[32,99],
							"*avus":[32,99],
							"*culpaeus":[32,99],
							"*fulvipes":[32,99],
							"*griseus":[32,99],
							"*gymnocercus":[32,99],
							"*sechurae":[34,99],
							"*vetulus":[32,99],
							"*pacivorus":[34,99],
							"*venaticus":[34,99]
						},
						"EntityLightLevels": [17,21],
						"EntityLightLevelType": "MaxTimeOfDayLight",
						"duringDayTimeFramesHours": [[9,18]],
				  	"DayTimeFrameInaccuracy": 0.75,
						"StopIfOutOfDayTimeFrames" : true,
						"stopOnHurt": true,
						"whenSwimming": false,
						"whenFeetInLiquid": false,
						"DontExecuteIfRecentlyAttacked": false,
						"whenNotInEmotionState": ["aggressiveondamage","fleeondamage"]
					},	
						//wander into shade during heat
					{
						"code": "wander-r",
						"priority": 1.3,
						"priorityForCancel": 1.4,
						"animation": "Trot",
						"mincooldownHours": 0.125,
						"maxcooldownhours": 1.25,
						"mindurationMs": 12000,
						"movespeedByType": {
							"*-atelocynus-microtis": 0.0013,
							"*-cerdocyon-thous": 0.0013,
							"*-chrysocyon-brachyurus":0.0026,
							"*-dusicyon-australis":0.0015,
							"*-dusicyon-avus":0.0024,
							"*-lycalopex-culpaeus":0.0015,
							"*-lycalopex-fulvipes":0.0013,
							"*-lycalopex-griseus":0.0015,
							"*-lycalopex-gymnocercus":0.0015,
							"*-lycalopex-sechurae":0.0015,
							"*-lycalopex-vetulus":0.0013,
							"*-speothos-pacivorus":0.003,
							"*-speothos-venaticus":0.0015
						},
						"animationSpeed": 2,
						"TemperatureRangeByType": {
							"*microtis":[34,99],
							"*thous":[34,99],
							"*brachyurus":[34,99],
							"*australis":[32,99],
							"*avus":[32,99],
							"*culpaeus":[32,99],
							"*fulvipes":[32,99],
							"*griseus":[32,99],
							"*gymnocercus":[32,99],
							"*sechurae":[34,99],
							"*vetulus":[32,99],
							"*pacivorus":[34,99],
							"*venaticus":[34,99]
						},
						"EntityLightLevels": [22,32],
						"EntityLightLevelType": "MaxTimeOfDayLight",
						"PreferredLightLevel": 18,
						"PreferredLightLevelType": "MaxTimeOfDayLight",
						"MaxBlocksChecked" : 27,
						"stopOnHurt": true,
						"whenSwimming": false,
						"DontExecuteIfRecentlyAttacked": true,
						"tagsAppliedToEntity": ["state-moving"],
						"whenNotInEmotionState": ["aggressiveondamage","fleeondamage"]
					},
						//wander at peak light levels
					{
						"code": "wander-r",
						"priority": 1.3,
						"priorityForCancel": 2.0,
						"animation": "Trot",
						"mindurationMs": 4000,
						"mincooldownHours": 0.125,
						"maxcooldownhours": 1.25,
						"movespeedByType": {
							"*-atelocynus-microtis": 0.0013,
							"*-cerdocyon-thous": 0.0013,
							"*-chrysocyon-brachyurus":0.0026,
							"*-dusicyon-australis":0.0015,
							"*-dusicyon-avus":0.0024,
							"*-lycalopex-culpaeus":0.0015,
							"*-lycalopex-fulvipes":0.0013,
							"*-lycalopex-griseus":0.0015,
							"*-lycalopex-gymnocercus":0.0015,
							"*-lycalopex-sechurae":0.0015,
							"*-lycalopex-vetulus":0.0013,
							"*-speothos-pacivorus":0.003,
							"*-speothos-venaticus":0.0015
						},
						"animationSpeed": 2,
						"EntityLightLevelsByType": {
							"*":[14,18]
						},
						"EntityLightLevelType": "TimeOfDaySunLight",
						"stopOnHurt": true,
						"whenSwimming": false,
						"DontExecuteIfRecentlyAttacked": true,
						"tagsAppliedToEntity": ["state-moving"],
						"whenNotInEmotionState": ["aggressiveondamage","fleeondamage"]
					},
					//-------------------------Down Time-------------------------//
						//wandering canter or stot at any time
					{
						"code": "wander-r",
						"priority": 0.8,
						"priorityForCancel": 2.0,
						"animation": "Canter",
						"mindurationMs": 8000,
						"executionChance": 0.005,
						"movespeedByType": {
							"*-atelocynus-microtis": 0.0065,
							"*-cerdocyon-thous": 0.0065,
							"*-chrysocyon-brachyurus":0.013,
							"*-dusicyon-australis":0.0075,
							"*-dusicyon-avus":0.012,
							"*-lycalopex-culpaeus":0.0075,
							"*-lycalopex-fulvipes":0.0065,
							"*-lycalopex-griseus":0.0075,
							"*-lycalopex-gymnocercus":0.0075,
							"*-lycalopex-sechurae":0.0075,
							"*-lycalopex-vetulus":0.0065,
							"*-speothos-pacivorus":0.015,
							"*-speothos-venaticus":0.0075
						},
						"animationSpeed": 2,
						"stopOnHurt": true,
						"whenSwimming": false,
						"DontExecuteIfRecentlyAttacked": true,
						"tagsAppliedToEntity": ["state-moving"],
						"whenNotInEmotionState": ["aggressiveondamage","fleeondamage"]
					},
						//wandering trot at any time
					{
						"code": "wander-r",
						"priority": 0.8,
						"priorityForCancel": 2.0,
						"animation": "Trot",
						"mindurationMs": 8000,
						"executionChance": 0.05,
						"movespeedByType": {
							"*-atelocynus-microtis": 0.0013,
							"*-cerdocyon-thous": 0.0013,
							"*-chrysocyon-brachyurus":0.0026,
							"*-dusicyon-australis":0.0015,
							"*-dusicyon-avus":0.0024,
							"*-lycalopex-culpaeus":0.0015,
							"*-lycalopex-fulvipes":0.0013,
							"*-lycalopex-griseus":0.0015,
							"*-lycalopex-gymnocercus":0.0015,
							"*-lycalopex-sechurae":0.0015,
							"*-lycalopex-vetulus":0.0013,
							"*-speothos-pacivorus":0.003,
							"*-speothos-venaticus":0.0015
						},
						"animationSpeed": 2,
						"stopOnHurt": true,
						"whenSwimming": false,
						"DontExecuteIfRecentlyAttacked": true,
						"tagsAppliedToEntity": ["state-moving"],
						"whenNotInEmotionState": ["aggressiveondamage","fleeondamage"]
					},
						//wandering walk at any time
					{
						"code": "wander-r",
						"priority": 0.8,
						"priorityForCancel": 2.0,
						"animation": "Walk",
						"mindurationMs": 8000,
						"executionChance": 0.5,
						"movespeedByType": {
							"*-atelocynus-microtis": 0.00065,
							"*-cerdocyon-thous": 0.00065,
							"*-chrysocyon-brachyurus":0.0013,
							"*-dusicyon-australis":0.00075,
							"*-dusicyon-avus":0.0012,
							"*-lycalopex-culpaeus":0.00075,
							"*-lycalopex-fulvipes":0.00065,
							"*-lycalopex-griseus":0.00075,
							"*-lycalopex-gymnocercus":0.00075,
							"*-lycalopex-sechurae":0.00075,
							"*-lycalopex-vetulus":0.00065,
							"*-speothos-pacivorus":0.0015,
							"*-speothos-venaticus":0.00075
						},
						"animationSpeed": 1,
						"stopOnHurt": true,
						"whenSwimming": false,
						"DontExecuteIfRecentlyAttacked": true,
						"tagsAppliedToEntity": ["state-moving"],
						"whenNotInEmotionState": ["aggressiveondamage","fleeondamage"]
					},
						//sitting at any time
					{
						"code": "idle-r",
						"priority": 0.7,
						"priorityForCancel": 2.0,
						"animation": "Sit",
						"mindurationMs": 12000,
						"maxdurationMs": 120000,
						"executionChance": 0.25,
						"minCooldownMs": 12000,
						"maxCooldownMs": 120000,
						"stopOnHurt": true,
						"whenSwimming": false,
						"whenFeetInLiquid": false,
						"DontExecuteIfRecentlyAttacked": false,
						"whenNotInEmotionState": ["aggressiveondamage","fleeondamage"]
					},
						//sitting at any time
					{
						"code": "idle-r",
						"priority": 0.7,
						"priorityForCancel": 2.0,
						"animation": "Lie",
						"mindurationMs": 12000,
						"maxdurationMs": 120000,
						"executionChance": 0.25,
						"minCooldownMs": 12000,
						"maxCooldownMs": 120000,
						"stopOnHurt": true,
						"whenSwimming": false,
						"whenFeetInLiquid": false,
						"DontExecuteIfRecentlyAttacked": false,
						"whenNotInEmotionState": ["aggressiveondamage","fleeondamage"]
					},
						//sniffing at any time
					{
						"code": "idle-r",
						"priority": 0.7,
						"priorityForCancel": 1.0,
						"animation": "Sniff",
						"mindurationMs": 2500,
						"maxdurationMs": 2500,
						"minCooldownMs": 6000,
						"maxCooldownMs": 20000,
						"soundByType": {
							"*":"caninae:creature/nyctereutes/sniff"
						},
						"stopOnHurt": true,
						"whenSwimming": false,
						"whenFeetInLiquid": false,
						"DontExecuteIfRecentlyAttacked": false,
						"whenNotInEmotionState": ["aggressiveondamage","fleeondamage"]
					},
						//standing at any time
					{
						"code": "idle-r",
						"priority": 0.7,
						"priorityForCancel": 2.0,
						"animation": "Idle",
						"mindurationMs": 2000,
						"maxdurationMs": 12000,
						"minCooldownMs": 12000,
						"maxCooldownMs": 120000,
						"stopOnHurt": true,
						"whenSwimming": false,
						"whenFeetInLiquid": false,
						"DontExecuteIfRecentlyAttacked": false,
						"whenNotInEmotionState": ["aggressiveondamage","fleeondamage"]
					},
						//looking around
					{
						"code": "lookaround-r",
						"priority": 0.5,
						"priorityForCancel": 2.0,
						"stopOnHurt": true,
						"whenNotInEmotionState": ["aggressiveondamage","fleeondamage"],
						"turnAngleFactor": 0.5
					}
				]
			},
			{"code": "ropetieable","minGeneration": 2},
			{"code": "pettable","minGeneration": 1},
			{ "code": "entitystatetags" }],
		"spawnconditions": {
			"runtime": {
				"group": "neutral",
				"maxQuantity": 1,
				"maxQuantityByGroup": {"code": "caninae-cerdocyonina-*","maxQuantity": 4},
				"tryOnlySurface": true,
				"chanceByType": {"*": 0.0}
			}
		}
	},
	"soundsByType": {
"*-cerdocyonina-*":{"hurt": "caninae:creature/vulpes/baby-hurt","death": "game:creature/wolf/pup-flop","idle": "caninae:creature/nyctereutes/sniff"}
	},
	"idleSoundChance": 0.05
}