{
	"code": "caninae-urocyonini",
	"class": "EntityAgent",
	"tags": ["animal", "huntable", "predator", "habitat-land","urocyoninitag"],
	"canClimb": true,
	"fallDamageMultiplier": 0.25,
	"variantgroups": [
    {"code": "age","states": [ "baby"]},
    {"code": "gender","states": [ "female","male"]},
    {"code": "genus","states": [ "urocyon"]},
    {"code": "species","states": [ "cinereoargenteus","littoralis"]}
	],
	"allowedVariants": [
		"*-urocyon-cinereoargenteus",
		"*-urocyon-littoralis"
	],
	"collisionBoxSizeByType": {
		"*-urocyon-cinereoargenteus": {	"x": 0.3,"y": 0.25},
		"*-urocyon-littoralis": {	"x": 0.2,"y": 0.15}
	},
	"deadCollisionBoxSizeByType": {
		"*-urocyon-cinereoargenteus": {	"x": 0.3,"y": 0.2},
		"*-urocyon-littoralis": {	"x": 0.2,"y": 0.1}
	},
	"eyeHeightByType": {
		"*-urocyon-cinereoargenteus": 0.3,
		"*-urocyon-littoralis": 0.2
	},
	"weightByType": {
		"*-urocyon-cinereoargenteus": 0.5,
		"*-urocyon-littoralis": 0.2
	},
	"attributes": {
		"trappableByType": {
			"*": {
				"small": { "trapChance": 0.8,	"trapDestroyChance": 0.0 },
				"large": { "trapChance": 0.95,	"trapDestroyChance": 0.0 }
			}
		},
		"creatureDietByType": {
			"*":{
			"foodCategories": ["Fruit","Grain","Protein"],
			"weightedFoodTags": [
				{ "weight": 1, "code": "egg" },
				{ "weight": 0.6, "code": "fish" },
				{ "weight": 0.9, "code": "fruit" },
				{ "weight": 0.9, "code": "fruitmash" },
				{ "weight": 0.1, "code": "grain" },
				{ "weight": 0.9, "code": "insect" },
				{ "weight": 0.7, "code": "meat" },
				{ "weight": 0.2, "code": "peanut" },
				{ "weight": 0.9, "code": "sweetBerryBush" },
				{ "weight": 1, "code": "tastyvegetable" }
			]
		}},
		"handbook": {"groupcode": "creaturegroup-urocyonini"},
	"killedByInfoText": "deadcreature-eaten"
	},
	"drops": [],
	"client": {
		"renderer": "Shape",
		"shapeByType": {
			"*-urocyon-cinereoargenteus": { "base": "entity/animal/mammal/urocyonini/cinereoargenteus-baby" },
			"*-urocyon-littoralis": { "base": "entity/animal/mammal/urocyonini/cinereoargenteus-baby" }
		},
		"textureByType": {
			"*-urocyon-cinereoargenteus": { "base": "entity/animal/mammal/urocyon/cinereoargenteus-baby" },
			"*-urocyon-littoralis": { "base": "entity/animal/mammal/urocyon/cinereoargenteus-baby" }
		},
		"sizeByType": {
		"*-urocyon-cinereoargenteus": 0.35,
		"*-urocyon-littoralis": 0.3
		},
		"sizeGrowthFactor": 0.2,
		"behaviors": [
			{"code": "repulseagents" },
			{"code": "controlledphysics","stepHeight": 1.1251},
			{"code": "floatupwhenstuck","onlyWhenDead": true},
			{"code": "interpolateposition" },
			{"code": "harvestable","quantitySlots": 8},
			{"code": "despawn","minPlayerDistance": 8,"belowLightLevel": 8,"minSeconds": 300},
			{"code": "ropetieable","minGeneration": 2}
		],
		"animations": [
			{"code": "hurt","animation": "Hurt","animationSpeed": 2.2,"weight": 10,"blendMode": "AddAverage"},
			{"code": "die","animation": "Death","animationSpeed": 1.25,"weight": 10,"blendMode": "Average","triggeredBy": { "onControls": [ "dead" ] }},
			{"code": "idle","animation": "Idle","blendMode": "AddAverage","easeOutSpeed": 4,"triggeredBy": { "defaultAnim": true }},
			{"code": "sleep","animation": "Sleep","easeInSpeed": 4,"easeOutSpeed": 4,"blendMode": "Average"},
			{"code": "sit","animation": "Sit","easeInSpeed": 4,"easeOutSpeed": 4,"blendMode": "Average"},
			{"code": "lie","animation": "Lie","easeInSpeed": 4,"easeOutSpeed": 4,"blendMode": "Average"},
			{"code": "swim","animation": "Swim","supressDefaultAnimation": true,"blendMode": "Average"},
			{"code": "walk","animation": "Walk","supressDefaultAnimation": true,"blendMode": "Average"},
			{"code": "trot","animation": "Trot","supressDefaultAnimation": true,"blendMode": "Average"},
			{"code": "canter","animation": "Canter","supressDefaultAnimation": true,"blendMode": "Average"},
			{"code": "gallop","animation": "Gallop","supressDefaultAnimation": true,"blendMode": "Average"}
		]
	},
	"server": {
		"attributes": {
			"pathfinder": {
				"minTurnAnglePerSec": 90,
				"maxTurnAnglePerSec": 360
			}
		},
		"behaviors": [
			{ "code": "repulseagents" },
			{"code": "controlledphysics","stepHeight": 1.1251},
			{"code": "despawn","minPlayerDistance": 8,"belowLightLevel": 8,"minSeconds": 300},
			{"code": "health",
				"maxhealthByType": {
				"*-urocyon-cinereoargenteus": 2,
				"*-urocyon-littoralis": 2
				}
			},
			{"code": "deaddecay",
				"hoursToDecay": 96,
				"decayedBlockByType": {
				"*-urocyon-*": "carcass-tiny"
				}
			},
			{"code": "floatupwhenstuck","onlyWhenDead": true},
			{"code": "harvestable",
				"quantitySlots": 8,
				"drops": [
					{
						"type": "item",
						"code": "game:bushmeat-raw",
						"quantityByType": {
							"*-urocyon-cinereoargenteus": {"avg": 0,"var": 0.1},
							"*-urocyon-littoralis": {"avg": 0,"var": 0.1}
						}
					},
					{
						"type": "item",
						"code": "game:fat",
						"quantityByType": {
							"*-urocyon-cinereoargenteus": {"avg": 0,"var": 0.1},
							"*-urocyon-littoralis": {"avg": 0,"var": 0.1}
						}
					},
					{
						"type": "item",
						"code": "caninae:pelt-raw-urocyonini-baby-{genus}-{species}",
						"quantityByType": {
							"*": { "offset": 1, "avg": 0, "var": 0 }
						}
					}
				]
			},
			{"code": "breathe" },
			{"code": "emotionstates",
				"states": [
					{"code": "fleeondamage","duration": 120,
						"chanceByType": {
							"*-urocyon-*": 0.99
						},
						"slot": 2,"priority": 5,"accumType": "max","whenHealthRelBelow": 0.99},
					{"code": "fleeondamage","duration": 60,"chance": 1,"slot": 2,"priority": 1,"accumType": "max"},
					{"code": "alarmherdondamage","chance": 1,"slot": 1,"priority": 1,"accumType": "max"},
					{"code": "saturated","duration": 1440,"chance": 1,"slot": 0,"priority": 1,"accumType": "sum"}
				]
			},
			{"code": "grow",
				"hoursToGrowByType": {
					"*-urocyon-cinereoargenteus": 145,
					"*-urocyon-littoralis": 145
				},
				"adultEntityCodes": [ "caninae:caninae-urocyonini-adult-{gender}-{genus}-{species}" ]
			},
			{
				"code": "taskai",
				"aiCreatureType": "LandCreature",
				"aitasks": [
					//-------------------------Movement Speed tests-------------------------//
						//wandering run at any time
					{
						"code": "wander-r",
						"enabled":  false,
						"priority": 10.8,
						"priorityForCancel": 12.0,
						"animation": "Gallop",
						"mindurationMs": 80000,
						"movespeedByType": {
							"*-urocyon-cinereoargenteus": 0.024,
							"*-urocyon-littoralis": 0.02
						},
						"animationSpeed": 2,
						"stopOnHurt": true,
						"whenSwimming": false,
						"DontExecuteIfRecentlyAttacked": true,
						"tagsAppliedToEntity": ["state-moving"],
						"whenNotInEmotionState": ["aggressiveondamage","fleeondamage"]
					},
						//wandering canter at any time
					{
						"code": "wander-r",
						"enabled":  false,
						"priority": 10.8,
						"priorityForCancel": 12.0,
						"animation": "Canter",
						"mindurationMs": 80000,
						"movespeedByType": {
							"*-urocyon-cinereoargenteus": 0.012,
							"*-urocyon-littoralis": 0.01
						},
						"animationSpeed": 2,
						"stopOnHurt": true,
						"whenSwimming": false,
						"DontExecuteIfRecentlyAttacked": true,
						"tagsAppliedToEntity": ["state-moving"],
						"whenNotInEmotionState": ["aggressiveondamage","fleeondamage"]
					},
						//wandering trot at any time
					{
						"code": "wander-r",
						"enabled":  false,
						"priority": 10.8,
						"priorityForCancel": 12.0,
						"animation": "Trot",
						"mindurationMs": 80000,
						"movespeedByType": {
							"*-urocyon-cinereoargenteus": 0.0024,
							"*-urocyon-littoralis": 0.002
						},
						"animationSpeed": 2,
						"stopOnHurt": true,
						"whenSwimming": false,
						"DontExecuteIfRecentlyAttacked": true,
						"tagsAppliedToEntity": ["state-moving"],
						"whenNotInEmotionState": ["aggressiveondamage","fleeondamage"]
					},
						//wandering walk at any time
					{
						"code": "wander-r",
						"enabled":  false,
						"priority": 10.8,
						"priorityForCancel": 12.0,
						"animation": "Walk",
						"mindurationMs": 80000,
						"movespeedByType": {
							"*-urocyon-cinereoargenteus": 0.0012,
							"*-urocyon-littoralis": 0.001
						},
						"animationSpeed": 1,
						"stopOnHurt": true,
						"whenSwimming": false,
						"DontExecuteIfRecentlyAttacked": true,
						"tagsAppliedToEntity": ["state-moving"],
						"whenNotInEmotionState": ["aggressiveondamage","fleeondamage"]
					},
					//-------------------------Leave Deadly Conditions-------------------------//
						//fleeing when injured
					{
						"code": "fleeentity-r",
						"priority": 9.41,
						"priorityForCancel": 9.41,
						"animation": "Gallop",
						"entityCodes": [],
						"skipEntityTags": [["carcass","egg","nest","state-burrowed","state-sneaking"]],
						"targetLightLevels": [3, 16, 22, 28],
						"movespeedByType": {
							"*-urocyon-cinereoargenteus": 0.024,
							"*-urocyon-littoralis": 0.02
						},
						"animationSpeed": 4,
						"seekingRange": 20,
						"fleeingDistance" : 50,
						"fleeDurationWhenTargetLost": 20000,
						"whenInEmotionState": ["fleeondamage"],
						"tagsAppliedToEntity": ["state-moving","state-sprinting"],
						"whenSwimming": false

					},
						//fleeing when injured in water
					{
						"code": "fleeentity-r",
						"priority": 9.41,
						"priorityForCancel": 9.41,
						"animation": "Swim",
						"entityCodes": [],
						"targetLightLevels": [3, 16, 22, 28],
						"movespeedByType": {
							"*-urocyon-cinereoargenteus": 0.016,
							"*-urocyon-littoralis":0.012
						},
						"animationSpeed": 1,
						"seekingRange": 120,
						"fleeingDistance" : 180,
						"fleeDurationWhenTargetLost": 60000,
						"whenSwimming": true,
						"whenInEmotionState": ["fleeondamage"],
						"tagsAppliedToEntity": ["state-feet-in-liquid","state-moving","state-swimming"]

					},
						//fleeing when injured slower to finish flee on damage emotion state
					{
						"code": "fleeentity-r",
						"priority": 9.4,
						"priorityForCancel": 9.4,
						"animation": "Canter",
						"entityCodes": [],
						"skipEntityTags": [["carcass","egg","nest","state-burrowed","state-sneaking"]],
						"targetLightLevels": [3, 16, 22, 28],
						"movespeedByType": {
							"*-urocyon-cinereoargenteus": 0.012,
							"*-urocyon-littoralis": 0.01
						},
						"animationSpeed": 2,
						"seekingRange": 120,
						"fleeingDistance" : 180,
						"fleeDurationWhenTargetLost": 60000,
						"whenInEmotionState": ["fleeondamage"],
						"tagsAppliedToEntity": ["state-moving","state-sprinting"],
						"whenSwimming": false
					},
					//-------------------------Avoid Dangerous Entities-------------------------//
						//fleeing due to dangerous threat display
					{
						"code": "fleeentity-r",
						"priority": 5.8,
						"priorityForCancel": 6.0,
						"animation": "Canter",
						"minTargetWeight": 0.01,
						"maxTargetWeight": 1,
						"entityTags": [["predator","huntable"],["venomous","ferocious","defended","state-armed","has-open-fire"]],
						"skipEntityTags": [["carcass","egg","nest","state-burrowed","state-sneaking","urocyoninitag"]],
						"skipEntityCodes": ["caninae-urocyonini-adult-female-{genus}-{species}","caninae-urocyonini-adult-male-{genus}-{species}","caninae-urocyonini-baby-female-{genus}-{species}","caninae-urocyonini-baby-male-{genus}-{species}"],
						"targetLightLevels": [1, 14, 22, 28],
						"movespeedByType": {
							"*-urocyon-cinereoargenteus": 0.012,
							"*-urocyon-littoralis": 0.01
						},
						"animationSpeed": 2,
						"seekingRange": 6,
						"fleeingDistance" : 50,
						"fleeDurationWhenTargetLost": 20000,
						"tagsAppliedToEntity": ["ferocious","state-moving","state-sprinting"],
						"whenSwimming": false,
						"whenNotInEmotionState": ["aggressiveondamage","fleeondamage"]

					},
						//fleeing due to passive threat display
					{
						"code": "fleeentity-r",
						"priority": 5.8,
						"priorityForCancel": 6.0,
						"animation": "Trot",
						"minTargetWeight": 0.01,
						"maxTargetWeight": 1,
						"entityTags": [["huntable"],["prickly","defended","shelled","state-armed","has-open-fire"]],
						"skipEntityTags": [["carcass","egg","nest","state-burrowed","state-sneaking","urocyoninitag"]],
						"skipEntityCodes": ["caninae-urocyonini-adult-female-{genus}-{species}","caninae-urocyonini-adult-male-{genus}-{species}","caninae-urocyonini-baby-female-{genus}-{species}","caninae-urocyonini-baby-male-{genus}-{species}"],
						"targetLightLevels": [1, 14, 22, 28],
						"movespeedByType": {
							"*-urocyon-cinereoargenteus": 0.0024,
							"*-urocyon-littoralis": 0.002
						},
						"animationSpeed": 2,
						"seekingRange": 6,
						"fleeingDistance" : 16,
						"fleeDurationWhenTargetLost": 20000,
						"tagsAppliedToEntity": ["ferocious","state-moving","state-sprinting"],
						"whenSwimming": false,
						"whenNotInEmotionState": ["aggressiveondamage","fleeondamage"]
					},
						//dart away from projectiles/vehicles
					{
						"code": "fleeentity-r",
						"priority": 5.6,
						"priorityForCancel": 6.0,
						"animation": "Canter",
						"entityTags": [["projectile","vehicle"]],
						"targetLightLevels": [1, 14, 22, 28],
						"movespeedByType": {
							"*-urocyon-cinereoargenteus": 0.012,
							"*-urocyon-littoralis": 0.01
						},
						"animationSpeed": 2,
						"fleeDurationMS": 500,
						"seekingRange": 5,
						"fleeingDistance": 2,
						"stopOnHurt": true,
						"whenSwimming": false,
						"tagsAppliedToEntity": ["state-moving","state-sprinting"]
					},
						//avoid dangerous entities at close range
					{
						"code": "fleeentity-r",
						"priority": 5.6,
						"priorityForCancel": 6.0,
						"animation": "Canter",
						"minTargetWeight": 0.125,
						"maxTargetWeight": 999,
						"entityTags": [["ferocious","mechanical","predator","rust-creature","swarm","venomous"]],
						"skipEntityTags": [["carcass","nest","state-burrowed","state-sneaking","urocyoninitag"]],
						"skipEntityCodes": ["caninae-urocyonini-adult-female-{genus}-{species}","caninae-urocyonini-adult-male-{genus}-{species}","caninae-urocyonini-baby-female-{genus}-{species}","caninae-urocyonini-baby-male-{genus}-{species}"],
						"targetLightLevels": [1, 14, 22, 28],
						"movespeedByType": {
							"*-urocyon-cinereoargenteus": 0.012,
							"*-urocyon-littoralis": 0.01
						},
						"animationSpeed": 2,
						"fleeDurationWhenTargetLost": 20000,
						"seekingRange": 10,
						"fleeingDistance": 40,
						"stopOnHurt": true,
						"whenSwimming": false,
						"tagsAppliedToEntity": ["state-moving","state-sprinting"]
					},
						//avoid dangerous entities at close range
					{
						"code": "fleeentity-r",
						"priority": 5.6,
						"priorityForCancel": 6.0,
						"animation": "Canter",
						"entityTags": [["boss","mechanical","rust-creature","swarm","venomous"]],
						"skipEntityTags": [["state-burrowed","state-sneaking"]],
						"targetLightLevels": [1, 14, 22, 28],
						"movespeedByType": {
							"*-urocyon-cinereoargenteus": 0.012,
							"*-urocyon-littoralis": 0.01
						},
						"animationSpeed": 2,
						"fleeDurationWhenTargetLost": 20000,
						"seekingRange": 10,
						"fleeingDistance": 40,
						"stopOnHurt": true,
						"whenSwimming": false,
						"tagsAppliedToEntity": ["state-moving","state-sprinting"]
					},
						//avoid large dangerous entities at mid range
					{
						"code": "fleeentity-r",
						"priority": 5.2,
						"priorityForCancel": 5.4,
						"animation": "Trot",
						"minTargetWeight": 5,
						"maxTargetWeight": 9999,
						"entityTags": [["ferocious","boss","huntable","mechanical","predator","rust-creature","has-open-fire"]],
						"skipEntityCodes": ["caninae-urocyonini-adult-female-{genus}-{species}","caninae-urocyonini-adult-male-{genus}-{species}","caninae-urocyonini-baby-female-{genus}-{species}","caninae-urocyonini-baby-male-{genus}-{species}"],
						"skipEntityTagsByType": {"*-littoralis":[["humanoid","state-burrowed","state-sneaking","urocyoninitag"]],"*":[["state-burrowed","state-sneaking","urocyoninitag"]]},
						"targetLightLevels": [1, 14, 22, 28],
						"movespeedByType": {
							"*-urocyon-cinereoargenteus": 0.0024,
							"*-urocyon-littoralis": 0.002
						},
						"animationSpeed": 2,
						"fleeDurationWhenTargetLost": 10000,
						"seekingRange": 15,
						"fleeingDistance": 40,
						"stopOnHurt": true,
						"whenSwimming": false,
						"tagsAppliedToEntity": ["state-moving"]
					},
						//avoid large dangerous entities at long range
					{
						"code": "fleeentity-r",
						"priority": 5.0,
						"priorityForCancel": 5.2,
						"animation": "Trot",
						"minTargetWeight": 1,
						"entityTags": [["boss","rust-creature"]],
						"skipEntityTags": [["state-burrowed","state-sneaking","urocyoninitag"]],
						"targetLightLevels": [1, 14, 22, 28],
						"movespeedByType": {
							"*-urocyon-cinereoargenteus": 0.0024,
							"*-urocyon-littoralis": 0.002
						},
						"animationSpeed": 2,
						"stopOnHurt": true,
						"whenSwimming": false,
						"seekingRange": 50,
						"fleeingDistance": 60,
						"tagsAppliedToEntity": ["state-moving"]
					},
						//avoid large entities when not hungry
					{
						"code": "fleeentity-r",
						"priority": 5.0,
						"priorityForCancel": 5.2,
						"animation": "Trot",
						"minTargetWeight": 1,
						"maxTargetWeight": 99999,
						"entityTags": [["animal","humanoid","huntable"]],
						"skipEntityTagsByType": {"*-littoralis":[["carcass","humanoid","nest","state-burrowed","state-sneaking","urocyoninitag"]],"*":[["carcass","nest","state-burrowed","state-sneaking","urocyoninitag"]]},
						"skipEntityCodes": ["caninae-urocyonini-adult-female-{genus}-{species}","caninae-urocyonini-adult-male-{genus}-{species}","caninae-urocyonini-baby-female-{genus}-{species}","caninae-urocyonini-baby-male-{genus}-{species}"],
						"targetLightLevels": [1, 14, 22, 28],
						"movespeedByType": {
							"*-urocyon-cinereoargenteus": 0.0024,
							"*-urocyon-littoralis": 0.002
						},
						"animationSpeed": 2,
						"stopOnHurt": true,
						"whenSwimming": false,
						"seekingRange": 10,
						"fleeingDistance": 60,
						"tagsAppliedToEntity": ["state-moving"],
						"whenNotInEmotionState": ["saturated"]
					},
						//avoid giant entities at long range
					{
						"code": "fleeentity-r",
						"priority": 5.0,
						"priorityForCancel": 5.2,
						"animation": "Trot",
						"minTargetWeight": 10,
						"entityTags": [["animal","humanoid","huntable"]],
						"skipEntityTagsByType": {"*-littoralis":[["carcass","humanoid","nest","state-burrowed","state-sneaking","urocyoninitag"]],"*":[["carcass","nest","state-burrowed","state-sneaking","urocyoninitag"]]},
						"skipEntityCodes": ["caninae-urocyonini-adult-female-{genus}-{species}","caninae-urocyonini-adult-male-{genus}-{species}","caninae-urocyonini-baby-female-{genus}-{species}","caninae-urocyonini-baby-male-{genus}-{species}"],
						"targetLightLevels": [1, 14, 22, 28],
						"movespeedByType": {
							"*-urocyon-cinereoargenteus": 0.0024,
							"*-urocyon-littoralis": 0.002
						},
						"animationSpeed": 2,
						"soundByType": {"*-urocyon-*":"caninae:creature/urocyon/hurt"},
						"soundVolume": 0.5,
						"soundRangeByType": {"*": 20},
						"stopOnHurt": true,
						"whenSwimming": false,
						"seekingRange": 20,
						"fleeingDistance": 60,
						"tagsAppliedToEntity": ["state-moving"]
					},
					//-------------------------Food Seeking-------------------------//
						//if hungry eat favorite foods from POI
					{
						"code": "seekfoodandeat-r",
						"priority": 4.7,
						"priorityForCancel": 5.0,
						"animation": "Trot",
						"eatAnimation": "Eat",
						"eatAnimationLooseItems": "Eat",
						"movespeedByType": {
							"*-urocyon-cinereoargenteus": 0.0024,
							"*-urocyon-littoralis": 0.002
						},
						"animationSpeed": 2,
						"mindurationMS": 4000,
						"maxdurationMS": 4000,
						"mincooldownHours": 1,
						"maxcooldownHours": 4,
						"eatTime": 2,
						"eatLooseItems": true,
						"eatSound" : "game:creature/animal-eat1",
						"stopOnHurt": true,
						"whenSwimming": false,
						"DontExecuteIfRecentlyAttacked": true,
						"tagsAppliedToEntity": ["state-moving"],
						"whenNotInEmotionState": ["aggressiveondamage","fleeondamage"]
					},
					//-------------------------Leave Hazardous condtions-------------------------//
						//getting out of water
					{
						"code": "getoutofwater-r",
						"priority": 3.61,
						"priorityForCancel": 5.0,
						"animation": "Swim",
						"movespeedByType": {
							"*-urocyon-cinereoargenteus": 0.016,
							"*-urocyon-littoralis":0.012
						},
						"animationSpeed": 1,
						"rangeSearchAttemptsFactor": 2.5,
						"whenSwimming": true,
						"tagsAppliedToEntity": ["state-moving","state-swimming"]
					},		
						//swim wandering to find the shore			
					{
						"code": "wander-r",
						"priority": 3.6,
						"priorityForCancel": 5.0,
						"animation": "Swim",
						"movespeedByType": {
							"*-urocyon-cinereoargenteus": 0.016,
							"*-urocyon-littoralis":0.012
						},
						"animationSpeed": 1,
						"stopOnHurt": true,
						"whenSwimming": true,
						"DontExecuteIfRecentlyAttacked": true,
						"tagsAppliedToEntity": ["state-moving","state-swimming"],
						"whenNotInEmotionState": ["aggressiveondamage","fleeondamage"]
					},	
						//stay close to family outside hunting times dark side				
					{
						"code": "stayclosetoentity-r",
						"priority": 3.51,
						"priorityForCancel": 5.0,
						"animation": "Canter",
						"entityCodes": ["caninae-urocyonini-adult-female-{genus}-{species}"],
						"IgnoreDeadEntities": false,
						"targetLightLevels": [1, 14, 22, 28],
						"movespeedByType": {
							"*-urocyon-cinereoargenteus": 0.012,
							"*-urocyon-littoralis": 0.01
						},
						"animationSpeed": 2,
						"seekingRange": 240,
						"TargetEntitiesWithSameHerdId": true,
						"ExtraMinDistanceToTarget": 1,
						"extraTargetDistance": 0.25,
						"randomTargetOffset" : 1,
						"maxFollowTimeSec": 240, 
						"EntityLightLevels": [0,14],
						"EntityLightLevelType": "TimeOfDaySunLight",
						"stopOnHurt": true,
						"whenSwimming": false,
						"DontExecuteIfRecentlyAttacked": true,
						"tagsAppliedToEntity": ["state-moving"],
						"whenNotInEmotionState": ["aggressiveondamage","fleeondamage","saturated"]
					},	
						//stay close to family outside hunting times light side		
					{
						"code": "stayclosetoentity-r",
						"priority": 3.5,
						"priorityForCancel": 5.0,
						"animation": "Canter",
						"entityCodes": ["caninae-urocyonini-adult-female-{genus}-{species}","caninae-urocyonini-adult-male-{genus}-{species}","caninae-urocyonini-baby-female-{genus}-{species}","caninae-urocyonini-baby-male-{genus}-{species}"],
						"IgnoreDeadEntities": false,
						"targetLightLevels": [1, 14, 22, 28],
						"movespeedByType": {
							"*-urocyon-cinereoargenteus": 0.012,
							"*-urocyon-littoralis": 0.01
						},
						"animationSpeed": 2,
						"seekingRange": 240,
						"TargetEntitiesWithSameHerdId": true,
						"ExtraMinDistanceToTarget": 1,
						"extraTargetDistance": 1,
						"randomTargetOffset" : 1,
						"maxFollowTimeSec": 240, 
						"EntityLightLevels": [18,32],
						"EntityLightLevelType": "TimeOfDaySunLight",
						"stopOnHurt": true,
						"whenSwimming": false,
						"DontExecuteIfRecentlyAttacked": true,
						"tagsAppliedToEntity": ["state-moving"],
						"whenNotInEmotionState": ["aggressiveondamage","fleeondamage","saturated"]
					},				
						//wander out of darkness		
					{
						"code": "wander-r",
						"priority": 3.42,
						"priorityForCancel": 5.0,
						"animation": "Walk",
						"mindurationMs": 12000,
						"movespeedByType": {
							"*-urocyon-cinereoargenteus": 0.0012,
							"*-urocyon-littoralis": 0.001
						},
						"animationSpeed": 1,
						"EntityLightLevels": [0,8],
						"EntityLightLevelType": "MaxLight",
						"PreferredLightLevel": 32,
						"PreferredLightLevelType": "MaxLight",
						"MaxBlocksChecked" : 27,
						"wanderVerticalRangeMax": 3,
						"stopOnHurt": true,
						"whenSwimming": false,
						"DontExecuteIfRecentlyAttacked": true,
						"tagsAppliedToEntity": ["state-moving"],
						"whenNotInEmotionState": ["aggressiveondamage","fleeondamage"]
					},			
						//wander into shelter in cold
					{
						"code": "wander-r",
						"priority": 3.41,
						"priorityForCancel": 5.0,
						"animation": "Trot",
						"mindurationMs": 12000,
						"mincooldownHours": 0.5,
						"maxcooldownhours": 1,
						"movespeedByType": {
							"*-urocyon-cinereoargenteus": 0.0024,
							"*-urocyon-littoralis": 0.002
						},
						"animationSpeed": 2,
						"TemperatureRangeByType": {
							"*cinereoargenteus":[-99,6],
							"*littoralis":[-99,12]
						},
						"EntityLightLevels": [22,32],
						"EntityLightLevelType": "MaxTimeOfDayLight",
						"PreferredLightLevel": 16,
						"PreferredLightLevelType": "MaxTimeOfDayLight",
						"MaxBlocksChecked" : 27,
						"stopOnHurt": true,
						"whenSwimming": false,
						"DontExecuteIfRecentlyAttacked": true,
						"tagsAppliedToEntity": ["state-moving"],
						"whenNotInEmotionState": ["aggressiveondamage","fleeondamage"]
					},	
					//-------------------------Domestic Behaviors-------------------------//
						//follow lead holder
					{
						"code": "followleadholder",
						"priority": 2.5,
						"priorityForCancel": 3.0,
						"animation": "Trot",
						"movespeedByType": {
							"*-urocyon-cinereoargenteus": 0.0024,
							"*-urocyon-littoralis": 0.002
						},
						"animationSpeed": 2,
						"minGeneration": 2,
						"stopOnHurt": true,
						"tagsAppliedToEntity": ["state-moving"],
						"whenNotInEmotionState": ["aggressiveondamage","fleeondamage"]
					},
					//-------------------------Conditional Down Time-------------------------//
						//wander into shade during sleep times
					{
						"code": "wander-r",
						"priority": 1.51,
						"priorityForCancel": 2,
						"animation": "Trot",
						"mincooldownHours": 0.125,
						"maxcooldownhours": 0.25,
						"mindurationMs": 12000,
						"movespeedByType": {
							"*-urocyon-cinereoargenteus": 0.0024,
							"*-urocyon-littoralis": 0.002
						},
						"animationSpeed": 2,
						"duringDayTimeFramesHoursByType": {
							"*-urocyon-*":[[10,17]]},
						"EntityLightLevels": [22,32],
						"EntityLightLevelType": "MaxTimeOfDayLight",
						"PreferredLightLevel": 18,
						"PreferredLightLevelType": "MaxTimeOfDayLight",
						"MaxBlocksChecked" : 27,
						"stopOnHurt": true,
						"whenSwimming": false,
						"DontExecuteIfRecentlyAttacked": true,
						"tagsAppliedToEntity": ["state-moving"],
						"whenNotInEmotionState": ["aggressiveondamage","fleeondamage"]
					},
					//sleeping times in shade
					{
						"code": "idle-r",
						"priority": 1.5,
						"priorityForCancel": 6,
						"animation": "Sleep",
						"mindurationMs": 60000000,
						"maxdurationMs": 480000000,
						"mincooldownHours": 0.5,
						"maxcooldownHours": 3,
						"animationSpeed": 0.3,
						"executionChance": 0.125,
						"duringDayTimeFramesHoursByType": {
							"*-urocyon-*":[[11,18]]},
				  	"DayTimeFrameInaccuracy": 0.75,
						"stopIfOutOfDayTimeFrames": true,
						"PreferredLightLevel": 18,
						"PreferredLightLevelType": "MaxTimeOfDayLight",
						"stopOnHurt": true,
						"whenSwimming": false,
						"whenFeetInLiquid": false,
						"DontExecuteIfRecentlyAttacked": true,
						"tagsAppliedToEntity": ["state-sneaking"],
						"whenNotInEmotionState": ["aggressiveondamage","fleeondamage"]
					},
						//rare chance of call all day
					{
						"code": "idle-r",
						"priority": 1.41,
						"priorityForCancel": 2.0,
						"animation": "Yip",
						"executionChance": 0.00125,
						"mindurationMs": 2000,
						"maxdurationMs": 20000,
						"mincooldownHours": 0.125,
						"maxcooldownHours": 2,
						"animationSpeed": 3,
						"soundByType": {
							"*":"caninae:creature/urocyon/yip*"},
						"soundrepeatMS": 3000,
						"soundVolume": 0.75,
						"soundRangeByType": {"*": 15},
						"whenNotInEmotionState": ["aggressiveondamage","fleeondamage"]
					},
						//laying when in shade over certain temp
					{
						"code": "idle-r",
						"priority": 1.41,
						"priorityForCancel": 2.0,
						"animation": "Lie",
						"mindurationMs": 60000,
						"maxdurationMs": 480000,
						"TemperatureRangeByType": {
							"*cinereoargenteus":[32,99],
							"*littoralis":[30,99]
						},
						"EntityLightLevels": [17,21],
						"EntityLightLevelType": "MaxTimeOfDayLight",
						"duringDayTimeFramesHours": [[9,18]],
				  	"DayTimeFrameInaccuracy": 0.75,
						"StopIfOutOfDayTimeFrames" : true,
						"stopOnHurt": true,
						"whenSwimming": false,
						"whenFeetInLiquid": false,
						"DontExecuteIfRecentlyAttacked": false,
						"whenNotInEmotionState": ["aggressiveondamage","fleeondamage"]
					},	
						//wander into shade during heat
					{
						"code": "wander-r",
						"priority": 1.3,
						"priorityForCancel": 1.4,
						"animation": "Trot",
						"mincooldownHours": 0.125,
						"maxcooldownhours": 1.25,
						"mindurationMs": 12000,
						"movespeedByType": {
							"*-urocyon-cinereoargenteus": 0.0024,
							"*-urocyon-littoralis": 0.002
						},
						"animationSpeed": 2,
						"TemperatureRangeByType": {
							"*cinereoargenteus":[32,99],
							"*littoralis":[30,99]
						},
						"EntityLightLevels": [22,32],
						"EntityLightLevelType": "MaxTimeOfDayLight",
						"PreferredLightLevel": 18,
						"PreferredLightLevelType": "MaxTimeOfDayLight",
						"MaxBlocksChecked" : 27,
						"stopOnHurt": true,
						"whenSwimming": false,
						"DontExecuteIfRecentlyAttacked": true,
						"tagsAppliedToEntity": ["state-moving"],
						"whenNotInEmotionState": ["aggressiveondamage","fleeondamage"]
					},
						//wander at peak light levels
					{
						"code": "wander-r",
						"priority": 1.3,
						"priorityForCancel": 2.0,
						"animation": "Trot",
						"mindurationMs": 4000,
						"mincooldownHours": 0.125,
						"maxcooldownhours": 1.25,
						"movespeedByType": {
							"*-urocyon-cinereoargenteus": 0.0024,
							"*-urocyon-littoralis": 0.002
						},
						"animationSpeed": 2,
						"EntityLightLevelsByType": {
							"*":[14,18]
						},
						"EntityLightLevelType": "TimeOfDaySunLight",
						"stopOnHurt": true,
						"whenSwimming": false,
						"DontExecuteIfRecentlyAttacked": true,
						"tagsAppliedToEntity": ["state-moving"],
						"whenNotInEmotionState": ["aggressiveondamage","fleeondamage"]
					},
					//-------------------------Down Time-------------------------//
						//wandering canter or stot at any time
					{
						"code": "wander-r",
						"priority": 0.8,
						"priorityForCancel": 2.0,
						"animation": "Canter",
						"mindurationMs": 8000,
						"executionChance": 0.005,
						"movespeedByType": {
							"*-urocyon-cinereoargenteus": 0.012,
							"*-urocyon-littoralis": 0.01
						},
						"animationSpeed": 2,
						"stopOnHurt": true,
						"whenSwimming": false,
						"DontExecuteIfRecentlyAttacked": true,
						"tagsAppliedToEntity": ["state-moving"],
						"whenNotInEmotionState": ["aggressiveondamage","fleeondamage"]
					},
						//wandering trot at any time
					{
						"code": "wander-r",
						"priority": 0.8,
						"priorityForCancel": 2.0,
						"animation": "Trot",
						"mindurationMs": 8000,
						"executionChance": 0.05,
						"movespeedByType": {
							"*-urocyon-cinereoargenteus": 0.0024,
							"*-urocyon-littoralis": 0.002
						},
						"animationSpeed": 2,
						"stopOnHurt": true,
						"whenSwimming": false,
						"DontExecuteIfRecentlyAttacked": true,
						"tagsAppliedToEntity": ["state-moving"],
						"whenNotInEmotionState": ["aggressiveondamage","fleeondamage"]
					},
						//wandering walk at any time
					{
						"code": "wander-r",
						"priority": 0.8,
						"priorityForCancel": 2.0,
						"animation": "Walk",
						"mindurationMs": 8000,
						"executionChance": 0.5,
						"movespeedByType": {
							"*-urocyon-cinereoargenteus": 0.0012,
							"*-urocyon-littoralis": 0.001
						},
						"animationSpeed": 1,
						"stopOnHurt": true,
						"whenSwimming": false,
						"DontExecuteIfRecentlyAttacked": true,
						"tagsAppliedToEntity": ["state-moving"],
						"whenNotInEmotionState": ["aggressiveondamage","fleeondamage"]
					},
						//sitting at any time
					{
						"code": "idle-r",
						"priority": 0.7,
						"priorityForCancel": 2.0,
						"animation": "Sit",
						"mindurationMs": 12000,
						"maxdurationMs": 120000,
						"executionChance": 0.25,
						"minCooldownMs": 12000,
						"maxCooldownMs": 120000,
						"stopOnHurt": true,
						"whenSwimming": false,
						"whenFeetInLiquid": false,
						"DontExecuteIfRecentlyAttacked": false,
						"whenNotInEmotionState": ["aggressiveondamage","fleeondamage"]
					},
						//sitting at any time
					{
						"code": "idle-r",
						"priority": 0.7,
						"priorityForCancel": 2.0,
						"animation": "Lie",
						"mindurationMs": 12000,
						"maxdurationMs": 120000,
						"executionChance": 0.25,
						"minCooldownMs": 12000,
						"maxCooldownMs": 120000,
						"stopOnHurt": true,
						"whenSwimming": false,
						"whenFeetInLiquid": false,
						"DontExecuteIfRecentlyAttacked": false,
						"whenNotInEmotionState": ["aggressiveondamage","fleeondamage"]
					},
						//sniffing at any time
					{
						"code": "idle-r",
						"priority": 0.7,
						"priorityForCancel": 1.0,
						"animation": "Sniff",
						"mindurationMs": 2500,
						"maxdurationMs": 2500,
						"minCooldownMs": 6000,
						"maxCooldownMs": 20000,
						"soundByType": {
							"*":"caninae:creature/nyctereutes/sniff"
						},
						"stopOnHurt": true,
						"whenSwimming": false,
						"whenFeetInLiquid": false,
						"DontExecuteIfRecentlyAttacked": false,
						"whenNotInEmotionState": ["aggressiveondamage","fleeondamage"]
					},
						//standing at any time
					{
						"code": "idle-r",
						"priority": 0.7,
						"priorityForCancel": 2.0,
						"animation": "Idle",
						"mindurationMs": 2000,
						"maxdurationMs": 12000,
						"minCooldownMs": 12000,
						"maxCooldownMs": 120000,
						"stopOnHurt": true,
						"whenSwimming": false,
						"whenFeetInLiquid": false,
						"DontExecuteIfRecentlyAttacked": false,
						"whenNotInEmotionState": ["aggressiveondamage","fleeondamage"]
					},
						//looking around
					{
						"code": "lookaround-r",
						"priority": 0.5,
						"priorityForCancel": 2.0,
						"stopOnHurt": true,
						"whenNotInEmotionState": ["aggressiveondamage","fleeondamage"],
						"turnAngleFactor": 0.5
					}
				]
			},
			{"code": "ropetieable","minGeneration": 2},
			{"code": "pettable","minGeneration": 1},
			{ "code": "entitystatetags" }],
		"spawnconditions": {
			"runtime": {
				"group": "neutral",
				"maxQuantity": 1,
				"maxQuantityByGroup": {"code": "caninae-urocyonini-*","maxQuantity": 2},
				"tryOnlySurface": true,
				"chanceByType": {"*": 0.0}
			}
		}
	},
	"soundsByType": {
"*-urocyon-*":{"hurt": "caninae:creature/urocyon/hurt","death": "caninae:creature/urocyon/hurt","idle": "caninae:creature/urocyon/idle"}
	},
	"idleSoundChance": 0.05
}