{
	"editor": {
		"collapsedPaths": "",
		"allAngles": true,
		"entityTextureMode": true
	},
	"textureWidth": 48,
	"textureHeight": 44,
	"textureSizes": {
		"skin": [48,44]
	},
	"textures": {
	},
	"elements": [
		{
			"name": "Origin",
			"from": [ 8.0, 0.0, 8.0 ],
			"to": [ 8.0, 0.0, 8.0 ],
			"uv": [ 0.0, 0.0 ],
			"rotationOrigin": [ 8.0, 0.0, 8.0 ],
			"faces": {
			},
			"children": [
				{
					"name": "Shell Base",
					"from": [ -4.0, 0.3, -3.1 ],
					"to": [ 4.0, 4.3, 3.1 ],
					"unwrapMode": 6,
					"unwrapRotation": 1,
					"uv": [ 25.0, 28.0 ],
					"rotationOrigin": [ 0.0, 0.3, 0.0 ],
					"faces": {
					},
					"children": [
						{
							"name": "Tail1",
							"from": [ 9.2, 0.1, 2.3 ],
							"to": [ 10.4, 1.6, 3.9 ],
							"unwrapMode": 7,
							"unwrapRotation": 1,
							"uv": [ 13.0, 31.0 ],
							"rotationOrigin": [ 9.2, 1.6, 3.1 ],
							"rotationZ": -10.0,
							"faces": {
								"north": { "texture": "#skin", "uv": [ 16.0, 31.0, 17.5, 32.0 ], "rotation": 90 },
								"east": { "texture": "#skin", "uv": [ 14.5, 32.0, 16.0, 33.5 ] },
								"south": { "texture": "#skin", "uv": [ 13.0, 31.0, 14.5, 32.0 ], "rotation": 270 },
								"up": { "texture": "#skin", "uv": [ 14.5, 31.0, 16.0, 32.0 ], "rotation": 270 },
								"down": { "texture": "#skin", "uv": [ 17.5, 31.0, 19.0, 32.0 ], "rotation": 90 }
							},
							"children": [
								{
									"name": "Tail2",
									"from": [ 0.9, 0.2, 0.2 ],
									"to": [ 2.4, 1.4, 1.4 ],
									"unwrapMode": 7,
									"unwrapRotation": 1,
									"uv": [ 17.0, 33.0 ],
									"rotationOrigin": [ 0.9, 0.9, 0.8 ],
									"rotationZ": -4.0,
									"faces": {
										"north": { "texture": "#skin", "uv": [ 19.0, 34.0, 20.0, 35.5 ], "rotation": 90 },
										"east": { "texture": "#skin", "uv": [ 18.0, 35.5, 19.0, 36.5 ] },
										"south": { "texture": "#skin", "uv": [ 17.0, 34.0, 18.0, 35.5 ], "rotation": 270 },
										"west": { "texture": "#skin", "uv": [ 18.0, 33.0, 19.0, 34.0 ], "rotation": 180 },
										"up": { "texture": "#skin", "uv": [ 18.0, 34.0, 19.0, 35.5 ], "rotation": 270 },
										"down": { "texture": "#skin", "uv": [ 20.0, 34.0, 21.0, 35.5 ], "rotation": 90 }
									},
									"children": [
										{
											"name": "Tail3",
											"from": [ 1.2, 0.3, 0.2 ],
											"to": [ 2.7, 1.1, 1.0 ],
											"unwrapMode": 7,
											"unwrapRotation": 1,
											"uv": [ 14.5, 35.0 ],
											"rotationOrigin": [ 1.4, 0.8, 0.6 ],
											"rotationZ": -17.0,
											"faces": {
												"north": { "texture": "#skin", "uv": [ 15.5, 35.5, 16.0, 37.0 ], "rotation": 90 },
												"east": { "texture": "#skin", "uv": [ 15.0, 37.0, 15.5, 37.5 ] },
												"south": { "texture": "#skin", "uv": [ 14.5, 35.5, 15.0, 37.0 ], "rotation": 270 },
												"west": { "texture": "#skin", "uv": [ 15.0, 35.0, 15.5, 35.5 ], "rotation": 180 },
												"up": { "texture": "#skin", "uv": [ 15.0, 35.5, 15.5, 37.0 ], "rotation": 270 },
												"down": { "texture": "#skin", "uv": [ 16.0, 35.5, 16.5, 37.0 ], "rotation": 90 }
											}
										}
									]
								}
							]
						},
						{
							"name": "Neck1",
							"from": [ -2.2, 0.7, 1.6 ],
							"to": [ 0.0, 3.2, 4.6 ],
							"unwrapMode": 5,
							"unwrapRotation": 1,
							"uv": [ 3.0, 33.5 ],
							"rotationOrigin": [ 0.0, 3.2, 3.1 ],
							"rotationZ": 15.0,
							"faces": {
								"north": { "texture": "#skin", "uv": [ 3.0, 33.5, 5.5, 35.5 ], "rotation": 270 },
								"south": { "texture": "#skin", "uv": [ 8.5, 33.5, 11.0, 35.5 ], "rotation": 90 },
								"west": { "texture": "#skin", "uv": [ 5.5, 35.5, 8.5, 38.0 ] },
								"up": { "texture": "#skin", "uv": [ 5.5, 33.5, 8.5, 35.5 ], "rotation": 90 },
								"down": { "texture": "#skin", "uv": [ 11.0, 33.5, 14.0, 35.5 ], "rotation": 270 }
							},
							"children": [
								{
									"name": "Neck2",
									"from": [ -1.4, 0.2, 0.15 ],
									"to": [ 1.1, 2.4, 2.65 ],
									"unwrapMode": 5,
									"unwrapRotation": 1,
									"uv": [ 0.5, 36.5 ],
									"rotationOrigin": [ 0.2, 1.9, 1.5 ],
									"rotationZ": -23.0,
									"faces": {
										"north": { "texture": "#skin", "uv": [ 0.5, 38.5, 2.5, 41.0 ], "rotation": 270 },
										"east": { "texture": "#skin", "uv": [ 2.5, 36.5, 5.0, 38.5 ], "rotation": 180 },
										"south": { "texture": "#skin", "uv": [ 5.0, 38.5, 7.0, 41.0 ], "rotation": 90 },
										"west": { "texture": "#skin", "uv": [ 2.5, 41.0, 5.0, 43.0 ] },
										"up": { "texture": "#skin", "uv": [ 2.5, 38.5, 5.0, 41.0 ], "rotation": 90 },
										"down": { "texture": "#skin", "uv": [ 7.0, 38.5, 9.5, 41.0 ], "rotation": 270 }
									},
									"children": [
										{
											"name": "Head",
											"from": [ -1.6, 0.7, 0.25 ],
											"to": [ 0.1, 2.2, 2.25 ],
											"unwrapMode": 5,
											"unwrapRotation": 1,
											"uv": [ 10.0, 36.5 ],
											"rotationOrigin": [ 0.1, 2.2, 1.25 ],
											"rotationZ": -1.0,
											"faces": {
												"north": { "texture": "#skin", "uv": [ 10.0, 38.0, 11.5, 39.5 ], "rotation": 270 },
												"east": { "texture": "#skin", "uv": [ 11.5, 36.5, 13.5, 38.0 ], "rotation": 180 },
												"south": { "texture": "#skin", "uv": [ 13.5, 38.0, 15.0, 39.5 ], "rotation": 90 },
												"west": { "texture": "#skin", "uv": [ 11.5, 39.5, 13.5, 41.0 ] },
												"up": { "texture": "#skin", "uv": [ 11.5, 38.0, 13.5, 39.5 ], "rotation": 90 },
												"down": { "texture": "#skin", "uv": [ 15.0, 38.0, 17.0, 39.5 ], "rotation": 270 }
											},
											"children": [
												{
													"name": "Nose",
													"from": [ -0.6, 0.0, 0.4 ],
													"to": [ 0.0, 1.5, 1.6 ],
													"unwrapMode": 5,
													"unwrapRotation": 1,
													"uv": [ 5.5, 41.5 ],
													"rotationOrigin": [ 0.0, 1.5, 0.4 ],
													"rotationZ": 8.0,
													"faces": {
														"north": { "texture": "#skin", "uv": [ 5.5, 41.5, 7.0, 42.0 ], "rotation": 270 },
														"south": { "texture": "#skin", "uv": [ 8.0, 41.5, 9.5, 42.0 ], "rotation": 90 },
														"west": { "texture": "#skin", "uv": [ 7.0, 42.0, 8.0, 43.5 ] },
														"up": { "texture": "#skin", "uv": [ 7.0, 41.5, 8.0, 42.0 ], "rotation": 90 },
														"down": { "texture": "#skin", "uv": [ 9.5, 41.5, 10.5, 42.0 ], "rotation": 270 }
													},
													"children": [
														{
															"name": "Nostrils",
															"from": [ -1.0, 0.7, 0.1 ],
															"to": [ 0.0, 1.3, 1.1 ],
															"unwrapMode": 5,
															"unwrapRotation": 1,
															"uv": [ 8.5, 42.5 ],
															"rotationOrigin": [ 0.0, 1.3, 0.1 ],
															"rotationZ": 25.0,
															"faces": {
																"north": { "texture": "#skin", "uv": [ 8.5, 42.5, 9.0, 43.5 ], "rotation": 270 },
																"south": { "texture": "#skin", "uv": [ 10.0, 42.5, 10.5, 43.5 ], "rotation": 90 },
																"up": { "texture": "#skin", "uv": [ 9.0, 42.5, 10.0, 43.5 ], "rotation": 90 }
															},
															"children": [
																{
																	"name": "Beak",
																	"from": [ 0.0, 0.0, -0.05 ],
																	"to": [ 1.0, 0.6, 1.05 ],
																	"unwrapMode": 4,
																	"uv": [ 24.5, 31.5 ],
																	"rotationOrigin": [ 0.0, 0.6, -0.05 ],
																	"rotationZ": -28.0,
																	"faces": {
																		"north": { "texture": "#skin", "uv": [ 24.5, 32.5, 25.5, 33.0 ] },
																		"south": { "texture": "#skin", "uv": [ 26.5, 32.5, 27.5, 33.0 ] },
																		"west": { "texture": "#skin", "uv": [ 25.5, 32.5, 26.5, 33.0 ] },
																		"up": { "texture": "#skin", "uv": [ 25.5, 31.5, 26.5, 32.5 ], "rotation": 90 },
																		"down": { "texture": "#skin", "uv": [ 25.5, 33.0, 26.5, 34.0 ], "rotation": 90 }
																	}
																}
															]
														}
													]
												},
												{
													"name": "R Face",
													"from": [ 0.0, -0.05, 0.0 ],
													"to": [ 1.7, 1.45, 1.0 ],
													"unwrapMode": 1,
													"uv": [ 14.0, 40.0 ],
													"rotationOrigin": [ 0.0, -0.05, 0.0 ],
													"rotationY": 8.0,
													"faces": {
														"north": { "texture": "#skin", "uv": [ 14.0, 41.0, 15.5, 42.5 ] },
														"up": { "texture": "#skin", "uv": [ 14.0, 40.0, 15.5, 41.0 ], "rotation": 180 },
														"down": { "texture": "#skin", "uv": [ 14.0, 42.5, 15.5, 43.5 ] }
													},
													"children": [
														{
															"name": "R eye",
															"from": [ 0.2, 0.7, -0.05 ],
															"to": [ 0.6, 1.1, 0.15 ],
															"unwrapMode": 1,
															"uv": [ 27.5, 30.5 ],
															"rotationOrigin": [ 0.2, 0.7, -0.05 ],
															"rotationY": 5.0,
															"rotationZ": 25.0,
															"faces": {
																"north": { "texture": "#skin", "uv": [ 27.5, 31.0, 28.0, 31.5 ] },
																"south": { "texture": "#skin", "uv": [ 28.5, 31.0, 29.0, 31.5 ] },
																"west": { "texture": "#skin", "uv": [ 28.0, 31.0, 28.5, 31.5 ] },
																"up": { "texture": "#skin", "uv": [ 27.5, 30.5, 28.0, 31.0 ], "rotation": 180 },
																"down": { "texture": "#skin", "uv": [ 27.5, 31.5, 28.0, 32.0 ] }
															},
															"children": [
																{
																	"name": "RUEyelid",
																	"from": [ -0.1, 0.3, -0.1 ],
																	"to": [ 0.5, 0.6, 0.2 ],
																	"unwrapMode": 1,
																	"uv": [ 24.5, 20.5 ],
																	"rotationOrigin": [ -0.1, 0.3, -0.1 ],
																	"rotationX": 5.0,
																	"faces": {
																		"north": { "texture": "#skin", "uv": [ 25.0, 21.0, 25.5, 21.5 ] },
																		"east": { "texture": "#skin", "uv": [ 24.5, 21.0, 25.0, 21.5 ] },
																		"west": { "texture": "#skin", "uv": [ 25.5, 21.0, 26.0, 21.5 ] },
																		"up": { "texture": "#skin", "uv": [ 25.0, 20.5, 25.5, 21.0 ], "rotation": 180 },
																		"down": { "texture": "#skin", "uv": [ 25.0, 21.5, 25.5, 22.0 ] }
																	}
																},
																{
																	"name": "RLEyelid",
																	"from": [ -0.1, -0.3, -0.1 ],
																	"to": [ 0.5, 0.0, 0.2 ],
																	"unwrapMode": 1,
																	"uv": [ 25.5, 22.5 ],
																	"rotationOrigin": [ -0.1, 0.0, -0.1 ],
																	"rotationX": -5.0,
																	"faces": {
																		"north": { "texture": "#skin", "uv": [ 26.0, 23.0, 26.5, 23.5 ] },
																		"east": { "texture": "#skin", "uv": [ 25.5, 23.0, 26.0, 23.5 ] },
																		"west": { "texture": "#skin", "uv": [ 26.5, 23.0, 27.0, 23.5 ] },
																		"up": { "texture": "#skin", "uv": [ 26.0, 22.5, 26.5, 23.0 ], "rotation": 180 },
																		"down": { "texture": "#skin", "uv": [ 26.0, 23.5, 26.5, 24.0 ] }
																	}
																}
															]
														}
													]
												},
												{
													"name": "L Face",
													"from": [ 0.0, -0.05, 1.0 ],
													"to": [ 1.7, 1.45, 2.0 ],
													"unwrapMode": 3,
													"uv": [ 16.0, 40.0 ],
													"rotationOrigin": [ 0.0, -0.05, 2.0 ],
													"rotationY": -8.0,
													"faces": {
														"south": { "texture": "#skin", "uv": [ 16.0, 41.0, 17.5, 42.5 ] },
														"up": { "texture": "#skin", "uv": [ 16.0, 40.0, 17.5, 41.0 ] },
														"down": { "texture": "#skin", "uv": [ 16.0, 42.5, 17.5, 43.5 ], "rotation": 180 }
													},
													"children": [
														{
															"name": "L eye",
															"from": [ 0.2, 0.7, 0.85 ],
															"to": [ 0.6, 1.1, 1.05 ],
															"unwrapMode": 3,
															"uv": [ 27.0, 28.5 ],
															"rotationOrigin": [ 0.2, 0.7, 1.05 ],
															"rotationY": -5.0,
															"rotationZ": 25.0,
															"faces": {
																"north": { "texture": "#skin", "uv": [ 28.0, 29.0, 28.5, 29.5 ] },
																"south": { "texture": "#skin", "uv": [ 27.5, 29.0, 28.0, 29.5 ] },
																"west": { "texture": "#skin", "uv": [ 27.0, 29.0, 27.5, 29.5 ] },
																"up": { "texture": "#skin", "uv": [ 27.5, 28.5, 28.0, 29.0 ] },
																"down": { "texture": "#skin", "uv": [ 27.5, 29.5, 28.0, 30.0 ], "rotation": 180 }
															},
															"children": [
																{
																	"name": "LLEyelid",
																	"from": [ -0.1, -0.25, 0.0 ],
																	"to": [ 0.5, 0.05, 0.3 ],
																	"unwrapMode": 3,
																	"uv": [ 27.0, 23.5 ],
																	"rotationOrigin": [ -0.1, 0.0, 0.0 ],
																	"rotationX": 5.0,
																	"faces": {
																		"east": { "texture": "#skin", "uv": [ 28.0, 24.0, 28.5, 24.5 ] },
																		"south": { "texture": "#skin", "uv": [ 27.5, 24.0, 28.0, 24.5 ] },
																		"west": { "texture": "#skin", "uv": [ 27.0, 24.0, 27.5, 24.5 ] },
																		"up": { "texture": "#skin", "uv": [ 27.5, 23.5, 28.0, 24.0 ] },
																		"down": { "texture": "#skin", "uv": [ 27.5, 24.5, 28.0, 25.0 ], "rotation": 180 }
																	}
																},
																{
																	"name": "LUEyelid",
																	"from": [ -0.1, 0.3, 0.0 ],
																	"to": [ 0.5, 0.6, 0.3 ],
																	"unwrapMode": 3,
																	"uv": [ 22.5, 20.5 ],
																	"rotationOrigin": [ -0.1, 0.3, 0.0 ],
																	"rotationX": -5.0,
																	"faces": {
																		"east": { "texture": "#skin", "uv": [ 23.5, 21.0, 24.0, 21.5 ] },
																		"south": { "texture": "#skin", "uv": [ 23.0, 21.0, 23.5, 21.5 ] },
																		"west": { "texture": "#skin", "uv": [ 22.5, 21.0, 23.0, 21.5 ] },
																		"up": { "texture": "#skin", "uv": [ 23.0, 20.5, 23.5, 21.0 ] },
																		"down": { "texture": "#skin", "uv": [ 23.0, 21.5, 23.5, 22.0 ], "rotation": 180 }
																	}
																}
															]
														}
													]
												},
												{
													"name": "Jaw",
													"from": [ 0.2, -0.7, 0.2 ],
													"to": [ 1.9, 0.5, 1.8 ],
													"unwrapMode": 4,
													"uv": [ 18.0, 41.0 ],
													"rotationOrigin": [ 1.3, 0.3, 1.0 ],
													"rotationZ": 3.0,
													"faces": {
														"north": { "texture": "#skin", "uv": [ 18.0, 41.0, 19.5, 42.0 ] },
														"south": { "texture": "#skin", "uv": [ 21.0, 41.0, 22.5, 42.0 ] },
														"west": { "texture": "#skin", "uv": [ 19.5, 41.0, 21.0, 42.0 ], "windMode": [-1,-1,-1,-1] },
														"down": { "texture": "#skin", "uv": [ 19.5, 42.0, 21.0, 43.5 ], "rotation": 90 }
													},
													"children": [
														{
															"name": "Lowerbeak",
															"from": [ -1.5, 0.2, 0.3 ],
															"to": [ 0.0, 0.7, 1.3 ],
															"unwrapMode": 4,
															"uv": [ 21.5, 33.0 ],
															"rotationOrigin": [ 0.0, 0.2, 0.3 ],
															"rotationZ": -20.0,
															"faces": {
																"north": { "texture": "#skin", "uv": [ 21.5, 34.5, 23.0, 35.0 ] },
																"south": { "texture": "#skin", "uv": [ 24.0, 34.5, 25.5, 35.0 ] },
																"west": { "texture": "#skin", "uv": [ 23.0, 34.5, 24.0, 35.0 ] },
																"up": { "texture": "#skin", "uv": [ 23.0, 33.0, 24.0, 34.5 ], "rotation": 90 },
																"down": { "texture": "#skin", "uv": [ 23.0, 35.0, 24.0, 36.5 ], "rotation": 90 }
															}
														}
													]
												}
											]
										}
									],
									"attachmentpoints": [
										{
											"code": "rope",
											"posX": "2.0","posY": "0.0","posZ": "1.5",
											"rotationX": "0.0","rotationY": "0.0","rotationZ": "0.0"
										}
									]
								}
							]
						},
						{
							"name": "SRidge1",
							"from": [ -1.0, 3.0, 2.6 ],
							"to": [ 1.0, 3.5, 3.6 ],
							"unwrapMode": 7,
							"unwrapRotation": 1,
							"autoUnwrap": false,
							"uv": [ 8.5, 1.0 ],
							"rotationOrigin": [ -1.0, 3.0, 2.6 ],
							"rotationZ": 27.0,
							"faces": {
								"north": { "texture": "#skin", "uv": [ 9.5, 1.5, 10.0, 3.5 ], "rotation": 90 },
								"south": { "texture": "#skin", "uv": [ 8.0, 1.5, 8.5, 3.5 ], "rotation": 270 },
								"west": { "texture": "#skin", "uv": [ 8.5, 1.0, 9.5, 1.5 ], "rotation": 180 },
								"up": { "texture": "#skin", "uv": [ 8.5, 1.5, 9.5, 3.5 ], "rotation": 270 },
								"down": { "texture": "#skin", "uv": [ 26.0, 1.0, 27.0, 3.0 ], "rotation": 90 }
							},
							"children": [
								{
									"name": "SRidge2",
									"from": [ 2.0, 0.0, -0.05 ],
									"to": [ 4.2, 0.5, 1.05 ],
									"unwrapMode": 7,
									"unwrapRotation": 1,
									"autoUnwrap": false,
									"uv": [ 9.5, 4.0 ],
									"rotationOrigin": [ 2.0, 0.5, -0.05 ],
									"rotationZ": -20.0,
									"faces": {
										"north": { "texture": "#skin", "uv": [ 9.5, 4.5, 10.0, 6.5 ], "rotation": 90 },
										"south": { "texture": "#skin", "uv": [ 8.0, 4.5, 8.5, 6.5 ], "rotation": 270 },
										"west": { "texture": "#skin", "uv": [ 8.5, 4.0, 9.5, 4.5 ], "rotation": 180 },
										"up": { "texture": "#skin", "uv": [ 8.5, 4.5, 9.5, 6.5 ], "rotation": 270 },
										"down": { "texture": "#skin", "uv": [ 26.0, 3.5, 27.0, 5.5 ], "rotation": 90 }
									},
									"children": [
										{
											"name": "SRidge3",
											"from": [ 2.2, 0.0, -0.05 ],
											"to": [ 7.2, 0.5, 1.15 ],
											"unwrapMode": 7,
											"unwrapRotation": 1,
											"autoUnwrap": false,
											"uv": [ 9.5, 7.0 ],
											"rotationOrigin": [ 2.2, 0.5, -0.05 ],
											"rotationZ": -19.0,
											"faces": {
												"north": { "texture": "#skin", "uv": [ 9.5, 7.5, 10.0, 12.5 ], "rotation": 90 },
												"east": { "texture": "#skin", "uv": [ 8.5, 13.0, 9.5, 13.5 ] },
												"south": { "texture": "#skin", "uv": [ 8.0, 7.5, 8.5, 12.5 ], "rotation": 270 },
												"west": { "texture": "#skin", "uv": [ 8.5, 7.0, 9.5, 7.5 ], "rotation": 180 },
												"up": { "texture": "#skin", "uv": [ 8.5, 7.5, 9.5, 12.5 ], "rotation": 270 },
												"down": { "texture": "#skin", "uv": [ 26.0, 6.0, 27.0, 11.0 ], "rotation": 90 }
											},
											"children": [
												{
													"name": "SRidge4",
													"from": [ 5.0, 0.0, 0.05 ],
													"to": [ 9.6, 0.5, 1.15 ],
													"unwrapMode": 7,
													"unwrapRotation": 1,
													"autoUnwrap": false,
													"uv": [ 8.5, 12.5 ],
													"rotationOrigin": [ 5.0, 0.5, 0.05 ],
													"rotationZ": -10.0,
													"faces": {
														"north": { "texture": "#skin", "uv": [ 9.5, 13.5, 10.0, 18.0 ], "rotation": 90 },
														"east": { "texture": "#skin", "uv": [ 8.5, 18.0, 9.5, 18.5 ] },
														"south": { "texture": "#skin", "uv": [ 8.0, 13.5, 8.5, 18.0 ], "rotation": 270 },
														"up": { "texture": "#skin", "uv": [ 8.5, 13.5, 9.5, 18.0 ], "rotation": 270 },
														"down": { "texture": "#skin", "uv": [ 26.0, 11.5, 27.0, 16.0 ], "rotation": 90 }
													},
													"children": [
														{
															"name": "RTopa4",
															"from": [ -0.1, -0.2, -1.6 ],
															"to": [ 2.9, 0.3, 0.1 ],
															"unwrapMode": 7,
															"unwrapRotation": 1,
															"autoUnwrap": false,
															"uv": [ 11.0, 12.5 ],
															"rotationOrigin": [ -0.1, -0.2, 0.1 ],
															"rotationX": -8.0,
															"rotationY": -5.0,
															"faces": {
																"north": { "texture": "#skin", "uv": [ 12.0, 14.0, 12.5, 17.0 ], "rotation": 90 },
																"west": { "texture": "#skin", "uv": [ 10.5, 13.5, 12.0, 14.0 ], "rotation": 180 },
																"up": { "texture": "#skin", "uv": [ 10.5, 14.0, 12.0, 17.0 ], "rotation": 270 },
																"down": { "texture": "#skin", "uv": [ 24.0, 11.5, 25.5, 14.5 ], "rotation": 90 }
															},
															"children": [
																{
																	"name": "RTopb4",
																	"from": [ 0.0, 0.0, -1.5 ],
																	"to": [ 2.5, 0.5, 0.0 ],
																	"unwrapMode": 7,
																	"unwrapRotation": 1,
																	"autoUnwrap": false,
																	"uv": [ 14.0, 12.5 ],
																	"rotationOrigin": [ 0.0, 0.5, 0.0 ],
																	"rotationX": -28.0,
																	"faces": {
																		"north": { "texture": "#skin", "uv": [ 14.5, 14.0, 15.0, 16.5 ], "rotation": 90 },
																		"east": { "texture": "#skin", "uv": [ 13.0, 16.5, 14.5, 17.0 ] },
																		"west": { "texture": "#skin", "uv": [ 13.0, 13.5, 14.5, 14.0 ], "rotation": 180 },
																		"up": { "texture": "#skin", "uv": [ 13.0, 14.0, 14.5, 16.5 ], "rotation": 270 },
																		"down": { "texture": "#skin", "uv": [ 22.0, 11.5, 23.5, 14.0 ], "rotation": 90 }
																	},
																	"children": [
																		{
																			"name": "RTopc4",
																			"from": [ 0.3, 0.3, -1.1 ],
																			"to": [ 1.8, 0.5, 0.0 ],
																			"unwrapMode": 7,
																			"unwrapRotation": 1,
																			"autoUnwrap": false,
																			"uv": [ 16.5, 12.5 ],
																			"rotationOrigin": [ 0.3, 0.5, 0.0 ],
																			"rotationX": -4.0,
																			"faces": {
																				"east": { "texture": "#skin", "uv": [ 15.5, 15.5, 16.5, 16.0 ] },
																				"west": { "texture": "#skin", "uv": [ 15.5, 13.5, 16.5, 14.0 ], "rotation": 180 },
																				"up": { "texture": "#skin", "uv": [ 15.5, 14.0, 16.5, 15.5 ], "rotation": 270 },
																				"down": { "texture": "#skin", "uv": [ 20.5, 11.5, 21.5, 13.0 ], "rotation": 90 }
																			}
																		}
																	]
																},
																{
																	"name": "RTopa5",
																	"from": [ 3.0, 0.0, 0.0 ],
																	"to": [ 3.7, 0.5, 1.5 ],
																	"unwrapMode": 7,
																	"unwrapRotation": 1,
																	"autoUnwrap": false,
																	"uv": [ 11.0, 16.0 ],
																	"rotationOrigin": [ 3.0, 0.5, 0.0 ],
																	"rotationZ": -30.0,
																	"faces": {
																		"north": { "texture": "#skin", "uv": [ 12.0, 17.5, 12.5, 18.0 ], "rotation": 90 },
																		"up": { "texture": "#skin", "uv": [ 10.5, 17.5, 12.0, 18.0 ], "rotation": 270 },
																		"down": { "texture": "#skin", "uv": [ 24.0, 15.0, 25.5, 15.5 ], "rotation": 90 }
																	}
																}
															]
														},
														{
															"name": "LTopa4",
															"from": [ -0.1, -0.2, 1.0 ],
															"to": [ 2.9, 0.3, 2.7 ],
															"unwrapMode": 7,
															"unwrapRotation": 1,
															"autoUnwrap": false,
															"uv": [ 5.5, 12.5 ],
															"rotationOrigin": [ -0.1, -0.2, 1.1 ],
															"rotationX": 8.0,
															"rotationY": 5.0,
															"faces": {
																"south": { "texture": "#skin", "uv": [ 5.5, 14.0, 6.0, 17.0 ], "rotation": 270 },
																"west": { "texture": "#skin", "uv": [ 6.0, 13.5, 7.5, 14.0 ], "rotation": 180 },
																"up": { "texture": "#skin", "uv": [ 6.0, 14.0, 7.5, 17.0 ], "rotation": 270 },
																"down": { "texture": "#skin", "uv": [ 27.5, 11.5, 29.0, 14.5 ], "rotation": 90 }
															},
															"children": [
																{
																	"name": "LTopb4",
																	"from": [ 0.0, 0.0, 1.7 ],
																	"to": [ 2.5, 0.5, 3.2 ],
																	"unwrapMode": 7,
																	"unwrapRotation": 1,
																	"autoUnwrap": false,
																	"uv": [ 3.0, 12.5 ],
																	"rotationOrigin": [ 0.0, 0.5, 1.7 ],
																	"rotationX": 28.0,
																	"faces": {
																		"east": { "texture": "#skin", "uv": [ 3.5, 16.5, 5.0, 17.0 ] },
																		"south": { "texture": "#skin", "uv": [ 3.0, 14.0, 3.5, 16.5 ], "rotation": 270 },
																		"west": { "texture": "#skin", "uv": [ 3.5, 13.5, 5.0, 14.0 ], "rotation": 180 },
																		"up": { "texture": "#skin", "uv": [ 3.5, 14.0, 5.0, 16.5 ], "rotation": 270 },
																		"down": { "texture": "#skin", "uv": [ 29.5, 11.5, 31.0, 14.0 ], "rotation": 90 }
																	},
																	"children": [
																		{
																			"name": "LTopc4",
																			"from": [ 0.3, 0.3, 1.5 ],
																			"to": [ 1.8, 0.5, 2.6 ],
																			"unwrapMode": 7,
																			"unwrapRotation": 1,
																			"autoUnwrap": false,
																			"uv": [ 1.5, 12.5 ],
																			"rotationOrigin": [ 0.3, 0.5, 1.5 ],
																			"rotationX": 4.0,
																			"faces": {
																				"east": { "texture": "#skin", "uv": [ 1.5, 15.5, 2.5, 16.0 ] },
																				"west": { "texture": "#skin", "uv": [ 1.5, 13.5, 2.5, 14.0 ], "rotation": 180 },
																				"up": { "texture": "#skin", "uv": [ 1.5, 14.0, 2.5, 15.5 ], "rotation": 270 },
																				"down": { "texture": "#skin", "uv": [ 31.5, 11.5, 32.5, 13.0 ], "rotation": 90 }
																			}
																		}
																	]
																},
																{
																	"name": "LTopa5",
																	"from": [ 3.0, 0.0, 0.2 ],
																	"to": [ 3.7, 0.5, 1.7 ],
																	"unwrapMode": 7,
																	"unwrapRotation": 1,
																	"autoUnwrap": false,
																	"uv": [ 5.5, 16.0 ],
																	"rotationOrigin": [ 3.0, 0.5, 1.7 ],
																	"rotationZ": -30.0,
																	"faces": {
																		"south": { "texture": "#skin", "uv": [ 5.5, 17.5, 6.0, 18.0 ], "rotation": 270, "windMode": [-1,-1,-1,-1] },
																		"up": { "texture": "#skin", "uv": [ 6.0, 17.5, 7.5, 18.0 ], "rotation": 270 },
																		"down": { "texture": "#skin", "uv": [ 27.5, 15.0, 29.0, 15.5 ], "rotation": 90 }
																	}
																}
															]
														}
													]
												},
												{
													"name": "RTopa3",
													"from": [ 0.0, -0.2, -2.0 ],
													"to": [ 5.0, 0.3, 0.0 ],
													"unwrapMode": 7,
													"unwrapRotation": 1,
													"autoUnwrap": false,
													"uv": [ 11.0, 7.0 ],
													"rotationOrigin": [ 0.0, 0.3, 0.0 ],
													"rotationX": -9.0,
													"rotationY": -5.0,
													"rotationZ": 1.0,
													"faces": {
														"east": { "texture": "#skin", "uv": [ 11.0, 12.5, 13.0, 13.0 ] },
														"south": { "texture": "#skin", "uv": [ 10.5, 7.5, 11.0, 12.5 ], "rotation": 270 },
														"west": { "texture": "#skin", "uv": [ 11.0, 7.0, 13.0, 7.5 ], "rotation": 180 },
														"up": { "texture": "#skin", "uv": [ 11.0, 7.5, 13.0, 12.5 ], "rotation": 270 },
														"down": { "texture": "#skin", "uv": [ 23.5, 6.0, 25.5, 11.0 ], "rotation": 90 }
													},
													"children": [
														{
															"name": "RTopb3",
															"from": [ 0.0, 0.0, -2.5 ],
															"to": [ 5.0, 0.5, 0.0 ],
															"unwrapMode": 7,
															"unwrapRotation": 1,
															"autoUnwrap": false,
															"uv": [ 14.5, 7.0 ],
															"rotationOrigin": [ 0.0, 0.5, 0.0 ],
															"rotationX": -29.0,
															"faces": {
																"east": { "texture": "#skin", "uv": [ 13.5, 12.5, 16.0, 13.0 ] },
																"west": { "texture": "#skin", "uv": [ 13.5, 7.0, 16.0, 7.5 ], "rotation": 180 },
																"up": { "texture": "#skin", "uv": [ 13.5, 7.5, 16.0, 12.5 ], "rotation": 270 },
																"down": { "texture": "#skin", "uv": [ 20.5, 6.0, 23.0, 11.0 ], "rotation": 90 }
															},
															"children": [
																{
																	"name": "RTopc3",
																	"from": [ 0.0, 0.0, -0.6 ],
																	"to": [ 5.0, 0.5, 0.0 ],
																	"unwrapMode": 7,
																	"unwrapRotation": 1,
																	"autoUnwrap": false,
																	"uv": [ 17.5, 7.0 ],
																	"rotationOrigin": [ 0.0, 0.5, 0.0 ],
																	"rotationX": -20.0,
																	"faces": {
																		"east": { "texture": "#skin", "uv": [ 16.5, 12.5, 17.0, 13.0 ] },
																		"west": { "texture": "#skin", "uv": [ 16.5, 7.0, 17.0, 7.5 ], "rotation": 180 },
																		"up": { "texture": "#skin", "uv": [ 16.5, 7.5, 17.0, 12.5 ], "rotation": 270 },
																		"down": { "texture": "#skin", "uv": [ 19.5, 6.0, 20.0, 11.0 ], "rotation": 90 }
																	}
																}
															]
														}
													]
												},
												{
													"name": "LTopa3",
													"from": [ 0.0, -0.2, 1.2 ],
													"to": [ 5.0, 0.3, 3.2 ],
													"unwrapMode": 7,
													"unwrapRotation": 1,
													"autoUnwrap": false,
													"uv": [ 5.5, 7.0 ],
													"rotationOrigin": [ 0.0, 0.3, 1.2 ],
													"rotationX": 9.0,
													"rotationY": 5.0,
													"rotationZ": 1.0,
													"faces": {
														"north": { "texture": "#skin", "uv": [ 7.0, 7.5, 7.5, 12.5 ], "rotation": 90 },
														"east": { "texture": "#skin", "uv": [ 5.0, 12.5, 7.0, 13.0 ] },
														"west": { "texture": "#skin", "uv": [ 5.0, 7.0, 7.0, 7.5 ], "rotation": 180 },
														"up": { "texture": "#skin", "uv": [ 5.0, 7.5, 7.0, 12.5 ], "rotation": 270 },
														"down": { "texture": "#skin", "uv": [ 27.5, 6.0, 29.5, 11.0 ], "rotation": 90 }
													},
													"children": [
														{
															"name": "LTopb3",
															"from": [ 0.0, 0.0, 2.0 ],
															"to": [ 5.0, 0.5, 4.5 ],
															"unwrapMode": 7,
															"unwrapRotation": 1,
															"autoUnwrap": false,
															"uv": [ 1.5, 7.0 ],
															"rotationOrigin": [ 0.0, 0.5, 2.0 ],
															"rotationX": 29.0,
															"faces": {
																"east": { "texture": "#skin", "uv": [ 2.0, 12.5, 4.5, 13.0 ] },
																"west": { "texture": "#skin", "uv": [ 2.0, 7.0, 4.5, 7.5 ], "rotation": 180 },
																"up": { "texture": "#skin", "uv": [ 2.0, 7.5, 4.5, 12.5 ], "rotation": 270 },
																"down": { "texture": "#skin", "uv": [ 30.0, 6.0, 32.5, 11.0 ], "rotation": 90 }
															},
															"children": [
																{
																	"name": "LTopc3",
																	"from": [ 0.0, 0.0, 2.5 ],
																	"to": [ 5.0, 0.5, 3.1 ],
																	"unwrapMode": 7,
																	"unwrapRotation": 1,
																	"autoUnwrap": false,
																	"uv": [ 0.5, 7.0 ],
																	"rotationOrigin": [ 0.0, 0.5, 2.5 ],
																	"rotationX": 20.0,
																	"faces": {
																		"east": { "texture": "#skin", "uv": [ 1.0, 12.5, 1.5, 13.0 ] },
																		"west": { "texture": "#skin", "uv": [ 1.0, 7.0, 1.5, 7.5 ], "rotation": 180 },
																		"up": { "texture": "#skin", "uv": [ 1.0, 7.5, 1.5, 12.5 ], "rotation": 270 },
																		"down": { "texture": "#skin", "uv": [ 33.0, 6.0, 33.5, 11.0 ], "rotation": 90 }
																	}
																}
															]
														}
													]
												}
											]
										},
										{
											"name": "RTopa2",
											"from": [ 0.0, -0.2, -2.0 ],
											"to": [ 2.2, 0.3, 0.0 ],
											"unwrapMode": 7,
											"unwrapRotation": 1,
											"autoUnwrap": false,
											"uv": [ 11.0, 4.0 ],
											"rotationOrigin": [ 0.0, 0.3, 0.0 ],
											"rotationX": -10.0,
											"rotationZ": -1.0,
											"faces": {
												"south": { "texture": "#skin", "uv": [ 10.5, 4.5, 11.0, 6.5 ], "rotation": 270 },
												"west": { "texture": "#skin", "uv": [ 11.0, 4.0, 13.0, 4.5 ], "rotation": 180 },
												"up": { "texture": "#skin", "uv": [ 11.0, 4.5, 13.0, 6.5 ], "rotation": 270 },
												"down": { "texture": "#skin", "uv": [ 23.5, 3.5, 25.5, 5.5 ], "rotation": 90 }
											},
											"children": [
												{
													"name": "RTopb2",
													"from": [ 0.0, 0.2, -2.0 ],
													"to": [ 2.2, 0.5, 0.0 ],
													"unwrapMode": 7,
													"unwrapRotation": 1,
													"autoUnwrap": false,
													"uv": [ 14.5, 3.5 ],
													"rotationOrigin": [ 2.0, 0.5, 0.0 ],
													"rotationX": -29.0,
													"faces": {
														"north": { "texture": "#skin", "uv": [ 15.5, 4.0, 16.0, 6.0 ], "rotation": 90 },
														"east": { "texture": "#skin", "uv": [ 13.5, 6.0, 15.5, 6.5 ] },
														"west": { "texture": "#skin", "uv": [ 13.5, 3.5, 15.5, 4.0 ], "rotation": 180 },
														"up": { "texture": "#skin", "uv": [ 13.5, 4.0, 15.5, 6.0 ], "rotation": 270 },
														"down": { "texture": "#skin", "uv": [ 21.0, 3.5, 23.0, 5.5 ], "rotation": 90 }
													},
													"children": [
														{
															"name": "RTopc2",
															"from": [ 0.5, 0.0, -0.6 ],
															"to": [ 2.0, 0.3, 0.0 ],
															"unwrapMode": 7,
															"unwrapRotation": 1,
															"autoUnwrap": false,
															"uv": [ 17.5, 4.0 ],
															"rotationOrigin": [ 2.0, 0.3, 0.0 ],
															"rotationX": -5.0,
															"faces": {
																"north": { "texture": "#skin", "uv": [ 17.0, 4.5, 17.5, 6.0 ], "rotation": 90 },
																"west": { "texture": "#skin", "uv": [ 16.5, 4.0, 17.0, 4.5 ], "rotation": 180 },
																"up": { "texture": "#skin", "uv": [ 16.5, 4.5, 17.0, 6.0 ], "rotation": 270 },
																"down": { "texture": "#skin", "uv": [ 20.0, 4.0, 20.5, 5.5 ], "rotation": 90 }
															}
														}
													]
												},
												{
													"name": "RTopa1",
													"from": [ -2.0, -0.02, 0.0 ],
													"to": [ 0.0, 0.48, 2.1 ],
													"unwrapMode": 7,
													"unwrapRotation": 1,
													"autoUnwrap": false,
													"uv": [ 11.0, 1.5 ],
													"rotationOrigin": [ 0.0, 0.48, 0.0 ],
													"rotationY": 4.0,
													"rotationZ": 16.0,
													"faces": {
														"up": { "texture": "#skin", "uv": [ 10.5, 1.5, 12.5, 3.5 ], "rotation": 270 },
														"down": { "texture": "#skin", "uv": [ 23.5, 1.0, 25.5, 3.0 ], "rotation": 90 }
													},
													"children": [
														{
															"name": "RTopb1",
															"from": [ 0.05, 0.4, -1.0 ],
															"to": [ 2.05, 0.5, 0.0 ],
															"unwrapMode": 7,
															"unwrapRotation": 1,
															"autoUnwrap": false,
															"uv": [ 14.0, 1.0 ],
															"rotationOrigin": [ 0.05, 0.5, 0.0 ],
															"rotationX": -30.0,
															"faces": {
																"up": { "texture": "#skin", "uv": [ 13.0, 1.0, 14.0, 3.0 ], "rotation": 270 },
																"down": { "texture": "#skin", "uv": [ 22.0, 1.0, 23.0, 3.0 ], "rotation": 90 }
															},
															"children": [
																{
																	"name": "RTopc1",
																	"from": [ 1.0, 0.0, -0.6 ],
																	"to": [ 2.0, 0.1, 0.0 ],
																	"unwrapMode": 7,
																	"unwrapRotation": 1,
																	"autoUnwrap": false,
																	"uv": [ 15.5, 2.0 ],
																	"rotationOrigin": [ 1.0, 0.1, 0.0 ],
																	"faces": {
																		"up": { "texture": "#skin", "uv": [ 14.5, 2.0, 15.0, 3.0 ], "rotation": 270 },
																		"down": { "texture": "#skin", "uv": [ 21.0, 2.0, 21.5, 3.0 ], "rotation": 90 }
																	}
																}
															]
														}
													]
												}
											]
										},
										{
											"name": "LTopa2",
											"from": [ 0.0, -0.2, 1.1 ],
											"to": [ 2.2, 0.3, 3.1 ],
											"unwrapMode": 7,
											"unwrapRotation": 1,
											"autoUnwrap": false,
											"uv": [ 5.5, 4.0 ],
											"rotationOrigin": [ 0.0, 0.3, 1.1 ],
											"rotationX": 10.0,
											"rotationZ": -1.0,
											"faces": {
												"north": { "texture": "#skin", "uv": [ 7.0, 4.5, 7.5, 6.5 ], "rotation": 90 },
												"west": { "texture": "#skin", "uv": [ 5.0, 4.0, 7.0, 4.5 ], "rotation": 180 },
												"up": { "texture": "#skin", "uv": [ 5.0, 4.5, 7.0, 6.5 ], "rotation": 270 },
												"down": { "texture": "#skin", "uv": [ 27.5, 3.5, 29.5, 5.5 ], "rotation": 90 }
											},
											"children": [
												{
													"name": "LTopb2",
													"from": [ 0.0, 0.2, 2.0 ],
													"to": [ 2.2, 0.5, 4.0 ],
													"unwrapMode": 7,
													"unwrapRotation": 1,
													"autoUnwrap": false,
													"uv": [ 2.0, 3.5 ],
													"rotationOrigin": [ 2.0, 0.5, 2.0 ],
													"rotationX": 29.0,
													"faces": {
														"east": { "texture": "#skin", "uv": [ 2.5, 6.0, 4.5, 6.5 ] },
														"south": { "texture": "#skin", "uv": [ 2.0, 4.0, 2.5, 6.0 ], "rotation": 270 },
														"west": { "texture": "#skin", "uv": [ 2.5, 3.5, 4.5, 4.0 ], "rotation": 180 },
														"up": { "texture": "#skin", "uv": [ 2.5, 4.0, 4.5, 6.0 ], "rotation": 270 },
														"down": { "texture": "#skin", "uv": [ 30.0, 3.5, 32.0, 5.5 ], "rotation": 90 }
													},
													"children": [
														{
															"name": "LTopc2",
															"from": [ 0.5, 0.0, 2.0 ],
															"to": [ 2.0, 0.3, 2.6 ],
															"unwrapMode": 7,
															"unwrapRotation": 1,
															"autoUnwrap": false,
															"uv": [ 0.5, 4.0 ],
															"rotationOrigin": [ 2.0, 0.3, 2.0 ],
															"rotationX": 5.0,
															"faces": {
																"south": { "texture": "#skin", "uv": [ 0.5, 4.5, 1.0, 6.0 ], "rotation": 270, "windMode": [-1,-1,-1,-1] },
																"west": { "texture": "#skin", "uv": [ 1.0, 4.0, 1.5, 4.5 ], "rotation": 180 },
																"up": { "texture": "#skin", "uv": [ 1.0, 4.5, 1.5, 6.0 ], "rotation": 270 },
																"down": { "texture": "#skin", "uv": [ 32.5, 4.0, 33.0, 5.5 ], "rotation": 90 }
															}
														}
													]
												},
												{
													"name": "LTopa1",
													"from": [ -2.0, -0.02, -0.1 ],
													"to": [ 0.0, 0.48, 2.0 ],
													"unwrapMode": 7,
													"unwrapRotation": 1,
													"autoUnwrap": false,
													"uv": [ 5.5, 1.5 ],
													"rotationOrigin": [ 0.0, 0.48, 2.0 ],
													"rotationY": -4.0,
													"rotationZ": 16.0,
													"faces": {
														"up": { "texture": "#skin", "uv": [ 5.5, 1.5, 7.5, 3.5 ], "rotation": 270 },
														"down": { "texture": "#skin", "uv": [ 27.5, 1.0, 29.5, 3.0 ], "rotation": 90 }
													},
													"children": [
														{
															"name": "LTopb1",
															"from": [ 0.05, 0.4, 2.1 ],
															"to": [ 2.05, 0.5, 3.1 ],
															"unwrapMode": 7,
															"unwrapRotation": 1,
															"autoUnwrap": false,
															"uv": [ 4.0, 1.0 ],
															"rotationOrigin": [ 0.05, 0.5, 2.1 ],
															"rotationX": 30.0,
															"faces": {
																"up": { "texture": "#skin", "uv": [ 4.0, 1.0, 5.0, 3.0 ], "rotation": 270 },
																"down": { "texture": "#skin", "uv": [ 30.0, 1.0, 31.0, 3.0 ], "rotation": 90 }
															},
															"children": [
																{
																	"name": "LTopc1",
																	"from": [ 1.0, 0.0, 1.0 ],
																	"to": [ 2.0, 0.1, 1.6 ],
																	"unwrapMode": 7,
																	"unwrapRotation": 1,
																	"autoUnwrap": false,
																	"uv": [ 3.0, 2.0 ],
																	"rotationOrigin": [ 1.0, 0.1, 1.0 ],
																	"faces": {
																		"up": { "texture": "#skin", "uv": [ 3.0, 2.0, 3.5, 3.0 ], "rotation": 270 },
																		"down": { "texture": "#skin", "uv": [ 31.5, 2.0, 32.0, 3.0 ], "rotation": 90 }
																	}
																}
															]
														}
													]
												}
											]
										}
									]
								}
							]
						},
						{
							"name": "RSEdge1",
							"from": [ -1.1, 3.0, 1.4 ],
							"to": [ -0.1, 3.5, 2.9 ],
							"unwrapMode": 7,
							"unwrapRotation": 1,
							"uv": [ 40.5, 1.0 ],
							"rotationOrigin": [ -1.1, 3.0, 2.9 ],
							"rotationX": -10.0,
							"rotationY": 10.0,
							"rotationZ": 2.0,
							"faces": {
								"north": { "texture": "#skin", "uv": [ 42.5, 1.5, 43.0, 2.5 ], "rotation": 90 },
								"east": { "texture": "#skin", "uv": [ 41.0, 2.5, 42.5, 3.0 ] },
								"south": { "texture": "#skin", "uv": [ 40.5, 1.5, 41.0, 2.5 ], "rotation": 270 },
								"west": { "texture": "#skin", "uv": [ 41.0, 1.0, 42.5, 1.5 ], "rotation": 180 },
								"up": { "texture": "#skin", "uv": [ 41.0, 1.5, 42.5, 2.5 ], "rotation": 270 },
								"down": { "texture": "#skin", "uv": [ 43.0, 1.5, 44.5, 2.5 ], "rotation": 90 }
							},
							"children": [
								{
									"name": "RSEdge2",
									"from": [ -0.1, 0.0, -2.0 ],
									"to": [ 1.0, 0.55, 0.1 ],
									"unwrapMode": 7,
									"unwrapRotation": 1,
									"uv": [ 40.5, 3.5 ],
									"rotationOrigin": [ 0.0, 0.0, 0.0 ],
									"rotationX": -10.0,
									"rotationY": -25.0,
									"faces": {
										"north": { "texture": "#skin", "uv": [ 43.0, 4.0, 43.5, 5.0 ], "rotation": 90 },
										"east": { "texture": "#skin", "uv": [ 41.0, 5.0, 43.0, 5.5 ] },
										"south": { "texture": "#skin", "uv": [ 40.5, 4.0, 41.0, 5.0 ], "rotation": 270 },
										"west": { "texture": "#skin", "uv": [ 41.0, 3.5, 43.0, 4.0 ], "rotation": 180 },
										"up": { "texture": "#skin", "uv": [ 41.0, 4.0, 43.0, 5.0 ], "rotation": 270 },
										"down": { "texture": "#skin", "uv": [ 43.5, 4.0, 45.5, 5.0 ], "rotation": 90 }
									},
									"children": [
										{
											"name": "RSEdge3",
											"from": [ 0.1, 0.0, -2.0 ],
											"to": [ 1.6, 0.6, 0.0 ],
											"unwrapMode": 7,
											"unwrapRotation": 1,
											"uv": [ 40.5, 6.0 ],
											"rotationOrigin": [ 0.1, 0.0, 0.0 ],
											"rotationY": -58.0,
											"rotationZ": -1.0,
											"faces": {
												"north": { "texture": "#skin", "uv": [ 43.0, 6.5, 43.5, 8.0 ], "rotation": 90 },
												"east": { "texture": "#skin", "uv": [ 41.0, 8.0, 43.0, 8.5 ] },
												"south": { "texture": "#skin", "uv": [ 40.5, 6.5, 41.0, 8.0 ], "rotation": 270 },
												"west": { "texture": "#skin", "uv": [ 41.0, 6.0, 43.0, 6.5 ], "rotation": 180 },
												"up": { "texture": "#skin", "uv": [ 41.0, 6.5, 43.0, 8.0 ], "rotation": 270 },
												"down": { "texture": "#skin", "uv": [ 43.5, 6.5, 45.5, 8.0 ], "rotation": 90 }
											},
											"children": [
												{
													"name": "RSEdge4",
													"from": [ 0.0, -0.1, -2.0 ],
													"to": [ 1.1, 0.5, 0.0 ],
													"unwrapMode": 7,
													"unwrapRotation": 1,
													"uv": [ 40.5, 9.0 ],
													"rotationOrigin": [ 1.0, -0.1, 0.0 ],
													"rotationX": -6.0,
													"rotationY": 25.0,
													"rotationZ": 8.0,
													"faces": {
														"north": { "texture": "#skin", "uv": [ 43.0, 9.5, 43.5, 10.5 ], "rotation": 90 },
														"east": { "texture": "#skin", "uv": [ 41.0, 10.5, 43.0, 11.0 ] },
														"south": { "texture": "#skin", "uv": [ 40.5, 9.5, 41.0, 10.5 ], "rotation": 270 },
														"west": { "texture": "#skin", "uv": [ 41.0, 9.0, 43.0, 9.5 ], "rotation": 180 },
														"up": { "texture": "#skin", "uv": [ 41.0, 9.5, 43.0, 10.5 ], "rotation": 270 },
														"down": { "texture": "#skin", "uv": [ 43.5, 9.5, 45.5, 10.5 ], "rotation": 90 }
													},
													"children": [
														{
															"name": "RSEdge5",
															"from": [ 0.0, 0.0, -4.5 ],
															"to": [ 1.5, 0.6, 0.0 ],
															"unwrapMode": 7,
															"unwrapRotation": 1,
															"uv": [ 36.5, 14.5 ],
															"rotationOrigin": [ 0.0, 0.6, 0.0 ],
															"rotationX": -14.0,
															"rotationY": -38.0,
															"rotationZ": -10.0,
															"faces": {
																"north": { "texture": "#skin", "uv": [ 41.5, 15.0, 42.0, 16.5 ], "rotation": 90 },
																"east": { "texture": "#skin", "uv": [ 37.0, 16.5, 41.5, 17.0 ] },
																"south": { "texture": "#skin", "uv": [ 36.5, 15.0, 37.0, 16.5 ], "rotation": 270 },
																"west": { "texture": "#skin", "uv": [ 37.0, 14.5, 41.5, 15.0 ], "rotation": 180 },
																"up": { "texture": "#skin", "uv": [ 37.0, 15.0, 41.5, 16.5 ], "rotation": 270 },
																"down": { "texture": "#skin", "uv": [ 42.0, 15.0, 46.5, 16.5 ], "rotation": 90 }
															},
															"children": [
																{
																	"name": "RSEdge6",
																	"from": [ 0.0, 0.0, -2.5 ],
																	"to": [ 1.5, 0.6, 0.0 ],
																	"unwrapMode": 7,
																	"unwrapRotation": 1,
																	"uv": [ 41.5, 17.5 ],
																	"rotationOrigin": [ 0.0, 0.0, 0.0 ],
																	"rotationX": -5.0,
																	"rotationY": -23.0,
																	"rotationZ": -5.0,
																	"faces": {
																		"north": { "texture": "#skin", "uv": [ 44.5, 18.0, 45.0, 19.5 ], "rotation": 90 },
																		"east": { "texture": "#skin", "uv": [ 42.0, 19.5, 44.5, 20.0 ] },
																		"south": { "texture": "#skin", "uv": [ 41.5, 18.0, 42.0, 19.5 ], "rotation": 270 },
																		"west": { "texture": "#skin", "uv": [ 42.0, 17.5, 44.5, 18.0 ], "rotation": 180 },
																		"up": { "texture": "#skin", "uv": [ 42.0, 18.0, 44.5, 19.5 ], "rotation": 270 },
																		"down": { "texture": "#skin", "uv": [ 45.0, 18.0, 47.5, 19.5 ], "rotation": 90 }
																	},
																	"children": [
																		{
																			"name": "RSEdge7",
																			"from": [ 0.0, 0.0, -4.5 ],
																			"to": [ 1.7, 0.65, 0.0 ],
																			"unwrapMode": 7,
																			"unwrapRotation": 1,
																			"uv": [ 37.0, 23.5 ],
																			"rotationOrigin": [ 0.0, 0.6, 0.0 ],
																			"rotationX": -3.0,
																			"rotationY": -22.0,
																			"rotationZ": -2.0,
																			"faces": {
																				"north": { "texture": "#skin", "uv": [ 42.0, 24.0, 42.5, 25.5 ], "rotation": 90 },
																				"east": { "texture": "#skin", "uv": [ 37.5, 25.5, 42.0, 26.0 ] },
																				"south": { "texture": "#skin", "uv": [ 37.0, 24.0, 37.5, 25.5 ], "rotation": 270 },
																				"west": { "texture": "#skin", "uv": [ 37.5, 23.5, 42.0, 24.0 ], "rotation": 180 },
																				"up": { "texture": "#skin", "uv": [ 37.5, 24.0, 42.0, 25.5 ], "rotation": 270 },
																				"down": { "texture": "#skin", "uv": [ 42.5, 24.0, 47.0, 25.5 ], "rotation": 90 }
																			},
																			"children": [
																				{
																					"name": "RSerration2",
																					"from": [ 0.0, 0.0, 1.5 ],
																					"to": [ 0.6, 0.6, 2.5 ],
																					"unwrapMode": 7,
																					"unwrapRotation": 1,
																					"uv": [ 18.0, 2.0 ],
																					"rotationOrigin": [ 0.0, 0.0, 2.5 ],
																					"rotationY": 30.0,
																					"faces": {
																						"north": { "texture": "#skin", "uv": [ 19.0, 2.5, 19.5, 3.0 ], "rotation": 90, "windMode": [-1,-1,-1,-1] },
																						"west": { "texture": "#skin", "uv": [ 18.0, 2.0, 19.0, 2.5 ], "rotation": 180, "windMode": [-1,-1,-1,-1] },
																						"up": { "texture": "#skin", "uv": [ 18.0, 2.5, 19.0, 3.0 ], "rotation": 270 },
																						"down": { "texture": "#skin", "uv": [ 19.5, 2.5, 20.5, 3.0 ], "rotation": 90 }
																					}
																				},
																				{
																					"name": "RSerration1",
																					"from": [ 0.0, 0.0, 3.5 ],
																					"to": [ 0.6, 0.6, 4.5 ],
																					"unwrapMode": 7,
																					"unwrapRotation": 1,
																					"uv": [ 18.0, 1.0 ],
																					"rotationOrigin": [ 0.0, 0.0, 4.5 ],
																					"rotationY": 30.0,
																					"faces": {
																						"north": { "texture": "#skin", "uv": [ 19.0, 1.5, 19.5, 2.0 ], "rotation": 90, "windMode": [-1,-1,-1,-1] },
																						"west": { "texture": "#skin", "uv": [ 18.0, 1.0, 19.0, 1.5 ], "rotation": 180, "windMode": [-1,-1,-1,-1] },
																						"up": { "texture": "#skin", "uv": [ 18.0, 1.5, 19.0, 2.0 ], "rotation": 270 },
																						"down": { "texture": "#skin", "uv": [ 19.5, 1.5, 20.5, 2.0 ], "rotation": 90 }
																					}
																				}
																			]
																		}
																	]
																}
															]
														}
													]
												}
											]
										}
									]
								}
							]
						},
						{
							"name": "LSEdge1",
							"from": [ -1.1, 3.0, 3.3 ],
							"to": [ -0.1, 3.5, 4.8 ],
							"unwrapMode": 7,
							"unwrapRotation": 1,
							"uv": [ 35.0, 1.0 ],
							"rotationOrigin": [ -1.1, 3.0, 3.3 ],
							"rotationX": 10.0,
							"rotationY": -10.0,
							"rotationZ": 2.0,
							"faces": {
								"north": { "texture": "#skin", "uv": [ 37.0, 1.5, 37.5, 2.5 ], "rotation": 90 },
								"east": { "texture": "#skin", "uv": [ 35.5, 2.5, 37.0, 3.0 ] },
								"south": { "texture": "#skin", "uv": [ 35.0, 1.5, 35.5, 2.5 ], "rotation": 270 },
								"west": { "texture": "#skin", "uv": [ 35.5, 1.0, 37.0, 1.5 ], "rotation": 180 },
								"up": { "texture": "#skin", "uv": [ 35.5, 1.5, 37.0, 2.5 ], "rotation": 270 },
								"down": { "texture": "#skin", "uv": [ 37.5, 1.5, 39.0, 2.5 ], "rotation": 90 }
							},
							"children": [
								{
									"name": "LSEdge2",
									"from": [ -0.1, 0.0, 1.4 ],
									"to": [ 1.0, 0.55, 3.5 ],
									"unwrapMode": 7,
									"unwrapRotation": 1,
									"uv": [ 35.0, 3.5 ],
									"rotationOrigin": [ 0.0, 0.0, 1.5 ],
									"rotationX": 10.0,
									"rotationY": 25.0,
									"faces": {
										"north": { "texture": "#skin", "uv": [ 37.5, 4.0, 38.0, 5.0 ], "rotation": 90 },
										"east": { "texture": "#skin", "uv": [ 35.5, 5.0, 37.5, 5.5 ] },
										"south": { "texture": "#skin", "uv": [ 35.0, 4.0, 35.5, 5.0 ], "rotation": 270 },
										"west": { "texture": "#skin", "uv": [ 35.5, 3.5, 37.5, 4.0 ], "rotation": 180 },
										"up": { "texture": "#skin", "uv": [ 35.5, 4.0, 37.5, 5.0 ], "rotation": 270 },
										"down": { "texture": "#skin", "uv": [ 38.0, 4.0, 40.0, 5.0 ], "rotation": 90 }
									},
									"children": [
										{
											"name": "LSEdge3",
											"from": [ 0.1, 0.0, 2.1 ],
											"to": [ 1.6, 0.6, 4.2 ],
											"unwrapMode": 7,
											"unwrapRotation": 1,
											"uv": [ 35.0, 6.0 ],
											"rotationOrigin": [ 0.1, 0.0, 2.1 ],
											"rotationY": 58.0,
											"rotationZ": -1.0,
											"faces": {
												"north": { "texture": "#skin", "uv": [ 37.5, 6.5, 38.0, 8.0 ], "rotation": 90 },
												"east": { "texture": "#skin", "uv": [ 35.5, 8.0, 37.5, 8.5 ] },
												"south": { "texture": "#skin", "uv": [ 35.0, 6.5, 35.5, 8.0 ], "rotation": 270 },
												"west": { "texture": "#skin", "uv": [ 35.5, 6.0, 37.5, 6.5 ], "rotation": 180 },
												"up": { "texture": "#skin", "uv": [ 35.5, 6.5, 37.5, 8.0 ], "rotation": 270 },
												"down": { "texture": "#skin", "uv": [ 38.0, 6.5, 40.0, 8.0 ], "rotation": 90 }
											},
											"children": [
												{
													"name": "LSEdge4",
													"from": [ 0.0, -0.1, 2.0 ],
													"to": [ 1.1, 0.5, 4.0 ],
													"unwrapMode": 7,
													"unwrapRotation": 1,
													"uv": [ 35.0, 9.0 ],
													"rotationOrigin": [ 1.0, -0.1, 2.0 ],
													"rotationX": 6.0,
													"rotationY": -25.0,
													"rotationZ": 8.0,
													"faces": {
														"north": { "texture": "#skin", "uv": [ 37.5, 9.5, 38.0, 10.5 ], "rotation": 90 },
														"east": { "texture": "#skin", "uv": [ 35.5, 10.5, 37.5, 11.0 ] },
														"south": { "texture": "#skin", "uv": [ 35.0, 9.5, 35.5, 10.5 ], "rotation": 270 },
														"west": { "texture": "#skin", "uv": [ 35.5, 9.0, 37.5, 9.5 ], "rotation": 180 },
														"up": { "texture": "#skin", "uv": [ 35.5, 9.5, 37.5, 10.5 ], "rotation": 270 },
														"down": { "texture": "#skin", "uv": [ 38.0, 9.5, 40.0, 10.5 ], "rotation": 90 }
													},
													"children": [
														{
															"name": "LSEdge5",
															"from": [ 0.0, 0.0, 2.0 ],
															"to": [ 1.5, 0.6, 6.5 ],
															"unwrapMode": 7,
															"unwrapRotation": 1,
															"uv": [ 34.5, 11.5 ],
															"rotationOrigin": [ 0.0, 0.6, 2.0 ],
															"rotationX": 14.0,
															"rotationY": 38.0,
															"rotationZ": -10.0,
															"faces": {
																"north": { "texture": "#skin", "uv": [ 39.5, 12.0, 40.0, 13.5 ], "rotation": 90 },
																"east": { "texture": "#skin", "uv": [ 35.0, 13.5, 39.5, 14.0 ] },
																"south": { "texture": "#skin", "uv": [ 34.5, 12.0, 35.0, 13.5 ], "rotation": 270 },
																"west": { "texture": "#skin", "uv": [ 35.0, 11.5, 39.5, 12.0 ], "rotation": 180 },
																"up": { "texture": "#skin", "uv": [ 35.0, 12.0, 39.5, 13.5 ], "rotation": 270 },
																"down": { "texture": "#skin", "uv": [ 40.0, 12.0, 44.5, 13.5 ], "rotation": 90 }
															},
															"children": [
																{
																	"name": "LSEdge6",
																	"from": [ 0.0, 0.0, 4.5 ],
																	"to": [ 1.5, 0.6, 7.0 ],
																	"unwrapMode": 7,
																	"unwrapRotation": 1,
																	"uv": [ 35.0, 17.5 ],
																	"rotationOrigin": [ 0.0, 0.0, 4.5 ],
																	"rotationX": 5.0,
																	"rotationY": 23.0,
																	"rotationZ": -5.0,
																	"faces": {
																		"north": { "texture": "#skin", "uv": [ 38.0, 18.0, 38.5, 19.5 ], "rotation": 90 },
																		"east": { "texture": "#skin", "uv": [ 35.5, 19.5, 38.0, 20.0 ] },
																		"south": { "texture": "#skin", "uv": [ 35.0, 18.0, 35.5, 19.5 ], "rotation": 270 },
																		"west": { "texture": "#skin", "uv": [ 35.5, 17.5, 38.0, 18.0 ], "rotation": 180 },
																		"up": { "texture": "#skin", "uv": [ 35.5, 18.0, 38.0, 19.5 ], "rotation": 270 },
																		"down": { "texture": "#skin", "uv": [ 38.5, 18.0, 41.0, 19.5 ], "rotation": 90 }
																	},
																	"children": [
																		{
																			"name": "LSEdge7",
																			"from": [ 0.0, 0.0, 2.5 ],
																			"to": [ 1.7, 0.65, 7.0 ],
																			"unwrapMode": 7,
																			"unwrapRotation": 1,
																			"uv": [ 35.5, 20.5 ],
																			"rotationOrigin": [ 0.0, 0.6, 2.5 ],
																			"rotationX": 3.0,
																			"rotationY": 22.0,
																			"rotationZ": -2.0,
																			"faces": {
																				"north": { "texture": "#skin", "uv": [ 40.5, 21.0, 41.0, 22.5 ], "rotation": 90 },
																				"east": { "texture": "#skin", "uv": [ 36.0, 22.5, 40.5, 23.0 ] },
																				"south": { "texture": "#skin", "uv": [ 35.5, 21.0, 36.0, 22.5 ], "rotation": 270 },
																				"west": { "texture": "#skin", "uv": [ 36.0, 20.5, 40.5, 21.0 ], "rotation": 180 },
																				"up": { "texture": "#skin", "uv": [ 36.0, 21.0, 40.5, 22.5 ], "rotation": 270 },
																				"down": { "texture": "#skin", "uv": [ 41.0, 21.0, 45.5, 22.5 ], "rotation": 90 }
																			},
																			"children": [
																				{
																					"name": "LSerration1",
																					"from": [ 0.0, 0.0, 0.0 ],
																					"to": [ 0.6, 0.6, 1.0 ],
																					"unwrapMode": 7,
																					"unwrapRotation": 1,
																					"uv": [ 15.5, 1.0 ],
																					"rotationOrigin": [ 0.0, 0.0, 0.0 ],
																					"rotationY": -30.0,
																					"faces": {
																						"south": { "texture": "#skin", "uv": [ 15.5, 1.5, 16.0, 2.0 ], "rotation": 270, "windMode": [-1,-1,-1,-1] },
																						"west": { "texture": "#skin", "uv": [ 16.0, 1.0, 17.0, 1.5 ], "rotation": 180, "windMode": [-1,-1,-1,-1] },
																						"up": { "texture": "#skin", "uv": [ 16.0, 1.5, 17.0, 2.0 ], "rotation": 270 },
																						"down": { "texture": "#skin", "uv": [ 17.0, 1.5, 18.0, 2.0 ], "rotation": 90 }
																					}
																				},
																				{
																					"name": "LSerration2",
																					"from": [ 0.0, 0.0, 2.0 ],
																					"to": [ 0.6, 0.6, 3.0 ],
																					"unwrapMode": 7,
																					"unwrapRotation": 1,
																					"uv": [ 15.5, 2.0 ],
																					"rotationOrigin": [ 0.0, 0.0, 2.0 ],
																					"rotationY": -30.0,
																					"faces": {
																						"south": { "texture": "#skin", "uv": [ 15.5, 2.5, 16.0, 3.0 ], "rotation": 270, "windMode": [-1,-1,-1,-1] },
																						"west": { "texture": "#skin", "uv": [ 16.0, 2.0, 17.0, 2.5 ], "rotation": 180, "windMode": [-1,-1,-1,-1] },
																						"up": { "texture": "#skin", "uv": [ 16.0, 2.5, 17.0, 3.0 ], "rotation": 270 },
																						"down": { "texture": "#skin", "uv": [ 17.0, 2.5, 18.0, 3.0 ], "rotation": 90 }
																					}
																				}
																			]
																		}
																	]
																}
															]
														}
													]
												}
											]
										}
									]
								}
							]
						},
						{
							"name": "SBottom1",
							"from": [ -1.5, -0.1, 1.0 ],
							"to": [ 1.0, 0.4, 5.2 ],
							"unwrapMode": 6,
							"unwrapRotation": 1,
							"uv": [ 3.0, 18.5 ],
							"rotationOrigin": [ -1.5, -0.1, 1.0 ],
							"rotationZ": -6.0,
							"faces": {
								"north": { "texture": "#skin", "uv": [ 3.0, 19.0, 3.5, 21.5 ], "rotation": 90 },
								"south": { "texture": "#skin", "uv": [ 7.5, 19.0, 8.0, 21.5 ], "rotation": 270 },
								"west": { "texture": "#skin", "uv": [ 3.5, 18.5, 7.5, 19.0 ] },
								"up": { "texture": "#skin", "uv": [ 8.0, 19.0, 12.0, 21.5 ], "rotation": 270 },
								"down": { "texture": "#skin", "uv": [ 3.5, 19.0, 7.5, 21.5 ], "rotation": 90 }
							},
							"children": [
								{
									"name": "SBottom2",
									"from": [ 2.5, 0.0, -1.9 ],
									"to": [ 8.5, 0.5, 6.1 ],
									"unwrapMode": 6,
									"unwrapRotation": 1,
									"uv": [ 1.5, 22.0 ],
									"rotationOrigin": [ 2.5, 0.0, -1.9 ],
									"rotationZ": 5.0,
									"faces": {
										"north": { "texture": "#skin", "uv": [ 1.5, 22.5, 2.0, 28.5 ], "rotation": 90 },
										"east": { "texture": "#skin", "uv": [ 2.0, 28.5, 10.0, 29.0 ], "rotation": 180 },
										"south": { "texture": "#skin", "uv": [ 10.0, 22.5, 10.5, 28.5 ], "rotation": 270 },
										"west": { "texture": "#skin", "uv": [ 2.0, 22.0, 10.0, 22.5 ] },
										"up": { "texture": "#skin", "uv": [ 10.5, 22.5, 18.5, 28.5 ], "rotation": 270 },
										"down": { "texture": "#skin", "uv": [ 2.0, 22.5, 10.0, 28.5 ], "rotation": 90 }
									},
									"children": [
										{
											"name": "SBottom3",
											"from": [ 6.0, 0.0, 2.0 ],
											"to": [ 9.0, 0.5, 6.0 ],
											"unwrapMode": 6,
											"unwrapRotation": 1,
											"uv": [ 3.0, 29.5 ],
											"rotationOrigin": [ 6.0, 0.0, 2.0 ],
											"rotationZ": 4.0,
											"faces": {
												"north": { "texture": "#skin", "uv": [ 3.0, 29.5, 3.5, 32.5 ], "rotation": 90 },
												"east": { "texture": "#skin", "uv": [ 3.5, 32.5, 7.5, 33.0 ], "rotation": 180 },
												"south": { "texture": "#skin", "uv": [ 7.5, 29.5, 8.0, 32.5 ], "rotation": 270 },
												"up": { "texture": "#skin", "uv": [ 8.0, 29.5, 12.0, 32.5 ], "rotation": 270 },
												"down": { "texture": "#skin", "uv": [ 3.5, 29.5, 7.5, 32.5 ], "rotation": 90 }
											},
											"children": [
												{
													"name": "TailBase",
													"from": [ 2.1, 0.2, 0.0 ],
													"to": [ 2.6, 1.7, 4.0 ],
													"unwrapMode": 2,
													"uv": [ 12.5, 29.0 ],
													"rotationOrigin": [ 2.1, 0.2, 0.0 ],
													"rotationZ": -10.0,
													"faces": {
														"north": { "texture": "#skin", "uv": [ 17.0, 29.0, 17.5, 30.5 ] },
														"east": { "texture": "#skin", "uv": [ 13.0, 29.0, 17.0, 30.5 ] },
														"south": { "texture": "#skin", "uv": [ 12.5, 29.0, 13.0, 30.5 ] }
													}
												}
											]
										}
									]
								}
							]
						},
						{
							"name": "Neckbase",
							"from": [ -1.0, 0.2, 1.1 ],
							"to": [ -0.5, 3.2, 5.1 ],
							"unwrapMode": 4,
							"uv": [ 14.0, 17.5 ],
							"rotationOrigin": [ -1.0, 0.2, 1.1 ],
							"faces": {
								"west": { "texture": "#skin", "uv": [ 14.0, 17.5, 18.0, 20.5 ] }
							},
							"children": [
								{
									"name": "RArmbase",
									"from": [ 0.0, -0.3, -2.0 ],
									"to": [ 1.3, 2.7, 0.0 ],
									"unwrapMode": 2,
									"uv": [ 45.0, 37.0 ],
									"rotationOrigin": [ 0.0, 2.2, 0.0 ],
									"rotationY": -45.0,
									"faces": {
										"west": { "texture": "#skin", "uv": [ 45.0, 37.0, 47.0, 40.0 ] },
										"down": { "texture": "#skin", "uv": [ 45.0, 40.0, 47.0, 41.0 ], "rotation": 270 }
									},
									"children": [
										{
											"name": "RSide",
											"from": [ 0.0, 0.0, -2.0 ],
											"to": [ 1.0, 2.4, 0.0 ],
											"unwrapMode": 4,
											"uv": [ 42.5, 38.0 ],
											"rotationOrigin": [ 0.0, 1.5, 0.0 ],
											"rotationY": -12.0,
											"faces": {
												"west": { "texture": "#skin", "uv": [ 42.5, 38.0, 44.5, 40.0 ] },
												"down": { "texture": "#skin", "uv": [ 42.5, 40.0, 44.5, 41.0 ], "rotation": 90 }
											},
											"children": [
												{
													"name": "RSide2",
													"from": [ 0.0, 0.0, -4.5 ],
													"to": [ 0.5, 1.7, 0.0 ],
													"unwrapMode": 4,
													"uv": [ 40.5, 41.5 ],
													"rotationOrigin": [ 0.0, 1.5, 0.0 ],
													"rotationY": -35.0,
													"faces": {
														"north": { "texture": "#skin", "uv": [ 40.5, 41.5, 41.0, 43.0 ] },
														"south": { "texture": "#skin", "uv": [ 45.5, 41.5, 46.0, 43.0 ] },
														"west": { "texture": "#skin", "uv": [ 41.0, 41.5, 45.5, 43.0 ] },
														"down": { "texture": "#skin", "uv": [ 41.0, 43.0, 45.5, 43.5 ], "rotation": 90 }
													},
													"children": [
														{
															"name": "RSide3",
															"from": [ 0.0, 0.0, -4.0 ],
															"to": [ 2.0, 1.5, 0.0 ],
															"unwrapMode": 4,
															"uv": [ 34.0, 38.0 ],
															"rotationOrigin": [ 0.0, 0.0, 0.0 ],
															"rotationX": 5.0,
															"rotationY": -35.0,
															"faces": {
																"north": { "texture": "#skin", "uv": [ 34.0, 38.0, 36.0, 39.5 ] },
																"west": { "texture": "#skin", "uv": [ 36.0, 38.0, 40.0, 39.5 ] },
																"down": { "texture": "#skin", "uv": [ 36.0, 39.5, 40.0, 41.5 ], "rotation": 90 }
															},
															"children": [
																{
																	"name": "RBFlipper1",
																	"from": [ -1.3, 0.0, 0.5 ],
																	"to": [ 0.2, 0.6, 2.1 ],
																	"unwrapMode": 7,
																	"unwrapRotation": 1,
																	"uv": [ 42.5, 28.0 ],
																	"rotationOrigin": [ 0.0, 0.5, 1.3 ],
																	"rotationY": -20.0,
																	"rotationZ": 15.0,
																	"faces": {
																		"north": { "texture": "#skin", "uv": [ 44.5, 28.5, 45.0, 30.0 ], "rotation": 90 },
																		"east": { "texture": "#skin", "uv": [ 43.0, 30.0, 44.5, 30.5 ] },
																		"south": { "texture": "#skin", "uv": [ 42.5, 28.5, 43.0, 30.0 ], "rotation": 270 },
																		"west": { "texture": "#skin", "uv": [ 43.0, 28.0, 44.5, 28.5 ], "rotation": 180 },
																		"up": { "texture": "#skin", "uv": [ 43.0, 28.5, 44.5, 30.0 ], "rotation": 270 },
																		"down": { "texture": "#skin", "uv": [ 45.0, 28.5, 46.5, 30.0 ], "rotation": 90 }
																	},
																	"children": [
																		{
																			"name": "RBFlipper2",
																			"from": [ -1.2, 0.05, 0.0 ],
																			"to": [ 0.8, 0.55, 1.6 ],
																			"unwrapMode": 7,
																			"unwrapRotation": 1,
																			"uv": [ 42.5, 31.0 ],
																			"rotationOrigin": [ 0.5, 0.05, 1.6 ],
																			"rotationY": 25.0,
																			"rotationZ": -8.0,
																			"faces": {
																				"north": { "texture": "#skin", "uv": [ 44.5, 31.5, 45.0, 33.5 ], "rotation": 90 },
																				"east": { "texture": "#skin", "uv": [ 43.0, 33.5, 44.5, 34.0 ] },
																				"south": { "texture": "#skin", "uv": [ 42.5, 31.5, 43.0, 33.5 ], "rotation": 270 },
																				"west": { "texture": "#skin", "uv": [ 43.0, 31.0, 44.5, 31.5 ], "rotation": 180 },
																				"up": { "texture": "#skin", "uv": [ 43.0, 31.5, 44.5, 33.5 ], "rotation": 270 },
																				"down": { "texture": "#skin", "uv": [ 45.0, 31.5, 46.5, 33.5 ], "rotation": 90 }
																			},
																			"children": [
																				{
																					"name": "RBFlipper3",
																					"from": [ -1.5, 0.05, 0.0 ],
																					"to": [ 0.0, 0.45, 1.6 ],
																					"unwrapMode": 7,
																					"unwrapRotation": 1,
																					"uv": [ 42.5, 34.5 ],
																					"rotationOrigin": [ 0.0, 0.05, 1.6 ],
																					"rotationY": -44.0,
																					"faces": {
																						"north": { "texture": "#skin", "uv": [ 44.5, 35.0, 45.0, 36.5 ], "rotation": 90 },
																						"east": { "texture": "#skin", "uv": [ 43.0, 36.5, 44.5, 37.0 ] },
																						"south": { "texture": "#skin", "uv": [ 42.5, 35.0, 43.0, 36.5 ], "rotation": 270 },
																						"west": { "texture": "#skin", "uv": [ 43.0, 34.5, 44.5, 35.0 ], "rotation": 180 },
																						"up": { "texture": "#skin", "uv": [ 43.0, 35.0, 44.5, 36.5 ], "rotation": 270 },
																						"down": { "texture": "#skin", "uv": [ 45.0, 35.0, 46.5, 36.5 ], "rotation": 90 }
																					}
																				},
																				{
																					"name": "RBFlipperEdge",
																					"from": [ -1.1, 0.1, -1.0 ],
																					"to": [ 0.4, 0.4, 1.0 ],
																					"unwrapMode": 7,
																					"unwrapRotation": 1,
																					"uv": [ 26.5, 34.5 ],
																					"rotationOrigin": [ 0.4, 0.1, 1.0 ],
																					"rotationY": -75.0,
																					"faces": {
																						"north": { "texture": "#skin", "uv": [ 29.0, 35.0, 29.5, 36.5 ], "rotation": 90 },
																						"east": { "texture": "#skin", "uv": [ 27.0, 36.5, 29.0, 37.0 ] },
																						"south": { "texture": "#skin", "uv": [ 26.5, 35.0, 27.0, 36.5 ], "rotation": 270 },
																						"west": { "texture": "#skin", "uv": [ 27.0, 34.5, 29.0, 35.0 ], "rotation": 180 },
																						"up": { "texture": "#skin", "uv": [ 27.0, 35.0, 29.0, 36.5 ], "rotation": 270 },
																						"down": { "texture": "#skin", "uv": [ 29.5, 35.0, 31.5, 36.5 ], "rotation": 90 }
																					}
																				}
																			]
																		}
																	]
																}
															]
														}
													]
												}
											]
										},
										{
											"name": "RFlipper1",
											"from": [ -1.5, 0.5, -1.0 ],
											"to": [ 0.5, 1.5, 0.5 ],
											"unwrapMode": 5,
											"unwrapRotation": 1,
											"uv": [ 31.0, 13.5 ],
											"rotationOrigin": [ 0.5, 1.2, -0.3 ],
											"rotationY": 11.0,
											"rotationZ": -5.0,
											"faces": {
												"north": { "texture": "#skin", "uv": [ 31.0, 14.5, 32.0, 16.5 ], "rotation": 270 },
												"east": { "texture": "#skin", "uv": [ 32.0, 13.5, 33.5, 14.5 ], "rotation": 180 },
												"south": { "texture": "#skin", "uv": [ 33.5, 14.5, 34.5, 16.5 ], "rotation": 90 },
												"west": { "texture": "#skin", "uv": [ 32.0, 16.5, 33.5, 17.5 ] },
												"up": { "texture": "#skin", "uv": [ 32.0, 14.5, 33.5, 16.5 ], "rotation": 90 },
												"down": { "texture": "#skin", "uv": [ 34.5, 14.5, 36.0, 16.5 ], "rotation": 270 }
											},
											"children": [
												{
													"name": "RFlipper2",
													"from": [ -0.8, -0.05, -0.4 ],
													"to": [ 0.2, 1.05, 1.6 ],
													"unwrapMode": 5,
													"unwrapRotation": 1,
													"uv": [ 28.5, 18.0 ],
													"rotationOrigin": [ 0.2, 0.55, 1.2 ],
													"rotationY": -20.0,
													"rotationZ": 11.0,
													"faces": {
														"north": { "texture": "#skin", "uv": [ 28.5, 19.0, 29.5, 20.0 ], "rotation": 270 },
														"east": { "texture": "#skin", "uv": [ 29.5, 18.0, 31.5, 19.0 ], "rotation": 180 },
														"south": { "texture": "#skin", "uv": [ 31.5, 19.0, 32.5, 20.0 ], "rotation": 90 },
														"west": { "texture": "#skin", "uv": [ 29.5, 20.0, 31.5, 21.0 ] },
														"up": { "texture": "#skin", "uv": [ 29.5, 19.0, 31.5, 20.0 ], "rotation": 90 },
														"down": { "texture": "#skin", "uv": [ 32.5, 19.0, 34.5, 20.0 ], "rotation": 270 }
													},
													"children": [
														{
															"name": "RFlipper3",
															"from": [ -1.0, 0.05, 0.0 ],
															"to": [ 0.0, 1.05, 2.0 ],
															"unwrapMode": 5,
															"unwrapRotation": 1,
															"uv": [ 29.0, 21.5 ],
															"rotationOrigin": [ 0.0, 0.65, 2.0 ],
															"rotationY": -26.0,
															"rotationZ": 11.0,
															"faces": {
																"north": { "texture": "#skin", "uv": [ 29.0, 22.5, 30.0, 23.5 ], "rotation": 270 },
																"east": { "texture": "#skin", "uv": [ 30.0, 21.5, 32.0, 22.5 ], "rotation": 180 },
																"south": { "texture": "#skin", "uv": [ 32.0, 22.5, 33.0, 23.5 ], "rotation": 90 },
																"west": { "texture": "#skin", "uv": [ 30.0, 23.5, 32.0, 24.5 ] },
																"up": { "texture": "#skin", "uv": [ 30.0, 22.5, 32.0, 23.5 ], "rotation": 90 },
																"down": { "texture": "#skin", "uv": [ 33.0, 22.5, 35.0, 23.5 ], "rotation": 270 }
															},
															"children": [
																{
																	"name": "RFlipper4",
																	"from": [ -2.0, 0.1, 0.4 ],
																	"to": [ 0.2, 0.9, 2.0 ],
																	"unwrapMode": 5,
																	"unwrapRotation": 1,
																	"uv": [ 29.5, 25.0 ],
																	"rotationOrigin": [ 0.1, 0.6, 1.5 ],
																	"rotationY": -25.0,
																	"rotationZ": -3.0,
																	"faces": {
																		"north": { "texture": "#skin", "uv": [ 29.5, 25.5, 30.0, 27.5 ], "rotation": 270 },
																		"east": { "texture": "#skin", "uv": [ 30.0, 25.0, 31.5, 25.5 ], "rotation": 180 },
																		"south": { "texture": "#skin", "uv": [ 31.5, 25.5, 32.0, 27.5 ], "rotation": 90 },
																		"west": { "texture": "#skin", "uv": [ 30.0, 27.5, 31.5, 28.0 ] },
																		"up": { "texture": "#skin", "uv": [ 30.0, 25.5, 31.5, 27.5 ], "rotation": 90 },
																		"down": { "texture": "#skin", "uv": [ 32.0, 25.5, 33.5, 27.5 ], "rotation": 270 }
																	},
																	"children": [
																		{
																			"name": "RFlipper5",
																			"from": [ -2.0, 0.1, 0.0 ],
																			"to": [ 0.0, 0.7, 1.6 ],
																			"unwrapMode": 5,
																			"unwrapRotation": 1,
																			"uv": [ 29.5, 28.5 ],
																			"rotationOrigin": [ -0.1, 0.6, 1.5 ],
																			"rotationY": -17.0,
																			"rotationZ": -3.0,
																			"faces": {
																				"north": { "texture": "#skin", "uv": [ 29.5, 29.0, 30.0, 31.0 ], "rotation": 270 },
																				"east": { "texture": "#skin", "uv": [ 30.0, 28.5, 31.5, 29.0 ], "rotation": 180 },
																				"south": { "texture": "#skin", "uv": [ 31.5, 29.0, 32.0, 31.0 ], "rotation": 90 },
																				"west": { "texture": "#skin", "uv": [ 30.0, 31.0, 31.5, 31.5 ] },
																				"up": { "texture": "#skin", "uv": [ 30.0, 29.0, 31.5, 31.0 ], "rotation": 90 },
																				"down": { "texture": "#skin", "uv": [ 32.0, 29.0, 33.5, 31.0 ], "rotation": 270 }
																			},
																			"children": [
																				{
																					"name": "RFlipper6",
																					"from": [ -1.2, 0.2, 0.4 ],
																					"to": [ 0.1, 0.4, 1.5 ],
																					"unwrapMode": 5,
																					"unwrapRotation": 1,
																					"uv": [ 29.5, 32.0 ],
																					"rotationOrigin": [ 0.0, 0.3, 1.5 ],
																					"rotationY": -41.0,
																					"rotationZ": 11.0,
																					"faces": {
																						"north": { "texture": "#skin", "uv": [ 29.5, 32.0, 30.0, 33.0 ], "rotation": 270 },
																						"south": { "texture": "#skin", "uv": [ 31.0, 32.0, 31.5, 33.0 ], "rotation": 90 },
																						"west": { "texture": "#skin", "uv": [ 30.0, 33.0, 31.0, 33.5 ] },
																						"up": { "texture": "#skin", "uv": [ 30.0, 32.0, 31.0, 33.0 ], "rotation": 90 },
																						"down": { "texture": "#skin", "uv": [ 31.5, 32.0, 32.5, 33.0 ], "rotation": 270 }
																					}
																				},
																				{
																					"name": "RFEdge2",
																					"from": [ -0.3, 0.15, -0.5 ],
																					"to": [ 1.7, 0.45, 0.5 ],
																					"unwrapMode": 5,
																					"unwrapRotation": 1,
																					"uv": [ 34.0, 28.5 ],
																					"rotationOrigin": [ 1.7, 0.15, -0.5 ],
																					"rotationY": 12.0,
																					"faces": {
																						"north": { "texture": "#skin", "uv": [ 34.0, 29.0, 34.5, 31.0 ], "rotation": 270 },
																						"east": { "texture": "#skin", "uv": [ 34.5, 28.5, 35.5, 29.0 ], "rotation": 180 },
																						"west": { "texture": "#skin", "uv": [ 34.5, 31.0, 35.5, 31.5 ] },
																						"up": { "texture": "#skin", "uv": [ 34.5, 29.0, 35.5, 31.0 ], "rotation": 90 },
																						"down": { "texture": "#skin", "uv": [ 35.5, 29.0, 36.5, 31.0 ], "rotation": 270 }
																					}
																				}
																			]
																		},
																		{
																			"name": "RFEdge",
																			"from": [ 0.2, 0.2, -0.1 ],
																			"to": [ 2.2, 0.6, 0.9 ],
																			"unwrapMode": 5,
																			"unwrapRotation": 1,
																			"uv": [ 34.0, 25.0 ],
																			"rotationOrigin": [ 2.2, 0.2, -0.1 ],
																			"rotationY": -11.0,
																			"faces": {
																				"north": { "texture": "#skin", "uv": [ 34.0, 25.5, 34.5, 27.5 ], "rotation": 270 },
																				"east": { "texture": "#skin", "uv": [ 34.5, 25.0, 35.5, 25.5 ], "rotation": 180 },
																				"west": { "texture": "#skin", "uv": [ 34.5, 27.5, 35.5, 28.0 ] },
																				"up": { "texture": "#skin", "uv": [ 34.5, 25.5, 35.5, 27.5 ], "rotation": 90 },
																				"down": { "texture": "#skin", "uv": [ 35.5, 25.5, 36.5, 27.5 ], "rotation": 270 }
																			}
																		}
																	]
																}
															]
														}
													]
												}
											]
										}
									]
								},
								{
									"name": "LArmbase",
									"from": [ 0.0, -0.3, 4.0 ],
									"to": [ 1.3, 2.7, 6.0 ],
									"unwrapMode": 4,
									"uv": [ 31.0, 38.0 ],
									"rotationOrigin": [ 0.0, 2.2, 4.0 ],
									"rotationY": 45.0,
									"faces": {
										"west": { "texture": "#skin", "uv": [ 31.0, 38.0, 33.0, 41.0 ] },
										"down": { "texture": "#skin", "uv": [ 31.0, 41.0, 33.0, 42.0 ], "rotation": 90 }
									},
									"children": [
										{
											"name": "LSide",
											"from": [ 0.0, 0.0, 2.0 ],
											"to": [ 1.0, 2.4, 4.0 ],
											"unwrapMode": 4,
											"uv": [ 28.5, 38.0 ],
											"rotationOrigin": [ 0.0, 1.5, 2.0 ],
											"rotationY": 12.0,
											"faces": {
												"west": { "texture": "#skin", "uv": [ 28.5, 38.0, 30.5, 40.0 ] },
												"down": { "texture": "#skin", "uv": [ 28.5, 40.0, 30.5, 41.0 ], "rotation": 90 }
											},
											"children": [
												{
													"name": "LSide2",
													"from": [ 0.0, 0.0, 2.0 ],
													"to": [ 0.5, 1.7, 6.5 ],
													"unwrapMode": 4,
													"uv": [ 22.5, 39.0 ],
													"rotationOrigin": [ 0.0, 1.5, 2.0 ],
													"rotationY": 35.0,
													"faces": {
														"north": { "texture": "#skin", "uv": [ 22.5, 39.0, 23.0, 40.5 ] },
														"south": { "texture": "#skin", "uv": [ 27.5, 39.0, 28.0, 40.5 ] },
														"west": { "texture": "#skin", "uv": [ 23.0, 39.0, 27.5, 40.5 ] },
														"down": { "texture": "#skin", "uv": [ 23.0, 40.5, 27.5, 41.0 ], "rotation": 90 }
													},
													"children": [
														{
															"name": "LSide3",
															"from": [ 0.0, 0.0, 4.5 ],
															"to": [ 2.0, 1.5, 8.5 ],
															"unwrapMode": 4,
															"uv": [ 18.0, 37.0 ],
															"rotationOrigin": [ 0.0, 0.0, 4.5 ],
															"rotationX": -5.0,
															"rotationY": 35.0,
															"faces": {
																"south": { "texture": "#skin", "uv": [ 22.0, 37.0, 24.0, 38.5 ] },
																"west": { "texture": "#skin", "uv": [ 18.0, 37.0, 22.0, 38.5 ], "windMode": [-1,-1,-1,-1] },
																"down": { "texture": "#skin", "uv": [ 18.0, 38.5, 22.0, 40.5 ], "rotation": 90 }
															},
															"children": [
																{
																	"name": "LBFlipper1",
																	"from": [ -1.3, 0.0, 2.0 ],
																	"to": [ 0.2, 0.6, 3.6 ],
																	"unwrapMode": 7,
																	"unwrapRotation": 1,
																	"uv": [ 37.5, 28.0 ],
																	"rotationOrigin": [ 0.0, 0.5, 2.8 ],
																	"rotationY": 20.0,
																	"rotationZ": 15.0,
																	"faces": {
																		"north": { "texture": "#skin", "uv": [ 39.5, 28.5, 40.0, 30.0 ], "rotation": 90 },
																		"east": { "texture": "#skin", "uv": [ 38.0, 30.0, 39.5, 30.5 ] },
																		"south": { "texture": "#skin", "uv": [ 37.5, 28.5, 38.0, 30.0 ], "rotation": 270 },
																		"west": { "texture": "#skin", "uv": [ 38.0, 28.0, 39.5, 28.5 ], "rotation": 180 },
																		"up": { "texture": "#skin", "uv": [ 38.0, 28.5, 39.5, 30.0 ], "rotation": 270 },
																		"down": { "texture": "#skin", "uv": [ 40.0, 28.5, 41.5, 30.0 ], "rotation": 90 }
																	},
																	"children": [
																		{
																			"name": "LBFlipper2",
																			"from": [ -1.2, 0.05, 0.0 ],
																			"to": [ 0.8, 0.55, 1.6 ],
																			"unwrapMode": 7,
																			"unwrapRotation": 1,
																			"uv": [ 37.5, 31.0 ],
																			"rotationOrigin": [ 0.5, 0.05, 0.0 ],
																			"rotationY": -25.0,
																			"rotationZ": -8.0,
																			"faces": {
																				"north": { "texture": "#skin", "uv": [ 39.5, 31.5, 40.0, 33.5 ], "rotation": 90 },
																				"east": { "texture": "#skin", "uv": [ 38.0, 33.5, 39.5, 34.0 ] },
																				"south": { "texture": "#skin", "uv": [ 37.5, 31.5, 38.0, 33.5 ], "rotation": 270 },
																				"west": { "texture": "#skin", "uv": [ 38.0, 31.0, 39.5, 31.5 ], "rotation": 180 },
																				"up": { "texture": "#skin", "uv": [ 38.0, 31.5, 39.5, 33.5 ], "rotation": 270 },
																				"down": { "texture": "#skin", "uv": [ 40.0, 31.5, 41.5, 33.5 ], "rotation": 90 }
																			},
																			"children": [
																				{
																					"name": "LBFlipper3",
																					"from": [ -1.5, 0.05, 0.0 ],
																					"to": [ 0.0, 0.45, 1.6 ],
																					"unwrapMode": 7,
																					"unwrapRotation": 1,
																					"uv": [ 37.5, 34.5 ],
																					"rotationOrigin": [ 0.0, 0.05, 0.0 ],
																					"rotationY": 44.0,
																					"faces": {
																						"north": { "texture": "#skin", "uv": [ 39.5, 35.0, 40.0, 36.5 ], "rotation": 90 },
																						"east": { "texture": "#skin", "uv": [ 38.0, 36.5, 39.5, 37.0 ] },
																						"south": { "texture": "#skin", "uv": [ 37.5, 35.0, 38.0, 36.5 ], "rotation": 270 },
																						"west": { "texture": "#skin", "uv": [ 38.0, 34.5, 39.5, 35.0 ], "rotation": 180 },
																						"up": { "texture": "#skin", "uv": [ 38.0, 35.0, 39.5, 36.5 ], "rotation": 270 },
																						"down": { "texture": "#skin", "uv": [ 40.0, 35.0, 41.5, 36.5 ], "rotation": 90 }
																					}
																				},
																				{
																					"name": "LBFlipperEdge",
																					"from": [ -1.1, 0.1, 0.5 ],
																					"to": [ 0.4, 0.4, 2.5 ],
																					"unwrapMode": 7,
																					"unwrapRotation": 1,
																					"uv": [ 32.0, 34.5 ],
																					"rotationOrigin": [ 0.4, 0.1, 0.5 ],
																					"rotationY": 75.0,
																					"faces": {
																						"north": { "texture": "#skin", "uv": [ 34.5, 35.0, 35.0, 36.5 ], "rotation": 90 },
																						"east": { "texture": "#skin", "uv": [ 32.5, 36.5, 34.5, 37.0 ] },
																						"south": { "texture": "#skin", "uv": [ 32.0, 35.0, 32.5, 36.5 ], "rotation": 270 },
																						"west": { "texture": "#skin", "uv": [ 32.5, 34.5, 34.5, 35.0 ], "rotation": 180 },
																						"up": { "texture": "#skin", "uv": [ 32.5, 35.0, 34.5, 36.5 ], "rotation": 270 },
																						"down": { "texture": "#skin", "uv": [ 35.0, 35.0, 37.0, 36.5 ], "rotation": 90 }
																					}
																				}
																			]
																		}
																	]
																}
															]
														}
													]
												}
											]
										},
										{
											"name": "LFlipper1",
											"from": [ -1.5, 0.5, 1.5 ],
											"to": [ 0.5, 1.5, 3.0 ],
											"unwrapMode": 5,
											"unwrapRotation": 1,
											"uv": [ 18.0, 13.5 ],
											"rotationOrigin": [ 0.5, 1.2, 2.1 ],
											"rotationY": -11.0,
											"rotationZ": -5.0,
											"faces": {
												"north": { "texture": "#skin", "uv": [ 18.0, 14.5, 19.0, 16.5 ], "rotation": 270 },
												"east": { "texture": "#skin", "uv": [ 19.0, 13.5, 20.5, 14.5 ], "rotation": 180 },
												"south": { "texture": "#skin", "uv": [ 20.5, 14.5, 21.5, 16.5 ], "rotation": 90, "windMode": [-1,-1,-1,-1] },
												"west": { "texture": "#skin", "uv": [ 19.0, 16.5, 20.5, 17.5 ] },
												"up": { "texture": "#skin", "uv": [ 19.0, 14.5, 20.5, 16.5 ], "rotation": 90 },
												"down": { "texture": "#skin", "uv": [ 21.5, 14.5, 23.0, 16.5 ], "rotation": 270 }
											},
											"children": [
												{
													"name": "LFlipper2",
													"from": [ -0.8, -0.05, -0.1 ],
													"to": [ 0.2, 1.05, 1.9 ],
													"unwrapMode": 5,
													"unwrapRotation": 1,
													"uv": [ 19.0, 18.0 ],
													"rotationOrigin": [ 0.2, 0.55, 0.3 ],
													"rotationY": 20.0,
													"rotationZ": 11.0,
													"faces": {
														"north": { "texture": "#skin", "uv": [ 19.0, 19.0, 20.0, 20.0 ], "rotation": 270 },
														"east": { "texture": "#skin", "uv": [ 20.0, 18.0, 22.0, 19.0 ], "rotation": 180 },
														"south": { "texture": "#skin", "uv": [ 22.0, 19.0, 23.0, 20.0 ], "rotation": 90 },
														"west": { "texture": "#skin", "uv": [ 20.0, 20.0, 22.0, 21.0 ] },
														"up": { "texture": "#skin", "uv": [ 20.0, 19.0, 22.0, 20.0 ], "rotation": 90 },
														"down": { "texture": "#skin", "uv": [ 23.0, 19.0, 25.0, 20.0 ], "rotation": 270 }
													},
													"children": [
														{
															"name": "LFlipper3",
															"from": [ -1.0, 0.05, 0.0 ],
															"to": [ 0.0, 1.05, 2.0 ],
															"unwrapMode": 5,
															"unwrapRotation": 1,
															"uv": [ 19.0, 21.5 ],
															"rotationOrigin": [ 0.0, 0.65, 0.0 ],
															"rotationY": 26.0,
															"rotationZ": 11.0,
															"faces": {
																"north": { "texture": "#skin", "uv": [ 19.0, 22.5, 20.0, 23.5 ], "rotation": 270 },
																"east": { "texture": "#skin", "uv": [ 20.0, 21.5, 22.0, 22.5 ], "rotation": 180 },
																"south": { "texture": "#skin", "uv": [ 22.0, 22.5, 23.0, 23.5 ], "rotation": 90 },
																"west": { "texture": "#skin", "uv": [ 20.0, 23.5, 22.0, 24.5 ] },
																"up": { "texture": "#skin", "uv": [ 20.0, 22.5, 22.0, 23.5 ], "rotation": 90 },
																"down": { "texture": "#skin", "uv": [ 23.0, 22.5, 25.0, 23.5 ], "rotation": 270 }
															},
															"children": [
																{
																	"name": "LFlipper4",
																	"from": [ -2.0, 0.1, 0.1 ],
																	"to": [ 0.2, 0.9, 1.7 ],
																	"unwrapMode": 5,
																	"unwrapRotation": 1,
																	"uv": [ 19.5, 25.0 ],
																	"rotationOrigin": [ 0.1, 0.6, 0.6 ],
																	"rotationY": 25.0,
																	"rotationZ": -3.0,
																	"faces": {
																		"north": { "texture": "#skin", "uv": [ 19.5, 25.5, 20.0, 27.5 ], "rotation": 270 },
																		"east": { "texture": "#skin", "uv": [ 20.0, 25.0, 21.5, 25.5 ], "rotation": 180 },
																		"south": { "texture": "#skin", "uv": [ 21.5, 25.5, 22.0, 27.5 ], "rotation": 90 },
																		"west": { "texture": "#skin", "uv": [ 20.0, 27.5, 21.5, 28.0 ] },
																		"up": { "texture": "#skin", "uv": [ 20.0, 25.5, 21.5, 27.5 ], "rotation": 90 },
																		"down": { "texture": "#skin", "uv": [ 22.0, 25.5, 23.5, 27.5 ], "rotation": 270 }
																	},
																	"children": [
																		{
																			"name": "LFlipper5",
																			"from": [ -2.0, 0.1, 0.0 ],
																			"to": [ 0.0, 0.7, 1.6 ],
																			"unwrapMode": 5,
																			"unwrapRotation": 1,
																			"uv": [ 19.5, 28.5 ],
																			"rotationOrigin": [ -0.1, 0.6, 0.1 ],
																			"rotationY": 17.0,
																			"rotationZ": -3.0,
																			"faces": {
																				"north": { "texture": "#skin", "uv": [ 19.5, 29.0, 20.0, 31.0 ], "rotation": 270 },
																				"east": { "texture": "#skin", "uv": [ 20.0, 28.5, 21.5, 29.0 ], "rotation": 180 },
																				"south": { "texture": "#skin", "uv": [ 21.5, 29.0, 22.0, 31.0 ], "rotation": 90 },
																				"west": { "texture": "#skin", "uv": [ 20.0, 31.0, 21.5, 31.5 ] },
																				"up": { "texture": "#skin", "uv": [ 20.0, 29.0, 21.5, 31.0 ], "rotation": 90 },
																				"down": { "texture": "#skin", "uv": [ 22.0, 29.0, 23.5, 31.0 ], "rotation": 270 }
																			},
																			"children": [
																				{
																					"name": "LFlipper6",
																					"from": [ -1.2, 0.2, 0.0 ],
																					"to": [ 0.1, 0.4, 1.1 ],
																					"unwrapMode": 5,
																					"unwrapRotation": 1,
																					"uv": [ 19.5, 32.0 ],
																					"rotationOrigin": [ 0.1, 0.3, 0.0 ],
																					"rotationY": 41.0,
																					"rotationZ": 11.0,
																					"faces": {
																						"north": { "texture": "#skin", "uv": [ 19.5, 32.0, 20.0, 33.0 ], "rotation": 270 },
																						"south": { "texture": "#skin", "uv": [ 21.0, 32.0, 21.5, 33.0 ], "rotation": 90 },
																						"west": { "texture": "#skin", "uv": [ 20.0, 33.0, 21.0, 33.5 ] },
																						"up": { "texture": "#skin", "uv": [ 20.0, 32.0, 21.0, 33.0 ], "rotation": 90 },
																						"down": { "texture": "#skin", "uv": [ 21.5, 32.0, 22.5, 33.0 ], "rotation": 270 }
																					}
																				},
																				{
																					"name": "LFEdge2",
																					"from": [ -0.3, 0.15, 1.1 ],
																					"to": [ 1.7, 0.45, 2.1 ],
																					"unwrapMode": 5,
																					"unwrapRotation": 1,
																					"uv": [ 24.0, 28.5 ],
																					"rotationOrigin": [ 1.7, 0.15, 2.1 ],
																					"rotationY": -12.0,
																					"faces": {
																						"east": { "texture": "#skin", "uv": [ 24.0, 28.5, 25.0, 29.0 ], "rotation": 180 },
																						"south": { "texture": "#skin", "uv": [ 25.0, 29.0, 25.5, 31.0 ], "rotation": 90, "windMode": [-1,-1,-1,-1] },
																						"west": { "texture": "#skin", "uv": [ 24.0, 31.0, 25.0, 31.5 ] },
																						"up": { "texture": "#skin", "uv": [ 24.0, 29.0, 25.0, 31.0 ], "rotation": 90 },
																						"down": { "texture": "#skin", "uv": [ 25.5, 29.0, 26.5, 31.0 ], "rotation": 270 }
																					}
																				}
																			]
																		},
																		{
																			"name": "LFEdge1",
																			"from": [ 0.2, 0.2, 0.7 ],
																			"to": [ 2.2, 0.6, 1.7 ],
																			"unwrapMode": 5,
																			"unwrapRotation": 1,
																			"uv": [ 24.0, 25.0 ],
																			"rotationOrigin": [ 2.2, 0.2, 1.7 ],
																			"rotationY": 11.0,
																			"faces": {
																				"east": { "texture": "#skin", "uv": [ 24.0, 25.0, 25.0, 25.5 ], "rotation": 180 },
																				"south": { "texture": "#skin", "uv": [ 25.0, 25.5, 25.5, 27.5 ], "rotation": 90 },
																				"west": { "texture": "#skin", "uv": [ 24.0, 27.5, 25.0, 28.0 ] },
																				"up": { "texture": "#skin", "uv": [ 24.0, 25.5, 25.0, 27.5 ], "rotation": 90 },
																				"down": { "texture": "#skin", "uv": [ 25.5, 25.5, 26.5, 27.5 ], "rotation": 270 }
																			}
																		}
																	]
																}
															]
														}
													]
												}
											]
										}
									]
								}
							]
						}
					],
					"attachmentpoints": [
						{
							"code": "Center",
							"posX": "6.0","posY": "0.0","posZ": "3.1",
							"rotationX": "0.0","rotationY": "0.0","rotationZ": "0.0"
						}
					]
				}
			]
		}
	]}