[
	{
		"code": "mordantcloth",
		"sealHours": 6,
		"ingredients": [
			{ "type": "item", "code": "game:sulfate-full-iron", "litres": 2, "consumeLitres": 2 },
			{ "type": "item", "code": "game:cloth-plain", "quantity": 1 }
		],
		"output": { "type": "item", "code": "game:cloth-mordant", "stackSize": 1 }
	},

	{
		"code": "mordantclothzinc",
		"sealHours": 8,
		"ingredients": [
			{ "type": "item", "code": "game:sulfate-full-zinc", "litres": 2, "consumeLitres": 2 },
			{ "type": "item", "code": "game:cloth-plain", "quantity": 1 }
		],
		"output": { "type": "item", "code": "game:cloth-mordant", "stackSize": 1 }
	}
]
