[
  {
    "op": "replace",
    "file": "walkingstick:itemtypes/tool/walkingsticks/walkingstick-shepherds.json",
    "path": "immersivemining:/heldTpHitAnimation",
    "value": "axechopnew"
  },
  {
    "op": "replace",
    "file": "walkingstick:itemtypes/tool/walkingsticks/walkingstick-shepherds.json",
    "path": "immersivemining:/tpHandTransform",
    "value": {
      "translation": { "x": -0.9, "y": -0.5, "z": -0.13 },
      "rotation": { "x": 85, "y": 0, "z": 0 },
      "scale": 0.8
    }
  }
]
