{
	"ingredient": { "type": "item", "code": "game:clay-*", "name": "color", "allowedVariants": [ "lavender", "paleblue", "palegreen", "palered", "peach", "sunflower", "white" ] },
	"pattern": [[
		"_______",
		"_#####_",
		"_#####_",
		"_#####_",
		"_#####_",
		"_#####_",
		"_______"
	],
	[
		"_______",
		"_#####_",
		"_#___#_",
		"_#___#_",
		"_##_##_",
		"__#_#__",
		"_______"
	],
	[
		"_______",
		"_______",
		"__###__",
		"__#_#__",
		"__###__",
		"_______",
		"_______"
	]],
	"name": "recipe-clayforming-colored-vatspoutedlidcolored",
	"output": { "type": "block", "code": "bricklayers:vatlidcolored-raw-spouted-{color}", "stacksize": 1 }
}
