{
    "editor": {
        "allAngles": false,
        "entityTextureMode": false
    },
    "textureWidth": 16,
    "textureHeight": 16,
    "textureSizes": {},
    "textures": {},
    "elements": [
        {
            "name": "base",
            "from": [
                6.5,
                0.2,
                6.5
            ],
            "to": [
                9.5,
                0.704,
                9.5
            ],
            "rotationOrigin": [
                8,
                0.2,
                8
            ],
            "faces": {
            },
            "children": [
                {
                    "name": "Cube1",
                    "from": [
                        -0.03,
                        0,
                        -2.885
                    ],
                    "to": [
                        3.03,
                        0.5,
                        5.915
                    ],
                    "rotationOrigin": [
                        1.5,
                        0,
                        1.5
                    ],
                    "faces": {
                        "up": {
                            "texture": "#metal",
                            "uv": [
                                11,
                                0,
                                14,
                                8.5
                            ],
                            "reflectiveMode": 2
                        },
                        "down": {
                            "texture": "#metal",
                            "uv": [
                                9.5,
                                5.5,
                                12.5,
                                14
                            ],
                            "reflectiveMode": 2
                        }
                    },
                    "children": [
                        {
                            "name": "n",
                            "from": [
                                -0.05,
                                -0.2,
                                -0.5
                            ],
                            "to": [
                                3.12,
                                0.7,
                                0
                            ],
                            "rotationOrigin": [
                                0,
                                -0.2,
                                -0.5
                            ],
                            "faces": {
                                "north": {
                                    "texture": "#metal",
                                    "uv": [
                                        7,
                                        13.5,
                                        10,
                                        14
                                    ],
                                    "reflectiveMode": 2
                                },
                                "south": {
                                    "texture": "#metal",
                                    "uv": [
                                        0.5,
                                        14.5,
                                        3.5,
                                        15
                                    ],
                                    "reflectiveMode": 2
                                },
                                "up": {
                                    "texture": "#metal",
                                    "uv": [
                                        7,
                                        5.5,
                                        10,
                                        6
                                    ],
                                    "reflectiveMode": 2
                                },
                                "down": {
                                    "texture": "#metal",
                                    "uv": [
                                        11,
                                        10.5,
                                        14,
                                        11
                                    ],
                                    "reflectiveMode": 2
                                }
                            }
                        },
                        {
                            "name": "n14",
                            "from": [
                                3.01,
                                -0.201,
                                9.27
                            ],
                            "to": [
                                6.18,
                                0.699,
                                9.77
                            ],
                            "rotationOrigin": [
                                3.06,
                                -0.201,
                                9.27
                            ],
                            "rotationX": 180,
                            "rotationZ": 180,
                            "faces": {
                                "north": {
                                    "texture": "#metal",
                                    "uv": [
                                        7.5,
                                        14,
                                        10.5,
                                        14.5
                                    ],
                                    "reflectiveMode": 2
                                },
                                "south": {
                                    "texture": "#metal",
                                    "uv": [
                                        5,
                                        9.5,
                                        8,
                                        10
                                    ],
                                    "reflectiveMode": 2
                                },
                                "up": {
                                    "texture": "#metal",
                                    "uv": [
                                        0.5,
                                        7,
                                        3.5,
                                        7.5
                                    ],
                                    "reflectiveMode": 2
                                },
                                "down": {
                                    "texture": "#metal",
                                    "uv": [
                                        2,
                                        15,
                                        5,
                                        15.5
                                    ],
                                    "reflectiveMode": 2
                                }
                            }
                        }
                    ]
                },
                {
                    "name": "Cube5",
                    "from": [
                        -0.03,
                        0.001,
                        -2.885
                    ],
                    "to": [
                        3.03,
                        0.501,
                        5.915
                    ],
                    "rotationOrigin": [
                        1.5,
                        0,
                        1.5
                    ],
                    "rotationY": 36,
                    "faces": {
                        "up": {
                            "texture": "#metal",
                            "uv": [
                                12,
                                1.5,
                                15,
                                10
                            ],
                            "reflectiveMode": 2
                        },
                        "down": {
                            "texture": "#metal",
                            "uv": [
                                3,
                                6.5,
                                6,
                                15
                            ],
                            "reflectiveMode": 2
                        }
                    },
                    "children": [
                        {
                            "name": "n6",
                            "from": [
                                -0.05,
                                -0.2,
                                -0.5
                            ],
                            "to": [
                                3.12,
                                0.7,
                                0
                            ],
                            "rotationOrigin": [
                                0,
                                -0.2,
                                -0.5
                            ],
                            "faces": {
                                "north": {
                                    "texture": "#metal",
                                    "uv": [
                                        5.5,
                                        8,
                                        8.5,
                                        8.5
                                    ],
                                    "reflectiveMode": 2
                                },
                                "south": {
                                    "texture": "#metal",
                                    "uv": [
                                        0.5,
                                        14,
                                        3.5,
                                        14.5
                                    ],
                                    "reflectiveMode": 2
                                },
                                "up": {
                                    "texture": "#metal",
                                    "uv": [
                                        4,
                                        0,
                                        7,
                                        0.5
                                    ],
                                    "reflectiveMode": 2
                                },
                                "down": {
                                    "texture": "#metal",
                                    "uv": [
                                        9.5,
                                        13,
                                        12.5,
                                        13.5
                                    ],
                                    "reflectiveMode": 2
                                }
                            }
                        },
                        {
                            "name": "n16",
                            "from": [
                                3.01,
                                -0.198,
                                9.27
                            ],
                            "to": [
                                6.18,
                                0.702,
                                9.77
                            ],
                            "rotationOrigin": [
                                3.06,
                                -0.198,
                                9.27
                            ],
                            "rotationX": 180,
                            "rotationZ": 180,
                            "faces": {
                                "north": {
                                    "texture": "#metal",
                                    "uv": [
                                        10.5,
                                        4.5,
                                        13.5,
                                        5
                                    ],
                                    "reflectiveMode": 2
                                },
                                "south": {
                                    "texture": "#metal",
                                    "uv": [
                                        0.5,
                                        10.5,
                                        3.5,
                                        11
                                    ],
                                    "reflectiveMode": 2
                                },
                                "up": {
                                    "texture": "#metal",
                                    "uv": [
                                        12,
                                        14,
                                        15,
                                        14.5
                                    ],
                                    "reflectiveMode": 2
                                },
                                "down": {
                                    "texture": "#metal",
                                    "uv": [
                                        9.5,
                                        14.5,
                                        12.5,
                                        15
                                    ],
                                    "reflectiveMode": 2
                                }
                            }
                        }
                    ]
                },
                {
                    "name": "Cube7",
                    "from": [
                        -0.03,
                        0.002,
                        -2.885
                    ],
                    "to": [
                        3.03,
                        0.502,
                        5.915
                    ],
                    "rotationOrigin": [
                        1.5,
                        0,
                        1.5
                    ],
                    "rotationY": 72,
                    "faces": {
                        "up": {
                            "texture": "#metal",
                            "uv": [
                                2.5,
                                7.5,
                                5.5,
                                16
                            ],
                            "reflectiveMode": 2
                        },
                        "down": {
                            "texture": "#metal",
                            "uv": [
                                8,
                                4,
                                11,
                                12.5
                            ],
                            "reflectiveMode": 2
                        }
                    },
                    "children": [
                        {
                            "name": "n8",
                            "from": [
                                -0.05,
                                -0.2,
                                -0.5
                            ],
                            "to": [
                                3.12,
                                0.7,
                                0
                            ],
                            "rotationOrigin": [
                                0,
                                -0.2,
                                -0.5
                            ],
                            "faces": {
                                "north": {
                                    "texture": "#metal",
                                    "uv": [
                                        7.5,
                                        5.5,
                                        10.5,
                                        6
                                    ],
                                    "reflectiveMode": 2
                                },
                                "south": {
                                    "texture": "#metal",
                                    "uv": [
                                        4.5,
                                        13.5,
                                        7.5,
                                        14
                                    ],
                                    "reflectiveMode": 2
                                },
                                "up": {
                                    "texture": "#metal",
                                    "uv": [
                                        0.5,
                                        11,
                                        3.5,
                                        11.5
                                    ],
                                    "reflectiveMode": 2
                                },
                                "down": {
                                    "texture": "#metal",
                                    "uv": [
                                        2.5,
                                        8,
                                        5.5,
                                        8.5
                                    ],
                                    "reflectiveMode": 2
                                }
                            }
                        },
                        {
                            "name": "n18",
                            "from": [
                                3.01,
                                -0.202,
                                9.27
                            ],
                            "to": [
                                6.18,
                                0.698,
                                9.77
                            ],
                            "rotationOrigin": [
                                3.06,
                                -0.202,
                                9.27
                            ],
                            "rotationX": 180,
                            "rotationZ": 180,
                            "faces": {
                                "north": {
                                    "texture": "#metal",
                                    "uv": [
                                        1,
                                        2,
                                        4,
                                        2.5
                                    ],
                                    "reflectiveMode": 2
                                },
                                "south": {
                                    "texture": "#metal",
                                    "uv": [
                                        5,
                                        10.5,
                                        8,
                                        11
                                    ],
                                    "reflectiveMode": 2
                                },
                                "up": {
                                    "texture": "#metal",
                                    "uv": [
                                        9,
                                        5,
                                        12,
                                        5.5
                                    ],
                                    "reflectiveMode": 2
                                },
                                "down": {
                                    "texture": "#metal",
                                    "uv": [
                                        3.5,
                                        15,
                                        6.5,
                                        15.5
                                    ],
                                    "reflectiveMode": 2
                                }
                            }
                        }
                    ]
                },
                {
                    "name": "Cube9",
                    "from": [
                        -0.03,
                        0.003,
                        -2.885
                    ],
                    "to": [
                        3.03,
                        0.503,
                        5.915
                    ],
                    "rotationOrigin": [
                        1.5,
                        0,
                        1.5
                    ],
                    "rotationX": -180,
                    "rotationY": 72,
                    "rotationZ": -180,
                    "faces": {
                        "up": {
                            "texture": "#metal",
                            "uv": [
                                10.5,
                                5.5,
                                13.5,
                                14
                            ],
                            "reflectiveMode": 2
                        },
                        "down": {
                            "texture": "#metal",
                            "uv": [
                                2,
                                3,
                                5,
                                11.5
                            ],
                            "reflectiveMode": 2
                        }
                    },
                    "children": [
                        {
                            "name": "n10",
                            "from": [
                                -0.05,
                                -0.2,
                                -0.5
                            ],
                            "to": [
                                3.12,
                                0.7,
                                0
                            ],
                            "rotationOrigin": [
                                0,
                                -0.2,
                                -0.5
                            ],
                            "faces": {
                                "north": {
                                    "texture": "#metal",
                                    "uv": [
                                        10.5,
                                        12,
                                        13.5,
                                        12.5
                                    ],
                                    "reflectiveMode": 2
                                },
                                "south": {
                                    "texture": "#metal",
                                    "uv": [
                                        10,
                                        10,
                                        13,
                                        10.5
                                    ],
                                    "reflectiveMode": 2
                                },
                                "up": {
                                    "texture": "#metal",
                                    "uv": [
                                        1,
                                        5.5,
                                        4,
                                        6
                                    ],
                                    "reflectiveMode": 2
                                },
                                "down": {
                                    "texture": "#metal",
                                    "uv": [
                                        7,
                                        1,
                                        10,
                                        1.5
                                    ],
                                    "reflectiveMode": 2
                                }
                            }
                        },
                        {
                            "name": "n20",
                            "from": [
                                3.01,
                                -0.197,
                                9.27
                            ],
                            "to": [
                                6.18,
                                0.703,
                                9.77
                            ],
                            "rotationOrigin": [
                                3.06,
                                -0.197,
                                9.27
                            ],
                            "rotationX": 180,
                            "rotationZ": 180,
                            "faces": {
                                "north": {
                                    "texture": "#metal",
                                    "uv": [
                                        3,
                                        3.5,
                                        6,
                                        4
                                    ],
                                    "reflectiveMode": 2
                                },
                                "south": {
                                    "texture": "#metal",
                                    "uv": [
                                        4,
                                        8.5,
                                        7,
                                        9
                                    ],
                                    "reflectiveMode": 2
                                },
                                "up": {
                                    "texture": "#metal",
                                    "uv": [
                                        7.5,
                                        14.5,
                                        10.5,
                                        15
                                    ],
                                    "reflectiveMode": 2
                                },
                                "down": {
                                    "texture": "#metal",
                                    "uv": [
                                        6.5,
                                        4,
                                        9.5,
                                        4.5
                                    ],
                                    "reflectiveMode": 2
                                }
                            }
                        }
                    ]
                },
                {
                    "name": "Cube11",
                    "from": [
                        -0.03,
                        0.0025,
                        -2.885
                    ],
                    "to": [
                        3.03,
                        0.5025,
                        5.915
                    ],
                    "rotationOrigin": [
                        1.5,
                        0,
                        1.5
                    ],
                    "rotationX": -180,
                    "rotationY": 36,
                    "rotationZ": -180,
                    "faces": {
                        "up": {
                            "texture": "#metal",
                            "uv": [
                                7.5,
                                3.5,
                                10.5,
                                12
                            ],
                            "reflectiveMode": 2
                        },
                        "down": {
                            "texture": "#metal",
                            "uv": [
                                0,
                                3.5,
                                3,
                                12
                            ],
                            "reflectiveMode": 2
                        }
                    },
                    "children": [
                        {
                            "name": "n12",
                            "from": [
                                -0.05,
                                -0.2,
                                -0.5
                            ],
                            "to": [
                                3.12,
                                0.7,
                                0
                            ],
                            "rotationOrigin": [
                                0,
                                -0.2,
                                -0.5
                            ],
                            "faces": {
                                "north": {
                                    "texture": "#metal",
                                    "uv": [
                                        9,
                                        2.5,
                                        12,
                                        3
                                    ],
                                    "reflectiveMode": 2
                                },
                                "south": {
                                    "texture": "#metal",
                                    "uv": [
                                        1.5,
                                        1,
                                        4.5,
                                        1.5
                                    ],
                                    "reflectiveMode": 2
                                },
                                "up": {
                                    "texture": "#metal",
                                    "uv": [
                                        7.5,
                                        12.5,
                                        10.5,
                                        13
                                    ],
                                    "reflectiveMode": 2
                                },
                                "down": {
                                    "texture": "#metal",
                                    "uv": [
                                        12,
                                        14,
                                        15,
                                        14.5
                                    ],
                                    "reflectiveMode": 2
                                }
                            }
                        },
                        {
                            "name": "n22",
                            "from": [
                                3.01,
                                -0.201,
                                9.27
                            ],
                            "to": [
                                6.18,
                                0.699,
                                9.77
                            ],
                            "rotationOrigin": [
                                3.06,
                                -0.201,
                                9.27
                            ],
                            "rotationX": 180,
                            "rotationZ": 180,
                            "faces": {
                                "north": {
                                    "texture": "#metal",
                                    "uv": [
                                        5.5,
                                        0,
                                        8.5,
                                        0.5
                                    ],
                                    "reflectiveMode": 2
                                },
                                "south": {
                                    "texture": "#metal",
                                    "uv": [
                                        11,
                                        10,
                                        14,
                                        10.5
                                    ],
                                    "reflectiveMode": 2
                                },
                                "up": {
                                    "texture": "#metal",
                                    "uv": [
                                        8,
                                        10.5,
                                        11,
                                        11
                                    ],
                                    "reflectiveMode": 2
                                },
                                "down": {
                                    "texture": "#metal",
                                    "uv": [
                                        11,
                                        10,
                                        14,
                                        10.5
                                    ],
                                    "reflectiveMode": 2
                                }
                            }
                        }
                    ]
                }
            ]
        },
        {
            "name": "design",
            "from": [
                5,
                0,
                5
            ],
            "to": [
                5,
                0,
                5
            ],
            "rotationOrigin": [
                5,
                0,
                5
            ],
            "faces": {}
        }
    ]
}
