{
    "editor": {
        "allAngles": false,
        "entityTextureMode": false
    },
    "textureWidth": 16,
    "textureHeight": 16,
    "textureSizes": {},
    "textures": {},
    "elements": [
        {
            "name": "base",
            "from": [
                3,
                0.2,
                3
            ],
            "to": [
                13,
                0.7,
                13
            ],
            "rotationOrigin": [
                8,
                0.2,
                8
            ],
            "faces": {},
            "children": [
                {
                    "name": "Cube1",
                    "from": [
                        2.66,
                        0,
                        -1.65
                    ],
                    "to": [
                        7.34,
                        0.5,
                        11.45
                    ],
                    "rotationOrigin": [
                        5,
                        0,
                        4.9
                    ],
                    "faces": {
                        "up": {
                            "texture": "#metal",
                            "uv": [
                                5.5,
                                0.5,
                                10,
                                13.5
                            ],
                            "reflectiveMode": 2
                        },
                        "down": {
                            "texture": "#metal",
                            "uv": [
                                6.5,
                                3,
                                11,
                                16
                            ],
                            "reflectiveMode": 2
                        }
                    },
                    "children": [
                        {
                            "name": "n",
                            "from": [
                                0.05,
                                -0.2,
                                -0.5
                            ],
                            "to": [
                                4.63,
                                0.7,
                                0
                            ],
                            "rotationOrigin": [
                                0.04,
                                -0.2,
                                -0.5
                            ],
                            "faces": {
                                "north": {
                                    "texture": "#metal",
                                    "uv": [
                                        1.5,
                                        5.5,
                                        6,
                                        6
                                    ],
                                    "reflectiveMode": 2
                                },
                                "south": {
                                    "texture": "#metal",
                                    "uv": [
                                        5,
                                        12.5,
                                        9.5,
                                        13
                                    ],
                                    "reflectiveMode": 2
                                },
                                "up": {
                                    "texture": "#metal",
                                    "uv": [
                                        5,
                                        5.5,
                                        9.5,
                                        6
                                    ],
                                    "reflectiveMode": 2
                                },
                                "down": {
                                    "texture": "#metal",
                                    "uv": [
                                        4.5,
                                        8,
                                        9,
                                        8.5
                                    ],
                                    "reflectiveMode": 2
                                }
                            }
                        },
                        {
                            "name": "n14",
                            "from": [
                                4.85,
                                -0.201,
                                13.6
                            ],
                            "to": [
                                9.43,
                                0.699,
                                14.1
                            ],
                            "rotationOrigin": [
                                4.74,
                                -0.201,
                                13.6
                            ],
                            "rotationX": -180,
                            "rotationZ": -180,
                            "faces": {
                                "north": {
                                    "texture": "#metal",
                                    "uv": [
                                        4,
                                        10,
                                        8.5,
                                        10.5
                                    ],
                                    "reflectiveMode": 2
                                },
                                "south": {
                                    "texture": "#metal",
                                    "uv": [
                                        4.5,
                                        14.5,
                                        9,
                                        15
                                    ],
                                    "reflectiveMode": 2
                                },
                                "up": {
                                    "texture": "#metal",
                                    "uv": [
                                        2.5,
                                        4.5,
                                        7,
                                        5
                                    ],
                                    "reflectiveMode": 2
                                },
                                "down": {
                                    "texture": "#metal",
                                    "uv": [
                                        8.5,
                                        3,
                                        13,
                                        3.5
                                    ],
                                    "reflectiveMode": 2
                                }
                            }
                        }
                    ]
                },
                {
                    "name": "Cube5",
                    "from": [
                        2.66,
                        0.001,
                        -1.65
                    ],
                    "to": [
                        7.34,
                        0.501,
                        11.45
                    ],
                    "rotationOrigin": [
                        5,
                        0,
                        4.9
                    ],
                    "rotationY": 36,
                    "faces": {
                        "up": {
                            "texture": "#metal",
                            "uv": [
                                7,
                                0.5,
                                11.5,
                                13.5
                            ],
                            "reflectiveMode": 2
                        },
                        "down": {
                            "texture": "#metal",
                            "uv": [
                                6.5,
                                2.5,
                                11,
                                15.5
                            ],
                            "reflectiveMode": 2
                        }
                    },
                    "children": [
                        {
                            "name": "n6",
                            "from": [
                                0.05,
                                -0.2,
                                -0.5
                            ],
                            "to": [
                                4.63,
                                0.7,
                                0
                            ],
                            "rotationOrigin": [
                                -0.06,
                                -0.2,
                                -0.5
                            ],
                            "faces": {
                                "north": {
                                    "texture": "#metal",
                                    "uv": [
                                        2.5,
                                        15,
                                        7,
                                        15.5
                                    ],
                                    "reflectiveMode": 2
                                },
                                "south": {
                                    "texture": "#metal",
                                    "uv": [
                                        6,
                                        13.5,
                                        10.5,
                                        14
                                    ],
                                    "reflectiveMode": 2
                                },
                                "up": {
                                    "texture": "#metal",
                                    "uv": [
                                        2,
                                        10.5,
                                        6.5,
                                        11
                                    ],
                                    "reflectiveMode": 2
                                },
                                "down": {
                                    "texture": "#metal",
                                    "uv": [
                                        4,
                                        9.5,
                                        8.5,
                                        10
                                    ],
                                    "reflectiveMode": 2
                                }
                            }
                        },
                        {
                            "name": "n16",
                            "from": [
                                4.85,
                                -0.196,
                                13.6
                            ],
                            "to": [
                                9.43,
                                0.704,
                                14.1
                            ],
                            "rotationOrigin": [
                                4.74,
                                -0.196,
                                13.6
                            ],
                            "rotationX": -180,
                            "rotationZ": -180,
                            "faces": {
                                "north": {
                                    "texture": "#metal",
                                    "uv": [
                                        9.5,
                                        2,
                                        14,
                                        2.5
                                    ],
                                    "reflectiveMode": 2
                                },
                                "south": {
                                    "texture": "#metal",
                                    "uv": [
                                        5,
                                        12.5,
                                        9.5,
                                        13
                                    ],
                                    "reflectiveMode": 2
                                },
                                "up": {
                                    "texture": "#metal",
                                    "uv": [
                                        11,
                                        5,
                                        15.5,
                                        5.5
                                    ],
                                    "reflectiveMode": 2
                                },
                                "down": {
                                    "texture": "#metal",
                                    "uv": [
                                        10.5,
                                        9,
                                        15,
                                        9.5
                                    ],
                                    "reflectiveMode": 2
                                }
                            }
                        }
                    ]
                },
                {
                    "name": "Cube7",
                    "from": [
                        2.66,
                        0.002,
                        -1.65
                    ],
                    "to": [
                        7.34,
                        0.502,
                        11.45
                    ],
                    "rotationOrigin": [
                        5,
                        0,
                        4.9
                    ],
                    "rotationY": 72,
                    "faces": {
                        "up": {
                            "texture": "#metal",
                            "uv": [
                                8.5,
                                2.5,
                                13,
                                15.5
                            ],
                            "reflectiveMode": 2
                        },
                        "down": {
                            "texture": "#metal",
                            "uv": [
                                1,
                                0,
                                5.5,
                                13
                            ],
                            "reflectiveMode": 2
                        }
                    },
                    "children": [
                        {
                            "name": "n8",
                            "from": [
                                0.05,
                                -0.2,
                                -0.5
                            ],
                            "to": [
                                4.63,
                                0.7,
                                0
                            ],
                            "rotationOrigin": [
                                -0.06,
                                -0.2,
                                -0.5
                            ],
                            "faces": {
                                "north": {
                                    "texture": "#metal",
                                    "uv": [
                                        5.5,
                                        12,
                                        10,
                                        12.5
                                    ],
                                    "reflectiveMode": 2
                                },
                                "south": {
                                    "texture": "#metal",
                                    "uv": [
                                        8,
                                        10.5,
                                        12.5,
                                        11
                                    ],
                                    "reflectiveMode": 2
                                },
                                "up": {
                                    "texture": "#metal",
                                    "uv": [
                                        4,
                                        5,
                                        8.5,
                                        5.5
                                    ],
                                    "reflectiveMode": 2
                                },
                                "down": {
                                    "texture": "#metal",
                                    "uv": [
                                        6,
                                        6,
                                        10.5,
                                        6.5
                                    ],
                                    "reflectiveMode": 2
                                }
                            }
                        },
                        {
                            "name": "n18",
                            "from": [
                                4.85,
                                -0.202,
                                13.6
                            ],
                            "to": [
                                9.43,
                                0.698,
                                14.1
                            ],
                            "rotationOrigin": [
                                4.74,
                                -0.202,
                                13.6
                            ],
                            "rotationX": -180,
                            "rotationZ": -180,
                            "faces": {
                                "north": {
                                    "texture": "#metal",
                                    "uv": [
                                        5,
                                        15,
                                        9.5,
                                        15.5
                                    ],
                                    "reflectiveMode": 2
                                },
                                "south": {
                                    "texture": "#metal",
                                    "uv": [
                                        6.5,
                                        1,
                                        11,
                                        1.5
                                    ],
                                    "reflectiveMode": 2
                                },
                                "up": {
                                    "texture": "#metal",
                                    "uv": [
                                        6.5,
                                        3.5,
                                        11,
                                        4
                                    ],
                                    "reflectiveMode": 2
                                },
                                "down": {
                                    "texture": "#metal",
                                    "uv": [
                                        3,
                                        5.5,
                                        7.5,
                                        6
                                    ],
                                    "reflectiveMode": 2
                                }
                            }
                        }
                    ]
                },
                {
                    "name": "Cube9",
                    "from": [
                        2.66,
                        0.003,
                        -1.65
                    ],
                    "to": [
                        7.34,
                        0.503,
                        11.45
                    ],
                    "rotationOrigin": [
                        5,
                        0,
                        4.9
                    ],
                    "rotationY": 108,
                    "faces": {
                        "up": {
                            "texture": "#metal",
                            "uv": [
                                7,
                                2,
                                11.5,
                                15
                            ],
                            "reflectiveMode": 2
                        },
                        "down": {
                            "texture": "#metal",
                            "uv": [
                                3,
                                1,
                                7.5,
                                14
                            ],
                            "reflectiveMode": 2
                        }
                    },
                    "children": [
                        {
                            "name": "n10",
                            "from": [
                                0.05,
                                -0.2,
                                -0.5
                            ],
                            "to": [
                                4.63,
                                0.7,
                                0
                            ],
                            "rotationOrigin": [
                                -0.06,
                                -0.2,
                                -0.5
                            ],
                            "faces": {
                                "north": {
                                    "texture": "#metal",
                                    "uv": [
                                        6,
                                        13,
                                        10.5,
                                        13.5
                                    ],
                                    "reflectiveMode": 2
                                },
                                "south": {
                                    "texture": "#metal",
                                    "uv": [
                                        0.5,
                                        10,
                                        5,
                                        10.5
                                    ],
                                    "reflectiveMode": 2
                                },
                                "up": {
                                    "texture": "#metal",
                                    "uv": [
                                        6.5,
                                        13.5,
                                        11,
                                        14
                                    ],
                                    "reflectiveMode": 2
                                },
                                "down": {
                                    "texture": "#metal",
                                    "uv": [
                                        7.5,
                                        7.5,
                                        12,
                                        8
                                    ],
                                    "reflectiveMode": 2
                                }
                            }
                        },
                        {
                            "name": "n20",
                            "from": [
                                4.85,
                                -0.197,
                                13.6
                            ],
                            "to": [
                                9.43,
                                0.703,
                                14.1
                            ],
                            "rotationOrigin": [
                                4.74,
                                -0.197,
                                13.6
                            ],
                            "rotationX": -180,
                            "rotationZ": -180,
                            "faces": {
                                "north": {
                                    "texture": "#metal",
                                    "uv": [
                                        8.5,
                                        4,
                                        13,
                                        4.5
                                    ],
                                    "reflectiveMode": 2
                                },
                                "south": {
                                    "texture": "#metal",
                                    "uv": [
                                        0,
                                        4,
                                        4.5,
                                        4.5
                                    ],
                                    "reflectiveMode": 2
                                },
                                "up": {
                                    "texture": "#metal",
                                    "uv": [
                                        4,
                                        4,
                                        8.5,
                                        4.5
                                    ],
                                    "reflectiveMode": 2
                                },
                                "down": {
                                    "texture": "#metal",
                                    "uv": [
                                        10.5,
                                        11.5,
                                        15,
                                        12
                                    ],
                                    "reflectiveMode": 2
                                }
                            }
                        }
                    ]
                },
                {
                    "name": "Cube11",
                    "from": [
                        2.66,
                        0.0025,
                        -1.65
                    ],
                    "to": [
                        7.34,
                        0.5025,
                        11.45
                    ],
                    "rotationOrigin": [
                        5,
                        0,
                        4.9
                    ],
                    "rotationY": 144,
                    "faces": {
                        "up": {
                            "texture": "#metal",
                            "uv": [
                                6,
                                2.5,
                                10.5,
                                15.5
                            ],
                            "reflectiveMode": 2
                        },
                        "down": {
                            "texture": "#metal",
                            "uv": [
                                7,
                                2,
                                11.5,
                                15
                            ],
                            "reflectiveMode": 2
                        }
                    },
                    "children": [
                        {
                            "name": "n12",
                            "from": [
                                0.05,
                                -0.2,
                                -0.5
                            ],
                            "to": [
                                4.63,
                                0.7,
                                0
                            ],
                            "rotationOrigin": [
                                -0.06,
                                -0.2,
                                -0.5
                            ],
                            "faces": {
                                "north": {
                                    "texture": "#metal",
                                    "uv": [
                                        8.5,
                                        2.5,
                                        13,
                                        3
                                    ],
                                    "reflectiveMode": 2
                                },
                                "south": {
                                    "texture": "#metal",
                                    "uv": [
                                        7.5,
                                        14,
                                        12,
                                        14.5
                                    ],
                                    "reflectiveMode": 2
                                },
                                "up": {
                                    "texture": "#metal",
                                    "uv": [
                                        8.5,
                                        8,
                                        13,
                                        8.5
                                    ],
                                    "reflectiveMode": 2
                                },
                                "down": {
                                    "texture": "#metal",
                                    "uv": [
                                        3.5,
                                        13.5,
                                        8,
                                        14
                                    ],
                                    "reflectiveMode": 2
                                }
                            }
                        },
                        {
                            "name": "n22",
                            "from": [
                                4.85,
                                -0.201,
                                13.6
                            ],
                            "to": [
                                9.43,
                                0.699,
                                14.1
                            ],
                            "rotationOrigin": [
                                4.74,
                                -0.201,
                                13.6
                            ],
                            "rotationX": -180,
                            "rotationZ": -180,
                            "faces": {
                                "north": {
                                    "texture": "#metal",
                                    "uv": [
                                        9,
                                        0,
                                        13.5,
                                        0.5
                                    ],
                                    "reflectiveMode": 2
                                },
                                "south": {
                                    "texture": "#metal",
                                    "uv": [
                                        7,
                                        11.5,
                                        11.5,
                                        12
                                    ],
                                    "reflectiveMode": 2
                                },
                                "up": {
                                    "texture": "#metal",
                                    "uv": [
                                        0,
                                        1.5,
                                        4.5,
                                        2
                                    ],
                                    "reflectiveMode": 2
                                },
                                "down": {
                                    "texture": "#metal",
                                    "uv": [
                                        10,
                                        12.5,
                                        14.5,
                                        13
                                    ],
                                    "reflectiveMode": 2
                                }
                            }
                        }
                    ]
                }
            ]
        },
        {
            "name": "design",
            "from": [
                3.5,
                0,
                3.5
            ],
            "to": [
                3.5,
                0,
                3.5
            ],
            "rotationOrigin": [
                3.5,
                0,
                3.5
            ],
            "faces": {}
        }
    ]
}
