﻿[
  {
    "file": "game:blocktypes/metal/metalblock",
    "path": "/entityBehaviors",
    "op": "add",
    "value": [
      {
        "name": "BEBehaviorECable"
      },
      {
        "name": "ElectricalProgressive"
      }
    ]
  },
  {
    "file": "game:blocktypes/metal/metalblock",
    "path": "/entityClass",
    "op": "add",
    "value": "BlockEntityEConnector"
  },
  {
    "file": "game:blocktypes/metal/metalblock",
    "path": "/class",
    "op": "add",
    "value": "BlockConnector"
  },
  {
    "file": "game:blocktypes/metal/metalblock",
    "path": "/attributes",
    "op": "addmerge",
    "value": {
      "blockEProperties": "main",
      "facesEProperties": [ "north", "east", "south", "west", "up", "down" ],
      "voltage": 128,
      "maxCurrent": 1024.0,
      "isolated": false,
      "isolatedEnvironment": true
    }
  }
]