﻿[
    {
        "file": "game:itemtypes/resource/crystalizedore-graded.json",
        "op": "addmerge",
        "path": "/crushingPropsByType",
        "value": {
            "crystalizedore-poor-azurite-*": {
                "crushedStack": {
                    "type": "item",
                    "code": "nugget-azurite",
                    "stacksize": 8
                },
                "hardnessTier": 2
            },
            "crystalizedore-medium-azurite-*": {
                "crushedStack": {
                    "type": "item",
                    "code": "nugget-azurite",
                    "stacksize": 10
                },
                "hardnessTier": 2
            },
            "crystalizedore-rich-azurite-*": {
                "crushedStack": {
                    "type": "item",
                    "code": "nugget-azurite",
                    "stacksize": 12
                },
                "hardnessTier": 2
            },
            "crystalizedore-bountiful-azurite-*": {
                "crushedStack": {
                    "type": "item",
                    "code": "nugget-azurite",
                    "stacksize": 16
                },
                "hardnessTier": 2
            },
            "crystalizedore-poor-cerussite-*": {
                "crushedStack": {
                    "type": "item",
                    "code": "nugget-cerussite",
                    "stacksize": 8
                },
                "hardnessTier": 2
            },
            "crystalizedore-medium-cerussite-*": {
                "crushedStack": {
                    "type": "item",
                    "code": "nugget-cerussite",
                    "stacksize": 10
                },
                "hardnessTier": 2
            },
            "crystalizedore-rich-cerussite-*": {
                "crushedStack": {
                    "type": "item",
                    "code": "nugget-cerussite",
                    "stacksize": 12
                },
                "hardnessTier": 2
            },
            "crystalizedore-bountiful-cerussite-*": {
                "crushedStack": {
                    "type": "item",
                    "code": "nugget-cerussite",
                    "stacksize": 16
                },
                "hardnessTier": 2
            },
            "crystalizedore-poor-chalcocite-*": {
                "crushedStack": {
                    "type": "item",
                    "code": "nugget-chalcocite",
                    "stacksize": 8
                },
                "hardnessTier": 2
            },
            "crystalizedore-medium-chalcocite-*": {
                "crushedStack": {
                    "type": "item",
                    "code": "nugget-chalcocite",
                    "stacksize": 10
                },
                "hardnessTier": 2
            },
            "crystalizedore-rich-chalcocite-*": {
                "crushedStack": {
                    "type": "item",
                    "code": "nugget-chalcocite",
                    "stacksize": 12
                },
                "hardnessTier": 2
            },
            "crystalizedore-bountiful-chalcocite-*": {
                "crushedStack": {
                    "type": "item",
                    "code": "nugget-chalcocite",
                    "stacksize": 16
                },
                "hardnessTier": 2
            },
            "crystalizedore-poor-chalcopyrite-*": {
                "crushedStack": {
                    "type": "item",
                    "code": "nugget-chalcopyrite",
                    "stacksize": 8
                },
                "hardnessTier": 2
            },
            "crystalizedore-medium-chalcopyrite-*": {
                "crushedStack": {
                    "type": "item",
                    "code": "nugget-chalcopyrite",
                    "stacksize": 10
                },
                "hardnessTier": 2
            },
            "crystalizedore-rich-chalcopyrite-*": {
                "crushedStack": {
                    "type": "item",
                    "code": "nugget-chalcopyrite",
                    "stacksize": 12
                },
                "hardnessTier": 2
            },
            "crystalizedore-bountiful-chalcopyrite-*": {
                "crushedStack": {
                    "type": "item",
                    "code": "nugget-chalcopyrite",
                    "stacksize": 16
                },
                "hardnessTier": 2
            },
            "crystalizedore-poor-franckeite-*": {
                "crushedStack": {
                    "type": "item",
                    "code": "nugget-franckeite",
                    "stacksize": 8
                },
                "hardnessTier": 2
            },
            "crystalizedore-medium-franckeite-*": {
                "crushedStack": {
                    "type": "item",
                    "code": "nugget-franckeite",
                    "stacksize": 10
                },
                "hardnessTier": 2
            },
            "crystalizedore-rich-franckeite-*": {
                "crushedStack": {
                    "type": "item",
                    "code": "nugget-franckeite",
                    "stacksize": 12
                },
                "hardnessTier": 2
            },
            "crystalizedore-bountiful-franckeite-*": {
                "crushedStack": {
                    "type": "item",
                    "code": "nugget-franckeite",
                    "stacksize": 16
                },
                "hardnessTier": 2
            },
            "crystalizedore-poor-freibergite-*": {
                "crushedStack": {
                    "type": "item",
                    "code": "nugget-freibergite",
                    "stacksize": 8
                },
                "hardnessTier": 2
            },
            "crystalizedore-medium-freibergite-*": {
                "crushedStack": {
                    "type": "item",
                    "code": "nugget-freibergite",
                    "stacksize": 10
                },
                "hardnessTier": 2
            },
            "crystalizedore-rich-freibergite-*": {
                "crushedStack": {
                    "type": "item",
                    "code": "nugget-freibergite",
                    "stacksize": 12
                },
                "hardnessTier": 2
            },
            "crystalizedore-bountiful-freibergite-*": {
                "crushedStack": {
                    "type": "item",
                    "code": "nugget-freibergite",
                    "stacksize": 14
                },
                "hardnessTier": 2
            },
            "crystalizedore-poor-hemimorphite-*": {
                "crushedStack": {
                    "type": "item",
                    "code": "nugget-hemimorphite",
                    "stacksize": 8
                },
                "hardnessTier": 2
            },
            "crystalizedore-medium-hemimorphite-*": {
                "crushedStack": {
                    "type": "item",
                    "code": "nugget-hemimorphite",
                    "stacksize": 10
                },
                "hardnessTier": 2
            },
            "crystalizedore-rich-hemimorphite-*": {
                "crushedStack": {
                    "type": "item",
                    "code": "nugget-hemimorphite",
                    "stacksize": 12
                },
                "hardnessTier": 2
            },
            "crystalizedore-bountiful-hemimorphite-*": {
                "crushedStack": {
                    "type": "item",
                    "code": "nugget-hemimorphite",
                    "stacksize": 16
                },
                "hardnessTier": 2
            },
            "crystalizedore-poor-nativeplatinum-*": {
                "crushedStack": {
                    "type": "item",
                    "code": "nugget-nativeplatinum",
                    "stacksize": 8
                },
                "hardnessTier": 3
            },
            "crystalizedore-medium-nativeplatinum-*": {
                "crushedStack": {
                    "type": "item",
                    "code": "nugget-nativeplatinum",
                    "stacksize": 10
                },
                "hardnessTier": 3
            },
            "crystalizedore-rich-nativeplatinum-*": {
                "crushedStack": {
                    "type": "item",
                    "code": "nugget-nativeplatinum",
                    "stacksize": 12
                },
                "hardnessTier": 3
            },
            "crystalizedore-bountiful-nativeplatinum-*": {
                "crushedStack": {
                    "type": "item",
                    "code": "nugget-nativeplatinum",
                    "stacksize": 16
                },
                "hardnessTier": 3
            },
            "crystalizedore-poor-pyrite-*": {
                "crushedStack": {
                    "type": "item",
                    "code": "nugget-pyrite",
                    "stacksize": 10
                },
                "hardnessTier": 3
            },
            "crystalizedore-medium-pyrite-*": {
                "crushedStack": {
                    "type": "item",
                    "code": "nugget-pyrite",
                    "stacksize": 12
                },
                "hardnessTier": 3
            },
            "crystalizedore-rich-pyrite-*": {
                "crushedStack": {
                    "type": "item",
                    "code": "nugget-pyrite",
                    "stacksize": 14
                },
                "hardnessTier": 3
            },
            "crystalizedore-bountiful-pyrite-*": {
                "crushedStack": {
                    "type": "item",
                    "code": "nugget-pyrite",
                    "stacksize": 16
                },
                "hardnessTier": 3
            },
            "crystalizedore-poor-smithsonite-*": {
                "crushedStack": {
                    "type": "item",
                    "code": "nugget-smithsonite",
                    "stacksize": 8
                },
                "hardnessTier": 2
            },
            "crystalizedore-medium-smithsonite-*": {
                "crushedStack": {
                    "type": "item",
                    "code": "nugget-smithsonite",
                    "stacksize": 10
                },
                "hardnessTier": 2
            },
            "crystalizedore-rich-smithsonite-*": {
                "crushedStack": {
                    "type": "item",
                    "code": "nugget-smithsonite",
                    "stacksize": 12
                },
                "hardnessTier": 2
            },
            "crystalizedore-bountiful-smithsonite-*": {
                "crushedStack": {
                    "type": "item",
                    "code": "nugget-smithsonite",
                    "stacksize": 16
                },
                "hardnessTier": 2
            },
            "crystalizedore-poor-sperrylite-*": {
                "crushedStack": {
                    "type": "item",
                    "code": "nugget-sperrylite",
                    "stacksize": 8
                },
                "hardnessTier": 3
            },
            "crystalizedore-medium-sperrylite-*": {
                "crushedStack": {
                    "type": "item",
                    "code": "nugget-sperrylite",
                    "stacksize": 10
                },
                "hardnessTier": 3
            },
            "crystalizedore-rich-sperrylite-*": {
                "crushedStack": {
                    "type": "item",
                    "code": "nugget-sperrylite",
                    "stacksize": 12
                },
                "hardnessTier": 3
            },
            "crystalizedore-bountiful-sperrylite-*": {
                "crushedStack": {
                    "type": "item",
                    "code": "nugget-sperrylite",
                    "stacksize": 16
                },
                "hardnessTier": 3
            },
            "crystalizedore-poor-teallite-*": {
                "crushedStack": {
                    "type": "item",
                    "code": "nugget-teallite",
                    "stacksize": 8
                },
                "hardnessTier": 2
            },
            "crystalizedore-medium-teallite-*": {
                "crushedStack": {
                    "type": "item",
                    "code": "nugget-teallite",
                    "stacksize": 10
                },
                "hardnessTier": 2
            },
            "crystalizedore-rich-teallite-*": {
                "crushedStack": {
                    "type": "item",
                    "code": "nugget-teallite",
                    "stacksize": 12
                },
                "hardnessTier": 2
            },
            "crystalizedore-bountiful-teallite-*": {
                "crushedStack": {
                    "type": "item",
                    "code": "nugget-teallite",
                    "stacksize": 16
                },
                "hardnessTier": 2
            },
            "crystalizedore-poor-tetrahedrite-*": {
                "crushedStack": {
                    "type": "item",
                    "code": "nugget-tetrahedrite",
                    "stacksize": 8
                },
                "hardnessTier": 2
            },
            "crystalizedore-medium-tetrahedrite-*": {
                "crushedStack": {
                    "type": "item",
                    "code": "nugget-tetrahedrite",
                    "stacksize": 10
                },
                "hardnessTier": 2
            },
            "crystalizedore-rich-tetrahedrite-*": {
                "crushedStack": {
                    "type": "item",
                    "code": "nugget-tetrahedrite",
                    "stacksize": 12
                },
                "hardnessTier": 2
            },
            "crystalizedore-bountiful-tetrahedrite-*": {
                "crushedStack": {
                    "type": "item",
                    "code": "nugget-tetrahedrite",
                    "stacksize": 16
                },
                "hardnessTier": 2
            },
            "crystalizedore-poor-vanadinite-*": {
                "crushedStack": {
                    "type": "item",
                    "code": "nugget-vanadinite",
                    "stacksize": 8
                },
                "hardnessTier": 2
            },
            "crystalizedore-medium-vanadinite-*": {
                "crushedStack": {
                    "type": "item",
                    "code": "nugget-vanadinite",
                    "stacksize": 10
                },
                "hardnessTier": 2
            },
            "crystalizedore-rich-vanadinite-*": {
                "crushedStack": {
                    "type": "item",
                    "code": "nugget-vanadinite",
                    "stacksize": 12
                },
                "hardnessTier": 2
            },
            "crystalizedore-bountiful-vanadinite-*": {
                "crushedStack": {
                    "type": "item",
                    "code": "nugget-vanadinite",
                    "stacksize": 16
                },
                "hardnessTier": 2
            },
            "crystalizedore-poor-wulfenite-*": {
                "crushedStack": {
                    "type": "item",
                    "code": "nugget-wulfenite",
                    "stacksize": 8
                },
                "hardnessTier": 2
            },
            "crystalizedore-medium-wulfenite-*": {
                "crushedStack": {
                    "type": "item",
                    "code": "nugget-wulfenite",
                    "stacksize": 10
                },
                "hardnessTier": 2
            },
            "crystalizedore-rich-wulfenite-*": {
                "crushedStack": {
                    "type": "item",
                    "code": "nugget-wulfenite",
                    "stacksize": 12
                },
                "hardnessTier": 2
            },
            "crystalizedore-bountiful-wulfenite-*": {
                "crushedStack": {
                    "type": "item",
                    "code": "nugget-wulfenite",
                    "stacksize": 16
                },
                "hardnessTier": 2
            }
        },
		"dependsOn": [{"modid": "geoaddons"}]
    }
]