﻿[
    {
        "file": "game:itemtypes/resource/ore-graded.json",
        "op": "addmerge",
        "path": "/crushingPropsByType",
        "value": {
            "ore-poor-azurite-*": {
                "crushedStack": {
                    "type": "item",
                    "code": "nugget-azurite",
                    "stacksize": 5
                },
                "hardnessTier": 2
            },
            "ore-medium-azurite-*": {
                "crushedStack": {
                    "type": "item",
                    "code": "nugget-azurite",
                    "stacksize": 6
                },
                "hardnessTier": 2
            },
            "ore-rich-azurite-*": {
                "crushedStack": {
                    "type": "item",
                    "code": "nugget-azurite",
                    "stacksize": 7
                },
                "hardnessTier": 2
            },
            "ore-bountiful-azurite-*": {
                "crushedStack": {
                    "type": "item",
                    "code": "nugget-azurite",
                    "stacksize": 9
                },
                "hardnessTier": 2
            },
            "ore-poor-cerussite-*": {
                "crushedStack": {
                    "type": "item",
                    "code": "nugget-cerussite",
                    "stacksize": 5
                },
                "hardnessTier": 2
            },
            "ore-medium-cerussite-*": {
                "crushedStack": {
                    "type": "item",
                    "code": "nugget-cerussite",
                    "stacksize": 6
                },
                "hardnessTier": 2
            },
            "ore-rich-cerussite-*": {
                "crushedStack": {
                    "type": "item",
                    "code": "nugget-cerussite",
                    "stacksize": 7
                },
                "hardnessTier": 2
            },
            "ore-bountiful-cerussite-*": {
                "crushedStack": {
                    "type": "item",
                    "code": "nugget-cerussite",
                    "stacksize": 9
                },
                "hardnessTier": 2
            },
            "ore-poor-chalcocite-*": {
                "crushedStack": {
                    "type": "item",
                    "code": "nugget-chalcocite",
                    "stacksize": 5
                },
                "hardnessTier": 2
            },
            "ore-medium-chalcocite-*": {
                "crushedStack": {
                    "type": "item",
                    "code": "nugget-chalcocite",
                    "stacksize": 6
                },
                "hardnessTier": 2
            },
            "ore-rich-chalcocite-*": {
                "crushedStack": {
                    "type": "item",
                    "code": "nugget-chalcocite",
                    "stacksize": 7
                },
                "hardnessTier": 2
            },
            "ore-bountiful-chalcocite-*": {
                "crushedStack": {
                    "type": "item",
                    "code": "nugget-chalcocite",
                    "stacksize": 9
                },
                "hardnessTier": 2
            },
            "ore-poor-chalcopyrite-*": {
                "crushedStack": {
                    "type": "item",
                    "code": "nugget-chalcopyrite",
                    "stacksize": 5
                },
                "hardnessTier": 2
            },
            "ore-medium-chalcopyrite-*": {
                "crushedStack": {
                    "type": "item",
                    "code": "nugget-chalcopyrite",
                    "stacksize": 6
                },
                "hardnessTier": 2
            },
            "ore-rich-chalcopyrite-*": {
                "crushedStack": {
                    "type": "item",
                    "code": "nugget-chalcopyrite",
                    "stacksize": 7
                },
                "hardnessTier": 2
            },
            "ore-bountiful-chalcopyrite-*": {
                "crushedStack": {
                    "type": "item",
                    "code": "nugget-chalcopyrite",
                    "stacksize": 9
                },
                "hardnessTier": 2
            },
            "ore-poor-franckeite-*": {
                "crushedStack": {
                    "type": "item",
                    "code": "nugget-franckeite",
                    "stacksize": 5
                },
                "hardnessTier": 2
            },
            "ore-medium-franckeite-*": {
                "crushedStack": {
                    "type": "item",
                    "code": "nugget-franckeite",
                    "stacksize": 6
                },
                "hardnessTier": 2
            },
            "ore-rich-franckeite-*": {
                "crushedStack": {
                    "type": "item",
                    "code": "nugget-franckeite",
                    "stacksize": 7
                },
                "hardnessTier": 2
            },
            "ore-bountiful-franckeite-*": {
                "crushedStack": {
                    "type": "item",
                    "code": "nugget-franckeite",
                    "stacksize": 9
                },
                "hardnessTier": 2
            },
            "ore-poor-freibergite-*": {
                "crushedStack": {
                    "type": "item",
                    "code": "nugget-freibergite",
                    "stacksize": 5
                },
                "hardnessTier": 2
            },
            "ore-medium-freibergite-*": {
                "crushedStack": {
                    "type": "item",
                    "code": "nugget-freibergite",
                    "stacksize": 6
                },
                "hardnessTier": 2
            },
            "ore-rich-freibergite-*": {
                "crushedStack": {
                    "type": "item",
                    "code": "nugget-freibergite",
                    "stacksize": 7
                },
                "hardnessTier": 2
            },
            "ore-bountiful-freibergite-*": {
                "crushedStack": {
                    "type": "item",
                    "code": "nugget-freibergite",
                    "stacksize": 9
                },
                "hardnessTier": 2
            },
            "ore-poor-hemimorphite-*": {
                "crushedStack": {
                    "type": "item",
                    "code": "nugget-hemimorphite",
                    "stacksize": 5
                },
                "hardnessTier": 2
            },
            "ore-medium-hemimorphite-*": {
                "crushedStack": {
                    "type": "item",
                    "code": "nugget-hemimorphite",
                    "stacksize": 6
                },
                "hardnessTier": 2
            },
            "ore-rich-hemimorphite-*": {
                "crushedStack": {
                    "type": "item",
                    "code": "nugget-hemimorphite",
                    "stacksize": 7
                },
                "hardnessTier": 2
            },
            "ore-bountiful-hemimorphite-*": {
                "crushedStack": {
                    "type": "item",
                    "code": "nugget-hemimorphite",
                    "stacksize": 9
                },
                "hardnessTier": 2
            },
            "ore-poor-nativeplatinum-*": {
                "crushedStack": {
                    "type": "item",
                    "code": "nugget-nativeplatinum",
                    "stacksize": 5
                },
                "hardnessTier": 3
            },
            "ore-medium-nativeplatinum-*": {
                "crushedStack": {
                    "type": "item",
                    "code": "nugget-nativeplatinum",
                    "stacksize": 6
                },
                "hardnessTier": 3
            },
            "ore-rich-nativeplatinum-*": {
                "crushedStack": {
                    "type": "item",
                    "code": "nugget-nativeplatinum",
                    "stacksize": 7
                },
                "hardnessTier": 3
            },
            "ore-bountiful-nativeplatinum-*": {
                "crushedStack": {
                    "type": "item",
                    "code": "nugget-nativeplatinum",
                    "stacksize": 9
                },
                "hardnessTier": 3
            },
            "ore-poor-pyrite-*": {
                "crushedStack": {
                    "type": "item",
                    "code": "nugget-pyrite",
                    "stacksize": 6
                },
                "hardnessTier": 3
            },
            "ore-medium-pyrite-*": {
                "crushedStack": {
                    "type": "item",
                    "code": "nugget-pyrite",
                    "stacksize": 7
                },
                "hardnessTier": 3
            },
            "ore-rich-pyrite-*": {
                "crushedStack": {
                    "type": "item",
                    "code": "nugget-pyrite",
                    "stacksize": 8
                },
                "hardnessTier": 3
            },
            "ore-bountiful-pyrite-*": {
                "crushedStack": {
                    "type": "item",
                    "code": "nugget-pyrite",
                    "stacksize": 10
                },
                "hardnessTier": 3
            },
            "ore-poor-smithsonite-*": {
                "crushedStack": {
                    "type": "item",
                    "code": "nugget-smithsonite",
                    "stacksize": 5
                },
                "hardnessTier": 2
            },
            "ore-medium-smithsonite-*": {
                "crushedStack": {
                    "type": "item",
                    "code": "nugget-smithsonite",
                    "stacksize": 6
                },
                "hardnessTier": 2
            },
            "ore-rich-smithsonite-*": {
                "crushedStack": {
                    "type": "item",
                    "code": "nugget-smithsonite",
                    "stacksize": 7
                },
                "hardnessTier": 2
            },
            "ore-bountiful-smithsonite-*": {
                "crushedStack": {
                    "type": "item",
                    "code": "nugget-smithsonite",
                    "stacksize": 9
                },
                "hardnessTier": 2
            },
            "ore-poor-sperrylite-*": {
                "crushedStack": {
                    "type": "item",
                    "code": "nugget-sperrylite",
                    "stacksize": 5
                },
                "hardnessTier": 3
            },
            "ore-medium-sperrylite-*": {
                "crushedStack": {
                    "type": "item",
                    "code": "nugget-sperrylite",
                    "stacksize": 6
                },
                "hardnessTier": 3
            },
            "ore-rich-sperrylite-*": {
                "crushedStack": {
                    "type": "item",
                    "code": "nugget-sperrylite",
                    "stacksize": 7
                },
                "hardnessTier": 3
            },
            "ore-bountiful-sperrylite-*": {
                "crushedStack": {
                    "type": "item",
                    "code": "nugget-sperrylite",
                    "stacksize": 9
                },
                "hardnessTier": 3
            },
            "ore-poor-teallite-*": {
                "crushedStack": {
                    "type": "item",
                    "code": "nugget-teallite",
                    "stacksize": 5
                },
                "hardnessTier": 2
            },
            "ore-medium-teallite-*": {
                "crushedStack": {
                    "type": "item",
                    "code": "nugget-teallite",
                    "stacksize": 6
                },
                "hardnessTier": 2
            },
            "ore-rich-teallite-*": {
                "crushedStack": {
                    "type": "item",
                    "code": "nugget-teallite",
                    "stacksize": 7
                },
                "hardnessTier": 2
            },
            "ore-bountiful-teallite-*": {
                "crushedStack": {
                    "type": "item",
                    "code": "nugget-teallite",
                    "stacksize": 9
                },
                "hardnessTier": 2
            },
            "ore-poor-tetrahedrite-*": {
                "crushedStack": {
                    "type": "item",
                    "code": "nugget-tetrahedrite",
                    "stacksize": 5
                },
                "hardnessTier": 2
            },
            "ore-medium-tetrahedrite-*": {
                "crushedStack": {
                    "type": "item",
                    "code": "nugget-tetrahedrite",
                    "stacksize": 6
                },
                "hardnessTier": 2
            },
            "ore-rich-tetrahedrite-*": {
                "crushedStack": {
                    "type": "item",
                    "code": "nugget-tetrahedrite",
                    "stacksize": 7
                },
                "hardnessTier": 2
            },
            "ore-bountiful-tetrahedrite-*": {
                "crushedStack": {
                    "type": "item",
                    "code": "nugget-tetrahedrite",
                    "stacksize": 9
                },
                "hardnessTier": 2
            },
            "ore-poor-vanadinite-*": {
                "crushedStack": {
                    "type": "item",
                    "code": "nugget-vanadinite",
                    "stacksize": 5
                },
                "hardnessTier": 2
            },
            "ore-medium-vanadinite-*": {
                "crushedStack": {
                    "type": "item",
                    "code": "nugget-vanadinite",
                    "stacksize": 6
                },
                "hardnessTier": 2
            },
            "ore-rich-vanadinite-*": {
                "crushedStack": {
                    "type": "item",
                    "code": "nugget-vanadinite",
                    "stacksize": 7
                },
                "hardnessTier": 2
            },
            "ore-bountiful-vanadinite-*": {
                "crushedStack": {
                    "type": "item",
                    "code": "nugget-vanadinite",
                    "stacksize": 9
                },
                "hardnessTier": 2
            },
            "ore-poor-wulfenite-*": {
                "crushedStack": {
                    "type": "item",
                    "code": "nugget-wulfenite",
                    "stacksize": 5
                },
                "hardnessTier": 2
            },
            "ore-medium-wulfenite-*": {
                "crushedStack": {
                    "type": "item",
                    "code": "nugget-wulfenite",
                    "stacksize": 6
                },
                "hardnessTier": 2
            },
            "ore-rich-wulfenite-*": {
                "crushedStack": {
                    "type": "item",
                    "code": "nugget-wulfenite",
                    "stacksize": 7
                },
                "hardnessTier": 2
            },
            "ore-bountiful-wulfenite-*": {
                "crushedStack": {
                    "type": "item",
                    "code": "nugget-wulfenite",
                    "stacksize": 9
                },
                "hardnessTier": 2
            }
        },
		"dependsOn": [{"modid": "geoaddons"}]
	}
]