{
  "code": "headmount",
	"maxstacksize": 4,
  "variantgroups": [
    {"code": "type","states": [ "baby","female","male" ]},
    {"code": "species","states": [ "sarcophilusharrisii","sarcophiluslaniarius"]}
  ],
  "attributes": {
    "handbook": {
      "groupBy": [ "headmount-*" ]
    },
		"antlerMountableByType": {
			"*": true
		},
		"onAntlerMountTransformByType": {
			"*-baby-sarcophilusharrisii": {"translation": { "x": -0.9, "y": 0, "z": 0 },"rotation": { "x": 0, "y": 180, "z": 0 },"origin": { "x": 1, "y": 0.5, "z": 0.5 },"scale": 1},"*-male-sarcophilusharrisii": {"translation": { "x": -0.9, "y": 0, "z": 0 },"rotation": { "x": 0, "y": 180, "z": 0 },"origin": { "x": 1, "y": 0.5, "z": 0.5 },"scale": 1},"*-female-sarcophilusharrisii": {"translation": { "x": -0.9, "y": 0, "z": 0 },"rotation": { "x": 0, "y": 180, "z": 0 },"origin": { "x": 1, "y": 0.5, "z": 0.5 },"scale": 0.8},
			"*-baby-sarcophiluslaniarius": {"translation": { "x": -0.9, "y": 0, "z": 0 },"rotation": { "x": 0, "y": 180, "z": 0 },"origin": { "x": 1, "y": 0.5, "z": 0.5 },"scale": 1.1},"*-male-sarcophiluslaniarius": {"translation": { "x": -0.9, "y": 0, "z": 0 },"rotation": { "x": 0, "y": 180, "z": 0 },"origin": { "x": 1, "y": 0.5, "z": 0.5 },"scale": 1.15},"*-female-sarcophiluslaniarius": {"translation": { "x": -0.9, "y": 0, "z": 0 },"rotation": { "x": 0, "y": 180, "z": 0 },"origin": { "x": 1, "y": 0.5, "z": 0.5 },"scale": 0.9},
			"*": {"translation": { "x": -0.9, "y": 0, "z": 0 },"rotation": { "x": 0, "y": 180, "z": 0 },"origin": { "x": 1, "y": 0.65, "z": 0.5 },"scale": 1.0}			
		}
  },
  "shapebytype": {
    "*-baby-*": {"base": "item/dasyuridae/{species}/headmount-{type}"},
    "*": {"base": "item/dasyuridae/{species}/headmount-male"}
  },
  "creativeinventory": {"general": [ "*" ], "decorative": [ "*" ]
  },
  "texturesByType": {
    "*-baby-*": {"skin": {"base": "entity/dasyuridae/{species}-baby"}},
    "*": {"skin": {"base": "entity/dasyuridae/{species}-adult"}}
  },
  "combustibleProps": {
    "burnTemperature": 400,
    "burnDuration": 10
  },
  "sounds": {
    "place": "game:block/cloth",
    "walk": "game:walk/cloth"
  },
  "guiTransformByType": {
    "*": {
     "translation": {"x": 0,"y": 3,"z": 0},
    "rotation": {"x": 0,"y": -60,"z": 180},
    "origin": {"x": 1.0,"y": 0.5,"z": 0.5},
    "scale": 2.5
      }
  },
  "groundTransform": {
    "translation": {"x": 0.5,"y": 0,"z": 0},
    "rotation": {"x": 0,"y": 135,"z": 0},
    "origin": {"x": 0.5,"y": -0.02,"z": 0.5},
    "scale": 1
  },
  "tpHandTransform": {
    "translation": {"x": -0.55,"y": -0.6,"z": -0.15},
    "rotation": {"x": 0,"y": 0,"z": 0},
    "origin": {"x": 0.5,"y": 0.5,"z": 0.1},
    "scale": 1.0
  },
  "fpHandTransform": {
    "rotation": {"x": 0,"y": 0,"z": 0},
    "origin": {"x": 0.5,"y": -1,"z": 1.5}
  },
  "materialDensity": 200
}