[
{
	ingredientPattern: "L	H",
	ingredients: {
		"L": { type: "item", code: "truechisel-*", quantity: 1, "isTool": true },
		"H": { type: "item", code: "game:nightvisiondevice", quantity: 1 }
	},
	width: 1,
	height: 2,
	name: "Projector from True Chisel",
	output: { type: "block", code: "chiselprojector-chiseled"  }
},
{
	ingredientPattern: "L	H",
	ingredients: {
		"L": { type: "item", code: "game:chisel-*", quantity: 1, "isTool": true },
		"H": { type: "item", code: "game:nightvisiondevice", quantity: 1 }
	},
	width: 1,
	height: 2,
	name: "Projector from Chisel",
	output: { type: "block", code: "chiselprojector-chiseled"  }
}


]
