{
	"editor": {
		"allAngles": false,
		"entityTextureMode": false
	},
	"textureWidth": 8,
	"textureHeight": 16,
	"textureSizes": {
		"trunk": [8,16]
	},
	"textures": {
	},
	"elements": [
		{
			"name": "origin",
			"from": [ 8.0, 0.0, 8.0 ],
			"to": [ 8.0, 0.0, 8.0 ],
			"rotationOrigin": [ 8.0, 0.0, 8.0 ],
			"faces": {
			},
			"children": [
				{
					"name": "trunk",
					"from": [ -1.0, 0.0, -1.0 ],
					"to": [ 1.0, 16.0, 1.0 ],
					"rotationOrigin": [ -1.0, 0.0, -1.0 ],
					"faces": {
						"north": { "texture": "#trunk", "uv": [ 4.0, 0.0, 6.0, 16.0 ] },
						"east": { "texture": "#trunk", "uv": [ 4.0, 0.0, 6.0, 16.0 ] },
						"south": { "texture": "#trunk", "uv": [ 4.0, 0.0, 6.0, 16.0 ], "windMode": [-1,-1,-1,-1], "windData": [0,0,1,1] },
						"west": { "texture": "#trunk", "uv": [ 4.0, 0.0, 6.0, 16.0 ], "windMode": [-1,-1,-1,-1], "windData": [0,0,1,1] },
						"up": { "texture": "#trunk", "uv": [ 1.0, 5.0, 3.0, 7.0 ], "windMode": [-1,-1,-1,-1], "windData": [1,1,1,1] },
						"down": { "texture": "#trunk", "uv": [ 1.0, 5.0, 3.0, 7.0 ], "windMode": [-1,-1,-1,-1] }
					}
				}
			]
		}
	]}