[
	{
		"dependsOn": [
			{ "modid": "geoaddons" }
		],
		"side": "Server",
		"file": "interestingoregen:worldgen/deposits/metalore/ilmenite.json",
		"op": "addeach",
		"path": "/0/attributes/inblock/allowedVariants/-",
		"value": [
			"gneiss",
			"schist",
			"rhyolite",
			"diorite",
			"gabbro"
		]
	},
	{
		"dependsOn": [
			{ "modid": "geoaddons" }
		],
		"side": "Server",
		"file": "interestingoregen:worldgen/deposits/metalore/ilmenite.json",
		"op": "add",
		"path": "/0/attributes/placeblock/allowedVariantsByInBlock/rock-gneiss",
		"value": [
			"poor",
			"medium",
			"rich",
			"bountiful"
		]
	},
	{
		"dependsOn": [
			{ "modid": "geoaddons" }
		],
		"side": "Server",
		"file": "interestingoregen:worldgen/deposits/metalore/ilmenite.json",
		"op": "add",
		"path": "/0/attributes/placeblock/allowedVariantsByInBlock/rock-schist",
		"value": [
			"poor",
			"medium",
			"rich"
		]
	},
	{
		"dependsOn": [
			{ "modid": "geoaddons" }
		],
		"side": "Server",
		"file": "interestingoregen:worldgen/deposits/metalore/ilmenite.json",
		"op": "add",
		"path": "/0/attributes/placeblock/allowedVariantsByInBlock/rock-rhyolite",
		"value": [
			"poor",
			"medium"
		]
	},
	{
		"dependsOn": [
			{ "modid": "geoaddons" }
		],
		"side": "Server",
		"file": "interestingoregen:worldgen/deposits/metalore/ilmenite.json",
		"op": "add",
		"path": "/0/attributes/placeblock/allowedVariantsByInBlock/rock-diorite",
		"value": [
			"poor",
			"medium"
		]
	},
	{
		"dependsOn": [
			{ "modid": "geoaddons" }
		],
		"side": "Server",
		"file": "interestingoregen:worldgen/deposits/metalore/ilmenite.json",
		"op": "add",
		"path": "/0/attributes/placeblock/allowedVariantsByInBlock/rock-gabbro",
		"value": [
			"poor",
			"medium"
		]
	},
	{
		"dependsOn": [
			{ "modid": "geoaddons" }
		],
		"side": "Server",
		"file": "interestingoregen:worldgen/deposits/metalore/ilmenite.json",
		"op": "addeach",
		"path": "/1/attributes/inblock/allowedVariants/-",
		"value": [
			"gneiss",
			"schist",
			"rhyolite",
			"diorite",
			"gabbro"
		]
	},
	{
		"dependsOn": [
			{ "modid": "geoaddons" }
		],
		"side": "Server",
		"file": "interestingoregen:worldgen/deposits/metalore/ilmenite.json",
		"op": "add",
		"path": "/1/attributes/placeblock/allowedVariantsByInBlock/rock-gneiss",
		"value": [
			"poor",
			"medium",
			"rich",
			"bountiful"
		]
	},
	{
		"dependsOn": [
			{ "modid": "geoaddons" }
		],
		"side": "Server",
		"file": "interestingoregen:worldgen/deposits/metalore/ilmenite.json",
		"op": "add",
		"path": "/1/attributes/placeblock/allowedVariantsByInBlock/rock-schist",
		"value": [
			"poor",
			"medium",
			"rich"
		]
	},
	{
		"dependsOn": [
			{ "modid": "geoaddons" }
		],
		"side": "Server",
		"file": "interestingoregen:worldgen/deposits/metalore/ilmenite.json",
		"op": "add",
		"path": "/1/attributes/placeblock/allowedVariantsByInBlock/rock-rhyolite",
		"value": [
			"poor",
			"medium"
		]
	},
	{
		"dependsOn": [
			{ "modid": "geoaddons" }
		],
		"side": "Server",
		"file": "interestingoregen:worldgen/deposits/metalore/ilmenite.json",
		"op": "add",
		"path": "/1/attributes/placeblock/allowedVariantsByInBlock/rock-diorite",
		"value": [
			"poor",
			"medium"
		]
	},
	{
		"dependsOn": [
			{ "modid": "geoaddons" }
		],
		"side": "Server",
		"file": "interestingoregen:worldgen/deposits/metalore/ilmenite.json",
		"op": "add",
		"path": "/1/attributes/placeblock/allowedVariantsByInBlock/rock-gabbro",
		"value": [
			"poor",
			"medium"
		]
	},
]