[
	{
		"dependsOn": [
			{ "modid": "geoaddons" }
		],
		"side": "Server",
		"file": "interestingoregen:worldgen/deposits/metalore/rhodochrosite.json",
		"op": "addeach",
		"path": "/0/attributes/inblock/allowedVariants/-",
		"value": [
			"dolostone",
			"siltstone",
			"mudstone"
		]
	},
	{
		"dependsOn": [
			{ "modid": "geoaddons" }
		],
		"side": "Server",
		"file": "interestingoregen:worldgen/deposits/metalore/rhodochrosite.json",
		"op": "add",
		"path": "/0/attributes/placeblock/allowedVariantsByInBlock/rock-dolostone",
		"value": [
			"poor",
			"medium"
		]
	},
	{
		"dependsOn": [
			{ "modid": "geoaddons" }
		],
		"side": "Server",
		"file": "interestingoregen:worldgen/deposits/metalore/rhodochrosite.json",
		"op": "add",
		"path": "/0/attributes/placeblock/allowedVariantsByInBlock/rock-siltstone",
		"value": [
			"poor",
			"medium"
		]
	},
	{
		"dependsOn": [
			{ "modid": "geoaddons" }
		],
		"side": "Server",
		"file": "interestingoregen:worldgen/deposits/metalore/rhodochrosite.json",
		"op": "add",
		"path": "/0/attributes/placeblock/allowedVariantsByInBlock/rock-mudstone",
		"value": [
			"poor",
			"medium"
		]
	},
	{
		"dependsOn": [
			{ "modid": "geoaddons" }
		],
		"side": "Server",
		"file": "interestingoregen:worldgen/deposits/metalore/rhodochrosite.json",
		"op": "add",
		"path": "/0/attributes/subdeposit/allowedVariantsByInBlock/rock-dolostone",
		"value": [
			"poor",
			"medium",
			"rich"
		]
	},
	{
		"dependsOn": [
			{ "modid": "geoaddons" }
		],
		"side": "Server",
		"file": "interestingoregen:worldgen/deposits/metalore/rhodochrosite.json",
		"op": "add",
		"path": "/0/attributes/subdeposit/allowedVariantsByInBlock/rock-siltstone",
		"value": [
			"poor",
			"medium",
			"rich"
		]
	},
	{
		"dependsOn": [
			{ "modid": "geoaddons" }
		],
		"side": "Server",
		"file": "interestingoregen:worldgen/deposits/metalore/rhodochrosite.json",
		"op": "add",
		"path": "/0/attributes/subdeposit/allowedVariantsByInBlock/rock-mudstone",
		"value": [
			"poor",
			"medium"
		]
	},
]