﻿[
    // Thylacinidae
    {
        "side": "server",
        "file": "thylacinidae:entities/land/dasyuridae-adult",
        "op": "add",
        "path": "/server/behaviors/-",
        "value": {
            "code": "EntityFootprintsBehaviorSync",
            "attributes": {
                "texture": "dasyuridae",
                "stepDistance": 0.25
            }
        }
    },
    {
        "side": "server",
        "file": "thylacinidae:entities/land/dasyuridae-adult",
        "op": "add",
        "path": "/client/behaviors/-",
        "value": {
            "code": "EntityFootprintsBehavior",
            "attributes": {
                "texture": "dasyuridae",
                "stepDistance": 0.25
            }
        }
    },
    {
        "side": "server",
        "file": "thylacinidae:entities/land/dasyuridae-baby",
        "op": "add",
        "path": "/server/behaviors/-",
        "value": {
            "code": "EntityFootprintsBehaviorSync",
            "attributes": {
                "texture": "dasyuridae",
                "stepDistance": 0.25
            }
        }
    },
    {
        "side": "server",
        "file": "thylacinidae:entities/land/dasyuridae-baby",
        "op": "add",
        "path": "/client/behaviors/-",
        "value": {
            "code": "EntityFootprintsBehavior",
            "attributes": {
                "texture": "dasyuridae",
                "stepDistance": 0.25
            }
        }
    }
]