﻿{
	"code": "unfinishedrope",
	"class": "immersiverope:BlockUnfinishedRope",
	"entityClass": "immersiverope:BEUnfinishedRope",
	"attributes": {},
	"behaviors": [],
	"variantgroups": [
		{
			"code": "rock",
			"loadFromProperties": "game:block/rockwithdeposit"
		}
	],
	"replaceable": 4000,
	"shape": {
		"base": "immersiverope:rope_32_sections"
	},
	"resistance": 0.15,
	"textures": {
		"rock": { "base": "game:block/stone/rock/{rock}1" }
	},
	"rainPermeable": true,
	"sidesolid": { "all": false },
	"sideopaque": { "all": false },
	"lightAbsorption": 0,
	"selectionBox": {
		"x1": 0.0625,
		"y1": 0,
		"z1": 0.0625,
		"x2": 0.9375,
		"y2": 0.125,
		"z2": 0.9375
	},
	"collisionbox": null
}
