[
	{
		"dependsOn": [
			{ "modid": "geoaddons" }
		],
		"side": "Server",
		"file": "interestingoregen:worldgen/deposits/metalore/azurite.json",
		"op": "addmerge",
		"path": "/-",
		"value": {
			"code": "azurite",
			"enabled": false,
			"triesPerChunk": 0.01, //10
			"withOreMap": true,
			"handbookPageCode": "item-nugget-azurite",
			"generator": "iog-gen",
			"attributes": {
				"inblock": {
					"veintype": "hydrotube",
					"code": "rock-*",
					"name": "rock",
					"allowedVariants": [
						"limestone",
						"dolostone"
					]
				},
				"placeblock": {
					"code": "ore-*-azurite-{rock}",
					"name": "grade",
					"allowedVariantsByInBlock": {
						"rock-limestone": [
							"poor",
							"medium",
							"rich",
							"bountiful"
						],
						"rock-dolostone": [
							"poor",
							"medium",
							"rich",
							"bountiful"
						]
					}
				},
				"radius": {
					"dist": "uniform",
					"avg": 12,
					"var": 6
				},
				"yPosRel": {
					"dist": "uniform",
					"avg": 0.45,
					"var": 0.4
				},
				"thickness": {
					"dist": "uniform",
					"avg": 10,
					"var": 5
				},
				"branchCount": {
					"dist": "uniform",
					"avg": 12,
					"var": 6
				},
				"branchLength": {
					"dist": "uniform",
					"avg": 256,
					"var": 64
				},
				"OreSpongePercent": 0.3
			}
		}
	},
]