[
	{
		"dependsOn": [
			{ "modid": "geoaddons" }
		],
		"side": "Server",
		"file": "interestingoregen:worldgen/deposits/metalore/cerussite.json",
		"op": "addmerge",
		"path": "/-",
		"value": {
			"code": "cerussite",
			"enabled": false,
			"triesPerChunk": 0.01, //10
			"withOreMap": true,
			"handbookPageCode": "item-nugget-cerussite",
			"generator": "iog-gen",
			"attributes": {
				"inblock": {
					"veintype": "hydrotube",
					"code": "rock-*",
					"name": "rock",
					"allowedVariants": [
						"claystone",
						"sandstone",
						"shale",
						"chalk",
						"limestone",
						"chert",
						"conglomerate",
						"andesite",
						"granite",
						"basalt",
						"peridotite",
						"rhyolite",
						"diorite",
						"gabbro",
						"mudstone",
						"dolostone",
						"siltstone"
					]
				},
				"placeblock": {
					"code": "ore-*-cerussite-{rock}",
					"name": "grade",
					"allowedVariantsByInBlock": {
						"rock-claystone": [
							"poor",
							"medium",
							"rich"
						],
						"rock-sandstone": [
							"poor",
							"medium",
							"rich"
						],
						"rock-shale": [
							"poor",
							"medium",
							"rich",
							"bountiful"
						],
						"rock-chalk": [
							"poor",
							"medium"
						],
						"rock-limestone": [
							"poor",
							"medium"
						],
						"rock-chert": [
							"poor",
							"medium",
							"rich",
							"bountiful"
						],
						"rock-conglomerate": [
							"poor",
							"medium"
						],
						"rock-andesite": [
							"poor",
							"medium",
							"rich"
						],
						"rock-granite": [
							"poor",
							"medium",
							"rich",
							"bountiful"
						],
						"rock-basalt": [
							"poor",
							"medium"
						],
						"rock-peridotite": [
							"poor",
							"medium"
						],
						"rock-rhyolite": [
							"poor",
							"medium",
							"rich",
							"bountiful"
						],
						"rock-diorite": [
							"poor",
							"medium",
							"rich"
						],
						"rock-gabbro": [
							"poor",
							"medium"
						],
						"rock-mudstone": [
							"poor",
							"medium",
							"rich"
						],
						"rock-dolostone": [
							"poor",
							"medium"
						],
						"rock-siltstone": [
							"poor",
							"medium",
							"rich"
						]
					}
				},
				"radius": {
					"dist": "uniform",
					"avg": 12,
					"var": 6
				},
				"yPosRel": {
					"dist": "uniform",
					"avg": 0.45,
					"var": 0.4
				},
				"thickness": {
					"dist": "uniform",
					"avg": 10,
					"var": 5
				},
				"branchCount": {
					"dist": "uniform",
					"avg": 12,
					"var": 6
				},
				"branchLength": {
					"dist": "uniform",
					"avg": 256,
					"var": 64
				},
				"OreSpongePercent": 0.3
			}
		}
	},
]