[
	{
		"dependsOn": [
			{ "modid": "geoaddons" }
		],
		"side": "Server",
		"file": "interestingoregen:worldgen/deposits/metalore/chalcocite.json",
		"op": "addmerge",
		"path": "/-",
		"value": {
			"code": "chalcocite",
			"enabled": false,
			"triesPerChunk": 0.001, // 8
			"withOreMap": true,
			"handbookPageCode": "item-nugget-chalcocite",
			"generator": "iog-gen",
			"attributes": {
				"inblock": {
					"veintype": "hydrotube",
					"code": "rock-*",
					"name": "rock",
					"allowedVariants": [
						"limestone",
						"shale",
						"claystone",
						"sandstone",
						"chalk",
						"chert",
						"conglomerate",
						"mudstone",
						"siltstone",
						"dolostone"
					]
				},
				"placeblock": {
					"code": "ore-*-chalcocite-{rock}",
					"name": "grade",
					"allowedVariantsByInBlock": {
						"rock-limestone": [
							"poor",
							"medium",
							"rich",
							"bountiful"
						],
						"rock-shale": [
							"poor",
							"medium",
							"rich"
						],
						"rock-claystone": [
							"poor",
							"medium",
							"rich"
						],
						"rock-sandstone": [
							"poor",
							"medium",
							"rich"
						],
						"rock-chalk": [
							"poor",
							"medium",
							"rich"
						],
						"rock-chert": [
							"poor",
							"medium",
							"rich"
						],
						"rock-conglomerate": [
							"poor",
							"medium",
							"rich"
						],
						"rock-dolostone": [
							"poor",
							"medium",
							"rich",
							"bountiful"
						],
						"rock-mudstone": [
							"poor",
							"medium",
							"rich"
						],
						"rock-siltstone": [
							"poor",
							"medium",
							"rich"
						]
					}
				},
				"radius": {
					"dist": "uniform",
					"avg": 12,
					"var": 6
				},
				"yPosRel": {
					"dist": "uniform",
					"avg": 0.7,
					"var": 0.5
				},
				"thickness": {
					"dist": "uniform",
					"avg": 10,
					"var": 5
				},
				"branchCount": {
					"dist": "uniform",
					"avg": 12,
					"var": 6
				},
				"branchLength": {
					"dist": "uniform",
					"avg": 128,
					"var": 32
				},
				"OreSpongePercent": 0.3
			}
		}
	},
]