[
	{
		"dependsOn": [
			{ "modid": "geoaddons" }
		],
		"side": "Server",
		"file": "interestingoregen:worldgen/deposits/metalore/pyrite.json",
		"op": "addmerge",
		"path": "/-",
		"value": {
			"code": "pyrite",
			"enabled": false,
			"triesPerChunk": 0.0005, //3
			"withOreMap": true,
			"handbookPageCode": "item-nugget-pyrite",
			"generator": "iog-gen",
			"attributes": {
				"inblock": {
					"veintype": "fault",
					"code": "rock-*",
					"name": "rock",
					"allowedVariants": [
						"limestone",
						"dolostone",
						"chalk",
						"rhyolite",
						"granite",
						"andesite",
						"diorite",
						"basalt",
						"gabbro",
						"phyllite",
						"schist",
						"amphibolite",
						"claystone",
						"mudstone",
						"quartzite",
						"chert"
					]
				},
				"placeblock": {
					"code": "ore-*-pyrite-{rock}",
					"name": "grade",
					"allowedVariantsByInBlock": {
						"rock-limestone": [
							"poor",
							"medium",
							"rich",
							"bountiful"
						],
						"rock-dolostone": [
							"poor",
							"medium",
							"rich",
							"bountiful"
						],
						"rock-chalk": [
							"poor",
							"medium",
							"rich",
							"bountiful"
						],
						"rock-rhyolite": [
							"poor",
							"medium",
							"rich"
						],
						"rock-granite": [
							"poor",
							"medium",
							"rich"
						],
						"rock-andesite": [
							"poor",
							"medium",
							"rich"
						],
						"rock-diorite": [
							"poor",
							"medium",
							"rich"
						],
						"rock-basalt": [
							"poor",
							"medium"
						],
						"rock-gabbro": [
							"poor",
							"medium"
						],
						"rock-phyllite": [
							"poor",
							"medium"
						],
						"rock-schist": [
							"poor"
						],
						"rock-amphibolite": [
							"poor"
						],
						"rock-claystone": [
							"poor",
							"medium"
						],
						"rock-mudstone": [
							"poor",
							"medium"
						],
						"rock-quartzite": [
							"poor",
							"medium"
						],
						"rock-chert": [
							"poor",
							"medium"
						]
					}
				},
				"radius": {
					"dist": "uniform",
					"avg": 48,
					"var": 16
				},
				"yPosRel": {
					"dist": "uniform",
					"avg": 0.45,
					"var": 0.4
				},
				"thickness": {
					"dist": "uniform",
					"avg": 3,
					"var": 3
				},
				"branchCount": {
					"dist": "uniform",
					"avg": 10,
					"var": 10
				},
				"branchLength": {
					"dist": "uniform",
					"avg": 3,
					"var": 2
				},
				"OreSpongePercent": 0.6
			}
		}
	},
]