{
	"editor": {
		"backDropShape": "game:entity/humanoid/seraph",
		"allAngles": true,
		"entityTextureMode": false
	},
	"textureWidth": 8,
	"textureHeight": 8,
	"textureSizes": {
	},
	"textures": {
		"reedrope": "game:block/cloth/ropedcloth",
		"eucalyptuscamaldulensis": "item/resource/seeds/eucalyptuscamaldulensis"
	},
	"elements": [
		{
			"name": "hideme",
			"stepParentName": "UpperTorso",
			"from": [ 2.0, 5.0, 3.0 ],
			"to": [ 2.0, 5.0, 3.0 ],
			"rotationOrigin": [ 2.0, 5.0, 3.0 ],
			"faces": {
			},
			"children": [
				{
					"name": "string back",
					"from": [ 2.2, 0.2, -1.4 ],
					"to": [ 2.4, 0.4, 1.6 ],
					"rotationOrigin": [ 2.3, 0.3, 0.1 ],
					"rotationZ": 45.0,
					"faces": {
						"north": { "texture": "#reedrope", "uv": [ 0.0, 0.0, 0.25, 0.25 ] },
						"east": { "texture": "#reedrope", "uv": [ 0.0, 0.0, 3.0, 0.25 ] },
						"south": { "texture": "#reedrope", "uv": [ 0.0, 0.0, 0.25, 0.25 ] },
						"west": { "texture": "#reedrope", "uv": [ 0.0, 0.0, 3.0, 0.25 ] },
						"up": { "texture": "#reedrope", "uv": [ 0.0, 0.0, 0.25, 3.0 ] },
						"down": { "texture": "#reedrope", "uv": [ 0.0, 0.0, 0.25, 3.0 ] }
					}
				},
				{
					"name": "string R2",
					"from": [ -1.0, 0.2, -1.5 ],
					"to": [ 2.3, 0.4, -1.3 ],
					"rotationOrigin": [ 0.4, 0.3, -1.4 ],
					"rotationX": 45.0,
					"faces": {
						"north": { "texture": "#reedrope", "uv": [ 0.0, 0.0, 3.25, 0.25 ] },
						"east": { "texture": "#reedrope", "uv": [ 0.0, 0.0, 0.25, 0.25 ] },
						"south": { "texture": "#reedrope", "uv": [ 0.0, 0.0, 3.25, 0.25 ] },
						"west": { "texture": "#reedrope", "uv": [ 0.0, 0.0, 0.25, 0.25 ] },
						"up": { "texture": "#reedrope", "uv": [ 0.0, 0.0, 3.25, 0.25 ] },
						"down": { "texture": "#reedrope", "uv": [ 0.0, 0.0, 3.25, 0.25 ] }
					}
				},
				{
					"name": "string L2",
					"from": [ -1.0, 0.2, 1.5 ],
					"to": [ 2.3, 0.4, 1.7 ],
					"rotationOrigin": [ 0.4, 0.3, 1.6 ],
					"rotationX": 45.0,
					"faces": {
						"north": { "texture": "#reedrope", "uv": [ 0.0, 0.0, 3.25, 0.25 ] },
						"east": { "texture": "#reedrope", "uv": [ 0.0, 0.0, 0.25, 0.25 ] },
						"south": { "texture": "#reedrope", "uv": [ 0.0, 0.0, 3.25, 0.25 ] },
						"west": { "texture": "#reedrope", "uv": [ 0.0, 0.0, 0.25, 0.25 ] },
						"up": { "texture": "#reedrope", "uv": [ 0.0, 0.0, 3.25, 0.25 ] },
						"down": { "texture": "#reedrope", "uv": [ 0.0, 0.0, 3.25, 0.25 ] }
					}
				},
				{
					"name": "string R3",
					"from": [ -2.3, -0.1, -1.0 ],
					"to": [ -0.8, 0.1, -0.8 ],
					"rotationOrigin": [ -1.8, 0.0, -0.9 ],
					"rotationY": 33.0,
					"rotationZ": 17.0,
					"faces": {
						"north": { "texture": "#reedrope", "uv": [ 0.0, 0.0, 1.5, 0.25 ] },
						"east": { "texture": "#reedrope", "uv": [ 0.0, 0.0, 0.25, 0.25 ] },
						"south": { "texture": "#reedrope", "uv": [ 0.0, 0.0, 1.5, 0.25 ] },
						"west": { "texture": "#reedrope", "uv": [ 0.0, 0.0, 0.25, 0.25 ] },
						"up": { "texture": "#reedrope", "uv": [ 0.0, 0.0, 1.5, 0.25 ] },
						"down": { "texture": "#reedrope", "uv": [ 0.0, 0.0, 1.5, 0.25 ] }
					}
				},
				{
					"name": "string L",
					"from": [ -2.3, -0.1, 1.0 ],
					"to": [ -0.8, 0.1, 1.2 ],
					"rotationOrigin": [ -1.8, 0.0, 1.1 ],
					"rotationY": -33.0,
					"rotationZ": 17.0,
					"faces": {
						"north": { "texture": "#reedrope", "uv": [ 0.0, 0.0, 1.5, 0.25 ] },
						"east": { "texture": "#reedrope", "uv": [ 0.0, 0.0, 0.25, 0.25 ] },
						"south": { "texture": "#reedrope", "uv": [ 0.0, 0.0, 1.5, 0.25 ] },
						"west": { "texture": "#reedrope", "uv": [ 0.0, 0.0, 0.25, 0.25 ] },
						"up": { "texture": "#reedrope", "uv": [ 0.0, 0.0, 1.5, 0.25 ] },
						"down": { "texture": "#reedrope", "uv": [ 0.0, 0.0, 1.5, 0.25 ] }
					}
				},
				{
					"name": "breasts",
					"from": [ -2.0, -2.0, -1.0 ],
					"to": [ -2.0, 0.0, 1.0 ],
					"rotationOrigin": [ -2.0, 0.0, 0.0 ],
					"faces": {
					},
					"children": [
						{
							"name": "seedbase",
							"from": [ -0.8, -1.0, 0.7 ],
							"to": [ 0.0, 0.5, 1.5 ],
							"rotationOrigin": [ -0.4, 0.5, 1.1 ],
							"rotationX": -9.0,
							"rotationY": -45.0,
							"rotationZ": -10.0,
							"faces": {
							},
							"children": [
								{
									"name": "string R1",
									"from": [ 0.2, 1.5, 0.1 ],
									"to": [ 0.4, 3.0, 0.3 ],
									"rotationOrigin": [ 0.3, 1.5, 0.2 ],
									"rotationX": -15.0,
									"rotationZ": 15.0,
									"faces": {
										"north": { "texture": "#reedrope", "uv": [ 0.0, 0.0, 0.25, 1.5 ] },
										"east": { "texture": "#reedrope", "uv": [ 0.0, 0.0, 0.25, 1.5 ] },
										"south": { "texture": "#reedrope", "uv": [ 0.0, 0.0, 0.25, 1.5 ] },
										"west": { "texture": "#reedrope", "uv": [ 0.0, 0.0, 0.25, 1.5 ] }
									}
								},
								{
									"name": "string L1",
									"from": [ 0.5, 1.5, 0.5 ],
									"to": [ 0.7, 3.0, 0.7 ],
									"rotationOrigin": [ 0.6, 1.5, 0.6 ],
									"rotationX": 15.0,
									"rotationZ": -15.0,
									"faces": {
										"north": { "texture": "#reedrope", "uv": [ 0.0, 0.0, 0.25, 1.5 ] },
										"east": { "texture": "#reedrope", "uv": [ 0.0, 0.0, 0.25, 1.5 ] },
										"south": { "texture": "#reedrope", "uv": [ 0.0, 0.0, 0.25, 1.5 ] },
										"west": { "texture": "#reedrope", "uv": [ 0.0, 0.0, 0.25, 1.5 ] }
									}
								},
								{
									"name": "string knot",
									"from": [ 0.2, 1.3, 0.2 ],
									"to": [ 0.6, 1.7, 0.6 ],
									"rotationOrigin": [ 0.3, 1.3, 0.3 ],
									"faces": {
										"north": { "texture": "#reedrope", "uv": [ 0.0, 0.0, 0.5, 0.5 ] },
										"east": { "texture": "#reedrope", "uv": [ 0.0, 0.0, 0.5, 0.5 ] },
										"south": { "texture": "#reedrope", "uv": [ 0.0, 0.0, 0.5, 0.5 ] },
										"west": { "texture": "#reedrope", "uv": [ 0.0, 0.0, 0.5, 0.5 ] },
										"up": { "texture": "#reedrope", "uv": [ 0.0, 0.0, 0.5, 0.5 ], "windMode": [-1,-1,-1,-1] }
									}
								},
								{
									"name": "Stem",
									"from": [ 0.3, 1.4, 0.3 ],
									"to": [ 0.55, 2.4, 0.55 ],
									"rotationOrigin": [ 0.3, 1.4, 0.3 ],
									"rotationX": 180.0,
									"rotationY": 61.0,
									"faces": {
										"north": { "texture": "#eucalyptuscamaldulensis", "uv": [ 0.0, 0.0, 1.0, 4.0 ], "autoUv": false },
										"east": { "texture": "#eucalyptuscamaldulensis", "uv": [ 1.0, 1.5, 2.0, 5.5 ], "autoUv": false },
										"south": { "texture": "#eucalyptuscamaldulensis", "uv": [ 0.5, 3.0, 1.5, 7.0 ], "autoUv": false },
										"west": { "texture": "#eucalyptuscamaldulensis", "uv": [ 0.5, 2.0, 1.5, 6.0 ], "autoUv": false },
										"up": { "texture": "#eucalyptuscamaldulensis", "uv": [ 0.5, 3.0, 1.5, 4.0 ], "autoUv": false },
										"down": { "texture": "#eucalyptuscamaldulensis", "uv": [ 0.0, 0.0, 1.0, 1.0 ], "autoUv": false }
									},
									"children": [
										{
											"name": "seedstem 1",
											"from": [ 0.05, 1.0, 0.05 ],
											"to": [ 0.25, 1.5, 0.25 ],
											"rotationOrigin": [ 0.15, 1.0, 0.15 ],
											"faces": {
												"north": { "texture": "#eucalyptuscamaldulensis", "uv": [ 0.5, 6.0, 1.5, 8.0 ], "autoUv": false },
												"east": { "texture": "#eucalyptuscamaldulensis", "uv": [ 1.0, 4.0, 2.0, 6.0 ], "autoUv": false },
												"south": { "texture": "#eucalyptuscamaldulensis", "uv": [ 0.5, 4.0, 1.5, 6.0 ], "autoUv": false },
												"west": { "texture": "#eucalyptuscamaldulensis", "uv": [ 0.0, 0.0, 1.0, 2.0 ], "autoUv": false },
												"up": { "texture": "#eucalyptuscamaldulensis", "uv": [ 1.0, 3.5, 2.0, 4.5 ], "autoUv": false },
												"down": { "texture": "#eucalyptuscamaldulensis", "uv": [ 0.0, 0.0, 1.0, 1.0 ], "autoUv": false }
											},
											"children": [
												{
													"name": "seedpod 1",
													"from": [ -0.15, 0.35, -0.125 ],
													"to": [ 0.35, 0.7, 0.375 ],
													"rotationOrigin": [ -0.15, 0.35, -0.125 ],
													"rotationX": -25.0,
													"faces": {
														"north": { "texture": "#eucalyptuscamaldulensis", "uv": [ 5.0, 3.5, 7.0, 4.5 ], "rotation": 180, "autoUv": false },
														"east": { "texture": "#eucalyptuscamaldulensis", "uv": [ 5.5, 3.5, 7.5, 4.5 ], "rotation": 180, "autoUv": false },
														"south": { "texture": "#eucalyptuscamaldulensis", "uv": [ 4.0, 3.5, 6.0, 4.5 ], "rotation": 180, "autoUv": false },
														"west": { "texture": "#eucalyptuscamaldulensis", "uv": [ 3.5, 0.0, 4.5, 2.0 ], "rotation": 90, "autoUv": false },
														"up": { "texture": "#eucalyptuscamaldulensis", "uv": [ 6.0, 6.0, 8.0, 8.0 ], "autoUv": false },
														"down": { "texture": "#eucalyptuscamaldulensis", "uv": [ 6.0, 1.0, 8.0, 3.0 ], "autoUv": false }
													},
													"children": [
														{
															"name": "rotate1",
															"from": [ 0.0, 0.2, 0.25 ],
															"to": [ 0.0, 0.2, 0.25 ],
															"rotationOrigin": [ 0.0, 0.2, 0.25 ],
															"rotationX": -45.0,
															"faces": {
															},
															"children": [
																{
																	"name": "leaf1",
																	"from": [ 0.0, 0.0, 0.0 ],
																	"to": [ 0.0, 0.25, 0.25 ],
																	"rotationOrigin": [ 0.0, 0.0, 0.0 ],
																	"rotationY": 15.0,
																	"rotationZ": -15.0,
																	"faces": {
																		"east": { "texture": "#eucalyptuscamaldulensis", "uv": [ 4.0, 6.0, 5.0, 7.0 ], "autoUv": false, "windMode": [-1,-1,-1,-1] }
																	}
																}
															]
														},
														{
															"name": "siderotate1",
															"from": [ 0.5, 0.0, 0.0 ],
															"to": [ 0.5, 0.0, 0.0 ],
															"rotationOrigin": [ 0.5, 0.0, 0.0 ],
															"rotationY": -90.0,
															"faces": {
															},
															"children": [
																{
																	"name": "rotate2",
																	"from": [ 0.0, 0.2, 0.25 ],
																	"to": [ 0.0, 0.2, 0.25 ],
																	"rotationOrigin": [ 0.0, 0.2, 0.25 ],
																	"rotationX": -45.0,
																	"faces": {
																	},
																	"children": [
																		{
																			"name": "leaf 2",
																			"from": [ 0.0, 0.0, 0.0 ],
																			"to": [ 0.0, 0.25, 0.25 ],
																			"rotationOrigin": [ 0.0, 0.0, 0.0 ],
																			"rotationY": 15.0,
																			"rotationZ": -15.0,
																			"faces": {
																				"west": { "texture": "#eucalyptuscamaldulensis", "uv": [ 4.0, 6.0, 5.0, 7.0 ], "rotation": 90, "autoUv": false, "windMode": [-1,-1,-1,-1] }
																			}
																		}
																	]
																}
															]
														},
														{
															"name": "siderotate2",
															"from": [ 0.5, 0.0, 0.5 ],
															"to": [ 0.5, 0.0, 0.5 ],
															"rotationOrigin": [ 0.5, 0.0, 0.5 ],
															"rotationY": -180.0,
															"faces": {
															},
															"children": [
																{
																	"name": "rotate3",
																	"from": [ 0.0, 0.2, 0.25 ],
																	"to": [ 0.0, 0.2, 0.25 ],
																	"rotationOrigin": [ 0.0, 0.2, 0.25 ],
																	"rotationX": -45.0,
																	"faces": {
																	},
																	"children": [
																		{
																			"name": "leaf 3",
																			"from": [ 0.0, 0.0, 0.0 ],
																			"to": [ 0.0, 0.25, 0.25 ],
																			"rotationOrigin": [ 0.0, 0.0, 0.0 ],
																			"rotationY": 15.0,
																			"rotationZ": -15.0,
																			"faces": {
																				"west": { "texture": "#eucalyptuscamaldulensis", "uv": [ 4.0, 6.0, 5.0, 7.0 ], "rotation": 90, "autoUv": false, "windMode": [-1,-1,-1,-1] }
																			}
																		}
																	]
																}
															]
														},
														{
															"name": "siderotate3",
															"from": [ 0.0, 0.0, 0.5 ],
															"to": [ 0.0, 0.0, 0.5 ],
															"rotationOrigin": [ 0.0, 0.0, 0.5 ],
															"rotationY": 90.0,
															"faces": {
															},
															"children": [
																{
																	"name": "rotate4",
																	"from": [ 0.0, 0.2, 0.25 ],
																	"to": [ 0.0, 0.2, 0.25 ],
																	"rotationOrigin": [ 0.0, 0.2, 0.25 ],
																	"rotationX": -45.0,
																	"faces": {
																	},
																	"children": [
																		{
																			"name": "leaf 4",
																			"from": [ 0.0, 0.0, 0.0 ],
																			"to": [ 0.0, 0.25, 0.25 ],
																			"rotationOrigin": [ 0.0, 0.0, 0.0 ],
																			"rotationY": 15.0,
																			"rotationZ": -15.0,
																			"faces": {
																				"west": { "texture": "#eucalyptuscamaldulensis", "uv": [ 5.0, 7.0, 6.0, 8.0 ], "rotation": 270, "autoUv": false, "windMode": [-1,-1,-1,-1] }
																			}
																		}
																	]
																}
															]
														}
													]
												}
											]
										},
										{
											"name": "seedstem 2",
											"from": [ 0.0, 0.85, 0.0 ],
											"to": [ 0.2, 1.35, 0.2 ],
											"rotationOrigin": [ 0.1, 0.85, 0.1 ],
											"rotationX": -22.5,
											"rotationZ": 45.0,
											"faces": {
												"north": { "texture": "#eucalyptuscamaldulensis", "uv": [ 1.0, 4.5, 2.0, 6.5 ], "autoUv": false },
												"east": { "texture": "#eucalyptuscamaldulensis", "uv": [ 0.0, 5.0, 1.0, 7.0 ], "autoUv": false },
												"south": { "texture": "#eucalyptuscamaldulensis", "uv": [ 0.0, 0.0, 1.0, 2.0 ], "autoUv": false },
												"west": { "texture": "#eucalyptuscamaldulensis", "uv": [ 0.0, 0.0, 1.0, 2.0 ], "autoUv": false },
												"up": { "texture": "#eucalyptuscamaldulensis", "uv": [ 0.0, 0.0, 1.0, 1.0 ], "autoUv": false },
												"down": { "texture": "#eucalyptuscamaldulensis", "uv": [ 0.0, 0.0, 1.0, 1.0 ], "autoUv": false }
											},
											"children": [
												{
													"name": "seedpod 2",
													"from": [ -0.15, 0.5, -0.15 ],
													"to": [ 0.35, 0.85, 0.35 ],
													"rotationOrigin": [ -0.15, 0.5, -0.15 ],
													"faces": {
														"north": { "texture": "#eucalyptuscamaldulensis", "uv": [ 5.5, 3.5, 7.5, 4.5 ], "rotation": 180, "autoUv": false },
														"east": { "texture": "#eucalyptuscamaldulensis", "uv": [ 5.0, 3.5, 7.0, 4.5 ], "rotation": 180, "autoUv": false },
														"south": { "texture": "#eucalyptuscamaldulensis", "uv": [ 4.0, 3.5, 6.0, 4.5 ], "rotation": 180, "autoUv": false },
														"west": { "texture": "#eucalyptuscamaldulensis", "uv": [ 6.0, 3.5, 8.0, 4.5 ], "rotation": 180, "autoUv": false },
														"up": { "texture": "#eucalyptuscamaldulensis", "uv": [ 6.0, 6.0, 8.0, 8.0 ], "autoUv": false },
														"down": { "texture": "#eucalyptuscamaldulensis", "uv": [ 4.0, 2.0, 6.0, 4.0 ], "autoUv": false }
													},
													"children": [
														{
															"name": "rotate5",
															"from": [ 0.0, 0.2, 0.25 ],
															"to": [ 0.0, 0.2, 0.25 ],
															"rotationOrigin": [ 0.0, 0.2, 0.25 ],
															"rotationX": -45.0,
															"faces": {
															},
															"children": [
																{
																	"name": "leaf2",
																	"from": [ 0.0, 0.0, 0.0 ],
																	"to": [ 0.0, 0.25, 0.25 ],
																	"rotationOrigin": [ 0.0, 0.0, 0.0 ],
																	"rotationY": 15.0,
																	"rotationZ": -15.0,
																	"faces": {
																		"east": { "texture": "#eucalyptuscamaldulensis", "uv": [ 4.0, 6.0, 5.0, 7.0 ], "autoUv": false }
																	}
																}
															]
														},
														{
															"name": "siderotate4",
															"from": [ 0.5, 0.0, 0.0 ],
															"to": [ 0.5, 0.0, 0.0 ],
															"rotationOrigin": [ 0.5, 0.0, 0.0 ],
															"rotationY": -90.0,
															"faces": {
															},
															"children": [
																{
																	"name": "rotate6",
																	"from": [ 0.0, 0.2, 0.25 ],
																	"to": [ 0.0, 0.2, 0.25 ],
																	"rotationOrigin": [ 0.0, 0.2, 0.25 ],
																	"rotationX": -45.0,
																	"faces": {
																	},
																	"children": [
																		{
																			"name": "leaf 5",
																			"from": [ 0.0, 0.0, 0.0 ],
																			"to": [ 0.0, 0.25, 0.25 ],
																			"rotationOrigin": [ 0.0, 0.0, 0.0 ],
																			"rotationY": 15.0,
																			"rotationZ": -15.0,
																			"faces": {
																				"west": { "texture": "#eucalyptuscamaldulensis", "uv": [ 4.0, 6.0, 5.0, 7.0 ], "rotation": 90, "autoUv": false, "windMode": [-1,-1,-1,-1] }
																			}
																		}
																	]
																}
															]
														},
														{
															"name": "siderotate5",
															"from": [ 0.5, 0.0, 0.5 ],
															"to": [ 0.5, 0.0, 0.5 ],
															"rotationOrigin": [ 0.5, 0.0, 0.5 ],
															"rotationY": -180.0,
															"faces": {
															},
															"children": [
																{
																	"name": "rotate7",
																	"from": [ 0.0, 0.2, 0.25 ],
																	"to": [ 0.0, 0.2, 0.25 ],
																	"rotationOrigin": [ 0.0, 0.2, 0.25 ],
																	"rotationX": -45.0,
																	"faces": {
																	},
																	"children": [
																		{
																			"name": "leaf 6",
																			"from": [ 0.0, 0.0, 0.0 ],
																			"to": [ 0.0, 0.25, 0.25 ],
																			"rotationOrigin": [ 0.0, 0.0, 0.0 ],
																			"rotationY": 15.0,
																			"rotationZ": -15.0,
																			"faces": {
																				"west": { "texture": "#eucalyptuscamaldulensis", "uv": [ 4.0, 7.0, 5.0, 8.0 ], "rotation": 180, "autoUv": false }
																			}
																		}
																	]
																}
															]
														},
														{
															"name": "siderotate6",
															"from": [ 0.0, 0.0, 0.5 ],
															"to": [ 0.0, 0.0, 0.5 ],
															"rotationOrigin": [ 0.0, 0.0, 0.5 ],
															"rotationY": 90.0,
															"faces": {
															},
															"children": [
																{
																	"name": "rotate8",
																	"from": [ 0.0, 0.2, 0.25 ],
																	"to": [ 0.0, 0.2, 0.25 ],
																	"rotationOrigin": [ 0.0, 0.2, 0.25 ],
																	"rotationX": -45.0,
																	"faces": {
																	},
																	"children": [
																		{
																			"name": "leaf 7",
																			"from": [ 0.0, 0.0, 0.0 ],
																			"to": [ 0.0, 0.25, 0.25 ],
																			"rotationOrigin": [ 0.0, 0.0, 0.0 ],
																			"rotationY": 15.0,
																			"rotationZ": -15.0,
																			"faces": {
																				"west": { "texture": "#eucalyptuscamaldulensis", "uv": [ 4.0, 7.0, 5.0, 8.0 ], "rotation": 180, "autoUv": false }
																			}
																		}
																	]
																}
															]
														}
													]
												}
											]
										},
										{
											"name": "seedstem 3",
											"from": [ 0.05, 0.85, 0.0 ],
											"to": [ 0.25, 1.35, 0.2 ],
											"rotationOrigin": [ 0.15, 0.85, 0.1 ],
											"rotationX": -15.0,
											"rotationZ": -67.5,
											"faces": {
												"north": { "texture": "#eucalyptuscamaldulensis", "uv": [ 0.0, 0.0, 1.0, 2.0 ], "autoUv": false },
												"east": { "texture": "#eucalyptuscamaldulensis", "uv": [ 0.0, 0.0, 1.0, 2.0 ], "autoUv": false },
												"south": { "texture": "#eucalyptuscamaldulensis", "uv": [ 1.0, 5.0, 2.0, 7.0 ], "autoUv": false },
												"west": { "texture": "#eucalyptuscamaldulensis", "uv": [ 1.5, 5.0, 2.5, 7.0 ], "autoUv": false },
												"up": { "texture": "#eucalyptuscamaldulensis", "uv": [ 0.0, 4.0, 1.0, 5.0 ], "autoUv": false },
												"down": { "texture": "#eucalyptuscamaldulensis", "uv": [ 0.0, 0.0, 1.0, 1.0 ], "autoUv": false }
											},
											"children": [
												{
													"name": "seedpod 3",
													"from": [ -0.15, 0.5, -0.15 ],
													"to": [ 0.35, 0.85, 0.35 ],
													"rotationOrigin": [ -0.15, 0.5, -0.15 ],
													"faces": {
														"north": { "texture": "#eucalyptuscamaldulensis", "uv": [ 5.5, 3.5, 7.5, 4.5 ], "rotation": 180, "autoUv": false },
														"east": { "texture": "#eucalyptuscamaldulensis", "uv": [ 5.5, 3.5, 7.5, 4.5 ], "rotation": 180, "autoUv": false },
														"south": { "texture": "#eucalyptuscamaldulensis", "uv": [ 4.5, 3.5, 6.5, 4.5 ], "rotation": 180, "autoUv": false },
														"west": { "texture": "#eucalyptuscamaldulensis", "uv": [ 5.0, 3.5, 7.0, 4.5 ], "rotation": 180, "autoUv": false },
														"up": { "texture": "#eucalyptuscamaldulensis", "uv": [ 6.0, 6.0, 8.0, 8.0 ], "autoUv": false },
														"down": { "texture": "#eucalyptuscamaldulensis", "uv": [ 4.0, 0.0, 6.0, 2.0 ], "autoUv": false }
													},
													"children": [
														{
															"name": "rotate9",
															"from": [ 0.0, 0.2, 0.25 ],
															"to": [ 0.0, 0.2, 0.25 ],
															"rotationOrigin": [ 0.0, 0.2, 0.25 ],
															"rotationX": -45.0,
															"faces": {
															},
															"children": [
																{
																	"name": "leaf3",
																	"from": [ 0.0, 0.0, 0.0 ],
																	"to": [ 0.0, 0.25, 0.25 ],
																	"rotationOrigin": [ 0.0, 0.0, 0.0 ],
																	"rotationY": 15.0,
																	"rotationZ": -15.0,
																	"faces": {
																		"east": { "texture": "#eucalyptuscamaldulensis", "uv": [ 4.0, 6.0, 5.0, 7.0 ], "autoUv": false }
																	}
																}
															]
														},
														{
															"name": "siderotate7",
															"from": [ 0.5, 0.0, 0.0 ],
															"to": [ 0.5, 0.0, 0.0 ],
															"rotationOrigin": [ 0.5, 0.0, 0.0 ],
															"rotationY": -90.0,
															"faces": {
															},
															"children": [
																{
																	"name": "rotate10",
																	"from": [ 0.0, 0.2, 0.25 ],
																	"to": [ 0.0, 0.2, 0.25 ],
																	"rotationOrigin": [ 0.0, 0.2, 0.25 ],
																	"rotationX": -45.0,
																	"faces": {
																	},
																	"children": [
																		{
																			"name": "leaf 8",
																			"from": [ 0.0, 0.0, 0.0 ],
																			"to": [ 0.0, 0.25, 0.25 ],
																			"rotationOrigin": [ 0.0, 0.0, 0.0 ],
																			"rotationY": 15.0,
																			"rotationZ": -15.0,
																			"faces": {
																				"west": { "texture": "#eucalyptuscamaldulensis", "uv": [ 5.0, 7.0, 6.0, 8.0 ], "rotation": 270, "autoUv": false, "windMode": [-1,-1,-1,-1] }
																			}
																		}
																	]
																}
															]
														},
														{
															"name": "siderotate8",
															"from": [ 0.5, 0.0, 0.5 ],
															"to": [ 0.5, 0.0, 0.5 ],
															"rotationOrigin": [ 0.5, 0.0, 0.5 ],
															"rotationY": -180.0,
															"faces": {
															},
															"children": [
																{
																	"name": "rotate11",
																	"from": [ 0.0, 0.2, 0.25 ],
																	"to": [ 0.0, 0.2, 0.25 ],
																	"rotationOrigin": [ 0.0, 0.2, 0.25 ],
																	"rotationX": -45.0,
																	"faces": {
																	},
																	"children": [
																		{
																			"name": "leaf 9",
																			"from": [ 0.0, 0.0, 0.0 ],
																			"to": [ 0.0, 0.25, 0.25 ],
																			"rotationOrigin": [ 0.0, 0.0, 0.0 ],
																			"rotationY": 15.0,
																			"rotationZ": -15.0,
																			"faces": {
																				"west": { "texture": "#eucalyptuscamaldulensis", "uv": [ 5.0, 6.0, 6.0, 7.0 ], "autoUv": false }
																			}
																		}
																	]
																}
															]
														},
														{
															"name": "siderotate9",
															"from": [ 0.0, 0.0, 0.5 ],
															"to": [ 0.0, 0.0, 0.5 ],
															"rotationOrigin": [ 0.0, 0.0, 0.5 ],
															"rotationY": 90.0,
															"faces": {
															},
															"children": [
																{
																	"name": "rotate12",
																	"from": [ 0.0, 0.2, 0.25 ],
																	"to": [ 0.0, 0.2, 0.25 ],
																	"rotationOrigin": [ 0.0, 0.2, 0.25 ],
																	"rotationX": -45.0,
																	"faces": {
																	},
																	"children": [
																		{
																			"name": "leaf 10",
																			"from": [ 0.0, 0.0, 0.0 ],
																			"to": [ 0.0, 0.25, 0.25 ],
																			"rotationOrigin": [ 0.0, 0.0, 0.0 ],
																			"rotationY": 15.0,
																			"rotationZ": -15.0,
																			"faces": {
																				"west": { "texture": "#eucalyptuscamaldulensis", "uv": [ 4.0, 7.0, 5.0, 8.0 ], "rotation": 180, "autoUv": false }
																			}
																		}
																	]
																}
															]
														}
													]
												}
											]
										}
									]
								}
							]
						}
					]
				}
			]
		},
		{
			"name": "origin",
			"from": [ 8.0, 0.0, 8.0 ],
			"to": [ 8.0, 0.0, 8.0 ],
			"rotationOrigin": [ 8.0, 0.0, 8.0 ],
			"faces": {
			}
		}
	]}