{
	"editor": {
		"collapsedPaths": "Root/origin/handle,Root/origin/Large gear 2,Root/origin/Large gear 1,Root/origin/segment end",
		"allAngles": false,
		"entityTextureMode": false
	},
	"textureWidth": 16,
	"textureHeight": 16,
	"textureSizes": {
	},
	"textures": {
		"head": "game:block/metal/plate/blackbronze",
		"handle": "game:block/wood/debarked/oak"
	},
	"elements": [
		{
			"name": "Axe",
			"from": [ 2.0, -0.25, 7.75 ],
			"to": [ 2.0, -0.25, 7.75 ],
			"rotationOrigin": [ 2.0, 0.0, 8.0 ],
			"faces": {
				"north": { "texture": "#handle", "uv": [ 0.0, 0.0, 0.5, 0.5 ] },
				"east": { "texture": "#handle", "uv": [ 0.0, 0.0, 0.5, 0.5 ] },
				"south": { "texture": "#handle", "uv": [ 0.0, 0.0, 0.5, 0.5 ] },
				"west": { "texture": "#handle", "uv": [ 0.0, 0.0, 0.5, 0.5 ] },
				"up": { "texture": "#handle", "uv": [ 0.0, 0.0, 0.5, 0.5 ] },
				"down": { "texture": "#handle", "uv": [ 0.0, 0.0, 0.5, 0.5 ] }
			},
			"children": [
				{
					"name": "Shaft",
					"from": [ 0.0, 0.0, 0.0 ],
					"to": [ 0.0, 0.0, 0.0 ],
					"faces": {
						"north": { "texture": "#head", "uv": [ 0.0, 0.0, 0.5, 0.5 ] },
						"east": { "texture": "#head", "uv": [ 0.0, 0.0, 0.5, 0.5 ] },
						"south": { "texture": "#head", "uv": [ 0.0, 0.0, 0.5, 0.5 ] },
						"west": { "texture": "#head", "uv": [ 0.0, 0.0, 0.5, 0.5 ] },
						"up": { "texture": "#head", "uv": [ 0.0, 0.0, 0.5, 0.5 ] },
						"down": { "texture": "#head", "uv": [ 0.0, 0.0, 0.5, 0.5 ] }
					},
					"children": [
						{
							"name": "handle_1",
							"from": [ -8.0, -0.5, -0.5 ],
							"to": [ 8.0, 1.0, 1.0 ],
							"rotationOrigin": [ -9.5, -8.0, 0.0 ],
							"faces": {
								"north": { "texture": "#handle", "uv": [ 0.0, 5.5, 16.0, 7.0 ] },
								"east": { "texture": "#handle", "uv": [ 7.0, 0.5, 8.5, 2.0 ] },
								"south": { "texture": "#handle", "uv": [ 0.0, 10.5, 16.0, 12.0 ] },
								"west": { "texture": "#handle", "uv": [ 14.0, 10.0, 15.5, 11.5 ] },
								"up": { "texture": "#handle", "uv": [ 0.0, 4.5, 16.0, 6.0 ] },
								"down": { "texture": "#handle", "uv": [ 0.0, 5.0, 16.0, 6.5 ] }
							}
						},
						{
							"name": "handle_2",
							"from": [ -24.0, -0.5, -0.5 ],
							"to": [ -8.0, 1.0, 1.0 ],
							"rotationOrigin": [ -25.5, -8.0, 0.0 ],
							"faces": {
								"north": { "texture": "#handle", "uv": [ 0.0, 5.5, 16.0, 7.0 ] },
								"east": { "texture": "#handle", "uv": [ 0.5, 0.5, 2.0, 2.0 ] },
								"south": { "texture": "#handle", "uv": [ 0.0, 10.5, 16.0, 12.0 ] },
								"west": { "texture": "#handle", "uv": [ 14.0, 10.0, 15.5, 11.5 ] },
								"up": { "texture": "#handle", "uv": [ 0.0, 4.5, 16.0, 6.0 ] },
								"down": { "texture": "#handle", "uv": [ 0.0, 5.0, 16.0, 6.5 ] }
							}
						},
						{
							"name": "handle_3",
							"from": [ -34.0, -0.5, -0.5 ],
							"to": [ -24.0, 1.0, 1.0 ],
							"rotationOrigin": [ -34.5, 0.0, 0.0 ],
							"faces": {
								"north": { "texture": "#handle", "uv": [ 0.0, 7.5, 10.0, 9.0 ] },
								"east": { "texture": "#handle", "uv": [ 0.0, 3.5, 1.5, 5.0 ] },
								"south": { "texture": "#handle", "uv": [ 0.0, 9.0, 10.0, 10.5 ] },
								"west": { "texture": "#handle", "uv": [ 13.5, 3.5, 15.0, 5.0 ] },
								"up": { "texture": "#handle", "uv": [ 0.0, 4.5, 10.0, 6.0 ] },
								"down": { "texture": "#handle", "uv": [ 0.0, 13.5, 10.0, 15.0 ] }
							}
						},
						{
							"name": "handle_0",
							"from": [ 8.0, -0.5, -0.5 ],
							"to": [ 10.0, 1.0, 1.0 ],
							"rotationOrigin": [ 8.0, -0.5, -0.5 ],
							"faces": {
								"north": { "texture": "#handle", "uv": [ 12.0, 10.5, 14.0, 12.0 ] },
								"east": { "texture": "#handle", "uv": [ 10.0, 9.0, 11.5, 10.5 ] },
								"south": { "texture": "#handle", "uv": [ 11.5, 11.5, 13.5, 13.0 ] },
								"west": { "texture": "#handle", "uv": [ 0.0, 0.0, 1.5, 1.5 ] },
								"up": { "texture": "#handle", "uv": [ 0.0, 7.5, 2.0, 9.0 ] },
								"down": { "texture": "#handle", "uv": [ 0.0, 0.0, 2.0, 1.5 ] }
							}
						},
						{
							"name": "handle_4",
							"from": [ -36.0, -0.5, -0.5 ],
							"to": [ -34.0, 1.0, 1.0 ],
							"rotationOrigin": [ -36.5, 0.0, 0.0 ],
							"faces": {
								"north": { "texture": "#handle", "uv": [ 0.0, 11.5, 2.0, 13.0 ] },
								"east": { "texture": "#handle", "uv": [ 0.5, 11.5, 2.0, 13.0 ] },
								"south": { "texture": "#handle", "uv": [ 1.0, 11.5, 3.0, 13.0 ] },
								"west": { "texture": "#handle", "uv": [ 14.5, 2.5, 16.0, 4.0 ] },
								"up": { "texture": "#handle", "uv": [ 3.0, 11.5, 5.0, 13.0 ] },
								"down": { "texture": "#handle", "uv": [ 13.5, 11.5, 15.5, 13.0 ] }
							}
						}
					]
				},
				{
					"name": "Head",
					"from": [ 9.0, 0.0, 0.0 ],
					"to": [ 9.0, 0.0, 0.0 ],
					"rotationOrigin": [ 9.0, 0.0, 0.0 ],
					"faces": {
						"north": { "texture": "#head", "uv": [ 0.0, 0.0, 0.5, 0.5 ] },
						"east": { "texture": "#head", "uv": [ 0.0, 0.0, 0.5, 0.5 ] },
						"south": { "texture": "#head", "uv": [ 0.0, 0.0, 0.5, 0.5 ] },
						"west": { "texture": "#head", "uv": [ 0.0, 0.0, 0.5, 0.5 ] },
						"up": { "texture": "#head", "uv": [ 0.0, 0.0, 0.5, 0.5 ] },
						"down": { "texture": "#head", "uv": [ 0.0, 0.0, 0.5, 0.5 ] }
					},
					"children": [
						{
							"name": "head_4",
							"from": [ -1.0, -0.6, -0.6 ],
							"to": [ 0.5, 1.1, 1.1 ],
							"rotationOrigin": [ -1.0, -0.6, -0.6 ],
							"faces": {
								"north": { "texture": "#head", "uv": [ 0.0, 0.0, 1.5, 1.5 ] },
								"east": { "texture": "#head", "uv": [ 0.0, 0.0, 1.5, 1.5 ] },
								"south": { "texture": "#head", "uv": [ 0.0, 0.0, 1.5, 1.5 ] },
								"west": { "texture": "#head", "uv": [ 0.0, 0.0, 1.5, 1.5 ] },
								"up": { "texture": "#head", "uv": [ 0.0, 0.0, 1.5, 1.5 ] },
								"down": { "texture": "#head", "uv": [ 0.0, 0.0, 1.5, 1.5 ] }
							},
							"children": [
								{
									"name": "head_7",
									"from": [ 0.0, 1.7, 0.9 ],
									"to": [ 1.5, 2.7, 1.7 ],
									"rotationOrigin": [ 0.0, 1.7, 1.7 ],
									"rotationX": -36.0,
									"faces": {
										"north": { "texture": "#head", "uv": [ 0.0, 0.0, 1.5, 1.0 ] },
										"east": { "texture": "#head", "uv": [ 0.0, 0.0, 0.5, 1.0 ] },
										"south": { "texture": "#head", "uv": [ 0.0, 0.0, 1.5, 1.0 ] },
										"west": { "texture": "#head", "uv": [ 0.0, 0.0, 0.5, 1.0 ] },
										"up": { "texture": "#head", "uv": [ 0.0, 0.0, 1.5, 0.5 ] },
										"down": { "texture": "#head", "uv": [ 0.0, 0.0, 1.5, 0.5 ] }
									}
								},
								{
									"name": "head_0",
									"from": [ 0.0, 1.7, 0.0 ],
									"to": [ 1.5, 2.7, 0.8 ],
									"rotationOrigin": [ 0.0, 1.7, 0.0 ],
									"rotationX": 36.0,
									"faces": {
										"north": { "texture": "#head", "uv": [ 0.0, 0.0, 1.5, 1.0 ] },
										"east": { "texture": "#head", "uv": [ 0.0, 0.0, 0.5, 1.0 ] },
										"south": { "texture": "#head", "uv": [ 0.0, 0.0, 1.5, 1.0 ] },
										"west": { "texture": "#head", "uv": [ 0.0, 0.0, 0.5, 1.0 ] },
										"up": { "texture": "#head", "uv": [ 0.0, 0.0, 1.5, 0.5 ] },
										"down": { "texture": "#head", "uv": [ 0.0, 0.0, 1.5, 0.5 ] }
									}
								},
								{
									"name": "head_8",
									"from": [ 0.0, 0.0, -0.8 ],
									"to": [ 1.5, 1.0, 0.0 ],
									"rotationOrigin": [ 0.0, 0.0, 0.0 ],
									"rotationX": 150.0,
									"faces": {
										"north": { "texture": "#head", "uv": [ 0.0, 0.0, 1.5, 1.0 ] },
										"east": { "texture": "#head", "uv": [ 0.0, 0.0, 0.5, 1.0 ] },
										"south": { "texture": "#head", "uv": [ 0.0, 0.0, 1.5, 1.0 ] },
										"west": { "texture": "#head", "uv": [ 0.0, 0.0, 0.5, 1.0 ] },
										"up": { "texture": "#head", "uv": [ 0.0, 0.0, 1.5, 0.5 ] },
										"down": { "texture": "#head", "uv": [ 0.0, 0.0, 1.5, 0.5 ] }
									}
								},
								{
									"name": "head_9",
									"from": [ 0.0, 0.0, 1.7 ],
									"to": [ 1.5, 1.0, 2.5 ],
									"rotationOrigin": [ 0.0, 0.0, 1.7 ],
									"rotationX": -150.0,
									"faces": {
										"north": { "texture": "#head", "uv": [ 0.0, 0.0, 1.5, 1.0 ] },
										"east": { "texture": "#head", "uv": [ 0.0, 0.0, 0.5, 1.0 ] },
										"south": { "texture": "#head", "uv": [ 0.0, 0.0, 1.5, 1.0 ] },
										"west": { "texture": "#head", "uv": [ 0.0, 0.0, 0.5, 1.0 ] },
										"up": { "texture": "#head", "uv": [ 0.0, 0.0, 1.5, 0.5 ] },
										"down": { "texture": "#head", "uv": [ 0.0, 0.0, 1.5, 0.5 ] }
									}
								},
								{
									"name": "head_10",
									"from": [ 0.0, -1.9, 0.5 ],
									"to": [ 1.5, 0.0, 1.2 ],
									"rotationOrigin": [ 0.0, -1.9, 0.5 ],
									"faces": {
										"north": { "texture": "#head", "uv": [ 0.0, 0.0, 1.5, 1.5 ] },
										"east": { "texture": "#head", "uv": [ 0.0, 0.0, 0.5, 1.5 ] },
										"south": { "texture": "#head", "uv": [ 0.0, 0.0, 1.5, 1.5 ] },
										"west": { "texture": "#head", "uv": [ 0.0, 0.0, 0.5, 1.5 ] },
										"up": { "texture": "#head", "uv": [ 0.0, 0.0, 1.5, 0.5 ] },
										"down": { "texture": "#head", "uv": [ 0.0, 0.0, 1.5, 0.5 ] }
									}
								}
							]
						},
						{
							"name": "head_1",
							"from": [ -1.0, 1.7, 0.0 ],
							"to": [ 0.5, 4.5, 0.5 ],
							"rotationOrigin": [ 0.5, 1.7, 0.0 ],
							"rotationZ": -5.0,
							"faces": {
								"north": { "texture": "#head", "uv": [ 0.0, 0.0, 1.5, 2.5 ] },
								"east": { "texture": "#head", "uv": [ 0.0, 0.0, 0.5, 2.5 ] },
								"south": { "texture": "#head", "uv": [ 0.0, 0.0, 1.5, 2.5 ] },
								"west": { "texture": "#head", "uv": [ 0.0, 0.0, 0.5, 2.5 ] },
								"up": { "texture": "#head", "uv": [ 0.0, 0.0, 1.5, 0.5 ] },
								"down": { "texture": "#head", "uv": [ 0.0, 0.0, 1.5, 0.5 ] }
							},
							"children": [
								{
									"name": "head_2",
									"from": [ 1.5, 2.8, 0.0 ],
									"to": [ 2.0, 4.8, 0.5 ],
									"rotationOrigin": [ 1.5, 2.8, 0.0 ],
									"rotationZ": 95.0,
									"faces": {
										"north": { "texture": "#head", "uv": [ 0.0, 0.0, 0.5, 2.0 ] },
										"east": { "texture": "#head", "uv": [ 0.0, 0.0, 0.5, 2.0 ] },
										"south": { "texture": "#head", "uv": [ 0.0, 0.0, 0.5, 2.0 ] },
										"west": { "texture": "#head", "uv": [ 0.0, 0.0, 0.5, 2.0 ] },
										"up": { "texture": "#head", "uv": [ 0.0, 0.0, 0.5, 0.5 ] },
										"down": { "texture": "#head", "uv": [ 0.0, 0.0, 0.5, 0.5 ] }
									},
									"children": [
										{
											"name": "head_5",
											"from": [ 0.5, 0.0, 0.3 ],
											"to": [ 2.0, 2.0, 0.5 ],
											"rotationOrigin": [ 0.5, 0.0, 0.5 ],
											"rotationY": 5.0,
											"rotationZ": 1.0,
											"faces": {
												"north": { "texture": "#head", "uv": [ 0.0, 0.0, 1.5, 2.0 ] },
												"east": { "texture": "#head", "uv": [ 0.0, 0.0, 0.5, 2.0 ] },
												"south": { "texture": "#head", "uv": [ 0.0, 0.0, 1.5, 2.0 ] },
												"west": { "texture": "#head", "uv": [ 0.0, 0.0, 0.5, 2.0 ] },
												"up": { "texture": "#head", "uv": [ 0.0, 0.0, 1.5, 0.5 ] },
												"down": { "texture": "#head", "uv": [ 0.0, 0.0, 1.5, 0.5 ] }
											}
										},
										{
											"name": "head_6",
											"from": [ 0.5, 0.0, 0.0 ],
											"to": [ 2.0, 2.0, 0.2 ],
											"rotationOrigin": [ 0.5, 0.0, 0.0 ],
											"rotationY": -5.0,
											"rotationZ": 1.0,
											"faces": {
												"north": { "texture": "#head", "uv": [ 0.0, 0.0, 1.5, 2.0 ] },
												"east": { "texture": "#head", "uv": [ 0.0, 0.0, 0.5, 2.0 ] },
												"south": { "texture": "#head", "uv": [ 0.0, 0.0, 1.5, 2.0 ] },
												"west": { "texture": "#head", "uv": [ 0.0, 0.0, 0.5, 2.0 ] },
												"up": { "texture": "#head", "uv": [ 0.0, 0.0, 1.5, 0.5 ] },
												"down": { "texture": "#head", "uv": [ 0.0, 0.0, 1.5, 0.5 ] }
											}
										},
										{
											"name": "head_3",
											"from": [ 0.5, 0.0, 0.2 ],
											"to": [ 1.1, 2.0, 0.3 ],
											"rotationOrigin": [ 0.5, 0.0, 0.2 ],
											"faces": {
												"north": { "texture": "#head", "uv": [ 0.0, 0.0, 0.5, 2.0 ] },
												"east": { "texture": "#head", "uv": [ 0.0, 0.0, 0.5, 2.0 ] },
												"south": { "texture": "#head", "uv": [ 0.0, 0.0, 0.5, 2.0 ] },
												"west": { "texture": "#head", "uv": [ 0.0, 0.0, 0.5, 2.0 ] },
												"up": { "texture": "#head", "uv": [ 0.0, 0.0, 0.5, 0.5 ] },
												"down": { "texture": "#head", "uv": [ 0.0, 0.0, 0.5, 0.5 ] }
											}
										}
									]
								}
							]
						},
						{
							"name": "head_11",
							"from": [ -1.0, 1.7, 0.01 ],
							"to": [ 0.5, 4.5, 0.49 ],
							"rotationOrigin": [ -1.0, 1.7, 0.0 ],
							"rotationZ": 5.0,
							"faces": {
								"north": { "texture": "#head", "uv": [ 0.0, 0.0, 1.5, 2.5 ] },
								"east": { "texture": "#head", "uv": [ 0.0, 0.0, 0.5, 2.5 ] },
								"south": { "texture": "#head", "uv": [ 0.0, 0.0, 1.5, 2.5 ] },
								"west": { "texture": "#head", "uv": [ 0.0, 0.0, 0.5, 2.5 ] },
								"up": { "texture": "#head", "uv": [ 0.0, 0.0, 1.5, 0.5 ] },
								"down": { "texture": "#head", "uv": [ 0.0, 0.0, 1.5, 0.5 ] }
							}
						}
					]
				}
			]
		}
	]}