{
	"editor": {
		"allAngles": false,
		"singleTexture": false
	},
	"textureWidth": 16,
	"textureHeight": 16,
	"textures": {
		"rock": "game:block/stone/rock/andesite1"
	},
	"elements": [
		{
			"name": "origin",
			"from": [ 8.0, 0.0, 8.0 ], 
			"to": [ 8.0, 0.0, 8.0 ], 
			"rotationOrigin": [ 8.0, 0.0, 8.0 ],
			"faces": {
			},
			"children": [
				{
					"name": "rock 1",
					"from": [ -4.0, 0.0, -2.0 ], 
					"to": [ 3.0, 4.0, 5.0 ], 
					"rotationOrigin": [ -0.5, 0.0, 1.5 ],
					"rotationY": -22.5,
					"faces": {
						"north": { "texture": "#rock", "uv": [ 0.0, 8.0, 7.0, 12.0 ] },
						"east": { "texture": "#rock", "uv": [ 8.0, 7.0, 15.0, 11.0 ] },
						"south": { "texture": "#rock", "uv": [ 2.0, 9.5, 9.0, 13.5 ] },
						"west": { "texture": "#rock", "uv": [ 5.5, 5.0, 12.5, 9.0 ] },
						"up": { "texture": "#rock", "uv": [ 9.0, 0.5, 16.0, 7.5 ] },
						"down": { "texture": "#rock", "uv": [ 7.0, 2.0, 14.0, 9.0 ] }
					}
				},
				{
					"name": "rock 4",
					"from": [ 0.5, 0.0, -6.5 ], 
					"to": [ 6.5, 3.0, -2.5 ], 
					"rotationOrigin": [ 3.5, 0.0, -4.5 ],
					"rotationY": 22.5,
					"faces": {
						"north": { "texture": "#rock", "uv": [ 10.0, 5.5, 16.0, 8.5 ] },
						"east": { "texture": "#rock", "uv": [ 6.0, 4.0, 10.0, 7.0 ] },
						"south": { "texture": "#rock", "uv": [ 9.5, 7.0, 15.5, 10.0 ] },
						"west": { "texture": "#rock", "uv": [ 7.0, 11.5, 11.0, 14.5 ] },
						"up": { "texture": "#rock", "uv": [ 9.5, 10.5, 15.5, 14.5 ] },
						"down": { "texture": "#rock", "uv": [ 5.0, 9.5, 11.0, 13.5 ] }
					}
				}
			]
		}
	]}