{
	"editor": {
		"allAngles": false,
		"entityTextureMode": false
	},
	"textureWidth": 16,
	"textureHeight": 16,
	"textureSizes": {
	},
	"textures": {
		"rock": "game:block/stone/rock/andesite1",
		"snowcover": "game:block/liquid/snow/normal1"
	},
	"elements": [
		{
			"name": "origin",
			"from": [ 8.0, 0.0, 8.0 ], 
			"to": [ 8.0, 0.0, 8.0 ], 
			"rotationOrigin": [ 8.0, 0.0, 8.0 ],
			"faces": {
				"north": { "texture": "#rock", "uv": [ 0.0, 0.0, 0.5, 0.5 ], "enabled": false },
				"east": { "texture": "#rock", "uv": [ 0.0, 0.0, 0.5, 0.5 ], "enabled": false },
				"south": { "texture": "#rock", "uv": [ 0.0, 0.0, 0.5, 0.5 ], "enabled": false },
				"west": { "texture": "#rock", "uv": [ 0.0, 0.0, 0.5, 0.5 ], "enabled": false },
				"up": { "texture": "#rock", "uv": [ 0.0, 0.0, 0.5, 0.5 ], "enabled": false },
				"down": { "texture": "#rock", "uv": [ 0.0, 0.0, 0.5, 0.5 ], "enabled": false }
			},
			"children": [
				{
					"name": "rock 1",
					"from": [ -4.5, 0.0, -1.5 ], 
					"to": [ 3.5, 5.0, 7.5 ], 
					"rotationOrigin": [ -1.0, 0.0, 2.0 ],
					"rotationY": 45.0,
					"faces": {
						"north": { "texture": "#rock", "uv": [ 0.0, 8.0, 8.0, 13.0 ] },
						"east": { "texture": "#rock", "uv": [ 7.0, 7.0, 16.0, 12.0 ] },
						"south": { "texture": "#rock", "uv": [ 2.0, 6.5, 10.0, 11.5 ] },
						"west": { "texture": "#rock", "uv": [ 6.0, 1.0, 15.0, 6.0 ] },
						"up": { "texture": "#rock", "uv": [ 5.5, 0.5, 13.5, 9.5 ] },
						"down": { "texture": "#rock", "uv": [ 7.0, 2.0, 15.0, 11.0 ] }
					},
					"children": [
						{
							"name": "rock 1-snow",
							"from": [ 0.0, 5.01, 0.0 ], 
							"to": [ 8.0, 7.01, 9.0 ], 
							"rotationOrigin": [ -1.0, 0.0, 2.0 ],
							"faces": {
								"north": { "texture": "#snowcover", "uv": [ 0.0, 8.0, 8.0, 10.0 ] },
								"east": { "texture": "#snowcover", "uv": [ 7.0, 7.0, 16.0, 9.0 ] },
								"south": { "texture": "#snowcover", "uv": [ 2.0, 6.5, 10.0, 8.5 ] },
								"west": { "texture": "#snowcover", "uv": [ 6.0, 1.0, 15.0, 3.0 ] },
								"up": { "texture": "#snowcover", "uv": [ 5.5, 0.5, 13.5, 9.5 ] },
								"down": { "texture": "#snowcover", "uv": [ 7.0, 2.0, 15.0, 11.0 ] }
							}
						}
					]
				},
				{
					"name": "rock 4",
					"from": [ 2.0, 0.0, -8.0 ], 
					"to": [ 7.0, 3.0, -2.0 ], 
					"rotationOrigin": [ 4.0, 0.0, -4.5 ],
					"rotationY": -112.5,
					"faces": {
						"north": { "texture": "#rock", "uv": [ 10.0, 5.5, 15.0, 8.5 ] },
						"east": { "texture": "#rock", "uv": [ 6.0, 4.0, 12.0, 7.0 ] },
						"south": { "texture": "#rock", "uv": [ 9.5, 7.0, 14.5, 10.0 ] },
						"west": { "texture": "#rock", "uv": [ 7.0, 7.5, 13.0, 10.5 ] },
						"up": { "texture": "#rock", "uv": [ 6.5, 9.5, 11.5, 15.5 ] },
						"down": { "texture": "#rock", "uv": [ 3.0, 8.0, 8.0, 14.0 ] }
					},
					"children": [
						{
							"name": "rock 4-snow",
							"from": [ 0.0, 3.01, 0.0 ], 
							"to": [ 5.0, 5.01, 6.0 ], 
							"rotationOrigin": [ 4.0, 0.0, -4.5 ],
							"faces": {
								"north": { "texture": "#snowcover", "uv": [ 10.0, 5.5, 15.0, 7.5 ] },
								"east": { "texture": "#snowcover", "uv": [ 6.0, 4.0, 12.0, 6.0 ] },
								"south": { "texture": "#snowcover", "uv": [ 9.5, 7.0, 14.5, 9.0 ] },
								"west": { "texture": "#snowcover", "uv": [ 7.0, 7.5, 13.0, 9.5 ] },
								"up": { "texture": "#snowcover", "uv": [ 6.5, 9.5, 11.5, 15.5 ] },
								"down": { "texture": "#snowcover", "uv": [ 3.0, 8.0, 8.0, 14.0 ] }
							}
						}
					]
				}
			]
		}
	]}