{
	"editor": {
		"allAngles": false,
		"singleTexture": false
	},
	"textureWidth": 16,
	"textureHeight": 16,
	"textures": {
		"0": "game:block/stone/rock/andesite1"
	},
	"elements": [
		{
			"name": "origin",
			"from": [ 8.0, 0.0, 8.0 ], 
			"to": [ 8.0, 0.0, 8.0 ], 
			"rotationOrigin": [ 8.0, 0.0, 8.0 ],
			"faces": {
			},
			"children": [
				{
					"name": "rock 1",
					"from": [ -5.0, 0.0, -2.0 ], 
					"to": [ 3.0, 6.0, 7.0 ], 
					"rotationOrigin": [ -1.5, 0.0, 1.5 ],
					"rotationY": -22.5,
					"faces": {
						"north": { "texture": "#rock", "uv": [ 0.0, 8.0, 8.0, 14.0 ] },
						"east": { "texture": "#rock", "uv": [ 7.0, 7.0, 16.0, 13.0 ] },
						"south": { "texture": "#rock", "uv": [ 2.0, 6.5, 10.0, 12.5 ] },
						"west": { "texture": "#rock", "uv": [ 6.0, 1.0, 15.0, 7.0 ] },
						"up": { "texture": "#rock", "uv": [ 5.5, 0.5, 13.5, 9.5 ] },
						"down": { "texture": "#rock", "uv": [ 7.0, 2.0, 15.0, 11.0 ] }
					}
				},
				{
					"name": "rock 4",
					"from": [ 1.5, 0.0, -7.5 ], 
					"to": [ 6.5, 4.0, -1.5 ], 
					"rotationOrigin": [ 4.0, 0.0, -4.5 ],
					"rotationY": -67.5,
					"faces": {
						"north": { "texture": "#rock", "uv": [ 10.0, 5.5, 15.0, 10.5 ] },
						"east": { "texture": "#rock", "uv": [ 6.0, 4.0, 12.0, 9.0 ] },
						"south": { "texture": "#rock", "uv": [ 9.5, 7.0, 14.5, 12.0 ] },
						"west": { "texture": "#rock", "uv": [ 7.0, 7.5, 13.0, 12.5 ] },
						"up": { "texture": "#rock", "uv": [ 6.5, 9.5, 11.5, 15.5 ] },
						"down": { "texture": "#rock", "uv": [ 3.0, 8.0, 8.0, 14.0 ] }
					}
				}
			]
		}
	]}