{
  "type": "code",
  "modid": "bettererprospecting",
  "name": "BetterEr Prospecting",
  "authors": [
    "KnewOne"
  ],
  "contributors": [
    "NeoB",
    "qua8ion",
    "The_Revisionist",
    "Gnomp",
    "jeikobu__",
    "NathanNgo",
    "Shacklebottom",
    "iturtleman",
    "Voragain",
    "PurplePi"
  ],
  "description": "A compilation of configurable ProPick features.",
  "version": "2.1.0",
  "Side": "Universal",
  "dependencies": {
    "game": "1.21.1"
  }
}
