[
	{
		"code": "chrysotile",
		"triesPerChunk": 0.01,
		"withOreMap": true,
		"handbookPageCode": "item-ore-chrysotile",
		"generator": "iog-gen",
		"attributes": {
			"inblock": {
				"veintype": "hydrotube",
				"code": "rock-*",
				"name": "rock",
				"allowedVariants": [
					"peridotite",
					"slate",
					"conglomerate",
					"claystone",
					"shale",

					"dolostone",
					"quartzite",
					"amphibolite"
				]
			},
			"surfaceBlock": { "code": "looseores-chrysotile-{rock}-free" },

			"placeblock": { "code": "ore-chrysotile-{rock}" },
			"radius": {
				"dist": "uniform",
				"avg": 12,
				"var": 6
			},
			"yPosRel": {
				"dist": "uniform",
				"avg": 0.5,
				"var": 0.2
			},
			"thickness": {
				"dist": "uniform",
				"avg": 10,
				"var": 5
			},
			"branchCount": {
				"dist": "uniform",
				"avg": 2,
				"var": 1
			},
			"branchLength": {
				"dist": "uniform",
				"avg": 192,
				"var": 64
			},
			"OreSpongePercent": 0.3
		}
	},
	{
		"code": "chrysotile",
		"triesPerChunk": 0.005,
		"withOreMap": true,
		"handbookPageCode": "item-ore-chrysotile",
		"generator": "iog-gen",
		"attributes": {
			"inblock": {
				"veintype": "fault",
				"code": "rock-*",
				"name": "rock",
				"allowedVariants": [
					"peridotite",
					"slate",
					"conglomerate",
					"claystone",
					"shale",

					"dolostone",
					"quartzite",
					"amphibolite"
				]
			},
			"surfaceBlock": { "code": "looseores-chrysotile-{rock}-free" },

			"placeblock": { "code": "ore-chrysotile-{rock}" },
			"radius": {
				"dist": "uniform",
				"avg": 12,
				"var": 6
			},
			"yPosRel": {
				"dist": "uniform",
				"avg": 0.6,
				"var": 0.2
			},
			"thickness": {
				"dist": "uniform",
				"avg": 1.5,
				"var": 1
			},
			"branchCount": {
				"dist": "uniform",
				"avg": 24,
				"var": 12
			},
			"branchLength": {
				"dist": "uniform",
				"avg": 256,
				"var": 64
			},
			"OreSpongePercent": 0.3
		}
	},
	{
		"code": "chrysotile",
		"triesPerChunk": 0.005,
		"withOreMap": true,
		"handbookPageCode": "item-ore-chrysotile",
		"generator": "iog-gen",
		"attributes": {
			"inblock": {
				"veintype": "chimney",
				"code": "rock-*",
				"name": "rock",
				"allowedVariants": [
					"peridotite",

					"amphibolite"
				]
			},
			"surfaceBlock": { "code": "looseores-chrysotile-{rock}-free" },

			"placeblock": { "code": "ore-chrysotile-{rock}" },
			"radius": {
				"dist": "uniform",
				"avg": 12,
				"var": 6
			},
			"yPosRel": {
				"dist": "uniform",
				"avg": 0.1,
				"var": 0.1
			},
			"thickness": {
				"dist": "uniform",
				"avg": 1.5,
				"var": 1
			},
			"branchCount": {
				"dist": "uniform",
				"avg": 24,
				"var": 12
			},
			"branchLength": {
				"dist": "uniform",
				"avg": 128,
				"var": 64
			},
			"OreSpongePercent": 0.3
		}
	}
]