[
  {
    "op": "add",
    "path": "/structures/22",
    "value": {
      "code": "riftspire",
      "group": "riftspires",
      "minGroupDistance": 5000,
      "name": "Riftspire",
      "chance": 0.001,
      "schematics": [
        "wrustbound:riftspires/riftspire-aged.json"
      ],
      "postPass": true,
      "suppressTrees": true,
      "placement": "surface"
    },
    "file": "game:worldgen/structures.json",
    "side": "Server"
  },
  {
    "op": "add",
    "path": "/structures/23",
    "value": {
      "code": "riftspire",
      "group": "riftspires",
      "minGroupDistance": 5000,
      "name": "Riftspire",
      "chance": 0.1,
      "schematics": [
        "wrustbound:riftspires/riftspire-mature1.json"
      ],
      "postPass": true,
      "suppressTrees": true,
      "placement": "surface"
    },
    "file": "game:worldgen/structures.json",
    "side": "Server"
  },
  {
    "op": "add",
    "path": "/structures/24",
    "value": {
      "code": "riftspire",
      "group": "riftspires",
      "minGroupDistance": 5000,
      "name": "Riftspire",
      "chance": 0.1,
      "schematics": [
        "wrustbound:riftspires/riftspire-mature2.json"
      ],
      "postPass": true,
      "suppressTrees": true,
      "placement": "surface"
    },
    "file": "game:worldgen/structures.json",
    "side": "Server"
  },
  {
    "op": "add",
    "path": "/structures/25",
    "value": {
      "code": "riftspire",
      "group": "riftspires",
      "minGroupDistance": 5000,
      "name": "Riftspire",
      "chance": 0.1,
      "schematics": [
        "wrustbound:riftspires/riftspire-mature3.json"
      ],
      "postPass": true,
      "suppressTrees": true,
      "placement": "surface"
    },
    "file": "game:worldgen/structures.json",
    "side": "Server"
  },
  {
    "op": "add",
    "path": "/structures/26",
    "value": {
      "code": "riftspire",
      "group": "riftspires",
      "minGroupDistance": 5000,
      "name": "Riftspire",
      "chance": 0.2,
      "schematics": [
        "wrustbound:riftspires/riftspire-juvenile1.json"
      ],
      "postPass": true,
      "suppressTrees": true,
      "placement": "surface"
    },
    "file": "game:worldgen/structures.json",
    "side": "Server"
  },
  {
    "op": "add",
    "path": "/structures/27",
    "value": {
      "code": "riftspire",
      "group": "riftspires",
      "minGroupDistance": 5000,
      "name": "Riftspire",
      "chance": 0.2,
      "schematics": [
        "wrustbound:riftspires/riftspire-juvenile2.json"
      ],
      "postPass": true,
      "suppressTrees": true,
      "placement": "surface"
    },
    "file": "game:worldgen/structures.json",
    "side": "Server"
  },
  {
    "op": "add",
    "path": "/structures/28",
    "value": {
      "code": "riftspire",
      "group": "riftspires",
      "minGroupDistance": 5000,
      "name": "Riftspire",
      "chance": 0.2,
      "schematics": [
        "wrustbound:riftspires/riftspire-juvenile3.json"
      ],
      "postPass": true,
      "suppressTrees": true,
      "placement": "surface"
    },
    "file": "game:worldgen/structures.json",
    "side": "Server"
  },
  {
    "op": "add",
    "path": "/structures/29",
    "value": {
      "code": "cavespire",
      "group": "cavespires",
      "minGroupDistance": 1000,
      "name": "Cavespire",
      "chance": 30,
      "schematics": [
        "wrustbound:cavespires/cavespire-aged.json"
      ],
      "postPass": true,
      "placement": "underground"
    },
    "file": "game:worldgen/structures.json",
    "side": "Server"
  },
  {
    "op": "add",
    "path": "/structures/30",
    "value": {
      "code": "cavespire",
      "group": "cavespires",
      "minGroupDistance": 1000,
      "name": "cavespire",
      "chance": 40,
      "schematics": [
        "wrustbound:cavespires/cavespire-mature1.json"
      ],
      "postPass": true,
      "placement": "underground"
    },
    "file": "game:worldgen/structures.json",
    "side": "Server"
  },
  {
    "op": "add",
    "path": "/structures/31",
    "value": {
      "code": "cavespire",
      "group": "cavespires",
      "minGroupDistance": 1000,
      "name": "cavespire",
      "chance": 35,
      "schematics": [
        "wrustbound:cavespires/cavespire-mature2.json"
      ],
      "postPass": true,
      "placement": "underground"
    },
    "file": "game:worldgen/structures.json",
    "side": "Server"
  },
  {
    "op": "add",
    "path": "/structures/32",
    "value": {
      "code": "cavespire",
      "group": "cavespires",
      "minGroupDistance": 1000,
      "name": "cavespire",
      "chance": 30,
      "schematics": [
        "wrustbound:cavespires/cavespire-mature3.json"
      ],
      "postPass": true,
      "placement": "underground"
    },
    "file": "game:worldgen/structures.json",
    "side": "Server"
  },
  {
    "op": "add",
    "path": "/structures/33",
    "value": {
      "code": "cavespire",
      "group": "cavespires",
      "minGroupDistance": 1000,
      "name": "cavespire",
      "chance": 100,
      "schematics": [
        "wrustbound:cavespires/cavespire-juvenile1.json"
      ],
      "postPass": true,
      "placement": "underground"
    },
    "file": "game:worldgen/structures.json",
    "side": "Server"
  },
  {
    "op": "add",
    "path": "/structures/34",
    "value": {
      "code": "cavespire",
      "group": "cavespires",
      "minGroupDistance": 1000,
      "name": "cavespire",
      "chance": 100,
      "schematics": [
        "wrustbound:cavespires/cavespire-juvenile2.json"
      ],
      "postPass": true,
      "placement": "underground"
    },
    "file": "game:worldgen/structures.json",
    "side": "Server"
  },
  {
    "op": "add",
    "path": "/structures/35",
    "value": {
      "code": "cavespire",
      "group": "cavespires",
      "minGroupDistance": 1000,
      "name": "cavespire",
      "chance": 100,
      "schematics": [
        "wrustbound:cavespires/cavespire-juvenile3.json"
      ],
      "postPass": true,
      "placement": "underground"
    },
    "file": "game:worldgen/structures.json",
    "side": "Server"
  }
]