[
  {
    "op": "add",
    "path": "/buying/list/1",
    "value": {
      "code": "gear-temporal",
      "type": "item",
      "stacksize": 1,
      "stock": {
        "avg": 1,
        "var": 0.25
      },
      "price": {
        "avg": 7,
        "var": 3
      }
    },
    "file": "game:config/tradelists/trader-survivalgoods.json"
  },
  {
    "op": "add",
    "path": "/selling/list/30",
    "value": {
      "code": "gear-temporal",
      "type": "item",
      "stacksize": 1,
      "stock": {
        "avg": 1,
        "var": 3
      },
      "price": {
        "avg": 9,
        "var": 4.25
      }
    },
    "file": "game:config/tradelists/trader-survivalgoods.json"
  }
]