[
  {
    "op": "add",
    "path": "/buying/list/1",
    "value": {
      "code": "gear-temporal",
      "type": "item",
      "stacksize": 1,
      "stock": {
        "avg": 1,
        "var": 0.25
      },
      "price": {
        "avg": 8,
        "var": 2
      }
    },
    "file": "game:config/tradelists/trader-commodities.json"
  },
  {
    "op": "add",
    "path": "/selling/list/24",
    "value": {
      "code": "gear-temporal",
      "type": "item",
      "stacksize": 1,
      "stock": {
        "avg": 2,
        "var": 1
      },
      "price": {
        "avg": 13,
        "var": 5
      }
    },
    "file": "game:config/tradelists/trader-commodities.json"
  }
]