[
  {
    "op": "replace",
    "path": "/server/behaviors/9/aitasks/3/damageByType/bear-black-*",
    "value": 3,
    "file": "game:entities/animal/mammal/bear-adult.json",
    "side": "Server"
  },
  {
    "op": "replace",
    "path": "/server/behaviors/9/aitasks/3/damageByType/bear-brown-*",
    "value": 5,
    "file": "game:entities/animal/mammal/bear-adult.json",
    "side": "Server"
  },
  {
    "op": "replace",
    "path": "/server/behaviors/9/aitasks/3/damageByType/bear-panda-*",
    "value": 2,
    "file": "game:entities/animal/mammal/bear-adult.json",
    "side": "Server"
  },
  {
    "op": "replace",
    "path": "/server/behaviors/9/aitasks/3/damageByType/bear-polar-*",
    "value": 7,
    "file": "game:entities/animal/mammal/bear-adult.json",
    "side": "Server"
  },
  {
    "op": "replace",
    "path": "/server/behaviors/9/aitasks/3/damageByType/bear-sun-*",
    "value": 2.75,
    "file": "game:entities/animal/mammal/bear-adult.json",
    "side": "Server"
  }
]