[
  {
    "op": "replace",
    "path": "/server/behaviors/7/aitasks/1/damageRange",
    "value": 4,
    "file": "game:entities/lore/boss/erel.json",
    "side": "Server"
  },
  {
    "op": "replace",
    "path": "/server/behaviors/7/aitasks/2/damage",
    "value": 7,
    "file": "game:entities/lore/boss/erel.json",
    "side": "Server"
  },
  {
    "op": "replace",
    "path": "/server/behaviors/7/aitasks/3/projectileConfigs/0/damage",
    "value": 4,
    "file": "game:entities/lore/boss/erel.json",
    "side": "Server"
  },
  {
    "op": "replace",
    "path": "/server/behaviors/7/aitasks/3/projectileConfigs/1/damage",
    "value": 3.5,
    "file": "game:entities/lore/boss/erel.json",
    "side": "Server"
  },
  {
    "op": "replace",
    "path": "/server/behaviors/7/aitasks/3/projectileConfigs/2/damage",
    "value": 7,
    "file": "game:entities/lore/boss/erel.json",
    "side": "Server"
  },
  {
    "op": "replace",
    "path": "/server/behaviors/7/aitasks/3/projectileConfigs/3/damage",
    "value": 4.75,
    "file": "game:entities/lore/boss/erel.json",
    "side": "Server"
  }
]