[
  {
    "op": "add",
    "path": "/buying/list/1",
    "value": {
      "code": "gear-temporal",
      "type": "item",
      "stacksize": 1,
      "stock": {
        "avg": 2,
        "var": 2
      },
      "price": {
        "avg": 6,
        "var": 3
      }
    },
    "file": "game:config/tradelists/trader-treasurehunter.json"
  },
  {
    "op": "replace",
    "path": "/selling/list/10/price/avg",
    "value": 15,
    "file": "game:config/tradelists/trader-treasurehunter.json"
  },
  {
    "op": "replace",
    "path": "/selling/list/10/price/var",
    "value": 1,
    "file": "game:config/tradelists/trader-treasurehunter.json"
  }
]