[
 {
		"ingredientPattern": "F,H",
		"ingredients": {
			"F": { "type": "item", "code": "game:salt", "quantity": 1 },
			"H": { "type": "item", "code": "pelt-raw-canina-baby-aenocyon-*", "name": "type", "quantity": 1, "allowedVariants": ["dirus"] }
		},
		"shapeless": true,
		"width": 1,
		"height": 2,
		"output": { "type": "item", "code": "pelt-salted-canina-baby-aenocyon-{type}" }
	},
 {
		"ingredientPattern": "F,H",
		"ingredients": {
			"F": { "type": "item", "code": "game:salt", "quantity": 6 },
			"H": { "type": "item", "code": "pelt-raw-canina-female-aenocyon-*", "name": "type", "quantity": 1, "allowedVariants": ["dirus"] }
		},
		"shapeless": true,
		"width": 1,
		"height": 2,
		"output": { "type": "item", "code": "pelt-salted-canina-female-aenocyon-{type}" }
	},
 {
		"ingredientPattern": "F,H",
		"ingredients": {
			"F": { "type": "item", "code": "game:salt", "quantity": 6 },
			"H": { "type": "item", "code": "pelt-raw-canina-male-aenocyon-*", "name": "type", "quantity": 1, "allowedVariants": ["dirus"] }
		},
		"shapeless": true,
		"width": 1,
		"height": 2,
		"output": { "type": "item", "code": "pelt-salted-canina-male-aenocyon-{type}" }
	},
 {
		"ingredientPattern": "F,H",
		"ingredients": {
			"F": { "type": "item", "code": "game:salt", "quantity": 1 },
			"H": { "type": "item", "code": "pelt-raw-canina-baby-canis-*", "name": "type", "quantity": 1, "allowedVariants": ["aureus","familiaris","latrans","lupastor","lupus","lupusarctos","lupusdingo","lycaon","rufus","simensis"] }
		},
		"shapeless": true,
		"width": 1,
		"height": 2,
		"output": { "type": "item", "code": "pelt-salted-canina-baby-canis-{type}" }
	},
 {
		"ingredientPattern": "F,H",
		"ingredients": {
			"F": { "type": "item", "code": "game:salt", "quantity": 2 },
			"H": { "type": "item", "code": "pelt-raw-canina-female-canis-*", "name": "type", "quantity": 1, "allowedVariants": ["aureus","latrans","lupastor","lupusdingo","simensis"] }
		},
		"shapeless": true,
		"width": 1,
		"height": 2,
		"output": { "type": "item", "code": "pelt-salted-canina-female-canis-{type}" }
	},
 {
		"ingredientPattern": "F,H",
		"ingredients": {
			"F": { "type": "item", "code": "game:salt", "quantity": 4 },
			"H": { "type": "item", "code": "pelt-raw-canina-female-canis-*", "name": "type", "quantity": 1, "allowedVariants": ["rufus"] }
		},
		"shapeless": true,
		"width": 1,
		"height": 2,
		"output": { "type": "item", "code": "pelt-salted-canina-female-canis-{type}" }
	},
 {
		"ingredientPattern": "F,H",
		"ingredients": {
			"F": { "type": "item", "code": "game:salt", "quantity": 6 },
			"H": { "type": "item", "code": "pelt-raw-canina-female-canis-*", "name": "type", "quantity": 1, "allowedVariants": ["familiaris","lupus","lupusarctos","lycaon"] }
		},
		"shapeless": true,
		"width": 1,
		"height": 2,
		"output": { "type": "item", "code": "pelt-salted-canina-female-canis-{type}" }
	},
 {
		"ingredientPattern": "F,H",
		"ingredients": {
			"F": { "type": "item", "code": "game:salt", "quantity": 2 },
			"H": { "type": "item", "code": "pelt-raw-canina-male-canis-*", "name": "type", "quantity": 1, "allowedVariants": ["aureus","latrans","lupastor","lupusdingo","simensis"] }
		},
		"shapeless": true,
		"width": 1,
		"height": 2,
		"output": { "type": "item", "code": "pelt-salted-canina-male-canis-{type}" }
	},
 {
		"ingredientPattern": "F,H",
		"ingredients": {
			"F": { "type": "item", "code": "game:salt", "quantity": 4 },
			"H": { "type": "item", "code": "pelt-raw-canina-male-canis-*", "name": "type", "quantity": 1, "allowedVariants": ["rufus"] }
		},
		"shapeless": true,
		"width": 1,
		"height": 2,
		"output": { "type": "item", "code": "pelt-salted-canina-male-canis-{type}" }
	},
 {
		"ingredientPattern": "F,H",
		"ingredients": {
			"F": { "type": "item", "code": "game:salt", "quantity": 6 },
			"H": { "type": "item", "code": "pelt-raw-canina-male-canis-*", "name": "type", "quantity": 1, "allowedVariants": ["familiaris","lupus","lupusarctos","lycaon"] }
		},
		"shapeless": true,
		"width": 1,
		"height": 2,
		"output": { "type": "item", "code": "pelt-salted-canina-male-canis-{type}" }
	},
 {
		"ingredientPattern": "F,H",
		"ingredients": {
			"F": { "type": "item", "code": "game:salt", "quantity": 1 },
			"H": { "type": "item", "code": "pelt-raw-canina-baby-cuon-*", "name": "type", "quantity": 1, "allowedVariants": ["alpinus"] }
		},
		"shapeless": true,
		"width": 1,
		"height": 2,
		"output": { "type": "item", "code": "pelt-salted-canina-baby-cuon-{type}" }
	},
 {
		"ingredientPattern": "F,H",
		"ingredients": {
			"F": { "type": "item", "code": "game:salt", "quantity": 2 },
			"H": { "type": "item", "code": "pelt-raw-canina-female-cuon-*", "name": "type", "quantity": 1, "allowedVariants": ["alpinus"] }
		},
		"shapeless": true,
		"width": 1,
		"height": 2,
		"output": { "type": "item", "code": "pelt-salted-canina-female-cuon-{type}" }
	},
 {
		"ingredientPattern": "F,H",
		"ingredients": {
			"F": { "type": "item", "code": "game:salt", "quantity": 2 },
			"H": { "type": "item", "code": "pelt-raw-canina-male-cuon-*", "name": "type", "quantity": 1, "allowedVariants": ["alpinus"] }
		},
		"shapeless": true,
		"width": 1,
		"height": 2,
		"output": { "type": "item", "code": "pelt-salted-canina-male-cuon-{type}" }
	},
 {
		"ingredientPattern": "F,H",
		"ingredients": {
			"F": { "type": "item", "code": "game:salt", "quantity": 1 },
			"H": { "type": "item", "code": "pelt-raw-canina-baby-cynotherium-*", "name": "type", "quantity": 1, "allowedVariants": ["sardous"] }
		},
		"shapeless": true,
		"width": 1,
		"height": 2,
		"output": { "type": "item", "code": "pelt-salted-canina-baby-cynotherium-{type}" }
	},
 {
		"ingredientPattern": "F,H",
		"ingredients": {
			"F": { "type": "item", "code": "game:salt", "quantity": 2 },
			"H": { "type": "item", "code": "pelt-raw-canina-female-cynotherium-*", "name": "type", "quantity": 1, "allowedVariants": ["sardous"] }
		},
		"shapeless": true,
		"width": 1,
		"height": 2,
		"output": { "type": "item", "code": "pelt-salted-canina-female-cynotherium-{type}" }
	},
 {
		"ingredientPattern": "F,H",
		"ingredients": {
			"F": { "type": "item", "code": "game:salt", "quantity": 2 },
			"H": { "type": "item", "code": "pelt-raw-canina-male-cynotherium-*", "name": "type", "quantity": 1, "allowedVariants": ["sardous"] }
		},
		"shapeless": true,
		"width": 1,
		"height": 2,
		"output": { "type": "item", "code": "pelt-salted-canina-male-cynotherium-{type}" }
	},
 {
		"ingredientPattern": "F,H",
		"ingredients": {
			"F": { "type": "item", "code": "game:salt", "quantity": 1 },
			"H": { "type": "item", "code": "pelt-raw-canina-baby-lupulella-*", "name": "type", "quantity": 1, "allowedVariants": ["adusta","mesomelas"] }
		},
		"shapeless": true,
		"width": 1,
		"height": 2,
		"output": { "type": "item", "code": "pelt-salted-canina-baby-lupulella-{type}" }
	},
 {
		"ingredientPattern": "F,H",
		"ingredients": {
			"F": { "type": "item", "code": "game:salt", "quantity": 2 },
			"H": { "type": "item", "code": "pelt-raw-canina-female-lupulella-*", "name": "type", "quantity": 1, "allowedVariants": ["adusta","mesomelas"] }
		},
		"shapeless": true,
		"width": 1,
		"height": 2,
		"output": { "type": "item", "code": "pelt-salted-canina-female-lupulella-{type}" }
	},
 {
		"ingredientPattern": "F,H",
		"ingredients": {
			"F": { "type": "item", "code": "game:salt", "quantity": 2 },
			"H": { "type": "item", "code": "pelt-raw-canina-male-lupulella-*", "name": "type", "quantity": 1, "allowedVariants": ["adusta","mesomelas"] }
		},
		"shapeless": true,
		"width": 1,
		"height": 2,
		"output": { "type": "item", "code": "pelt-salted-canina-male-lupulella-{type}" }
	},
 {
		"ingredientPattern": "F,H",
		"ingredients": {
			"F": { "type": "item", "code": "game:salt", "quantity": 1 },
			"H": { "type": "item", "code": "pelt-raw-canina-baby-lycaon-*", "name": "type", "quantity": 1, "allowedVariants": ["pictus"] }
		},
		"shapeless": true,
		"width": 1,
		"height": 2,
		"output": { "type": "item", "code": "pelt-salted-canina-baby-lycaon-{type}" }
	},
 {
		"ingredientPattern": "F,H",
		"ingredients": {
			"F": { "type": "item", "code": "game:salt", "quantity": 6 },
			"H": { "type": "item", "code": "pelt-raw-canina-female-lycaon-*", "name": "type", "quantity": 1, "allowedVariants": ["pictus"] }
		},
		"shapeless": true,
		"width": 1,
		"height": 2,
		"output": { "type": "item", "code": "pelt-salted-canina-female-lycaon-{type}" }
	},
 {
		"ingredientPattern": "F,H",
		"ingredients": {
			"F": { "type": "item", "code": "game:salt", "quantity": 6 },
			"H": { "type": "item", "code": "pelt-raw-canina-male-lycaon-*", "name": "type", "quantity": 1, "allowedVariants": ["pictus"] }
		},
		"shapeless": true,
		"width": 1,
		"height": 2,
		"output": { "type": "item", "code": "pelt-salted-canina-male-lycaon-{type}" }
	},
 {
		"ingredientPattern": "F,H",
		"ingredients": {
			"F": { "type": "item", "code": "game:salt", "quantity": 1 },
			"H": { "type": "item", "code": "pelt-raw-cerdocyonina-baby-atelocynus-*", "name": "type", "quantity": 1, "allowedVariants": ["microtis"] }
		},
		"shapeless": true,
		"width": 1,
		"height": 2,
		"output": { "type": "item", "code": "pelt-salted-cerdocyonina-baby-atelocynus-{type}" }
	},
	{
		"ingredientPattern": "F,H",
		"ingredients": {
			"F": { "type": "item", "code": "game:salt", "quantity": 1 },
			"H": { "type": "item", "code": "pelt-raw-cerdocyonina-female-atelocynus-*", "name": "type", "quantity": 2, "allowedVariants": ["microtis"] }
		},
		"shapeless": true,
		"width": 1,
		"height": 2,
		"output": { "type": "item", "code": "pelt-salted-cerdocyonina-female-atelocynus-{type}" }
	},
	{
		"ingredientPattern": "F,H",
		"ingredients": {
			"F": { "type": "item", "code": "game:salt", "quantity": 1 },
			"H": { "type": "item", "code": "pelt-raw-cerdocyonina-male-atelocynus-*", "name": "type", "quantity": 2, "allowedVariants": ["microtis"] }
		},
		"shapeless": true,
		"width": 1,
		"height": 2,
		"output": { "type": "item", "code": "pelt-salted-cerdocyonina-male-atelocynus-{type}" }
	},{
		"ingredientPattern": "F,H",
		"ingredients": {
			"F": { "type": "item", "code": "game:salt", "quantity": 1 },
			"H": { "type": "item", "code": "pelt-raw-cerdocyonina-baby-cerdocyon-*", "name": "type", "quantity": 1, "allowedVariants": ["thous"] }
		},
		"shapeless": true,
		"width": 1,
		"height": 2,
		"output": { "type": "item", "code": "pelt-salted-cerdocyonina-baby-cerdocyon-{type}" }
	},
	{
		"ingredientPattern": "F,H",
		"ingredients": {
			"F": { "type": "item", "code": "game:salt", "quantity": 1 },
			"H": { "type": "item", "code": "pelt-raw-cerdocyonina-female-cerdocyon-*", "name": "type", "quantity": 1, "allowedVariants": ["thous"] }
		},
		"shapeless": true,
		"width": 1,
		"height": 2,
		"output": { "type": "item", "code": "pelt-salted-cerdocyonina-female-cerdocyon-{type}" }
	},
	{
		"ingredientPattern": "F,H",
		"ingredients": {
			"F": { "type": "item", "code": "game:salt", "quantity": 1 },
			"H": { "type": "item", "code": "pelt-raw-cerdocyonina-male-cerdocyon-*", "name": "type", "quantity": 1, "allowedVariants": ["thous"] }
		},
		"shapeless": true,
		"width": 1,
		"height": 2,
		"output": { "type": "item", "code": "pelt-salted-cerdocyonina-male-cerdocyon-{type}" }
	},
	{
		"ingredientPattern": "F,H",
		"ingredients": {
			"F": { "type": "item", "code": "game:salt", "quantity": 1 },
			"H": { "type": "item", "code": "pelt-raw-cerdocyonina-baby-chrysocyon-*", "name": "type", "quantity": 1, "allowedVariants": ["brachyurus"] }
		},
		"shapeless": true,
		"width": 1,
		"height": 2,
		"output": { "type": "item", "code": "pelt-salted-cerdocyonina-baby-chrysocyon-{type}" }
	},
	{
		"ingredientPattern": "F,H",
		"ingredients": {
			"F": { "type": "item", "code": "game:salt", "quantity": 6 },
			"H": { "type": "item", "code": "pelt-raw-cerdocyonina-female-chrysocyon-*", "name": "type", "quantity": 1, "allowedVariants": ["brachyurus"] }
		},
		"shapeless": true,
		"width": 1,
		"height": 2,
		"output": { "type": "item", "code": "pelt-salted-cerdocyonina-female-chrysocyon-{type}" }
	},
	{
		"ingredientPattern": "F,H",
		"ingredients": {
			"F": { "type": "item", "code": "game:salt", "quantity": 6 },
			"H": { "type": "item", "code": "pelt-raw-cerdocyonina-male-chrysocyon-*", "name": "type", "quantity": 1, "allowedVariants": ["brachyurus"] }
		},
		"shapeless": true,
		"width": 1,
		"height": 2,
		"output": { "type": "item", "code": "pelt-salted-cerdocyonina-male-chrysocyon-{type}" }
	},
	{
		"ingredientPattern": "F,H",
		"ingredients": {
			"F": { "type": "item", "code": "game:salt", "quantity": 1 },
			"H": { "type": "item", "code": "pelt-raw-cerdocyonina-baby-dusicyon-*", "name": "type", "quantity": 1, "allowedVariants": ["australis","avus"] }
		},
		"shapeless": true,
		"width": 1,
		"height": 2,
		"output": { "type": "item", "code": "pelt-salted-cerdocyonina-baby-dusicyon-{type}" }
	},
	{
		"ingredientPattern": "F,H",
		"ingredients": {
			"F": { "type": "item", "code": "game:salt", "quantity": 4 },
			"H": { "type": "item", "code": "pelt-raw-cerdocyonina-female-dusicyon-*", "name": "type", "quantity": 1, "allowedVariants": ["australis","avus"] }
		},
		"shapeless": true,
		"width": 1,
		"height": 2,
		"output": { "type": "item", "code": "pelt-salted-cerdocyonina-female-dusicyon-{type}" }
	},
	{
		"ingredientPattern": "F,H",
		"ingredients": {
			"F": { "type": "item", "code": "game:salt", "quantity": 4 },
			"H": { "type": "item", "code": "pelt-raw-cerdocyonina-male-dusicyon-*", "name": "type", "quantity": 1, "allowedVariants": ["australis","avus"] }
		},
		"shapeless": true,
		"width": 1,
		"height": 2,
		"output": { "type": "item", "code": "pelt-salted-cerdocyonina-male-dusicyon-{type}" }
	},
	{
		"ingredientPattern": "F,H",
		"ingredients": {
			"F": { "type": "item", "code": "game:salt", "quantity": 1 },
			"H": { "type": "item", "code": "pelt-raw-cerdocyonina-baby-lycalopex-*", "name": "type", "quantity": 1, "allowedVariants": ["culpaeus","fulvipes","griseus","gymnocercus","sechurae","vetulus"] }
		},
		"shapeless": true,
		"width": 1,
		"height": 2,
		"output": { "type": "item", "code": "pelt-salted-cerdocyonina-baby-lycalopex-{type}" }
	},
	{
		"ingredientPattern": "F,H",
		"ingredients": {
			"F": { "type": "item", "code": "game:salt", "quantity": 1 },
			"H": { "type": "item", "code": "pelt-raw-cerdocyonina-female-lycalopex-*", "name": "type", "quantity": 1, "allowedVariants": ["fulvipes","griseus","gymnocercus","sechurae","vetulus"] }
		},
		"shapeless": true,
		"width": 1,
		"height": 2,
		"output": { "type": "item", "code": "pelt-salted-cerdocyonina-female-lycalopex-{type}" }
	},
	{
		"ingredientPattern": "F,H",
		"ingredients": {
			"F": { "type": "item", "code": "game:salt", "quantity": 2 },
			"H": { "type": "item", "code": "pelt-raw-cerdocyonina-female-lycalopex-*", "name": "type", "quantity": 1, "allowedVariants": ["culpaeus"] }
		},
		"shapeless": true,
		"width": 1,
		"height": 2,
		"output": { "type": "item", "code": "pelt-salted-cerdocyonina-female-lycalopex-{type}" }
	},
	{
		"ingredientPattern": "F,H",
		"ingredients": {
			"F": { "type": "item", "code": "game:salt", "quantity": 1 },
			"H": { "type": "item", "code": "pelt-raw-cerdocyonina-male-lycalopex-*", "name": "type", "quantity": 1, "allowedVariants": ["fulvipes","griseus","gymnocercus","sechurae","vetulus"] }
		},
		"shapeless": true,
		"width": 1,
		"height": 2,
		"output": { "type": "item", "code": "pelt-salted-cerdocyonina-male-lycalopex-{type}" }
	},
	{
		"ingredientPattern": "F,H",
		"ingredients": {
			"F": { "type": "item", "code": "game:salt", "quantity": 2 },
			"H": { "type": "item", "code": "pelt-raw-cerdocyonina-male-lycalopex-*", "name": "type", "quantity": 1, "allowedVariants": ["culpaeus"] }
		},
		"shapeless": true,
		"width": 1,
		"height": 2,
		"output": { "type": "item", "code": "pelt-salted-cerdocyonina-male-lycalopex-{type}" }
	},
	{
		"ingredientPattern": "F,H",
		"ingredients": {
			"F": { "type": "item", "code": "game:salt", "quantity": 1 },
			"H": { "type": "item", "code": "pelt-raw-cerdocyonina-baby-speothos-*", "name": "type", "quantity": 1, "allowedVariants": ["pacivorus","venaticus"] }
		},
		"shapeless": true,
		"width": 1,
		"height": 2,
		"output": { "type": "item", "code": "pelt-salted-cerdocyonina-baby-speothos-{type}" }
	},
	{
		"ingredientPattern": "F,H",
		"ingredients": {
			"F": { "type": "item", "code": "game:salt", "quantity": 1 },
			"H": { "type": "item", "code": "pelt-raw-cerdocyonina-female-speothos-*", "name": "type", "quantity": 1, "allowedVariants": ["venaticus"] }
		},
		"shapeless": true,
		"width": 1,
		"height": 2,
		"output": { "type": "item", "code": "pelt-salted-cerdocyonina-female-speothos-{type}" }
	},
	{
		"ingredientPattern": "F,H",
		"ingredients": {
			"F": { "type": "item", "code": "game:salt", "quantity": 6 },
			"H": { "type": "item", "code": "pelt-raw-cerdocyonina-female-speothos-*", "name": "type", "quantity": 1, "allowedVariants": ["pacivorus"] }
		},
		"shapeless": true,
		"width": 1,
		"height": 2,
		"output": { "type": "item", "code": "pelt-salted-cerdocyonina-female-speothos-{type}" }
	},
	{
		"ingredientPattern": "F,H",
		"ingredients": {
			"F": { "type": "item", "code": "game:salt", "quantity": 1 },
			"H": { "type": "item", "code": "pelt-raw-cerdocyonina-male-speothos-*", "name": "type", "quantity": 1, "allowedVariants": ["venaticus"] }
		},
		"shapeless": true,
		"width": 1,
		"height": 2,
		"output": { "type": "item", "code": "pelt-salted-cerdocyonina-male-speothos-{type}" }
	},
	{
		"ingredientPattern": "F,H",
		"ingredients": {
			"F": { "type": "item", "code": "game:salt", "quantity": 6 },
			"H": { "type": "item", "code": "pelt-raw-cerdocyonina-male-speothos-*", "name": "type", "quantity": 1, "allowedVariants": ["pacivorus"] }
		},
		"shapeless": true,
		"width": 1,
		"height": 2,
		"output": { "type": "item", "code": "pelt-salted-cerdocyonina-male-speothos-{type}" }
	},
	{
		"ingredientPattern": "F,H",
		"ingredients": {
			"F": { "type": "item", "code": "game:salt", "quantity": 1 },
			"H": { "type": "item", "code": "pelt-raw-urocyonini-baby-urocyon-*", "name": "type", "quantity": 1, "allowedVariants": ["cinereoargenteus","littoralis"] }
		},
		"shapeless": true,
		"width": 1,
		"height": 2,
		"output": { "type": "item", "code": "pelt-salted-urocyonini-baby-urocyon-{type}" }
	},
	{
		"ingredientPattern": "F,H",
		"ingredients": {
			"F": { "type": "item", "code": "game:salt", "quantity": 1 },
			"H": { "type": "item", "code": "pelt-raw-urocyonini-female-urocyon-*", "name": "type", "quantity": 1, "allowedVariants": ["cinereoargenteus","littoralis"] }
		},
		"shapeless": true,
		"width": 1,
		"height": 2,
		"output": { "type": "item", "code": "pelt-salted-urocyonini-female-urocyon-{type}" }
	},
	{
		"ingredientPattern": "F,H",
		"ingredients": {
			"F": { "type": "item", "code": "game:salt", "quantity": 1 },
			"H": { "type": "item", "code": "pelt-raw-urocyonini-male-urocyon-*", "name": "type", "quantity": 1, "allowedVariants": ["cinereoargenteus","littoralis"] }
		},
		"shapeless": true,
		"width": 1,
		"height": 2,
		"output": { "type": "item", "code": "pelt-salted-urocyonini-male-urocyon-{type}" }
	},
	{
		"ingredientPattern": "F,H",
		"ingredients": {
			"F": { "type": "item", "code": "game:salt", "quantity": 1 },
			"H": { "type": "item", "code": "pelt-raw-vulpini-baby-nyctereutes-*", "name": "type", "quantity": 1, "allowedVariants": ["procyonoides","viverrinus"] }
		},
		"shapeless": true,
		"width": 1,
		"height": 2,
		"output": { "type": "item", "code": "pelt-salted-vulpini-baby-nyctereutes-{type}" }
	},
	{
		"ingredientPattern": "F,H",
		"ingredients": {
			"F": { "type": "item", "code": "game:salt", "quantity": 1 },
			"H": { "type": "item", "code": "pelt-raw-vulpini-female-nyctereutes-*", "name": "type", "quantity": 1, "allowedVariants": ["procyonoides","viverrinus"] }
		},
		"shapeless": true,
		"width": 1,
		"height": 2,
		"output": { "type": "item", "code": "pelt-salted-vulpini-female-nyctereutes-{type}" }
	},
	{
		"ingredientPattern": "F,H",
		"ingredients": {
			"F": { "type": "item", "code": "game:salt", "quantity": 1 },
			"H": { "type": "item", "code": "pelt-raw-vulpini-male-nyctereutes-*", "name": "type", "quantity": 1, "allowedVariants": ["procyonoides","viverrinus"] }
		},
		"shapeless": true,
		"width": 1,
		"height": 2,
		"output": { "type": "item", "code": "pelt-salted-vulpini-male-nyctereutes-{type}" }
	},
	{
		"ingredientPattern": "F,H",
		"ingredients": {
			"F": { "type": "item", "code": "game:salt", "quantity": 1 },
			"H": { "type": "item", "code": "pelt-raw-vulpini-baby-otocyon-*", "name": "type", "quantity": 1, "allowedVariants": ["megalotis"] }
		},
		"shapeless": true,
		"width": 1,
		"height": 2,
		"output": { "type": "item", "code": "pelt-salted-vulpini-baby-otocyon-{type}" }
	},
	{
		"ingredientPattern": "F,H",
		"ingredients": {
			"F": { "type": "item", "code": "game:salt", "quantity": 1 },
			"H": { "type": "item", "code": "pelt-raw-vulpini-female-otocyon-*", "name": "type", "quantity": 1, "allowedVariants": ["megalotis"] }
		},
		"shapeless": true,
		"width": 1,
		"height": 2,
		"output": { "type": "item", "code": "pelt-salted-vulpini-female-otocyon-{type}" }
	},
	{
		"ingredientPattern": "F,H",
		"ingredients": {
			"F": { "type": "item", "code": "game:salt", "quantity": 1 },
			"H": { "type": "item", "code": "pelt-raw-vulpini-male-otocyon-*", "name": "type", "quantity": 1, "allowedVariants": ["megalotis"] }
		},
		"shapeless": true,
		"width": 1,
		"height": 2,
		"output": { "type": "item", "code": "pelt-salted-vulpini-male-otocyon-{type}" }
	},
	{
		"ingredientPattern": "F,H",
		"ingredients": {
			"F": { "type": "item", "code": "game:salt", "quantity": 1 },
			"H": { "type": "item", "code": "pelt-raw-vulpini-baby-vulpes-*", "name": "type", "quantity": 1, "allowedVariants": ["bengalensis","cana","chama","corsac","ferrilata","lagopus","macrotis","pallida","rueppellii","velox","vulpes","zerda"] }
		},
		"shapeless": true,
		"width": 1,
		"height": 2,
		"output": { "type": "item", "code": "pelt-salted-vulpini-baby-vulpes-{type}" }
	},
	{
		"ingredientPattern": "F,H",
		"ingredients": {
			"F": { "type": "item", "code": "game:salt", "quantity": 1 },
			"H": { "type": "item", "code": "pelt-raw-vulpini-female-vulpes-*", "name": "type", "quantity": 1, "allowedVariants": ["bengalensis","cana","chama","corsac","ferrilata","lagopus","macrotis","pallida","rueppellii","velox","zerda"] }
		},
		"shapeless": true,
		"width": 1,
		"height": 2,
		"output": { "type": "item", "code": "pelt-salted-vulpini-female-vulpes-{type}" }
	},
	{
		"ingredientPattern": "F,H",
		"ingredients": {
			"F": { "type": "item", "code": "game:salt", "quantity": 1 },
			"H": { "type": "item", "code": "pelt-raw-vulpini-male-vulpes-*", "name": "type", "quantity": 1, "allowedVariants": ["bengalensis","cana","chama","corsac","ferrilata","lagopus","macrotis","pallida","rueppellii","velox","zerda"] }
		},
		"shapeless": true,
		"width": 1,
		"height": 2,
		"output": { "type": "item", "code": "pelt-salted-vulpini-male-vulpes-{type}" }
	},
	{
		"ingredientPattern": "F,H",
		"ingredients": {
			"F": { "type": "item", "code": "game:salt", "quantity": 2 },
			"H": { "type": "item", "code": "pelt-raw-vulpini-female-vulpes-*", "name": "type", "quantity": 1, "allowedVariants": ["vulpes","zerda"] }
		},
		"shapeless": true,
		"width": 1,
		"height": 2,
		"output": { "type": "item", "code": "pelt-salted-vulpini-female-vulpes-{type}" }
	},
	{
		"ingredientPattern": "F,H",
		"ingredients": {
			"F": { "type": "item", "code": "game:salt", "quantity": 2 },
			"H": { "type": "item", "code": "pelt-raw-vulpini-male-vulpes-*", "name": "type", "quantity": 1, "allowedVariants": ["vulpes","zerda"] }
		},
		"shapeless": true,
		"width": 1,
		"height": 2,
		"output": { "type": "item", "code": "pelt-salted-vulpini-male-vulpes-{type}" }
	}
]