[
  {
    "op": "addeach",
    "path": "/variantgroups/0/states/-",
    "value": [ "banyan", "bearnut", "beech", "bluemahoe", "catalpa", "cedar", "chlorociboria", "dalbergia", "douglasfir", "elm", "empresstree", "eucalyptus", "ghostgum", "ginkgo", "guajacum", "honeylocust", "jacaranda", "kauri", "mahogany", "ohia", "poplar", "redcedar", "sal", "satinash", "saxaul", "spruce", "sycamore", "tuja", "umnini", "willow", "yew" ],
    "file": "bricklayers:itemtypes/tool/polishingset.json",
    "dependsOn": [ { "modid": "wildcrafttree" } ],
    "side": "server"
  },

  {
    "op": "move",
    "frompath": "/texturesByType/*",
    "path": "/texturesByType/bl_temp",
    "file": "bricklayers:itemtypes/tool/polishingset.json",
    "dependsOn": [ { "modid": "wildcrafttree" } ],
    "side": "server"
  },
  {
    "op": "add",
    "path": "/texturesByType/@^.*-(banyan|bearnut|beech|bluemahoe|catalpa|cedar|chlorociboria|dalbergia|douglasfir|elm|empresstree|eucalyptus|ghostgum|ginkgo|guajacum|honeylocust|jacaranda|kauri|mahogany|ohia|poplar|redcedar|sal|satinash|saxaul|spruce|sycamore|tuja|umnini|willow|yew)",
    "value": {
	"wood": { "base": "wildcrafttree:block/wood/planks/{wood}1" },
	"leather": { "base": "game:block/leather/plain" },
	"coarse": { "base": "em:item/resource/crushed/ore/incontainer/corundum" },
	"fine": { "base": "em:item/resource/powdered/ore/incontainer/corundum" }
    },
    "file": "bricklayers:itemtypes/tool/polishingset.json",
    "dependsOn": [ { "modid": "wildcrafttree" } ],
    "side": "server"
  },
  {
    "op": "move",
    "path": "/texturesByType/*",
    "frompath": "/texturesByType/bl_temp",
    "file": "bricklayers:itemtypes/tool/polishingset.json",
    "dependsOn": [ { "modid": "wildcrafttree" } ],
    "side": "server"
  }
]
