{
	"ingredient": { "type": "item", "code": "game:clay-*", "name": "type", "allowedVariants": ["blue", "fire", "red"] },
	"pattern": [[
		"##############",
		"##############",
		"##############",
		"##############",
		"##############",
		"##############",
		"##############",
		"##############",
		"##############",
		"##############",
		"##############",
		"##############",
		"##############",
		"##############"
		],
		[
		"##############",
		"#____________#",
		"##_#_#_#_#_#_#",
		"##############",
		"####_###_###_#",
		"####_###_###_#",
		"##_#_#_#_#_#_#",
		"#____________#",
		"##_#_#_#_#_#_#",
		"##_#_#_#_#_#_#",
		"####_###_###_#",
		"####_###_###_#",
		"####_###_###_#",
		"##############"
	]],
	"name": "Pattern (Lines)",
	"output": { "type": "block", "code": "bricklayers:pattern-raw-lines"  }
}
