[
	// Pie
		// Bushmeat
	{
		"file": "game:itemtypes/food/bushmeat",
		"op": "addmerge",
		"path": "/attributes/inPiePropertiesByType",
		"value": {
			"*-raw": { texture: "block/food/pie/fill-redmeat", partType: 'Filling' },
			"*-cured": { texture: "block/food/pie/fill-redmeat", partType: 'Filling' },
			"*-cooked": { texture: "block/food/pie/fill-redmeat", partType: 'Filling' }
		}
	},
		// Redmeat
	{
		"file": "game:itemtypes/food/redmeat",
		"op": "addmerge",
		"path": "/attributes/inPiePropertiesByType",
		"value": {
			"*-cured": { texture: "block/food/pie/fill-redmeat", partType: 'Filling' },
			"*-cooked": { texture: "block/food/pie/fill-redmeat", partType: 'Filling' }
		}
	},
	
	// Meatystew
		// Bushmeat
	{
		"op": "add",
		"path": "/ingredients/0/validStacks/-",
		"value": {
			"type": "item",
			"code": "bushmeat-*",
			"shapeElement": "bowl/meat/**",
			"textureMapping": [ "meat", "group2" ]
		},
		"file": "game:recipes/cooking/meatystew.json"
	},
	{
		"op": "add",
		"path": "/ingredients/3/validStacks/-",
		"value": {
			"type": "item",
			"code": "bushmeat-*",
			"shapeElement": "bowl/red meat/*",
			"textureMapping": [ "meat", "group2" ]
		},
		"file": "game:recipes/cooking/meatystew.json"
	},
	{
		"op": "add",
		"path": "/ingredients/4/validStacks/-",
		"value": {
			"type": "item",
			"code": "bushmeat-*",
			"shapeElement": "bowl/red meat 2/*",
			"textureMapping": [ "meat", "group2" ]
		},
		"file": "game:recipes/cooking/meatystew.json"
	},
		// Redmeat
	{
		"op": "add",
		"path": "/ingredients/0/validStacks/-",
		"value": {
			"type": "item",
			"code": "redmeat-cooked",
			"shapeElement": "bowl/meat/**",
			"textureMapping": [ "meat", "group2" ]
		},
		"file": "game:recipes/cooking/meatystew.json"
	},
	{
		"op": "add",
		"path": "/ingredients/3/validStacks/-",
		"value": {
			"type": "item",
			"code": "redmeat-cooked",
			"shapeElement": "bowl/red meat/*",
			"textureMapping": [ "meat", "group2" ]
		},
		"file": "game:recipes/cooking/meatystew.json"
	},
	{
		"op": "add",
		"path": "/ingredients/4/validStacks/-",
		"value": {
			"type": "item",
			"code": "redmeat-cooked",
			"shapeElement": "bowl/red meat 2/*",
			"textureMapping": [ "meat", "group2" ]
		},
		"file": "game:recipes/cooking/meatystew.json"
	},
	
	// Soup
		// Bushmeat
	{
		"op": "add",
		"path": "/ingredients/4/validStacks/-",
		"value": {
			"type": "item",
			"code": "bushmeat-*",
			"shapeElement": "bowl/meat/*",
			"textureMapping": [ "meat", "group2" ]
		},
		"file": "game:recipes/cooking/soup.json"
	},
		// Redmeat
	{
		"op": "add",
		"path": "/ingredients/4/validStacks/-",
		"value": {
			"type": "item",
			"code": "redmeat-cooked",
			"shapeElement": "bowl/meat/*",
			"textureMapping": [ "meat", "group2" ]
		},
		"file": "game:recipes/cooking/soup.json"
	}
]