[
  {
    "code": "boards-aged",
    "ingredients": [
      {
        "type": "item",
        "code": "game:vinegarportion",
        "litres": 1,
        "consumeLitres": 1
      },
      {
        "type": "item",
        "code": "game:plank-lightaged",
        "name": "wood",
        "quantity": 12
      }
    ],
    "output": {
      "type": "item",
      "code": "game:plank-aged",
      "quantity": 12
    },
    "requiresSeal": true,
    "sealHours": 24
  },
  {
    "code": "supportbeam-veryaged",
    "ingredients": [
      {
        "type": "item",
        "code": "game:vinegarportion",
        "litres": 1,
        "consumeLitres": 1
      },
      {
        "type": "block",
        "code": "game:supportbeam-aged",
        "name": "wood",
        "quantity": 1
      }
    ],
    "output": {
      "type": "block",
      "code": "game:supportbeam-veryaged",
      "quantity": 1
    },
    "requiresSeal": true,
    "sealHours": 24
  },
  {
    "code": "trapdoor-solid-darkaged",
    "ingredients": [
      {
        "type": "item",
        "code": "game:vinegarportion",
        "litres": 1,
        "consumeLitres": 1
      },
      {
        "type": "block",
        "code": "game:trapdoor-solid-aged-1",
        "name": "wood",
        "quantity": 1
      }
    ],
    "output": {
      "type": "block",
      "code": "game:trapdoor-solid-darkaged-1",
      "quantity": 1
    },
    "requiresSeal": true,
    "sealHours": 24
  },
  {
    "code": "trapdoor-window-darkaged",
    "ingredients": [
      {
        "type": "item",
        "code": "game:vinegarportion",
        "litres": 1,
        "consumeLitres": 1
      },
      {
        "type": "block",
        "code": "game:trapdoor-window-aged-1",
        "name": "wood",
        "quantity": 1
      }
    ],
    "output": {
      "type": "block",
      "code": "game:trapdoor-window-darkaged-1",
      "quantity": 1
    },
    "requiresSeal": true,
    "sealHours": 24
  },
  {
    "code": "roughhewnfence-darkaged",
    "ingredients": [
      {
        "type": "item",
        "code": "game:vinegarportion",
        "litres": 1,
        "consumeLitres": 1
      },
      {
        "type": "block",
        "code": "game:roughhewnfence-aged-ew-free",
        "name": "wood",
        "quantity": 1
      }
    ],
    "output": {
      "type": "block",
      "code": "game:roughhewnfence-darkaged-ew-free",
      "quantity": 1
    },
    "requiresSeal": true,
    "sealHours": 24
  },
  {
    "code": "roughhewnfencegate-darkaged",
    "ingredients": [
      {
        "type": "item",
        "code": "game:vinegarportion",
        "litres": 1,
        "consumeLitres": 1
      },
      {
        "type": "block",
        "code": "game:roughhewnfencegate-aged-n-closed-free",
        "name": "wood",
        "quantity": 1
      }
    ],
    "output": {
      "type": "block",
      "code": "game:roughhewnfencegate-darkaged-n-closed-free",
      "quantity": 1
    },
    "requiresSeal": true,
    "sealHours": 24
  },
  {
    "code": "debarkedlog-veryaged",
    "ingredients": [
      {
        "type": "item",
        "code": "game:vinegarportion",
        "litres": 1,
        "consumeLitres": 1
      },
      {
        "type": "block",
        "code": "game:debarkedlog-aged-ud",
        "name": "wood",
        "quantity": 1
      }
    ],
    "output": {
      "type": "block",
      "code": "game:debarkedlog-veryaged-ud",
      "quantity": 1
    },
    "requiresSeal": true,
    "sealHours": 24
  },
  {
    "code": "log-placed-aged",
    "ingredients": [
      {
        "type": "item",
        "code": "game:vinegarportion",
        "litres": 1,
        "consumeLitres": 1
      },
      {
        "type": "block",
        "code": "game:log-placed-aged-ud",
        "name": "wood",
        "quantity": 1
      }
    ],
    "output": {
      "type": "block",
      "code": "game:log-placed-darkaged-ud",
      "quantity": 1
    },
    "requiresSeal": true,
    "sealHours": 24
  },
  {
    "code": "logquad-barkedcorner-aged",
    "ingredients": [
      {
        "type": "item",
        "code": "game:vinegarportion",
        "litres": 1,
        "consumeLitres": 1
      },
      {
        "type": "block",
        "code": "game:logquad-barkedcorner-aged-north",
        "name": "wood",
        "quantity": 1
      }
    ],
    "output": {
      "type": "block",
      "code": "game:logquad-barkedcorner-darkaged-north",
      "quantity": 1
    },
    "requiresSeal": true,
    "sealHours": 24
  },
  {
    "code": "logquad-debarkedcorner-aged",
    "ingredients": [
      {
        "type": "item",
        "code": "game:vinegarportion",
        "litres": 1,
        "consumeLitres": 1
      },
      {
        "type": "block",
        "code": "game:logquad-debarkedcorner-aged-north",
        "name": "wood",
        "quantity": 1
      }
    ],
    "output": {
      "type": "block",
      "code": "game:logquad-debarkedcorner-darkaged-north",
      "quantity": 1
    },
    "requiresSeal": true,
    "sealHours": 24
  },
  {
    "code": "logquad-placed-darkaged",
    "ingredients": [
      {
        "type": "item",
        "code": "game:vinegarportion",
        "litres": 1,
        "consumeLitres": 1
      },
      {
        "type": "block",
        "code": "game:logquad-placed-aged-ud",
        "name": "wood",
        "quantity": 1
      }
    ],
    "output": {
      "type": "block",
      "code": "game:logquad-placed-darkaged-ud",
      "quantity": 1
    },
    "requiresSeal": true,
    "sealHours": 24
  },
  {
    "code": "logquad-debarked-darkaged",
    "ingredients": [
      {
        "type": "item",
        "code": "game:vinegarportion",
        "litres": 1,
        "consumeLitres": 1
      },
      {
        "type": "block",
        "code": "game:logquad-debarked-aged-ud",
        "name": "wood",
        "quantity": 1
      }
    ],
    "output": {
      "type": "block",
      "code": "game:logquad-debarked-darkaged-ud",
      "quantity": 1
    },
    "requiresSeal": true,
    "sealHours": 24
  },
  {
    "code": "supportbeam-veryaged",
    "ingredients": [
      {
        "type": "item",
        "code": "game:vinegarportion",
        "litres": 1,
        "consumeLitres": 1
      },
      {
        "type": "block",
        "code": "game:plankstairs-lightaged-up-north-free",
        "name": "wood",
        "quantity": 1
      }
    ],
    "output": {
      "type": "block",
      "code": "game:plankstairs-aged-up-north-free",
      "quantity": 1
    },
    "requiresSeal": true,
    "sealHours": 24
  },
  {
    "code": "woodenfencegate-aged",
    "ingredients": [
      {
        "type": "item",
        "code": "game:vinegarportion",
        "litres": 1,
        "consumeLitres": 1
      },
      {
        "type": "block",
        "code": "game:woodenfencegate-lightaged-n-closed-left-free",
        "name": "wood",
        "quantity": 1
      }
    ],
    "output": {
      "type": "block",
      "code": "game:woodenfencegate-aged-n-closed-left-free",
      "quantity": 1
    },
    "requiresSeal": true,
    "sealHours": 24
  },
  {
    "code": "planks-aged",
    "ingredients": [
      {
        "type": "item",
        "code": "game:vinegarportion",
        "litres": 1,
        "consumeLitres": 1
      },
      {
        "type": "block",
        "code": "game:planks-lightaged-ud",
        "name": "wood",
        "quantity": 1
      }
    ],
    "output": {
      "type": "block",
      "code": "game:planks-aged-ud",
      "quantity": 1
    },
    "requiresSeal": true,
    "sealHours": 24
  },
  {
    "code": "plankslab-aged",
    "ingredients": [
      {
        "type": "item",
        "code": "game:vinegarportion",
        "litres": 1,
        "consumeLitres": 1
      },
      {
        "type": "block",
        "code": "game:plankslab-lightaged-down-free",
        "name": "wood",
        "quantity": 1
      }
    ],
    "output": {
      "type": "block",
      "code": "game:plankslab-aged-down-free",
      "quantity": 1
    },
    "requiresSeal": true,
    "sealHours": 24
  },
]