{
  "version": 24,
  "file": "BetterErProspecting.json",
  "settings": [
    {
      "type": "separator",
      "title": "Density",
      "weight": 1.0,
      "collapsible":  true
    },
    {
      "code": "EnableDensityMode",
      "ingui": "Enables density mode",
      "type": "boolean",
      "comment": "",
      "default": true,
      "weight": 1.05
    },
    {
      "code": "OneShotDensity",
      "ingui": "One Shot density mode",
      "type": "boolean",
      "comment": "Has no impact if new density is enabled",
      "default": false,
      "weight": 1.07
    },
    {
      "code": "NewDensityMode",
      "ingui": "Use new density mode",
      "type": "boolean",
      "comment": "Replaces vanilla mode with the new density mode",
      "default": true,
      "weight": 1.1
    },
    {
      "code": "NewDensityDmg",
      "ingui": "Tool damage for new density",
      "type": "integer",
      "comment": "",
      "default": 3,
      "range": {
        "min": 1,
        "max": 10
      },
      "weight": 1.2
    },
    {
      "code": "LinearDensityScaling",
      "ingui": "Linear density scaling",
      "type": "boolean",
      "comment": "Makes vanilla propick readings scale linearly (0-1) instead of the default 0-0.75 range. This affects all propick readings, not just the new density mode. Works instantly. Always enabled for new density mode",
      "default": true,
      "weight": 1.3
    },
    {
      "type": "separator",
      "title": "Proximity",
      "weight": 12.0,
      "collapsible": true
    },
    {
      "code": "AddProximityMode",
      "ingui": "Enable Proximity Mode",
      "type": "boolean",
      "comment": "Enables proximity mode. Looks for closest ore. Sphere-based",
      "default": true,
      "weight": 12.1
    },
    {
      "code": "ProximitySearchRadius",
      "ingui": "Proximity mode search radius",
      "type": "integer",
      "comment": "I'd recommend low values to leave node mode useful (if enabled )",
      "default": 5,
      "range": {
        "min": 1,
        "max": 10
      },
      "weight": 12.2
    },
    {
      "code": "ProximityDmg",
      "ingui": "Proximity Damage",
      "type": "integer",
      "comment": "Tool damage for proximity mode",
      "default": 2,
      "range": {
        "min": 1,
        "max": 10
      },
      "weight": 12.3
    },
    {
      "type": "separator",
      "title": "Stone",
      "weight": 13.0,
      "collapsible": true
    },
    {
      "code": "AddStoneMode",
      "ingui": "Enable Stone Mode",
      "type": "boolean",
      "comment": "Enable big range stone search mode with exact distance to block. Sphere-based",
      "default": true,
      "weight": 13.1
    },
    {
      "code": "StonePercentSearch",
      "ingui": "Percentage Stone Search",
      "type": "boolean",
      "comment": "If enabled, stone mode displays percentage of found rocks relative to total found rocks. Immersion hurrah",
      "default": true,
      "weight": 13.15
    },
    {
      "code": "StoneSearchRadius",
      "ingui": "Stone search radius",
      "type": "integer",
      "comment": "Stone mode search radius",
      "default": 64,
      "weight": 13.2
    },
    {
      "code": "StoneDmg",
      "ingui": "Stone Damage",
      "type": "integer",
      "comment": "Tool damage for stone mode",
      "default": 3,
      "range": {
        "min": 1,
        "max": 10
      },
      "weight": 13.3
    },
    {
      "type": "separator",
      "title": "Borehole",
      "weight": 14.0,
      "collapsible": true
    },
    {
      "code": "AddBoreHoleMode",
      "ingui": "Enable Borehole Mode",
      "type": "boolean",
      "comment": "A straight-line mode. Only reports when breaking the top of the block, scans the world until the bottom and reports selected blocks ( Any or both of Ore and Stone blocks )",
      "default": true,
      "weight": 14.1
    },
    {
      "code": "BoreholeDmg",
      "ingui": "Borehole Damage",
      "type": "integer",
      "comment": "Tool damage for borehole mode",
      "default": 4,
      "range": {
        "min": 1,
        "max": 10
      },
      "weight": 14.2
    },
    {
      "code": "BoreholeRadius",
      "ingui": "Borehole Radius",
      "type": "integer",
      "comment": "Radius for borehole mode. 0 Makes a line",
      "default": 8,
      "range": {
        "min": 0,
        "max": 10
      },
      "weight": 14.25
    },
    {
      "type": "separator",
      "text": "At least one must be selected",
      "weight": 14.3
    },
    {
      "code": "BoreholeScansOre",
      "ingui": "Borehole Scans Ore",
      "type": "boolean",
      "comment": "Allows borehole to scan ore",
      "default": true,
      "weight": 14.4
    },
    {
      "code": "BoreholeScansStone",
      "ingui": "Borehole Scans Stone",
      "type": "boolean",
      "comment": "Allows borehole to scan stone",
      "default": false,
      "weight": 14.5
    },
    {
      "type": "separator",
      "title": "DebugMode",
      "weight": 99.0
    },
    {
      "code": "DebugMode",
      "ingui": "Enable Debug Mode",
      "type": "boolean",
      "comment": "Enables in-game debug messages",
      "default": false,
      "weight": 100.0
    }
  ]
}
