{
	"editor": {
		"allAngles": false,
		"singleTexture": false
	},
	"textureWidth": 16,
	"textureHeight": 16,
	"textures": {
		"aged-ceramic2": "game:block/clay/aged-ceramic2",
		"ceramic-dark": "game:block/clay/ceramic-dark",
		"aged-ceramic1": "game:block/clay/aged-ceramic1"
	},
	"elements": [
		{
			"name": "bottom",
			"from": [ 3.0, 0.0, 3.0 ], 
			"to": [ 13.0, 2.0, 13.0 ], 
			"faces": {
				"north": { "texture": "#aged-ceramic2", "uv": [ 5.0, 11.5, 15.0, 13.5 ] },
				"east": { "texture": "#aged-ceramic2", "uv": [ 4.0, 9.5, 14.0, 11.5 ] },
				"south": { "texture": "#aged-ceramic2", "uv": [ 1.5, 6.0, 11.5, 8.0 ] },
				"west": { "texture": "#aged-ceramic2", "uv": [ 0.0, 0.0, 10.0, 2.0 ] },
				"up": { "texture": "#aged-ceramic2", "uv": [ 0.0, 0.0, 10.0, 10.0 ], "enabled": false },
				"down": { "texture": "#aged-ceramic2", "uv": [ 3.0, 3.0, 13.0, 13.0 ] }
			}
		},
		{
			"name": "base",
			"from": [ 2.0, 2.0, 2.0 ], 
			"to": [ 14.0, 12.0, 14.0 ], 
			"faces": {
				"north": { "texture": "#aged-ceramic1", "uv": [ 0.0, 0.0, 12.0, 10.0 ] },
				"east": { "texture": "#aged-ceramic1", "uv": [ 0.5, 6.0, 12.5, 16.0 ] },
				"south": { "texture": "#aged-ceramic1", "uv": [ 4.0, 6.0, 16.0, 16.0 ] },
				"west": { "texture": "#aged-ceramic1", "uv": [ 0.5, 4.5, 12.5, 14.5 ] },
				"up": { "texture": "#aged-ceramic2", "uv": [ 4.0, 2.0, 16.0, 14.0 ] },
				"down": { "texture": "#aged-ceramic1", "uv": [ 2.0, 2.0, 14.0, 14.0 ] }
			}
		},
		{
			"name": "Cube3",
			"from": [ 3.0, 12.0, 3.0 ], 
			"to": [ 13.0, 13.0, 13.0 ], 
			"faces": {
				"north": { "texture": "#aged-ceramic2", "uv": [ 2.0, 3.5, 12.0, 4.5 ] },
				"east": { "texture": "#aged-ceramic2", "uv": [ 1.5, 0.5, 11.5, 1.5 ] },
				"south": { "texture": "#aged-ceramic2", "uv": [ 3.0, 0.0, 13.0, 1.0 ] },
				"west": { "texture": "#aged-ceramic2", "uv": [ 3.0, 7.5, 13.0, 8.5 ] },
				"up": { "texture": "#aged-ceramic2", "uv": [ 3.5, 0.5, 13.5, 10.5 ] },
				"down": { "texture": "#aged-ceramic2", "uv": [ 0.0, 0.0, 10.0, 10.0 ], "enabled": false }
			}
		},
		{
			"name": "Cube4",
			"from": [ 4.0, 13.0, 4.0 ], 
			"to": [ 12.0, 14.0, 12.0 ], 
			"faces": {
				"north": { "texture": "#ceramic-dark", "uv": [ 4.0, 0.0, 12.0, 1.0 ] },
				"east": { "texture": "#ceramic-dark", "uv": [ 2.5, 10.5, 10.5, 11.5 ] },
				"south": { "texture": "#ceramic-dark", "uv": [ 0.0, 14.5, 8.0, 15.5 ] },
				"west": { "texture": "#ceramic-dark", "uv": [ 5.5, 11.0, 13.5, 12.0 ] },
				"up": { "texture": "#ceramic-dark", "uv": [ 0.0, 0.0, 8.0, 8.0 ], "enabled": false },
				"down": { "texture": "#ceramic-dark", "uv": [ 0.0, 0.0, 8.0, 8.0 ], "enabled": false }
			}
		},
		{
			"name": "lid",
			"from": [ 3.0, 14.0, 3.0 ], 
			"to": [ 13.0, 16.0, 13.0 ], 
			"faces": {
				"north": { "texture": "#aged-ceramic2", "uv": [ 0.0, 3.5, 10.0, 5.5 ] },
				"east": { "texture": "#aged-ceramic2", "uv": [ 3.5, 0.0, 13.5, 2.0 ] },
				"south": { "texture": "#aged-ceramic2", "uv": [ 1.5, 7.5, 11.5, 9.5 ] },
				"west": { "texture": "#aged-ceramic2", "uv": [ 0.0, 13.5, 10.0, 15.5 ] },
				"up": { "texture": "#aged-ceramic2", "uv": [ 1.0, 5.5, 11.0, 15.5 ] },
				"down": { "texture": "#aged-ceramic2", "uv": [ 3.0, 3.0, 13.0, 13.0 ] }
			}
		}
	]}