{
	"editor": {
		"backDropShape": "",
		"collapsedPaths": "",
		"allAngles": false,
		"entityTextureMode": false,
		"singleTexture": false,
		"vsFormatConverted": false
	},
	"textureWidth": 8,
	"textureHeight": 8,
	"textureSizes": {
		"bark": [16, 16],
		"north": [32, 32],
		"side": [32, 32],
		"south": [32, 32],
		"aged": [32, 32],
		"birch": [32, 32],
		"rope": [32, 32]
	},
	"textures": {
		"bark": "game:block/wood/firewood/bark",
		"north": "game:block/wood/firewood/north",
		"side": "game:block/wood/firewood/side",
		"south": "game:block/wood/firewood/south",
		"aged": "game:block/wood/debarked/aged",
		"birch": "game:block/wood/debarked/birch",
		"rope": "game:item/resource/rope"
	},
	"elements": [
		{
			"name": "FirewoodBackrack",
			"from": [0, -1.65, 8],
			"to": [0, -1.65, 8],
			"rotationOrigin": [0, -1.65, 8],
			"children": [
				{
					"name": "Frame",
					"from": [8, 8, 0],
					"to": [8, 8, 0],
					"rotationOrigin": [8, 8, 0],
					"children": [
						{
							"name": "frame1",
							"from": [-5, -9, -3],
							"to": [-4, 7, -1],
							"rotationOrigin": [-5, 0, -1],
							"faces": {
								"north": {"texture": "#aged", "uv": [29, 0, 32, 32], "autoUv": false, "snapUv": false},
								"east": {"texture": "#aged", "uv": [3, 0, 7, 32], "autoUv": false, "snapUv": false},
								"south": {"texture": "#aged", "uv": [20, 0, 23, 32], "autoUv": false, "snapUv": false},
								"west": {"texture": "#aged", "uv": [0, 0, 3, 32], "autoUv": false, "snapUv": false},
								"up": {"texture": "#birch", "uv": [6, 4, 10, 10], "autoUv": false, "snapUv": false},
								"down": {"texture": "#birch", "uv": [8, 5, 11, 9], "autoUv": false, "snapUv": false}
							},
							"renderPass": 0
						},
						{
							"name": "frame2",
							"from": [-5, -9, 1],
							"to": [-4, 7, 3],
							"rotationOrigin": [-5, 0, 3],
							"faces": {
								"north": {"texture": "#aged", "uv": [0, 0, 3, 32], "autoUv": false, "snapUv": false},
								"east": {"texture": "#aged", "uv": [25, 0, 29, 32], "autoUv": false, "snapUv": false},
								"south": {"texture": "#aged", "uv": [14, 0, 16, 32], "autoUv": false, "snapUv": false},
								"west": {"texture": "#aged", "uv": [11, 0, 16, 32], "autoUv": false, "snapUv": false},
								"up": {"texture": "#birch", "uv": [9, 5, 12, 9], "autoUv": false, "snapUv": false},
								"down": {"texture": "#birch", "uv": [12, 16, 15, 20], "autoUv": false, "snapUv": false}
							},
							"renderPass": 0
						},
						{
							"name": "frame3",
							"from": [-5, -6, 3],
							"to": [4, -4, 4],
							"rotationOrigin": [-5, 3, 5],
							"faces": {
								"north": {"texture": "#aged", "uv": [0, 27, 32, 32], "autoUv": false, "snapUv": false},
								"east": {"texture": "#birch", "uv": [10, 23, 14, 27], "autoUv": false, "snapUv": false},
								"south": {"texture": "#aged", "uv": [0, 9, 32, 15], "autoUv": false, "snapUv": false},
								"west": {"texture": "#birch", "uv": [3, 15, 7, 20], "autoUv": false, "snapUv": false},
								"up": {"texture": "#aged", "uv": [0, 0, 32, 3], "autoUv": false, "snapUv": false},
								"down": {"texture": "#aged", "uv": [0, 23, 32, 26], "autoUv": false, "snapUv": false}
							},
							"renderPass": 0
						},
						{
							"name": "frame4",
							"from": [-5, -6, -4],
							"to": [4, -4, -3],
							"rotationOrigin": [-5, 3, -2],
							"faces": {
								"north": {"texture": "#aged", "uv": [0, 27, 32, 32], "autoUv": false, "snapUv": false},
								"east": {"texture": "#birch", "uv": [10, 23, 14, 27], "autoUv": false, "snapUv": false},
								"south": {"texture": "#aged", "uv": [0, 9, 32, 15], "autoUv": false, "snapUv": false},
								"west": {"texture": "#birch", "uv": [3, 15, 7, 20], "autoUv": false, "snapUv": false},
								"up": {"texture": "#aged", "uv": [0, 0, 32, 3], "autoUv": false, "snapUv": false},
								"down": {"texture": "#aged", "uv": [0, 23, 32, 26], "autoUv": false, "snapUv": false}
							},
							"renderPass": 0
						},
						{
							"name": "frame5",
							"from": [-4, 3, -5],
							"to": [-3, 4, 5],
							"rotationOrigin": [-5, 11, 1],
							"faces": {
								"north": {"texture": "#birch", "uv": [2, 19, 6, 24], "autoUv": false, "snapUv": false},
								"east": {"texture": "#aged", "uv": [0, 0, 32, 5], "autoUv": false, "snapUv": false},
								"south": {"texture": "#birch", "uv": [12, 15, 16, 20], "autoUv": false, "snapUv": false},
								"west": {"texture": "#aged", "uv": [0, 24, 32, 29], "autoUv": false, "snapUv": false},
								"up": {"texture": "#aged", "uv": [18, 0, 21, 32], "autoUv": false, "snapUv": false},
								"down": {"texture": "#aged", "uv": [10, 0, 13, 32], "autoUv": false, "snapUv": false}
							},
							"renderPass": 0
						},
						{
							"name": "frame6",
							"from": [-4, -7, -5],
							"to": [-3, -6, 5],
							"rotationOrigin": [-5, 1, 1],
							"faces": {
								"north": {"texture": "#birch", "uv": [2, 19, 6, 24], "autoUv": false, "snapUv": false},
								"east": {"texture": "#aged", "uv": [0, 0, 32, 5], "autoUv": false, "snapUv": false},
								"south": {"texture": "#birch", "uv": [12, 15, 16, 20], "autoUv": false, "snapUv": false},
								"west": {"texture": "#aged", "uv": [0, 24, 32, 29], "autoUv": false, "snapUv": false},
								"up": {"texture": "#aged", "uv": [18, 0, 21, 32], "autoUv": false, "snapUv": false},
								"down": {"texture": "#aged", "uv": [10, 0, 13, 32], "autoUv": false, "snapUv": false}
							},
							"renderPass": 0
						}
					]
				},
				{
					"name": "Firewood",
					"from": [8, 1, 0],
					"to": [8, 1, 0],
					"rotationOrigin": [8, 1, 0],
					"children": [
						{
							"name": "Firewood1",
							"from": [-2, 7, -4],
							"to": [0, 9, 4],
							"rotationOrigin": [-4, 7, -4],
							"faces": {
								"north": {"texture": "#north", "uv": [0, 8, 8, 16], "autoUv": false, "snapUv": false},
								"east": {"texture": "#bark", "uv": [0, 0, 16, 5], "autoUv": false, "snapUv": false},
								"south": {"texture": "#south", "uv": [16, 24, 24, 32], "autoUv": false, "snapUv": false},
								"west": {"texture": "#bark", "uv": [0, 6, 16, 11], "autoUv": false, "snapUv": false},
								"up": {"texture": "#side", "uv": [0, 0, 32, 9], "rotation": 90, "autoUv": false, "snapUv": false},
								"down": {"texture": "#bark", "uv": [0, 11, 16, 16], "rotation": 90, "autoUv": false, "snapUv": false}
							},
							"renderPass": 0
						},
						{
							"name": "Firewood2",
							"from": [-4, 7, -4],
							"to": [-2, 9, 4],
							"rotationOrigin": [-6, 7, -4],
							"faces": {
								"north": {"texture": "#north", "uv": [0, 8, 8, 16], "autoUv": false, "snapUv": false},
								"east": {"texture": "#bark", "uv": [0, 0, 16, 5], "autoUv": false, "snapUv": false},
								"south": {"texture": "#south", "uv": [16, 24, 24, 32], "autoUv": false, "snapUv": false},
								"west": {"texture": "#bark", "uv": [0, 6, 16, 11], "autoUv": false, "snapUv": false},
								"up": {"texture": "#side", "uv": [0, 0, 32, 9], "rotation": 90, "autoUv": false, "snapUv": false},
								"down": {"texture": "#bark", "uv": [0, 11, 16, 16], "rotation": 90, "autoUv": false, "snapUv": false}
							},
							"renderPass": 0
						},
						{
							"name": "Firewood3",
							"from": [-4, 5, -4],
							"to": [-2, 7, 4],
							"rotationOrigin": [-6, 5, -4],
							"faces": {
								"north": {"texture": "#north", "uv": [0, 8, 8, 16], "autoUv": false, "snapUv": false},
								"east": {"texture": "#bark", "uv": [0, 0, 16, 5], "autoUv": false, "snapUv": false},
								"south": {"texture": "#south", "uv": [16, 24, 24, 32], "autoUv": false, "snapUv": false},
								"west": {"texture": "#bark", "uv": [0, 6, 16, 11], "autoUv": false, "snapUv": false},
								"up": {"texture": "#side", "uv": [0, 0, 32, 9], "rotation": 90, "autoUv": false, "snapUv": false},
								"down": {"texture": "#bark", "uv": [0, 11, 16, 16], "rotation": 90, "autoUv": false, "snapUv": false}
							},
							"renderPass": 0
						},
						{
							"name": "Firewood4",
							"from": [-2, 5, -4],
							"to": [0, 7, 4],
							"rotationOrigin": [-4, 5, -4],
							"faces": {
								"north": {"texture": "#north", "uv": [0, 8, 8, 16], "autoUv": false, "snapUv": false},
								"east": {"texture": "#bark", "uv": [0, 0, 16, 5], "autoUv": false, "snapUv": false},
								"south": {"texture": "#south", "uv": [16, 24, 24, 32], "autoUv": false, "snapUv": false},
								"west": {"texture": "#bark", "uv": [0, 6, 16, 11], "autoUv": false, "snapUv": false},
								"up": {"texture": "#side", "uv": [0, 0, 32, 9], "rotation": 90, "autoUv": false, "snapUv": false},
								"down": {"texture": "#bark", "uv": [0, 11, 16, 16], "rotation": 90, "autoUv": false, "snapUv": false}
							},
							"renderPass": 0
						},
						{
							"name": "Firewood5",
							"from": [-4, 3, -4],
							"to": [-2, 5, 4],
							"rotationOrigin": [-6, 3, -4],
							"faces": {
								"north": {"texture": "#north", "uv": [0, 8, 8, 16], "autoUv": false, "snapUv": false},
								"east": {"texture": "#bark", "uv": [0, 0, 16, 5], "autoUv": false, "snapUv": false},
								"south": {"texture": "#south", "uv": [16, 24, 24, 32], "autoUv": false, "snapUv": false},
								"west": {"texture": "#bark", "uv": [0, 6, 16, 11], "autoUv": false, "snapUv": false},
								"up": {"texture": "#side", "uv": [0, 0, 32, 9], "rotation": 90, "autoUv": false, "snapUv": false},
								"down": {"texture": "#bark", "uv": [0, 11, 16, 16], "rotation": 90, "autoUv": false, "snapUv": false}
							},
							"renderPass": 0
						},
						{
							"name": "Firewood6",
							"from": [-2, 3, -4],
							"to": [0, 5, 4],
							"rotationOrigin": [-4, 3, -4],
							"faces": {
								"north": {"texture": "#north", "uv": [0, 8, 8, 16], "autoUv": false, "snapUv": false},
								"east": {"texture": "#bark", "uv": [0, 0, 16, 5], "autoUv": false, "snapUv": false},
								"south": {"texture": "#south", "uv": [16, 24, 24, 32], "autoUv": false, "snapUv": false},
								"west": {"texture": "#bark", "uv": [0, 6, 16, 11], "autoUv": false, "snapUv": false},
								"up": {"texture": "#side", "uv": [0, 0, 32, 9], "rotation": 90, "autoUv": false, "snapUv": false},
								"down": {"texture": "#bark", "uv": [0, 11, 16, 16], "rotation": 90, "autoUv": false, "snapUv": false}
							},
							"renderPass": 0
						},
						{
							"name": "Firewood7",
							"from": [0, 3, -4],
							"to": [2, 5, 4],
							"rotationOrigin": [-2, 3, -4],
							"faces": {
								"north": {"texture": "#north", "uv": [0, 8, 8, 16], "autoUv": false, "snapUv": false},
								"east": {"texture": "#bark", "uv": [0, 0, 16, 5], "autoUv": false, "snapUv": false},
								"south": {"texture": "#south", "uv": [16, 24, 24, 32], "autoUv": false, "snapUv": false},
								"west": {"texture": "#bark", "uv": [0, 6, 16, 11], "autoUv": false, "snapUv": false},
								"up": {"texture": "#side", "uv": [0, 0, 32, 9], "rotation": 90, "autoUv": false, "snapUv": false},
								"down": {"texture": "#bark", "uv": [0, 11, 16, 16], "rotation": 90, "autoUv": false, "snapUv": false}
							},
							"renderPass": 0
						},
						{
							"name": "Firewood8",
							"from": [0, 5, -4],
							"to": [2, 7, 4],
							"rotationOrigin": [-2, 5, -4],
							"faces": {
								"north": {"texture": "#north", "uv": [0, 8, 8, 16], "autoUv": false, "snapUv": false},
								"east": {"texture": "#bark", "uv": [0, 0, 16, 5], "autoUv": false, "snapUv": false},
								"south": {"texture": "#south", "uv": [16, 24, 24, 32], "autoUv": false, "snapUv": false},
								"west": {"texture": "#bark", "uv": [0, 6, 16, 11], "autoUv": false, "snapUv": false},
								"up": {"texture": "#side", "uv": [0, 0, 32, 9], "rotation": 90, "autoUv": false, "snapUv": false},
								"down": {"texture": "#bark", "uv": [0, 11, 16, 16], "rotation": 90, "autoUv": false, "snapUv": false}
							},
							"renderPass": 0
						},
						{
							"name": "Rope",
							"from": [-5, 10, 5],
							"to": [-5, 10, 5],
							"rotationOrigin": [-5, 10, 5],
							"children": [
								{
									"name": "rope1",
									"from": [0, 1, -2],
									"to": [2, 1.5, -1.5],
									"rotationOrigin": [0, 1, -1],
									"faces": {
										"north": {"texture": "#rope", "uv": [0, 0, 10, 3.5], "autoUv": false, "snapUv": false},
										"east": {"texture": "#rope", "uv": [0, 0, 6.3, 3.5], "autoUv": false, "snapUv": false},
										"south": {"texture": "#rope", "uv": [0, 0, 10, 3.5], "autoUv": false, "snapUv": false},
										"west": {"texture": "#rope", "uv": [0, 0, 6.3, 3.5], "autoUv": false, "snapUv": false},
										"up": {"texture": "#rope", "uv": [0, 0, 10, 6.3], "autoUv": false, "snapUv": false},
										"down": {"texture": "#rope", "uv": [0, 0, 10, 6.3], "autoUv": false, "snapUv": false}
									},
									"renderPass": 0
								},
								{
									"name": "rope2",
									"from": [-0.5, -0.5, -2],
									"to": [2, 0, -1.5],
									"rotationOrigin": [0, -0.5, -1],
									"faces": {
										"north": {"texture": "#rope", "uv": [0, 0, 12.5, 3.5], "autoUv": false, "snapUv": false},
										"east": {"texture": "#rope", "uv": [0, 0, 6.3, 3.5], "autoUv": false, "snapUv": false},
										"south": {"texture": "#rope", "uv": [0, 0, 12.5, 3.5], "autoUv": false, "snapUv": false},
										"west": {"texture": "#rope", "uv": [0, 0, 6.3, 3.5], "autoUv": false, "snapUv": false},
										"up": {"texture": "#rope", "uv": [0, 0, 12.5, 6.3], "autoUv": false, "snapUv": false},
										"down": {"texture": "#rope", "uv": [0, 0, 12.5, 6.3], "autoUv": false, "snapUv": false}
									},
									"renderPass": 0
								},
								{
									"name": "rope3",
									"from": [0, 1, -4.5],
									"to": [2, 1.5, -4],
									"rotationOrigin": [0, 1, -3.5],
									"faces": {
										"north": {"texture": "#rope", "uv": [0, 0, 10, 3.5], "autoUv": false, "snapUv": false},
										"east": {"texture": "#rope", "uv": [0, 0, 6.3, 3.5], "autoUv": false, "snapUv": false},
										"south": {"texture": "#rope", "uv": [0, 0, 10, 3.5], "autoUv": false, "snapUv": false},
										"west": {"texture": "#rope", "uv": [0, 0, 6.3, 3.5], "autoUv": false, "snapUv": false},
										"up": {"texture": "#rope", "uv": [0, 0, 10, 6.3], "autoUv": false, "snapUv": false},
										"down": {"texture": "#rope", "uv": [0, 0, 10, 6.3], "autoUv": false, "snapUv": false}
									},
									"renderPass": 0
								},
								{
									"name": "rope4",
									"from": [-0.5, 1, -4.25],
									"to": [0, 1.5, -1.75],
									"rotationOrigin": [-2, 1, -1],
									"faces": {
										"north": {"texture": "#rope", "uv": [0, 0, 2.5, 3.5], "autoUv": false, "snapUv": false},
										"east": {"texture": "#rope", "uv": [0, 0, 31.5, 3.5], "autoUv": false, "snapUv": false},
										"south": {"texture": "#rope", "uv": [0, 0, 2.5, 3.5], "autoUv": false, "snapUv": false},
										"west": {"texture": "#rope", "uv": [0, 0, 31.5, 3.5], "autoUv": false, "snapUv": false},
										"up": {"texture": "#rope", "uv": [0, 0, 2.5, 31.5], "autoUv": false, "snapUv": false},
										"down": {"texture": "#rope", "uv": [0, 0, 2.5, 31.5], "autoUv": false, "snapUv": false}
									},
									"renderPass": 0
								},
								{
									"name": "rope5",
									"from": [-0.5, -0.09985, -4.2685],
									"to": [0, 0.40015, -2.0185],
									"rotationOrigin": [-2, 0.25, -3.5],
									"faces": {
										"north": {"texture": "#rope", "uv": [2.5, 0, 0, 3.5], "autoUv": false, "snapUv": false},
										"east": {"texture": "#rope", "uv": [28.35, 0, 0, 3.5], "autoUv": false, "snapUv": false},
										"south": {"texture": "#rope", "uv": [2.5, 0, 0, 3.5], "autoUv": false, "snapUv": false},
										"west": {"texture": "#rope", "uv": [28.35, 0, 0, 3.5], "autoUv": false, "snapUv": false},
										"up": {"texture": "#rope", "uv": [0, 28.35, 2.5, 0], "autoUv": false, "snapUv": false},
										"down": {"texture": "#rope", "uv": [0, 28.35, 2.5, 0], "autoUv": false, "snapUv": false}
									},
									"rotationX": -42.5,
									"renderPass": 0
								},
								{
									"name": "rope6",
									"from": [2, -0.25, -2],
									"to": [2.5, 1.25, -1.5],
									"rotationOrigin": [2, 1, -1],
									"faces": {
										"north": {"texture": "#rope", "uv": [0, 0, 2.5, 10.5], "autoUv": false, "snapUv": false},
										"east": {"texture": "#rope", "uv": [0, 0, 6.3, 10.5], "autoUv": false, "snapUv": false},
										"south": {"texture": "#rope", "uv": [0, 0, 2.5, 10.5], "autoUv": false, "snapUv": false},
										"west": {"texture": "#rope", "uv": [0, 0, 6.3, 10.5], "autoUv": false, "snapUv": false},
										"up": {"texture": "#rope", "uv": [0, 0, 2.5, 6.3], "autoUv": false, "snapUv": false},
										"down": {"texture": "#rope", "uv": [0, 0, 2.5, 6.3], "autoUv": false, "snapUv": false}
									},
									"renderPass": 0
								},
								{
									"name": "rope7",
									"from": [2, -0.25, -4.5],
									"to": [2.5, 1.25, -4],
									"rotationOrigin": [2, 1, -3.5],
									"faces": {
										"north": {"texture": "#rope", "uv": [0, 0, 2.5, 10.5], "autoUv": false, "snapUv": false},
										"east": {"texture": "#rope", "uv": [0, 0, 6.3, 10.5], "autoUv": false, "snapUv": false},
										"south": {"texture": "#rope", "uv": [0, 0, 2.5, 10.5], "autoUv": false, "snapUv": false},
										"west": {"texture": "#rope", "uv": [0, 0, 6.3, 10.5], "autoUv": false, "snapUv": false},
										"up": {"texture": "#rope", "uv": [0, 0, 2.5, 6.3], "autoUv": false, "snapUv": false},
										"down": {"texture": "#rope", "uv": [0, 0, 2.5, 6.3], "autoUv": false, "snapUv": false}
									},
									"renderPass": 0
								},
								{
									"name": "rope8",
									"from": [-0.5, -0.5, -4.5],
									"to": [2, 0, -4],
									"rotationOrigin": [0, -0.5, -3.5],
									"faces": {
										"north": {"texture": "#rope", "uv": [0, 0, 12.5, 3.5], "autoUv": false, "snapUv": false},
										"east": {"texture": "#rope", "uv": [0, 0, 6.3, 3.5], "autoUv": false, "snapUv": false},
										"south": {"texture": "#rope", "uv": [0, 0, 12.5, 3.5], "autoUv": false, "snapUv": false},
										"west": {"texture": "#rope", "uv": [0, 0, 6.3, 3.5], "autoUv": false, "snapUv": false},
										"up": {"texture": "#rope", "uv": [0, 0, 12.5, 6.3], "autoUv": false, "snapUv": false},
										"down": {"texture": "#rope", "uv": [0, 0, 12.5, 6.3], "autoUv": false, "snapUv": false}
									},
									"renderPass": 0
								},
								{
									"name": "rope9",
									"from": [-0.5, -0.09985, -3.9815],
									"to": [0, 0.40015, -1.7315],
									"rotationOrigin": [-2, 0.25, -2.5],
									"faces": {
										"north": {"texture": "#rope", "uv": [0, 0, 2.5, 3.5], "autoUv": false, "snapUv": false},
										"east": {"texture": "#rope", "uv": [0, 0, 28.35, 3.5], "autoUv": false, "snapUv": false},
										"south": {"texture": "#rope", "uv": [0, 0, 2.5, 3.5], "autoUv": false, "snapUv": false},
										"west": {"texture": "#rope", "uv": [0, 0, 28.35, 3.5], "autoUv": false, "snapUv": false},
										"up": {"texture": "#rope", "uv": [0, 0, 2.5, 28.35], "autoUv": false, "snapUv": false},
										"down": {"texture": "#rope", "uv": [0, 0, 2.5, 28.35], "autoUv": false, "snapUv": false}
									},
									"rotationX": 42.5,
									"renderPass": 0
								},
								{
									"name": "rope10",
									"from": [0, 1, -6],
									"to": [2, 1.5, -5.5],
									"rotationOrigin": [0, 1, -5],
									"faces": {
										"north": {"texture": "#rope", "uv": [0, 0, 10, 3.5], "autoUv": false, "snapUv": false},
										"east": {"texture": "#rope", "uv": [0, 0, 6.3, 3.5], "autoUv": false, "snapUv": false},
										"south": {"texture": "#rope", "uv": [0, 0, 10, 3.5], "autoUv": false, "snapUv": false},
										"west": {"texture": "#rope", "uv": [0, 0, 6.3, 3.5], "autoUv": false, "snapUv": false},
										"up": {"texture": "#rope", "uv": [0, 0, 10, 6.3], "autoUv": false, "snapUv": false},
										"down": {"texture": "#rope", "uv": [0, 0, 10, 6.3], "autoUv": false, "snapUv": false}
									},
									"renderPass": 0
								},
								{
									"name": "rope11",
									"from": [-0.5, -0.5, -6],
									"to": [2, 0, -5.5],
									"rotationOrigin": [0, -0.5, -5],
									"faces": {
										"north": {"texture": "#rope", "uv": [0, 0, 12.5, 3.5], "autoUv": false, "snapUv": false},
										"east": {"texture": "#rope", "uv": [0, 0, 6.3, 3.5], "autoUv": false, "snapUv": false},
										"south": {"texture": "#rope", "uv": [0, 0, 12.5, 3.5], "autoUv": false, "snapUv": false},
										"west": {"texture": "#rope", "uv": [0, 0, 6.3, 3.5], "autoUv": false, "snapUv": false},
										"up": {"texture": "#rope", "uv": [0, 0, 12.5, 6.3], "autoUv": false, "snapUv": false},
										"down": {"texture": "#rope", "uv": [0, 0, 12.5, 6.3], "autoUv": false, "snapUv": false}
									},
									"renderPass": 0
								},
								{
									"name": "rope12",
									"from": [0, 1, -8.5],
									"to": [2, 1.5, -8],
									"rotationOrigin": [0, 1, -7.5],
									"faces": {
										"north": {"texture": "#rope", "uv": [0, 0, 10, 3.5], "autoUv": false, "snapUv": false},
										"east": {"texture": "#rope", "uv": [0, 0, 6.3, 3.5], "autoUv": false, "snapUv": false},
										"south": {"texture": "#rope", "uv": [0, 0, 10, 3.5], "autoUv": false, "snapUv": false},
										"west": {"texture": "#rope", "uv": [0, 0, 6.3, 3.5], "autoUv": false, "snapUv": false},
										"up": {"texture": "#rope", "uv": [0, 0, 10, 6.3], "autoUv": false, "snapUv": false},
										"down": {"texture": "#rope", "uv": [0, 0, 10, 6.3], "autoUv": false, "snapUv": false}
									},
									"renderPass": 0
								},
								{
									"name": "rope13",
									"from": [-0.5, 1, -8.25],
									"to": [0, 1.5, -5.75],
									"rotationOrigin": [-2, 1, -5],
									"faces": {
										"north": {"texture": "#rope", "uv": [0, 0, 2.5, 3.5], "autoUv": false, "snapUv": false},
										"east": {"texture": "#rope", "uv": [0, 0, 31.5, 3.5], "autoUv": false, "snapUv": false},
										"south": {"texture": "#rope", "uv": [0, 0, 2.5, 3.5], "autoUv": false, "snapUv": false},
										"west": {"texture": "#rope", "uv": [0, 0, 31.5, 3.5], "autoUv": false, "snapUv": false},
										"up": {"texture": "#rope", "uv": [0, 0, 2.5, 31.5], "autoUv": false, "snapUv": false},
										"down": {"texture": "#rope", "uv": [0, 0, 2.5, 31.5], "autoUv": false, "snapUv": false}
									},
									"renderPass": 0
								},
								{
									"name": "rope14",
									"from": [-0.5, -0.09985, -8.2685],
									"to": [0, 0.40015, -6.0185],
									"rotationOrigin": [-2, 0.25, -7.5],
									"faces": {
										"north": {"texture": "#rope", "uv": [2.5, 0, 0, 3.5], "autoUv": false, "snapUv": false},
										"east": {"texture": "#rope", "uv": [28.35, 0, 0, 3.5], "autoUv": false, "snapUv": false},
										"south": {"texture": "#rope", "uv": [2.5, 0, 0, 3.5], "autoUv": false, "snapUv": false},
										"west": {"texture": "#rope", "uv": [28.35, 0, 0, 3.5], "autoUv": false, "snapUv": false},
										"up": {"texture": "#rope", "uv": [0, 28.35, 2.5, 0], "autoUv": false, "snapUv": false},
										"down": {"texture": "#rope", "uv": [0, 28.35, 2.5, 0], "autoUv": false, "snapUv": false}
									},
									"rotationX": -42.5,
									"renderPass": 0
								},
								{
									"name": "rope15",
									"from": [2, -0.25, -6],
									"to": [2.5, 1.25, -5.5],
									"rotationOrigin": [2, 1, -5],
									"faces": {
										"north": {"texture": "#rope", "uv": [0, 0, 2.5, 10.5], "autoUv": false, "snapUv": false},
										"east": {"texture": "#rope", "uv": [0, 0, 6.3, 10.5], "autoUv": false, "snapUv": false},
										"south": {"texture": "#rope", "uv": [0, 0, 2.5, 10.5], "autoUv": false, "snapUv": false},
										"west": {"texture": "#rope", "uv": [0, 0, 6.3, 10.5], "autoUv": false, "snapUv": false},
										"up": {"texture": "#rope", "uv": [0, 0, 2.5, 6.3], "autoUv": false, "snapUv": false},
										"down": {"texture": "#rope", "uv": [0, 0, 2.5, 6.3], "autoUv": false, "snapUv": false}
									},
									"renderPass": 0
								},
								{
									"name": "rope16",
									"from": [2, -0.25, -8.5],
									"to": [2.5, 1.25, -8],
									"rotationOrigin": [2, 1, -7.5],
									"faces": {
										"north": {"texture": "#rope", "uv": [0, 0, 2.5, 10.5], "autoUv": false, "snapUv": false},
										"east": {"texture": "#rope", "uv": [0, 0, 6.3, 10.5], "autoUv": false, "snapUv": false},
										"south": {"texture": "#rope", "uv": [0, 0, 2.5, 10.5], "autoUv": false, "snapUv": false},
										"west": {"texture": "#rope", "uv": [0, 0, 6.3, 10.5], "autoUv": false, "snapUv": false},
										"up": {"texture": "#rope", "uv": [0, 0, 2.5, 6.3], "autoUv": false, "snapUv": false},
										"down": {"texture": "#rope", "uv": [0, 0, 2.5, 6.3], "autoUv": false, "snapUv": false}
									},
									"renderPass": 0
								},
								{
									"name": "rope17",
									"from": [-0.5, -0.5, -8.5],
									"to": [2, 0, -8],
									"rotationOrigin": [0, -0.5, -7.5],
									"faces": {
										"north": {"texture": "#rope", "uv": [0, 0, 12.5, 3.5], "autoUv": false, "snapUv": false},
										"east": {"texture": "#rope", "uv": [0, 0, 6.3, 3.5], "autoUv": false, "snapUv": false},
										"south": {"texture": "#rope", "uv": [0, 0, 12.5, 3.5], "autoUv": false, "snapUv": false},
										"west": {"texture": "#rope", "uv": [0, 0, 6.3, 3.5], "autoUv": false, "snapUv": false},
										"up": {"texture": "#rope", "uv": [0, 0, 12.5, 6.3], "autoUv": false, "snapUv": false},
										"down": {"texture": "#rope", "uv": [0, 0, 12.5, 6.3], "autoUv": false, "snapUv": false}
									},
									"renderPass": 0
								},
								{
									"name": "rope18",
									"from": [-0.5, -0.09985, -7.9815],
									"to": [0, 0.40015, -5.7315],
									"rotationOrigin": [-2, 0.25, -6.5],
									"faces": {
										"north": {"texture": "#rope", "uv": [0, 0, 2.5, 3.5], "autoUv": false, "snapUv": false},
										"east": {"texture": "#rope", "uv": [0, 0, 28.35, 3.5], "autoUv": false, "snapUv": false},
										"south": {"texture": "#rope", "uv": [0, 0, 2.5, 3.5], "autoUv": false, "snapUv": false},
										"west": {"texture": "#rope", "uv": [0, 0, 28.35, 3.5], "autoUv": false, "snapUv": false},
										"up": {"texture": "#rope", "uv": [0, 0, 2.5, 28.35], "autoUv": false, "snapUv": false},
										"down": {"texture": "#rope", "uv": [0, 0, 2.5, 28.35], "autoUv": false, "snapUv": false}
									},
									"rotationX": 42.5,
									"renderPass": 0
								},
								{
									"name": "rope19",
									"from": [1.5, 1, -2.5],
									"to": [3.75, 1.5, -2],
									"rotationOrigin": [2, 1, -1.5],
									"faces": {
										"north": {"texture": "#rope", "uv": [0, 0, 11.25, 3.5], "autoUv": false, "snapUv": false},
										"east": {"texture": "#rope", "uv": [0, 0, 6.3, 3.5], "autoUv": false, "snapUv": false},
										"south": {"texture": "#rope", "uv": [0, 0, 11.25, 3.5], "autoUv": false, "snapUv": false},
										"west": {"texture": "#rope", "uv": [0, 0, 6.3, 3.5], "autoUv": false, "snapUv": false},
										"up": {"texture": "#rope", "uv": [0, 0, 11.25, 6.3], "autoUv": false, "snapUv": false},
										"down": {"texture": "#rope", "uv": [0, 0, 11.25, 6.3], "autoUv": false, "snapUv": false}
									},
									"rotationZ": -4.25,
									"renderPass": 0
								},
								{
									"name": "rope20",
									"from": [3.5, 1, -2.5],
									"to": [9.05, 1.5, -2],
									"rotationOrigin": [3.5, 1, -1.5],
									"faces": {
										"north": {"texture": "#rope", "uv": [0, 0, 27.75, 3.5], "autoUv": false, "snapUv": false},
										"east": {"texture": "#rope", "uv": [0, 0, 6.3, 3.5], "autoUv": false, "snapUv": false},
										"south": {"texture": "#rope", "uv": [0, 0, 27.75, 3.5], "autoUv": false, "snapUv": false},
										"west": {"texture": "#rope", "uv": [0, 0, 6.3, 3.5], "autoUv": false, "snapUv": false},
										"up": {"texture": "#rope", "uv": [0, 0, 27.75, 6.3], "autoUv": false, "snapUv": false},
										"down": {"texture": "#rope", "uv": [0, 0, 27.75, 6.3], "autoUv": false, "snapUv": false}
									},
									"rotationZ": -49.25,
									"renderPass": 0
								},
								{
									"name": "rope21",
									"from": [7, -7.5, -2.5],
									"to": [7.5, -3, -2],
									"rotationOrigin": [7, -3.25, -1.5],
									"faces": {
										"north": {"texture": "#rope", "uv": [0, 0, 2.5, 31.5], "autoUv": false, "snapUv": false},
										"east": {"texture": "#rope", "uv": [0, 0, 6.3, 31.5], "autoUv": false, "snapUv": false},
										"south": {"texture": "#rope", "uv": [0, 0, 2.5, 31.5], "autoUv": false, "snapUv": false},
										"west": {"texture": "#rope", "uv": [0, 0, 6.3, 31.5], "autoUv": false, "snapUv": false},
										"up": {"texture": "#rope", "uv": [0, 0, 2.5, 6.3], "autoUv": false, "snapUv": false},
										"down": {"texture": "#rope", "uv": [0, 0, 2.5, 6.3], "autoUv": false, "snapUv": false}
									},
									"renderPass": 0
								},
								{
									"name": "rope22",
									"from": [1, 1, -4],
									"to": [1.5, 1.5, -2],
									"rotationOrigin": [-0.5, 1, -1],
									"faces": {
										"north": {"texture": "#rope", "uv": [0, 0, 2.5, 3.5], "autoUv": false, "snapUv": false},
										"east": {"texture": "#rope", "uv": [0, 0, 25.2, 3.5], "autoUv": false, "snapUv": false},
										"south": {"texture": "#rope", "uv": [0, 0, 2.5, 3.5], "autoUv": false, "snapUv": false},
										"west": {"texture": "#rope", "uv": [0, 0, 25.2, 3.5], "autoUv": false, "snapUv": false},
										"up": {"texture": "#rope", "uv": [0, 0, 2.5, 25.2], "autoUv": false, "snapUv": false},
										"down": {"texture": "#rope", "uv": [0, 0, 2.5, 25.2], "autoUv": false, "snapUv": false}
									},
									"renderPass": 0
								},
								{
									"name": "rope23",
									"from": [1.25, -7.75, -2.5],
									"to": [7.5, -7.25, -2],
									"rotationOrigin": [7, -7.75, -1.25],
									"faces": {
										"north": {"texture": "#rope", "uv": [0, 0, 31.25, 3.5], "autoUv": false, "snapUv": false},
										"east": {"texture": "#rope", "uv": [0, 0, 6.3, 3.5], "autoUv": false, "snapUv": false},
										"south": {"texture": "#rope", "uv": [0, 0, 31.25, 3.5], "autoUv": false, "snapUv": false},
										"west": {"texture": "#rope", "uv": [0, 0, 6.3, 3.5], "autoUv": false, "snapUv": false},
										"up": {"texture": "#rope", "uv": [0, 0, 31.25, 6.3], "autoUv": false, "snapUv": false},
										"down": {"texture": "#rope", "uv": [0, 0, 31.25, 6.3], "autoUv": false, "snapUv": false}
									},
									"rotationZ": 30,
									"renderPass": 0
								},
								{
									"name": "rope24",
									"from": [1.25, -7.75, -8],
									"to": [7.5, -7.25, -7.5],
									"rotationOrigin": [7, -7.75, -6.75],
									"faces": {
										"north": {"texture": "#rope", "uv": [0, 0, 31.25, 3.5], "autoUv": false, "snapUv": false},
										"east": {"texture": "#rope", "uv": [0, 0, 6.3, 3.5], "autoUv": false, "snapUv": false},
										"south": {"texture": "#rope", "uv": [0, 0, 31.25, 3.5], "autoUv": false, "snapUv": false},
										"west": {"texture": "#rope", "uv": [0, 0, 6.3, 3.5], "autoUv": false, "snapUv": false},
										"up": {"texture": "#rope", "uv": [0, 0, 31.25, 6.3], "autoUv": false, "snapUv": false},
										"down": {"texture": "#rope", "uv": [0, 0, 31.25, 6.3], "autoUv": false, "snapUv": false}
									},
									"rotationZ": 30,
									"renderPass": 0
								},
								{
									"name": "rope25",
									"from": [1, 1, -8],
									"to": [1.5, 1.5, -6],
									"rotationOrigin": [-0.5, 1, -5],
									"faces": {
										"north": {"texture": "#rope", "uv": [0, 0, 2.5, 3.5], "autoUv": false, "snapUv": false},
										"east": {"texture": "#rope", "uv": [0, 0, 25.2, 3.5], "autoUv": false, "snapUv": false},
										"south": {"texture": "#rope", "uv": [0, 0, 2.5, 3.5], "autoUv": false, "snapUv": false},
										"west": {"texture": "#rope", "uv": [0, 0, 25.2, 3.5], "autoUv": false, "snapUv": false},
										"up": {"texture": "#rope", "uv": [0, 0, 2.5, 25.2], "autoUv": false, "snapUv": false},
										"down": {"texture": "#rope", "uv": [0, 0, 2.5, 25.2], "autoUv": false, "snapUv": false}
									},
									"renderPass": 0
								},
								{
									"name": "rope26",
									"from": [7, -7.5, -8],
									"to": [7.5, -3, -7.5],
									"rotationOrigin": [7, -3.25, -7],
									"faces": {
										"north": {"texture": "#rope", "uv": [0, 0, 2.5, 31.5], "autoUv": false, "snapUv": false},
										"east": {"texture": "#rope", "uv": [0, 0, 6.3, 31.5], "autoUv": false, "snapUv": false},
										"south": {"texture": "#rope", "uv": [0, 0, 2.5, 31.5], "autoUv": false, "snapUv": false},
										"west": {"texture": "#rope", "uv": [0, 0, 6.3, 31.5], "autoUv": false, "snapUv": false},
										"up": {"texture": "#rope", "uv": [0, 0, 2.5, 6.3], "autoUv": false, "snapUv": false},
										"down": {"texture": "#rope", "uv": [0, 0, 2.5, 6.3], "autoUv": false, "snapUv": false}
									},
									"renderPass": 0
								},
								{
									"name": "rope27",
									"from": [3.5, 1, -8],
									"to": [9.05, 1.5, -7.5],
									"rotationOrigin": [3.5, 1, -7],
									"faces": {
										"north": {"texture": "#rope", "uv": [0, 0, 27.75, 3.5], "autoUv": false, "snapUv": false},
										"east": {"texture": "#rope", "uv": [0, 0, 6.3, 3.5], "autoUv": false, "snapUv": false},
										"south": {"texture": "#rope", "uv": [0, 0, 27.75, 3.5], "autoUv": false, "snapUv": false},
										"west": {"texture": "#rope", "uv": [0, 0, 6.3, 3.5], "autoUv": false, "snapUv": false},
										"up": {"texture": "#rope", "uv": [0, 0, 27.75, 6.3], "autoUv": false, "snapUv": false},
										"down": {"texture": "#rope", "uv": [0, 0, 27.75, 6.3], "autoUv": false, "snapUv": false}
									},
									"rotationZ": -49.25,
									"renderPass": 0
								},
								{
									"name": "rope28",
									"from": [1.5, 1, -8],
									"to": [3.75, 1.5, -7.5],
									"rotationOrigin": [2, 1, -7],
									"faces": {
										"north": {"texture": "#rope", "uv": [0, 0, 11.25, 3.5], "autoUv": false, "snapUv": false},
										"east": {"texture": "#rope", "uv": [0, 0, 6.3, 3.5], "autoUv": false, "snapUv": false},
										"south": {"texture": "#rope", "uv": [0, 0, 11.25, 3.5], "autoUv": false, "snapUv": false},
										"west": {"texture": "#rope", "uv": [0, 0, 6.3, 3.5], "autoUv": false, "snapUv": false},
										"up": {"texture": "#rope", "uv": [0, 0, 11.25, 6.3], "autoUv": false, "snapUv": false},
										"down": {"texture": "#rope", "uv": [0, 0, 11.25, 6.3], "autoUv": false, "snapUv": false}
									},
									"rotationZ": -4.25,
									"renderPass": 0
								},
								{
									"name": "rope29",
									"from": [-0.5, -10.09985, -3.9815],
									"to": [0, -9.59985, -1.7315],
									"rotationOrigin": [-2, -9.75, -2.5],
									"faces": {
										"north": {"texture": "#rope", "uv": [0, 0, 2.5, 3.5], "autoUv": false, "snapUv": false},
										"east": {"texture": "#rope", "uv": [0, 0, 28.35, 3.5], "autoUv": false, "snapUv": false},
										"south": {"texture": "#rope", "uv": [0, 0, 2.5, 3.5], "autoUv": false, "snapUv": false},
										"west": {"texture": "#rope", "uv": [0, 0, 28.35, 3.5], "autoUv": false, "snapUv": false},
										"up": {"texture": "#rope", "uv": [0, 0, 2.5, 28.35], "autoUv": false, "snapUv": false},
										"down": {"texture": "#rope", "uv": [0, 0, 2.5, 28.35], "autoUv": false, "snapUv": false}
									},
									"rotationX": 42.5,
									"renderPass": 0
								},
								{
									"name": "rope30",
									"from": [-0.5, -10.5, -4.5],
									"to": [2, -10, -4],
									"rotationOrigin": [0, -10.5, -3.5],
									"faces": {
										"north": {"texture": "#rope", "uv": [0, 0, 12.5, 3.5], "autoUv": false, "snapUv": false},
										"east": {"texture": "#rope", "uv": [0, 0, 6.3, 3.5], "autoUv": false, "snapUv": false},
										"south": {"texture": "#rope", "uv": [0, 0, 12.5, 3.5], "autoUv": false, "snapUv": false},
										"west": {"texture": "#rope", "uv": [0, 0, 6.3, 3.5], "autoUv": false, "snapUv": false},
										"up": {"texture": "#rope", "uv": [0, 0, 12.5, 6.3], "autoUv": false, "snapUv": false},
										"down": {"texture": "#rope", "uv": [0, 0, 12.5, 6.3], "autoUv": false, "snapUv": false}
									},
									"renderPass": 0
								},
								{
									"name": "rope31",
									"from": [2, -10.25, -4.5],
									"to": [2.5, -8.75, -4],
									"rotationOrigin": [2, -9, -3.5],
									"faces": {
										"north": {"texture": "#rope", "uv": [0, 0, 2.5, 10.5], "autoUv": false, "snapUv": false},
										"east": {"texture": "#rope", "uv": [0, 0, 6.3, 10.5], "autoUv": false, "snapUv": false},
										"south": {"texture": "#rope", "uv": [0, 0, 2.5, 10.5], "autoUv": false, "snapUv": false},
										"west": {"texture": "#rope", "uv": [0, 0, 6.3, 10.5], "autoUv": false, "snapUv": false},
										"up": {"texture": "#rope", "uv": [0, 0, 2.5, 6.3], "autoUv": false, "snapUv": false},
										"down": {"texture": "#rope", "uv": [0, 0, 2.5, 6.3], "autoUv": false, "snapUv": false}
									},
									"renderPass": 0
								},
								{
									"name": "rope32",
									"from": [2, -10.25, -2],
									"to": [2.5, -9, -1.5],
									"rotationOrigin": [2, -9, -1],
									"faces": {
										"north": {"texture": "#rope", "uv": [0, 0, 2.5, 8.75], "autoUv": false, "snapUv": false},
										"east": {"texture": "#rope", "uv": [0, 0, 6.3, 8.75], "autoUv": false, "snapUv": false},
										"south": {"texture": "#rope", "uv": [0, 0, 2.5, 8.75], "autoUv": false, "snapUv": false},
										"west": {"texture": "#rope", "uv": [0, 0, 6.3, 8.75], "autoUv": false, "snapUv": false},
										"up": {"texture": "#rope", "uv": [0, 0, 2.5, 6.3], "autoUv": false, "snapUv": false},
										"down": {"texture": "#rope", "uv": [0, 0, 2.5, 6.3], "autoUv": false, "snapUv": false}
									},
									"renderPass": 0
								},
								{
									"name": "rope33",
									"from": [-0.5, -10.09985, -4.2685],
									"to": [0, -9.59985, -2.0185],
									"rotationOrigin": [-2, -9.75, -3.5],
									"faces": {
										"north": {"texture": "#rope", "uv": [2.5, 0, 0, 3.5], "autoUv": false, "snapUv": false},
										"east": {"texture": "#rope", "uv": [28.35, 0, 0, 3.5], "autoUv": false, "snapUv": false},
										"south": {"texture": "#rope", "uv": [2.5, 0, 0, 3.5], "autoUv": false, "snapUv": false},
										"west": {"texture": "#rope", "uv": [28.35, 0, 0, 3.5], "autoUv": false, "snapUv": false},
										"up": {"texture": "#rope", "uv": [0, 28.35, 2.5, 0], "autoUv": false, "snapUv": false},
										"down": {"texture": "#rope", "uv": [0, 28.35, 2.5, 0], "autoUv": false, "snapUv": false}
									},
									"rotationX": -42.5,
									"renderPass": 0
								},
								{
									"name": "rope34",
									"from": [-0.5, -9, -4.25],
									"to": [0, -8.5, -1.75],
									"rotationOrigin": [-2, -9, -1],
									"faces": {
										"north": {"texture": "#rope", "uv": [0, 0, 2.5, 3.5], "autoUv": false, "snapUv": false},
										"east": {"texture": "#rope", "uv": [0, 0, 31.5, 3.5], "autoUv": false, "snapUv": false},
										"south": {"texture": "#rope", "uv": [0, 0, 2.5, 3.5], "autoUv": false, "snapUv": false},
										"west": {"texture": "#rope", "uv": [0, 0, 31.5, 3.5], "autoUv": false, "snapUv": false},
										"up": {"texture": "#rope", "uv": [0, 0, 2.5, 31.5], "autoUv": false, "snapUv": false},
										"down": {"texture": "#rope", "uv": [0, 0, 2.5, 31.5], "autoUv": false, "snapUv": false}
									},
									"renderPass": 0
								},
								{
									"name": "rope35",
									"from": [0, -9, -4.5],
									"to": [2, -8.5, -4],
									"rotationOrigin": [0, -9, -3.5],
									"faces": {
										"north": {"texture": "#rope", "uv": [0, 0, 10, 3.5], "autoUv": false, "snapUv": false},
										"east": {"texture": "#rope", "uv": [0, 0, 6.3, 3.5], "autoUv": false, "snapUv": false},
										"south": {"texture": "#rope", "uv": [0, 0, 10, 3.5], "autoUv": false, "snapUv": false},
										"west": {"texture": "#rope", "uv": [0, 0, 6.3, 3.5], "autoUv": false, "snapUv": false},
										"up": {"texture": "#rope", "uv": [0, 0, 10, 6.3], "autoUv": false, "snapUv": false},
										"down": {"texture": "#rope", "uv": [0, 0, 10, 6.3], "autoUv": false, "snapUv": false}
									},
									"renderPass": 0
								},
								{
									"name": "rope36",
									"from": [-0.5, -10.5, -2],
									"to": [2, -10, -1.5],
									"rotationOrigin": [0, -10.5, -1],
									"faces": {
										"north": {"texture": "#rope", "uv": [0, 0, 12.5, 3.5], "autoUv": false, "snapUv": false},
										"east": {"texture": "#rope", "uv": [0, 0, 6.3, 3.5], "autoUv": false, "snapUv": false},
										"south": {"texture": "#rope", "uv": [0, 0, 12.5, 3.5], "autoUv": false, "snapUv": false},
										"west": {"texture": "#rope", "uv": [0, 0, 6.3, 3.5], "autoUv": false, "snapUv": false},
										"up": {"texture": "#rope", "uv": [0, 0, 12.5, 6.3], "autoUv": false, "snapUv": false},
										"down": {"texture": "#rope", "uv": [0, 0, 12.5, 6.3], "autoUv": false, "snapUv": false}
									},
									"renderPass": 0
								},
								{
									"name": "rope37",
									"from": [1, -9, -4],
									"to": [1.5, -8.5, -2],
									"rotationOrigin": [-0.5, -9, -1],
									"faces": {
										"north": {"texture": "#rope", "uv": [0, 0, 2.5, 3.5], "autoUv": false, "snapUv": false},
										"east": {"texture": "#rope", "uv": [0, 0, 25.2, 3.5], "autoUv": false, "snapUv": false},
										"south": {"texture": "#rope", "uv": [0, 0, 2.5, 3.5], "autoUv": false, "snapUv": false},
										"west": {"texture": "#rope", "uv": [0, 0, 25.2, 3.5], "autoUv": false, "snapUv": false},
										"up": {"texture": "#rope", "uv": [0, 0, 2.5, 25.2], "autoUv": false, "snapUv": false},
										"down": {"texture": "#rope", "uv": [0, 0, 2.5, 25.2], "autoUv": false, "snapUv": false}
									},
									"renderPass": 0
								},
								{
									"name": "rope37",
									"from": [1, -9, -8],
									"to": [1.5, -8.5, -6],
									"rotationOrigin": [-0.5, -9, -4.75],
									"faces": {
										"north": {"texture": "#rope", "uv": [0, 0, 2.5, 3.5], "autoUv": false, "snapUv": false},
										"east": {"texture": "#rope", "uv": [0, 0, 25.2, 3.5], "autoUv": false, "snapUv": false},
										"south": {"texture": "#rope", "uv": [0, 0, 2.5, 3.5], "autoUv": false, "snapUv": false},
										"west": {"texture": "#rope", "uv": [0, 0, 25.2, 3.5], "autoUv": false, "snapUv": false},
										"up": {"texture": "#rope", "uv": [0, 0, 2.5, 25.2], "autoUv": false, "snapUv": false},
										"down": {"texture": "#rope", "uv": [0, 0, 2.5, 25.2], "autoUv": false, "snapUv": false}
									},
									"renderPass": 0
								},
								{
									"name": "rope36",
									"from": [-0.5, -10.5, -6],
									"to": [2, -10, -5.5],
									"rotationOrigin": [0, -10.5, -5],
									"faces": {
										"north": {"texture": "#rope", "uv": [0, 0, 12.5, 3.5], "autoUv": false, "snapUv": false},
										"east": {"texture": "#rope", "uv": [0, 0, 6.3, 3.5], "autoUv": false, "snapUv": false},
										"south": {"texture": "#rope", "uv": [0, 0, 12.5, 3.5], "autoUv": false, "snapUv": false},
										"west": {"texture": "#rope", "uv": [0, 0, 6.3, 3.5], "autoUv": false, "snapUv": false},
										"up": {"texture": "#rope", "uv": [0, 0, 12.5, 6.3], "autoUv": false, "snapUv": false},
										"down": {"texture": "#rope", "uv": [0, 0, 12.5, 6.3], "autoUv": false, "snapUv": false}
									},
									"renderPass": 0
								},
								{
									"name": "rope35",
									"from": [0, -9, -6],
									"to": [2, -8.5, -5.5],
									"rotationOrigin": [0, -9, -5],
									"faces": {
										"north": {"texture": "#rope", "uv": [0, 0, 10, 3.5], "autoUv": false, "snapUv": false},
										"east": {"texture": "#rope", "uv": [0, 0, 6.3, 3.5], "autoUv": false, "snapUv": false},
										"south": {"texture": "#rope", "uv": [0, 0, 10, 3.5], "autoUv": false, "snapUv": false},
										"west": {"texture": "#rope", "uv": [0, 0, 6.3, 3.5], "autoUv": false, "snapUv": false},
										"up": {"texture": "#rope", "uv": [0, 0, 10, 6.3], "autoUv": false, "snapUv": false},
										"down": {"texture": "#rope", "uv": [0, 0, 10, 6.3], "autoUv": false, "snapUv": false}
									},
									"renderPass": 0
								},
								{
									"name": "rope34",
									"from": [-0.5, -9, -8.25],
									"to": [0, -8.5, -5.75],
									"rotationOrigin": [-2, -9, -5],
									"faces": {
										"north": {"texture": "#rope", "uv": [0, 0, 2.5, 3.5], "autoUv": false, "snapUv": false},
										"east": {"texture": "#rope", "uv": [0, 0, 31.5, 3.5], "autoUv": false, "snapUv": false},
										"south": {"texture": "#rope", "uv": [0, 0, 2.5, 3.5], "autoUv": false, "snapUv": false},
										"west": {"texture": "#rope", "uv": [0, 0, 31.5, 3.5], "autoUv": false, "snapUv": false},
										"up": {"texture": "#rope", "uv": [0, 0, 2.5, 31.5], "autoUv": false, "snapUv": false},
										"down": {"texture": "#rope", "uv": [0, 0, 2.5, 31.5], "autoUv": false, "snapUv": false}
									},
									"renderPass": 0
								},
								{
									"name": "rope33",
									"from": [-0.5, -10.09985, -8.2685],
									"to": [0, -9.59985, -6.0185],
									"rotationOrigin": [-2, -9.75, -7.5],
									"faces": {
										"north": {"texture": "#rope", "uv": [2.5, 0, 0, 3.5], "autoUv": false, "snapUv": false},
										"east": {"texture": "#rope", "uv": [28.35, 0, 0, 3.5], "autoUv": false, "snapUv": false},
										"south": {"texture": "#rope", "uv": [2.5, 0, 0, 3.5], "autoUv": false, "snapUv": false},
										"west": {"texture": "#rope", "uv": [28.35, 0, 0, 3.5], "autoUv": false, "snapUv": false},
										"up": {"texture": "#rope", "uv": [0, 28.35, 2.5, 0], "autoUv": false, "snapUv": false},
										"down": {"texture": "#rope", "uv": [0, 28.35, 2.5, 0], "autoUv": false, "snapUv": false}
									},
									"rotationX": -42.5,
									"renderPass": 0
								},
								{
									"name": "rope32",
									"from": [2, -10.25, -6],
									"to": [2.5, -9, -5.5],
									"rotationOrigin": [2, -9, -5],
									"faces": {
										"north": {"texture": "#rope", "uv": [0, 0, 2.5, 8.75], "autoUv": false, "snapUv": false},
										"east": {"texture": "#rope", "uv": [0, 0, 6.3, 8.75], "autoUv": false, "snapUv": false},
										"south": {"texture": "#rope", "uv": [0, 0, 2.5, 8.75], "autoUv": false, "snapUv": false},
										"west": {"texture": "#rope", "uv": [0, 0, 6.3, 8.75], "autoUv": false, "snapUv": false},
										"up": {"texture": "#rope", "uv": [0, 0, 2.5, 6.3], "autoUv": false, "snapUv": false},
										"down": {"texture": "#rope", "uv": [0, 0, 2.5, 6.3], "autoUv": false, "snapUv": false}
									},
									"renderPass": 0
								},
								{
									"name": "rope31",
									"from": [2, -10.25, -8.5],
									"to": [2.5, -9, -8],
									"rotationOrigin": [2, -9, -7.5],
									"faces": {
										"north": {"texture": "#rope", "uv": [0, 0, 2.5, 8.75], "autoUv": false, "snapUv": false},
										"east": {"texture": "#rope", "uv": [0, 0, 6.3, 8.75], "autoUv": false, "snapUv": false},
										"south": {"texture": "#rope", "uv": [0, 0, 2.5, 8.75], "autoUv": false, "snapUv": false},
										"west": {"texture": "#rope", "uv": [0, 0, 6.3, 8.75], "autoUv": false, "snapUv": false},
										"up": {"texture": "#rope", "uv": [0, 0, 2.5, 6.3], "autoUv": false, "snapUv": false},
										"down": {"texture": "#rope", "uv": [0, 0, 2.5, 6.3], "autoUv": false, "snapUv": false}
									},
									"renderPass": 0
								},
								{
									"name": "rope30",
									"from": [-0.5, -10.5, -8.5],
									"to": [2, -10, -8],
									"rotationOrigin": [0, -10.5, -7.5],
									"faces": {
										"north": {"texture": "#rope", "uv": [0, 0, 12.5, 3.5], "autoUv": false, "snapUv": false},
										"east": {"texture": "#rope", "uv": [0, 0, 6.3, 3.5], "autoUv": false, "snapUv": false},
										"south": {"texture": "#rope", "uv": [0, 0, 12.5, 3.5], "autoUv": false, "snapUv": false},
										"west": {"texture": "#rope", "uv": [0, 0, 6.3, 3.5], "autoUv": false, "snapUv": false},
										"up": {"texture": "#rope", "uv": [0, 0, 12.5, 6.3], "autoUv": false, "snapUv": false},
										"down": {"texture": "#rope", "uv": [0, 0, 12.5, 6.3], "autoUv": false, "snapUv": false}
									},
									"renderPass": 0
								},
								{
									"name": "rope29",
									"from": [-0.5, -10.09985, -7.9815],
									"to": [0, -9.59985, -5.7315],
									"rotationOrigin": [-2, -9.75, -6.5],
									"faces": {
										"north": {"texture": "#rope", "uv": [0, 0, 2.5, 3.5], "autoUv": false, "snapUv": false},
										"east": {"texture": "#rope", "uv": [0, 0, 28.35, 3.5], "autoUv": false, "snapUv": false},
										"south": {"texture": "#rope", "uv": [0, 0, 2.5, 3.5], "autoUv": false, "snapUv": false},
										"west": {"texture": "#rope", "uv": [0, 0, 28.35, 3.5], "autoUv": false, "snapUv": false},
										"up": {"texture": "#rope", "uv": [0, 0, 2.5, 28.35], "autoUv": false, "snapUv": false},
										"down": {"texture": "#rope", "uv": [0, 0, 2.5, 28.35], "autoUv": false, "snapUv": false}
									},
									"rotationX": 42.5,
									"renderPass": 0
								}
							]
						}
					]
				}
			]
		}
	],
	"animations": []
}
