{
	"editor": {
		"backDropShape": "",
		"collapsedPaths": "",
		"allAngles": false,
		"entityTextureMode": false,
		"singleTexture": false,
		"vsFormatConverted": false
	},
	"textureWidth": 16,
	"textureHeight": 16,
	"textureSizes": {
		"birch": [32, 32],
		"rope": [32, 32],
		"aged": [32, 32],
		"reed": [32, 32],
		"linen": [32, 32]
	},
	"textures": {
		"birch": "game:block/wood/debarked/birch",
		"rope": "game:item/resource/rope",
		"aged": "game:block/wood/debarked/aged",
		"reed": "game:item/bag/basket/reed",
		"linen": "game:item/bag/linensack/linen"
	},
	"elements": [
		{
			"name": "ForagerBasketBackrack",
			"from": [0, -1.65, 8],
			"to": [0, -1.65, 8],
			"rotationOrigin": [0, -1.65, 8],
			"children": [
				{
					"name": "Frame",
					"from": [8, 8, 0],
					"to": [8, 8, 0],
					"rotationOrigin": [8, 8, 0],
					"children": [
						{
							"name": "frame1",
							"from": [-5, -9, -3],
							"to": [-4, 7, -1],
							"rotationOrigin": [-5, 0, -1],
							"faces": {
								"north": {"texture": "#aged", "uv": [29, 0, 32, 32], "autoUv": false, "snapUv": false},
								"east": {"texture": "#aged", "uv": [3, 0, 7, 32], "autoUv": false, "snapUv": false},
								"south": {"texture": "#aged", "uv": [20, 0, 23, 32], "autoUv": false, "snapUv": false},
								"west": {"texture": "#aged", "uv": [0, 0, 3, 32], "autoUv": false, "snapUv": false},
								"up": {"texture": "#birch", "uv": [6, 4, 10, 10], "autoUv": false, "snapUv": false},
								"down": {"texture": "#birch", "uv": [8, 5, 11, 9], "autoUv": false, "snapUv": false}
							},
							"renderPass": 0
						},
						{
							"name": "frame2",
							"from": [-5, -9, 1],
							"to": [-4, 7, 3],
							"rotationOrigin": [-5, 0, 3],
							"faces": {
								"north": {"texture": "#aged", "uv": [0, 0, 3, 32], "autoUv": false, "snapUv": false},
								"east": {"texture": "#aged", "uv": [25, 0, 29, 32], "autoUv": false, "snapUv": false},
								"south": {"texture": "#aged", "uv": [14, 0, 16, 32], "autoUv": false, "snapUv": false},
								"west": {"texture": "#aged", "uv": [11, 0, 16, 32], "autoUv": false, "snapUv": false},
								"up": {"texture": "#birch", "uv": [9, 5, 12, 9], "autoUv": false, "snapUv": false},
								"down": {"texture": "#birch", "uv": [12, 16, 15, 20], "autoUv": false, "snapUv": false}
							},
							"renderPass": 0
						},
						{
							"name": "frame3",
							"from": [-5, -6, 3],
							"to": [4, -4, 4],
							"rotationOrigin": [-5, 3, 5],
							"faces": {
								"north": {"texture": "#aged", "uv": [0, 27, 32, 32], "autoUv": false, "snapUv": false},
								"east": {"texture": "#birch", "uv": [10, 23, 14, 27], "autoUv": false, "snapUv": false},
								"south": {"texture": "#aged", "uv": [0, 9, 32, 15], "autoUv": false, "snapUv": false},
								"west": {"texture": "#birch", "uv": [3, 15, 7, 20], "autoUv": false, "snapUv": false},
								"up": {"texture": "#aged", "uv": [0, 0, 32, 3], "autoUv": false, "snapUv": false},
								"down": {"texture": "#aged", "uv": [0, 23, 32, 26], "autoUv": false, "snapUv": false}
							},
							"renderPass": 0
						},
						{
							"name": "frame4",
							"from": [-5, -6, -4],
							"to": [4, -4, -3],
							"rotationOrigin": [-5, 3, -2],
							"faces": {
								"north": {"texture": "#aged", "uv": [0, 27, 32, 32], "autoUv": false, "snapUv": false},
								"east": {"texture": "#birch", "uv": [10, 23, 14, 27], "autoUv": false, "snapUv": false},
								"south": {"texture": "#aged", "uv": [0, 9, 32, 15], "autoUv": false, "snapUv": false},
								"west": {"texture": "#birch", "uv": [3, 15, 7, 20], "autoUv": false, "snapUv": false},
								"up": {"texture": "#aged", "uv": [0, 0, 32, 3], "autoUv": false, "snapUv": false},
								"down": {"texture": "#aged", "uv": [0, 23, 32, 26], "autoUv": false, "snapUv": false}
							},
							"renderPass": 0
						},
						{
							"name": "frame5",
							"from": [-4, 3, -5],
							"to": [-3, 4, 5],
							"rotationOrigin": [-5, 11, 1],
							"faces": {
								"north": {"texture": "#birch", "uv": [2, 19, 6, 24], "autoUv": false, "snapUv": false},
								"east": {"texture": "#aged", "uv": [0, 0, 32, 5], "autoUv": false, "snapUv": false},
								"south": {"texture": "#birch", "uv": [12, 15, 16, 20], "autoUv": false, "snapUv": false},
								"west": {"texture": "#aged", "uv": [0, 24, 32, 29], "autoUv": false, "snapUv": false},
								"up": {"texture": "#aged", "uv": [18, 0, 21, 32], "autoUv": false, "snapUv": false},
								"down": {"texture": "#aged", "uv": [10, 0, 13, 32], "autoUv": false, "snapUv": false}
							},
							"renderPass": 0
						},
						{
							"name": "frame6",
							"from": [-4, -7, -5],
							"to": [-3, -6, 5],
							"rotationOrigin": [-5, 1, 1],
							"faces": {
								"north": {"texture": "#birch", "uv": [2, 19, 6, 24], "autoUv": false, "snapUv": false},
								"east": {"texture": "#aged", "uv": [0, 0, 32, 5], "autoUv": false, "snapUv": false},
								"south": {"texture": "#birch", "uv": [12, 15, 16, 20], "autoUv": false, "snapUv": false},
								"west": {"texture": "#aged", "uv": [0, 24, 32, 29], "autoUv": false, "snapUv": false},
								"up": {"texture": "#aged", "uv": [18, 0, 21, 32], "autoUv": false, "snapUv": false},
								"down": {"texture": "#aged", "uv": [10, 0, 13, 32], "autoUv": false, "snapUv": false}
							},
							"renderPass": 0
						},
						{
							"name": "Rope",
							"from": [-5, 3, 5],
							"to": [-5, 3, 5],
							"rotationOrigin": [-5, 3, 5],
							"children": [
								{
									"name": "rope1",
									"from": [0, 1, -2],
									"to": [2, 1.5, -1.5],
									"rotationOrigin": [0, 1, -1],
									"faces": {
										"north": {"texture": "#rope", "uv": [0, 0, 10, 3.5], "autoUv": false, "snapUv": false},
										"east": {"texture": "#rope", "uv": [0, 0, 6.3, 3.5], "autoUv": false, "snapUv": false},
										"south": {"texture": "#rope", "uv": [0, 0, 10, 3.5], "autoUv": false, "snapUv": false},
										"west": {"texture": "#rope", "uv": [0, 0, 6.3, 3.5], "autoUv": false, "snapUv": false},
										"up": {"texture": "#rope", "uv": [0, 0, 10, 6.3], "autoUv": false, "snapUv": false},
										"down": {"texture": "#rope", "uv": [0, 0, 10, 6.3], "autoUv": false, "snapUv": false}
									},
									"renderPass": 0
								},
								{
									"name": "rope2",
									"from": [-0.5, -0.5, -2],
									"to": [2, 0, -1.5],
									"rotationOrigin": [0, -0.5, -1],
									"faces": {
										"north": {"texture": "#rope", "uv": [0, 0, 12.5, 3.5], "autoUv": false, "snapUv": false},
										"east": {"texture": "#rope", "uv": [0, 0, 6.3, 3.5], "autoUv": false, "snapUv": false},
										"south": {"texture": "#rope", "uv": [0, 0, 12.5, 3.5], "autoUv": false, "snapUv": false},
										"west": {"texture": "#rope", "uv": [0, 0, 6.3, 3.5], "autoUv": false, "snapUv": false},
										"up": {"texture": "#rope", "uv": [0, 0, 12.5, 6.3], "autoUv": false, "snapUv": false},
										"down": {"texture": "#rope", "uv": [0, 0, 12.5, 6.3], "autoUv": false, "snapUv": false}
									},
									"renderPass": 0
								},
								{
									"name": "rope3",
									"from": [0, 1, -4.5],
									"to": [2, 1.5, -4],
									"rotationOrigin": [0, 1, -3.5],
									"faces": {
										"north": {"texture": "#rope", "uv": [0, 0, 10, 3.5], "autoUv": false, "snapUv": false},
										"east": {"texture": "#rope", "uv": [0, 0, 6.3, 3.5], "autoUv": false, "snapUv": false},
										"south": {"texture": "#rope", "uv": [0, 0, 10, 3.5], "autoUv": false, "snapUv": false},
										"west": {"texture": "#rope", "uv": [0, 0, 6.3, 3.5], "autoUv": false, "snapUv": false},
										"up": {"texture": "#rope", "uv": [0, 0, 10, 6.3], "autoUv": false, "snapUv": false},
										"down": {"texture": "#rope", "uv": [0, 0, 10, 6.3], "autoUv": false, "snapUv": false}
									},
									"renderPass": 0
								},
								{
									"name": "rope4",
									"from": [-0.5, 1, -4.25],
									"to": [0, 1.5, -1.75],
									"rotationOrigin": [-2, 1, -1],
									"faces": {
										"north": {"texture": "#rope", "uv": [0, 0, 2.5, 3.5], "autoUv": false, "snapUv": false},
										"east": {"texture": "#rope", "uv": [0, 0, 31.5, 3.5], "autoUv": false, "snapUv": false},
										"south": {"texture": "#rope", "uv": [0, 0, 2.5, 3.5], "autoUv": false, "snapUv": false},
										"west": {"texture": "#rope", "uv": [0, 0, 31.5, 3.5], "autoUv": false, "snapUv": false},
										"up": {"texture": "#rope", "uv": [0, 0, 2.5, 31.5], "autoUv": false, "snapUv": false},
										"down": {"texture": "#rope", "uv": [0, 0, 2.5, 31.5], "autoUv": false, "snapUv": false}
									},
									"renderPass": 0
								},
								{
									"name": "rope5",
									"from": [-0.5, -0.09985, -4.2685],
									"to": [0, 0.40015, -2.0185],
									"rotationOrigin": [-2, 0.25, -3.5],
									"faces": {
										"north": {"texture": "#rope", "uv": [2.5, 0, 0, 3.5], "autoUv": false, "snapUv": false},
										"east": {"texture": "#rope", "uv": [28.35, 0, 0, 3.5], "autoUv": false, "snapUv": false},
										"south": {"texture": "#rope", "uv": [2.5, 0, 0, 3.5], "autoUv": false, "snapUv": false},
										"west": {"texture": "#rope", "uv": [28.35, 0, 0, 3.5], "autoUv": false, "snapUv": false},
										"up": {"texture": "#rope", "uv": [0, 28.35, 2.5, 0], "autoUv": false, "snapUv": false},
										"down": {"texture": "#rope", "uv": [0, 28.35, 2.5, 0], "autoUv": false, "snapUv": false}
									},
									"rotationX": -42.5,
									"renderPass": 0
								},
								{
									"name": "rope6",
									"from": [2, -0.25, -2],
									"to": [2.5, 1.25, -1.5],
									"rotationOrigin": [2, 1, -1],
									"faces": {
										"north": {"texture": "#rope", "uv": [0, 0, 2.5, 10.5], "autoUv": false, "snapUv": false},
										"east": {"texture": "#rope", "uv": [0, 0, 6.3, 10.5], "autoUv": false, "snapUv": false},
										"south": {"texture": "#rope", "uv": [0, 0, 2.5, 10.5], "autoUv": false, "snapUv": false},
										"west": {"texture": "#rope", "uv": [0, 0, 6.3, 10.5], "autoUv": false, "snapUv": false},
										"up": {"texture": "#rope", "uv": [0, 0, 2.5, 6.3], "autoUv": false, "snapUv": false},
										"down": {"texture": "#rope", "uv": [0, 0, 2.5, 6.3], "autoUv": false, "snapUv": false}
									},
									"renderPass": 0
								},
								{
									"name": "rope7",
									"from": [2, -0.25, -4.5],
									"to": [2.5, 1.25, -4],
									"rotationOrigin": [2, 1, -3.5],
									"faces": {
										"north": {"texture": "#rope", "uv": [0, 0, 2.5, 10.5], "autoUv": false, "snapUv": false},
										"east": {"texture": "#rope", "uv": [0, 0, 6.3, 10.5], "autoUv": false, "snapUv": false},
										"south": {"texture": "#rope", "uv": [0, 0, 2.5, 10.5], "autoUv": false, "snapUv": false},
										"west": {"texture": "#rope", "uv": [0, 0, 6.3, 10.5], "autoUv": false, "snapUv": false},
										"up": {"texture": "#rope", "uv": [0, 0, 2.5, 6.3], "autoUv": false, "snapUv": false},
										"down": {"texture": "#rope", "uv": [0, 0, 2.5, 6.3], "autoUv": false, "snapUv": false}
									},
									"renderPass": 0
								},
								{
									"name": "rope8",
									"from": [-0.5, -0.5, -4.5],
									"to": [2, 0, -4],
									"rotationOrigin": [0, -0.5, -3.5],
									"faces": {
										"north": {"texture": "#rope", "uv": [0, 0, 12.5, 3.5], "autoUv": false, "snapUv": false},
										"east": {"texture": "#rope", "uv": [0, 0, 6.3, 3.5], "autoUv": false, "snapUv": false},
										"south": {"texture": "#rope", "uv": [0, 0, 12.5, 3.5], "autoUv": false, "snapUv": false},
										"west": {"texture": "#rope", "uv": [0, 0, 6.3, 3.5], "autoUv": false, "snapUv": false},
										"up": {"texture": "#rope", "uv": [0, 0, 12.5, 6.3], "autoUv": false, "snapUv": false},
										"down": {"texture": "#rope", "uv": [0, 0, 12.5, 6.3], "autoUv": false, "snapUv": false}
									},
									"renderPass": 0
								},
								{
									"name": "rope9",
									"from": [-0.5, -0.09985, -3.9815],
									"to": [0, 0.40015, -1.7315],
									"rotationOrigin": [-2, 0.25, -2.5],
									"faces": {
										"north": {"texture": "#rope", "uv": [0, 0, 2.5, 3.5], "autoUv": false, "snapUv": false},
										"east": {"texture": "#rope", "uv": [0, 0, 28.35, 3.5], "autoUv": false, "snapUv": false},
										"south": {"texture": "#rope", "uv": [0, 0, 2.5, 3.5], "autoUv": false, "snapUv": false},
										"west": {"texture": "#rope", "uv": [0, 0, 28.35, 3.5], "autoUv": false, "snapUv": false},
										"up": {"texture": "#rope", "uv": [0, 0, 2.5, 28.35], "autoUv": false, "snapUv": false},
										"down": {"texture": "#rope", "uv": [0, 0, 2.5, 28.35], "autoUv": false, "snapUv": false}
									},
									"rotationX": 42.5,
									"renderPass": 0
								},
								{
									"name": "rope10",
									"from": [0, 1, -6],
									"to": [2, 1.5, -5.5],
									"rotationOrigin": [0, 1, -5],
									"faces": {
										"north": {"texture": "#rope", "uv": [0, 0, 10, 3.5], "autoUv": false, "snapUv": false},
										"east": {"texture": "#rope", "uv": [0, 0, 6.3, 3.5], "autoUv": false, "snapUv": false},
										"south": {"texture": "#rope", "uv": [0, 0, 10, 3.5], "autoUv": false, "snapUv": false},
										"west": {"texture": "#rope", "uv": [0, 0, 6.3, 3.5], "autoUv": false, "snapUv": false},
										"up": {"texture": "#rope", "uv": [0, 0, 10, 6.3], "autoUv": false, "snapUv": false},
										"down": {"texture": "#rope", "uv": [0, 0, 10, 6.3], "autoUv": false, "snapUv": false}
									},
									"renderPass": 0
								},
								{
									"name": "rope11",
									"from": [-0.5, -0.5, -6],
									"to": [2, 0, -5.5],
									"rotationOrigin": [0, -0.5, -5],
									"faces": {
										"north": {"texture": "#rope", "uv": [0, 0, 12.5, 3.5], "autoUv": false, "snapUv": false},
										"east": {"texture": "#rope", "uv": [0, 0, 6.3, 3.5], "autoUv": false, "snapUv": false},
										"south": {"texture": "#rope", "uv": [0, 0, 12.5, 3.5], "autoUv": false, "snapUv": false},
										"west": {"texture": "#rope", "uv": [0, 0, 6.3, 3.5], "autoUv": false, "snapUv": false},
										"up": {"texture": "#rope", "uv": [0, 0, 12.5, 6.3], "autoUv": false, "snapUv": false},
										"down": {"texture": "#rope", "uv": [0, 0, 12.5, 6.3], "autoUv": false, "snapUv": false}
									},
									"renderPass": 0
								},
								{
									"name": "rope12",
									"from": [0, 1, -8.5],
									"to": [2, 1.5, -8],
									"rotationOrigin": [0, 1, -7.5],
									"faces": {
										"north": {"texture": "#rope", "uv": [0, 0, 10, 3.5], "autoUv": false, "snapUv": false},
										"east": {"texture": "#rope", "uv": [0, 0, 6.3, 3.5], "autoUv": false, "snapUv": false},
										"south": {"texture": "#rope", "uv": [0, 0, 10, 3.5], "autoUv": false, "snapUv": false},
										"west": {"texture": "#rope", "uv": [0, 0, 6.3, 3.5], "autoUv": false, "snapUv": false},
										"up": {"texture": "#rope", "uv": [0, 0, 10, 6.3], "autoUv": false, "snapUv": false},
										"down": {"texture": "#rope", "uv": [0, 0, 10, 6.3], "autoUv": false, "snapUv": false}
									},
									"renderPass": 0
								},
								{
									"name": "rope13",
									"from": [-0.5, 1, -8.25],
									"to": [0, 1.5, -5.75],
									"rotationOrigin": [-2, 1, -5],
									"faces": {
										"north": {"texture": "#rope", "uv": [0, 0, 2.5, 3.5], "autoUv": false, "snapUv": false},
										"east": {"texture": "#rope", "uv": [0, 0, 31.5, 3.5], "autoUv": false, "snapUv": false},
										"south": {"texture": "#rope", "uv": [0, 0, 2.5, 3.5], "autoUv": false, "snapUv": false},
										"west": {"texture": "#rope", "uv": [0, 0, 31.5, 3.5], "autoUv": false, "snapUv": false},
										"up": {"texture": "#rope", "uv": [0, 0, 2.5, 31.5], "autoUv": false, "snapUv": false},
										"down": {"texture": "#rope", "uv": [0, 0, 2.5, 31.5], "autoUv": false, "snapUv": false}
									},
									"renderPass": 0
								},
								{
									"name": "rope14",
									"from": [-0.5, -0.09985, -8.2685],
									"to": [0, 0.40015, -6.0185],
									"rotationOrigin": [-2, 0.25, -7.5],
									"faces": {
										"north": {"texture": "#rope", "uv": [2.5, 0, 0, 3.5], "autoUv": false, "snapUv": false},
										"east": {"texture": "#rope", "uv": [28.35, 0, 0, 3.5], "autoUv": false, "snapUv": false},
										"south": {"texture": "#rope", "uv": [2.5, 0, 0, 3.5], "autoUv": false, "snapUv": false},
										"west": {"texture": "#rope", "uv": [28.35, 0, 0, 3.5], "autoUv": false, "snapUv": false},
										"up": {"texture": "#rope", "uv": [0, 28.35, 2.5, 0], "autoUv": false, "snapUv": false},
										"down": {"texture": "#rope", "uv": [0, 28.35, 2.5, 0], "autoUv": false, "snapUv": false}
									},
									"rotationX": -42.5,
									"renderPass": 0
								},
								{
									"name": "rope15",
									"from": [2, -0.25, -6],
									"to": [2.5, 1.25, -5.5],
									"rotationOrigin": [2, 1, -5],
									"faces": {
										"north": {"texture": "#rope", "uv": [0, 0, 2.5, 10.5], "autoUv": false, "snapUv": false},
										"east": {"texture": "#rope", "uv": [0, 0, 6.3, 10.5], "autoUv": false, "snapUv": false},
										"south": {"texture": "#rope", "uv": [0, 0, 2.5, 10.5], "autoUv": false, "snapUv": false},
										"west": {"texture": "#rope", "uv": [0, 0, 6.3, 10.5], "autoUv": false, "snapUv": false},
										"up": {"texture": "#rope", "uv": [0, 0, 2.5, 6.3], "autoUv": false, "snapUv": false},
										"down": {"texture": "#rope", "uv": [0, 0, 2.5, 6.3], "autoUv": false, "snapUv": false}
									},
									"renderPass": 0
								},
								{
									"name": "rope16",
									"from": [2, -0.25, -8.5],
									"to": [2.5, 1.25, -8],
									"rotationOrigin": [2, 1, -7.5],
									"faces": {
										"north": {"texture": "#rope", "uv": [0, 0, 2.5, 10.5], "autoUv": false, "snapUv": false},
										"east": {"texture": "#rope", "uv": [0, 0, 6.3, 10.5], "autoUv": false, "snapUv": false},
										"south": {"texture": "#rope", "uv": [0, 0, 2.5, 10.5], "autoUv": false, "snapUv": false},
										"west": {"texture": "#rope", "uv": [0, 0, 6.3, 10.5], "autoUv": false, "snapUv": false},
										"up": {"texture": "#rope", "uv": [0, 0, 2.5, 6.3], "autoUv": false, "snapUv": false},
										"down": {"texture": "#rope", "uv": [0, 0, 2.5, 6.3], "autoUv": false, "snapUv": false}
									},
									"renderPass": 0
								},
								{
									"name": "rope17",
									"from": [-0.5, -0.5, -8.5],
									"to": [2, 0, -8],
									"rotationOrigin": [0, -0.5, -7.5],
									"faces": {
										"north": {"texture": "#rope", "uv": [0, 0, 12.5, 3.5], "autoUv": false, "snapUv": false},
										"east": {"texture": "#rope", "uv": [0, 0, 6.3, 3.5], "autoUv": false, "snapUv": false},
										"south": {"texture": "#rope", "uv": [0, 0, 12.5, 3.5], "autoUv": false, "snapUv": false},
										"west": {"texture": "#rope", "uv": [0, 0, 6.3, 3.5], "autoUv": false, "snapUv": false},
										"up": {"texture": "#rope", "uv": [0, 0, 12.5, 6.3], "autoUv": false, "snapUv": false},
										"down": {"texture": "#rope", "uv": [0, 0, 12.5, 6.3], "autoUv": false, "snapUv": false}
									},
									"renderPass": 0
								},
								{
									"name": "rope18",
									"from": [-0.5, -0.09985, -7.9815],
									"to": [0, 0.40015, -5.7315],
									"rotationOrigin": [-2, 0.25, -6.5],
									"faces": {
										"north": {"texture": "#rope", "uv": [0, 0, 2.5, 3.5], "autoUv": false, "snapUv": false},
										"east": {"texture": "#rope", "uv": [0, 0, 28.35, 3.5], "autoUv": false, "snapUv": false},
										"south": {"texture": "#rope", "uv": [0, 0, 2.5, 3.5], "autoUv": false, "snapUv": false},
										"west": {"texture": "#rope", "uv": [0, 0, 28.35, 3.5], "autoUv": false, "snapUv": false},
										"up": {"texture": "#rope", "uv": [0, 0, 2.5, 28.35], "autoUv": false, "snapUv": false},
										"down": {"texture": "#rope", "uv": [0, 0, 2.5, 28.35], "autoUv": false, "snapUv": false}
									},
									"rotationX": 42.5,
									"renderPass": 0
								},
								{
									"name": "rope22",
									"from": [1, 1, -4],
									"to": [1.5, 1.5, -2],
									"rotationOrigin": [-0.5, 1, -1],
									"faces": {
										"north": {"texture": "#rope", "uv": [0, 0, 2.5, 3.5], "autoUv": false, "snapUv": false},
										"east": {"texture": "#rope", "uv": [0, 0, 25.2, 3.5], "autoUv": false, "snapUv": false},
										"south": {"texture": "#rope", "uv": [0, 0, 2.5, 3.5], "autoUv": false, "snapUv": false},
										"west": {"texture": "#rope", "uv": [0, 0, 25.2, 3.5], "autoUv": false, "snapUv": false},
										"up": {"texture": "#rope", "uv": [0, 0, 2.5, 25.2], "autoUv": false, "snapUv": false},
										"down": {"texture": "#rope", "uv": [0, 0, 2.5, 25.2], "autoUv": false, "snapUv": false}
									},
									"renderPass": 0
								},
								{
									"name": "rope23",
									"from": [1.58013, -10.51795, -2.5],
									"to": [8.83013, -10.01795, -2],
									"rotationOrigin": [2, -9.75, -1.25],
									"faces": {
										"north": {"texture": "#rope", "uv": [0, 0, 31.25, 3.5], "autoUv": false, "snapUv": false},
										"east": {"texture": "#rope", "uv": [0, 0, 6.3, 3.5], "autoUv": false, "snapUv": false},
										"south": {"texture": "#rope", "uv": [0, 0, 31.25, 3.5], "autoUv": false, "snapUv": false},
										"west": {"texture": "#rope", "uv": [0, 0, 6.3, 3.5], "autoUv": false, "snapUv": false},
										"up": {"texture": "#rope", "uv": [0, 0, 31.25, 6.3], "autoUv": false, "snapUv": false},
										"down": {"texture": "#rope", "uv": [0, 0, 31.25, 6.3], "autoUv": false, "snapUv": false}
									},
									"rotationZ": 25,
									"renderPass": 0
								},
								{
									"name": "rope24",
									"from": [2.08013, -10.65192, -8],
									"to": [9.23013, -10.15192, -7.5],
									"rotationOrigin": [2, -10.75, -6.75],
									"faces": {
										"north": {"texture": "#rope", "uv": [0, 0, 31.25, 3.5], "autoUv": false, "snapUv": false},
										"east": {"texture": "#rope", "uv": [0, 0, 6.3, 3.5], "autoUv": false, "snapUv": false},
										"south": {"texture": "#rope", "uv": [0, 0, 31.25, 3.5], "autoUv": false, "snapUv": false},
										"west": {"texture": "#rope", "uv": [0, 0, 6.3, 3.5], "autoUv": false, "snapUv": false},
										"up": {"texture": "#rope", "uv": [0, 0, 31.25, 6.3], "autoUv": false, "snapUv": false},
										"down": {"texture": "#rope", "uv": [0, 0, 31.25, 6.3], "autoUv": false, "snapUv": false}
									},
									"rotationZ": 25.75,
									"renderPass": 0
								},
								{
									"name": "rope25",
									"from": [1, 1, -8],
									"to": [1.5, 1.5, -6],
									"rotationOrigin": [-0.5, 1, -5],
									"faces": {
										"north": {"texture": "#rope", "uv": [0, 0, 2.5, 3.5], "autoUv": false, "snapUv": false},
										"east": {"texture": "#rope", "uv": [0, 0, 25.2, 3.5], "autoUv": false, "snapUv": false},
										"south": {"texture": "#rope", "uv": [0, 0, 2.5, 3.5], "autoUv": false, "snapUv": false},
										"west": {"texture": "#rope", "uv": [0, 0, 25.2, 3.5], "autoUv": false, "snapUv": false},
										"up": {"texture": "#rope", "uv": [0, 0, 2.5, 25.2], "autoUv": false, "snapUv": false},
										"down": {"texture": "#rope", "uv": [0, 0, 2.5, 25.2], "autoUv": false, "snapUv": false}
									},
									"renderPass": 0
								},
								{
									"name": "rope29",
									"from": [-0.5, -10.09985, -3.9815],
									"to": [0, -9.59985, -1.7315],
									"rotationOrigin": [-2, -9.75, -2.5],
									"faces": {
										"north": {"texture": "#rope", "uv": [0, 0, 2.5, 3.5], "autoUv": false, "snapUv": false},
										"east": {"texture": "#rope", "uv": [0, 0, 28.35, 3.5], "autoUv": false, "snapUv": false},
										"south": {"texture": "#rope", "uv": [0, 0, 2.5, 3.5], "autoUv": false, "snapUv": false},
										"west": {"texture": "#rope", "uv": [0, 0, 28.35, 3.5], "autoUv": false, "snapUv": false},
										"up": {"texture": "#rope", "uv": [0, 0, 2.5, 28.35], "autoUv": false, "snapUv": false},
										"down": {"texture": "#rope", "uv": [0, 0, 2.5, 28.35], "autoUv": false, "snapUv": false}
									},
									"rotationX": 42.5,
									"renderPass": 0
								},
								{
									"name": "rope30",
									"from": [-0.5, -10.5, -4.5],
									"to": [2, -10, -4],
									"rotationOrigin": [0, -10.5, -3.5],
									"faces": {
										"north": {"texture": "#rope", "uv": [0, 0, 12.5, 3.5], "autoUv": false, "snapUv": false},
										"east": {"texture": "#rope", "uv": [0, 0, 6.3, 3.5], "autoUv": false, "snapUv": false},
										"south": {"texture": "#rope", "uv": [0, 0, 12.5, 3.5], "autoUv": false, "snapUv": false},
										"west": {"texture": "#rope", "uv": [0, 0, 6.3, 3.5], "autoUv": false, "snapUv": false},
										"up": {"texture": "#rope", "uv": [0, 0, 12.5, 6.3], "autoUv": false, "snapUv": false},
										"down": {"texture": "#rope", "uv": [0, 0, 12.5, 6.3], "autoUv": false, "snapUv": false}
									},
									"renderPass": 0
								},
								{
									"name": "rope31",
									"from": [2, -10.25, -4.5],
									"to": [2.5, -8.75, -4],
									"rotationOrigin": [2, -9, -3.5],
									"faces": {
										"north": {"texture": "#rope", "uv": [0, 0, 2.5, 10.5], "autoUv": false, "snapUv": false},
										"east": {"texture": "#rope", "uv": [0, 0, 6.3, 10.5], "autoUv": false, "snapUv": false},
										"south": {"texture": "#rope", "uv": [0, 0, 2.5, 10.5], "autoUv": false, "snapUv": false},
										"west": {"texture": "#rope", "uv": [0, 0, 6.3, 10.5], "autoUv": false, "snapUv": false},
										"up": {"texture": "#rope", "uv": [0, 0, 2.5, 6.3], "autoUv": false, "snapUv": false},
										"down": {"texture": "#rope", "uv": [0, 0, 2.5, 6.3], "autoUv": false, "snapUv": false}
									},
									"renderPass": 0
								},
								{
									"name": "rope32",
									"from": [2, -10.25, -2],
									"to": [2.5, -9, -1.5],
									"rotationOrigin": [2, -9, -1],
									"faces": {
										"north": {"texture": "#rope", "uv": [0, 0, 2.5, 8.75], "autoUv": false, "snapUv": false},
										"east": {"texture": "#rope", "uv": [0, 0, 6.3, 8.75], "autoUv": false, "snapUv": false},
										"south": {"texture": "#rope", "uv": [0, 0, 2.5, 8.75], "autoUv": false, "snapUv": false},
										"west": {"texture": "#rope", "uv": [0, 0, 6.3, 8.75], "autoUv": false, "snapUv": false},
										"up": {"texture": "#rope", "uv": [0, 0, 2.5, 6.3], "autoUv": false, "snapUv": false},
										"down": {"texture": "#rope", "uv": [0, 0, 2.5, 6.3], "autoUv": false, "snapUv": false}
									},
									"renderPass": 0
								},
								{
									"name": "rope33",
									"from": [-0.5, -10.09985, -4.2685],
									"to": [0, -9.59985, -2.0185],
									"rotationOrigin": [-2, -9.75, -3.5],
									"faces": {
										"north": {"texture": "#rope", "uv": [2.5, 0, 0, 3.5], "autoUv": false, "snapUv": false},
										"east": {"texture": "#rope", "uv": [28.35, 0, 0, 3.5], "autoUv": false, "snapUv": false},
										"south": {"texture": "#rope", "uv": [2.5, 0, 0, 3.5], "autoUv": false, "snapUv": false},
										"west": {"texture": "#rope", "uv": [28.35, 0, 0, 3.5], "autoUv": false, "snapUv": false},
										"up": {"texture": "#rope", "uv": [0, 28.35, 2.5, 0], "autoUv": false, "snapUv": false},
										"down": {"texture": "#rope", "uv": [0, 28.35, 2.5, 0], "autoUv": false, "snapUv": false}
									},
									"rotationX": -42.5,
									"renderPass": 0
								},
								{
									"name": "rope34",
									"from": [-0.5, -9, -4.25],
									"to": [0, -8.5, -1.75],
									"rotationOrigin": [-2, -9, -1],
									"faces": {
										"north": {"texture": "#rope", "uv": [0, 0, 2.5, 3.5], "autoUv": false, "snapUv": false},
										"east": {"texture": "#rope", "uv": [0, 0, 31.5, 3.5], "autoUv": false, "snapUv": false},
										"south": {"texture": "#rope", "uv": [0, 0, 2.5, 3.5], "autoUv": false, "snapUv": false},
										"west": {"texture": "#rope", "uv": [0, 0, 31.5, 3.5], "autoUv": false, "snapUv": false},
										"up": {"texture": "#rope", "uv": [0, 0, 2.5, 31.5], "autoUv": false, "snapUv": false},
										"down": {"texture": "#rope", "uv": [0, 0, 2.5, 31.5], "autoUv": false, "snapUv": false}
									},
									"renderPass": 0
								},
								{
									"name": "rope35",
									"from": [-0.5, -4, -8.5],
									"to": [0, -3.5, -1.375],
									"rotationOrigin": [-2, -4, -1],
									"faces": {
										"north": {"texture": "#rope", "uv": [0, 0, 2.5, 3.5], "autoUv": false, "snapUv": false},
										"east": {"texture": "#rope", "uv": [0, 0, 31.5, 3.5], "autoUv": false, "snapUv": false},
										"south": {"texture": "#rope", "uv": [0, 0, 2.5, 3.5], "autoUv": false, "snapUv": false},
										"west": {"texture": "#rope", "uv": [0, 0, 31.5, 3.5], "autoUv": false, "snapUv": false},
										"up": {"texture": "#rope", "uv": [0, 0, 2.5, 31.5], "autoUv": false, "snapUv": false},
										"down": {"texture": "#rope", "uv": [0, 0, 2.5, 31.5], "autoUv": false, "snapUv": false}
									},
									"renderPass": 0
								},
								{
									"name": "rope36",
									"from": [8.15, -4, -8.5],
									"to": [8.65, -3.5, -1.375],
									"rotationOrigin": [6.65, -4, -1],
									"faces": {
										"north": {"texture": "#rope", "uv": [0, 0, 2.5, 3.5], "autoUv": false, "snapUv": false},
										"east": {"texture": "#rope", "uv": [0, 0, 31.5, 3.5], "autoUv": false, "snapUv": false},
										"south": {"texture": "#rope", "uv": [0, 0, 2.5, 3.5], "autoUv": false, "snapUv": false},
										"west": {"texture": "#rope", "uv": [0, 0, 31.5, 3.5], "autoUv": false, "snapUv": false},
										"up": {"texture": "#rope", "uv": [0, 0, 2.5, 31.5], "autoUv": false, "snapUv": false},
										"down": {"texture": "#rope", "uv": [0, 0, 2.5, 31.5], "autoUv": false, "snapUv": false}
									},
									"renderPass": 0
								},
								{
									"name": "rope35",
									"from": [0, -9, -4.5],
									"to": [2, -8.5, -4],
									"rotationOrigin": [0, -9, -3.5],
									"faces": {
										"north": {"texture": "#rope", "uv": [0, 0, 10, 3.5], "autoUv": false, "snapUv": false},
										"east": {"texture": "#rope", "uv": [0, 0, 6.3, 3.5], "autoUv": false, "snapUv": false},
										"south": {"texture": "#rope", "uv": [0, 0, 10, 3.5], "autoUv": false, "snapUv": false},
										"west": {"texture": "#rope", "uv": [0, 0, 6.3, 3.5], "autoUv": false, "snapUv": false},
										"up": {"texture": "#rope", "uv": [0, 0, 10, 6.3], "autoUv": false, "snapUv": false},
										"down": {"texture": "#rope", "uv": [0, 0, 10, 6.3], "autoUv": false, "snapUv": false}
									},
									"renderPass": 0
								},
								{
									"name": "rope36",
									"from": [-0.5, -10.5, -2],
									"to": [2, -10, -1.5],
									"rotationOrigin": [0, -10.5, -1],
									"faces": {
										"north": {"texture": "#rope", "uv": [0, 0, 12.5, 3.5], "autoUv": false, "snapUv": false},
										"east": {"texture": "#rope", "uv": [0, 0, 6.3, 3.5], "autoUv": false, "snapUv": false},
										"south": {"texture": "#rope", "uv": [0, 0, 12.5, 3.5], "autoUv": false, "snapUv": false},
										"west": {"texture": "#rope", "uv": [0, 0, 6.3, 3.5], "autoUv": false, "snapUv": false},
										"up": {"texture": "#rope", "uv": [0, 0, 12.5, 6.3], "autoUv": false, "snapUv": false},
										"down": {"texture": "#rope", "uv": [0, 0, 12.5, 6.3], "autoUv": false, "snapUv": false}
									},
									"renderPass": 0
								},
								{
									"name": "rope37",
									"from": [-0.5, -4, -1.35],
									"to": [8.65, -3.5, -0.85],
									"rotationOrigin": [0, -4, -0.35],
									"faces": {
										"north": {"texture": "#rope", "uv": [0, 0, 12.5, 3.5], "autoUv": false, "snapUv": false},
										"east": {"texture": "#rope", "uv": [0, 0, 6.3, 3.5], "autoUv": false, "snapUv": false},
										"south": {"texture": "#rope", "uv": [0, 0, 30.5, 3.5], "autoUv": false, "snapUv": false},
										"west": {"texture": "#rope", "uv": [0, 0, 6.3, 3.5], "autoUv": false, "snapUv": false},
										"up": {"texture": "#rope", "uv": [0, 0, 30.5, 6.3], "autoUv": false, "snapUv": false},
										"down": {"texture": "#rope", "uv": [0, 0, 30.5, 6.3], "autoUv": false, "snapUv": false}
									},
									"renderPass": 0
								},
								{
									"name": "rope38",
									"from": [-0.5, -4, -9],
									"to": [8.65, -3.5, -8.5],
									"rotationOrigin": [0, -4, -8],
									"faces": {
										"north": {"texture": "#rope", "uv": [0, 0, 30.5, 3.5], "autoUv": false, "snapUv": false},
										"east": {"texture": "#rope", "uv": [0, 0, 6.3, 3.5], "autoUv": false, "snapUv": false},
										"south": {"texture": "#rope", "uv": [0, 0, 30.5, 3.5], "autoUv": false, "snapUv": false},
										"west": {"texture": "#rope", "uv": [0, 0, 6.3, 3.5], "autoUv": false, "snapUv": false},
										"up": {"texture": "#rope", "uv": [0, 0, 30.5, 5.3], "autoUv": false, "snapUv": false},
										"down": {"texture": "#rope", "uv": [0, 0, 30.5, 6.3], "autoUv": false, "snapUv": false}
									},
									"renderPass": 0
								},
								{
									"name": "rope37",
									"from": [1, -9, -4],
									"to": [1.5, -8.5, -2],
									"rotationOrigin": [-0.5, -9, -1],
									"faces": {
										"north": {"texture": "#rope", "uv": [0, 0, 2.5, 3.5], "autoUv": false, "snapUv": false},
										"east": {"texture": "#rope", "uv": [0, 0, 25.2, 3.5], "autoUv": false, "snapUv": false},
										"south": {"texture": "#rope", "uv": [0, 0, 2.5, 3.5], "autoUv": false, "snapUv": false},
										"west": {"texture": "#rope", "uv": [0, 0, 25.2, 3.5], "autoUv": false, "snapUv": false},
										"up": {"texture": "#rope", "uv": [0, 0, 2.5, 25.2], "autoUv": false, "snapUv": false},
										"down": {"texture": "#rope", "uv": [0, 0, 2.5, 25.2], "autoUv": false, "snapUv": false}
									},
									"renderPass": 0
								},
								{
									"name": "rope38",
									"from": [1, -9, -8],
									"to": [1.5, -8.5, -6],
									"rotationOrigin": [-0.5, -9, -4.75],
									"faces": {
										"north": {"texture": "#rope", "uv": [0, 0, 2.5, 3.5], "autoUv": false, "snapUv": false},
										"east": {"texture": "#rope", "uv": [0, 0, 25.2, 3.5], "autoUv": false, "snapUv": false},
										"south": {"texture": "#rope", "uv": [0, 0, 2.5, 3.5], "autoUv": false, "snapUv": false},
										"west": {"texture": "#rope", "uv": [0, 0, 25.2, 3.5], "autoUv": false, "snapUv": false},
										"up": {"texture": "#rope", "uv": [0, 0, 2.5, 25.2], "autoUv": false, "snapUv": false},
										"down": {"texture": "#rope", "uv": [0, 0, 2.5, 25.2], "autoUv": false, "snapUv": false}
									},
									"renderPass": 0
								},
								{
									"name": "rope36",
									"from": [-0.5, -10.5, -6],
									"to": [2, -10, -5.5],
									"rotationOrigin": [0, -10.5, -5],
									"faces": {
										"north": {"texture": "#rope", "uv": [0, 0, 12.5, 3.5], "autoUv": false, "snapUv": false},
										"east": {"texture": "#rope", "uv": [0, 0, 6.3, 3.5], "autoUv": false, "snapUv": false},
										"south": {"texture": "#rope", "uv": [0, 0, 12.5, 3.5], "autoUv": false, "snapUv": false},
										"west": {"texture": "#rope", "uv": [0, 0, 6.3, 3.5], "autoUv": false, "snapUv": false},
										"up": {"texture": "#rope", "uv": [0, 0, 12.5, 6.3], "autoUv": false, "snapUv": false},
										"down": {"texture": "#rope", "uv": [0, 0, 12.5, 6.3], "autoUv": false, "snapUv": false}
									},
									"renderPass": 0
								},
								{
									"name": "rope35",
									"from": [0, -9, -6],
									"to": [2, -8.5, -5.5],
									"rotationOrigin": [0, -9, -5],
									"faces": {
										"north": {"texture": "#rope", "uv": [0, 0, 10, 3.5], "autoUv": false, "snapUv": false},
										"east": {"texture": "#rope", "uv": [0, 0, 6.3, 3.5], "autoUv": false, "snapUv": false},
										"south": {"texture": "#rope", "uv": [0, 0, 10, 3.5], "autoUv": false, "snapUv": false},
										"west": {"texture": "#rope", "uv": [0, 0, 6.3, 3.5], "autoUv": false, "snapUv": false},
										"up": {"texture": "#rope", "uv": [0, 0, 10, 6.3], "autoUv": false, "snapUv": false},
										"down": {"texture": "#rope", "uv": [0, 0, 10, 6.3], "autoUv": false, "snapUv": false}
									},
									"renderPass": 0
								},
								{
									"name": "rope34",
									"from": [-0.5, -9, -8.25],
									"to": [0, -8.5, -5.75],
									"rotationOrigin": [-2, -9, -5],
									"faces": {
										"north": {"texture": "#rope", "uv": [0, 0, 2.5, 3.5], "autoUv": false, "snapUv": false},
										"east": {"texture": "#rope", "uv": [0, 0, 31.5, 3.5], "autoUv": false, "snapUv": false},
										"south": {"texture": "#rope", "uv": [0, 0, 2.5, 3.5], "autoUv": false, "snapUv": false},
										"west": {"texture": "#rope", "uv": [0, 0, 31.5, 3.5], "autoUv": false, "snapUv": false},
										"up": {"texture": "#rope", "uv": [0, 0, 2.5, 31.5], "autoUv": false, "snapUv": false},
										"down": {"texture": "#rope", "uv": [0, 0, 2.5, 31.5], "autoUv": false, "snapUv": false}
									},
									"renderPass": 0
								},
								{
									"name": "rope33",
									"from": [-0.5, -10.09985, -8.2685],
									"to": [0, -9.59985, -6.0185],
									"rotationOrigin": [-2, -9.75, -7.5],
									"faces": {
										"north": {"texture": "#rope", "uv": [2.5, 0, 0, 3.5], "autoUv": false, "snapUv": false},
										"east": {"texture": "#rope", "uv": [28.35, 0, 0, 3.5], "autoUv": false, "snapUv": false},
										"south": {"texture": "#rope", "uv": [2.5, 0, 0, 3.5], "autoUv": false, "snapUv": false},
										"west": {"texture": "#rope", "uv": [28.35, 0, 0, 3.5], "autoUv": false, "snapUv": false},
										"up": {"texture": "#rope", "uv": [0, 28.35, 2.5, 0], "autoUv": false, "snapUv": false},
										"down": {"texture": "#rope", "uv": [0, 28.35, 2.5, 0], "autoUv": false, "snapUv": false}
									},
									"rotationX": -42.5,
									"renderPass": 0
								},
								{
									"name": "rope32",
									"from": [2, -10.25, -6],
									"to": [2.5, -9, -5.5],
									"rotationOrigin": [2, -9, -5],
									"faces": {
										"north": {"texture": "#rope", "uv": [0, 0, 2.5, 8.75], "autoUv": false, "snapUv": false},
										"east": {"texture": "#rope", "uv": [0, 0, 6.3, 8.75], "autoUv": false, "snapUv": false},
										"south": {"texture": "#rope", "uv": [0, 0, 2.5, 8.75], "autoUv": false, "snapUv": false},
										"west": {"texture": "#rope", "uv": [0, 0, 6.3, 8.75], "autoUv": false, "snapUv": false},
										"up": {"texture": "#rope", "uv": [0, 0, 2.5, 6.3], "autoUv": false, "snapUv": false},
										"down": {"texture": "#rope", "uv": [0, 0, 2.5, 6.3], "autoUv": false, "snapUv": false}
									},
									"renderPass": 0
								},
								{
									"name": "rope31",
									"from": [2, -10.25, -8.5],
									"to": [2.5, -9, -8],
									"rotationOrigin": [2, -9, -7.5],
									"faces": {
										"north": {"texture": "#rope", "uv": [0, 0, 2.5, 8.75], "autoUv": false, "snapUv": false},
										"east": {"texture": "#rope", "uv": [0, 0, 6.3, 8.75], "autoUv": false, "snapUv": false},
										"south": {"texture": "#rope", "uv": [0, 0, 2.5, 8.75], "autoUv": false, "snapUv": false},
										"west": {"texture": "#rope", "uv": [0, 0, 6.3, 8.75], "autoUv": false, "snapUv": false},
										"up": {"texture": "#rope", "uv": [0, 0, 2.5, 6.3], "autoUv": false, "snapUv": false},
										"down": {"texture": "#rope", "uv": [0, 0, 2.5, 6.3], "autoUv": false, "snapUv": false}
									},
									"renderPass": 0
								},
								{
									"name": "rope30",
									"from": [-0.5, -10.5, -8.5],
									"to": [2, -10, -8],
									"rotationOrigin": [0, -10.5, -7.5],
									"faces": {
										"north": {"texture": "#rope", "uv": [0, 0, 12.5, 3.5], "autoUv": false, "snapUv": false},
										"east": {"texture": "#rope", "uv": [0, 0, 6.3, 3.5], "autoUv": false, "snapUv": false},
										"south": {"texture": "#rope", "uv": [0, 0, 12.5, 3.5], "autoUv": false, "snapUv": false},
										"west": {"texture": "#rope", "uv": [0, 0, 6.3, 3.5], "autoUv": false, "snapUv": false},
										"up": {"texture": "#rope", "uv": [0, 0, 12.5, 6.3], "autoUv": false, "snapUv": false},
										"down": {"texture": "#rope", "uv": [0, 0, 12.5, 6.3], "autoUv": false, "snapUv": false}
									},
									"renderPass": 0
								},
								{
									"name": "rope29",
									"from": [-0.5, -10.09985, -7.9815],
									"to": [0, -9.59985, -5.7315],
									"rotationOrigin": [-2, -9.75, -6.5],
									"faces": {
										"north": {"texture": "#rope", "uv": [0, 0, 2.5, 3.5], "autoUv": false, "snapUv": false},
										"east": {"texture": "#rope", "uv": [0, 0, 28.35, 3.5], "autoUv": false, "snapUv": false},
										"south": {"texture": "#rope", "uv": [0, 0, 2.5, 3.5], "autoUv": false, "snapUv": false},
										"west": {"texture": "#rope", "uv": [0, 0, 28.35, 3.5], "autoUv": false, "snapUv": false},
										"up": {"texture": "#rope", "uv": [0, 0, 2.5, 28.35], "autoUv": false, "snapUv": false},
										"down": {"texture": "#rope", "uv": [0, 0, 2.5, 28.35], "autoUv": false, "snapUv": false}
									},
									"rotationX": 42.5,
									"renderPass": 0
								},
								{
									"name": "Basket",
									"from": [-2.5, -7, -12],
									"to": [-2.5, -7, -12],
									"rotationOrigin": [-2.5, -7, -12],
									"children": [
										{
											"name": "1",
											"from": [3.5392, 0, 4.424],
											"to": [4.424, 6.924, 9.7328],
											"rotationOrigin": [3.5392, 2.5, 4.424],
											"faces": {
												"north": {"texture": "#reed", "uv": [0, 0, 1, 5], "autoUv": false, "snapUv": false},
												"east": {"texture": "#reed", "uv": [4.5, 0, 32, 4], "autoUv": false, "snapUv": false},
												"south": {"texture": "#reed", "uv": [0, 0, 1, 5], "autoUv": false, "snapUv": false},
												"west": {"texture": "#reed", "uv": [4, 3, 23, 21], "autoUv": false, "snapUv": false},
												"up": {"texture": "#reed", "uv": [12, 0, 16, 32], "rotation": 180, "autoUv": false, "snapUv": false},
												"down": {"texture": "#reed", "uv": [2, 8.5, 32, 13.5], "rotation": 90, "autoUv": false, "snapUv": false}
											}
										},
										{
											"name": "2",
											"from": [3.5392, 0, 3.5392],
											"to": [10.6176, 6.924, 4.424],
											"rotationOrigin": [0, 2.5, 0],
											"faces": {
												"north": {"texture": "#reed", "uv": [5.5, 4, 23.5, 21], "autoUv": false, "snapUv": false},
												"east": {"texture": "#reed", "uv": [5, 4, 10, 20], "autoUv": false, "snapUv": false},
												"south": {"texture": "#reed", "uv": [0.5, 7, 28, 11], "autoUv": false, "snapUv": false},
												"west": {"texture": "#reed", "uv": [16, 0, 21, 28], "autoUv": false, "snapUv": false},
												"up": {"texture": "#reed", "uv": [2, 0, 27, 4], "rotation": 180, "autoUv": false, "snapUv": false},
												"down": {"texture": "#reed", "uv": [1, 2.5, 32, 6.5], "autoUv": false, "snapUv": false}
											}
										},
										{
											"name": "3",
											"from": [3.5392, 0, 9.7328],
											"to": [10.6176, 6.924, 10.6176],
											"rotationOrigin": [0, 2.5, 0],
											"faces": {
												"north": {"texture": "#reed", "uv": [4.5, 0, 32, 4], "autoUv": false, "snapUv": false},
												"east": {"texture": "#reed", "uv": [17, 7, 21, 17], "autoUv": false, "snapUv": false},
												"south": {"texture": "#reed", "uv": [4, 4, 23, 21], "autoUv": false, "snapUv": false},
												"west": {"texture": "#reed", "uv": [3.5, 2, 9.5, 20], "autoUv": false, "snapUv": false},
												"up": {"texture": "#reed", "uv": [2, 0, 29, 5], "rotation": 180, "autoUv": false, "snapUv": false},
												"down": {"texture": "#reed", "uv": [0, 0, 31, 6], "autoUv": false, "snapUv": false}
											}
										},
										{
											"name": "4",
											"from": [9.7328, 0, 4.424],
											"to": [10.6176, 6.924, 9.7328],
											"rotationOrigin": [0, 2.5, 0],
											"faces": {
												"north": {"texture": "#reed", "uv": [0, 0, 1, 5], "autoUv": false, "snapUv": false},
												"east": {"texture": "#reed", "uv": [0, 0, 18, 15], "autoUv": false, "snapUv": false},
												"south": {"texture": "#reed", "uv": [0, 0, 1, 5], "autoUv": false, "snapUv": false},
												"west": {"texture": "#reed", "uv": [0.5, 28, 28, 32], "autoUv": false, "snapUv": false},
												"up": {"texture": "#reed", "uv": [28, 0, 32, 32], "rotation": 180, "autoUv": false, "snapUv": false},
												"down": {"texture": "#reed", "uv": [5, 2.5, 32, 5.5], "rotation": 90, "autoUv": false, "snapUv": false}
											}
										},
										{
											"name": "5",
											"from": [4.424, 0, 4.424],
											"to": [9.7328, 0.8848, 9.7328],
											"rotationOrigin": [0, 0, 0],
											"faces": {
												"north": {"texture": "#reed", "uv": [0, 0, 6, 1], "autoUv": false, "snapUv": false},
												"east": {"texture": "#reed", "uv": [0, 0, 6, 1], "autoUv": false, "snapUv": false},
												"south": {"texture": "#reed", "uv": [0, 0, 6, 1], "autoUv": false, "snapUv": false},
												"west": {"texture": "#reed", "uv": [0, 0, 6, 1], "autoUv": false, "snapUv": false},
												"up": {"texture": "#reed", "uv": [5, 5, 11, 11], "autoUv": false, "snapUv": false},
												"down": {"texture": "#reed", "uv": [7, 7, 24, 23], "autoUv": false, "snapUv": false}
											}
										},
										{
											"name": "6",
											"from": [4.424, 6.25, 4.424],
											"to": [9.7328, 6.5098, 9.7328],
											"rotationOrigin": [0, 6.25, 0],
											"faces": {
												"north": {"texture": "#reed", "uv": [0, 0, 6, 1], "autoUv": false, "snapUv": false},
												"east": {"texture": "#reed", "uv": [0, 0, 6, 1], "autoUv": false, "snapUv": false},
												"south": {"texture": "#reed", "uv": [0, 0, 6, 1], "autoUv": false, "snapUv": false},
												"west": {"texture": "#reed", "uv": [0, 0, 6, 1], "autoUv": false, "snapUv": false},
												"up": {"texture": "#reed", "uv": [4.5, 0, 27, 16], "autoUv": false, "snapUv": false},
												"down": {"texture": "#reed", "uv": [5, 10, 11, 16], "autoUv": false, "snapUv": false}
											}
										},
										{
											"name": "7",
											"from": [6.849, 6.55, 6.774],
											"to": [7.4078, 7.1848, 7.3328],
											"rotationOrigin": [-1.825, 6.55, -0.15],
											"faces": {
												"north": {"texture": "#reed", "uv": [0, 0, 6, 1], "autoUv": false, "snapUv": false},
												"east": {"texture": "#reed", "uv": [0, 0, 6, 1], "autoUv": false, "snapUv": false},
												"south": {"texture": "#reed", "uv": [0, 0, 6, 1], "autoUv": false, "snapUv": false},
												"west": {"texture": "#reed", "uv": [0, 0, 6, 1], "autoUv": false, "snapUv": false},
												"up": {"texture": "#reed", "uv": [5, 5, 11, 11], "autoUv": false, "snapUv": false},
												"down": {"texture": "#reed", "uv": [5, 10, 11, 16], "autoUv": false, "snapUv": false}
											}
										},
										{
											"name": "8",
											"from": [4.25, 6, 4.425],
											"to": [9.725, 6.925, 4.475],
											"rotationOrigin": [7, 6, 4.425],
											"faces": {
												"north": {"texture": "#linen", "uv": [0.025, 1.075, 5.5, 2], "autoUv": false, "snapUv": false},
												"east": {"texture": "#linen", "uv": [0.95, 1.075, 1, 2], "autoUv": false, "snapUv": false},
												"south": {"texture": "#linen", "uv": [0, 21.075, 32, 29], "autoUv": false, "snapUv": false},
												"west": {"texture": "#linen", "uv": [1, 1.075, 1.05, 2], "autoUv": false, "snapUv": false},
												"up": {"texture": "#linen", "uv": [0, 1, 5.475, 1.05], "autoUv": false, "snapUv": false},
												"down": {"texture": "#linen", "uv": [0, 0.95, 5.475, 1], "autoUv": false, "snapUv": false}
											}
										},
										{
											"name": "9",
											"from": [4.8, 6.075, 3.375],
											"to": [9.225, 7.1, 3.525],
											"rotationOrigin": [7, 6.075, 3.475],
											"faces": {
												"north": {"texture": "#linen", "uv": [0, 9, 32, 18.925], "autoUv": false, "snapUv": false},
												"east": {"texture": "#linen", "uv": [0, 8.075, 2, 19], "autoUv": false, "snapUv": false},
												"south": {"texture": "#linen", "uv": [1, 1.075, 4.975, 2], "autoUv": false, "snapUv": false},
												"west": {"texture": "#linen", "uv": [0, 8.075, 2, 19], "autoUv": false, "snapUv": false},
												"up": {"texture": "#linen", "uv": [0, 10, 32, 12.05], "autoUv": false, "snapUv": false},
												"down": {"texture": "#linen", "uv": [0, 10, 32, 12.05], "autoUv": false, "snapUv": false}
											}
										},
										{
											"name": "10",
											"from": [5.8, 5.175, 3.375],
											"to": [8.225, 6.075, 3.525],
											"rotationOrigin": [7, 5.175, 3.475],
											"faces": {
												"north": {"texture": "#linen", "uv": [0, 16.1, 16.975, 25], "autoUv": false, "snapUv": false},
												"east": {"texture": "#linen", "uv": [0, 8.075, 2, 19], "autoUv": false, "snapUv": false},
												"south": {"texture": "#linen", "uv": [2, 1.1, 3.975, 2], "autoUv": false, "snapUv": false},
												"west": {"texture": "#linen", "uv": [0, 8.075, 2, 19], "autoUv": false, "snapUv": false},
												"up": {"texture": "#linen", "uv": [2, 1, 3.975, 1.05], "autoUv": false, "snapUv": false},
												"down": {"texture": "#linen", "uv": [0, 10, 26, 12.05], "autoUv": false, "snapUv": false}
											}
										},
										{
											"name": "11",
											"from": [6.3, 4.275, 3.375],
											"to": [7.725, 5.175, 3.525],
											"rotationOrigin": [7, 4.275, 3.475],
											"faces": {
												"north": {"texture": "#linen", "uv": [23.025, 19.1, 32, 28], "autoUv": false, "snapUv": false},
												"east": {"texture": "#linen", "uv": [0, 13.1, 3.05, 21], "autoUv": false, "snapUv": false},
												"south": {"texture": "#linen", "uv": [2.5, 1.1, 3.475, 2], "autoUv": false, "snapUv": false},
												"west": {"texture": "#linen", "uv": [0, 8.075, 2, 19], "autoUv": false, "snapUv": false},
												"up": {"texture": "#linen", "uv": [2.5, 1, 3.475, 1.05], "autoUv": false, "snapUv": false},
												"down": {"texture": "#linen", "uv": [0, 10, 9, 12.05], "autoUv": false, "snapUv": false}
											}
										},
										{
											"name": "9",
											"from": [4.25, 6.925, 3.525],
											"to": [9.725, 7.1, 4.475],
											"rotationOrigin": [7, 6.925, 4.425],
											"faces": {
												"north": {"texture": "#linen", "uv": [0, 16.925, 32, 19], "autoUv": false, "snapUv": false},
												"east": {"texture": "#linen", "uv": [16, 9.925, 0, 13], "autoUv": false, "snapUv": false},
												"south": {"texture": "#linen", "uv": [0, 16.925, 32, 19], "autoUv": false, "snapUv": false},
												"west": {"texture": "#linen", "uv": [0.1, 1.925, 1.05, 2], "autoUv": false, "snapUv": false},
												"up": {"texture": "#linen", "uv": [0, 16.95, 32, 27], "autoUv": false, "snapUv": false},
												"down": {"texture": "#linen", "uv": [0, 0.95, 5.475, 1.9], "autoUv": false, "snapUv": false}
											}
										},
										{
											"name": "9",
											"from": [4.25, 6.925, 9.675],
											"to": [9.725, 7.1, 10.625],
											"rotationOrigin": [7, 6.925, 9.725],
											"faces": {
												"north": {"texture": "#linen", "uv": [32, 16.925, 0, 19], "autoUv": false, "snapUv": false},
												"east": {"texture": "#linen", "uv": [0, 9.925, 16, 13], "autoUv": false, "snapUv": false},
												"south": {"texture": "#linen", "uv": [32, 16.925, 0, 19], "autoUv": false, "snapUv": false},
												"west": {"texture": "#linen", "uv": [1.05, 1.925, 0.1, 2], "autoUv": false, "snapUv": false},
												"up": {"texture": "#linen", "uv": [0, 27, 32, 16.95], "autoUv": false, "snapUv": false},
												"down": {"texture": "#linen", "uv": [0, 1.9, 5.475, 0.95], "autoUv": false, "snapUv": false}
											}
										},
										{
											"name": "11",
											"from": [6.25, 4.275, 10.625],
											"to": [7.725, 5.175, 10.775],
											"rotationOrigin": [7, 4.275, 10.675],
											"faces": {
												"north": {"texture": "#linen", "uv": [3.475, 1.1, 2.5, 2], "autoUv": false, "snapUv": false},
												"east": {"texture": "#linen", "uv": [3.05, 13.1, 0, 21], "autoUv": false, "snapUv": false},
												"south": {"texture": "#linen", "uv": [32, 19.1, 23.025, 28], "autoUv": false, "snapUv": false},
												"west": {"texture": "#linen", "uv": [2, 8.075, 0, 19], "autoUv": false, "snapUv": false},
												"up": {"texture": "#linen", "uv": [2.5, 1.05, 3.475, 1], "autoUv": false, "snapUv": false},
												"down": {"texture": "#linen", "uv": [0, 12.05, 9, 10], "autoUv": false, "snapUv": false}
											}
										},
										{
											"name": "10",
											"from": [5.75, 5.175, 10.625],
											"to": [8.225, 6.075, 10.775],
											"rotationOrigin": [7, 5.175, 10.675],
											"faces": {
												"north": {"texture": "#linen", "uv": [3.975, 1.1, 2, 2], "autoUv": false, "snapUv": false},
												"east": {"texture": "#linen", "uv": [2, 8.075, 0, 19], "autoUv": false, "snapUv": false},
												"south": {"texture": "#linen", "uv": [16.975, 16.1, 0, 25], "autoUv": false, "snapUv": false},
												"west": {"texture": "#linen", "uv": [2, 8.075, 0, 19], "autoUv": false, "snapUv": false},
												"up": {"texture": "#linen", "uv": [2, 1.05, 3.975, 1], "autoUv": false, "snapUv": false},
												"down": {"texture": "#linen", "uv": [0, 12.05, 26, 10], "autoUv": false, "snapUv": false}
											}
										},
										{
											"name": "9",
											"from": [4.75, 6.075, 10.625],
											"to": [9.225, 7.1, 10.775],
											"rotationOrigin": [7, 6.075, 10.675],
											"faces": {
												"north": {"texture": "#linen", "uv": [4.975, 1.075, 1, 2], "autoUv": false, "snapUv": false},
												"east": {"texture": "#linen", "uv": [2, 8.075, 0, 19], "autoUv": false, "snapUv": false},
												"south": {"texture": "#linen", "uv": [32, 9, 0, 18.925], "autoUv": false, "snapUv": false},
												"west": {"texture": "#linen", "uv": [2, 8.075, 0, 19], "autoUv": false, "snapUv": false},
												"up": {"texture": "#linen", "uv": [0, 12.05, 32, 10], "autoUv": false, "snapUv": false},
												"down": {"texture": "#linen", "uv": [0, 12.05, 32, 10], "autoUv": false, "snapUv": false}
											}
										},
										{
											"name": "8",
											"from": [4.25, 6, 9.675],
											"to": [9.725, 6.925, 9.725],
											"rotationOrigin": [7, 6, 9.725],
											"faces": {
												"north": {"texture": "#linen", "uv": [32, 21.075, 0, 29], "autoUv": false, "snapUv": false},
												"east": {"texture": "#linen", "uv": [1, 1.075, 0.95, 2], "autoUv": false, "snapUv": false},
												"south": {"texture": "#linen", "uv": [5.5, 1.075, 0.025, 2], "autoUv": false, "snapUv": false},
												"west": {"texture": "#linen", "uv": [1.05, 1.075, 1, 2], "autoUv": false, "snapUv": false},
												"up": {"texture": "#linen", "uv": [0, 1.05, 5.475, 1], "autoUv": false, "snapUv": false},
												"down": {"texture": "#linen", "uv": [0, 1, 5.475, 0.95], "autoUv": false, "snapUv": false}
											}
										},
										{
											"name": "9",
											"from": [9.675, 6.925, 4.25],
											"to": [10.625, 7.1, 9.725],
											"rotationOrigin": [9.725, 6.925, 7],
											"faces": {
												"north": {"texture": "#linen", "uv": [0.1, 1.925, 1.05, 2], "autoUv": false, "snapUv": false},
												"east": {"texture": "#linen", "uv": [0, 16.925, 32, 19], "autoUv": false, "snapUv": false},
												"south": {"texture": "#linen", "uv": [16, 9.925, 0, 13], "autoUv": false, "snapUv": false},
												"west": {"texture": "#linen", "uv": [0, 16.925, 32, 19], "autoUv": false, "snapUv": false},
												"up": {"texture": "#linen", "uv": [0, 16.95, 32, 27], "rotation": 90, "autoUv": false, "snapUv": false},
												"down": {"texture": "#linen", "uv": [0, 0.95, 5.475, 1.9], "rotation": 270, "autoUv": false, "snapUv": false}
											}
										},
										{
											"name": "11",
											"from": [10.625, 4.275, 6.4],
											"to": [10.775, 5.175, 7.725],
											"rotationOrigin": [10.675, 4.275, 7],
											"faces": {
												"north": {"texture": "#linen", "uv": [0, 8.075, 2, 19], "autoUv": false, "snapUv": false},
												"east": {"texture": "#linen", "uv": [23.025, 19.1, 32, 28], "autoUv": false, "snapUv": false},
												"south": {"texture": "#linen", "uv": [0, 13.1, 3.05, 21], "autoUv": false, "snapUv": false},
												"west": {"texture": "#linen", "uv": [2.5, 1.1, 3.475, 2], "autoUv": false, "snapUv": false},
												"up": {"texture": "#linen", "uv": [2.5, 1, 3.475, 1.05], "rotation": 90, "autoUv": false, "snapUv": false},
												"down": {"texture": "#linen", "uv": [0, 10, 9, 12.05], "rotation": 270, "autoUv": false, "snapUv": false}
											}
										},
										{
											"name": "10",
											"from": [10.625, 5.175, 5.9],
											"to": [10.775, 6.075, 8.225],
											"rotationOrigin": [10.675, 5.175, 7],
											"faces": {
												"north": {"texture": "#linen", "uv": [0, 8.075, 2, 19], "autoUv": false, "snapUv": false},
												"east": {"texture": "#linen", "uv": [0, 16.1, 16.975, 25], "autoUv": false, "snapUv": false},
												"south": {"texture": "#linen", "uv": [0, 8.075, 2, 19], "autoUv": false, "snapUv": false},
												"west": {"texture": "#linen", "uv": [2, 1.1, 3.975, 2], "autoUv": false, "snapUv": false},
												"up": {"texture": "#linen", "uv": [2, 1, 3.975, 1.05], "rotation": 90, "autoUv": false, "snapUv": false},
												"down": {"texture": "#linen", "uv": [0, 10, 26, 12.05], "rotation": 270, "autoUv": false, "snapUv": false}
											}
										},
										{
											"name": "9",
											"from": [10.625, 6.075, 4.8],
											"to": [10.775, 7.1, 9.225],
											"rotationOrigin": [10.675, 6.075, 7],
											"faces": {
												"north": {"texture": "#linen", "uv": [0, 8.075, 2, 19], "autoUv": false, "snapUv": false},
												"east": {"texture": "#linen", "uv": [0, 9, 32, 18.925], "autoUv": false, "snapUv": false},
												"south": {"texture": "#linen", "uv": [0, 8.075, 2, 19], "autoUv": false, "snapUv": false},
												"west": {"texture": "#linen", "uv": [1, 1.075, 4.975, 2], "autoUv": false, "snapUv": false},
												"up": {"texture": "#linen", "uv": [0, 10, 32, 12.05], "rotation": 90, "autoUv": false, "snapUv": false},
												"down": {"texture": "#linen", "uv": [0, 10, 32, 12.05], "rotation": 270, "autoUv": false, "snapUv": false}
											}
										},
										{
											"name": "8",
											"from": [9.675, 6, 4.25],
											"to": [9.725, 6.925, 9.725],
											"rotationOrigin": [9.725, 6, 7],
											"faces": {
												"north": {"texture": "#linen", "uv": [1, 1.075, 1.05, 2], "autoUv": false, "snapUv": false},
												"east": {"texture": "#linen", "uv": [0.025, 1.075, 5.5, 2], "autoUv": false, "snapUv": false},
												"south": {"texture": "#linen", "uv": [0.95, 1.075, 1, 2], "autoUv": false, "snapUv": false},
												"west": {"texture": "#linen", "uv": [0, 21.075, 32, 29], "autoUv": false, "snapUv": false},
												"up": {"texture": "#linen", "uv": [0, 1, 5.475, 1.05], "rotation": 90, "autoUv": false, "snapUv": false},
												"down": {"texture": "#linen", "uv": [0, 0.95, 5.475, 1], "rotation": 270, "autoUv": false, "snapUv": false}
											}
										},
										{
											"name": "9",
											"from": [3.525, 6.925, 4.525],
											"to": [4.475, 7.1, 10],
											"rotationOrigin": [4.425, 6.925, 7.25],
											"faces": {
												"north": {"texture": "#linen", "uv": [16, 9.925, 0, 13], "autoUv": false, "snapUv": false},
												"east": {"texture": "#linen", "uv": [0, 16.925, 32, 19], "autoUv": false, "snapUv": false},
												"south": {"texture": "#linen", "uv": [0.1, 1.925, 1.05, 2], "autoUv": false, "snapUv": false},
												"west": {"texture": "#linen", "uv": [0, 16.925, 32, 19], "autoUv": false, "snapUv": false},
												"up": {"texture": "#linen", "uv": [0, 16.95, 32, 27], "rotation": 270, "autoUv": false, "snapUv": false},
												"down": {"texture": "#linen", "uv": [0, 0.95, 5.475, 1.9], "rotation": 90, "autoUv": false, "snapUv": false}
											}
										},
										{
											"name": "11",
											"from": [3.375, 4.275, 6.275],
											"to": [3.525, 5.175, 7.75],
											"rotationOrigin": [3.475, 4.275, 7.25],
											"faces": {
												"north": {"texture": "#linen", "uv": [0, 13.1, 3.05, 21], "autoUv": false, "snapUv": false},
												"east": {"texture": "#linen", "uv": [2.5, 1.1, 3.475, 2], "autoUv": false, "snapUv": false},
												"south": {"texture": "#linen", "uv": [0, 8.075, 2, 19], "autoUv": false, "snapUv": false},
												"west": {"texture": "#linen", "uv": [23.025, 19.1, 32, 28], "autoUv": false, "snapUv": false},
												"up": {"texture": "#linen", "uv": [2.5, 1, 3.475, 1.05], "rotation": 270, "autoUv": false, "snapUv": false},
												"down": {"texture": "#linen", "uv": [0, 10, 9, 12.05], "rotation": 90, "autoUv": false, "snapUv": false}
											}
										},
										{
											"name": "10",
											"from": [3.375, 5.175, 6.025],
											"to": [3.525, 6.075, 8.25],
											"rotationOrigin": [3.475, 5.175, 7.25],
											"faces": {
												"north": {"texture": "#linen", "uv": [0, 8.075, 2, 19], "autoUv": false, "snapUv": false},
												"east": {"texture": "#linen", "uv": [2, 1.1, 3.975, 2], "autoUv": false, "snapUv": false},
												"south": {"texture": "#linen", "uv": [0, 8.075, 2, 19], "autoUv": false, "snapUv": false},
												"west": {"texture": "#linen", "uv": [0, 16.1, 16.975, 25], "autoUv": false, "snapUv": false},
												"up": {"texture": "#linen", "uv": [2, 1, 3.975, 1.05], "rotation": 270, "autoUv": false, "snapUv": false},
												"down": {"texture": "#linen", "uv": [0, 10, 26, 12.05], "rotation": 90, "autoUv": false, "snapUv": false}
											}
										},
										{
											"name": "9",
											"from": [3.375, 6.075, 5.025],
											"to": [3.525, 7.1, 9],
											"rotationOrigin": [3.475, 6.075, 7.25],
											"faces": {
												"north": {"texture": "#linen", "uv": [0, 8.075, 2, 19], "autoUv": false, "snapUv": false},
												"east": {"texture": "#linen", "uv": [1, 1.075, 4.975, 2], "autoUv": false, "snapUv": false},
												"south": {"texture": "#linen", "uv": [0, 8.075, 2, 19], "autoUv": false, "snapUv": false},
												"west": {"texture": "#linen", "uv": [0, 9, 32, 18.925], "autoUv": false, "snapUv": false},
												"up": {"texture": "#linen", "uv": [0, 10, 32, 12.05], "rotation": 270, "autoUv": false, "snapUv": false},
												"down": {"texture": "#linen", "uv": [0, 10, 32, 12.05], "rotation": 90, "autoUv": false, "snapUv": false}
											}
										},
										{
											"name": "8",
											"from": [4.425, 6, 4.525],
											"to": [4.475, 6.925, 10],
											"rotationOrigin": [4.425, 6, 7.25],
											"faces": {
												"north": {"texture": "#linen", "uv": [0.95, 1.075, 1, 2], "autoUv": false, "snapUv": false},
												"east": {"texture": "#linen", "uv": [0, 21.075, 32, 29], "autoUv": false, "snapUv": false},
												"south": {"texture": "#linen", "uv": [1, 1.075, 1.05, 2], "autoUv": false, "snapUv": false},
												"west": {"texture": "#linen", "uv": [0.025, 1.075, 5.5, 2], "autoUv": false, "snapUv": false},
												"up": {"texture": "#linen", "uv": [0, 1, 5.475, 1.05], "rotation": 270, "autoUv": false, "snapUv": false},
												"down": {"texture": "#linen", "uv": [0, 0.95, 5.475, 1], "rotation": 90, "autoUv": false, "snapUv": false}
											}
										},
										{
											"name": "SideBasket1",
											"from": [2.825, -2.75, 8.8],
											"to": [2.825, -2.75, 8.8],
											"rotationOrigin": [2.825, -2.75, 8.8],
											"children": [
												{
													"name": "2",
													"from": [1.6943, 0, 2.74288],
													"to": [2.24288, 2.74288, 4.78434],
													"rotationOrigin": [2.1943, 0, 2.74288],
													"faces": {
														"north": {"texture": "#reed", "uv": [0, 0, 1, 5], "autoUv": false, "snapUv": false},
														"east": {"texture": "#reed", "uv": [4.5, 2, 10.5, 7], "autoUv": false, "snapUv": false},
														"south": {"texture": "#reed", "uv": [0, 0, 1, 5], "autoUv": false, "snapUv": false},
														"west": {"texture": "#reed", "uv": [0, 12, 11, 22], "autoUv": false, "snapUv": false},
														"up": {"texture": "#reed", "uv": [0, 0, 10, 4], "rotation": 270, "autoUv": false, "snapUv": false},
														"down": {"texture": "#reed", "uv": [2, 2.5, 12, 5.5], "rotation": 90, "autoUv": false, "snapUv": false}
													}
												},
												{
													"name": "3",
													"from": [1.6943, 0, 2.1943],
													"to": [7.58291, 2.74288, 2.74288],
													"rotationOrigin": [0, 0, 0],
													"faces": {
														"north": {"texture": "#reed", "uv": [4.5, 6, 24.5, 24], "autoUv": false, "snapUv": false},
														"east": {"texture": "#reed", "uv": [11, 5, 14, 19], "autoUv": false, "snapUv": false},
														"south": {"texture": "#reed", "uv": [4, 3, 12, 8], "autoUv": false, "snapUv": false},
														"west": {"texture": "#reed", "uv": [3, 4, 6, 17], "autoUv": false, "snapUv": false},
														"up": {"texture": "#reed", "uv": [2, 0, 32, 3], "autoUv": false, "snapUv": false},
														"down": {"texture": "#reed", "uv": [1, 2.5, 24, 5.5], "autoUv": false, "snapUv": false}
													}
												},
												{
													"name": "4",
													"from": [1.6943, 0, 4.78434],
													"to": [7.58291, 2.74288, 5.33291],
													"rotationOrigin": [0, 0, -1.25],
													"faces": {
														"north": {"texture": "#reed", "uv": [4, 3, 12, 8], "autoUv": false, "snapUv": false},
														"east": {"texture": "#reed", "uv": [12, 9, 15, 32], "autoUv": false, "snapUv": false},
														"south": {"texture": "#reed", "uv": [4, 4, 22, 11], "autoUv": false, "snapUv": false},
														"west": {"texture": "#reed", "uv": [7.5, 6, 9.5, 24], "autoUv": false, "snapUv": false},
														"up": {"texture": "#reed", "uv": [2, 0, 24, 3], "rotation": 180, "autoUv": false, "snapUv": false},
														"down": {"texture": "#reed", "uv": [1, 2, 20, 5], "autoUv": false, "snapUv": false}
													}
												},
												{
													"name": "4",
													"from": [7.03434, 0, 2.74288],
													"to": [7.58291, 2.74288, 4.78434],
													"rotationOrigin": [0, 0, 0],
													"faces": {
														"north": {"texture": "#reed", "uv": [0, 0, 1, 5], "autoUv": false, "snapUv": false},
														"east": {"texture": "#reed", "uv": [5, 5, 15, 15], "autoUv": false, "snapUv": false},
														"south": {"texture": "#reed", "uv": [0, 0, 1, 5], "autoUv": false, "snapUv": false},
														"west": {"texture": "#reed", "uv": [5, 2, 11, 7], "autoUv": false, "snapUv": false},
														"up": {"texture": "#reed", "uv": [9, 0, 22, 3], "rotation": 90, "autoUv": false, "snapUv": false},
														"down": {"texture": "#reed", "uv": [5, 2.5, 14, 6.5], "rotation": 90, "autoUv": false, "snapUv": false}
													}
												},
												{
													"name": "5",
													"from": [2.24288, 0, 2.74288],
													"to": [7.03434, 0.54858, 4.78434],
													"rotationOrigin": [0, 0, 0],
													"faces": {
														"north": {"texture": "#reed", "uv": [0, 0, 6, 1], "autoUv": false, "snapUv": false},
														"east": {"texture": "#reed", "uv": [0, 0, 6, 1], "autoUv": false, "snapUv": false},
														"south": {"texture": "#reed", "uv": [0, 0, 6, 1], "autoUv": false, "snapUv": false},
														"west": {"texture": "#reed", "uv": [0, 0, 6, 1], "autoUv": false, "snapUv": false},
														"up": {"texture": "#reed", "uv": [5, 5, 11, 11], "autoUv": false, "snapUv": false},
														"down": {"texture": "#reed", "uv": [5, 10, 20, 20], "autoUv": false, "snapUv": false}
													}
												},
												{
													"name": "6",
													"from": [2.24288, 2.325, 2.74288],
													"to": [7.03434, 2.48608, 4.78434],
													"rotationOrigin": [0, 2.325, 0],
													"faces": {
														"north": {"texture": "#reed", "uv": [0, 0, 6, 1], "autoUv": false, "snapUv": false},
														"east": {"texture": "#reed", "uv": [0, 0, 6, 1], "autoUv": false, "snapUv": false},
														"south": {"texture": "#reed", "uv": [0, 0, 6, 1], "autoUv": false, "snapUv": false},
														"west": {"texture": "#reed", "uv": [0, 0, 6, 1], "autoUv": false, "snapUv": false},
														"up": {"texture": "#reed", "uv": [5, 5, 21, 13], "autoUv": false, "snapUv": false},
														"down": {"texture": "#reed", "uv": [5, 10, 11, 16], "autoUv": false, "snapUv": false}
													}
												},
												{
													"name": "7",
													"from": [4.49638, 2.511, 3.44988],
													"to": [4.84284, 2.90458, 3.79634],
													"rotationOrigin": [-1.1315, 2.511, -0.843],
													"faces": {
														"north": {"texture": "#reed", "uv": [0, 0, 6, 1], "autoUv": false, "snapUv": false},
														"east": {"texture": "#reed", "uv": [0, 0, 6, 1], "autoUv": false, "snapUv": false},
														"south": {"texture": "#reed", "uv": [0, 0, 6, 1], "autoUv": false, "snapUv": false},
														"west": {"texture": "#reed", "uv": [0, 0, 6, 1], "autoUv": false, "snapUv": false},
														"up": {"texture": "#reed", "uv": [5, 5, 11, 11], "autoUv": false, "snapUv": false},
														"down": {"texture": "#reed", "uv": [5, 10, 11, 16], "autoUv": false, "snapUv": false}
													}
												},
												{
													"name": "SideBasket2",
													"from": [0, 0, -11],
													"to": [0, 0, -11],
													"rotationOrigin": [0, 0, -11],
													"children": [
														{
															"name": "3",
															"from": [1.6943, 0, 2.74288],
															"to": [2.24288, 2.74288, 4.78434],
															"rotationOrigin": [2.1943, 0, 2.74288],
															"faces": {
																"north": {"texture": "#reed", "uv": [0, 0, 1, 5], "autoUv": false, "snapUv": false},
																"east": {"texture": "#reed", "uv": [4.5, 2, 10.5, 7], "autoUv": false, "snapUv": false},
																"south": {"texture": "#reed", "uv": [0, 0, 1, 5], "autoUv": false, "snapUv": false},
																"west": {"texture": "#reed", "uv": [0, 12, 11, 22], "autoUv": false, "snapUv": false},
																"up": {"texture": "#reed", "uv": [0, 0, 10, 4], "rotation": 270, "autoUv": false, "snapUv": false},
																"down": {"texture": "#reed", "uv": [2, 2.5, 12, 5.5], "rotation": 90, "autoUv": false, "snapUv": false}
															}
														},
														{
															"name": "4",
															"from": [1.6943, 0, 2.1943],
															"to": [7.58291, 2.74288, 2.74288],
															"rotationOrigin": [0, 0, 0],
															"faces": {
																"north": {"texture": "#reed", "uv": [4.5, 6, 27.5, 20], "autoUv": false, "snapUv": false},
																"east": {"texture": "#reed", "uv": [11, 5, 14, 19], "autoUv": false, "snapUv": false},
																"south": {"texture": "#reed", "uv": [4, 3, 12, 8], "autoUv": false, "snapUv": false},
																"west": {"texture": "#reed", "uv": [3, 4, 6, 17], "autoUv": false, "snapUv": false},
																"up": {"texture": "#reed", "uv": [2, 0, 32, 3], "autoUv": false, "snapUv": false},
																"down": {"texture": "#reed", "uv": [1, 2.5, 24, 5.5], "autoUv": false, "snapUv": false}
															}
														},
														{
															"name": "5",
															"from": [1.6943, 0, 4.78434],
															"to": [7.58291, 2.74288, 5.33291],
															"rotationOrigin": [0, 0, -1.25],
															"faces": {
																"north": {"texture": "#reed", "uv": [4, 3, 12, 8], "autoUv": false, "snapUv": false},
																"east": {"texture": "#reed", "uv": [12, 9, 15, 32], "autoUv": false, "snapUv": false},
																"south": {"texture": "#reed", "uv": [4, 4, 22, 11], "autoUv": false, "snapUv": false},
																"west": {"texture": "#reed", "uv": [7.5, 6, 11.5, 24], "autoUv": false, "snapUv": false},
																"up": {"texture": "#reed", "uv": [2, 0, 24, 3], "rotation": 180, "autoUv": false, "snapUv": false},
																"down": {"texture": "#reed", "uv": [1, 2, 20, 5], "autoUv": false, "snapUv": false}
															}
														},
														{
															"name": "5",
															"from": [7.03434, 0, 2.74288],
															"to": [7.58291, 2.74288, 4.78434],
															"rotationOrigin": [0, 0, 0],
															"faces": {
																"north": {"texture": "#reed", "uv": [0, 0, 1, 5], "autoUv": false, "snapUv": false},
																"east": {"texture": "#reed", "uv": [5, 5, 15, 15], "autoUv": false, "snapUv": false},
																"south": {"texture": "#reed", "uv": [0, 0, 1, 5], "autoUv": false, "snapUv": false},
																"west": {"texture": "#reed", "uv": [5, 2, 11, 7], "autoUv": false, "snapUv": false},
																"up": {"texture": "#reed", "uv": [9, 0, 22, 3], "rotation": 90, "autoUv": false, "snapUv": false},
																"down": {"texture": "#reed", "uv": [5, 2.5, 14, 6.5], "rotation": 90, "autoUv": false, "snapUv": false}
															}
														},
														{
															"name": "6",
															"from": [2.24288, 0, 2.74288],
															"to": [7.03434, 0.54858, 4.78434],
															"rotationOrigin": [0, 0, 0],
															"faces": {
																"north": {"texture": "#reed", "uv": [0, 0, 6, 1], "autoUv": false, "snapUv": false},
																"east": {"texture": "#reed", "uv": [0, 0, 6, 1], "autoUv": false, "snapUv": false},
																"south": {"texture": "#reed", "uv": [0, 0, 6, 1], "autoUv": false, "snapUv": false},
																"west": {"texture": "#reed", "uv": [0, 0, 6, 1], "autoUv": false, "snapUv": false},
																"up": {"texture": "#reed", "uv": [5, 5, 11, 11], "autoUv": false, "snapUv": false},
																"down": {"texture": "#reed", "uv": [5, 10, 20, 20], "autoUv": false, "snapUv": false}
															}
														},
														{
															"name": "7",
															"from": [2.24288, 2.325, 2.74288],
															"to": [7.03434, 2.48608, 4.78434],
															"rotationOrigin": [0, 2.325, 0],
															"faces": {
																"north": {"texture": "#reed", "uv": [0, 0, 6, 1], "autoUv": false, "snapUv": false},
																"east": {"texture": "#reed", "uv": [0, 0, 6, 1], "autoUv": false, "snapUv": false},
																"south": {"texture": "#reed", "uv": [0, 0, 6, 1], "autoUv": false, "snapUv": false},
																"west": {"texture": "#reed", "uv": [0, 0, 6, 1], "autoUv": false, "snapUv": false},
																"up": {"texture": "#reed", "uv": [5, 5, 21, 13], "autoUv": false, "snapUv": false},
																"down": {"texture": "#reed", "uv": [5, 10, 11, 16], "autoUv": false, "snapUv": false}
															}
														},
														{
															"name": "8",
															"from": [4.49638, 2.511, 3.44988],
															"to": [4.84284, 2.90458, 3.79634],
															"rotationOrigin": [-1.1315, 2.511, -0.843],
															"faces": {
																"north": {"texture": "#reed", "uv": [0, 0, 6, 1], "autoUv": false, "snapUv": false},
																"east": {"texture": "#reed", "uv": [0, 0, 6, 1], "autoUv": false, "snapUv": false},
																"south": {"texture": "#reed", "uv": [0, 0, 6, 1], "autoUv": false, "snapUv": false},
																"west": {"texture": "#reed", "uv": [0, 0, 6, 1], "autoUv": false, "snapUv": false},
																"up": {"texture": "#reed", "uv": [5, 5, 11, 11], "autoUv": false, "snapUv": false},
																"down": {"texture": "#reed", "uv": [5, 10, 11, 16], "autoUv": false, "snapUv": false}
															}
														},
														{
															"name": "String",
															"from": [-3.325, 5.75, 6.2],
															"to": [-3.325, 5.75, 6.2],
															"rotationOrigin": [-3.325, 5.75, 6.2],
															"children": [
																{
																	"name": "1",
																	"from": [5.75, -3, 6.425],
																	"to": [6, -2.75, 10.15],
																	"rotationOrigin": [6.75, -3, 9.175],
																	"faces": {
																		"north": {"texture": "#rope", "uv": [0, 30, 1.25, 32], "autoUv": false, "snapUv": false},
																		"east": {"texture": "#rope", "uv": [0, 29.75, 17.725, 32], "autoUv": false, "snapUv": false},
																		"south": {"texture": "#rope", "uv": [0, 30, 1.25, 32], "autoUv": false, "snapUv": false},
																		"west": {"texture": "#rope", "uv": [0, 29.275, 13.25, 32], "autoUv": false, "snapUv": false},
																		"up": {"texture": "#rope", "uv": [0, 17.275, 2.25, 32], "autoUv": false, "snapUv": false},
																		"down": {"texture": "#rope", "uv": [0, 17.275, 2.25, 32], "autoUv": false, "snapUv": false}
																	}
																},
																{
																	"name": "2",
																	"from": [5.75, -6, 6.95],
																	"to": [6, -5.75, 10.15],
																	"rotationOrigin": [6.75, -6, 9.175],
																	"faces": {
																		"north": {"texture": "#rope", "uv": [0, 30, 1.25, 32], "autoUv": false, "snapUv": false},
																		"east": {"texture": "#rope", "uv": [0, 29.75, 17.725, 32], "autoUv": false, "snapUv": false},
																		"south": {"texture": "#rope", "uv": [0, 30, 1.25, 32], "autoUv": false, "snapUv": false},
																		"west": {"texture": "#rope", "uv": [0, 29.275, 13.25, 32], "autoUv": false, "snapUv": false},
																		"up": {"texture": "#rope", "uv": [0, 17.275, 2.25, 32], "autoUv": false, "snapUv": false},
																		"down": {"texture": "#rope", "uv": [0, 17.275, 2.25, 32], "autoUv": false, "snapUv": false}
																	}
																},
																{
																	"name": "3",
																	"from": [5.75, -6.25, 5.525],
																	"to": [6, -6.025, 6.875],
																	"rotationOrigin": [6.75, -6.275, 7.475],
																	"faces": {
																		"north": {"texture": "#rope", "uv": [0, 31, 0.25, 31.225], "autoUv": false, "snapUv": false},
																		"east": {"texture": "#rope", "uv": [0, 29.775, 8.325, 32], "autoUv": false, "snapUv": false},
																		"south": {"texture": "#rope", "uv": [0, 0, 0.25, 0.225], "autoUv": false, "snapUv": false},
																		"west": {"texture": "#rope", "uv": [0, 30, 10.325, 32], "autoUv": false, "snapUv": false},
																		"up": {"texture": "#rope", "uv": [0, 19.675, 3.25, 32], "autoUv": false, "snapUv": false},
																		"down": {"texture": "#rope", "uv": [0, 17.675, 2.25, 32], "autoUv": false, "snapUv": false}
																	},
																	"rotationX": 27.25
																},
																{
																	"name": "4",
																	"from": [5.75, -5.875, 10.15],
																	"to": [6, -2.9, 10.4],
																	"rotationOrigin": [6.75, -3, 12.15],
																	"faces": {
																		"north": {"texture": "#rope", "uv": [0, 17.275, 2.25, 32], "autoUv": false, "snapUv": false},
																		"east": {"texture": "#rope", "uv": [0, 19.275, 2.25, 32], "autoUv": false, "snapUv": false},
																		"south": {"texture": "#rope", "uv": [0, 17.275, 2.25, 32], "autoUv": false, "snapUv": false},
																		"west": {"texture": "#rope", "uv": [0, 19.275, 2.25, 32], "autoUv": false, "snapUv": false},
																		"up": {"texture": "#rope", "uv": [0, 32, 2.25, 30.25], "autoUv": false, "snapUv": false},
																		"down": {"texture": "#rope", "uv": [0, 31, 2.25, 29.25], "autoUv": false, "snapUv": false}
																	}
																},
																{
																	"name": "5",
																	"from": [5.75, -5.35, 5.725],
																	"to": [6, -3, 5.975],
																	"rotationOrigin": [6.75, -3, 7.725],
																	"faces": {
																		"north": {"texture": "#rope", "uv": [0, 17.275, 2.25, 32], "autoUv": false, "snapUv": false},
																		"east": {"texture": "#rope", "uv": [0, 19.275, 2.25, 32], "autoUv": false, "snapUv": false},
																		"south": {"texture": "#rope", "uv": [0, 17.275, 2.25, 32], "autoUv": false, "snapUv": false},
																		"west": {"texture": "#rope", "uv": [0, 19.275, 2.25, 32], "autoUv": false, "snapUv": false},
																		"up": {"texture": "#rope", "uv": [0, 32, 2.25, 30.25], "autoUv": false, "snapUv": false},
																		"down": {"texture": "#rope", "uv": [0, 31, 2.25, 29.25], "autoUv": false, "snapUv": false}
																	}
																},
																{
																	"name": "6",
																	"from": [9.75, -3, 6.425],
																	"to": [10, -2.75, 10.15],
																	"rotationOrigin": [10.75, -3, 9.175],
																	"faces": {
																		"north": {"texture": "#rope", "uv": [0, 30, 1.25, 32], "autoUv": false, "snapUv": false},
																		"east": {"texture": "#rope", "uv": [0, 29.75, 17.725, 32], "autoUv": false, "snapUv": false},
																		"south": {"texture": "#rope", "uv": [0, 30, 1.25, 32], "autoUv": false, "snapUv": false},
																		"west": {"texture": "#rope", "uv": [0, 29.275, 13.25, 32], "autoUv": false, "snapUv": false},
																		"up": {"texture": "#rope", "uv": [0, 17.275, 2.25, 32], "autoUv": false, "snapUv": false},
																		"down": {"texture": "#rope", "uv": [0, 17.275, 2.25, 32], "autoUv": false, "snapUv": false}
																	}
																},
																{
																	"name": "7",
																	"from": [9.75, -6, 6.95],
																	"to": [10, -5.75, 10.15],
																	"rotationOrigin": [10.75, -6, 9.175],
																	"faces": {
																		"north": {"texture": "#rope", "uv": [0, 30, 1.25, 32], "autoUv": false, "snapUv": false},
																		"east": {"texture": "#rope", "uv": [0, 29.75, 17.725, 32], "autoUv": false, "snapUv": false},
																		"south": {"texture": "#rope", "uv": [0, 30, 1.25, 32], "autoUv": false, "snapUv": false},
																		"west": {"texture": "#rope", "uv": [0, 29.275, 13.25, 32], "autoUv": false, "snapUv": false},
																		"up": {"texture": "#rope", "uv": [0, 17.275, 2.25, 32], "autoUv": false, "snapUv": false},
																		"down": {"texture": "#rope", "uv": [0, 17.275, 2.25, 32], "autoUv": false, "snapUv": false}
																	}
																},
																{
																	"name": "8",
																	"from": [9.75, -6.25, 5.525],
																	"to": [10, -6.025, 6.875],
																	"rotationOrigin": [10.75, -6.275, 7.475],
																	"faces": {
																		"north": {"texture": "#rope", "uv": [0, 31, 0.25, 31.225], "autoUv": false, "snapUv": false},
																		"east": {"texture": "#rope", "uv": [0, 29.775, 8.325, 32], "autoUv": false, "snapUv": false},
																		"south": {"texture": "#rope", "uv": [0, 0, 0.25, 0.225], "autoUv": false, "snapUv": false},
																		"west": {"texture": "#rope", "uv": [0, 30, 10.325, 32], "autoUv": false, "snapUv": false},
																		"up": {"texture": "#rope", "uv": [0, 19.675, 3.25, 32], "autoUv": false, "snapUv": false},
																		"down": {"texture": "#rope", "uv": [0, 17.675, 2.25, 32], "autoUv": false, "snapUv": false}
																	},
																	"rotationX": 27.25
																},
																{
																	"name": "9",
																	"from": [9.75, -5.875, 10.15],
																	"to": [10, -2.9, 10.4],
																	"rotationOrigin": [10.75, -3, 12.15],
																	"faces": {
																		"north": {"texture": "#rope", "uv": [0, 17.275, 2.25, 32], "autoUv": false, "snapUv": false},
																		"east": {"texture": "#rope", "uv": [0, 19.275, 2.25, 32], "autoUv": false, "snapUv": false},
																		"south": {"texture": "#rope", "uv": [0, 17.275, 2.25, 32], "autoUv": false, "snapUv": false},
																		"west": {"texture": "#rope", "uv": [0, 19.275, 2.25, 32], "autoUv": false, "snapUv": false},
																		"up": {"texture": "#rope", "uv": [0, 32, 2.25, 30.25], "autoUv": false, "snapUv": false},
																		"down": {"texture": "#rope", "uv": [0, 31, 2.25, 29.25], "autoUv": false, "snapUv": false}
																	}
																},
																{
																	"name": "10",
																	"from": [9.75, -5.35, 5.725],
																	"to": [10, -3, 5.975],
																	"rotationOrigin": [10.75, -3, 7.725],
																	"faces": {
																		"north": {"texture": "#rope", "uv": [0, 17.275, 2.25, 32], "autoUv": false, "snapUv": false},
																		"east": {"texture": "#rope", "uv": [0, 19.275, 2.25, 32], "autoUv": false, "snapUv": false},
																		"south": {"texture": "#rope", "uv": [0, 17.275, 2.25, 32], "autoUv": false, "snapUv": false},
																		"west": {"texture": "#rope", "uv": [0, 19.275, 2.25, 32], "autoUv": false, "snapUv": false},
																		"up": {"texture": "#rope", "uv": [0, 32, 2.25, 30.25], "autoUv": false, "snapUv": false},
																		"down": {"texture": "#rope", "uv": [0, 31, 2.25, 29.25], "autoUv": false, "snapUv": false}
																	}
																}
															]
														},
														{
															"name": "String2",
															"from": [6.525, 5.75, 2.3],
															"to": [6.525, 5.75, 2.3],
															"rotationOrigin": [6.525, 5.75, 2.3],
															"rotationY": -180,
															"children": [
																{
																	"name": "2",
																	"from": [-0.25, -3, -3.575],
																	"to": [0, -2.75, 0.15],
																	"rotationOrigin": [0.75, -3, -0.825],
																	"faces": {
																		"north": {"texture": "#rope", "uv": [0, 30, 1.25, 32], "autoUv": false, "snapUv": false},
																		"east": {"texture": "#rope", "uv": [0, 29.75, 17.725, 32], "autoUv": false, "snapUv": false},
																		"south": {"texture": "#rope", "uv": [0, 30, 1.25, 32], "autoUv": false, "snapUv": false},
																		"west": {"texture": "#rope", "uv": [0, 29.275, 13.25, 32], "autoUv": false, "snapUv": false},
																		"up": {"texture": "#rope", "uv": [0, 17.275, 2.25, 32], "autoUv": false, "snapUv": false},
																		"down": {"texture": "#rope", "uv": [0, 17.275, 2.25, 32], "autoUv": false, "snapUv": false}
																	}
																},
																{
																	"name": "3",
																	"from": [-0.25, -6, -3.05],
																	"to": [0, -5.75, 0.15],
																	"rotationOrigin": [0.75, -6, -0.825],
																	"faces": {
																		"north": {"texture": "#rope", "uv": [0, 30, 1.25, 32], "autoUv": false, "snapUv": false},
																		"east": {"texture": "#rope", "uv": [0, 29.75, 17.725, 32], "autoUv": false, "snapUv": false},
																		"south": {"texture": "#rope", "uv": [0, 30, 1.25, 32], "autoUv": false, "snapUv": false},
																		"west": {"texture": "#rope", "uv": [0, 29.275, 13.25, 32], "autoUv": false, "snapUv": false},
																		"up": {"texture": "#rope", "uv": [0, 17.275, 2.25, 32], "autoUv": false, "snapUv": false},
																		"down": {"texture": "#rope", "uv": [0, 17.275, 2.25, 32], "autoUv": false, "snapUv": false}
																	}
																},
																{
																	"name": "4",
																	"from": [-0.25, -6.25, -4.475],
																	"to": [0, -6.025, -3.125],
																	"rotationOrigin": [0.75, -6.275, -2.525],
																	"faces": {
																		"north": {"texture": "#rope", "uv": [0, 31, 0.25, 31.225], "autoUv": false, "snapUv": false},
																		"east": {"texture": "#rope", "uv": [0, 29.775, 8.325, 32], "autoUv": false, "snapUv": false},
																		"south": {"texture": "#rope", "uv": [0, 0, 0.25, 0.225], "autoUv": false, "snapUv": false},
																		"west": {"texture": "#rope", "uv": [0, 30, 10.325, 32], "autoUv": false, "snapUv": false},
																		"up": {"texture": "#rope", "uv": [0, 19.675, 3.25, 32], "autoUv": false, "snapUv": false},
																		"down": {"texture": "#rope", "uv": [0, 17.675, 2.25, 32], "autoUv": false, "snapUv": false}
																	},
																	"rotationX": 27.25
																},
																{
																	"name": "5",
																	"from": [-0.25, -5.875, 0.15],
																	"to": [0, -2.9, 0.4],
																	"rotationOrigin": [0.75, -3, 2.15],
																	"faces": {
																		"north": {"texture": "#rope", "uv": [0, 17.275, 2.25, 32], "autoUv": false, "snapUv": false},
																		"east": {"texture": "#rope", "uv": [0, 19.275, 2.25, 32], "autoUv": false, "snapUv": false},
																		"south": {"texture": "#rope", "uv": [0, 17.275, 2.25, 32], "autoUv": false, "snapUv": false},
																		"west": {"texture": "#rope", "uv": [0, 19.275, 2.25, 32], "autoUv": false, "snapUv": false},
																		"up": {"texture": "#rope", "uv": [0, 32, 2.25, 30.25], "autoUv": false, "snapUv": false},
																		"down": {"texture": "#rope", "uv": [0, 31, 2.25, 29.25], "autoUv": false, "snapUv": false}
																	}
																},
																{
																	"name": "6",
																	"from": [-0.25, -5.35, -4.275],
																	"to": [0, -3, -4.025],
																	"rotationOrigin": [0.75, -3, -2.275],
																	"faces": {
																		"north": {"texture": "#rope", "uv": [0, 17.275, 2.25, 32], "autoUv": false, "snapUv": false},
																		"east": {"texture": "#rope", "uv": [0, 19.275, 2.25, 32], "autoUv": false, "snapUv": false},
																		"south": {"texture": "#rope", "uv": [0, 17.275, 2.25, 32], "autoUv": false, "snapUv": false},
																		"west": {"texture": "#rope", "uv": [0, 19.275, 2.25, 32], "autoUv": false, "snapUv": false},
																		"up": {"texture": "#rope", "uv": [0, 32, 2.25, 30.25], "autoUv": false, "snapUv": false},
																		"down": {"texture": "#rope", "uv": [0, 31, 2.25, 29.25], "autoUv": false, "snapUv": false}
																	}
																},
																{
																	"name": "7",
																	"from": [3.75, -3, -3.575],
																	"to": [4, -2.75, 0.15],
																	"rotationOrigin": [4.75, -3, -0.825],
																	"faces": {
																		"north": {"texture": "#rope", "uv": [0, 30, 1.25, 32], "autoUv": false, "snapUv": false},
																		"east": {"texture": "#rope", "uv": [0, 29.75, 17.725, 32], "autoUv": false, "snapUv": false},
																		"south": {"texture": "#rope", "uv": [0, 30, 1.25, 32], "autoUv": false, "snapUv": false},
																		"west": {"texture": "#rope", "uv": [0, 29.275, 13.25, 32], "autoUv": false, "snapUv": false},
																		"up": {"texture": "#rope", "uv": [0, 17.275, 2.25, 32], "autoUv": false, "snapUv": false},
																		"down": {"texture": "#rope", "uv": [0, 17.275, 2.25, 32], "autoUv": false, "snapUv": false}
																	}
																},
																{
																	"name": "8",
																	"from": [3.75, -6, -3.05],
																	"to": [4, -5.75, 0.15],
																	"rotationOrigin": [4.75, -6, -0.825],
																	"faces": {
																		"north": {"texture": "#rope", "uv": [0, 30, 1.25, 32], "autoUv": false, "snapUv": false},
																		"east": {"texture": "#rope", "uv": [0, 29.75, 17.725, 32], "autoUv": false, "snapUv": false},
																		"south": {"texture": "#rope", "uv": [0, 30, 1.25, 32], "autoUv": false, "snapUv": false},
																		"west": {"texture": "#rope", "uv": [0, 29.275, 13.25, 32], "autoUv": false, "snapUv": false},
																		"up": {"texture": "#rope", "uv": [0, 17.275, 2.25, 32], "autoUv": false, "snapUv": false},
																		"down": {"texture": "#rope", "uv": [0, 17.275, 2.25, 32], "autoUv": false, "snapUv": false}
																	}
																},
																{
																	"name": "9",
																	"from": [3.75, -6.25, -4.475],
																	"to": [4, -6.025, -3.125],
																	"rotationOrigin": [4.75, -6.275, -2.525],
																	"faces": {
																		"north": {"texture": "#rope", "uv": [0, 31, 0.25, 31.225], "autoUv": false, "snapUv": false},
																		"east": {"texture": "#rope", "uv": [0, 29.775, 8.325, 32], "autoUv": false, "snapUv": false},
																		"south": {"texture": "#rope", "uv": [0, 0, 0.25, 0.225], "autoUv": false, "snapUv": false},
																		"west": {"texture": "#rope", "uv": [0, 30, 10.325, 32], "autoUv": false, "snapUv": false},
																		"up": {"texture": "#rope", "uv": [0, 19.675, 3.25, 32], "autoUv": false, "snapUv": false},
																		"down": {"texture": "#rope", "uv": [0, 17.675, 2.25, 32], "autoUv": false, "snapUv": false}
																	},
																	"rotationX": 27.25
																},
																{
																	"name": "10",
																	"from": [3.75, -5.875, 0.15],
																	"to": [4, -2.9, 0.4],
																	"rotationOrigin": [4.75, -3, 2.15],
																	"faces": {
																		"north": {"texture": "#rope", "uv": [0, 17.275, 2.25, 32], "autoUv": false, "snapUv": false},
																		"east": {"texture": "#rope", "uv": [0, 19.275, 2.25, 32], "autoUv": false, "snapUv": false},
																		"south": {"texture": "#rope", "uv": [0, 17.275, 2.25, 32], "autoUv": false, "snapUv": false},
																		"west": {"texture": "#rope", "uv": [0, 19.275, 2.25, 32], "autoUv": false, "snapUv": false},
																		"up": {"texture": "#rope", "uv": [0, 32, 2.25, 30.25], "autoUv": false, "snapUv": false},
																		"down": {"texture": "#rope", "uv": [0, 31, 2.25, 29.25], "autoUv": false, "snapUv": false}
																	}
																},
																{
																	"name": "11",
																	"from": [3.75, -5.35, -4.275],
																	"to": [4, -3, -4.025],
																	"rotationOrigin": [4.75, -3, -2.275],
																	"faces": {
																		"north": {"texture": "#rope", "uv": [0, 17.275, 2.25, 32], "autoUv": false, "snapUv": false},
																		"east": {"texture": "#rope", "uv": [0, 19.275, 2.25, 32], "autoUv": false, "snapUv": false},
																		"south": {"texture": "#rope", "uv": [0, 17.275, 2.25, 32], "autoUv": false, "snapUv": false},
																		"west": {"texture": "#rope", "uv": [0, 19.275, 2.25, 32], "autoUv": false, "snapUv": false},
																		"up": {"texture": "#rope", "uv": [0, 32, 2.25, 30.25], "autoUv": false, "snapUv": false},
																		"down": {"texture": "#rope", "uv": [0, 31, 2.25, 29.25], "autoUv": false, "snapUv": false}
																	}
																}
															]
														}
													]
												}
											]
										}
									]
								}
							]
						}
					]
				}
			]
		}
	],
	"animations": []
}
