{
	"editor": {
		"collapsedPaths": ",Root/Origin/Body/Stem5,Root/Origin/Body/Stem,Root/Origin/Body/Stem3,Root/Origin/Body/Knot",
		"allAngles": false,
		"entityTextureMode": false
	},
	"textureWidth": 16,
	"textureHeight": 16,
	"textureSizes": {
	},
	"textures": {
		"flaxbundle": "item/resource/flax/broken",
		"string": "game:item/tool/material/string"
	},
	"elements": [
		{
			"name": "Origin",
			"from": [ 8.0, 0.0, 8.0 ],
			"to": [ 8.0, 0.0, 8.0 ],
			"rotationOrigin": [ 8.0, 0.0, 8.0 ],
			"faces": {
				"north": { "texture": "#null", "uv": [ 0.0, 0.0, 0.5, 0.5 ] },
				"east": { "texture": "#null", "uv": [ 0.0, 0.0, 0.5, 0.5 ] },
				"south": { "texture": "#null", "uv": [ 0.0, 0.0, 0.5, 0.5 ] },
				"west": { "texture": "#null", "uv": [ 0.0, 0.0, 0.5, 0.5 ] },
				"up": { "texture": "#null", "uv": [ 0.0, 0.0, 0.5, 0.5 ] },
				"down": { "texture": "#null", "uv": [ 0.0, 0.0, 0.5, 0.5 ] }
			},
			"children": [
				{
					"name": "Body",
					"from": [ -0.5, 0.0, 3.1 ],
					"to": [ 0.6, 1.1, 4.1 ],
					"rotationOrigin": [ 0.0, 0.0, 4.1 ],
					"faces": {
						"north": { "texture": "#flaxbundle", "uv": [ 8.0, 7.0, 9.0, 8.0 ] },
						"east": { "texture": "#flaxbundle", "uv": [ 0.0, 13.5, 1.0, 14.5 ] },
						"south": { "texture": "#flaxbundle", "uv": [ 2.5, 14.5, 3.5, 15.5 ] },
						"west": { "texture": "#flaxbundle", "uv": [ 1.0, 13.5, 2.0, 14.5 ] },
						"up": { "texture": "#flaxbundle", "uv": [ 2.0, 7.5, 3.0, 8.5 ], "windMode": [-1,-1,-1,-1] },
						"down": { "texture": "#flaxbundle", "uv": [ 3.5, 6.5, 4.5, 7.5 ], "windMode": [-1,-1,-1,-1] }
					},
					"children": [
						{
							"name": "Knot",
							"from": [ -0.2, -0.25, 0.7 ],
							"to": [ 1.3, 1.25, 1.4 ],
							"rotationOrigin": [ 0.5, 0.5, 1.05 ],
							"rotationX": 4.0,
							"rotationY": 5.0,
							"rotationZ": 13.0,
							"faces": {
								"north": { "texture": "#string", "uv": [ 6.5, 4.0, 8.5, 6.0 ], "autoUv": false },
								"east": { "texture": "#string", "uv": [ 3.0, 4.0, 4.0, 6.0 ], "autoUv": false },
								"south": { "texture": "#string", "uv": [ 3.0, 3.5, 5.0, 5.5 ], "autoUv": false },
								"west": { "texture": "#string", "uv": [ 2.5, 4.5, 3.5, 6.6 ], "autoUv": false },
								"up": { "texture": "#string", "uv": [ 3.5, 4.5, 5.5, 5.5 ], "autoUv": false },
								"down": { "texture": "#string", "uv": [ 3.0, 3.0, 5.0, 4.0 ], "autoUv": false }
							},
							"children": [
								{
									"name": "KnotEnd",
									"from": [ 0.8, 0.5, 0.5 ],
									"to": [ 1.2, 0.9, 2.0 ],
									"rotationOrigin": [ 0.8, 0.5, 0.5 ],
									"rotationY": 49.0,
									"faces": {
										"east": { "texture": "#string", "uv": [ 11.5, 0.5, 12.0, 2.0 ], "rotation": 90 },
										"south": { "texture": "#string", "uv": [ 6.5, 0.5, 7.0, 1.0 ] },
										"west": { "texture": "#string", "uv": [ 4.5, 0.5, 5.0, 2.0 ], "rotation": 90 },
										"up": { "texture": "#string", "uv": [ 1.5, 0.5, 2.0, 2.0 ] },
										"down": { "texture": "#string", "uv": [ 14.5, 0.5, 15.0, 2.0 ], "rotation": 180 }
									}
								}
							]
						},
						{
							"name": "Root",
							"from": [ 0.0, 0.0, 2.4 ],
							"to": [ 1.0, 1.0, 5.3 ],
							"rotationOrigin": [ 0.5, 0.5, 1.4 ],
							"rotationX": 16.0,
							"rotationY": 23.0,
							"rotationZ": 0.0,
							"faces": {
								"east": { "texture": "#flaxbundle", "uv": [ 8.0, 15.0, 10.5, 16.0 ] },
								"south": { "texture": "#flaxbundle", "uv": [ 6.5, 15.0, 7.5, 16.0 ] },
								"west": { "texture": "#flaxbundle", "uv": [ 0.0, 15.0, 2.5, 16.0 ] },
								"up": { "texture": "#flaxbundle", "uv": [ 3.5, 13.5, 4.5, 16.0 ] },
								"down": { "texture": "#flaxbundle", "uv": [ 0.0, 13.5, 1.0, 16.0 ] }
							}
						},
						{
							"name": "Root2",
							"from": [ 0.0, 0.0, 1.4 ],
							"to": [ 1.0, 1.0, 4.4 ],
							"rotationOrigin": [ 0.5, 0.5, 1.4 ],
							"rotationX": -12.0,
							"rotationY": 7.0,
							"faces": {
								"east": { "texture": "#flaxbundle", "uv": [ 3.5, 15.0, 6.5, 16.0 ] },
								"south": { "texture": "#flaxbundle", "uv": [ 6.5, 15.0, 7.5, 16.0 ] },
								"west": { "texture": "#flaxbundle", "uv": [ 10.0, 15.0, 13.0, 16.0 ] },
								"up": { "texture": "#flaxbundle", "uv": [ 6.5, 13.0, 7.5, 16.0 ] },
								"down": { "texture": "#flaxbundle", "uv": [ 13.0, 13.0, 14.0, 16.0 ] }
							}
						},
						{
							"name": "Root3",
							"from": [ 0.0, 0.0, 1.4 ],
							"to": [ 1.0, 1.0, 5.0 ],
							"rotationOrigin": [ 0.5, 0.5, 1.4 ],
							"rotationX": 10.0,
							"rotationY": -14.0,
							"rotationZ": 0.0,
							"faces": {
								"east": { "texture": "#flaxbundle", "uv": [ 10.5, 15.0, 14.0, 16.0 ] },
								"south": { "texture": "#flaxbundle", "uv": [ 14.0, 15.0, 15.0, 16.0 ] },
								"west": { "texture": "#flaxbundle", "uv": [ 12.0, 15.0, 15.5, 16.0 ] },
								"up": { "texture": "#flaxbundle", "uv": [ 3.5, 12.5, 4.5, 16.0 ] },
								"down": { "texture": "#flaxbundle", "uv": [ 9.0, 12.5, 10.0, 16.0 ] }
							}
						},
						{
							"name": "Root4",
							"from": [ 0.0, 0.0, 1.4 ],
							"to": [ 1.0, 1.0, 4.3 ],
							"rotationOrigin": [ 0.5, 0.5, 1.4 ],
							"rotationX": -16.0,
							"rotationY": -18.0,
							"rotationZ": 0.0,
							"faces": {
								"east": { "texture": "#flaxbundle", "uv": [ 9.5, 15.0, 12.0, 16.0 ] },
								"south": { "texture": "#flaxbundle", "uv": [ 11.5, 15.0, 12.5, 16.0 ] },
								"west": { "texture": "#flaxbundle", "uv": [ 0.0, 15.0, 2.5, 16.0 ] },
								"up": { "texture": "#flaxbundle", "uv": [ 0.0, 13.5, 1.0, 16.0 ] },
								"down": { "texture": "#flaxbundle", "uv": [ 4.0, 13.5, 5.0, 16.0 ] }
							}
						},
						{
							"name": "Root5",
							"from": [ 0.0, 0.0, 1.4 ],
							"to": [ 1.0, 1.0, 4.8 ],
							"rotationOrigin": [ 0.5, 0.5, 1.4 ],
							"rotationY": 3.0,
							"faces": {
								"east": { "texture": "#flaxbundle", "uv": [ 9.0, 15.0, 12.0, 16.0 ] },
								"south": { "texture": "#flaxbundle", "uv": [ 6.5, 15.0, 7.5, 16.0 ] },
								"west": { "texture": "#flaxbundle", "uv": [ 6.5, 15.0, 9.5, 16.0 ] },
								"up": { "texture": "#flaxbundle", "uv": [ 3.5, 13.0, 4.5, 16.0 ] },
								"down": { "texture": "#flaxbundle", "uv": [ 6.5, 13.0, 7.5, 16.0 ] }
							}
						},
						{
							"name": "Fiber",
							"from": [ 0.0, 0.05, 0.5 ],
							"to": [ 1.0, 1.05, 5.5 ],
							"rotationOrigin": [ 0.5, 0.6, 0.5 ],
							"rotationY": 165.5,
							"faces": {
								"north": { "texture": "#flaxbundle", "uv": [ 6.0, 13.0, 7.0, 14.0 ] },
								"east": { "texture": "#flaxbundle", "uv": [ 6.5, 11.0, 7.5, 16.0 ], "rotation": 270 },
								"south": { "texture": "#flaxbundle", "uv": [ 7.0, 12.0, 8.0, 13.0 ] },
								"west": { "texture": "#flaxbundle", "uv": [ 3.0, 10.0, 4.0, 15.0 ], "rotation": 90 },
								"up": { "texture": "#flaxbundle", "uv": [ 1.5, 10.5, 2.5, 15.5 ], "rotation": 180 },
								"down": { "texture": "#flaxbundle", "uv": [ 13.5, 8.5, 14.5, 13.5 ], "windMode": [-1,-1,-1,-1] }
							},
							"children": [
								{
									"name": "Fiber4",
									"from": [ 0.0, 0.0, 5.0 ],
									"to": [ 0.9, 0.9, 9.6 ],
									"rotationOrigin": [ 0.5, 0.55, 5.0 ],
									"rotationX": 6.0,
									"rotationY": 45.0,
									"rotationZ": 1.5256,
									"faces": {
										"north": { "texture": "#flaxbundle", "uv": [ 6.0, 13.0, 7.0, 14.0 ], "autoUv": false },
										"east": { "texture": "#flaxbundle", "uv": [ 12.0, 7.5, 13.0, 12.0 ], "rotation": 270, "autoUv": false },
										"south": { "texture": "#flaxbundle", "uv": [ 7.0, 12.0, 8.0, 13.0 ], "autoUv": false },
										"west": { "texture": "#flaxbundle", "uv": [ 8.5, 8.5, 9.5, 13.0 ], "rotation": 90, "autoUv": false },
										"up": { "texture": "#flaxbundle", "uv": [ 3.5, 7.0, 4.5, 11.5 ], "rotation": 180, "autoUv": false },
										"down": { "texture": "#flaxbundle", "uv": [ 10.5, 6.5, 11.5, 11.0 ], "autoUv": false, "windMode": [-1,-1,-1,-1] }
									},
									"children": [
										{
											"name": "Fiber5",
											"from": [ 0.0, 0.0, 4.5 ],
											"to": [ 0.8, 0.8, 7.6 ],
											"rotationOrigin": [ 0.5, 0.55, 4.5 ],
											"rotationX": -7.0,
											"rotationY": 37.0,
											"rotationZ": 0.0,
											"faces": {
												"north": { "texture": "#flaxbundle", "uv": [ 6.0, 13.0, 7.0, 14.0 ], "autoUv": false },
												"east": { "texture": "#flaxbundle", "uv": [ 4.0, 2.5, 5.0, 6.0 ], "rotation": 270, "autoUv": false },
												"west": { "texture": "#flaxbundle", "uv": [ 4.5, 2.5, 5.5, 6.0 ], "rotation": 90, "autoUv": false },
												"up": { "texture": "#flaxbundle", "uv": [ 2.0, 2.5, 3.0, 6.0 ], "rotation": 180, "autoUv": false },
												"down": { "texture": "#flaxbundle", "uv": [ 13.0, 1.5, 14.0, 5.0 ], "autoUv": false, "windMode": [-1,-1,-1,-1] }
											}
										},
										{
											"name": "Fiber12",
											"from": [ 0.0, -0.1, 4.5 ],
											"to": [ 0.7, 0.6, 7.6 ],
											"rotationOrigin": [ 0.5, 0.45, 4.5 ],
											"rotationX": -7.0,
											"rotationY": 9.0,
											"rotationZ": 0.0,
											"faces": {
												"north": { "texture": "#flaxbundle", "uv": [ 6.0, 13.0, 7.0, 14.0 ], "autoUv": false },
												"east": { "texture": "#flaxbundle", "uv": [ 13.5, 2.0, 14.5, 5.5 ], "rotation": 270, "autoUv": false },
												"west": { "texture": "#flaxbundle", "uv": [ 6.0, 3.0, 7.0, 6.5 ], "rotation": 90, "autoUv": false },
												"up": { "texture": "#flaxbundle", "uv": [ 0.5, 2.0, 1.5, 5.5 ], "rotation": 180, "autoUv": false },
												"down": { "texture": "#flaxbundle", "uv": [ 15.0, 2.5, 16.0, 6.0 ], "autoUv": false, "windMode": [-1,-1,-1,-1] }
											}
										}
									]
								}
							]
						},
						{
							"name": "Fiber2",
							"from": [ 0.0, 0.05, 0.5 ],
							"to": [ 1.0, 1.05, 4.5 ],
							"rotationOrigin": [ 0.5, 0.6, 0.5 ],
							"rotationX": 7.0,
							"rotationY": 176.5,
							"faces": {
								"north": { "texture": "#flaxbundle", "uv": [ 6.0, 13.0, 7.0, 14.0 ] },
								"east": { "texture": "#flaxbundle", "uv": [ 5.5, 8.5, 6.5, 12.5 ], "rotation": 270 },
								"south": { "texture": "#flaxbundle", "uv": [ 7.0, 12.0, 8.0, 13.0 ] },
								"west": { "texture": "#flaxbundle", "uv": [ 8.5, 8.5, 9.5, 12.5 ], "rotation": 90 },
								"up": { "texture": "#flaxbundle", "uv": [ 6.0, 8.0, 7.0, 12.0 ], "rotation": 180 },
								"down": { "texture": "#flaxbundle", "uv": [ 11.5, 8.5, 12.5, 12.5 ], "windMode": [-1,-1,-1,-1] }
							},
							"children": [
								{
									"name": "Fiber6",
									"from": [ 0.0, 0.0, 4.0 ],
									"to": [ 0.9, 0.9, 8.0 ],
									"rotationOrigin": [ 0.5, 0.55, 4.0 ],
									"rotationX": 17.0,
									"rotationY": 27.0,
									"rotationZ": 0.0,
									"faces": {
										"north": { "texture": "#flaxbundle", "uv": [ 6.0, 13.0, 7.0, 14.0 ], "autoUv": false },
										"east": { "texture": "#flaxbundle", "uv": [ 5.0, 6.5, 6.0, 10.5 ], "rotation": 270, "autoUv": false },
										"south": { "texture": "#flaxbundle", "uv": [ 7.0, 12.0, 8.0, 13.0 ], "autoUv": false },
										"west": { "texture": "#flaxbundle", "uv": [ 10.0, 7.5, 11.0, 11.5 ], "rotation": 90, "autoUv": false },
										"up": { "texture": "#flaxbundle", "uv": [ 3.5, 8.5, 4.5, 12.5 ], "rotation": 180, "autoUv": false },
										"down": { "texture": "#flaxbundle", "uv": [ 10.0, 6.5, 11.0, 10.5 ], "autoUv": false, "windMode": [-1,-1,-1,-1] }
									},
									"children": [
										{
											"name": "Fiber7",
											"from": [ 0.0, 0.0, 4.0 ],
											"to": [ 0.8, 0.8, 8.4 ],
											"rotationOrigin": [ 0.5, 0.55, 4.0 ],
											"rotationY": 36.0,
											"rotationZ": 0.0,
											"faces": {
												"north": { "texture": "#flaxbundle", "uv": [ 6.0, 13.0, 7.0, 14.0 ], "autoUv": false },
												"east": { "texture": "#flaxbundle", "uv": [ 7.0, 1.5, 8.0, 5.5 ], "rotation": 270, "autoUv": false },
												"west": { "texture": "#flaxbundle", "uv": [ 4.5, 1.5, 5.5, 5.5 ], "rotation": 90, "autoUv": false },
												"up": { "texture": "#flaxbundle", "uv": [ 1.0, 1.5, 2.0, 5.5 ], "rotation": 180, "autoUv": false },
												"down": { "texture": "#flaxbundle", "uv": [ 12.5, 1.5, 13.5, 5.5 ], "autoUv": false, "windMode": [-1,-1,-1,-1] }
											}
										},
										{
											"name": "Fiber8",
											"from": [ 0.0, 0.0, 3.4 ],
											"to": [ 0.8, 0.8, 6.4 ],
											"rotationOrigin": [ 0.5, 0.55, 3.4 ],
											"rotationX": 2.0,
											"rotationY": 50.0,
											"rotationZ": 0.0,
											"faces": {
												"north": { "texture": "#flaxbundle", "uv": [ 6.0, 13.0, 7.0, 14.0 ], "autoUv": false },
												"east": { "texture": "#flaxbundle", "uv": [ 9.0, 1.5, 10.0, 5.5 ], "rotation": 270, "autoUv": false },
												"west": { "texture": "#flaxbundle", "uv": [ 4.0, 2.0, 5.0, 6.0 ], "rotation": 90, "autoUv": false },
												"up": { "texture": "#flaxbundle", "uv": [ 0.5, 1.5, 1.5, 5.5 ], "rotation": 180, "autoUv": false },
												"down": { "texture": "#flaxbundle", "uv": [ 13.5, 2.0, 14.5, 6.0 ], "autoUv": false, "windMode": [-1,-1,-1,-1] }
											}
										}
									]
								}
							]
						},
						{
							"name": "Fiber3",
							"from": [ 0.0, 0.05, 0.5 ],
							"to": [ 1.0, 1.05, 5.1 ],
							"rotationOrigin": [ 0.5, 0.6, 0.5 ],
							"rotationX": 6.0,
							"rotationY": 155.0,
							"faces": {
								"north": { "texture": "#flaxbundle", "uv": [ 6.0, 13.0, 7.0, 14.0 ] },
								"east": { "texture": "#flaxbundle", "uv": [ 10.5, 7.5, 11.5, 12.0 ], "rotation": 270 },
								"south": { "texture": "#flaxbundle", "uv": [ 7.0, 12.0, 8.0, 13.0 ] },
								"west": { "texture": "#flaxbundle", "uv": [ 13.0, 10.0, 14.0, 14.5 ], "rotation": 90 },
								"up": { "texture": "#flaxbundle", "uv": [ 9.5, 6.0, 10.5, 10.5 ], "rotation": 180 },
								"down": { "texture": "#flaxbundle", "uv": [ 7.5, 7.5, 8.5, 12.0 ], "windMode": [-1,-1,-1,-1] }
							},
							"children": [
								{
									"name": "Fiber9",
									"from": [ 0.0, 0.0, 4.6 ],
									"to": [ 0.9, 0.9, 9.2 ],
									"rotationOrigin": [ 0.5, 0.55, 4.6 ],
									"rotationX": 14.0,
									"rotationY": 36.0,
									"rotationZ": 0.0,
									"faces": {
										"north": { "texture": "#flaxbundle", "uv": [ 6.0, 13.0, 7.0, 14.0 ], "autoUv": false },
										"east": { "texture": "#flaxbundle", "uv": [ 3.5, 7.0, 4.5, 11.5 ], "rotation": 270, "autoUv": false },
										"south": { "texture": "#flaxbundle", "uv": [ 7.0, 12.0, 8.0, 13.0 ], "autoUv": false },
										"west": { "texture": "#flaxbundle", "uv": [ 11.5, 10.0, 12.5, 14.5 ], "rotation": 90, "autoUv": false },
										"up": { "texture": "#flaxbundle", "uv": [ 8.5, 7.5, 9.5, 12.0 ], "rotation": 180, "autoUv": false },
										"down": { "texture": "#flaxbundle", "uv": [ 11.0, 5.5, 12.0, 10.0 ], "autoUv": false, "windMode": [-1,-1,-1,-1] }
									},
									"children": [
										{
											"name": "Fiber10",
											"from": [ 0.0, 0.2, 4.1 ],
											"to": [ 0.8, 1.0, 8.7 ],
											"rotationOrigin": [ 0.5, 0.75, 4.1 ],
											"rotationX": -2.0,
											"rotationY": 65.0,
											"faces": {
												"north": { "texture": "#flaxbundle", "uv": [ 6.0, 13.0, 7.0, 14.0 ], "autoUv": false },
												"east": { "texture": "#flaxbundle", "uv": [ 6.5, 1.5, 7.5, 6.0 ], "rotation": 270, "autoUv": false },
												"west": { "texture": "#flaxbundle", "uv": [ 4.5, 1.5, 5.5, 6.0 ], "rotation": 90, "autoUv": false },
												"up": { "texture": "#flaxbundle", "uv": [ 3.5, 1.5, 4.5, 6.0 ], "rotation": 180, "autoUv": false },
												"down": { "texture": "#flaxbundle", "uv": [ 12.5, 1.0, 13.5, 5.5 ], "autoUv": false, "windMode": [-1,-1,-1,-1] }
											}
										},
										{
											"name": "Fiber11",
											"from": [ 0.0, -0.1, 4.4 ],
											"to": [ 0.8, 0.7, 7.6 ],
											"rotationOrigin": [ 0.5, 0.45, 4.4 ],
											"rotationX": -9.0,
											"rotationY": 30.0,
											"faces": {
												"north": { "texture": "#flaxbundle", "uv": [ 6.0, 13.0, 7.0, 14.0 ], "autoUv": false },
												"east": { "texture": "#flaxbundle", "uv": [ 8.5, 2.0, 9.5, 5.0 ], "rotation": 270, "autoUv": false },
												"west": { "texture": "#flaxbundle", "uv": [ 4.0, 2.5, 5.0, 5.5 ], "rotation": 90, "autoUv": false },
												"up": { "texture": "#flaxbundle", "uv": [ 2.5, 2.0, 3.5, 5.0 ], "rotation": 180, "autoUv": false },
												"down": { "texture": "#flaxbundle", "uv": [ 12.5, 1.5, 13.5, 4.5 ], "autoUv": false, "windMode": [-1,-1,-1,-1] }
											}
										}
									]
								}
							]
						}
					]
				}
			]
		}
	]}