{
	"editor": {
		"collapsedPaths": ",Root/Origin/Body/Stem5,Root/Origin/Body/Stem,Root/Origin/Body/Stem3",
		"allAngles": false,
		"entityTextureMode": false
	},
	"textureWidth": 16,
	"textureHeight": 16,
	"textureSizes": {
	},
	"textures": {
		"flaxbundle": "item/resource/flax/unprocessed",
		"string": "game:item/tool/material/string"
	},
	"elements": [
		{
			"name": "Origin",
			"from": [ 8.0, 0.0, 8.0 ],
			"to": [ 8.0, 0.0, 8.0 ],
			"rotationOrigin": [ 8.0, 0.0, 8.0 ],
			"faces": {
				"north": { "texture": "#null", "uv": [ 0.0, 0.0, 0.5, 0.5 ] },
				"east": { "texture": "#null", "uv": [ 0.0, 0.0, 0.5, 0.5 ] },
				"south": { "texture": "#null", "uv": [ 0.0, 0.0, 0.5, 0.5 ] },
				"west": { "texture": "#null", "uv": [ 0.0, 0.0, 0.5, 0.5 ] },
				"up": { "texture": "#null", "uv": [ 0.0, 0.0, 0.5, 0.5 ] },
				"down": { "texture": "#null", "uv": [ 0.0, 0.0, 0.5, 0.5 ] }
			},
			"children": [
				{
					"name": "Body",
					"from": [ -0.5, 0.0, -2.0 ],
					"to": [ 0.6, 1.0, 5.0 ],
					"rotationOrigin": [ 0.0, 0.0, -1.0 ],
					"faces": {
						"north": { "texture": "#flaxbundle", "uv": [ 8.0, 7.0, 9.0, 8.0 ] },
						"east": { "texture": "#flaxbundle", "uv": [ 0.0, 13.5, 7.0, 14.5 ] },
						"south": { "texture": "#flaxbundle", "uv": [ 2.5, 14.5, 3.5, 15.5 ] },
						"west": { "texture": "#flaxbundle", "uv": [ 1.0, 13.5, 8.0, 14.5 ] },
						"up": { "texture": "#flaxbundle", "uv": [ 2.0, 7.5, 3.0, 14.5 ], "windMode": [-1,-1,-1,-1] },
						"down": { "texture": "#flaxbundle", "uv": [ 3.5, 6.5, 4.5, 13.5 ], "windMode": [-1,-1,-1,-1] }
					},
					"children": [
						{
							"name": "Stem",
							"from": [ -0.6, 0.1, -5.0 ],
							"to": [ 0.4, 1.0, 6.0 ],
							"rotationOrigin": [ -0.1, 0.6, 2.0 ],
							"rotationX": 2.3,
							"rotationY": 9.7,
							"faces": {
								"east": { "texture": "#flaxbundle", "uv": [ 6.0, 3.5, 7.0, 14.5 ], "rotation": 90, "autoUv": false },
								"west": { "texture": "#flaxbundle", "uv": [ 3.0, 2.5, 4.0, 13.5 ], "rotation": 270, "autoUv": false },
								"up": { "texture": "#flaxbundle", "uv": [ 6.5, 1.5, 7.5, 12.5 ] },
								"down": { "texture": "#flaxbundle", "uv": [ 0.5, 3.0, 1.5, 14.0 ] }
							},
							"children": [
								{
									"name": "Seed",
									"from": [ 0.2, 0.1, 1.1 ],
									"to": [ 1.0, 0.9, 4.1 ],
									"rotationOrigin": [ 0.6, 0.5, 4.1 ],
									"rotationX": 20.0,
									"rotationY": 12.0,
									"faces": {
										"east": { "texture": "#flaxbundle", "uv": [ 14.0, 5.0, 15.0, 1.0 ], "rotation": 270, "autoUv": false, "windMode": [-1,-1,-1,-1] },
										"west": { "texture": "#flaxbundle", "uv": [ 2.5, 3.0, 6.5, 2.0 ], "autoUv": false, "windMode": [-1,-1,-1,-1] },
										"up": { "texture": "#flaxbundle", "uv": [ 9.5, 0.5, 8.5, 4.5 ], "autoUv": false },
										"down": { "texture": "#flaxbundle", "uv": [ 7.0, 1.0, 6.0, 5.0 ], "autoUv": false }
									}
								}
							]
						},
						{
							"name": "Stem2",
							"from": [ -0.4, -0.4, -6.0 ],
							"to": [ 0.4, 0.4, 6.0 ],
							"rotationOrigin": [ 0.1, 0.1, 1.0 ],
							"rotationX": -5.0,
							"rotationY": 5.0,
							"faces": {
								"east": { "texture": "#flaxbundle", "uv": [ 2.5, 3.5, 3.5, 14.5 ], "rotation": 90, "autoUv": false, "windMode": [-1,-1,-1,-1] },
								"west": { "texture": "#flaxbundle", "uv": [ 6.0, 3.0, 7.0, 14.0 ], "rotation": 270, "autoUv": false },
								"up": { "texture": "#flaxbundle", "uv": [ 9.0, 0.5, 10.0, 11.5 ], "autoUv": false },
								"down": { "texture": "#flaxbundle", "uv": [ 2.5, 3.0, 3.5, 14.0 ], "autoUv": false }
							}
						},
						{
							"name": "Stem3",
							"from": [ 0.45, 0.6, -4.8 ],
							"to": [ 1.35, 1.5, 6.2 ],
							"rotationOrigin": [ 1.0, 1.0, 2.2 ],
							"rotationX": 8.0,
							"rotationY": -6.0,
							"faces": {
								"east": { "texture": "#flaxbundle", "uv": [ 11.5, 3.0, 12.5, 14.0 ], "rotation": 90, "autoUv": false, "windMode": [-1,-1,-1,-1] },
								"west": { "texture": "#flaxbundle", "uv": [ 0.5, 2.0, 1.5, 13.0 ], "rotation": 270, "autoUv": false },
								"up": { "texture": "#flaxbundle", "uv": [ 8.0, 3.0, 9.0, 14.0 ], "autoUv": false },
								"down": { "texture": "#flaxbundle", "uv": [ 13.0, 3.0, 14.0, 14.0 ], "autoUv": false }
							},
							"children": [
								{
									"name": "Seed2",
									"from": [ 0.04, 0.09, -0.8329 ],
									"to": [ 0.84, 0.89, 2.1671 ],
									"rotationOrigin": [ 0.44, 0.4854, 2.1671 ],
									"rotationX": 14.0,
									"rotationY": -19.0,
									"faces": {
										"east": { "texture": "#flaxbundle", "uv": [ 14.0, 5.0, 15.0, 1.0 ], "rotation": 270, "autoUv": false },
										"west": { "texture": "#flaxbundle", "uv": [ 2.5, 3.0, 6.5, 2.0 ], "autoUv": false },
										"up": { "texture": "#flaxbundle", "uv": [ 9.5, 0.5, 8.5, 4.5 ], "autoUv": false, "windMode": [-1,-1,-1,-1] },
										"down": { "texture": "#flaxbundle", "uv": [ 7.0, 1.0, 6.0, 5.0 ], "autoUv": false }
									}
								}
							]
						},
						{
							"name": "Stem4",
							"from": [ 0.4, -0.3, -5.0 ],
							"to": [ 1.5, 0.8, 6.0 ],
							"rotationOrigin": [ 0.9, 0.2, 2.0 ],
							"rotationX": -4.0,
							"rotationY": -5.0,
							"faces": {
								"east": { "texture": "#flaxbundle", "uv": [ 10.0, 2.0, 11.0, 13.0 ], "rotation": 90, "autoUv": false, "windMode": [-1,-1,-1,-1] },
								"west": { "texture": "#flaxbundle", "uv": [ 14.0, 1.0, 15.0, 12.0 ], "rotation": 270, "autoUv": false },
								"up": { "texture": "#flaxbundle", "uv": [ 6.5, 1.5, 7.5, 12.5 ] },
								"down": { "texture": "#flaxbundle", "uv": [ 2.5, 2.5, 3.5, 13.5 ] }
							}
						},
						{
							"name": "Stem5",
							"from": [ 0.0, -0.1, -7.0 ],
							"to": [ 1.0, 0.9, 1.0 ],
							"rotationOrigin": [ 0.5, 0.4, 1.0 ],
							"faces": {
								"east": { "texture": "#flaxbundle", "uv": [ 3.0, 1.0, 4.0, 9.0 ], "rotation": 90, "autoUv": false, "windMode": [-1,-1,-1,-1] },
								"west": { "texture": "#flaxbundle", "uv": [ 6.5, 1.0, 7.5, 9.0 ], "rotation": 270, "autoUv": false },
								"up": { "texture": "#flaxbundle", "uv": [ 9.0, 0.5, 10.0, 8.5 ], "autoUv": false },
								"down": { "texture": "#flaxbundle", "uv": [ 3.5, 1.0, 4.5, 9.0 ], "autoUv": false }
							},
							"children": [
								{
									"name": "Seed3",
									"from": [ 0.0, 0.0, 0.9 ],
									"to": [ 0.8, 0.8, 3.9 ],
									"rotationOrigin": [ 0.4, 0.4, 3.9 ],
									"rotationX": 18.0,
									"rotationY": 10.0,
									"faces": {
										"east": { "texture": "#flaxbundle", "uv": [ 14.0, 5.0, 15.0, 1.0 ], "rotation": 270, "autoUv": false, "windMode": [-1,-1,-1,-1] },
										"west": { "texture": "#flaxbundle", "uv": [ 2.5, 3.0, 6.5, 2.0 ], "autoUv": false },
										"up": { "texture": "#flaxbundle", "uv": [ 9.5, 0.5, 8.5, 4.5 ], "autoUv": false, "windMode": [-1,-1,-1,-1] },
										"down": { "texture": "#flaxbundle", "uv": [ 7.0, 1.0, 6.0, 5.0 ], "autoUv": false }
									}
								}
							]
						},
						{
							"name": "Root",
							"from": [ 0.0, 0.0, 6.5 ],
							"to": [ 1.0, 1.0, 9.4 ],
							"rotationOrigin": [ 0.5, 0.5, 6.5 ],
							"rotationX": 16.0,
							"rotationY": 23.0,
							"faces": {
								"east": { "texture": "#flaxbundle", "uv": [ 8.0, 15.0, 10.5, 16.0 ] },
								"south": { "texture": "#flaxbundle", "uv": [ 6.5, 15.0, 7.5, 16.0 ] },
								"west": { "texture": "#flaxbundle", "uv": [ 0.0, 15.0, 2.5, 16.0 ] },
								"up": { "texture": "#flaxbundle", "uv": [ 3.5, 13.5, 4.5, 16.0 ] },
								"down": { "texture": "#flaxbundle", "uv": [ 0.0, 13.5, 1.0, 16.0 ] }
							}
						},
						{
							"name": "Root2",
							"from": [ 0.0, 0.0, 6.5 ],
							"to": [ 1.0, 1.0, 9.5 ],
							"rotationOrigin": [ 0.5, 0.5, 6.5 ],
							"rotationX": -12.0,
							"rotationY": 7.0,
							"faces": {
								"east": { "texture": "#flaxbundle", "uv": [ 3.5, 15.0, 6.5, 16.0 ] },
								"south": { "texture": "#flaxbundle", "uv": [ 6.5, 15.0, 7.5, 16.0 ] },
								"west": { "texture": "#flaxbundle", "uv": [ 10.0, 15.0, 13.0, 16.0 ] },
								"up": { "texture": "#flaxbundle", "uv": [ 6.5, 13.0, 7.5, 16.0 ] },
								"down": { "texture": "#flaxbundle", "uv": [ 13.0, 13.0, 14.0, 16.0 ] }
							}
						},
						{
							"name": "Root3",
							"from": [ 0.0, 0.0, 6.5 ],
							"to": [ 1.0, 1.0, 10.1 ],
							"rotationOrigin": [ 0.5, 0.5, 6.5 ],
							"rotationX": 10.0,
							"rotationY": -14.0,
							"faces": {
								"east": { "texture": "#flaxbundle", "uv": [ 10.5, 15.0, 14.0, 16.0 ] },
								"south": { "texture": "#flaxbundle", "uv": [ 14.0, 15.0, 15.0, 16.0 ] },
								"west": { "texture": "#flaxbundle", "uv": [ 12.0, 15.0, 15.5, 16.0 ] },
								"up": { "texture": "#flaxbundle", "uv": [ 3.5, 12.5, 4.5, 16.0 ] },
								"down": { "texture": "#flaxbundle", "uv": [ 9.0, 12.5, 10.0, 16.0 ] }
							}
						},
						{
							"name": "Root4",
							"from": [ 0.0, 0.0, 6.5 ],
							"to": [ 1.0, 1.0, 9.4 ],
							"rotationOrigin": [ 0.5, 0.5, 6.5 ],
							"rotationX": -16.0,
							"rotationY": -18.0,
							"faces": {
								"east": { "texture": "#flaxbundle", "uv": [ 9.5, 15.0, 12.0, 16.0 ] },
								"south": { "texture": "#flaxbundle", "uv": [ 11.5, 15.0, 12.5, 16.0 ] },
								"west": { "texture": "#flaxbundle", "uv": [ 0.0, 15.0, 2.5, 16.0 ] },
								"up": { "texture": "#flaxbundle", "uv": [ 0.0, 13.5, 1.0, 16.0 ] },
								"down": { "texture": "#flaxbundle", "uv": [ 4.0, 13.5, 5.0, 16.0 ] }
							}
						},
						{
							"name": "Root5",
							"from": [ 0.0, 0.0, 6.5 ],
							"to": [ 1.0, 1.0, 9.9 ],
							"rotationOrigin": [ 0.5, 0.5, 6.5 ],
							"rotationY": 3.0,
							"faces": {
								"east": { "texture": "#flaxbundle", "uv": [ 9.0, 15.0, 12.0, 16.0 ] },
								"south": { "texture": "#flaxbundle", "uv": [ 6.5, 15.0, 7.5, 16.0 ] },
								"west": { "texture": "#flaxbundle", "uv": [ 6.5, 15.0, 9.5, 16.0 ] },
								"up": { "texture": "#flaxbundle", "uv": [ 3.5, 13.0, 4.5, 16.0 ] },
								"down": { "texture": "#flaxbundle", "uv": [ 6.5, 13.0, 7.5, 16.0 ] }
							}
						},
						{
							"name": "Knot",
							"from": [ -0.2, -0.25, 5.8 ],
							"to": [ 1.3, 1.25, 6.5 ],
							"rotationOrigin": [ 0.5, 0.5, 6.15 ],
							"rotationX": 4.0,
							"rotationY": 5.0,
							"rotationZ": 13.0,
							"faces": {
								"north": { "texture": "#string", "uv": [ 6.5, 4.0, 8.5, 6.0 ], "autoUv": false },
								"east": { "texture": "#string", "uv": [ 3.0, 4.0, 4.0, 6.0 ], "autoUv": false },
								"south": { "texture": "#string", "uv": [ 3.0, 3.5, 5.0, 5.5 ], "autoUv": false },
								"west": { "texture": "#string", "uv": [ 2.5, 4.5, 3.5, 6.6 ], "autoUv": false },
								"up": { "texture": "#string", "uv": [ 3.5, 4.5, 5.5, 5.5 ], "autoUv": false },
								"down": { "texture": "#string", "uv": [ 3.0, 3.0, 5.0, 4.0 ], "autoUv": false }
							},
							"children": [
								{
									"name": "KnotEnd",
									"from": [ 0.8, 0.5, 0.5 ],
									"to": [ 1.2, 0.9, 2.0 ],
									"rotationOrigin": [ 0.8, 0.5, 0.5 ],
									"rotationY": 49.0,
									"faces": {
										"east": { "texture": "#string", "uv": [ 11.5, 0.5, 12.0, 2.0 ], "rotation": 90 },
										"south": { "texture": "#string", "uv": [ 6.5, 0.5, 7.0, 1.0 ] },
										"west": { "texture": "#string", "uv": [ 4.5, 0.5, 5.0, 2.0 ], "rotation": 90 },
										"up": { "texture": "#string", "uv": [ 1.5, 0.5, 2.0, 2.0 ] },
										"down": { "texture": "#string", "uv": [ 14.5, 0.5, 15.0, 2.0 ], "rotation": 180 }
									}
								}
							]
						}
					]
				}
			]
		}
	]}