[
    {
        "op": "add",
        "path": "/classbyType",
        "value": {
            "ore-*-hematite-*": "deepveinasbestos.BlockIronOreGen"
        },
        "file": "game:blocktypes/stone/ore-graded.json",
        "side": "Server"
    },
    {
        "op": "add",
        "path": "/1/withBlockCallback",
        "value": true,
        "file": "game:worldgen/deposits/metalore/iron.json",
        "side": "Server"
    },
    {
        "op": "add",
        "path": "/2/withBlockCallback",
        "value": true,
        "file": "game:worldgen/deposits/metalore/iron.json",
        "side": "Server"
    },
    {
        "op": "replace",
        "path": "/1/attributes/thickness",
        "value": {
            "dist": "stronginvexp",
            "avg": 2,
            "var": 0
        },
        "file": "game:worldgen/deposits/metalore/iron.json"
    },
    {
        "op": "add",
        "path": "/1/childDeposits",
        "value": [
            {
                "code": "amosite",
                "triesPerChunk": 0,
                "withOreMap": false,
                "handbookPageCode": "item-ore-amosite",
                "generator": "childdeposit-pointcloud",
                "attributes": {
                    "randomTries": {
                        "avg": 400,
                        "var": 0
                    },
                    "placeblock": { "code": "ore-amosite-{rock}" },
                    "radius": {
                        "dist": "uniform",
                        "avg": 10,
                        "var": 2
                    },
                    "thickness": {
                        "dist": "uniform",
                        "avg": 8,
                        "var": 5
                    }
                }
            }
        ],
        "file": "game:worldgen/deposits/metalore/iron.json"
    },
    {
        "op": "add",
        "path": "/2/childDeposits",
        "value": [
            {
                "code": "amosite",
                "triesPerChunk": 0,
                "withOreMap": false,
                "handbookPageCode": "item-ore-amosite",
                "generator": "childdeposit-pointcloud",
                "attributes": {
                    "randomTries": {
                        "avg": 400,
                        "var": 0
                    },
                    "placeblock": { "code": "ore-amosite-{rock}" },
                    "radius": {
                        "dist": "uniform",
                        "avg": 10,
                        "var": 2
                    },
                    "thickness": {
                        "dist": "invexp",
                        "avg": 8,
                        "var": 3
                    }
                }
            }
        ],
        "file": "game:worldgen/deposits/metalore/iron.json"
    }
]