[
    {
        "op": "add",
        "path": "/variantgroups/0",
        "value": {
            "code": "mix",
            "states": [ "none", "asbestos" ]
        },
        "file": "game:blocktypes/clay/bloomerybase.json",
        "side": "Server"
    },
    {
        "op": "add",
        "path": "/dropsByType",
        "value": {
            "*-none-*": [
                {
                    "type": "item",
                    "code": "burnedbrick-fire",
                    "quantity": {
                        "avg": 6,
                        "var": 2
                    }
                }
            ],
            "*-asbestos-*": [
                {
                    "type": "item",
                    "code": "burnedbrick-asbestos",
                    "quantity": {
                        "avg": 7.5,
                        "var": 0.5
                    }
                }
            ]
        },
        "file": "game:blocktypes/clay/bloomerybase.json",
        "side": "Server"
    },
    {
        "op": "remove",
        "path": "/drops",
        "file": "game:blocktypes/clay/bloomerybase.json",
        "side": "Server"
    }
]