[
    {
        "op": "add",
        "path": "/classbyType",
        "value": {
            "ore-*-hematite-*": "deepveinasbestos.BlockIronOreGen",
            "ore-*-magnetite-*": "deepveinasbestos.BlockIronOreGen"
        },
        "file": "game:blocktypes/stone/ore-graded.json",
        "side": "Server"
    },
    {
        "op": "add",
        "path": "/1/withBlockCallback",
        "value": true,
        "file": "game:worldgen/deposits/metalore/iron.json",
        "side": "Server"
    },
    {
        "op": "add",
        "path": "/2/withBlockCallback",
        "value": true,
        "file": "game:worldgen/deposits/metalore/iron.json",
        "side": "Server"
    },

    {
        "op": "replace",
        "path": "/1/attributes/thickness",
        "value": {
            "dist": "stronginvexp",
            "avg": 2,
            "var": 1.3
        },
        "file": "game:worldgen/deposits/metalore/iron.json",
        "side": "Server"
    },

    {
        "op": "replace",
        "path": "/2/attributes/thickness",
        "value": {
            "dist": "stronginvexp",
            "avg": 2,
            "var": 1.3
        },
        "file": "game:worldgen/deposits/metalore/iron.json",
        "side": "Server"
    }
]