[
    {
        "op": "addeach",
        "path": "/allowedVariants/-",
        "value": [
            "ore-chrysotile-peridotite",
            "ore-chrysotile-slate",
            "ore-chrysotile-conglomerate",
            "ore-chrysotile-claystone",
            "ore-chrysotile-shale"
        ],
        "file": "game:blocktypes/stone/ore-ungraded.json",
        "side": "Server"
    },
    {
        "op": "add",
        "path": "/requiredMiningTierByType/ore-chrysotile-*",
        "value": 2,
        "file": "game:blocktypes/stone/ore-ungraded.json",
        "side": "Server"
    },
    {
        "op": "addeach",
        "path": "/allowedVariants/-",
        "value": [
            "looseores-chrysotile-peridotite-free",
            "looseores-chrysotile-slate-free",
            "looseores-chrysotile-conglomerate-free",
            "looseores-chrysotile-claystone-free",
            "looseores-chrysotile-shale-free"
        ],
        "file": "game:blocktypes/stone/looseores.json"
    },

    { "op": "move", "frompath": "/dropsByType/*", "path": "/temp", "file": "game:blocktypes/stone/looseores.json" },

    {
        "op": "add",
        "path": "/dropsByType/looseores-chrysotile-*",
        "value": [
            {
                "type": "item",
                "code": "ore-chrysotile"
            }
        ],
        "file": "game:blocktypes/stone/looseores.json"
    },


    { "op": "move", "frompath": "/temp", "path": "/dropsByType/*", "file": "game:blocktypes/stone/looseores.json" }
]