[
    {
        "op": "add",
        "path": "/variantgroups/0/states/9",
        "value": "asbestos",
        "file": "game:itemtypes/resource/burnedbrick.json",
        "side": "Server"
    },


    {
        "op": "add",
        "path": "/attributesByType/*-asbestos",
        "value": {
            "beehivekiln": {
                "0": {
                    "type": "item",
                    "code": "burnedbrick-asbestos"
                },
                "1": {
                    "type": "item",
                    "code": "burnedbrick-asbestos"
                },
                "2": {
                    "type": "item",
                    "code": "burnedbrick-asbestos"
                },
                "3": {
                    "type": "item",
                    "code": "burnedbrick-asbestos"
                }
            }
        },
        "file": "game:itemtypes/resource/rawbrick.json",
        "side": "Server"
    },
    {
        "op": "add",
        "path": "/variantgroups/0/states/3",
        "value": "asbestos",
        "file": "game:itemtypes/resource/rawbrick.json",
        "side": "Server"
    }
]