[
    {
        "op": "add",
        "path": "/variants/16",
        "value": {
            "Code": "chrysotile"
        },
        "file": "game:worldproperties/block/ore-ungraded.json"
    },

    {
        "op": "add",
        "path": "/variants/17",
        "value": {
            "Code": "amosite"
        },
        "file": "game:worldproperties/block/ore-ungraded.json"
    },

    {
        "op": "add",
        "path": "/variants/18",
        "value": {
            "Code": "tremolite"
        },
        "file": "game:worldproperties/block/ore-ungraded.json"
    },

    {
        "op": "add",
        "path": "/variants/-",
        "value": {
            "Code": "anthophyllite"
        },
        "file": "game:worldproperties/block/ore-ungraded.json"
    },

    {
        "op": "add",
        "path": "/variants/-",
        "value": {
            "Code": "actinolite"
        },
        "file": "game:worldproperties/block/ore-ungraded.json"
    },

    {
        "op": "add",
        "path": "/variants/-",
        "value": {
            "Code": "crocidolite"
        },
        "file": "game:worldproperties/block/ore-ungraded.json"
    }
]