﻿[
    // Spheniscidae
    {
        "side": "server",
        "file": "spheniscidae:entities/land/spheniscidae",
        "op": "add",
        "path": "/server/behaviors/-",
        "value": {
            "code": "EntityFootprintsBehaviorSync",
            "attributes": {
                "texture": "spheniscidae",
                "stepDistance": 0.4
            }
        }
    },
    {
        "side": "server",
        "file": "spheniscidae:entities/land/spheniscidae",
        "op": "add",
        "path": "/client/behaviors/-",
        "value": {
            "code": "EntityFootprintsBehavior",
            "attributes": {
                "texture": "spheniscidae",
                "stepDistance": 0.4
            }
        }
    }
]