{
	"editor": {
		"allAngles": true,
		"entityTextureMode": true
	},
	"textureWidth": 56,
	"textureHeight": 68,
	"textureSizes": {
		"skin": [56,68]
	},
	"textures": {
	},
	"elements": [
		{
			"name": "Hip point",
			"from": [ 17.0, 13.85, 8.0 ],
			"to": [ 17.0, 13.85, 8.0 ],
			"uv": [ 1.0, 1.0 ],
			"rotationOrigin": [ 17.0, 13.0, 8.0 ],
			"faces": {
			},
			"children": [
				{
					"name": "Hip",
					"from": [ -1.3, -8.4, -3.5 ],
					"to": [ 3.4, -1.9, 3.5 ],
					"unwrapMode": 7,
					"unwrapRotation": 1,
					"uv": [ 1.0, 27.5 ],
					"rotationOrigin": [ 3.0, -3.0, 0.0 ],
					"rotationY": 2.0,
					"rotationZ": -20.0,
					"faces": {
						"north": { "texture": "#skin", "uv": [ 14.5, 27.5, 21.0, 32.0 ], "rotation": 90 },
						"east": { "texture": "#skin", "uv": [ 7.5, 32.0, 14.5, 38.5 ], "windMode": [-1,-1,-1,-1] },
						"south": { "texture": "#skin", "uv": [ 1.0, 27.5, 7.5, 32.0 ], "rotation": 270 },
						"up": { "texture": "#skin", "uv": [ 7.5, 27.5, 14.5, 32.0 ], "rotation": 270 },
						"down": { "texture": "#skin", "uv": [ 21.0, 27.5, 28.0, 32.0 ], "rotation": 90 }
					},
					"children": [
						{
							"name": "Body",
							"from": [ -6.0, -0.2, -0.15 ],
							"to": [ 0.0, 6.5, 7.15 ],
							"unwrapMode": 7,
							"unwrapRotation": 1,
							"autoUnwrap": false,
							"uv": [ 1.0, 9.5 ],
							"rotationOrigin": [ 0.0, 6.5, 3.5 ],
							"rotationZ": 15.0,
							"faces": {
								"north": { "texture": "#skin", "uv": [ 14.5, 21.0, 21.0, 27.0 ], "rotation": 90 },
								"east": { "texture": "#skin", "uv": [ 15.5, 33.0, 22.5, 39.5 ] },
								"south": { "texture": "#skin", "uv": [ 1.0, 21.0, 7.5, 27.0 ], "rotation": 270 },
								"west": { "texture": "#skin", "uv": [ 23.0, 33.0, 30.0, 39.5 ] },
								"up": { "texture": "#skin", "uv": [ 7.5, 21.0, 14.5, 27.0 ], "rotation": 270 },
								"down": { "texture": "#skin", "uv": [ 21.0, 21.0, 28.0, 27.0 ], "rotation": 90 }
							},
							"children": [
								{
									"name": "Body2",
									"from": [ -6.7, 0.2, 0.15 ],
									"to": [ 0.0, 6.7, 7.15 ],
									"unwrapMode": 7,
									"unwrapRotation": 1,
									"autoUnwrap": false,
									"uv": [ 1.5, 4.5 ],
									"rotationOrigin": [ 0.0, 6.7, 3.65 ],
									"rotationY": -4.0,
									"rotationZ": 5.0,
									"faces": {
										"north": { "texture": "#skin", "uv": [ 14.5, 14.0, 21.0, 20.5 ], "rotation": 90 },
										"east": { "texture": "#skin", "uv": [ 15.5, 40.5, 22.5, 47.0 ], "windMode": [-1,-1,-1,-1] },
										"south": { "texture": "#skin", "uv": [ 1.0, 14.0, 7.5, 20.5 ], "rotation": 270 },
										"west": { "texture": "#skin", "uv": [ 23.0, 40.5, 30.0, 47.0 ] },
										"up": { "texture": "#skin", "uv": [ 7.5, 14.0, 14.5, 20.5 ], "rotation": 270 },
										"down": { "texture": "#skin", "uv": [ 21.0, 14.0, 28.0, 20.5 ], "rotation": 90 }
									},
									"children": [
										{
											"name": "Neck1",
											"from": [ -0.5, 1.0, 1.1 ],
											"to": [ 3.0, 6.0, 6.1 ],
											"unwrapMode": 7,
											"unwrapRotation": 1,
											"autoUnwrap": false,
											"uv": [ 3.5, 3.0 ],
											"rotationOrigin": [ 2.6, 5.1, 3.6 ],
											"rotationY": -4.0,
											"rotationZ": -14.0,
											"faces": {
												"north": { "texture": "#skin", "uv": [ 13.5, 10.0, 18.5, 13.5 ], "rotation": 90 },
												"south": { "texture": "#skin", "uv": [ 3.5, 10.0, 8.5, 13.5 ], "rotation": 270 },
												"west": { "texture": "#skin", "uv": [ 24.5, 8.0, 29.5, 13.0 ] },
												"up": { "texture": "#skin", "uv": [ 8.5, 10.0, 13.5, 13.5 ], "rotation": 270 },
												"down": { "texture": "#skin", "uv": [ 18.5, 10.0, 23.5, 13.5 ], "rotation": 90 }
											},
											"children": [
												{
													"name": "Neck2",
													"from": [ -3.5, 0.4, 0.5 ],
													"to": [ 0.5, 4.9, 4.5 ],
													"unwrapMode": 7,
													"unwrapRotation": 1,
													"autoUnwrap": false,
													"uv": [ 4.0, 1.0 ],
													"rotationOrigin": [ 1.3, 4.3, 2.5 ],
													"rotationZ": 9.0,
													"faces": {
														"north": { "texture": "#skin", "uv": [ 13.0, 5.5, 17.5, 9.5 ], "rotation": 90 },
														"east": { "texture": "#skin", "uv": [ 22.5, 3.0, 26.5, 7.5 ] },
														"south": { "texture": "#skin", "uv": [ 4.5, 5.5, 9.0, 9.5 ], "rotation": 270 },
														"west": { "texture": "#skin", "uv": [ 9.0, 1.0, 13.0, 5.5 ], "rotation": 180 },
														"up": { "texture": "#skin", "uv": [ 9.0, 5.5, 13.0, 9.5 ], "rotation": 270 },
														"down": { "texture": "#skin", "uv": [ 17.5, 5.5, 21.5, 9.5 ], "rotation": 90 }
													},
													"children": [
														{
															"name": "Head",
															"from": [ -3.5, 1.6, -0.3 ],
															"to": [ 0.0, 4.6, 4.3 ],
															"unwrapMode": 4,
															"uv": [ 14.0, 48.0 ],
															"rotationOrigin": [ 0.0, 4.6, 2.0 ],
															"rotationZ": 39.0,
															"faces": {
																"north": { "texture": "#skin", "uv": [ 14.0, 51.5, 17.5, 54.5 ] },
																"east": { "texture": "#skin", "uv": [ 25.5, 51.5, 30.0, 54.5 ], "windMode": [-1,-1,-1,-1] },
																"south": { "texture": "#skin", "uv": [ 22.0, 51.5, 25.5, 54.5 ] },
																"west": { "texture": "#skin", "uv": [ 17.5, 51.5, 22.0, 54.5 ], "windMode": [-1,-1,-1,-1] },
																"up": { "texture": "#skin", "uv": [ 17.5, 48.0, 22.0, 51.5 ], "rotation": 90, "windMode": [-1,-1,-1,-1] },
																"down": { "texture": "#skin", "uv": [ 17.5, 54.5, 22.0, 58.0 ], "rotation": 90 }
															},
															"children": [
																{
																	"name": "Face",
																	"from": [ -2.2, 1.2, 1.1 ],
																	"to": [ 0.0, 3.0, 3.5 ],
																	"unwrapMode": 5,
																	"unwrapRotation": 1,
																	"uv": [ 12.0, 55.0 ],
																	"rotationOrigin": [ 0.0, 3.0, 2.3 ],
																	"rotationZ": 12.0,
																	"faces": {
																		"north": { "texture": "#skin", "uv": [ 12.0, 55.0, 13.5, 57.0 ], "rotation": 270 },
																		"south": { "texture": "#skin", "uv": [ 15.5, 55.0, 17.0, 57.0 ], "rotation": 90 },
																		"west": { "texture": "#skin", "uv": [ 13.5, 57.0, 15.5, 58.5 ], "windMode": [-1,-1,-1,-1] },
																		"up": { "texture": "#skin", "uv": [ 13.5, 55.0, 15.5, 57.0 ], "rotation": 90 }
																	},
																	"children": [
																		{
																			"name": "Uppermouth",
																			"from": [ 0.0, 0.0, -0.15 ],
																			"to": [ 3.0, 1.0, 2.55 ],
																			"unwrapMode": 5,
																			"unwrapRotation": 1,
																			"uv": [ 12.5, 59.0 ],
																			"rotationOrigin": [ 0.0, 0.9, -0.15 ],
																			"rotationZ": -20.0,
																			"faces": {
																				"north": { "texture": "#skin", "uv": [ 12.5, 59.0, 13.5, 62.0 ], "rotation": 270 },
																				"south": { "texture": "#skin", "uv": [ 16.0, 59.0, 17.0, 62.0 ], "rotation": 90 },
																				"west": { "texture": "#skin", "uv": [ 13.5, 62.0, 16.0, 63.0 ], "windMode": [-1,-1,-1,-1] },
																				"up": { "texture": "#skin", "uv": [ 13.5, 59.0, 16.0, 62.0 ], "rotation": 90 },
																				"down": { "texture": "#skin", "uv": [ 17.0, 59.0, 19.5, 62.0 ], "rotation": 270 }
																			},
																			"children": [
																				{
																					"name": "Upper teeth",
																					"from": [ 0.3, -0.3, 1.0 ],
																					"to": [ 0.6, 0.3, 1.3 ],
																					"unwrapMode": 7,
																					"unwrapRotation": 1,
																					"uv": [ 26.5, 48.0 ],
																					"rotationOrigin": [ 0.3, 0.45, 1.3 ],
																					"rotationX": -2.0,
																					"rotationZ": 7.0,
																					"faces": {
																						"north": { "texture": "#skin", "uv": [ 27.0, 48.5, 27.5, 49.0 ], "rotation": 90 },
																						"east": { "texture": "#skin", "uv": [ 27.0, 49.0, 27.5, 49.5 ] },
																						"south": { "texture": "#skin", "uv": [ 26.5, 48.5, 27.0, 49.0 ], "rotation": 270 },
																						"west": { "texture": "#skin", "uv": [ 27.0, 48.0, 27.5, 48.5 ], "rotation": 180 },
																						"down": { "texture": "#skin", "uv": [ 27.5, 48.5, 28.0, 49.0 ], "rotation": 90 }
																					}
																				},
																				{
																					"name": "Upper teeth2",
																					"from": [ 0.3, -0.3, 1.4 ],
																					"to": [ 0.6, 0.3, 1.7 ],
																					"unwrapMode": 7,
																					"unwrapRotation": 1,
																					"uv": [ 28.5, 48.0 ],
																					"rotationOrigin": [ 0.3, 0.45, 1.4 ],
																					"rotationX": 2.0,
																					"rotationZ": 7.0,
																					"faces": {
																						"north": { "texture": "#skin", "uv": [ 29.0, 48.5, 29.5, 49.0 ], "rotation": 90 },
																						"east": { "texture": "#skin", "uv": [ 29.0, 49.0, 29.5, 49.5 ] },
																						"south": { "texture": "#skin", "uv": [ 28.5, 48.5, 29.0, 49.0 ], "rotation": 270 },
																						"west": { "texture": "#skin", "uv": [ 29.0, 48.0, 29.5, 48.5 ], "rotation": 180 },
																						"down": { "texture": "#skin", "uv": [ 29.5, 48.5, 30.0, 49.0 ], "rotation": 90 }
																					}
																				},
																				{
																					"name": "RU Molar",
																					"from": [ 1.0, -0.2, 0.6 ],
																					"to": [ 2.0, 0.0, 1.0 ],
																					"unwrapMode": 6,
																					"uv": [ 27.5, 55.0 ],
																					"rotationOrigin": [ 1.0, -0.2, 1.0 ],
																					"rotationY": 10.0,
																					"rotationZ": 5.0,
																					"faces": {
																						"north": { "texture": "#skin", "uv": [ 27.5, 55.0, 28.5, 55.5 ] },
																						"south": { "texture": "#skin", "uv": [ 27.5, 56.0, 28.5, 56.5 ], "rotation": 180 },
																						"west": { "texture": "#skin", "uv": [ 28.5, 55.5, 29.0, 56.0 ], "rotation": 270 },
																						"down": { "texture": "#skin", "uv": [ 27.5, 55.5, 28.5, 56.0 ] }
																					}
																				},
																				{
																					"name": "LU Molar",
																					"from": [ 1.0, -0.2, 1.7 ],
																					"to": [ 2.0, 0.0, 2.1 ],
																					"unwrapMode": 6,
																					"uv": [ 27.5, 56.5 ],
																					"rotationOrigin": [ 1.0, -0.2, 1.7 ],
																					"rotationY": -10.0,
																					"rotationZ": 5.0,
																					"faces": {
																						"north": { "texture": "#skin", "uv": [ 27.5, 56.5, 28.5, 57.0 ] },
																						"south": { "texture": "#skin", "uv": [ 27.5, 57.5, 28.5, 58.0 ], "rotation": 180 },
																						"west": { "texture": "#skin", "uv": [ 28.5, 57.0, 29.0, 57.5 ], "rotation": 270 },
																						"down": { "texture": "#skin", "uv": [ 27.5, 57.0, 28.5, 57.5 ] }
																					}
																				}
																			]
																		},
																		{
																			"name": "Snout",
																			"from": [ -0.1, 0.2, 0.45 ],
																			"to": [ 1.4, 1.7, 1.95 ],
																			"unwrapMode": 5,
																			"unwrapRotation": 1,
																			"uv": [ 7.5, 57.5 ],
																			"rotationOrigin": [ 1.3, 1.7, 0.45 ],
																			"rotationZ": -5.0,
																			"faces": {
																				"north": { "texture": "#skin", "uv": [ 7.5, 57.5, 9.0, 59.0 ], "rotation": 270 },
																				"south": { "texture": "#skin", "uv": [ 10.5, 57.5, 12.0, 59.0 ], "rotation": 90 },
																				"west": { "texture": "#skin", "uv": [ 9.0, 59.0, 10.5, 60.5 ] },
																				"up": { "texture": "#skin", "uv": [ 9.0, 57.5, 10.5, 59.0 ], "rotation": 90 }
																			},
																			"children": [
																				{
																					"name": "Upper nose",
																					"from": [ -0.1, 0.6, 0.225 ],
																					"to": [ 0.9, 1.6, 1.275 ],
																					"unwrapMode": 4,
																					"uv": [ 9.0, 61.5 ],
																					"rotationOrigin": [ -0.1, 0.6, 0.225 ],
																					"rotationZ": -2.0,
																					"faces": {
																						"north": { "texture": "#skin", "uv": [ 9.0, 62.5, 10.0, 63.5 ] },
																						"south": { "texture": "#skin", "uv": [ 11.0, 62.5, 12.0, 63.5 ] },
																						"west": { "texture": "#skin", "uv": [ 10.0, 62.5, 11.0, 63.5 ] },
																						"up": { "texture": "#skin", "uv": [ 10.0, 61.5, 11.0, 62.5 ], "rotation": 90 },
																						"down": { "texture": "#skin", "uv": [ 10.0, 63.5, 11.0, 64.5 ], "rotation": 90 }
																					},
																					"children": [
																						{
																							"name": "Lowernose",
																							"from": [ 0.015, -0.3, 0.2 ],
																							"to": [ 0.315, 0.3, 0.8 ],
																							"uv": [ 9.0, 63.5 ],
																							"rotationOrigin": [ 0.015, 0.0, 0.5 ],
																							"rotationX": 45.0,
																							"faces": {
																								"south": { "texture": "#skin", "uv": [ 9.0, 64.0, 9.5, 64.5 ], "windMode": [-1,-1,-1,-1] },
																								"west": { "texture": "#skin", "uv": [ 9.5, 64.0, 10.0, 64.5 ] },
																								"down": { "texture": "#skin", "uv": [ 9.0, 63.5, 9.5, 64.0 ] }
																							}
																						}
																					]
																				},
																				{
																					"name": "R Whiskers",
																					"from": [ 0.3, -0.3, -3.0 ],
																					"to": [ 0.3, 1.2, 0.0 ],
																					"shade": false,
																					"renderPass": 1,
																					"autoUnwrap": false,
																					"uv": [ 37.5, 37.5 ],
																					"rotationOrigin": [ 0.3, 1.2, 0.0 ],
																					"rotationY": 10.0,
																					"rotationZ": 30.0,
																					"faces": {
																						"east": { "texture": "#skin", "uv": [ 48.5, 36.0, 54.5, 39.0 ], "autoUv": false, "windMode": [-1,-1,-1,-1] }
																					}
																				},
																				{
																					"name": "L Whiskers",
																					"from": [ 0.3, -0.3, 1.5 ],
																					"to": [ 0.3, 1.2, 4.5 ],
																					"shade": false,
																					"renderPass": 1,
																					"autoUnwrap": false,
																					"uv": [ 37.5, 35.5 ],
																					"rotationOrigin": [ 0.3, 1.2, 1.5 ],
																					"rotationY": -10.0,
																					"rotationZ": 30.0,
																					"faces": {
																						"east": { "texture": "#skin", "uv": [ 37.5, 36.0, 43.5, 39.0 ], "autoUv": false, "windMode": [-1,-1,-1,-1] }
																					}
																				}
																			]
																		},
																		{
																			"name": "REye",
																			"from": [ 1.8, 0.9, -0.5 ],
																			"to": [ 2.1, 1.4, 0.0 ],
																			"unwrapMode": 2,
																			"uv": [ 25.0, 48.0 ],
																			"rotationOrigin": [ 1.8, 0.9, 0.0 ],
																			"rotationY": -15.0,
																			"rotationZ": -20.0,
																			"faces": {
																				"north": { "texture": "#skin", "uv": [ 25.0, 48.5, 25.5, 49.0 ] },
																				"west": { "texture": "#skin", "uv": [ 25.5, 48.5, 26.0, 49.0 ] },
																				"up": { "texture": "#skin", "uv": [ 25.0, 48.0, 25.5, 48.5 ], "rotation": 270 }
																			},
																			"children": [
																				{
																					"name": "RCheek",
																					"from": [ -0.5, -1.5, -0.8 ],
																					"to": [ 0.5, 0.0, 0.7 ],
																					"unwrapMode": 4,
																					"uv": [ 12.5, 47.5 ],
																					"rotationOrigin": [ -0.5, -1.5, 0.7 ],
																					"rotationY": -12.0,
																					"faces": {
																						"north": { "texture": "#skin", "uv": [ 12.5, 48.5, 13.5, 50.0 ] },
																						"west": { "texture": "#skin", "uv": [ 13.5, 48.5, 15.0, 50.0 ] },
																						"up": { "texture": "#skin", "uv": [ 13.5, 47.5, 15.0, 48.5 ], "rotation": 90 },
																						"down": { "texture": "#skin", "uv": [ 13.5, 50.0, 15.0, 51.0 ], "rotation": 90 }
																					}
																				},
																				{
																					"name": "RPupil",
																					"from": [ -0.01, 0.15, 0.15 ],
																					"to": [ 0.09, 0.35, 0.35 ],
																					"unwrapMode": 4,
																					"uv": [ 22.5, 49.5 ],
																					"rotationOrigin": [ -0.01, 0.15, 0.15 ],
																					"faces": {
																						"north": { "texture": "#skin", "uv": [ 22.5, 50.0, 23.0, 50.5 ] },
																						"south": { "texture": "#skin", "uv": [ 23.5, 50.0, 24.0, 50.5 ] },
																						"west": { "texture": "#skin", "uv": [ 23.0, 50.0, 23.5, 50.5 ] },
																						"up": { "texture": "#skin", "uv": [ 23.0, 49.5, 23.5, 50.0 ], "rotation": 90 },
																						"down": { "texture": "#skin", "uv": [ 23.0, 50.5, 23.5, 51.0 ], "rotation": 90 }
																					}
																				}
																			]
																		},
																		{
																			"name": "LEye",
																			"from": [ 1.8, 0.9, 2.4 ],
																			"to": [ 2.1, 1.4, 2.9 ],
																			"unwrapMode": 2,
																			"uv": [ 22.5, 48.0 ],
																			"rotationOrigin": [ 1.8, 0.9, 2.4 ],
																			"rotationY": 15.0,
																			"rotationZ": -20.0,
																			"faces": {
																				"south": { "texture": "#skin", "uv": [ 22.5, 48.5, 23.0, 49.0 ] },
																				"west": { "texture": "#skin", "uv": [ 23.0, 48.5, 23.5, 49.0 ] },
																				"up": { "texture": "#skin", "uv": [ 23.0, 48.0, 23.5, 48.5 ], "rotation": 270 }
																			},
																			"children": [
																				{
																					"name": "LCheek",
																					"from": [ -0.5, -1.5, -0.2 ],
																					"to": [ 0.5, 0.0, 1.3 ],
																					"unwrapMode": 2,
																					"uv": [ 9.5, 47.5 ],
																					"rotationOrigin": [ -0.5, -1.5, -0.2 ],
																					"rotationY": 12.0,
																					"faces": {
																						"south": { "texture": "#skin", "uv": [ 9.5, 48.5, 10.5, 50.0 ] },
																						"west": { "texture": "#skin", "uv": [ 10.5, 48.5, 12.0, 50.0 ] },
																						"up": { "texture": "#skin", "uv": [ 10.5, 47.5, 12.0, 48.5 ], "rotation": 270 },
																						"down": { "texture": "#skin", "uv": [ 10.5, 50.0, 12.0, 51.0 ], "rotation": 270 }
																					}
																				},
																				{
																					"name": "LPupil",
																					"from": [ -0.01, 0.15, 0.15 ],
																					"to": [ 0.09, 0.35, 0.35 ],
																					"unwrapMode": 4,
																					"uv": [ 24.5, 49.5 ],
																					"rotationOrigin": [ -0.01, 0.15, 0.15 ],
																					"faces": {
																						"north": { "texture": "#skin", "uv": [ 24.5, 50.0, 25.0, 50.5 ] },
																						"south": { "texture": "#skin", "uv": [ 25.5, 50.0, 26.0, 50.5 ] },
																						"west": { "texture": "#skin", "uv": [ 25.0, 50.0, 25.5, 50.5 ] },
																						"up": { "texture": "#skin", "uv": [ 25.0, 49.5, 25.5, 50.0 ], "rotation": 90 },
																						"down": { "texture": "#skin", "uv": [ 25.0, 50.5, 25.5, 51.0 ], "rotation": 90 }
																					}
																				}
																			]
																		}
																	]
																},
																{
																	"name": "Jaw",
																	"from": [ -0.1, -1.8, 0.2 ],
																	"to": [ 2.9, 1.2, 4.4 ],
																	"unwrapMode": 6,
																	"unwrapRotation": 1,
																	"uv": [ 20.0, 56.0 ],
																	"rotationOrigin": [ 2.8, -0.3, 2.3 ],
																	"rotationZ": -19.0,
																	"faces": {
																		"north": { "texture": "#skin", "uv": [ 20.0, 59.0, 23.0, 62.0 ], "rotation": 90 },
																		"east": { "texture": "#skin", "uv": [ 23.0, 62.0, 27.0, 65.0 ], "rotation": 180, "windMode": [-1,-1,-1,-1] },
																		"south": { "texture": "#skin", "uv": [ 27.0, 59.0, 30.0, 62.0 ], "rotation": 270 },
																		"west": { "texture": "#skin", "uv": [ 23.0, 56.0, 27.0, 59.0 ], "windMode": [-1,-1,-1,-1] },
																		"down": { "texture": "#skin", "uv": [ 23.0, 59.0, 27.0, 62.0 ], "rotation": 90 }
																	},
																	"children": [
																		{
																			"name": "Lowermouth",
																			"from": [ -1.5, 0.3, 1.1 ],
																			"to": [ 0.5, 1.3, 3.1 ],
																			"unwrapMode": 5,
																			"unwrapRotation": 1,
																			"uv": [ 16.5, 62.5 ],
																			"rotationOrigin": [ 0.1, 1.0, 2.1 ],
																			"faces": {
																				"north": { "texture": "#skin", "uv": [ 16.5, 62.5, 17.5, 64.5 ], "rotation": 270 },
																				"south": { "texture": "#skin", "uv": [ 19.5, 62.5, 20.5, 64.5 ], "rotation": 90 },
																				"west": { "texture": "#skin", "uv": [ 17.5, 64.5, 19.5, 65.5 ] },
																				"up": { "texture": "#skin", "uv": [ 17.5, 62.5, 19.5, 64.5 ], "rotation": 90 },
																				"down": { "texture": "#skin", "uv": [ 20.5, 62.5, 22.5, 64.5 ], "rotation": 270 }
																			},
																			"children": [
																				{
																					"name": "Lower teeth",
																					"from": [ 0.3, 0.6, 0.7 ],
																					"to": [ 0.6, 1.3, 1.0 ],
																					"unwrapMode": 2,
																					"uv": [ 26.5, 50.0 ],
																					"rotationOrigin": [ 0.3, 0.6, 1.0 ],
																					"rotationX": 3.0,
																					"rotationZ": 40.0,
																					"faces": {
																						"north": { "texture": "#skin", "uv": [ 27.5, 50.5, 28.0, 51.0 ] },
																						"east": { "texture": "#skin", "uv": [ 27.0, 50.5, 27.5, 51.0 ] },
																						"south": { "texture": "#skin", "uv": [ 26.5, 50.5, 27.0, 51.0 ] },
																						"west": { "texture": "#skin", "uv": [ 28.0, 50.5, 28.5, 51.0 ] },
																						"up": { "texture": "#skin", "uv": [ 27.0, 50.0, 27.5, 50.5 ], "rotation": 270 }
																					}
																				},
																				{
																					"name": "Lower teeth2",
																					"from": [ 0.3, 0.6, 1.0 ],
																					"to": [ 0.6, 1.3, 1.3 ],
																					"unwrapMode": 2,
																					"uv": [ 28.5, 50.0 ],
																					"rotationOrigin": [ 0.3, 0.6, 1.0 ],
																					"rotationX": -3.0,
																					"rotationZ": 40.0,
																					"faces": {
																						"north": { "texture": "#skin", "uv": [ 29.5, 50.5, 30.0, 51.0 ] },
																						"east": { "texture": "#skin", "uv": [ 29.0, 50.5, 29.5, 51.0 ] },
																						"south": { "texture": "#skin", "uv": [ 28.5, 50.5, 29.0, 51.0 ] },
																						"west": { "texture": "#skin", "uv": [ 30.0, 50.5, 30.5, 51.0 ] },
																						"up": { "texture": "#skin", "uv": [ 29.0, 50.0, 29.5, 50.5 ], "rotation": 270 }
																					}
																				},
																				{
																					"name": "R Molar",
																					"from": [ 0.6, 1.0, 0.3 ],
																					"to": [ 1.6, 1.2, 0.7 ],
																					"unwrapMode": 5,
																					"uv": [ 29.0, 55.5 ],
																					"rotationOrigin": [ 0.6, 1.0, 0.7 ],
																					"rotationY": 10.0,
																					"rotationZ": -5.0,
																					"faces": {
																						"north": { "texture": "#skin", "uv": [ 29.5, 55.5, 30.5, 56.0 ], "rotation": 180 },
																						"south": { "texture": "#skin", "uv": [ 29.5, 56.5, 30.5, 57.0 ] },
																						"west": { "texture": "#skin", "uv": [ 29.0, 56.0, 29.5, 56.5 ], "rotation": 270 },
																						"up": { "texture": "#skin", "uv": [ 29.5, 56.0, 30.5, 56.5 ] }
																					}
																				},
																				{
																					"name": "L Molar",
																					"from": [ 0.6, 1.0, 1.3 ],
																					"to": [ 1.6, 1.2, 1.7 ],
																					"unwrapMode": 5,
																					"uv": [ 29.0, 57.0 ],
																					"rotationOrigin": [ 0.6, 1.0, 1.3 ],
																					"rotationY": -10.0,
																					"rotationZ": -5.0,
																					"faces": {
																						"north": { "texture": "#skin", "uv": [ 29.5, 57.0, 30.5, 57.5 ], "rotation": 180 },
																						"south": { "texture": "#skin", "uv": [ 29.5, 58.0, 30.5, 58.5 ] },
																						"west": { "texture": "#skin", "uv": [ 29.0, 57.5, 29.5, 58.0 ], "rotation": 270 },
																						"up": { "texture": "#skin", "uv": [ 29.5, 57.5, 30.5, 58.0 ] }
																					}
																				}
																			]
																		}
																	]
																},
																{
																	"name": "R Earbase",
																	"from": [ 2.3, 2.4, 0.3 ],
																	"to": [ 3.8, 3.4, 0.7 ],
																	"unwrapMode": 3,
																	"uv": [ 2.0, 37.0 ],
																	"rotationOrigin": [ 3.0, 2.4, 0.6 ],
																	"rotationY": 25.5,
																	"rotationZ": -51.0,
																	"faces": {
																		"north": { "texture": "#skin", "uv": [ 4.5, 37.5, 6.0, 38.5 ] },
																		"east": { "texture": "#skin", "uv": [ 4.0, 37.5, 4.5, 38.5 ] },
																		"south": { "texture": "#skin", "uv": [ 2.5, 37.5, 4.0, 38.5 ] },
																		"west": { "texture": "#skin", "uv": [ 2.0, 37.5, 2.5, 38.5 ] },
																		"up": { "texture": "#skin", "uv": [ 2.5, 37.0, 4.0, 37.5 ] }
																	},
																	"children": [
																		{
																			"name": "R Eartip",
																			"from": [ 0.0, 1.0, 0.05 ],
																			"to": [ 0.7, 2.5, 0.35 ],
																			"unwrapMode": 3,
																			"uv": [ 3.5, 34.5 ],
																			"rotationOrigin": [ 0.0, 1.0, 0.05 ],
																			"rotationZ": -25.0,
																			"faces": {
																				"north": { "texture": "#skin", "uv": [ 5.0, 35.0, 5.5, 36.5 ] },
																				"east": { "texture": "#skin", "uv": [ 4.5, 35.0, 5.0, 36.5 ], "windMode": [-1,-1,-1,-1] },
																				"south": { "texture": "#skin", "uv": [ 4.0, 35.0, 4.5, 36.5 ] },
																				"west": { "texture": "#skin", "uv": [ 3.5, 35.0, 4.0, 36.5 ], "windMode": [-1,-1,-1,-1] },
																				"up": { "texture": "#skin", "uv": [ 4.0, 34.5, 4.5, 35.0 ], "windMode": [-1,-1,-1,-1] }
																			}
																		},
																		{
																			"name": "R Eartip2",
																			"from": [ 0.8, 1.0, 0.1 ],
																			"to": [ 1.5, 2.1, 0.3 ],
																			"unwrapMode": 3,
																			"uv": [ 1.5, 35.0 ],
																			"rotationOrigin": [ 1.5, 1.0, 0.1 ],
																			"rotationZ": 12.0,
																			"faces": {
																				"north": { "texture": "#skin", "uv": [ 2.5, 35.5, 3.0, 36.5 ] },
																				"east": { "texture": "#skin", "uv": [ 2.0, 35.5, 2.5, 36.5 ], "windMode": [-1,-1,-1,-1] },
																				"south": { "texture": "#skin", "uv": [ 1.5, 35.5, 2.0, 36.5 ] },
																				"up": { "texture": "#skin", "uv": [ 1.5, 35.0, 2.0, 35.5 ] }
																			}
																		}
																	]
																},
																{
																	"name": "L Earbase",
																	"from": [ 2.1, 2.4, 3.7 ],
																	"to": [ 3.6, 3.4, 4.1 ],
																	"unwrapMode": 1,
																	"uv": [ 10.5, 42.0 ],
																	"rotationOrigin": [ 2.8, 2.4, 4.0 ],
																	"rotationY": -25.5,
																	"rotationZ": -45.0,
																	"faces": {
																		"north": { "texture": "#skin", "uv": [ 11.0, 42.5, 12.5, 43.5 ] },
																		"east": { "texture": "#skin", "uv": [ 10.5, 42.5, 11.0, 43.5 ] },
																		"south": { "texture": "#skin", "uv": [ 13.0, 42.5, 14.5, 43.5 ] },
																		"west": { "texture": "#skin", "uv": [ 12.5, 42.5, 13.0, 43.5 ] },
																		"up": { "texture": "#skin", "uv": [ 11.0, 42.0, 12.5, 42.5 ], "rotation": 180 }
																	},
																	"children": [
																		{
																			"name": "L Eartip",
																			"from": [ 0.0, 1.0, 0.05 ],
																			"to": [ 0.7, 2.5, 0.35 ],
																			"unwrapMode": 1,
																			"uv": [ 12.5, 39.5 ],
																			"rotationOrigin": [ 0.0, 1.0, 0.05 ],
																			"rotationZ": -25.0,
																			"faces": {
																				"north": { "texture": "#skin", "uv": [ 13.0, 40.0, 13.5, 41.5 ] },
																				"east": { "texture": "#skin", "uv": [ 12.5, 40.0, 13.0, 41.5 ], "windMode": [-1,-1,-1,-1] },
																				"south": { "texture": "#skin", "uv": [ 14.0, 40.0, 14.5, 41.5 ] },
																				"west": { "texture": "#skin", "uv": [ 13.5, 40.0, 14.0, 41.5 ], "windMode": [-1,-1,-1,-1] },
																				"up": { "texture": "#skin", "uv": [ 13.0, 39.5, 13.5, 40.0 ], "rotation": 180 }
																			}
																		},
																		{
																			"name": "L Eartip2",
																			"from": [ 0.8, 1.0, 0.1 ],
																			"to": [ 1.5, 2.1, 0.3 ],
																			"unwrapMode": 1,
																			"uv": [ 9.5, 40.0 ],
																			"rotationOrigin": [ 1.5, 1.0, 0.1 ],
																			"rotationZ": 12.0,
																			"faces": {
																				"north": { "texture": "#skin", "uv": [ 10.0, 40.5, 10.5, 41.5 ] },
																				"east": { "texture": "#skin", "uv": [ 9.5, 40.5, 10.0, 41.5 ], "windMode": [-1,-1,-1,-1] },
																				"south": { "texture": "#skin", "uv": [ 11.0, 40.5, 11.5, 41.5 ] },
																				"west": { "texture": "#skin", "uv": [ 10.5, 40.5, 11.0, 41.5 ], "windMode": [-1,-1,-1,-1] },
																				"up": { "texture": "#skin", "uv": [ 10.0, 40.0, 10.5, 40.5 ], "rotation": 180 }
																			}
																		}
																	]
																}
															]
														}
													],
													"attachmentpoints": [
														{
															"code": "rope",
															"posX": "1.0","posY": "0.0","posZ": "1.5",
															"rotationX": "0.0","rotationY": "0.0","rotationZ": "0.0"
														}
													]
												}
											]
										},
										{
											"name": "R Shoulder",
											"from": [ -1.0, 3.9, 0.0 ],
											"to": [ 3.0, 5.9, 2.1 ],
											"unwrapMode": 1,
											"unwrapRotation": 1,
											"uv": [ 42.0, 29.5 ],
											"rotationOrigin": [ 2.7, 5.4, 1.0 ],
											"rotationY": -10.0,
											"rotationZ": 78.0,
											"faces": {
												"north": { "texture": "#skin", "uv": [ 44.0, 31.5, 46.0, 35.5 ], "rotation": 90 },
												"east": { "texture": "#skin", "uv": [ 44.0, 35.5, 46.0, 37.5 ], "rotation": 90 },
												"west": { "texture": "#skin", "uv": [ 44.0, 29.5, 46.0, 31.5 ], "rotation": 90 },
												"up": { "texture": "#skin", "uv": [ 42.0, 31.5, 44.0, 35.5 ], "rotation": 270, "windMode": [-1,-1,-1,-1] },
												"down": { "texture": "#skin", "uv": [ 46.0, 31.5, 48.0, 35.5 ], "rotation": 90 }
											},
											"children": [
												{
													"name": "R Arm",
													"from": [ 0.0, -3.5, -0.15 ],
													"to": [ 3.0, 1.5, 2.25 ],
													"unwrapMode": 1,
													"uv": [ 42.0, 38.0 ],
													"rotationOrigin": [ 0.0, 1.5, 1.05 ],
													"rotationX": 10.0,
													"rotationY": 10.0,
													"rotationZ": -37.0,
													"faces": {
														"north": { "texture": "#skin", "uv": [ 44.0, 40.0, 47.0, 45.0 ] },
														"east": { "texture": "#skin", "uv": [ 42.0, 40.0, 44.0, 45.0 ] },
														"south": { "texture": "#skin", "uv": [ 49.0, 40.0, 52.0, 45.0 ] },
														"west": { "texture": "#skin", "uv": [ 47.0, 40.0, 49.0, 45.0 ] },
														"up": { "texture": "#skin", "uv": [ 44.0, 38.0, 47.0, 40.0 ], "rotation": 180 },
														"down": { "texture": "#skin", "uv": [ 44.0, 45.0, 47.0, 47.0 ] }
													},
													"children": [
														{
															"name": "R Lowerarm",
															"from": [ 0.0, -5.7, 0.15 ],
															"to": [ 2.5, 0.3, 2.25 ],
															"unwrapMode": 1,
															"uv": [ 42.0, 47.5 ],
															"rotationOrigin": [ 2.2, 0.0, 1.2 ],
															"rotationZ": -33.0,
															"faces": {
																"north": { "texture": "#skin", "uv": [ 44.0, 49.5, 46.5, 55.5 ] },
																"east": { "texture": "#skin", "uv": [ 42.0, 49.5, 44.0, 55.5 ] },
																"south": { "texture": "#skin", "uv": [ 48.5, 49.5, 51.0, 55.5 ] },
																"west": { "texture": "#skin", "uv": [ 46.5, 49.5, 48.5, 55.5 ] },
																"up": { "texture": "#skin", "uv": [ 44.0, 47.5, 46.5, 49.5 ], "rotation": 180 },
																"down": { "texture": "#skin", "uv": [ 44.0, 55.5, 46.5, 57.5 ] }
															},
															"children": [
																{
																	"name": "R Wrist",
																	"from": [ 0.0, -0.8, 0.3 ],
																	"to": [ 2.0, 0.7, 1.8 ],
																	"unwrapMode": 1,
																	"uv": [ 42.5, 58.0 ],
																	"rotationOrigin": [ 0.7, 0.6, 1.05 ],
																	"rotationX": 5.0,
																	"rotationZ": -12.0,
																	"faces": {
																		"north": { "texture": "#skin", "uv": [ 44.0, 58.0, 46.0, 59.5 ] },
																		"east": { "texture": "#skin", "uv": [ 42.5, 58.0, 44.0, 59.5 ] },
																		"south": { "texture": "#skin", "uv": [ 47.5, 58.0, 49.5, 59.5 ] },
																		"west": { "texture": "#skin", "uv": [ 46.0, 58.0, 47.5, 59.5 ] }
																	},
																	"children": [
																		{
																			"name": "R Hand",
																			"from": [ 1.2, -1.2, -0.4 ],
																			"to": [ 2.0, 1.5, 1.8 ],
																			"unwrapMode": 2,
																			"unwrapRotation": 1,
																			"uv": [ 43.0, 60.0 ],
																			"rotationOrigin": [ 1.2, 0.6, 0.7 ],
																			"rotationZ": -83.0,
																			"faces": {
																				"north": { "texture": "#skin", "uv": [ 43.5, 60.0, 46.0, 60.5 ], "rotation": 90 },
																				"east": { "texture": "#skin", "uv": [ 43.5, 60.5, 46.0, 62.5 ], "rotation": 90 },
																				"south": { "texture": "#skin", "uv": [ 43.5, 62.5, 46.0, 63.0 ], "rotation": 90 },
																				"west": { "texture": "#skin", "uv": [ 46.5, 60.5, 49.0, 62.5 ], "rotation": 270 },
																				"up": { "texture": "#skin", "uv": [ 43.0, 60.5, 43.5, 62.5 ] },
																				"down": { "texture": "#skin", "uv": [ 46.0, 60.5, 46.5, 62.5 ] }
																			},
																			"children": [
																				{
																					"name": "R finger 1",
																					"from": [ 0.075, -0.15, 0.0 ],
																					"to": [ 0.675, 0.75, 0.45 ],
																					"unwrapMode": 4,
																					"uv": [ 48.0, 46.0 ],
																					"rotationOrigin": [ 0.075, 0.75, 0.15 ],
																					"rotationX": 22.5,
																					"rotationZ": 15.0,
																					"faces": {
																						"north": { "texture": "#skin", "uv": [ 48.0, 46.0, 48.5, 46.5 ] },
																						"east": { "texture": "#skin", "uv": [ 49.5, 46.0, 50.0, 46.5 ] },
																						"south": { "texture": "#skin", "uv": [ 49.0, 46.0, 49.5, 46.5 ] },
																						"west": { "texture": "#skin", "uv": [ 48.5, 46.0, 49.0, 46.5 ] },
																						"down": { "texture": "#skin", "uv": [ 48.5, 46.5, 49.0, 47.0 ], "rotation": 90 }
																					},
																					"children": [
																						{
																							"name": "R finger claw 1",
																							"from": [ 0.0, -0.4, 0.075 ],
																							"to": [ 0.3, 0.0, 0.375 ],
																							"unwrapMode": 4,
																							"uv": [ 50.0, 10.0 ],
																							"rotationOrigin": [ 0.0, 0.0, 0.225 ],
																							"rotationZ": 5.0,
																							"faces": {
																								"north": { "texture": "#skin", "uv": [ 50.0, 10.0, 50.5, 10.5 ] },
																								"east": { "texture": "#skin", "uv": [ 51.5, 10.0, 52.0, 10.5 ] },
																								"south": { "texture": "#skin", "uv": [ 51.0, 10.0, 51.5, 10.5 ] },
																								"west": { "texture": "#skin", "uv": [ 50.5, 10.0, 51.0, 10.5 ] },
																								"down": { "texture": "#skin", "uv": [ 50.5, 10.5, 51.0, 11.0 ], "rotation": 90 }
																							}
																						}
																					]
																				},
																				{
																					"name": "R finger 2",
																					"from": [ 0.225, -0.75, 0.3 ],
																					"to": [ 0.675, 0.15, 0.9 ],
																					"unwrapMode": 4,
																					"uv": [ 50.5, 46.0 ],
																					"rotationOrigin": [ 0.225, 0.15, 0.6 ],
																					"rotationX": 12.5,
																					"rotationZ": 10.0,
																					"faces": {
																						"north": { "texture": "#skin", "uv": [ 50.5, 46.0, 51.0, 46.5 ] },
																						"east": { "texture": "#skin", "uv": [ 52.0, 46.0, 52.5, 46.5 ] },
																						"south": { "texture": "#skin", "uv": [ 51.5, 46.0, 52.0, 46.5 ] },
																						"west": { "texture": "#skin", "uv": [ 51.0, 46.0, 51.5, 46.5 ] },
																						"down": { "texture": "#skin", "uv": [ 51.0, 46.5, 51.5, 47.0 ], "rotation": 90 }
																					},
																					"children": [
																						{
																							"name": "R finger claw 2",
																							"from": [ 0.0, -0.4, 0.15 ],
																							"to": [ 0.3, 0.0, 0.45 ],
																							"unwrapMode": 4,
																							"uv": [ 50.0, 10.5 ],
																							"rotationOrigin": [ 0.0, 0.0, 0.3 ],
																							"rotationZ": 5.0,
																							"faces": {
																								"north": { "texture": "#skin", "uv": [ 50.0, 10.5, 50.5, 11.0 ] },
																								"east": { "texture": "#skin", "uv": [ 51.5, 10.5, 52.0, 11.0 ] },
																								"south": { "texture": "#skin", "uv": [ 51.0, 10.5, 51.5, 11.0 ] },
																								"west": { "texture": "#skin", "uv": [ 50.5, 10.5, 51.0, 11.0 ] },
																								"down": { "texture": "#skin", "uv": [ 50.5, 11.0, 51.0, 11.5 ], "rotation": 90 }
																							}
																						}
																					]
																				},
																				{
																					"name": "R finger 3",
																					"from": [ 0.225, -1.05, 0.9 ],
																					"to": [ 0.675, 0.45, 1.5 ],
																					"unwrapMode": 4,
																					"uv": [ 50.0, 56.5 ],
																					"rotationOrigin": [ 0.225, 0.15, 1.2 ],
																					"rotationZ": 5.0,
																					"faces": {
																						"north": { "texture": "#skin", "uv": [ 50.0, 56.5, 50.5, 58.0 ] },
																						"east": { "texture": "#skin", "uv": [ 51.5, 56.5, 52.0, 58.0 ] },
																						"south": { "texture": "#skin", "uv": [ 51.0, 56.5, 51.5, 58.0 ] },
																						"west": { "texture": "#skin", "uv": [ 50.5, 56.5, 51.0, 58.0 ] },
																						"down": { "texture": "#skin", "uv": [ 50.5, 58.0, 51.0, 58.5 ], "rotation": 90 }
																					},
																					"children": [
																						{
																							"name": "R finger claw 3",
																							"from": [ 0.0, -0.5, 0.15 ],
																							"to": [ 0.3, 0.0, 0.45 ],
																							"unwrapMode": 4,
																							"uv": [ 50.0, 11.0 ],
																							"rotationOrigin": [ 0.0, 0.0, 0.3 ],
																							"rotationZ": 5.0,
																							"faces": {
																								"north": { "texture": "#skin", "uv": [ 50.0, 11.0, 50.5, 11.5 ] },
																								"east": { "texture": "#skin", "uv": [ 51.5, 11.0, 52.0, 11.5 ] },
																								"south": { "texture": "#skin", "uv": [ 51.0, 11.0, 51.5, 11.5 ] },
																								"west": { "texture": "#skin", "uv": [ 50.5, 11.0, 51.0, 11.5 ] },
																								"down": { "texture": "#skin", "uv": [ 50.5, 11.5, 51.0, 12.0 ], "rotation": 90 }
																							}
																						}
																					]
																				},
																				{
																					"name": "R finger 4",
																					"from": [ 0.225, -1.05, 1.65 ],
																					"to": [ 0.675, 0.45, 2.25 ],
																					"unwrapMode": 4,
																					"uv": [ 50.0, 59.0 ],
																					"rotationOrigin": [ 0.225, 0.15, 1.95 ],
																					"rotationX": -5.0,
																					"rotationZ": 5.0,
																					"faces": {
																						"north": { "texture": "#skin", "uv": [ 50.0, 59.0, 50.5, 60.5 ] },
																						"east": { "texture": "#skin", "uv": [ 51.5, 59.0, 52.0, 60.5 ] },
																						"south": { "texture": "#skin", "uv": [ 51.0, 59.0, 51.5, 60.5 ] },
																						"west": { "texture": "#skin", "uv": [ 50.5, 59.0, 51.0, 60.5 ] },
																						"down": { "texture": "#skin", "uv": [ 50.5, 60.5, 51.0, 61.0 ], "rotation": 90 }
																					},
																					"children": [
																						{
																							"name": "R finger claw 4",
																							"from": [ 0.0, -0.5, 0.15 ],
																							"to": [ 0.3, 0.0, 0.45 ],
																							"unwrapMode": 4,
																							"uv": [ 50.0, 11.5 ],
																							"rotationOrigin": [ 0.0, 0.0, 0.3 ],
																							"rotationZ": 5.0,
																							"faces": {
																								"north": { "texture": "#skin", "uv": [ 50.0, 11.5, 50.5, 12.0 ] },
																								"east": { "texture": "#skin", "uv": [ 51.5, 11.5, 52.0, 12.0 ] },
																								"south": { "texture": "#skin", "uv": [ 51.0, 11.5, 51.5, 12.0 ] },
																								"west": { "texture": "#skin", "uv": [ 50.5, 11.5, 51.0, 12.0 ] },
																								"down": { "texture": "#skin", "uv": [ 50.5, 12.0, 51.0, 12.5 ], "rotation": 90 }
																							}
																						}
																					]
																				},
																				{
																					"name": "R finger 5",
																					"from": [ 0.075, -0.15, 1.95 ],
																					"to": [ 0.675, 0.85, 2.4 ],
																					"unwrapMode": 4,
																					"uv": [ 50.0, 61.5 ],
																					"rotationOrigin": [ 0.075, 0.75, 2.1 ],
																					"rotationX": -28.0,
																					"rotationZ": -15.0,
																					"faces": {
																						"north": { "texture": "#skin", "uv": [ 50.0, 61.5, 50.5, 62.5 ] },
																						"east": { "texture": "#skin", "uv": [ 51.5, 61.5, 52.0, 62.5 ] },
																						"south": { "texture": "#skin", "uv": [ 51.0, 61.5, 51.5, 62.5 ] },
																						"west": { "texture": "#skin", "uv": [ 50.5, 61.5, 51.0, 62.5 ] },
																						"down": { "texture": "#skin", "uv": [ 50.5, 62.5, 51.0, 63.0 ], "rotation": 90 }
																					},
																					"children": [
																						{
																							"name": "R finger claw 5",
																							"from": [ 0.0, -1.0, 0.075 ],
																							"to": [ 0.5, 0.0, 0.375 ],
																							"unwrapMode": 4,
																							"uv": [ 50.0, 12.0 ],
																							"rotationOrigin": [ 0.0, 0.0, 0.225 ],
																							"rotationZ": 35.0,
																							"faces": {
																								"north": { "texture": "#skin", "uv": [ 50.0, 12.0, 50.5, 13.0 ] },
																								"east": { "texture": "#skin", "uv": [ 51.5, 12.0, 52.0, 13.0 ] },
																								"south": { "texture": "#skin", "uv": [ 51.0, 12.0, 51.5, 13.0 ] },
																								"west": { "texture": "#skin", "uv": [ 50.5, 12.0, 51.0, 13.0 ] },
																								"down": { "texture": "#skin", "uv": [ 50.5, 13.0, 51.0, 13.5 ], "rotation": 90 }
																							}
																						}
																					]
																				}
																			]
																		}
																	]
																}
															]
														}
													]
												}
											]
										},
										{
											"name": "L Shoulder",
											"from": [ -3.0, 3.9, 5.0 ],
											"to": [ 1.0, 5.9, 7.1 ],
											"unwrapMode": 3,
											"unwrapRotation": 1,
											"uv": [ 31.0, 29.5 ],
											"rotationOrigin": [ 2.7, 5.4, 6.0 ],
											"rotationY": 10.0,
											"rotationZ": 50.0,
											"faces": {
												"east": { "texture": "#skin", "uv": [ 33.0, 29.5, 35.0, 31.5 ], "rotation": 90 },
												"south": { "texture": "#skin", "uv": [ 33.0, 31.5, 35.0, 35.5 ], "rotation": 90 },
												"west": { "texture": "#skin", "uv": [ 33.0, 35.5, 35.0, 37.5 ], "rotation": 90 },
												"up": { "texture": "#skin", "uv": [ 31.0, 31.5, 33.0, 35.5 ], "rotation": 90, "windMode": [-1,-1,-1,-1] },
												"down": { "texture": "#skin", "uv": [ 35.0, 31.5, 37.0, 35.5 ], "rotation": 270 }
											},
											"children": [
												{
													"name": "L Arm",
													"from": [ 0.0, -3.5, -0.15 ],
													"to": [ 3.0, 1.5, 2.25 ],
													"unwrapMode": 3,
													"uv": [ 31.0, 38.0 ],
													"rotationOrigin": [ 0.0, 1.5, 1.05 ],
													"rotationX": -10.0,
													"rotationY": -10.0,
													"rotationZ": -32.0,
													"faces": {
														"north": { "texture": "#skin", "uv": [ 38.0, 40.0, 41.0, 45.0 ] },
														"east": { "texture": "#skin", "uv": [ 36.0, 40.0, 38.0, 45.0 ] },
														"south": { "texture": "#skin", "uv": [ 33.0, 40.0, 36.0, 45.0 ] },
														"west": { "texture": "#skin", "uv": [ 31.0, 40.0, 33.0, 45.0 ] },
														"up": { "texture": "#skin", "uv": [ 33.0, 38.0, 36.0, 40.0 ] },
														"down": { "texture": "#skin", "uv": [ 33.0, 45.0, 36.0, 47.0 ], "rotation": 180 }
													},
													"children": [
														{
															"name": "L Lowerarm",
															"from": [ 0.0, -5.7, 0.15 ],
															"to": [ 2.5, 0.3, 2.25 ],
															"unwrapMode": 3,
															"uv": [ 31.0, 47.5 ],
															"rotationOrigin": [ 2.2, 0.0, 1.2 ],
															"rotationZ": -63.0,
															"faces": {
																"north": { "texture": "#skin", "uv": [ 37.5, 49.5, 40.0, 55.5 ] },
																"east": { "texture": "#skin", "uv": [ 35.5, 49.5, 37.5, 55.5 ] },
																"south": { "texture": "#skin", "uv": [ 33.0, 49.5, 35.5, 55.5 ] },
																"west": { "texture": "#skin", "uv": [ 31.0, 49.5, 33.0, 55.5 ] },
																"up": { "texture": "#skin", "uv": [ 33.0, 47.5, 35.5, 49.5 ] },
																"down": { "texture": "#skin", "uv": [ 33.0, 55.5, 35.5, 57.5 ], "rotation": 180 }
															},
															"children": [
																{
																	"name": "L Wrist",
																	"from": [ 0.0, -0.8, 0.3 ],
																	"to": [ 2.0, 0.7, 1.8 ],
																	"unwrapMode": 3,
																	"uv": [ 31.5, 58.0 ],
																	"rotationOrigin": [ 0.7, 0.6, 1.05 ],
																	"rotationZ": 27.0,
																	"faces": {
																		"north": { "texture": "#skin", "uv": [ 36.5, 58.0, 38.5, 59.5 ] },
																		"east": { "texture": "#skin", "uv": [ 35.0, 58.0, 36.5, 59.5 ] },
																		"south": { "texture": "#skin", "uv": [ 33.0, 58.0, 35.0, 59.5 ] },
																		"west": { "texture": "#skin", "uv": [ 31.5, 58.0, 33.0, 59.5 ] }
																	},
																	"children": [
																		{
																			"name": "L Hand",
																			"from": [ 1.2, -1.2, -0.4 ],
																			"to": [ 2.0, 1.5, 1.8 ],
																			"unwrapMode": 2,
																			"unwrapRotation": 1,
																			"uv": [ 32.0, 60.0 ],
																			"rotationOrigin": [ 1.2, 0.6, 0.7 ],
																			"rotationZ": -71.0,
																			"faces": {
																				"north": { "texture": "#skin", "uv": [ 32.5, 60.0, 35.0, 60.5 ], "rotation": 90 },
																				"east": { "texture": "#skin", "uv": [ 32.5, 60.5, 35.0, 62.5 ], "rotation": 90 },
																				"south": { "texture": "#skin", "uv": [ 32.5, 62.5, 35.0, 63.0 ], "rotation": 90 },
																				"west": { "texture": "#skin", "uv": [ 35.5, 60.5, 38.0, 62.5 ], "rotation": 270 },
																				"up": { "texture": "#skin", "uv": [ 32.0, 60.5, 32.5, 62.5 ] },
																				"down": { "texture": "#skin", "uv": [ 35.0, 60.5, 35.5, 62.5 ] }
																			},
																			"children": [
																				{
																					"name": "L finger 1",
																					"from": [ 0.075, -0.15, 1.8 ],
																					"to": [ 0.675, 0.75, 2.25 ],
																					"unwrapMode": 4,
																					"uv": [ 37.0, 46.0 ],
																					"rotationOrigin": [ 0.075, 0.75, 1.95 ],
																					"rotationX": -22.5,
																					"rotationZ": 15.0,
																					"faces": {
																						"north": { "texture": "#skin", "uv": [ 37.0, 46.0, 37.5, 46.5 ] },
																						"east": { "texture": "#skin", "uv": [ 38.5, 46.0, 39.0, 46.5 ] },
																						"south": { "texture": "#skin", "uv": [ 38.0, 46.0, 38.5, 46.5 ] },
																						"west": { "texture": "#skin", "uv": [ 37.5, 46.0, 38.0, 46.5 ] },
																						"down": { "texture": "#skin", "uv": [ 37.5, 46.5, 38.0, 47.0 ], "rotation": 90 }
																					},
																					"children": [
																						{
																							"name": "L finger claw 1",
																							"from": [ 0.0, -0.4, 0.075 ],
																							"to": [ 0.3, 0.0, 0.375 ],
																							"unwrapMode": 4,
																							"uv": [ 37.0, 10.0 ],
																							"rotationOrigin": [ 0.0, 0.0, 0.225 ],
																							"rotationZ": 5.0,
																							"faces": {
																								"north": { "texture": "#skin", "uv": [ 37.0, 10.0, 37.5, 10.5 ] },
																								"east": { "texture": "#skin", "uv": [ 38.5, 10.0, 39.0, 10.5 ] },
																								"south": { "texture": "#skin", "uv": [ 38.0, 10.0, 38.5, 10.5 ] },
																								"west": { "texture": "#skin", "uv": [ 37.5, 10.0, 38.0, 10.5 ] },
																								"down": { "texture": "#skin", "uv": [ 37.5, 10.5, 38.0, 11.0 ], "rotation": 90 }
																							}
																						}
																					]
																				},
																				{
																					"name": "L finger 2",
																					"from": [ 0.225, -0.75, 1.35 ],
																					"to": [ 0.675, 0.15, 1.95 ],
																					"unwrapMode": 4,
																					"uv": [ 39.5, 46.0 ],
																					"rotationOrigin": [ 0.225, 0.15, 1.65 ],
																					"rotationX": -12.5,
																					"rotationZ": 10.0,
																					"faces": {
																						"north": { "texture": "#skin", "uv": [ 39.5, 46.0, 40.0, 46.5 ] },
																						"east": { "texture": "#skin", "uv": [ 41.0, 46.0, 41.5, 46.5 ] },
																						"south": { "texture": "#skin", "uv": [ 40.5, 46.0, 41.0, 46.5 ] },
																						"west": { "texture": "#skin", "uv": [ 40.0, 46.0, 40.5, 46.5 ] },
																						"down": { "texture": "#skin", "uv": [ 40.0, 46.5, 40.5, 47.0 ], "rotation": 90 }
																					},
																					"children": [
																						{
																							"name": "L finger claw 2",
																							"from": [ 0.0, -0.4, 0.15 ],
																							"to": [ 0.3, 0.0, 0.45 ],
																							"unwrapMode": 4,
																							"uv": [ 37.0, 10.5 ],
																							"rotationOrigin": [ 0.0, 0.0, 0.3 ],
																							"rotationZ": 5.0,
																							"faces": {
																								"north": { "texture": "#skin", "uv": [ 37.0, 10.5, 37.5, 11.0 ] },
																								"east": { "texture": "#skin", "uv": [ 38.5, 10.5, 39.0, 11.0 ] },
																								"south": { "texture": "#skin", "uv": [ 38.0, 10.5, 38.5, 11.0 ] },
																								"west": { "texture": "#skin", "uv": [ 37.5, 10.5, 38.0, 11.0 ] },
																								"down": { "texture": "#skin", "uv": [ 37.5, 11.0, 38.0, 11.5 ], "rotation": 90 }
																							}
																						}
																					]
																				},
																				{
																					"name": "L finger 3",
																					"from": [ 0.225, -1.05, 0.75 ],
																					"to": [ 0.675, 0.45, 1.35 ],
																					"unwrapMode": 4,
																					"uv": [ 39.0, 56.5 ],
																					"rotationOrigin": [ 0.225, 0.15, 1.05 ],
																					"rotationZ": 5.0,
																					"faces": {
																						"north": { "texture": "#skin", "uv": [ 39.0, 56.5, 39.5, 58.0 ] },
																						"east": { "texture": "#skin", "uv": [ 40.5, 56.5, 41.0, 58.0 ] },
																						"south": { "texture": "#skin", "uv": [ 40.0, 56.5, 40.5, 58.0 ] },
																						"west": { "texture": "#skin", "uv": [ 39.5, 56.5, 40.0, 58.0 ] },
																						"down": { "texture": "#skin", "uv": [ 39.5, 58.0, 40.0, 58.5 ], "rotation": 90 }
																					},
																					"children": [
																						{
																							"name": "L finger claw 3",
																							"from": [ 0.0, -0.5, 0.15 ],
																							"to": [ 0.3, 0.0, 0.45 ],
																							"unwrapMode": 4,
																							"uv": [ 37.0, 11.0 ],
																							"rotationOrigin": [ 0.0, 0.0, 0.3 ],
																							"rotationZ": 5.0,
																							"faces": {
																								"north": { "texture": "#skin", "uv": [ 37.0, 11.0, 37.5, 11.5 ] },
																								"east": { "texture": "#skin", "uv": [ 38.5, 11.0, 39.0, 11.5 ] },
																								"south": { "texture": "#skin", "uv": [ 38.0, 11.0, 38.5, 11.5 ] },
																								"west": { "texture": "#skin", "uv": [ 37.5, 11.0, 38.0, 11.5 ] },
																								"down": { "texture": "#skin", "uv": [ 37.5, 11.5, 38.0, 12.0 ], "rotation": 90 }
																							}
																						}
																					]
																				},
																				{
																					"name": "L finger 4",
																					"from": [ 0.225, -1.05, 0.0 ],
																					"to": [ 0.675, 0.45, 0.6 ],
																					"unwrapMode": 4,
																					"uv": [ 39.0, 59.0 ],
																					"rotationOrigin": [ 0.225, 0.15, 0.3 ],
																					"rotationX": 5.0,
																					"rotationZ": 5.0,
																					"faces": {
																						"north": { "texture": "#skin", "uv": [ 39.0, 59.0, 39.5, 60.5 ] },
																						"east": { "texture": "#skin", "uv": [ 40.5, 59.0, 41.0, 60.5 ] },
																						"south": { "texture": "#skin", "uv": [ 40.0, 59.0, 40.5, 60.5 ] },
																						"west": { "texture": "#skin", "uv": [ 39.5, 59.0, 40.0, 60.5 ] },
																						"down": { "texture": "#skin", "uv": [ 39.5, 60.5, 40.0, 61.0 ], "rotation": 90 }
																					},
																					"children": [
																						{
																							"name": "L finger claw 4",
																							"from": [ 0.0, -0.5, 0.15 ],
																							"to": [ 0.3, 0.0, 0.45 ],
																							"unwrapMode": 4,
																							"uv": [ 37.0, 11.5 ],
																							"rotationOrigin": [ 0.0, 0.0, 0.3 ],
																							"rotationZ": 5.0,
																							"faces": {
																								"north": { "texture": "#skin", "uv": [ 37.0, 11.5, 37.5, 12.0 ] },
																								"east": { "texture": "#skin", "uv": [ 38.5, 11.5, 39.0, 12.0 ] },
																								"south": { "texture": "#skin", "uv": [ 38.0, 11.5, 38.5, 12.0 ] },
																								"west": { "texture": "#skin", "uv": [ 37.5, 11.5, 38.0, 12.0 ] },
																								"down": { "texture": "#skin", "uv": [ 37.5, 12.0, 38.0, 12.5 ], "rotation": 90 }
																							}
																						}
																					]
																				},
																				{
																					"name": "L finger 5",
																					"from": [ 0.075, -0.15, -0.15 ],
																					"to": [ 0.675, 0.85, 0.3 ],
																					"unwrapMode": 4,
																					"uv": [ 39.0, 61.5 ],
																					"rotationOrigin": [ 0.075, 0.75, 0.0 ],
																					"rotationX": 28.0,
																					"rotationZ": -15.0,
																					"faces": {
																						"north": { "texture": "#skin", "uv": [ 39.0, 61.5, 39.5, 62.5 ] },
																						"east": { "texture": "#skin", "uv": [ 40.5, 61.5, 41.0, 62.5 ] },
																						"south": { "texture": "#skin", "uv": [ 40.0, 61.5, 40.5, 62.5 ] },
																						"west": { "texture": "#skin", "uv": [ 39.5, 61.5, 40.0, 62.5 ] },
																						"down": { "texture": "#skin", "uv": [ 39.5, 62.5, 40.0, 63.0 ], "rotation": 90 }
																					},
																					"children": [
																						{
																							"name": "L finger claw 5",
																							"from": [ 0.0, -1.0, 0.075 ],
																							"to": [ 0.5, 0.0, 0.375 ],
																							"unwrapMode": 4,
																							"uv": [ 37.0, 12.0 ],
																							"rotationOrigin": [ 0.0, 0.0, 0.225 ],
																							"rotationZ": 35.0,
																							"faces": {
																								"north": { "texture": "#skin", "uv": [ 37.0, 12.0, 37.5, 13.0 ] },
																								"east": { "texture": "#skin", "uv": [ 38.5, 12.0, 39.0, 13.0 ] },
																								"south": { "texture": "#skin", "uv": [ 38.0, 12.0, 38.5, 13.0 ] },
																								"west": { "texture": "#skin", "uv": [ 37.5, 12.0, 38.0, 13.0 ] },
																								"down": { "texture": "#skin", "uv": [ 37.5, 13.0, 38.0, 13.5 ], "rotation": 90 }
																							}
																						}
																					]
																				}
																			]
																		}
																	]
																}
															]
														}
													]
												}
											]
										}
									]
								}
							]
						},
						{
							"name": "Tail1",
							"from": [ 4.5, 4.3, 2.45 ],
							"to": [ 6.5, 6.3, 4.55 ],
							"unwrapMode": 7,
							"unwrapRotation": 1,
							"uv": [ 1.0, 39.5 ],
							"rotationOrigin": [ 4.7, 6.2, 3.5 ],
							"rotationY": -5.0,
							"rotationZ": -15.0,
							"faces": {
								"north": { "texture": "#skin", "uv": [ 5.0, 39.5, 7.0, 41.5 ], "rotation": 90 },
								"east": { "texture": "#skin", "uv": [ 3.0, 41.5, 5.0, 43.5 ], "windMode": [-1,-1,-1,-1] },
								"south": { "texture": "#skin", "uv": [ 1.0, 39.5, 3.0, 41.5 ], "rotation": 270 },
								"up": { "texture": "#skin", "uv": [ 3.0, 39.5, 5.0, 41.5 ], "rotation": 270 },
								"down": { "texture": "#skin", "uv": [ 7.0, 39.5, 9.0, 41.5 ], "rotation": 90 }
							},
							"children": [
								{
									"name": "Tail2",
									"from": [ 1.8, -0.1, 0.05 ],
									"to": [ 3.8, 1.9, 2.05 ],
									"unwrapMode": 7,
									"unwrapRotation": 1,
									"uv": [ 3.5, 42.0 ],
									"rotationOrigin": [ 2.0, 1.5, 1.05 ],
									"rotationY": -5.0,
									"rotationZ": -4.0,
									"faces": {
										"north": { "texture": "#skin", "uv": [ 7.5, 44.0, 9.5, 46.0 ], "rotation": 90 },
										"east": { "texture": "#skin", "uv": [ 5.5, 46.0, 7.5, 48.0 ], "windMode": [-1,-1,-1,-1] },
										"south": { "texture": "#skin", "uv": [ 3.5, 44.0, 5.5, 46.0 ], "rotation": 270 },
										"west": { "texture": "#skin", "uv": [ 5.5, 42.0, 7.5, 44.0 ], "rotation": 180, "windMode": [-1,-1,-1,-1] },
										"up": { "texture": "#skin", "uv": [ 5.5, 44.0, 7.5, 46.0 ], "rotation": 270 },
										"down": { "texture": "#skin", "uv": [ 9.5, 44.0, 11.5, 46.0 ], "rotation": 90 }
									},
									"children": [
										{
											"name": "Tail3",
											"from": [ 1.8, 0.1, 0.1 ],
											"to": [ 4.8, 1.9, 1.9 ],
											"unwrapMode": 7,
											"unwrapRotation": 1,
											"uv": [ 2.0, 47.0 ],
											"rotationOrigin": [ 2.0, 1.7, 1.0 ],
											"rotationZ": -2.0,
											"faces": {
												"north": { "texture": "#skin", "uv": [ 5.0, 48.5, 6.5, 51.5 ], "rotation": 90 },
												"east": { "texture": "#skin", "uv": [ 3.5, 51.5, 5.0, 53.0 ], "windMode": [-1,-1,-1,-1] },
												"south": { "texture": "#skin", "uv": [ 2.0, 48.5, 3.5, 51.5 ], "rotation": 270 },
												"west": { "texture": "#skin", "uv": [ 3.5, 47.0, 5.0, 48.5 ], "rotation": 180, "windMode": [-1,-1,-1,-1] },
												"up": { "texture": "#skin", "uv": [ 3.5, 48.5, 5.0, 51.5 ], "rotation": 270 },
												"down": { "texture": "#skin", "uv": [ 6.5, 48.5, 8.0, 51.5 ], "rotation": 90 }
											},
											"children": [
												{
													"name": "Tail4",
													"from": [ 2.8, 0.1, 0.1 ],
													"to": [ 5.8, 1.7, 1.7 ],
													"unwrapMode": 7,
													"unwrapRotation": 1,
													"uv": [ 4.0, 52.0 ],
													"rotationOrigin": [ 3.0, 1.7, 1.0 ],
													"rotationZ": 6.0,
													"faces": {
														"north": { "texture": "#skin", "uv": [ 7.0, 53.5, 8.5, 56.5 ], "rotation": 90 },
														"east": { "texture": "#skin", "uv": [ 5.5, 56.5, 7.0, 58.0 ], "windMode": [-1,-1,-1,-1] },
														"south": { "texture": "#skin", "uv": [ 4.0, 53.5, 5.5, 56.5 ], "rotation": 270 },
														"west": { "texture": "#skin", "uv": [ 5.5, 52.0, 7.0, 53.5 ], "rotation": 180, "windMode": [-1,-1,-1,-1] },
														"up": { "texture": "#skin", "uv": [ 5.5, 53.5, 7.0, 56.5 ], "rotation": 270 },
														"down": { "texture": "#skin", "uv": [ 8.5, 53.5, 10.0, 56.5 ], "rotation": 90 }
													},
													"children": [
														{
															"name": "Tail5",
															"from": [ 2.8, 0.1, 0.1 ],
															"to": [ 5.8, 1.5, 1.5 ],
															"unwrapMode": 7,
															"unwrapRotation": 1,
															"uv": [ 3.0, 57.5 ],
															"rotationOrigin": [ 3.0, 1.5, 1.0 ],
															"rotationZ": 6.0,
															"faces": {
																"north": { "texture": "#skin", "uv": [ 5.0, 58.5, 6.0, 61.5 ], "rotation": 90 },
																"east": { "texture": "#skin", "uv": [ 4.0, 61.5, 5.0, 62.5 ], "windMode": [-1,-1,-1,-1] },
																"south": { "texture": "#skin", "uv": [ 3.0, 58.5, 4.0, 61.5 ], "rotation": 270 },
																"west": { "texture": "#skin", "uv": [ 4.0, 57.5, 5.0, 58.5 ], "rotation": 180, "windMode": [-1,-1,-1,-1] },
																"up": { "texture": "#skin", "uv": [ 4.0, 58.5, 5.0, 61.5 ], "rotation": 270 },
																"down": { "texture": "#skin", "uv": [ 6.0, 58.5, 7.0, 61.5 ], "rotation": 90 }
															}
														}
													]
												}
											]
										}
									]
								}
							]
						},
						{
							"name": "R Thigh",
							"from": [ 0.0, -1.0, -0.1 ],
							"to": [ 3.0, 4.5, 2.9 ],
							"unwrapMode": 1,
							"uv": [ 43.5, 1.0 ],
							"rotationOrigin": [ 2.5, 4.8, 0.6 ],
							"rotationX": 5.0,
							"rotationZ": 50.0,
							"faces": {
								"north": { "texture": "#skin", "uv": [ 46.5, 4.0, 49.5, 9.5 ] },
								"east": { "texture": "#skin", "uv": [ 43.5, 4.0, 46.5, 9.5 ] },
								"south": { "texture": "#skin", "uv": [ 52.5, 4.0, 55.5, 9.5 ] },
								"west": { "texture": "#skin", "uv": [ 49.5, 4.0, 52.5, 9.5 ] },
								"up": { "texture": "#skin", "uv": [ 46.5, 1.0, 49.5, 4.0 ], "rotation": 180 },
								"down": { "texture": "#skin", "uv": [ 46.5, 9.5, 49.5, 12.5 ] }
							},
							"children": [
								{
									"name": "R Lowerleg",
									"from": [ 0.0, 0.0, 0.3 ],
									"to": [ 4.5, 2.5, 2.7 ],
									"unwrapMode": 1,
									"unwrapRotation": 1,
									"uv": [ 42.5, 13.0 ],
									"rotationOrigin": [ 0.0, 0.0, 1.5 ],
									"rotationX": 10.0,
									"rotationZ": -65.0,
									"faces": {
										"north": { "texture": "#skin", "uv": [ 44.5, 15.0, 47.0, 19.5 ], "rotation": 90 },
										"east": { "texture": "#skin", "uv": [ 44.5, 19.5, 47.0, 21.5 ], "rotation": 90 },
										"south": { "texture": "#skin", "uv": [ 49.0, 15.0, 51.5, 19.5 ], "rotation": 270 },
										"west": { "texture": "#skin", "uv": [ 44.5, 13.0, 47.0, 15.0 ], "rotation": 90 },
										"up": { "texture": "#skin", "uv": [ 42.5, 15.0, 44.5, 19.5 ], "rotation": 270 },
										"down": { "texture": "#skin", "uv": [ 47.0, 15.0, 49.0, 19.5 ], "rotation": 90 }
									},
									"children": [
										{
											"name": "R Ankle",
											"from": [ 3.7, 0.4, 0.45 ],
											"to": [ 5.7, 2.4, 1.95 ],
											"unwrapMode": 1,
											"unwrapRotation": 1,
											"uv": [ 43.5, 22.0 ],
											"rotationOrigin": [ 3.7, 1.1, 1.2 ],
											"rotationZ": 17.0,
											"faces": {
												"north": { "texture": "#skin", "uv": [ 45.0, 22.0, 47.0, 24.0 ], "rotation": 90 },
												"south": { "texture": "#skin", "uv": [ 48.5, 22.0, 50.5, 24.0 ], "rotation": 270 },
												"up": { "texture": "#skin", "uv": [ 43.5, 22.0, 45.0, 24.0 ], "rotation": 270 },
												"down": { "texture": "#skin", "uv": [ 47.0, 22.0, 48.5, 24.0 ], "rotation": 90 }
											},
											"children": [
												{
													"name": "R Foot",
													"from": [ 1.1, -0.8, -0.375 ],
													"to": [ 2.1, 2.2, 1.875 ],
													"unwrapMode": 2,
													"unwrapRotation": 1,
													"uv": [ 43.0, 24.5 ],
													"rotationOrigin": [ 1.1, 1.1, 0.75 ],
													"rotationZ": 22.0,
													"faces": {
														"north": { "texture": "#skin", "uv": [ 44.0, 24.5, 47.0, 25.5 ], "rotation": 90 },
														"east": { "texture": "#skin", "uv": [ 44.0, 25.5, 47.0, 27.5 ], "rotation": 90 },
														"south": { "texture": "#skin", "uv": [ 44.0, 27.5, 47.0, 28.5 ], "rotation": 90 },
														"west": { "texture": "#skin", "uv": [ 48.0, 25.5, 51.0, 27.5 ], "rotation": 270 },
														"up": { "texture": "#skin", "uv": [ 43.0, 25.5, 44.0, 27.5 ] },
														"down": { "texture": "#skin", "uv": [ 47.0, 25.5, 48.0, 27.5 ] }
													},
													"children": [
														{
															"name": "R toe 1",
															"from": [ 0.1, -0.15, 0.0 ],
															"to": [ 0.7, 0.85, 0.45 ],
															"unwrapMode": 4,
															"uv": [ 47.5, 20.0 ],
															"rotationOrigin": [ 0.1, 0.75, 0.15 ],
															"rotationX": 22.5,
															"rotationZ": 15.0,
															"faces": {
																"north": { "texture": "#skin", "uv": [ 47.5, 20.0, 48.0, 21.0 ] },
																"east": { "texture": "#skin", "uv": [ 49.0, 20.0, 49.5, 21.0 ] },
																"south": { "texture": "#skin", "uv": [ 48.5, 20.0, 49.0, 21.0 ] },
																"west": { "texture": "#skin", "uv": [ 48.0, 20.0, 48.5, 21.0 ] },
																"down": { "texture": "#skin", "uv": [ 48.0, 21.0, 48.5, 21.5 ], "rotation": 90, "windMode": [-1,-1,-1,-1] }
															},
															"children": [
																{
																	"name": "R toe claw 1",
																	"from": [ 0.0, -0.4, 0.075 ],
																	"to": [ 0.3, 0.0, 0.375 ],
																	"unwrapMode": 4,
																	"uv": [ 52.5, 10.0 ],
																	"rotationOrigin": [ 0.0, 0.0, 0.225 ],
																	"rotationZ": 5.0,
																	"faces": {
																		"north": { "texture": "#skin", "uv": [ 52.5, 10.0, 53.0, 10.5 ] },
																		"east": { "texture": "#skin", "uv": [ 54.0, 10.0, 54.5, 10.5 ] },
																		"south": { "texture": "#skin", "uv": [ 53.5, 10.0, 54.0, 10.5 ] },
																		"west": { "texture": "#skin", "uv": [ 53.0, 10.0, 53.5, 10.5 ] },
																		"down": { "texture": "#skin", "uv": [ 53.0, 10.5, 53.5, 11.0 ], "rotation": 90 }
																	}
																}
															]
														},
														{
															"name": "R toe 2",
															"from": [ 0.2, -0.75, 0.3 ],
															"to": [ 0.8, 0.25, 0.9 ],
															"unwrapMode": 4,
															"uv": [ 50.0, 20.0 ],
															"rotationOrigin": [ 0.2, 0.15, 0.6 ],
															"rotationX": 12.5,
															"rotationZ": 10.0,
															"faces": {
																"north": { "texture": "#skin", "uv": [ 50.0, 20.0, 50.5, 21.0 ] },
																"east": { "texture": "#skin", "uv": [ 51.5, 20.0, 52.0, 21.0 ] },
																"south": { "texture": "#skin", "uv": [ 51.0, 20.0, 51.5, 21.0 ] },
																"west": { "texture": "#skin", "uv": [ 50.5, 20.0, 51.0, 21.0 ] },
																"down": { "texture": "#skin", "uv": [ 50.5, 21.0, 51.0, 21.5 ], "rotation": 90 }
															},
															"children": [
																{
																	"name": "R toe claw 2",
																	"from": [ 0.0, -0.4, 0.15 ],
																	"to": [ 0.3, 0.0, 0.45 ],
																	"unwrapMode": 4,
																	"uv": [ 52.5, 10.5 ],
																	"rotationOrigin": [ 0.0, 0.0, 0.3 ],
																	"rotationZ": 5.0,
																	"faces": {
																		"north": { "texture": "#skin", "uv": [ 52.5, 10.5, 53.0, 11.0 ] },
																		"east": { "texture": "#skin", "uv": [ 54.0, 10.5, 54.5, 11.0 ] },
																		"south": { "texture": "#skin", "uv": [ 53.5, 10.5, 54.0, 11.0 ] },
																		"west": { "texture": "#skin", "uv": [ 53.0, 10.5, 53.5, 11.0 ] },
																		"down": { "texture": "#skin", "uv": [ 53.0, 11.0, 53.5, 11.5 ], "rotation": 90 }
																	}
																}
															]
														},
														{
															"name": "R toe 3",
															"from": [ 0.2, -1.05, 0.9 ],
															"to": [ 0.8, 0.45, 1.5 ],
															"unwrapMode": 4,
															"uv": [ 51.5, 21.5 ],
															"rotationOrigin": [ 0.2, 0.15, 1.2 ],
															"rotationZ": 5.0,
															"faces": {
																"north": { "texture": "#skin", "uv": [ 51.5, 21.5, 52.0, 23.0 ] },
																"east": { "texture": "#skin", "uv": [ 53.0, 21.5, 53.5, 23.0 ] },
																"south": { "texture": "#skin", "uv": [ 52.5, 21.5, 53.0, 23.0 ] },
																"west": { "texture": "#skin", "uv": [ 52.0, 21.5, 52.5, 23.0 ] },
																"down": { "texture": "#skin", "uv": [ 52.0, 23.0, 52.5, 23.5 ], "rotation": 90 }
															},
															"children": [
																{
																	"name": "R toe claw 3",
																	"from": [ 0.0, -0.5, 0.15 ],
																	"to": [ 0.3, 0.0, 0.45 ],
																	"unwrapMode": 4,
																	"uv": [ 52.5, 11.0 ],
																	"rotationOrigin": [ 0.0, 0.0, 0.3 ],
																	"rotationZ": 5.0,
																	"faces": {
																		"north": { "texture": "#skin", "uv": [ 52.5, 11.0, 53.0, 11.5 ] },
																		"east": { "texture": "#skin", "uv": [ 54.0, 11.0, 54.5, 11.5 ] },
																		"south": { "texture": "#skin", "uv": [ 53.5, 11.0, 54.0, 11.5 ] },
																		"west": { "texture": "#skin", "uv": [ 53.0, 11.0, 53.5, 11.5 ] },
																		"down": { "texture": "#skin", "uv": [ 53.0, 11.5, 53.5, 12.0 ], "rotation": 90 }
																	}
																}
															]
														},
														{
															"name": "R toe 4",
															"from": [ 0.2, -1.05, 1.65 ],
															"to": [ 0.8, 0.45, 2.25 ],
															"unwrapMode": 4,
															"uv": [ 51.5, 24.0 ],
															"rotationOrigin": [ 0.2, 0.15, 1.95 ],
															"rotationX": -5.0,
															"rotationZ": 5.0,
															"faces": {
																"north": { "texture": "#skin", "uv": [ 51.5, 24.0, 52.0, 25.5 ] },
																"east": { "texture": "#skin", "uv": [ 53.0, 24.0, 53.5, 25.5 ] },
																"south": { "texture": "#skin", "uv": [ 52.5, 24.0, 53.0, 25.5 ] },
																"west": { "texture": "#skin", "uv": [ 52.0, 24.0, 52.5, 25.5 ] },
																"down": { "texture": "#skin", "uv": [ 52.0, 25.5, 52.5, 26.0 ], "rotation": 90 }
															},
															"children": [
																{
																	"name": "R toe claw 4",
																	"from": [ 0.0, -0.5, 0.15 ],
																	"to": [ 0.3, 0.0, 0.45 ],
																	"unwrapMode": 4,
																	"uv": [ 52.5, 11.5 ],
																	"rotationOrigin": [ 0.0, 0.0, 0.3 ],
																	"rotationZ": 5.0,
																	"faces": {
																		"north": { "texture": "#skin", "uv": [ 52.5, 11.5, 53.0, 12.0 ] },
																		"east": { "texture": "#skin", "uv": [ 54.0, 11.5, 54.5, 12.0 ] },
																		"south": { "texture": "#skin", "uv": [ 53.5, 11.5, 54.0, 12.0 ] },
																		"west": { "texture": "#skin", "uv": [ 53.0, 11.5, 53.5, 12.0 ] },
																		"down": { "texture": "#skin", "uv": [ 53.0, 12.0, 53.5, 12.5 ], "rotation": 90 }
																	}
																}
															]
														}
													]
												}
											]
										}
									]
								}
							]
						},
						{
							"name": "L Thigh",
							"from": [ 1.0, -1.05, 4.1 ],
							"to": [ 4.0, 4.45, 7.1 ],
							"unwrapMode": 3,
							"uv": [ 30.5, 1.0 ],
							"rotationOrigin": [ 2.5, 4.8, 6.4 ],
							"rotationX": 0.3333,
							"rotationZ": 8.0,
							"faces": {
								"north": { "texture": "#skin", "uv": [ 39.5, 4.0, 42.5, 9.5 ] },
								"east": { "texture": "#skin", "uv": [ 36.5, 4.0, 39.5, 9.5 ] },
								"south": { "texture": "#skin", "uv": [ 33.5, 4.0, 36.5, 9.5 ] },
								"west": { "texture": "#skin", "uv": [ 30.5, 4.0, 33.5, 9.5 ] },
								"up": { "texture": "#skin", "uv": [ 33.5, 1.0, 36.5, 4.0 ] },
								"down": { "texture": "#skin", "uv": [ 33.5, 9.5, 36.5, 12.5 ], "rotation": 180 }
							},
							"children": [
								{
									"name": "L Lowerleg",
									"from": [ 0.0, 0.0, 0.3 ],
									"to": [ 4.5, 2.5, 2.7 ],
									"unwrapMode": 3,
									"unwrapRotation": 1,
									"uv": [ 29.5, 13.0 ],
									"rotationOrigin": [ 0.0, 0.0, 1.5 ],
									"rotationX": -1.0,
									"rotationZ": -71.0,
									"faces": {
										"north": { "texture": "#skin", "uv": [ 36.0, 15.0, 38.5, 19.5 ], "rotation": 270 },
										"east": { "texture": "#skin", "uv": [ 31.5, 13.0, 34.0, 15.0 ], "rotation": 90 },
										"south": { "texture": "#skin", "uv": [ 31.5, 15.0, 34.0, 19.5 ], "rotation": 90 },
										"west": { "texture": "#skin", "uv": [ 31.5, 19.5, 34.0, 21.5 ], "rotation": 90 },
										"up": { "texture": "#skin", "uv": [ 29.5, 15.0, 31.5, 19.5 ], "rotation": 90 },
										"down": { "texture": "#skin", "uv": [ 34.0, 15.0, 36.0, 19.5 ], "rotation": 270 }
									},
									"children": [
										{
											"name": "L Ankle",
											"from": [ 3.7, 0.4, 0.45 ],
											"to": [ 5.7, 2.4, 1.95 ],
											"unwrapMode": 3,
											"unwrapRotation": 1,
											"uv": [ 30.5, 22.0 ],
											"rotationOrigin": [ 3.7, 1.1, 1.2 ],
											"rotationZ": -11.0,
											"faces": {
												"north": { "texture": "#skin", "uv": [ 35.5, 22.0, 37.5, 24.0 ], "rotation": 270 },
												"south": { "texture": "#skin", "uv": [ 32.0, 22.0, 34.0, 24.0 ], "rotation": 90 },
												"up": { "texture": "#skin", "uv": [ 30.5, 22.0, 32.0, 24.0 ], "rotation": 90 },
												"down": { "texture": "#skin", "uv": [ 34.0, 22.0, 35.5, 24.0 ], "rotation": 270 }
											},
											"children": [
												{
													"name": "L Foot",
													"from": [ 1.1, -0.8, -0.375 ],
													"to": [ 2.1, 2.2, 1.875 ],
													"unwrapMode": 2,
													"unwrapRotation": 1,
													"uv": [ 30.0, 24.5 ],
													"rotationOrigin": [ 1.1, 1.1, 0.75 ],
													"rotationX": 3.0,
													"rotationZ": 6.0,
													"faces": {
														"north": { "texture": "#skin", "uv": [ 31.0, 24.5, 34.0, 25.5 ], "rotation": 90 },
														"east": { "texture": "#skin", "uv": [ 31.0, 25.5, 34.0, 27.5 ], "rotation": 90 },
														"south": { "texture": "#skin", "uv": [ 31.0, 27.5, 34.0, 28.5 ], "rotation": 90 },
														"west": { "texture": "#skin", "uv": [ 35.0, 25.5, 38.0, 27.5 ], "rotation": 270 },
														"up": { "texture": "#skin", "uv": [ 30.0, 25.5, 31.0, 27.5 ] },
														"down": { "texture": "#skin", "uv": [ 34.0, 25.5, 35.0, 27.5 ] }
													},
													"children": [
														{
															"name": "L toe 1",
															"from": [ 0.1, -0.15, 1.8 ],
															"to": [ 0.7, 0.85, 2.25 ],
															"unwrapMode": 4,
															"uv": [ 34.5, 20.0 ],
															"rotationOrigin": [ 0.1, 0.75, 1.95 ],
															"rotationX": -22.5,
															"rotationZ": 15.0,
															"faces": {
																"north": { "texture": "#skin", "uv": [ 34.5, 20.0, 35.0, 21.0 ] },
																"east": { "texture": "#skin", "uv": [ 36.0, 20.0, 36.5, 21.0 ] },
																"south": { "texture": "#skin", "uv": [ 35.5, 20.0, 36.0, 21.0 ] },
																"west": { "texture": "#skin", "uv": [ 35.0, 20.0, 35.5, 21.0 ] },
																"down": { "texture": "#skin", "uv": [ 35.0, 21.0, 35.5, 21.5 ], "rotation": 90 }
															},
															"children": [
																{
																	"name": "L toe claw 1",
																	"from": [ 0.0, -0.4, 0.075 ],
																	"to": [ 0.3, 0.0, 0.375 ],
																	"unwrapMode": 4,
																	"uv": [ 39.5, 10.0 ],
																	"rotationOrigin": [ 0.0, 0.0, 0.075 ],
																	"faces": {
																		"north": { "texture": "#skin", "uv": [ 39.5, 10.0, 40.0, 10.5 ] },
																		"east": { "texture": "#skin", "uv": [ 41.0, 10.0, 41.5, 10.5 ] },
																		"south": { "texture": "#skin", "uv": [ 40.5, 10.0, 41.0, 10.5 ] },
																		"west": { "texture": "#skin", "uv": [ 40.0, 10.0, 40.5, 10.5 ] },
																		"down": { "texture": "#skin", "uv": [ 40.0, 10.5, 40.5, 11.0 ], "rotation": 90 }
																	}
																}
															]
														},
														{
															"name": "L toe 2",
															"from": [ 0.2, -0.75, 1.35 ],
															"to": [ 0.8, 0.25, 1.95 ],
															"unwrapMode": 4,
															"uv": [ 37.0, 20.0 ],
															"rotationOrigin": [ 0.2, 0.15, 1.65 ],
															"rotationX": -12.5,
															"rotationZ": 10.0,
															"faces": {
																"north": { "texture": "#skin", "uv": [ 37.0, 20.0, 37.5, 21.0 ] },
																"east": { "texture": "#skin", "uv": [ 38.5, 20.0, 39.0, 21.0 ] },
																"south": { "texture": "#skin", "uv": [ 38.0, 20.0, 38.5, 21.0 ] },
																"west": { "texture": "#skin", "uv": [ 37.5, 20.0, 38.0, 21.0 ] },
																"down": { "texture": "#skin", "uv": [ 37.5, 21.0, 38.0, 21.5 ], "rotation": 90 }
															},
															"children": [
																{
																	"name": "L toe claw 2",
																	"from": [ 0.0, -0.4, 0.15 ],
																	"to": [ 0.3, 0.0, 0.45 ],
																	"unwrapMode": 4,
																	"uv": [ 39.5, 10.5 ],
																	"rotationOrigin": [ 0.0, 0.0, 0.3 ],
																	"rotationZ": 5.0,
																	"faces": {
																		"north": { "texture": "#skin", "uv": [ 39.5, 10.5, 40.0, 11.0 ] },
																		"east": { "texture": "#skin", "uv": [ 41.0, 10.5, 41.5, 11.0 ] },
																		"south": { "texture": "#skin", "uv": [ 40.5, 10.5, 41.0, 11.0 ] },
																		"west": { "texture": "#skin", "uv": [ 40.0, 10.5, 40.5, 11.0 ] },
																		"down": { "texture": "#skin", "uv": [ 40.0, 11.0, 40.5, 11.5 ], "rotation": 90 }
																	}
																}
															]
														},
														{
															"name": "L toe 3",
															"from": [ 0.2, -1.05, 0.75 ],
															"to": [ 0.8, 0.45, 1.35 ],
															"unwrapMode": 4,
															"uv": [ 38.5, 21.5 ],
															"rotationOrigin": [ 0.2, 0.15, 1.05 ],
															"rotationZ": 5.0,
															"faces": {
																"north": { "texture": "#skin", "uv": [ 38.5, 21.5, 39.0, 23.0 ] },
																"east": { "texture": "#skin", "uv": [ 40.0, 21.5, 40.5, 23.0 ] },
																"south": { "texture": "#skin", "uv": [ 39.5, 21.5, 40.0, 23.0 ] },
																"west": { "texture": "#skin", "uv": [ 39.0, 21.5, 39.5, 23.0 ] },
																"down": { "texture": "#skin", "uv": [ 39.0, 23.0, 39.5, 23.5 ], "rotation": 90 }
															},
															"children": [
																{
																	"name": "L toe claw 3",
																	"from": [ 0.0, -0.5, 0.15 ],
																	"to": [ 0.3, 0.0, 0.45 ],
																	"unwrapMode": 4,
																	"uv": [ 39.5, 11.0 ],
																	"rotationOrigin": [ 0.0, 0.0, 0.3 ],
																	"rotationZ": 5.0,
																	"faces": {
																		"north": { "texture": "#skin", "uv": [ 39.5, 11.0, 40.0, 11.5 ] },
																		"east": { "texture": "#skin", "uv": [ 41.0, 11.0, 41.5, 11.5 ] },
																		"south": { "texture": "#skin", "uv": [ 40.5, 11.0, 41.0, 11.5 ] },
																		"west": { "texture": "#skin", "uv": [ 40.0, 11.0, 40.5, 11.5 ] },
																		"down": { "texture": "#skin", "uv": [ 40.0, 11.5, 40.5, 12.0 ], "rotation": 90 }
																	}
																}
															]
														},
														{
															"name": "L toe 4",
															"from": [ 0.2, -1.05, 0.0 ],
															"to": [ 0.8, 0.45, 0.6 ],
															"unwrapMode": 4,
															"uv": [ 38.5, 24.0 ],
															"rotationOrigin": [ 0.2, 0.15, 0.3 ],
															"rotationX": 5.0,
															"rotationZ": 5.0,
															"faces": {
																"north": { "texture": "#skin", "uv": [ 38.5, 24.0, 39.0, 25.5 ] },
																"east": { "texture": "#skin", "uv": [ 40.0, 24.0, 40.5, 25.5 ] },
																"south": { "texture": "#skin", "uv": [ 39.5, 24.0, 40.0, 25.5 ] },
																"west": { "texture": "#skin", "uv": [ 39.0, 24.0, 39.5, 25.5 ] },
																"down": { "texture": "#skin", "uv": [ 39.0, 25.5, 39.5, 26.0 ], "rotation": 90 }
															},
															"children": [
																{
																	"name": "L toe claw 4",
																	"from": [ 0.0, -0.5, 0.15 ],
																	"to": [ 0.3, 0.0, 0.45 ],
																	"unwrapMode": 4,
																	"uv": [ 39.5, 11.5 ],
																	"rotationOrigin": [ 0.0, 0.0, 0.3 ],
																	"rotationZ": 5.0,
																	"faces": {
																		"north": { "texture": "#skin", "uv": [ 39.5, 11.5, 40.0, 12.0 ] },
																		"east": { "texture": "#skin", "uv": [ 41.0, 11.5, 41.5, 12.0 ] },
																		"south": { "texture": "#skin", "uv": [ 40.5, 11.5, 41.0, 12.0 ] },
																		"west": { "texture": "#skin", "uv": [ 40.0, 11.5, 40.5, 12.0 ] },
																		"down": { "texture": "#skin", "uv": [ 40.0, 12.0, 40.5, 12.5 ], "rotation": 90 }
																	}
																}
															]
														}
													]
												}
											]
										}
									]
								}
							]
						}
					]
				}
			],
			"attachmentpoints": [
				{
					"code": "Center",
					"posX": "-6.0","posY": "-3.0","posZ": "0.0",
					"rotationX": "0.0","rotationY": "0.0","rotationZ": "0.0"
				}
			]
		}
	]}