{
  "code": "riftspire-mature3",
  "class": "Block",
  "entityclass": "BlockEntityRiftSpire",

  "attributes": {
    "riftSpireParameters": {
      "radius": 225.0,
      "fogDensity": 0.035,
      "fogColor": [ 0.5176471, 0.4509804, 0.4392157 ],
      "particles": { "density": 1.75 },
      "instability": {
        "radius": 210.0,
        "strength": 0.003,
        "multiplier": 1.7
      },
      "spireparticles": {
        "intensity": 2.05
      },
      "devastationGrowth": {
        "intervalGameHours": 6,
        "attemptsPerInterval": 10,
        "chancePerAttempt": 0.2,
        "radius": 210.0
      },
      "spawnMobs": {
        "radius": 200.0,
        "entities": [
          "wrustbound:rustborn-tier1",
          "wrustbound:rustborn-tier2",
          "wrustbound:rustborn-tier3",
          "wrustbound:rustborn-tier4",
          "wrustbound:rustborn-tier5",
          "wrustbound:rustborn-tier5",
          "wrustbound:rustborn-tier5",
          "wrustbound:rustborn-tier6",
          "wrustbound:rustborn-tier6",
          "wrustbound:rustborn-tier6",
          "wrustbound:rustborn-tier6",
          "wrustbound:rustborn-tier6",
          "wrustbound:rustborn-tier6",
          "wrustbound:rustborn-tier7",
          "wrustbound:rustborn-tier7",
          "wrustbound:rustborn-tier7",
          "wrustbound:rustborn-tier7",
          "wrustbound:rustborn-tier7",
          "wrustbound:rustborn-tier8",
          "game:bowtorn-tainted",
          "game:bowtorn-corrupt",
          "game:bowtorn-corrupt",
          "game:bowtorn-corrupt",
          "game:shiver-tainted",
          "game:shiver-corrupt",
          "game:shiver-corrupt",
          "game:shiver-corrupt"
        ],
        "spawnChancePerTick": 0.002,
        "maxMobs": 11
      }
    },
    "convertBlock": "wrustbound:riftspire-aged",
    "ageHoursToConvert": 126,
    "ageFailureChance": 0.75
  },

  "blockmaterial": "Stone",
  "creativeinventory": {
    "general": [ "*" ]
  },

  "shape": {
    "base": "wrustbound:block/riftspire/riftspire-mature_3.json"
  },
  "sounds": {},
  "drops": [],
  "lightAbsorption": 0,
  "lightHsv": [ 3, 5, 11 ],
  "lightLevel": 2,
  "sideopaque": {
    "all": false
  },
  "sidesolid": {
    "all": false
  },
  "requiredMiningTier": 3,
  "fertility": 0,
  "resistance": 30,
  "hardness": 6
}