[
	{
		ingredientPattern: "R,S",
		ingredients: {
			"R": { type: "item", code: "game:rope" },
			"S": { type: "item", code: "treeseed-cecropiaobtusifolia" }
		},
		width: 1,
		height: 2,
		output: { type: "item", code: "clothes-neck-cecropiaobtusifolia-seed-amulet"  }
	},
	{
		ingredientPattern: "R,S",
		ingredients: {
			"R": { type: "item", code: "game:rope" },
			"S": { type: "item", code: "treeseed-comarostaphylisarbutoides" }
		},
		width: 1,
		height: 2,
		output: { type: "item", code: "clothes-neck-comarostaphylisarbutoides-seed-amulet"  }
	},
	{
		ingredientPattern: "R,S",
		ingredients: {
			"R": { type: "item", code: "game:rope" },
			"S": { type: "item", code: "treeseed-lysilomalatisiliquum" }
		},
		width: 1,
		height: 2,
		output: { type: "item", code: "clothes-neck-lysilomalatisiliquum-seed-amulet"  }
	},
	{
		ingredientPattern: "R,S",
		ingredients: {
			"R": { type: "item", code: "game:rope" },
			"S": { type: "item", code: "treeseed-quercuscostaricensis" }
		},
		width: 1,
		height: 2,
		output: { type: "item", code: "clothes-neck-quercuscostaricensis-seed-amulet"  }
	},
	{
		ingredientPattern: "R,S",
		ingredients: {
			"R": { type: "item", code: "game:rope" },
			"S": { type: "item", code: "treeseed-roystonearegia" }
		},
		width: 1,
		height: 2,
		output: { type: "item", code: "clothes-neck-roystonearegia-seed-amulet"  }
	},
	{
		ingredientPattern: "R,S",
		ingredients: {
			"R": { type: "item", code: "game:rope" },
			"S": { type: "item", code: "treeseed-sabalpalmetto" }
		},
		width: 1,
		height: 2,
		output: { type: "item", code: "clothes-neck-sabalpalmetto-seed-amulet"  }
	}
]