{
	"code": "wboiler",
	"class": "EntityAgent",
	"hitboxSize": {
		"x": 2.5,
		"y": 4
	},
	"canClimb": true,
	"canClimbAnywhere": false,
	"deadHitboxSize": {
		"x": 2.3,
		"y": 3
	},
	"eyeHeight": 3.3,
	"drops": [],
	"client": {
		"renderer": "Shape",
		"shape": { "base": "wrustbound:entity/land/rust/boiler" },
		"behaviors": [
			{ "code": "repulseagents" },
			{
				"code": "controlledphysics",
				"stepHeight": 2.2502
			},
			{
				"code": "floatupwhenstuck",
				"onlyWhenDead": true
			},
			{ "code": "interpolateposition" },
			{ "code": "harvestable" },
			{
				"code": "despawn",
				"minPlayerDistance": 16,
				"minSeconds": 300,
				"afterDays": 14
			}
		],
		"animations": [
			{
				"code": "hurt",
				"animation": "hurt",
				"animationSpeed": 2.2,
				"weight": 10,
				"blendMode": "AddAverage"
			},
			{
				"code": "walk",
				"animation": "walk",
				"animationSpeed": 0.3,
				"weight": 10,
				"blendMode": "Average"
			},
			{
				"code": "die",
				"animation": "die",
				"animationSpeed": 1.25,
				"weight": 10,
				"blendMode": "AddAverage",
				"triggeredBy": { "onControls": [ "dead" ] }
			},
			{
				"code": "idle",
				"animation": "idle",
				"easeOutSpeed": 4,
				"triggeredBy": { "defaultAnim": true }
			}
		]
	},
	"server": {
		"behaviors": [
			{ "code": "repulseagents" },
			{
				"code": "controlledphysics",
				"stepHeight": 2.2502
			},
			{
				"code": "despawn",
				"minPlayerDistance": 10,
				"minSeconds": 300
			},
			{
				"code": "health",
				"currenthealth": 300,
				"maxhealth": 300
			},
			{
				"code": "deaddecay",
				"hoursToDecay": 2,
				"decayedBlock": "metalpartpile-large"
			},
			{
				"code": "floatupwhenstuck",
				"onlyWhenDead": true
			},
			{ "code": "breathe" },
			{
				"code": "emotionstates",
				"states": [
					{
						"code": "aggressiveondamage",
						"duration": 30,
						"chance": 1,
						"slot": 2,
						"priority": 2,
						"accumType": "noaccum"
					}
				]
			},
			{
				"code": "harvestable",
				"duration": 4,
				"drops": [
					{
						"type": "item",
						"code": "game:stackrandomizer-ore",
						"quantity": { "avg": 1.5, "var": 1 }
					},
					{
						"type": "block",
						"code": "game:metal-scraps",
						"quantity": {
							"avg": 2.5,
							"var": 2
						}
					},
					{
						"type": "block",
						"code": "game:metal-parts",
						"quantity": {
							"avg": 0.5,
							"var": 1
						}
					},
					{
						"type": "item",
						"code": "game:stackrandomizer-alljonas",
						"quantity": {
							"avg": 0.2,
							"var": 1
						}
					},
					{
						"type": "item",
						"code": "game:stackrandomizer-jonasparts",
						"quantity": {
							"avg": 0.2,
							"var": 1
						}
					},
					{
						"type": "item",
						"code": "game:stackrandomizer-jonasframes",
						"quantity": {
							"avg": 0.25,
							"var": 0
						}
					}
				]
			},
			{
				"code": "taskai",
				"aitasks": [
					{
						"code": "meleeattack",
						"entityCodes": [
							"player",
							"wparasitic-flies",
							"wrotpillar",
							"wrotwalker-*",
							"bugnest-*"
						],
						"priority": 2,
						"minDist": 6,
						"minVerDist": 5,
						"damage": 9,
						"damageType": "SlashingAttack",
						"slot": 1,
						"minCooldown": 2000,
						"maxCooldown": 2750,
						"attackDurationMs": 7500,
						"damagePlayerAtMs": 1000,
						"animation": "Attack",
						"animationSpeed": 1,
						"sound": "wrustbound:creature/boiler/attack1"
					},
					{
						"code": "seekentity",
						"entityCodes": [
							"player",
							"wparasitic-flies",
							"wrotpillar",
							"wrotwalker-*",
							"bugnest-*"
						],
						"priority": 1.51,
						"movespeed": 0.008,
						"seekingRange": 40,
						"animation": "Walk",
						"animationSpeed": 0.35,
						"sound": "wrustbound:creature/boiler/idle*"
					},
					{
						"code": "getoutofwater",
						"priority": 1.4,
						"movespeed": 0.015,
						"animation": "Walk",
						"animationSpeed": 0.3
					},
					{
						"code": "wander",
						"priority": 1.0,
						"priorityForCancel": 1.35,
						"movespeed": 0.006,
						"animation": "Walk",
						"preferredLightLevel": 20,
						"animationSpeed": 0.3
					},
					{
						"code": "lookaround",
						"priority": 0.5
					}
				]
			}
		],
		"spawnconditions": {
			"runtime": {
				"group": "hostile",
				"maxQuantity": 1,
				"chance": 0.0006,
				"tryOnlySurface": true,
				"groupSize": {
					"avg": 1,
					"var": 0
				},
				"insideBlockCodes": [
					"game:looseboulders-*"
				],
				"maxForest": 0.25
			}
		},
		"sounds": {
			"hurt": "wrustbound:creature/boiler/hurt",
			"death": "wrustbound:creature/boiler/death",
			"idle": "wrustbound:creature/boiler/idle*"
		},
		"idleSoundChance": 0.05
	}
}