{
	"code": "witinerant",
	"class": "EntityAgent",
	"canClimb": true,
	"hitboxSize": {
		"x": 0.5,
		"y": 1.75
	},
	"deadHitboxSize": {
		"x": 1.3,
		"y": 0.75
	},
	"eyeHeight": 1.5,
	"drops": [],
	"variantgroups": [
		{
			"code": "type",
			"states": [ "normal" ]
		}
	],
	"client": {
		"renderer": "Shape",
		"pitchStep": false,
		"shapeByType": {
			"*-normal": { "base": "wrustbound:entity/land/rust/itinerant" }
		},
		"behaviors": [
			{ "code": "repulseagents" },
			{
				"code": "controlledphysics",
				"stepHeight": 1.1251
			},
			{
				"code": "floatupwhenstuck",
				"onlyWhenDead": true
			},
			{ "code": "interpolateposition" },
			{
				"code": "harvestable",
				"duration": 2
			}
		],
		"animations": [
			{
				"code": "hurt",
				"animation": "hurt",
				"animationSpeed": 2.2,
				"weight": 10,
				"blendMode": "AddAverage"
			},
			{
				"code": "leap",
				"animation": "leap",
				"animationSpeed": 1,
				"weight": 10,
				"blendMode": "AddAverage",
				"triggeredBy": { "onControls": [ "jump" ] }
			},
			{
				"code": "die",
				"animation": "die",
				"animationSpeed": 1.25,
				"weight": 10,
				"blendMode": "Average",
				"triggeredBy": { "onControls": [ "dead" ] }
			},
			{
				"code": "idle",
				"animation": "idle1",
				"blendMode": "AddAverage",
				"easeOutSpeed": 4,
				"triggeredBy": { "defaultAnim": true }
			}
		]
	},
	"server": {
		"behaviors": [
			{ "code": "repulseagents" },
			{
				"code": "controlledphysics",
				"stepHeight": 1.1251
			},
			{
				"code": "despawn",
				"minPlayerDistance": 8,
				"belowLightLevel": 8,
				"minSeconds": 300
			},
			{
				"code": "health",
				"currenthealthByType": {
					"*-normal": 27
				},
				"maxhealthByType": {
					"*-normal": 27
				}
			},
			{
				"code": "floatupwhenstuck",
				"onlyWhenDead": true
			},
			{
				"code": "despawn",
				"minPlayerDistance": 32,
				"minSeconds": 30
			},
			{
				"code": "deaddecay",
				"hoursToDecay": 2
			},
			{
				"code": "harvestable",
				"duration": 2,
				"dropsByType": {
					"*-normal": [
						{
							"type": "item",
							"code": "gear-rusty",
							"dropModbyStat": "rustyGearDropRate",
							"quantity": {
								"avg": 0.01,
								"var": 0
							}
						},
						{
							"type": "block",
							"code": "metal-scraps",
							"quantity": {
								"avg": 0.02,
								"var": 1
							}
						},
						{
							"type": "block",
							"code": "metal-parts",
							"quantity": {
								"avg": 0.05,
								"var": 0
							}
						},
						{
							"type": "item",
							"code": "stackrandomizer-jonasparts",
							"quantity": {
								"avg": 0.25,
								"var": 1
							}
						}
					]
				}
			},
			{
				"code": "emotionstates",
				"states": [
					{
						"code": "fleeondamage",
						"duration": 60,
						"chance": 0.30,
						"slot": 2,
						"priority": 5,
						"accumType": "max",
						"whenHealthRelBelow": 0.3
					},
					{
						"code": "aggressiveondamage",
						"duration": 30,
						"chance": 1,
						"slot": 2,
						"priority": 2,
						"accumType": "noaccum"
					}
				]
			},
			{
				"code": "taskai",
				"aitasks": [
					{
						"code": "meleeattack",
						"entityCodes": [
							"player",
							"wparasitic-flies",
							"wrotpillar",
							"wrotwalker-*",
							"bugnest-skulker",
							"skulker-*",
							"skulkerqueen",
							"banefly",
							"shepherd-*",
							"caretaker-*",
							"rustborn-*"
						],
						"priority": 2,
						"damageByType": {
							"*-normal": 3.5
						},
						"damageTierByType": {
							"*-normal": 2
						},
						"damageType": "SlashingAttack",
						"slot": 1,
						"mincooldown": 500,
						"maxcooldown": 1750,
						"minDist": 2,
						"attackDurationMs": 1000,
						"damagePlayerAtMs": 400,
						"animation": "Swordhit",
						"animationSpeed": 1,
						"sound": "wrustbound:creature/itinerant/idle*"
					},
					{
						"code": "fleeentity",
						"entityCodes": [
							"player",
							"wparasitic-flies",
							"wrotpillar",
							"wrotwalker-*",
							"bugnest-skulker",
							"skulker-*",
							"skulkerqueen",
							"banefly",
							"shepherd-*",
							"caretaker-*",
							"rustborn-*"
						],
						"priority": 1.6,
						"movespeed": 0.030,
						"seekingRange": 15,
						"animation": "Sprint",
						"animationSpeed": 1,
						"whenInEmotionState": "fleeondamage"
					},
					{
						"code": "fleeentity",
						"entityCodes": [
							"bellspire_emerging",
							"bellspire_middling_type1",
							"bellspire_middling_type2",
							"bellspire_middling_type3",
							"bellspire_mature_type1",
							"bellspire_mature_type2",
							"bellspire_mature_type3",
							"bellspire_aged_type1",
							"bellspire_aged_type2",
							"bellspire_aged_type3"
						],
						"priority": 2.6,
						"movespeed": 0.038,
						"seekingRange": 25,
						"animation": "Sprint",
						"animationSpeed": 1
					},
					{
						"code": "seekentity",
						"entityCodes": [
							"player",
							"wparasitic-flies",
							"wrotpillar",
							"wrotwalker-*",
							"bugnest-skulker",
							"skulker-*",
							"skulkerqueen",
							"banefly",
							"shepherd-*",
							"caretaker-*",
							"rustborn-*"
						],
						"priority": 1.51,
						"movespeed": 0.030,
						"leapAtTarget": true,
						"leapAnimation": true,
						"leapChance": 0.01,
						"seekingRange": 15,
						"animation": "Sprint",
						"animationSpeed": 1
					},
					{
						"code": "seekentity",
						"entityCodes": [
							"player",
							"wparasitic-flies",
							"wrotpillar",
							"wrotwalker-*",
							"bugnest-*",
							"skulker-*",
							"skulkerqueen",
							"banefly",
							"shepherd-*",
							"caretaker-*",
							"rustborn-*"
						],
						"priority": 1.49,
						"movespeed": 0.030,
						"seekingRange": 15,
						"animation": "Sprint",
						"leapAtTarget": true,
						"leapAnimation": true,
						"leapChance": 0.01,
						"animationSpeed": 2,
						"whenInEmotionState": "aggressiveondamage"
					},
					{
						"code": "getoutofwater",
						"priority": 1.4,
						"movespeed": 0.015,
						"animation": "Walk",
						"animationSpeed": 1.2
					},
					{
						"code": "wander",
						"priority": 1.2,
						"priorityForCancel": 1.35,
						"movespeed": 0.006,
						"animation": "Walk"
					},
					{
						"code": "lookaround",
						"priority": 0.5
					}
				]
			}
		],
		"spawnconditions": {
			"runtime": {
				"group": "hostile",
				"maxQuantityByType": {
					"*-normal": 8
				},
				"chance": 0.0006,
				"maxLightLevel": 4,
				"minLightLevel": 0,
				"lightLevelType": "MaxTimeOfDayLight",
				"groupSize": {
					"dist": "uniform",
					"avg": 1,
					"var": 0
				},
				"insideBlockCodes": [
					"game:air",
					"game:tallgrass-*",
					"game:snowlayer-1"
				]
			}
		}
	},
	"soundsByType": {
		"*": {
			"hurt": "wrustbound:creature/itinerant/hurt",
			"death": "wrustbound:creature/itinerant/death",
			"idle": "wrustbound:creature/itinerant/idle*"
		}
	}
}