﻿{
  "code": "pickaxe-summonedobject",
  "classByType": {
    "*": "ItemSummonedObjectPickaxeRM"
  },
  "tool": "pickaxe",
  "enabled": true,

  "storageFlags": 131333,

  "variantgroups": [
    {
      "code": "glyphs",
      "states": [ "none" ],
      "loadFromProperties": "rustboundmagic:abstract/glyphs"
    },
    {
      "code": "state",
      "states": [ "unstable", "permanent", "admin" ]
    }
  ],
  "allowedVariants": [ "*-pickaxe1-*", "*-pickaxe2-*" ],
  "skipVariants": [ "*-permanent", "*-admin" ],

  "behaviors": [
    {
      "name": "GroundStorable",
      "properties": {
        "layout": "WallHalves",
        "wallOffY": 1,
        "ctrlKey": true,
        "selectionBox": {
          "x1": 0,
          "y1": 0,
          "z1": 0,
          "x2": 1,
          "y2": 0.1,
          "z2": 1
        },
        "collisionBox": {
          "x1": 0,
          "y1": 0,
          "z1": 0,
          "x2": 0,
          "y2": 0,
          "z2": 0
        }
      }
    }
  ],

  "attributesByType": {
    "*": {
      "heldItemPitchFollow": 0.9,
      "rackable": true,
      "toolrackTransformByType": {
        "*": {
          "rotation": {
            "y": 2.5,
            "z": -1
          },
          "translation": {
            "x": -0.1,
            "y": 0.59
          },
          "scale": 1.25
        }
      },
      "groundStorageTransformByType": {
        "*": {
          "translation": {
            "x": 0,
            "y": 0.1,
            "z": -0.065
          },
          "rotation": {
            "x": 20,
            "y": 88,
            "z": -87
          },
          "scale": 0.88
        }
      },

      "handbookByType": {
        "*": {
          "groupBy": [ "summonedobject-*" ]
        }
      }
    }
  },

  "creativeinventory": {
    "general": [ "*" ],
    "items": [ "*" ],
    "tools": [ "*" ],
    "rustboundmagicequipment": [ "*" ]
  },

  "maxstacksize": 1,
  "materialDensity": 1200,

  "shapeByType": {
    "*": { "base": "rustboundmagic:items/spells/summoneditems/{glyphs}" }
  },
  "texturesByType": {
    "*-pickaxe1-*": {
      "default": { "base": "rustboundmagic:default" },
      "string": { "base": "rustboundmagic:items/resources/shiftingfibers" },
      "handle": { "base": "rustboundmagic:items/spells/summoneditems/tier0-handle" },
      "material": { "base": "rustboundmagic:items/spells/summoneditems/tier2-metal" }
    },
    "*-pickaxe2-*": {
      "default": { "base": "rustboundmagic:default" },
      "string": { "base": "rustboundmagic:items/resources/shiftingfibers" },
      "handle": { "base": "rustboundmagic:items/spells/summoneditems/tier0-handle" },
      "material": { "base": "rustboundmagic:items/spells/summoneditems/tier3-metal" }
    }
  },

  "damagedby": [ "blockbreaking", "attacking" ],

  "heldTpHitAnimation": "pickaxe",

  "attackRange": 2,

  "durabilityByType": {
    "*-pickaxe1-*": 200,
    "*-pickaxe2-*": 250
  },

  "tooltierByType": {
    "*-pickaxe1-*": 2,
    "*-pickaxe2-*": 4
  },

  "attackpowerByType": {
    "*-pickaxe1-*": 1.5,
    "*-pickaxe2-*": 2
  },

  "miningspeedByType": {
    "*-pickaxe1-*": {
      "ceramic": 1.5,
      "stone": 4,
      "ore": 4,
      "metal": 4,
      "ice": 1.8

    },
    "*-pickaxe2-*": {
      "ceramic": 2.8,
      "stone": 7.5,
      "ore": 7.5,
      "metal": 7.5,
      "ice": 3.5
    }
  },

  "transitionablePropsByType": {
    "*-unstable": [
      {
        "type": "Harden",
        "freshHours": { "avg": 0 },
        "transitionHoursByType": {
          "*-pickaxe1-*": { "avg": 24 },
          "*-pickaxe2-*": { "avg": 48 },
          "*": { "avg": 4 }
        },
        "transitionedStack": {
          "type": "item",
          "code": "game:rot"
        },
        "transitionRatio": 0
      }
    ]
  },

  "guiTransformByType": {
    "*": {
      "translation": {
        "x": 0,
        "y": 0,
        "z": 0
      },
      "rotation": {
        "x": -89,
        "y": 47,
        "z": 33
      },
      "origin": {
        "x": 0.61,
        "y": 0,
        "z": 0.47
      },
      "scale": 1.7
    }
  },
  "groundTransformByType": {
    "*": {
      "translation": {
        "x": 0,
        "y": 0,
        "z": 0
      },
      "rotation": {
        "x": 0,
        "y": 0,
        "z": 0
      },
      "origin": {
        "x": 0.5,
        "y": 0,
        "z": 0.5
      },
      "scale": 3.4
    }
  },
  "fpHandTransformByType": {
    "*": {
      "translation": {
        "x": -0.4,
        "y": -0.5,
        "z": 0.6
      },
      "rotation": {
        "x": -35,
        "y": 0,
        "z": 85
      },
      "origin": {
        "x": 0.1,
        "y": 0.5,
        "z": 0.5
      },
      "scale": 2.5
    }
  },
  "tpHandTransformByType": {
    "*": {
      "translation": {
        "x": -0.87,
        "y": -0.01,
        "z": -0.56
      },
      "rotation": {
        "x": -90,
        "y": 0,
        "z": 0
      },
      "origin": {
        "x": 0.5,
        "y": 0,
        "z": 0.5
      },
      "scale": 0.8
    }
  }
}