{
	"code": "creature",
	"class": "ItemCreature",
	"maxstacksize": 32,
	"variantgroups": [
		{"code": "type","states": ["chelonioidea-egg-carettacaretta-raw","chelonioidea-egg-cheloniamydas-raw","chelonioidea-egg-dermochelyscoriacea-raw","chelonioidea-egg-eretmochelysimbricata-raw","chelonioidea-egg-lepidochelyskempii-raw","chelonioidea-egg-lepidochelysolivacea-raw","chelonioidea-egg-natatordepressus-raw"	]}
		
		],

	"shapeByType": {
		"*-egg-*": {"base": "entity/water/chelonioidea/egg"}
	},
	"texturesByType": {
		"*-egg-*": {"skin": { "base": "game:block/creature/bone" }}
	},
	
	
	
	
	"creativeinventory": { "general": ["*"], "items": ["*"], "creatures": ["*-chelonioidea-*"] },
	"attributes": {
		"foodTags": "egg",
		"nutritionPropsWhenInMealByType": {
		 "*": {"satiety": 200,"foodcategory": "Protein"}
    },
	"nutritionPropsByType": {
		 "*": {"satiety": 160,"foodcategory": "Protein"}
	}},
	"materialDensity": 200,
	"guiTransformByType": {		
		"*": {
			"rotate": true,
			"rotation": { "x": -11, "y": -52, "z": -180 },
			"origin": { "x": 0.5, "y": 0.1, "z": 0.5 },
			"scale": 2.75
		}},	
	"transitionableProps": [{
		"type": "Perish",
		"freshHours": { "avg": 120 },
		"transitionHours": { "avg": 24 },
		"transitionedStack": { "type": "item", "code": "game:rot" },
		"transitionRatio": 0.5
	}]}
	

	
	
	
	




