﻿[
  {
    "type": "CopyReplaceIngredients",
    "conditions": [
      { "when": "VanillaVariants_MechanicalAxle_Enabled", "isValue": "true" }
    ],
    "outputCode": "hydrateordiedrate:winch-*",
    "ingredients": [
      {
        "ingredientCode": "game:woodenaxle-*",
        "Code": "vanvar:woodenaxle-*"
      }
    ]
  },
  {
    "type": "CopyReplaceIngredients",
    "conditions": [
      { "when": "VanillaVariants_MechanicalAxle_Enabled", "isValue": "true" }
    ],
    "dependsOn": [
      { "modid": "floralzonescaperegion" }
    ],
    "outputCode": "hydrateordiedrate:winch-*",
    "ingredients": [
      {
        "ingredientCode": "game:woodenaxle-*",
        "Code": "vanvar:woodenaxle-*"
      }
    ]
  },
  {
    "type": "CopyReplaceIngredients",
    "conditions": [
      { "when": "VanillaVariants_MechanicalAxle_Enabled", "isValue": "true" }
    ],
    "dependsOn": [
      { "modid": "floralzonescaribbeanregion" }
    ],
    "outputCode": "hydrateordiedrate:winch-*",
    "ingredients": [
      {
        "ingredientCode": "game:woodenaxle-*",
        "Code": "vanvar:woodenaxle-*"
      }
    ]
  },
  {
    "type": "CopyReplaceIngredients",
    "conditions": [
      { "when": "VanillaVariants_MechanicalAxle_Enabled", "isValue": "true" }
    ],
    "dependsOn": [
      { "modid": "floralzonescentralaustralianregion" }
    ],
    "outputCode": "hydrateordiedrate:winch-*",
    "ingredients": [
      {
        "ingredientCode": "game:woodenaxle-*",
        "Code": "vanvar:woodenaxle-*"
      }
    ]
  },
  {
    "type": "CopyReplaceIngredients",
    "conditions": [
      { "when": "VanillaVariants_MechanicalAxle_Enabled", "isValue": "true" }
    ],
    "dependsOn": [
      { "modid": "floralzonesmediterraneanregion" }
    ],
    "outputCode": "hydrateordiedrate:winch-*",
    "ingredients": [
      {
        "ingredientCode": "game:woodenaxle-*",
        "Code": "vanvar:woodenaxle-*"
      }
    ]
  },
  {
    "type": "CopyReplaceIngredients",
    "conditions": [
      { "when": "VanillaVariants_MechanicalAxle_Enabled", "isValue": "true" }
    ],
    "dependsOn": [
      { "modid": "floralzonesneozeylandicregion" }
    ],
    "outputCode": "hydrateordiedrate:winch-*",
    "ingredients": [
      {
        "ingredientCode": "game:woodenaxle-*",
        "Code": "vanvar:woodenaxle-*"
      }
    ]
  },
  {
    "type": "CopyReplaceIngredients",
    "conditions": [
      { "when": "VanillaVariants_MechanicalAxle_Enabled", "isValue": "true" }
    ],
    "dependsOn": [
      { "modid": "wildcrafttree" }
    ],
    "outputCode": "hydrateordiedrate:winch-*",
    "ingredients": [
      {
        "ingredientCode": "game:woodenaxle-*",
        "Code": "vanvar:woodenaxle-*"
      }
    ]
  }
]