{
	"editor": {
		"collapsedPaths": ",Root/fern1,Root/fern2,Root/fern3,Root/originc,Root/origin,Root/origind,Root/RiftCrystalBase1,Root/origin2,Root/Bellanchor,Root/Riftbase1,Root/originc2,Root/origin 2,Root/well,Root/RiftCrystal,Root/origin/spike1",
		"allAngles": false,
		"entityTextureMode": false
	},
	"textureWidth": 16,
	"textureHeight": 16,
	"textureSizes": {
		"normal4": [ 16, 16 ],
		"thorns": [ 16, 16 ]
	},
	"textures": {
		"mesh10": "game:block/devastation/mesh10",
		"mesh9": "game:block/devastation/mesh9",
		"normal3": "game:block/devastation/soil/normal3",
		"thorns": "game:block/devastation/soil/thorns",
		"center1": "game:block/plant/fern/cinnamonfern/center1",
		"center2": "game:block/plant/fern/cinnamonfern/center2",
		"short": "game:block/plant/fern/cinnamonfern/short",
		"tall": "game:block/plant/fern/cinnamonfern/tall",
		"bell": "game:entity/bell"
	},
	"elements": [
		{
			"name": "Bellanchor",
			"from": [ 8.3, -10.2, 8.6 ],
			"to": [ 8.3, -10.2, 8.6 ],
			"rotationOrigin": [ 8.3, -0.6, 8.6 ],
			"rotationZ": 180.0,
			"faces": {
			},
			"children": [
				{
					"name": "N",
					"from": [ -3.6, 1.2, -3.6 ],
					"to": [ 3.6, 6.0, -2.4 ],
					"rotationOrigin": [ 0.0, 6.0, -3.0 ],
					"faces": {
						"north": {
							"texture": "#bell",
							"uv": [ 5.25, 2.75, 11.25, 6.75 ],
							"glow": 95,
							"autoUv": false
						},
						"east": {
							"texture": "#bell",
							"uv": [ 11.75, 3.5, 12.75, 7.5 ],
							"glow": 95,
							"autoUv": false,
							"windMode": [ -1, -1, -1, -1 ]
						},
						"south": {
							"texture": "#bell",
							"uv": [ 5.75, 3.75, 11.75, 7.75 ],
							"glow": 95,
							"autoUv": false,
							"windMode": [ -1, -1, -1, -1 ]
						},
						"west": {
							"texture": "#bell",
							"uv": [ 7.75, 3.5, 8.75, 7.5 ],
							"glow": 95,
							"autoUv": false,
							"windMode": [ -1, -1, -1, -1 ]
						},
						"up": {
							"texture": "#bell",
							"uv": [ 4.5, 4.25, 10.5, 5.25 ],
							"glow": 95,
							"autoUv": false,
							"windMode": [ -1, -1, -1, -1 ]
						},
						"down": {
							"texture": "#bell",
							"uv": [ 5.75, 4.0, 11.75, 5.0 ],
							"glow": 95,
							"autoUv": false,
							"windMode": [ -1, -1, -1, -1 ]
						}
					},
					"children": [
						{
							"name": "N tip",
							"from": [ 0.6, -3.48, -0.36 ],
							"to": [ 6.6, 1.32, 0.84 ],
							"rotationOrigin": [ 3.6, 0.12, 0.24 ],
							"rotationX": 20.0,
							"faces": {
								"north": {
									"texture": "#bell",
									"uv": [ 0.0, 1.0, 5.0, 5.0 ],
									"glow": 95,
									"autoUv": false
								},
								"east": {
									"texture": "#bell",
									"uv": [ 5.0, 1.0, 6.0, 5.0 ],
									"glow": 95,
									"autoUv": false,
									"windMode": [ -1, -1, -1, -1 ]
								},
								"south": {
									"texture": "#bell",
									"uv": [ 6.0, 1.0, 11.0, 5.0 ],
									"glow": 95,
									"autoUv": false,
									"windMode": [ -1, -1, -1, -1 ]
								},
								"west": {
									"texture": "#bell",
									"uv": [ 11.0, 1.0, 12.0, 5.0 ],
									"glow": 95,
									"autoUv": false,
									"windMode": [ -1, -1, -1, -1 ]
								},
								"up": {
									"texture": "#bell",
									"uv": [ 0.0, 0.0, 5.0, 1.0 ],
									"glow": 95,
									"autoUv": false,
									"windMode": [ -1, -1, -1, -1 ]
								},
								"down": {
									"texture": "#bell",
									"uv": [ 5.0, 0.0, 10.0, 1.0 ],
									"glow": 95,
									"autoUv": false,
									"windMode": [ -1, -1, -1, -1 ]
								}
							}
						}
					]
				},
				{
					"name": "S",
					"from": [ -3.6, 1.2, 2.4 ],
					"to": [ 3.6, 6.0, 3.6 ],
					"rotationOrigin": [ 0.0, 6.0, 3.0 ],
					"faces": {
						"north": {
							"texture": "#bell",
							"uv": [ 5.0, 3.25, 11.0, 7.25 ],
							"glow": 95,
							"autoUv": false
						},
						"east": {
							"texture": "#bell",
							"uv": [ 10.75, 2.25, 11.75, 6.25 ],
							"glow": 95,
							"autoUv": false,
							"windMode": [ -1, -1, -1, -1 ]
						},
						"south": {
							"texture": "#bell",
							"uv": [ 5.5, 3.5, 11.5, 7.5 ],
							"glow": 95,
							"autoUv": false,
							"windMode": [ -1, -1, -1, -1 ]
						},
						"west": {
							"texture": "#bell",
							"uv": [ 7.5, 4.0, 8.5, 8.0 ],
							"glow": 95,
							"autoUv": false,
							"windMode": [ -1, -1, -1, -1 ]
						},
						"up": {
							"texture": "#bell",
							"uv": [ 6.5, 5.75, 12.5, 6.75 ],
							"rotation": 180,
							"glow": 95,
							"autoUv": false,
							"windMode": [ -1, -1, -1, -1 ]
						},
						"down": {
							"texture": "#bell",
							"uv": [ 6.5, 5.5, 12.5, 6.5 ],
							"glow": 95,
							"autoUv": false,
							"windMode": [ -1, -1, -1, -1 ]
						}
					},
					"children": [
						{
							"name": "S tip",
							"from": [ 0.6, -3.48, 0.36 ],
							"to": [ 6.6, 1.32, 1.56 ],
							"rotationOrigin": [ 3.6, 0.12, 0.96 ],
							"rotationX": -20.0,
							"faces": {
								"north": {
									"texture": "#bell",
									"uv": [ 0.0, 1.0, 5.0, 5.0 ],
									"glow": 95,
									"autoUv": false
								},
								"east": {
									"texture": "#bell",
									"uv": [ 5.0, 1.0, 6.0, 5.0 ],
									"glow": 95,
									"autoUv": false,
									"windMode": [ -1, -1, -1, -1 ]
								},
								"south": {
									"texture": "#bell",
									"uv": [ 6.0, 1.0, 11.0, 5.0 ],
									"glow": 95,
									"autoUv": false,
									"windMode": [ -1, -1, -1, -1 ]
								},
								"west": {
									"texture": "#bell",
									"uv": [ 11.0, 1.0, 12.0, 5.0 ],
									"glow": 95,
									"autoUv": false,
									"windMode": [ -1, -1, -1, -1 ]
								},
								"up": {
									"texture": "#bell",
									"uv": [ 0.0, 0.0, 5.0, 1.0 ],
									"glow": 95,
									"autoUv": false,
									"windMode": [ -1, -1, -1, -1 ]
								},
								"down": {
									"texture": "#bell",
									"uv": [ 5.0, 0.0, 10.0, 1.0 ],
									"glow": 95,
									"autoUv": false,
									"windMode": [ -1, -1, -1, -1 ]
								}
							}
						}
					]
				},
				{
					"name": "W",
					"from": [ -3.6, 1.2, -2.4 ],
					"to": [ -2.4, 6.0, 2.4 ],
					"rotationOrigin": [ -3.0, 6.0, 0.0 ],
					"faces": {
						"east": {
							"texture": "#bell",
							"uv": [ 3.0, 5.0, 7.0, 9.0 ],
							"glow": 95,
							"autoUv": false,
							"windMode": [ -1, -1, -1, -1 ]
						},
						"west": {
							"texture": "#bell",
							"uv": [ 7.0, 5.0, 11.0, 9.0 ],
							"glow": 95,
							"autoUv": false,
							"windMode": [ -1, -1, -1, -1 ]
						},
						"up": {
							"texture": "#bell",
							"uv": [ 3.0, 1.0, 4.0, 5.0 ],
							"glow": 95,
							"autoUv": false,
							"windMode": [ -1, -1, -1, -1 ]
						},
						"down": {
							"texture": "#bell",
							"uv": [ 4.0, 1.0, 5.0, 5.0 ],
							"glow": 95,
							"autoUv": false,
							"windMode": [ -1, -1, -1, -1 ]
						}
					},
					"children": [
						{
							"name": "W tip",
							"from": [ -0.36, -3.48, -0.612 ],
							"to": [ 0.84, 1.32, 5.412 ],
							"rotationOrigin": [ 0.24, 0.12, 2.4 ],
							"rotationZ": -20.0,
							"faces": {
								"north": {
									"texture": "#bell",
									"uv": [ 0.0, 5.0, 1.0, 9.0 ],
									"glow": 95,
									"autoUv": false
								},
								"east": {
									"texture": "#bell",
									"uv": [ 1.0, 5.0, 6.0, 9.0 ],
									"glow": 95,
									"autoUv": false,
									"windMode": [ -1, -1, -1, -1 ]
								},
								"south": {
									"texture": "#bell",
									"uv": [ 6.0, 5.0, 7.0, 9.0 ],
									"glow": 95,
									"autoUv": false,
									"windMode": [ -1, -1, -1, -1 ]
								},
								"west": {
									"texture": "#bell",
									"uv": [ 7.0, 5.0, 12.0, 9.0 ],
									"glow": 95,
									"autoUv": false,
									"windMode": [ -1, -1, -1, -1 ]
								},
								"up": {
									"texture": "#bell",
									"uv": [ 0.0, 0.0, 1.0, 5.0 ],
									"glow": 95,
									"autoUv": false,
									"windMode": [ -1, -1, -1, -1 ]
								},
								"down": {
									"texture": "#bell",
									"uv": [ 1.0, 0.0, 2.0, 5.0 ],
									"glow": 95,
									"autoUv": false,
									"windMode": [ -1, -1, -1, -1 ]
								}
							}
						}
					]
				},
				{
					"name": "E",
					"from": [ 2.4, 1.2, -2.4 ],
					"to": [ 3.6, 6.0, 2.4 ],
					"rotationOrigin": [ -3.0, 6.0, 0.0 ],
					"faces": {
						"east": {
							"texture": "#bell",
							"uv": [ 6.75, 3.25, 10.75, 7.25 ],
							"glow": 95,
							"autoUv": false,
							"windMode": [ -1, -1, -1, -1 ]
						},
						"west": {
							"texture": "#bell",
							"uv": [ 7.5, 5.5, 11.5, 9.5 ],
							"glow": 95,
							"autoUv": false,
							"windMode": [ -1, -1, -1, -1 ]
						},
						"up": {
							"texture": "#bell",
							"uv": [ 13.0, 0.0, 14.0, 4.0 ],
							"glow": 95,
							"autoUv": false,
							"windMode": [ -1, -1, -1, -1 ]
						},
						"down": {
							"texture": "#bell",
							"uv": [ 14.0, 0.0, 15.0, 4.0 ],
							"glow": 95,
							"autoUv": false,
							"windMode": [ -1, -1, -1, -1 ]
						}
					},
					"children": [
						{
							"name": "E tip",
							"from": [ 0.36, -3.48, -0.84 ],
							"to": [ 1.56, 1.32, 5.16 ],
							"rotationOrigin": [ 0.96, 0.12, 2.16 ],
							"rotationZ": 20.0,
							"faces": {
								"north": {
									"texture": "#bell",
									"uv": [ 0.0, 5.0, 1.0, 9.0 ],
									"glow": 95,
									"autoUv": false
								},
								"east": {
									"texture": "#bell",
									"uv": [ 1.0, 5.0, 6.0, 9.0 ],
									"glow": 95,
									"autoUv": false,
									"windMode": [ -1, -1, -1, -1 ]
								},
								"south": {
									"texture": "#bell",
									"uv": [ 6.0, 5.0, 7.0, 9.0 ],
									"glow": 95,
									"autoUv": false,
									"windMode": [ -1, -1, -1, -1 ]
								},
								"west": {
									"texture": "#bell",
									"uv": [ 7.0, 5.0, 12.0, 9.0 ],
									"glow": 95,
									"autoUv": false,
									"windMode": [ -1, -1, -1, -1 ]
								},
								"up": {
									"texture": "#bell",
									"uv": [ 0.0, 0.0, 1.0, 5.0 ],
									"glow": 95,
									"autoUv": false,
									"windMode": [ -1, -1, -1, -1 ]
								},
								"down": {
									"texture": "#bell",
									"uv": [ 1.0, 0.0, 2.0, 5.0 ],
									"glow": 95,
									"autoUv": false,
									"windMode": [ -1, -1, -1, -1 ]
								}
							}
						}
					]
				},
				{
					"name": "N small",
					"from": [ -2.4, 4.8, -2.4 ],
					"to": [ 2.4, 8.4, -1.2 ],
					"rotationOrigin": [ 0.0, 8.4, -1.8 ],
					"faces": {
						"north": {
							"texture": "#bell",
							"uv": [ 0.0, 1.0, 4.0, 4.0 ],
							"autoUv": false
						},
						"east": {
							"texture": "#bell",
							"uv": [ 4.0, 1.0, 5.0, 4.0 ],
							"autoUv": false
						},
						"south": {
							"texture": "#bell",
							"uv": [ 5.0, 1.0, 9.0, 4.0 ],
							"autoUv": false
						},
						"west": {
							"texture": "#bell",
							"uv": [ 9.0, 1.0, 10.0, 4.0 ],
							"autoUv": false
						},
						"up": {
							"texture": "#bell",
							"uv": [ 0.0, 0.0, 4.0, 1.0 ],
							"autoUv": false
						},
						"down": {
							"texture": "#bell",
							"uv": [ 4.0, 0.0, 8.0, 1.0 ],
							"autoUv": false
						}
					}
				},
				{
					"name": "S small",
					"from": [ -2.4, 4.8, 1.2 ],
					"to": [ 2.4, 8.4, 2.4 ],
					"rotationOrigin": [ 0.0, 8.4, 1.8 ],
					"faces": {
						"north": {
							"texture": "#bell",
							"uv": [ 0.0, 1.0, 4.0, 4.0 ],
							"autoUv": false
						},
						"east": {
							"texture": "#bell",
							"uv": [ 4.0, 1.0, 5.0, 4.0 ],
							"autoUv": false
						},
						"south": {
							"texture": "#bell",
							"uv": [ 5.0, 1.0, 9.0, 4.0 ],
							"autoUv": false
						},
						"west": {
							"texture": "#bell",
							"uv": [ 9.0, 1.0, 10.0, 4.0 ],
							"autoUv": false
						},
						"up": {
							"texture": "#bell",
							"uv": [ 0.0, 0.0, 4.0, 1.0 ],
							"autoUv": false
						},
						"down": {
							"texture": "#bell",
							"uv": [ 4.0, 0.0, 8.0, 1.0 ],
							"autoUv": false
						}
					}
				},
				{
					"name": "W small",
					"from": [ -2.4, 4.8, -1.2 ],
					"to": [ -1.2, 8.4, 1.2 ],
					"rotationOrigin": [ -1.8, 8.4, 0.0 ],
					"faces": {
						"east": {
							"texture": "#bell",
							"uv": [ 0.0, 2.0, 2.0, 5.0 ],
							"autoUv": false
						},
						"west": {
							"texture": "#bell",
							"uv": [ 2.0, 2.0, 4.0, 5.0 ],
							"autoUv": false
						},
						"up": {
							"texture": "#bell",
							"uv": [ 0.0, 0.0, 1.0, 2.0 ],
							"autoUv": false
						},
						"down": {
							"texture": "#bell",
							"uv": [ 1.0, 0.0, 2.0, 2.0 ],
							"autoUv": false
						}
					}
				},
				{
					"name": "E small",
					"from": [ 1.2, 4.8, -1.2 ],
					"to": [ 2.4, 8.4, 1.2 ],
					"rotationOrigin": [ -1.8, 8.4, 0.0 ],
					"faces": {
						"east": {
							"texture": "#bell",
							"uv": [ 0.0, 2.0, 2.0, 5.0 ],
							"autoUv": false
						},
						"west": {
							"texture": "#bell",
							"uv": [ 2.0, 2.0, 4.0, 5.0 ],
							"autoUv": false
						},
						"up": {
							"texture": "#bell",
							"uv": [ 0.0, 0.0, 1.0, 2.0 ],
							"autoUv": false
						},
						"down": {
							"texture": "#bell",
							"uv": [ 1.0, 0.0, 2.0, 2.0 ],
							"autoUv": false
						}
					}
				},
				{
					"name": "top",
					"from": [ -1.2, 7.2, -1.2 ],
					"to": [ 1.2, 10.8, 1.2 ],
					"rotationOrigin": [ 0.0, 10.8, 0.0 ],
					"faces": {
						"north": {
							"texture": "#bell",
							"uv": [ 0.0, 2.0, 2.0, 5.0 ],
							"autoUv": false
						},
						"east": {
							"texture": "#bell",
							"uv": [ 2.0, 2.0, 4.0, 5.0 ],
							"autoUv": false
						},
						"south": {
							"texture": "#bell",
							"uv": [ 4.0, 2.0, 6.0, 5.0 ],
							"autoUv": false
						},
						"west": {
							"texture": "#bell",
							"uv": [ 6.0, 2.0, 8.0, 5.0 ],
							"autoUv": false
						},
						"up": {
							"texture": "#bell",
							"uv": [ 0.0, 0.0, 2.0, 2.0 ],
							"autoUv": false
						},
						"down": {
							"texture": "#bell",
							"uv": [ 2.0, 0.0, 4.0, 2.0 ],
							"autoUv": false
						}
					},
					"children": [
						{
							"name": "string",
							"from": [ 0.96, -3.0, 0.96 ],
							"to": [ 1.56, 0.6, 1.56 ],
							"rotationOrigin": [ 1.32, 0.6, 1.32 ],
							"faces": {
								"north": {
									"texture": "#bell",
									"uv": [ 1.75, 12.75, 2.25, 15.75 ],
									"autoUv": false
								},
								"east": {
									"texture": "#bell",
									"uv": [ 2.25, 13.0, 2.75, 16.0 ],
									"autoUv": false
								},
								"south": {
									"texture": "#bell",
									"uv": [ 2.0, 12.5, 2.5, 15.5 ],
									"autoUv": false
								},
								"west": {
									"texture": "#bell",
									"uv": [ 1.75, 12.75, 2.25, 15.75 ],
									"autoUv": false
								}
							},
							"children": [
								{
									"name": "stone",
									"from": [ -0.96, -2.4, -0.96 ],
									"to": [ 1.44, 0.0, 1.44 ],
									"rotationOrigin": [ 0.24, 0.0, 0.24 ],
									"faces": {
										"north": {
											"texture": "#bell",
											"uv": [ 0.75, 13.5, 2.75, 15.5 ],
											"autoUv": false
										},
										"east": {
											"texture": "#bell",
											"uv": [ 0.75, 13.5, 2.75, 15.5 ],
											"autoUv": false
										},
										"south": {
											"texture": "#bell",
											"uv": [ 1.25, 13.5, 3.25, 15.5 ],
											"autoUv": false
										},
										"west": {
											"texture": "#bell",
											"uv": [ 1.0, 13.25, 3.0, 15.25 ],
											"autoUv": false
										},
										"up": {
											"texture": "#bell",
											"uv": [ 0.75, 13.5, 2.75, 15.5 ],
											"autoUv": false
										},
										"down": {
											"texture": "#bell",
											"uv": [ 1.0, 13.75, 3.0, 15.75 ],
											"autoUv": false
										}
									},
									"attachmentpoints": [
										{
											"code": "Center",
											"posX": "0.0",
											"posY": "0.0",
											"posZ": "0.0",
											"rotationX": "0.0",
											"rotationY": "0.0",
											"rotationZ": "0.0"
										}
									]
								}
							]
						}
					]
				}
			]
		},
		{
			"name": "well",
			"from": [ 4.0, 0.0, 4.0 ],
			"to": [ 12.0, 1.0, 12.0 ],
			"rotationOrigin": [ 4.0, 0.0, 4.0 ],
			"faces": {
				"north": {
					"texture": "#normal3",
					"uv": [ 0.0, 0.0, 8.0, 1.0 ]
				},
				"east": {
					"texture": "#normal3",
					"uv": [ 0.0, 0.0, 8.0, 1.0 ]
				},
				"south": {
					"texture": "#normal3",
					"uv": [ 0.0, 0.0, 8.0, 1.0 ]
				},
				"west": {
					"texture": "#normal3",
					"uv": [ 0.0, 0.0, 8.0, 1.0 ]
				},
				"up": {
					"texture": "#normal3",
					"uv": [ 0.0, 0.0, 8.0, 8.0 ]
				},
				"down": {
					"texture": "#normal3",
					"uv": [ 0.0, 0.0, 8.0, 8.0 ]
				}
			},
			"children": [
				{
					"name": "originc2",
					"from": [ 9.6, -0.8, -0.4 ],
					"to": [ 9.6, -0.8, -0.4 ],
					"rotationOrigin": [ 9.6, -0.8, -0.4 ],
					"rotationX": -173.0,
					"rotationY": -27.0,
					"rotationZ": -165.0,
					"faces": {
					},
					"children": [
						{
							"name": "W3",
							"from": [ 0.0, -1.2, -3.6 ],
							"to": [ 0.0, 12.0, 3.6 ],
							"shade": false,
							"renderPass": 3,
							"rotationOrigin": [ 0.0, 0.0, 0.0 ],
							"rotationX": -22.0,
							"rotationY": -19.0,
							"rotationZ": -19.0,
							"faces": {
								"west": {
									"texture": "#mesh9",
									"uv": [ 10.0, 1.5, 16.0, 12.5 ],
									"autoUv": false
								}
							}
						},
						{
							"name": "S3",
							"from": [ -3.6, 8.4, 0.0 ],
							"to": [ 1.2, 15.6, 0.0 ],
							"shade": false,
							"renderPass": 3,
							"rotationOrigin": [ -1.2, 12.0, 0.0 ],
							"rotationX": 33.0,
							"rotationY": 39.0,
							"faces": {
								"south": {
									"texture": "#mesh9",
									"uv": [ 1.5, 5.5, 5.5, 11.5 ],
									"autoUv": false
								}
							}
						},
						{
							"name": "N2",
							"from": [ -4.8, 1.2, 3.6 ],
							"to": [ 0.0, 6.0, 3.6 ],
							"shade": false,
							"renderPass": 3,
							"rotationOrigin": [ -2.4, 3.6, 3.6 ],
							"rotationX": 47.0,
							"rotationY": 36.0,
							"rotationZ": 8.0,
							"faces": {
								"north": {
									"texture": "#mesh9",
									"uv": [ 11.0, 2.0, 15.0, 6.0 ],
									"autoUv": false
								}
							}
						},
						{
							"name": "S4",
							"from": [ -2.4, 15.6, -2.4 ],
							"to": [ 2.4, 20.4, -2.4 ],
							"rotationOrigin": [ 0.0, 18.0, -2.4 ],
							"rotationX": -30.0,
							"rotationY": 14.0,
							"faces": {
								"south": {
									"texture": "#mesh9",
									"uv": [ 5.0, 4.0, 9.0, 8.0 ],
									"autoUv": false
								}
							}
						},
						{
							"name": "W4",
							"from": [ 0.0, 22.8, -1.2 ],
							"to": [ 0.0, 25.2, 1.2 ],
							"shade": false,
							"renderPass": 3,
							"rotationOrigin": [ 0.0, 24.0, 0.0 ],
							"rotationX": -22.0,
							"rotationY": -19.0,
							"rotationZ": -19.0,
							"faces": {
								"west": {
									"texture": "#mesh9",
									"uv": [ 4.5, 9.5, 6.5, 11.5 ],
									"autoUv": false
								}
							}
						}
					]
				},
				{
					"name": "origind",
					"from": [ 6.4, 0.3, 6.4 ],
					"to": [ 6.4, 0.3, 6.4 ],
					"rotationOrigin": [ 6.4, 0.3, 6.4 ],
					"faces": {
					},
					"children": [
						{
							"name": "E1",
							"from": [ 0.0, -1.3, -10.4 ],
							"to": [ 0.0, 13.0, 10.4 ],
							"shade": false,
							"renderPass": 3,
							"rotationOrigin": [ 0.0, 0.0, 0.0 ],
							"rotationY": -19.0,
							"rotationZ": 14.0,
							"faces": {
								"east": {
									"texture": "#mesh10",
									"uv": [ 0.0, 0.5, 16.0, 11.5 ],
									"autoUv": false,
									"windMode": [ -1, -1, -1, -1 ]
								}
							}
						},
						{
							"name": "origin3",
							"from": [ 0.0036, 0.0, -0.0036 ],
							"to": [ 0.0036, 0.0, -0.0036 ],
							"rotationOrigin": [ 0.0, 0.0, 0.0 ],
							"rotationY": 89.9802,
							"faces": {
							},
							"children": [
								{
									"name": "E2",
									"from": [ 0.0, -1.3, -10.4 ],
									"to": [ 0.0, 13.0, 10.4 ],
									"shade": false,
									"renderPass": 3,
									"rotationOrigin": [ 0.0, 0.0, 0.0 ],
									"rotationY": -19.0,
									"rotationZ": 14.0,
									"faces": {
										"east": {
											"texture": "#mesh10",
											"uv": [ 0.0, 0.5, 16.0, 11.5 ],
											"autoUv": false,
											"windMode": [ -1, -1, -1, -1 ]
										}
									}
								}
							]
						}
					]
				},
				{
					"name": "originc",
					"from": [ -4.4, -0.8, 5.6 ],
					"to": [ -4.4, -0.8, 5.6 ],
					"rotationOrigin": [ -4.4, -0.8, 5.6 ],
					"rotationX": 7.0,
					"rotationZ": 15.0,
					"faces": {
					},
					"children": [
						{
							"name": "W1",
							"from": [ 0.0, -1.2, -3.6 ],
							"to": [ 0.0, 12.0, 3.6 ],
							"shade": false,
							"renderPass": 3,
							"rotationOrigin": [ 0.0, 0.0, 0.0 ],
							"rotationX": -22.0,
							"rotationY": -19.0,
							"rotationZ": -19.0,
							"faces": {
								"west": {
									"texture": "#mesh9",
									"uv": [ 10.0, 1.5, 16.0, 12.5 ],
									"autoUv": false
								}
							}
						},
						{
							"name": "S1",
							"from": [ -3.6, 8.4, 0.0 ],
							"to": [ 1.2, 15.6, 0.0 ],
							"shade": false,
							"renderPass": 3,
							"rotationOrigin": [ -1.2, 12.0, 0.0 ],
							"rotationX": 33.0,
							"rotationY": 39.0,
							"faces": {
								"south": {
									"texture": "#mesh9",
									"uv": [ 1.5, 5.5, 5.5, 11.5 ],
									"autoUv": false
								}
							}
						},
						{
							"name": "N1",
							"from": [ -4.8, 1.2, 3.6 ],
							"to": [ 0.0, 6.0, 3.6 ],
							"shade": false,
							"renderPass": 3,
							"rotationOrigin": [ -2.4, 3.6, 3.6 ],
							"rotationX": 47.0,
							"rotationY": 36.0,
							"rotationZ": 8.0,
							"faces": {
								"north": {
									"texture": "#mesh9",
									"uv": [ 11.0, 2.0, 15.0, 6.0 ],
									"autoUv": false
								}
							}
						},
						{
							"name": "S2",
							"from": [ -1.4, 15.6, -2.4 ],
							"to": [ 3.4, 20.4, -2.4 ],
							"rotationOrigin": [ 1.0, 18.0, -2.4 ],
							"rotationX": -30.0,
							"rotationY": 14.0,
							"faces": {
								"south": {
									"texture": "#mesh9",
									"uv": [ 5.0, 4.0, 9.0, 8.0 ],
									"autoUv": false
								}
							}
						},
						{
							"name": "W2",
							"from": [ 0.0, 22.8, -1.2 ],
							"to": [ 0.0, 25.2, 1.2 ],
							"shade": false,
							"renderPass": 3,
							"rotationOrigin": [ 0.0, 24.0, 0.0 ],
							"rotationX": -22.0,
							"rotationY": -19.0,
							"rotationZ": -19.0,
							"faces": {
								"west": {
									"texture": "#mesh9",
									"uv": [ 4.5, 9.5, 6.5, 11.5 ],
									"autoUv": false
								}
							}
						}
					]
				},
				{
					"name": "origin",
					"from": [ 4.0, 0.0, 14.0 ],
					"to": [ 4.0, 0.0, 14.0 ],
					"rotationOrigin": [ 4.0, 0.0, 14.0 ],
					"rotationX": -180.0,
					"rotationY": -7.0,
					"rotationZ": -180.0,
					"faces": {
					},
					"children": [
						{
							"name": "spike1",
							"from": [ -3.0, -0.9, 5.0 ],
							"to": [ 1.0, 10.1, 9.0 ],
							"rotationOrigin": [ -2.0, -0.9, 6.0 ],
							"rotationX": -39.0,
							"rotationZ": -17.0,
							"faces": {
								"north": {
									"texture": "#thorns",
									"uv": [ 7.5, 1.0, 11.5, 12.0 ]
								},
								"east": {
									"texture": "#thorns",
									"uv": [ 6.0, 2.5, 10.0, 13.5 ]
								},
								"south": {
									"texture": "#thorns",
									"uv": [ 6.0, 1.0, 10.0, 12.0 ]
								},
								"west": {
									"texture": "#thorns",
									"uv": [ 6.0, 4.0, 10.0, 15.0 ]
								},
								"up": {
									"texture": "#thorns",
									"uv": [ 4.5, 1.5, 8.5, 5.5 ]
								},
								"down": {
									"texture": "#thorns",
									"uv": [ 10.5, 10.0, 14.5, 14.0 ]
								}
							},
							"children": [
								{
									"name": "Cube2",
									"from": [ 0.3, 10.3, 0.5 ],
									"to": [ 3.8, 17.3, 4.0 ],
									"rotationOrigin": [ 1.05, 10.8, 1.15 ],
									"rotationX": 6.0,
									"rotationZ": -14.0,
									"faces": {
										"north": {
											"texture": "#thorns",
											"uv": [ 11.0, 2.0, 14.5, 9.0 ]
										},
										"east": {
											"texture": "#thorns",
											"uv": [ 1.5, 6.0, 5.0, 13.0 ]
										},
										"south": {
											"texture": "#thorns",
											"uv": [ 5.0, 2.0, 8.5, 9.0 ]
										},
										"west": {
											"texture": "#thorns",
											"uv": [ 4.5, 1.5, 8.0, 8.5 ]
										},
										"up": {
											"texture": "#thorns",
											"uv": [ 9.0, 9.0, 12.5, 12.5 ]
										}
									},
									"children": [
										{
											"name": "Cube3",
											"from": [ 0.4, 6.7, 0.2 ],
											"to": [ 3.4, 20.7, 3.2 ],
											"rotationOrigin": [ 0.9, 7.0, 0.7 ],
											"rotationZ": 17.0,
											"faces": {
												"north": {
													"texture": "#thorns",
													"uv": [ 11.0, 1.0, 14.0, 15.0 ]
												},
												"east": {
													"texture": "#thorns",
													"uv": [ 10.0, 1.5, 13.0, 15.5 ]
												},
												"south": {
													"texture": "#thorns",
													"uv": [ 5.5, 1.5, 8.5, 15.5 ]
												},
												"west": {
													"texture": "#thorns",
													"uv": [ 4.5, 0.5, 7.5, 14.5 ]
												},
												"up": {
													"texture": "#thorns",
													"uv": [ 4.0, 10.5, 7.0, 13.5 ]
												}
											}
										},
										{
											"name": "thorn3",
											"from": [ 0.5, 4.0, 0.0 ],
											"to": [ 3.5, 9.0, 3.0 ],
											"rotationOrigin": [ 1.0, 4.0, 0.5 ],
											"rotationX": -28.0,
											"rotationY": 6.0,
											"rotationZ": -14.0,
											"faces": {
												"north": {
													"texture": "#thorns",
													"uv": [ 12.5, 6.0, 15.5, 11.0 ]
												},
												"east": {
													"texture": "#thorns",
													"uv": [ 9.5, 5.5, 12.5, 10.5 ]
												},
												"south": {
													"texture": "#thorns",
													"uv": [ 4.0, 3.0, 7.0, 8.0 ]
												},
												"west": {
													"texture": "#thorns",
													"uv": [ 0.0, 4.5, 3.0, 9.5 ]
												},
												"up": {
													"texture": "#thorns",
													"uv": [ 11.0, 6.5, 14.0, 9.5 ]
												}
											}
										}
									]
								},
								{
									"name": "thorn1",
									"from": [ 0.9, 6.0, 0.0 ],
									"to": [ 2.9, 14.0, 2.0 ],
									"rotationOrigin": [ 1.4, 6.0, 0.5 ],
									"rotationY": -53.0,
									"rotationZ": 36.0,
									"faces": {
										"north": {
											"texture": "#thorns",
											"uv": [ 12.5, 6.5, 14.5, 14.5 ]
										},
										"east": {
											"texture": "#thorns",
											"uv": [ 8.5, 4.0, 10.5, 12.0 ]
										},
										"south": {
											"texture": "#thorns",
											"uv": [ 4.0, 2.5, 6.0, 10.5 ]
										},
										"west": {
											"texture": "#thorns",
											"uv": [ 4.0, 0.0, 6.0, 8.0 ]
										},
										"up": {
											"texture": "#thorns",
											"uv": [ 9.5, 13.0, 11.5, 15.0 ]
										}
									}
								},
								{
									"name": "thorn2",
									"from": [ 1.0, 3.0, 1.0 ],
									"to": [ 4.0, 8.0, 4.0 ],
									"rotationOrigin": [ 1.5, 3.0, 1.5 ],
									"rotationX": 30.0,
									"rotationY": -36.0,
									"rotationZ": -11.0,
									"faces": {
										"north": {
											"texture": "#thorns",
											"uv": [ 8.0, 0.5, 11.0, 5.5 ]
										},
										"east": {
											"texture": "#thorns",
											"uv": [ 10.5, 5.5, 13.5, 10.5 ]
										},
										"south": {
											"texture": "#thorns",
											"uv": [ 11.5, 7.0, 14.5, 12.0 ]
										},
										"west": {
											"texture": "#thorns",
											"uv": [ 6.0, 1.5, 9.0, 6.5 ]
										},
										"up": {
											"texture": "#thorns",
											"uv": [ 1.0, 8.5, 4.0, 11.5 ]
										}
									}
								}
							]
						},
						{
							"name": "spike2",
							"from": [ 4.5, -0.9, 1.5 ],
							"to": [ 8.0, 15.1, 5.0 ],
							"rotationOrigin": [ 5.0, -0.9, 2.0 ],
							"rotationX": -58.0,
							"rotationY": -24.0,
							"rotationZ": -20.0,
							"faces": {
								"north": {
									"texture": "#thorns",
									"uv": [ 8.5, 0.0, 12.0, 16.0 ]
								},
								"east": {
									"texture": "#thorns",
									"uv": [ 8.5, 0.0, 12.0, 16.0 ]
								},
								"south": {
									"texture": "#thorns",
									"uv": [ 5.5, 0.0, 9.0, 16.0 ]
								},
								"west": {
									"texture": "#thorns",
									"uv": [ 0.0, 0.0, 3.5, 16.0 ]
								},
								"up": {
									"texture": "#thorns",
									"uv": [ 6.0, 3.0, 9.5, 6.5 ]
								},
								"down": {
									"texture": "#thorns",
									"uv": [ 0.5, 4.0, 4.0, 7.5 ]
								}
							}
						},
						{
							"name": "spike3",
							"from": [ -5.5, -0.5, -3.5 ],
							"to": [ -2.5, 10.5, -0.5 ],
							"rotationOrigin": [ -5.0, -0.5, -3.0 ],
							"rotationX": -58.0,
							"rotationY": -11.0,
							"rotationZ": -47.0,
							"faces": {
								"north": {
									"texture": "#thorns",
									"uv": [ 0.0, 1.0, 3.0, 12.0 ]
								},
								"east": {
									"texture": "#thorns",
									"uv": [ 5.0, 1.0, 8.0, 12.0 ]
								},
								"south": {
									"texture": "#thorns",
									"uv": [ 0.5, 2.5, 3.5, 13.5 ]
								},
								"west": {
									"texture": "#thorns",
									"uv": [ 6.0, 1.0, 9.0, 12.0 ]
								},
								"up": {
									"texture": "#thorns",
									"uv": [ 10.0, 2.0, 13.0, 5.0 ]
								},
								"down": {
									"texture": "#thorns",
									"uv": [ 3.0, 6.0, 6.0, 9.0 ]
								}
							}
						},
						{
							"name": "spike4",
							"from": [ -7.5, -0.9, 6.5 ],
							"to": [ -4.0, 15.1, 10.0 ],
							"rotationOrigin": [ -7.0, -0.9, 7.0 ],
							"rotationX": -58.0,
							"rotationY": -11.0,
							"rotationZ": -5.0,
							"faces": {
								"north": {
									"texture": "#thorns",
									"uv": [ 0.0, 0.0, 3.5, 16.0 ]
								},
								"east": {
									"texture": "#thorns",
									"uv": [ 2.0, 0.0, 5.5, 16.0 ]
								},
								"south": {
									"texture": "#thorns",
									"uv": [ 11.5, 0.0, 15.0, 16.0 ]
								},
								"west": {
									"texture": "#thorns",
									"uv": [ 1.5, 0.0, 5.0, 16.0 ]
								},
								"up": {
									"texture": "#thorns",
									"uv": [ 1.0, 4.5, 4.5, 8.0 ]
								},
								"down": {
									"texture": "#thorns",
									"uv": [ 1.0, 1.0, 4.5, 4.5 ]
								}
							},
							"children": [
								{
									"name": "thorn4",
									"from": [ 0.3, 15.5, 0.0 ],
									"to": [ 3.3, 26.5, 3.0 ],
									"rotationOrigin": [ 0.8, 15.5, 0.5 ],
									"rotationX": 28.0,
									"rotationZ": 17.0,
									"faces": {
										"north": {
											"texture": "#thorns",
											"uv": [ 4.0, 0.5, 7.0, 11.5 ]
										},
										"east": {
											"texture": "#thorns",
											"uv": [ 11.5, 0.5, 14.5, 11.5 ]
										},
										"south": {
											"texture": "#thorns",
											"uv": [ 11.0, 4.0, 14.0, 15.0 ]
										},
										"west": {
											"texture": "#thorns",
											"uv": [ 2.5, 0.5, 5.5, 11.5 ]
										},
										"up": {
											"texture": "#thorns",
											"uv": [ 0.0, 0.0, 3.0, 3.0 ]
										}
									}
								}
							]
						}
					]
				},
				{
					"name": "origin2",
					"from": [ 4.0, 0.0, -2.0 ],
					"to": [ 4.0, 0.0, -2.0 ],
					"rotationOrigin": [ 4.0, 0.0, -2.0 ],
					"rotationY": 21.0,
					"faces": {
					},
					"children": [
						{
							"name": "spike1b",
							"from": [ -3.0, -1.8, 4.0 ],
							"to": [ 2.0, 14.2, 9.0 ],
							"rotationOrigin": [ -1.0, -1.8, 6.0 ],
							"rotationX": -45.0,
							"rotationZ": -17.0,
							"faces": {
								"north": {
									"texture": "#thorns",
									"uv": [ 0.5, 0.0, 5.5, 16.0 ]
								},
								"east": {
									"texture": "#thorns",
									"uv": [ 1.5, 0.0, 6.5, 16.0 ]
								},
								"south": {
									"texture": "#thorns",
									"uv": [ 8.0, 0.0, 13.0, 16.0 ]
								},
								"west": {
									"texture": "#thorns",
									"uv": [ 6.0, 0.0, 11.0, 16.0 ]
								},
								"down": {
									"texture": "#thorns",
									"uv": [ 8.5, 4.5, 13.5, 9.5 ]
								}
							},
							"children": [
								{
									"name": "Cube2b",
									"from": [ 0.6, 20.5, 0.7 ],
									"to": [ 4.6, 34.5, 4.7 ],
									"rotationOrigin": [ 2.1, 21.5, 2.0 ],
									"rotationX": 7.0,
									"rotationZ": 6.0,
									"faces": {
										"north": {
											"texture": "#thorns",
											"uv": [ 6.5, 0.0, 10.5, 14.0 ]
										},
										"east": {
											"texture": "#thorns",
											"uv": [ 11.5, 1.5, 15.5, 15.5 ]
										},
										"south": {
											"texture": "#thorns",
											"uv": [ 9.5, 0.0, 13.5, 14.0 ]
										},
										"west": {
											"texture": "#thorns",
											"uv": [ 11.0, 1.0, 15.0, 15.0 ]
										},
										"up": {
											"texture": "#thorns",
											"uv": [ 4.0, 1.5, 8.0, 5.5 ]
										}
									},
									"children": [
										{
											"name": "Cube3b",
											"from": [ 0.3, 13.4, 0.4 ],
											"to": [ 3.3, 25.4, 3.4 ],
											"rotationOrigin": [ 2.3, 14.0, 1.4 ],
											"rotationX": 47.0,
											"rotationY": -3.0,
											"rotationZ": 19.0,
											"faces": {
												"north": {
													"texture": "#thorns",
													"uv": [ 1.5, 3.0, 4.5, 15.0 ]
												},
												"east": {
													"texture": "#thorns",
													"uv": [ 8.5, 1.0, 11.5, 13.0 ]
												},
												"south": {
													"texture": "#thorns",
													"uv": [ 5.0, 0.5, 8.0, 12.5 ]
												},
												"west": {
													"texture": "#thorns",
													"uv": [ 8.5, 1.0, 11.5, 13.0 ]
												},
												"up": {
													"texture": "#thorns",
													"uv": [ 9.5, 8.0, 12.5, 11.0 ]
												},
												"down": {
													"texture": "#thorns",
													"uv": [ 0.0, 0.0, 3.0, 3.0 ],
													"windMode": [ -1, -1, -1, -1 ],
													"windData": [ 0, 0, 1, 1 ]
												}
											},
											"children": [
												{
													"name": "Cube9b",
													"from": [ 0.0, 12.0, 0.0 ],
													"to": [ 2.5, 25.0, 2.5 ],
													"rotationOrigin": [ 0.0, 12.0, 0.0 ],
													"rotationX": 30.0,
													"rotationZ": 6.0,
													"faces": {
														"north": {
															"texture": "#thorns",
															"uv": [ 9.0, 2.0, 11.5, 15.0 ]
														},
														"east": {
															"texture": "#thorns",
															"uv": [ 2.0, 2.0, 4.5, 15.0 ]
														},
														"south": {
															"texture": "#thorns",
															"uv": [ 11.5, 2.5, 14.0, 15.5 ]
														},
														"west": {
															"texture": "#thorns",
															"uv": [ 10.0, 0.5, 12.5, 13.5 ]
														},
														"up": {
															"texture": "#thorns",
															"uv": [ 4.5, 12.0, 7.0, 14.5 ]
														}
													}
												}
											]
										}
									]
								},
								{
									"name": "thorn1b",
									"from": [ -4.0, 8.0, -5.0 ],
									"to": [ -1.0, 22.0, -2.0 ],
									"rotationOrigin": [ -3.0, 8.0, -4.0 ],
									"rotationY": 6.0,
									"rotationZ": 33.0,
									"faces": {
										"north": {
											"texture": "#thorns",
											"uv": [ 7.0, 1.5, 10.0, 15.5 ]
										},
										"east": {
											"texture": "#thorns",
											"uv": [ 12.5, 1.0, 15.5, 15.0 ]
										},
										"south": {
											"texture": "#thorns",
											"uv": [ 11.5, 0.5, 14.5, 14.5 ]
										},
										"west": {
											"texture": "#thorns",
											"uv": [ 5.0, 1.5, 8.0, 15.5 ]
										},
										"up": {
											"texture": "#thorns",
											"uv": [ 12.5, 10.0, 15.5, 13.0 ]
										}
									},
									"children": [
										{
											"name": "Cube5b",
											"from": [ 0.0, 14.0, 0.0 ],
											"to": [ 2.5, 23.0, 2.5 ],
											"rotationOrigin": [ 0.0, 14.0, 0.0 ],
											"rotationX": 28.0,
											"rotationZ": -11.0,
											"faces": {
												"north": {
													"texture": "#thorns",
													"uv": [ 12.0, 6.5, 14.5, 15.5 ]
												},
												"east": {
													"texture": "#thorns",
													"uv": [ 13.0, 4.0, 15.5, 13.0 ]
												},
												"south": {
													"texture": "#thorns",
													"uv": [ 0.0, 3.0, 2.5, 12.0 ]
												},
												"west": {
													"texture": "#thorns",
													"uv": [ 0.5, 0.0, 3.0, 9.0 ]
												},
												"up": {
													"texture": "#thorns",
													"uv": [ 11.5, 12.0, 14.0, 14.5 ]
												}
											},
											"children": [
												{
													"name": "Cube6",
													"from": [ 0.4, 8.1, 0.5 ],
													"to": [ 2.4, 15.1, 2.5 ],
													"rotationOrigin": [ 0.9, 8.1, 1.0 ],
													"rotationX": -33.0,
													"rotationZ": 22.0,
													"faces": {
														"north": {
															"texture": "#thorns",
															"uv": [ 3.5, 3.5, 5.5, 10.5 ]
														},
														"east": {
															"texture": "#thorns",
															"uv": [ 10.5, 1.5, 12.5, 8.5 ]
														},
														"south": {
															"texture": "#thorns",
															"uv": [ 10.5, 8.5, 12.5, 15.5 ]
														},
														"west": {
															"texture": "#thorns",
															"uv": [ 1.5, 3.0, 3.5, 10.0 ]
														},
														"up": {
															"texture": "#thorns",
															"uv": [ 9.5, 11.5, 11.5, 13.5 ]
														}
													}
												}
											]
										}
									]
								},
								{
									"name": "thorn2b",
									"from": [ 6.4, 3.7, 1.4 ],
									"to": [ 9.4, 13.7, 4.4 ],
									"rotationOrigin": [ 7.4, 3.7, 2.4 ],
									"rotationX": 30.0,
									"rotationY": 6.0,
									"rotationZ": -19.0,
									"faces": {
										"north": {
											"texture": "#thorns",
											"uv": [ 8.0, 2.0, 11.0, 12.0 ]
										},
										"east": {
											"texture": "#thorns",
											"uv": [ 9.5, 4.0, 12.5, 14.0 ]
										},
										"south": {
											"texture": "#thorns",
											"uv": [ 9.0, 2.0, 12.0, 12.0 ]
										},
										"west": {
											"texture": "#thorns",
											"uv": [ 9.0, 1.0, 12.0, 11.0 ]
										},
										"up": {
											"texture": "#thorns",
											"uv": [ 8.0, 12.0, 11.0, 15.0 ]
										}
									},
									"children": [
										{
											"name": "Cube7",
											"from": [ 0.0, 9.5, 0.0 ],
											"to": [ 2.5, 22.5, 2.5 ],
											"rotationOrigin": [ 1.0, 9.5, 1.0 ],
											"rotationX": -11.0,
											"rotationZ": -17.0,
											"faces": {
												"north": {
													"texture": "#thorns",
													"uv": [ 8.0, 1.5, 10.5, 14.5 ]
												},
												"east": {
													"texture": "#thorns",
													"uv": [ 3.0, 2.0, 5.5, 15.0 ]
												},
												"south": {
													"texture": "#thorns",
													"uv": [ 1.0, 1.0, 3.5, 14.0 ]
												},
												"west": {
													"texture": "#thorns",
													"uv": [ 1.5, 0.0, 4.0, 13.0 ]
												},
												"up": {
													"texture": "#thorns",
													"uv": [ 13.0, 1.5, 15.5, 4.0 ]
												}
											},
											"children": [
												{
													"name": "Cube8",
													"from": [ 0.5, 11.6, 0.4 ],
													"to": [ 2.5, 20.6, 2.4 ],
													"rotationOrigin": [ 0.5, 12.1, 0.4 ],
													"rotationX": 11.0,
													"rotationZ": 42.0,
													"faces": {
														"north": {
															"texture": "#thorns",
															"uv": [ 7.5, 6.0, 9.5, 15.0 ]
														},
														"east": {
															"texture": "#thorns",
															"uv": [ 7.0, 4.5, 9.0, 13.5 ]
														},
														"south": {
															"texture": "#thorns",
															"uv": [ 2.0, 2.5, 4.0, 11.5 ]
														},
														"west": {
															"texture": "#thorns",
															"uv": [ 9.0, 4.0, 11.0, 13.0 ]
														},
														"up": {
															"texture": "#thorns",
															"uv": [ 8.5, 4.0, 10.5, 6.0 ]
														}
													}
												}
											]
										}
									]
								},
								{
									"name": "Cube4",
									"from": [ 0.0, 16.0, 0.0 ],
									"to": [ 5.0, 23.0, 5.0 ],
									"rotationOrigin": [ 0.0, 16.0, 0.0 ],
									"faces": {
										"north": {
											"texture": "#thorns",
											"uv": [ 8.0, 7.0, 13.0, 14.0 ]
										},
										"east": {
											"texture": "#thorns",
											"uv": [ 7.5, 8.0, 12.5, 15.0 ]
										},
										"south": {
											"texture": "#thorns",
											"uv": [ 4.0, 6.0, 9.0, 13.0 ]
										},
										"west": {
											"texture": "#thorns",
											"uv": [ 7.0, 8.0, 12.0, 15.0 ]
										},
										"up": {
											"texture": "#thorns",
											"uv": [ 9.5, 6.5, 14.5, 11.5 ]
										}
									},
									"children": [
										{
											"name": "thorn4b",
											"from": [ 2.0, 0.0, 2.0 ],
											"to": [ 5.0, 10.0, 5.0 ],
											"rotationOrigin": [ 3.0, 0.0, 3.0 ],
											"rotationX": 47.0,
											"rotationZ": -25.0,
											"faces": {
												"north": {
													"texture": "#thorns",
													"uv": [ 8.5, 1.0, 11.5, 11.0 ]
												},
												"east": {
													"texture": "#thorns",
													"uv": [ 7.0, 4.5, 10.0, 14.5 ]
												},
												"south": {
													"texture": "#thorns",
													"uv": [ 10.5, 1.5, 13.5, 11.5 ]
												},
												"west": {
													"texture": "#thorns",
													"uv": [ 8.5, 0.0, 11.5, 10.0 ]
												},
												"up": {
													"texture": "#thorns",
													"uv": [ 1.0, 2.0, 4.0, 5.0 ]
												}
											},
											"children": [
												{
													"name": "Cube11",
													"from": [ 0.0, 9.4, 0.0 ],
													"to": [ 2.5, 18.4, 2.5 ],
													"rotationOrigin": [ 1.0, 9.4, 1.0 ],
													"rotationX": 25.0,
													"rotationZ": 19.0,
													"faces": {
														"north": {
															"texture": "#thorns",
															"uv": [ 1.5, 3.0, 4.0, 12.0 ]
														},
														"east": {
															"texture": "#thorns",
															"uv": [ 11.0, 0.0, 13.5, 9.0 ]
														},
														"south": {
															"texture": "#thorns",
															"uv": [ 12.0, 2.0, 14.5, 11.0 ]
														},
														"west": {
															"texture": "#thorns",
															"uv": [ 0.5, 1.0, 3.0, 10.0 ]
														},
														"up": {
															"texture": "#thorns",
															"uv": [ 11.5, 4.5, 14.0, 7.0 ]
														}
													}
												}
											]
										}
									]
								}
							]
						},
						{
							"name": "spike2b",
							"from": [ -7.0, -1.0, -1.0 ],
							"to": [ -4.0, 13.0, 2.0 ],
							"rotationOrigin": [ -6.0, -1.0, 0.0 ],
							"rotationX": -36.0,
							"rotationZ": 25.0,
							"faces": {
								"north": {
									"texture": "#thorns",
									"uv": [ 5.5, 0.5, 8.5, 14.5 ]
								},
								"east": {
									"texture": "#thorns",
									"uv": [ 3.0, 1.5, 6.0, 15.5 ]
								},
								"south": {
									"texture": "#thorns",
									"uv": [ 1.0, 1.5, 4.0, 15.5 ]
								},
								"west": {
									"texture": "#thorns",
									"uv": [ 1.5, 0.0, 4.5, 14.0 ]
								},
								"up": {
									"texture": "#thorns",
									"uv": [ 8.5, 8.0, 11.5, 11.0 ]
								},
								"down": {
									"texture": "#thorns",
									"uv": [ 6.0, 3.5, 9.0, 6.5 ]
								}
							},
							"children": [
								{
									"name": "thorn5",
									"from": [ 0.0, 14.0, 0.3 ],
									"to": [ 2.5, 25.0, 2.8 ],
									"rotationOrigin": [ 0.0, 14.0, 0.3 ],
									"rotationX": 22.0,
									"rotationZ": -28.0,
									"faces": {
										"north": {
											"texture": "#thorns",
											"uv": [ 10.0, 0.0, 12.5, 11.0 ]
										},
										"east": {
											"texture": "#thorns",
											"uv": [ 12.0, 3.5, 14.5, 14.5 ]
										},
										"south": {
											"texture": "#thorns",
											"uv": [ 12.0, 1.5, 14.5, 12.5 ]
										},
										"west": {
											"texture": "#thorns",
											"uv": [ 2.5, 2.5, 5.0, 13.5 ]
										},
										"up": {
											"texture": "#thorns",
											"uv": [ 12.5, 8.5, 15.0, 11.0 ]
										}
									},
									"children": [
										{
											"name": "Cube12",
											"from": [ 0.6, 11.0, 0.4 ],
											"to": [ 2.6, 19.0, 2.4 ],
											"rotationOrigin": [ 0.6, 11.0, 0.4 ],
											"rotationX": 17.0,
											"rotationZ": -17.0,
											"faces": {
												"north": {
													"texture": "#thorns",
													"uv": [ 11.5, 3.5, 13.5, 11.5 ]
												},
												"east": {
													"texture": "#thorns",
													"uv": [ 11.5, 5.5, 13.5, 13.5 ]
												},
												"south": {
													"texture": "#thorns",
													"uv": [ 3.0, 2.5, 5.0, 10.5 ]
												},
												"west": {
													"texture": "#thorns",
													"uv": [ 1.5, 1.5, 3.5, 9.5 ]
												},
												"up": {
													"texture": "#thorns",
													"uv": [ 7.5, 10.5, 9.5, 12.5 ]
												}
											}
										}
									]
								},
								{
									"name": "thorn6",
									"from": [ 0.0, 8.0, 0.0 ],
									"to": [ 3.0, 17.0, 3.0 ],
									"rotationOrigin": [ 0.5, 8.0, 0.5 ],
									"rotationX": -33.0,
									"rotationY": -17.0,
									"rotationZ": 17.0,
									"faces": {
										"north": {
											"texture": "#thorns",
											"uv": [ 6.5, 0.5, 9.5, 9.5 ]
										},
										"east": {
											"texture": "#thorns",
											"uv": [ 8.5, 0.5, 11.5, 9.5 ]
										},
										"south": {
											"texture": "#thorns",
											"uv": [ 8.0, 2.5, 11.0, 11.5 ]
										},
										"west": {
											"texture": "#thorns",
											"uv": [ 12.5, 2.5, 15.5, 11.5 ]
										},
										"up": {
											"texture": "#thorns",
											"uv": [ 9.5, 8.0, 12.5, 11.0 ]
										}
									}
								}
							]
						},
						{
							"name": "thorn3b",
							"from": [ -5.87, -0.92, -9.29 ],
							"to": [ -2.87, 9.08, -6.29 ],
							"rotationOrigin": [ -4.874, -0.9197, -8.289 ],
							"rotationX": -22.0,
							"rotationY": 3.0,
							"rotationZ": -36.0,
							"faces": {
								"north": {
									"texture": "#thorns",
									"uv": [ 9.0, 4.5, 12.0, 14.5 ]
								},
								"east": {
									"texture": "#thorns",
									"uv": [ 3.5, 0.0, 6.5, 10.0 ]
								},
								"south": {
									"texture": "#thorns",
									"uv": [ 1.5, 1.0, 4.5, 11.0 ]
								},
								"west": {
									"texture": "#thorns",
									"uv": [ 4.0, 4.0, 7.0, 14.0 ]
								},
								"up": {
									"texture": "#thorns",
									"uv": [ 8.5, 2.0, 11.5, 5.0 ]
								}
							},
							"children": [
								{
									"name": "Cube10",
									"from": [ 0.0, 10.0, 0.0 ],
									"to": [ 2.5, 18.0, 2.5 ],
									"rotationOrigin": [ 0.0, 10.0, 0.0 ],
									"rotationX": 30.0,
									"rotationZ": -14.0,
									"faces": {
										"north": {
											"texture": "#thorns",
											"uv": [ 6.5, 6.5, 9.0, 14.5 ]
										},
										"east": {
											"texture": "#thorns",
											"uv": [ 12.0, 5.0, 14.5, 13.0 ]
										},
										"south": {
											"texture": "#thorns",
											"uv": [ 6.5, 1.0, 9.0, 9.0 ]
										},
										"west": {
											"texture": "#thorns",
											"uv": [ 9.0, 0.5, 11.5, 8.5 ]
										},
										"up": {
											"texture": "#thorns",
											"uv": [ 7.0, 4.0, 9.5, 6.5 ]
										}
									}
								}
							]
						}
					]
				},
				{
					"name": "fern3",
					"from": [ -7.0, -5.0, 10.0 ],
					"to": [ -7.0, -5.0, 10.0 ],
					"rotationOrigin": [ 1.0, -5.0, 18.0 ],
					"faces": {
					},
					"children": [
						{
							"name": "face 3d",
							"from": [ -4.0, 0.0, 8.0 ],
							"to": [ 20.0, 32.0, 8.0 ],
							"shade": false,
							"climateColorMap": "climatePlantTint",
							"seasonColorMap": "seasonalCinnamonfern",
							"rotationOrigin": [ 7.0, 0.0, 8.0 ],
							"rotationX": 67.5,
							"rotationY": 10.0,
							"faces": {
								"north": {
									"texture": "#tall",
									"uv": [ 0.0, 0.0, 16.0, 15.0 ],
									"autoUv": false,
									"windMode": [ 0, 1, 1, 0 ],
									"windData": [ 0, 0, 0, 0 ]
								}
							}
						},
						{
							"name": "face 4d",
							"from": [ -4.0, 0.0, 8.0 ],
							"to": [ 20.0, 32.0, 8.0 ],
							"shade": false,
							"climateColorMap": "climatePlantTint",
							"seasonColorMap": "seasonalCinnamonfern",
							"rotationOrigin": [ 7.0, 0.0, 8.0 ],
							"rotationX": -67.5,
							"rotationY": 10.0,
							"faces": {
								"north": {
									"texture": "#tall",
									"uv": [ 0.0, 0.0, 15.0, 15.0 ],
									"autoUv": false,
									"windMode": [ 0, 1, 1, 0 ],
									"windData": [ 0, 0, 0, 0 ]
								}
							}
						},
						{
							"name": "face 5d",
							"from": [ -3.0, 0.0, 7.0 ],
							"to": [ 21.0, 32.0, 7.0 ],
							"shade": false,
							"climateColorMap": "climatePlantTint",
							"seasonColorMap": "seasonalCinnamonfern",
							"rotationOrigin": [ 8.0, 0.0, 7.0 ],
							"rotationX": -80.0,
							"rotationY": -22.5,
							"rotationZ": -90.0,
							"faces": {
								"north": {
									"texture": "#tall",
									"uv": [ 0.0, 0.0, 16.0, 15.0 ],
									"autoUv": false,
									"windMode": [ 0, 1, 1, 0 ],
									"windData": [ 0, 0, 0, 0 ]
								}
							}
						},
						{
							"name": "face 6d",
							"from": [ -3.0, 0.0, 7.5 ],
							"to": [ 21.0, 32.0, 7.5 ],
							"shade": false,
							"climateColorMap": "climatePlantTint",
							"seasonColorMap": "seasonalCinnamonfern",
							"rotationOrigin": [ 8.0, 0.0, 7.5 ],
							"rotationX": -100.0,
							"rotationY": -157.5,
							"rotationZ": -90.0,
							"faces": {
								"north": {
									"texture": "#tall",
									"uv": [ 0.0, 0.0, 16.0, 15.0 ],
									"autoUv": false,
									"windMode": [ 0, 1, 1, 0 ],
									"windData": [ 0, 0, 0, 0 ]
								}
							}
						},
						{
							"name": "face 7d",
							"from": [ -3.0, 0.0, 7.3 ],
							"to": [ 21.0, 32.0, 7.3 ],
							"shade": false,
							"climateColorMap": "climatePlantTint",
							"seasonColorMap": "seasonalCinnamonfern",
							"rotationOrigin": [ 8.0, 0.0, 7.3 ],
							"rotationX": -67.5,
							"rotationY": -135.0,
							"rotationZ": -45.0,
							"faces": {
								"north": {
									"texture": "#tall",
									"uv": [ 0.0, 0.0, 16.0, 15.0 ],
									"autoUv": false,
									"windMode": [ 0, 1, 1, 0 ],
									"windData": [ 0, 1, 1, 0 ]
								}
							}
						},
						{
							"name": "face 8d",
							"from": [ -2.6, 0.0, 7.8 ],
							"to": [ 21.4, 32.0, 7.8 ],
							"shade": false,
							"climateColorMap": "climatePlantTint",
							"seasonColorMap": "seasonalCinnamonfern",
							"rotationOrigin": [ 8.4, 0.0, 7.8 ],
							"rotationX": -135.0,
							"rotationY": -22.5,
							"rotationZ": -157.5,
							"faces": {
								"north": {
									"texture": "#tall",
									"uv": [ 0.0, 0.0, 16.0, 15.0 ],
									"autoUv": false,
									"windMode": [ 0, 1, 1, 0 ],
									"windData": [ 0, 1, 1, 0 ]
								}
							}
						},
						{
							"name": "face 9d",
							"from": [ -3.5, 0.0, 7.6 ],
							"to": [ 20.5, 32.0, 7.6 ],
							"shade": false,
							"climateColorMap": "climatePlantTint",
							"seasonColorMap": "seasonalCinnamonfern",
							"rotationOrigin": [ 7.5, 0.0, 7.6 ],
							"rotationX": -45.0,
							"rotationY": -22.5,
							"rotationZ": -22.5,
							"faces": {
								"north": {
									"texture": "#tall",
									"uv": [ 0.0, 0.0, 15.0, 15.0 ],
									"autoUv": false,
									"windMode": [ 0, 1, 1, 0 ],
									"windData": [ 0, 1, 1, 0 ]
								}
							}
						},
						{
							"name": "face 10d",
							"from": [ -3.3, 0.0, 7.7 ],
							"to": [ 20.7, 32.0, 7.7 ],
							"shade": false,
							"climateColorMap": "climatePlantTint",
							"seasonColorMap": "seasonalCinnamonfern",
							"rotationOrigin": [ 7.7, 0.0, 7.7 ],
							"rotationX": 45.0,
							"rotationY": -22.5,
							"rotationZ": 22.5,
							"faces": {
								"north": {
									"texture": "#tall",
									"uv": [ 0.0, 0.0, 15.0, 15.0 ],
									"autoUv": false,
									"windMode": [ 0, 1, 1, 0 ],
									"windData": [ 0, 1, 1, 0 ]
								}
							}
						},
						{
							"name": "centerd",
							"from": [ 8.0, 0.0, 8.0 ],
							"to": [ 8.0, 0.0, 8.0 ],
							"rotationOrigin": [ 8.0, 0.0, 8.0 ],
							"faces": {
							},
							"children": [
								{
									"name": "middle1d",
									"from": [ -12.0, 0.0, 0.0 ],
									"to": [ 12.0, 24.0, 0.0 ],
									"shade": false,
									"climateColorMap": "climatePlantTint",
									"seasonColorMap": "seasonalCinnamonfern",
									"rotationOrigin": [ 0.0, 0.0, 0.0 ],
									"rotationY": -75.0,
									"faces": {
										"north": {
											"texture": "#short",
											"uv": [ 0.0, 0.0, 15.0, 15.0 ],
											"autoUv": false,
											"windMode": [ 0, 1, 1, 0 ],
											"windData": [ 0, 1, 1, 0 ]
										}
									}
								},
								{
									"name": "middle2d",
									"from": [ -12.0, 0.0, 0.0 ],
									"to": [ 12.0, 24.0, 0.0 ],
									"shade": false,
									"climateColorMap": "climatePlantTint",
									"seasonColorMap": "seasonalCinnamonfern",
									"rotationOrigin": [ 0.0, 0.0, 0.0 ],
									"rotationY": -22.0,
									"faces": {
										"north": {
											"texture": "#short",
											"uv": [ 0.0, 0.0, 15.0, 15.0 ],
											"autoUv": false,
											"windMode": [ 0, 1, 1, 0 ],
											"windData": [ 0, 1, 1, 0 ]
										}
									}
								},
								{
									"name": "middle3d",
									"from": [ -12.0, 0.0, 0.0 ],
									"to": [ 12.0, 24.0, 0.0 ],
									"shade": false,
									"climateColorMap": "climatePlantTint",
									"seasonColorMap": "seasonalCinnamonfern",
									"rotationOrigin": [ 0.0, 0.0, 0.0 ],
									"rotationX": -180.0,
									"rotationY": -45.0,
									"rotationZ": -180.0,
									"faces": {
										"north": {
											"texture": "#short",
											"uv": [ 0.0, 0.0, 15.0, 15.0 ],
											"autoUv": false,
											"windMode": [ 0, 1, 1, 0 ],
											"windData": [ 0, 1, 1, 0 ]
										}
									}
								}
							]
						},
						{
							"name": "center-untintedd",
							"from": [ 8.0, 3.0, 8.0 ],
							"to": [ 8.0, 3.0, 8.0 ],
							"rotationOrigin": [ 8.0, 3.0, 8.0 ],
							"rotationY": -22.5,
							"faces": {
							},
							"children": [
								{
									"name": "middle15d",
									"from": [ -12.0, 0.0, 0.0 ],
									"to": [ 12.0, 24.0, 0.0 ],
									"shade": false,
									"climateColorMap": "",
									"seasonColorMap": "",
									"rotationOrigin": [ 0.0, 0.0, 0.0 ],
									"rotationY": -75.0,
									"faces": {
										"north": {
											"texture": "#center1",
											"uv": [ 0.0, 0.0, 13.0, 15.0 ],
											"autoUv": false,
											"windMode": [ 0, 1, 1, 0 ],
											"windData": [ 0, 1, 1, 0 ]
										}
									}
								},
								{
									"name": "middle16d",
									"from": [ -12.0, 0.0, 0.0 ],
									"to": [ 12.0, 24.0, 0.0 ],
									"shade": false,
									"climateColorMap": "",
									"seasonColorMap": "",
									"rotationOrigin": [ 0.0, 0.0, 0.0 ],
									"rotationY": -22.0,
									"faces": {
										"north": {
											"texture": "#center1",
											"uv": [ 0.0, 0.0, 16.0, 15.0 ],
											"autoUv": false,
											"windMode": [ 0, 1, 1, 0 ],
											"windData": [ 0, 1, 1, 0 ]
										}
									}
								},
								{
									"name": "middle17d",
									"from": [ -12.0, 0.0, 0.0 ],
									"to": [ 12.0, 24.0, 0.0 ],
									"shade": false,
									"climateColorMap": "",
									"seasonColorMap": "",
									"rotationOrigin": [ 0.0, 0.0, 0.0 ],
									"rotationX": -180.0,
									"rotationY": -45.0,
									"rotationZ": -180.0,
									"faces": {
										"north": {
											"texture": "#center1",
											"uv": [ 0.0, 0.0, 16.0, 15.0 ],
											"autoUv": false,
											"windMode": [ 0, 1, 1, 0 ],
											"windData": [ 0, 1, 1, 0 ]
										}
									}
								}
							]
						}
					]
				},
				{
					"name": "fern2",
					"from": [ -15.0, -3.0, -20.0 ],
					"to": [ -15.0, -3.0, -20.0 ],
					"rotationOrigin": [ -7.0, -3.0, -12.0 ],
					"faces": {
					},
					"children": [
						{
							"name": "face 7c",
							"from": [ -3.0, 0.0, 7.3 ],
							"to": [ 21.0, 32.0, 7.3 ],
							"shade": false,
							"climateColorMap": "climatePlantTint",
							"seasonColorMap": "seasonalCinnamonfern",
							"rotationOrigin": [ 8.0, 0.0, 7.3 ],
							"rotationX": -67.5,
							"rotationY": -135.0,
							"rotationZ": -45.0,
							"faces": {
								"north": {
									"texture": "#tall",
									"uv": [ 0.0, 0.0, 15.0, 15.0 ],
									"autoUv": false,
									"windMode": [ 0, 1, 1, 0 ],
									"windData": [ 0, 1, 1, 0 ]
								}
							}
						},
						{
							"name": "face 8c",
							"from": [ -2.6, 0.0, 7.8 ],
							"to": [ 21.4, 32.0, 7.8 ],
							"shade": false,
							"climateColorMap": "climatePlantTint",
							"seasonColorMap": "seasonalCinnamonfern",
							"rotationOrigin": [ 8.4, 0.0, 7.8 ],
							"rotationX": -135.0,
							"rotationY": -22.5,
							"rotationZ": -157.5,
							"faces": {
								"north": {
									"texture": "#tall",
									"uv": [ 0.0, 0.0, 16.0, 15.0 ],
									"autoUv": false,
									"windMode": [ 0, 1, 1, 0 ],
									"windData": [ 0, 1, 1, 0 ]
								}
							}
						},
						{
							"name": "face 9c",
							"from": [ -3.5, 0.0, 7.6 ],
							"to": [ 20.5, 32.0, 7.6 ],
							"shade": false,
							"climateColorMap": "climatePlantTint",
							"seasonColorMap": "seasonalCinnamonfern",
							"rotationOrigin": [ 7.5, 0.0, 7.6 ],
							"rotationX": -45.0,
							"rotationY": -22.5,
							"rotationZ": -22.5,
							"faces": {
								"north": {
									"texture": "#tall",
									"uv": [ 0.0, 0.0, 16.0, 15.0 ],
									"autoUv": false,
									"windMode": [ 0, 1, 1, 0 ],
									"windData": [ 0, 1, 1, 0 ]
								}
							}
						},
						{
							"name": "face 10c",
							"from": [ -3.3, 0.0, 7.7 ],
							"to": [ 20.7, 32.0, 7.7 ],
							"shade": false,
							"climateColorMap": "climatePlantTint",
							"seasonColorMap": "seasonalCinnamonfern",
							"rotationOrigin": [ 7.7, 0.0, 7.7 ],
							"rotationX": 45.0,
							"rotationY": -22.5,
							"rotationZ": 22.5,
							"faces": {
								"north": {
									"texture": "#tall",
									"uv": [ 0.0, 0.0, 16.0, 15.0 ],
									"autoUv": false,
									"windMode": [ 0, 1, 1, 0 ],
									"windData": [ 0, 1, 1, 0 ]
								}
							}
						},
						{
							"name": "centerc",
							"from": [ 8.0, 0.0, 8.0 ],
							"to": [ 8.0, 0.0, 8.0 ],
							"rotationOrigin": [ 8.0, 0.0, 8.0 ],
							"faces": {
							},
							"children": [
								{
									"name": "middle1c",
									"from": [ -12.0, 0.0, 0.0 ],
									"to": [ 12.0, 24.0, 0.0 ],
									"shade": false,
									"climateColorMap": "climatePlantTint",
									"seasonColorMap": "seasonalCinnamonfern",
									"rotationOrigin": [ 0.0, 0.0, 0.0 ],
									"rotationY": -75.0,
									"faces": {
										"north": {
											"texture": "#short",
											"uv": [ 0.0, 0.0, 15.0, 15.0 ],
											"autoUv": false,
											"windMode": [ 0, 1, 1, 0 ],
											"windData": [ 0, 1, 1, 0 ]
										}
									}
								},
								{
									"name": "middle2c",
									"from": [ -12.0, 0.0, 0.0 ],
									"to": [ 12.0, 24.0, 0.0 ],
									"shade": false,
									"climateColorMap": "climatePlantTint",
									"seasonColorMap": "seasonalCinnamonfern",
									"rotationOrigin": [ 0.0, 0.0, 0.0 ],
									"rotationY": -22.0,
									"faces": {
										"north": {
											"texture": "#short",
											"uv": [ 0.0, 0.0, 15.0, 15.0 ],
											"autoUv": false,
											"windMode": [ 0, 1, 1, 0 ],
											"windData": [ 0, 1, 1, 0 ]
										}
									}
								},
								{
									"name": "middle3c",
									"from": [ -12.0, 0.0, 0.0 ],
									"to": [ 12.0, 24.0, 0.0 ],
									"shade": false,
									"climateColorMap": "climatePlantTint",
									"seasonColorMap": "seasonalCinnamonfern",
									"rotationOrigin": [ 0.0, 0.0, 0.0 ],
									"rotationX": -180.0,
									"rotationY": -45.0,
									"rotationZ": -180.0,
									"faces": {
										"north": {
											"texture": "#short",
											"uv": [ 0.0, 0.0, 15.0, 15.0 ],
											"autoUv": false,
											"windMode": [ 0, 1, 1, 0 ],
											"windData": [ 0, 1, 1, 0 ]
										}
									}
								}
							]
						},
						{
							"name": "center-untintedc",
							"from": [ 8.0, 4.0, 8.0 ],
							"to": [ 8.0, 4.0, 8.0 ],
							"rotationOrigin": [ 8.0, 4.0, 8.0 ],
							"rotationY": -22.5,
							"faces": {
							},
							"children": [
								{
									"name": "middle15c",
									"from": [ -12.0, 0.0, 0.0 ],
									"to": [ 12.0, 24.0, 0.0 ],
									"shade": false,
									"climateColorMap": "",
									"seasonColorMap": "",
									"rotationOrigin": [ 0.0, 0.0, 0.0 ],
									"rotationY": -75.0,
									"faces": {
										"north": {
											"texture": "#center2",
											"uv": [ 0.0, 0.0, 13.0, 15.0 ],
											"autoUv": false,
											"windMode": [ 0, 1, 1, 0 ],
											"windData": [ 0, 1, 1, 0 ]
										}
									}
								},
								{
									"name": "middle16c",
									"from": [ -12.0, 0.0, 0.0 ],
									"to": [ 12.0, 24.0, 0.0 ],
									"shade": false,
									"climateColorMap": "",
									"seasonColorMap": "",
									"rotationOrigin": [ 0.0, 0.0, 0.0 ],
									"rotationY": -22.0,
									"faces": {
										"north": {
											"texture": "#center2",
											"uv": [ 0.0, 0.0, 13.0, 15.0 ],
											"autoUv": false,
											"windMode": [ 0, 1, 1, 0 ],
											"windData": [ 0, 1, 1, 0 ]
										}
									}
								},
								{
									"name": "middle17c",
									"from": [ -12.0, 0.0, 0.0 ],
									"to": [ 12.0, 24.0, 0.0 ],
									"shade": false,
									"climateColorMap": "",
									"seasonColorMap": "",
									"rotationOrigin": [ 0.0, 0.0, 0.0 ],
									"rotationX": -180.0,
									"rotationY": -45.0,
									"rotationZ": -180.0,
									"faces": {
										"north": {
											"texture": "#center2",
											"uv": [ 0.0, 0.0, 13.0, 15.0 ],
											"autoUv": false,
											"windMode": [ 0, 1, 1, 0 ],
											"windData": [ 0, 1, 1, 0 ]
										}
									}
								}
							]
						}
					]
				},
				{
					"name": "fern1",
					"from": [ 10.0, -7.0, -12.5 ],
					"to": [ 10.0, -7.0, -12.5 ],
					"rotationOrigin": [ 18.0, -7.0, -4.5 ],
					"faces": {
					},
					"children": [
						{
							"name": "face 7b",
							"from": [ -3.0, 0.0, 7.3 ],
							"to": [ 21.0, 32.0, 7.3 ],
							"shade": false,
							"climateColorMap": "climatePlantTint",
							"seasonColorMap": "seasonalCinnamonfern",
							"rotationOrigin": [ 8.0, 0.0, 7.3 ],
							"rotationX": -67.5,
							"rotationY": -135.0,
							"rotationZ": -45.0,
							"faces": {
								"north": {
									"texture": "#tall",
									"uv": [ 0.0, 0.0, 15.0, 16.0 ],
									"autoUv": false,
									"windMode": [ 0, 1, 1, 0 ],
									"windData": [ 0, 1, 1, 0 ]
								}
							}
						},
						{
							"name": "face 8b",
							"from": [ -2.6, 0.0, 7.8 ],
							"to": [ 21.4, 32.0, 7.8 ],
							"shade": false,
							"climateColorMap": "climatePlantTint",
							"seasonColorMap": "seasonalCinnamonfern",
							"rotationOrigin": [ 8.4, 0.0, 7.8 ],
							"rotationX": -135.0,
							"rotationY": -22.5,
							"rotationZ": -157.5,
							"faces": {
								"north": {
									"texture": "#tall",
									"uv": [ 0.0, 0.0, 15.0, 16.0 ],
									"autoUv": false,
									"windMode": [ 0, 1, 1, 0 ],
									"windData": [ 0, 1, 1, 0 ]
								}
							}
						},
						{
							"name": "face 9b",
							"from": [ -3.5, 0.0, 7.6 ],
							"to": [ 20.5, 32.0, 7.6 ],
							"shade": false,
							"climateColorMap": "climatePlantTint",
							"seasonColorMap": "seasonalCinnamonfern",
							"rotationOrigin": [ 7.5, 0.0, 7.6 ],
							"rotationX": -45.0,
							"rotationY": -22.5,
							"rotationZ": -22.5,
							"faces": {
								"north": {
									"texture": "#tall",
									"uv": [ 0.0, 0.0, 15.0, 16.0 ],
									"autoUv": false,
									"windMode": [ 0, 1, 1, 0 ],
									"windData": [ 0, 1, 1, 0 ]
								}
							}
						},
						{
							"name": "face 10b",
							"from": [ -3.3, 0.0, 7.7 ],
							"to": [ 20.7, 32.0, 7.7 ],
							"shade": false,
							"climateColorMap": "climatePlantTint",
							"seasonColorMap": "seasonalCinnamonfern",
							"rotationOrigin": [ 7.7, 0.0, 7.7 ],
							"rotationX": 45.0,
							"rotationY": -22.5,
							"rotationZ": 22.5,
							"faces": {
								"north": {
									"texture": "#tall",
									"uv": [ 0.0, 0.0, 14.0, 16.0 ],
									"autoUv": false,
									"windMode": [ 0, 1, 1, 0 ],
									"windData": [ 0, 1, 1, 0 ]
								}
							}
						},
						{
							"name": "centerb",
							"from": [ 8.0, 0.0, 8.0 ],
							"to": [ 8.0, 0.0, 8.0 ],
							"rotationOrigin": [ 8.0, 0.0, 8.0 ],
							"faces": {
							},
							"children": [
								{
									"name": "middle1b",
									"from": [ -12.0, 0.0, 0.0 ],
									"to": [ 12.0, 24.0, 0.0 ],
									"shade": false,
									"climateColorMap": "climatePlantTint",
									"seasonColorMap": "seasonalCinnamonfern",
									"rotationOrigin": [ 0.0, 0.0, 0.0 ],
									"rotationY": -75.0,
									"faces": {
										"north": {
											"texture": "#tall",
											"uv": [ 0.6667, 1.5, 14.67, 15.5 ],
											"autoUv": false,
											"windMode": [ 0, 1, 1, 0 ],
											"windData": [ 0, 1, 1, 0 ]
										}
									}
								},
								{
									"name": "middle2b",
									"from": [ -12.0, 0.0, 0.0 ],
									"to": [ 12.0, 24.0, 0.0 ],
									"shade": false,
									"climateColorMap": "climatePlantTint",
									"seasonColorMap": "seasonalCinnamonfern",
									"rotationOrigin": [ 0.0, 0.0, 0.0 ],
									"rotationY": -22.0,
									"faces": {
										"north": {
											"texture": "#tall",
											"uv": [ 0.0, 1.5, 15.0, 15.5 ],
											"autoUv": false,
											"windMode": [ 0, 1, 1, 0 ],
											"windData": [ 0, 1, 1, 0 ]
										}
									}
								},
								{
									"name": "middle3b",
									"from": [ -12.0, 0.0, 0.0 ],
									"to": [ 12.0, 24.0, 0.0 ],
									"shade": false,
									"climateColorMap": "climatePlantTint",
									"seasonColorMap": "seasonalCinnamonfern",
									"rotationOrigin": [ 0.0, 0.0, 0.0 ],
									"rotationX": -180.0,
									"rotationY": -45.0,
									"rotationZ": -180.0,
									"faces": {
										"north": {
											"texture": "#tall",
											"uv": [ 0.0, 2.0, 15.0, 15.8 ],
											"autoUv": false,
											"windMode": [ 0, 1, 1, 0 ],
											"windData": [ 0, 1, 1, 0 ]
										}
									}
								}
							]
						},
						{
							"name": "center-untintedb",
							"from": [ 8.0, 5.0, 8.0 ],
							"to": [ 8.0, 5.0, 8.0 ],
							"rotationOrigin": [ 8.0, 5.0, 8.0 ],
							"rotationY": -22.5,
							"faces": {
							},
							"children": [
								{
									"name": "middle15b",
									"from": [ -12.0, 0.0, 0.0 ],
									"to": [ 12.0, 24.0, 0.0 ],
									"shade": false,
									"climateColorMap": "",
									"seasonColorMap": "",
									"rotationOrigin": [ 0.0, 0.0, 0.0 ],
									"rotationY": -75.0,
									"faces": {
										"north": {
											"texture": "#center1",
											"uv": [ 0.0, 0.0, 15.0, 15.0 ],
											"autoUv": false,
											"windMode": [ 0, 1, 1, 0 ],
											"windData": [ 0, 1, 1, 0 ]
										}
									}
								},
								{
									"name": "middle16b",
									"from": [ -12.0, 0.0, 0.0 ],
									"to": [ 12.0, 24.0, 0.0 ],
									"shade": false,
									"climateColorMap": "",
									"seasonColorMap": "",
									"rotationOrigin": [ 0.0, 0.0, 0.0 ],
									"rotationY": -22.0,
									"faces": {
										"north": {
											"texture": "#center1",
											"uv": [ 0.0, 0.0, 15.0, 15.0 ],
											"autoUv": false,
											"windMode": [ 0, 1, 1, 0 ],
											"windData": [ 0, 1, 1, 0 ]
										}
									}
								},
								{
									"name": "middle17b",
									"from": [ -12.0, 0.0, 0.0 ],
									"to": [ 12.0, 24.0, 0.0 ],
									"shade": false,
									"climateColorMap": "",
									"seasonColorMap": "",
									"rotationOrigin": [ 0.0, 0.0, 0.0 ],
									"rotationX": -180.0,
									"rotationY": -45.0,
									"rotationZ": -180.0,
									"faces": {
										"north": {
											"texture": "#center1",
											"uv": [ 0.0, 0.0, 15.0, 15.0 ],
											"autoUv": false,
											"windMode": [ 0, 1, 1, 0 ],
											"windData": [ 0, 1, 1, 0 ]
										}
									}
								}
							]
						}
					]
				}
			]
		}
	],
	"animations": [
		{
			"name": "alarm",
			"code": "alarm",
			"quantityframes": 24,
			"onActivityStopped": "PlayTillEnd",
			"onAnimationEnd": "Hold",
			"keyframes": [
				{
					"frame": 0,
					"elements": {
						"well": {
							"rotationX": 0.0,
							"rotationY": 0.3,
							"rotationZ": 0.0
						},
						"Bellanchor": {
							"rotationX": 15.0,
							"rotationY": 0.0,
							"rotationZ": 0.0
						}
					}
				},
				{
					"frame": 6,
					"elements": {
						"well": {
							"rotationX": 0.0,
							"rotationY": -0.3,
							"rotationZ": 0.0
						},
						"Bellanchor": {
							"rotationX": 0.0,
							"rotationY": 0.0,
							"rotationZ": -15.0
						}
					}
				},
				{
					"frame": 12,
					"elements": {
						"Bellanchor": {
							"rotationX": -16.0,
							"rotationY": 0.0,
							"rotationZ": 0.0
						},
						"well": {
							"rotationX": 0.0,
							"rotationY": 0.3,
							"rotationZ": 0.0
						}
					}
				},
				{
					"frame": 18,
					"elements": {
						"Bellanchor": {
							"rotationX": 0.0,
							"rotationY": 0.0,
							"rotationZ": 17.0
						},
						"well": {
							"rotationX": 0.0,
							"rotationY": -0.4,
							"rotationZ": 0.0
						}
					}
				}
			]
		},

		{
			"name": "dead",
			"code": "dead",
			"quantityframes": 30,
			"onActivityStopped": "PlayTillEnd",
			"onAnimationEnd": "Hold",
			"keyframes": [
				{
					"frame": 9,
					"elements": {
						"well": {
							"rotationX": 0.0,
							"rotationY": 0.0,
							"rotationZ": 0.0
						}
					}
				}
			]
		},

		{
			"name": "idle",
			"code": "idle",
			"quantityframes": 30,
			"onActivityStopped": "PlayTillEnd",
			"onAnimationEnd": "Repeat",
			"keyframes": [
				{
					"frame": 3,
					"elements": {
						"well": {
							"rotationX": 0.0,
							"rotationY": 0.0,
							"rotationZ": 0.0
						}
					}
				}
			]
		}
	]
}