[
  {
      "code": "daub-black",
      "sealHours": 4,
      "ingredients": [
        {
          "type": "item",
          "code": "game:dye-black",
          "litres": 2,
          "consumeLitres": 2,
        },
        {
          "type": "block",
          "code": "game:daub-*-cracked",
          "name": "color",
          "allowedVariants": [
            "russet"
          ],
          "quantity": 1
        }
      ],
      "output": {
        "type": "block",
        "code": "game:daub-black-cracked",
        "quantity": 1
      }
  },
  {
      "code": "daub-charcoal",
      "sealHours": 4,
      "ingredients": [
        {
          "type": "item",
          "code": "game:dye-gray",
          "litres": 2,
          "consumeLitres": 2,
        },
        {
          "type": "block",
          "code": "game:daub-*-cracked",
          "name": "color",
          "allowedVariants": [
            "chestnut",
            "brown"
          ],
          "quantity": 1
        }
      ],
      "output": {
        "type": "block",
        "code": "game:daub-charcoal-cracked",
        "quantity": 1
      }
  },
  {
      "code": "daub-graphite",
      "sealHours": 4,
      "ingredients": [
        {
          "type": "item",
          "code": "game:dye-gray",
          "litres": 2,
          "consumeLitres": 2,
        },
        {
          "type": "block",
          "code": "game:daub-*-cracked",
          "name": "color",
          "allowedVariants": [
            "browngolden",
            "russet"
          ],
          "quantity": 1
        }
      ],
      "output": {
        "type": "block",
        "code": "game:daub-graphite-cracked",
        "quantity": 1
      }
  },
  {
      "code": "daub-pewter",
      "sealHours": 4,
      "ingredients": [
        {
          "type": "item",
          "code": "game:dye-white",
          "litres": 2,
          "consumeLitres": 2,
        },
        {
          "type": "block",
          "code": "game:daub-*-cracked",
          "name": "color",
          "allowedVariants": [
            "browngolden",
            "russet"
          ],
          "quantity": 1
        }
      ],
      "output": {
        "type": "block",
        "code": "game:daub-pewter-cracked",
        "quantity": 1
      }
  },
  {
      "code": "daub-viridian",
      "sealHours": 4,
      "ingredients": [
        {
          "type": "item",
          "code": "game:dye-cyan",
          "litres": 2,
          "consumeLitres": 2,
        },
        {
          "type": "block",
          "code": "game:daub-*-cracked",
          "name": "color",
          "allowedVariants": [
            "chestnut",
            "brown"
          ],
          "quantity": 1
        }
      ],
      "output": {
        "type": "block",
        "code": "game:daub-viridian-cracked",
        "quantity": 1
      }
  },
  {
      "code": "daub-moss",
      "sealHours": 4,
      "ingredients": [
        {
          "type": "item",
          "code": "game:dye-green",
          "litres": 2,
          "consumeLitres": 2,
        },
        {
          "type": "block",
          "code": "game:daub-*-cracked",
          "name": "color",
          "allowedVariants": [
            "russet"
          ],
          "quantity": 1
        }
      ],
      "output": {
        "type": "block",
        "code": "game:daub-moss-cracked",
        "quantity": 1
      }
  },
  {
      "code": "daub-chartreuse",
      "sealHours": 4,
      "ingredients": [
        {
          "type": "item",
          "code": "game:dye-chartreuse",
          "litres": 2,
          "consumeLitres": 2,
        },
        {
          "type": "block",
          "code": "game:daub-*-cracked",
          "name": "color",
          "allowedVariants": [
            "browngolden"
          ],
          "quantity": 1
        }
      ],
      "output": {
        "type": "block",
        "code": "game:daub-chartreuse-cracked",
        "quantity": 1
      }
  },
  {
      "code": "daub-sage",
      "sealHours": 4,
      "ingredients": [
        {
          "type": "item",
          "code": "game:dye-cyan",
          "litres": 2,
          "consumeLitres": 2,
        },
        {
          "type": "block",
          "code": "game:daub-*-cracked",
          "name": "color",
          "allowedVariants": [
            "browngolden"
          ],
          "quantity": 1
        }
      ],
      "output": {
        "type": "block",
        "code": "game:daub-sage-cracked",
        "quantity": 1
      }
  },
  {
      "code": "daub-turquoise",
      "sealHours": 4,
      "ingredients": [
        {
          "type": "item",
          "code": "game:dye-cyan",
          "litres": 2,
          "consumeLitres": 2,
        },
        {
          "type": "block",
          "code": "game:daub-*-cracked",
          "name": "color",
          "allowedVariants": [
            "russet",
          ],
          "quantity": 1
        }
      ],
      "output": {
        "type": "block",
        "code": "game:daub-turquoise-cracked",
        "quantity": 1
      }
  },
  {
      "code": "daub-azure",
      "sealHours": 4,
      "ingredients": [
        {
          "type": "item",
          "code": "game:dye-blue",
          "litres": 2,
          "consumeLitres": 2,
        },
        {
          "type": "block",
          "code": "game:daub-*-cracked",
          "name": "color",
          "allowedVariants": [
            "taupe"
          ],
          "quantity": 1
        }
      ],
      "output": {
        "type": "block",
        "code": "game:daub-azure-cracked",
        "quantity": 1
      }
  },
  {
      "code": "daub-cobalt",
      "sealHours": 4,
      "ingredients": [
        {
          "type": "item",
          "code": "game:dye-blue",
          "litres": 2,
          "consumeLitres": 2,
        },
        {
          "type": "block",
          "code": "game:daub-*-cracked",
          "name": "color",
          "allowedVariants": [
            "russet",
            "chestnut"
          ],
          "quantity": 1
        }
      ],
      "output": {
        "type": "block",
        "code": "game:daub-cobalt-cracked",
        "quantity": 1
      }
  },
  {
      "code": "daub-violet",
      "sealHours": 4,
      "ingredients": [
        {
          "type": "item",
          "code": "game:dye-purple",
          "litres": 2,
          "consumeLitres": 2,
        },
        {
          "type": "block",
          "code": "game:daub-*-cracked",
          "name": "color",
          "allowedVariants": [
            "browngolden",
            "russet",
            "chestnut"
          ],
          "quantity": 1
        }
      ],
      "output": {
        "type": "block",
        "code": "game:daub-violet-cracked",
        "quantity": 1
      }
  },
  {
      "code": "daub-magenta",
      "sealHours": 4,
      "ingredients": [
        {
          "type": "item",
          "code": "game:dye-magenta",
          "litres": 2,
          "consumeLitres": 2,
        },
        {
          "type": "block",
          "code": "game:daub-*-cracked",
          "name": "color",
          "allowedVariants": [
            "russet",
            "chestnut"
          ],
          "quantity": 1
        }
      ],
      "output": {
        "type": "block",
        "code": "game:daub-magenta-cracked",
        "quantity": 1
      }
  },
  {
      "code": "daub-rouge",
      "sealHours": 4,
      "ingredients": [
        {
          "type": "item",
          "code": "game:dye-pink",
          "litres": 2,
          "consumeLitres": 2,
        },
        {
          "type": "block",
          "code": "game:daub-*-cracked",
          "name": "color",
          "allowedVariants": [
            "taupe"
          ],
          "quantity": 1
        }
      ],
      "output": {
        "type": "block",
        "code": "game:daub-rouge-cracked",
        "quantity": 1
      }
  },
  {
      "code": "daub-salmon",
      "sealHours": 4,
      "ingredients": [
        {
          "type": "item",
          "code": "game:dye-pink",
          "litres": 2,
          "consumeLitres": 2,
        },
        {
          "type": "block",
          "code": "game:daub-*-cracked",
          "name": "color",
          "allowedVariants": [
            "tan"
          ],
          "quantity": 1
        }
      ],
      "output": {
        "type": "block",
        "code": "game:daub-salmon-cracked",
        "quantity": 1
      }
  },
  {
      "code": "daub-amber",
      "sealHours": 4,
      "ingredients": [
        {
          "type": "item",
          "code": "game:dye-amber",
          "litres": 2,
          "consumeLitres": 2,
        },
        {
          "type": "block",
          "code": "game:daub-*-cracked",
          "name": "color",
          "allowedVariants": [
            "browngolden",
            "russet",
          ],
          "quantity": 1
        }
      ],
      "output": {
        "type": "block",
        "code": "game:daub-amber-cracked",
        "quantity": 1
      }
  },
  {
      "code": "daub-taupe",
      "sealHours": 4,
      "ingredients": [
        {
          "type": "item",
          "code": "game:dye-brown",
          "litres": 2,
          "consumeLitres": 2,
        },
        {
          "type": "block",
          "code": "game:daub-*-cracked",
          "name": "color",
          "allowedVariants": [
            "tan"
          ],
          "quantity": 1
        }
      ],
      "output": {
        "type": "block",
        "code": "game:daub-taupe-cracked",
        "quantity": 1
      }
  },
  {
      "code": "daub-russet",
      "sealHours": 4,
      "ingredients": [
        {
          "type": "item",
          "code": "game:dye-brown",
          "litres": 2,
          "consumeLitres": 2,
        },
        {
          "type": "block",
          "code": "game:daub-*-cracked",
          "name": "color",
          "allowedVariants": [
            "browngolden"
          ],
          "quantity": 1
        }
      ],
      "output": {
        "type": "block",
        "code": "game:daub-russet-cracked",
        "quantity": 1
      }
  },
  {
      "code": "daub-taupe",
      "sealHours": 4,
      "ingredients": [
        {
          "type": "item",
          "code": "game:dye-orange",
          "litres": 2,
          "consumeLitres": 2,
        },
        {
          "type": "block",
          "code": "game:daub-*-cracked",
          "name": "color",
          "allowedVariants": [
            "sage"
          ],
          "quantity": 1
        }
      ],
      "output": {
        "type": "block",
        "code": "game:daub-taupe-cracked",
        "quantity": 1
      }
  },
  {
      "code": "daub-chestnut",
      "sealHours": 4,
      "ingredients": [
        {
          "type": "item",
          "code": "game:dye-brown",
          "litres": 2,
          "consumeLitres": 2,
        },
        {
          "type": "block",
          "code": "game:daub-*-cracked",
          "name": "color",
          "allowedVariants": [
            "russet"
          ],
          "quantity": 1
        }
      ],
      "output": {
        "type": "block",
        "code": "game:daub-chestnut-cracked",
        "quantity": 1
      }
  },
  {
      "code": "daub-coral",
      "sealHours": 4,
      "ingredients": [
        {
          "type": "item",
          "code": "game:dye-orange",
          "litres": 2,
          "consumeLitres": 2,
        },
        {
          "type": "block",
          "code": "game:daub-*-cracked",
          "name": "color",
          "allowedVariants": [
            "russet"
          ],
          "quantity": 1
        }
      ],
      "output": {
        "type": "block",
        "code": "game:daub-coral-cracked",
        "quantity": 1
      }
  },
  {
      "code": "daub-cinnabar",
      "sealHours": 4,
      "ingredients": [
        {
          "type": "item",
          "code": "game:dye-vermilion",
          "litres": 2,
          "consumeLitres": 2,
        },
        {
          "type": "block",
          "code": "game:daub-*-cracked",
          "name": "color",
          "allowedVariants": [
            "browngolden",
            "russet",
            "chestnut"
          ],
          "quantity": 1
        }
      ],
      "output": {
        "type": "block",
        "code": "game:daub-cinnabar-cracked",
        "quantity": 1
      }
  },
  {
      "code": "daub-red",
      "sealHours": 4,
      "ingredients": [
        {
          "type": "item",
          "code": "game:dye-red",
          "litres": 2,
          "consumeLitres": 2,
        },
        {
          "type": "block",
          "code": "game:daub-*-cracked",
          "name": "color",
          "allowedVariants": [
            "browngolden",
            "russet",
            "chestnut"
          ],
          "quantity": 1
        }
      ],
      "output": {
        "type": "block",
        "code": "game:daub-red-cracked",
        "quantity": 1
      }
  },
  {
      "code": "daub-oxblood",
      "sealHours": 4,
      "ingredients": [
        {
          "type": "item",
          "code": "game:dye-red",
          "litres": 2,
          "consumeLitres": 2,
        },
        {
          "type": "block",
          "code": "game:daub-*-cracked",
          "name": "color",
          "allowedVariants": [
            "brown"
          ],
          "quantity": 1
        }
      ],
      "output": {
        "type": "block",
        "code": "game:daub-oxblood-cracked",
        "quantity": 1
      }
  },
  {
      "code": "daub-lime",
      "sealHours": 4,
      "ingredients": [
        {
          "type": "item",
          "code": "game:dye-chartreuse",
          "litres": 2,
          "consumeLitres": 2,
        },
        {
          "type": "block",
          "code": "game:daub-*-cracked",
          "name": "color",
          "allowedVariants": [
            "taupe"
          ],
          "quantity": 1
        }
      ],
      "output": {
        "type": "block",
        "code": "game:daub-lime-cracked",
        "quantity": 1
      }
  },
  {
      "code": "daub-brownlight",
      "sealHours": 4,
      "ingredients": [
        {
          "type": "item",
          "code": "game:dye-white",
          "litres": 2,
          "consumeLitres": 2,
        },
        {
          "type": "block",
          "code": "game:daub-*-cracked",
          "name": "color",
          "allowedVariants": [
            "tan"
          ],
          "quantity": 1
        }
      ],
      "output": {
        "type": "block",
        "code": "game:daub-brownlight-cracked",
        "quantity": 1
      }
  },
  {
      "code": "daub-orange",
      "sealHours": 4,
      "ingredients": [
        {
          "type": "item",
          "code": "game:dye-orange",
          "litres": 2,
          "consumeLitres": 2,
        },
        {
          "type": "block",
          "code": "game:daub-*-cracked",
          "name": "color",
          "allowedVariants": [
            "taupe"
          ],
          "quantity": 1
        }
      ],
      "output": {
        "type": "block",
        "code": "game:daub-orange-cracked",
        "quantity": 1
      }
  },
  {
      "code": "daub-green",
      "sealHours": 4,
      "ingredients": [
        {
          "type": "item",
          "code": "game:dye-green",
          "litres": 2,
          "consumeLitres": 2,
        },
        {
          "type": "block",
          "code": "game:daub-*-cracked",
          "name": "color",
          "allowedVariants": [
            "chestnut"
          ],
          "quantity": 1
        }
      ],
      "output": {
        "type": "block",
        "code": "game:daub-green-cracked",
        "quantity": 1
      }
  },
  {
      "code": "daub-pink",
      "sealHours": 4,
      "ingredients": [
        {
          "type": "item",
          "code": "game:dye-pink",
          "litres": 2,
          "consumeLitres": 2,
        },
        {
          "type": "block",
          "code": "game:daub-*-cracked",
          "name": "color",
          "allowedVariants": [
            "brownlight"
          ],
          "quantity": 1
        }
      ],
      "output": {
        "type": "block",
        "code": "game:daub-pink-cracked",
        "quantity": 1
      }
  },
  {
      "code": "daub-yellow",
      "sealHours": 4,
      "ingredients": [
        {
          "type": "item",
          "code": "game:dye-yellow",
          "litres": 2,
          "consumeLitres": 2,
        },
        {
          "type": "block",
          "code": "game:daub-*-cracked",
          "name": "color",
          "allowedVariants": [
            "browngolden"
          ],
          "quantity": 1
        }
      ],
      "output": {
        "type": "block",
        "code": "game:daub-yellow-cracked",
        "quantity": 1
      }
  },
  {
      "code": "daub-ashen",
      "sealHours": 4,
      "ingredients": [
        {
          "type": "item",
          "code": "game:dye-gray",
          "litres": 2,
          "consumeLitres": 2,
        },
        {
          "type": "block",
          "code": "game:daub-*-cracked",
          "name": "color",
          "allowedVariants": [
            "taupe"
          ],
          "quantity": 1
        }
      ],
      "output": {
        "type": "block",
        "code": "game:daub-ash-cracked",
        "quantity": 1
      }
  },
  {
      "code": "daub-tan",
      "sealHours": 4,
      "ingredients": [
        {
          "type": "item",
          "code": "game:dye-white",
          "litres": 2,
          "consumeLitres": 2,
        },
        {
          "type": "block",
          "code": "game:daub-*-cracked",
          "name": "color",
          "allowedVariants": [
            "taupe"
          ],
          "quantity": 1
        }
      ],
      "output": {
        "type": "block",
        "code": "game:daub-tan-cracked",
        "quantity": 1
      }
  },
  {
      "code": "daub-browngolden",
      "sealHours": 4,
      "ingredients": [
        {
          "type": "item",
          "code": "game:dye-brown",
          "litres": 2,
          "consumeLitres": 2,
        },
        {
          "type": "block",
          "code": "game:daub-*-cracked",
          "name": "color",
          "allowedVariants": [
            "taupe"
          ],
          "quantity": 1
        }
      ],
      "output": {
        "type": "block",
        "code": "game:daub-browngolden-cracked",
        "quantity": 1
      }
  },
  {
      "code": "daub-brownweathered",
      "sealHours": 4,
      "ingredients": [
        {
          "type": "item",
          "code": "game:dye-white",
          "litres": 2,
          "consumeLitres": 2,
        },
        {
          "type": "block",
          "code": "game:daub-*-cracked",
          "name": "color",
          "allowedVariants": [
            "chestnut"
          ],
          "quantity": 1
        }
      ],
      "output": {
        "type": "block",
        "code": "game:daub-brownweathered-cracked",
        "quantity": 1
      }
  },
  {
      "code": "daub-brownweathered",
      "sealHours": 4,
      "ingredients": [
        {
          "type": "item",
          "code": "game:dye-white",
          "litres": 2,
          "consumeLitres": 2,
        },
        {
          "type": "block",
          "code": "game:daub-*-cracked",
          "name": "color",
          "allowedVariants": [
            "chestnut"
          ],
          "quantity": 1
        }
      ],
      "output": {
        "type": "block",
        "code": "game:daub-brownweathered-cracked",
        "quantity": 1
      }
  },
  {
      "code": "daub-brown",
      "sealHours": 4,
      "ingredients": [
        {
          "type": "item",
          "code": "game:dye-brown",
          "litres": 2,
          "consumeLitres": 2,
        },
        {
          "type": "block",
          "code": "game:daub-*-cracked",
          "name": "color",
          "allowedVariants": [
            "chestnut"
          ],
          "quantity": 1
        }
      ],
      "output": {
        "type": "block",
        "code": "game:daub-brown-cracked",
        "quantity": 1
      }
  },
]