[
	{
	"ingredientPattern": "P,S",
	"ingredients": {
		"P": { "type": "item", "code": "game:pickaxe-*", "isTool": true, "toolDurabilityCost": 3 },
		"S": { "type": "block", "code": "game:drystone-*", "name": "rock",
			"allowedVariants": [
				"andesite", "basalt", "bauxite", "chalk", "chert", "claystone", "conglomerate", "granite", "greenmarble", "kimberlite", "limestone", "peridotite", "phyllite", "redmarble", "sandstone", "shale", "slate", "suevite", "whitemarble" ] }
	},
	"width": 1,
	"height": 2,
	"recipeGroup": 3,
	"output": { "type": "item", "code": "game:stone-{rock}", "quantity": 8 }
	},
	{
	"ingredientPattern": "H,S",
	"ingredients": {
		"H": { "type": "item", "code": "game:hammer-*", "isTool": true, "toolDurabilityCost": 3 },
		"S": { "type": "block", "code": "game:drystone-*", "name": "rock",
			"allowedVariants": [
				"andesite", "basalt", "bauxite", "chalk", "chert", "claystone", "conglomerate", "granite", "greenmarble", "kimberlite", "limestone", "peridotite", "phyllite", "redmarble", "sandstone", "shale", "slate", "suevite", "whitemarble" ] }
	},
	"width": 1,
	"height": 2,
	"recipeGroup": 3,
	"output": { "type": "item", "code": "game:stone-{rock}", "quantity": 8 }
	}
]
