[
    {
        "name": "deconstruct with knife: fur coat",
        "ingredientPattern": "KC",
        "ingredients": {
            "K": { "type": "item", "code": "game:knife-*", "isTool": true },
            "C": { "type": "item", "code": "game:clothes-upperbodyover-fur-coat" }
        },
        "width": 2,
        "height": 1,
        "shapeless": true,
        "recipeGroup": 24,
        "output": { "type": "item", "code": "game:hide-pelt-small", "quantity": 4 }
    },
    {
        "name": "deconstruct with shears: fur coat",
        "ingredientPattern": "KC",
        "ingredients": {
            "K": { "type": "item", "code": "game:shears-*", "isTool": true },
            "C": { "type": "item", "code": "game:clothes-upperbodyover-fur-coat" }
        },
        "width": 2,
        "height": 1,
        "shapeless": true,
        "recipeGroup": 25,
        "output": { "type": "item", "code": "game:hide-pelt-small", "quantity": 4 }
    }
]
