{
  "code": "soil",
  "class": "BlockTrail",
  "variantgroups": [
    { "loadFromProperties": "abstract/fertility" },
    { "code": "trailwear", "states": ["pretrail"] }
  ],
  "behaviors": [

  ],
  "creativeinventory": { "general": ["*"], "flora": ["*"], "terrain": ["*"] },
  "shape": { "base": "game:block/basic/cube" },
  "drawtypeByType": { "*-none": "Cube", "*": "TopSoil" },
  "renderpassByType": { "*-none": "Opaque", "*": "TopSoil" },
  "blockmaterial": "Soil",
  "textures": {
    "all": { "base": "game:block/soil/fert{fertility}" },
    "snowed": { "base": "block/trail/snow/normal" },
    "specialSecondTexture": { "base": "block/trail/trailwear/wear{trailwear}" }
  },
  "attributes": { "mapColorCode": "land", "ignoreTintInventory": true },
  "texturesInventory": {
    "down": { "base": "game:block/soil/fert{fertility}" },
    "horizontals": { "base": "game:block/soil/fert{fertility}", "overlays": ["block/trail/trailwear/inventory/side_{trailwear}"] },
    "up": { "base": "game:block/soil/fert{fertility}", "overlays": ["block/trail/trailwear/inventory/top_{trailwear}"] }
  },
  "snowCoverage": true,
  "frostable": true,
  "replaceable": 400,
  "fertility": 100,
  "resistance": 1.5,
  "sounds": { "place": "game:block/dirt", "break": "game:block/dirt", "hit": "game:block/dirt", "walk": "game:walk/grass" },
  "drops": [
    { "type": "block", "code": "game:soil-{fertility}-none", "quantity": { "avg": 1, "var": 0 } }
  ],
  "heldTpIdleAnimation": "holdbothhandslarge",
  "heldRightReadyAnimation": "heldblockready",
  "heldTpUseAnimation": "twohandplaceblock",
  "tpHandTransform": { "translation": { "x": -1.23, "y": -0.91, "z": -0.8 }, "rotation": { "x": -2, "y": 25, "z": -78 }, "scale": 0.4 }
}
