{
  "code": "medicine",
  "behaviors": [
    {
      "name": "HealingItem",
      "properties": {
        "health": 12,
        "applicationtimesec": 3,
        "maxapplicationtimesec": 10,
        "effectdurationsec": 3,
        "ticks": 1,
        "cancelinair": false,
        "cancelwhileswimming": false,
        "delaytocancelsec": 0.5
      }
    }
  ],
  "nutritionprops": {
    "saturation": 50,
    "foodcategory": "fruit"
  },
  "transitionableProps": [
    {
      "type": "Perish",
      "freshHours": { "avg": 2000 },
      "transitionHours": { "avg": 24 },
      "transitionedStack": {
        "type": "item",
        "code": "game:rot"
      },
      "transitionRatio": 0.5
    }
  ],
  "shape": { "base": "aldiclasses:item/medicine" },
  "attributes": {
    "onDisplayTransform": {
      "origin": {
        "x": 0,
        "y": 0,
        "z": 0
      },
      "scale": 0.75
    },
    "displaycaseable": true,
    "shelvable": true
  },
  "maxstacksize": 16,
  "creativeinventory": {
    "general": [ "*" ],
    "items": [ "*" ],
    "aldiclasses": [ "*" ]
  },
  "materialDensity": 600,
  "guiTransform": {
    "translation": {
      "x": 1,
      "y": -7,
      "z": 0
    },
    "rotation": {
      "x": 138,
      "y": 41,
      "z": 7
    },
    "origin": {
      "x": 0.5,
      "y": 0.11,
      "z": 0.5
    },
    "scale": 5.83
  },
  "fpHandTransform": {
    "translation": {
      "x": 0,
      "y": 0,
      "z": 0
    },
    "rotation": {
      "x": 40,
      "y": 91,
      "z": 15
    },
    "origin": {
      "x": 0.8,
      "y": 0.4,
      "z": 0
    },
    "scale": 1.7
  },
  "groundTransform": {
    "translation": {
      "x": 0,
      "y": 0,
      "z": 0
    },
    "rotation": {
      "x": 180,
      "y": 33,
      "z": -180
    },
    "origin": {
      "x": 0.5,
      "y": 0,
      "z": 0.5
    },
    "scale": 3.0
  },
  "tpHandTransform": {
    "translation": {
      "x": 0,
      "y": 0,
      "z": 0
    },
    "rotation": {
      "x": 5,
      "y": 41,
      "z": -31
    },
    "origin": {
      "x": 0.16,
      "y": 0.05,
      "z": 0.08
    },
    "scale": 0.44
  }
}
