{
  "code": "mistletoe",
  "shape": { "base": "aldiclasses:item/mistletoe" },
  "creativeinventory": {
    "general": [ "*" ],
    "items": [ "*" ],
    "aldiclasses": ["*"]
  },
  "maxstacksize": 64,
  "storageFlags": 33,
  "materialDensity": 258,
  "combustibleProps": {
    "burnTemperature": 600,
    "burnDuration": 4
  },
  "guiTransform": {
    "translation": {
      "x": 0,
      "y": -4,
      "z": 0
    },
    "rotation": {
      "x": -43,
      "y": -31,
      "z": 30
    },
    "origin": {
      "x": 0.46,
      "y": 0.2,
      "z": 0.5
    },
    "scale": 1.77
  },
  "fpHandTransform": {
    "rotation": {
      "x": 84,
      "y": 92,
      "z": -30
    },
    "origin": {
      "x": 0.5,
      "y": 0.3,
      "z": 0.6
    },
    "scale": 1.31
  },
  "tpHandTransform": {
    "translation": {
      "x": -1.01,
      "y": -0.22,
      "z": -0.89
    },
    "rotation": {
      "x": -90,
      "y": -14,
      "z": -6
    },
    "origin": {
      "x": 0.5,
      "y": 0.1,
      "z": 0.5
    },
    "scale": 0.44
  },
  "groundTransform": {
    "translation": {
      "x": 0,
      "y": 0,
      "z": 0
    },
    "rotation": {
      "x": 90,
      "y": 0,
      "z": 0
    },
    "origin": {
      "x": 0.5,
      "y": 0.5,
      "z": 0.61
    },
    "scale": 3.5
  }
}