{
	"inheritFrom": "game:blocktypes/roofing/slantedroofingtip.json",
	"code": "slantedroofingtip",
	"variantgroups": [
		{ "code": "material", "states": [ "malachite", "green", "blurple", "purple" ] },
                { "code": "cover", "states": [ "free", "snow" ] }
	],
	"shapeByType": {
		"*":	{ "base": "game:block/roofing/tip/shingles-clay-{cover}" }
	},
	"texturesByType": {
		"*": { "material": { "base": "bricklayers:block/clay/shingles/{material}" } }
        },
	"blockmaterialByType": {
		"*": "Ceramic"
	},
	"creativeinventory": { "general": ["*-free"], "decorative": ["*-free"], "ceramics": [ "*-free" ] },
	"soundsbyType": {
		"*": { "walk": "game:walk/stone", "place": "game:block/ceramicplace" }
	}
}
