{
	"editor": {
		"allAngles": true,
		"entityTextureMode": true
	},
	"textureWidth": 24,
	"textureHeight": 24,
	"textureSizes": {
		"skin": [24,24]
	},
	"textures": {
	},
	"elements": [
		{
			"name": "Neck1",
			"from": [ 15.3, 8.7, 7.15 ],
			"to": [ 16.3, 10.2, 8.65 ],
			"unwrapMode": 7,
			"unwrapRotation": 1,
			"autoUnwrap": false,
			"uv": [ 3.5, 3.0 ],
			"rotationOrigin": [ 16.1, 10.0, 8.0 ],
			"rotationZ": 5.0,
			"faces": {
				"north": { "texture": "#skin", "uv": [ 4.5, 3.5, 6.0, 4.5 ], "rotation": 90 },
				"south": { "texture": "#skin", "uv": [ 1.5, 3.5, 3.0, 4.5 ], "rotation": 270 },
				"west": { "texture": "#skin", "uv": [ 8.0, 0.5, 9.5, 2.0 ] },
				"up": { "texture": "#skin", "uv": [ 3.0, 3.5, 4.5, 4.5 ], "rotation": 270 },
				"down": { "texture": "#skin", "uv": [ 6.0, 3.5, 7.5, 4.5 ], "rotation": 90 }
			},
			"children": [
				{
					"name": "Neck2",
					"from": [ -0.7, 0.1, 0.1 ],
					"to": [ 0.6, 1.5, 1.4 ],
					"unwrapMode": 7,
					"unwrapRotation": 1,
					"autoUnwrap": false,
					"uv": [ 4.0, 1.0 ],
					"rotationOrigin": [ 0.5, 1.3, 0.7 ],
					"rotationZ": -13.0,
					"faces": {
						"north": { "texture": "#skin", "uv": [ 4.0, 2.0, 5.0, 3.0 ], "rotation": 90 },
						"east": { "texture": "#skin", "uv": [ 6.5, 1.0, 7.5, 2.0 ] },
						"south": { "texture": "#skin", "uv": [ 2.0, 2.0, 3.0, 3.0 ], "rotation": 270 },
						"west": { "texture": "#skin", "uv": [ 3.0, 1.0, 4.0, 2.0 ], "rotation": 180 },
						"up": { "texture": "#skin", "uv": [ 3.0, 2.0, 4.0, 3.0 ], "rotation": 270 },
						"down": { "texture": "#skin", "uv": [ 5.0, 2.0, 6.0, 3.0 ], "rotation": 90 }
					},
					"children": [
						{
							"name": "Head",
							"from": [ -0.9, 0.5, -0.05 ],
							"to": [ 0.1, 1.5, 1.35 ],
							"unwrapMode": 4,
							"uv": [ 0.5, 16.0 ],
							"rotationOrigin": [ 0.0, 1.4, 0.65 ],
							"rotationZ": 22.0,
							"faces": {
								"north": { "texture": "#skin", "uv": [ 0.5, 17.0, 1.5, 18.0 ] },
								"east": { "texture": "#skin", "uv": [ 3.5, 17.0, 4.5, 18.0 ], "windMode": [-1,-1,-1,-1] },
								"south": { "texture": "#skin", "uv": [ 2.5, 17.0, 3.5, 18.0 ] },
								"west": { "texture": "#skin", "uv": [ 1.5, 17.0, 2.5, 18.0 ], "windMode": [-1,-1,-1,-1] },
								"up": { "texture": "#skin", "uv": [ 1.5, 16.0, 2.5, 17.0 ], "rotation": 90, "windMode": [-1,-1,-1,-1] },
								"down": { "texture": "#skin", "uv": [ 1.5, 18.0, 2.5, 19.0 ], "rotation": 90 }
							},
							"children": [
								{
									"name": "Face",
									"from": [ -0.9, 0.5, 0.3 ],
									"to": [ 0.1, 1.0, 1.1 ],
									"unwrapMode": 5,
									"unwrapRotation": 1,
									"uv": [ 0.5, 19.5 ],
									"rotationOrigin": [ 0.1, 1.0, 0.7 ],
									"rotationZ": 12.0,
									"faces": {
										"north": { "texture": "#skin", "uv": [ 0.5, 19.5, 1.0, 20.5 ], "rotation": 270 },
										"south": { "texture": "#skin", "uv": [ 1.5, 19.5, 2.0, 20.5 ], "rotation": 90 },
										"west": { "texture": "#skin", "uv": [ 1.0, 20.5, 1.5, 21.0 ], "windMode": [-1,-1,-1,-1] },
										"up": { "texture": "#skin", "uv": [ 1.0, 19.5, 1.5, 20.5 ], "rotation": 90 }
									},
									"children": [
										{
											"name": "Uppermouth",
											"from": [ 0.0, 0.0, -0.1 ],
											"to": [ 1.0, 0.3, 0.9 ],
											"unwrapMode": 5,
											"unwrapRotation": 1,
											"uv": [ 2.5, 20.0 ],
											"rotationOrigin": [ 0.0, 0.3, -0.1 ],
											"rotationZ": -20.0,
											"faces": {
												"north": { "texture": "#skin", "uv": [ 2.5, 20.0, 3.0, 21.0 ], "rotation": 270 },
												"south": { "texture": "#skin", "uv": [ 4.0, 20.0, 4.5, 21.0 ], "rotation": 90 },
												"west": { "texture": "#skin", "uv": [ 3.0, 21.0, 4.0, 21.5 ], "windMode": [-1,-1,-1,-1] },
												"up": { "texture": "#skin", "uv": [ 3.0, 20.0, 4.0, 21.0 ], "rotation": 90 },
												"down": { "texture": "#skin", "uv": [ 4.5, 20.0, 5.5, 21.0 ], "rotation": 270 }
											},
											"children": [
												{
													"name": "Upper teeth",
													"from": [ 0.1, -0.1, 0.1 ],
													"to": [ 0.2, 0.1, 0.2 ],
													"unwrapMode": 7,
													"unwrapRotation": 1,
													"uv": [ 3.0, 13.5 ],
													"rotationOrigin": [ 0.1, 0.1, 0.2 ],
													"rotationX": -2.0,
													"rotationZ": 7.0,
													"faces": {
														"north": { "texture": "#skin", "uv": [ 3.5, 14.0, 4.0, 14.5 ], "rotation": 90 },
														"east": { "texture": "#skin", "uv": [ 3.5, 14.5, 4.0, 15.0 ] },
														"south": { "texture": "#skin", "uv": [ 3.0, 14.0, 3.5, 14.5 ], "rotation": 270 },
														"west": { "texture": "#skin", "uv": [ 3.5, 13.5, 4.0, 14.0 ], "rotation": 180 },
														"down": { "texture": "#skin", "uv": [ 4.0, 14.0, 4.5, 14.5 ], "rotation": 90 }
													}
												},
												{
													"name": "Upper teeth2",
													"from": [ 0.1, -0.1, 0.8 ],
													"to": [ 0.2, 0.1, 0.9 ],
													"unwrapMode": 7,
													"unwrapRotation": 1,
													"uv": [ 3.0, 13.5 ],
													"rotationOrigin": [ 0.1, 0.1, 0.8 ],
													"rotationX": 2.0,
													"rotationZ": 7.0,
													"faces": {
														"north": { "texture": "#skin", "uv": [ 3.5, 14.0, 4.0, 14.5 ], "rotation": 90 },
														"east": { "texture": "#skin", "uv": [ 3.5, 14.5, 4.0, 15.0 ] },
														"south": { "texture": "#skin", "uv": [ 3.0, 14.0, 3.5, 14.5 ], "rotation": 270 },
														"west": { "texture": "#skin", "uv": [ 3.5, 13.5, 4.0, 14.0 ], "rotation": 180 },
														"down": { "texture": "#skin", "uv": [ 4.0, 14.0, 4.5, 14.5 ], "rotation": 90 }
													}
												}
											]
										},
										{
											"name": "Snout",
											"from": [ -0.05, 0.25, 0.15 ],
											"to": [ 0.25, 0.55, 0.65 ],
											"unwrapMode": 5,
											"unwrapRotation": 1,
											"uv": [ 3.0, 18.5 ],
											"rotationOrigin": [ -0.05, 0.25, 0.15 ],
											"rotationZ": -6.0,
											"faces": {
												"north": { "texture": "#skin", "uv": [ 3.0, 18.5, 3.5, 19.0 ], "rotation": 270 },
												"south": { "texture": "#skin", "uv": [ 4.0, 18.5, 4.5, 19.0 ], "rotation": 90 },
												"west": { "texture": "#skin", "uv": [ 3.5, 19.0, 4.0, 19.5 ] },
												"up": { "texture": "#skin", "uv": [ 3.5, 18.5, 4.0, 19.0 ], "rotation": 90 }
											}
										},
										{
											"name": "REye",
											"from": [ 0.7, 0.1, -0.2 ],
											"to": [ 0.9, 0.3, 0.0 ],
											"unwrapMode": 2,
											"uv": [ 1.0, 0.5 ],
											"rotationOrigin": [ 0.7, 0.1, 0.0 ],
											"rotationY": -15.0,
											"rotationZ": -20.0,
											"faces": {
												"north": { "texture": "#skin", "uv": [ 1.0, 1.0, 1.5, 1.5 ] },
												"west": { "texture": "#skin", "uv": [ 1.5, 1.0, 2.0, 1.5 ] },
												"up": { "texture": "#skin", "uv": [ 1.0, 0.5, 1.5, 1.0 ], "rotation": 270 },
												"down": { "texture": "#skin", "uv": [ 1.0, 1.5, 1.5, 2.0 ], "rotation": 270, "windMode": [-1,-1,-1,-1] }
											},
											"children": [
												{
													"name": "RPupil",
													"from": [ -0.01, 0.05, 0.05 ],
													"to": [ 0.09, 0.15, 0.15 ],
													"unwrapMode": 4,
													"uv": [ 8.0, 2.5 ],
													"rotationOrigin": [ -0.01, 0.05, 0.05 ],
													"faces": {
														"north": { "texture": "#skin", "uv": [ 8.0, 3.0, 8.5, 3.5 ] },
														"south": { "texture": "#skin", "uv": [ 9.0, 3.0, 9.5, 3.5 ] },
														"west": { "texture": "#skin", "uv": [ 8.5, 3.0, 9.0, 3.5 ] },
														"up": { "texture": "#skin", "uv": [ 8.5, 2.5, 9.0, 3.0 ], "rotation": 90 },
														"down": { "texture": "#skin", "uv": [ 8.5, 3.5, 9.0, 4.0 ], "rotation": 90 }
													}
												}
											]
										},
										{
											"name": "LEye",
											"from": [ 0.7, 0.1, 0.8 ],
											"to": [ 0.9, 0.3, 1.0 ],
											"unwrapMode": 2,
											"uv": [ 0.5, 0.5 ],
											"rotationOrigin": [ 0.7, 0.1, 0.8 ],
											"rotationY": 15.0,
											"rotationZ": -20.0,
											"faces": {
												"south": { "texture": "#skin", "uv": [ 0.5, 1.0, 1.0, 1.5 ] },
												"west": { "texture": "#skin", "uv": [ 1.0, 1.0, 1.5, 1.5 ] },
												"up": { "texture": "#skin", "uv": [ 1.0, 0.5, 1.5, 1.0 ], "rotation": 270 },
												"down": { "texture": "#skin", "uv": [ 1.0, 1.5, 1.5, 2.0 ], "rotation": 270, "windMode": [-1,-1,-1,-1] }
											},
											"children": [
												{
													"name": "LPupil",
													"from": [ -0.01, 0.05, 0.05 ],
													"to": [ 0.09, 0.15, 0.15 ],
													"unwrapMode": 4,
													"uv": [ 8.0, 2.5 ],
													"rotationOrigin": [ -0.01, 0.05, 0.05 ],
													"faces": {
														"north": { "texture": "#skin", "uv": [ 8.0, 3.0, 8.5, 3.5 ] },
														"south": { "texture": "#skin", "uv": [ 9.0, 3.0, 9.5, 3.5 ] },
														"west": { "texture": "#skin", "uv": [ 8.5, 3.0, 9.0, 3.5 ] },
														"up": { "texture": "#skin", "uv": [ 8.5, 2.5, 9.0, 3.0 ], "rotation": 90 },
														"down": { "texture": "#skin", "uv": [ 8.5, 3.5, 9.0, 4.0 ], "rotation": 90 }
													}
												}
											]
										}
									]
								},
								{
									"name": "Jaw",
									"from": [ 0.0, -0.5, 0.04 ],
									"to": [ 1.0, 0.5, 1.36 ],
									"unwrapMode": 6,
									"unwrapRotation": 1,
									"uv": [ 5.0, 16.5 ],
									"rotationOrigin": [ 0.9, 0.0, 0.7 ],
									"rotationZ": -25.0,
									"faces": {
										"north": { "texture": "#skin", "uv": [ 5.0, 17.5, 6.0, 18.5 ], "rotation": 90 },
										"east": { "texture": "#skin", "uv": [ 6.0, 18.5, 7.0, 19.5 ], "rotation": 180, "windMode": [-1,-1,-1,-1] },
										"south": { "texture": "#skin", "uv": [ 7.0, 17.5, 8.0, 18.5 ], "rotation": 270 },
										"west": { "texture": "#skin", "uv": [ 6.0, 16.5, 7.0, 17.5 ], "windMode": [-1,-1,-1,-1] },
										"down": { "texture": "#skin", "uv": [ 6.0, 17.5, 7.0, 18.5 ], "rotation": 90 }
									},
									"children": [
										{
											"name": "Lowermouth",
											"from": [ -0.8, 0.0, 0.22 ],
											"to": [ 0.2, 0.3, 1.12 ],
											"unwrapMode": 5,
											"unwrapRotation": 1,
											"uv": [ 6.0, 20.0 ],
											"rotationOrigin": [ 0.2, 0.1, 0.6 ],
											"rotationZ": 8.0,
											"faces": {
												"north": { "texture": "#skin", "uv": [ 6.0, 20.0, 6.5, 21.0 ], "rotation": 270 },
												"south": { "texture": "#skin", "uv": [ 7.0, 20.0, 7.5, 21.0 ], "rotation": 90 },
												"west": { "texture": "#skin", "uv": [ 6.5, 21.0, 7.0, 21.5 ] },
												"up": { "texture": "#skin", "uv": [ 6.5, 20.0, 7.0, 21.0 ], "rotation": 90 },
												"down": { "texture": "#skin", "uv": [ 7.5, 20.0, 8.0, 21.0 ], "rotation": 270 }
											},
											"children": [
												{
													"name": "Lower teeth",
													"from": [ 0.1, 0.1, 0.2 ],
													"to": [ 0.2, 0.4, 0.3 ],
													"unwrapMode": 2,
													"uv": [ 3.0, 15.5 ],
													"rotationOrigin": [ 0.1, 0.1, 0.3 ],
													"rotationX": -5.0,
													"rotationZ": 10.0,
													"faces": {
														"north": { "texture": "#skin", "uv": [ 4.0, 16.0, 4.5, 16.5 ] },
														"east": { "texture": "#skin", "uv": [ 3.5, 16.0, 4.0, 16.5 ] },
														"south": { "texture": "#skin", "uv": [ 3.0, 16.0, 3.5, 16.5 ] },
														"west": { "texture": "#skin", "uv": [ 4.5, 16.0, 5.0, 16.5 ] },
														"up": { "texture": "#skin", "uv": [ 3.5, 15.5, 4.0, 16.0 ], "rotation": 270 }
													}
												},
												{
													"name": "Lower teeth2",
													"from": [ 0.1, 0.1, 0.6 ],
													"to": [ 0.2, 0.4, 0.7 ],
													"unwrapMode": 2,
													"uv": [ 3.0, 15.5 ],
													"rotationOrigin": [ 0.1, 0.1, 0.6 ],
													"rotationX": 5.0,
													"rotationZ": 10.0,
													"faces": {
														"north": { "texture": "#skin", "uv": [ 4.0, 16.0, 4.5, 16.5 ] },
														"east": { "texture": "#skin", "uv": [ 3.5, 16.0, 4.0, 16.5 ] },
														"south": { "texture": "#skin", "uv": [ 3.0, 16.0, 3.5, 16.5 ] },
														"west": { "texture": "#skin", "uv": [ 4.5, 16.0, 5.0, 16.5 ] },
														"up": { "texture": "#skin", "uv": [ 3.5, 15.5, 4.0, 16.0 ], "rotation": 270 }
													}
												}
											]
										}
									]
								},
								{
									"name": "R Earbase",
									"from": [ 0.8, 0.9, 0.3 ],
									"to": [ 1.6, 1.2, 0.5 ],
									"unwrapMode": 3,
									"uv": [ 8.5, 20.0 ],
									"rotationOrigin": [ 0.8, 0.9, 0.4 ],
									"rotationY": 58.5,
									"rotationZ": -55.0,
									"faces": {
										"north": { "texture": "#skin", "uv": [ 10.0, 20.5, 10.5, 21.0 ] },
										"east": { "texture": "#skin", "uv": [ 9.5, 20.5, 10.0, 21.0 ] },
										"south": { "texture": "#skin", "uv": [ 9.0, 20.5, 9.5, 21.0 ] },
										"west": { "texture": "#skin", "uv": [ 8.5, 20.5, 9.0, 21.0 ] },
										"up": { "texture": "#skin", "uv": [ 9.0, 20.0, 9.5, 20.5 ] }
									},
									"children": [
										{
											"name": "R Eartip",
											"from": [ 0.0, 0.3, 0.0 ],
											"to": [ 0.3, 0.8, 0.2 ],
											"unwrapMode": 3,
											"uv": [ 8.5, 18.0 ],
											"rotationOrigin": [ 0.0, 0.3, 0.0 ],
											"rotationZ": -25.0,
											"faces": {
												"north": { "texture": "#skin", "uv": [ 10.0, 18.5, 10.5, 19.0 ] },
												"east": { "texture": "#skin", "uv": [ 9.5, 18.5, 10.0, 19.0 ], "windMode": [-1,-1,-1,-1] },
												"south": { "texture": "#skin", "uv": [ 9.0, 18.5, 9.5, 19.0 ] },
												"west": { "texture": "#skin", "uv": [ 8.5, 18.5, 9.0, 19.0 ], "windMode": [-1,-1,-1,-1] },
												"up": { "texture": "#skin", "uv": [ 9.0, 18.0, 9.5, 18.5 ], "windMode": [-1,-1,-1,-1] }
											}
										},
										{
											"name": "R Eartip2",
											"from": [ 0.5, 0.3, 0.09 ],
											"to": [ 0.8, 0.8, 0.19 ],
											"unwrapMode": 3,
											"uv": [ 8.5, 16.5 ],
											"rotationOrigin": [ 0.8, 0.3, 0.1 ],
											"rotationZ": 45.0,
											"faces": {
												"north": { "texture": "#skin", "uv": [ 10.0, 17.0, 10.5, 17.5 ] },
												"east": { "texture": "#skin", "uv": [ 9.5, 17.0, 10.0, 17.5 ], "windMode": [-1,-1,-1,-1] },
												"south": { "texture": "#skin", "uv": [ 9.0, 17.0, 9.5, 17.5 ] },
												"west": { "texture": "#skin", "uv": [ 8.5, 17.0, 9.0, 17.5 ], "windMode": [-1,-1,-1,-1] },
												"up": { "texture": "#skin", "uv": [ 9.0, 16.5, 9.5, 17.0 ] }
											}
										}
									]
								},
								{
									"name": "L Earbase",
									"from": [ 0.8, 0.9, 1.0 ],
									"to": [ 1.6, 1.2, 1.2 ],
									"unwrapMode": 1,
									"uv": [ 0.5, 14.5 ],
									"rotationOrigin": [ 0.8, 0.9, 1.0 ],
									"rotationY": -60.5,
									"rotationZ": -55.0,
									"faces": {
										"north": { "texture": "#skin", "uv": [ 1.0, 15.0, 1.5, 15.5 ] },
										"east": { "texture": "#skin", "uv": [ 0.5, 15.0, 1.0, 15.5 ] },
										"south": { "texture": "#skin", "uv": [ 2.0, 15.0, 2.5, 15.5 ] },
										"west": { "texture": "#skin", "uv": [ 1.5, 15.0, 2.0, 15.5 ] },
										"up": { "texture": "#skin", "uv": [ 1.0, 14.5, 1.5, 15.0 ], "rotation": 180 }
									},
									"children": [
										{
											"name": "L Eartip",
											"from": [ 0.0, 0.3, 0.0 ],
											"to": [ 0.3, 0.8, 0.2 ],
											"unwrapMode": 1,
											"uv": [ 0.5, 13.0 ],
											"rotationOrigin": [ 0.0, 0.3, 0.0 ],
											"rotationZ": -25.0,
											"faces": {
												"north": { "texture": "#skin", "uv": [ 1.0, 13.5, 1.5, 14.0 ] },
												"east": { "texture": "#skin", "uv": [ 0.5, 13.5, 1.0, 14.0 ], "windMode": [-1,-1,-1,-1] },
												"south": { "texture": "#skin", "uv": [ 2.0, 13.5, 2.5, 14.0 ] },
												"west": { "texture": "#skin", "uv": [ 1.5, 13.5, 2.0, 14.0 ], "windMode": [-1,-1,-1,-1] },
												"up": { "texture": "#skin", "uv": [ 1.0, 13.0, 1.5, 13.5 ], "rotation": 180 }
											}
										},
										{
											"name": "L Eartip2",
											"from": [ 0.5, 0.3, 0.01 ],
											"to": [ 0.8, 0.8, 0.11 ],
											"unwrapMode": 1,
											"uv": [ 0.5, 11.5 ],
											"rotationOrigin": [ 0.8, 0.3, 0.1 ],
											"rotationZ": 45.0,
											"faces": {
												"north": { "texture": "#skin", "uv": [ 1.0, 12.0, 1.5, 12.5 ] },
												"east": { "texture": "#skin", "uv": [ 0.5, 12.0, 1.0, 12.5 ], "windMode": [-1,-1,-1,-1] },
												"south": { "texture": "#skin", "uv": [ 2.0, 12.0, 2.5, 12.5 ] },
												"west": { "texture": "#skin", "uv": [ 1.5, 12.0, 2.0, 12.5 ], "windMode": [-1,-1,-1,-1] },
												"up": { "texture": "#skin", "uv": [ 1.0, 11.5, 1.5, 12.0 ], "rotation": 180 }
											}
										}
									]
								}
							]
						}
					],
					"attachmentpoints": [
						{
							"code": "rope",
							"posX": "1.0","posY": "0.0","posZ": "1.2",
							"rotationX": "0.0","rotationY": "0.0","rotationZ": "0.0"
						}
					]
				}
			]
		}
	]}