[
  {
    "side": "Server",
    "dependsOn": [{ "modid": "combatoverhaul" }],
    "file": "casuariidae:entities/land/casuariidae-adult",
    "op": "add",
    "path": "/client/behaviors/-",
    "value": {
      "code": "CombatOverhaul:EntityColliders",
      "elements": {
        "Torso": ["Neck1", "Body", "Tail1", "Tail2", "Neck2", "Neck3", "Neck4"],
        "Head": ["Neck5", "Head"],
        "Arm": [],
        "Leg": ["LLeg", "LLowerleg", "RLeg", "RLowerleg"],
        "Critical": [],
        "Resistant": []
      }
    }
  },
  {
    "side": "Server",
    "dependsOn": [{ "modid": "combatoverhaul" }],
    "file": "casuariidae:entities/land/casuariidae-adult",
    "op": "add",
    "path": "/server/behaviors/-",
    "value": {
      "code": "CombatOverhaul:EntityColliders",
      "elements": {
        "Torso": ["Neck1", "Body", "Tail1", "Tail2", "Neck2", "Neck3", "Neck4"],
        "Head": ["Neck5", "Head"],
        "Arm": [],
        "Leg": ["LLeg", "LLowerleg", "RLeg", "RLowerleg"],
        "Critical": [],
        "Resistant": []
      }
    }
  },
  {
    "side": "Server",
    "dependsOn": [{ "modid": "combatoverhaul" }],
    "file": "casuariidae:entities/land/casuariidae-adult",
    "op": "add",
    "path": "/server/behaviors/-",
    "value": {
      "code": "CombatOverhaul:EntityDamageModel",
      "damageModel": {
        "TorsoDamageMultiplier": 1,
        "LimbsDamageMultiplier": 0.75,
        "HeadDamageMultiplier": 1.5,
        "CriticalDamageMultiplier": 2,
        "DefaultResists": {"BluntAttack": 0, "SlashingAttack": 0, "PiercingAttack": 0}
      }
    }
  },
  {
    "side": "Server",
    "dependsOn": [{ "modid": "combatoverhaul" }],
    "file": "casuariidae:entities/land/casuariidae-adult",
    "op": "add",
    "path": "/client/behaviors/-",
    "value": {
      "code": "CombatOverhaul:EntityDamageModel",
      "damageModel": {
        "TorsoDamageMultiplier": 1,
        "LimbsDamageMultiplier": 0.75,
        "HeadDamageMultiplier": 1.5,
        "CriticalDamageMultiplier": 2,
        "DefaultResists": {"BluntAttack": 0, "SlashingAttack": 0, "PiercingAttack": 0}
      }
    }
  },
  {
    "side": "Server",
    "dependsOn": [{ "modid": "combatoverhaul" }],
    "file": "casuariidae:entities/land/casuariidae-baby",
    "op": "add",
    "path": "/client/behaviors/-",
    "value": {
      "code": "CombatOverhaul:EntityColliders",
      "elements": {
        "Torso": ["Neck1", "Body", "Tail1", "Tail2", "Neck2", "Neck3", "Neck4"],
        "Head": ["Neck5", "Head"],
        "Arm": [],
        "Leg": ["LLeg", "LLowerleg", "RLeg", "RLowerleg"],
        "Critical": [],
        "Resistant": []
      }
    }
  },
  {
    "side": "Server",
    "dependsOn": [{ "modid": "combatoverhaul" }],
    "file": "casuariidae:entities/land/casuariidae-baby",
    "op": "add",
    "path": "/server/behaviors/-",
    "value": {
      "code": "CombatOverhaul:EntityColliders",
      "elements": {
        "Torso": ["Neck1", "Body", "Tail1", "Tail2", "Neck2", "Neck3", "Neck4"],
        "Head": ["Neck5", "Head"],
        "Arm": [],
        "Leg": ["LLeg", "LLowerleg", "RLeg", "RLowerleg"],
        "Critical": [],
        "Resistant": []
      }
    }
  },
  {
    "side": "Server",
    "dependsOn": [{ "modid": "combatoverhaul" }],
    "file": "casuariidae:entities/land/casuariidae-baby",
    "op": "add",
    "path": "/server/behaviors/-",
    "value": {
      "code": "CombatOverhaul:EntityDamageModel",
      "damageModel": {
        "TorsoDamageMultiplier": 1,
        "LimbsDamageMultiplier": 0.75,
        "HeadDamageMultiplier": 1.5,
        "CriticalDamageMultiplier": 2,
        "DefaultResists": {"BluntAttack": 0, "SlashingAttack": 0, "PiercingAttack": 0}
      }
    }
  },
  {
    "side": "Server",
    "dependsOn": [{ "modid": "combatoverhaul" }],
    "file": "casuariidae:entities/land/casuariidae-baby",
    "op": "add",
    "path": "/client/behaviors/-",
    "value": {
      "code": "CombatOverhaul:EntityDamageModel",
      "damageModel": {
        "TorsoDamageMultiplier": 1,
        "LimbsDamageMultiplier": 0.75,
        "HeadDamageMultiplier": 1.5,
        "CriticalDamageMultiplier": 2,
        "DefaultResists": {"BluntAttack": 0, "SlashingAttack": 0, "PiercingAttack": 0}
      }
    }
  }
]