﻿{
	"code": "efence",
	"class": "BlockEFence",
	"entityClass": "BlockEntityEFence",
	"entityBehaviors": [
		{
			"name": "BEBehaviorEFence"
		},
		{
			"name": "ElectricalProgressive"
		}
	],
	"behaviors": [
		{
			"name": "CanAttach",
			"properties": { "sides": [ "up", "down" ] }
		},
		{ "name": "RopeTieable" }
	],


	"attributes": {
		"blockEProperties": "main",
		"facesEProperties": [ "north", "east", "south", "west", "up", "down" ],
		"voltage": 128,
		"maxCurrent": 128.0,
		"isolated": false,
		"isolatedEnvironment": true,
		"specifiedDamage": 4,
		"supportsUnstableRock": true,
		"isFence": true,
		"handbook": {
			"groupBy": [ "efence-*" ],
			"extraSections": [
				{
					"title": "electricalprogressiveqol:block-handbooktitle-efence",
					"text": "electricalprogressiveqol:block-handbooktext-efence"
				}
			]
		},
		"attachableToEntity": {
			"categoryCode": "ropetiepost",
			"requiresBehindSlots": 1,
			"attachedShape": { "base": "game:block/wood/fence/boatpost" },
			"texturePrefixCode": "fence-{wood}",
			"seatConfig": {
				"controllable": false,
				"bodyYawLimit": 0.25,
				"mountOffset": {
					"x": 1,
					"y": 0,
					"z": 1.5
				},
				"eyeHeight": 1,
				"attributes": {
					"ropeTieablesOnly": true
				}
			}
		}
	},
	"variantgroups": [
		{
			"code": "type",
			"states": [ "empty", "n", "e", "s", "w", "ne", "ns", "nw", "es", "ew", "sw", "nes", "new", "nsw", "esw", "nesw" ]
		},
		{
			"code": "part",
			"states": [ "bottom", "middle", "top" ]
		}
	],
	"creativeinventory": {
		"general": [ "efence-ew-bottom" ],
		"decorative": [ "efence-ew-bottom" ],
		"electricity": [ "efence-ew-bottom" ]
	},

	"shapebytype": {
		"*-empty-*": { "base": "block/efence/{part}/empty" },
		"*-n-*": {
			"base": "block/efence/{part}/w",
			"rotateY": 270
		},
		"*-e-*": {
			"base": "block/efence/{part}/w",
			"rotateY": 180
		},
		"*-s-*": {
			"base": "block/efence/{part}/w",
			"rotateY": 90
		},
		"*-w-*": {
			"base": "block/efence/{part}/w",
			"rotateY": 0
		},

		"*-ns-*": {
			"base": "block/efence/{part}/ew",
			"rotateY": 90
		},
		"*-ew-*": {
			"base": "block/efence/{part}/ew",
			"rotateY": 0
		},

		"*-ne-*": {
			"base": "block/efence/{part}/sw",
			"rotateY": 180
		},
		"*-nw-*": {
			"base": "block/efence/{part}/sw",
			"rotateY": 270
		},
		"*-es-*": {
			"base": "block/efence/{part}/sw",
			"rotateY": 90
		},
		"*-sw-*": {
			"base": "block/efence/{part}/sw",
			"rotateY": 0
		},

		"*-nes-*": {
			"base": "block/efence/{part}/nsw",
			"rotateY": 180
		},
		"*-new-*": {
			"base": "block/efence/{part}/nsw",
			"rotateY": 270
		},
		"*-nsw-*": {
			"base": "block/efence/{part}/nsw",
			"rotateY": 0
		},
		"*-esw-*": {
			"base": "block/efence/{part}/nsw",
			"rotateY": 90
		},

		"*-nesw-*": {
			"base": "block/efence/{part}/nesw",
			"rotateY": 0
		}
	},
	"drawtypeByType": {
		"*-bottom": "JSON"
	},
	"blockmaterial": "Stone",

	"sidesolid": {
		"all": false
	},
	"sideopaque": { "all": false },
	"resistance": 3,
	"lightAbsorption": 0,
	"sounds": {
		"place": "game:block/planks",
		"hit": "game:block/planks",
		"break": "game:block/planks",
		"walk": "game:walk/wood"
	},
	"selectionboxbytype": {
		"*-empty-*": {
			"x1": 0.375,
			"y1": 0,
			"z1": 0.375,
			"x2": 0.625,
			"y2": 1.0625,
			"z2": 0.625
		},
		"*-n-*": {
			"x1": 0,
			"y1": 0,
			"z1": 0.375,
			"x2": 0.625,
			"y2": 1.0625,
			"z2": 0.625,
			"rotateY": 270
		},
		"*-e-*": {
			"x1": 0,
			"y1": 0,
			"z1": 0.375,
			"x2": 0.625,
			"y2": 1.0625,
			"z2": 0.625,
			"rotateY": 180
		},
		"*-s-*": {
			"x1": 0,
			"y1": 0,
			"z1": 0.375,
			"x2": 0.625,
			"y2": 1.0625,
			"z2": 0.625,
			"rotateY": 90
		},
		"*-w-*": {
			"x1": 0,
			"y1": 0,
			"z1": 0.375,
			"x2": 0.625,
			"y2": 1.0625,
			"z2": 0.625
		},

		"*-ns-*": {
			"x1": 0,
			"y1": 0,
			"z1": 0.375,
			"x2": 1,
			"y2": 1.0625,
			"z2": 0.625,
			"rotateY": 90
		},
		"*-gns-*": {
			"x1": 0,
			"y1": 0,
			"z1": 0.375,
			"x2": 1,
			"y2": 1.0625,
			"z2": 0.625,
			"rotateY": 90
		},
		"*-ngs-*": {
			"x1": 0,
			"y1": 0,
			"z1": 0.375,
			"x2": 1,
			"y2": 1.0625,
			"z2": 0.625,
			"rotateY": 90
		},
		"*-ew-*": {
			"x1": 0,
			"y1": 0,
			"z1": 0.375,
			"x2": 1,
			"y2": 1.0625,
			"z2": 0.625
		},
		"*-egw-*": {
			"x1": 0,
			"y1": 0,
			"z1": 0.375,
			"x2": 1,
			"y2": 1.0625,
			"z2": 0.625
		},
		"*-gew-*": {
			"x1": 0,
			"y1": 0,
			"z1": 0.375,
			"x2": 1,
			"y2": 1.0625,
			"z2": 0.625
		}
	},
	"selectionboxesbytype": {
		"*-sw-*": [
			{
				"x1": 0.375,
				"y1": 0,
				"z1": 0.375,
				"x2": 0.625,
				"y2": 1.0625,
				"z2": 1
			},
			{
				"x1": 0,
				"y1": 0,
				"z1": 0.375,
				"x2": 0.375,
				"y2": 1.0625,
				"z2": 0.625,
				"rotateY": 0
			}
		],
		"*-ne-*": [
			{
				"x1": 0.375,
				"y1": 0,
				"z1": 0.375,
				"x2": 0.625,
				"y2": 1.0625,
				"z2": 1,
				"rotateY": 180
			},
			{
				"x1": 0,
				"y1": 0,
				"z1": 0.375,
				"x2": 0.375,
				"y2": 1.0625,
				"z2": 0.625,
				"rotateY": 180
			}
		],
		"*-nw-*": [
			{
				"x1": 0.375,
				"y1": 0,
				"z1": 0.375,
				"x2": 0.625,
				"y2": 1.0625,
				"z2": 1,
				"rotateY": 270
			},
			{
				"x1": 0,
				"y1": 0,
				"z1": 0.375,
				"x2": 0.375,
				"y2": 1.0625,
				"z2": 0.625,
				"rotateY": 270
			}
		],
		"*-es-*": [
			{
				"x1": 0.375,
				"y1": 0,
				"z1": 0.375,
				"x2": 0.625,
				"y2": 1.0625,
				"z2": 1,
				"rotateY": 90
			},
			{
				"x1": 0,
				"y1": 0,
				"z1": 0.375,
				"x2": 0.375,
				"y2": 1.0625,
				"z2": 0.625,
				"rotateY": 90
			}
		],

		"*-nes-*": [
			{
				"x1": 0.375,
				"y1": 0,
				"z1": 0,
				"x2": 0.625,
				"y2": 1.0625,
				"z2": 1,
				"rotateY": 180
			},
			{
				"x1": 0,
				"y1": 0,
				"z1": 0.375,
				"x2": 0.375,
				"y2": 1.0625,
				"z2": 0.625,
				"rotateY": 180
			}
		],
		"*-new-*": [
			{
				"x1": 0.375,
				"y1": 0,
				"z1": 0,
				"x2": 0.625,
				"y2": 1.0625,
				"z2": 1,
				"rotateY": 270
			},
			{
				"x1": 0,
				"y1": 0,
				"z1": 0.375,
				"x2": 0.375,
				"y2": 1.0625,
				"z2": 0.625,
				"rotateY": 270
			}
		],
		"*-nsw-*": [
			{
				"x1": 0.375,
				"y1": 0,
				"z1": 0,
				"x2": 0.625,
				"y2": 1.0625,
				"z2": 1,
				"rotateY": 0
			},
			{
				"x1": 0,
				"y1": 0,
				"z1": 0.375,
				"x2": 0.375,
				"y2": 1.0625,
				"z2": 0.625,
				"rotateY": 0
			}
		],
		"*-esw-*": [
			{
				"x1": 0.375,
				"y1": 0,
				"z1": 0,
				"x2": 0.625,
				"y2": 1.0625,
				"z2": 1,
				"rotateY": 90
			},
			{
				"x1": 0,
				"y1": 0,
				"z1": 0.375,
				"x2": 0.375,
				"y2": 1.0625,
				"z2": 0.625,
				"rotateY": 90
			}
		],

		"*-nesw-*": [
			{
				"x1": 0.375,
				"y1": 0,
				"z1": 0,
				"x2": 0.625,
				"y2": 1.0625,
				"z2": 1
			},
			{
				"x1": 0,
				"y1": 0,
				"z1": 0.375,
				"x2": 1,
				"y2": 1.0625,
				"z2": 0.625
			}
		]
	},

	"collisionboxbytype": {
		"*-empty-*": {
			"x1": 0.375,
			"y1": 0,
			"z1": 0.375,
			"x2": 0.625,
			"y2": 1.3125,
			"z2": 0.625
		},
		"*-n-*": {
			"x1": 0,
			"y1": 0,
			"z1": 0.375,
			"x2": 0.625,
			"y2": 1.3125,
			"z2": 0.625,
			"rotateY": 270
		},
		"*-e-*": {
			"x1": 0,
			"y1": 0,
			"z1": 0.375,
			"x2": 0.625,
			"y2": 1.3125,
			"z2": 0.625,
			"rotateY": 180
		},
		"*-s-*": {
			"x1": 0,
			"y1": 0,
			"z1": 0.375,
			"x2": 0.625,
			"y2": 1.3125,
			"z2": 0.625,
			"rotateY": 90
		},
		"*-w-*": {
			"x1": 0,
			"y1": 0,
			"z1": 0.375,
			"x2": 0.625,
			"y2": 1.3125,
			"z2": 0.625
		},

		"*-ns-*": {
			"x1": 0,
			"y1": 0,
			"z1": 0.375,
			"x2": 1,
			"y2": 1.3125,
			"z2": 0.625,
			"rotateY": 90
		},
		"*-gns-*": {
			"x1": 0,
			"y1": 0,
			"z1": 0.375,
			"x2": 1,
			"y2": 1.3125,
			"z2": 0.625,
			"rotateY": 90
		},
		"*-ngs-*": {
			"x1": 0,
			"y1": 0,
			"z1": 0.375,
			"x2": 1,
			"y2": 1.3125,
			"z2": 0.625,
			"rotateY": 90
		},
		"*-ew-*": {
			"x1": 0,
			"y1": 0,
			"z1": 0.375,
			"x2": 1,
			"y2": 1.3125,
			"z2": 0.625
		},
		"*-egw-*": {
			"x1": 0,
			"y1": 0,
			"z1": 0.375,
			"x2": 1,
			"y2": 1.3125,
			"z2": 0.625
		},
		"*-gew-*": {
			"x1": 0,
			"y1": 0,
			"z1": 0.375,
			"x2": 1,
			"y2": 1.3125,
			"z2": 0.625
		}
	},
	"collisionboxesbytype": {
		"*-sw-*": [
			{
				"x1": 0.375,
				"y1": 0,
				"z1": 0.375,
				"x2": 0.625,
				"y2": 1.3125,
				"z2": 1
			},
			{
				"x1": 0,
				"y1": 0,
				"z1": 0.375,
				"x2": 0.375,
				"y2": 1.3125,
				"z2": 0.625,
				"rotateY": 0
			}
		],
		"*-ne-*": [
			{
				"x1": 0.375,
				"y1": 0,
				"z1": 0.375,
				"x2": 0.625,
				"y2": 1.3125,
				"z2": 1,
				"rotateY": 180
			},
			{
				"x1": 0,
				"y1": 0,
				"z1": 0.375,
				"x2": 0.375,
				"y2": 1.3125,
				"z2": 0.625,
				"rotateY": 180
			}
		],
		"*-nw-*": [
			{
				"x1": 0.375,
				"y1": 0,
				"z1": 0.375,
				"x2": 0.625,
				"y2": 1.3125,
				"z2": 1,
				"rotateY": 270
			},
			{
				"x1": 0,
				"y1": 0,
				"z1": 0.375,
				"x2": 0.375,
				"y2": 1.3125,
				"z2": 0.625,
				"rotateY": 270
			}
		],
		"*-es-*": [
			{
				"x1": 0.375,
				"y1": 0,
				"z1": 0.375,
				"x2": 0.625,
				"y2": 1.3125,
				"z2": 1,
				"rotateY": 90
			},
			{
				"x1": 0,
				"y1": 0,
				"z1": 0.375,
				"x2": 0.375,
				"y2": 1.3125,
				"z2": 0.625,
				"rotateY": 90
			}
		],

		"*-nes-*": [
			{
				"x1": 0.375,
				"y1": 0,
				"z1": 0,
				"x2": 0.625,
				"y2": 1.3125,
				"z2": 1,
				"rotateY": 180
			},
			{
				"x1": 0,
				"y1": 0,
				"z1": 0.375,
				"x2": 0.375,
				"y2": 1.3125,
				"z2": 0.625,
				"rotateY": 180
			}
		],
		"*-new-*": [
			{
				"x1": 0.375,
				"y1": 0,
				"z1": 0,
				"x2": 0.625,
				"y2": 1.3125,
				"z2": 1,
				"rotateY": 270
			},
			{
				"x1": 0,
				"y1": 0,
				"z1": 0.375,
				"x2": 0.375,
				"y2": 1.3125,
				"z2": 0.625,
				"rotateY": 270
			}
		],
		"*-nsw-*": [
			{
				"x1": 0.375,
				"y1": 0,
				"z1": 0,
				"x2": 0.625,
				"y2": 1.3125,
				"z2": 1,
				"rotateY": 0
			},
			{
				"x1": 0,
				"y1": 0,
				"z1": 0.375,
				"x2": 0.375,
				"y2": 1.3125,
				"z2": 0.625,
				"rotateY": 0
			}
		],
		"*-esw-*": [
			{
				"x1": 0.375,
				"y1": 0,
				"z1": 0,
				"x2": 0.625,
				"y2": 1.3125,
				"z2": 1,
				"rotateY": 90
			},
			{
				"x1": 0,
				"y1": 0,
				"z1": 0.375,
				"x2": 0.375,
				"y2": 1.3125,
				"z2": 0.625,
				"rotateY": 90
			}
		],

		"*-nesw-*": [
			{
				"x1": 0.375,
				"y1": 0,
				"z1": 0,
				"x2": 0.625,
				"y2": 1.3125,
				"z2": 1
			},
			{
				"x1": 0,
				"y1": 0,
				"z1": 0.375,
				"x2": 1,
				"y2": 1.3125,
				"z2": 0.625
			}
		]
	},

	"materialDensity": 600,
	"tpHandTransform": {
		"translation": {
			"x": -1.5,
			"y": -1,
			"z": -1.2
		},
		"rotation": {
			"x": 5,
			"y": -3,
			"z": -96
		},
		"scale": 0.37
	},
	"groundTransform": {
		"translation": {
			"x": 0,
			"y": 0.05,
			"z": 0
		},
		"rotation": {
			"x": 90,
			"y": -45,
			"z": 0
		},
		"origin": {
			"x": 0.5,
			"y": 0,
			"z": 0.5
		},
		"scale": 2.07
	}
}