{
	treeWorldPropertyCode: "quercusserrata",
	sizeMultiplier: 2,
	trunks: [{
		widthloss: 0.1,
		dieAt: { avg: 0.001 },
		branchStart: { avg: 0.4, var: 0.1 },
		branchSpacing: { dist: "gaussian", avg: 0.2, var: 0.1 },
		branchVerticalAngle:  { avg: 1, var: 0.1 },
		branchHorizontalAngle: { avg: 0, var: 3.1415 },
		branchWidthMultiplier: { avg: 0.7, var: 0 },
		branchWidthMultiplierEvolve: { transform: "linear", factor: 0.2 },
		branchQuantity: { avg: 5, var: 0 },
	}],
	branches: [{
		widthLoss: 0.1,
		gravityDrag: 0,
		dieAt: { avg: 0.001 },

		branchStart:  { avg: 0, var: 0.01 },
		branchSpacing: { avg: 0.1, var: 0 },
		branchVerticalAngle: { avg: 0, var: 0 },
		branchHorizontalAngle: { avg: 0, var: 3.1415 },

		branchQuantity: { avg: 1, var: 0 },
		branchWidthMultiplier: { avg: 0.6, var: 0 }
	}],
	"treeBlocks": {
		"logBlockCode": "log-grown-oak-ud",
		"leavesBlockCode": "floralzoneseastasiaticregion:leaves-grown-quercusserrata",
		"leavesBranchyBlockCode": "floralzoneseastasiaticregion:leavesbranchy-grown-quercusserrata",
		"vinesBlockCode": "wildvine-section-north",
		"vinesEndBlockCode": "wildvine-end-north", "mossDecorCode": "attachingplant-spottymoss"
	}
}
