{
	"editor": {
		"collapsedPaths": ",Root/Origin/Anchor1/Rope/Knot2,Root/Origin/Anchor1,Root/Origin/Anchor2,Root/Origin/Anchor1/Rope,Root/Origin/Anchor1/Rope/Knot",
		"allAngles": false,
		"entityTextureMode": false
	},
	"textureWidth": 16,
	"textureHeight": 16,
	"textureSizes": {
	},
	"textures": {
		"rope": "game:item/resource/rope",
		"oak": "game:block/wood/debarked/oak"
	},
	"elements": [
		{
			"name": "Origin",
			"from": [ 0.0, 0.0, 0.0 ],
			"to": [ 0.0, 0.0, 0.0 ],
			"faces": {
				"north": { "texture": "#null", "uv": [ 0.0, 0.0, 0.5, 0.5 ] },
				"east": { "texture": "#null", "uv": [ 0.0, 0.0, 0.5, 0.5 ] },
				"south": { "texture": "#null", "uv": [ 0.0, 0.0, 0.5, 0.5 ] },
				"west": { "texture": "#null", "uv": [ 0.0, 0.0, 0.5, 0.5 ] },
				"up": { "texture": "#null", "uv": [ 0.0, 0.0, 0.5, 0.5 ] },
				"down": { "texture": "#null", "uv": [ 0.0, 0.0, 0.5, 0.5 ] }
			},
			"children": [
				{
					"name": "Anchor1",
					"from": [ 1.0, 15.0, 4.0 ],
					"to": [ 1.0, 15.0, 4.0 ],
					"rotationOrigin": [ 1.0, 15.0, 4.0 ],
					"rotationX": 14.0,
					"faces": {
						"north": { "texture": "#null", "uv": [ 0.0, 0.0, 0.5, 0.5 ] },
						"east": { "texture": "#null", "uv": [ 0.0, 0.0, 0.5, 0.5 ] },
						"south": { "texture": "#null", "uv": [ 0.0, 0.0, 0.5, 0.5 ] },
						"west": { "texture": "#null", "uv": [ 0.0, 0.0, 0.5, 0.5 ] },
						"up": { "texture": "#null", "uv": [ 0.0, 0.0, 0.5, 0.5 ] },
						"down": { "texture": "#null", "uv": [ 0.0, 0.0, 0.5, 0.5 ] }
					},
					"children": [
						{
							"name": "Rope",
							"from": [ 0.0, 0.0, 0.25 ],
							"to": [ 14.0, 0.5, 0.75 ],
							"rotationOrigin": [ 0.0, 0.0, 0.3 ],
							"faces": {
								"north": { "texture": "#rope", "uv": [ 0.0, 0.0, 14.0, 0.5 ] },
								"east": { "texture": "#rope", "uv": [ 0.0, 0.0, 0.5, 0.5 ] },
								"south": { "texture": "#rope", "uv": [ 0.0, 0.0, 14.0, 0.5 ] },
								"west": { "texture": "#rope", "uv": [ 0.0, 0.0, 0.5, 0.5 ] },
								"up": { "texture": "#rope", "uv": [ 0.0, 0.0, 14.0, 0.5 ] },
								"down": { "texture": "#rope", "uv": [ 0.0, 0.0, 14.0, 0.5 ] }
							},
							"children": [
								{
									"name": "Knot",
									"from": [ -0.4, -0.25, -0.25 ],
									"to": [ 0.1, 0.75, 0.75 ],
									"rotationOrigin": [ -0.4, -0.2, -0.15 ],
									"rotationX": 15.0,
									"rotationY": 7.0,
									"rotationZ": 7.0,
									"faces": {
										"north": { "texture": "#rope", "uv": [ 0.0, 0.0, 0.5, 1.0 ] },
										"east": { "texture": "#rope", "uv": [ 0.0, 0.0, 1.0, 1.0 ] },
										"south": { "texture": "#rope", "uv": [ 0.0, 0.0, 0.5, 1.0 ] },
										"west": { "texture": "#rope", "uv": [ 0.0, 0.0, 1.0, 1.0 ] },
										"up": { "texture": "#rope", "uv": [ 0.0, 0.0, 0.5, 1.0 ] },
										"down": { "texture": "#rope", "uv": [ 0.0, 0.0, 0.5, 1.0 ] }
									},
									"children": [
										{
											"name": "KnotEnd",
											"from": [ -0.3, -0.2, 0.2 ],
											"to": [ 0.7, 0.3, 0.7 ],
											"rotationOrigin": [ -0.3, -0.15, 0.3 ],
											"rotationX": -25.0,
											"rotationY": -32.0,
											"rotationZ": 20.0,
											"faces": {
												"north": { "texture": "#rope", "uv": [ 0.0, 0.0, 1.0, 0.5 ] },
												"east": { "texture": "#rope", "uv": [ 0.0, 0.0, 0.5, 0.5 ] },
												"south": { "texture": "#rope", "uv": [ 0.0, 0.0, 1.0, 0.5 ] },
												"west": { "texture": "#rope", "uv": [ 0.0, 0.0, 0.5, 0.5 ] },
												"up": { "texture": "#rope", "uv": [ 0.0, 0.0, 1.0, 0.5 ] },
												"down": { "texture": "#rope", "uv": [ 0.0, 0.0, 1.0, 0.5 ] }
											}
										}
									]
								},
								{
									"name": "Knot2",
									"from": [ 14.4, -0.35, 0.45 ],
									"to": [ 14.9, 0.65, 1.45 ],
									"rotationOrigin": [ 14.4, -0.3, 0.55 ],
									"rotationX": 196.0,
									"rotationY": 5.0,
									"rotationZ": -175.0,
									"faces": {
										"north": { "texture": "#rope", "uv": [ 0.0, 0.0, 0.5, 1.0 ] },
										"east": { "texture": "#rope", "uv": [ 0.0, 0.0, 1.0, 1.0 ] },
										"south": { "texture": "#rope", "uv": [ 0.0, 0.0, 0.5, 1.0 ] },
										"west": { "texture": "#rope", "uv": [ 0.0, 0.0, 1.0, 1.0 ] },
										"up": { "texture": "#rope", "uv": [ 0.0, 0.0, 0.5, 1.0 ] },
										"down": { "texture": "#rope", "uv": [ 0.0, 0.0, 0.5, 1.0 ] }
									},
									"children": [
										{
											"name": "KnotEnd2",
											"from": [ -0.3, -0.2, 0.2 ],
											"to": [ 0.7, 0.3, 0.7 ],
											"rotationOrigin": [ -0.3, -0.15, 0.3 ],
											"rotationX": -25.0,
											"rotationY": -32.0,
											"rotationZ": 20.0,
											"faces": {
												"north": { "texture": "#rope", "uv": [ 0.0, 0.0, 1.0, 0.5 ] },
												"east": { "texture": "#rope", "uv": [ 0.0, 0.0, 0.5, 0.5 ] },
												"south": { "texture": "#rope", "uv": [ 0.0, 0.0, 1.0, 0.5 ] },
												"west": { "texture": "#rope", "uv": [ 0.0, 0.0, 0.5, 0.5 ] },
												"up": { "texture": "#rope", "uv": [ 0.0, 0.0, 1.0, 0.5 ] },
												"down": { "texture": "#rope", "uv": [ 0.0, 0.0, 1.0, 0.5 ] }
											}
										}
									]
								}
							]
						},
						{
							"name": "Pole1",
							"from": [ 0.0, -16.0, 0.0 ],
							"to": [ 1.0, -6.0, 1.0 ],
							"rotationOrigin": [ 0.0, -16.0, 0.0 ],
							"faces": {
								"north": { "texture": "#oak", "uv": [ 6.5, 2.5, 7.5, 12.5 ] },
								"east": { "texture": "#oak", "uv": [ 10.0, 1.0, 11.0, 11.0 ] },
								"south": { "texture": "#oak", "uv": [ 13.0, 3.5, 14.0, 13.5 ] },
								"west": { "texture": "#oak", "uv": [ 7.0, 3.5, 8.0, 13.5 ] },
								"up": { "texture": "#oak", "uv": [ 0.0, 0.0, 1.0, 1.0 ] },
								"down": { "texture": "#oak", "uv": [ 0.0, 0.0, 1.0, 1.0 ] }
							},
							"children": [
								{
									"name": "PoleExtra1",
									"from": [ 0.0, 10.0, 0.0 ],
									"to": [ 1.0, 17.0, 1.0 ],
									"rotationOrigin": [ 0.0, 10.0, 0.0 ],
									"faces": {
										"north": { "texture": "#oak", "uv": [ 13.0, 2.0, 14.0, 9.0 ] },
										"east": { "texture": "#oak", "uv": [ 7.0, 4.5, 8.0, 11.5 ] },
										"south": { "texture": "#oak", "uv": [ 2.0, 4.5, 3.0, 11.5 ] },
										"west": { "texture": "#oak", "uv": [ 3.5, 5.0, 4.5, 12.0 ] },
										"up": { "texture": "#oak", "uv": [ 0.0, 0.0, 1.0, 1.0 ] },
										"down": { "texture": "#oak", "uv": [ 0.0, 0.0, 1.0, 1.0 ] }
									}
								}
							]
						},
						{
							"name": "Pole2",
							"from": [ 13.0, -16.0, 0.0 ],
							"to": [ 14.0, -6.0, 1.0 ],
							"rotationOrigin": [ 13.0, -16.0, 0.0 ],
							"faces": {
								"north": { "texture": "#oak", "uv": [ 4.0, 3.5, 5.0, 13.5 ] },
								"east": { "texture": "#oak", "uv": [ 12.0, 5.0, 13.0, 15.0 ] },
								"south": { "texture": "#oak", "uv": [ 6.0, 5.0, 7.0, 15.0 ] },
								"west": { "texture": "#oak", "uv": [ 4.5, 4.5, 5.5, 14.5 ] },
								"up": { "texture": "#oak", "uv": [ 0.0, 0.0, 1.0, 1.0 ] },
								"down": { "texture": "#oak", "uv": [ 0.0, 0.0, 1.0, 1.0 ] }
							},
							"children": [
								{
									"name": "PoleExtra2",
									"from": [ 0.0, 10.0, 0.0 ],
									"to": [ 1.0, 17.0, 1.0 ],
									"rotationOrigin": [ 0.0, 10.0, 0.0 ],
									"faces": {
										"north": { "texture": "#oak", "uv": [ 13.0, 5.5, 14.0, 12.5 ] },
										"east": { "texture": "#oak", "uv": [ 3.5, 6.0, 4.5, 13.0 ] },
										"south": { "texture": "#oak", "uv": [ 8.5, 7.0, 9.5, 14.0 ] },
										"west": { "texture": "#oak", "uv": [ 3.5, 3.5, 4.5, 10.5 ] },
										"up": { "texture": "#oak", "uv": [ 0.0, 0.0, 1.0, 1.0 ] },
										"down": { "texture": "#oak", "uv": [ 0.0, 0.0, 1.0, 1.0 ] }
									}
								}
							]
						}
					]
				},
				{
					"name": "UnderPole1",
					"from": [ 0.5, 4.0, 0.5 ],
					"to": [ 1.5, 5.0, 15.5 ],
					"rotationOrigin": [ 0.5, 4.0, 0.5 ],
					"faces": {
						"north": { "texture": "#oak", "uv": [ 0.0, 0.0, 1.0, 1.0 ] },
						"east": { "texture": "#oak", "uv": [ 1.5, 0.0, 2.5, 15.0 ], "rotation": 90 },
						"south": { "texture": "#oak", "uv": [ 0.0, 0.0, 1.0, 1.0 ] },
						"west": { "texture": "#oak", "uv": [ 10.0, 0.5, 11.0, 15.5 ], "rotation": 90 },
						"up": { "texture": "#oak", "uv": [ 0.0, 0.0, 1.0, 15.0 ] },
						"down": { "texture": "#oak", "uv": [ 0.0, 0.0, 1.0, 15.0 ] }
					}
				},
				{
					"name": "Anchor2",
					"from": [ 1.0, 15.0, 11.0 ],
					"to": [ 1.0, 15.0, 11.0 ],
					"rotationOrigin": [ 1.0, 15.0, 11.0 ],
					"rotationX": -14.0,
					"faces": {
						"north": { "texture": "#null", "uv": [ 0.0, 0.0, 0.5, 0.5 ] },
						"east": { "texture": "#null", "uv": [ 0.0, 0.0, 0.5, 0.5 ] },
						"south": { "texture": "#null", "uv": [ 0.0, 0.0, 0.5, 0.5 ] },
						"west": { "texture": "#null", "uv": [ 0.0, 0.0, 0.5, 0.5 ] },
						"up": { "texture": "#null", "uv": [ 0.0, 0.0, 0.5, 0.5 ] },
						"down": { "texture": "#null", "uv": [ 0.0, 0.0, 0.5, 0.5 ] }
					},
					"children": [
						{
							"name": "Rope2",
							"from": [ 0.0, 0.0, 0.25 ],
							"to": [ 14.0, 0.5, 0.75 ],
							"rotationOrigin": [ 0.0, 0.0, 0.3 ],
							"faces": {
								"north": { "texture": "#rope", "uv": [ 0.0, 0.0, 14.0, 0.5 ] },
								"east": { "texture": "#rope", "uv": [ 0.0, 0.0, 0.5, 0.5 ] },
								"south": { "texture": "#rope", "uv": [ 0.0, 0.0, 14.0, 0.5 ] },
								"west": { "texture": "#rope", "uv": [ 0.0, 0.0, 0.5, 0.5 ] },
								"up": { "texture": "#rope", "uv": [ 0.0, 0.0, 14.0, 0.5 ] },
								"down": { "texture": "#rope", "uv": [ 0.0, 0.0, 14.0, 0.5 ] }
							},
							"children": [
								{
									"name": "Knot3",
									"from": [ -0.4, -0.25, -0.25 ],
									"to": [ 0.1, 0.75, 0.75 ],
									"rotationOrigin": [ -0.4, -0.2, -0.15 ],
									"rotationX": 15.0,
									"rotationY": 7.0,
									"rotationZ": 7.0,
									"faces": {
										"north": { "texture": "#rope", "uv": [ 0.0, 0.0, 0.5, 1.0 ] },
										"east": { "texture": "#rope", "uv": [ 0.0, 0.0, 1.0, 1.0 ] },
										"south": { "texture": "#rope", "uv": [ 0.0, 0.0, 0.5, 1.0 ] },
										"west": { "texture": "#rope", "uv": [ 0.0, 0.0, 1.0, 1.0 ] },
										"up": { "texture": "#rope", "uv": [ 0.0, 0.0, 0.5, 1.0 ] },
										"down": { "texture": "#rope", "uv": [ 0.0, 0.0, 0.5, 1.0 ] }
									},
									"children": [
										{
											"name": "KnotEnd3",
											"from": [ -0.3, -0.2, 0.2 ],
											"to": [ 0.7, 0.3, 0.7 ],
											"rotationOrigin": [ -0.3, -0.15, 0.3 ],
											"rotationX": -25.0,
											"rotationY": -32.0,
											"rotationZ": 20.0,
											"faces": {
												"north": { "texture": "#rope", "uv": [ 0.0, 0.0, 1.0, 0.5 ] },
												"east": { "texture": "#rope", "uv": [ 0.0, 0.0, 0.5, 0.5 ] },
												"south": { "texture": "#rope", "uv": [ 0.0, 0.0, 1.0, 0.5 ] },
												"west": { "texture": "#rope", "uv": [ 0.0, 0.0, 0.5, 0.5 ] },
												"up": { "texture": "#rope", "uv": [ 0.0, 0.0, 1.0, 0.5 ] },
												"down": { "texture": "#rope", "uv": [ 0.0, 0.0, 1.0, 0.5 ] }
											}
										}
									]
								},
								{
									"name": "Knot4",
									"from": [ 14.4, -0.35, 0.45 ],
									"to": [ 14.9, 0.65, 1.45 ],
									"rotationOrigin": [ 14.4, -0.3, 0.55 ],
									"rotationX": 196.0,
									"rotationY": 5.0,
									"rotationZ": -175.0,
									"faces": {
										"north": { "texture": "#rope", "uv": [ 0.0, 0.0, 0.5, 1.0 ] },
										"east": { "texture": "#rope", "uv": [ 0.0, 0.0, 1.0, 1.0 ] },
										"south": { "texture": "#rope", "uv": [ 0.0, 0.0, 0.5, 1.0 ] },
										"west": { "texture": "#rope", "uv": [ 0.0, 0.0, 1.0, 1.0 ] },
										"up": { "texture": "#rope", "uv": [ 0.0, 0.0, 0.5, 1.0 ] },
										"down": { "texture": "#rope", "uv": [ 0.0, 0.0, 0.5, 1.0 ] }
									},
									"children": [
										{
											"name": "KnotEnd4",
											"from": [ -0.3, -0.2, 0.2 ],
											"to": [ 0.7, 0.3, 0.7 ],
											"rotationOrigin": [ -0.3, -0.15, 0.3 ],
											"rotationX": -25.0,
											"rotationY": -32.0,
											"rotationZ": 20.0,
											"faces": {
												"north": { "texture": "#rope", "uv": [ 0.0, 0.0, 1.0, 0.5 ] },
												"east": { "texture": "#rope", "uv": [ 0.0, 0.0, 0.5, 0.5 ] },
												"south": { "texture": "#rope", "uv": [ 0.0, 0.0, 1.0, 0.5 ] },
												"west": { "texture": "#rope", "uv": [ 0.0, 0.0, 0.5, 0.5 ] },
												"up": { "texture": "#rope", "uv": [ 0.0, 0.0, 1.0, 0.5 ] },
												"down": { "texture": "#rope", "uv": [ 0.0, 0.0, 1.0, 0.5 ] }
											}
										}
									]
								}
							]
						},
						{
							"name": "Pole3",
							"from": [ 0.0, -16.0, 0.0 ],
							"to": [ 1.0, -6.0, 1.0 ],
							"rotationOrigin": [ 0.0, -16.0, 0.0 ],
							"faces": {
								"north": { "texture": "#oak", "uv": [ 0.5, 1.5, 1.5, 11.5 ] },
								"east": { "texture": "#oak", "uv": [ 6.5, 3.0, 7.5, 13.0 ] },
								"south": { "texture": "#oak", "uv": [ 2.0, 4.0, 3.0, 14.0 ] },
								"west": { "texture": "#oak", "uv": [ 1.0, 1.5, 2.0, 11.5 ] },
								"up": { "texture": "#oak", "uv": [ 0.0, 0.0, 1.0, 1.0 ] },
								"down": { "texture": "#oak", "uv": [ 0.0, 0.0, 1.0, 1.0 ] }
							},
							"children": [
								{
									"name": "PoleExtra3",
									"from": [ 0.0, 10.0, 0.0 ],
									"to": [ 1.0, 17.0, 1.0 ],
									"rotationOrigin": [ 0.0, 10.0, 0.0 ],
									"faces": {
										"north": { "texture": "#oak", "uv": [ 14.5, 8.0, 15.5, 15.0 ] },
										"east": { "texture": "#oak", "uv": [ 14.5, 2.0, 15.5, 9.0 ] },
										"south": { "texture": "#oak", "uv": [ 14.5, 6.0, 15.5, 13.0 ] },
										"west": { "texture": "#oak", "uv": [ 14.0, 1.5, 15.0, 8.5 ] },
										"up": { "texture": "#oak", "uv": [ 0.0, 0.0, 1.0, 1.0 ] },
										"down": { "texture": "#oak", "uv": [ 0.0, 0.0, 1.0, 1.0 ] }
									}
								}
							]
						},
						{
							"name": "Pole4",
							"from": [ 13.0, -16.0, 0.0 ],
							"to": [ 14.0, -6.0, 1.0 ],
							"rotationOrigin": [ 13.0, -16.0, 0.0 ],
							"faces": {
								"north": { "texture": "#oak", "uv": [ 0.0, 0.0, 1.0, 10.0 ] },
								"east": { "texture": "#oak", "uv": [ 2.5, 2.5, 3.5, 12.5 ] },
								"south": { "texture": "#oak", "uv": [ 0.0, 0.0, 1.0, 10.0 ] },
								"west": { "texture": "#oak", "uv": [ 0.0, 0.0, 1.0, 10.0 ] },
								"up": { "texture": "#oak", "uv": [ 0.0, 0.0, 1.0, 1.0 ] },
								"down": { "texture": "#oak", "uv": [ 0.0, 0.0, 1.0, 1.0 ] }
							},
							"children": [
								{
									"name": "PoleExtra4",
									"from": [ 0.0, 10.0, 0.0 ],
									"to": [ 1.0, 17.0, 1.0 ],
									"rotationOrigin": [ 0.0, 10.0, 0.0 ],
									"faces": {
										"north": { "texture": "#oak", "uv": [ 10.0, 0.0, 11.0, 7.0 ] },
										"east": { "texture": "#oak", "uv": [ 13.0, 4.5, 14.0, 11.5 ] },
										"south": { "texture": "#oak", "uv": [ 4.5, 3.5, 5.5, 10.5 ] },
										"west": { "texture": "#oak", "uv": [ 6.5, 6.0, 7.5, 13.0 ] },
										"up": { "texture": "#oak", "uv": [ 0.0, 0.0, 1.0, 1.0 ] },
										"down": { "texture": "#oak", "uv": [ 0.0, 0.0, 1.0, 1.0 ] }
									}
								}
							]
						}
					]
				},
				{
					"name": "UnderPole2",
					"from": [ 14.5, 4.0, 0.5 ],
					"to": [ 15.5, 5.0, 15.5 ],
					"rotationOrigin": [ 14.5, 4.0, 0.5 ],
					"faces": {
						"north": { "texture": "#oak", "uv": [ 12.0, 8.0, 13.0, 9.0 ] },
						"east": { "texture": "#oak", "uv": [ 12.0, 0.0, 13.0, 15.0 ], "rotation": 90 },
						"south": { "texture": "#oak", "uv": [ 8.0, 7.0, 9.0, 8.0 ] },
						"west": { "texture": "#oak", "uv": [ 12.5, 0.5, 13.5, 15.5 ], "rotation": 90 },
						"up": { "texture": "#oak", "uv": [ 6.5, 0.0, 7.5, 15.0 ] },
						"down": { "texture": "#oak", "uv": [ 11.5, 0.0, 12.5, 15.0 ] }
					}
				},
				{
					"name": "UpperPole1",
					"from": [ 0.5, 13.0, 3.0 ],
					"to": [ 1.5, 14.0, 13.0 ],
					"rotationOrigin": [ 0.5, 13.0, 3.0 ],
					"faces": {
						"north": { "texture": "#oak", "uv": [ 12.0, 8.0, 13.0, 9.0 ] },
						"east": { "texture": "#oak", "uv": [ 12.0, 0.0, 13.0, 10.0 ], "rotation": 90 },
						"south": { "texture": "#oak", "uv": [ 8.0, 7.0, 9.0, 8.0 ] },
						"west": { "texture": "#oak", "uv": [ 12.5, 0.5, 13.5, 10.5 ], "rotation": 90 },
						"up": { "texture": "#oak", "uv": [ 6.5, 0.0, 7.5, 10.0 ] },
						"down": { "texture": "#oak", "uv": [ 11.5, 0.0, 12.5, 10.0 ] }
					}
				},
				{
					"name": "UpperPole2",
					"from": [ 14.5, 13.0, 3.0 ],
					"to": [ 15.5, 14.0, 13.0 ],
					"rotationOrigin": [ 14.5, 13.0, 3.0 ],
					"faces": {
						"north": { "texture": "#oak", "uv": [ 12.0, 8.0, 13.0, 9.0 ] },
						"east": { "texture": "#oak", "uv": [ 7.0, 1.0, 8.0, 11.0 ], "rotation": 90 },
						"south": { "texture": "#oak", "uv": [ 8.0, 7.0, 9.0, 8.0 ] },
						"west": { "texture": "#oak", "uv": [ 3.5, 0.5, 4.5, 10.5 ], "rotation": 90 },
						"up": { "texture": "#oak", "uv": [ 4.0, 4.0, 5.0, 14.0 ] },
						"down": { "texture": "#oak", "uv": [ 13.5, 3.0, 14.5, 13.0 ] }
					}
				},
				{
					"name": "UnderPole3",
					"from": [ 0.2, 4.5, 2.0 ],
					"to": [ 15.8, 5.5, 3.0 ],
					"rotationOrigin": [ 0.2, 4.5, 2.0 ],
					"faces": {
						"north": { "texture": "#oak", "uv": [ 0.0, 8.5, 15.5, 9.5 ] },
						"east": { "texture": "#oak", "uv": [ 12.0, 0.0, 13.0, 1.0 ], "rotation": 90 },
						"south": { "texture": "#oak", "uv": [ 0.0, 6.5, 15.5, 7.5 ] },
						"west": { "texture": "#oak", "uv": [ 12.5, 0.5, 13.5, 1.5 ], "rotation": 90 },
						"up": { "texture": "#oak", "uv": [ 0.5, 6.5, 16.0, 7.5 ], "autoUv": false },
						"down": { "texture": "#oak", "uv": [ 0.0, 7.0, 15.5, 8.0 ] }
					}
				},
				{
					"name": "UnderPole4",
					"from": [ 0.2, 4.5, 13.0 ],
					"to": [ 15.8, 5.5, 14.0 ],
					"rotationOrigin": [ 0.2, 4.5, 13.0 ],
					"faces": {
						"north": { "texture": "#oak", "uv": [ 0.0, 6.0, 15.5, 7.0 ] },
						"east": { "texture": "#oak", "uv": [ 12.0, 0.0, 13.0, 1.0 ], "rotation": 90 },
						"south": { "texture": "#oak", "uv": [ 0.0, 10.0, 15.5, 11.0 ] },
						"west": { "texture": "#oak", "uv": [ 12.5, 0.5, 13.5, 1.5 ], "rotation": 90 },
						"up": { "texture": "#oak", "uv": [ 0.5, 9.0, 16.0, 10.0 ], "autoUv": false },
						"down": { "texture": "#oak", "uv": [ 0.0, 12.5, 15.5, 13.5 ] }
					}
				}
			]
		}
	]}