{
	"ingredientPattern": "T__,PGP,FRS",
	"ingredients": {
		"T": {
			"type": "item",
			"code": "game:axe-*",
			"isTool": true
		},
		"P": {
			"type": "item",
			"quantity": 2,
			"code": "floralzonescentralaustralianregion:plank-*",
			"name": "support",
			"loadFromProperties": "floralzonescentralaustralianregion:block/wood"
		},
		"R": {
			"type": "item",
			"code": "game:rope"
		},
		"S": {
			"type": "item",
			"code": "game:stone-*",
			"name": "rock"
		},
		"F": {
			"type": "item",
			"code": "game:fat"
		},
		"G": {
			"type": "item",
			"code": "game:resin"
		}
	},
	"width": 3,
	"height": 3,
	"output": {
		"type": "block",
		"code": "wwaymarkers:buoy-{support}",
		"quantity": 1
	}
}
