{
	"editor": {
		"allAngles": false,
		"entityTextureMode": false
	},
	"textureWidth": 16,
	"textureHeight": 16,
	"textureSizes": {
	},
	"textures": {
		"oak": "block/wood/bark/dacrydiumcupressinum",
		"oak1": "block/plant/leaves/large/dacrydiumcupressinum"
	},
	"elements": [
		{
			"name": "trunk",
			"from": [ 7.5, 0.0, 7.5 ], 
			"to": [ 8.5, 6.0, 8.5 ], 
			"rotationOrigin": [ 0.5, 0.0, 0.5 ],
			"faces": {
				"north": { "texture": "#oak", "uv": [ 1.0, 6.5, 2.0, 12.5 ], "windMode": [4,4,4,4] },
				"east": { "texture": "#oak", "uv": [ 2.0, 6.0, 3.0, 12.0 ], "windMode": [4,4,4,4] },
				"south": { "texture": "#oak", "uv": [ 12.5, 6.0, 13.5, 12.0 ], "windMode": [4,4,4,4] },
				"west": { "texture": "#oak", "uv": [ 3.0, 6.0, 4.0, 12.0 ], "windMode": [4,4,4,4] },
				"up": { "texture": "#oak", "uv": [ 14.0, 10.0, 15.0, 11.0 ], "windMode": [4,4,4,4] },
				"down": { "texture": "#oak", "uv": [ 14.0, 9.0, 15.0, 10.0 ], "windMode": [4,4,4,4] }
			},
			"children": [
				{
					"name": "leaves",
					"from": [ -1.5, 3.0, -1.5 ], 
					"to": [ 2.5, 8.0, 2.5 ], 
					"climateColorMap": "climatePlantTint",
					"seasonColorMap": "seasonalNeedles",
					"renderPass": 1,
					"rotationOrigin": [ 1.0, -1.0, 1.5 ],
					"faces": {
						"north": { "texture": "#oak1", "uv": [ 4.0, 4.0, 8.0, 9.0 ], "windMode": [7,7,7,7] },
						"east": { "texture": "#oak1", "uv": [ 5.0, 4.0, 9.0, 9.0 ], "windMode": [7,7,7,7] },
						"south": { "texture": "#oak1", "uv": [ 1.0, 3.0, 5.0, 8.0 ], "windMode": [7,7,7,7] },
						"west": { "texture": "#oak1", "uv": [ 3.0, 4.0, 7.0, 9.0 ], "windMode": [7,7,7,7] },
						"up": { "texture": "#oak1", "uv": [ 3.0, 4.0, 7.0, 8.0 ], "windMode": [7,7,7,7] },
						"down": { "texture": "#oak1", "uv": [ 7.0, 1.0, 11.0, 5.0 ], "windMode": [7,7,7,7] }
					}
				},
				{
					"name": "north",
					"from": [ -3.5, 3.0, 0.5 ], 
					"to": [ 4.5, 9.0, 0.5 ], 
					"climateColorMap": "climatePlantTint",
					"seasonColorMap": "seasonalNeedles",
					"renderPass": 1,
					"rotationOrigin": [ 0.5, 3.0, 0.5 ],
					"rotationY": -45.0,
					"faces": {
						"north": { "texture": "#oak1", "uv": [ 8.0, 0.0, 16.0, 6.0 ], "windMode": [7,7,7,7] },
						"east": { "texture": "#oak", "uv": [ 0.0, 0.0, 0.5, 6.0 ], "enabled": false },
						"south": { "texture": "#oak", "uv": [ 0.0, 0.0, 8.0, 6.0 ], "enabled": false },
						"west": { "texture": "#oak", "uv": [ 0.0, 0.0, 0.5, 6.0 ], "enabled": false },
						"up": { "texture": "#oak", "uv": [ 0.0, 0.0, 8.0, 0.5 ], "enabled": false },
						"down": { "texture": "#oak", "uv": [ 0.0, 0.0, 8.0, 0.5 ], "enabled": false }
					}
				},
				{
					"name": "south",
					"from": [ -3.5, 3.0, 0.5 ], 
					"to": [ 4.5, 9.0, 0.5 ], 
					"climateColorMap": "climatePlantTint",
					"seasonColorMap": "seasonalNeedles",
					"renderPass": 1,
					"rotationOrigin": [ 0.5, 3.0, 0.5 ],
					"rotationY": 45.0,
					"faces": {
						"north": { "texture": "#oak1", "uv": [ 8.0, 0.0, 16.0, 6.0 ], "windMode": [7,7,7,7] },
						"east": { "texture": "#oak", "uv": [ 0.0, 0.0, 0.5, 6.0 ], "enabled": false },
						"south": { "texture": "#oak", "uv": [ 0.0, 0.0, 8.0, 6.0 ], "enabled": false },
						"west": { "texture": "#oak", "uv": [ 0.0, 0.0, 0.5, 6.0 ], "enabled": false },
						"up": { "texture": "#oak", "uv": [ 0.0, 0.0, 8.0, 0.5 ], "enabled": false },
						"down": { "texture": "#oak", "uv": [ 0.0, 0.0, 8.0, 0.5 ], "enabled": false }
					}
				}
			]
		}
	]}