{
	"editor": {
		"allAngles": true,
		"entityTextureMode": false
	},
	"textureWidth": 24,
	"textureHeight": 48,
	"textureSizes": {
		"fronds": [24,48]
	},
	"textures": {
		"fronds": "block/plant/fern/rhopalostylissapida"
	},
	"elements": [
		{
			"name": "Origin",
			"from": [ 8.0, 0.0, 8.0 ],
			"to": [ 8.0, 0.0, 8.0 ],
			"rotationOrigin": [ 8.0, 0.0, 8.0 ],
			"faces": {
			},
			"children": [
				{
					"name": "Palm1",
					"from": [ 0.0, 0.0, -0.5 ],
					"to": [ 0.0, 0.0, -0.5 ],
					"shade": false,
					"renderPass": 1,
					"rotationOrigin": [ 0.0, 0.0, -0.5 ],
					"rotationX": -22.5,
					"faces": {
					},
					"children": [
						{
							"name": "Fronda1",
							"from": [ 0.0, 0.0, 0.0 ],
							"to": [ 4.5, 18.0, 0.0 ],
							"shade": false,
							"renderPass": 1,
							"rotationOrigin": [ 0.0, 0.0, 0.0 ],
							"rotationY": -22.0,
							"faces": {
								"north": { "texture": "#fronds", "uv": [ 0.0, 0.0, 12.0, 48.0 ], "autoUv": false, "windMode": [0,1,1,0], "windData": [0,2,2,0] }
							},
							"children": [
								{
									"name": "Frondb1",
									"from": [ -4.5, 0.0, 0.0 ],
									"to": [ 0.0, 18.0, 0.0 ],
									"shade": false,
									"renderPass": 1,
									"rotationOrigin": [ 0.0, 0.0, 0.0 ],
									"rotationY": 44.0,
									"faces": {
										"north": { "texture": "#fronds", "uv": [ 12.0, 0.0, 28.0, 48.0 ], "autoUv": false, "windMode": [0,1,1,0], "windData": [0,2,2,0] }
									}
								}
							]
						}
					]
				},
				{
					"name": "Rotationpoint",
					"from": [ 0.5, 0.0, 0.5 ],
					"to": [ 0.5, 0.0, 0.5 ],
					"rotationOrigin": [ 0.5, 0.0, 0.5 ],
					"rotationY": -144.0,
					"faces": {
						"north": { "texture": "#fronds", "uv": [ 0.0, 0.0, 0.5, 0.5 ], "autoUv": false, "windMode": [0,0,0,0] },
						"east": { "texture": "#fronds", "uv": [ 0.0, 0.0, 0.5, 0.5 ], "autoUv": false, "windMode": [0,0,0,0] },
						"south": { "texture": "#fronds", "uv": [ 0.0, 0.0, 0.5, 0.5 ], "autoUv": false, "windMode": [0,0,0,0] },
						"west": { "texture": "#fronds", "uv": [ 0.0, 0.0, 0.5, 0.5 ], "autoUv": false, "windMode": [0,0,0,0] },
						"up": { "texture": "#fronds", "uv": [ 0.0, 0.0, 0.5, 0.5 ], "autoUv": false, "windMode": [0,0,0,0] },
						"down": { "texture": "#fronds", "uv": [ 0.0, 0.0, 0.5, 0.5 ], "autoUv": false, "windMode": [0,0,0,0] }
					},
					"children": [
						{
							"name": "Palm2",
							"from": [ 0.0, 0.0, 0.0 ],
							"to": [ 0.0, 0.0, 0.0 ],
							"shade": false,
							"renderPass": 1,
							"rotationOrigin": [ 0.0, 0.0, 0.0 ],
							"rotationX": -22.5,
							"rotationY": 6.0,
							"faces": {
							},
							"children": [
								{
									"name": "Fronda2",
									"from": [ 0.0, 0.0, 0.0 ],
									"to": [ 4.5, 18.0, 0.0 ],
									"shade": false,
									"renderPass": 1,
									"rotationOrigin": [ 0.0, 0.0, 0.0 ],
									"rotationY": -30.0,
									"faces": {
										"north": { "texture": "#fronds", "uv": [ 0.0, 0.0, 12.0, 48.0 ], "autoUv": false, "windMode": [0,1,1,0], "windData": [0,2,2,0] }
									},
									"children": [
										{
											"name": "Frondb2",
											"from": [ -4.5, 0.0, 0.0 ],
											"to": [ 0.0, 18.0, 0.0 ],
											"shade": false,
											"renderPass": 1,
											"rotationOrigin": [ 0.0, 0.0, 0.0 ],
											"rotationY": 66.0,
											"faces": {
												"north": { "texture": "#fronds", "uv": [ 12.0, 0.0, 28.0, 48.0 ], "autoUv": false, "windMode": [0,1,1,0], "windData": [0,2,2,0] }
											}
										}
									]
								}
							]
						}
					]
				},
				{
					"name": "Rotationpoint2",
					"from": [ -0.5, 0.0, 0.5 ],
					"to": [ -0.5, 0.0, 0.5 ],
					"rotationOrigin": [ -0.5, 0.0, 0.5 ],
					"rotationY": 97.0,
					"faces": {
						"north": { "texture": "#fronds", "uv": [ 0.0, 0.0, 0.5, 0.5 ], "autoUv": false, "windMode": [0,0,0,0] },
						"east": { "texture": "#fronds", "uv": [ 0.0, 0.0, 0.5, 0.5 ], "autoUv": false, "windMode": [0,0,0,0] },
						"south": { "texture": "#fronds", "uv": [ 0.0, 0.0, 0.5, 0.5 ], "autoUv": false, "windMode": [0,0,0,0] },
						"west": { "texture": "#fronds", "uv": [ 0.0, 0.0, 0.5, 0.5 ], "autoUv": false, "windMode": [0,0,0,0] },
						"up": { "texture": "#fronds", "uv": [ 0.0, 0.0, 0.5, 0.5 ], "autoUv": false, "windMode": [0,0,0,0] },
						"down": { "texture": "#fronds", "uv": [ 0.0, 0.0, 0.5, 0.5 ], "autoUv": false, "windMode": [0,0,0,0] }
					},
					"children": [
						{
							"name": "Palm3",
							"from": [ 0.0, 0.0, 0.0 ],
							"to": [ 0.0, 0.0, 0.0 ],
							"shade": false,
							"renderPass": 1,
							"rotationOrigin": [ 0.0, 0.0, 0.0 ],
							"rotationX": -22.5,
							"rotationY": 6.0,
							"faces": {
							},
							"children": [
								{
									"name": "Fronda3",
									"from": [ 0.0, 0.0, 0.0 ],
									"to": [ 4.5, 18.0, 0.0 ],
									"shade": false,
									"renderPass": 1,
									"rotationOrigin": [ 0.0, 0.0, 0.0 ],
									"rotationY": -30.0,
									"faces": {
										"north": { "texture": "#fronds", "uv": [ 0.0, 0.0, 12.0, 48.0 ], "autoUv": false, "windMode": [0,1,1,0], "windData": [0,2,2,0] }
									},
									"children": [
										{
											"name": "Frondb3",
											"from": [ -4.5, 0.0, 0.0 ],
											"to": [ 0.0, 18.0, 0.0 ],
											"shade": false,
											"renderPass": 1,
											"rotationOrigin": [ 0.0, 0.0, 0.0 ],
											"rotationY": 66.0,
											"faces": {
												"north": { "texture": "#fronds", "uv": [ 12.0, 0.0, 28.0, 48.0 ], "autoUv": false, "windMode": [0,1,1,0], "windData": [0,2,2,0] }
											}
										}
									]
								}
							]
						}
					]
				},
				{
					"name": "Rotationpoint3",
					"from": [ -1.0, 0.0, -1.0 ],
					"to": [ -1.0, 0.0, -1.0 ],
					"rotationOrigin": [ -1.0, 0.0, -1.0 ],
					"rotationY": 39.0,
					"faces": {
						"north": { "texture": "#fronds", "uv": [ 0.0, 0.0, 0.5, 0.5 ], "autoUv": false, "windMode": [0,0,0,0] },
						"east": { "texture": "#fronds", "uv": [ 0.0, 0.0, 0.5, 0.5 ], "autoUv": false, "windMode": [0,0,0,0] },
						"south": { "texture": "#fronds", "uv": [ 0.0, 0.0, 0.5, 0.5 ], "autoUv": false, "windMode": [0,0,0,0] },
						"west": { "texture": "#fronds", "uv": [ 0.0, 0.0, 0.5, 0.5 ], "autoUv": false, "windMode": [0,0,0,0] },
						"up": { "texture": "#fronds", "uv": [ 0.0, 0.0, 0.5, 0.5 ], "autoUv": false, "windMode": [0,0,0,0] },
						"down": { "texture": "#fronds", "uv": [ 0.0, 0.0, 0.5, 0.5 ], "autoUv": false, "windMode": [0,0,0,0] }
					},
					"children": [
						{
							"name": "Palm4",
							"from": [ 0.0, 0.0, 0.0 ],
							"to": [ 0.0, 0.0, 0.0 ],
							"shade": false,
							"renderPass": 1,
							"rotationOrigin": [ 0.0, 0.0, 0.0 ],
							"rotationX": -40.0,
							"rotationY": 6.0,
							"faces": {
							},
							"children": [
								{
									"name": "Fronda4",
									"from": [ 0.0, 0.0, 0.0 ],
									"to": [ 4.5, 18.0, 0.0 ],
									"shade": false,
									"renderPass": 1,
									"rotationOrigin": [ 0.0, 0.0, 0.0 ],
									"rotationY": -30.0,
									"faces": {
										"north": { "texture": "#fronds", "uv": [ 0.0, 0.0, 12.0, 48.0 ], "autoUv": false, "windMode": [0,1,1,0], "windData": [0,1,1,0] }
									},
									"children": [
										{
											"name": "Frondb4",
											"from": [ -4.5, 0.0, 0.0 ],
											"to": [ 0.0, 18.0, 0.0 ],
											"shade": false,
											"renderPass": 1,
											"rotationOrigin": [ 0.0, 0.0, 0.0 ],
											"rotationY": 66.0,
											"faces": {
												"north": { "texture": "#fronds", "uv": [ 12.0, 0.0, 28.0, 48.0 ], "autoUv": false, "windMode": [1,1,1,0], "windData": [0,1,1,0] }
											}
										}
									]
								}
							]
						}
					]
				}
			]
		}
	]}