{
	"code": "creature",
	"class": "ItemCreature",
	"maxstacksize": 64,
	"variantgroups": [
		{
			"code": "type",
			"states": [
				"caninae-canina-carcass","caninae-cerdocyonina-carcass","caninae-urocyonini-carcass","caninae-vulpini-carcass",

				"caninae-canina-adult-male-aenocyon-dirus","caninae-canina-adult-female-aenocyon-dirus","caninae-canina-baby-female-aenocyon-dirus","caninae-canina-baby-male-aenocyon-dirus",
				"caninae-canina-adult-male-canis-aureus","caninae-canina-adult-female-canis-aureus","caninae-canina-baby-female-canis-aureus","caninae-canina-baby-male-canis-aureus",
				"caninae-canina-adult-male-canis-familiaris-semitamed","caninae-canina-adult-female-canis-familiaris-semitamed","caninae-canina-baby-female-canis-familiaris","caninae-canina-baby-male-canis-familiaris",
				"caninae-canina-adult-male-canis-latrans","caninae-canina-adult-female-canis-latrans","caninae-canina-baby-female-canis-latrans","caninae-canina-baby-male-canis-latrans",
				"caninae-canina-adult-male-canis-lupastor","caninae-canina-adult-female-canis-lupastor","caninae-canina-baby-female-canis-lupastor","caninae-canina-baby-male-canis-lupastor",
				"caninae-canina-adult-male-canis-lupus-semitamed","caninae-canina-adult-female-canis-lupus-semitamed","caninae-canina-adult-male-canis-lupus","caninae-canina-adult-female-canis-lupus","caninae-canina-baby-female-canis-lupus","caninae-canina-baby-male-canis-lupus",
				"caninae-canina-adult-male-canis-lupusarctos","caninae-canina-adult-female-canis-lupusarctos","caninae-canina-baby-female-canis-lupusarctos","caninae-canina-baby-male-canis-lupusarctos",
				"caninae-canina-adult-male-canis-lupusdingo","caninae-canina-adult-female-canis-lupusdingo","caninae-canina-baby-female-canis-lupusdingo","caninae-canina-baby-male-canis-lupusdingo",
				"caninae-canina-adult-male-canis-lycaon","caninae-canina-adult-female-canis-lycaon","caninae-canina-baby-female-canis-lycaon","caninae-canina-baby-male-canis-lycaon",
				"caninae-canina-adult-male-canis-rufus","caninae-canina-adult-female-canis-rufus","caninae-canina-baby-female-canis-rufus","caninae-canina-baby-male-canis-rufus",
				"caninae-canina-adult-male-canis-simensis","caninae-canina-adult-female-canis-simensis","caninae-canina-baby-female-canis-simensis","caninae-canina-baby-male-canis-simensis",
				"caninae-canina-adult-male-cuon-alpinus","caninae-canina-adult-female-cuon-alpinus","caninae-canina-baby-female-cuon-alpinus","caninae-canina-baby-male-cuon-alpinus",
				"caninae-canina-adult-male-cynotherium-sardous","caninae-canina-adult-female-cynotherium-sardous","caninae-canina-baby-female-cynotherium-sardous","caninae-canina-baby-male-cynotherium-sardous",
				"caninae-canina-adult-male-lupulella-adusta","caninae-canina-adult-female-lupulella-adusta","caninae-canina-baby-female-lupulella-adusta","caninae-canina-baby-male-lupulella-adusta",
				"caninae-canina-adult-male-lupulella-mesomelas","caninae-canina-adult-female-lupulella-mesomelas","caninae-canina-baby-female-lupulella-mesomelas","caninae-canina-baby-male-lupulella-mesomelas",
				"caninae-canina-adult-male-lycaon-pictus","caninae-canina-adult-female-lycaon-pictus","caninae-canina-baby-female-lycaon-pictus","caninae-canina-baby-male-lycaon-pictus",
				"caninae-cerdocyonina-adult-male-atelocynus-microtis","caninae-cerdocyonina-adult-female-atelocynus-microtis","caninae-cerdocyonina-baby-female-atelocynus-microtis","caninae-cerdocyonina-baby-male-atelocynus-microtis",
				"caninae-cerdocyonina-adult-male-cerdocyon-thous","caninae-cerdocyonina-adult-female-cerdocyon-thous","caninae-cerdocyonina-baby-female-cerdocyon-thous","caninae-cerdocyonina-baby-male-cerdocyon-thous",
				"caninae-cerdocyonina-adult-male-chrysocyon-brachyurus","caninae-cerdocyonina-adult-female-chrysocyon-brachyurus","caninae-cerdocyonina-baby-female-chrysocyon-brachyurus","caninae-cerdocyonina-baby-male-chrysocyon-brachyurus",
				"caninae-cerdocyonina-adult-male-dusicyon-australis","caninae-cerdocyonina-adult-female-dusicyon-australis","caninae-cerdocyonina-baby-female-dusicyon-australis","caninae-cerdocyonina-baby-male-dusicyon-australis",
				"caninae-cerdocyonina-adult-male-dusicyon-avus","caninae-cerdocyonina-adult-female-dusicyon-avus","caninae-cerdocyonina-baby-female-dusicyon-avus","caninae-cerdocyonina-baby-male-dusicyon-avus",
				"caninae-cerdocyonina-adult-male-lycalopex-culpaeus","caninae-cerdocyonina-adult-female-lycalopex-culpaeus","caninae-cerdocyonina-baby-female-lycalopex-culpaeus","caninae-cerdocyonina-baby-male-lycalopex-culpaeus",
				"caninae-cerdocyonina-adult-male-lycalopex-fulvipes","caninae-cerdocyonina-adult-female-lycalopex-fulvipes","caninae-cerdocyonina-baby-female-lycalopex-fulvipes","caninae-cerdocyonina-baby-male-lycalopex-fulvipes",
				"caninae-cerdocyonina-adult-male-lycalopex-griseus","caninae-cerdocyonina-adult-female-lycalopex-griseus","caninae-cerdocyonina-baby-female-lycalopex-griseus","caninae-cerdocyonina-baby-male-lycalopex-griseus",
				"caninae-cerdocyonina-adult-male-lycalopex-gymnocercus","caninae-cerdocyonina-adult-female-lycalopex-gymnocercus","caninae-cerdocyonina-baby-female-lycalopex-gymnocercus","caninae-cerdocyonina-baby-male-lycalopex-gymnocercus",
				"caninae-cerdocyonina-adult-male-lycalopex-sechurae","caninae-cerdocyonina-adult-female-lycalopex-sechurae","caninae-cerdocyonina-baby-female-lycalopex-sechurae","caninae-cerdocyonina-baby-male-lycalopex-sechurae",
				"caninae-cerdocyonina-adult-male-lycalopex-vetulus","caninae-cerdocyonina-adult-female-lycalopex-vetulus","caninae-cerdocyonina-baby-female-lycalopex-vetulus","caninae-cerdocyonina-baby-male-lycalopex-vetulus",
				"caninae-cerdocyonina-adult-male-speothos-pacivorus","caninae-cerdocyonina-adult-female-speothos-pacivorus","caninae-cerdocyonina-baby-female-speothos-pacivorus","caninae-cerdocyonina-baby-male-speothos-pacivorus",
				"caninae-cerdocyonina-adult-male-speothos-venaticus","caninae-cerdocyonina-adult-female-speothos-venaticus","caninae-cerdocyonina-baby-female-speothos-venaticus","caninae-cerdocyonina-baby-male-speothos-venaticus",
				"caninae-urocyonini-adult-male-urocyon-cinereoargenteus","caninae-urocyonini-adult-female-urocyon-cinereoargenteus","caninae-urocyonini-baby-female-urocyon-cinereoargenteus","caninae-urocyonini-baby-male-urocyon-cinereoargenteus",
				"caninae-urocyonini-adult-male-urocyon-littoralis","caninae-urocyonini-adult-female-urocyon-littoralis","caninae-urocyonini-baby-female-urocyon-littoralis","caninae-urocyonini-baby-male-urocyon-littoralis",
				"caninae-vulpini-adult-male-nyctereutes-procyonoides","caninae-vulpini-adult-female-nyctereutes-procyonoides","caninae-vulpini-baby-female-nyctereutes-procyonoides","caninae-vulpini-baby-male-nyctereutes-procyonoides",
				"caninae-vulpini-adult-male-nyctereutes-viverrinus","caninae-vulpini-adult-female-nyctereutes-viverrinus","caninae-vulpini-baby-female-nyctereutes-viverrinus","caninae-vulpini-baby-male-nyctereutes-viverrinus",
				"caninae-vulpini-adult-male-otocyon-megalotis","caninae-vulpini-adult-female-otocyon-megalotis","caninae-vulpini-baby-female-otocyon-megalotis","caninae-vulpini-baby-male-otocyon-megalotis",
				"caninae-vulpini-adult-male-vulpes-bengalensis","caninae-vulpini-adult-female-vulpes-bengalensis","caninae-vulpini-baby-female-vulpes-bengalensis","caninae-vulpini-baby-male-vulpes-bengalensis",
				"caninae-vulpini-adult-male-vulpes-cana","caninae-vulpini-adult-female-vulpes-cana","caninae-vulpini-baby-female-vulpes-cana","caninae-vulpini-baby-male-vulpes-cana",
				"caninae-vulpini-adult-male-vulpes-chama","caninae-vulpini-adult-female-vulpes-chama","caninae-vulpini-baby-female-vulpes-chama","caninae-vulpini-baby-male-vulpes-chama",
				"caninae-vulpini-adult-male-vulpes-corsac","caninae-vulpini-adult-female-vulpes-corsac","caninae-vulpini-baby-female-vulpes-corsac","caninae-vulpini-baby-male-vulpes-corsac",
				"caninae-vulpini-adult-male-vulpes-ferrilata","caninae-vulpini-adult-female-vulpes-ferrilata","caninae-vulpini-baby-female-vulpes-ferrilata","caninae-vulpini-baby-male-vulpes-ferrilata",
				"caninae-vulpini-adult-male-vulpes-lagopus","caninae-vulpini-adult-female-vulpes-lagopus","caninae-vulpini-baby-female-vulpes-lagopus","caninae-vulpini-baby-male-vulpes-lagopus",
				"caninae-vulpini-adult-male-vulpes-macrotis","caninae-vulpini-adult-female-vulpes-macrotis","caninae-vulpini-baby-female-vulpes-macrotis","caninae-vulpini-baby-male-vulpes-macrotis",
				"caninae-vulpini-adult-male-vulpes-pallida","caninae-vulpini-adult-female-vulpes-pallida","caninae-vulpini-baby-female-vulpes-pallida","caninae-vulpini-baby-male-vulpes-pallida",
				"caninae-vulpini-adult-male-vulpes-rueppellii","caninae-vulpini-adult-female-vulpes-rueppellii", "caninae-vulpini-baby-female-vulpes-rueppellii", "caninae-vulpini-baby-male-vulpes-rueppellii",
				"caninae-vulpini-adult-male-vulpes-velox","caninae-vulpini-adult-female-vulpes-velox","caninae-vulpini-baby-female-vulpes-velox","caninae-vulpini-baby-male-vulpes-velox",
				"caninae-vulpini-adult-male-vulpes-vulpes","caninae-vulpini-adult-female-vulpes-vulpes","caninae-vulpini-baby-female-vulpes-vulpes","caninae-vulpini-baby-male-vulpes-vulpes",
				"caninae-vulpini-adult-male-vulpes-zerda","caninae-vulpini-adult-female-vulpes-zerda","caninae-vulpini-baby-female-vulpes-zerda","caninae-vulpini-baby-male-vulpes-zerda"

			]
		},
		
		],

	"shapeByType": {
		"*-canina-carcass": {
			"base": "game:block/bone/carcass/medium"
		},
		"*-cerdocyonina-carcass": {
			"base": "game:block/bone/carcass/small"
		},
		"*-urocyonini-carcass": {
			"base": "game:block/bone/carcass/tiny"
		},
		"*-vulpini-carcass": {
			"base": "game:block/bone/carcass/tiny"
		},
		"*adult-male-aenocyon-dirus": {"base": "entity/animal/mammal/canina/dirus-male"},
		"*adult-female-aenocyon-dirus": {"base": "entity/animal/mammal/canina/dirus-male"},
		"*-baby-female-aenocyon-dirus": {"base": "entity/animal/mammal/canina/lupus-baby"},
		"*-baby-male-aenocyon-dirus": {"base": "entity/animal/mammal/canina/lupus-baby"},
		
		"*adult-male-canis-aureus": {"base": "entity/animal/mammal/canina/aureus-male"},
		"*adult-female-canis-aureus": {"base": "entity/animal/mammal/canina/aureus-male"},
		"*-baby-female-canis-aureus": {"base": "entity/animal/mammal/canina/lupus-baby"},
		"*-baby-male-canis-aureus": {"base": "entity/animal/mammal/canina/lupus-baby"},
		
		"*adult-male-canis-familiaris-*": {"base": "entity/animal/mammal/canina/lupus-male"},
		"*adult-female-canis-familiaris-*": {"base": "entity/animal/mammal/canina/lupus-male"},
		"*-baby-female-canis-familiaris": {"base": "entity/animal/mammal/canina/lupus-baby"},
		"*-baby-male-canis-familiaris": {"base": "entity/animal/mammal/canina/lupus-baby"},
		
		"*adult-male-canis-latrans": {"base": "entity/animal/mammal/canina/latrans-male"},
		"*adult-female-canis-latrans": {"base": "entity/animal/mammal/canina/latrans-male"},
		"*-baby-female-canis-latrans": {"base": "entity/animal/mammal/canina/lupus-baby"},
		"*-baby-male-canis-latrans": {"base": "entity/animal/mammal/canina/lupus-baby"},
		
		"*adult-male-canis-lupastor": {"base": "entity/animal/mammal/canina/lupastor-male"},
		"*adult-female-canis-lupastor": {"base": "entity/animal/mammal/canina/lupastor-male"},
		"*-baby-female-canis-lupastor": {"base": "entity/animal/mammal/canina/lupus-baby"},
		"*-baby-male-canis-lupastor": {"base": "entity/animal/mammal/canina/lupus-baby"},
		
		"*adult-male-canis-lupus-*": {"base": "entity/animal/mammal/canina/lupus-male"},
		"*adult-female-canis-lupus-*": {"base": "entity/animal/mammal/canina/lupus-male"},
		"*adult-male-canis-lupus": {"base": "entity/animal/mammal/canina/lupus-male"},
		"*adult-female-canis-lupus": {"base": "entity/animal/mammal/canina/lupus-male"},
		"*-baby-female-canis-lupus": {"base": "entity/animal/mammal/canina/lupus-baby"},
		"*-baby-male-canis-lupus": {"base": "entity/animal/mammal/canina/lupus-baby"},
		
		"*adult-male-canis-lupusarctos": {"base": "entity/animal/mammal/canina/lupus-male"},
		"*adult-female-canis-lupusarctos": {"base": "entity/animal/mammal/canina/lupus-male"},
		"*-baby-female-canis-lupusarctos": {"base": "entity/animal/mammal/canina/lupus-baby"},
		"*-baby-male-canis-lupusarctos": {"base": "entity/animal/mammal/canina/lupus-baby"},
		
		"*adult-male-canis-lupusdingo": {"base": "entity/animal/mammal/canina/lupusdingo-male"},
		"*adult-female-canis-lupusdingo": {"base": "entity/animal/mammal/canina/lupusdingo-male"},
		"*-baby-female-canis-lupusdingo": {"base": "entity/animal/mammal/canina/lupus-baby"},
		"*-baby-male-canis-lupusdingo": {"base": "entity/animal/mammal/canina/lupus-baby"},
		
		"*adult-male-canis-lycaon": {"base": "entity/animal/mammal/canina/lupus-male"},
		"*adult-female-canis-lycaon": {"base": "entity/animal/mammal/canina/lupus-male"},
		"*-baby-female-canis-lycaon": {"base": "entity/animal/mammal/canina/lupus-baby"},
		"*-baby-male-canis-lycaon": {"base": "entity/animal/mammal/canina/lupus-baby"},
		
		"*adult-male-canis-rufus": {"base": "entity/animal/mammal/canina/rufus-male"},
		"*adult-female-canis-rufus": {"base": "entity/animal/mammal/canina/rufus-male"},
		"*-baby-female-canis-rufus": {"base": "entity/animal/mammal/canina/lupus-baby"},
		"*-baby-male-canis-rufus": {"base": "entity/animal/mammal/canina/lupus-baby"},
		
		"*adult-male-canis-simensis": {"base": "entity/animal/mammal/canina/simensis-male"},
		"*adult-female-canis-simensis": {"base": "entity/animal/mammal/canina/simensis-male"},
		"*-baby-female-canis-simensis": {"base": "entity/animal/mammal/canina/lupus-baby"},
		"*-baby-male-canis-simensis": {"base": "entity/animal/mammal/canina/lupus-baby"},
		
		"*adult-male-cuon-alpinus": {"base": "entity/animal/mammal/canina/alpinus-male"},
		"*adult-female-cuon-alpinus": {"base": "entity/animal/mammal/canina/alpinus-male"},
		"*-baby-female-cuon-alpinus": {"base": "entity/animal/mammal/canina/lupus-baby"},
		"*-baby-male-cuon-alpinus": {"base": "entity/animal/mammal/canina/lupus-baby"},
		
		"*adult-male-cynotherium-sardous": {"base": "entity/animal/mammal/canina/alpinus-male"},
		"*adult-female-cynotherium-sardous": {"base": "entity/animal/mammal/canina/alpinus-male"},
		"*-baby-female-cynotherium-sardous": {"base": "entity/animal/mammal/canina/lupus-baby"},
		"*-baby-male-cynotherium-sardous": {"base": "entity/animal/mammal/canina/lupus-baby"},
		
		"*adult-male-lupulella-adusta": {"base": "entity/animal/mammal/canina/adusta-male"},
		"*adult-female-lupulella-adusta": {"base": "entity/animal/mammal/canina/adusta-male"},
		"*-baby-female-lupulella-adusta": {"base": "entity/animal/mammal/canina/lupus-baby"},
		"*-baby-male-lupulella-adusta": {"base": "entity/animal/mammal/canina/lupus-baby"},
		
		"*adult-male-lupulella-mesomelas": {"base": "entity/animal/mammal/canina/adusta-male"},
		"*adult-female-lupulella-mesomelas": {"base": "entity/animal/mammal/canina/adusta-male"},
		"*-baby-female-lupulella-mesomelas": {"base": "entity/animal/mammal/canina/lupus-baby"},
		"*-baby-male-lupulella-mesomelas": {"base": "entity/animal/mammal/canina/lupus-baby"},
		
		"*adult-male-lycaon-pictus": {"base": "entity/animal/mammal/canina/pictus-male"},
		"*adult-female-lycaon-pictus": {"base": "entity/animal/mammal/canina/pictus-male"},
		"*-baby-female-lycaon-pictus": {"base": "entity/animal/mammal/canina/lupus-baby"},
		"*-baby-male-lycaon-pictus": {"base": "entity/animal/mammal/canina/lupus-baby"},
		
		"*adult-male-atelocynus-microtis": {"base": "entity/animal/mammal/cerdocyonina/microtis-male"},
		"*adult-female-atelocynus-microtis": {"base": "entity/animal/mammal/cerdocyonina/microtis-male"},
		"*-baby-female-atelocynus-microtis": {"base": "entity/animal/mammal/cerdocyonina/microtis-baby"},
		"*-baby-male-atelocynus-microtis": {"base": "entity/animal/mammal/cerdocyonina/microtis-baby"},

		"*adult-male-cerdocyon-thous": {"base": "entity/animal/mammal/cerdocyonina/thous-male"},
		"*adult-female-cerdocyon-thous": {"base": "entity/animal/mammal/cerdocyonina/thous-male"},
		"*-baby-female-cerdocyon-thous": {"base": "entity/animal/mammal/cerdocyonina/microtis-baby"},
		"*-baby-male-cerdocyon-thous": {"base": "entity/animal/mammal/cerdocyonina/microtis-baby"},

		"*adult-male-chrysocyon-brachyurus": {"base": "entity/animal/mammal/cerdocyonina/brachyurus-male"},
		"*adult-female-chrysocyon-brachyurus": {"base": "entity/animal/mammal/cerdocyonina/brachyurus-male"},
		"*-baby-female-chrysocyon-brachyurus": {"base": "entity/animal/mammal/cerdocyonina/microtis-baby"},
		"*-baby-male-chrysocyon-brachyurus": {"base": "entity/animal/mammal/cerdocyonina/microtis-baby"},

		"*adult-male-dusicyon-australis": {"base": "entity/animal/mammal/cerdocyonina/australis-male"},
		"*adult-female-dusicyon-australis": {"base": "entity/animal/mammal/cerdocyonina/australis-male"},
		"*-baby-female-dusicyon-australis": {"base": "entity/animal/mammal/cerdocyonina/microtis-baby"},
		"*-baby-male-dusicyon-australis": {"base": "entity/animal/mammal/cerdocyonina/microtis-baby"},

		"*adult-male-dusicyon-avus": {"base": "entity/animal/mammal/cerdocyonina/avus-male"},
		"*adult-female-dusicyon-avus": {"base": "entity/animal/mammal/cerdocyonina/avus-male"},
		"*-baby-female-dusicyon-avus": {"base": "entity/animal/mammal/cerdocyonina/microtis-baby"},
		"*-baby-male-dusicyon-avus": {"base": "entity/animal/mammal/cerdocyonina/microtis-baby"},

		"*adult-male-lycalopex-culpaeus": {"base": "entity/animal/mammal/cerdocyonina/culpaeus-male"},
		"*adult-female-lycalopex-culpaeus": {"base": "entity/animal/mammal/cerdocyonina/culpaeus-male"},
		"*-baby-female-lycalopex-culpaeus": {"base": "entity/animal/mammal/cerdocyonina/microtis-baby"},
		"*-baby-male-lycalopex-culpaeus": {"base": "entity/animal/mammal/cerdocyonina/microtis-baby"},

		"*adult-male-lycalopex-fulvipes": {"base": "entity/animal/mammal/cerdocyonina/fulvipes-male"},
		"*adult-female-lycalopex-fulvipes": {"base": "entity/animal/mammal/cerdocyonina/fulvipes-male"},
		"*-baby-female-lycalopex-fulvipes": {"base": "entity/animal/mammal/cerdocyonina/microtis-baby"},
		"*-baby-male-lycalopex-fulvipes": {"base": "entity/animal/mammal/cerdocyonina/microtis-baby"},

		"*adult-male-lycalopex-griseus": {"base": "entity/animal/mammal/cerdocyonina/culpaeus-male"},
		"*adult-female-lycalopex-griseus": {"base": "entity/animal/mammal/cerdocyonina/culpaeus-male"},
		"*-baby-female-lycalopex-griseus": {"base": "entity/animal/mammal/cerdocyonina/microtis-baby"},
		"*-baby-male-lycalopex-griseus": {"base": "entity/animal/mammal/cerdocyonina/microtis-baby"},

		"*adult-male-lycalopex-gymnocercus": {"base": "entity/animal/mammal/cerdocyonina/gymnocercus-male"},
		"*adult-female-lycalopex-gymnocercus": {"base": "entity/animal/mammal/cerdocyonina/gymnocercus-male"},
		"*-baby-female-lycalopex-gymnocercus": {"base": "entity/animal/mammal/cerdocyonina/microtis-baby"},
		"*-baby-male-lycalopex-gymnocercus": {"base": "entity/animal/mammal/cerdocyonina/microtis-baby"},

		"*adult-male-lycalopex-sechurae": {"base": "entity/animal/mammal/cerdocyonina/sechurae-male"},
		"*adult-female-lycalopex-sechurae": {"base": "entity/animal/mammal/cerdocyonina/sechurae-male"},
		"*-baby-female-lycalopex-sechurae": {"base": "entity/animal/mammal/cerdocyonina/microtis-baby"},
		"*-baby-male-lycalopex-sechurae": {"base": "entity/animal/mammal/cerdocyonina/microtis-baby"},

		"*adult-male-lycalopex-vetulus": {"base": "entity/animal/mammal/cerdocyonina/sechurae-male"},
		"*adult-female-lycalopex-vetulus": {"base": "entity/animal/mammal/cerdocyonina/sechurae-male"},
		"*-baby-female-lycalopex-vetulus": {"base": "entity/animal/mammal/cerdocyonina/microtis-baby"},
		"*-baby-male-lycalopex-vetulus": {"base": "entity/animal/mammal/cerdocyonina/microtis-baby"},

		"*adult-male-speothos-pacivorus": {"base": "entity/animal/mammal/cerdocyonina/pacivorus-male"},
		"*adult-female-speothos-pacivorus": {"base": "entity/animal/mammal/cerdocyonina/pacivorus-male"},
		"*-baby-female-speothos-pacivorus": {"base": "entity/animal/mammal/cerdocyonina/venaticus-baby"},
		"*-baby-male-speothos-pacivorus": {"base": "entity/animal/mammal/cerdocyonina/venaticus-baby"},

		"*adult-male-speothos-venaticus": {"base": "entity/animal/mammal/cerdocyonina/venaticus-male"},
		"*adult-female-speothos-venaticus": {"base": "entity/animal/mammal/cerdocyonina/venaticus-male"},
		"*-baby-female-speothos-venaticus": {"base": "entity/animal/mammal/cerdocyonina/venaticus-baby"},
		"*-baby-male-speothos-venaticus": {"base": "entity/animal/mammal/cerdocyonina/venaticus-baby"},

		"*adult-male-urocyon-cinereoargenteus": {"base": "entity/animal/mammal/urocyonini/cinereoargenteus-male"},
		"*adult-female-urocyon-cinereoargenteus": {"base": "entity/animal/mammal/urocyonini/cinereoargenteus-male"},
		"*-baby-female-urocyon-cinereoargenteus": {"base": "entity/animal/mammal/urocyonini/cinereoargenteus-baby"},
		"*-baby-male-urocyon-cinereoargenteus": {"base": "entity/animal/mammal/urocyonini/cinereoargenteus-baby"},

		"*adult-male-urocyon-littoralis": {"base": "entity/animal/mammal/urocyonini/littoralis-male"},
		"*adult-female-urocyon-littoralis": {"base": "entity/animal/mammal/urocyonini/littoralis-male"},
		"*-baby-female-urocyon-littoralis": {"base": "entity/animal/mammal/urocyonini/cinereoargenteus-baby"},
		"*-baby-male-urocyon-littoralis": {"base": "entity/animal/mammal/urocyonini/cinereoargenteus-baby"},

		"*adult-male-nyctereutes-procyonoides": {"base": "entity/animal/mammal/vulpini/procyonoides-male"},
		"*adult-female-nyctereutes-procyonoides": {"base": "entity/animal/mammal/vulpini/procyonoides-male"},
		"*-baby-female-nyctereutes-procyonoides": {"base": "entity/animal/mammal/vulpini/procyonoides-baby"},
		"*-baby-male-nyctereutes-procyonoides": {"base": "entity/animal/mammal/vulpini/procyonoides-baby"},

		"*adult-male-nyctereutes-viverrinus": {"base": "entity/animal/mammal/vulpini/viverrinus-male"},
		"*adult-female-nyctereutes-viverrinus": {"base": "entity/animal/mammal/vulpini/viverrinus-male"},
		"*-baby-female-nyctereutes-viverrinus": {"base": "entity/animal/mammal/vulpini/procyonoides-baby"},
		"*-baby-male-nyctereutes-viverrinus": {"base": "entity/animal/mammal/vulpini/procyonoides-baby"},

		"*adult-male-otocyon-megalotis": {"base": "entity/animal/mammal/vulpini/megalotis-male"},
		"*adult-female-otocyon-megalotis": {"base": "entity/animal/mammal/vulpini/megalotis-male"},
		"*-baby-female-otocyon-megalotis": {"base": "entity/animal/mammal/vulpini/megalotis-baby"},
		"*-baby-male-otocyon-megalotis": {"base": "entity/animal/mammal/vulpini/megalotis-baby"},

		"*adult-male-vulpes-bengalensis": {"base": "entity/animal/mammal/vulpini/bengalensis-male"},
		"*adult-female-vulpes-bengalensis": {"base": "entity/animal/mammal/vulpini/bengalensis-male"},
		"*-baby-female-vulpes-bengalensis": {"base": "entity/animal/mammal/vulpini/vulpes-baby"},
		"*-baby-male-vulpes-bengalensis": {"base": "entity/animal/mammal/vulpini/vulpes-baby"},

		"*adult-male-vulpes-cana": {"base": "entity/animal/mammal/vulpini/cana-male"},
		"*adult-female-vulpes-cana": {"base": "entity/animal/mammal/vulpini/cana-male"},
		"*-baby-female-vulpes-cana": {"base": "entity/animal/mammal/vulpini/vulpes-baby"},
		"*-baby-male-vulpes-cana": {"base": "entity/animal/mammal/vulpini/vulpes-baby"},

		"*adult-male-vulpes-chama": {"base": "entity/animal/mammal/vulpini/chama-male"},
		"*adult-female-vulpes-chama": {"base": "entity/animal/mammal/vulpini/chama-male"},
		"*-baby-female-vulpes-chama": {"base": "entity/animal/mammal/vulpini/vulpes-baby"},
		"*-baby-male-vulpes-chama": {"base": "entity/animal/mammal/vulpini/vulpes-baby"},

		"*adult-male-vulpes-corsac": {"base": "entity/animal/mammal/vulpini/corsac-male"},
		"*adult-female-vulpes-corsac": {"base": "entity/animal/mammal/vulpini/corsac-male"},
		"*-baby-female-vulpes-corsac": {"base": "entity/animal/mammal/vulpini/vulpes-baby"},
		"*-baby-male-vulpes-corsac": {"base": "entity/animal/mammal/vulpini/vulpes-baby"},

		"*adult-male-vulpes-ferrilata": {"base": "entity/animal/mammal/vulpini/ferrilata-male"},
		"*adult-female-vulpes-ferrilata": {"base": "entity/animal/mammal/vulpini/ferrilata-male"},
		"*-baby-female-vulpes-ferrilata": {"base": "entity/animal/mammal/vulpini/vulpes-baby"},
		"*-baby-male-vulpes-ferrilata": {"base": "entity/animal/mammal/vulpini/vulpes-baby"},

		"*adult-male-vulpes-lagopus": {"base": "entity/animal/mammal/vulpini/lagopus-male"},
		"*adult-female-vulpes-lagopus": {"base": "entity/animal/mammal/vulpini/lagopus-male"},
		"*-baby-female-vulpes-lagopus": {"base": "entity/animal/mammal/vulpini/vulpes-baby"},
		"*-baby-male-vulpes-lagopus": {"base": "entity/animal/mammal/vulpini/vulpes-baby"},

		"*adult-male-vulpes-macrotis": {"base": "entity/animal/mammal/vulpini/macrotis-male"},
		"*adult-female-vulpes-macrotis": {"base": "entity/animal/mammal/vulpini/macrotis-male"},
		"*-baby-female-vulpes-macrotis": {"base": "entity/animal/mammal/vulpini/vulpes-baby"},
		"*-baby-male-vulpes-macrotis": {"base": "entity/animal/mammal/vulpini/vulpes-baby"},

		"*adult-male-vulpes-pallida": {"base": "entity/animal/mammal/vulpini/macrotis-male"},
		"*adult-female-vulpes-pallida": {"base": "entity/animal/mammal/vulpini/macrotis-male"},
		"*-baby-female-vulpes-pallida": {"base": "entity/animal/mammal/vulpini/vulpes-baby"},
		"*-baby-male-vulpes-pallida": {"base": "entity/animal/mammal/vulpini/vulpes-baby"},

		"*adult-male-vulpes-rueppellii": {"base": "entity/animal/mammal/vulpini/rueppellii-male"},
		"*adult-female-vulpes-rueppellii": {"base": "entity/animal/mammal/vulpini/rueppellii-male"},
		"*-baby-female-vulpes-rueppellii": {"base": "entity/animal/mammal/vulpini/vulpes-baby"},
		"*-baby-male-vulpes-rueppellii": {"base": "entity/animal/mammal/vulpini/vulpes-baby"},

		"*adult-male-vulpes-velox": {"base": "entity/animal/mammal/vulpini/velox-male"},
		"*adult-female-vulpes-velox": {"base": "entity/animal/mammal/vulpini/velox-male"},
		"*-baby-female-vulpes-velox": {"base": "entity/animal/mammal/vulpini/vulpes-baby"},
		"*-baby-male-vulpes-velox": {"base": "entity/animal/mammal/vulpini/vulpes-baby"},

		"*adult-male-vulpes-vulpes": {"base": "entity/animal/mammal/vulpini/vulpes-male"},
		"*adult-female-vulpes-vulpes": {"base": "entity/animal/mammal/vulpini/vulpes-male"},
		"*-baby-female-vulpes-vulpes": {"base": "entity/animal/mammal/vulpini/vulpes-baby"},
		"*-baby-male-vulpes-vulpes": {"base": "entity/animal/mammal/vulpini/vulpes-baby"},

		"*adult-male-vulpes-zerda": {"base": "entity/animal/mammal/vulpini/zerda-male"},
		"*adult-female-vulpes-zerda": {"base": "entity/animal/mammal/vulpini/zerda-male"},
		"*-baby-female-vulpes-zerda": {"base": "entity/animal/mammal/vulpini/zerda-baby"},
		"*-baby-male-vulpes-zerda": {"base": "entity/animal/mammal/vulpini/zerda-baby"}
	},
	"texturesByType": {
		"*adult-male-aenocyon-dirus": {"skin": { "base": "entity/animal/mammal/aenocyon/dirus-adult" }},
		"*adult-female-aenocyon-dirus": {"skin": { "base": "entity/animal/mammal/aenocyon/dirus-adult" }},
		"*-baby-female-aenocyon-dirus": {"skin": { "base": "entity/animal/mammal/aenocyon/dirus-baby" }},
		"*-baby-male-aenocyon-dirus": {"skin": { "base": "entity/animal/mammal/aenocyon/dirus-baby" }},
		
		"*adult-male-canis-aureus": {"skin": { "base": "entity/animal/mammal/canis/aureus-adult" }},
		"*adult-female-canis-aureus": {"skin": { "base": "entity/animal/mammal/canis/aureus-adult" }}, 
		"*-baby-female-canis-aureus": {"skin": { "base": "entity/animal/mammal/canis/aureus-baby" }},
		"*-baby-male-canis-aureus": {"skin": { "base": "entity/animal/mammal/canis/aureus-baby" }},
		
		"*adult-male-canis-familiaris-*": {"skin": { "base": "entity/animal/mammal/canis/familiaris-adult" }},
		"*adult-female-canis-familiaris-*": {"skin": { "base": "entity/animal/mammal/canis/familiaris-adult" }}, 
		"*-baby-female-canis-familiaris": {"skin": { "base": "entity/animal/mammal/canis/latrans-baby" }},
		"*-baby-male-canis-familiaris": {"skin": { "base": "entity/animal/mammal/canis/latrans-baby" }},
		
		"*adult-male-canis-latrans": {"skin": { "base": "entity/animal/mammal/canis/latrans-adult" }},
		"*adult-female-canis-latrans": {"skin": { "base": "entity/animal/mammal/canis/latrans-adult" }}, 
		"*-baby-female-canis-latrans": {"skin": { "base": "entity/animal/mammal/canis/latrans-baby" }},
		"*-baby-male-canis-latrans": {"skin": { "base": "entity/animal/mammal/canis/latrans-baby" }},
		
		"*adult-male-canis-lupastor": {"skin": { "base": "entity/animal/mammal/canis/lupastor-adult" }},
		"*adult-female-canis-lupastor": {"skin": { "base": "entity/animal/mammal/canis/lupastor-adult" }}, 
		"*-baby-female-canis-lupastor": {"skin": { "base": "entity/animal/mammal/canis/aureus-baby" }},
		"*-baby-male-canis-lupastor": {"skin": { "base": "entity/animal/mammal/canis/aureus-baby" }},
		
		"*adult-male-canis-lupus-*": {"skin": { "base": "entity/animal/mammal/canis/lupus-adult" }},
		"*adult-female-canis-lupus-*": {"skin": { "base": "entity/animal/mammal/canis/lupus-adult" }}, 
		"*adult-male-canis-lupus": {"skin": { "base": "entity/animal/mammal/canis/lupus-adult" }},
		"*adult-female-canis-lupus": {"skin": { "base": "entity/animal/mammal/canis/lupus-adult" }}, 
		"*-baby-female-canis-lupus": {"skin": { "base": "entity/animal/mammal/canis/latrans-baby" }},
		"*-baby-male-canis-lupus": {"skin": { "base": "entity/animal/mammal/canis/latrans-baby" }},
		
		"*adult-male-canis-lupusarctos": {"skin": { "base": "entity/animal/mammal/canis/lupusarctos-adult" }},
		"*adult-female-canis-lupusarctos": {"skin": { "base": "entity/animal/mammal/canis/lupusarctos-adult" }}, 
		"*-baby-female-canis-lupusarctos": {"skin": { "base": "entity/animal/mammal/canis/lupusarctos-baby" }},		
		"*-baby-male-canis-lupusarctos": {"skin": { "base": "entity/animal/mammal/canis/lupusarctos-baby" }},	
		
		"*adult-male-canis-lupusdingo": {"skin": { "base": "entity/animal/mammal/canis/lupusdingo-adult" }},
		"*adult-female-canis-lupusdingo": {"skin": { "base": "entity/animal/mammal/canis/lupusdingo-adult" }}, 
		"*-baby-female-canis-lupusdingo": {"skin": { "base": "entity/animal/mammal/canis/lupusdingo-baby" }},	 
		"*-baby-male-canis-lupusdingo": {"skin": { "base": "entity/animal/mammal/canis/lupusdingo-baby" }},
		
		"*adult-male-canis-lycaon": {"skin": { "base": "entity/animal/mammal/canis/lycaon-adult" }},
		"*adult-female-canis-lycaon": {"skin": { "base": "entity/animal/mammal/canis/lycaon-adult" }}, 
		"*-baby-female-canis-lycaon": {"skin": { "base": "entity/animal/mammal/canis/latrans-baby" }},
		"*-baby-male-canis-lycaon": {"skin": { "base": "entity/animal/mammal/canis/latrans-baby" }},
		
		"*adult-male-canis-rufus": {"skin": { "base": "entity/animal/mammal/canis/rufus-adult" }},
		"*adult-female-canis-rufus": {"skin": { "base": "entity/animal/mammal/canis/rufus-adult" }}, 
		"*-baby-female-canis-rufus": {"skin": { "base": "entity/animal/mammal/canis/latrans-baby" }},
		"*-baby-male-canis-rufus": {"skin": { "base": "entity/animal/mammal/canis/latrans-baby" }},
		
		"*adult-male-canis-simensis": {"skin": { "base": "entity/animal/mammal/canis/simensis-adult" }},
		"*adult-female-canis-simensis": {"skin": { "base": "entity/animal/mammal/canis/simensis-adult" }}, 
		"*-baby-female-canis-simensis": {"skin": { "base": "entity/animal/mammal/canis/simensis-baby" }},
		"*-baby-male-canis-simensis": {"skin": { "base": "entity/animal/mammal/canis/simensis-baby" }},
		
		"*adult-male-cuon-alpinus": {"skin": { "base": "entity/animal/mammal/cuon/alpinus-adult" }},
		"*adult-female-cuon-alpinus": {"skin": { "base": "entity/animal/mammal/cuon/alpinus-adult" }}, 
		"*-baby-female-cuon-alpinus": {"skin": { "base": "entity/animal/mammal/canis/simensis-baby" }},
		"*-baby-male-cuon-alpinus": {"skin": { "base": "entity/animal/mammal/canis/simensis-baby" }},
		
		"*adult-male-cynotherium-sardous": {"skin": { "base": "entity/animal/mammal/cynotherium/sardous-adult" }},
		"*adult-female-cynotherium-sardous": {"skin": { "base": "entity/animal/mammal/cynotherium/sardous-adult" }}, 
		"*-baby-female-cynotherium-sardous": {"skin": { "base": "entity/animal/mammal/canis/lupusdingo-baby" }},
		"*-baby-male-cynotherium-sardous": {"skin": { "base": "entity/animal/mammal/canis/lupusdingo-baby" }},
		
		"*adult-male-lupulella-adusta": {"skin": { "base": "entity/animal/mammal/lupulella/adusta-adult" }},
		"*adult-female-lupulella-adusta": {"skin": { "base": "entity/animal/mammal/lupulella/adusta-adult" }}, 
		"*-baby-female-lupulella-adusta": {"skin": { "base": "entity/animal/mammal/aenocyon/dirus-baby" }},
		"*-baby-male-lupulella-adusta": {"skin": { "base": "entity/animal/mammal/aenocyon/dirus-baby" }},
		
		"*adult-male-lupulella-mesomelas": {"skin": { "base": "entity/animal/mammal/lupulella/mesomelas-adult" }},
		"*adult-female-lupulella-mesomelas": {"skin": { "base": "entity/animal/mammal/lupulella/mesomelas-adult" }}, 
		"*-baby-female-lupulella-mesomelas": {"skin": { "base": "entity/animal/mammal/aenocyon/dirus-baby" }},
		"*-baby-male-lupulella-mesomelas": {"skin": { "base": "entity/animal/mammal/aenocyon/dirus-baby" }},
		
		"*adult-male-lycaon-pictus": {"skin": { "base": "entity/animal/mammal/lycaon/pictus-adult" }},
		"*adult-female-lycaon-pictus": {"skin": { "base": "entity/animal/mammal/lycaon/pictus-adult" }}, 
		"*-baby-female-lycaon-pictus": {"skin": { "base": "entity/animal/mammal/lycaon/pictus-baby" }},
		"*-baby-male-lycaon-pictus": {"skin": { "base": "entity/animal/mammal/lycaon/pictus-baby" }},
		
		"*adult-male-atelocynus-microtis": {"skin": { "base": "entity/animal/mammal/atelocynus/microtis-adult" }},
		"*adult-female-atelocynus-microtis": {"skin": { "base": "entity/animal/mammal/atelocynus/microtis-adult" }}, 
		"*-baby-female-atelocynus-microtis": {"skin": { "base": "entity/animal/mammal/atelocynus/microtis-baby" }},
		"*-baby-male-atelocynus-microtis": {"skin": { "base": "entity/animal/mammal/atelocynus/microtis-baby" }},
		
		"*adult-male-cerdocyon-thous": {"skin": { "base": "entity/animal/mammal/cerdocyon/thous-adult" }},
		"*adult-female-cerdocyon-thous": {"skin": { "base": "entity/animal/mammal/cerdocyon/thous-adult" }}, 
		"*-baby-female-cerdocyon-thous": {"skin": { "base": "entity/animal/mammal/cerdocyon/thous-baby" }},
		"*-baby-male-cerdocyon-thous": {"skin": { "base": "entity/animal/mammal/cerdocyon/thous-baby" }},
		
		"*adult-male-chrysocyon-brachyurus": {"skin": { "base": "entity/animal/mammal/chrysocyon/brachyurus-adult" }},
		"*adult-female-chrysocyon-brachyurus": {"skin": { "base": "entity/animal/mammal/chrysocyon/brachyurus-adult" }}, 
		"*-baby-female-chrysocyon-brachyurus": {"skin": { "base": "entity/animal/mammal/chrysocyon/brachyurus-baby" }}, 
		"*-baby-male-chrysocyon-brachyurus": {"skin": { "base": "entity/animal/mammal/chrysocyon/brachyurus-baby" }},
		
		"*adult-male-dusicyon-australis": {"skin": { "base": "entity/animal/mammal/dusicyon/australis-adult" }},
		"*adult-female-dusicyon-australis": {"skin": { "base": "entity/animal/mammal/dusicyon/australis-adult" }}, 
		"*-baby-female-dusicyon-australis": {"skin": { "base": "entity/animal/mammal/dusicyon/australis-baby" }},
		"*-baby-male-dusicyon-australis": {"skin": { "base": "entity/animal/mammal/dusicyon/australis-baby" }},
		
		"*adult-male-dusicyon-avus": {"skin": { "base": "entity/animal/mammal/dusicyon/avus-adult" }},
		"*adult-female-dusicyon-avus": {"skin": { "base": "entity/animal/mammal/dusicyon/avus-adult" }}, 
		"*-baby-female-dusicyon-avus": {"skin": { "base": "entity/animal/mammal/dusicyon/australis-baby" }},
		"*-baby-male-dusicyon-avus": {"skin": { "base": "entity/animal/mammal/dusicyon/australis-baby" }},
		
		"*adult-male-lycalopex-culpaeus": {"skin": { "base": "entity/animal/mammal/lycalopex/culpaeus-adult" }},
		"*adult-female-lycalopex-culpaeus": {"skin": { "base": "entity/animal/mammal/lycalopex/culpaeus-adult" }}, 
		"*-baby-female-lycalopex-culpaeus": {"skin": { "base": "entity/animal/mammal/lycalopex/culpaeus-baby" }},
		"*-baby-male-lycalopex-culpaeus": {"skin": { "base": "entity/animal/mammal/lycalopex/culpaeus-baby" }},
		
		"*adult-male-lycalopex-fulvipes": {"skin": { "base": "entity/animal/mammal/lycalopex/fulvipes-adult" }},
		"*adult-female-lycalopex-fulvipes": {"skin": { "base": "entity/animal/mammal/lycalopex/fulvipes-adult" }}, 
		"*-baby-female-lycalopex-fulvipes": {"skin": { "base": "entity/animal/mammal/lycalopex/fulvipes-baby" }},
		"*-baby-male-lycalopex-fulvipes": {"skin": { "base": "entity/animal/mammal/lycalopex/fulvipes-baby" }},
		
		"*adult-male-lycalopex-griseus": {"skin": { "base": "entity/animal/mammal/lycalopex/griseus-adult" }},
		"*adult-female-lycalopex-griseus": {"skin": { "base": "entity/animal/mammal/lycalopex/griseus-adult" }}, 
		"*-baby-female-lycalopex-griseus": {"skin": { "base": "entity/animal/mammal/vulpes/corsac-baby" }},
		"*-baby-male-lycalopex-griseus": {"skin": { "base": "entity/animal/mammal/vulpes/corsac-baby" }},
		
		"*adult-male-lycalopex-gymnocercus": {"skin": { "base": "entity/animal/mammal/lycalopex/gymnocercus-adult" }},
		"*adult-female-lycalopex-gymnocercus": {"skin": { "base": "entity/animal/mammal/lycalopex/gymnocercus-adult" }}, 
		"*-baby-female-lycalopex-gymnocercus": {"skin": { "base": "entity/animal/mammal/vulpes/pallida-baby" }},
		"*-baby-male-lycalopex-gymnocercus": {"skin": { "base": "entity/animal/mammal/vulpes/pallida-baby" }},
		
		"*adult-male-lycalopex-sechurae": {"skin": { "base": "entity/animal/mammal/lycalopex/sechurae-adult" }},
		"*adult-female-lycalopex-sechurae": {"skin": { "base": "entity/animal/mammal/lycalopex/sechurae-adult" }}, 
		"*-baby-female-lycalopex-sechurae": {"skin": { "base": "entity/animal/mammal/vulpes/macrotis-baby" }},
		"*-baby-male-lycalopex-sechurae": {"skin": { "base": "entity/animal/mammal/vulpes/macrotis-baby" }},
		
		"*adult-male-lycalopex-vetulus": {"skin": { "base": "entity/animal/mammal/lycalopex/vetulus-adult" }},
		"*adult-female-lycalopex-vetulus": {"skin": { "base": "entity/animal/mammal/lycalopex/vetulus-adult" }}, 
		"*-baby-female-lycalopex-vetulus": {"skin": { "base": "entity/animal/mammal/vulpes/macrotis-baby" }},
		"*-baby-male-lycalopex-vetulus": {"skin": { "base": "entity/animal/mammal/vulpes/macrotis-baby" }},
		
		"*adult-male-speothos-pacivorus": {"skin": { "base": "entity/animal/mammal/speothos/pacivorus-adult" }},
		"*adult-female-speothos-pacivorus": {"skin": { "base": "entity/animal/mammal/speothos/pacivorus-adult" }}, 
		"*-baby-female-speothos-pacivorus": {"skin": { "base": "entity/animal/mammal/speothos/venaticus-baby" }},
		"*-baby-male-speothos-pacivorus": {"skin": { "base": "entity/animal/mammal/speothos/venaticus-baby" }},
		
		"*adult-male-speothos-venaticus": {"skin": { "base": "entity/animal/mammal/speothos/venaticus-adult" }},
		"*adult-female-speothos-venaticus": {"skin": { "base": "entity/animal/mammal/speothos/venaticus-adult" }}, 
		"*-baby-female-speothos-venaticus": {"skin": { "base": "entity/animal/mammal/speothos/venaticus-baby" }},
		"*-baby-male-speothos-venaticus": {"skin": { "base": "entity/animal/mammal/speothos/venaticus-baby" }},
		
		"*adult-male-urocyon-cinereoargenteus": {"skin": { "base": "entity/animal/mammal/urocyon/cinereoargenteus-adult" }},
		"*adult-female-urocyon-cinereoargenteus": {"skin": { "base": "entity/animal/mammal/urocyon/cinereoargenteus-adult" }}, 
		"*-baby-female-urocyon-cinereoargenteus": {"skin": { "base": "entity/animal/mammal/urocyon/cinereoargenteus-baby" }},
		"*-baby-male-urocyon-cinereoargenteus": {"skin": { "base": "entity/animal/mammal/urocyon/cinereoargenteus-baby" }},
		
		"*adult-male-urocyon-littoralis": {"skin": { "base": "entity/animal/mammal/urocyon/littoralis-adult" }},
		"*adult-female-urocyon-littoralis": {"skin": { "base": "entity/animal/mammal/urocyon/littoralis-adult" }}, 
		"*-baby-female-urocyon-littoralis": {"skin": { "base": "entity/animal/mammal/urocyon/cinereoargenteus-baby" }},
		"*-baby-male-urocyon-littoralis": {"skin": { "base": "entity/animal/mammal/urocyon/cinereoargenteus-baby" }},
		
		"*adult-male-nyctereutes-procyonoides": {"skin": { "base": "entity/animal/mammal/nyctereutes/procyonoides-adult" }},
		"*adult-female-nyctereutes-procyonoides": {"skin": { "base": "entity/animal/mammal/nyctereutes/procyonoides-adult" }}, 
		"*-baby-female-nyctereutes-procyonoides": {"skin": { "base": "entity/animal/mammal/nyctereutes/procyonoides-baby" }},
		"*-baby-male-nyctereutes-procyonoides": {"skin": { "base": "entity/animal/mammal/nyctereutes/procyonoides-baby" }},
		
		"*adult-male-nyctereutes-viverrinus": {"skin": { "base": "entity/animal/mammal/nyctereutes/viverrinus-adult" }},
		"*adult-female-nyctereutes-viverrinus": {"skin": { "base": "entity/animal/mammal/nyctereutes/viverrinus-adult" }}, 
		"*-baby-female-nyctereutes-viverrinus": {"skin": { "base": "entity/animal/mammal/nyctereutes/procyonoides-baby" }},
		"*-baby-male-nyctereutes-viverrinus": {"skin": { "base": "entity/animal/mammal/nyctereutes/procyonoides-baby" }},
		
		"*adult-male-otocyon-megalotis": {"skin": { "base": "entity/animal/mammal/otocyon/megalotis-adult" }},
		"*adult-female-otocyon-megalotis": {"skin": { "base": "entity/animal/mammal/otocyon/megalotis-adult" }}, 
		"*-baby-female-otocyon-megalotis": {"skin": { "base": "entity/animal/mammal/otocyon/megalotis-baby" }},
		"*-baby-male-otocyon-megalotis": {"skin": { "base": "entity/animal/mammal/otocyon/megalotis-baby" }},
		
		"*adult-male-vulpes-bengalensis": {"skin": { "base": "entity/animal/mammal/vulpes/bengalensis-adult" }},
		"*adult-female-vulpes-bengalensis": {"skin": { "base": "entity/animal/mammal/vulpes/bengalensis-adult" }}, 
		"*-baby-female-vulpes-bengalensis": {"skin": { "base": "entity/animal/mammal/vulpes/bengalensis-baby" }},
		"*-baby-male-vulpes-bengalensis": {"skin": { "base": "entity/animal/mammal/vulpes/bengalensis-baby" }},
		
		"*adult-male-vulpes-cana": {"skin": { "base": "entity/animal/mammal/vulpes/cana-adult" }},
		"*adult-female-vulpes-cana": {"skin": { "base": "entity/animal/mammal/vulpes/cana-adult" }}, 
		"*-baby-female-vulpes-cana": {"skin": { "base": "entity/animal/mammal/vulpes/bengalensis-baby" }},
		"*-baby-male-vulpes-cana": {"skin": { "base": "entity/animal/mammal/vulpes/bengalensis-baby" }},
		
		"*adult-male-vulpes-chama": {"skin": { "base": "entity/animal/mammal/vulpes/chama-adult" }},
		"*adult-female-vulpes-chama": {"skin": { "base": "entity/animal/mammal/vulpes/chama-adult" }}, 
		"*-baby-female-vulpes-chama": {"skin": { "base": "entity/animal/mammal/vulpes/chama-baby" }},
		"*-baby-male-vulpes-chama": {"skin": { "base": "entity/animal/mammal/vulpes/chama-baby" }},
		
		"*adult-male-vulpes-corsac": {"skin": { "base": "entity/animal/mammal/vulpes/corsac-adult" }},
		"*adult-female-vulpes-corsac": {"skin": { "base": "entity/animal/mammal/vulpes/corsac-adult" }}, 
		"*-baby-female-vulpes-corsac": {"skin": { "base": "entity/animal/mammal/vulpes/corsac-baby" }},
		"*-baby-male-vulpes-corsac": {"skin": { "base": "entity/animal/mammal/vulpes/corsac-baby" }},
		
		"*adult-male-vulpes-ferrilata": {"skin": { "base": "entity/animal/mammal/vulpes/ferrilata-adult" }},
		"*adult-female-vulpes-ferrilata": {"skin": { "base": "entity/animal/mammal/vulpes/ferrilata-adult" }}, 
		"*-baby-female-vulpes-ferrilata": {"skin": { "base": "entity/animal/mammal/vulpes/macrotis-baby" }},
		"*-baby-male-vulpes-ferrilata": {"skin": { "base": "entity/animal/mammal/vulpes/macrotis-baby" }},
		
		"*adult-male-vulpes-lagopus": {"skin": { "base": "entity/animal/mammal/vulpes/lagopus-adult" }},
		"*adult-female-vulpes-lagopus": {"skin": { "base": "entity/animal/mammal/vulpes/lagopus-adult" }}, 
		"*-baby-female-vulpes-lagopus": {"skin": { "base": "entity/animal/mammal/vulpes/lagopus-baby" }},
		"*-baby-male-vulpes-lagopus": {"skin": { "base": "entity/animal/mammal/vulpes/lagopus-baby" }},
		
		"*adult-male-vulpes-macrotis": {"skin": { "base": "entity/animal/mammal/vulpes/macrotis-adult" }},
		"*adult-female-vulpes-macrotis": {"skin": { "base": "entity/animal/mammal/vulpes/macrotis-adult" }}, 
		"*-baby-female-vulpes-macrotis": {"skin": { "base": "entity/animal/mammal/vulpes/macrotis-baby" }},
		"*-baby-male-vulpes-macrotis": {"skin": { "base": "entity/animal/mammal/vulpes/macrotis-baby" }},
		
		"*adult-male-vulpes-pallida": {"skin": { "base": "entity/animal/mammal/vulpes/pallida-adult" }},
		"*adult-female-vulpes-pallida": {"skin": { "base": "entity/animal/mammal/vulpes/pallida-adult" }}, 
		"*-baby-female-vulpes-pallida": {"skin": { "base": "entity/animal/mammal/vulpes/pallida-baby" }},
		"*-baby-male-vulpes-pallida": {"skin": { "base": "entity/animal/mammal/vulpes/pallida-baby" }},
		
		"*adult-male-vulpes-rueppellii": {"skin": { "base": "entity/animal/mammal/vulpes/rueppellii-adult" }},
		"*adult-female-vulpes-rueppellii": {"skin": { "base": "entity/animal/mammal/vulpes/rueppellii-adult" }}, 
		"*-baby-female-vulpes-rueppellii": {"skin": { "base": "entity/animal/mammal/vulpes/pallida-baby" }},
		"*-baby-male-vulpes-rueppellii": {"skin": { "base": "entity/animal/mammal/vulpes/pallida-baby" }},
		
		"*adult-male-vulpes-velox": {"skin": { "base": "entity/animal/mammal/vulpes/velox-adult" }},
		"*adult-female-vulpes-velox": {"skin": { "base": "entity/animal/mammal/vulpes/velox-adult" }}, 
		"*-baby-female-vulpes-velox": {"skin": { "base": "entity/animal/mammal/vulpes/corsac-baby" }},
		"*-baby-male-vulpes-velox": {"skin": { "base": "entity/animal/mammal/vulpes/corsac-baby" }},
		
		"*adult-male-vulpes-vulpes": {"skin": { "base": "entity/animal/mammal/vulpes/vulpes-adult" }},
		"*adult-female-vulpes-vulpes": {"skin": { "base": "entity/animal/mammal/vulpes/vulpes-adult" }}, 
		"*-baby-female-vulpes-vulpes": {"skin": { "base": "entity/animal/mammal/vulpes/vulpes-baby" }},
		"*-baby-male-vulpes-vulpes": {"skin": { "base": "entity/animal/mammal/vulpes/vulpes-baby" }},
		
		"*adult-male-vulpes-zerda": {"skin": { "base": "entity/animal/mammal/vulpes/zerda-adult" }},
		"*adult-female-vulpes-zerda": {"skin": { "base": "entity/animal/mammal/vulpes/zerda-adult" }}, 
		"*-baby-female-vulpes-zerda": {"skin": { "base": "entity/animal/mammal/vulpes/zerda-baby" }},
		"*-baby-male-vulpes-zerda": {"skin": { "base": "entity/animal/mammal/vulpes/zerda-baby" }},

		"*-carcass": {
			"skin": { "base": "game:block/creature/bone" }
		}
	},
	
	
	
	
	"creativeinventory": { "general": ["*"], "items": ["*"], "creatures": ["*"] },
	"materialDensity": 600,
	"guiTransformByType": {
		"*": {
			"rotate": true,
			"translation": { "x": 1, "y": -1, "z": 0 },
			"rotation": { "x": -11, "y": -52, "z": -180 },
			"origin": { "x": 0.5, "y": 0.6, "z": 0.5 },
			"scale": 1.0
		}			
	},
	
	"tpHandTransformByType": {
		"*": {
			"translation": { "x": -0.4, "y": 0, "z": -0.6 },
			"rotation": { "x": -160, "y": -26, "z": -90 },
			"origin": { "x": 0.5, "y": 0.1, "z": 0.5 },
			"scale": 1.0
		}			
	},
	
	"fpHandTransformByType": {
		"*": {
			"translation": { "x": 0.4, "y": 0, "z": 0 },
			"rotation": { "x": -8, "y": -63, "z": -7 }
		}
	}}
	

	
	
	
	




