{
	"editor": {
		"allAngles": true,
		"entityTextureMode": true
	},
	"textureWidth": 44,
	"textureHeight": 52,
	"textureSizes": {
		"skin": [44,52]
	},
	"textures": {
	},
	"elements": [
		{
			"name": "Body",
			"from": [ 3.8, 0.65, 5.5 ],
			"to": [ 8.3, 4.75, 10.5 ],
			"unwrapMode": 7,
			"unwrapRotation": 1,
			"autoUnwrap": false,
			"uv": [ 0.62, 37.62 ],
			"rotationOrigin": [ 9.5, 8.5, 8.0 ],
			"rotationZ": 3.0,
			"faces": {
				"north": { "texture": "#skin", "uv": [ 10.0, 9.5, 14.0, 14.0 ], "rotation": 90 },
				"east": { "texture": "#skin", "uv": [ 1.0, 25.5, 6.0, 29.5 ], "windMode": [-1,-1,-1,-1] },
				"south": { "texture": "#skin", "uv": [ 1.0, 9.5, 5.0, 14.0 ], "rotation": 270, "windMode": [-1,-1,-1,-1], "windData": [0,0,0,1] },
				"west": { "texture": "#skin", "uv": [ 6.5, 25.5, 11.5, 29.5 ], "windMode": [-1,-1,-1,-1], "windData": [0,0,1,1] },
				"up": { "texture": "#skin", "uv": [ 5.0, 9.5, 10.0, 14.0 ], "rotation": 270, "windMode": [-1,-1,-1,-1], "windData": [1,1,0,0] },
				"down": { "texture": "#skin", "uv": [ 14.0, 9.5, 19.0, 14.0 ], "rotation": 90, "windMode": [-1,-1,-1,-1] }
			},
			"children": [
				{
					"name": "Abdomen",
					"from": [ 3.7, 0.0, 0.15 ],
					"to": [ 7.2, 4.1, 4.85 ],
					"unwrapMode": 7,
					"unwrapRotation": 1,
					"autoUnwrap": false,
					"uv": [ 0.75, 46.0 ],
					"rotationOrigin": [ 4.5, 4.0, 2.55 ],
					"rotationZ": -4.0,
					"faces": {
						"north": { "texture": "#skin", "uv": [ 9.5, 14.5, 13.5, 18.0 ], "rotation": 90 },
						"east": { "texture": "#skin", "uv": [ 17.0, 25.5, 21.5, 29.5 ] },
						"south": { "texture": "#skin", "uv": [ 1.0, 14.5, 5.0, 18.0 ], "rotation": 270 },
						"west": { "texture": "#skin", "uv": [ 12.0, 25.5, 16.5, 29.5 ], "windMode": [-1,-1,-1,-1], "windData": [0,0,1,1] },
						"up": { "texture": "#skin", "uv": [ 5.0, 14.5, 9.5, 18.0 ], "rotation": 270 },
						"down": { "texture": "#skin", "uv": [ 13.5, 14.5, 18.0, 18.0 ], "rotation": 90 }
					},
					"children": [
						{
							"name": "Hip",
							"from": [ 3.2, 0.8, 0.1 ],
							"to": [ 6.6, 4.1, 4.6 ],
							"unwrapMode": 7,
							"unwrapRotation": 1,
							"autoUnwrap": false,
							"uv": [ 1.62, 55.38 ],
							"rotationOrigin": [ 3.2, 3.9, 2.35 ],
							"rotationZ": -27.5,
							"faces": {
								"north": { "texture": "#skin", "uv": [ 9.5, 18.5, 12.5, 21.5 ], "rotation": 90 },
								"east": { "texture": "#skin", "uv": [ 5.0, 21.5, 9.5, 24.5 ] },
								"south": { "texture": "#skin", "uv": [ 2.0, 18.5, 5.0, 21.5 ], "rotation": 270 },
								"west": { "texture": "#skin", "uv": [ 17.5, 21.5, 22.0, 24.5 ], "rotation": 180 },
								"up": { "texture": "#skin", "uv": [ 5.0, 18.5, 9.5, 21.5 ], "rotation": 270 },
								"down": { "texture": "#skin", "uv": [ 12.5, 18.5, 17.0, 21.5 ], "rotation": 90 }
							},
							"children": [
								{
									"name": "Tail 1",
									"from": [ 3.1, 2.2, 1.6 ],
									"to": [ 4.6, 3.2, 2.6 ],
									"unwrapMode": 7,
									"unwrapRotation": 1,
									"uv": [ 21.5, 0.75 ],
									"rotationOrigin": [ 3.1, 2.6, 2.1 ],
									"rotationY": -10.0,
									"rotationZ": -25.5,
									"faces": {
										"north": { "texture": "#skin", "uv": [ 23.5, 2.0, 24.5, 3.5 ], "rotation": 90 },
										"east": { "texture": "#skin", "uv": [ 22.5, 3.5, 23.5, 4.5 ] },
										"south": { "texture": "#skin", "uv": [ 21.5, 2.0, 22.5, 3.5 ], "rotation": 270 },
										"west": { "texture": "#skin", "uv": [ 22.5, 1.0, 23.5, 2.0 ], "rotation": 180 },
										"up": { "texture": "#skin", "uv": [ 22.5, 2.0, 23.5, 3.5 ], "rotation": 270 },
										"down": { "texture": "#skin", "uv": [ 24.5, 2.0, 25.5, 3.5 ], "rotation": 90 }
									},
									"children": [
										{
											"name": "Tail 2",
											"from": [ 1.3, 0.0, -0.05 ],
											"to": [ 2.3, 1.1, 1.05 ],
											"unwrapMode": 7,
											"unwrapRotation": 1,
											"uv": [ 21.5, 4.88 ],
											"rotationOrigin": [ 1.3, 0.9, 0.5 ],
											"rotationZ": 13.5,
											"faces": {
												"north": { "texture": "#skin", "uv": [ 23.5, 6.0, 24.5, 7.0 ], "rotation": 90 },
												"east": { "texture": "#skin", "uv": [ 22.5, 7.0, 23.5, 8.0 ] },
												"south": { "texture": "#skin", "uv": [ 21.5, 6.0, 22.5, 7.0 ], "rotation": 270 },
												"west": { "texture": "#skin", "uv": [ 22.5, 5.0, 23.5, 6.0 ], "rotation": 180 },
												"up": { "texture": "#skin", "uv": [ 22.5, 6.0, 23.5, 7.0 ], "rotation": 270 },
												"down": { "texture": "#skin", "uv": [ 24.5, 6.0, 25.5, 7.0 ], "rotation": 90 }
											},
											"children": [
												{
													"name": "Tail 3",
													"from": [ 0.7, 0.05, 0.05 ],
													"to": [ 2.2, 1.05, 1.05 ],
													"unwrapMode": 7,
													"unwrapRotation": 1,
													"uv": [ 21.5, 8.88 ],
													"rotationOrigin": [ 0.7, 0.5, 0.55 ],
													"rotationY": 5.0,
													"rotationZ": 33.0,
													"faces": {
														"north": { "texture": "#skin", "uv": [ 23.5, 10.0, 24.5, 11.5 ], "rotation": 90 },
														"east": { "texture": "#skin", "uv": [ 22.5, 11.5, 23.5, 12.5 ], "windMode": [-1,-1,-1,-1] },
														"south": { "texture": "#skin", "uv": [ 21.5, 10.0, 22.5, 11.5 ], "rotation": 270 },
														"west": { "texture": "#skin", "uv": [ 22.5, 9.0, 23.5, 10.0 ], "rotation": 180, "windMode": [-1,-1,-1,-1] },
														"up": { "texture": "#skin", "uv": [ 22.5, 10.0, 23.5, 11.5 ], "rotation": 270 },
														"down": { "texture": "#skin", "uv": [ 24.5, 10.0, 25.5, 11.5 ], "rotation": 90 }
													}
												}
											]
										}
									]
								},
								{
									"name": "Right Upper Leg",
									"from": [ 2.8, -1.2, -0.45 ],
									"to": [ 6.0, 3.3, 1.05 ],
									"unwrapMode": 1,
									"uv": [ 32.0, 30.5 ],
									"rotationOrigin": [ 2.5, 3.2, 0.15 ],
									"rotationY": -22.5,
									"rotationZ": -90.0,
									"faces": {
										"north": { "texture": "#skin", "uv": [ 33.5, 32.0, 36.5, 36.5 ] },
										"east": { "texture": "#skin", "uv": [ 32.0, 32.0, 33.5, 36.5 ] },
										"south": { "texture": "#skin", "uv": [ 38.0, 32.0, 41.0, 36.5 ] },
										"west": { "texture": "#skin", "uv": [ 36.5, 32.0, 38.0, 36.5 ] },
										"up": { "texture": "#skin", "uv": [ 33.5, 30.5, 36.5, 32.0 ], "rotation": 180 },
										"down": { "texture": "#skin", "uv": [ 33.5, 36.5, 36.5, 38.0 ] }
									},
									"children": [
										{
											"name": "Right Lower Leg",
											"from": [ -2.1, -4.2, 0.1 ],
											"to": [ -0.1, -1.0, 1.45 ],
											"unwrapMode": 1,
											"uv": [ 32.5, 38.5 ],
											"rotationOrigin": [ 0.15, 0.4, 0.75 ],
											"rotationZ": 147.5,
											"faces": {
												"north": { "texture": "#skin", "uv": [ 33.5, 39.5, 35.5, 42.5 ] },
												"east": { "texture": "#skin", "uv": [ 32.5, 39.5, 33.5, 42.5 ] },
												"south": { "texture": "#skin", "uv": [ 36.5, 39.5, 38.5, 42.5 ] },
												"west": { "texture": "#skin", "uv": [ 35.5, 39.5, 36.5, 42.5 ] },
												"up": { "texture": "#skin", "uv": [ 33.5, 38.5, 35.5, 39.5 ], "rotation": 180 },
												"down": { "texture": "#skin", "uv": [ 33.5, 42.5, 35.5, 43.5 ] }
											},
											"children": [
												{
													"name": "Right Foot",
													"from": [ -0.75, -4.35, -0.1 ],
													"to": [ 0.75, -0.65, 1.4 ],
													"unwrapMode": 1,
													"uv": [ 32.0, 44.0 ],
													"rotationOrigin": [ 0.8, 0.0, 0.7 ],
													"rotationX": 3.0,
													"rotationY": 25.0,
													"rotationZ": -114.5,
													"faces": {
														"north": { "texture": "#skin", "uv": [ 33.5, 45.5, 35.0, 49.0 ] },
														"east": { "texture": "#skin", "uv": [ 32.0, 45.5, 33.5, 49.0 ] },
														"south": { "texture": "#skin", "uv": [ 36.5, 45.5, 38.0, 49.0 ] },
														"west": { "texture": "#skin", "uv": [ 35.0, 45.5, 36.5, 49.0 ] },
														"up": { "texture": "#skin", "uv": [ 33.5, 44.0, 35.0, 45.5 ], "rotation": 180 },
														"down": { "texture": "#skin", "uv": [ 33.5, 49.0, 35.0, 50.5 ] }
													},
													"children": [
														{
															"name": "Right Toes",
															"from": [ -1.2, -1.25, -0.1 ],
															"to": [ 1.05, -0.25, 1.4 ],
															"unwrapMode": 5,
															"unwrapRotation": 1,
															"uv": [ 15.5, 46.5 ],
															"rotationOrigin": [ 0.0, 0.4, 0.7 ],
															"rotationY": -22.0,
															"rotationZ": 79.0,
															"faces": {
																"north": { "texture": "#skin", "uv": [ 15.5, 47.5, 16.5, 49.5 ], "rotation": 270 },
																"east": { "texture": "#skin", "uv": [ 16.5, 46.5, 18.0, 47.5 ], "rotation": 180 },
																"south": { "texture": "#skin", "uv": [ 18.0, 47.5, 19.0, 49.5 ], "rotation": 90 },
																"west": { "texture": "#skin", "uv": [ 16.5, 49.5, 18.0, 50.5 ] },
																"up": { "texture": "#skin", "uv": [ 16.5, 47.5, 18.0, 49.5 ], "rotation": 90 },
																"down": { "texture": "#skin", "uv": [ 19.0, 47.5, 20.5, 49.5 ], "rotation": 270 }
															},
															"children": [
																{
																	"name": "Toe 1",
																	"from": [ -0.15, -0.0075, -0.3 ],
																	"to": [ 1.55, 1.0925, 0.2 ],
																	"unwrapMode": 5,
																	"uv": [ 14.5, 39.0 ],
																	"rotationOrigin": [ 0.6, -0.075, 0.0 ],
																	"rotationY": -8.0,
																	"faces": {
																		"north": { "texture": "#skin", "uv": [ 15.5, 39.0, 17.0, 40.0 ], "rotation": 180 },
																		"east": { "texture": "#skin", "uv": [ 17.0, 40.0, 18.0, 40.5 ], "rotation": 90 },
																		"south": { "texture": "#skin", "uv": [ 15.5, 40.5, 17.0, 41.5 ] },
																		"west": { "texture": "#skin", "uv": [ 14.5, 40.0, 15.5, 40.5 ], "rotation": 270 },
																		"up": { "texture": "#skin", "uv": [ 15.5, 40.0, 17.0, 40.5 ] },
																		"down": { "texture": "#skin", "uv": [ 18.0, 40.0, 19.5, 40.5 ] }
																	}
																},
																{
																	"name": "Toe 2",
																	"from": [ -0.45, -0.015, 0.075 ],
																	"to": [ 1.25, 1.085, 0.675 ],
																	"unwrapMode": 5,
																	"uv": [ 14.5, 39.0 ],
																	"rotationOrigin": [ 0.3, -0.075, 0.375 ],
																	"rotationY": -2.0,
																	"faces": {
																		"north": { "texture": "#skin", "uv": [ 15.5, 39.0, 17.0, 40.0 ], "rotation": 180 },
																		"east": { "texture": "#skin", "uv": [ 17.0, 40.0, 18.0, 40.5 ], "rotation": 90 },
																		"south": { "texture": "#skin", "uv": [ 15.5, 40.5, 17.0, 41.5 ] },
																		"west": { "texture": "#skin", "uv": [ 14.5, 40.0, 15.5, 40.5 ], "rotation": 270 },
																		"up": { "texture": "#skin", "uv": [ 15.5, 40.0, 17.0, 40.5 ] },
																		"down": { "texture": "#skin", "uv": [ 18.0, 40.0, 19.5, 40.5 ] }
																	}
																},
																{
																	"name": "Toe 3",
																	"from": [ -0.45, -0.015, 0.675 ],
																	"to": [ 1.25, 1.085, 1.275 ],
																	"unwrapMode": 5,
																	"uv": [ 14.5, 39.0 ],
																	"rotationOrigin": [ 0.3, -0.075, 0.975 ],
																	"rotationY": 2.0,
																	"faces": {
																		"north": { "texture": "#skin", "uv": [ 15.5, 39.0, 17.0, 40.0 ], "rotation": 180 },
																		"east": { "texture": "#skin", "uv": [ 17.0, 40.0, 18.0, 40.5 ], "rotation": 90 },
																		"south": { "texture": "#skin", "uv": [ 15.5, 40.5, 17.0, 41.5 ] },
																		"west": { "texture": "#skin", "uv": [ 14.5, 40.0, 15.5, 40.5 ], "rotation": 270 },
																		"up": { "texture": "#skin", "uv": [ 15.5, 40.0, 17.0, 40.5 ] },
																		"down": { "texture": "#skin", "uv": [ 18.0, 40.0, 19.5, 40.5 ] }
																	}
																},
																{
																	"name": "Toe 4",
																	"from": [ -0.15, -0.0075, 1.2 ],
																	"to": [ 1.55, 1.0925, 1.7 ],
																	"unwrapMode": 5,
																	"uv": [ 14.5, 39.0 ],
																	"rotationOrigin": [ 0.6, -0.075, 1.425 ],
																	"rotationY": 8.0,
																	"faces": {
																		"north": { "texture": "#skin", "uv": [ 15.5, 39.0, 17.0, 40.0 ], "rotation": 180 },
																		"east": { "texture": "#skin", "uv": [ 17.0, 40.0, 18.0, 40.5 ], "rotation": 90 },
																		"south": { "texture": "#skin", "uv": [ 15.5, 40.5, 17.0, 41.5 ] },
																		"west": { "texture": "#skin", "uv": [ 14.5, 40.0, 15.5, 40.5 ], "rotation": 270 },
																		"up": { "texture": "#skin", "uv": [ 15.5, 40.0, 17.0, 40.5 ] },
																		"down": { "texture": "#skin", "uv": [ 18.0, 40.0, 19.5, 40.5 ] }
																	}
																}
															]
														}
													]
												}
											]
										}
									]
								},
								{
									"name": "Left Upper Leg",
									"from": [ 2.8, -1.2, 3.45 ],
									"to": [ 6.0, 3.3, 4.95 ],
									"unwrapMode": 3,
									"uv": [ 21.5, 30.5 ],
									"rotationOrigin": [ 2.5, 3.1, 4.275 ],
									"rotationY": 22.5,
									"rotationZ": -90.0,
									"faces": {
										"north": { "texture": "#skin", "uv": [ 27.5, 32.0, 30.5, 36.5 ] },
										"east": { "texture": "#skin", "uv": [ 26.0, 32.0, 27.5, 36.5 ] },
										"south": { "texture": "#skin", "uv": [ 23.0, 32.0, 26.0, 36.5 ] },
										"west": { "texture": "#skin", "uv": [ 21.5, 32.0, 23.0, 36.5 ] },
										"up": { "texture": "#skin", "uv": [ 23.0, 30.5, 26.0, 32.0 ] },
										"down": { "texture": "#skin", "uv": [ 23.0, 36.5, 26.0, 38.0 ], "rotation": 180 }
									},
									"children": [
										{
											"name": "Left Lower Leg",
											"from": [ -2.1, -4.2, 0.1 ],
											"to": [ -0.1, -1.0, 1.45 ],
											"unwrapMode": 3,
											"uv": [ 22.0, 38.38 ],
											"rotationOrigin": [ 0.15, 0.4, 0.75 ],
											"rotationZ": 147.5,
											"faces": {
												"north": { "texture": "#skin", "uv": [ 26.0, 39.5, 28.0, 42.5 ] },
												"east": { "texture": "#skin", "uv": [ 25.0, 39.5, 26.0, 42.5 ] },
												"south": { "texture": "#skin", "uv": [ 23.0, 39.5, 25.0, 42.5 ] },
												"west": { "texture": "#skin", "uv": [ 22.0, 39.5, 23.0, 42.5 ] },
												"up": { "texture": "#skin", "uv": [ 23.0, 38.5, 25.0, 39.5 ] },
												"down": { "texture": "#skin", "uv": [ 23.0, 42.5, 25.0, 43.5 ], "rotation": 180 }
											},
											"children": [
												{
													"name": "Left Foot",
													"from": [ -0.75, -4.35, -0.1 ],
													"to": [ 0.75, -0.65, 1.4 ],
													"unwrapMode": 3,
													"uv": [ 21.5, 44.0 ],
													"rotationOrigin": [ 0.8, 0.0, 0.7 ],
													"rotationY": -25.0,
													"rotationZ": -114.5,
													"faces": {
														"north": { "texture": "#skin", "uv": [ 26.0, 45.5, 27.5, 49.0 ] },
														"east": { "texture": "#skin", "uv": [ 24.5, 45.5, 26.0, 49.0 ] },
														"south": { "texture": "#skin", "uv": [ 23.0, 45.5, 24.5, 49.0 ] },
														"west": { "texture": "#skin", "uv": [ 21.5, 45.5, 23.0, 49.0 ] },
														"up": { "texture": "#skin", "uv": [ 23.0, 44.0, 24.5, 45.5 ] },
														"down": { "texture": "#skin", "uv": [ 23.0, 49.0, 24.5, 50.5 ], "rotation": 180 }
													},
													"children": [
														{
															"name": "Left Toes",
															"from": [ -1.2, -1.25, 0.1 ],
															"to": [ 1.05, -0.25, 1.6 ],
															"unwrapMode": 5,
															"unwrapRotation": 1,
															"uv": [ 13.0, 42.5 ],
															"rotationOrigin": [ 0.0, 0.4, 0.8 ],
															"rotationY": 22.0,
															"rotationZ": 79.0,
															"faces": {
																"north": { "texture": "#skin", "uv": [ 13.0, 43.5, 14.0, 45.5 ], "rotation": 270 },
																"east": { "texture": "#skin", "uv": [ 14.0, 42.5, 15.5, 43.5 ], "rotation": 180 },
																"south": { "texture": "#skin", "uv": [ 15.5, 43.5, 16.5, 45.5 ], "rotation": 90 },
																"west": { "texture": "#skin", "uv": [ 14.0, 45.5, 15.5, 46.5 ] },
																"up": { "texture": "#skin", "uv": [ 14.0, 43.5, 15.5, 45.5 ], "rotation": 90 },
																"down": { "texture": "#skin", "uv": [ 16.5, 43.5, 18.0, 45.5 ], "rotation": 270 }
															},
															"children": [
																{
																	"name": "Toe 5",
																	"from": [ -0.15, -0.0075, -0.15 ],
																	"to": [ 1.55, 1.0925, 0.35 ],
																	"unwrapMode": 5,
																	"uv": [ 27.5, 43.0 ],
																	"rotationOrigin": [ 0.6, -0.075, 0.075 ],
																	"rotationY": -8.0,
																	"faces": {
																		"north": { "texture": "#skin", "uv": [ 28.5, 43.0, 30.0, 44.0 ], "rotation": 180 },
																		"east": { "texture": "#skin", "uv": [ 30.0, 44.0, 31.0, 44.5 ], "rotation": 90 },
																		"south": { "texture": "#skin", "uv": [ 28.5, 44.5, 30.0, 45.5 ] },
																		"west": { "texture": "#skin", "uv": [ 27.5, 44.0, 28.5, 44.5 ], "rotation": 270 },
																		"up": { "texture": "#skin", "uv": [ 28.5, 44.0, 30.0, 44.5 ] },
																		"down": { "texture": "#skin", "uv": [ 31.0, 44.0, 32.5, 44.5 ] }
																	}
																},
																{
																	"name": "Toe 6",
																	"from": [ -0.45, -0.015, 0.225 ],
																	"to": [ 1.25, 1.085, 0.825 ],
																	"unwrapMode": 5,
																	"uv": [ 27.5, 43.0 ],
																	"rotationOrigin": [ 0.3, -0.075, 0.525 ],
																	"rotationY": -2.0,
																	"faces": {
																		"north": { "texture": "#skin", "uv": [ 28.5, 43.0, 30.0, 44.0 ], "rotation": 180 },
																		"east": { "texture": "#skin", "uv": [ 30.0, 44.0, 31.0, 44.5 ], "rotation": 90 },
																		"south": { "texture": "#skin", "uv": [ 28.5, 44.5, 30.0, 45.5 ] },
																		"west": { "texture": "#skin", "uv": [ 27.5, 44.0, 28.5, 44.5 ], "rotation": 270 },
																		"up": { "texture": "#skin", "uv": [ 28.5, 44.0, 30.0, 44.5 ] },
																		"down": { "texture": "#skin", "uv": [ 31.0, 44.0, 32.5, 44.5 ] }
																	}
																},
																{
																	"name": "Toe 7",
																	"from": [ -0.45, -0.015, 0.825 ],
																	"to": [ 1.25, 1.085, 1.425 ],
																	"unwrapMode": 5,
																	"uv": [ 27.5, 43.0 ],
																	"rotationOrigin": [ 0.3, -0.075, 1.125 ],
																	"rotationY": 2.0,
																	"faces": {
																		"north": { "texture": "#skin", "uv": [ 28.5, 43.0, 30.0, 44.0 ], "rotation": 180 },
																		"east": { "texture": "#skin", "uv": [ 30.0, 44.0, 31.0, 44.5 ], "rotation": 90 },
																		"south": { "texture": "#skin", "uv": [ 28.5, 44.5, 30.0, 45.5 ] },
																		"west": { "texture": "#skin", "uv": [ 27.5, 44.0, 28.5, 44.5 ], "rotation": 270 },
																		"up": { "texture": "#skin", "uv": [ 28.5, 44.0, 30.0, 44.5 ] },
																		"down": { "texture": "#skin", "uv": [ 31.0, 44.0, 32.5, 44.5 ] }
																	}
																},
																{
																	"name": "Toe 8",
																	"from": [ -0.15, -0.0075, 1.35 ],
																	"to": [ 1.55, 1.0925, 1.85 ],
																	"unwrapMode": 5,
																	"uv": [ 27.5, 43.0 ],
																	"rotationOrigin": [ 0.6, -0.075, 1.575 ],
																	"rotationY": 8.0,
																	"faces": {
																		"north": { "texture": "#skin", "uv": [ 28.5, 43.0, 30.0, 44.0 ], "rotation": 180 },
																		"east": { "texture": "#skin", "uv": [ 30.0, 44.0, 31.0, 44.5 ], "rotation": 90 },
																		"south": { "texture": "#skin", "uv": [ 28.5, 44.5, 30.0, 45.5 ] },
																		"west": { "texture": "#skin", "uv": [ 27.5, 44.0, 28.5, 44.5 ], "rotation": 270 },
																		"up": { "texture": "#skin", "uv": [ 28.5, 44.0, 30.0, 44.5 ] },
																		"down": { "texture": "#skin", "uv": [ 31.0, 44.0, 32.5, 44.5 ] }
																	}
																}
															]
														}
													]
												}
											]
										}
									]
								}
							]
						}
					]
				},
				{
					"name": "Neck",
					"from": [ 0.03, 0.65, 0.825 ],
					"to": [ 2.43, 4.05, 4.125 ],
					"unwrapMode": 7,
					"unwrapRotation": 1,
					"autoUnwrap": false,
					"uv": [ 3.75, 4.25 ],
					"rotationOrigin": [ 0.15, 3.575, 2.475 ],
					"rotationZ": -35.0,
					"faces": {
						"north": { "texture": "#skin", "uv": [ 9.0, 7.0, 12.0, 9.0 ], "rotation": 90 },
						"east": { "texture": "#skin", "uv": [ 17.5, 4.5, 20.5, 7.5 ] },
						"south": { "texture": "#skin", "uv": [ 3.0, 7.0, 6.0, 9.0 ], "rotation": 270 },
						"west": { "texture": "#skin", "uv": [ 17.5, 1.0, 20.5, 4.0 ] },
						"up": { "texture": "#skin", "uv": [ 6.0, 7.0, 9.0, 9.0 ], "rotation": 270 },
						"down": { "texture": "#skin", "uv": [ 12.0, 7.0, 15.0, 9.0 ], "rotation": 90 }
					},
					"children": [
						{
							"name": "Neck Upper",
							"from": [ -0.825, 0.3, 0.15 ],
							"to": [ 1.775, 3.3, 3.15 ],
							"unwrapMode": 7,
							"unwrapRotation": 1,
							"autoUnwrap": false,
							"uv": [ 4.25, 0.88 ],
							"rotationOrigin": [ 0.075, 3.15, 1.575 ],
							"rotationZ": 5.0,
							"faces": {
								"north": { "texture": "#skin", "uv": [ 9.0, 4.0, 12.0, 6.5 ], "rotation": 90 },
								"east": { "texture": "#skin", "uv": [ 19.0, 15.0, 22.0, 18.0 ] },
								"south": { "texture": "#skin", "uv": [ 3.0, 4.0, 6.0, 6.5 ], "rotation": 270 },
								"west": { "texture": "#skin", "uv": [ 6.0, 1.0, 9.0, 4.0 ], "rotation": 180 },
								"up": { "texture": "#skin", "uv": [ 6.0, 4.0, 9.0, 6.5 ], "rotation": 270 },
								"down": { "texture": "#skin", "uv": [ 12.0, 4.0, 15.0, 6.5 ], "rotation": 90 }
							},
							"children": [
								{
									"name": "Head",
									"from": [ -1.5, 0.375, -0.1875 ],
									"to": [ 0.5, 3.375, 3.2125 ],
									"unwrapMode": 4,
									"uv": [ 1.0, 30.5 ],
									"rotationOrigin": [ 0.0, 2.85, 1.5 ],
									"rotationZ": 20.0,
									"faces": {
										"north": { "texture": "#skin", "uv": [ 1.0, 32.5, 3.0, 35.5 ] },
										"east": { "texture": "#skin", "uv": [ 8.0, 32.5, 11.0, 35.5 ], "windMode": [-1,-1,-1,-1], "windData": [1,2,2,1] },
										"south": { "texture": "#skin", "uv": [ 6.0, 32.5, 8.0, 35.5 ] },
										"west": { "texture": "#skin", "uv": [ 3.0, 32.5, 6.0, 35.5 ] },
										"up": { "texture": "#skin", "uv": [ 3.0, 30.5, 6.0, 32.5 ], "rotation": 90 },
										"down": { "texture": "#skin", "uv": [ 3.0, 35.5, 6.0, 37.5 ], "rotation": 90 }
									},
									"children": [
										{
											"name": "Forehead",
											"from": [ -1.0, 0.5, 0.3375 ],
											"to": [ 0.0, 3.0, 3.0375 ],
											"unwrapMode": 4,
											"uv": [ 1.88, 37.88 ],
											"rotationOrigin": [ 0.0, 3.0, 1.6875 ],
											"rotationZ": 24.0,
											"faces": {
												"north": { "texture": "#skin", "uv": [ 2.0, 39.0, 3.0, 41.5 ], "windMode": [-1,-1,-1,-1], "windData": [2,2,2,2] },
												"south": { "texture": "#skin", "uv": [ 5.5, 39.0, 6.5, 41.5 ] },
												"west": { "texture": "#skin", "uv": [ 3.0, 39.0, 5.5, 41.5 ] },
												"up": { "texture": "#skin", "uv": [ 3.0, 38.0, 5.5, 39.0 ], "rotation": 90 }
											},
											"children": [
												{
													"name": "Nose Bridge",
													"from": [ -1.53, 1.3012, 0.975 ],
													"to": [ -0.03, 2.0512, 1.725 ],
													"unwrapMode": 5,
													"unwrapRotation": 1,
													"uv": [ 6.88, 36.38 ],
													"rotationOrigin": [ 0.0, 2.0512, 1.35 ],
													"rotationZ": 60.0,
													"faces": {
														"north": { "texture": "#skin", "uv": [ 7.0, 36.5, 7.5, 38.0 ], "rotation": 270, "windMode": [-1,-1,-1,-1], "windData": [2,2,2,2] },
														"south": { "texture": "#skin", "uv": [ 8.0, 36.5, 8.5, 38.0 ], "rotation": 90 },
														"west": { "texture": "#skin", "uv": [ 7.5, 38.0, 8.0, 38.5 ] },
														"up": { "texture": "#skin", "uv": [ 7.5, 36.5, 8.0, 38.0 ], "rotation": 90 }
													}
												},
												{
													"name": "Upper mouth",
													"from": [ -0.87, 0.33, 1.04 ],
													"to": [ 0.13, 1.03, 1.64 ],
													"unwrapMode": 5,
													"unwrapRotation": 1,
													"uv": [ 9.0, 36.5 ],
													"rotationOrigin": [ 0.2577, 0.62, 1.25 ],
													"rotationZ": -5.0,
													"faces": {
														"north": { "texture": "#skin", "uv": [ 9.0, 36.5, 9.5, 37.5 ], "rotation": 270, "windMode": [-1,-1,-1,-1] },
														"south": { "texture": "#skin", "uv": [ 10.0, 36.5, 10.5, 37.5 ], "rotation": 90, "windMode": [-1,-1,-1,-1] },
														"west": { "texture": "#skin", "uv": [ 9.5, 37.5, 10.0, 38.0 ], "windMode": [-1,-1,-1,-1], "windData": [0,0,1,1] },
														"up": { "texture": "#skin", "uv": [ 9.5, 36.5, 10.0, 37.5 ], "rotation": 90, "windMode": [-1,-1,-1,-1] }
													},
													"children": [
														{
															"name": "Right jaw",
															"from": [ -0.075, -0.07, -0.3 ],
															"to": [ 1.425, 0.53, 0.3 ],
															"unwrapMode": 7,
															"unwrapRotation": 1,
															"uv": [ 6.5, 30.0 ],
															"rotationOrigin": [ -0.075, -0.075, 0.3 ],
															"rotationX": -5.0,
															"faces": {
																"north": { "texture": "#skin", "uv": [ 7.5, 30.5, 8.0, 32.0 ], "rotation": 90 },
																"south": { "texture": "#skin", "uv": [ 6.5, 30.5, 7.0, 32.0 ], "rotation": 270 },
																"west": { "texture": "#skin", "uv": [ 7.0, 30.0, 7.5, 30.5 ], "rotation": 180 },
																"up": { "texture": "#skin", "uv": [ 7.0, 30.5, 7.5, 32.0 ], "rotation": 270 },
																"down": { "texture": "#skin", "uv": [ 8.0, 30.5, 8.5, 32.0 ], "rotation": 90 }
															},
															"children": [
																{
																	"name": "Right Whiskers",
																	"from": [ 0.825, -0.0825, -1.6 ],
																	"to": [ 0.825, 1.0175, 0.0 ],
																	"autoUnwrap": false,
																	"uv": [ 51.0, 28.5 ],
																	"rotationOrigin": [ 0.825, -0.0814, 0.0 ],
																	"rotationX": 15.0,
																	"rotationZ": 45.0,
																	"faces": {
																		"west": { "texture": "#skin", "uv": [ 13.5, 1.0, 16.5, 3.25 ], "autoUv": false }
																	}
																},
																{
																	"name": "R fang upper",
																	"from": [ 0.3375, -0.3, 0.1 ],
																	"to": [ 0.5375, 0.2, 0.3 ],
																	"unwrapMode": 5,
																	"uv": [ 14.5, 35.0 ],
																	"rotationOrigin": [ 0.5639, 0.15, 0.3 ],
																	"rotationX": 5.0,
																	"rotationZ": 5.0,
																	"faces": {
																		"north": { "texture": "#skin", "uv": [ 15.0, 35.0, 15.5, 35.5 ], "rotation": 180 },
																		"east": { "texture": "#skin", "uv": [ 15.5, 35.5, 16.0, 36.0 ], "rotation": 90 },
																		"south": { "texture": "#skin", "uv": [ 15.0, 36.0, 15.5, 36.5 ] },
																		"west": { "texture": "#skin", "uv": [ 14.5, 35.5, 15.0, 36.0 ], "rotation": 270 },
																		"up": { "texture": "#skin", "uv": [ 15.0, 35.5, 15.5, 36.0 ] },
																		"down": { "texture": "#skin", "uv": [ 16.0, 35.5, 16.5, 36.0 ] }
																	}
																}
															]
														},
														{
															"name": "Left jaw",
															"from": [ -0.075, -0.07, 0.3 ],
															"to": [ 1.425, 0.53, 0.9 ],
															"unwrapMode": 7,
															"unwrapRotation": 1,
															"uv": [ 9.0, 30.0 ],
															"rotationOrigin": [ -0.075, -0.075, 0.3 ],
															"rotationX": 5.0,
															"faces": {
																"north": { "texture": "#skin", "uv": [ 10.0, 30.5, 10.5, 32.0 ], "rotation": 90 },
																"south": { "texture": "#skin", "uv": [ 9.0, 30.5, 9.5, 32.0 ], "rotation": 270 },
																"west": { "texture": "#skin", "uv": [ 9.5, 30.0, 10.0, 30.5 ], "rotation": 180 },
																"up": { "texture": "#skin", "uv": [ 9.5, 30.5, 10.0, 32.0 ], "rotation": 270 },
																"down": { "texture": "#skin", "uv": [ 10.5, 30.5, 11.0, 32.0 ], "rotation": 90 }
															},
															"children": [
																{
																	"name": "Left Whiskers",
																	"from": [ 0.825, -0.09, 0.6 ],
																	"to": [ 0.825, 1.01, 2.2 ],
																	"autoUnwrap": false,
																	"uv": [ 30.5, 32.5 ],
																	"rotationOrigin": [ 0.825, -0.0879, 0.6 ],
																	"rotationX": -15.0,
																	"rotationZ": 45.0,
																	"faces": {
																		"east": { "texture": "#skin", "uv": [ 10.0, 1.0, 13.0, 3.25 ], "autoUv": false, "windMode": [-1,-1,-1,-1], "windData": [0,1,1,0] }
																	}
																},
																{
																	"name": "L fang upper",
																	"from": [ 0.3375, -0.3, 0.3 ],
																	"to": [ 0.5375, 0.2, 0.5 ],
																	"unwrapMode": 5,
																	"uv": [ 14.5, 35.0 ],
																	"rotationOrigin": [ 0.564, 0.15, 0.3 ],
																	"rotationX": -5.0,
																	"rotationZ": 5.0,
																	"faces": {
																		"north": { "texture": "#skin", "uv": [ 15.0, 35.0, 15.5, 35.5 ], "rotation": 180 },
																		"east": { "texture": "#skin", "uv": [ 15.5, 35.5, 16.0, 36.0 ], "rotation": 90 },
																		"south": { "texture": "#skin", "uv": [ 15.0, 36.0, 15.5, 36.5 ] },
																		"west": { "texture": "#skin", "uv": [ 14.5, 35.5, 15.0, 36.0 ], "rotation": 270 },
																		"up": { "texture": "#skin", "uv": [ 15.0, 35.5, 15.5, 36.0 ] },
																		"down": { "texture": "#skin", "uv": [ 16.0, 35.5, 16.5, 36.0 ] }
																	}
																}
															]
														},
														{
															"name": "Upper teeth",
															"from": [ 0.15, 0.02, 0.0 ],
															"to": [ 0.45, 0.32, 0.6 ],
															"unwrapMode": 2,
															"uv": [ 17.0, 35.5 ],
															"rotationOrigin": [ 0.15, 0.025, 0.0 ],
															"rotationZ": -45.0,
															"faces": {
																"north": { "texture": "#skin", "uv": [ 18.0, 35.5, 18.5, 36.0 ] },
																"east": { "texture": "#skin", "uv": [ 17.5, 35.5, 18.0, 36.0 ] },
																"south": { "texture": "#skin", "uv": [ 17.0, 35.5, 17.5, 36.0 ] },
																"down": { "texture": "#skin", "uv": [ 17.5, 36.0, 18.0, 36.5 ], "rotation": 270 }
															}
														},
														{
															"name": "Nose",
															"from": [ -0.225, 0.47, 0.0375 ],
															"to": [ 0.075, 0.67, 0.5875 ],
															"unwrapMode": 4,
															"uv": [ 8.0, 39.0 ],
															"rotationOrigin": [ 0.075, 0.7, 0.0375 ],
															"rotationZ": 6.0,
															"faces": {
																"north": { "texture": "#skin", "uv": [ 8.0, 39.5, 8.5, 40.0 ] },
																"east": { "texture": "#skin", "uv": [ 9.5, 39.5, 10.0, 40.0 ] },
																"south": { "texture": "#skin", "uv": [ 9.0, 39.5, 9.5, 40.0 ] },
																"west": { "texture": "#skin", "uv": [ 8.5, 39.5, 9.0, 40.0 ] },
																"up": { "texture": "#skin", "uv": [ 8.5, 39.0, 9.0, 39.5 ], "rotation": 90 },
																"down": { "texture": "#skin", "uv": [ 8.5, 40.0, 9.0, 40.5 ], "rotation": 90 }
															},
															"children": [
																{
																	"name": "Nose lower",
																	"from": [ 0.0, -0.3, 0.15 ],
																	"to": [ 0.3, 0.0, 0.4 ],
																	"unwrapMode": 4,
																	"uv": [ 8.0, 41.0 ],
																	"rotationOrigin": [ 0.0, 0.0, 0.15 ],
																	"rotationZ": 14.0,
																	"faces": {
																		"north": { "texture": "#skin", "uv": [ 8.0, 41.0, 8.5, 41.5 ] },
																		"south": { "texture": "#skin", "uv": [ 9.0, 41.0, 9.5, 41.5 ] },
																		"west": { "texture": "#skin", "uv": [ 8.5, 41.0, 9.0, 41.5 ] },
																		"down": { "texture": "#skin", "uv": [ 8.5, 41.5, 9.0, 42.0 ], "rotation": 90 }
																	}
																}
															]
														},
														{
															"name": "Lower Jaw",
															"from": [ 0.3075, -0.66, -0.2 ],
															"to": [ 2.5575, -0.11, 0.8 ],
															"unwrapMode": 5,
															"unwrapRotation": 1,
															"uv": [ 10.75, 36.5 ],
															"rotationOrigin": [ 3.1575, 0.0872, 0.3 ],
															"rotationZ": -4.0,
															"faces": {
																"north": { "texture": "#skin", "uv": [ 11.0, 36.5, 11.5, 38.5 ], "rotation": 270 },
																"south": { "texture": "#skin", "uv": [ 12.5, 36.5, 13.0, 38.5 ], "rotation": 90 },
																"west": { "texture": "#skin", "uv": [ 11.5, 38.5, 12.5, 39.0 ] },
																"up": { "texture": "#skin", "uv": [ 11.5, 36.5, 12.5, 38.5 ], "rotation": 90 },
																"down": { "texture": "#skin", "uv": [ 13.0, 36.5, 14.0, 38.5 ], "rotation": 270 }
															},
															"children": [
																{
																	"name": "R fang lower",
																	"from": [ 0.23, 0.525, 0.1 ],
																	"to": [ 0.43, 0.775, 0.3 ],
																	"unwrapMode": 5,
																	"uv": [ 14.5, 37.0 ],
																	"rotationOrigin": [ 0.4498, 0.7504, 0.3 ],
																	"faces": {
																		"north": { "texture": "#skin", "uv": [ 15.0, 37.0, 15.5, 37.5 ], "rotation": 180 },
																		"east": { "texture": "#skin", "uv": [ 15.5, 37.5, 16.0, 38.0 ], "rotation": 90 },
																		"south": { "texture": "#skin", "uv": [ 15.0, 38.0, 15.5, 38.5 ] },
																		"west": { "texture": "#skin", "uv": [ 14.5, 37.5, 15.0, 38.0 ], "rotation": 270 },
																		"up": { "texture": "#skin", "uv": [ 15.0, 37.5, 15.5, 38.0 ], "windMode": [-1,-1,-1,-1], "windData": [0,0,0,0] },
																		"down": { "texture": "#skin", "uv": [ 16.0, 37.5, 16.5, 38.0 ] }
																	}
																},
																{
																	"name": "L fang lower",
																	"from": [ 0.225, 0.525, 0.75 ],
																	"to": [ 0.425, 0.775, 0.95 ],
																	"unwrapMode": 5,
																	"uv": [ 14.5, 37.0 ],
																	"rotationOrigin": [ 0.45, 0.75, 0.75 ],
																	"faces": {
																		"north": { "texture": "#skin", "uv": [ 15.0, 37.0, 15.5, 37.5 ], "rotation": 180 },
																		"east": { "texture": "#skin", "uv": [ 15.5, 37.5, 16.0, 38.0 ], "rotation": 90 },
																		"south": { "texture": "#skin", "uv": [ 15.0, 38.0, 15.5, 38.5 ] },
																		"west": { "texture": "#skin", "uv": [ 14.5, 37.5, 15.0, 38.0 ], "rotation": 270 },
																		"up": { "texture": "#skin", "uv": [ 15.0, 37.5, 15.5, 38.0 ], "windMode": [-1,-1,-1,-1], "windData": [0,0,0,0] },
																		"down": { "texture": "#skin", "uv": [ 16.0, 37.5, 16.5, 38.0 ] }
																	}
																},
																{
																	"name": "Chin",
																	"from": [ -0.3, 0.04, -0.1 ],
																	"to": [ 0.6, 0.54, 1.1 ],
																	"unwrapMode": 5,
																	"unwrapRotation": 1,
																	"uv": [ 11.0, 39.5 ],
																	"rotationOrigin": [ -0.3, 0.0375, -0.1 ],
																	"rotationZ": -10.0,
																	"faces": {
																		"north": { "texture": "#skin", "uv": [ 11.0, 40.0, 11.5, 40.5 ], "rotation": 270 },
																		"east": { "texture": "#skin", "uv": [ 11.5, 39.5, 12.5, 40.0 ], "rotation": 180 },
																		"south": { "texture": "#skin", "uv": [ 12.5, 40.0, 13.0, 40.5 ], "rotation": 90 },
																		"west": { "texture": "#skin", "uv": [ 11.5, 40.5, 12.5, 41.0 ] },
																		"up": { "texture": "#skin", "uv": [ 11.5, 40.0, 12.5, 40.5 ], "rotation": 90 },
																		"down": { "texture": "#skin", "uv": [ 13.0, 40.0, 14.0, 40.5 ], "rotation": 270 }
																	}
																},
																{
																	"name": "Lower teeth",
																	"from": [ 0.0, 0.45, 0.125 ],
																	"to": [ 0.3, 0.75, 0.875 ],
																	"unwrapMode": 4,
																	"uv": [ 17.0, 37.0 ],
																	"rotationOrigin": [ 0.0, 0.45, 0.125 ],
																	"rotationZ": -45.0,
																	"faces": {
																		"north": { "texture": "#skin", "uv": [ 17.0, 37.5, 17.5, 38.0 ] },
																		"south": { "texture": "#skin", "uv": [ 18.0, 37.5, 18.5, 38.0 ] },
																		"west": { "texture": "#skin", "uv": [ 17.5, 37.5, 18.0, 38.0 ] },
																		"up": { "texture": "#skin", "uv": [ 17.5, 37.0, 18.0, 37.5 ], "rotation": 90 }
																	}
																}
															]
														}
													]
												}
											]
										},
										{
											"name": "Right Ear",
											"from": [ 1.05, 2.43, -0.225 ],
											"to": [ 1.25, 2.68, 1.275 ],
											"unwrapMode": 4,
											"uv": [ 1.5, 46.0 ],
											"rotationOrigin": [ 1.125, 2.425, 0.525 ],
											"rotationX": -30.0,
											"faces": {
												"north": { "texture": "#skin", "uv": [ 1.5, 46.5, 2.0, 47.0 ] },
												"east": { "texture": "#skin", "uv": [ 4.0, 46.5, 5.5, 47.0 ] },
												"south": { "texture": "#skin", "uv": [ 3.5, 46.5, 4.0, 47.0 ] },
												"west": { "texture": "#skin", "uv": [ 2.0, 46.5, 3.5, 47.0 ] },
												"up": { "texture": "#skin", "uv": [ 2.0, 46.0, 3.5, 46.5 ], "rotation": 90 },
												"down": { "texture": "#skin", "uv": [ 2.0, 47.0, 3.5, 47.5 ], "rotation": 90 }
											},
											"children": [
												{
													"name": "R EarTipInner",
													"from": [ 0.0, 0.25, 0.75 ],
													"to": [ 0.2, 1.75, 1.5 ],
													"unwrapMode": 4,
													"uv": [ 4.0, 43.0 ],
													"rotationOrigin": [ 0.0, 0.25, 1.5 ],
													"rotationX": -22.5,
													"rotationY": -1.0,
													"faces": {
														"north": { "texture": "#skin", "uv": [ 4.0, 43.5, 4.5, 45.0 ] },
														"east": { "texture": "#skin", "uv": [ 5.5, 43.5, 6.0, 45.0 ] },
														"south": { "texture": "#skin", "uv": [ 5.0, 43.5, 5.5, 45.0 ] },
														"west": { "texture": "#skin", "uv": [ 4.5, 43.5, 5.0, 45.0 ] },
														"up": { "texture": "#skin", "uv": [ 4.5, 43.0, 5.0, 43.5 ], "rotation": 90 },
														"down": { "texture": "#skin", "uv": [ 4.5, 45.0, 5.0, 45.5 ], "rotation": 90 }
													},
													"children": [
														{
															"name": "R Ear Tuft",
															"from": [ 0.15, 1.5, 0.0 ],
															"to": [ 0.15, 2.6, 0.75 ],
															"uv": [ 2.0, 42.0 ],
															"rotationOrigin": [ 0.15, 1.5, 0.0 ],
															"faces": {
																"west": { "texture": "#skin", "uv": [ 2.0, 42.0, 2.5, 43.0 ], "windMode": [-1,-1,-1,-1], "windData": [1,1,1,1] }
															}
														}
													]
												},
												{
													"name": "R Ear TipOuter",
													"from": [ 0.0, 0.25, 0.0 ],
													"to": [ 0.2, 1.35, 0.75 ],
													"unwrapMode": 4,
													"uv": [ 1.5, 43.5 ],
													"rotationOrigin": [ 0.0, 0.25, 0.0 ],
													"rotationX": 12.0,
													"rotationY": 2.0,
													"faces": {
														"north": { "texture": "#skin", "uv": [ 1.5, 44.0, 2.0, 45.0 ] },
														"east": { "texture": "#skin", "uv": [ 3.0, 44.0, 3.5, 45.0 ] },
														"south": { "texture": "#skin", "uv": [ 2.5, 44.0, 3.0, 45.0 ] },
														"west": { "texture": "#skin", "uv": [ 2.0, 44.0, 2.5, 45.0 ] },
														"up": { "texture": "#skin", "uv": [ 2.0, 43.5, 2.5, 44.0 ], "rotation": 90 },
														"down": { "texture": "#skin", "uv": [ 2.0, 45.0, 2.5, 45.5 ], "rotation": 90 }
													}
												}
											]
										},
										{
											"name": "Left Ear",
											"from": [ 1.05, 2.43, 2.1 ],
											"to": [ 1.25, 2.68, 3.6 ],
											"unwrapMode": 4,
											"uv": [ 6.5, 46.0 ],
											"rotationOrigin": [ 1.125, 2.425, 2.85 ],
											"rotationX": 30.0,
											"faces": {
												"north": { "texture": "#skin", "uv": [ 6.5, 46.5, 7.0, 47.0 ] },
												"east": { "texture": "#skin", "uv": [ 9.0, 46.5, 10.5, 47.0 ] },
												"south": { "texture": "#skin", "uv": [ 8.5, 46.5, 9.0, 47.0 ] },
												"west": { "texture": "#skin", "uv": [ 7.0, 46.5, 8.5, 47.0 ] },
												"up": { "texture": "#skin", "uv": [ 7.0, 46.0, 8.5, 46.5 ], "rotation": 90 },
												"down": { "texture": "#skin", "uv": [ 7.0, 47.0, 8.5, 47.5 ], "rotation": 90 }
											},
											"children": [
												{
													"name": "L Ear TipInner",
													"from": [ 0.0, 0.25, 0.0 ],
													"to": [ 0.2, 1.75, 0.75 ],
													"unwrapMode": 4,
													"uv": [ 7.0, 43.0 ],
													"rotationOrigin": [ 0.0, 0.25, 0.0 ],
													"rotationX": 22.5,
													"rotationY": 1.0,
													"faces": {
														"north": { "texture": "#skin", "uv": [ 7.0, 43.5, 7.5, 45.0 ] },
														"east": { "texture": "#skin", "uv": [ 8.5, 43.5, 9.0, 45.0 ] },
														"south": { "texture": "#skin", "uv": [ 8.0, 43.5, 8.5, 45.0 ] },
														"west": { "texture": "#skin", "uv": [ 7.5, 43.5, 8.0, 45.0 ] },
														"up": { "texture": "#skin", "uv": [ 7.5, 43.0, 8.0, 43.5 ], "rotation": 90 },
														"down": { "texture": "#skin", "uv": [ 7.5, 45.0, 8.0, 45.5 ], "rotation": 90 }
													},
													"children": [
														{
															"name": "L Ear Tuft",
															"from": [ 0.15, 1.5, 0.0 ],
															"to": [ 0.15, 2.6, 0.75 ],
															"shade": false,
															"renderPass": 1,
															"uv": [ 6.5, 42.0 ],
															"rotationOrigin": [ 0.15, 1.5, 0.0 ],
															"faces": {
																"west": { "texture": "#skin", "uv": [ 6.5, 42.0, 7.0, 43.0 ], "windMode": [-1,-1,-1,-1], "windData": [1,1,1,1] }
															}
														}
													]
												},
												{
													"name": "L Ear TipOuter",
													"from": [ 0.0, 0.25, 0.75 ],
													"to": [ 0.2, 1.35, 1.5 ],
													"unwrapMode": 4,
													"uv": [ 9.5, 43.5 ],
													"rotationOrigin": [ 0.0, 0.25, 1.5 ],
													"rotationX": -12.0,
													"rotationY": -2.0,
													"faces": {
														"north": { "texture": "#skin", "uv": [ 9.5, 44.0, 10.0, 45.0 ] },
														"east": { "texture": "#skin", "uv": [ 11.0, 44.0, 11.5, 45.0 ] },
														"south": { "texture": "#skin", "uv": [ 10.5, 44.0, 11.0, 45.0 ] },
														"west": { "texture": "#skin", "uv": [ 10.0, 44.0, 10.5, 45.0 ] },
														"up": { "texture": "#skin", "uv": [ 10.0, 43.5, 10.5, 44.0 ], "rotation": 90 },
														"down": { "texture": "#skin", "uv": [ 10.0, 45.0, 10.5, 45.5 ], "rotation": 90 }
													}
												}
											]
										},
										{
											"name": "Mouth inner upper",
											"from": [ 0.0, 0.0, 1.1 ],
											"to": [ 0.0, 1.5, 2.2 ],
											"unwrapMode": 4,
											"uv": [ 18.5, 30.5 ],
											"rotationOrigin": [ 0.0, 0.0, 1.1 ],
											"rotationZ": -89.0,
											"faces": {
												"west": { "texture": "#skin", "uv": [ 18.5, 30.5, 19.5, 32.0 ], "windMode": [-1,-1,-1,-1] }
											}
										},
										{
											"name": "R Eye",
											"from": [ -0.54, 1.3, 0.6375 ],
											"to": [ -0.14, 1.9, 1.2375 ],
											"unwrapMode": 4,
											"uv": [ 12.0, 30.5 ],
											"rotationOrigin": [ -0.5375, 1.6, 0.9375 ],
											"rotationX": 4.0,
											"rotationZ": 15.0,
											"faces": {
												"north": { "texture": "#skin", "uv": [ 12.0, 31.0, 12.5, 31.5 ] },
												"south": { "texture": "#skin", "uv": [ 13.0, 31.0, 13.5, 31.5 ] },
												"west": { "texture": "#skin", "uv": [ 12.5, 31.0, 13.0, 31.5 ] },
												"up": { "texture": "#skin", "uv": [ 12.5, 30.5, 13.0, 31.0 ], "rotation": 90 },
												"down": { "texture": "#skin", "uv": [ 12.5, 31.5, 13.0, 32.0 ], "rotation": 90 }
											},
											"children": [
												{
													"name": "R pupil",
													"from": [ -0.0075, 0.35, 0.2 ],
													"to": [ 0.3925, 0.55, 0.4 ],
													"unwrapMode": 4,
													"uv": [ 12.0, 32.5 ],
													"rotationOrigin": [ -0.0075, 0.2, 0.2 ],
													"faces": {
														"north": { "texture": "#skin", "uv": [ 12.0, 33.0, 12.5, 33.5 ] },
														"south": { "texture": "#skin", "uv": [ 13.0, 33.0, 13.5, 33.5 ] },
														"west": { "texture": "#skin", "uv": [ 12.5, 33.0, 13.0, 33.5 ] },
														"up": { "texture": "#skin", "uv": [ 12.5, 32.5, 13.0, 33.0 ], "rotation": 90 },
														"down": { "texture": "#skin", "uv": [ 12.5, 33.5, 13.0, 34.0 ], "rotation": 90 }
													}
												},
												{
													"name": "R Eyelid",
													"from": [ -0.09, 0.45, -0.075 ],
													"to": [ 0.31, 0.85, 0.675 ],
													"unwrapMode": 4,
													"uv": [ 14.0, 30.5 ],
													"rotationOrigin": [ -0.0875, 0.525, 0.3 ],
													"rotationX": -2.0,
													"faces": {
														"north": { "texture": "#skin", "uv": [ 14.0, 31.0, 14.5, 31.5 ] },
														"south": { "texture": "#skin", "uv": [ 15.0, 31.0, 15.5, 31.5 ] },
														"west": { "texture": "#skin", "uv": [ 14.5, 31.0, 15.0, 31.5 ] },
														"up": { "texture": "#skin", "uv": [ 14.5, 30.5, 15.0, 31.0 ], "rotation": 90 },
														"down": { "texture": "#skin", "uv": [ 14.5, 31.5, 15.0, 32.0 ], "rotation": 90 }
													}
												},
												{
													"name": "R Eyelid2",
													"from": [ -0.0375, -0.25, -0.075 ],
													"to": [ 1.0625, 0.15, 0.675 ],
													"unwrapMode": 5,
													"unwrapRotation": 1,
													"uv": [ 14.0, 33.0 ],
													"rotationOrigin": [ -0.0375, -0.025, 0.3 ],
													"rotationX": 15.0,
													"faces": {
														"north": { "texture": "#skin", "uv": [ 14.0, 33.0, 14.5, 34.0 ], "rotation": 270 },
														"south": { "texture": "#skin", "uv": [ 15.0, 33.0, 15.5, 34.0 ], "rotation": 90 },
														"west": { "texture": "#skin", "uv": [ 14.5, 34.0, 15.0, 34.5 ] },
														"up": { "texture": "#skin", "uv": [ 14.5, 33.0, 15.0, 34.0 ], "rotation": 90 },
														"down": { "texture": "#skin", "uv": [ 15.5, 33.0, 16.0, 34.0 ], "rotation": 270 }
													}
												}
											]
										},
										{
											"name": "L Eye",
											"from": [ -0.54, 1.3, 2.1375 ],
											"to": [ -0.14, 1.9, 2.7375 ],
											"unwrapMode": 4,
											"uv": [ 12.0, 30.5 ],
											"rotationOrigin": [ -0.5375, 1.6, 2.4375 ],
											"rotationX": -4.0,
											"rotationZ": 15.0,
											"faces": {
												"north": { "texture": "#skin", "uv": [ 12.0, 31.0, 12.5, 31.5 ] },
												"south": { "texture": "#skin", "uv": [ 13.0, 31.0, 13.5, 31.5 ] },
												"west": { "texture": "#skin", "uv": [ 12.5, 31.0, 13.0, 31.5 ] },
												"up": { "texture": "#skin", "uv": [ 12.5, 30.5, 13.0, 31.0 ], "rotation": 90 },
												"down": { "texture": "#skin", "uv": [ 12.5, 31.5, 13.0, 32.0 ], "rotation": 90 }
											},
											"children": [
												{
													"name": "L pupil",
													"from": [ -0.0075, 0.35, 0.2 ],
													"to": [ 0.3925, 0.55, 0.4 ],
													"unwrapMode": 4,
													"uv": [ 12.0, 32.5 ],
													"rotationOrigin": [ -0.0075, 0.2, 0.2 ],
													"faces": {
														"north": { "texture": "#skin", "uv": [ 12.0, 33.0, 12.5, 33.5 ] },
														"south": { "texture": "#skin", "uv": [ 13.0, 33.0, 13.5, 33.5 ] },
														"west": { "texture": "#skin", "uv": [ 12.5, 33.0, 13.0, 33.5 ] },
														"up": { "texture": "#skin", "uv": [ 12.5, 32.5, 13.0, 33.0 ], "rotation": 90 },
														"down": { "texture": "#skin", "uv": [ 12.5, 33.5, 13.0, 34.0 ], "rotation": 90 }
													}
												},
												{
													"name": "L Eyelid",
													"from": [ -0.09, 0.45, -0.075 ],
													"to": [ 0.31, 0.85, 0.675 ],
													"unwrapMode": 4,
													"uv": [ 16.0, 30.5 ],
													"rotationOrigin": [ -0.0875, 0.525, 0.3 ],
													"rotationX": 2.0,
													"faces": {
														"north": { "texture": "#skin", "uv": [ 16.0, 31.0, 16.5, 31.5 ] },
														"south": { "texture": "#skin", "uv": [ 17.0, 31.0, 17.5, 31.5 ] },
														"west": { "texture": "#skin", "uv": [ 16.5, 31.0, 17.0, 31.5 ] },
														"up": { "texture": "#skin", "uv": [ 16.5, 30.5, 17.0, 31.0 ], "rotation": 90 },
														"down": { "texture": "#skin", "uv": [ 16.5, 31.5, 17.0, 32.0 ], "rotation": 90 }
													}
												},
												{
													"name": "L Eyelid2",
													"from": [ -0.0375, -0.25, -0.075 ],
													"to": [ 1.0625, 0.15, 0.675 ],
													"unwrapMode": 5,
													"unwrapRotation": 1,
													"uv": [ 16.5, 33.0 ],
													"rotationOrigin": [ -0.0375, -0.025, 0.3 ],
													"rotationX": -15.0,
													"faces": {
														"north": { "texture": "#skin", "uv": [ 16.5, 33.0, 17.0, 34.0 ], "rotation": 270 },
														"south": { "texture": "#skin", "uv": [ 17.5, 33.0, 18.0, 34.0 ], "rotation": 90 },
														"west": { "texture": "#skin", "uv": [ 17.0, 34.0, 17.5, 34.5 ] },
														"up": { "texture": "#skin", "uv": [ 17.0, 33.0, 17.5, 34.0 ], "rotation": 90 },
														"down": { "texture": "#skin", "uv": [ 18.0, 33.0, 18.5, 34.0 ], "rotation": 270 }
													}
												}
											]
										},
										{
											"name": "Mouth inner lower",
											"from": [ 0.0, 0.0, 1.1 ],
											"to": [ 0.0, 1.5, 2.2 ],
											"unwrapMode": 4,
											"uv": [ 18.5, 30.5 ],
											"rotationOrigin": [ 0.0, 0.0, 1.1 ],
											"rotationZ": -89.0,
											"faces": {
												"west": { "texture": "#skin", "uv": [ 18.5, 30.5, 19.5, 32.0 ], "windMode": [-1,-1,-1,-1] }
											}
										}
									]
								}
							]
						}
					]
				},
				{
					"name": "Right Shoulder",
					"from": [ -0.075, 1.05, -0.375 ],
					"to": [ 2.175, 3.05, 1.125 ],
					"unwrapMode": 1,
					"uv": [ 34.88, 1.0 ],
					"rotationOrigin": [ 0.825, 3.28, 0.825 ],
					"rotationZ": 9.0,
					"faces": {
						"north": { "texture": "#skin", "uv": [ 36.5, 2.5, 38.5, 4.5 ] },
						"east": { "texture": "#skin", "uv": [ 35.0, 2.5, 36.5, 4.5 ] },
						"south": { "texture": "#skin", "uv": [ 40.0, 2.5, 42.0, 4.5 ] },
						"west": { "texture": "#skin", "uv": [ 38.5, 2.5, 40.0, 4.5 ] },
						"up": { "texture": "#skin", "uv": [ 36.5, 1.0, 38.5, 2.5 ], "rotation": 180 },
						"down": { "texture": "#skin", "uv": [ 36.5, 4.5, 38.5, 6.0 ] }
					},
					"children": [
						{
							"name": "Right Upper Arm",
							"from": [ 0.0, -2.38, -0.075 ],
							"to": [ 2.25, 0.02, 1.425 ],
							"unwrapMode": 1,
							"uv": [ 34.75, 6.38 ],
							"rotationOrigin": [ 0.0, 0.0, 0.75 ],
							"rotationZ": 33.5,
							"faces": {
								"north": { "texture": "#skin", "uv": [ 36.5, 8.0, 38.5, 10.0 ] },
								"east": { "texture": "#skin", "uv": [ 35.0, 8.0, 36.5, 10.0 ] },
								"south": { "texture": "#skin", "uv": [ 40.0, 8.0, 42.0, 10.0 ] },
								"west": { "texture": "#skin", "uv": [ 38.5, 8.0, 40.0, 10.0 ] },
								"up": { "texture": "#skin", "uv": [ 36.5, 6.5, 38.5, 8.0 ], "rotation": 180 },
								"down": { "texture": "#skin", "uv": [ 36.5, 10.0, 38.5, 11.5 ] }
							},
							"children": [
								{
									"name": "Right Lower Arm",
									"from": [ 1.95, -3.65, 0.15 ],
									"to": [ 3.6, 0.25, 1.45 ],
									"unwrapMode": 1,
									"uv": [ 35.38, 12.0 ],
									"rotationOrigin": [ 2.175, 0.23, 0.75 ],
									"rotationY": 10.0,
									"rotationZ": -132.5,
									"faces": {
										"north": { "texture": "#skin", "uv": [ 36.5, 13.0, 38.0, 16.5 ] },
										"east": { "texture": "#skin", "uv": [ 35.5, 13.0, 36.5, 16.5 ] },
										"south": { "texture": "#skin", "uv": [ 39.0, 13.0, 40.5, 16.5 ] },
										"west": { "texture": "#skin", "uv": [ 38.0, 13.0, 39.0, 16.5 ] },
										"up": { "texture": "#skin", "uv": [ 36.5, 12.0, 38.0, 13.0 ], "rotation": 180 },
										"down": { "texture": "#skin", "uv": [ 36.5, 16.5, 38.0, 17.5 ] }
									},
									"children": [
										{
											"name": "Right Hand",
											"from": [ 0.075, -1.725, -0.075 ],
											"to": [ 1.575, 0.875, 1.425 ],
											"unwrapMode": 1,
											"uv": [ 34.88, 18.0 ],
											"rotationOrigin": [ 0.75, 0.45, 0.75 ],
											"rotationX": 10.0,
											"rotationZ": -7.0,
											"faces": {
												"north": { "texture": "#skin", "uv": [ 36.5, 19.5, 38.0, 22.0 ] },
												"east": { "texture": "#skin", "uv": [ 35.0, 19.5, 36.5, 22.0 ] },
												"south": { "texture": "#skin", "uv": [ 39.5, 19.5, 41.0, 22.0 ] },
												"west": { "texture": "#skin", "uv": [ 38.0, 19.5, 39.5, 22.0 ] },
												"up": { "texture": "#skin", "uv": [ 36.5, 18.0, 38.0, 19.5 ], "rotation": 180 },
												"down": { "texture": "#skin", "uv": [ 36.5, 22.0, 38.0, 23.5 ] }
											},
											"children": [
												{
													"name": "Right Fingers",
													"from": [ -0.825, -0.225, -0.075 ],
													"to": [ 1.425, 0.775, 1.425 ],
													"unwrapMode": 5,
													"unwrapRotation": 1,
													"uv": [ 35.38, 24.0 ],
													"rotationOrigin": [ 0.6, 0.75, 0.675 ],
													"rotationY": 5.0,
													"rotationZ": 92.0,
													"faces": {
														"north": { "texture": "#skin", "uv": [ 35.5, 25.0, 36.5, 27.0 ], "rotation": 270 },
														"east": { "texture": "#skin", "uv": [ 36.5, 24.0, 38.0, 25.0 ], "rotation": 180 },
														"south": { "texture": "#skin", "uv": [ 38.0, 25.0, 39.0, 27.0 ], "rotation": 90 },
														"west": { "texture": "#skin", "uv": [ 36.5, 27.0, 38.0, 28.0 ] },
														"up": { "texture": "#skin", "uv": [ 36.5, 25.0, 38.0, 27.0 ], "rotation": 90 },
														"down": { "texture": "#skin", "uv": [ 39.0, 25.0, 40.5, 27.0 ], "rotation": 270 }
													},
													"children": [
														{
															"name": "Finger 1",
															"from": [ -0.15, -0.0075, -0.15 ],
															"to": [ 1.35, 1.0925, 0.3 ],
															"unwrapMode": 5,
															"uv": [ 31.0, 27.5 ],
															"rotationOrigin": [ 0.6, -0.075, 0.075 ],
															"rotationY": -8.0,
															"faces": {
																"north": { "texture": "#skin", "uv": [ 32.0, 27.5, 33.5, 28.5 ], "rotation": 180 },
																"east": { "texture": "#skin", "uv": [ 33.5, 28.5, 34.5, 29.0 ], "rotation": 90 },
																"south": { "texture": "#skin", "uv": [ 32.0, 29.0, 33.5, 30.0 ] },
																"west": { "texture": "#skin", "uv": [ 31.0, 28.5, 32.0, 29.0 ], "rotation": 270 },
																"up": { "texture": "#skin", "uv": [ 32.0, 28.5, 33.5, 29.0 ] },
																"down": { "texture": "#skin", "uv": [ 34.5, 28.5, 36.0, 29.0 ] }
															}
														},
														{
															"name": "Finger 2",
															"from": [ -0.45, -0.015, 0.225 ],
															"to": [ 1.05, 1.085, 0.825 ],
															"unwrapMode": 5,
															"uv": [ 31.0, 27.5 ],
															"rotationOrigin": [ 0.3, -0.075, 0.525 ],
															"rotationY": -2.0,
															"faces": {
																"north": { "texture": "#skin", "uv": [ 32.0, 27.5, 33.5, 28.5 ], "rotation": 180 },
																"east": { "texture": "#skin", "uv": [ 33.5, 28.5, 34.5, 29.0 ], "rotation": 90 },
																"south": { "texture": "#skin", "uv": [ 32.0, 29.0, 33.5, 30.0 ] },
																"west": { "texture": "#skin", "uv": [ 31.0, 28.5, 32.0, 29.0 ], "rotation": 270 },
																"up": { "texture": "#skin", "uv": [ 32.0, 28.5, 33.5, 29.0 ] },
																"down": { "texture": "#skin", "uv": [ 34.5, 28.5, 36.0, 29.0 ] }
															}
														},
														{
															"name": "Finger 3",
															"from": [ -0.45, -0.015, 0.825 ],
															"to": [ 1.05, 1.085, 1.425 ],
															"unwrapMode": 5,
															"uv": [ 31.0, 27.5 ],
															"rotationOrigin": [ 0.3, -0.075, 1.125 ],
															"rotationY": 2.0,
															"faces": {
																"north": { "texture": "#skin", "uv": [ 32.0, 27.5, 33.5, 28.5 ], "rotation": 180 },
																"east": { "texture": "#skin", "uv": [ 33.5, 28.5, 34.5, 29.0 ], "rotation": 90 },
																"south": { "texture": "#skin", "uv": [ 32.0, 29.0, 33.5, 30.0 ] },
																"west": { "texture": "#skin", "uv": [ 31.0, 28.5, 32.0, 29.0 ], "rotation": 270 },
																"up": { "texture": "#skin", "uv": [ 32.0, 28.5, 33.5, 29.0 ] },
																"down": { "texture": "#skin", "uv": [ 34.5, 28.5, 36.0, 29.0 ] }
															}
														},
														{
															"name": "Finger 4",
															"from": [ -0.15, -0.0075, 1.35 ],
															"to": [ 1.35, 1.0925, 1.8 ],
															"unwrapMode": 5,
															"uv": [ 31.0, 27.5 ],
															"rotationOrigin": [ 0.6, -0.075, 1.575 ],
															"rotationY": 8.0,
															"faces": {
																"north": { "texture": "#skin", "uv": [ 32.0, 27.5, 33.5, 28.5 ], "rotation": 180 },
																"east": { "texture": "#skin", "uv": [ 33.5, 28.5, 34.5, 29.0 ], "rotation": 90 },
																"south": { "texture": "#skin", "uv": [ 32.0, 29.0, 33.5, 30.0 ] },
																"west": { "texture": "#skin", "uv": [ 31.0, 28.5, 32.0, 29.0 ], "rotation": 270 },
																"up": { "texture": "#skin", "uv": [ 32.0, 28.5, 33.5, 29.0 ] },
																"down": { "texture": "#skin", "uv": [ 34.5, 28.5, 36.0, 29.0 ] }
															}
														}
													]
												},
												{
													"name": "Right Thumb",
													"from": [ 0.15, 0.825, 1.35 ],
													"to": [ 0.95, 2.025, 1.8 ],
													"unwrapMode": 7,
													"unwrapRotation": 1,
													"uv": [ 32.0, 10.75 ],
													"rotationOrigin": [ 0.825, 1.8, 1.5 ],
													"faces": {
														"north": { "texture": "#skin", "uv": [ 33.5, 12.0, 34.5, 12.5 ], "rotation": 90 },
														"east": { "texture": "#skin", "uv": [ 33.0, 12.5, 33.5, 13.5 ] },
														"south": { "texture": "#skin", "uv": [ 32.0, 12.0, 33.0, 12.5 ], "rotation": 270 },
														"west": { "texture": "#skin", "uv": [ 33.0, 11.0, 33.5, 12.0 ], "rotation": 180 },
														"up": { "texture": "#skin", "uv": [ 33.0, 12.0, 33.5, 12.5 ], "rotation": 270 },
														"down": { "texture": "#skin", "uv": [ 34.5, 12.0, 35.0, 12.5 ], "rotation": 90 }
													}
												}
											]
										}
									]
								}
							]
						}
					]
				},
				{
					"name": "Left Shoulder",
					"from": [ -0.075, 1.05, 3.825 ],
					"to": [ 2.175, 3.05, 5.325 ],
					"unwrapMode": 3,
					"uv": [ 26.25, 0.88 ],
					"rotationOrigin": [ 0.825, 3.28, 4.65 ],
					"rotationZ": 9.0,
					"faces": {
						"north": { "texture": "#skin", "uv": [ 31.5, 2.5, 33.5, 4.5 ] },
						"east": { "texture": "#skin", "uv": [ 30.0, 2.5, 31.5, 4.5 ] },
						"south": { "texture": "#skin", "uv": [ 28.0, 2.5, 30.0, 4.5 ] },
						"west": { "texture": "#skin", "uv": [ 26.5, 2.5, 28.0, 4.5 ] },
						"up": { "texture": "#skin", "uv": [ 28.0, 1.0, 30.0, 2.5 ] },
						"down": { "texture": "#skin", "uv": [ 28.0, 4.5, 30.0, 6.0 ], "rotation": 180 }
					},
					"children": [
						{
							"name": "Left Upper Arm",
							"from": [ 0.0, -2.38, 0.075 ],
							"to": [ 2.25, 0.02, 1.575 ],
							"unwrapMode": 3,
							"uv": [ 26.5, 6.5 ],
							"rotationOrigin": [ 0.0, 0.0, 0.8625 ],
							"rotationZ": 33.5,
							"faces": {
								"north": { "texture": "#skin", "uv": [ 31.5, 8.0, 33.5, 10.0 ] },
								"east": { "texture": "#skin", "uv": [ 30.0, 8.0, 31.5, 10.0 ] },
								"south": { "texture": "#skin", "uv": [ 28.0, 8.0, 30.0, 10.0 ] },
								"west": { "texture": "#skin", "uv": [ 26.5, 8.0, 28.0, 10.0 ] },
								"up": { "texture": "#skin", "uv": [ 28.0, 6.5, 30.0, 8.0 ] },
								"down": { "texture": "#skin", "uv": [ 28.0, 10.0, 30.0, 11.5 ], "rotation": 180 }
							},
							"children": [
								{
									"name": "Left Lower Arm",
									"from": [ 1.95, -3.65, 0.075 ],
									"to": [ 3.6, 0.25, 1.375 ],
									"unwrapMode": 3,
									"uv": [ 26.88, 12.0 ],
									"rotationOrigin": [ 2.175, 0.23, 0.75 ],
									"rotationY": -10.0,
									"rotationZ": -132.5,
									"faces": {
										"north": { "texture": "#skin", "uv": [ 30.5, 13.0, 32.0, 16.5 ] },
										"east": { "texture": "#skin", "uv": [ 29.5, 13.0, 30.5, 16.5 ] },
										"south": { "texture": "#skin", "uv": [ 28.0, 13.0, 29.5, 16.5 ] },
										"west": { "texture": "#skin", "uv": [ 27.0, 13.0, 28.0, 16.5 ] },
										"up": { "texture": "#skin", "uv": [ 28.0, 12.0, 29.5, 13.0 ] },
										"down": { "texture": "#skin", "uv": [ 28.0, 16.5, 29.5, 17.5 ], "rotation": 180 }
									},
									"children": [
										{
											"name": "Left Hand",
											"from": [ 0.075, -1.725, -0.075 ],
											"to": [ 1.575, 0.875, 1.425 ],
											"unwrapMode": 3,
											"uv": [ 26.25, 17.88 ],
											"rotationOrigin": [ 0.75, 0.45, 0.75 ],
											"rotationX": -10.0,
											"rotationZ": -7.0,
											"faces": {
												"north": { "texture": "#skin", "uv": [ 31.0, 19.5, 32.5, 22.0 ] },
												"east": { "texture": "#skin", "uv": [ 29.5, 19.5, 31.0, 22.0 ] },
												"south": { "texture": "#skin", "uv": [ 28.0, 19.5, 29.5, 22.0 ] },
												"west": { "texture": "#skin", "uv": [ 26.5, 19.5, 28.0, 22.0 ] },
												"up": { "texture": "#skin", "uv": [ 28.0, 18.0, 29.5, 19.5 ] },
												"down": { "texture": "#skin", "uv": [ 28.0, 22.0, 29.5, 23.5 ], "rotation": 180 }
											},
											"children": [
												{
													"name": "Left Fingers",
													"from": [ -0.825, -0.225, 0.075 ],
													"to": [ 1.425, 0.775, 1.575 ],
													"unwrapMode": 5,
													"unwrapRotation": 1,
													"uv": [ 27.0, 23.75 ],
													"rotationOrigin": [ 0.6, 0.75, 0.825 ],
													"rotationY": -5.0,
													"rotationZ": 92.0,
													"faces": {
														"north": { "texture": "#skin", "uv": [ 27.0, 25.0, 28.0, 27.0 ], "rotation": 270 },
														"east": { "texture": "#skin", "uv": [ 28.0, 24.0, 29.5, 25.0 ], "rotation": 180 },
														"south": { "texture": "#skin", "uv": [ 29.5, 25.0, 30.5, 27.0 ], "rotation": 90 },
														"west": { "texture": "#skin", "uv": [ 28.0, 27.0, 29.5, 28.0 ] },
														"up": { "texture": "#skin", "uv": [ 28.0, 25.0, 29.5, 27.0 ], "rotation": 90 },
														"down": { "texture": "#skin", "uv": [ 30.5, 25.0, 32.0, 27.0 ], "rotation": 270 }
													},
													"children": [
														{
															"name": "Finger 5",
															"from": [ -0.15, -0.0075, -0.3 ],
															"to": [ 1.35, 1.0925, 0.15 ],
															"unwrapMode": 5,
															"uv": [ 22.5, 27.5 ],
															"rotationOrigin": [ 0.6, -0.075, -0.075 ],
															"rotationY": -8.0,
															"faces": {
																"north": { "texture": "#skin", "uv": [ 23.5, 27.5, 25.0, 28.5 ], "rotation": 180 },
																"east": { "texture": "#skin", "uv": [ 25.0, 28.5, 26.0, 29.0 ], "rotation": 90 },
																"south": { "texture": "#skin", "uv": [ 23.5, 29.0, 25.0, 30.0 ] },
																"west": { "texture": "#skin", "uv": [ 22.5, 28.5, 23.5, 29.0 ], "rotation": 270 },
																"up": { "texture": "#skin", "uv": [ 23.5, 28.5, 25.0, 29.0 ] },
																"down": { "texture": "#skin", "uv": [ 26.0, 28.5, 27.5, 29.0 ] }
															}
														},
														{
															"name": "Finger 6",
															"from": [ -0.45, -0.015, 0.075 ],
															"to": [ 1.05, 1.085, 0.675 ],
															"unwrapMode": 5,
															"uv": [ 22.5, 27.5 ],
															"rotationOrigin": [ 0.3, -0.075, 0.375 ],
															"rotationY": -2.0,
															"faces": {
																"north": { "texture": "#skin", "uv": [ 23.5, 27.5, 25.0, 28.5 ], "rotation": 180 },
																"east": { "texture": "#skin", "uv": [ 25.0, 28.5, 26.0, 29.0 ], "rotation": 90 },
																"south": { "texture": "#skin", "uv": [ 23.5, 29.0, 25.0, 30.0 ] },
																"west": { "texture": "#skin", "uv": [ 22.5, 28.5, 23.5, 29.0 ], "rotation": 270 },
																"up": { "texture": "#skin", "uv": [ 23.5, 28.5, 25.0, 29.0 ] },
																"down": { "texture": "#skin", "uv": [ 26.0, 28.5, 27.5, 29.0 ] }
															}
														},
														{
															"name": "Finger 7",
															"from": [ -0.45, -0.015, 0.675 ],
															"to": [ 1.05, 1.085, 1.275 ],
															"unwrapMode": 5,
															"uv": [ 22.5, 27.5 ],
															"rotationOrigin": [ 0.3, -0.075, 0.975 ],
															"rotationY": 2.0,
															"faces": {
																"north": { "texture": "#skin", "uv": [ 23.5, 27.5, 25.0, 28.5 ], "rotation": 180 },
																"east": { "texture": "#skin", "uv": [ 25.0, 28.5, 26.0, 29.0 ], "rotation": 90 },
																"south": { "texture": "#skin", "uv": [ 23.5, 29.0, 25.0, 30.0 ] },
																"west": { "texture": "#skin", "uv": [ 22.5, 28.5, 23.5, 29.0 ], "rotation": 270 },
																"up": { "texture": "#skin", "uv": [ 23.5, 28.5, 25.0, 29.0 ] },
																"down": { "texture": "#skin", "uv": [ 26.0, 28.5, 27.5, 29.0 ] }
															}
														},
														{
															"name": "Finger 8",
															"from": [ -0.15, -0.0075, 1.2 ],
															"to": [ 1.35, 1.0925, 1.65 ],
															"unwrapMode": 5,
															"uv": [ 22.5, 27.5 ],
															"rotationOrigin": [ 0.6, -0.075, 1.425 ],
															"rotationY": 8.0,
															"faces": {
																"north": { "texture": "#skin", "uv": [ 23.5, 27.5, 25.0, 28.5 ], "rotation": 180 },
																"east": { "texture": "#skin", "uv": [ 25.0, 28.5, 26.0, 29.0 ], "rotation": 90 },
																"south": { "texture": "#skin", "uv": [ 23.5, 29.0, 25.0, 30.0 ] },
																"west": { "texture": "#skin", "uv": [ 22.5, 28.5, 23.5, 29.0 ], "rotation": 270 },
																"up": { "texture": "#skin", "uv": [ 23.5, 28.5, 25.0, 29.0 ] },
																"down": { "texture": "#skin", "uv": [ 26.0, 28.5, 27.5, 29.0 ] }
															}
														}
													]
												},
												{
													"name": "Left Thumb",
													"from": [ 0.15, 0.825, -0.3 ],
													"to": [ 0.95, 2.025, 0.15 ],
													"unwrapMode": 7,
													"unwrapRotation": 1,
													"uv": [ 31.75, 16.25 ],
													"rotationOrigin": [ 0.825, 1.8, -0.075 ],
													"faces": {
														"north": { "texture": "#skin", "uv": [ 33.5, 17.5, 34.5, 18.0 ], "rotation": 90 },
														"east": { "texture": "#skin", "uv": [ 33.0, 18.0, 33.5, 19.0 ] },
														"south": { "texture": "#skin", "uv": [ 32.0, 17.5, 33.0, 18.0 ], "rotation": 270 },
														"west": { "texture": "#skin", "uv": [ 33.0, 16.5, 33.5, 17.5 ], "rotation": 180 },
														"up": { "texture": "#skin", "uv": [ 33.0, 17.5, 33.5, 18.0 ], "rotation": 270 },
														"down": { "texture": "#skin", "uv": [ 34.5, 17.5, 35.0, 18.0 ], "rotation": 90 }
													}
												}
											]
										}
									]
								}
							]
						}
					]
				}
			],
			"attachmentpoints": [
				{
					"code": "Center",
					"posX": "5.0","posY": "4.0","posZ": "2.5",
					"rotationX": "0.0","rotationY": "0.0","rotationZ": "0.0"
				}
			]
		}
	]}