{
	"code": "dasyuridae",
	"class": "EntityAgent",
	"tags": ["animal", "huntable", "adult", "predator", "habitat-land"],
	"fallDamageMultiplier": 0.05,
	"variantgroups": [
		{"code": "age","states": [ "adult" ]},
		{"code": "gender","states": [ "female","male"]},
		{"code": "type","states": [ "sarcophilusharrisii","sarcophiluslaniarius"]}
	],
	"hitBoxSizeByType": {
		"*-adult-female-sarcophilusharrisii": {	"x": 0.5,"y": 0.4},"*-adult-male-sarcophilusharrisii": {	"x": 0.6,"y": 0.5},
		"*-adult-female-sarcophiluslaniarius": {	"x": 0.5,"y": 0.4},"*-adult-male-sarcophiluslaniarius": {	"x": 0.6,"y": 0.5}
	},
	"deadhitBoxSizeByType": {
		"*-adult-female-sarcophilusharrisii": {	"x": 0.5,"y": 0.2},"*-adult-male-sarcophilusharrisii": {	"x": 0.6,"y": 0.25},
		"*-adult-female-sarcophiluslaniarius": {	"x": 0.5,"y": 0.2},"*-adult-male-sarcophiluslaniarius": {	"x": 0.6,"y": 0.25}
	},
	"eyeHeightByType": {
		"*-adult-*-sarcophilusharrisii": 0.5,
		"*-adult-*-sarcophiluslaniarius": 0.6
	},
	"weightByType": {
		"*-adult-female-sarcophilusharrisii": 6,"*-adult-male-sarcophilusharrisii": 8,
		"*-adult-female-sarcophiluslaniarius": 9,"*-adult-male-sarcophiluslaniarius": 12
	},	
	"knockbackResistanceByType": {
		"*-adult-*": 0.2	},	
	"attributes": {
		"killedByInfoText": "deadcreature-killed",
		"trappableByType": {
			"*": {
				"small": { "trapChance": 0.5,	"trapDestroyChance": 0.1 },
				"large": { "trapChance": 0.9,	"trapDestroyChance": 0.0 }
			}
		},
		"creatureDietByType": {
			"*":{
			"weightedFoodTags": [
				{ "weight": 0.1, "code": "bone" },
				{ "weight": 1, "code": "egg" },
				{ "weight": 0.3, "code": "fish" },
				{ "weight": 0.3, "code": "insect" },
				{ "weight": 0.9, "code": "meat" }
			]
		}},
		"handbook": {
			"groupcode": "creaturegroup-dasyuridae"
		}
	},
	"drops": [],
	"client": {
		"renderer": "Shape",
		"shapeByType": {
			"*-adult-*": { "base": "entity/land/dasyuridae/{type}-adult" }
		},
		"textureByType": {
			"*-adult-*": { "base": "entity/dasyuridae/{type}-adult" }
		},
		"sizeByType": {
			"*-adult-male-sarcophilusharrisii": 1,"*-adult-female-sarcophilusharrisii": 0.8,
			"*-adult-male-sarcophiluslaniarius": 1.15,"*-adult-female-sarcophiluslaniarius": 0.9
		},
		"behaviors": [
			{"code": "repulseagents" },
			{"code": "controlledphysics","stepHeightByType": {"*":2.1251},"climbUpSpeed": 0.1,"climbDownSpeed": 0.1},
			{"code": "floatupwhenstuck","onlyWhenDead": true},
			{"code": "interpolateposition" },
			{"code": "harvestable","quantitySlots": 8},
			{ "code": "multiply", "enabledByType": { "*-adult-female-*": true, "*": false } },
			{"code": "despawn","minPlayerDistance": 8,"belowLightLevel": 8,"minSeconds": 300},
			{"code": "ropetieable","minGeneration": 2}
		],
		"animations": [
			{"code": "attack","animation": "Attack","animationSpeed": 1.2,"weight": 10,"blendMode": "AddAverage"},
			{"code": "die","animation": "Die","easeInSpeed": 3,"animationSpeed": 2.25,"weight": 10,"blendMode": "Average","triggeredBy": { "onControls": [ "dead" ] }},
			{"code": "eat","animation": "Eat","easeInSpeed": 2,"easeOutSpeed": 2,"blendMode": "Average"},
			{"code": "hurt","animation": "Hurt","animationSpeed": 2.2,"weight": 10,"blendMode": "AddAverage"},
			{"code": "idle","animation": "Idle","animationSpeed": 0.5,"blendMode": "AddAverage","easeOutSpeed": 4,"triggeredBy": { "defaultAnim": true }},
			{"code": "scream","animation": "Scream","easeInSpeed": 1.5,"easeOutSpeed": 1.5,"weight": 10,"blendMode": "AddAverage"},
			{"code": "sit","animation": "Sit","easeInSpeed": 2,"easeOutSpeed": 5,"blendMode": "Average"},
			{"code": "lie","animation": "Lie","easeInSpeed": 2,"easeOutSpeed": 5,"weight": 5,"blendMode": "Average"},
			{"code": "sleep","animation": "Sleep","easeInSpeed": 2,"easeOutSpeed": 5,"weight": 5,"blendMode": "Average"},
			{"code": "swim","animation": "Swim","supressDefaultAnimation": true,"blendMode": "Average"},
			{"code": "run","animation": "Run","easeInSpeed": 10,"supressDefaultAnimation": true,"blendMode": "Average"},
			{"code": "canter","animation": "Canter","easeInSpeed": 10,"supressDefaultAnimation": true,"blendMode": "Average"},
			{"code": "walk","animation": "Walk","easeInSpeed": 10,"supressDefaultAnimation": true,"blendMode": "Average"}
		]
	},
	"server": {
		"attributes": {
			"pathfinder": {
				"minTurnAnglePerSec": 0,
				"maxTurnAnglePerSecByType": { "*-adult-*": 650, "*-baby-*": 360}
			}
		},
		"behaviors": [
			{ "code": "repulseagents" },
			{"code": "controlledphysics","stepHeightByType": {"*":2.1251},"climbUpSpeed": 0.1,"climbDownSpeed": 0.1},
			{"code": "despawn","minPlayerDistance": 8,"belowLightLevel": 8,"minSeconds": 300},
			{"code": "health",
				"maxhealthByType": {
					"*-adult-*-sarcophilusharrisii": 4,
					"*-adult-*-sarcophiluslaniarius": 5
				}
			},
			{"code": "deaddecay",
				"hoursToDecay": 96,
				"decayedBlockByType": {
				"*-adult-*": "carcass-small"
				}
			},
			{"code": "floatupwhenstuck","onlyWhenDead": true},
			{"code": "harvestable",
				"quantitySlots": 8,
				"drops": [
					{
						"type": "item",
						"code": "game:bushmeat-raw",
						"quantityByType": {
							"*-adult-*-sarcophilusharrisii": {"avg": 1,"var": 0.5},
							"*-adult-*-sarcophiluslaniarius": {"avg": 1,"var": 0.5}
						}
					},
					{
						"type": "item",
						"code": "thylacinidae:pelt-{gender}-{type}",
						"quantityByType": {
							"*-adult-*": { "offset": 1, "avg": 0, "var": 0 },
							"*": {"avg": 0.0,"var": 0.0}
						}
					},
					{
						"type": "item",
						"code": "thylacinidae:creature-dasyuridae-baby-female-{type}",
						"quantityByType": {
							"*-adult-female-*": {"avg": 0.05,"var": 0.0},
							"*": {"avg": 0.0,"var": 0.0}
						}
					},
					{
						"type": "item",
						"code": "thylacinidae:creature-dasyuridae-baby-male-{type}",
						"quantityByType": {
							"*-adult-female-*": {"avg": 0.05,"var": 0.0},
							"*": {"avg": 0.0,"var": 0.0}
						}
					}
				]
			},
			{"code": "breathe" },
			{"code": "multiply",
				"enabledByType": {
					"*-adult-female-*": true,
					"*": false
				},
				"spawnEntityCodesByType": {
				"*-adult-female-*": [ { "code":"thylacinidae:dasyuridae-baby-female-{type}"}, {"code": "thylacinidae:dasyuridae-baby-male-{type}"} ]},
				"requiresNearbyEntityCodeByType": {
					"*-adult-female-*": "thylacinidae:dasyuridae-adult-male-{type}"},
				"requiresNearbyEntityRange": 10,
				"spawnQuantityMin": 1,
				"spawnQuantityMaxByType": {"*-sarcophilusharrisii": 4,"*-sarcophiluslaniarius": 4,"*": 3},
				"pregnancyDaysByType": {"*-sarcophilusharrisii": 24,"*-sarcophiluslaniarius": 24,"*": 28},
				"multiplyCooldownDaysMinByType": {"*": 9},
				"multiplyCooldownDaysMaxByType": {"*": 18},
				"portionsEatenForMultiplyByType": {"*": 4}
			},
			{"code": "emotionstates",
				"states": [
					{"code": "fleeondamage","duration": 60,"chance": 1,"slot": 2,"priority": 4,"accumType": "max","whenHealthRelBelow": 0.75},
					{"code": "fleeondamage","duration": 60,"slot": 2,"chanceByType": {"*-adult-*": 0.75},"priority": 1,"accumType": "max"},
					{"code": "aggressiveondamage","duration": 300,"chanceByType": {"*-adult-*-sarcophilusharrisii": 1,"*-adult-*-sarcophiluslaniarius": 1},"slot": 2,"priority": 3,"accumType": "noaccum"},
					{"code": "alarmherdondamage","chance": 1,"slot": 1,"priority": 1.5,"accumType": "max"},
					{"code": "saturated","duration": 2880,"chance": 1,"slot": 0,"priority": 1,"accumType": "sum"}
				]
			},
			{
				"code": "taskai",
				"aiCreatureType": "LandCreature",
				"aitasks": [
					{
						"code": "meleeattack",
						"animation": "Attack",
						"entityCodesByType": {
							"@.*-(sarcophilusharrisii|sarcophiluslaniarius)": ["player", "chicken-*", "deer-baby-*","fox-*","goat-baby-*","hare-*", "pig-wild-piglet", "raccoon-*","anatidae-*","apterygidae-*","aptornithidae-*","bovinae-carcass","caninae-canina-carcass","casuariidae-carcass","cervidae-alceini-carcass","dinornithidae-baby-*","dinornithidae-carcass","elephantidae-carcass","emeidae-baby-*","manidae-*","megalapterygidae-baby-*","nandiniidae-*","machairodontinae-carcass","meiolaniidae-baby-*","pantherinae-neofelis-carcass","pantherinae-panthera-carcass","procyonidae-*","rallidae-*","rhinocerotidae-carcass","spheniscidae-*","strigopidae-*","suidae-baby-*","viverridae-*","vombatidae-*" ]
						},
						"priority": 1.7,
						"damageByType": {
							"*-adult-*-sarcophilusharrisii":4,
							"*-adult-*-sarcophiluslaniarius":4
						},
						"damageType": "SlashingAttack",
						"damageTierByType": {"*": 1},
						"slot": 1,
						"mincooldown": 1500,
						"maxcooldown": 2500,
						"attackDurationMs": 1250,
						"damagePlayerAtMs": 500,
						"animationSpeed": 1,
						"whenNotInEmotionState": "aggressiveondamage",
						"soundByType": {
							"*-sarcophilusharrisii": "thylacinidae:creature/dasyuridae/sarcophilusharrisii/growl*",
							"*-sarcophiluslaniarius": "thylacinidae:creature/dasyuridae/sarcophilusharrisii/growl*"
						}
					},
					{
						"code": "meleeattack",
						"animation": "Attack",
						"entityCodes": ["player","bear-*","chicken-*","deer-*","drifter-*","fox-*","gazelle-*","goat-*","hare-*","hyena-*","moose-*","pig-*","raccoon-*","sheep-*","wolf-*","anatidae-*","antilopinae-*","apterygidae-*","aptornithidae-*","bovinae-*","caninae-*","caprinae-*","cervidae-*","dinornithidae-*","diprotodontidae-*","dromornithidae-*","elephantidae-*","emeidae-*","hyaenidae-*","machairodontinae-*","manidae-*","megalapterygidae-*","nandiniidae-*","pantherinae-*","procyonidae-*","rallidae-*","rhinocerotidae-*","spheniscidae-*","strigopidae-*","suidae-*","thylacoleonidae-*","ursidae-*","viverridae-*","vombatidae-*"],
						"priority": 1.9,
						"slot": 1,
						"damageByType": {
							"*-adult-*-sarcophilusharrisii":4,
							"*-adult-*-sarcophiluslaniarius":4
						},
						"knockbackStrengthByType": {"*":0.2},
						"damageType": "SlashingAttack",
						"damageTierByType": {"*":1},
						"mincooldown": 1500,
						"maxcooldown": 2500,
						"attackDurationMs": 1250,
						"damagePlayerAtMs": 500,
						"animationSpeed": 1.25,
						"whenInEmotionState": "aggressiveondamage",
						"soundByType": {
							"*-sarcophilusharrisii": "thylacinidae:creature/dasyuridae/sarcophilusharrisii/growl*",
							"*-sarcophiluslaniarius": "thylacinidae:creature/dasyuridae/sarcophilusharrisii/growl*"
						}
					},
					{
						"code": "fleeentity",
						"animation": "Run",
						"entityCodesByType": {
							"*": [ "player", "bear-*","bell-*","bowtorn-*","deer-*","drifter-*","goat-*","hyena-*", "moose-*", "pig-*","sheep-*","wolf-*", "antilopinae-adult-*","bovinae-*","caninae-canina-adult-*","caninae-cerdocyonina-adult-*", "caprinae-adult-*","cervidae-*","dinornithidae-adult-*","diprotodontidae-adult-*","dromornithidae-adult-*","elephantidae-*","hyaenidae-adult-*","machairodontinae-adult-*","pantherinae-panthera-adult-*","rhinocerotidae-adult-*", "suidae-adult-*","suidae-elder-*","thylacoleonidae-*","ursidae-adult-*"  ]
						},
						"priority": 1.53,
						"movespeedByType": {
							"*-adult-*-sarcophilusharrisii": 0.032,
							"*-adult-*-sarcophiluslaniarius": 0.032
						},
						"animationSpeedByType": {
							"*-adult-male-sarcophilusharrisii": 2,"*-adult-female-sarcophilusharrisii": 2.5,
							"*-adult-male-sarcophiluslaniarius": 1.7,"*-adult-female-sarcophiluslaniarius": 2.2,
							"*": 1
						},
						"seekingRange": 20,
						"whenInEmotionState": "fleeondamage"

					},
					{
						"code": "fleeentity",
						"animation": "Run",
						"entityCodesByType": {
							"*":["player","bear-*","bell-*","bowtorn-*","drifter-*","hyena-*","locust-*","moose-*","wolf-*","bovinae-adult-*","caninae-canina-adult-*","caninae-cerdocyonina-adult-*","dinornithidae-adult-*","diprotodontidae-adult-*","dromornithidae-adult-*","elephantidae-adult-*","machairodontinae-adult-*","pantherinae-neofelis-adult-*","pantherinae-panthera-adult-*", "rhinocerotidae-adult-*","thylacoleonidae-adult-*","ursidae-adult-*"  ]
						},
						"priority": 1.52,
						"movespeedByType": {
							"*-adult-*-sarcophilusharrisii": 0.032,
							"*-adult-*-sarcophiluslaniarius": 0.032
						},
						"animationSpeedByType": {
							"*-adult-male-sarcophilusharrisii": 2,"*-adult-female-sarcophilusharrisii": 2.5,
							"*-adult-male-sarcophiluslaniarius": 1.7,"*-adult-female-sarcophiluslaniarius": 2.2,
							"*": 1
						},
						"seekingRange": 10,
						"whenNotInEmotionState": "aggressiveondamage|fleeondamage"
					},
					{
						"code": "fleeentity",
						"animation": "Canter",
						"entityCodesByType": {
							"*":["player","bear-*","bell-*","bowtorn-*","drifter-*","hyena-*","locust-*","moose-*","wolf-*","bovinae-adult-*","caninae-canina-adult-*","caninae-cerdocyonina-adult-*","dinornithidae-adult-*","diprotodontidae-adult-*","dromornithidae-adult-*","elephantidae-adult-*","machairodontinae-adult-*","pantherinae-neofelis-adult-*","pantherinae-panthera-adult-*","rhinocerotidae-adult-*","thylacoleonidae-adult-*","ursidae-adult-*"  ]
						},
						"priority": 1.51,
						"movespeedByType": {
							"*-adult-*-sarcophilusharrisii": 0.016,
							"*-adult-*-sarcophiluslaniarius": 0.016
						},
						"animationSpeedByType": {
							"*-adult-male-sarcophilusharrisii": 2,"*-adult-female-sarcophilusharrisii": 2.5,
							"*-adult-male-sarcophiluslaniarius": 1.7,"*-adult-female-sarcophiluslaniarius": 2.2,
							"*": 1
						},
						"seekingRange": 25,
						"whenNotInEmotionState": "aggressiveondamage|fleeondamage"
					},
					{
						"code": "seekentity",
						"animation": "Canter",
						"entityCodesByType": {
							"@.*-(sarcophilusharrisii|sarcophiluslaniarius)": ["player", "chicken-*", "deer-baby-*","fox-*","goat-baby-*","hare-*", "pig-wild-piglet", "raccoon-*","anatidae-*","apterygidae-*","aptornithidae-*","bovinae-carcass","caninae-canina-carcass","casuariidae-carcass","cervidae-alceini-carcass","dinornithidae-baby-*","dinornithidae-carcass","dromornithidae-baby-*","elephantidae-carcass","emeidae-baby-*","manidae-*","megalapterygidae-baby-*","nandiniidae-*","machairodontinae-carcass","meiolaniidae-baby-*","pantherinae-neofelis-carcass","pantherinae-panthera-carcass","procyonidae-*","rallidae-*","rhinocerotidae-carcass","spheniscidae-*","strigopidae-*","suidae-baby-*","viverridae-*","vombatidae-*"]}, 
						"priority": 1.5,
						"movespeedByType": {
							"*-adult-*-sarcophilusharrisii": 0.016,
							"*-adult-*-sarcophiluslaniarius": 0.016
						},
						"animationSpeedByType": {
							"*-adult-male-sarcophilusharrisii": 2,"*-adult-female-sarcophilusharrisii": 2.5,
							"*-adult-male-sarcophiluslaniarius": 1.7,"*-adult-female-sarcophiluslaniarius": 2.2,
							"*": 1
						},
						"extraTargetDistance": 0.5,
						"seekingRange": 6,
						"leapAtTarget": false,
						"leapAnimation": null,
						"soundByType": {
							"*-sarcophilusharrisii": "thylacinidae:creature/dasyuridae/sarcophilusharrisiihiss*",
							"*-sarcophiluslaniarius": "thylacinidae:creature/dasyuridae/lynxgrowl*"
						},
						"whenNotInEmotionState": "aggressiveondamage|fleeondamage|saturated"
					},
					{
						"code": "seekentity",
						"animation": "Canter",
						"entityCodesByType": {
							"@.*-(sarcophilusharrisii|sarcophiluslaniarius)": ["bovinae-carcass","caninae-canina-carcass","casuariidae-carcass","cervidae-alceini-carcass","dinornithidae-carcass","elephantidae-carcass","machairodontinae-carcass","pantherinae-neofelis-carcass","pantherinae-panthera-carcass","rhinocerotidae-carcass"]
						},
						"priority": 1.49,
						"movespeedByType": {
							"*-adult-*-sarcophilusharrisii": 0.016,
							"*-adult-*-sarcophiluslaniarius": 0.016
						},
						"animationSpeedByType": {
							"*-adult-male-sarcophilusharrisii": 2,"*-adult-female-sarcophilusharrisii": 2.5,
							"*-adult-male-sarcophiluslaniarius": 1.7,"*-adult-female-sarcophiluslaniarius": 2.2,
							"*": 1
						},
						"extraTargetDistance": 0.5,
						"seekingRange": 100,
						"whenNotInEmotionState": "aggressiveondamage|fleeondamage|saturated"
					},
					{
						"code": "getoutofwater",
						"animation": "Swim",
						"priority": 1.4,
						"movespeedByType": {
							"*-adult-*": 0.02
						},
						"animationSpeed": 1.5
					},
					{
						"code": "seekentity",
						"animation": "Scream",
						"entityCodesByType": {
							"@.*-(sarcophilusharrisii|sarcophiluslaniarius)": ["dasyuridae-adult-female-sarcophilusharrisii","dasyuridae-adult-male-sarcophilusharrisii","dasyuridae-adult-female-sarcophiluslaniarius","dasyuridae-adult-male-sarcophiluslaniarius"]
						},
						"priority": 1.35,
						"priorityForCancel": 1.4,
						"movespeedByType": {
							"*-adult-*-sarcophilusharrisii": 0.0001,
							"*-adult-*-sarcophiluslaniarius": 0.0001
						},
						"animationSpeedByType": {
							"*-adult-male-sarcophilusharrisii": 1.8,"*-adult-female-sarcophilusharrisii": 2,
							"*-adult-male-sarcophiluslaniarius": 1.6,"*-adult-female-sarcophiluslaniarius": 1.8,
							"*": 1
						},
						"mincooldown": 4800,
						"maxcooldown": 9600,
						"seekingRange": 4,
						"whenNotInEmotionState": "aggressiveondamage|fleeondamage",
						"soundByType": {
							"*-sarcophilusharrisii": "thylacinidae:creature/dasyuridae/sarcophilusharrisii/growl*",
							"*-sarcophiluslaniarius": "thylacinidae:creature/dasyuridae/sarcophilusharrisii/growl*"
						}
					},
					{
						"code": "getoutofwater",
						"animation": "Swim",
						"priority": 1.4,
						"movespeedByType": {
							"*-adult-*": 0.02
						},
						"animationSpeed": 1.5
					},
					{
						"code": "seekentity",
						"animation": "Run",
						"entityCodes": [ "player" ],
						"priority": 1.51,
						"movespeedByType": {
							"*-adult-*-sarcophilusharrisii": 0.032,
							"*-adult-*-sarcophiluslaniarius": 0.032
						},
						"animationSpeedByType": {
							"*-adult-male-sarcophilusharrisii": 2,"*-adult-female-sarcophilusharrisii": 2.5,
							"*-adult-male-sarcophiluslaniarius": 1.7,"*-adult-female-sarcophiluslaniarius": 2.2,
							"*": 1
						},
						"seekingRange": 10,
						"leapAtTarget": true,
						"leapAnimation": null,
						"leapChance": 0.1,
						"soundByType": {
							"*-sarcophilusharrisii": "thylacinidae:creature/dasyuridae/sarcophilusharrisii/growl*",
							"*-sarcophiluslaniarius": "thylacinidae:creature/dasyuridae/sarcophilusharrisii/growl*"
						},
						"whenInEmotionState": "aggressiveondamage"
					},
					{
						"code": "idle",
						"animation": "Sit",
						"priority": 1.2,
						"minduration": 6000,
						"maxduration": 24000,
						"mincooldown": 48000,
						"maxcooldown": 96000,
						"chance": 0.7,
						"priorityForCancel": 1.28,
						"stopOnNearbyEntityCodes": [  "player","bear-*","bell-*","drifter-*","hyena-*","locust-*", "wolf-*", "caninae-canina-adult-*","caninae-cerdocyonina-adult-*", "machairodontinae-adult-*","pantherinae-neofelis-adult-*", "pantherinae-panthera-adult-*"  ],
						"stopRange": 10,
						"animationSpeed": 0.5,
						"stopOnHurt": true,
						"whenNotInEmotionState": "aggressiveondamage|fleeondamage"
					},
					{
						"code": "idle",
						"animation": "Lie",
						"priority": 1.2,
						"minduration": 6000,
						"maxduration": 24000,
						"mincooldown": 48000,
						"maxcooldown": 96000,
						"chance": 0.5,
						"priorityForCancel": 1.28,
						"stopOnNearbyEntityCodes": [  "player","bear-*","bell-*","drifter-*","hyena-*","locust-*", "wolf-*", "caninae-canina-adult-*","caninae-cerdocyonina-adult-*", "machairodontinae-adult-*","pantherinae-neofelis-adult-*", "pantherinae-panthera-adult-*"  ],
						"stopRange": 10,
						"animationSpeed": 0.5,
						"stopOnHurt": true,
						"whenNotInEmotionState": "aggressiveondamage|fleeondamage"
					},
					{
						"code": "idle",
						"animation": "Sleep",
						"priority": 1.25,
						"minduration": 200000,
						"maxduration": 800000,
						"mincooldown": 1000,
						"maxcooldown": 3000,
						"chance": 0.5,
						"animationSpeed": 0.3,
						"whenNotInEmotionState": "aggressiveondamage|fleeondamage",
						"duringDayTimeFramesByType": {
							"*":[{"fromHour": 9,"toHour": 11},{"fromHour": 12,"toHour": 14},{"fromHour": 15,"toHour": 17},{"fromHour": 18,"toHour": 20}]},
						"stopOnNearbyEntityCodes": [ "player" ],
						"stopRange": 1,
						"stopOnHurt": true
					},
					{
						"code": "seekfoodandeat",
						"animation": "Walk",
						"eatAnimation": "Eat",
						"movespeedByType": {
							"*-adult-*-sarcophilusharrisii": 0.004,
							"*-adult-*-sarcophiluslaniarius": 0.004
						},
						"animationSpeedByType": {
							"*-adult-male-sarcophilusharrisii": 1,"*-adult-female-sarcophilusharrisii": 1.25,
							"*-adult-male-sarcophiluslaniarius": 0.85,"*-adult-female-sarcophiluslaniarius": 1.1,
							"*": 1
						},
						"priority": 1.24,
						"priorityForCancel": 1.28,
						"eatSoundByType": {"*":"game:creature/animal-eat-small"},
						"eatTime": 1.5,
						"eatLooseItems": true,
						"mincooldownHours": 1,
						"maxcooldownHours": 4,
						"whenNotInEmotionState": "aggressiveondamage|fleeondamage"
					},
					{
						"code": "idle",
						"animation": "Scream",
						"priority": 1.0,
						"priorityForCancel": 1.35,
						"minduration": 6000,
						"maxduration": 6001,
						"chance": 0.2,
						"mincooldown": 8000,
						"maxcooldown": 50000,
						"animationSpeedByType": {
							"*": 0.5
						},
						"whenNotInEmotionState": "aggressiveondamage|fleeondamage",
						"SoundByType": {
							"*adult-*-sarcophilusharrisii": "thylacinidae:creature/dasyuridae/sarcophilusharrisii/call*",
							"*adult-*-sarcophiluslaniarius": "thylacinidae:creature/dasyuridae/sarcophilusharrisii/call*"
						},
						"soundRangeByType": {
							"*": 32
						}
					},
					{
						"code": "wander",
						"animation": "Walk",
						"priority": 1.0,
						"priorityForCancel": 1.35,
						"wanderChance": 0.5,
						"movespeedByType": {
							"*-adult-*-sarcophilusharrisii": 0.004,
							"*-adult-*-sarcophiluslaniarius": 0.004
						},
						"animationSpeedByType": {
							"*-adult-male-sarcophilusharrisii": 1,"*-adult-female-sarcophilusharrisii": 1.25,
							"*-adult-male-sarcophiluslaniarius": 0.85,"*-adult-female-sarcophiluslaniarius": 1.1,
							"*": 1
						},
						"preferredLightLevel": 12,
						"wanderRangeMaxByType": {"*-sarcophilusharrisii":5,"*-sarcophiluslaniarius":5},
						"whenNotInEmotionState": "aggressiveondamage|fleeondamage"
					},
					{
						"code": "wander",
						"animation": "Canter",
						"priority": 1.0,
						"priorityForCancel": 1.35,
						"wanderChance": 0.5,
						"movespeedByType": {
							"*-adult-*-sarcophilusharrisii": 0.016,
							"*-adult-*-sarcophiluslaniarius": 0.016
						},
						"animationSpeedByType": {
							"*-adult-male-sarcophilusharrisii": 2,"*-adult-female-sarcophilusharrisii": 2.5,
							"*-adult-male-sarcophiluslaniarius": 1.7,"*-adult-female-sarcophiluslaniarius": 2.2,
							"*": 1
						},
						"preferredLightLevel": 12,
						"wanderRangeMinByType": {"*-sarcophilusharrisii":5,"*-sarcophiluslaniarius":5},
						"whenNotInEmotionState": "aggressiveondamage|fleeondamage"
					},
					{
						"code": "lookaround",
						"priority": 0.5,
						"animationSpeed": 0.75,
						"whenNotInEmotionState": "aggressiveondamage|fleeondamage"
					}
				]
			},
			{"code": "ropetieable","minGeneration": 2},
			{"code": "pettable","minGeneration": 1}
		],
		"spawnconditions": {
			"worldgen": {
			"tryOnlySurface": true,	
			"groupSizeByType": {
					"dasyuridae-adult-female-*": { "dist": "uniform", "avg": 3, "var": 2.0 },
					"dasyuridae-adult-male-*": { "dist": "uniform", "avg": 1.0, "var": 0.0 }
			},
			"insideBlockCodes":["game:air", "game:gravel-*","game:leaves-*", "game:sand-*", "game:snow-*","game:soil-*","game:tallgrass-*"],
			"companionsByType": {
				"*-adult-female-*":["thylacinidae:dasyuridae-baby-female-{type}","thylacinidae:dasyuridae-baby-male-{type}"],
				"*-adult-male-*":["thylacinidae:dasyuridae-adult-female-{type}"]}
		},
			"runtime": {
				"group": "neutral",
				"tryOnlySurface": true,
				"maxQuantityByGroup": { "code": "dasyuridae-*", "maxQuantity": 2 },
				"chanceByType": {
					"*-adult-female-sarcophilusharrisii": 0.0001,"*-adult-male-sarcophilusharrisii": 0.0001,
					"*-adult-female-sarcophiluslaniarius": 0.0001,"*-adult-male-sarcophiluslaniarius": 0.0001,
					"*": 0.0
				},
				"mindistancetoplayer": 50,
				"maxLightLevel": 7,
				"lightLevelType": "onlyBlockLight",	
				"spawnCapPlayerScaling": 0.0,	
				"groupSizeByType": {
					"dasyuridae-adult-female-*": { "dist": "uniform", "avg": 3, "var": 2.0 },
					"dasyuridae-adult-male-*": { "dist": "uniform", "avg": 1.0, "var": 0.0 }
				},
				"insideBlockCodes": [ "game:air", "game:gravel-*","game:leaves-*", "game:sand-*", "game:snow-*","game:soil-*","game:tallgrass-*" ],
				"companionsByType": {
				"*-adult-female-*":["thylacinidae:dasyuridae-baby-female-{type}","thylacinidae:dasyuridae-baby-male-{type}"],
				"*-adult-male-*":["thylacinidae:dasyuridae-adult-female-{type}"]}
			}
		},
		"spawnconditionsByType": {
			"dasyuridae-adult-*-sarcophilusharrisii": {
				"climate": {
					"minTemp": 10,
					"maxTemp": 30,
					"minRain": 0.1,
					"maxRain": 0.8,
					"minForestOrShrubs": 0.3,
					"maxForest": 1.0,
					"maxShrubs": 1.0,
					"minY": 1.0,
					"maxY": 1.4				
				},
				"worldgen": {
					"triesPerChunk": { "avg": 0.001, "var": 0}
				}
			},
			"dasyuridae-adult-*-sarcophiluslaniarius": {
				"climate": {
					"minTemp": 14,
					"maxTemp": 30,
					"minRain": 0.1,
					"maxRain": 0.8,
					"minForestOrShrubs": 0.2,
					"maxForest": 1.0,
					"maxShrubs": 1.0,
					"minY": 1.0,
					"maxY": 1.4					
				},
				"worldgen": {
					"triesPerChunk": { "avg": 0.001, "var": 0}
				}
			}
		}
	},
	"soundsByType": {
		"*-adult-*-sarcophilusharrisii":{"hurt": "creature/dasyuridae/sarcophilusharrisii/growl*","death": "creature/dasyuridae/sarcophilusharrisii/idle1","idle": "creature/dasyuridae/sarcophilusharrisii/idle*"},
		"*-adult-*-sarcophiluslaniarius":{"hurt": "creature/dasyuridae/sarcophilusharrisii/growl*","death": "creature/dasyuridae/sarcophilusharrisii/idle1","idle": "creature/dasyuridae/sarcophilusharrisii/idle*"}
	},
	"idleSoundRangeByType": {
		"*-adult-*": 24
	},
	"idleSoundChanceByType": {
		"*-adult-*":0.1
	}
}