﻿[
    {
        "side": "server",
        "file": "game:entities/animal/bird/chicken-baby",
        "op": "add",
        "path": "/server/behaviors/-",
        "value": {
            "code": "EntityFootprintsBehaviorSync",
            "attributes": {
                "texture": "chicken",
                "stepDistance": 0.25
            }
        }
    },
    {
        "side": "server",
        "file": "game:entities/animal/bird/chicken-baby",
        "op": "add",
        "path": "/client/behaviors/-",
        "value": {
            "code": "EntityFootprintsBehavior",
            "attributes": {
                "texture": "chicken",
                "stepDistance": 0.25
            }
        }
    },
    {
        "side": "server",
        "file": "game:entities/animal/bird/chicken-adult",
        "op": "add",
        "path": "/server/behaviors/-",
        "value": {
            "code": "EntityFootprintsBehaviorSync",
            "attributes": {
                "texture": "chicken",
                "stepDistance": 0.25
            }
        }
    },
    {
        "side": "server",
        "file": "game:entities/animal/bird/chicken-adult",
        "op": "add",
        "path": "/client/behaviors/-",
        "value": {
            "code": "EntityFootprintsBehavior",
            "attributes": {
                "texture": "chicken",
                "stepDistance": 0.25
            }
        }
    }
]