﻿[
    {
        "side": "server",
        "file": "game:entities/animal/mammal/hare-baby",
        "op": "add",
        "path": "/server/behaviors/-",
        "value": {
            "code": "EntityFootprintsBehaviorSync",
            "attributes": {
                "texture": "hare",
                "stepDistance": 0.6
            }
        }
    },
    {
        "side": "server",
        "file": "game:entities/animal/mammal/hare-baby",
        "op": "add",
        "path": "/client/behaviors/-",
        "value": {
            "code": "EntityFootprintsBehavior",
            "attributes": {
                "texture": "hare",
                "stepDistance": 0.6
            }
        }
    },
    {
        "side": "server",
        "file": "game:entities/animal/mammal/hare-adult",
        "op": "add",
        "path": "/server/behaviors/-",
        "value": {
            "code": "EntityFootprintsBehaviorSync",
            "attributes": {
                "texture": "hare",
                "stepDistance": 0.6
            }
        }
    },
    {
        "side": "server",
        "file": "game:entities/animal/mammal/hare-adult",
        "op": "add",
        "path": "/client/behaviors/-",
        "value": {
            "code": "EntityFootprintsBehavior",
            "attributes": {
                "texture": "hare",
                "stepDistance": 0.6
            }
        }
    }
]