﻿[
    {
        "side": "server",
        "file": "game:entities/animal/mammal/wolf-baby",
        "op": "add",
        "path": "/server/behaviors/-",
        "value": {
            "code": "EntityFootprintsBehaviorSync",
            "attributes": {
                "texture": "wolf",
                "stepDistance": 1.0
            }
        }
    },
    {
        "side": "server",
        "file": "game:entities/animal/mammal/wolf-baby",
        "op": "add",
        "path": "/client/behaviors/-",
        "value": {
            "code": "EntityFootprintsBehavior",
            "attributes": {
                "texture": "wolf",
                "stepDistance": 1.0
            }
        }
    },
    {
        "side": "server",
        "file": "game:entities/animal/mammal/wolf-adult",
        "op": "add",
        "path": "/server/behaviors/-",
        "value": {
            "code": "EntityFootprintsBehaviorSync",
            "attributes": {
                "texture": "wolf",
                "stepDistance": 1.0
            }
        }
    },
    {
        "side": "server",
        "file": "game:entities/animal/mammal/wolf-adult",
        "op": "add",
        "path": "/client/behaviors/-",
        "value": {
            "code": "EntityFootprintsBehavior",
            "attributes": {
                "texture": "wolf",
                "stepDistance": 1.0
            }
        }
    }
]