{
  "code": "headmount",
	"maxstacksize": 4,
  "variantgroups": [
    {"code": "tribe","states": [ "canina","cerdocyonina","urocyonini","vulpini" ]},
    {"code": "type","states": [ "baby","female","male" ]},
    {"code": "genus","states": [ "aenocyon","canis","cuon","cynotherium","lupulella","lycaon","atelocynus","cerdocyon","chrysocyon","dusicyon","lycalopex","speothos","urocyon","nyctereutes","otocyon","vulpes" ]},
    {"code": "species","states": [ "dirus","aureus","familiaris","latrans","lupastor","lupus","lupusarctos","lupusdingo","lycaon","rufus","simensis","alpinus","sardous","adusta","mesomelas","pictus","microtis","thous","brachyurus","australis","avus","culpaeus","fulvipes","griseus","gymnocercus","sechurae","vetulus","pacivorus","venaticus","cinereoargenteus","littoralis","procyonoides","viverrinus","megalotis","bengalensis","cana","chama","corsac","ferrilata","lagopus","macrotis","pallida","rueppellii","velox","vulpes","zerda" ]}
  ],
	"allowedVariants": [
		"*-canina-*-aenocyon-dirus",
		"*-canina-*-canis-aureus",
		"*-canina-*-canis-familiaris",
		"*-canina-*-canis-latrans",
		"*-canina-*-canis-lupastor",
		"*-canina-*-canis-lupus",
		"*-canina-*-canis-lupusarctos",
		"*-canina-*-canis-lupusdingo",
		"*-canina-*-canis-lycaon",
		"*-canina-*-canis-rufus",
		"*-canina-*-canis-simensis",
		"*-canina-*-cuon-alpinus",
		"*-canina-*-cynotherium-sardous",
		"*-canina-*-lupulella-adusta",
		"*-canina-*-lupulella-mesomelas",
		"*-canina-*-lycaon-pictus",
		"*-cerdocyonina-*-atelocynus-microtis",
		"*-cerdocyonina-*-cerdocyon-thous",
		"*-cerdocyonina-*-chrysocyon-brachyurus",
		"*-cerdocyonina-*-dusicyon-australis",
		"*-cerdocyonina-*-dusicyon-avus",
		"*-cerdocyonina-*-lycalopex-culpaeus",
		"*-cerdocyonina-*-lycalopex-fulvipes",
		"*-cerdocyonina-*-lycalopex-griseus",
		"*-cerdocyonina-*-lycalopex-gymnocercus",
		"*-cerdocyonina-*-lycalopex-sechurae",
		"*-cerdocyonina-*-lycalopex-vetulus",
		"*-cerdocyonina-*-speothos-pacivorus",
		"*-cerdocyonina-*-speothos-venaticus",
		"*-urocyonini-*-urocyon-cinereoargenteus",
		"*-urocyonini-*-urocyon-littoralis",
		"*-vulpini-*-nyctereutes-procyonoides",
		"*-vulpini-*-nyctereutes-viverrinus",
		"*-vulpini-*-otocyon-megalotis",
		"*-vulpini-*-vulpes-bengalensis",
		"*-vulpini-*-vulpes-cana",
		"*-vulpini-*-vulpes-chama",
		"*-vulpini-*-vulpes-corsac",
		"*-vulpini-*-vulpes-ferrilata",
		"*-vulpini-*-vulpes-lagopus",
		"*-vulpini-*-vulpes-macrotis",
		"*-vulpini-*-vulpes-pallida",
		"*-vulpini-*-vulpes-rueppellii",
		"*-vulpini-*-vulpes-velox",
		"*-vulpini-*-vulpes-vulpes",
		"*-vulpini-*-vulpes-zerda"
	],
  "attributes": {
    "handbook": {
      "groupBy": [ "headmount-*" ]
    },
		"antlerMountableByType": {
			"*": true
		},
		"onAntlerMountTransformByType": {	
			"*": {
				"translation": { "x": -0.9, "y": 0, "z": 0 },
				"rotation": { "x": 0, "y": 180, "z": 0 },
				"origin": { "x": 1, "y": 0.5, "z": 0.5 }
			}			
		}
  },
  "shapebytype": {
    "*": {
      "base": "block/{tribe}/headmount-{species}-{type}"
    }
  },
  "creativeinventory": {"general": [ "*" ], "decorative": [ "*" ]
  },
  "texturesByType": {
    "*-baby-canis-familiaris": {"skin": {"base": "entity/animal/mammal/canis/latrans-baby"}},
    "*-baby-canis-lupastor": {"skin": {"base": "entity/animal/mammal/canis/aureus-baby"}},
    "*-baby-canis-lupus": {"skin": {"base": "entity/animal/mammal/canis/latrans-baby"}},
    "*-baby-canis-lycaon": {"skin": {"base": "entity/animal/mammal/canis/latrans-baby"}},
    "*-baby-canis-rufus": {"skin": {"base": "entity/animal/mammal/canis/latrans-baby"}},
    "*-baby-cuon-alpinus": {"skin": {"base": "entity/animal/mammal/canis/simensis-baby"}},
    "*-baby-cynotherium-sardous": {"skin": {"base": "entity/animal/mammal/canis/lupusdingo-baby"}},
    "*-baby-lupulella-*": {"skin": {"base": "entity/animal/mammal/aenocyon/dirus-baby"}},
    "*-baby-dusicyon-avus": {"skin": {"base": "entity/animal/mammal/dusicyon/australis-baby"}},
    "*-baby-lycalopex-griseus": {"skin": {"base": "entity/animal/mammal/vulpes/corsac-baby"}},
    "*-baby-lycalopex-gymnocercus": {"skin": {"base": "entity/animal/mammal/vulpes/pallida-baby"}},
    "*-baby-lycalopex-sechurae": {"skin": {"base": "entity/animal/mammal/vulpes/macrotis-baby"}},
    "*-baby-lycalopex-vetulus": {"skin": {"base": "entity/animal/mammal/vulpes/macrotis-baby"}},
    "*-baby-speothos-pacivorus": {"skin": {"base": "entity/animal/mammal/speothos/venaticus-baby"}},
    "*-baby-nyctereutes-viverrinus": {"skin": {"base": "entity/animal/mammal/nyctereutes/procyonoides-baby"}},
    "*-baby-vulpes-cana": {"skin": {"base": "entity/animal/mammal/vulpes/bengalensis-baby"}},
    "*-baby-vulpes-ferrilata": {"skin": {"base": "entity/animal/mammal/vulpes/macrotis-baby"}},
    "*-baby-vulpes-rueppellii": {"skin": {"base": "entity/animal/mammal/vulpes/pallida-baby"}},
    "*-baby-vulpes-velox": {"skin": {"base": "entity/animal/mammal/vulpes/corsac-baby"}},
    "*-baby-urocyon-littoralis": {"skin": {"base": "entity/animal/mammal/urocyon/cinereoargenteus-baby"}},
    "*-baby-*": {"skin": {"base": "entity/animal/mammal/{genus}/{species}-baby"}},
    "*-female-*": {"skin": {"base": "entity/animal/mammal/{genus}/{species}-adult"}},
    "*-male-*": {"skin": {"base": "entity/animal/mammal/{genus}/{species}-adult"}}
  },
  "combustibleProps": {
    "burnTemperature": 400,
    "burnDuration": 10
  },
  "sounds": {
    "place": "game:block/cloth",
    "walk": "game:walk/cloth"
  },
  "guiTransformByType": {
    "*-canina-baby-*": {
     "translation": {"x": 0,"y": 3,"z": 0},
    "rotation": {"x": 0,"y": -60,"z": 180},
    "origin": {"x": 1,"y": 0.6,"z": 0.5},
    "scale": 6.0
      },
    "*-canina-*": {
     "translation": {"x": 0,"y": 3,"z": 0},
    "rotation": {"x": 0,"y": -60,"z": 180},
    "origin": {"x": 1,"y": 0.6,"z": 0.5},
    "scale": 2.0
      },
    "*-cerdocyonina-baby-*": {
     "translation": {"x": 0,"y": 3,"z": 0},
    "rotation": {"x": 0,"y": -60,"z": 180},
    "origin": {"x": 1,"y": 0.6,"z": 0.5},
    "scale": 7.0
      },
    "*-cerdocyonina-*": {
     "translation": {"x": 0,"y": 3,"z": 0},
    "rotation": {"x": 0,"y": -60,"z": 180},
    "origin": {"x": 1,"y": 0.6,"z": 0.5},
    "scale": 2.5
      },
    "*-urocyonini-baby-*": {
     "translation": {"x": 0,"y": 3,"z": 0},
    "rotation": {"x": 0,"y": -60,"z": 180},
    "origin": {"x": 1,"y": 0.6,"z": 0.5},
    "scale": 7.0
      },
    "*-urocyonini-*": {
     "translation": {"x": 0,"y": 3,"z": 0},
    "rotation": {"x": 0,"y": -60,"z": 180},
    "origin": {"x": 1,"y": 0.6,"z": 0.5},
    "scale": 3.5
      },
    "*-vulpini-baby-*": {
     "translation": {"x": 0,"y": 3,"z": 0},
    "rotation": {"x": 0,"y": -60,"z": 180},
    "origin": {"x": 1,"y": 0.6,"z": 0.5},
    "scale": 6.0
      },
    "*-vulpini-*": {
     "translation": {"x": 0,"y": 3,"z": 0},
    "rotation": {"x": 0,"y": -60,"z": 180},
    "origin": {"x": 1,"y": 0.6,"z": 0.5},
    "scale": 3.5
      },
    "*": {
     "translation": {"x": 0,"y": 3,"z": 0},
    "rotation": {"x": 0,"y": -60,"z": 180},
    "origin": {"x": 1,"y": 0.6,"z": 0.5},
    "scale": 1.0
      }
  },
  "groundTransform": {
    "translation": {"x": 0.5,"y": 0,"z": 0},
    "rotation": {"x": 0,"y": 135,"z": 0},
    "origin": {"x": 0.5,"y": -0.02,"z": 0.5},
    "scale": 1
  },
  "tpHandTransform": {
    "translation": {"x": -0.55,"y": -0.6,"z": -0.15},
    "rotation": {"x": 0,"y": 0,"z": 0},
    "origin": {"x": 0.5,"y": 0.5,"z": 0.1},
    "scale": 1.0
  },
  "fpHandTransform": {
    "rotation": {"x": 0,"y": 0,"z": 0},
    "origin": {"x": 0.5,"y": -1,"z": 1.5}
  },
  "materialDensity": 200
}