{
	"editor": {
		"collapsedPaths": ",Root/origin 1,Root/Riftbeam1,Root/origin 2,Root/node/origin,Root/node/origin2,Root/Web9,Root/origin 1/centerd,Root/origin 3c,Root/origin,Root/origin2,Root/Web5",
		"allAngles": false,
		"entityTextureMode": false
	},
	"textureWidth": 16,
	"textureHeight": 16,
	"textureSizes": {
		"normal4": [16,16],
		"thorns": [16,16]
	},
	"textures": {

		"grass1": "game:block/devastation/grass1",
		"grass3": "game:block/devastation/grass3",
		"grass5": "game:block/devastation/grass5",
		"shriketree": "game:block/devastation/shriketree"
	},
	"elements": [
		{
			"name": "node",
			"from": [ -0.8, 0.0, 7.2 ],
			"to": [ 0.0, 0.8, 8.0 ],
			"rotationOrigin": [ -0.8, 0.0, 7.2 ],
			"rotationY": 35.0,
			"faces": {
				"north": { "texture": "#null", "uv": [ 0.0, 0.0, 1.0, 1.0 ], "autoUv": false, "enabled": false },
				"east": { "texture": "#null", "uv": [ 0.0, 0.0, 1.0, 1.0 ], "autoUv": false, "windMode": [-1,-1,-1,-1], "enabled": false },
				"south": { "texture": "#null", "uv": [ 0.0, 0.0, 1.0, 1.0 ], "autoUv": false, "windMode": [-1,-1,-1,-1], "enabled": false },
				"west": { "texture": "#null", "uv": [ 0.0, 0.0, 1.0, 1.0 ], "autoUv": false, "windMode": [-1,-1,-1,-1], "enabled": false },
				"up": { "texture": "#null", "uv": [ 0.0, 0.0, 1.0, 1.0 ], "autoUv": false, "windMode": [-1,-1,-1,-1], "enabled": false },
				"down": { "texture": "#null", "uv": [ 0.0, 0.0, 1.0, 1.0 ], "autoUv": false, "windMode": [-1,-1,-1,-1], "enabled": false }
			},
			"children": [
				{
					"name": "origin",
					"from": [ 11.2, 0.0, 2.4 ],
					"to": [ 11.2, 0.0, 2.4 ],
					"rotationOrigin": [ 11.2, 0.0, 2.4 ],
					"rotationY": -7.0,
					"faces": {
						"north": { "texture": "#shriketree", "uv": [ 0.0, 0.0, 0.5, 0.5 ], "autoUv": false, "enabled": false },
						"east": { "texture": "#shriketree", "uv": [ 0.0, 0.0, 0.5, 0.5 ], "autoUv": false, "enabled": false },
						"south": { "texture": "#shriketree", "uv": [ 0.0, 0.0, 0.5, 0.5 ], "autoUv": false, "enabled": false },
						"west": { "texture": "#shriketree", "uv": [ 0.0, 0.0, 0.5, 0.5 ], "autoUv": false, "enabled": false },
						"up": { "texture": "#shriketree", "uv": [ 0.0, 0.0, 0.5, 0.5 ], "autoUv": false, "enabled": false },
						"down": { "texture": "#shriketree", "uv": [ 0.0, 0.0, 0.5, 0.5 ], "autoUv": false, "enabled": false }
					},
					"children": [
						{
							"name": "spike1",
							"from": [ -2.4, -0.72, 4.0 ],
							"to": [ 0.8, 8.08, 7.2 ],
							"rotationOrigin": [ -1.6, -0.72, 4.8 ],
							"rotationX": -39.0,
							"rotationZ": -17.0,
							"faces": {
								"north": { "texture": "#shriketree", "uv": [ 7.5, 1.0, 11.5, 12.0 ], "autoUv": false },
								"east": { "texture": "#shriketree", "uv": [ 6.0, 2.5, 10.0, 13.5 ], "autoUv": false },
								"south": { "texture": "#shriketree", "uv": [ 6.0, 1.0, 10.0, 12.0 ], "autoUv": false },
								"west": { "texture": "#shriketree", "uv": [ 6.0, 4.0, 10.0, 15.0 ], "autoUv": false },
								"up": { "texture": "#shriketree", "uv": [ 4.5, 1.5, 8.5, 5.5 ], "autoUv": false },
								"down": { "texture": "#shriketree", "uv": [ 10.5, 10.0, 14.5, 14.0 ], "autoUv": false }
							},
							"children": [
								{
									"name": "Cube2",
									"from": [ 0.24, 8.24, 0.4 ],
									"to": [ 3.04, 13.84, 3.2 ],
									"rotationOrigin": [ 0.84, 8.64, 0.92 ],
									"rotationX": 6.0,
									"rotationZ": -14.0,
									"faces": {
										"north": { "texture": "#shriketree", "uv": [ 11.0, 2.0, 14.5, 9.0 ], "autoUv": false },
										"east": { "texture": "#shriketree", "uv": [ 1.5, 6.0, 5.0, 13.0 ], "autoUv": false },
										"south": { "texture": "#shriketree", "uv": [ 5.0, 2.0, 8.5, 9.0 ], "autoUv": false },
										"west": { "texture": "#shriketree", "uv": [ 4.5, 1.5, 8.0, 8.5 ], "autoUv": false },
										"up": { "texture": "#shriketree", "uv": [ 9.0, 9.0, 12.5, 12.5 ], "autoUv": false },
										"down": { "texture": "#shriketree", "uv": [ 0.0, 0.0, 3.5, 3.5 ], "autoUv": false, "enabled": false }
									},
									"children": [
										{
											"name": "Cube3",
											"from": [ 0.32, 5.36, 0.16 ],
											"to": [ 2.72, 16.56, 2.56 ],
											"rotationOrigin": [ 0.72, 5.6, 0.56 ],
											"rotationZ": 17.0,
											"faces": {
												"north": { "texture": "#shriketree", "uv": [ 11.0, 1.0, 14.0, 15.0 ], "autoUv": false },
												"east": { "texture": "#shriketree", "uv": [ 10.0, 1.5, 13.0, 15.5 ], "autoUv": false },
												"south": { "texture": "#shriketree", "uv": [ 5.5, 1.5, 8.5, 15.5 ], "autoUv": false },
												"west": { "texture": "#shriketree", "uv": [ 4.5, 0.5, 7.5, 14.5 ], "autoUv": false },
												"up": { "texture": "#shriketree", "uv": [ 4.0, 10.5, 7.0, 13.5 ], "autoUv": false },
												"down": { "texture": "#shriketree", "uv": [ 0.0, 0.0, 3.0, 3.0 ], "autoUv": false, "enabled": false }
											}
										},
										{
											"name": "thorn3",
											"from": [ 0.4, 3.2, 0.0 ],
											"to": [ 2.8, 7.2, 2.4 ],
											"rotationOrigin": [ 0.8, 3.2, 0.4 ],
											"rotationX": -28.0,
											"rotationY": 6.0,
											"rotationZ": -14.0,
											"faces": {
												"north": { "texture": "#shriketree", "uv": [ 12.5, 6.0, 15.5, 11.0 ], "autoUv": false },
												"east": { "texture": "#shriketree", "uv": [ 9.5, 5.5, 12.5, 10.5 ], "autoUv": false },
												"south": { "texture": "#shriketree", "uv": [ 4.0, 3.0, 7.0, 8.0 ], "autoUv": false },
												"west": { "texture": "#shriketree", "uv": [ 0.0, 4.5, 3.0, 9.5 ], "autoUv": false },
												"up": { "texture": "#shriketree", "uv": [ 11.0, 6.5, 14.0, 9.5 ], "autoUv": false },
												"down": { "texture": "#shriketree", "uv": [ 0.0, 0.0, 3.0, 3.0 ], "autoUv": false, "enabled": false }
											}
										}
									]
								},
								{
									"name": "thorn1",
									"from": [ 0.72, 4.8, 0.0 ],
									"to": [ 2.32, 11.2, 1.6 ],
									"rotationOrigin": [ 1.12, 4.8, 0.4 ],
									"rotationY": -53.0,
									"rotationZ": 36.0,
									"faces": {
										"north": { "texture": "#shriketree", "uv": [ 12.5, 6.5, 14.5, 14.5 ], "autoUv": false },
										"east": { "texture": "#shriketree", "uv": [ 8.5, 4.0, 10.5, 12.0 ], "autoUv": false },
										"south": { "texture": "#shriketree", "uv": [ 4.0, 2.5, 6.0, 10.5 ], "autoUv": false },
										"west": { "texture": "#shriketree", "uv": [ 4.0, 0.0, 6.0, 8.0 ], "autoUv": false },
										"up": { "texture": "#shriketree", "uv": [ 9.5, 13.0, 11.5, 15.0 ], "autoUv": false },
										"down": { "texture": "#shriketree", "uv": [ 0.0, 0.0, 2.0, 2.0 ], "autoUv": false, "enabled": false }
									}
								},
								{
									"name": "thorn2",
									"from": [ 0.8, 2.4, 0.8 ],
									"to": [ 3.2, 6.4, 3.2 ],
									"rotationOrigin": [ 1.2, 2.4, 1.2 ],
									"rotationX": 30.0,
									"rotationY": -36.0,
									"rotationZ": -11.0,
									"faces": {
										"north": { "texture": "#shriketree", "uv": [ 8.0, 0.5, 11.0, 5.5 ], "autoUv": false },
										"east": { "texture": "#shriketree", "uv": [ 10.5, 5.5, 13.5, 10.5 ], "autoUv": false },
										"south": { "texture": "#shriketree", "uv": [ 11.5, 7.0, 14.5, 12.0 ], "autoUv": false },
										"west": { "texture": "#shriketree", "uv": [ 6.0, 1.5, 9.0, 6.5 ], "autoUv": false },
										"up": { "texture": "#shriketree", "uv": [ 1.0, 8.5, 4.0, 11.5 ], "autoUv": false },
										"down": { "texture": "#shriketree", "uv": [ 0.0, 0.0, 3.0, 3.0 ], "autoUv": false, "enabled": false }
									}
								}
							]
						},
						{
							"name": "spike2",
							"from": [ 2.0, -0.72, 1.2 ],
							"to": [ 4.8, 12.08, 4.0 ],
							"rotationOrigin": [ 2.4, -0.72, 1.6 ],
							"rotationX": -58.0,
							"rotationY": -41.0,
							"rotationZ": -85.0,
							"faces": {
								"north": { "texture": "#shriketree", "uv": [ 8.5, 0.0, 12.0, 16.0 ], "autoUv": false },
								"east": { "texture": "#shriketree", "uv": [ 8.5, 0.0, 12.0, 16.0 ], "autoUv": false },
								"south": { "texture": "#shriketree", "uv": [ 5.5, 0.0, 9.0, 16.0 ], "autoUv": false },
								"west": { "texture": "#shriketree", "uv": [ 0.0, 0.0, 3.5, 16.0 ], "autoUv": false },
								"up": { "texture": "#shriketree", "uv": [ 6.0, 3.0, 9.5, 6.5 ], "autoUv": false },
								"down": { "texture": "#shriketree", "uv": [ 0.5, 4.0, 4.0, 7.5 ], "autoUv": false }
							}
						},
						{
							"name": "spike3",
							"from": [ -4.4, -0.4, -2.8 ],
							"to": [ -2.0, 8.4, -0.4 ],
							"rotationOrigin": [ -4.0, -0.4, -2.4 ],
							"rotationX": -58.0,
							"rotationY": -11.0,
							"rotationZ": -47.0,
							"faces": {
								"north": { "texture": "#shriketree", "uv": [ 0.0, 1.0, 3.0, 12.0 ], "autoUv": false },
								"east": { "texture": "#shriketree", "uv": [ 5.0, 1.0, 8.0, 12.0 ], "autoUv": false },
								"south": { "texture": "#shriketree", "uv": [ 0.5, 2.5, 3.5, 13.5 ], "autoUv": false },
								"west": { "texture": "#shriketree", "uv": [ 6.0, 1.0, 9.0, 12.0 ], "autoUv": false },
								"up": { "texture": "#shriketree", "uv": [ 10.0, 2.0, 13.0, 5.0 ], "autoUv": false },
								"down": { "texture": "#shriketree", "uv": [ 3.0, 6.0, 6.0, 9.0 ], "autoUv": false }
							}
						},
						{
							"name": "spike4",
							"from": [ -6.0, -0.72, 5.2 ],
							"to": [ -3.2, 12.08, 8.0 ],
							"rotationOrigin": [ -5.6, -0.72, 5.6 ],
							"rotationX": -47.0,
							"rotationY": 1.0,
							"rotationZ": 8.0,
							"faces": {
								"north": { "texture": "#shriketree", "uv": [ 0.0, 0.0, 3.5, 16.0 ], "autoUv": false },
								"east": { "texture": "#shriketree", "uv": [ 2.0, 0.0, 5.5, 16.0 ], "autoUv": false },
								"south": { "texture": "#shriketree", "uv": [ 11.5, 0.0, 15.0, 16.0 ], "autoUv": false },
								"west": { "texture": "#shriketree", "uv": [ 1.5, 0.0, 5.0, 16.0 ], "autoUv": false },
								"up": { "texture": "#shriketree", "uv": [ 1.0, 4.5, 4.5, 8.0 ], "autoUv": false },
								"down": { "texture": "#shriketree", "uv": [ 1.0, 1.0, 4.5, 4.5 ], "autoUv": false }
							},
							"children": [
								{
									"name": "thorn4",
									"from": [ 0.24, 12.4, 0.0 ],
									"to": [ 2.64, 21.2, 2.4 ],
									"rotationOrigin": [ 0.64, 12.4, 0.4 ],
									"rotationX": 28.0,
									"rotationZ": 17.0,
									"faces": {
										"north": { "texture": "#shriketree", "uv": [ 4.0, 0.5, 7.0, 11.5 ], "autoUv": false },
										"east": { "texture": "#shriketree", "uv": [ 11.5, 0.5, 14.5, 11.5 ], "autoUv": false },
										"south": { "texture": "#shriketree", "uv": [ 11.0, 4.0, 14.0, 15.0 ], "autoUv": false },
										"west": { "texture": "#shriketree", "uv": [ 2.5, 0.5, 5.5, 11.5 ], "autoUv": false },
										"up": { "texture": "#shriketree", "uv": [ 0.0, 0.0, 3.0, 3.0 ], "autoUv": false },
										"down": { "texture": "#shriketree", "uv": [ 0.0, 0.0, 3.0, 3.0 ], "autoUv": false, "enabled": false }
									}
								}
							]
						}
					]
				},
				{
					"name": "origin2",
					"from": [ 3.2, 0.0, 9.6 ],
					"to": [ 3.2, 0.0, 9.6 ],
					"rotationOrigin": [ 3.2, 0.0, 9.6 ],
					"rotationX": -180.0,
					"rotationY": 27.0,
					"rotationZ": -180.0,
					"faces": {
						"north": { "texture": "#shriketree", "uv": [ 0.0, 0.0, 0.5, 0.5 ], "autoUv": false, "enabled": false },
						"east": { "texture": "#shriketree", "uv": [ 0.0, 0.0, 0.5, 0.5 ], "autoUv": false, "enabled": false },
						"south": { "texture": "#shriketree", "uv": [ 0.0, 0.0, 0.5, 0.5 ], "autoUv": false, "enabled": false },
						"west": { "texture": "#shriketree", "uv": [ 0.0, 0.0, 0.5, 0.5 ], "autoUv": false, "enabled": false },
						"up": { "texture": "#shriketree", "uv": [ 0.0, 0.0, 0.5, 0.5 ], "autoUv": false, "enabled": false },
						"down": { "texture": "#shriketree", "uv": [ 0.0, 0.0, 0.5, 0.5 ], "autoUv": false, "enabled": false }
					},
					"children": [
						{
							"name": "spike5",
							"from": [ -2.4, -0.72, 4.0 ],
							"to": [ 0.8, 8.08, 7.2 ],
							"rotationOrigin": [ -1.6, -0.72, 4.8 ],
							"rotationX": -39.0,
							"rotationZ": -17.0,
							"faces": {
								"north": { "texture": "#shriketree", "uv": [ 7.5, 1.0, 11.5, 12.0 ], "autoUv": false },
								"east": { "texture": "#shriketree", "uv": [ 6.0, 2.5, 10.0, 13.5 ], "autoUv": false },
								"south": { "texture": "#shriketree", "uv": [ 6.0, 1.0, 10.0, 12.0 ], "autoUv": false },
								"west": { "texture": "#shriketree", "uv": [ 6.0, 4.0, 10.0, 15.0 ], "autoUv": false },
								"up": { "texture": "#shriketree", "uv": [ 4.5, 1.5, 8.5, 5.5 ], "autoUv": false },
								"down": { "texture": "#shriketree", "uv": [ 10.5, 10.0, 14.5, 14.0 ], "autoUv": false }
							},
							"children": [
								{
									"name": "Cube4",
									"from": [ 0.24, 8.24, 0.4 ],
									"to": [ 3.04, 13.84, 3.2 ],
									"rotationOrigin": [ 0.84, 8.64, 0.92 ],
									"rotationX": 6.0,
									"rotationZ": -14.0,
									"faces": {
										"north": { "texture": "#shriketree", "uv": [ 11.0, 2.0, 14.5, 9.0 ], "autoUv": false },
										"east": { "texture": "#shriketree", "uv": [ 1.5, 6.0, 5.0, 13.0 ], "autoUv": false },
										"south": { "texture": "#shriketree", "uv": [ 5.0, 2.0, 8.5, 9.0 ], "autoUv": false },
										"west": { "texture": "#shriketree", "uv": [ 4.5, 1.5, 8.0, 8.5 ], "autoUv": false },
										"up": { "texture": "#shriketree", "uv": [ 9.0, 9.0, 12.5, 12.5 ], "autoUv": false },
										"down": { "texture": "#shriketree", "uv": [ 0.0, 0.0, 3.5, 3.5 ], "autoUv": false, "enabled": false }
									},
									"children": [
										{
											"name": "Cube5",
											"from": [ 0.32, 5.36, 0.16 ],
											"to": [ 2.72, 16.56, 2.56 ],
											"rotationOrigin": [ 0.72, 5.6, 0.56 ],
											"rotationZ": 17.0,
											"faces": {
												"north": { "texture": "#shriketree", "uv": [ 11.0, 1.0, 14.0, 15.0 ], "autoUv": false },
												"east": { "texture": "#shriketree", "uv": [ 10.0, 1.5, 13.0, 15.5 ], "autoUv": false },
												"south": { "texture": "#shriketree", "uv": [ 5.5, 1.5, 8.5, 15.5 ], "autoUv": false },
												"west": { "texture": "#shriketree", "uv": [ 4.5, 0.5, 7.5, 14.5 ], "autoUv": false },
												"up": { "texture": "#shriketree", "uv": [ 4.0, 10.5, 7.0, 13.5 ], "autoUv": false },
												"down": { "texture": "#shriketree", "uv": [ 0.0, 0.0, 3.0, 3.0 ], "autoUv": false, "enabled": false }
											}
										},
										{
											"name": "thorn5",
											"from": [ 0.4, 3.2, 0.0 ],
											"to": [ 2.8, 7.2, 2.4 ],
											"rotationOrigin": [ 0.8, 3.2, 0.4 ],
											"rotationX": -28.0,
											"rotationY": 6.0,
											"rotationZ": -14.0,
											"faces": {
												"north": { "texture": "#shriketree", "uv": [ 12.5, 6.0, 15.5, 11.0 ], "autoUv": false },
												"east": { "texture": "#shriketree", "uv": [ 9.5, 5.5, 12.5, 10.5 ], "autoUv": false },
												"south": { "texture": "#shriketree", "uv": [ 4.0, 3.0, 7.0, 8.0 ], "autoUv": false },
												"west": { "texture": "#shriketree", "uv": [ 0.0, 4.5, 3.0, 9.5 ], "autoUv": false },
												"up": { "texture": "#shriketree", "uv": [ 11.0, 6.5, 14.0, 9.5 ], "autoUv": false },
												"down": { "texture": "#shriketree", "uv": [ 0.0, 0.0, 3.0, 3.0 ], "autoUv": false, "enabled": false }
											}
										}
									]
								},
								{
									"name": "thorn6",
									"from": [ 0.72, 4.8, 0.0 ],
									"to": [ 2.32, 11.2, 1.6 ],
									"rotationOrigin": [ 1.12, 4.8, 0.4 ],
									"rotationY": -53.0,
									"rotationZ": 36.0,
									"faces": {
										"north": { "texture": "#shriketree", "uv": [ 12.5, 6.5, 14.5, 14.5 ], "autoUv": false },
										"east": { "texture": "#shriketree", "uv": [ 8.5, 4.0, 10.5, 12.0 ], "autoUv": false },
										"south": { "texture": "#shriketree", "uv": [ 4.0, 2.5, 6.0, 10.5 ], "autoUv": false },
										"west": { "texture": "#shriketree", "uv": [ 4.0, 0.0, 6.0, 8.0 ], "autoUv": false },
										"up": { "texture": "#shriketree", "uv": [ 9.5, 13.0, 11.5, 15.0 ], "autoUv": false },
										"down": { "texture": "#shriketree", "uv": [ 0.0, 0.0, 2.0, 2.0 ], "autoUv": false, "enabled": false }
									}
								},
								{
									"name": "thorn7",
									"from": [ 0.8, 2.4, 0.8 ],
									"to": [ 3.2, 6.4, 3.2 ],
									"rotationOrigin": [ 1.2, 2.4, 1.2 ],
									"rotationX": 30.0,
									"rotationY": -36.0,
									"rotationZ": -11.0,
									"faces": {
										"north": { "texture": "#shriketree", "uv": [ 8.0, 0.5, 11.0, 5.5 ], "autoUv": false },
										"east": { "texture": "#shriketree", "uv": [ 10.5, 5.5, 13.5, 10.5 ], "autoUv": false },
										"south": { "texture": "#shriketree", "uv": [ 11.5, 7.0, 14.5, 12.0 ], "autoUv": false },
										"west": { "texture": "#shriketree", "uv": [ 6.0, 1.5, 9.0, 6.5 ], "autoUv": false },
										"up": { "texture": "#shriketree", "uv": [ 1.0, 8.5, 4.0, 11.5 ], "autoUv": false },
										"down": { "texture": "#shriketree", "uv": [ 0.0, 0.0, 3.0, 3.0 ], "autoUv": false, "enabled": false }
									}
								}
							]
						},
						{
							"name": "spike6",
							"from": [ 3.6, -0.72, 1.2 ],
							"to": [ 6.4, 12.08, 4.0 ],
							"rotationOrigin": [ 4.0, -0.72, 1.6 ],
							"rotationX": -58.0,
							"rotationY": -24.0,
							"rotationZ": -20.0,
							"faces": {
								"north": { "texture": "#shriketree", "uv": [ 8.5, 0.0, 12.0, 16.0 ], "autoUv": false },
								"east": { "texture": "#shriketree", "uv": [ 8.5, 0.0, 12.0, 16.0 ], "autoUv": false },
								"south": { "texture": "#shriketree", "uv": [ 5.5, 0.0, 9.0, 16.0 ], "autoUv": false },
								"west": { "texture": "#shriketree", "uv": [ 0.0, 0.0, 3.5, 16.0 ], "autoUv": false },
								"up": { "texture": "#shriketree", "uv": [ 6.0, 3.0, 9.5, 6.5 ], "autoUv": false },
								"down": { "texture": "#shriketree", "uv": [ 0.5, 4.0, 4.0, 7.5 ], "autoUv": false }
							}
						},
						{
							"name": "spike7",
							"from": [ -4.4, -0.4, -2.8 ],
							"to": [ -2.0, 8.4, -0.4 ],
							"rotationOrigin": [ -4.0, -0.4, -2.4 ],
							"rotationX": -58.0,
							"rotationY": -11.0,
							"rotationZ": -47.0,
							"faces": {
								"north": { "texture": "#shriketree", "uv": [ 0.0, 1.0, 3.0, 12.0 ], "autoUv": false },
								"east": { "texture": "#shriketree", "uv": [ 5.0, 1.0, 8.0, 12.0 ], "autoUv": false },
								"south": { "texture": "#shriketree", "uv": [ 0.5, 2.5, 3.5, 13.5 ], "autoUv": false },
								"west": { "texture": "#shriketree", "uv": [ 6.0, 1.0, 9.0, 12.0 ], "autoUv": false },
								"up": { "texture": "#shriketree", "uv": [ 10.0, 2.0, 13.0, 5.0 ], "autoUv": false },
								"down": { "texture": "#shriketree", "uv": [ 3.0, 6.0, 6.0, 9.0 ], "autoUv": false }
							}
						},
						{
							"name": "spike8",
							"from": [ -6.0, -0.72, 5.2 ],
							"to": [ -3.2, 12.08, 8.0 ],
							"rotationOrigin": [ -5.6, -0.72, 5.6 ],
							"rotationX": -65.0,
							"rotationY": 29.0,
							"rotationZ": 28.0,
							"faces": {
								"north": { "texture": "#shriketree", "uv": [ 0.0, 0.0, 3.5, 16.0 ], "autoUv": false },
								"east": { "texture": "#shriketree", "uv": [ 2.0, 0.0, 5.5, 16.0 ], "autoUv": false },
								"south": { "texture": "#shriketree", "uv": [ 11.5, 0.0, 15.0, 16.0 ], "autoUv": false },
								"west": { "texture": "#shriketree", "uv": [ 1.5, 0.0, 5.0, 16.0 ], "autoUv": false },
								"up": { "texture": "#shriketree", "uv": [ 1.0, 4.5, 4.5, 8.0 ], "autoUv": false },
								"down": { "texture": "#shriketree", "uv": [ 1.0, 1.0, 4.5, 4.5 ], "autoUv": false }
							},
							"children": [
								{
									"name": "thorn8",
									"from": [ 0.24, 12.4, 0.0 ],
									"to": [ 2.64, 21.2, 2.4 ],
									"rotationOrigin": [ 0.64, 12.4, 0.4 ],
									"rotationX": 28.0,
									"rotationZ": 17.0,
									"faces": {
										"north": { "texture": "#shriketree", "uv": [ 4.0, 0.5, 7.0, 11.5 ], "autoUv": false },
										"east": { "texture": "#shriketree", "uv": [ 11.5, 0.5, 14.5, 11.5 ], "autoUv": false },
										"south": { "texture": "#shriketree", "uv": [ 11.0, 4.0, 14.0, 15.0 ], "autoUv": false },
										"west": { "texture": "#shriketree", "uv": [ 2.5, 0.5, 5.5, 11.5 ], "autoUv": false },
										"up": { "texture": "#shriketree", "uv": [ 0.0, 0.0, 3.0, 3.0 ], "autoUv": false },
										"down": { "texture": "#shriketree", "uv": [ 0.0, 0.0, 3.0, 3.0 ], "autoUv": false, "enabled": false }
									}
								}
							]
						}
					]
				},
				{
					"name": "MeshA",
					"from": [ 5.0, 0.0, 10.0 ],
					"to": [ 13.0, 8.0, 10.1 ],
					"rotationOrigin": [ 5.0, 0.0, 10.0 ],
					"rotationX": -52.0,
					"rotationY": 66.0,
					"rotationZ": 74.0,
					"faces": {
						"north": { "texture": "#grass1", "uv": [ 0.0, 0.0, 14.0, 15.0 ], "autoUv": false, "windMode": [-1,-1,-1,-1] },
						"east": { "texture": "#null", "uv": [ 0.0, 0.0, 0.5, 8.0 ], "windMode": [-1,-1,-1,-1], "enabled": false },
						"south": { "texture": "#null", "uv": [ 0.0, 0.0, 8.0, 8.0 ], "windMode": [-1,-1,-1,-1], "enabled": false },
						"west": { "texture": "#null", "uv": [ 0.0, 0.0, 0.5, 8.0 ], "windMode": [-1,-1,-1,-1], "enabled": false },
						"up": { "texture": "#null", "uv": [ 0.0, 0.0, 8.0, 0.5 ], "windMode": [-1,-1,-1,-1], "enabled": false },
						"down": { "texture": "#grass1", "uv": [ 0.0, 0.0, 8.0, 0.5 ], "windMode": [-1,-1,-1,-1], "enabled": false }
					},
					"children": [
						{
							"name": "MeshA2",
							"from": [ 8.7845, 7.4245, 0.4575 ],
							"to": [ 12.7845, 11.4245, 0.5075 ],
							"rotationOrigin": [ 8.7845, 7.4245, 0.4575 ],
							"faces": {
								"north": { "texture": "#grass1", "uv": [ 0.0, 0.0, 14.0, 15.0 ], "autoUv": false, "windMode": [-1,-1,-1,-1] },
								"east": { "texture": "#null", "uv": [ 0.0, 0.0, 0.5, 8.0 ], "autoUv": false, "windMode": [-1,-1,-1,-1], "enabled": false },
								"south": { "texture": "#null", "uv": [ 0.0, 0.0, 8.0, 8.0 ], "autoUv": false, "windMode": [-1,-1,-1,-1], "enabled": false },
								"west": { "texture": "#null", "uv": [ 0.0, 0.0, 0.5, 8.0 ], "autoUv": false, "windMode": [-1,-1,-1,-1], "enabled": false },
								"up": { "texture": "#null", "uv": [ 0.0, 0.0, 8.0, 0.5 ], "autoUv": false, "windMode": [-1,-1,-1,-1], "enabled": false },
								"down": { "texture": "#grass1", "uv": [ 0.0, 0.0, 8.0, 0.5 ], "autoUv": false, "windMode": [-1,-1,-1,-1], "enabled": false }
							}
						}
					]
				},
				{
					"name": "MeshA3",
					"from": [ 5.0, 0.0, 7.0 ],
					"to": [ 13.0, 8.0, 7.1 ],
					"rotationOrigin": [ 5.0, 0.0, 7.0 ],
					"rotationX": 29.0,
					"rotationY": 176.0,
					"rotationZ": 46.0,
					"faces": {
						"north": { "texture": "#grass1", "uv": [ 0.0, 0.0, 14.0, 15.0 ], "autoUv": false, "windMode": [-1,-1,-1,-1] },
						"east": { "texture": "#null", "uv": [ 0.0, 0.0, 0.5, 8.0 ], "windMode": [-1,-1,-1,-1], "enabled": false },
						"south": { "texture": "#null", "uv": [ 0.0, 0.0, 8.0, 8.0 ], "windMode": [-1,-1,-1,-1], "enabled": false },
						"west": { "texture": "#null", "uv": [ 0.0, 0.0, 0.5, 8.0 ], "windMode": [-1,-1,-1,-1], "enabled": false },
						"up": { "texture": "#null", "uv": [ 0.0, 0.0, 8.0, 0.5 ], "windMode": [-1,-1,-1,-1], "enabled": false },
						"down": { "texture": "#grass1", "uv": [ 0.0, 0.0, 8.0, 0.5 ], "windMode": [-1,-1,-1,-1], "enabled": false }
					},
					"children": [
						{
							"name": "MeshA4",
							"from": [ 7.66, 5.17, 0.5033 ],
							"to": [ 12.06, 9.57, 0.5583 ],
							"rotationOrigin": [ 7.663, 5.1669, 0.5033 ],
							"faces": {
								"north": { "texture": "#grass3", "uv": [ 0.0, 0.0, 14.0, 15.0 ], "autoUv": false, "windMode": [-1,-1,-1,-1] },
								"east": { "texture": "#null", "uv": [ 0.0, 0.0, 0.5, 8.0 ], "autoUv": false, "windMode": [-1,-1,-1,-1], "enabled": false },
								"south": { "texture": "#null", "uv": [ 0.0, 0.0, 8.0, 8.0 ], "autoUv": false, "windMode": [-1,-1,-1,-1], "enabled": false },
								"west": { "texture": "#null", "uv": [ 0.0, 0.0, 0.5, 8.0 ], "autoUv": false, "windMode": [-1,-1,-1,-1], "enabled": false },
								"up": { "texture": "#null", "uv": [ 0.0, 0.0, 8.0, 0.5 ], "autoUv": false, "windMode": [-1,-1,-1,-1], "enabled": false },
								"down": { "texture": "#grass1", "uv": [ 0.0, 0.0, 8.0, 0.5 ], "autoUv": false, "windMode": [-1,-1,-1,-1], "enabled": false }
							}
						}
					]
				},
				{
					"name": "MeshA5",
					"from": [ 5.0, 0.0, 4.0 ],
					"to": [ 13.0, 8.0, 4.1 ],
					"rotationOrigin": [ 5.0, 0.0, 4.0 ],
					"rotationX": -13.0,
					"rotationY": 159.0,
					"rotationZ": 83.0,
					"faces": {
						"north": { "texture": "#grass1", "uv": [ 0.0, 0.0, 14.0, 15.0 ], "autoUv": false, "windMode": [-1,-1,-1,-1] },
						"east": { "texture": "#null", "uv": [ 0.0, 0.0, 0.5, 8.0 ], "windMode": [-1,-1,-1,-1], "enabled": false },
						"south": { "texture": "#null", "uv": [ 0.0, 0.0, 8.0, 8.0 ], "windMode": [-1,-1,-1,-1], "enabled": false },
						"west": { "texture": "#null", "uv": [ 0.0, 0.0, 0.5, 8.0 ], "windMode": [-1,-1,-1,-1], "enabled": false },
						"up": { "texture": "#null", "uv": [ 0.0, 0.0, 8.0, 0.5 ], "windMode": [-1,-1,-1,-1], "enabled": false },
						"down": { "texture": "#grass1", "uv": [ 0.0, 0.0, 8.0, 0.5 ], "windMode": [-1,-1,-1,-1], "enabled": false }
					},
					"children": [
						{
							"name": "MeshA6",
							"from": [ 5.18, 7.14, 0.69 ],
							"to": [ 11.18, 13.14, 0.765 ],
							"rotationOrigin": [ 5.1768, 7.1367, 0.6863 ],
							"rotationZ": -26.0,
							"faces": {
								"north": { "texture": "#grass5", "uv": [ 0.0, 0.0, 14.0, 15.0 ], "autoUv": false, "windMode": [-1,-1,-1,-1] },
								"east": { "texture": "#null", "uv": [ 0.0, 0.0, 0.5, 8.0 ], "autoUv": false, "windMode": [-1,-1,-1,-1], "enabled": false },
								"south": { "texture": "#null", "uv": [ 0.0, 0.0, 8.0, 8.0 ], "autoUv": false, "windMode": [-1,-1,-1,-1], "enabled": false },
								"west": { "texture": "#null", "uv": [ 0.0, 0.0, 0.5, 8.0 ], "autoUv": false, "windMode": [-1,-1,-1,-1], "enabled": false },
								"up": { "texture": "#null", "uv": [ 0.0, 0.0, 8.0, 0.5 ], "autoUv": false, "windMode": [-1,-1,-1,-1], "enabled": false },
								"down": { "texture": "#grass1", "uv": [ 0.0, 0.0, 8.0, 0.5 ], "autoUv": false, "windMode": [-1,-1,-1,-1], "enabled": false }
							}
						}
					]
				}
			]
		}
	],
	"animations": [
	]
}