{
	"editor": {
		"collapsedPaths": ",Root/origin2/spike2b,Root/origin 2,Root/Riftbeam2,Root/RiftCrystal,Root/origin/spike1,Root/fern1,Root/fern2,Root/fern3,Root/origind,Root/origin,Root/RiftCrystalBase1,Root/origin2,Root/Riftbase1,Root/origin2/spike1b,Root/originc2,Root/origin2/thorn3b,Root/originc4",
		"allAngles": false,
		"entityTextureMode": false
	},
	"textureWidth": 16,
	"textureHeight": 16,
	"textureSizes": {
		"normal4": [16,16],
		"thorns": [16,16]
	},
	"textures": {

		"grass5": "game:block/devastation/grass5",
		"shriketree": "game:block/devastation/shriketree"
	},
	"elements": [
		{
			"name": "origin2",
			"from": [ 8.0, 0.0, 2.0 ],
			"to": [ 8.0, 0.0, 2.0 ],
			"rotationOrigin": [ 8.0, 0.0, 2.0 ],
			"rotationY": 21.0,
			"faces": {
				"north": { "texture": "#shriketree", "uv": [ 0.0, 0.0, 0.5, 0.5 ], "enabled": false },
				"east": { "texture": "#shriketree", "uv": [ 0.0, 0.0, 0.5, 0.5 ], "enabled": false },
				"south": { "texture": "#shriketree", "uv": [ 0.0, 0.0, 0.5, 0.5 ], "enabled": false },
				"west": { "texture": "#shriketree", "uv": [ 0.0, 0.0, 0.5, 0.5 ], "enabled": false },
				"up": { "texture": "#shriketree", "uv": [ 0.0, 0.0, 0.5, 0.5 ], "enabled": false },
				"down": { "texture": "#shriketree", "uv": [ 0.0, 0.0, 0.5, 0.5 ], "enabled": false }
			},
			"children": [
				{
					"name": "spike1b",
					"from": [ -3.0, -1.8, 4.0 ],
					"to": [ 2.0, 14.2, 9.0 ],
					"rotationOrigin": [ -1.0, -1.8, 6.0 ],
					"rotationX": -55.0,
					"rotationZ": -17.0,
					"faces": {
						"north": { "texture": "#shriketree", "uv": [ 0.5, 0.0, 5.5, 16.0 ] },
						"east": { "texture": "#shriketree", "uv": [ 1.5, 0.0, 6.5, 16.0 ] },
						"south": { "texture": "#shriketree", "uv": [ 8.0, 0.0, 13.0, 16.0 ] },
						"west": { "texture": "#shriketree", "uv": [ 6.0, 0.0, 11.0, 16.0 ] },
						"up": { "texture": "#shriketree", "uv": [ 0.0, 0.0, 5.0, 5.0 ], "enabled": false },
						"down": { "texture": "#shriketree", "uv": [ 8.5, 4.5, 13.5, 9.5 ] }
					},
					"children": [
						{
							"name": "Cube2b",
							"from": [ 0.6, 20.5, 0.7 ],
							"to": [ 4.6, 34.5, 4.7 ],
							"rotationOrigin": [ 2.1, 21.5, 2.0 ],
							"rotationX": -14.0,
							"rotationZ": 6.0,
							"faces": {
								"north": { "texture": "#shriketree", "uv": [ 6.5, 0.0, 10.5, 14.0 ] },
								"east": { "texture": "#shriketree", "uv": [ 11.5, 1.5, 15.5, 15.5 ] },
								"south": { "texture": "#shriketree", "uv": [ 9.5, 0.0, 13.5, 14.0 ] },
								"west": { "texture": "#shriketree", "uv": [ 11.0, 1.0, 15.0, 15.0 ] },
								"up": { "texture": "#shriketree", "uv": [ 4.0, 1.5, 8.0, 5.5 ] },
								"down": { "texture": "#shriketree", "uv": [ 0.0, 0.0, 4.0, 4.0 ], "enabled": false }
							},
							"children": [
								{
									"name": "Cube3b",
									"from": [ 0.3, 13.4, 0.4 ],
									"to": [ 3.3, 25.4, 3.4 ],
									"rotationOrigin": [ 2.3, 14.0, 1.4 ],
									"rotationX": -17.0,
									"rotationY": -3.0,
									"rotationZ": 19.0,
									"faces": {
										"north": { "texture": "#shriketree", "uv": [ 1.5, 3.0, 4.5, 15.0 ] },
										"east": { "texture": "#shriketree", "uv": [ 8.5, 1.0, 11.5, 13.0 ] },
										"south": { "texture": "#shriketree", "uv": [ 5.0, 0.5, 8.0, 12.5 ] },
										"west": { "texture": "#shriketree", "uv": [ 8.5, 1.0, 11.5, 13.0 ] },
										"up": { "texture": "#shriketree", "uv": [ 9.5, 8.0, 12.5, 11.0 ] },
										"down": { "texture": "#shriketree", "uv": [ 0.0, 0.0, 3.0, 3.0 ], "windMode": [-1,-1,-1,-1], "windData": [0,0,1,1] }
									},
									"children": [
										{
											"name": "Cube9b",
											"from": [ 0.0, 12.0, 0.0 ],
											"to": [ 2.5, 25.0, 2.5 ],
											"rotationOrigin": [ 0.0, 12.0, 0.0 ],
											"rotationX": 30.0,
											"rotationZ": 6.0,
											"faces": {
												"north": { "texture": "#shriketree", "uv": [ 9.0, 2.0, 11.5, 15.0 ] },
												"east": { "texture": "#shriketree", "uv": [ 2.0, 2.0, 4.5, 15.0 ] },
												"south": { "texture": "#shriketree", "uv": [ 11.5, 2.5, 14.0, 15.5 ] },
												"west": { "texture": "#shriketree", "uv": [ 10.0, 0.5, 12.5, 13.5 ] },
												"up": { "texture": "#shriketree", "uv": [ 4.5, 12.0, 7.0, 14.5 ] },
												"down": { "texture": "#shriketree", "uv": [ 0.0, 0.0, 2.5, 2.5 ], "enabled": false }
											}
										}
									]
								}
							]
						},
						{
							"name": "thorn1b",
							"from": [ -4.0, 8.0, -5.0 ],
							"to": [ -1.0, 22.0, -2.0 ],
							"rotationOrigin": [ -3.0, 8.0, -4.0 ],
							"rotationY": 6.0,
							"rotationZ": 33.0,
							"faces": {
								"north": { "texture": "#shriketree", "uv": [ 7.0, 1.5, 10.0, 15.5 ] },
								"east": { "texture": "#shriketree", "uv": [ 12.5, 1.0, 15.5, 15.0 ] },
								"south": { "texture": "#shriketree", "uv": [ 11.5, 0.5, 14.5, 14.5 ] },
								"west": { "texture": "#shriketree", "uv": [ 5.0, 1.5, 8.0, 15.5 ] },
								"up": { "texture": "#shriketree", "uv": [ 12.5, 10.0, 15.5, 13.0 ] },
								"down": { "texture": "#shriketree", "uv": [ 0.0, 0.0, 3.0, 3.0 ], "enabled": false }
							},
							"children": [
								{
									"name": "Cube5b",
									"from": [ 0.0, 14.0, 0.0 ],
									"to": [ 2.5, 23.0, 2.5 ],
									"rotationOrigin": [ 0.0, 14.0, 0.0 ],
									"rotationX": 28.0,
									"rotationZ": -11.0,
									"faces": {
										"north": { "texture": "#shriketree", "uv": [ 12.0, 6.5, 14.5, 15.5 ] },
										"east": { "texture": "#shriketree", "uv": [ 13.0, 4.0, 15.5, 13.0 ] },
										"south": { "texture": "#shriketree", "uv": [ 0.0, 3.0, 2.5, 12.0 ] },
										"west": { "texture": "#shriketree", "uv": [ 0.5, 0.0, 3.0, 9.0 ] },
										"up": { "texture": "#shriketree", "uv": [ 11.5, 12.0, 14.0, 14.5 ] },
										"down": { "texture": "#shriketree", "uv": [ 0.0, 0.0, 2.5, 2.5 ], "enabled": false }
									},
									"children": [
										{
											"name": "Cube6",
											"from": [ 0.4, 8.1, 0.5 ],
											"to": [ 2.4, 15.1, 2.5 ],
											"rotationOrigin": [ 0.9, 8.1, 1.0 ],
											"rotationX": -33.0,
											"rotationZ": 22.0,
											"faces": {
												"north": { "texture": "#shriketree", "uv": [ 3.5, 3.5, 5.5, 10.5 ] },
												"east": { "texture": "#shriketree", "uv": [ 10.5, 1.5, 12.5, 8.5 ] },
												"south": { "texture": "#shriketree", "uv": [ 10.5, 8.5, 12.5, 15.5 ] },
												"west": { "texture": "#shriketree", "uv": [ 1.5, 3.0, 3.5, 10.0 ] },
												"up": { "texture": "#shriketree", "uv": [ 9.5, 11.5, 11.5, 13.5 ] },
												"down": { "texture": "#shriketree", "uv": [ 0.0, 0.0, 2.0, 2.0 ], "enabled": false }
											}
										}
									]
								}
							]
						},
						{
							"name": "thorn2b",
							"from": [ 6.4, 3.7, 1.4 ],
							"to": [ 9.4, 13.7, 4.4 ],
							"rotationOrigin": [ 7.4, 3.7, 2.4 ],
							"rotationX": 30.0,
							"rotationY": 6.0,
							"rotationZ": -19.0,
							"faces": {
								"north": { "texture": "#shriketree", "uv": [ 8.0, 2.0, 11.0, 12.0 ] },
								"east": { "texture": "#shriketree", "uv": [ 9.5, 4.0, 12.5, 14.0 ] },
								"south": { "texture": "#shriketree", "uv": [ 9.0, 2.0, 12.0, 12.0 ] },
								"west": { "texture": "#shriketree", "uv": [ 9.0, 1.0, 12.0, 11.0 ] },
								"up": { "texture": "#shriketree", "uv": [ 8.0, 12.0, 11.0, 15.0 ] },
								"down": { "texture": "#shriketree", "uv": [ 0.0, 0.0, 3.0, 3.0 ], "enabled": false }
							},
							"children": [
								{
									"name": "Cube7",
									"from": [ 0.0, 9.5, 0.0 ],
									"to": [ 2.5, 22.5, 2.5 ],
									"rotationOrigin": [ 1.0, 9.5, 1.0 ],
									"rotationX": -11.0,
									"rotationZ": -17.0,
									"faces": {
										"north": { "texture": "#shriketree", "uv": [ 8.0, 1.5, 10.5, 14.5 ] },
										"east": { "texture": "#shriketree", "uv": [ 3.0, 2.0, 5.5, 15.0 ] },
										"south": { "texture": "#shriketree", "uv": [ 1.0, 1.0, 3.5, 14.0 ] },
										"west": { "texture": "#shriketree", "uv": [ 1.5, 0.0, 4.0, 13.0 ] },
										"up": { "texture": "#shriketree", "uv": [ 13.0, 1.5, 15.5, 4.0 ] },
										"down": { "texture": "#shriketree", "uv": [ 0.0, 0.0, 2.5, 2.5 ], "enabled": false }
									},
									"children": [
										{
											"name": "Cube8",
											"from": [ 0.5, 11.6, 0.4 ],
											"to": [ 2.5, 20.6, 2.4 ],
											"rotationOrigin": [ 0.5, 12.1, 0.4 ],
											"rotationX": 11.0,
											"rotationZ": 42.0,
											"faces": {
												"north": { "texture": "#shriketree", "uv": [ 7.5, 6.0, 9.5, 15.0 ] },
												"east": { "texture": "#shriketree", "uv": [ 7.0, 4.5, 9.0, 13.5 ] },
												"south": { "texture": "#shriketree", "uv": [ 2.0, 2.5, 4.0, 11.5 ] },
												"west": { "texture": "#shriketree", "uv": [ 9.0, 4.0, 11.0, 13.0 ] },
												"up": { "texture": "#shriketree", "uv": [ 8.5, 4.0, 10.5, 6.0 ] },
												"down": { "texture": "#shriketree", "uv": [ 0.0, 0.0, 2.0, 2.0 ], "enabled": false }
											}
										}
									]
								}
							]
						},
						{
							"name": "Cube4",
							"from": [ 0.0, 16.0, 0.0 ],
							"to": [ 5.0, 23.0, 5.0 ],
							"rotationOrigin": [ 0.0, 16.0, 0.0 ],
							"faces": {
								"north": { "texture": "#shriketree", "uv": [ 8.0, 7.0, 13.0, 14.0 ] },
								"east": { "texture": "#shriketree", "uv": [ 7.5, 8.0, 12.5, 15.0 ] },
								"south": { "texture": "#shriketree", "uv": [ 4.0, 6.0, 9.0, 13.0 ] },
								"west": { "texture": "#shriketree", "uv": [ 7.0, 8.0, 12.0, 15.0 ] },
								"up": { "texture": "#shriketree", "uv": [ 9.5, 6.5, 14.5, 11.5 ] },
								"down": { "texture": "#shriketree", "uv": [ 0.0, 0.0, 5.0, 5.0 ], "enabled": false }
							},
							"children": [
								{
									"name": "thorn4b",
									"from": [ 2.0, 0.0, 2.0 ],
									"to": [ 5.0, 10.0, 5.0 ],
									"rotationOrigin": [ 3.0, 0.0, 3.0 ],
									"rotationX": 47.0,
									"rotationZ": -25.0,
									"faces": {
										"north": { "texture": "#shriketree", "uv": [ 8.5, 1.0, 11.5, 11.0 ] },
										"east": { "texture": "#shriketree", "uv": [ 7.0, 4.5, 10.0, 14.5 ] },
										"south": { "texture": "#shriketree", "uv": [ 10.5, 1.5, 13.5, 11.5 ] },
										"west": { "texture": "#shriketree", "uv": [ 8.5, 0.0, 11.5, 10.0 ] },
										"up": { "texture": "#shriketree", "uv": [ 1.0, 2.0, 4.0, 5.0 ] },
										"down": { "texture": "#shriketree", "uv": [ 0.0, 0.0, 3.0, 3.0 ], "enabled": false }
									},
									"children": [
										{
											"name": "Cube11",
											"from": [ 0.0, 9.4, 0.0 ],
											"to": [ 2.5, 18.4, 2.5 ],
											"rotationOrigin": [ 1.0, 9.4, 1.0 ],
											"rotationX": 25.0,
											"rotationZ": 19.0,
											"faces": {
												"north": { "texture": "#shriketree", "uv": [ 1.5, 3.0, 4.0, 12.0 ] },
												"east": { "texture": "#shriketree", "uv": [ 11.0, 0.0, 13.5, 9.0 ] },
												"south": { "texture": "#shriketree", "uv": [ 12.0, 2.0, 14.5, 11.0 ] },
												"west": { "texture": "#shriketree", "uv": [ 0.5, 1.0, 3.0, 10.0 ] },
												"up": { "texture": "#shriketree", "uv": [ 11.5, 4.5, 14.0, 7.0 ] },
												"down": { "texture": "#shriketree", "uv": [ 0.0, 0.0, 2.5, 2.5 ], "enabled": false }
											}
										}
									]
								}
							]
						}
					]
				},
				{
					"name": "spike2b",
					"from": [ -7.0, -1.0, -1.0 ],
					"to": [ -4.0, 13.0, 2.0 ],
					"rotationOrigin": [ -6.0, -1.0, 0.0 ],
					"rotationX": -36.0,
					"rotationZ": 25.0,
					"faces": {
						"north": { "texture": "#shriketree", "uv": [ 5.5, 0.5, 8.5, 14.5 ] },
						"east": { "texture": "#shriketree", "uv": [ 3.0, 1.5, 6.0, 15.5 ] },
						"south": { "texture": "#shriketree", "uv": [ 1.0, 1.5, 4.0, 15.5 ] },
						"west": { "texture": "#shriketree", "uv": [ 1.5, 0.0, 4.5, 14.0 ] },
						"up": { "texture": "#shriketree", "uv": [ 8.5, 8.0, 11.5, 11.0 ] },
						"down": { "texture": "#shriketree", "uv": [ 6.0, 3.5, 9.0, 6.5 ] }
					},
					"children": [
						{
							"name": "thorn5",
							"from": [ 0.0, 14.0, 0.3 ],
							"to": [ 2.5, 25.0, 2.8 ],
							"rotationOrigin": [ 0.0, 14.0, 0.3 ],
							"rotationX": 22.0,
							"rotationZ": -28.0,
							"faces": {
								"north": { "texture": "#shriketree", "uv": [ 10.0, 0.0, 12.5, 11.0 ] },
								"east": { "texture": "#shriketree", "uv": [ 12.0, 3.5, 14.5, 14.5 ] },
								"south": { "texture": "#shriketree", "uv": [ 12.0, 1.5, 14.5, 12.5 ] },
								"west": { "texture": "#shriketree", "uv": [ 2.5, 2.5, 5.0, 13.5 ] },
								"up": { "texture": "#shriketree", "uv": [ 12.5, 8.5, 15.0, 11.0 ] },
								"down": { "texture": "#shriketree", "uv": [ 0.0, 0.0, 2.5, 2.5 ], "enabled": false }
							},
							"children": [
								{
									"name": "Cube12",
									"from": [ 0.6, 11.0, 0.4 ],
									"to": [ 2.6, 19.0, 2.4 ],
									"rotationOrigin": [ 0.6, 11.0, 0.4 ],
									"rotationX": 17.0,
									"rotationZ": -17.0,
									"faces": {
										"north": { "texture": "#shriketree", "uv": [ 11.5, 3.5, 13.5, 11.5 ] },
										"east": { "texture": "#shriketree", "uv": [ 11.5, 5.5, 13.5, 13.5 ] },
										"south": { "texture": "#shriketree", "uv": [ 3.0, 2.5, 5.0, 10.5 ] },
										"west": { "texture": "#shriketree", "uv": [ 1.5, 1.5, 3.5, 9.5 ] },
										"up": { "texture": "#shriketree", "uv": [ 7.5, 10.5, 9.5, 12.5 ] },
										"down": { "texture": "#shriketree", "uv": [ 0.0, 0.0, 2.0, 2.0 ], "enabled": false }
									}
								}
							]
						},
						{
							"name": "thorn6",
							"from": [ 0.0, 8.0, 0.0 ],
							"to": [ 3.0, 17.0, 3.0 ],
							"rotationOrigin": [ 0.5, 8.0, 0.5 ],
							"rotationX": -33.0,
							"rotationY": -17.0,
							"rotationZ": 17.0,
							"faces": {
								"north": { "texture": "#shriketree", "uv": [ 6.5, 0.5, 9.5, 9.5 ] },
								"east": { "texture": "#shriketree", "uv": [ 8.5, 0.5, 11.5, 9.5 ] },
								"south": { "texture": "#shriketree", "uv": [ 8.0, 2.5, 11.0, 11.5 ] },
								"west": { "texture": "#shriketree", "uv": [ 12.5, 2.5, 15.5, 11.5 ] },
								"up": { "texture": "#shriketree", "uv": [ 9.5, 8.0, 12.5, 11.0 ] },
								"down": { "texture": "#shriketree", "uv": [ 0.0, 0.0, 3.0, 3.0 ], "enabled": false }
							}
						}
					]
				},
				{
					"name": "thorn3b",
					"from": [ -5.87, -0.92, -9.29 ],
					"to": [ -2.87, 9.08, -6.29 ],
					"rotationOrigin": [ -4.874, -0.9197, -8.289 ],
					"rotationX": -22.0,
					"rotationY": 3.0,
					"rotationZ": -36.0,
					"faces": {
						"north": { "texture": "#shriketree", "uv": [ 9.0, 4.5, 12.0, 14.5 ] },
						"east": { "texture": "#shriketree", "uv": [ 3.5, 0.0, 6.5, 10.0 ] },
						"south": { "texture": "#shriketree", "uv": [ 1.5, 1.0, 4.5, 11.0 ] },
						"west": { "texture": "#shriketree", "uv": [ 4.0, 4.0, 7.0, 14.0 ] },
						"up": { "texture": "#shriketree", "uv": [ 8.5, 2.0, 11.5, 5.0 ] },
						"down": { "texture": "#shriketree", "uv": [ 0.0, 0.0, 3.0, 3.0 ], "enabled": false }
					},
					"children": [
						{
							"name": "Cube10",
							"from": [ 0.0, 10.0, 0.0 ],
							"to": [ 2.5, 18.0, 2.5 ],
							"rotationOrigin": [ 0.0, 10.0, 0.0 ],
							"rotationX": 30.0,
							"rotationZ": -14.0,
							"faces": {
								"north": { "texture": "#shriketree", "uv": [ 6.5, 6.5, 9.0, 14.5 ] },
								"east": { "texture": "#shriketree", "uv": [ 12.0, 5.0, 14.5, 13.0 ] },
								"south": { "texture": "#shriketree", "uv": [ 6.5, 1.0, 9.0, 9.0 ] },
								"west": { "texture": "#shriketree", "uv": [ 9.0, 0.5, 11.5, 8.5 ] },
								"up": { "texture": "#shriketree", "uv": [ 7.0, 4.0, 9.5, 6.5 ] },
								"down": { "texture": "#shriketree", "uv": [ 0.0, 0.0, 2.5, 2.5 ], "enabled": false }
							}
						}
					]
				}
			]
		},
		{
			"name": "origin",
			"from": [ 8.0, 0.0, 18.0 ],
			"to": [ 8.0, 0.0, 18.0 ],
			"rotationOrigin": [ 8.0, 0.0, 18.0 ],
			"rotationY": 187.0,
			"faces": {
				"north": { "texture": "#shriketree", "uv": [ 0.0, 0.0, 0.5, 0.5 ], "enabled": false },
				"east": { "texture": "#shriketree", "uv": [ 0.0, 0.0, 0.5, 0.5 ], "enabled": false },
				"south": { "texture": "#shriketree", "uv": [ 0.0, 0.0, 0.5, 0.5 ], "enabled": false },
				"west": { "texture": "#shriketree", "uv": [ 0.0, 0.0, 0.5, 0.5 ], "enabled": false },
				"up": { "texture": "#shriketree", "uv": [ 0.0, 0.0, 0.5, 0.5 ], "enabled": false },
				"down": { "texture": "#shriketree", "uv": [ 0.0, 0.0, 0.5, 0.5 ], "enabled": false }
			},
			"children": [
				{
					"name": "spike1",
					"from": [ -3.0, -0.9, 5.0 ],
					"to": [ 1.0, 10.1, 9.0 ],
					"rotationOrigin": [ -2.0, -0.9, 6.0 ],
					"rotationX": -39.0,
					"rotationZ": -17.0,
					"faces": {
						"north": { "texture": "#shriketree", "uv": [ 7.5, 1.0, 11.5, 12.0 ] },
						"east": { "texture": "#shriketree", "uv": [ 6.0, 2.5, 10.0, 13.5 ] },
						"south": { "texture": "#shriketree", "uv": [ 6.0, 1.0, 10.0, 12.0 ] },
						"west": { "texture": "#shriketree", "uv": [ 6.0, 4.0, 10.0, 15.0 ] },
						"up": { "texture": "#shriketree", "uv": [ 4.5, 1.5, 8.5, 5.5 ] },
						"down": { "texture": "#shriketree", "uv": [ 10.5, 10.0, 14.5, 14.0 ] }
					},
					"children": [
						{
							"name": "Cube2",
							"from": [ 0.3, 10.3, 0.5 ],
							"to": [ 3.8, 17.3, 4.0 ],
							"rotationOrigin": [ 1.05, 10.8, 1.15 ],
							"rotationX": 6.0,
							"rotationZ": -14.0,
							"faces": {
								"north": { "texture": "#shriketree", "uv": [ 11.0, 2.0, 14.5, 9.0 ] },
								"east": { "texture": "#shriketree", "uv": [ 1.5, 6.0, 5.0, 13.0 ] },
								"south": { "texture": "#shriketree", "uv": [ 5.0, 2.0, 8.5, 9.0 ] },
								"west": { "texture": "#shriketree", "uv": [ 4.5, 1.5, 8.0, 8.5 ] },
								"up": { "texture": "#shriketree", "uv": [ 9.0, 9.0, 12.5, 12.5 ] },
								"down": { "texture": "#shriketree", "uv": [ 0.0, 0.0, 3.5, 3.5 ], "enabled": false }
							},
							"children": [
								{
									"name": "Cube3",
									"from": [ 0.4, 6.7, 0.2 ],
									"to": [ 3.4, 20.7, 3.2 ],
									"rotationOrigin": [ 0.9, 7.0, 0.7 ],
									"rotationZ": 17.0,
									"faces": {
										"north": { "texture": "#shriketree", "uv": [ 11.0, 1.0, 14.0, 15.0 ] },
										"east": { "texture": "#shriketree", "uv": [ 10.0, 1.5, 13.0, 15.5 ] },
										"south": { "texture": "#shriketree", "uv": [ 5.5, 1.5, 8.5, 15.5 ] },
										"west": { "texture": "#shriketree", "uv": [ 4.5, 0.5, 7.5, 14.5 ] },
										"up": { "texture": "#shriketree", "uv": [ 4.0, 10.5, 7.0, 13.5 ] },
										"down": { "texture": "#shriketree", "uv": [ 0.0, 0.0, 3.0, 3.0 ], "enabled": false }
									}
								},
								{
									"name": "thorn3",
									"from": [ 0.5, 4.0, 0.0 ],
									"to": [ 3.5, 9.0, 3.0 ],
									"rotationOrigin": [ 1.0, 4.0, 0.5 ],
									"rotationX": -28.0,
									"rotationY": 6.0,
									"rotationZ": -14.0,
									"faces": {
										"north": { "texture": "#shriketree", "uv": [ 12.5, 6.0, 15.5, 11.0 ] },
										"east": { "texture": "#shriketree", "uv": [ 9.5, 5.5, 12.5, 10.5 ] },
										"south": { "texture": "#shriketree", "uv": [ 4.0, 3.0, 7.0, 8.0 ] },
										"west": { "texture": "#shriketree", "uv": [ 0.0, 4.5, 3.0, 9.5 ] },
										"up": { "texture": "#shriketree", "uv": [ 11.0, 6.5, 14.0, 9.5 ] },
										"down": { "texture": "#shriketree", "uv": [ 0.0, 0.0, 3.0, 3.0 ], "enabled": false }
									}
								}
							]
						},
						{
							"name": "thorn1",
							"from": [ 0.9, 6.0, 0.0 ],
							"to": [ 2.9, 14.0, 2.0 ],
							"rotationOrigin": [ 1.4, 6.0, 0.5 ],
							"rotationY": -53.0,
							"rotationZ": 36.0,
							"faces": {
								"north": { "texture": "#shriketree", "uv": [ 12.5, 6.5, 14.5, 14.5 ] },
								"east": { "texture": "#shriketree", "uv": [ 8.5, 4.0, 10.5, 12.0 ] },
								"south": { "texture": "#shriketree", "uv": [ 4.0, 2.5, 6.0, 10.5 ] },
								"west": { "texture": "#shriketree", "uv": [ 4.0, 0.0, 6.0, 8.0 ] },
								"up": { "texture": "#shriketree", "uv": [ 9.5, 13.0, 11.5, 15.0 ] },
								"down": { "texture": "#shriketree", "uv": [ 0.0, 0.0, 2.0, 2.0 ], "enabled": false }
							}
						},
						{
							"name": "thorn2",
							"from": [ 1.0, 3.0, 1.0 ],
							"to": [ 4.0, 8.0, 4.0 ],
							"rotationOrigin": [ 1.5, 3.0, 1.5 ],
							"rotationX": 30.0,
							"rotationY": -36.0,
							"rotationZ": -11.0,
							"faces": {
								"north": { "texture": "#shriketree", "uv": [ 8.0, 0.5, 11.0, 5.5 ] },
								"east": { "texture": "#shriketree", "uv": [ 10.5, 5.5, 13.5, 10.5 ] },
								"south": { "texture": "#shriketree", "uv": [ 11.5, 7.0, 14.5, 12.0 ] },
								"west": { "texture": "#shriketree", "uv": [ 6.0, 1.5, 9.0, 6.5 ] },
								"up": { "texture": "#shriketree", "uv": [ 1.0, 8.5, 4.0, 11.5 ] },
								"down": { "texture": "#shriketree", "uv": [ 0.0, 0.0, 3.0, 3.0 ], "enabled": false }
							}
						}
					]
				},
				{
					"name": "spike2",
					"from": [ 4.5, -0.9, 1.5 ],
					"to": [ 8.0, 15.1, 5.0 ],
					"rotationOrigin": [ 5.0, -0.9, 2.0 ],
					"rotationX": -58.0,
					"rotationY": -24.0,
					"rotationZ": -20.0,
					"faces": {
						"north": { "texture": "#shriketree", "uv": [ 8.5, 0.0, 12.0, 16.0 ] },
						"east": { "texture": "#shriketree", "uv": [ 8.5, 0.0, 12.0, 16.0 ] },
						"south": { "texture": "#shriketree", "uv": [ 5.5, 0.0, 9.0, 16.0 ] },
						"west": { "texture": "#shriketree", "uv": [ 0.0, 0.0, 3.5, 16.0 ] },
						"up": { "texture": "#shriketree", "uv": [ 6.0, 3.0, 9.5, 6.5 ] },
						"down": { "texture": "#shriketree", "uv": [ 0.5, 4.0, 4.0, 7.5 ] }
					}
				},
				{
					"name": "spike3",
					"from": [ -5.5, -0.5, -3.5 ],
					"to": [ -2.5, 10.5, -0.5 ],
					"rotationOrigin": [ -5.0, -0.5, -3.0 ],
					"rotationX": -58.0,
					"rotationY": -11.0,
					"rotationZ": -47.0,
					"faces": {
						"north": { "texture": "#shriketree", "uv": [ 0.0, 1.0, 3.0, 12.0 ] },
						"east": { "texture": "#shriketree", "uv": [ 5.0, 1.0, 8.0, 12.0 ] },
						"south": { "texture": "#shriketree", "uv": [ 0.5, 2.5, 3.5, 13.5 ] },
						"west": { "texture": "#shriketree", "uv": [ 6.0, 1.0, 9.0, 12.0 ] },
						"up": { "texture": "#shriketree", "uv": [ 10.0, 2.0, 13.0, 5.0 ] },
						"down": { "texture": "#shriketree", "uv": [ 3.0, 6.0, 6.0, 9.0 ] }
					}
				},
				{
					"name": "spike4",
					"from": [ -7.5, -0.9, 6.5 ],
					"to": [ -4.0, 15.1, 10.0 ],
					"rotationOrigin": [ -7.0, -0.9, 7.0 ],
					"rotationX": -58.0,
					"rotationY": -11.0,
					"rotationZ": -5.0,
					"faces": {
						"north": { "texture": "#shriketree", "uv": [ 0.0, 0.0, 3.5, 16.0 ] },
						"east": { "texture": "#shriketree", "uv": [ 2.0, 0.0, 5.5, 16.0 ] },
						"south": { "texture": "#shriketree", "uv": [ 11.5, 0.0, 15.0, 16.0 ] },
						"west": { "texture": "#shriketree", "uv": [ 1.5, 0.0, 5.0, 16.0 ] },
						"up": { "texture": "#shriketree", "uv": [ 1.0, 4.5, 4.5, 8.0 ] },
						"down": { "texture": "#shriketree", "uv": [ 1.0, 1.0, 4.5, 4.5 ] }
					},
					"children": [
						{
							"name": "thorn4",
							"from": [ 0.3, 15.5, 0.0 ],
							"to": [ 3.3, 26.5, 3.0 ],
							"rotationOrigin": [ 0.8, 15.5, 0.5 ],
							"rotationX": 28.0,
							"rotationZ": 17.0,
							"faces": {
								"north": { "texture": "#shriketree", "uv": [ 4.0, 0.5, 7.0, 11.5 ] },
								"east": { "texture": "#shriketree", "uv": [ 11.5, 0.5, 14.5, 11.5 ] },
								"south": { "texture": "#shriketree", "uv": [ 11.0, 4.0, 14.0, 15.0 ] },
								"west": { "texture": "#shriketree", "uv": [ 2.5, 0.5, 5.5, 11.5 ] },
								"up": { "texture": "#shriketree", "uv": [ 0.0, 0.0, 3.0, 3.0 ] },
								"down": { "texture": "#shriketree", "uv": [ 0.0, 0.0, 3.0, 3.0 ], "enabled": false }
							}
						}
					]
				}
			]
		},
		{
			"name": "originc",
			"from": [ 3.6, -0.8, 9.6 ],
			"to": [ 3.6, -0.8, 9.6 ],
			"rotationOrigin": [ 3.6, -0.8, 9.6 ],
			"rotationX": -10.0,
			"rotationY": 37.0,
			"rotationZ": 19.0,
			"faces": {
				"north": { "texture": "#grass5", "uv": [ 0.0, 0.0, 0.5, 0.5 ], "enabled": false },
				"east": { "texture": "#grass5", "uv": [ 0.0, 0.0, 0.5, 0.5 ], "enabled": false },
				"south": { "texture": "#grass5", "uv": [ 0.0, 0.0, 0.5, 0.5 ], "enabled": false },
				"west": { "texture": "#grass5", "uv": [ 0.0, 0.0, 0.5, 0.5 ], "enabled": false },
				"up": { "texture": "#grass5", "uv": [ 0.0, 0.0, 0.5, 0.5 ], "enabled": false },
				"down": { "texture": "#grass5", "uv": [ 0.0, 0.0, 0.5, 0.5 ], "enabled": false }
			},
			"children": [
				{
					"name": "W1",
					"from": [ 0.0, -1.2, -3.6 ],
					"to": [ 0.0, 12.0, 3.6 ],
					"shade": false,
					"renderPass": 3,
					"rotationOrigin": [ 0.0, 0.0, 0.0 ],
					"rotationX": -22.0,
					"rotationY": -19.0,
					"rotationZ": -19.0,
					"faces": {
						"north": { "texture": "#grass5", "uv": [ 0.0, 0.0, 0.5, 13.0 ], "enabled": false },
						"east": { "texture": "#grass5", "uv": [ 0.0, 0.0, 7.0, 13.0 ], "enabled": false },
						"south": { "texture": "#grass5", "uv": [ 0.0, 0.0, 0.5, 13.0 ], "enabled": false },
						"west": { "texture": "#grass5", "uv": [ 10.0, 1.5, 16.0, 12.5 ], "autoUv": false },
						"up": { "texture": "#grass5", "uv": [ 0.0, 0.0, 0.5, 7.0 ], "enabled": false },
						"down": { "texture": "#grass5", "uv": [ 0.0, 0.0, 0.5, 7.0 ], "enabled": false }
					}
				},
				{
					"name": "S1",
					"from": [ -3.6, 8.4, 0.0 ],
					"to": [ 1.2, 15.6, 0.0 ],
					"shade": false,
					"renderPass": 3,
					"rotationOrigin": [ -1.2, 12.0, 0.0 ],
					"rotationX": 33.0,
					"rotationY": 39.0,
					"faces": {
						"north": { "texture": "#grass5", "uv": [ 0.0, 0.0, 4.5, 7.0 ], "enabled": false },
						"east": { "texture": "#grass5", "uv": [ 0.0, 0.0, 0.5, 7.0 ], "enabled": false },
						"south": { "texture": "#grass5", "uv": [ 1.5, 5.5, 5.5, 11.5 ], "autoUv": false },
						"west": { "texture": "#grass5", "uv": [ 0.0, 0.0, 0.5, 7.0 ], "enabled": false },
						"up": { "texture": "#grass5", "uv": [ 0.0, 0.0, 4.5, 0.5 ], "enabled": false },
						"down": { "texture": "#grass5", "uv": [ 0.0, 0.0, 4.5, 0.5 ], "enabled": false }
					}
				},
				{
					"name": "N1",
					"from": [ -4.8, 1.2, 3.6 ],
					"to": [ 0.0, 6.0, 3.6 ],
					"shade": false,
					"renderPass": 3,
					"rotationOrigin": [ -2.4, 3.6, 3.6 ],
					"rotationX": 47.0,
					"rotationY": 36.0,
					"rotationZ": 8.0,
					"faces": {
						"north": { "texture": "#grass5", "uv": [ 11.0, 2.0, 15.0, 6.0 ], "autoUv": false },
						"east": { "texture": "#grass5", "uv": [ 0.0, 0.0, 0.5, 4.5 ], "enabled": false },
						"south": { "texture": "#grass5", "uv": [ 0.0, 0.0, 4.5, 4.5 ], "enabled": false },
						"west": { "texture": "#grass5", "uv": [ 0.0, 0.0, 0.5, 4.5 ], "enabled": false },
						"up": { "texture": "#grass5", "uv": [ 0.0, 0.0, 4.5, 0.5 ], "enabled": false },
						"down": { "texture": "#grass5", "uv": [ 0.0, 0.0, 4.5, 0.5 ], "enabled": false }
					}
				},
				{
					"name": "S2",
					"from": [ -2.4, 15.6, -2.4 ],
					"to": [ 2.4, 20.4, -2.4 ],
					"rotationOrigin": [ 0.0, 18.0, -2.4 ],
					"rotationX": -30.0,
					"rotationY": 14.0,
					"faces": {
						"north": { "texture": "#grass5", "uv": [ 0.0, 0.0, 4.5, 4.5 ], "enabled": false },
						"east": { "texture": "#grass5", "uv": [ 0.0, 0.0, 0.5, 4.5 ], "enabled": false },
						"south": { "texture": "#grass5", "uv": [ 5.0, 4.0, 9.0, 8.0 ], "autoUv": false },
						"west": { "texture": "#grass5", "uv": [ 0.0, 0.0, 0.5, 4.5 ], "enabled": false },
						"up": { "texture": "#grass5", "uv": [ 0.0, 0.0, 4.5, 0.5 ], "enabled": false },
						"down": { "texture": "#grass5", "uv": [ 0.0, 0.0, 4.5, 0.5 ], "enabled": false }
					}
				},
				{
					"name": "W2",
					"from": [ 0.0, 22.8, -1.2 ],
					"to": [ 0.0, 25.2, 1.2 ],
					"shade": false,
					"renderPass": 3,
					"rotationOrigin": [ 0.0, 24.0, 0.0 ],
					"rotationX": -22.0,
					"rotationY": -19.0,
					"rotationZ": -19.0,
					"faces": {
						"north": { "texture": "#grass5", "uv": [ 0.0, 0.0, 0.5, 2.0 ], "enabled": false },
						"east": { "texture": "#grass5", "uv": [ 0.0, 0.0, 2.0, 2.0 ], "enabled": false },
						"south": { "texture": "#grass5", "uv": [ 0.0, 0.0, 0.5, 2.0 ], "enabled": false },
						"west": { "texture": "#grass5", "uv": [ 4.5, 9.5, 6.5, 11.5 ], "autoUv": false },
						"up": { "texture": "#grass5", "uv": [ 0.0, 0.0, 0.5, 2.0 ], "enabled": false },
						"down": { "texture": "#grass5", "uv": [ 0.0, 0.0, 0.5, 2.0 ], "enabled": false }
					}
				},
				{
					"name": "originc3",
					"from": [ 0.0, 14.0, 0.0 ],
					"to": [ 0.0, 14.0, 0.0 ],
					"rotationOrigin": [ 0.0, 14.0, 0.0 ],
					"rotationX": -2.0,
					"rotationY": 1.0,
					"rotationZ": -8.0,
					"faces": {
						"north": { "texture": "#grass5", "uv": [ 0.0, 0.0, 0.5, 0.5 ], "enabled": false },
						"east": { "texture": "#grass5", "uv": [ 0.0, 0.0, 0.5, 0.5 ], "enabled": false },
						"south": { "texture": "#grass5", "uv": [ 0.0, 0.0, 0.5, 0.5 ], "enabled": false },
						"west": { "texture": "#grass5", "uv": [ 0.0, 0.0, 0.5, 0.5 ], "enabled": false },
						"up": { "texture": "#grass5", "uv": [ 0.0, 0.0, 0.5, 0.5 ], "enabled": false },
						"down": { "texture": "#grass5", "uv": [ 0.0, 0.0, 0.5, 0.5 ], "enabled": false }
					},
					"children": [
						{
							"name": "W5",
							"from": [ 0.0, -1.2, -3.6 ],
							"to": [ 0.0, 12.0, 3.6 ],
							"shade": false,
							"renderPass": 3,
							"rotationOrigin": [ 0.0, 0.0, 0.0 ],
							"rotationX": -14.0,
							"rotationY": -12.0,
							"rotationZ": -22.0,
							"faces": {
								"north": { "texture": "#grass5", "uv": [ 0.0, 0.0, 0.5, 13.0 ], "enabled": false },
								"east": { "texture": "#grass5", "uv": [ 0.0, 0.0, 7.0, 13.0 ], "enabled": false },
								"south": { "texture": "#grass5", "uv": [ 0.0, 0.0, 0.5, 13.0 ], "enabled": false },
								"west": { "texture": "#grass5", "uv": [ 10.0, 1.5, 16.0, 12.5 ], "autoUv": false },
								"up": { "texture": "#grass5", "uv": [ 0.0, 0.0, 0.5, 7.0 ], "enabled": false },
								"down": { "texture": "#grass5", "uv": [ 0.0, 0.0, 0.5, 7.0 ], "enabled": false }
							},
							"children": [
								{
									"name": "S5",
									"from": [ -6.263, 8.0392, 8.2411 ],
									"to": [ -1.463, 15.2392, 8.2411 ],
									"shade": false,
									"renderPass": 3,
									"rotationOrigin": [ -3.863, 11.6392, 8.241 ],
									"rotationX": 54.32,
									"rotationY": 54.63,
									"rotationZ": -10.88,
									"faces": {
										"north": { "texture": "#grass5", "uv": [ 0.0, 0.0, 4.5, 7.0 ], "enabled": false },
										"east": { "texture": "#grass5", "uv": [ 0.0, 0.0, 0.5, 7.0 ], "enabled": false },
										"south": { "texture": "#grass5", "uv": [ 1.5, 5.5, 5.5, 11.5 ], "autoUv": false },
										"west": { "texture": "#grass5", "uv": [ 0.0, 0.0, 0.5, 7.0 ], "enabled": false },
										"up": { "texture": "#grass5", "uv": [ 0.0, 0.0, 4.5, 0.5 ], "enabled": false },
										"down": { "texture": "#grass5", "uv": [ 0.0, 0.0, 4.5, 0.5 ], "enabled": false }
									},
									"children": [
										{
											"name": "N3",
											"from": [ -5.7117, -3.8841, 5.1466 ],
											"to": [ -0.9117, 0.9159, 5.1466 ],
											"shade": false,
											"renderPass": 3,
											"rotationOrigin": [ -3.3117, -1.4841, 5.1466 ],
											"rotationX": 11.2947,
											"rotationY": -2.1326,
											"rotationZ": 16.7633,
											"faces": {
												"north": { "texture": "#grass5", "uv": [ 11.0, 2.0, 15.0, 6.0 ], "autoUv": false },
												"east": { "texture": "#grass5", "uv": [ 0.0, 0.0, 0.5, 4.5 ], "enabled": false },
												"south": { "texture": "#grass5", "uv": [ 0.0, 0.0, 4.5, 4.5 ], "enabled": false },
												"west": { "texture": "#grass5", "uv": [ 0.0, 0.0, 0.5, 4.5 ], "enabled": false },
												"up": { "texture": "#grass5", "uv": [ 0.0, 0.0, 4.5, 0.5 ], "enabled": false },
												"down": { "texture": "#grass5", "uv": [ 0.0, 0.0, 4.5, 0.5 ], "enabled": false }
											},
											"children": [
												{
													"name": "S6",
													"from": [ 11.1906, 3.9133, -10.42 ],
													"to": [ 15.9906, 8.7133, -10.42 ],
													"rotationOrigin": [ 13.5906, 6.3133, -10.42 ],
													"rotationX": -71.0197,
													"rotationY": 11.4402,
													"rotationZ": -37.6318,
													"faces": {
														"north": { "texture": "#grass5", "uv": [ 0.0, 0.0, 4.5, 4.5 ], "enabled": false },
														"east": { "texture": "#grass5", "uv": [ 0.0, 0.0, 0.5, 4.5 ], "enabled": false },
														"south": { "texture": "#grass5", "uv": [ 5.0, 4.0, 9.0, 8.0 ], "autoUv": false },
														"west": { "texture": "#grass5", "uv": [ 0.0, 0.0, 0.5, 4.5 ], "enabled": false },
														"up": { "texture": "#grass5", "uv": [ 0.0, 0.0, 4.5, 0.5 ], "enabled": false },
														"down": { "texture": "#grass5", "uv": [ 0.0, 0.0, 4.5, 0.5 ], "enabled": false }
													},
													"children": [
														{
															"name": "W6",
															"from": [ 1.1714, 5.1962, 3.7276 ],
															"to": [ 1.1714, 7.5962, 6.1276 ],
															"shade": false,
															"renderPass": 3,
															"rotationOrigin": [ 1.1714, 6.3962, 4.9276 ],
															"rotationX": 9.0116,
															"rotationY": -32.848,
															"rotationZ": -16.7032,
															"faces": {
																"north": { "texture": "#grass5", "uv": [ 0.0, 0.0, 0.5, 2.0 ], "enabled": false },
																"east": { "texture": "#grass5", "uv": [ 0.0, 0.0, 2.0, 2.0 ], "enabled": false },
																"south": { "texture": "#grass5", "uv": [ 0.0, 0.0, 0.5, 2.0 ], "enabled": false },
																"west": { "texture": "#grass5", "uv": [ 4.5, 9.5, 6.5, 11.5 ], "autoUv": false },
																"up": { "texture": "#grass5", "uv": [ 0.0, 0.0, 0.5, 2.0 ], "enabled": false },
																"down": { "texture": "#grass5", "uv": [ 0.0, 0.0, 0.5, 2.0 ], "enabled": false }
															}
														}
													]
												}
											]
										}
									]
								}
							]
						}
					]
				}
			]
		},
		{
			"name": "origind",
			"from": [ 10.4, 0.3, 10.4 ],
			"to": [ 10.4, 0.3, 10.4 ],
			"rotationOrigin": [ 10.4, 0.3, 10.4 ],
			"faces": {
				"north": { "texture": "#grass5", "uv": [ 0.0, 0.0, 0.5, 0.5 ], "enabled": false },
				"east": { "texture": "#grass5", "uv": [ 0.0, 0.0, 0.5, 0.5 ], "enabled": false },
				"south": { "texture": "#grass5", "uv": [ 0.0, 0.0, 0.5, 0.5 ], "enabled": false },
				"west": { "texture": "#grass5", "uv": [ 0.0, 0.0, 0.5, 0.5 ], "enabled": false },
				"up": { "texture": "#grass5", "uv": [ 0.0, 0.0, 0.5, 0.5 ], "enabled": false },
				"down": { "texture": "#grass5", "uv": [ 0.0, 0.0, 0.5, 0.5 ], "enabled": false }
			},
			"children": [
				{
					"name": "E1",
					"from": [ 0.0, -1.3, -10.4 ],
					"to": [ 0.0, 13.0, 10.4 ],
					"shade": false,
					"renderPass": 3,
					"rotationOrigin": [ 0.0, 0.0, 0.0 ],
					"rotationY": -19.0,
					"rotationZ": 14.0,
					"faces": {
						"north": { "texture": "#grass5", "uv": [ 0.0, 0.0, 0.5, 14.0 ], "enabled": false },
						"east": { "texture": "#grass5", "uv": [ 0.0, 0.5, 16.0, 11.5 ], "autoUv": false, "windMode": [-1,-1,-1,-1] },
						"south": { "texture": "#grass5", "uv": [ 0.0, 0.0, 0.5, 14.0 ], "enabled": false },
						"west": { "texture": "#grass5", "uv": [ 0.0, 0.0, 20.5, 14.0 ], "enabled": false },
						"up": { "texture": "#grass5", "uv": [ 0.0, 0.0, 0.5, 20.5 ], "enabled": false },
						"down": { "texture": "#grass5", "uv": [ 0.0, 0.0, 0.5, 20.5 ], "enabled": false }
					}
				},
				{
					"name": "origin3",
					"from": [ 0.0036, 0.0, -0.0036 ],
					"to": [ 0.0036, 0.0, -0.0036 ],
					"rotationOrigin": [ 0.0, 0.0, 0.0 ],
					"rotationY": 89.9802,
					"faces": {
						"north": { "texture": "#grass5", "uv": [ 0.0, 0.0, 0.5, 0.5 ], "enabled": false },
						"east": { "texture": "#grass5", "uv": [ 0.0, 0.0, 0.5, 0.5 ], "enabled": false },
						"south": { "texture": "#grass5", "uv": [ 0.0, 0.0, 0.5, 0.5 ], "enabled": false },
						"west": { "texture": "#grass5", "uv": [ 0.0, 0.0, 0.5, 0.5 ], "enabled": false },
						"up": { "texture": "#grass5", "uv": [ 0.0, 0.0, 0.5, 0.5 ], "enabled": false },
						"down": { "texture": "#grass5", "uv": [ 0.0, 0.0, 0.5, 0.5 ], "enabled": false }
					},
					"children": [
						{
							"name": "E2",
							"from": [ 0.0, -1.3, -10.4 ],
							"to": [ 0.0, 13.0, 10.4 ],
							"shade": false,
							"renderPass": 3,
							"rotationOrigin": [ 0.0, 0.0, 0.0 ],
							"rotationY": -19.0,
							"rotationZ": 14.0,
							"faces": {
								"north": { "texture": "#grass5", "uv": [ 0.0, 0.0, 0.5, 14.0 ], "enabled": false },
								"east": { "texture": "#grass5", "uv": [ 0.0, 0.5, 16.0, 11.5 ], "autoUv": false, "windMode": [-1,-1,-1,-1] },
								"south": { "texture": "#grass5", "uv": [ 0.0, 0.0, 0.5, 14.0 ], "enabled": false },
								"west": { "texture": "#grass5", "uv": [ 0.0, 0.0, 20.5, 14.0 ], "enabled": false },
								"up": { "texture": "#grass5", "uv": [ 0.0, 0.0, 0.5, 20.5 ], "enabled": false },
								"down": { "texture": "#grass5", "uv": [ 0.0, 0.0, 0.5, 20.5 ], "enabled": false }
							}
						}
					]
				}
			]
		},
		{
			"name": "originc2",
			"from": [ 13.6, -0.8, 3.6 ],
			"to": [ 13.6, -0.8, 3.6 ],
			"rotationOrigin": [ 13.6, -0.8, 3.6 ],
			"rotationX": 7.0,
			"rotationY": 207.0,
			"rotationZ": 15.0,
			"faces": {
				"north": { "texture": "#grass5", "uv": [ 0.0, 0.0, 0.5, 0.5 ], "enabled": false },
				"east": { "texture": "#grass5", "uv": [ 0.0, 0.0, 0.5, 0.5 ], "enabled": false },
				"south": { "texture": "#grass5", "uv": [ 0.0, 0.0, 0.5, 0.5 ], "enabled": false },
				"west": { "texture": "#grass5", "uv": [ 0.0, 0.0, 0.5, 0.5 ], "enabled": false },
				"up": { "texture": "#grass5", "uv": [ 0.0, 0.0, 0.5, 0.5 ], "enabled": false },
				"down": { "texture": "#grass5", "uv": [ 0.0, 0.0, 0.5, 0.5 ], "enabled": false }
			},
			"children": [
				{
					"name": "W3",
					"from": [ 0.0, -1.2, -3.6 ],
					"to": [ 0.0, 12.0, 3.6 ],
					"shade": false,
					"renderPass": 3,
					"rotationOrigin": [ 0.0, 0.0, 0.0 ],
					"rotationX": -22.0,
					"rotationY": -19.0,
					"rotationZ": -19.0,
					"faces": {
						"north": { "texture": "#grass5", "uv": [ 0.0, 0.0, 0.5, 13.0 ], "enabled": false },
						"east": { "texture": "#grass5", "uv": [ 0.0, 0.0, 7.0, 13.0 ], "enabled": false },
						"south": { "texture": "#grass5", "uv": [ 0.0, 0.0, 0.5, 13.0 ], "enabled": false },
						"west": { "texture": "#grass5", "uv": [ 10.0, 1.5, 16.0, 12.5 ], "autoUv": false },
						"up": { "texture": "#grass5", "uv": [ 0.0, 0.0, 0.5, 7.0 ], "enabled": false },
						"down": { "texture": "#grass5", "uv": [ 0.0, 0.0, 0.5, 7.0 ], "enabled": false }
					}
				},
				{
					"name": "S3",
					"from": [ -3.6, 8.4, 0.0 ],
					"to": [ 1.2, 15.6, 0.0 ],
					"shade": false,
					"renderPass": 3,
					"rotationOrigin": [ -1.2, 12.0, 0.0 ],
					"rotationX": 33.0,
					"rotationY": 39.0,
					"faces": {
						"north": { "texture": "#grass5", "uv": [ 0.0, 0.0, 4.5, 7.0 ], "enabled": false },
						"east": { "texture": "#grass5", "uv": [ 0.0, 0.0, 0.5, 7.0 ], "enabled": false },
						"south": { "texture": "#grass5", "uv": [ 1.5, 5.5, 5.5, 11.5 ], "autoUv": false },
						"west": { "texture": "#grass5", "uv": [ 0.0, 0.0, 0.5, 7.0 ], "enabled": false },
						"up": { "texture": "#grass5", "uv": [ 0.0, 0.0, 4.5, 0.5 ], "enabled": false },
						"down": { "texture": "#grass5", "uv": [ 0.0, 0.0, 4.5, 0.5 ], "enabled": false }
					}
				},
				{
					"name": "N2",
					"from": [ -4.8, 1.2, 3.6 ],
					"to": [ 0.0, 6.0, 3.6 ],
					"shade": false,
					"renderPass": 3,
					"rotationOrigin": [ -2.4, 3.6, 3.6 ],
					"rotationX": 47.0,
					"rotationY": 36.0,
					"rotationZ": 8.0,
					"faces": {
						"north": { "texture": "#grass5", "uv": [ 11.0, 2.0, 15.0, 6.0 ], "autoUv": false },
						"east": { "texture": "#grass5", "uv": [ 0.0, 0.0, 0.5, 4.5 ], "enabled": false },
						"south": { "texture": "#grass5", "uv": [ 0.0, 0.0, 4.5, 4.5 ], "enabled": false },
						"west": { "texture": "#grass5", "uv": [ 0.0, 0.0, 0.5, 4.5 ], "enabled": false },
						"up": { "texture": "#grass5", "uv": [ 0.0, 0.0, 4.5, 0.5 ], "enabled": false },
						"down": { "texture": "#grass5", "uv": [ 0.0, 0.0, 4.5, 0.5 ], "enabled": false }
					}
				},
				{
					"name": "S4",
					"from": [ -2.4, 15.6, -2.4 ],
					"to": [ 2.4, 20.4, -2.4 ],
					"rotationOrigin": [ 0.0, 18.0, -2.4 ],
					"rotationX": -30.0,
					"rotationY": 14.0,
					"faces": {
						"north": { "texture": "#grass5", "uv": [ 0.0, 0.0, 4.5, 4.5 ], "enabled": false },
						"east": { "texture": "#grass5", "uv": [ 0.0, 0.0, 0.5, 4.5 ], "enabled": false },
						"south": { "texture": "#grass5", "uv": [ 5.0, 4.0, 9.0, 8.0 ], "autoUv": false },
						"west": { "texture": "#grass5", "uv": [ 0.0, 0.0, 0.5, 4.5 ], "enabled": false },
						"up": { "texture": "#grass5", "uv": [ 0.0, 0.0, 4.5, 0.5 ], "enabled": false },
						"down": { "texture": "#grass5", "uv": [ 0.0, 0.0, 4.5, 0.5 ], "enabled": false }
					}
				},
				{
					"name": "W4",
					"from": [ 0.0, 22.8, -1.2 ],
					"to": [ 0.0, 25.2, 1.2 ],
					"shade": false,
					"renderPass": 3,
					"rotationOrigin": [ 0.0, 24.0, 0.0 ],
					"rotationX": -22.0,
					"rotationY": -19.0,
					"rotationZ": -19.0,
					"faces": {
						"north": { "texture": "#grass5", "uv": [ 0.0, 0.0, 0.5, 2.0 ], "enabled": false },
						"east": { "texture": "#grass5", "uv": [ 0.0, 0.0, 2.0, 2.0 ], "enabled": false },
						"south": { "texture": "#grass5", "uv": [ 0.0, 0.0, 0.5, 2.0 ], "enabled": false },
						"west": { "texture": "#grass5", "uv": [ 4.5, 9.5, 6.5, 11.5 ], "autoUv": false },
						"up": { "texture": "#grass5", "uv": [ 0.0, 0.0, 0.5, 2.0 ], "enabled": false },
						"down": { "texture": "#grass5", "uv": [ 0.0, 0.0, 0.5, 2.0 ], "enabled": false }
					}
				}
			]
		},
		{
			"name": "originc4",
			"from": [ 16.6, -0.8, 9.6 ],
			"to": [ 16.6, -0.8, 9.6 ],
			"rotationOrigin": [ 16.6, -0.8, 9.6 ],
			"rotationY": 180.0,
			"rotationZ": 9.0,
			"faces": {
				"north": { "texture": "#grass5", "uv": [ 0.0, 0.0, 0.5, 0.5 ], "enabled": false },
				"east": { "texture": "#grass5", "uv": [ 0.0, 0.0, 0.5, 0.5 ], "enabled": false },
				"south": { "texture": "#grass5", "uv": [ 0.0, 0.0, 0.5, 0.5 ], "enabled": false },
				"west": { "texture": "#grass5", "uv": [ 0.0, 0.0, 0.5, 0.5 ], "enabled": false },
				"up": { "texture": "#grass5", "uv": [ 0.0, 0.0, 0.5, 0.5 ], "enabled": false },
				"down": { "texture": "#grass5", "uv": [ 0.0, 0.0, 0.5, 0.5 ], "enabled": false }
			},
			"children": [
				{
					"name": "W7",
					"from": [ 0.0, -1.2, -3.6 ],
					"to": [ 0.0, 12.0, 3.6 ],
					"shade": false,
					"renderPass": 3,
					"rotationOrigin": [ 0.0, 0.0, 0.0 ],
					"rotationX": -22.0,
					"rotationY": -19.0,
					"rotationZ": -19.0,
					"faces": {
						"north": { "texture": "#grass5", "uv": [ 0.0, 0.0, 0.5, 13.0 ], "enabled": false },
						"east": { "texture": "#grass5", "uv": [ 0.0, 0.0, 7.0, 13.0 ], "enabled": false },
						"south": { "texture": "#grass5", "uv": [ 0.0, 0.0, 0.5, 13.0 ], "enabled": false },
						"west": { "texture": "#grass5", "uv": [ 10.0, 1.5, 16.0, 12.5 ], "autoUv": false },
						"up": { "texture": "#grass5", "uv": [ 0.0, 0.0, 0.5, 7.0 ], "enabled": false },
						"down": { "texture": "#grass5", "uv": [ 0.0, 0.0, 0.5, 7.0 ], "enabled": false }
					}
				},
				{
					"name": "S7",
					"from": [ -3.6, 8.4, 0.0 ],
					"to": [ 1.2, 15.6, 0.0 ],
					"shade": false,
					"renderPass": 3,
					"rotationOrigin": [ -1.2, 12.0, 0.0 ],
					"rotationX": 33.0,
					"rotationY": 39.0,
					"faces": {
						"north": { "texture": "#grass5", "uv": [ 0.0, 0.0, 4.5, 7.0 ], "enabled": false },
						"east": { "texture": "#grass5", "uv": [ 0.0, 0.0, 0.5, 7.0 ], "enabled": false },
						"south": { "texture": "#grass5", "uv": [ 1.5, 5.5, 5.5, 11.5 ], "autoUv": false },
						"west": { "texture": "#grass5", "uv": [ 0.0, 0.0, 0.5, 7.0 ], "enabled": false },
						"up": { "texture": "#grass5", "uv": [ 0.0, 0.0, 4.5, 0.5 ], "enabled": false },
						"down": { "texture": "#grass5", "uv": [ 0.0, 0.0, 4.5, 0.5 ], "enabled": false }
					}
				},
				{
					"name": "N4",
					"from": [ -4.8, 1.2, 3.6 ],
					"to": [ 0.0, 6.0, 3.6 ],
					"shade": false,
					"renderPass": 3,
					"rotationOrigin": [ -2.4, 3.6, 3.6 ],
					"rotationX": 47.0,
					"rotationY": 36.0,
					"rotationZ": 8.0,
					"faces": {
						"north": { "texture": "#grass5", "uv": [ 11.0, 2.0, 15.0, 6.0 ], "autoUv": false },
						"east": { "texture": "#grass5", "uv": [ 0.0, 0.0, 0.5, 4.5 ], "enabled": false },
						"south": { "texture": "#grass5", "uv": [ 0.0, 0.0, 4.5, 4.5 ], "enabled": false },
						"west": { "texture": "#grass5", "uv": [ 0.0, 0.0, 0.5, 4.5 ], "enabled": false },
						"up": { "texture": "#grass5", "uv": [ 0.0, 0.0, 4.5, 0.5 ], "enabled": false },
						"down": { "texture": "#grass5", "uv": [ 0.0, 0.0, 4.5, 0.5 ], "enabled": false }
					}
				},
				{
					"name": "S8",
					"from": [ -2.4, 15.6, -2.4 ],
					"to": [ 2.4, 20.4, -2.4 ],
					"rotationOrigin": [ 0.0, 18.0, -2.4 ],
					"rotationX": -30.0,
					"rotationY": 14.0,
					"faces": {
						"north": { "texture": "#grass5", "uv": [ 0.0, 0.0, 4.5, 4.5 ], "enabled": false },
						"east": { "texture": "#grass5", "uv": [ 0.0, 0.0, 0.5, 4.5 ], "enabled": false },
						"south": { "texture": "#grass5", "uv": [ 5.0, 4.0, 9.0, 8.0 ], "autoUv": false },
						"west": { "texture": "#grass5", "uv": [ 0.0, 0.0, 0.5, 4.5 ], "enabled": false },
						"up": { "texture": "#grass5", "uv": [ 0.0, 0.0, 4.5, 0.5 ], "enabled": false },
						"down": { "texture": "#grass5", "uv": [ 0.0, 0.0, 4.5, 0.5 ], "enabled": false }
					}
				},
				{
					"name": "W8",
					"from": [ 0.0, 22.8, -1.2 ],
					"to": [ 0.0, 25.2, 1.2 ],
					"shade": false,
					"renderPass": 3,
					"rotationOrigin": [ 0.0, 24.0, 0.0 ],
					"rotationX": -22.0,
					"rotationY": -19.0,
					"rotationZ": -19.0,
					"faces": {
						"north": { "texture": "#grass5", "uv": [ 0.0, 0.0, 0.5, 2.0 ], "enabled": false },
						"east": { "texture": "#grass5", "uv": [ 0.0, 0.0, 2.0, 2.0 ], "enabled": false },
						"south": { "texture": "#grass5", "uv": [ 0.0, 0.0, 0.5, 2.0 ], "enabled": false },
						"west": { "texture": "#grass5", "uv": [ 4.5, 9.5, 6.5, 11.5 ], "autoUv": false },
						"up": { "texture": "#grass5", "uv": [ 0.0, 0.0, 0.5, 2.0 ], "enabled": false },
						"down": { "texture": "#grass5", "uv": [ 0.0, 0.0, 0.5, 2.0 ], "enabled": false }
					}
				},
				{
					"name": "originc5",
					"from": [ 0.0, 14.0, 0.0 ],
					"to": [ 0.0, 14.0, 0.0 ],
					"rotationOrigin": [ 0.0, 14.0, 0.0 ],
					"rotationX": -2.0,
					"rotationY": 1.0,
					"rotationZ": -8.0,
					"faces": {
						"north": { "texture": "#grass5", "uv": [ 0.0, 0.0, 0.5, 0.5 ], "enabled": false },
						"east": { "texture": "#grass5", "uv": [ 0.0, 0.0, 0.5, 0.5 ], "enabled": false },
						"south": { "texture": "#grass5", "uv": [ 0.0, 0.0, 0.5, 0.5 ], "enabled": false },
						"west": { "texture": "#grass5", "uv": [ 0.0, 0.0, 0.5, 0.5 ], "enabled": false },
						"up": { "texture": "#grass5", "uv": [ 0.0, 0.0, 0.5, 0.5 ], "enabled": false },
						"down": { "texture": "#grass5", "uv": [ 0.0, 0.0, 0.5, 0.5 ], "enabled": false }
					},
					"children": [
						{
							"name": "W9",
							"from": [ 0.0, -1.2, -3.6 ],
							"to": [ 0.0, 12.0, 3.6 ],
							"shade": false,
							"renderPass": 3,
							"rotationOrigin": [ 0.0, 0.0, 0.0 ],
							"rotationX": -14.0,
							"rotationY": -12.0,
							"rotationZ": -22.0,
							"faces": {
								"north": { "texture": "#grass5", "uv": [ 0.0, 0.0, 0.5, 13.0 ], "enabled": false },
								"east": { "texture": "#grass5", "uv": [ 0.0, 0.0, 7.0, 13.0 ], "enabled": false },
								"south": { "texture": "#grass5", "uv": [ 0.0, 0.0, 0.5, 13.0 ], "enabled": false },
								"west": { "texture": "#grass5", "uv": [ 10.0, 1.5, 16.0, 12.5 ], "autoUv": false },
								"up": { "texture": "#grass5", "uv": [ 0.0, 0.0, 0.5, 7.0 ], "enabled": false },
								"down": { "texture": "#grass5", "uv": [ 0.0, 0.0, 0.5, 7.0 ], "enabled": false }
							},
							"children": [
								{
									"name": "S9",
									"from": [ -6.263, 8.0392, 8.2411 ],
									"to": [ -1.463, 15.2392, 8.2411 ],
									"shade": false,
									"renderPass": 3,
									"rotationOrigin": [ -3.863, 11.6392, 8.241 ],
									"rotationX": 54.32,
									"rotationY": 54.63,
									"rotationZ": -10.88,
									"faces": {
										"north": { "texture": "#grass5", "uv": [ 0.0, 0.0, 4.5, 7.0 ], "enabled": false },
										"east": { "texture": "#grass5", "uv": [ 0.0, 0.0, 0.5, 7.0 ], "enabled": false },
										"south": { "texture": "#grass5", "uv": [ 1.5, 5.5, 5.5, 11.5 ], "autoUv": false },
										"west": { "texture": "#grass5", "uv": [ 0.0, 0.0, 0.5, 7.0 ], "enabled": false },
										"up": { "texture": "#grass5", "uv": [ 0.0, 0.0, 4.5, 0.5 ], "enabled": false },
										"down": { "texture": "#grass5", "uv": [ 0.0, 0.0, 4.5, 0.5 ], "enabled": false }
									},
									"children": [
										{
											"name": "N5",
											"from": [ -5.7117, -3.8841, 5.1466 ],
											"to": [ -0.9117, 0.9159, 5.1466 ],
											"shade": false,
											"renderPass": 3,
											"rotationOrigin": [ -3.3117, -1.4841, 5.1466 ],
											"rotationX": 11.2947,
											"rotationY": -2.1326,
											"rotationZ": 16.7633,
											"faces": {
												"north": { "texture": "#grass5", "uv": [ 11.0, 2.0, 15.0, 6.0 ], "autoUv": false },
												"east": { "texture": "#grass5", "uv": [ 0.0, 0.0, 0.5, 4.5 ], "enabled": false },
												"south": { "texture": "#grass5", "uv": [ 0.0, 0.0, 4.5, 4.5 ], "enabled": false },
												"west": { "texture": "#grass5", "uv": [ 0.0, 0.0, 0.5, 4.5 ], "enabled": false },
												"up": { "texture": "#grass5", "uv": [ 0.0, 0.0, 4.5, 0.5 ], "enabled": false },
												"down": { "texture": "#grass5", "uv": [ 0.0, 0.0, 4.5, 0.5 ], "enabled": false }
											},
											"children": [
												{
													"name": "S10",
													"from": [ 11.1906, 3.9133, -10.42 ],
													"to": [ 15.9906, 8.7133, -10.42 ],
													"rotationOrigin": [ 13.5906, 6.3133, -10.42 ],
													"rotationX": -71.0197,
													"rotationY": 11.4402,
													"rotationZ": -37.6318,
													"faces": {
														"north": { "texture": "#grass5", "uv": [ 0.0, 0.0, 4.5, 4.5 ], "enabled": false },
														"east": { "texture": "#grass5", "uv": [ 0.0, 0.0, 0.5, 4.5 ], "enabled": false },
														"south": { "texture": "#grass5", "uv": [ 5.0, 4.0, 9.0, 8.0 ], "autoUv": false },
														"west": { "texture": "#grass5", "uv": [ 0.0, 0.0, 0.5, 4.5 ], "enabled": false },
														"up": { "texture": "#grass5", "uv": [ 0.0, 0.0, 4.5, 0.5 ], "enabled": false },
														"down": { "texture": "#grass5", "uv": [ 0.0, 0.0, 4.5, 0.5 ], "enabled": false }
													},
													"children": [
														{
															"name": "W10",
															"from": [ 1.1714, 5.1962, 3.7276 ],
															"to": [ 1.1714, 7.5962, 6.1276 ],
															"shade": false,
															"renderPass": 3,
															"rotationOrigin": [ 1.1714, 6.3962, 4.9276 ],
															"rotationX": 9.0116,
															"rotationY": -32.848,
															"rotationZ": -16.7032,
															"faces": {
																"north": { "texture": "#grass5", "uv": [ 0.0, 0.0, 0.5, 2.0 ], "enabled": false },
																"east": { "texture": "#grass5", "uv": [ 0.0, 0.0, 2.0, 2.0 ], "enabled": false },
																"south": { "texture": "#grass5", "uv": [ 0.0, 0.0, 0.5, 2.0 ], "enabled": false },
																"west": { "texture": "#grass5", "uv": [ 4.5, 9.5, 6.5, 11.5 ], "autoUv": false },
																"up": { "texture": "#grass5", "uv": [ 0.0, 0.0, 0.5, 2.0 ], "enabled": false },
																"down": { "texture": "#grass5", "uv": [ 0.0, 0.0, 0.5, 2.0 ], "enabled": false }
															}
														}
													]
												}
											]
										}
									]
								}
							]
						}
					]
				}
			]
		},
		{
			"name": "originc6",
			"from": [ 7.6, -0.8, 16.6 ],
			"to": [ 7.6, -0.8, 16.6 ],
			"rotationOrigin": [ 7.6, -0.8, 16.6 ],
			"rotationX": -10.0,
			"rotationY": 113.5,
			"rotationZ": 25.0,
			"faces": {
				"north": { "texture": "#grass5", "uv": [ 0.0, 0.0, 0.5, 0.5 ], "enabled": false },
				"east": { "texture": "#grass5", "uv": [ 0.0, 0.0, 0.5, 0.5 ], "enabled": false },
				"south": { "texture": "#grass5", "uv": [ 0.0, 0.0, 0.5, 0.5 ], "enabled": false },
				"west": { "texture": "#grass5", "uv": [ 0.0, 0.0, 0.5, 0.5 ], "enabled": false },
				"up": { "texture": "#grass5", "uv": [ 0.0, 0.0, 0.5, 0.5 ], "enabled": false },
				"down": { "texture": "#grass5", "uv": [ 0.0, 0.0, 0.5, 0.5 ], "enabled": false }
			},
			"children": [
				{
					"name": "W11",
					"from": [ 0.0, -1.2, -3.6 ],
					"to": [ 0.0, 12.0, 3.6 ],
					"shade": false,
					"renderPass": 3,
					"rotationOrigin": [ 0.0, 0.0, 0.0 ],
					"rotationX": -22.0,
					"rotationY": -19.0,
					"rotationZ": -19.0,
					"faces": {
						"north": { "texture": "#grass5", "uv": [ 0.0, 0.0, 0.5, 13.0 ], "enabled": false },
						"east": { "texture": "#grass5", "uv": [ 0.0, 0.0, 7.0, 13.0 ], "enabled": false },
						"south": { "texture": "#grass5", "uv": [ 0.0, 0.0, 0.5, 13.0 ], "enabled": false },
						"west": { "texture": "#grass5", "uv": [ 10.0, 1.5, 16.0, 12.5 ], "autoUv": false },
						"up": { "texture": "#grass5", "uv": [ 0.0, 0.0, 0.5, 7.0 ], "enabled": false },
						"down": { "texture": "#grass5", "uv": [ 0.0, 0.0, 0.5, 7.0 ], "enabled": false }
					}
				},
				{
					"name": "S11",
					"from": [ -3.6, 8.4, 0.0 ],
					"to": [ 1.2, 15.6, 0.0 ],
					"shade": false,
					"renderPass": 3,
					"rotationOrigin": [ -1.2, 12.0, 0.0 ],
					"rotationX": 33.0,
					"rotationY": 39.0,
					"faces": {
						"north": { "texture": "#grass5", "uv": [ 0.0, 0.0, 4.5, 7.0 ], "enabled": false },
						"east": { "texture": "#grass5", "uv": [ 0.0, 0.0, 0.5, 7.0 ], "enabled": false },
						"south": { "texture": "#grass5", "uv": [ 1.5, 5.5, 5.5, 11.5 ], "autoUv": false },
						"west": { "texture": "#grass5", "uv": [ 0.0, 0.0, 0.5, 7.0 ], "enabled": false },
						"up": { "texture": "#grass5", "uv": [ 0.0, 0.0, 4.5, 0.5 ], "enabled": false },
						"down": { "texture": "#grass5", "uv": [ 0.0, 0.0, 4.5, 0.5 ], "enabled": false }
					}
				},
				{
					"name": "N6",
					"from": [ -4.8, 1.2, 3.6 ],
					"to": [ 0.0, 6.0, 3.6 ],
					"shade": false,
					"renderPass": 3,
					"rotationOrigin": [ -2.4, 3.6, 3.6 ],
					"rotationX": 47.0,
					"rotationY": 36.0,
					"rotationZ": 8.0,
					"faces": {
						"north": { "texture": "#grass5", "uv": [ 11.0, 2.0, 15.0, 6.0 ], "autoUv": false },
						"east": { "texture": "#grass5", "uv": [ 0.0, 0.0, 0.5, 4.5 ], "enabled": false },
						"south": { "texture": "#grass5", "uv": [ 0.0, 0.0, 4.5, 4.5 ], "enabled": false },
						"west": { "texture": "#grass5", "uv": [ 0.0, 0.0, 0.5, 4.5 ], "enabled": false },
						"up": { "texture": "#grass5", "uv": [ 0.0, 0.0, 4.5, 0.5 ], "enabled": false },
						"down": { "texture": "#grass5", "uv": [ 0.0, 0.0, 4.5, 0.5 ], "enabled": false }
					}
				},
				{
					"name": "S12",
					"from": [ -2.4, 15.6, -2.4 ],
					"to": [ 2.4, 20.4, -2.4 ],
					"rotationOrigin": [ 0.0, 18.0, -2.4 ],
					"rotationX": -30.0,
					"rotationY": 14.0,
					"faces": {
						"north": { "texture": "#grass5", "uv": [ 0.0, 0.0, 4.5, 4.5 ], "enabled": false },
						"east": { "texture": "#grass5", "uv": [ 0.0, 0.0, 0.5, 4.5 ], "enabled": false },
						"south": { "texture": "#grass5", "uv": [ 5.0, 4.0, 9.0, 8.0 ], "autoUv": false },
						"west": { "texture": "#grass5", "uv": [ 0.0, 0.0, 0.5, 4.5 ], "enabled": false },
						"up": { "texture": "#grass5", "uv": [ 0.0, 0.0, 4.5, 0.5 ], "enabled": false },
						"down": { "texture": "#grass5", "uv": [ 0.0, 0.0, 4.5, 0.5 ], "enabled": false }
					}
				},
				{
					"name": "W12",
					"from": [ 0.0, 22.8, -1.2 ],
					"to": [ 0.0, 25.2, 1.2 ],
					"shade": false,
					"renderPass": 3,
					"rotationOrigin": [ 0.0, 24.0, 0.0 ],
					"rotationX": -22.0,
					"rotationY": -19.0,
					"rotationZ": -19.0,
					"faces": {
						"north": { "texture": "#grass5", "uv": [ 0.0, 0.0, 0.5, 2.0 ], "enabled": false },
						"east": { "texture": "#grass5", "uv": [ 0.0, 0.0, 2.0, 2.0 ], "enabled": false },
						"south": { "texture": "#grass5", "uv": [ 0.0, 0.0, 0.5, 2.0 ], "enabled": false },
						"west": { "texture": "#grass5", "uv": [ 4.5, 9.5, 6.5, 11.5 ], "autoUv": false },
						"up": { "texture": "#grass5", "uv": [ 0.0, 0.0, 0.5, 2.0 ], "enabled": false },
						"down": { "texture": "#grass5", "uv": [ 0.0, 0.0, 0.5, 2.0 ], "enabled": false }
					}
				},
				{
					"name": "originc7",
					"from": [ 0.0, 14.0, 0.0 ],
					"to": [ 0.0, 14.0, 0.0 ],
					"rotationOrigin": [ 0.0, 14.0, 0.0 ],
					"rotationX": -2.0,
					"rotationY": 1.0,
					"rotationZ": -8.0,
					"faces": {
						"north": { "texture": "#grass5", "uv": [ 0.0, 0.0, 0.5, 0.5 ], "enabled": false },
						"east": { "texture": "#grass5", "uv": [ 0.0, 0.0, 0.5, 0.5 ], "enabled": false },
						"south": { "texture": "#grass5", "uv": [ 0.0, 0.0, 0.5, 0.5 ], "enabled": false },
						"west": { "texture": "#grass5", "uv": [ 0.0, 0.0, 0.5, 0.5 ], "enabled": false },
						"up": { "texture": "#grass5", "uv": [ 0.0, 0.0, 0.5, 0.5 ], "enabled": false },
						"down": { "texture": "#grass5", "uv": [ 0.0, 0.0, 0.5, 0.5 ], "enabled": false }
					},
					"children": [
						{
							"name": "W13",
							"from": [ 0.0, -1.2, -3.6 ],
							"to": [ 0.0, 12.0, 3.6 ],
							"shade": false,
							"renderPass": 3,
							"rotationOrigin": [ 0.0, 0.0, 0.0 ],
							"rotationX": -14.0,
							"rotationY": -12.0,
							"rotationZ": -22.0,
							"faces": {
								"north": { "texture": "#grass5", "uv": [ 0.0, 0.0, 0.5, 13.0 ], "enabled": false },
								"east": { "texture": "#grass5", "uv": [ 0.0, 0.0, 7.0, 13.0 ], "enabled": false },
								"south": { "texture": "#grass5", "uv": [ 0.0, 0.0, 0.5, 13.0 ], "enabled": false },
								"west": { "texture": "#grass5", "uv": [ 10.0, 1.5, 16.0, 12.5 ], "autoUv": false },
								"up": { "texture": "#grass5", "uv": [ 0.0, 0.0, 0.5, 7.0 ], "enabled": false },
								"down": { "texture": "#grass5", "uv": [ 0.0, 0.0, 0.5, 7.0 ], "enabled": false }
							},
							"children": [
								{
									"name": "S13",
									"from": [ -6.263, 8.0392, 8.2411 ],
									"to": [ -1.463, 15.2392, 8.2411 ],
									"shade": false,
									"renderPass": 3,
									"rotationOrigin": [ -3.863, 11.6392, 8.241 ],
									"rotationX": 54.32,
									"rotationY": 54.63,
									"rotationZ": -10.88,
									"faces": {
										"north": { "texture": "#grass5", "uv": [ 0.0, 0.0, 4.5, 7.0 ], "enabled": false },
										"east": { "texture": "#grass5", "uv": [ 0.0, 0.0, 0.5, 7.0 ], "enabled": false },
										"south": { "texture": "#grass5", "uv": [ 1.5, 5.5, 5.5, 11.5 ], "autoUv": false },
										"west": { "texture": "#grass5", "uv": [ 0.0, 0.0, 0.5, 7.0 ], "enabled": false },
										"up": { "texture": "#grass5", "uv": [ 0.0, 0.0, 4.5, 0.5 ], "enabled": false },
										"down": { "texture": "#grass5", "uv": [ 0.0, 0.0, 4.5, 0.5 ], "enabled": false }
									},
									"children": [
										{
											"name": "N7",
											"from": [ -5.7117, -3.8841, 5.1466 ],
											"to": [ -0.9117, 0.9159, 5.1466 ],
											"shade": false,
											"renderPass": 3,
											"rotationOrigin": [ -3.3117, -1.4841, 5.1466 ],
											"rotationX": 11.2947,
											"rotationY": -2.1326,
											"rotationZ": 16.7633,
											"faces": {
												"north": { "texture": "#grass5", "uv": [ 11.0, 2.0, 15.0, 6.0 ], "autoUv": false },
												"east": { "texture": "#grass5", "uv": [ 0.0, 0.0, 0.5, 4.5 ], "enabled": false },
												"south": { "texture": "#grass5", "uv": [ 0.0, 0.0, 4.5, 4.5 ], "enabled": false },
												"west": { "texture": "#grass5", "uv": [ 0.0, 0.0, 0.5, 4.5 ], "enabled": false },
												"up": { "texture": "#grass5", "uv": [ 0.0, 0.0, 4.5, 0.5 ], "enabled": false },
												"down": { "texture": "#grass5", "uv": [ 0.0, 0.0, 4.5, 0.5 ], "enabled": false }
											},
											"children": [
												{
													"name": "S14",
													"from": [ 11.1906, 3.9133, -10.42 ],
													"to": [ 15.9906, 8.7133, -10.42 ],
													"rotationOrigin": [ 13.5906, 6.3133, -10.42 ],
													"rotationX": -71.0197,
													"rotationY": 11.4402,
													"rotationZ": -37.6318,
													"faces": {
														"north": { "texture": "#grass5", "uv": [ 0.0, 0.0, 4.5, 4.5 ], "enabled": false },
														"east": { "texture": "#grass5", "uv": [ 0.0, 0.0, 0.5, 4.5 ], "enabled": false },
														"south": { "texture": "#grass5", "uv": [ 5.0, 4.0, 9.0, 8.0 ], "autoUv": false },
														"west": { "texture": "#grass5", "uv": [ 0.0, 0.0, 0.5, 4.5 ], "enabled": false },
														"up": { "texture": "#grass5", "uv": [ 0.0, 0.0, 4.5, 0.5 ], "enabled": false },
														"down": { "texture": "#grass5", "uv": [ 0.0, 0.0, 4.5, 0.5 ], "enabled": false }
													},
													"children": [
														{
															"name": "W14",
															"from": [ 1.1714, 5.1962, 3.7276 ],
															"to": [ 1.1714, 7.5962, 6.1276 ],
															"shade": false,
															"renderPass": 3,
															"rotationOrigin": [ 1.1714, 6.3962, 4.9276 ],
															"rotationX": 9.0116,
															"rotationY": -32.848,
															"rotationZ": -16.7032,
															"faces": {
																"north": { "texture": "#grass5", "uv": [ 0.0, 0.0, 0.5, 2.0 ], "enabled": false },
																"east": { "texture": "#grass5", "uv": [ 0.0, 0.0, 2.0, 2.0 ], "enabled": false },
																"south": { "texture": "#grass5", "uv": [ 0.0, 0.0, 0.5, 2.0 ], "enabled": false },
																"west": { "texture": "#grass5", "uv": [ 4.5, 9.5, 6.5, 11.5 ], "autoUv": false },
																"up": { "texture": "#grass5", "uv": [ 0.0, 0.0, 0.5, 2.0 ], "enabled": false },
																"down": { "texture": "#grass5", "uv": [ 0.0, 0.0, 0.5, 2.0 ], "enabled": false }
															}
														}
													]
												}
											]
										}
									]
								}
							]
						}
					]
				}
			]
		},
		{
			"name": "originc8",
			"from": [ 11.6, -0.8, 4.6 ],
			"to": [ 11.6, -0.8, 4.6 ],
			"rotationOrigin": [ 11.6, -0.8, 4.6 ],
			"rotationX": -10.0,
			"rotationY": -67.5,
			"rotationZ": 11.0,
			"faces": {
				"north": { "texture": "#grass5", "uv": [ 0.0, 0.0, 0.5, 0.5 ], "enabled": false },
				"east": { "texture": "#grass5", "uv": [ 0.0, 0.0, 0.5, 0.5 ], "enabled": false },
				"south": { "texture": "#grass5", "uv": [ 0.0, 0.0, 0.5, 0.5 ], "enabled": false },
				"west": { "texture": "#grass5", "uv": [ 0.0, 0.0, 0.5, 0.5 ], "enabled": false },
				"up": { "texture": "#grass5", "uv": [ 0.0, 0.0, 0.5, 0.5 ], "enabled": false },
				"down": { "texture": "#grass5", "uv": [ 0.0, 0.0, 0.5, 0.5 ], "enabled": false }
			},
			"children": [
				{
					"name": "W15",
					"from": [ 0.0, -1.2, -3.6 ],
					"to": [ 0.0, 12.0, 3.6 ],
					"shade": false,
					"renderPass": 3,
					"rotationOrigin": [ 0.0, 0.0, 0.0 ],
					"rotationX": -22.0,
					"rotationY": -19.0,
					"rotationZ": -19.0,
					"faces": {
						"north": { "texture": "#grass5", "uv": [ 0.0, 0.0, 0.5, 13.0 ], "enabled": false },
						"east": { "texture": "#grass5", "uv": [ 0.0, 0.0, 7.0, 13.0 ], "enabled": false },
						"south": { "texture": "#grass5", "uv": [ 0.0, 0.0, 0.5, 13.0 ], "enabled": false },
						"west": { "texture": "#grass5", "uv": [ 10.0, 1.5, 16.0, 12.5 ], "autoUv": false },
						"up": { "texture": "#grass5", "uv": [ 0.0, 0.0, 0.5, 7.0 ], "enabled": false },
						"down": { "texture": "#grass5", "uv": [ 0.0, 0.0, 0.5, 7.0 ], "enabled": false }
					}
				},
				{
					"name": "S15",
					"from": [ -3.6, 8.4, 0.0 ],
					"to": [ 1.2, 15.6, 0.0 ],
					"shade": false,
					"renderPass": 3,
					"rotationOrigin": [ -1.2, 12.0, 0.0 ],
					"rotationX": 33.0,
					"rotationY": 39.0,
					"faces": {
						"north": { "texture": "#grass5", "uv": [ 0.0, 0.0, 4.5, 7.0 ], "enabled": false },
						"east": { "texture": "#grass5", "uv": [ 0.0, 0.0, 0.5, 7.0 ], "enabled": false },
						"south": { "texture": "#grass5", "uv": [ 1.5, 5.5, 5.5, 11.5 ], "autoUv": false },
						"west": { "texture": "#grass5", "uv": [ 0.0, 0.0, 0.5, 7.0 ], "enabled": false },
						"up": { "texture": "#grass5", "uv": [ 0.0, 0.0, 4.5, 0.5 ], "enabled": false },
						"down": { "texture": "#grass5", "uv": [ 0.0, 0.0, 4.5, 0.5 ], "enabled": false }
					}
				},
				{
					"name": "N8",
					"from": [ -4.8, 1.2, 3.6 ],
					"to": [ 0.0, 6.0, 3.6 ],
					"shade": false,
					"renderPass": 3,
					"rotationOrigin": [ -2.4, 3.6, 3.6 ],
					"rotationX": 47.0,
					"rotationY": 36.0,
					"rotationZ": 8.0,
					"faces": {
						"north": { "texture": "#grass5", "uv": [ 11.0, 2.0, 15.0, 6.0 ], "autoUv": false },
						"east": { "texture": "#grass5", "uv": [ 0.0, 0.0, 0.5, 4.5 ], "enabled": false },
						"south": { "texture": "#grass5", "uv": [ 0.0, 0.0, 4.5, 4.5 ], "enabled": false },
						"west": { "texture": "#grass5", "uv": [ 0.0, 0.0, 0.5, 4.5 ], "enabled": false },
						"up": { "texture": "#grass5", "uv": [ 0.0, 0.0, 4.5, 0.5 ], "enabled": false },
						"down": { "texture": "#grass5", "uv": [ 0.0, 0.0, 4.5, 0.5 ], "enabled": false }
					}
				},
				{
					"name": "S16",
					"from": [ -2.4, 15.6, -2.4 ],
					"to": [ 2.4, 20.4, -2.4 ],
					"rotationOrigin": [ 0.0, 18.0, -2.4 ],
					"rotationX": -30.0,
					"rotationY": 14.0,
					"faces": {
						"north": { "texture": "#grass5", "uv": [ 0.0, 0.0, 4.5, 4.5 ], "enabled": false },
						"east": { "texture": "#grass5", "uv": [ 0.0, 0.0, 0.5, 4.5 ], "enabled": false },
						"south": { "texture": "#grass5", "uv": [ 5.0, 4.0, 9.0, 8.0 ], "autoUv": false },
						"west": { "texture": "#grass5", "uv": [ 0.0, 0.0, 0.5, 4.5 ], "enabled": false },
						"up": { "texture": "#grass5", "uv": [ 0.0, 0.0, 4.5, 0.5 ], "enabled": false },
						"down": { "texture": "#grass5", "uv": [ 0.0, 0.0, 4.5, 0.5 ], "enabled": false }
					}
				},
				{
					"name": "W16",
					"from": [ 0.0, 22.8, -1.2 ],
					"to": [ 0.0, 25.2, 1.2 ],
					"shade": false,
					"renderPass": 3,
					"rotationOrigin": [ 0.0, 24.0, 0.0 ],
					"rotationX": -22.0,
					"rotationY": -19.0,
					"rotationZ": -19.0,
					"faces": {
						"north": { "texture": "#grass5", "uv": [ 0.0, 0.0, 0.5, 2.0 ], "enabled": false },
						"east": { "texture": "#grass5", "uv": [ 0.0, 0.0, 2.0, 2.0 ], "enabled": false },
						"south": { "texture": "#grass5", "uv": [ 0.0, 0.0, 0.5, 2.0 ], "enabled": false },
						"west": { "texture": "#grass5", "uv": [ 4.5, 9.5, 6.5, 11.5 ], "autoUv": false },
						"up": { "texture": "#grass5", "uv": [ 0.0, 0.0, 0.5, 2.0 ], "enabled": false },
						"down": { "texture": "#grass5", "uv": [ 0.0, 0.0, 0.5, 2.0 ], "enabled": false }
					}
				},
				{
					"name": "originc9",
					"from": [ 0.0, 14.0, 0.0 ],
					"to": [ 0.0, 14.0, 0.0 ],
					"rotationOrigin": [ 0.0, 14.0, 0.0 ],
					"rotationX": -2.0,
					"rotationY": 1.0,
					"rotationZ": -8.0,
					"faces": {
						"north": { "texture": "#grass5", "uv": [ 0.0, 0.0, 0.5, 0.5 ], "enabled": false },
						"east": { "texture": "#grass5", "uv": [ 0.0, 0.0, 0.5, 0.5 ], "enabled": false },
						"south": { "texture": "#grass5", "uv": [ 0.0, 0.0, 0.5, 0.5 ], "enabled": false },
						"west": { "texture": "#grass5", "uv": [ 0.0, 0.0, 0.5, 0.5 ], "enabled": false },
						"up": { "texture": "#grass5", "uv": [ 0.0, 0.0, 0.5, 0.5 ], "enabled": false },
						"down": { "texture": "#grass5", "uv": [ 0.0, 0.0, 0.5, 0.5 ], "enabled": false }
					},
					"children": [
						{
							"name": "W17",
							"from": [ 0.0, -1.2, -3.6 ],
							"to": [ 0.0, 12.0, 3.6 ],
							"shade": false,
							"renderPass": 3,
							"rotationOrigin": [ 0.0, 0.0, 0.0 ],
							"rotationX": -14.0,
							"rotationY": -12.0,
							"rotationZ": -22.0,
							"faces": {
								"north": { "texture": "#grass5", "uv": [ 0.0, 0.0, 0.5, 13.0 ], "enabled": false },
								"east": { "texture": "#grass5", "uv": [ 0.0, 0.0, 7.0, 13.0 ], "enabled": false },
								"south": { "texture": "#grass5", "uv": [ 0.0, 0.0, 0.5, 13.0 ], "enabled": false },
								"west": { "texture": "#grass5", "uv": [ 10.0, 1.5, 16.0, 12.5 ], "autoUv": false },
								"up": { "texture": "#grass5", "uv": [ 0.0, 0.0, 0.5, 7.0 ], "enabled": false },
								"down": { "texture": "#grass5", "uv": [ 0.0, 0.0, 0.5, 7.0 ], "enabled": false }
							},
							"children": [
								{
									"name": "S17",
									"from": [ -6.263, 8.0392, 8.2411 ],
									"to": [ -1.463, 15.2392, 8.2411 ],
									"shade": false,
									"renderPass": 3,
									"rotationOrigin": [ -3.863, 11.6392, 8.241 ],
									"rotationX": 54.32,
									"rotationY": 54.63,
									"rotationZ": -10.88,
									"faces": {
										"north": { "texture": "#grass5", "uv": [ 0.0, 0.0, 4.5, 7.0 ], "enabled": false },
										"east": { "texture": "#grass5", "uv": [ 0.0, 0.0, 0.5, 7.0 ], "enabled": false },
										"south": { "texture": "#grass5", "uv": [ 1.5, 5.5, 5.5, 11.5 ], "autoUv": false },
										"west": { "texture": "#grass5", "uv": [ 0.0, 0.0, 0.5, 7.0 ], "enabled": false },
										"up": { "texture": "#grass5", "uv": [ 0.0, 0.0, 4.5, 0.5 ], "enabled": false },
										"down": { "texture": "#grass5", "uv": [ 0.0, 0.0, 4.5, 0.5 ], "enabled": false }
									},
									"children": [
										{
											"name": "N9",
											"from": [ -5.7117, -3.8841, 5.1466 ],
											"to": [ -0.9117, 0.9159, 5.1466 ],
											"shade": false,
											"renderPass": 3,
											"rotationOrigin": [ -3.3117, -1.4841, 5.1466 ],
											"rotationX": 11.2947,
											"rotationY": -2.1326,
											"rotationZ": 16.7633,
											"faces": {
												"north": { "texture": "#grass5", "uv": [ 11.0, 2.0, 15.0, 6.0 ], "autoUv": false },
												"east": { "texture": "#grass5", "uv": [ 0.0, 0.0, 0.5, 4.5 ], "enabled": false },
												"south": { "texture": "#grass5", "uv": [ 0.0, 0.0, 4.5, 4.5 ], "enabled": false },
												"west": { "texture": "#grass5", "uv": [ 0.0, 0.0, 0.5, 4.5 ], "enabled": false },
												"up": { "texture": "#grass5", "uv": [ 0.0, 0.0, 4.5, 0.5 ], "enabled": false },
												"down": { "texture": "#grass5", "uv": [ 0.0, 0.0, 4.5, 0.5 ], "enabled": false }
											},
											"children": [
												{
													"name": "S18",
													"from": [ 11.1906, 3.9133, -10.42 ],
													"to": [ 15.9906, 8.7133, -10.42 ],
													"rotationOrigin": [ 13.5906, 6.3133, -10.42 ],
													"rotationX": -71.0197,
													"rotationY": 11.4402,
													"rotationZ": -37.6318,
													"faces": {
														"north": { "texture": "#grass5", "uv": [ 0.0, 0.0, 4.5, 4.5 ], "enabled": false },
														"east": { "texture": "#grass5", "uv": [ 0.0, 0.0, 0.5, 4.5 ], "enabled": false },
														"south": { "texture": "#grass5", "uv": [ 5.0, 4.0, 9.0, 8.0 ], "autoUv": false },
														"west": { "texture": "#grass5", "uv": [ 0.0, 0.0, 0.5, 4.5 ], "enabled": false },
														"up": { "texture": "#grass5", "uv": [ 0.0, 0.0, 4.5, 0.5 ], "enabled": false },
														"down": { "texture": "#grass5", "uv": [ 0.0, 0.0, 4.5, 0.5 ], "enabled": false }
													},
													"children": [
														{
															"name": "W18",
															"from": [ 1.1714, 5.1962, 3.7276 ],
															"to": [ 1.1714, 7.5962, 6.1276 ],
															"shade": false,
															"renderPass": 3,
															"rotationOrigin": [ 1.1714, 6.3962, 4.9276 ],
															"rotationX": 9.0116,
															"rotationY": -32.848,
															"rotationZ": -16.7032,
															"faces": {
																"north": { "texture": "#grass5", "uv": [ 0.0, 0.0, 0.5, 2.0 ], "enabled": false },
																"east": { "texture": "#grass5", "uv": [ 0.0, 0.0, 2.0, 2.0 ], "enabled": false },
																"south": { "texture": "#grass5", "uv": [ 0.0, 0.0, 0.5, 2.0 ], "enabled": false },
																"west": { "texture": "#grass5", "uv": [ 4.5, 9.5, 6.5, 11.5 ], "autoUv": false },
																"up": { "texture": "#grass5", "uv": [ 0.0, 0.0, 0.5, 2.0 ], "enabled": false },
																"down": { "texture": "#grass5", "uv": [ 0.0, 0.0, 0.5, 2.0 ], "enabled": false }
															}
														}
													]
												}
											]
										}
									]
								}
							]
						}
					]
				}
			]
		}
	],
	"animations": [
	]
}