[
  {
    "file": "game:entities/humanoid/player",
    "op": "Add",
    "path": "/client/animations/-",
    "value": {
      "code": "knifecutnew",
      "animation": "knifecutnew",
      "blendMode": "AddAverage",
      "animationSpeed": 1.0,
      "holdEyePosAfterEasein": 0.3,
      "easeOutSpeed": 20.0,
      "attributes": {
        "soundAtFrame": 15,
        "damageAtFrame": 15,
        "authorative": false
      },
      "elementWeight": {
	"ItemAnchor": 25,
        "Head": 25,
        "UpperArmR": 25,
        "UpperArmR": 25,
        "UpperArmR": 25,
        "UpperArmL": 25
      },
      "elementBlendMode": {
	"ItemAnchor": "AddAverage",
        "Head": "AddAverage",
        "UpperArmR": "AddAverage",
        "LowerArmR": "AddAverage",
        "UpperArmL": "AddAverage",
        "LowerArmL": "AddAverage"
      }
    }
  },
  {
    "file": "game:shapes/entity/humanoid/seraph-faceless",
    "op": "Add",
    "path": "/animations/-",
    "value": {
      "name": "KnifeCutnew",
      "code": "knifecutnew",
      "quantityframes": 40,
      "onActivityStopped": "EaseOut",
      "onAnimationEnd": "Repeat",
      "keyframes": [
				{
					"frame": 0,
					"elements": {
						"UpperTorso": { "rotationX": 0.0, "rotationY": -1.0, "rotationZ": 7.0 },
						"UpperArmR": { "rotationX": 61.0, "rotationY": 22.0, "rotationZ": -75.0 },
						"LowerArmR": { "offsetX": 0.0, "offsetY": 1.0, "offsetZ": 0.0, "rotationX": 25.0, "rotationY": 0.0, "rotationZ": -40.0 },
						"UpperArmL": { "rotationX": -7.0, "rotationY": -3.0, "rotationZ": -33.0 },
						"LowerArmL": { "offsetX": 0.0, "offsetY": 0.8, "offsetZ": 0.0, "rotationX": 0.0, "rotationY": 0.0, "rotationZ": -55.0 },
						"Head": { "rotationX": 0.0, "rotationY": 0.0, "rotationZ": 7.0 }
					}
				},
				{
					"frame": 10,
					"elements": {
						"UpperArmR": { "rotationX": 28.0, "rotationY": 11.0, "rotationZ": -33.0 },
						"LowerArmR": { "rotationX": 25.0, "rotationY": 17.0, "rotationZ": -40.0 },
						"UpperArmL": { "rotationX": -7.0, "rotationY": -3.0, "rotationZ": -33.0 }
					}
				},
				{
					"frame": 20,
					"elements": {
						"UpperTorso": { "rotationX": 0.0, "rotationY": -1.0, "rotationZ": 7.0 },
						"UpperArmR": { "rotationX": 61.0, "rotationY": 22.0, "rotationZ": -75.0 },
						"LowerArmR": { "offsetX": 0.0, "offsetY": 1.0, "offsetZ": 0.0, "rotationX": 25.0, "rotationY": 0.0, "rotationZ": -40.0 },
						"UpperArmL": { "rotationX": -7.0, "rotationY": -3.0, "rotationZ": -33.0 },
						"LowerArmL": { "offsetX": 0.0, "offsetY": 0.8, "offsetZ": 0.0, "rotationX": 0.0, "rotationY": 0.0, "rotationZ": -55.0 },
						"Head": { "rotationX": 0.0, "rotationY": 0.0, "rotationZ": 7.0 }
					}
				},
				{
					"frame": 30,
					"elements": {
						"UpperTorso": { "rotationX": 0.0, "rotationY": -1.0, "rotationZ": 7.0 },
						"UpperArmR": { "rotationX": 28.0, "rotationY": 11.0, "rotationZ": -33.0 },
						"LowerArmR": { "offsetX": 0.0, "offsetY": 1.0, "offsetZ": 0.0, "rotationX": 25.0, "rotationY": 17.0, "rotationZ": -40.0 },
						"UpperArmL": { "rotationX": -7.0, "rotationY": -3.0, "rotationZ": -33.0 },
						"LowerArmL": { "offsetX": 0.0, "offsetY": 0.8, "offsetZ": 0.0, "rotationX": 0.0, "rotationY": 0.0, "rotationZ": -55.0 },
						"Head": { "rotationX": 0.0, "rotationY": 0.0, "rotationZ": 7.0 }
					}
				},
				{
					"frame": 39,
					"elements": {
						"UpperTorso": { "rotationX": 0.0, "rotationY": -1.0, "rotationZ": 7.0 },
						"UpperArmR": { "rotationX": 61.0, "rotationY": 22.0, "rotationZ": -75.0 },
						"LowerArmR": { "rotationX": 25.0, "rotationY": 0.0, "rotationZ": -40.0 },
						"UpperArmL": { "rotationX": -7.0, "rotationY": -3.0, "rotationZ": -33.0 },
						"LowerArmL": { "offsetX": 0.0, "offsetY": 0.8, "offsetZ": 0.0, "rotationX": 0.0, "rotationY": 0.0, "rotationZ": -55.0 },
						"Head": { "rotationX": 0.0, "rotationY": 0.0, "rotationZ": 7.0 }
					}
        }
      ]
    }
  }
]
