{
	"editor": {
		"allAngles": false,
		"entityTextureMode": false
	},
	"textureWidth": 16,
	"textureHeight": 16,
	"textureSizes": {
	},
	"textures": {
		"flat": "game:block/plant/lichen/oldmans/flat"
	},
	"elements": [
		{
			"name": "Nest",
			"from": [ 6.0, 0.0, 6.0 ],
			"to": [ 10.0, 5.0, 10.0 ],
			"rotationOrigin": [ 6.0, 0.0, 6.0 ],
			"faces": {
				"north": { "texture": "#flat", "uv": [ 5.5, 5.0, 9.5, 10.0 ] },
				"east": { "texture": "#flat", "uv": [ 6.5, 4.5, 10.5, 9.5 ] },
				"south": { "texture": "#flat", "uv": [ 7.5, 5.5, 11.5, 10.5 ] },
				"west": { "texture": "#flat", "uv": [ 6.5, 7.0, 10.5, 12.0 ] },
				"up": { "texture": "#flat", "uv": [ 7.5, 3.5, 11.5, 7.5 ] }
			}
		},
		{
			"name": "Nest2",
			"from": [ 6.5, 0.1, 6.5 ],
			"to": [ 9.5, 4.1, 9.5 ],
			"rotationOrigin": [ 8.0, 0.1, 8.0 ],
			"rotationY": 45.0,
			"faces": {
				"north": { "texture": "#flat", "uv": [ 5.5, 5.0, 8.5, 9.0 ] },
				"east": { "texture": "#flat", "uv": [ 6.5, 4.5, 9.5, 8.5 ] },
				"south": { "texture": "#flat", "uv": [ 7.5, 5.5, 10.5, 9.5 ] },
				"west": { "texture": "#flat", "uv": [ 6.5, 7.0, 9.5, 11.0 ] },
				"up": { "texture": "#flat", "uv": [ 7.5, 3.5, 10.5, 6.5 ] }
			}
		}
	],
	"animations": [
		{
			"name": "Idle",
			"code": "idle",
			"quantityframes": 2,
			"onActivityStopped": "EaseOut",
			"onAnimationEnd": "Repeat",
			"keyframes": [
				{
					"frame": 0,
					"elements": {
						"Nest": { "offsetX": 0.0, "offsetY": 0.0, "offsetZ": 0.0 }
					}
				}
			]
		}
	]}