[
  {
    "op": "addmerge",
    "path": "/server/behaviors/11/aitasks/2/entityCodes/-",
    "value": "diprotodontidae-*",
    "file": "game:entities/animal/bird/chicken-adult.json",
    "side": "Server"
  },
  {
    "op": "addmerge",
    "path": "/server/behaviors/11/aitasks/1/entityCodes/-",
    "value": "thylacoleonidae-*",
    "file": "game:entities/animal/bird/chicken-adult.json",
    "side": "Server"
  },
  {
    "op": "addmerge",
    "path": "/server/behaviors/11/aitasks/2/entityCodes/-",
    "value": "thylacoleonidae-*",
    "file": "game:entities/animal/bird/chicken-adult.json",
    "side": "Server"
  },
  {
    "op": "addmerge",
    "path": "/server/behaviors/11/aitasks/4/entityCodes/-",
    "value": "thylacoleonidae-*",
    "file": "game:entities/animal/bird/chicken-adult.json",
    "side": "Server"
  }
]