[
  {
    "op": "addmerge",
    "path": "/server/behaviors/9/aitasks/2/entityCodesByType/*/-",
    "value": "diprotodontidae-baby-*",
    "file": "game:entities/animal/mammal/bear-adult.json",
    "side": "Server"
  },
  {
    "op": "addmerge",
    "path": "/server/behaviors/9/aitasks/2/entityCodesByType/*/-",
    "value": "thylacoleonidae-baby-*",
    "file": "game:entities/animal/mammal/bear-adult.json",
    "side": "Server"
  },
  {
    "op": "addmerge",
    "path": "/server/behaviors/9/aitasks/2/entityCodesByType/*/-",
    "value": "vombatidae-*",
    "file": "game:entities/animal/mammal/bear-adult.json",
    "side": "Server"
  },
  {
    "op": "addmerge",
    "path": "/server/behaviors/9/aitasks/3/entityCodes/-",
    "value": "diprotodontidae-baby-*",
    "file": "game:entities/animal/mammal/bear-adult.json",
    "side": "Server"
  },
  {
    "op": "addmerge",
    "path": "/server/behaviors/9/aitasks/3/entityCodes/-",
    "value": "thylacoleonidae-baby-*",
    "file": "game:entities/animal/mammal/bear-adult.json",
    "side": "Server"
  },
  {
    "op": "addmerge",
    "path": "/server/behaviors/9/aitasks/3/entityCodes/-",
    "value": "vombatidae-*",
    "file": "game:entities/animal/mammal/bear-adult.json",
    "side": "Server"
  },
  {
    "op": "addmerge",
    "path": "/server/behaviors/9/aitasks/4/entityCodes/-",
    "value": "thylacoleonidae-adult-*",
    "file": "game:entities/animal/mammal/bear-adult.json",
    "side": "Server"
  }
]