[
  {
    "op": "addmerge",
    "path": "/server/behaviors/10/aitasks/0/entityCodes/-",
    "value": "diprotodontidae-baby-*",
    "file": "game:entities/animal/mammal/wolf-adult.json",
    "side": "Server"
  },
  {
    "op": "addmerge",
    "path": "/server/behaviors/10/aitasks/0/entityCodes/-",
    "value": "thylacoleonidae-baby-*",
    "file": "game:entities/animal/mammal/wolf-adult.json",
    "side": "Server"
  },
  {
    "op": "addmerge",
    "path": "/server/behaviors/10/aitasks/0/entityCodes/-",
    "value": "vombatidae-*",
    "file": "game:entities/animal/mammal/wolf-adult.json",
    "side": "Server"
  },
  {
    "op": "addmerge",
    "path": "/server/behaviors/10/aitasks/2/entityCodes/-",
    "value": "thylacoleonidae-baby-*",
    "file": "game:entities/animal/mammal/wolf-adult.json",
    "side": "Server"
  },
  {
    "op": "addmerge",
    "path": "/server/behaviors/10/aitasks/2/entityCodes/-",
    "value": "vombatidae-*",
    "file": "game:entities/animal/mammal/wolf-adult.json",
    "side": "Server"
  },
  {
    "op": "addmerge",
    "path": "/server/behaviors/10/aitasks/3/entityCodes/-",
    "value": "thylacoleonidae-adult-*",
    "file": "game:entities/animal/mammal/wolf-adult.json",
    "side": "Server"
  },
  {
    "op": "addmerge",
    "path": "/server/behaviors/10/aitasks/5/entityCodes/-",
    "value": "diprotodontidae-baby*",
    "file": "game:entities/animal/mammal/wolf-adult.json",
    "side": "Server"
  },
  {
    "op": "addmerge",
    "path": "/server/behaviors/10/aitasks/5/entityCodes/-0",
    "value": "thylacoleonidae-baby-*",
    "file": "game:entities/animal/mammal/wolf-adult.json",
    "side": "Server"
  },
  {
    "op": "addmerge",
    "path": "/server/behaviors/10/aitasks/5/entityCodes/-",
    "value": "vombatidae-*",
    "file": "game:entities/animal/mammal/wolf-adult.json",
    "side": "Server"
  }
]