[
	{
		"code": "freibergite",
		"triesPerChunk": 2,
		"withOreMap": true,
		"handbookPageCode": "item-nugget-freibergite",
		"generator": "disc-followsurface",
		"attributes": {
			"inblock": { "code": "rock-*", "name": "rock", "allowedVariants": ["bauxite", "phyllite", "slate", "redmarble", "greenmarble", "whitemarble","schist","gneiss","migmatite"] },
			"surfaceBlock": { "code": "looseores-freibergite-{rock}-free" },
			"placeblock": {
				"code": "ore-*-freibergite-{rock}",
				"name": "grade",
				"allowedVariantsByInBlock": {
					"rock-bauxite": ["poor", "medium", "rich"],
					"rock-phyllite": ["poor", "medium", "rich", "bountiful"],
					"rock-slate": ["poor", "medium", "rich", "bountiful"],
					"rock-redmarble": ["poor", "medium", "rich"],
					"rock-greenmarble": ["poor", "medium", "rich"],
					"rock-whitemarble": ["poor", "medium", "rich"],
					"rock-schist": ["poor", "medium", "rich", "bountiful"],
					"rock-gneiss": ["poor", "medium", "rich"],
					"rock-migmatite":["poor"]
				}
			},
			
			"genSurfaceBlockChance": 0.35,
			"surfaceBlockChance": 0.33,
			"radius": { "dist": "gaussian", "avg": 2, "var": 1 },
			"yPosRel": { "dist": "uniform", "avg": 0.45, "var": 0.5 },
			"thickness": { "dist": "gaussian", "avg": 1.2, "var": 3 }
		}
	}
]
