[
	{
		"code": "tetrahedrite",
		"triesPerChunk": 7,
		"withOreMap": true,
		"handbookPageCode": "item-nugget-tetrahedrite",
		"generator": "disc-followsurface",
		"attributes": {
			"inblock": { "code": "rock-*", "name": "rock", "allowedVariants": ["bauxite", "phyllite", "slate", "redmarble", "greenmarble", "whitemarble","schist","gneiss","migmatite"] },
			"surfaceBlock": { "code": "looseores-tetrahedrite-{rock}-free" },
			"placeblock": {
				"code": "ore-*-tetrahedrite-{rock}",
				"name": "grade",
				"allowedVariantsByInBlock": {
					"rock-bauxite": ["poor", "medium", "rich"],
					"rock-phyllite": ["poor", "medium", "rich", "bountiful"],
					"rock-slate": ["poor", "medium", "rich", "bountiful"],
					"rock-redmarble": ["poor", "medium", "rich"],
					"rock-greenmarble": ["poor", "medium", "rich"],
					"rock-whitemarble": ["poor", "medium", "rich"],
					"rock-schist": ["poor", "medium", "rich", "bountiful"],
					"rock-gneiss": ["poor", "medium", "rich"],
					"rock-migmatite":["poor"]
				}
			},
			
			"genSurfaceBlockChance": 0.35,
			"surfaceBlockChance": 0.33,
			"radius": { "dist": "gaussian", "avg": 4, "var": 6 },
			"yPosRel": { "dist": "uniform", "avg": 0.5, "var": 0.35 },
			"thickness": { "dist": "gaussian", "avg": 1.2, "var": 3 }
		},
		"childDeposits": [
			{
				"code": "freibergite",
				"triesPerChunk": 40,
				"withOreMap": true,
				"handbookPageCode": "item-nugget-freibergite",
				"generator": "childdeposit-pointcloud",
				"attributes": {
					"randomTries": { "avg": 60 },
					"placeblock": { "code": "ore-*-freibergite-{rock}", "name": "grade", "allowedVariants": ["poor", "medium", "rich","bountiful"] },
					"surfaceBlock": { "code": "looseores-freibergite-{rock}-free" },
					"surfaceBlockChance": 0.1,
					"radius": { "dist": "gaussian", "avg": 2, "var": 1 },
					"thickness": { "dist": "invexp", "avg": 2, "var": 1 }
				}
			}
		]
	}
]
