[
  {
	"file": "game:blocktypes/plant/crop/flax",
	"op": "replace",
	"path": "/class",
	"value": "ageofflax:BlockCropFlax"
  },
  {
	"file": "game:blocktypes/plant/crop/flax",
	"op": "replace",
	"path": "/dropsByType",
	"value": {
	  "*-9": [
		{ "type": "item", "code": "ageofflax:flaxbundle-unprocessed", "quantity": { "avg": 1 }  }
	  ],
	  "*-8": [
		{ "type": "item", "code": "ageofflax:flaxbundle-unprocessed", "quantity": { "avg": 0.5 }  }
	  ],
	  "*-1": [
		{ "type": "item", "code": "game:seeds-flax", "quantity": { "avg": 1 }  }
	  ],
	  "*": [
		{ "type": "item", "code": "game:seeds-flax", "quantity": { "avg": 0.7 }  }
	  ]
	},
	"side": "server"
  },
  {
    "file": "game:blocktypes/plant/crop/flax",
    "op": "addmerge",
    "path": "/cropProps",
    "value": {
      "coldDamageRipeMul": 0.5,
      "damageGrowthStuntMul": 0.0
	}
  }
]