[
  {
    "op": "move",
    "file": "game:shapes/block/metal/lantern/ceiling.json",
    "fromPath": "/elements/0/children/5",
    "path": "/elements/-"
  },
  {
    "op": "add",
    "file": "game:shapes/block/metal/lantern/ceiling.json",
    "path": "/elements/0/rotationOrigin",
    "value": [8, 10, 8]
  },
  {
    "op": "replace",
    "file": "game:shapes/block/metal/lantern/ceiling.json",
    "path": "/elements/1/from",
    "value": [7, 11, 7]
  },
  {
    "op": "replace",
    "file": "game:shapes/block/metal/lantern/ceiling.json",
    "path": "/elements/1/to",
    "value": [9, 16, 9]
  }
]
