{
  "editor": { "allAngles": false, "entityTextureMode": false },
  "textureWidth": 16,
  "textureHeight": 16,
  "textureSizes": {

  },
  "textures": { "hook": "game:block/metal/sheet/copper1" },
  "elements": [
    {
      "name": "Hook",
      "from": [7.5, 0.0, 7.5],
      "to": [8.5, 1.7, 8.06],
      "rotationOrigin": [7.0, 0.0, 7.5],
      "rotationX": -90.0,
      "faces": {
        "north": { "texture": "#hook", "uv": [0.0, 0.0, 1.0, 1.5] },
        "east": { "texture": "#hook", "uv": [0.0, 0.0, 0.5, 1.5] },
        "south": { "texture": "#hook", "uv": [0.0, 0.0, 1.0, 1.5] },
        "west": { "texture": "#hook", "uv": [0.0, 0.0, 0.5, 1.5] },
        "up": { "texture": "#hook", "uv": [0.0, 0.0, 1.0, 0.5] }
      },
      "children": [
        {
          "name": "hookpart",
          "from": [0.0, 0.0, 0.01],
          "to": [1.4, 1.0, 0.55],
          "rotationOrigin": [0.0, 0.0, 0.0],
          "rotationZ": -22.5,
          "faces": {
            "north": { "texture": "#hook", "uv": [0.0, 0.0, 1.0, 1.0] },
            "south": { "texture": "#hook", "uv": [0.0, 0.0, 1.0, 1.0] },
            "up": { "texture": "#hook", "uv": [0.0, 0.0, 1.0, 0.5] },
            "down": { "texture": "#hook", "uv": [0.0, 0.0, 1.0, 0.5] }
          },
          "children": [
            {
              "name": "Cube1",
              "from": [0.7, 0.3, 0.01],
              "to": [2.2, 1.3, 0.53],
              "rotationOrigin": [0.7, 0.3, 0.0],
              "rotationZ": -45.0,
              "faces": {
                "north": { "texture": "#hook", "uv": [0.0, 0.0, 1.5, 1.0] },
                "south": { "texture": "#hook", "uv": [0.0, 0.0, 1.5, 1.0] },
                "up": { "texture": "#hook", "uv": [0.0, 0.0, 1.5, 0.5], "windMode": [-1, -1, -1, -1] },
                "down": { "texture": "#hook", "uv": [0.0, 0.0, 1.5, 0.5] }
              },
              "children": [
                {
                  "name": "Cube36",
                  "from": [0.8, 0.3, 0.01],
                  "to": [1.8, 1.3, 0.51],
                  "rotationOrigin": [0.8, 0.3, 0.0],
                  "rotationZ": -45.0,
                  "faces": {
                    "north": { "texture": "#hook", "uv": [0.0, 0.0, 1.0, 1.0] },
                    "south": { "texture": "#hook", "uv": [0.0, 0.0, 1.0, 1.0] },
                    "up": { "texture": "#hook", "uv": [0.0, 0.0, 1.0, 0.5] },
                    "down": { "texture": "#hook", "uv": [0.0, 0.0, 1.0, 0.5] }
                  },
                  "children": [
                    {
                      "name": "Cube37",
                      "from": [0.3, 0.4, 0.01],
                      "to": [1.3, 1.2, 0.49],
                      "rotationOrigin": [0.4, 0.3, 0.0],
                      "rotationZ": -45.0,
                      "faces": {
                        "north": { "texture": "#hook", "uv": [0.0, 0.0, 1.0, 0.5] },
                        "south": { "texture": "#hook", "uv": [0.0, 0.0, 1.0, 0.5] },
                        "up": { "texture": "#hook", "uv": [0.0, 0.0, 1.0, 0.5] },
                        "down": { "texture": "#hook", "uv": [0.0, 0.0, 1.0, 0.5] }
                      },
                      "children": [
                        {
                          "name": "Cube38",
                          "from": [0.7, 0.0, 0.01],
                          "to": [1.5, 0.8, 0.47],
                          "rotationOrigin": [0.8, 0.0, 0.0],
                          "rotationZ": -22.5,
                          "faces": {
                            "north": { "texture": "#hook", "uv": [0.0, 0.0, 0.5, 0.5] },
                            "south": { "texture": "#hook", "uv": [0.0, 0.0, 0.5, 0.5] },
                            "up": { "texture": "#hook", "uv": [0.0, 0.0, 0.5, 0.5] },
                            "down": { "texture": "#hook", "uv": [0.0, 0.0, 0.5, 0.5] }
                          },
                          "children": [
                            {
                              "name": "Cube39",
                              "from": [0.5, 0.1, 0.01],
                              "to": [1.5, 0.8, 0.45],
                              "rotationOrigin": [0.5, 0.1, 0.0],
                              "rotationZ": -22.5,
                              "faces": {
                                "north": { "texture": "#hook", "uv": [0.0, 0.0, 1.0, 0.5] },
                                "east": { "texture": "#hook", "uv": [0.0, 0.0, 0.5, 0.5] },
                                "south": { "texture": "#hook", "uv": [0.0, 0.0, 1.0, 0.5] },
                                "up": { "texture": "#hook", "uv": [0.0, 0.0, 1.0, 0.5] },
                                "down": { "texture": "#hook", "uv": [0.0, 0.0, 1.0, 0.5] }
                              }
                            }
                          ]
                        }
                      ]
                    }
                  ]
                }
              ]
            }
          ]
        }
      ]
    }
  ]
}

