{
	"editor": {
		"allAngles": false,
		"entityTextureMode": false
	},
	"textureWidth": 16,
	"textureHeight": 16,
	"textureSizes": {
		"flat": [16,16],
		"skin": [16,16]
	},
	"textures": {
		"flat": "game:block/plant/lichen/oldmans/flat"
	},
	"elements": [
		{
			"name": "Nest base",
			"from": [ 8.0, 0.0, 8.0 ],
			"to": [ 8.0, 0.0, 8.0 ],
			"rotationOrigin": [ 8.0, 0.0, 8.0 ],
			"faces": {
			},
			"children": [
				{
					"name": "Leaves",
					"from": [ 1.0, 1.0, 0.0 ],
					"to": [ 5.0, 1.0, 4.0 ],
					"shade": false,
					"renderPass": 1,
					"rotationOrigin": [ 1.0, 1.0, 0.0 ],
					"rotationX": 15.0,
					"faces": {
						"up": { "texture": "#flat", "uv": [ 10.5, 5.5, 14.5, 9.5 ], "windMode": [-1,-1,-1,-1] }
					}
				},
				{
					"name": "Leaves2",
					"from": [ -3.0, 0.0, -1.0 ],
					"to": [ 1.0, 0.0, 3.0 ],
					"shade": false,
					"renderPass": 1,
					"rotationOrigin": [ -3.0, 0.0, -1.0 ],
					"rotationX": -15.0,
					"faces": {
						"up": { "texture": "#flat", "uv": [ 9.5, 2.5, 13.5, 6.5 ] }
					}
				},
				{
					"name": "Leaves3",
					"from": [ -2.0, 0.0, -3.0 ],
					"to": [ 2.0, 0.0, 1.0 ],
					"shade": false,
					"renderPass": 1,
					"rotationOrigin": [ -2.0, 0.0, -3.0 ],
					"rotationX": -15.0,
					"faces": {
						"up": { "texture": "#flat", "uv": [ 1.5, 8.5, 5.5, 12.5 ] }
					}
				},
				{
					"name": "Leaves4",
					"from": [ -4.0, 0.0, -5.0 ],
					"to": [ 0.0, 0.0, -1.0 ],
					"shade": false,
					"renderPass": 1,
					"rotationOrigin": [ -4.0, 0.0, -5.0 ],
					"rotationX": -15.0,
					"faces": {
						"up": { "texture": "#flat", "uv": [ 3.0, 6.5, 7.0, 10.5 ] }
					}
				},
				{
					"name": "Leaves5",
					"from": [ 2.0, 0.0, -4.0 ],
					"to": [ 6.0, 0.0, 0.0 ],
					"shade": false,
					"renderPass": 1,
					"rotationOrigin": [ 2.0, 0.0, -4.0 ],
					"rotationX": -15.0,
					"faces": {
						"up": { "texture": "#flat", "uv": [ 8.0, 9.0, 12.0, 13.0 ] }
					}
				},
				{
					"name": "Leaves6",
					"from": [ -2.0, 1.0, -5.0 ],
					"to": [ 2.0, 1.0, -1.0 ],
					"shade": false,
					"renderPass": 1,
					"rotationOrigin": [ -2.0, 1.0, -5.0 ],
					"rotationX": 15.0,
					"faces": {
						"up": { "texture": "#flat", "uv": [ 4.0, 3.5, 8.0, 7.5 ] }
					}
				},
				{
					"name": "Main portion of leaves",
					"from": [ -6.0, 0.1, -6.0 ],
					"to": [ 6.0, 0.1, 6.0 ],
					"shade": false,
					"renderPass": 1,
					"rotationOrigin": [ -6.0, 0.1, -6.0 ],
					"faces": {
						"up": { "texture": "#flat", "uv": [ 2.5, 2.0, 14.5, 14.0 ], "windMode": [-1,-1,-1,-1] }
					}
				}
			]
		}
	],
	"animations": [
		{
			"name": "Idle",
			"code": "idle",
			"quantityframes": 2,
			"onActivityStopped": "EaseOut",
			"onAnimationEnd": "Repeat",
			"keyframes": [
				{
					"frame": 0,
					"elements": {
						"Nest base": { "offsetX": 0.0, "offsetY": 0.0, "offsetZ": 0.0 }
					}
				}
			]
		}
	]}