{
	"code": "diprotodontidae",
	"class": "EntityAgent",
	"tags": ["animal", "huntable", "adult", "habitat-land"],
	"fallDamageMultiplier": 2,
	"variantgroups": [
		{"code": "age","states": [ "adult" ]},
		{"code": "gender","states": [ "female","male"]},
		{"code": "type","states": [ "zygomaturustrilobus"]}
	],
	"hitBoxSizeByType": {
		"*-adult-female-zygomaturustrilobus": {	"x": 1.5,"y": 1.35},"*-adult-male-zygomaturustrilobus": {	"x": 1.5,"y": 1.4}
	},
	"deadhitBoxSizeByType": {
		"*-adult-female-zygomaturustrilobus": {	"x": 1.5,"y": 0.7},"*-adult-male-zygomaturustrilobus": {	"x": 1.5,"y": 0.7}
	},
	"eyeHeightByType": {
		"*-adult-*-zygomaturustrilobus": 1.4
	},
	"weightByType": {
		"*-adult-female-zygomaturustrilobus": 500,"*-adult-male-zygomaturustrilobus": 700
	},	
	"knockbackResistanceByType": {
		"*-adult-*": 1	},	
	"attributes": {
		"killedByInfoText": "deadcreature-killed",
		"trappableByType": {
			"*": {
				"small": { "trapChance": 0.0,	"trapDestroyChance": 0.75 },
				"large": { "trapChance": 0.0,	"trapDestroyChance": 0.15 }
			}
		},
		"creatureDietByType": {
			"*":{
			"foodCategories": ["Grain","Vegetable"],
			"weightedFoodTags": [
				{ "weight": 0.7, "code": "grain" },
				{ "weight": 0.5, "code": "grass" },
				{ "weight": 0.5, "code": "nibbleCrop" },
				{ "weight": 1, "code": "tastyvegetable" }
			]
		}},
		"handbook": {
			"groupcode": "creaturegroup-diprotodontidae"
		}
	},
	"drops": [],
	"client": {
		"renderer": "Shape",
		"shapeByType": {
			"*-adult-*": { "base": "entity/land/diprotodontidae/{type}-adult" }
		},
		"textureByType": {
			"*-adult-*-zygomaturustrilobus": { "base": "entity/diprotodontidae/{type}-adult" }
		},
		"sizeByType": {
			"*-adult-male-*": 1.05,
			"*-adult-female-*": 0.95
		},
		"behaviors": [
			{"code": "repulseagents" },
			{"code": "controlledphysics","stepHeight": 1.1251},
			{"code": "floatupwhenstuck","onlyWhenDead": true},
			{"code": "interpolateposition" },
			{"code": "harvestable","quantitySlots": 8},
			{ "code": "multiply", "enabledByType": { "*-adult-female-*": true, "*": false } },
			{"code": "despawn","minPlayerDistance": 8,"belowLightLevel": 8,"minSeconds": 300},
			{"code": "ropetieable","minGeneration": 2}
		],
		"animations": [
			{"code": "attack","animation": "Attack","animationSpeed": 1.2,"weight": 10,"blendMode": "AddAverage"},
			{"code": "die","animation": "Die","animationSpeed": 2,"weight": 10,"blendMode": "Average","triggeredBy": { "onControls": [ "dead" ] }},
			{"code": "eat","animation": "Eat","easeInSpeed": 2,"easeOutSpeed": 2,"blendMode": "Average"},
			{"code": "hurt","animation": "Hurt","animationSpeed": 2.2,"weight": 10,"blendMode": "AddAverage"},
			{"code": "idle","animation": "Idle","animationSpeed": 0.5,"blendMode": "AddAverage","easeOutSpeed": 4,"triggeredBy": { "defaultAnim": true }},
			{"code": "scream","animation": "Scream", "blendMode": "AddAverage","easeOutSpeed": 1},
			{"code": "look","animation": "Look", "blendMode": "AddAverage","easeOutSpeed": 1},
			{"code": "sit","animation": "Sit","easeInSpeed": 2,"easeOutSpeed": 5,"blendMode": "Average"},
			{"code": "lie","animation": "Lie","easeInSpeed": 2,"easeOutSpeed": 5,"blendMode": "Average"},
			{"code": "sleep","animation": "Sleep","easeInSpeed": 2,"easeOutSpeed": 5,"weight": 5,"blendMode": "Average"},
			{"code": "swim","animation": "Swim","supressDefaultAnimation": true,"blendMode": "Average"},
			{"code": "graze","animation": "Graze","easeInSpeed": 10,"supressDefaultAnimation": true,"blendMode": "Average"},
			{"code": "run","animation": "Run","easeInSpeed": 10,"supressDefaultAnimation": true,"blendMode": "Average"},
			{"code": "walk","animation": "Walk","easeInSpeed": 10,"supressDefaultAnimation": true,"blendMode": "Average"}
		]
	},
	"server": {
		"attributes": {
			"pathfinder": {
				"minTurnAnglePerSec": 0,
				"maxTurnAnglePerSecByType": { "*-adult-*": 180}
			}
		},
		"behaviors": [
			{ "code": "repulseagents" },
			{"code": "controlledphysics","stepHeight": 1.1251},
			{"code": "despawn","minPlayerDistance": 8,"belowLightLevel": 8,"minSeconds": 300},
			{"code": "health",
				"maxhealthByType": {
					"*-adult-male-zygomaturustrilobus": 38,"*-adult-female-zygomaturustrilobus": 30
				}
			},
			{"code": "deaddecay",
				"hoursToDecay": 96,
				"decayedBlockByType": {
				"*-adult-*-zygomaturustrilobus": "carcass-large"
				}
			},
			{"code": "floatupwhenstuck","onlyWhenDead": true},
			{"code": "harvestable",
				"quantitySlots": 8,
				"drops": [
					{
						"type": "item",
						"code": "game:bushmeat-raw",
						"quantityByType": {
							"*-adult-male-zygomaturustrilobus": {"avg": 25,"var": 1},
							"*-adult-female-zygomaturustrilobus": {"avg": 18,"var": 1}
						}
					},
					{
						"type": "item",
						"code": "game:redmeat-raw",
						"quantityByType": {
							"*-adult-male-zygomaturustrilobus": {"avg": 25,"var": 1},
							"*-adult-female-zygomaturustrilobus": {"avg": 18,"var": 1}
						}
					},
					{
						"type": "item",
						"code": "game:fat",
						"quantityByType": {
							"*-adult-male-zygomaturustrilobus": {"avg": 10,"var":1},
							"*-adult-female-zygomaturustrilobus": {"avg": 7.5,"var":0.5}
						}
					},
					{
						"type": "item",
						"code": "vombatidae:pelt-{gender}-{type}",
						"quantityByType": {
							"*-adult-*": { "offset": 1, "avg": 0, "var": 0 },
							"*": {"avg": 0.0,"var": 0.0}
						}
					}
				]
			},
			{"code": "breathe" },
			{"code": "multiply",
				"enabledByType": {
					"*-adult-female-*": true,
					"*": false
				},
				"spawnEntityCodesByType": {
				"*-adult-female-*": [ { "code":"vombatidae:diprotodontidae-baby-female-{type}"}, {"code": "vombatidae:diprotodontidae-baby-male-{type}"} ]},
				"requiresNearbyEntityCodeByType": {
					"*-adult-female-*": "vombatidae:diprotodontidae-adult-male-{type}"},
				"requiresNearbyEntityRange": 10,
				"spawnQuantityMin": 1,
				"spawnQuantityMaxByType": {"*": 1},
				"pregnancyDaysByType": {"*": 56},
				"multiplyCooldownDaysMinByType": {"*": 4},
				"multiplyCooldownDaysMaxByType": {"*": 11},
				"portionsEatenForMultiplyByType": {"*-zygomaturustrilobus": 30,"*": 6}
			},
			{"code": "emotionstates",
				"states": [
					{"code": "fleeondamage","duration": 60,"chanceByType": {"*-adult-*": 1},"slot": 2,"priority": 4.1,"accumType": "max","whenHealthRelBelow": 0.5},
					{"code": "aggressiveondamage","duration": 30,"chanceByType": {"*-adult-*": 1},"slot": 2,"priority": 3,"accumType": "noaccum"},
					{"code": "fleeondamage","duration": 15,"slot": 2,"chanceByType": {"*-adult-*": 0.15},"priority": 1,"accumType": "max"},
					{"code": "alarmherdondamage","chance": 1,"slot": 1,"priority": 1.5,"accumType": "max"},
					{"code": "saturated","duration": 1200,"chance": 1,"slot": 0,"priority": 1,"accumType": "sum"},
					{ "code": "aggressivearoundentities", "duration": 30, "chanceByType": {"*-adult-male-*": 1.0}, "slot": 2, "priority": 4, "entityCodes": ["vombatidae:diprotodontidae-adult-female-{type}"], "maxGeneration": 2 },
					{ "code": "aggressivearoundentities", "duration": 30, "chanceByType": {"*-adult-*": 1.0}, "slot": 2, "priority": 5, "entityCodes": ["vombatidae:diprotodontidae-baby-male-{type}","vombatidae:diprotodontidae-baby-female-{type}"], "maxGeneration": 2 }
				]
			},
			{
				"code": "taskai",
				"aiCreatureType": "LandCreature",
				"aitasks": [
					{
						"code": "meleeattack",
						"animation": "Attack",
						"entityCodesByType": {
							"*-adult-*": [ "player","bear-*","bell-*","drifter-*","hyena-*","locust-*", "wolf-*", "caninae-canina-adult-*","dasyuridae-adult-*","felinae-adult-*", "machairodontinae-adult-*", "pantherinae-neofelis-adult-*","pantherinae-panthera-adult-*","thylacoleonidae-adult-*","viverridae-adult-*"  ]},
						"priority": 2.9,
						"slot": 1,
						"damageByType": {
							"*-adult-*-zygomaturustrilobus":15
						},
						"knockbackStrengthByType": {"*":1},
						"damageTierByType": {"*":2},
						"mincooldown": 1500,
						"maxcooldown": 2500,
						"attackDurationMs": 1250,
						"damagePlayerAtMs": 400,
						"animationSpeed": 1.25
					},
					{
						"code": "fleeentity",
						"animation": "Run",
						"entityCodesByType": {
							"*":["bear-*","bell-*","bowtorn-*","drifter-*","hyena-*","locust-*","shiver-*","wolf-*","caninae-canina-adult-*","caninae-cerdocyonina-adult-*","elephantidae-*", "machairodontinae-adult-*","pantherinae-panthera-adult-*","thylacoleonidae-adult-*"]
						},
						"priority": 1.8,
						"movespeedByType": {
							"*-adult-male-zygomaturustrilobus": 0.052,"*-adult-female-zygomaturustrilobus": 0.048,
							"*-adult-male-*": 0.0324,"*-adult-female-*": 0.036
						},
						"animationSpeedByType": {
							"*-adult-*": 2,"*": 4
						},
						"seekingRange": 15
					},
					{
						"code": "seekentity",
						"animation": "Run",
						"entityCodesByType": {
							"*":["player","bear-*","bell-*","bowtorn-*","drifter-*","hyena-*","locust-*","shiver-*","wolf-*","caninae-canina-adult-*","caninae-cerdocyonina-adult-*","dasyuridae-adult-*","felinae-adult-*","machairodontinae-adult-*","pantherinae-neofelis-adult-*","pantherinae-panthera-adult-*","thylacoleonidae-adult-*","viverridae-adult-*"]
						},
						"priority": 2.0,
						"priorityForCancel": 2.35,
						"movespeedByType": {
							"*-adult-male-zygomaturustrilobus": 0.052,"*-adult-female-zygomaturustrilobus": 0.048
						},
						"animationSpeedByType": {
							"*-adult-*-zygomaturustrilobus": 2,"*": 4
						},
						"seekingRange": 30,
						"whenInEmotionState": "aggressiveondamage"
					},
					{
						"code": "seekentity",
						"animation": "Run",
						"entityCodesByType": {
							"*":["player","bear-*","bell-*","bowtorn-*","drifter-*","hyena-*","locust-*","shiver-*","wolf-*","caninae-canina-adult-*","caninae-cerdocyonina-adult-*","dasyuridae-adult-*","felinae-adult-*","machairodontinae-adult-*","pantherinae-neofelis-adult-*","pantherinae-panthera-adult-*","thylacoleonidae-adult-*","viverridae-adult-*"]
						},
						"priority": 2.0,
						"priorityForCancel": 2.35,
						"movespeedByType": {
							"*-adult-male-zygomaturustrilobus": 0.052,"*-adult-female-zygomaturustrilobus": 0.048
						},
						"animationSpeedByType": {
							"*-adult-*-zygomaturustrilobus": 2,"*": 4
						},
						"seekingRange": 10,
						"whenInEmotionState": "aggressivearoundentities"
					},
					{
						"code": "getoutofwater",
						"animation": "Swim",
						"priority": 1.4,
						"movespeedByType": {
							"*-adult-*": 0.012
						},
						"animationSpeed": 1.0
					},
					{
						"code": "stayclosetoentity",
						"animation": "Walk",
						"priority": 1.75,
						"priorityForCancel": 1.8,
						"entityCodeByType": {
							"*-adult-female-*": "diprotodontidae-adult-male-{type}"},
						"movespeedByType": {
							"*-adult-male-zygomaturustrilobus": 0.0065,"*-adult-female-zygomaturustrilobus": 0.006
						},
						"animationSpeedByType": {
							"*-adult-*-zygomaturustrilobus": 0.5,"*": 2
						},
						"maxDistanceByType": {"*": 15},
						"searchRange": 35
					},
					{
						"code": "idle",
						"animation": "Sit",
						"priority": 0.9,
						"minduration": 2000,
						"maxduration": 600000,
						"mincooldown": 6000,
						"maxcooldown": 12000,
						"chance": 0.1,
						"priorityForCancel": 1.28,
						"duringDayTimeFramesByType": {
							"*":[{"fromHour": 12,"toHour": 16}]},
						"stopOnNearbyEntityCodes": [  "player","bear-*","bell-*","drifter-*","hyena-*","locust-*", "wolf-*", "caninae-canina-adult-*","caninae-cerdocyonina-adult-*","felinae-adult-*", "machairodontinae-adult-*","pantherinae-neofelis-adult-*", "pantherinae-panthera-adult-*"  ],
						"stopRange": 10,
						"animationSpeedByType": {
							"*": 0.5
						},
						"stopOnHurt": true,
						"whenNotInEmotionState": "aggressiveondamage|aggressivearoundentities|fleeondamage"
					},
					{
						"code": "idle",
						"animation": "Lie",
						"priority": 0.9,
						"minduration": 2000,
						"maxduration": 600000,
						"mincooldown": 6000,
						"maxcooldown": 12000,
						"chance": 0.1,
						"priorityForCancel": 1.28,
						"duringDayTimeFramesByType": {
							"*":[{"fromHour": 12,"toHour": 16}]},
						"stopOnNearbyEntityCodes": [  "player","bear-*","bell-*","drifter-*","hyena-*","locust-*", "wolf-*", "caninae-canina-adult-*","caninae-cerdocyonina-adult-*","felinae-adult-*", "machairodontinae-adult-*","pantherinae-neofelis-adult-*", "pantherinae-panthera-adult-*"  ],
						"stopRange": 10,
						"animationSpeedByType": {
							"*": 0.5
						},
						"stopOnHurt": true,
						"whenNotInEmotionState": "aggressiveondamage|aggressivearoundentities|fleeondamage"
					},
					{
						"code": "idle",
						"animation": "Sleep",
						"priority": 1.25,
						"minduration": 200000,
						"maxduration": 800000,
						"mincooldown": 1000,
						"maxcooldown": 3000,
						"animationSpeed": 0.3,
						"whenNotInEmotionState": "aggressiveondamage|aggressivearoundentities|fleeondamage",
						"duringDayTimeFramesByType": {
							"*-zygomaturustrilobus":[{"fromHour": 19,"toHour": 24},{"fromHour": 0,"toHour": 5}],
							"*":[{"fromHour": 6,"toHour": 18}]},
						"stopOnNearbyEntityCodes": [ "player" ],
						"stopRange": 1,
						"stopOnHurt": true
					},
					{
						"code": "seekfoodandeat",
						"animation": "Walk",
						"eatAnimation": "Eat",
						"movespeedByType": {
							"*-adult-male-zygomaturustrilobus": 0.0065,"*-adult-female-zygomaturustrilobus": 0.006
						},
						"animationSpeedByType": {
							"*-adult-*-zygomaturustrilobus": 0.5,"*": 1
						},
						"priority": 1.24,
						"eatSoundByType": {
							"*":"game:creature/animal-eat-small"},
						"eatTime": 3,
						"eatLooseItems": true,
						"mincooldownHours": 1,
						"maxcooldownHours": 4,
						"whenNotInEmotionState": "aggressiveondamage|aggressivearoundentities|fleeondamage"
					},
					{
						"code": "idle",
						"animation": "Eat",
						"priority": 1.2,
						"priorityForCancel": 1.35,
						"minduration": 4500,
						"maxduration": 4500,
						"mincooldown": 600,
						"maxcooldown": 2000,
						"animationSpeed": 0.5,
						"soundByType": {"*":"game:creature/animal-eat-small"},
						"whenNotInEmotionState": "aggressiveondamage|aggressivearoundentities|fleeondamage"
					},
					{
						"code": "idle",
						"animation": "Look",
						"priority": 1.2,
						"priorityForCancel": 1.35,
						"minduration": 4500,
						"maxduration": 4500,
						"mincooldown": 600,
						"maxcooldown": 2000,
						"chance": 0.1,
						"animationSpeed": 0.5,
						"soundByType": {"*-adult-male-*":"vombatidae:creature/diprotodontidae/snort*"},
						"whenNotInEmotionState": "aggressiveondamage|aggressivearoundentities|fleeondamage"
					},
					{
						"code": "idle",
						"animation": "Scream",
						"priority": 1.1,
						"priorityForCancel": 1.35,
						"minduration": 3000,
						"maxduration": 4000,
						"mincooldown": 8000,
						"maxcooldown": 50000,
						"chance": 0.05,
						"animationSpeed": 0.5,
						"soundByType": {"*-adult-*":"vombatidae:creature/diprotodontidae/bellow*"},
						"whenNotInEmotionState": "aggressiveondamage|aggressivearoundentities|fleeondamage",
						"soundRangeByType": {"*": 80}
					},
					{
						"code": "wander",
						"animation": "Walk",
						"priority": 1.0,
						"priorityForCancel": 1.35,
						"movespeedByType": {
							"*-adult-male-zygomaturustrilobus": 0.0065,"*-adult-female-zygomaturustrilobus": 0.006
						},
						"animationSpeedByType": {
							"*-adult-*-zygomaturustrilobus": 0.5,"*": 1
						},
						"wanderRangeMaxByType": {"*-adult-male-*":75,"*adult-female-*":50},
						"preferredLightLevel": 22,
						"whenNotInEmotionState": "aggressiveondamage|aggressivearoundentities|fleeondamage"
					},
					{
						"code": "lookaround",
						"priority": 0.5,
						"whenNotInEmotionState": "aggressiveondamage|aggressivearoundentities|fleeondamage"
					}
				]
			},
			{"code": "ropetieable","minGeneration": 2},
			{"code": "pettable","minGeneration": 1}
		],
		"spawnconditions": {
			"worldgen": {
			"tryOnlySurface": true,	
			"groupSizeByType": {
					"diprotodontidae-adult-female-*": { "dist": "uniform", "avg": 8, "var": 4 },
					"diprotodontidae-adult-male-*": { "dist": "uniform", "avg": 2.5, "var": 1.5 }
			},
			"insideBlockCodes":["game:air", "game:gravel-*","game:leaves-*", "game:sand-*", "game:snow-*","game:soil-*","game:tallgrass-*"],
			"companionsByType": {
				"*-adult-female-*":["vombatidae:diprotodontidae-adult-male-{type}","vombatidae:diprotodontidae-baby-female-{type}","vombatidae:diprotodontidae-baby-male-{type}"],
				"*-adult-male-*":["vombatidae:diprotodontidae-adult-female-{type}"]}
		},
			"runtime": {
				"group": "neutral",
				"tryOnlySurface": true,
				"maxQuantityByGroup": { "code": "diprotodontidae-*", "maxQuantity": 1 },
				"chanceByType": {
					"*-adult-female-zygomaturustrilobus": 0.0001,"*-adult-male-zygomaturustrilobus": 0.0001,
					"*": 0.0
				},
				"mindistancetoplayer": 50,
				"maxLightLevel": 7,
				"lightLevelType": "onlyBlockLight",	
				"spawnCapPlayerScaling": 0.0,	
				"groupSizeByType": {
					"diprotodontidae-adult-female-*": { "dist": "uniform", "avg": 8, "var": 4 },
					"diprotodontidae-adult-male-*": { "dist": "uniform", "avg": 2.5, "var": 1.5 }
				},
				"insideBlockCodes": [ "game:air", "game:gravel-*","game:leaves-*", "game:sand-*","game:soil-*","game:tallgrass-*" ],
				"companionsByType": {
				"*-adult-female-*":["vombatidae:diprotodontidae-adult-male-{type}","vombatidae:diprotodontidae-baby-female-{type}","vombatidae:diprotodontidae-baby-male-{type}"],
				"*-adult-male-*":["vombatidae:diprotodontidae-adult-female-{type}"]}
			}
		},
		"spawnconditionsByType": {
			"diprotodontidae-adult-*-zygomaturustrilobus": {
				"climate": {
					"minTemp": 10,
					"maxTemp": 32,
					"minRain": 0.4,
					"maxRain": 1.0,
					"minForest": 0.2,
					"maxForest": 0.8,
					"maxShrubs": 1,
					"minY": 1.0,
					"maxY": 1.2		
				},
				"worldgen": {
					"triesPerChunk": { "avg": 0.005, "var": 0}
				}
			}
		}
	},
	"soundsByType": {
"*":{"hurt": "vombatidae:creature/diprotodontidae/snort*","death": "vombatidae:creature/diprotodontidae/snort*","idle": "vombatidae:creature/diprotodontidae/idle*"}},
	"idleSoundRangeByType": {
		"*-adult-*": 30
	},
	"idleSoundChanceByType": {
		"*-adult-*":0.5
	}
}