{
	"code": "diprotodontidae",
	"class": "EntityAgent",
	"tags": ["animal", "huntable", "habitat-land"],
	"fallDamageMultiplier": 0.5,
	"variantgroups": [
		{"code": "age","states": [ "baby" ]},
		{"code": "gender","states": [ "female","male"]},
		{"code": "type","states": [ "zygomaturustrilobus"]}
	],
	"hitBoxSizeByType": {
		"*-baby-*-zygomaturustrilobus": {"x": 0.6,"y": 0.7}
	},
	"deadhitBoxSizeByType": {
		"*-baby-*-zygomaturustrilobus": {"x": 0.6,"y": 0.5}
	},
	"eyeHeightByType": {
		"*-baby-*-zygomaturustrilobus": 0.5
	},
	"weightByType": {
		"*-baby-*-zygomaturustrilobus": 50
	},	
	"knockbackResistanceByType": {
		
		"*-baby-*": 0.5	},	
	"attributes": {
		"killedByInfoText": "deadcreature-killed",
		"trappableByType": {
			"*": {
				"small": { "trapChance": 0.1,	"trapDestroyChance": 0.75 },
				"large": { "trapChance": 0.6,	"trapDestroyChance": 0.0 }
			}
		},
		"creatureDietByType": {
			"*":{
			"foodCategories": ["Grain","Vegetable"],
			"weightedFoodTags": [
				{ "weight": 0.7, "code": "grain" },
				{ "weight": 0.5, "code": "grass" },
				{ "weight": 0.5, "code": "nibbleCrop" },
				{ "weight": 1, "code": "tastyvegetable" }
			]
		}},
		"handbook": {
			"groupcode": "creaturegroup-diprotodontidae"
		}
	},
	"drops": [],
	"client": {
		"renderer": "Shape",
		"shapeByType": {
			"*-baby-*": { "base": "entity/land/diprotodontidae/{type}-baby" }
		},
		"textureByType": {
			"*-baby-*": { "base": "entity/diprotodontidae/{type}-baby" }
		},
		"sizeByType": {
			"*-baby-*": 1.0
		},
		"behaviors": [
			{"code": "repulseagents" },
			{"code": "controlledphysics","stepHeight": 1.1251},
			{"code": "floatupwhenstuck","onlyWhenDead": true},
			{"code": "interpolateposition" },
			{"code": "harvestable","quantitySlots": 8},
			{"code": "despawn","minPlayerDistance": 8,"belowLightLevel": 8,"minSeconds": 300},
			{"code": "ropetieable","minGeneration": 2}
		],
		"animations": [
			{"code": "attack","animation": "Attack","animationSpeed": 1.2,"weight": 10,"blendMode": "AddAverage"},
			{"code": "die","animation": "Die","animationSpeed": 2,"weight": 10,"blendMode": "Average","triggeredBy": { "onControls": [ "dead" ] }},
			{"code": "eat","animation": "Eat","easeInSpeed": 2,"easeOutSpeed": 2,"blendMode": "Average"},
			{"code": "hurt","animation": "Hurt","animationSpeed": 2.2,"weight": 10,"blendMode": "AddAverage"},
			{"code": "idle","animation": "Idle","animationSpeed": 0.5,"blendMode": "AddAverage","easeOutSpeed": 4,"triggeredBy": { "defaultAnim": true }},
			{"code": "scream","animation": "Scream", "blendMode": "AddAverage","easeOutSpeed": 1},
			{"code": "look","animation": "Look", "blendMode": "AddAverage","easeOutSpeed": 1},
			{"code": "sit","animation": "Sit","easeInSpeed": 2,"easeOutSpeed": 5,"blendMode": "Average"},
			{"code": "lie","animation": "Lie","easeInSpeed": 2,"easeOutSpeed": 5,"blendMode": "Average"},
			{"code": "sleep","animation": "Sleep","easeInSpeed": 2,"easeOutSpeed": 5,"weight": 5,"blendMode": "Average"},
			{"code": "swim","animation": "Swim","supressDefaultAnimation": true,"blendMode": "Average"},
			{"code": "graze","animation": "Graze","easeInSpeed": 10,"supressDefaultAnimation": true,"blendMode": "Average"},
			{"code": "run","animation": "Run","easeInSpeed": 10,"supressDefaultAnimation": true,"blendMode": "Average"},
			{"code": "walk","animation": "Walk","easeInSpeed": 10,"supressDefaultAnimation": true,"blendMode": "Average"}
		]
	},
	"server": {
		"attributes": {
			"pathfinder": {
				"minTurnAnglePerSec": 0,
				"maxTurnAnglePerSecByType": { "*-baby-*": 240}
			}
		},
		"behaviors": [
			{ "code": "repulseagents" },
			{"code": "controlledphysics","stepHeight": 1.1251},
			{"code": "despawn","minPlayerDistance": 8,"belowLightLevel": 8,"minSeconds": 300},
			{"code": "health",
				"maxhealthByType": {
					"*-baby-*-zygomaturustrilobus": 12
				}
			},
			{"code": "deaddecay",
				"hoursToDecay": 96,
				"decayedBlockByType": {
				"*-baby-*": "carcass-small"
				}
			},
			{"code": "floatupwhenstuck","onlyWhenDead": true},
			{"code": "harvestable",
				"quantitySlots": 8,
				"drops": [
					{
						"type": "item",
						"code": "game:bushmeat-raw",
						"quantityByType": {
							"*-baby-*-zygomaturustrilobus": {"avg": 3,"var": 0.5}
						}
					},
					{
						"type": "item",
						"code": "game:redmeat-raw",
						"quantityByType": {
							"*-baby-*-zygomaturustrilobus": {"avg": 3,"var": 0.5}
						}
					},
					{
						"type": "item",
						"code": "game:fat",
						"quantityByType": {
							"*-baby-*": {"avg": 3,"var": 0.5}
						}
					},
					{
						"type": "item",
						"code": "vombatidae:pelt-baby-{type}",
						"quantityByType": {
							"*-baby-*": { "offset": 1, "avg": 0, "var": 0 },
							"*": {"avg": 0.0,"var": 0.0}
						}
					}
				]
			},
			{"code": "breathe" },
			{"code": "grow",
				"hoursToGrowByType": {"*": 350},
				"adultEntityCodesByType": {
					"*-baby-male-*": ["vombatidae:diprotodontidae-adult-male-{type}"],
					"*-baby-female-*": ["vombatidae:diprotodontidae-adult-female-{type}"]
				}
			},
			{"code": "emotionstates",
				"states": [
					{"code": "fleeondamage","duration": 60,"chanceByType": {"*-baby-*": 1},"slot": 2,"priority": 4.1,"accumType": "max","whenHealthRelBelow": 0.5},
					{"code": "fleeondamage","duration": 15,"slot": 2,"chanceByType": {"*-baby-*": 1},"priority": 1,"accumType": "max"},
					{"code": "alarmherdondamage","chance": 1,"slot": 1,"priority": 1.5,"accumType": "max"},
					{"code": "saturated","duration": 1200,"chance": 1,"slot": 0,"priority": 1,"accumType": "sum"}]
			},
			{
				"code": "taskai",
				"aiCreatureType": "LandCreature",
				"aitasks": [
					{
						"code": "fleeentity",
						"animation": "Run",
						"entityCodesByType": {
							"*":["bear-*","bell-*","bowtorn-*","drifter-*","hyena-*","locust-*","shiver-*","wolf-*","caninae-canina-adult-*","caninae-cerdocyonina-adult-*","elephantidae-*", "machairodontinae-adult-*","pantherinae-panthera-adult-*","thylacoleonidae-adult-*"]
						},
						"priority": 1.8,
						"movespeedByType": {
							"*-baby-*-zygomaturustrilobus": 0.025,
							"*-baby-*": 0.018
						},
						"animationSpeedByType": {
							"*": 4
						},
						"seekingRange": 15
					},
					{
						"code": "getoutofwater",
						"animation": "Swim",
						"priority": 1.4,
						"movespeedByType": {
							"*-baby-*": 0.009
						},
						"animationSpeed": 1.0
					},
					{
						"code": "stayclosetoentity",
						"animation": "Walk",
						"priority": 1.75,
						"priorityForCancel": 1.8,
						"entityCodeByType": {
							"*-baby-*": "diprotodontidae-adult-female-{type}"},
						"movespeedByType": {
							"*-baby-*-zygomaturustrilobus": 0.0072
						},
						"animationSpeedByType": {
							"*": 2
						},
						"maxDistanceByType": {"*-baby-*": 3,"*": 15},
						"searchRange": 35
					},
					{
						"code": "idle",
						"animation": "Sit",
						"priority": 0.9,
						"minduration": 2000,
						"maxduration": 600000,
						"mincooldown": 6000,
						"maxcooldown": 12000,
						"chance": 0.1,
						"priorityForCancel": 1.28,
						"duringDayTimeFramesByType": {
							"*":[{"fromHour": 12,"toHour": 16}]},
						"stopOnNearbyEntityCodes": [  "player","bear-*","bell-*","drifter-*","hyena-*","locust-*", "wolf-*", "caninae-canina-adult-*","caninae-cerdocyonina-adult-*","felinae-adult-*", "machairodontinae-adult-*","pantherinae-neofelis-adult-*", "pantherinae-panthera-adult-*"  ],
						"stopRange": 10,
						"animationSpeedByType": {
							"*-baby-*": 0.6
						},
						"stopOnHurt": true,
						"whenNotInEmotionState": "aggressiveondamage|aggressivearoundentities|fleeondamage"
					},
					{
						"code": "idle",
						"animation": "Lie",
						"priority": 0.9,
						"minduration": 2000,
						"maxduration": 600000,
						"mincooldown": 6000,
						"maxcooldown": 12000,
						"chance": 0.1,
						"priorityForCancel": 1.28,
						"duringDayTimeFramesByType": {
							"*":[{"fromHour": 12,"toHour": 16}]},
						"stopOnNearbyEntityCodes": [  "player","bear-*","bell-*","drifter-*","hyena-*","locust-*", "wolf-*", "caninae-canina-adult-*","caninae-cerdocyonina-adult-*","felinae-adult-*", "machairodontinae-adult-*","pantherinae-neofelis-adult-*", "pantherinae-panthera-adult-*"  ],
						"stopRange": 10,
						"animationSpeedByType": {
							"*": 0.5
						},
						"stopOnHurt": true,
						"whenNotInEmotionState": "aggressiveondamage|aggressivearoundentities|fleeondamage"
					},
					{
						"code": "idle",
						"animation": "Sleep",
						"priority": 1.25,
						"minduration": 200000,
						"maxduration": 800000,
						"mincooldown": 1000,
						"maxcooldown": 3000,
						"animationSpeed": 0.3,
						"whenNotInEmotionState": "aggressiveondamage|aggressivearoundentities|fleeondamage",
						"duringDayTimeFramesByType": {
							"*-zygomaturustrilobus":[{"fromHour": 19,"toHour": 24},{"fromHour": 0,"toHour": 5}],
							"*":[{"fromHour": 6,"toHour": 18}]},
						"stopOnNearbyEntityCodes": [ "player" ],
						"stopRange": 1,
						"stopOnHurt": true
					},
					{
						"code": "seekfoodandeat",
						"animation": "Walk",
						"eatAnimation": "Eat",
						"movespeedByType": {
							"*-baby-*-zygomaturustrilobus": 0.003
						},
						"animationSpeedByType": {
							"*": 1
						},
						"priority": 1.24,
						"eatSoundByType": {
							"*":"game:creature/animal-eat-small"},
						"eatTime": 3,
						"eatLooseItems": true,
						"mincooldownHours": 1,
						"maxcooldownHours": 4,
						"whenNotInEmotionState": "aggressiveondamage|aggressivearoundentities|fleeondamage"
					},
					{
						"code": "idle",
						"animation": "Eat",
						"priority": 1.2,
						"priorityForCancel": 1.35,
						"minduration": 4500,
						"maxduration": 4500,
						"mincooldown": 600,
						"maxcooldown": 2000,
						"animationSpeed": 0.5,
						"soundByType": {"*":"game:creature/animal-eat-small"},
						"whenNotInEmotionState": "aggressiveondamage|aggressivearoundentities|fleeondamage"
					},
					{
						"code": "idle",
						"animation": "Look",
						"priority": 1.2,
						"priorityForCancel": 1.35,
						"minduration": 4500,
						"maxduration": 4500,
						"mincooldown": 600,
						"maxcooldown": 2000,
						"chance": 0.1,
						"animationSpeed": 0.5,
						"whenNotInEmotionState": "aggressiveondamage|aggressivearoundentities|fleeondamage"
					},
					{
						"code": "idle",
						"animation": "Scream",
						"priority": 1.1,
						"priorityForCancel": 1.35,
						"minduration": 3000,
						"maxduration": 4000,
						"mincooldown": 8000,
						"maxcooldown": 50000,
						"chance": 0.05,
						"animationSpeed": 0.5,
						"soundByType": {"*-baby-*":"vombatidae:creature/diprotodontidae/babycall*"},
						"whenNotInEmotionState": "aggressiveondamage|aggressivearoundentities|fleeondamage",
						"soundRangeByType": {"*-baby-*": 30,"*": 80}
					},
					{
						"code": "wander",
						"animation": "Walk",
						"priority": 1.0,
						"priorityForCancel": 1.35,
						"movespeedByType": {
							"*-baby-*-zygomaturustrilobus": 0.003
						},
						"animationSpeedByType": {
							"*": 1
						},
						"wanderRangeMaxByType": {"*-baby-*":20},
						"preferredLightLevel": 22,
						"whenNotInEmotionState": "aggressiveondamage|aggressivearoundentities|fleeondamage"
					},
					{
						"code": "lookaround",
						"priority": 0.5,
						"whenNotInEmotionState": "aggressiveondamage|aggressivearoundentities|fleeondamage"
					}
				]
			},
			{"code": "ropetieable","minGeneration": 2},
			{"code": "pettable","minGeneration": 1}
		]
	},
	"soundsByType": {
"*-baby-*":{"hurt": "vombatidae:creature/diprotodontidae/babycall*","death": "vombatidae:creature/diprotodontidae/babycall*","idle": "vombatidae:creature/diprotodontidae/idle*"}},
	"idleSoundRangeByType": {
		"*-baby-*":12
	},
	"idleSoundChanceByType": {
		"*-baby-*":0.5
	}
}