{
	"code": "vombatidae",
	"class": "EntityAgent",
	"tags": ["animal", "huntable","adult", "habitat-land"],
	"fallDamageMultiplier": 0.5,
	"variantgroups": [
		{"code": "age","states": [ "adult" ]},
		{"code": "gender","states": [ "female","male"]},
		{"code": "type","states": [ "lasiorhinuskrefftii","lasiorhinuslatifrons","phascolonusgigas","vombatushacketti","vombatusursinus"]}
	],
	"hitBoxSizeByType": {
		"*-adult-female-lasiorhinuskrefftii": {	"x": 0.75,"y": 0.5},"*-adult-male-lasiorhinuskrefftii": {	"x": 0.75,"y": 0.5},
		"*-adult-female-lasiorhinuslatifrons": {	"x": 0.75,"y": 0.5},"*-adult-male-lasiorhinuslatifrons": {	"x": 0.75,"y": 0.5},
		"*-adult-female-phascolonusgigas": {	"x": 1.5,"y": 1},"*-adult-male-phascolonusgigas": {	"x": 1.5,"y": 1},
		"*-adult-female-vombatushacketti": {	"x": 0.75,"y": 0.5},"*-adult-male-vombatushacketti": {	"x": 0.75,"y": 0.5},
		"*-adult-female-vombatusursinus": {	"x": 0.75,"y": 0.5},"*-adult-male-vombatusursinus": {	"x": 0.75,"y": 0.5}
	},
	"deadhitBoxSizeByType": {
		"*-adult-female-lasiorhinuskrefftii": {	"x": 0.75,"y": 0.25},"*-adult-male-lasiorhinuskrefftii": {	"x": 0.75,"y": 0.25},
		"*-adult-female-lasiorhinuslatifrons": {	"x": 0.75,"y": 0.25},"*-adult-male-lasiorhinuslatifrons": {	"x": 0.75,"y": 0.25},
		"*-adult-female-phascolonusgigas": {	"x": 1.5,"y": 0.5},"*-adult-male-phascolonusgigas": {	"x": 1.5,"y": 0.5},
		"*-adult-female-vombatushacketti": {	"x": 0.75,"y": 0.25},"*-adult-male-vombatushacketti": {	"x": 0.75,"y": 0.25},
		"*-adult-female-vombatusursinus": {	"x": 0.75,"y": 0.25},"*-adult-male-vombatusursinus": {	"x": 0.75,"y": 0.25}
	},
	"eyeHeightByType": {
		"*-adult-*-phascolonusgigas": 0.8,
		"*-adult-*": 0.4
	},
	"weightByType": {
		"*-adult-female-lasiorhinuskrefftii": 35,"*-adult-male-lasiorhinuskrefftii": 30,
		"*-adult-female-lasiorhinuslatifrons": 27,"*-adult-male-lasiorhinuslatifrons": 25,
		"*-adult-female-phascolonusgigas": 200,"*-adult-male-phascolonusgigas": 180,
		"*-adult-female-vombatushacketti": 35,"*-adult-male-vombatushacketti": 30,
		"*-adult-female-vombatusursinus": 30,"*-adult-male-vombatusursinus": 27
	},	
	"knockbackResistanceByType": {
		"*-adult-*": 1	},	
	"attributes": {
		"killedByInfoText": "deadcreature-killed",
		"trappableByType": {
			"*-phascolonusgigas": {
				"small": { "trapChance": 0.0,	"trapDestroyChance": 0.5 },
				"large": { "trapChance": 0.5,	"trapDestroyChance": 0.05 }
			},
			"*": {
				"small": { "trapChance": 0.25,	"trapDestroyChance": 0.5 },
				"large": { "trapChance": 0.8,	"trapDestroyChance": 0.0 }
			}
		},
		"creatureDietByType": {
			"*":{
			"foodCategories": ["Grain","Vegetable"],
			"weightedFoodTags": [
				{ "weight": 0.7, "code": "grain" },
				{ "weight": 0.5, "code": "grass" },
				{ "weight": 0.5, "code": "nibbleCrop" },
				{ "weight": 1, "code": "tastyvegetable" }
			]
		}},
		"handbook": {
			"groupcode": "creaturegroup-vombatidae"
		}
	},
	"drops": [],
	"client": {
		"renderer": "Shape",
		"shapeByType": {
			"*-adult-*": { "base": "entity/land/vombatidae/{type}-adult" }
		},
		"textureByType": {
			"*-adult-*-phascolonusgigas": { "base": "entity/vombatidae/{type}-adult1", "alternates": [ { "base": "entity/vombatidae/{type}-adult2" }  ] },
			"*-adult-*": { "base": "entity/vombatidae/{type}-adult1", "alternates": [ { "base": "entity/vombatidae/{type}-adult2" },{ "base": "entity/vombatidae/{type}-adult3" }  ] }
		},
		"sizeByType": {
			"*-adult-male-*": 0.95,
			"*-adult-female-*": 1
		},
		"behaviors": [
			{"code": "repulseagents" },
			{"code": "controlledphysics","stepHeight": 1.1251},
			{"code": "floatupwhenstuck","onlyWhenDead": true},
			{"code": "interpolateposition" },
			{"code": "harvestable","quantitySlots": 8},
			{ "code": "multiply", "enabledByType": { "*-adult-female-*": true, "*": false } },
			{"code": "despawn","minPlayerDistance": 8,"belowLightLevel": 8,"minSeconds": 300},
			{"code": "ropetieable","minGeneration": 2}
		],
		"animations": [
			{"code": "attack","animation": "Attack","animationSpeed": 1.2,"weight": 10,"blendMode": "AddAverage"},
			{"code": "die","animation": "Die","animationSpeed": 2,"weight": 10,"blendMode": "Average","triggeredBy": { "onControls": [ "dead" ] }},
			{"code": "eat","animation": "Eat","easeInSpeed": 2,"easeOutSpeed": 2,"blendMode": "Average"},
			{"code": "hurt","animation": "Hurt","animationSpeed": 2.2,"weight": 10,"blendMode": "AddAverage"},
			{"code": "idle","animation": "Idle","animationSpeed": 0.5,"blendMode": "AddAverage","easeOutSpeed": 4,"triggeredBy": { "defaultAnim": true }},
			{"code": "scream","animation": "Scream", "blendMode": "AddAverage","easeOutSpeed": 1},
			{"code": "sit","animation": "Sit","easeInSpeed": 2,"easeOutSpeed": 5,"blendMode": "Average"},
			{"code": "lie","animation": "Lie","easeInSpeed": 2,"easeOutSpeed": 5,"blendMode": "Average"},
			{"code": "sleep","animation": "Sleep","easeInSpeed": 2,"easeOutSpeed": 5,"weight": 5,"blendMode": "Average"},
			{"code": "swim","animation": "Swim","supressDefaultAnimation": true,"blendMode": "Average"},
			{"code": "graze","animation": "Graze","easeInSpeed": 10,"supressDefaultAnimation": true,"blendMode": "Average"},
			{"code": "run","animation": "Run","easeInSpeed": 10,"supressDefaultAnimation": true,"blendMode": "Average"},
			{"code": "walk","animation": "Walk","easeInSpeed": 10,"supressDefaultAnimation": true,"blendMode": "Average"}
		]
	},
	"server": {
		"attributes": {
			"pathfinder": {
				"minTurnAnglePerSec": 0,
				"maxTurnAnglePerSecByType": { "*-adult-*": 360, "*-baby-*": 240}
			}
		},
		"behaviors": [
			{ "code": "repulseagents" },
			{"code": "controlledphysics","stepHeight": 1.1251},
			{"code": "despawn","minPlayerDistance": 8,"belowLightLevel": 8,"minSeconds": 300},
			{"code": "health",
				"maxhealthByType": {
					"*-adult-*-lasiorhinuskrefftii": 9,
					"*-adult-*-lasiorhinuslatifrons": 8,
					"*-adult-*-phascolonusgigas": 19,
					"*-adult-*-vombatushacketti": 9,
					"*-adult-*-vombatusursinus": 8
				}
			},
			{"code": "deaddecay",
				"hoursToDecay": 96,
				"decayedBlockByType": {
				"*-adult-*-phascolonusgigas": "carcass-large",
				"*-adult-*": "carcass-medium"
				}
			},
			{"code": "floatupwhenstuck","onlyWhenDead": true},
			{"code": "harvestable",
				"quantitySlots": 8,
				"drops": [
					{
						"type": "item",
						"code": "game:bushmeat-raw",
						"quantityByType": {
							"*-adult-*-lasiorhinuskrefftii": {"avg": 4,"var":1},
							"*-adult-*-lasiorhinuslatifrons": {"avg": 3,"var": 1},
							"*-adult-*-phascolonusgigas": {"avg": 11.5,"var": 1.5},
							"*-adult-*-vombatushacketti": {"avg": 1,"var": 0.3},
							"*-adult-*-vombatusursinus": {"avg": 3,"var": 1}
						}
					},
					{
						"type": "item",
						"code": "game:redmeat-raw",
						"quantityByType": {
							"*-adult-*-phascolonusgigas": {"avg": 11.5,"var": 1.5}
						}
					},
					{
						"type": "item",
						"code": "game:fat",
						"quantityByType": {
							"*-adult-*-lasiorhinuskrefftii": {"avg": 1,"var": 0.3},
							"*-adult-*-lasiorhinuslatifrons": {"avg": 1,"var": 0.3},
							"*-adult-*-phascolonusgigas": {"avg": 4.5,"var": 0.5},
							"*-adult-*-vombatushacketti": {"avg": 1,"var": 0.3},
							"*-adult-*-vombatusursinus": {"avg": 1,"var": 0.3}
						}
					},
					{
						"type": "item",
						"code": "vombatidae:pelt-{gender}-{type}",
						"quantityByType": {
							"*-adult-*": { "offset": 1, "avg": 0, "var": 0 },
							"*": {"avg": 0.0,"var": 0.0}
						}
					},
					{
						"type": "item",
						"code": "vombatidae:creature-vombatidae-baby-female-{type}",
						"quantityByType": {
							"*-adult-female-*": {"avg": 0.05,"var": 0.0},
							"*": {"avg": 0.0,"var": 0.0}
						}
					},
					{
						"type": "item",
						"code": "vombatidae:creature-vombatidae-baby-male-{type}",
						"quantityByType": {
							"*-adult-female-*": {"avg": 0.05,"var": 0.0},
							"*": {"avg": 0.0,"var": 0.0}
						}
					}
				]
			},
			{"code": "breathe" },
			{"code": "multiply",
				"enabledByType": {
					"*-adult-female-*": true,
					"*": false
				},
				"spawnEntityCodesByType": {
				"*-adult-female-*": [ { "code":"vombatidae:vombatidae-baby-female-{type}"}, {"code": "vombatidae:vombatidae-baby-male-{type}"} ]},
				"requiresNearbyEntityCodeByType": {
					"*-adult-female-*": "vombatidae:vombatidae-adult-male-{type}"},
				"requiresNearbyEntityRange": 10,
				"spawnQuantityMin": 1,
				"spawnQuantityMaxByType": {"*": 1},
				"pregnancyDaysByType": {"*": 36},
				"multiplyCooldownDaysMinByType": {"*": 4},
				"multiplyCooldownDaysMaxByType": {"*": 11},
				"portionsEatenForMultiplyByType": {"*-phascolonusgigas": 15,"*-vombatushacketti": 7,"*-vombatusursinus": 7,"*": 6}
			},
			{"code": "emotionstates",
				"states": [
					{"code": "fleeondamage","duration": 60,
						"chanceByType": {"*-adult-*": 1},
						"slot": 2,"priority": 4,"accumType": "max","whenHealthRelBelow": 0.5},
					{"code": "aggressiveondamage","duration": 30,
						"chanceByType": {"*-adult-*": 1},
						"slot": 2,"priority": 3,"accumType": "noaccum"},
					{"code": "fleeondamage","duration": 15,"slot": 2,"chanceByType": {"*-adult-*": 0.75},"priority": 3.5,"accumType": "max"},
					{"code": "alarmherdondamage","chance": 1,"slot": 1,"priority": 1.5,"accumType": "max"},
					{"code": "saturated","duration": 1200,"chance": 1,"slot": 0,"priority": 1,"accumType": "sum"}
				]
			},
			{
				"code": "taskai",
				"aiCreatureType": "LandCreature",
				"aitasks": [
					{
						"code": "meleeattack",
						"animation": "Attack",
						"entityCodesByType": {
							"*-adult-*": [ "player","bear-*","bell-*","drifter-*","hyena-*","locust-*", "wolf-*", "caninae-canina-adult-*","dasyuridae-adult-*","felinae-adult-*", "machairodontinae-adult-*", "pantherinae-neofelis-adult-*", "pantherinae-panthera-adult-*","thylacoleonidae-*","viverridae-*"  ]},
						"priority": 1.9,
						"slot": 1,
						"damageByType": {
							"*-adult-*-lasiorhinuskrefftii":4,
							"*-adult-*-lasiorhinuslatifrons":2,
							"*-adult-*-phascolonusgigas":9,
							"*-adult-*-vombatushacketti":4,
							"*-adult-*-vombatusursinus":4
						},
						"knockbackStrengthByType": {"*":0.2},
						"damageTierByType": {"*":1},
						"mincooldown": 1500,
						"maxcooldown": 2500,
						"attackDurationMs": 1250,
						"damagePlayerAtMs": 400,
						"animationSpeed": 1.25
					},
					{
						"code": "fleeentity",
						"animation": "Run",
						"entityCodesByType": {
							"*":["player","bear-*","bell-*","bowtorn-*","drifter-*","hyena-*","locust-*","moose-*","shiver-*","wolf-*","bovinae-adult-*","caninae-canina-adult-*","caninae-cerdocyonina-adult-*","dasyuridae-adult-*","elephantidae-*", "felinae-adult-*","machairodontinae-adult-*","pantherinae-neofelis-adult-*","pantherinae-panthera-adult-*","rhinocerotidae-*","thylacoleonidae-adult-*","viverridae-*"]
						},
						"priority": 1.8,
						"movespeedByType": {
							"*-adult-male-phascolonusgigas": 0.0648,
							"*-adult-female-phascolonusgigas": 0.072,
							"*-adult-male-*": 0.0324,
							"*-adult-female-*": 0.036
						},
						"seekingRange": 15,
						"animationSpeedByType": {
							"*-adult-*": 4
						}
					},
					{
						"code": "seekentity",
						"animation": "Walk",
						"entityCodesByType": {
							"*":["player","bear-*","bell-*","bowtorn-*","drifter-*","hyena-*","locust-*","moose-*","shiver-*","wolf-*","caninae-canina-adult-*","caninae-cerdocyonina-adult-*","dasyuridae-adult-*","felinae-adult-*","machairodontinae-adult-*","pantherinae-neofelis-adult-*","pantherinae-panthera-adult-*","thylacoleonidae-adult-*","viverridae-*"]
						},
						"priority": 1.0,
						"priorityForCancel": 1.35,
						"movespeedByType": {
							"*-adult-male-phascolonusgigas": 0.0082,
							"*-adult-female-phascolonusgigas": 0.009,
							"*-adult-male-*": 0.0041,
							"*-adult-female-*": 0.0045
						},
						"seekingRange": 5,
						"animationSpeedByType": {
							"*": 1
						},
						"whenInEmotionState": "aggressiveondamage"
					},
					{
						"code": "getoutofwater",
						"animation": "Swim",
						"priority": 1.4,
						"movespeedByType": {
							"*-adult-male-*": 0.0082,
							"*-adult-female-*": 0.009
						},
						"animationSpeed": 1.0
					},
					{
						"code": "idle",
						"animation": "Sit",
						"priority": 0.9,
						"minduration": 2000,
						"maxduration": 60000,
						"mincooldown": 6000,
						"maxcooldown": 12000,
						"chance": 0.25,
						"priorityForCancel": 1.28,
						"stopOnNearbyEntityCodes": [  "player","bear-*","bell-*","drifter-*","hyena-*","locust-*", "wolf-*", "caninae-canina-adult-*","caninae-cerdocyonina-adult-*","dasyuridae-adult-*","felinae-adult-*", "machairodontinae-adult-*","pantherinae-neofelis-adult-*", "pantherinae-panthera-adult-*"  ],
						"stopRange": 10,
						"animationSpeedByType": {
							"*": 0.5
						},
						"stopOnHurt": true,
						"whenNotInEmotionState": "aggressiveondamage|fleeondamage"
					},
					{
						"code": "idle",
						"animation": "Lie",
						"priority": 0.9,
						"minduration": 2000,
						"maxduration": 60000,
						"mincooldown": 6000,
						"maxcooldown": 12000,
						"chance": 0.25,
						"priorityForCancel": 1.28,
						"stopOnNearbyEntityCodes": [  "player","bear-*","bell-*","drifter-*","hyena-*","locust-*", "wolf-*", "caninae-canina-adult-*","caninae-cerdocyonina-adult-*","dasyuridae-adult-*","felinae-adult-*", "machairodontinae-adult-*","pantherinae-neofelis-adult-*", "pantherinae-panthera-adult-*"  ],
						"stopRange": 10,
						"animationSpeedByType": {
							"*": 0.5
						},
						"stopOnHurt": true,
						"whenNotInEmotionState": "aggressiveondamage|fleeondamage"
					},
					{
						"code": "idle",
						"animation": "Sleep",
						"priority": 1.25,
						"minduration": 200000,
						"maxduration": 800000,
						"mincooldown": 1000,
						"maxcooldown": 3000,
						"animationSpeed": 0.3,
						"whenNotInEmotionState": "aggressiveondamage|fleeondamage",
						"duringDayTimeFramesByType": {
							"*-phascolonusgigas":[{"fromHour": 11,"toHour": 16},{"fromHour": 0,"toHour": 5}],
							"*":[{"fromHour": 6,"toHour": 18}]},
						"stopOnNearbyEntityCodes": [ "player" ],
						"stopRange": 1,
						"stopOnHurt": true
					},
					{
						"code": "seekfoodandeat",
						"animation": "Walk",
						"eatAnimation": "Eat",
						"movespeedByType": {
							"*-adult-male-*": 0.0041,
							"*-adult-female-*": 0.0045
						},
						"priority": 1.24,
						"eatSoundByType": {
							"*":"game:creature/animal-eat-small"},
						"eatTime": 1.5,
						"eatLooseItems": true,
						"animationSpeedByType": {
							"*-phascolonusgigas": 0.5,
							"*": 1
						},
						"mincooldownHours": 1,
						"maxcooldownHours": 4,
						"whenNotInEmotionState": "aggressiveondamage|fleeondamage"
					},
					{
						"code": "idle",
						"animation": "Eat",
						"priority": 1.2,
						"priorityForCancel": 1.35,
						"minduration": 3000,
						"maxduration": 120000,
						"mincooldown": 6000,
						"maxcooldown": 20000,
						"animationSpeed": 0.75,
						"soundByType": {"*":"game:creature/animal-eat-small"},
						"whenNotInEmotionState": "aggressiveondamage|fleeondamage"
					},
					{
						"code": "idle",
						"animation": "Dig",
						"priority": 1.0,
						"priorityForCancel": 1.35,
						"minduration": 3000,
						"maxduration": 120000,
						"chance": 0.2,
						"mincooldown": 8000,
						"maxcooldown": 50000,
						"animationSpeed": 0.5,
						"whenNotInEmotionState": "aggressiveondamage|fleeondamage"
					},
					{
						"code": "idle",
						"enabledByType": {"*-baby": false,"*-vombatushacketti": true,"*-vombatusursinus": true,"*": false},
						"animation": "Scream",
						"priority": 1.1,
						"priorityForCancel": 1.35,
						"minduration": 3000,
						"maxduration": 4000,
						"mincooldown": 8000,
						"maxcooldown": 50000,
						"chance": 0.2,
						"animationSpeed": 0.5,
						"soundByType": {"*":"vombatidae:creature/vombatidae/commonscream0*"},
						"whenNotInEmotionState": "aggressiveondamage|fleeondamage",
						"soundRangeByType": {"*": 80}
					},
					{
						"code": "wander",
						"animation": "Walk",
						"priority": 1.0,
						"priorityForCancel": 1.35,
						"movespeedByType": {
							"*-adult-male-*": 0.0041,
							"*-adult-female-*": 0.0045
						},
						"animationSpeedByType": {
							"*-phascolonusgigas": 0.5,
							"*": 1
						},
						"preferredLightLevel": 22,
						"whenNotInEmotionState": "aggressiveondamage|fleeondamage"
					},
					{
						"code": "wander",
						"animation": "Graze",
						"priority": 1.0,
						"priorityForCancel": 1.35,
						"movespeedByType": {
							"*-adult-male-*": 0.00205,
							"*-adult-female-*": 0.00225
						},
						"animationSpeedByType": {
							"*-phascolonusgigas": 0.225,
							"*": 0.45
						},
						"preferredLightLevel": 22,
						"whenNotInEmotionState": "aggressiveondamage|fleeondamage"
					},
					{
						"code": "lookaround",
						"priority": 0.5,
						"whenNotInEmotionState": "aggressiveondamage|fleeondamage"
					}
				]
			},
			{"code": "ropetieable","minGeneration": 2},
			{"code": "pettable","minGeneration": 1}
		],
		"spawnconditions": {
			"worldgen": {
			"tryOnlySurface": true,	
			"groupSizeByType": {
					"vombatidae-adult-female-*": { "dist": "uniform", "avg": 1.5, "var": 0.5 },
					"vombatidae-adult-male-vombatusursinus": { "dist": "uniform", "avg": 1.0, "var": 0 },
					"vombatidae-adult-male-*": { "dist": "uniform", "avg": 5.5, "var": 4.5 }
			},
			"insideBlockCodes":["game:air", "game:gravel-*","game:leaves-*", "game:sand-*", "game:snow-*","game:soil-*","game:tallgrass-*"],
			"companionsByType": {
				"*-adult-female-*":["vombatidae:vombatidae-baby-female-{type}","vombatidae:vombatidae-baby-male-{type}"],
				"*-adult-male-*":["vombatidae:vombatidae-adult-female-{type}"]}
		},
			"runtime": {
				"group": "neutral",
				"tryOnlySurface": true,
				"maxQuantityByGroup": { "code": "vombatidae-*", "maxQuantity": 5 },
				"chanceByType": {
					"*-adult-female-lasiorhinuskrefftii": 0.0005,"*-adult-male-lasiorhinuskrefftii": 0.0005,
					"*-adult-female-lasiorhinuslatifrons": 0.0005,"*-adult-male-lasiorhinuslatifrons": 0.0005,
					"*-adult-female-phascolonusgigas": 0.0005,"*-adult-male-phascolonusgigas": 0.0005,
					"*-adult-female-vombatushacketti": 0.0005,"*-adult-male-vombatushacketti": 0.0005,
					"*-adult-female-vombatusursinus": 0.0005,"*-adult-male-vombatusursinus": 0.0005,
					"*": 0.0
				},
				"mindistancetoplayer": 25,
				"maxLightLevel": 7,
				"lightLevelType": "onlyBlockLight",	
				"spawnCapPlayerScaling": 0.0,	
				"groupSizeByType": {
					"vombatidae-adult-female-*": { "dist": "uniform", "avg": 1.5, "var": 0.5 },
					"vombatidae-adult-male-vombatusursinus": { "dist": "uniform", "avg": 1.0, "var": 0 },
					"vombatidae-adult-male-*": { "dist": "uniform", "avg": 5.5, "var": 4.5 }
				},
				"insideBlockCodes": [ "game:air", "game:gravel-*","game:leaves-*", "game:sand-*","game:soil-*","game:tallgrass-*" ],
				"companionsByType": {
				"*-adult-female-*":["vombatidae:vombatidae-baby-female-{type}","vombatidae:vombatidae-baby-male-{type}"],
				"*-adult-male-*":["vombatidae:vombatidae-adult-female-{type}"]}
			}
		},
		"spawnconditionsByType": {
			"vombatidae-adult-*-lasiorhinuskrefftii": {
				"climate": {
					"minTemp": 16,
					"maxTemp": 30,
					"minRain": 0.4,
					"maxRain": 0.8,
					"minForestOrShrubs": 0.0,
					"maxForest": 1.0,
					"maxShrubs": 1.0,
					"minY": 1.0,
					"maxY": 1.4				
				},
				"worldgen": {
					"triesPerChunk": { "avg": 0.005, "var": 0}
				}
			},
			"vombatidae-adult-*-lasiorhinuslatifrons": {
				"climate": {
					"minTemp": 16,
					"maxTemp": 22,
					"minRain": 0.25,
					"maxRain": 0.6,
					"minForest": 0.0,
					"maxForest": 1.0,
					"maxShrubs": 1.0,
					"minY": 1.0,
					"maxY": 1.4		
				},
				"worldgen": {
					"triesPerChunk": { "avg": 0.005, "var": 0}
				}
			},
			"vombatidae-adult-*-phascolonusgigas": {
				"climate": {
					"minTemp": 14,
					"maxTemp": 30,
					"minRain": 0.05,
					"maxRain": 0.6,
					"minForest": 0.0,
					"maxForest": 0.6,
					"maxShrubs": 0.6,
					"minY": 1.0,
					"maxY": 1.4		
				},
				"worldgen": {
					"triesPerChunk": { "avg": 0.005, "var": 0}
				}
			},
			"vombatidae-adult-*-vombatushacketti": {
				"climate": {
					"minTemp": 14,
					"maxTemp": 18,
					"minRain": 0.1,
					"maxRain": 0.75,
					"minForest": 0.0,
					"maxForest": 1.0,
					"maxShrubs": 1.0,
					"minY": 1.0,
					"maxY": 1.4		
				},
				"worldgen": {
					"triesPerChunk": { "avg": 0.005, "var": 0}
				}
			},
			"vombatidae-adult-*-vombatusursinus": {
				"climate": {
					"minTemp": 12,
					"maxTemp": 21,
					"minRain": 0.6,
					"maxRain": 1.0,
					"minForestOrShrubs": 0.0,
					"maxForest": 1.0,
					"maxShrubs": 1.0,
					"minY": 1.0,
					"maxY": 1.6				
				},
				"worldgen": {
					"triesPerChunk": { "avg": 0.005, "var": 0}
				}
			}
		}
	},
	"soundsByType": {
"*":{"hurt": "vombatidae:creature/vombatidae/commonscream03","death": "vombatidae:creature/vombatidae/commonscream03"}}
}