{
	"code": "vombatidae",
	"class": "EntityAgent",
	"tags": ["animal", "huntable", "habitat-land"],
	"fallDamageMultipliere": 0.25,
	"variantgroups": [
		{"code": "age","states": [ "baby" ]},
		{"code": "gender","states": [ "female","male"]},
		{"code": "type","states": [ "lasiorhinuskrefftii","lasiorhinuslatifrons","phascolonusgigas","vombatushacketti","vombatusursinus"]}
	],
	"hitBoxSizeByType": {
		"*-baby-*-lasiorhinuskrefftii": {"x": 0.3,"y": 0.25},
		"*-baby-*-lasiorhinuslatifrons": {"x": 0.3,"y": 0.25},
		"*-baby-*-phascolonusgigas": {"x": 0.6,"y": 0.5},
		"*-baby-*-vombatushacketti": {"x": 0.3,"y": 0.25},
		"*-baby-*-vombatusursinus": {"x": 0.3,"y": 0.25}
	},
	"deadhitBoxSizeByType": {
		"*-baby-*-lasiorhinuskrefftii": {"x": 0.3,"y": 0.25},
		"*-baby-*-lasiorhinuslatifrons": {"x": 0.3,"y": 0.25},
		"*-baby-*-phascolonusgigas": {"x": 0.6,"y": 0.5},
		"*-baby-*-vombatushacketti": {"x": 0.3,"y": 0.25},
		"*-baby-*-vombatusursinus": {"x": 0.3,"y": 0.25}
	},
	"eyeHeightByType": {
		"*-baby-*-phascolonusgigas": 0.24,
		"*-baby-*": 0.12
	},
	"weightByType": {
		"*-baby-*-lasiorhinuskrefftii": 5,
		"*-baby-*-lasiorhinuslatifrons": 5,
		"*-baby-*-phascolonusgigas": 20,
		"*-baby-*-vombatushacketti": 5,
		"*-baby-*-vombatusursinus": 5
	},	
	"knockbackResistance": 0.25,	
	"attributes": {
		"killedByInfoText": "deadcreature-killed",
		"trappableByType": {
			"*-phascolonusgigas": {
				"small": { "trapChance": 0.25,	"trapDestroyChance": 0.15 },
				"large": { "trapChance": 0.8,	"trapDestroyChance": 0.0 }
			},
			"*": {
				"small": { "trapChance": 0.4,	"trapDestroyChance": 0.05 },
				"large": { "trapChance": 0.9,	"trapDestroyChance": 0.0 }
			}
		},
		"creatureDietByType": {
			"*":{
			"foodCategories": ["Grain","Vegetable"],
			"weightedFoodTags": [
				{ "weight": 0.7, "code": "grain" },
				{ "weight": 0.5, "code": "grass" },
				{ "weight": 0.5, "code": "nibbleCrop" },
				{ "weight": 1, "code": "tastyvegetable" }
			]
		}},
		"handbook": {
			"groupcode": "creaturegroup-vombatidae"
		}
	},
	"drops": [],
	"client": {
		"renderer": "Shape",
		"shapeByType": {
			"*-baby-*-lasiorhinuslatifrons": { "base": "entity/land/vombatidae/vombatusursinus-baby" },
			"*-baby-*-vombatushacketti": { "base": "entity/land/vombatidae/vombatusursinus-baby" },
			"*-baby-*": { "base": "entity/land/vombatidae/{type}-baby" }
		},
		"textureByType": {
			"*-baby-*-lasiorhinuslatifrons": { "base": "entity/vombatidae/lasiorhinuskrefftii-baby" },
			"*-baby-*-vombatushacketti": { "base": "entity/vombatidae/vombatusursinus-baby" },
			"*-baby-*": { "base": "entity/vombatidae/{type}-baby" }
		},
		"sizeByType": {
			"*-baby-*": 1.0
		},
		"behaviors": [
			{"code": "repulseagents" },
			{"code": "controlledphysics","stepHeight":1.1251},
			{"code": "floatupwhenstuck","onlyWhenDead": true},
			{"code": "interpolateposition" },
			{"code": "harvestable","quantitySlots": 8},
			{"code": "despawn","minPlayerDistance": 8,"belowLightLevel": 8,"minSeconds": 300},
			{"code": "ropetieable","minGeneration": 2}
		],
		"animations": [
			{"code": "attack","animation": "Attack","animationSpeed": 1.2,"weight": 10,"blendMode": "AddAverage"},
			{"code": "die","animation": "Die","animationSpeed": 2,"weight": 10,"blendMode": "Average","triggeredBy": { "onControls": [ "dead" ] }},
			{"code": "eat","animation": "Eat","easeInSpeed": 2,"easeOutSpeed": 2,"blendMode": "Average"},
			{"code": "hurt","animation": "Hurt","animationSpeed": 2.2,"weight": 10,"blendMode": "AddAverage"},
			{"code": "idle","animation": "Idle","animationSpeed": 0.5,"blendMode": "AddAverage","easeOutSpeed": 4,"triggeredBy": { "defaultAnim": true }},
			{"code": "scream","animation": "Scream", "blendMode": "AddAverage","easeOutSpeed": 1},
			{"code": "sit","animation": "Sit","easeInSpeed": 2,"easeOutSpeed": 5,"blendMode": "Average"},
			{"code": "lie","animation": "Lie","easeInSpeed": 2,"easeOutSpeed": 5,"blendMode": "Average"},
			{"code": "sleep","animation": "Sleep","easeInSpeed": 2,"easeOutSpeed": 5,"weight": 5,"blendMode": "Average"},
			{"code": "swim","animation": "Swim","supressDefaultAnimation": true,"blendMode": "Average"},
			{"code": "graze","animation": "Graze","easeInSpeed": 10,"supressDefaultAnimation": true,"blendMode": "Average"},
			{"code": "run","animation": "Run","easeInSpeed": 10,"supressDefaultAnimation": true,"blendMode": "Average"},
			{"code": "walk","animation": "Walk","easeInSpeed": 10,"supressDefaultAnimation": true,"blendMode": "Average"}
		]
	},
	"server": {
		"attributes": {
			"pathfinder": {
				"minTurnAnglePerSec": 0,
				"maxTurnAnglePerSecByType": { "*-adult-*": 360, "*-baby-*": 240}
			}
		},
		"behaviors": [
			{ "code": "repulseagents" },
			{"code": "controlledphysics","stepHeight": 1.1251},
			{"code": "despawn","minPlayerDistance": 8,"belowLightLevel": 8,"minSeconds": 300},
			{"code": "health",
				"maxhealthByType": {
					"*-baby-*-lasiorhinuskrefftii": 4,
					"*-baby-*-lasiorhinuslatifrons": 4,
					"*-baby-*-phascolonusgigas": 6,
					"*-baby-*-vombatushacketti": 4,
					"*-baby-*-vombatusursinus": 4
				}
			},
			{"code": "deaddecay",
				"hoursToDecay": 96,
				"decayedBlockByType": {
				"*-baby-*-phascolonusgigas": "carcass-medium",
				"*-baby-*": "carcass-tiny"
				}
			},
			{"code": "floatupwhenstuck","onlyWhenDead": true},
			{"code": "harvestable",
				"quantitySlots": 8,
				"drops": [
					{
						"type": "item",
						"code": "game:bushmeat-raw",
						"quantityByType": {
							"*-baby-*-phascolonusgigas": {"avg": 1.5,"var": 0.5},
							"*-baby-*": {"avg": 0,"var": 0.3}
						}
					},
					{
						"type": "item",
						"code": "game:redmeat-raw",
						"quantityByType": {
							"*-baby-*-phascolonusgigas": {"avg": 1.5,"var": 0.5}
						}
					},
					{
						"type": "item",
						"code": "game:fat",
						"quantityByType": {
							"*-baby-*": {"avg": 0,"var": 0.3}
						}
					},
					{
						"type": "item",
						"code": "vombatidae:pelt-baby-{type}",
						"quantityByType": {
							"*-phascolonusgigas": { "offset": 1, "avg": 0, "var": 0 },
							"*": {"avg": 0.0,"var": 0.0}
						}
					}
				]
			},
			{"code": "breathe" },
			{"code": "grow",
				"hoursToGrowByType": {"*": 525},
				"adultEntityCodesByType": {
					"*-baby-male-*": ["vombatidae:vombatidae-adult-male-{type}"],
					"*-baby-female-*": ["vombatidae:vombatidae-adult-female-{type}"]
				}
			},
			{"code": "emotionstates",
				"states": [
					{"code": "fleeondamage","duration": 60,
						"chanceByType": {"*-baby-*": 1},
						"slot": 2,"priority": 4,"accumType": "max","whenHealthRelBelow": 0.5},
					{"code": "fleeondamage","duration": 15,"slot": 2,"chanceByType": {"*-adult-*": 0.75,"*-baby-*": 1},"priority": 3.5,"accumType": "max"},
					{"code": "alarmherdondamage","chance": 1,"slot": 1,"priority": 1.5,"accumType": "max"},
					{"code": "saturated","duration": 1200,"chance": 1,"slot": 0,"priority": 1,"accumType": "sum"}
				]
			},
			{
				"code": "taskai",
				"aiCreatureType": "LandCreature",
				"aitasks": [
					
					{
						"code": "fleeentity",
						"animation": "Run",
						"entityCodesByType": {
							"*":["player","bear-*","bell-*","bowtorn-*","drifter-*","hyena-*","locust-*","moose-*","shiver-*","wolf-*","bovinae-adult-*","caninae-canina-adult-*","caninae-cerdocyonina-adult-*","dasyuridae-adult-*","elephantidae-*", "felinae-adult-*","machairodontinae-adult-*","pantherinae-neofelis-adult-*","pantherinae-panthera-adult-*","rhinocerotidae-*","thylacoleonidae-adult-*","viverridae-*"]
						},
						"priority": 1.8,
						"movespeedByType": {
							"*-baby-*-phascolonusgigas": 0.036,
							"*-baby-*": 0.018
						},
						"seekingRange": 15,
						"animationSpeedByType": {
							"*-baby-*": 4
						}
					},
					{
						"code": "getoutofwater",
						"animation": "Swim",
						"priority": 1.4,
						"movespeedByType": {
							"*-baby-*": 0.0045
						},
						"animationSpeed": 1.0
					},
					{
						"code": "stayclosetoentity",
						"animation": "Walk",
						"priority": 1.81,
						"entityCodeByType": {
							"*-baby-*": "vombatidae-adult-female-{type}"},
						"movespeedByType": {
							"*-baby-*": 0.0045
							},
						"maxDistance": 2,
						"searchRange": 15,
						"animationSpeedByType": {
							"*-baby-*-phascolonusgigas": 1,
							"*-baby-*": 2
						}
					},
					{
						"code": "idle",
						"animation": "Sit",
						"priority": 0.9,
						"minduration": 2000,
						"maxduration": 60000,
						"mincooldown": 6000,
						"maxcooldown": 12000,
						"chance": 0.25,
						"priorityForCancel": 1.28,
						"stopOnNearbyEntityCodes": [  "player","bear-*","bell-*","drifter-*","hyena-*","locust-*", "wolf-*", "caninae-canina-adult-*","caninae-cerdocyonina-adult-*","dasyuridae-adult-*","felinae-adult-*", "machairodontinae-adult-*","pantherinae-neofelis-adult-*", "pantherinae-panthera-adult-*"  ],
						"stopRange": 10,
						"animationSpeedByType": {
							"*-baby-*": 0.6
						},
						"stopOnHurt": true,
						"whenNotInEmotionState": "aggressiveondamage|fleeondamage"
					},
					{
						"code": "idle",
						"animation": "Lie",
						"priority": 0.9,
						"minduration": 2000,
						"maxduration": 60000,
						"mincooldown": 6000,
						"maxcooldown": 12000,
						"chance": 0.25,
						"priorityForCancel": 1.28,
						"stopOnNearbyEntityCodes": [  "player","bear-*","bell-*","drifter-*","hyena-*","locust-*", "wolf-*", "caninae-canina-adult-*","caninae-cerdocyonina-adult-*","dasyuridae-adult-*","felinae-adult-*", "machairodontinae-adult-*","pantherinae-neofelis-adult-*", "pantherinae-panthera-adult-*"  ],
						"stopRange": 10,
						"animationSpeedByType": {
							"*": 0.5
						},
						"stopOnHurt": true,
						"whenNotInEmotionState": "aggressiveondamage|fleeondamage"
					},
					{
						"code": "idle",
						"animation": "Sleep",
						"priority": 1.25,
						"minduration": 200000,
						"maxduration": 800000,
						"mincooldown": 1000,
						"maxcooldown": 3000,
						"animationSpeed": 0.3,
						"whenNotInEmotionState": "aggressiveondamage|fleeondamage",
						"duringDayTimeFramesByType": {
							"*-phascolonusgigas":[{"fromHour": 11,"toHour": 16},{"fromHour": 0,"toHour": 5}],
							"*":[{"fromHour": 6,"toHour": 18}]},
						"stopOnNearbyEntityCodes": [ "player" ],
						"stopRange": 1,
						"stopOnHurt": true
					},
					{
						"code": "seekfoodandeat",
						"animation": "Walk",
						"eatAnimation": "Eat",
						"movespeedByType": {
							"*-baby-*": 0.00225
						},
						"priority": 1.24,
						"eatSoundByType": {
							"*":"game:creature/animal-eat-small"},
						"eatTime": 1.5,
						"eatLooseItems": true,
						"animationSpeedByType": {
							"*-phascolonusgigas": 0.5,
							"*": 1
						},
						"mincooldownHours": 1,
						"maxcooldownHours": 4,
						"whenNotInEmotionState": "aggressiveondamage|fleeondamage"
					},
					{
						"code": "idle",
						"animation": "Eat",
						"priority": 1.2,
						"priorityForCancel": 1.35,
						"minduration": 3000,
						"maxduration": 120000,
						"mincooldown": 6000,
						"maxcooldown": 20000,
						"animationSpeed": 0.75,
						"soundByType": {"*":"game:creature/animal-eat-small"},
						"whenNotInEmotionState": "aggressiveondamage|fleeondamage"
					},
					{
						"code": "idle",
						"animation": "Dig",
						"priority": 1.0,
						"priorityForCancel": 1.35,
						"minduration": 3000,
						"maxduration": 120000,
						"chance": 0.2,
						"mincooldown": 8000,
						"maxcooldown": 50000,
						"animationSpeed": 0.5,
						"whenNotInEmotionState": "aggressiveondamage|fleeondamage"
					},
					{
						"code": "wander",
						"animation": "Walk",
						"priority": 1.0,
						"priorityForCancel": 1.35,
						"movespeedByType": {
							"*-baby-*": 0.00225
						},
						"animationSpeedByType": {
							"*-phascolonusgigas": 0.5,
							"*": 1
						},
						"preferredLightLevel": 22,
						"whenNotInEmotionState": "aggressiveondamage|fleeondamage"
					},
					{
						"code": "wander",
						"animation": "Graze",
						"priority": 1.0,
						"priorityForCancel": 1.35,
						"movespeedByType": {
							"*-baby-*": 0.001125
						},
						"animationSpeedByType": {
							"*-phascolonusgigas": 0.225,
							"*": 0.45
						},
						"preferredLightLevel": 22,
						"whenNotInEmotionState": "aggressiveondamage|fleeondamage"
					},
					{
						"code": "lookaround",
						"priority": 0.5,
						"whenNotInEmotionState": "aggressiveondamage|fleeondamage"
					}
				]
			},
			{"code": "ropetieable","minGeneration": 2},
			{"code": "pettable","minGeneration": 1}
		]
	},
	"soundsByType": {
"*":{"hurt": "vombatidae:creature/vombatidae/commonscream03","death": "vombatidae:creature/vombatidae/commonscream03"}}
}