[
	{
	"ingredientPattern": "SAS, L ,SKS",
	"ingredients": {
		"S": { "type": "item", "code": "game:stick" },
		"L": { "type": "item", "code": "game:cloth-*", "name": "color", "quantity": 1, "skipVariants": [ "mordant" ] },
		"A": { "type": "item", "code": "tailorsdelight:needle-*" },
		"K": { "type": "item", "code": "game:knife-generic-*", "isTool": true, "toolDurabilityCost": 4 }
	},
	"width": 3,
	"height": 3,
	"output": { "type": "block", "code": "tailorsdelight:panel-cloth-full-none-{color}", "quantity": 2 }
	},

	{
	"ingredientPattern": "SAS, L ,SKS",
	"ingredients": {
		"S": { "type": "item", "code": "game:stick" },
		"L": { "type": "item", "code": "tailorsdelight:cloth-*", "name": "color", "quantity": 1 },
		"A": { "type": "item", "code": "tailorsdelight:needle-*" },
		"K": { "type": "item", "code": "game:knife-generic-*", "isTool": true, "toolDurabilityCost": 4 }
	},
	"width": 3,
	"height": 3,
	"output": { "type": "block", "code": "tailorsdelight:panel-cloth-full-none-{color}", "quantity": 2 }
	},

	{
	"ingredientPattern": "SAS, L ,SKS",
	"ingredients": {
		"S": { "type": "item", "code": "game:stick" },
		"L": { "type": "item", "code": "tailorsdelight:checkeredcloth-*", "name": "color", "quantity": 1 },
		"A": { "type": "item", "code": "tailorsdelight:needle-*" },
		"K": { "type": "item", "code": "game:knife-generic-*", "isTool": true, "toolDurabilityCost": 4 }
	},
	"width": 3,
	"height": 3,
	"output": { "type": "block", "code": "tailorsdelight:panel-cloth-full-checker-{color}", "quantity": 2 }
	},

	{
	"ingredientPattern": "S ,CN,R ",
	"requiresTrait": "clothier",
	"ingredients": {
		"C": { "type": "item", "code": "game:cloth-*", "name": "color", "quantity": 1, "skipVariants": [ "mordant" ] },
		"S": { "type": "item", "code": "game:shears-*", "isTool": true, "toolDurabilityCost": 4 },
		"R": { "type": "item", "code": "tailorsdelight:ruler-*", "isTool": true },
		"N": { "type": "item", "code": "tailorsdelight:needle-*" }
	},
	"width": 2,
	"height": 3,
	"output": { "type": "block", "code": "tailorsdelight:panel-cloth-small-none-{color}", "quantity": 4 }
	},

	{
	"ingredientPattern": "S ,CN,R ",
	"requiresTrait": "clothier",
	"ingredients": {
		"C": { "type": "item", "code": "tailorsdelight:cloth-*", "name": "color", "quantity": 1 },
		"S": { "type": "item", "code": "game:shears-*", "isTool": true, "toolDurabilityCost": 4 },
		"R": { "type": "item", "code": "tailorsdelight:ruler-*", "isTool": true },
		"N": { "type": "item", "code": "tailorsdelight:needle-*" }
	},
	"width": 2,
	"height": 3,
	"output": { "type": "block", "code": "tailorsdelight:panel-cloth-small-none-{color}", "quantity": 4 }
	},

	{
	"ingredientPattern": "S ,CN,R ",
	"requiresTrait": "clothier",
	"ingredients": {
		"C": { "type": "item", "code": "tailorsdelight:checkeredcloth-*", "name": "color", "quantity": 1, "skipVariants": [ "mordant" ] },
		"S": { "type": "item", "code": "game:shears-*", "isTool": true, "toolDurabilityCost": 4 },
		"R": { "type": "item", "code": "tailorsdelight:ruler-*", "isTool": true },
		"N": { "type": "item", "code": "tailorsdelight:needle-*" }
	},
	"width": 2,
	"height": 3,
	"output": { "type": "block", "code": "tailorsdelight:panel-cloth-small-checker-{color}", "quantity": 4 }
	},

	{
	"ingredientPattern": "P  ,SRN",
	"requiresTrait": "clothier",
	"ingredients": {
		"P": { "type": "block", "code": "tailorsdelight:panel-cloth-full-checker-*", "name": "color" },
		"S": { "type": "item", "code": "game:shears-*", "isTool": true, "toolDurabilityCost": 4 },
		"R": { "type": "item", "code": "tailorsdelight:ruler-*", "isTool": true },
		"N": { "type": "item", "code": "tailorsdelight:needle-*" }
	},
	"width": 3,
	"height": 2,
	"recipeGroup": 2,
	"output": { "type": "block", "code": "tailorsdelight:panel-cloth-small-checker-{color}", "quantity": 4 }
	},

	{
	"ingredientPattern": "P  ,SRN",
	"requiresTrait": "clothier",
	"ingredients": {
		"P": { "type": "block", "code": "tailorsdelight:panel-cloth-full-none-*", "name": "color" },
		"S": { "type": "item", "code": "game:shears-*", "isTool": true, "toolDurabilityCost": 4 },
		"R": { "type": "item", "code": "tailorsdelight:ruler-*", "isTool": true },
		"N": { "type": "item", "code": "tailorsdelight:needle-*" }
	},
	"width": 3,
	"height": 2,
	"recipeGroup": 2,
	"output": { "type": "block", "code": "tailorsdelight:panel-cloth-small-none-{color}", "quantity": 4 }
	}
]
