[
	{
	"ingredientPattern": "C  ,SRN",
	"requiresTrait": "clothier",
	"ingredients": {
		"C": { "type": "item", "code": "game:cloth-*", "name": "color", "quantity": 1, "skipVariants": [ "mordant" ] },
		"S": { "type": "item", "code": "game:shears-*", "isTool": true, "toolDurabilityCost": 4 },
		"R": { "type": "item", "code": "tailorsdelight:ruler-*", "isTool": true },
		"N": { "type": "item", "code": "tailorsdelight:needle-*" }
	},
	"width": 3,
	"height": 2,
	"output": { "type": "block", "code": "tailorsdelight:panel-cloth-table-none-{color}", "quantity": 1 }
	},

	{
	"ingredientPattern": "C  ,SRN",
	"requiresTrait": "clothier",
	"ingredients": {
		"C": { "type": "item", "code": "tailorsdelight:cloth-*", "name": "color", "quantity": 1 },
		"S": { "type": "item", "code": "game:shears-*", "isTool": true, "toolDurabilityCost": 4 },
		"R": { "type": "item", "code": "tailorsdelight:ruler-*", "isTool": true },
		"N": { "type": "item", "code": "tailorsdelight:needle-*" }
	},
	"width": 3,
	"height": 2,
	"output": { "type": "block", "code": "tailorsdelight:panel-cloth-table-none-{color}", "quantity": 1 }
	},

	{
	"ingredientPattern": "C  ,SRN",
	"requiresTrait": "clothier",
	"ingredients": {
		"C": { "type": "item", "code": "tailorsdelight:checkeredcloth-*", "name": "color", "quantity": 1, "skipVariants": [ "mordant" ] },
		"S": { "type": "item", "code": "game:shears-*", "isTool": true, "toolDurabilityCost": 4 },
		"R": { "type": "item", "code": "tailorsdelight:ruler-*", "isTool": true },
		"N": { "type": "item", "code": "tailorsdelight:needle-*" }
	},
	"width": 3,
	"height": 2,
	"output": { "type": "block", "code": "tailorsdelight:panel-cloth-table-checker-{color}", "quantity": 1 }
	}
]
