{
	"code": "porcelainoillamp",
	"class": "BlockTorch",
	"behaviorsByType": {
		"*-up": [
			{ "name": "Lockable" },
			{ "name": "UnstableFalling", "properties": { "attachmentArea": { "x1": 5, "y1": 15, "z1": 5, "x2": 10, "y2": 16, "z2": 10 } } },
			{ "name": "RightClickPickup"}
		],
		"*": [ { "name": "Lockable" }, { "name": "RightClickPickup"} ]
	},
	"attributes": {
		"reinforcable": true,
		"allowUnstablePlacement": true,
		"attachmentAreas": {
			"down": { "x1": 5, "y1": 0, "z1": 5, "x2": 10, "y2": 0, "z2": 10 },
			"north": { "x1": 7, "y1": 6, "z1": 15, "x2": 8, "y2": 7, "z2": 15, "rotateY": 180 },
			"east": { "x1": 7, "y1": 6, "z1": 15, "x2": 8, "y2": 7, "z2": 15, "rotateY": 270 },
			"south": { "x1": 7, "y1": 6, "z1": 15, "x2": 8, "y2": 7, "z2": 15, "rotateY": 0 },
			"west": { "x1": 7, "y1": 6, "z1": 15, "x2": 8, "y2": 7, "z2": 15, "rotateY": 90 }
		},
		"handbook": { "groupBy": [ "porcelainoillamp-*" ] }
	},
	"storageFlags": 257,
	"variantgroups": [
		{ "code": "color", "states": [ "lavender", "paleblue", "palegreen", "palered", "peach", "sunflower", "white" ] },
		{ "code": "inside", "states": [ "white" ] },
		{ "code": "orientation", "loadFromProperties": "abstract/horizontalorientation", "states": [ "up" ] }
	],
	"shapeByType": {
		"*-up": { "base": "bricklayers:block/clay/bowl/bowl_porcelain_light_ground" },
		"*-north": { "base": "bricklayers:block/clay/bowl/bowl_porcelain_light_wall", "rotateY": 0 },
		"*-east": { "base": "bricklayers:block/clay/bowl/bowl_porcelain_light_wall", "rotateY": 270 },
		"*-south": { "base": "bricklayers:block/clay/bowl/bowl_porcelain_light_wall", "rotateY": 180 },
		"*-west": { "base": "bricklayers:block/clay/bowl/bowl_porcelain_light_wall", "rotateY": 90 }
	},
	"doNotRenderAtLod2": true,
	"sidesolid": { "all": false },
	"sideopaque": { "all": false },
	"creativeinventory": { "general": ["*-up"], "decorative": ["*-up"], "ceramics": ["*-up"] },
	"replaceable": 5001,
	"resistance": 0.5,
	"maxStackSize": 8,
	"lightAbsorption": 0,
	"lightHsv": [ 5, 3, 14 ],
	"sounds": { "place": "game:player/build" },
	"textures": {
		"content": { "base": "game:block/fire" },
		"ceramic": { "base": "bricklayers:block/clay/raw/{color}" },
		"top": { "base": "bricklayers:block/clay/raw/{color}" },
		"inside": { "base": "bricklayers:block/clay/raw/{color}" }
	},
	"particleProperties": [
		{
			"hsvaColor": [ { "avg": 20, "var": 20 }, { "avg": 255, "var": 50 }, { "avg": 255, "var": 50 },  { "avg": 255, "var": 0 }],
			"gravityEffect": { "avg": 0, "var": 0 },
			"posOffset": [ { "avg": 0, "var": 0.1 }, { "avg": 0, "var": 0 }, { "avg": 0, "var": 0.1 }],
			"velocity": [ { "avg": 0, "var": 0.025 }, { "avg": 0.1, "var": 0.1 }, { "avg": 0, "var": 0.025 }],
			"quantity": { "avg": 0.018 },
			"size": { "avg": 0.5, "var": 0 },
			"sizeEvolve": { "transform": "quadratic", "factor": -0.7 },
			"lifeLength": { "avg": 1.6 },
			"vertexFlags": 128
		},
		{
			"hsvaColor": [ { "avg": 0, "var": 0 }, { "avg": 0, "var": 0 }, { "avg": 40, "var": 30 },  { "avg": 220, "var": 50 }],
			"opacityEvolve": { "transform": "quadratic", "factor": -16 },
			"gravityEffect": { "avg": 0, "var": 0 },
			"posOffset": [ { "avg": 0, "var": 0.1 }, { "avg": 0, "var": 0 }, { "avg": 0, "var": 0.1 }],
			"velocity": [ { "avg": 0, "var": 0.025 }, { "avg": 0.05, "var": 0.1 }, { "avg": 0, "var": 0.025 }],
			"quantity": { "avg": 0.06 },
			"size": { "avg": 0.3125, "var": 0.05 },
			"sizeEvolve": { "transform": "linear", "factor": 0.5 },
			"particleModel": "Quad"
		}
	],
	"collisionbox": null,
	"selectionboxByType": {
		"*-up": { "x1": 0.3125, "y1": 0, "z1": 0.3125, "x2": 0.6875, "y2": 0.125, "z2": 0.6875 },
		"*-east": { "x1": 0.3125, "y1": 0.3125, "z1": 0.5625, "x2": 0.6875, "y2": 0.5, "z2": 1, "rotateY": 270 },
		"*-south": { "x1": 0.3125, "y1": 0.3125, "z1": 0.5625, "x2": 0.6875, "y2": 0.5, "z2": 1, "rotateY": 180 },
		"*-west": { "x1": 0.3125, "y1": 0.3125, "z1": 0.5625, "x2": 0.6875, "y2": 0.5, "z2": 1, "rotateY": 90 },
		"*-north": { "x1": 0.3125, "y1": 0.3125, "z1": 0.5625, "x2": 0.6875, "y2": 0.5, "z2": 1, "rotateY": 0 }
	},
	"heldRightReadyAnimation": "holdinglanternrighthand",
	"blockmaterial": "Ceramic",
	"guiTransform": {
		"translation": { "x": 0, "y": 4, "z": 0 },
		"origin": { "x": 0.5, "y": 0.0625, "z": 0.5 },
		"scale": 3
	},
	"groundTransform": { "scale": 2.5 },
	"tpHandTransform": {
		"translation": { "x": -0.84, "y": -0.18, "z": -0.54 },
		"rotation": { "x": -115, "y": 0, "z": -89 },
		"origin": { "x": 0.5, "y": 0.1, "z": 0.5 },
		"scale": 0.66
	},
	"tpOffHandTransform": {
		"translation": { "x": -0.92, "y": -0.26, "z": -0.97 },
		"rotation": { "x": -62, "y": 0, "z": -89 },
		"origin": { "x": 0.5, "y": 0.1, "z": 0.5 },
		"scale": 0.66
        },
	"rainPermeable": true,
	"materialDensity": 600
}
