{
    "code": "gacha",
    "class": "VinconGacha",
    "entityClass": "BEVinconGacha",
    "priorityInteract": true,
    "attributes": {
        "handbook": { 
            "groupBy": [ "gacha-north" ],
            "groupedName": "gacha-north" },
            "extraSections": [
                { "title": "", "text": "vinconomy:handbooktext-gacha" }
            ] },
    "behaviors": [
        {
            "name": "HorizontalOrientable",
            "properties": { "dropBlockFace": "north" }
        }
    ],
    "heldTpIdleAnimation": "holdbothhandslarge",
    "heldTpUseAnimation": "twohandplaceblock",
    "blockmaterial": "Metal",
    "variantgroups": [
        {
            "code": "side",
            "loadFromProperties": "abstract/horizontalorientation"
        }
    ],
    "creativeinventory": {},
    "creativeinventoryStacksByType": {
        "*-north": [
            {
                "tabs": [ "general", "vinconomy" ],
                "stacks": [
                    {"type": "block","code": "gacha-north","attributes": {"PrimaryMaterial": "bismuth","SecondaryMaterial": "bismuth", "DecoMaterial" :  "plain"}},
                    {"type": "block","code": "gacha-north","attributes": {"PrimaryMaterial": "bismuth","SecondaryMaterial": "bismuthbronze", "DecoMaterial" :  "plain"}},
                    {"type": "block","code": "gacha-north","attributes": {"PrimaryMaterial": "bismuth","SecondaryMaterial": "blackbronze", "DecoMaterial" :  "plain"}},
                    {"type": "block","code": "gacha-north","attributes": {"PrimaryMaterial": "bismuth","SecondaryMaterial": "brass", "DecoMaterial" :  "plain"}},
                    {"type": "block","code": "gacha-north","attributes": {"PrimaryMaterial": "bismuth","SecondaryMaterial": "copper", "DecoMaterial" :  "plain"}},
                    {"type": "block","code": "gacha-north","attributes": {"PrimaryMaterial": "bismuth","SecondaryMaterial": "gold", "DecoMaterial" :  "plain"}},
                    {"type": "block","code": "gacha-north","attributes": {"PrimaryMaterial": "bismuth","SecondaryMaterial": "silver", "DecoMaterial" :  "plain"}},
                    {"type": "block","code": "gacha-north","attributes": {"PrimaryMaterial": "bismuth","SecondaryMaterial": "iron", "DecoMaterial" :  "plain"}},
                    {"type": "block","code": "gacha-north","attributes": {"PrimaryMaterial": "bismuth","SecondaryMaterial": "lead", "DecoMaterial" :  "plain"}},
                    {"type": "block","code": "gacha-north","attributes": {"PrimaryMaterial": "bismuth","SecondaryMaterial": "meteoriciron", "DecoMaterial" :  "plain"}},
                    {"type": "block","code": "gacha-north","attributes": {"PrimaryMaterial": "bismuth","SecondaryMaterial": "tinbronze", "DecoMaterial" :  "plain"}},
                    {"type": "block","code": "gacha-north","attributes": {"PrimaryMaterial": "bismuth","SecondaryMaterial": "steel", "DecoMaterial" :  "plain"}},
                    {"type": "block","code": "gacha-north","attributes": {"PrimaryMaterial": "bismuth","SecondaryMaterial": "tin", "DecoMaterial" :  "plain"}},
                    {"type": "block","code": "gacha-north","attributes": {"PrimaryMaterial": "bismuth","SecondaryMaterial": "uranium", "DecoMaterial" :  "plain"}},
                    {"type": "block","code": "gacha-north","attributes": {"PrimaryMaterial": "bismuth","SecondaryMaterial": "zinc", "DecoMaterial" :  "plain"}},

                    {"type": "block","code": "gacha-north","attributes": {"PrimaryMaterial": "bismuthbronze","SecondaryMaterial": "bismuth", "DecoMaterial" :  "plain"}},
                    {"type": "block","code": "gacha-north","attributes": {"PrimaryMaterial": "bismuthbronze","SecondaryMaterial": "bismuthbronze", "DecoMaterial" :  "plain"}},
                    {"type": "block","code": "gacha-north","attributes": {"PrimaryMaterial": "bismuthbronze","SecondaryMaterial": "blackbronze", "DecoMaterial" :  "plain"}},
                    {"type": "block","code": "gacha-north","attributes": {"PrimaryMaterial": "bismuthbronze","SecondaryMaterial": "brass", "DecoMaterial" :  "plain"}},
                    {"type": "block","code": "gacha-north","attributes": {"PrimaryMaterial": "bismuthbronze","SecondaryMaterial": "copper", "DecoMaterial" :  "plain"}},
                    {"type": "block","code": "gacha-north","attributes": {"PrimaryMaterial": "bismuthbronze","SecondaryMaterial": "gold", "DecoMaterial" :  "plain"}},
                    {"type": "block","code": "gacha-north","attributes": {"PrimaryMaterial": "bismuthbronze","SecondaryMaterial": "silver", "DecoMaterial" :  "plain"}},
                    {"type": "block","code": "gacha-north","attributes": {"PrimaryMaterial": "bismuthbronze","SecondaryMaterial": "iron", "DecoMaterial" :  "plain"}},
                    {"type": "block","code": "gacha-north","attributes": {"PrimaryMaterial": "bismuthbronze","SecondaryMaterial": "lead", "DecoMaterial" :  "plain"}},
                    {"type": "block","code": "gacha-north","attributes": {"PrimaryMaterial": "bismuthbronze","SecondaryMaterial": "meteoriciron", "DecoMaterial" :  "plain"}},
                    {"type": "block","code": "gacha-north","attributes": {"PrimaryMaterial": "bismuthbronze","SecondaryMaterial": "tinbronze", "DecoMaterial" :  "plain"}},
                    {"type": "block","code": "gacha-north","attributes": {"PrimaryMaterial": "bismuthbronze","SecondaryMaterial": "steel", "DecoMaterial" :  "plain"}},
                    {"type": "block","code": "gacha-north","attributes": {"PrimaryMaterial": "bismuthbronze","SecondaryMaterial": "tin", "DecoMaterial" :  "plain"}},
                    {"type": "block","code": "gacha-north","attributes": {"PrimaryMaterial": "bismuthbronze","SecondaryMaterial": "uranium", "DecoMaterial" :  "plain"}},
                    {"type": "block","code": "gacha-north","attributes": {"PrimaryMaterial": "bismuthbronze","SecondaryMaterial": "zinc", "DecoMaterial" :  "plain"}},

                    {"type": "block","code": "gacha-north","attributes": {"PrimaryMaterial": "blackbronze","SecondaryMaterial": "bismuth", "DecoMaterial" :  "plain"}},
                    {"type": "block","code": "gacha-north","attributes": {"PrimaryMaterial": "blackbronze","SecondaryMaterial": "bismuthbronze", "DecoMaterial" :  "plain"}},
                    {"type": "block","code": "gacha-north","attributes": {"PrimaryMaterial": "blackbronze","SecondaryMaterial": "blackbronze", "DecoMaterial" :  "plain"}},
                    {"type": "block","code": "gacha-north","attributes": {"PrimaryMaterial": "blackbronze","SecondaryMaterial": "brass", "DecoMaterial" :  "plain"}},
                    {"type": "block","code": "gacha-north","attributes": {"PrimaryMaterial": "blackbronze","SecondaryMaterial": "copper", "DecoMaterial" :  "plain"}},
                    {"type": "block","code": "gacha-north","attributes": {"PrimaryMaterial": "blackbronze","SecondaryMaterial": "gold", "DecoMaterial" :  "plain"}},
                    {"type": "block","code": "gacha-north","attributes": {"PrimaryMaterial": "blackbronze","SecondaryMaterial": "silver", "DecoMaterial" :  "plain"}},
                    {"type": "block","code": "gacha-north","attributes": {"PrimaryMaterial": "blackbronze","SecondaryMaterial": "iron", "DecoMaterial" :  "plain"}},
                    {"type": "block","code": "gacha-north","attributes": {"PrimaryMaterial": "blackbronze","SecondaryMaterial": "lead", "DecoMaterial" :  "plain"}},
                    {"type": "block","code": "gacha-north","attributes": {"PrimaryMaterial": "blackbronze","SecondaryMaterial": "meteoriciron", "DecoMaterial" :  "plain"}},
                    {"type": "block","code": "gacha-north","attributes": {"PrimaryMaterial": "blackbronze","SecondaryMaterial": "tinbronze", "DecoMaterial" :  "plain"}},
                    {"type": "block","code": "gacha-north","attributes": {"PrimaryMaterial": "blackbronze","SecondaryMaterial": "steel", "DecoMaterial" :  "plain"}},
                    {"type": "block","code": "gacha-north","attributes": {"PrimaryMaterial": "blackbronze","SecondaryMaterial": "tin", "DecoMaterial" :  "plain"}},
                    {"type": "block","code": "gacha-north","attributes": {"PrimaryMaterial": "blackbronze","SecondaryMaterial": "uranium", "DecoMaterial" :  "plain"}},
                    {"type": "block","code": "gacha-north","attributes": {"PrimaryMaterial": "blackbronze","SecondaryMaterial": "zinc", "DecoMaterial" :  "plain"}},

                    {"type": "block","code": "gacha-north","attributes": {"PrimaryMaterial": "brass","SecondaryMaterial": "bismuth", "DecoMaterial" :  "plain"}},
                    {"type": "block","code": "gacha-north","attributes": {"PrimaryMaterial": "brass","SecondaryMaterial": "bismuthbronze", "DecoMaterial" :  "plain"}},
                    {"type": "block","code": "gacha-north","attributes": {"PrimaryMaterial": "brass","SecondaryMaterial": "blackbronze", "DecoMaterial" :  "plain"}},
                    {"type": "block","code": "gacha-north","attributes": {"PrimaryMaterial": "brass","SecondaryMaterial": "brass", "DecoMaterial" :  "plain"}},
                    {"type": "block","code": "gacha-north","attributes": {"PrimaryMaterial": "brass","SecondaryMaterial": "copper", "DecoMaterial" :  "plain"}},
                    {"type": "block","code": "gacha-north","attributes": {"PrimaryMaterial": "brass","SecondaryMaterial": "gold", "DecoMaterial" :  "plain"}},
                    {"type": "block","code": "gacha-north","attributes": {"PrimaryMaterial": "brass","SecondaryMaterial": "silver", "DecoMaterial" :  "plain"}},
                    {"type": "block","code": "gacha-north","attributes": {"PrimaryMaterial": "brass","SecondaryMaterial": "iron", "DecoMaterial" :  "plain"}},
                    {"type": "block","code": "gacha-north","attributes": {"PrimaryMaterial": "brass","SecondaryMaterial": "lead", "DecoMaterial" :  "plain"}},
                    {"type": "block","code": "gacha-north","attributes": {"PrimaryMaterial": "brass","SecondaryMaterial": "meteoriciron", "DecoMaterial" :  "plain"}},
                    {"type": "block","code": "gacha-north","attributes": {"PrimaryMaterial": "brass","SecondaryMaterial": "tinbronze", "DecoMaterial" :  "plain"}},
                    {"type": "block","code": "gacha-north","attributes": {"PrimaryMaterial": "brass","SecondaryMaterial": "steel", "DecoMaterial" :  "plain"}},
                    {"type": "block","code": "gacha-north","attributes": {"PrimaryMaterial": "brass","SecondaryMaterial": "tin", "DecoMaterial" :  "plain"}},
                    {"type": "block","code": "gacha-north","attributes": {"PrimaryMaterial": "brass","SecondaryMaterial": "uranium", "DecoMaterial" :  "plain"}},
                    {"type": "block","code": "gacha-north","attributes": {"PrimaryMaterial": "brass","SecondaryMaterial": "zinc", "DecoMaterial" :  "plain"}},

                    {"type": "block","code": "gacha-north","attributes": {"PrimaryMaterial": "copper","SecondaryMaterial": "bismuth", "DecoMaterial" :  "plain"}},
                    {"type": "block","code": "gacha-north","attributes": {"PrimaryMaterial": "copper","SecondaryMaterial": "bismuthbronze", "DecoMaterial" :  "plain"}},
                    {"type": "block","code": "gacha-north","attributes": {"PrimaryMaterial": "copper","SecondaryMaterial": "blackbronze", "DecoMaterial" :  "plain"}},
                    {"type": "block","code": "gacha-north","attributes": {"PrimaryMaterial": "copper","SecondaryMaterial": "brass", "DecoMaterial" :  "plain"}},
                    {"type": "block","code": "gacha-north","attributes": {"PrimaryMaterial": "copper","SecondaryMaterial": "copper", "DecoMaterial" :  "plain"}},
                    {"type": "block","code": "gacha-north","attributes": {"PrimaryMaterial": "copper","SecondaryMaterial": "gold", "DecoMaterial" :  "plain"}},
                    {"type": "block","code": "gacha-north","attributes": {"PrimaryMaterial": "copper","SecondaryMaterial": "silver", "DecoMaterial" :  "plain"}},
                    {"type": "block","code": "gacha-north","attributes": {"PrimaryMaterial": "copper","SecondaryMaterial": "iron", "DecoMaterial" :  "plain"}},
                    {"type": "block","code": "gacha-north","attributes": {"PrimaryMaterial": "copper","SecondaryMaterial": "lead", "DecoMaterial" :  "plain"}},
                    {"type": "block","code": "gacha-north","attributes": {"PrimaryMaterial": "copper","SecondaryMaterial": "meteoriciron", "DecoMaterial" :  "plain"}},
                    {"type": "block","code": "gacha-north","attributes": {"PrimaryMaterial": "copper","SecondaryMaterial": "tinbronze", "DecoMaterial" :  "plain"}},
                    {"type": "block","code": "gacha-north","attributes": {"PrimaryMaterial": "copper","SecondaryMaterial": "steel", "DecoMaterial" :  "plain"}},
                    {"type": "block","code": "gacha-north","attributes": {"PrimaryMaterial": "copper","SecondaryMaterial": "tin", "DecoMaterial" :  "plain"}},
                    {"type": "block","code": "gacha-north","attributes": {"PrimaryMaterial": "copper","SecondaryMaterial": "uranium", "DecoMaterial" :  "plain"}},
                    {"type": "block","code": "gacha-north","attributes": {"PrimaryMaterial": "copper","SecondaryMaterial": "zinc", "DecoMaterial" :  "plain"}},

                    {"type": "block","code": "gacha-north","attributes": {"PrimaryMaterial": "gold","SecondaryMaterial": "bismuth", "DecoMaterial" :  "plain"}},
                    {"type": "block","code": "gacha-north","attributes": {"PrimaryMaterial": "gold","SecondaryMaterial": "bismuthbronze", "DecoMaterial" :  "plain"}},
                    {"type": "block","code": "gacha-north","attributes": {"PrimaryMaterial": "gold","SecondaryMaterial": "blackbronze", "DecoMaterial" :  "plain"}},
                    {"type": "block","code": "gacha-north","attributes": {"PrimaryMaterial": "gold","SecondaryMaterial": "brass", "DecoMaterial" :  "plain"}},
                    {"type": "block","code": "gacha-north","attributes": {"PrimaryMaterial": "gold","SecondaryMaterial": "copper", "DecoMaterial" :  "plain"}},
                    {"type": "block","code": "gacha-north","attributes": {"PrimaryMaterial": "gold","SecondaryMaterial": "gold", "DecoMaterial" :  "plain"}},
                    {"type": "block","code": "gacha-north","attributes": {"PrimaryMaterial": "gold","SecondaryMaterial": "silver", "DecoMaterial" :  "plain"}},
                    {"type": "block","code": "gacha-north","attributes": {"PrimaryMaterial": "gold","SecondaryMaterial": "iron", "DecoMaterial" :  "plain"}},
                    {"type": "block","code": "gacha-north","attributes": {"PrimaryMaterial": "gold","SecondaryMaterial": "lead", "DecoMaterial" :  "plain"}},
                    {"type": "block","code": "gacha-north","attributes": {"PrimaryMaterial": "gold","SecondaryMaterial": "meteoriciron", "DecoMaterial" :  "plain"}},
                    {"type": "block","code": "gacha-north","attributes": {"PrimaryMaterial": "gold","SecondaryMaterial": "tinbronze", "DecoMaterial" :  "plain"}},
                    {"type": "block","code": "gacha-north","attributes": {"PrimaryMaterial": "gold","SecondaryMaterial": "steel", "DecoMaterial" :  "plain"}},
                    {"type": "block","code": "gacha-north","attributes": {"PrimaryMaterial": "gold","SecondaryMaterial": "tin", "DecoMaterial" :  "plain"}},
                    {"type": "block","code": "gacha-north","attributes": {"PrimaryMaterial": "gold","SecondaryMaterial": "uranium", "DecoMaterial" :  "plain"}},
                    {"type": "block","code": "gacha-north","attributes": {"PrimaryMaterial": "gold","SecondaryMaterial": "zinc", "DecoMaterial" :  "plain"}},

                    {"type": "block","code": "gacha-north","attributes": {"PrimaryMaterial": "silver","SecondaryMaterial": "bismuth", "DecoMaterial" :  "plain"}},
                    {"type": "block","code": "gacha-north","attributes": {"PrimaryMaterial": "silver","SecondaryMaterial": "bismuthbronze", "DecoMaterial" :  "plain"}},
                    {"type": "block","code": "gacha-north","attributes": {"PrimaryMaterial": "silver","SecondaryMaterial": "blackbronze", "DecoMaterial" :  "plain"}},
                    {"type": "block","code": "gacha-north","attributes": {"PrimaryMaterial": "silver","SecondaryMaterial": "brass", "DecoMaterial" :  "plain"}},
                    {"type": "block","code": "gacha-north","attributes": {"PrimaryMaterial": "silver","SecondaryMaterial": "copper", "DecoMaterial" :  "plain"}},
                    {"type": "block","code": "gacha-north","attributes": {"PrimaryMaterial": "silver","SecondaryMaterial": "gold", "DecoMaterial" :  "plain"}},
                    {"type": "block","code": "gacha-north","attributes": {"PrimaryMaterial": "silver","SecondaryMaterial": "silver", "DecoMaterial" :  "plain"}},
                    {"type": "block","code": "gacha-north","attributes": {"PrimaryMaterial": "silver","SecondaryMaterial": "iron", "DecoMaterial" :  "plain"}},
                    {"type": "block","code": "gacha-north","attributes": {"PrimaryMaterial": "silver","SecondaryMaterial": "lead", "DecoMaterial" :  "plain"}},
                    {"type": "block","code": "gacha-north","attributes": {"PrimaryMaterial": "silver","SecondaryMaterial": "meteoriciron", "DecoMaterial" :  "plain"}},
                    {"type": "block","code": "gacha-north","attributes": {"PrimaryMaterial": "silver","SecondaryMaterial": "tinbronze", "DecoMaterial" :  "plain"}},
                    {"type": "block","code": "gacha-north","attributes": {"PrimaryMaterial": "silver","SecondaryMaterial": "steel", "DecoMaterial" :  "plain"}},
                    {"type": "block","code": "gacha-north","attributes": {"PrimaryMaterial": "silver","SecondaryMaterial": "tin", "DecoMaterial" :  "plain"}},
                    {"type": "block","code": "gacha-north","attributes": {"PrimaryMaterial": "silver","SecondaryMaterial": "uranium", "DecoMaterial" :  "plain"}},
                    {"type": "block","code": "gacha-north","attributes": {"PrimaryMaterial": "silver","SecondaryMaterial": "zinc", "DecoMaterial" :  "plain"}},

                    {"type": "block","code": "gacha-north","attributes": {"PrimaryMaterial": "iron","SecondaryMaterial": "bismuth", "DecoMaterial" :  "plain"}},
                    {"type": "block","code": "gacha-north","attributes": {"PrimaryMaterial": "iron","SecondaryMaterial": "bismuthbronze", "DecoMaterial" :  "plain"}},
                    {"type": "block","code": "gacha-north","attributes": {"PrimaryMaterial": "iron","SecondaryMaterial": "blackbronze", "DecoMaterial" :  "plain"}},
                    {"type": "block","code": "gacha-north","attributes": {"PrimaryMaterial": "iron","SecondaryMaterial": "brass", "DecoMaterial" :  "plain"}},
                    {"type": "block","code": "gacha-north","attributes": {"PrimaryMaterial": "iron","SecondaryMaterial": "copper", "DecoMaterial" :  "plain"}},
                    {"type": "block","code": "gacha-north","attributes": {"PrimaryMaterial": "iron","SecondaryMaterial": "gold", "DecoMaterial" :  "plain"}},
                    {"type": "block","code": "gacha-north","attributes": {"PrimaryMaterial": "iron","SecondaryMaterial": "silver", "DecoMaterial" :  "plain"}},
                    {"type": "block","code": "gacha-north","attributes": {"PrimaryMaterial": "iron","SecondaryMaterial": "iron", "DecoMaterial" :  "plain"}},
                    {"type": "block","code": "gacha-north","attributes": {"PrimaryMaterial": "iron","SecondaryMaterial": "lead", "DecoMaterial" :  "plain"}},
                    {"type": "block","code": "gacha-north","attributes": {"PrimaryMaterial": "iron","SecondaryMaterial": "meteoriciron", "DecoMaterial" :  "plain"}},
                    {"type": "block","code": "gacha-north","attributes": {"PrimaryMaterial": "iron","SecondaryMaterial": "tinbronze", "DecoMaterial" :  "plain"}},
                    {"type": "block","code": "gacha-north","attributes": {"PrimaryMaterial": "iron","SecondaryMaterial": "steel", "DecoMaterial" :  "plain"}},
                    {"type": "block","code": "gacha-north","attributes": {"PrimaryMaterial": "iron","SecondaryMaterial": "tin", "DecoMaterial" :  "plain"}},
                    {"type": "block","code": "gacha-north","attributes": {"PrimaryMaterial": "iron","SecondaryMaterial": "uranium", "DecoMaterial" :  "plain"}},
                    {"type": "block","code": "gacha-north","attributes": {"PrimaryMaterial": "iron","SecondaryMaterial": "zinc", "DecoMaterial" :  "plain"}},

                    {"type": "block","code": "gacha-north","attributes": {"PrimaryMaterial": "lead","SecondaryMaterial": "bismuth", "DecoMaterial" :  "plain"}},
                    {"type": "block","code": "gacha-north","attributes": {"PrimaryMaterial": "lead","SecondaryMaterial": "bismuthbronze", "DecoMaterial" :  "plain"}},
                    {"type": "block","code": "gacha-north","attributes": {"PrimaryMaterial": "lead","SecondaryMaterial": "blackbronze", "DecoMaterial" :  "plain"}},
                    {"type": "block","code": "gacha-north","attributes": {"PrimaryMaterial": "lead","SecondaryMaterial": "brass", "DecoMaterial" :  "plain"}},
                    {"type": "block","code": "gacha-north","attributes": {"PrimaryMaterial": "lead","SecondaryMaterial": "copper", "DecoMaterial" :  "plain"}},
                    {"type": "block","code": "gacha-north","attributes": {"PrimaryMaterial": "lead","SecondaryMaterial": "gold", "DecoMaterial" :  "plain"}},
                    {"type": "block","code": "gacha-north","attributes": {"PrimaryMaterial": "lead","SecondaryMaterial": "silver", "DecoMaterial" :  "plain"}},
                    {"type": "block","code": "gacha-north","attributes": {"PrimaryMaterial": "lead","SecondaryMaterial": "iron", "DecoMaterial" :  "plain"}},
                    {"type": "block","code": "gacha-north","attributes": {"PrimaryMaterial": "lead","SecondaryMaterial": "lead", "DecoMaterial" :  "plain"}},
                    {"type": "block","code": "gacha-north","attributes": {"PrimaryMaterial": "lead","SecondaryMaterial": "meteoriciron", "DecoMaterial" :  "plain"}},
                    {"type": "block","code": "gacha-north","attributes": {"PrimaryMaterial": "lead","SecondaryMaterial": "tinbronze", "DecoMaterial" :  "plain"}},
                    {"type": "block","code": "gacha-north","attributes": {"PrimaryMaterial": "lead","SecondaryMaterial": "steel", "DecoMaterial" :  "plain"}},
                    {"type": "block","code": "gacha-north","attributes": {"PrimaryMaterial": "lead","SecondaryMaterial": "tin", "DecoMaterial" :  "plain"}},
                    {"type": "block","code": "gacha-north","attributes": {"PrimaryMaterial": "lead","SecondaryMaterial": "uranium", "DecoMaterial" :  "plain"}},
                    {"type": "block","code": "gacha-north","attributes": {"PrimaryMaterial": "lead","SecondaryMaterial": "zinc", "DecoMaterial" :  "plain"}},

                    {"type": "block","code": "gacha-north","attributes": {"PrimaryMaterial": "meteoriciron","SecondaryMaterial": "bismuth", "DecoMaterial" :  "plain"}},
                    {"type": "block","code": "gacha-north","attributes": {"PrimaryMaterial": "meteoriciron","SecondaryMaterial": "bismuthbronze", "DecoMaterial" :  "plain"}},
                    {"type": "block","code": "gacha-north","attributes": {"PrimaryMaterial": "meteoriciron","SecondaryMaterial": "blackbronze", "DecoMaterial" :  "plain"}},
                    {"type": "block","code": "gacha-north","attributes": {"PrimaryMaterial": "meteoriciron","SecondaryMaterial": "brass", "DecoMaterial" :  "plain"}},
                    {"type": "block","code": "gacha-north","attributes": {"PrimaryMaterial": "meteoriciron","SecondaryMaterial": "copper", "DecoMaterial" :  "plain"}},
                    {"type": "block","code": "gacha-north","attributes": {"PrimaryMaterial": "meteoriciron","SecondaryMaterial": "gold", "DecoMaterial" :  "plain"}},
                    {"type": "block","code": "gacha-north","attributes": {"PrimaryMaterial": "meteoriciron","SecondaryMaterial": "silver", "DecoMaterial" :  "plain"}},
                    {"type": "block","code": "gacha-north","attributes": {"PrimaryMaterial": "meteoriciron","SecondaryMaterial": "iron", "DecoMaterial" :  "plain"}},
                    {"type": "block","code": "gacha-north","attributes": {"PrimaryMaterial": "meteoriciron","SecondaryMaterial": "lead", "DecoMaterial" :  "plain"}},
                    {"type": "block","code": "gacha-north","attributes": {"PrimaryMaterial": "meteoriciron","SecondaryMaterial": "meteoriciron", "DecoMaterial" :  "plain"}},
                    {"type": "block","code": "gacha-north","attributes": {"PrimaryMaterial": "meteoriciron","SecondaryMaterial": "tinbronze", "DecoMaterial" :  "plain"}},
                    {"type": "block","code": "gacha-north","attributes": {"PrimaryMaterial": "meteoriciron","SecondaryMaterial": "steel", "DecoMaterial" :  "plain"}},
                    {"type": "block","code": "gacha-north","attributes": {"PrimaryMaterial": "meteoriciron","SecondaryMaterial": "tin", "DecoMaterial" :  "plain"}},
                    {"type": "block","code": "gacha-north","attributes": {"PrimaryMaterial": "meteoriciron","SecondaryMaterial": "uranium", "DecoMaterial" :  "plain"}},
                    {"type": "block","code": "gacha-north","attributes": {"PrimaryMaterial": "meteoriciron","SecondaryMaterial": "zinc", "DecoMaterial" :  "plain"}},

                    {"type": "block","code": "gacha-north","attributes": {"PrimaryMaterial": "tinbronze","SecondaryMaterial": "bismuth", "DecoMaterial" :  "plain"}},
                    {"type": "block","code": "gacha-north","attributes": {"PrimaryMaterial": "tinbronze","SecondaryMaterial": "bismuthbronze", "DecoMaterial" :  "plain"}},
                    {"type": "block","code": "gacha-north","attributes": {"PrimaryMaterial": "tinbronze","SecondaryMaterial": "blackbronze", "DecoMaterial" :  "plain"}},
                    {"type": "block","code": "gacha-north","attributes": {"PrimaryMaterial": "tinbronze","SecondaryMaterial": "brass", "DecoMaterial" :  "plain"}},
                    {"type": "block","code": "gacha-north","attributes": {"PrimaryMaterial": "tinbronze","SecondaryMaterial": "copper", "DecoMaterial" :  "plain"}},
                    {"type": "block","code": "gacha-north","attributes": {"PrimaryMaterial": "tinbronze","SecondaryMaterial": "gold", "DecoMaterial" :  "plain"}},
                    {"type": "block","code": "gacha-north","attributes": {"PrimaryMaterial": "tinbronze","SecondaryMaterial": "silver", "DecoMaterial" :  "plain"}},
                    {"type": "block","code": "gacha-north","attributes": {"PrimaryMaterial": "tinbronze","SecondaryMaterial": "iron", "DecoMaterial" :  "plain"}},
                    {"type": "block","code": "gacha-north","attributes": {"PrimaryMaterial": "tinbronze","SecondaryMaterial": "lead", "DecoMaterial" :  "plain"}},
                    {"type": "block","code": "gacha-north","attributes": {"PrimaryMaterial": "tinbronze","SecondaryMaterial": "meteoriciron", "DecoMaterial" :  "plain"}},
                    {"type": "block","code": "gacha-north","attributes": {"PrimaryMaterial": "tinbronze","SecondaryMaterial": "tinbronze", "DecoMaterial" :  "plain"}},
                    {"type": "block","code": "gacha-north","attributes": {"PrimaryMaterial": "tinbronze","SecondaryMaterial": "steel", "DecoMaterial" :  "plain"}},
                    {"type": "block","code": "gacha-north","attributes": {"PrimaryMaterial": "tinbronze","SecondaryMaterial": "tin", "DecoMaterial" :  "plain"}},
                    {"type": "block","code": "gacha-north","attributes": {"PrimaryMaterial": "tinbronze","SecondaryMaterial": "uranium", "DecoMaterial" :  "plain"}},
                    {"type": "block","code": "gacha-north","attributes": {"PrimaryMaterial": "tinbronze","SecondaryMaterial": "zinc", "DecoMaterial" :  "plain"}},

                    {"type": "block","code": "gacha-north","attributes": {"PrimaryMaterial": "steel","SecondaryMaterial": "bismuth", "DecoMaterial" :  "plain"}},
                    {"type": "block","code": "gacha-north","attributes": {"PrimaryMaterial": "steel","SecondaryMaterial": "bismuthbronze", "DecoMaterial" :  "plain"}},
                    {"type": "block","code": "gacha-north","attributes": {"PrimaryMaterial": "steel","SecondaryMaterial": "blackbronze", "DecoMaterial" :  "plain"}},
                    {"type": "block","code": "gacha-north","attributes": {"PrimaryMaterial": "steel","SecondaryMaterial": "brass", "DecoMaterial" :  "plain"}},
                    {"type": "block","code": "gacha-north","attributes": {"PrimaryMaterial": "steel","SecondaryMaterial": "copper", "DecoMaterial" :  "plain"}},
                    {"type": "block","code": "gacha-north","attributes": {"PrimaryMaterial": "steel","SecondaryMaterial": "gold", "DecoMaterial" :  "plain"}},
                    {"type": "block","code": "gacha-north","attributes": {"PrimaryMaterial": "steel","SecondaryMaterial": "silver", "DecoMaterial" :  "plain"}},
                    {"type": "block","code": "gacha-north","attributes": {"PrimaryMaterial": "steel","SecondaryMaterial": "iron", "DecoMaterial" :  "plain"}},
                    {"type": "block","code": "gacha-north","attributes": {"PrimaryMaterial": "steel","SecondaryMaterial": "lead", "DecoMaterial" :  "plain"}},
                    {"type": "block","code": "gacha-north","attributes": {"PrimaryMaterial": "steel","SecondaryMaterial": "meteoriciron", "DecoMaterial" :  "plain"}},
                    {"type": "block","code": "gacha-north","attributes": {"PrimaryMaterial": "steel","SecondaryMaterial": "tinbronze", "DecoMaterial" :  "plain"}},
                    {"type": "block","code": "gacha-north","attributes": {"PrimaryMaterial": "steel","SecondaryMaterial": "steel", "DecoMaterial" :  "plain"}},
                    {"type": "block","code": "gacha-north","attributes": {"PrimaryMaterial": "steel","SecondaryMaterial": "tin", "DecoMaterial" :  "plain"}},
                    {"type": "block","code": "gacha-north","attributes": {"PrimaryMaterial": "steel","SecondaryMaterial": "uranium", "DecoMaterial" :  "plain"}},
                    {"type": "block","code": "gacha-north","attributes": {"PrimaryMaterial": "steel","SecondaryMaterial": "zinc", "DecoMaterial" :  "plain"}},

                    {"type": "block","code": "gacha-north","attributes": {"PrimaryMaterial": "tin","SecondaryMaterial": "bismuth", "DecoMaterial" :  "plain"}},
                    {"type": "block","code": "gacha-north","attributes": {"PrimaryMaterial": "tin","SecondaryMaterial": "bismuthbronze", "DecoMaterial" :  "plain"}},
                    {"type": "block","code": "gacha-north","attributes": {"PrimaryMaterial": "tin","SecondaryMaterial": "blackbronze", "DecoMaterial" :  "plain"}},
                    {"type": "block","code": "gacha-north","attributes": {"PrimaryMaterial": "tin","SecondaryMaterial": "brass", "DecoMaterial" :  "plain"}},
                    {"type": "block","code": "gacha-north","attributes": {"PrimaryMaterial": "tin","SecondaryMaterial": "copper", "DecoMaterial" :  "plain"}},
                    {"type": "block","code": "gacha-north","attributes": {"PrimaryMaterial": "tin","SecondaryMaterial": "gold", "DecoMaterial" :  "plain"}},
                    {"type": "block","code": "gacha-north","attributes": {"PrimaryMaterial": "tin","SecondaryMaterial": "silver", "DecoMaterial" :  "plain"}},
                    {"type": "block","code": "gacha-north","attributes": {"PrimaryMaterial": "tin","SecondaryMaterial": "iron", "DecoMaterial" :  "plain"}},
                    {"type": "block","code": "gacha-north","attributes": {"PrimaryMaterial": "tin","SecondaryMaterial": "lead", "DecoMaterial" :  "plain"}},
                    {"type": "block","code": "gacha-north","attributes": {"PrimaryMaterial": "tin","SecondaryMaterial": "meteoriciron", "DecoMaterial" :  "plain"}},
                    {"type": "block","code": "gacha-north","attributes": {"PrimaryMaterial": "tin","SecondaryMaterial": "tinbronze", "DecoMaterial" :  "plain"}},
                    {"type": "block","code": "gacha-north","attributes": {"PrimaryMaterial": "tin","SecondaryMaterial": "steel", "DecoMaterial" :  "plain"}},
                    {"type": "block","code": "gacha-north","attributes": {"PrimaryMaterial": "tin","SecondaryMaterial": "tin", "DecoMaterial" :  "plain"}},
                    {"type": "block","code": "gacha-north","attributes": {"PrimaryMaterial": "tin","SecondaryMaterial": "uranium", "DecoMaterial" :  "plain"}},
                    {"type": "block","code": "gacha-north","attributes": {"PrimaryMaterial": "tin","SecondaryMaterial": "zinc", "DecoMaterial" :  "plain"}},

                    {"type": "block","code": "gacha-north","attributes": {"PrimaryMaterial": "uranium","SecondaryMaterial": "bismuth", "DecoMaterial" :  "plain"}},
                    {"type": "block","code": "gacha-north","attributes": {"PrimaryMaterial": "uranium","SecondaryMaterial": "bismuthbronze", "DecoMaterial" :  "plain"}},
                    {"type": "block","code": "gacha-north","attributes": {"PrimaryMaterial": "uranium","SecondaryMaterial": "blackbronze", "DecoMaterial" :  "plain"}},
                    {"type": "block","code": "gacha-north","attributes": {"PrimaryMaterial": "uranium","SecondaryMaterial": "brass", "DecoMaterial" :  "plain"}},
                    {"type": "block","code": "gacha-north","attributes": {"PrimaryMaterial": "uranium","SecondaryMaterial": "copper", "DecoMaterial" :  "plain"}},
                    {"type": "block","code": "gacha-north","attributes": {"PrimaryMaterial": "uranium","SecondaryMaterial": "gold", "DecoMaterial" :  "plain"}},
                    {"type": "block","code": "gacha-north","attributes": {"PrimaryMaterial": "uranium","SecondaryMaterial": "silver", "DecoMaterial" :  "plain"}},
                    {"type": "block","code": "gacha-north","attributes": {"PrimaryMaterial": "uranium","SecondaryMaterial": "iron", "DecoMaterial" :  "plain"}},
                    {"type": "block","code": "gacha-north","attributes": {"PrimaryMaterial": "uranium","SecondaryMaterial": "lead", "DecoMaterial" :  "plain"}},
                    {"type": "block","code": "gacha-north","attributes": {"PrimaryMaterial": "uranium","SecondaryMaterial": "meteoriciron", "DecoMaterial" :  "plain"}},
                    {"type": "block","code": "gacha-north","attributes": {"PrimaryMaterial": "uranium","SecondaryMaterial": "tinbronze", "DecoMaterial" :  "plain"}},
                    {"type": "block","code": "gacha-north","attributes": {"PrimaryMaterial": "uranium","SecondaryMaterial": "steel", "DecoMaterial" :  "plain"}},
                    {"type": "block","code": "gacha-north","attributes": {"PrimaryMaterial": "uranium","SecondaryMaterial": "tin", "DecoMaterial" :  "plain"}},
                    {"type": "block","code": "gacha-north","attributes": {"PrimaryMaterial": "uranium","SecondaryMaterial": "uranium", "DecoMaterial" :  "plain"}},
                    {"type": "block","code": "gacha-north","attributes": {"PrimaryMaterial": "uranium","SecondaryMaterial": "zinc", "DecoMaterial" :  "plain"}},

                    {"type": "block","code": "gacha-north","attributes": {"PrimaryMaterial": "zinc","SecondaryMaterial": "bismuth", "DecoMaterial" :  "plain"}},
                    {"type": "block","code": "gacha-north","attributes": {"PrimaryMaterial": "zinc","SecondaryMaterial": "bismuthbronze", "DecoMaterial" :  "plain"}},
                    {"type": "block","code": "gacha-north","attributes": {"PrimaryMaterial": "zinc","SecondaryMaterial": "blackbronze", "DecoMaterial" :  "plain"}},
                    {"type": "block","code": "gacha-north","attributes": {"PrimaryMaterial": "zinc","SecondaryMaterial": "brass", "DecoMaterial" :  "plain"}},
                    {"type": "block","code": "gacha-north","attributes": {"PrimaryMaterial": "zinc","SecondaryMaterial": "copper", "DecoMaterial" :  "plain"}},
                    {"type": "block","code": "gacha-north","attributes": {"PrimaryMaterial": "zinc","SecondaryMaterial": "gold", "DecoMaterial" :  "plain"}},
                    {"type": "block","code": "gacha-north","attributes": {"PrimaryMaterial": "zinc","SecondaryMaterial": "silver", "DecoMaterial" :  "plain"}},
                    {"type": "block","code": "gacha-north","attributes": {"PrimaryMaterial": "zinc","SecondaryMaterial": "iron", "DecoMaterial" :  "plain"}},
                    {"type": "block","code": "gacha-north","attributes": {"PrimaryMaterial": "zinc","SecondaryMaterial": "lead", "DecoMaterial" :  "plain"}},
                    {"type": "block","code": "gacha-north","attributes": {"PrimaryMaterial": "zinc","SecondaryMaterial": "meteoriciron", "DecoMaterial" :  "plain"}},
                    {"type": "block","code": "gacha-north","attributes": {"PrimaryMaterial": "zinc","SecondaryMaterial": "tinbronze", "DecoMaterial" :  "plain"}},
                    {"type": "block","code": "gacha-north","attributes": {"PrimaryMaterial": "zinc","SecondaryMaterial": "steel", "DecoMaterial" :  "plain"}},
                    {"type": "block","code": "gacha-north","attributes": {"PrimaryMaterial": "zinc","SecondaryMaterial": "tin", "DecoMaterial" :  "plain"}},
                    {"type": "block","code": "gacha-north","attributes": {"PrimaryMaterial": "zinc","SecondaryMaterial": "uranium", "DecoMaterial" :  "plain"}},
                    {"type": "block","code": "gacha-north","attributes": {"PrimaryMaterial": "zinc","SecondaryMaterial": "zinc", "DecoMaterial" :  "plain"}}
                 ]
            }
        ]
    },
    "textures": {
        "default": { "base": "game:block/metal/plate/steel" },

        "bismuth": { "base": "game:block/metal/plate/bismuth" },
        "bismuthbronze": { "base": "game:block/metal/plate/bismuthbronze" },
        "blackbronze": { "base": "game:block/metal/plate/blackbronze" },
        "brass" : { "base": "game:block/metal/plate/brass" },
        "copper": { "base": "game:block/metal/plate/copper" },
        "silver": { "base": "game:block/metal/plate/silver" },
        "gold": { "base": "game:block/metal/plate/gold" },
        "iron": { "base": "game:block/metal/plate/iron" },
        "lead": { "base": "game:block/metal/plate/lead" },
        "meteoriciron": { "base": "game:block/metal/plate/meteoriciron" },
        "tinbronze": { "base": "game:block/metal/plate/tinbronze" },
        "steel": { "base": "game:block/metal/plate/steel" },
        "tin": { "base": "game:block/metal/plate/tin" },
        "uranium": { "base": "game:block/metal/plate/uranium" },
        "zinc": { "base": "game:block/metal/plate/zinc" },

        "blue":  { "base": "game:block/glass/blue" },
        "brown":  { "base": "game:block/glass/brown" },
        "green":  { "base": "game:block/glass/green" },
        "pink":  { "base": "game:block/glass/pink" },
        "plain":  { "base": "game:block/glass/plain" },
        "quartz":  { "base": "game:block/glass/quartz" },
        "quartzglass":  { "base": "game:block/glass/quartzglass" },
        "red":  { "base": "game:block/glass/red" },
        "smoky":  { "base": "game:block/glass/smoky" },
        "vintage":  { "base": "game:block/glass/vintage" },
        "violet":  { "base": "game:block/glass/violet" },
        "yellow":  { "base": "game:block/glass/yellow" }

    },
    "guiTransform": {
        "rotation": {
            "x": -22,
            "y": 135,
            "z": 0
        }
    },
    "tpHandTransform": {
        "translation": {
            "x": -2.1,
            "y": -1.8,
            "z": -1.1
        },
        "rotation": {
            "x": 105,
            "y": 16,
            "z": -98
        }
    },
    "shapebytype": {
        "*-north": {
            "base": "block/gacha",
            "rotateY": 0
        },
        "*-east": {
            "base": "block/gacha",
            "rotateY": 270
        },
        "*-south": {
            "base": "block/gacha",
            "rotateY": 180
        },
        "*-west": {
            "base": "block/gacha",
            "rotateY": 90
        }
    },
    "selectionBox": {
        "x1": 0,
        "y1": 0,
        "z1": 0,
        "x2": 1,
        "y2": 1,
        "z2": 0.875
    },

    "collisionboxes": [
        {
            "x1": 0,
            "y1": 0,
            "z1": 0,
            "x2": 1,
            "y2": 1,
            "z2": 0.875,
            "rotateYByType": {
                "*-north": 0,
                "*-east": 270,
                "*-west": 90,
                "*-south": 180
            }
        }
    ],

    "selectionBoxes": [
        {
            "x1": 0,
            "y1": 0,
            "z1": 0,
            "x2": 1,
            "y2": 1,
            "z2": 0.875,
            "rotateYByType": {
                "*-north": 0,
                "*-east": 270,
                "*-west": 90,
                "*-south": 180
            }
        }
    ],
    "lightAbsorption": 0,
    "sidesolid": {
        "all": "false"
    },
    "sideopaque": {
        "all": "false"
    },
    "resistance": 3.5,
    "sounds": {
        "hit": "game:block/planks",
        "break": "game:block/planks",
        "place": "game:block/planks",
        "walk": "game:walk/wood"
    }
}