﻿{
  "code": "part",
  "class": "Item",
  "variantgroups": [{"code": "type", "states": ["sabre"]}, {"code": "material", "states": ["tinbronze", "bismuthbronze", "blackbronze", "iron", "meteoriciron", "steel"]}],
  "shapeByType": {"*-*bronze": {"base": "swords/parts/sabre-bronze"}, "*-*iron": {"base": "swords/parts/sabre-iron"}, "*-steel": {"base": "swords/parts/sabre-steel"}},
  "textures": {"blade": {"base": "game:block/metal/plate/{material}"}},
  "attributes": {
    "groundStorageTransform": {"translation": {"x": 0.1, "y": 0.05, "z": 0.1}, "rotation": {"x": 4, "y": 0, "z": 0}, "origin": {"x": 0, "y": 0, "z": 0}, "scale": 0.8},
    "handbook": {"groupBy": ["part-sabre-*"]}
  },
  "behaviors": [
    {
      "name": "GroundStorable",
      "properties": {"layout": "Quadrants", "placeRemoveSound": "sounds/player/build", "collisionBox": {"x1": 0, "y1": 0, "z1": 0, "x2": 1, "y2": 0.1, "z2": 1}}
    }
  ],
  "creativeinventory": {"general": ["*"], "armory-parts": ["*"]},
  "guiTransformByType": {
    "*-*bronze": {"translation": {"x": 0, "y": 0, "z": 0}, "rotation": {"x": -23, "y": 118, "z": -6}, "origin": {"x": 1.13, "y": 0.3, "z": 0.7}, "scale": 2.56},
    "*-*iron": {"translation": {"x": 0, "y": 0, "z": 0}, "rotation": {"x": -23, "y": 118, "z": -6}, "origin": {"x": 0.93, "y": 0.2, "z": 0.6}, "scale": 2.4},
    "*-steel": {"translation": {"x": 0, "y": 0, "z": 0}, "rotation": {"x": -36, "y": 135, "z": -6}, "origin": {"x": 0.9799, "y": 0.6, "z": 0.9}, "scale": 2.1}
  },
  "tpHandTransform": {"translation": {"x": 0.2, "y": 0, "z": -0.45}, "rotation": {"x": 0, "y": 90, "z": 0}, "origin": {"x": 0, "y": 0, "z": 0}, "scale": 0.6},
  "groundTransform": {"translation": {"x": 0, "y": 0.04, "z": 0}, "rotation": {"x": -2, "y": 0, "z": 0}, "origin": {"x": 0, "y": 0, "z": 0}, "scale": 3}
}