﻿[
  {
    "ingredientPattern": "HCB,PAP",
    "ingredients": {
      "A": {"type": "item", "code": "maltiezcrossbows:parts-windlass-steel", "quantity": 1},
      "B": {"type": "item", "code": "game:metalnailsandstrips-{metal}", "quantity": 1},
      "C": {"type": "item", "code": "game:flaxtwine", "quantity": 16},
      "P": {"type": "item", "code": "game:plank-*", "quantity": 1},
      "H": {"type": "item", "code": "game:hammer-*", "quantity": 1, "isTool": true}
    },
    "allowedVariants": {
			"metal": ["iron", "meteoriciron", "steel"]
		},
    "width": 3,
    "height": 2,
    "output": {"type": "item", "code": "maltiezcrossbows:spanningtool-windlass"}
  },
  {
    "ingredientPattern": "HAB",
    "ingredients": {
      "A": {"type": "item", "code": "maltiezcrossbows:parts-goatfoot-steel", "quantity": 1},
      "B": {"type": "item", "code": "game:metalnailsandstrips-{metal}", "quantity": 1},
      "H": {"type": "item", "code": "game:hammer-*", "quantity": 1, "isTool": true}
    },
    "allowedVariants": {
			"metal": ["iron", "meteoriciron", "steel"]
		},
    "width": 3,
    "height": 1,
    "output": {"type": "item", "code": "maltiezcrossbows:spanningtool-goatsfoot"}
  }
]