{
	"editor": {
		"allAngles": false,
		"entityTextureMode": false
	},
	"textureWidth": 4,
	"textureHeight": 4,
	"textureSizes": {
		"solanumellipticum": [4,4]
	},
	"textures": {
	},
	"elements": [
		{
			"name": "origin",
			"from": [ 8.0, 0.0, 8.0 ],
			"to": [ 8.0, 0.0, 8.0 ],
			"rotationOrigin": [ 8.0, 0.0, 8.0 ],
			"faces": {
			},
			"children": [
				{
					"name": "tomato",
					"from": [ -1.0, 0.0, -1.0 ],
					"to": [ 1.0, 2.0, 1.0 ],
					"faces": {
						"north": { "texture": "#solanumellipticum", "uv": [ 1.5, 1.0, 3.5, 3.0 ] },
						"east": { "texture": "#solanumellipticum", "uv": [ 1.5, 1.0, 3.5, 3.0 ] },
						"south": { "texture": "#solanumellipticum", "uv": [ 0.5, 1.0, 2.5, 3.0 ] },
						"west": { "texture": "#solanumellipticum", "uv": [ 1.5, 1.0, 3.5, 3.0 ] },
						"up": { "texture": "#solanumellipticum", "uv": [ 1.5, 0.0, 3.5, 2.0 ] },
						"down": { "texture": "#solanumellipticum", "uv": [ 0.0, 2.0, 2.0, 4.0 ] }
					},
					"children": [
						{
							"name": "stem",
							"from": [ 0.7, 2.0, 1.0 ],
							"to": [ 1.7, 3.0, 1.0 ],
							"shade": false,
							"renderPass": 1,
							"rotationOrigin": [ 0.7, 2.0, 1.0 ],
							"faces": {
								"north": { "texture": "#solanumellipticum", "uv": [ 0.0, 0.0, 1.0, 1.0 ], "rotation": 90, "windMode": [-1,-1,-1,-1] }
							}
						}
					]
				}
			]
		}
	]}