﻿[
    // cervinae
    {
        "side": "server",
        "file": "cervinae:entities/land/cervini",
        "op": "add",
        "path": "/server/behaviors/-",
        "value": {
            "code": "EntityFootprintsBehaviorSync",
            "attributes": {
                "texture": "elk",
                "stepDistance": 1.2
            }
        }
    },
    {
        "side": "server",
        "file": "cervinae:entities/land/cervini",
        "op": "add",
        "path": "/client/behaviors/-",
        "value": {
            "code": "EntityFootprintsBehavior",
            "attributes": {
                "texture": "elk",
                "stepDistance": 1.2
            }
        }
    }
]