[
	{
		"dependsOn": [
			{ "modid": "mngeology" }
		],
		"side": "Server",
		"file": "interestingoregen:worldgen/deposits/mineralore/coal.json",
		"op": "addeach",
		"path": "/0/attributes/inblock/allowedVariants/-",
		"value": [
			"arenite",
			"arkose",
			"marl",
			"wacke"
		]
	},
		{
		"dependsOn": [
			{ "modid": "mngeology" }
		],
		"side": "Server",
		"file": "interestingoregen:worldgen/deposits/mineralore/coal.json",
		"op": "addeach",
		"path": "/1/attributes/inblock/allowedVariants/-",
		"value": [
			"arenite",
			"arkose",
			"marl",
			"wacke"
		]
	},
		{
		"dependsOn": [
			{ "modid": "mngeology" }
		],
		"side": "Server",
		"file": "interestingoregen:worldgen/deposits/mineralore/coal.json",
		"op": "addeach",
		"path": "/2/attributes/inblock/allowedVariants/-",
		"value": [
			"arenite",
			"arkose",
			"wacke"
		]
	},
]