{
	"code": "wparasitic_flies",
	"class": "EntityAgent",
	"habitat": "Air",
	"hitboxSize": {
		"x": 1,
		"y": 1
	},
	"client": {
		"renderer": "Shape",
		"shape": { "base": "wrustbound:entity/air/parasitic-flies" },
		"behaviors": [
			{
				"code": "controlledphysics",
				"stepHeight": 1.0001
			},
			{ "code": "interpolateposition" }
		],
		"animations": [
			{
				"code": "enraged",
				"animation": "enraged",
				"animationSpeed": 3,
				"weight": 1,
				"blendMode": "Average",
				"triggeredBy": { "defaultAnim": true }
			},
			{
				"code": "die",
				"animation": "die",
				"animationSpeed": 2,
				"weight": 10,
				"blendMode": "Average",
				"triggeredBy": { "onControls": [ "dead" ] }
			}
		]
	},
	"server": {
		"attributes": {
			"pathfinder": {
				"minTurnAnglePerSec": 900,
				"maxTurnAnglePerSec": 1800
			}
		},
		"behaviors": [
			{
				"code": "controlledphysics",
				"stepHeight": 1.0001
			},
			{
				"code": "despawn",
				"minPlayerDistance": 30,
				"minSeconds": 120
			},
			{
				"code": "health",
				"currenthealth": 5,
				"maxhealth": 5
			},
			{
				"code": "floatupwhenstuck",
				"onlyWhenDead": true
			},
			{
				"code": "deaddecay",
				"hoursToDecay": 1
			},
			{
				"code": "emotionstates",
				"states": [
					{
						"code": "aggressiveondamage",
						"duration": 30,
						"chance": 1,
						"slot": 2,
						"priority": 2,
						"accumType": "noaccum"
					},
					{
						"code": "alarmherdondamage",
						"chance": 1,
						"slot": 1,
						"priority": 1,
						"accumType": "max"
					}
				]
			},
			{
				"code": "taskai",
				"aitasks": [
					{
						"code": "meleeattack",
						"entityCodes": [ "*" ],
						"skipEntityCodes": [
							"wparasitic_flies",						
							"wrotwalker-normal",
							"wrotwalker-deep",
							"wrotwalker-blackguard",							
							"wrotpillar"
						],
						"priority": 2,
						"damageTier": 2,
						"damage": 0.5,
						"mincooldown": 1500,
						"maxcooldown": 1500,
						"damagePlayerAtMs": 1,
						"attackDurationMs": 1,
						"minHorDist": 0.5,
						"minVerDist": 0.5,
						"sound": "game:creature/beesting"
					},
					{
						"code": "stayclosetoentity",
						"priority": 1.6,
						"entityCode": "rotpillar",
						"movespeed": 0.015,
						"maxDistance": 15,
						"searchRange": 25,
						"animationSpeed": 7
					},
					{
						"code": "seekentity",
						"entityCodes": [ "*" ],
						"skipEntityCodes": [
							"wparasitic_flies",
							"wrotwalker-normal",
							"wrotwalker-deep",
							"wrotwalker-blackguard",
							"wrotpillar"
						],
						"priority": 1.8,
						"mincooldown": 500,
						"maxcooldown": 1000,
						"movespeed": 0.03,
						"seekingRange": 15
					},
					{
						"code": "seekentity",
						"entityCodes": [ "*" ],
						"skipEntityCodes": [
							"wparasitic_flies",
							"wrotwalker-normal",
							"wrotwalker-deep",
							"wrotwalker-blackguard",
							"wrotpillar"
						],
						"priority": 1.9,
						"mincooldown": 500,
						"maxcooldown": 1000,
						"movespeed": 0.03,
						"seekingRange": 15,
						"whenInEmotionState": "aggressiveondamage"
					},
					{
						"code": "idle",
						"priority": 1.0
					}
				]
			}
		]
	},
	"sounds": {
	},
	"attributes": {

	}
}