[
	{
		"ingredientPattern":"PP",
		"ingredients":{
			"P":{
				"type":"block",
				"code":"postsandbeams:woodenpost-*-barked-ew",
				"name":"wood",
				"skipVariants": ["agedebony", "rottenebony", "veryaged", "veryagedrotten"]
			}
		},
		"width":2,
		"height":1,
		"recipeGroup":1,
		"output":{
			"type":"block",
			"code":"postsandbeams:decorbeam-{wood}-barked-we",
			"quantity":2
		}
	},
	{
		"ingredientPattern":"B",
		"ingredients":{
			"B":{
				"type":"block",
				"code":"postsandbeams:decorbeam-*-barked-we",
				"name":"wood",
				"skipVariants": ["agedebony", "rottenebony", "veryaged", "veryagedrotten"]
			}
		},
		"width":1,
		"height":1,
		"recipeGroup":1,
		"output":{
			"type":"block",
			"code":"postsandbeams:woodenpost-{wood}-barked-ew",
			"quantity":1
		}
	},
	{
		"ingredientPattern":"PP",
		"ingredients":{
			"P":{
				"type":"block",
				"code":"postsandbeams:woodenpost-*-debarked-ew",
				"name":"wood",
				"skipVariants": ["agedebony", "rottenebony", "veryaged", "veryagedrotten"]
			}
		},
		"width":2,
		"height":1,
		"recipeGroup":1,
		"output":{
			"type":"block",
			"code":"postsandbeams:decorbeam-{wood}-debarked-we",
			"quantity":2
		}
	},
	{
		"ingredientPattern":"B",
		"ingredients":{
			"B":{
				"type":"block",
				"code":"postsandbeams:decorbeam-*-debarked-we",
				"name":"wood",
				"skipVariants": ["agedebony", "rottenebony", "veryaged", "veryagedrotten"]
			}
		},
		"width":1,
		"height":1,
		"recipeGroup":1,
		"output":{
			"type":"block",
			"code":"postsandbeams:woodenpost-{wood}-debarked-ew",
			"quantity":1
		}
	}
]