[
	{
		"ingredientPattern":"SK,_L,_L",
		"ingredients":{
			"S":{
				"type":"item",
				"code":"game:saw-*",
				"isTool":true
			},
			"K":{
				"type":"item",
				"code":"game:knife-*",
				"isTool":true
			},
			"L":{
				"type":"block",
				"code":"game:log-placed-*-ud",
				"name":"wood",
				"skipVariants": ["agedebony", "rottenebony", "veryaged", "veryagedrotten"]
			}
		},
		"width":2,
		"height":3,
		"recipeGroup":1,
		"output":{
			"type":"block",
			"code":"postsandbeams:woodenpost-{wood}-barked-ew",
			"quantity":4
		}
	},
	{
		"ingredientPattern":"SK,_L,_L",
		"ingredients":{
			"S":{
				"type":"item",
				"code":"game:saw-*",
				"isTool":true
			},
			"K":{
				"type":"item",
				"code":"game:knife-*",
				"isTool":true
			},
			"L":{
				"type":"block",
				"code":"game:debarkedlog-*-ud",
				"name":"wood",
				"skipVariants": ["agedebony", "rottenebony", "veryaged", "veryagedrotten"]
			}
		},
		"width":2,
		"height":3,
		"recipeGroup":1,
		"output":{
			"type":"block",
			"code":"postsandbeams:woodenpost-{wood}-debarked-ew",
			"quantity":4
		}
	},
	{
		"ingredientPattern":"SK,_L,_L",
		"ingredients":{
			"S":{
				"type":"item",
				"code":"game:saw-*",
				"isTool":true
			},
			"K":{
				"type":"item",
				"code":"game:knife-*",
				"isTool":true
			},
			"L":{
				"type":"block",
				"code":"game:logsection-placed-*-ne-ud",
				"name":"wood",
				"skipVariants": ["agedebony", "rottenebony", "veryaged", "veryagedrotten"]
			}
		},
		"width":2,
		"height":3,
		"recipeGroup":1,
		"output":{
			"type":"block",
			"code":"postsandbeams:woodenpost-{wood}-barked-ew",
			"quantity":4
		}
	}
]