{
	"editor": {
		"allAngles": false,
		"entityTextureMode": false
	},
	"textureWidth": 24,
	"textureHeight": 24,
	"textureSizes": {
		"flower": [24,24]
	},
	"textures": {
	},
	"elements": [
		{
			"name": "origin",
			"from": [ 0.0, 0.0, 0.0 ],
			"to": [ 0.0, 0.0, 0.0 ],
			"rotationOrigin": [ 8.0, 0.0, 8.0 ],
			"faces": {
			},
			"children": [
				{
					"name": "North",
					"from": [ -4.0, 0.0, 8.0 ],
					"to": [ 20.0, 24.0, 8.0 ],
					"shade": false,
					"renderPass": 2,
					"rotationOrigin": [ 8.0, 0.0, 8.0 ],
					"rotationY": 135.0,
					"faces": {
						"north": { "texture": "#flower", "uv": [ 0.0, 0.0, 24.0, 24.0 ], "windMode": [0,2,2,0], "windData": [0,1,1,0] }
					}
				},
				{
					"name": "South",
					"from": [ -4.0, 0.0, 8.0 ],
					"to": [ 20.0, 24.0, 8.0 ],
					"shade": false,
					"renderPass": 2,
					"rotationOrigin": [ 8.0, 0.0, 8.0 ],
					"rotationY": 45.0,
					"faces": {
						"south": { "texture": "#flower", "uv": [ 0.0, 0.0, 24.0, 24.0 ], "windMode": [0,0,2,2], "windData": [0,0,1,1] }
					}
				},
				{
					"name": "face1",
					"from": [ -4.0, 0.0, 8.0 ],
					"to": [ 20.0, 24.0, 8.0 ],
					"shade": false,
					"renderPass": 2,
					"rotationOrigin": [ 8.0, 0.0, 8.0 ],
					"rotationY": -75.0,
					"faces": {
						"north": { "texture": "#flower", "uv": [ 0.0, 0.0, 24.0, 24.0 ], "windMode": [0,2,2,0], "windData": [0,1,1,0] }
					}
				},
				{
					"name": "face2",
					"from": [ -4.0, 0.0, 8.0 ],
					"to": [ 20.0, 24.0, 8.0 ],
					"shade": false,
					"renderPass": 2,
					"rotationOrigin": [ 8.0, 0.0, 8.0 ],
					"rotationY": -22.0,
					"faces": {
						"north": { "texture": "#flower", "uv": [ 0.0, 0.0, 24.0, 24.0 ], "windMode": [0,2,2,0], "windData": [0,1,1,0] }
					}
				}
			]
		},
		{
			"name": "origin2",
			"from": [ -8.0, 0.0, 8.0 ],
			"to": [ -8.0, 0.0, 8.0 ],
			"rotationOrigin": [ 0.0, 0.0, 16.0 ],
			"faces": {
			},
			"children": [
				{
					"name": "North2",
					"from": [ -4.0, 0.0, 8.0 ],
					"to": [ 20.0, 14.0, 8.0 ],
					"shade": false,
					"renderPass": 2,
					"rotationOrigin": [ 8.0, 0.0, 8.0 ],
					"rotationY": 135.0,
					"faces": {
						"north": { "texture": "#flower", "uv": [ 0.0, 0.0, 24.0, 14.0 ], "windMode": [0,2,2,0] }
					}
				},
				{
					"name": "South2",
					"from": [ -4.0, 0.0, 8.0 ],
					"to": [ 20.0, 14.0, 8.0 ],
					"shade": false,
					"renderPass": 2,
					"rotationOrigin": [ 8.0, 0.0, 8.0 ],
					"rotationY": 45.0,
					"faces": {
						"south": { "texture": "#flower", "uv": [ 0.0, 0.0, 24.0, 14.0 ], "windMode": [0,0,2,2] }
					}
				},
				{
					"name": "face3",
					"from": [ -4.0, 0.0, 8.0 ],
					"to": [ 20.0, 14.0, 8.0 ],
					"shade": false,
					"renderPass": 2,
					"rotationOrigin": [ 8.0, 0.0, 8.0 ],
					"rotationY": -75.0,
					"faces": {
						"north": { "texture": "#flower", "uv": [ 0.0, 0.0, 24.0, 14.0 ], "windMode": [0,2,2,0] }
					}
				},
				{
					"name": "face4",
					"from": [ -4.0, 0.0, 8.0 ],
					"to": [ 20.0, 14.0, 8.0 ],
					"shade": false,
					"renderPass": 2,
					"rotationOrigin": [ 8.0, 0.0, 8.0 ],
					"rotationY": -22.0,
					"faces": {
						"north": { "texture": "#flower", "uv": [ 0.0, 0.0, 24.0, 14.0 ], "windMode": [0,2,2,0] }
					}
				}
			]
		},
		{
			"name": "origin3",
			"from": [ -8.0, 0.0, -8.0 ],
			"to": [ -8.0, 0.0, -8.0 ],
			"rotationOrigin": [ 0.0, 0.0, 0.0 ],
			"rotationY": 15.0,
			"faces": {
			},
			"children": [
				{
					"name": "North3",
					"from": [ -4.0, 0.0, 8.0 ],
					"to": [ 20.0, 14.0, 8.0 ],
					"shade": false,
					"renderPass": 2,
					"rotationOrigin": [ 8.0, 0.0, 8.0 ],
					"rotationY": 135.0,
					"faces": {
						"north": { "texture": "#flower", "uv": [ 0.0, 0.0, 24.0, 14.0 ], "windMode": [0,2,2,0] }
					}
				},
				{
					"name": "South3",
					"from": [ -4.0, 0.0, 8.0 ],
					"to": [ 20.0, 14.0, 8.0 ],
					"shade": false,
					"renderPass": 2,
					"rotationOrigin": [ 8.0, 0.0, 8.0 ],
					"rotationY": 45.0,
					"faces": {
						"south": { "texture": "#flower", "uv": [ 0.0, 0.0, 24.0, 14.0 ], "windMode": [0,0,2,2] }
					}
				},
				{
					"name": "face5",
					"from": [ -4.0, 0.0, 8.0 ],
					"to": [ 20.0, 14.0, 8.0 ],
					"shade": false,
					"renderPass": 2,
					"rotationOrigin": [ 8.0, 0.0, 8.0 ],
					"rotationY": -75.0,
					"faces": {
						"north": { "texture": "#flower", "uv": [ 0.0, 0.0, 24.0, 14.0 ], "windMode": [0,2,2,0] }
					}
				},
				{
					"name": "face6",
					"from": [ -4.0, 0.0, 8.0 ],
					"to": [ 20.0, 14.0, 8.0 ],
					"shade": false,
					"renderPass": 2,
					"rotationOrigin": [ 8.0, 0.0, 8.0 ],
					"rotationY": -22.0,
					"faces": {
						"north": { "texture": "#flower", "uv": [ 0.0, 0.0, 24.0, 14.0 ], "windMode": [0,2,2,0] }
					}
				}
			]
		},
		{
			"name": "origin4",
			"from": [ 8.0, 0.0, -8.0 ],
			"to": [ 8.0, 0.0, -8.0 ],
			"rotationOrigin": [ 16.0, 0.0, 0.0 ],
			"rotationY": -15.0,
			"faces": {
			},
			"children": [
				{
					"name": "North4",
					"from": [ -4.0, 0.0, 8.0 ],
					"to": [ 20.0, 14.0, 8.0 ],
					"shade": false,
					"renderPass": 2,
					"rotationOrigin": [ 8.0, 0.0, 8.0 ],
					"rotationY": 135.0,
					"faces": {
						"north": { "texture": "#flower", "uv": [ 0.0, 0.0, 24.0, 14.0 ], "windMode": [0,2,2,0] }
					}
				},
				{
					"name": "South4",
					"from": [ -4.0, 0.0, 8.0 ],
					"to": [ 20.0, 14.0, 8.0 ],
					"shade": false,
					"renderPass": 2,
					"rotationOrigin": [ 8.0, 0.0, 8.0 ],
					"rotationY": 45.0,
					"faces": {
						"south": { "texture": "#flower", "uv": [ 0.0, 0.0, 24.0, 14.0 ], "windMode": [0,0,2,2] }
					}
				},
				{
					"name": "face7",
					"from": [ -4.0, 0.0, 8.0 ],
					"to": [ 20.0, 14.0, 8.0 ],
					"shade": false,
					"renderPass": 2,
					"rotationOrigin": [ 8.0, 0.0, 8.0 ],
					"rotationY": -75.0,
					"faces": {
						"north": { "texture": "#flower", "uv": [ 0.0, 0.0, 24.0, 14.0 ], "windMode": [0,2,2,0] }
					}
				},
				{
					"name": "face8",
					"from": [ -4.0, 0.0, 8.0 ],
					"to": [ 20.0, 14.0, 8.0 ],
					"shade": false,
					"renderPass": 2,
					"rotationOrigin": [ 8.0, 0.0, 8.0 ],
					"rotationY": -22.0,
					"faces": {
						"north": { "texture": "#flower", "uv": [ 0.0, 0.0, 24.0, 14.0 ], "windMode": [0,2,2,0] }
					}
				}
			]
		},
		{
			"name": "origin5",
			"from": [ 8.0, 0.0, 8.0 ],
			"to": [ 8.0, 0.0, 8.0 ],
			"rotationOrigin": [ 16.0, 0.0, 16.0 ],
			"rotationY": 15.0,
			"faces": {
			},
			"children": [
				{
					"name": "North5",
					"from": [ -4.0, 0.0, 8.0 ],
					"to": [ 20.0, 14.0, 8.0 ],
					"shade": false,
					"renderPass": 2,
					"rotationOrigin": [ 8.0, 0.0, 8.0 ],
					"rotationY": 135.0,
					"faces": {
						"north": { "texture": "#flower", "uv": [ 0.0, 0.0, 24.0, 14.0 ], "windMode": [0,2,2,0] }
					}
				},
				{
					"name": "South5",
					"from": [ -4.0, 0.0, 8.0 ],
					"to": [ 20.0, 14.0, 8.0 ],
					"shade": false,
					"renderPass": 2,
					"rotationOrigin": [ 8.0, 0.0, 8.0 ],
					"rotationY": 45.0,
					"faces": {
						"south": { "texture": "#flower", "uv": [ 0.0, 0.0, 24.0, 14.0 ], "windMode": [0,0,2,2] }
					}
				},
				{
					"name": "face9",
					"from": [ -4.0, 0.0, 8.0 ],
					"to": [ 20.0, 14.0, 8.0 ],
					"shade": false,
					"renderPass": 2,
					"rotationOrigin": [ 8.0, 0.0, 8.0 ],
					"rotationY": -75.0,
					"faces": {
						"north": { "texture": "#flower", "uv": [ 0.0, 0.0, 24.0, 14.0 ], "windMode": [0,2,2,0] }
					}
				},
				{
					"name": "face10",
					"from": [ -4.0, 0.0, 8.0 ],
					"to": [ 20.0, 14.0, 8.0 ],
					"shade": false,
					"renderPass": 2,
					"rotationOrigin": [ 8.0, 0.0, 8.0 ],
					"rotationY": -22.0,
					"faces": {
						"north": { "texture": "#flower", "uv": [ 0.0, 0.0, 24.0, 14.0 ], "windMode": [0,2,2,0] }
					}
				}
			]
		}
	]}