{
	"editor": {
		"allAngles": false,
		"entityTextureMode": false
	},
	"textureWidth": 12,
	"textureHeight": 12,
	"textureSizes": {
		"flower1": [12,12],
		"flower2": [12,12],
		"flower3": [12,12]
	},
	"textures": {
	},
	"elements": [
		{
			"name": "Origin",
			"from": [ 8.0, 0.0, 8.0 ],
			"to": [ 8.0, 0.0, 8.0 ],
			"rotationOrigin": [ 8.0, 0.0, 8.0 ],
			"faces": {
			},
			"children": [
				{
					"name": "Face 1",
					"from": [ -6.0, 0.0, 0.0 ],
					"to": [ 6.0, 12.0, 0.0 ],
					"shade": false,
					"renderPass": 1,
					"rotationOrigin": [ 0.0, 0.0, 0.0 ],
					"rotationX": 5.0,
					"rotationY": 30.0,
					"faces": {
						"north": { "texture": "#flower1", "uv": [ 0.0, 0.0, 12.0, 12.0 ], "windMode": [-1,9,9,-1] }
					}
				},
				{
					"name": "Face 2",
					"from": [ -6.0, 0.0, 0.0 ],
					"to": [ 6.0, 12.0, 0.0 ],
					"shade": false,
					"renderPass": 1,
					"rotationOrigin": [ 0.0, 0.0, 0.0 ],
					"rotationX": -5.0,
					"rotationY": -30.0,
					"faces": {
						"south": { "texture": "#flower2", "uv": [ 0.0, 0.0, 12.0, 12.0 ], "windMode": [-1,-1,9,9] }
					}
				},
				{
					"name": "Face 3",
					"from": [ 0.0, 0.0, -6.0 ],
					"to": [ 0.0, 12.0, 6.0 ],
					"shade": false,
					"renderPass": 1,
					"rotationOrigin": [ 0.0, 0.0, 0.0 ],
					"rotationZ": 5.0,
					"faces": {
						"east": { "texture": "#flower3", "uv": [ 0.0, 0.0, 12.0, 12.0 ], "windMode": [-1,9,9,-1] }
					}
				}
			]
		}
	]}