[
  {
    "op": "addeach",
    "path": "/selling/list/-",
    "value": [
	{ "code": "tailorsdelight:buttons-gold",	"type": "item", "stacksize": 2, "stock": { "avg": 1, "var": 0.5 }, "price": { "avg": 9, "var": 1 } },
	{ "code": "tailorsdelight:buttons-silver",	"type": "item", "stacksize": 2, "stock": { "avg": 1, "var": 0.5 }, "price": { "avg": 8, "var": 1 } },
	{ "code": "tailorsdelight:buttons-emerald",	"type": "item", "stacksize": 1, "stock": { "avg": 1, "var": 0.5 }, "price": { "avg": 9, "var": 1 } },
	{ "code": "tailorsdelight:twine-purple",	"type": "item", "stacksize": 4, "stock": { "avg": 2, "var": 1 }, "price": { "avg": 3, "var": 1 } },
	{ "code": "tailorsdelight:twine-white",		"type": "item", "stacksize": 4, "stock": { "avg": 2, "var": 1 }, "price": { "avg": 4, "var": 1 } },
	{ "code": "tailorsdelight:leather-darkred",	"type": "item", "stacksize": 2, "stock": { "avg": 2, "var": 1 }, "price": { "avg": 4, "var": 1 } },
	{ "code": "tailorsdelight:leather-darkblue",	"type": "item", "stacksize": 2, "stock": { "avg": 2, "var": 1 }, "price": { "avg": 4, "var": 1 } }
    ],
    "file": "game:config/tradelists/trader-luxuries.json",
    "side": "Server"
  }
]
