[
	{
	"op": "replace",
	"comment": "leather body jerkin",
	"path": "/0/ingredientPattern",
	"value": "QAQ,LSL,LBL",
	"file": "game:recipes/grid/armor/jerkin.json",
	"side": "Server"
	},
	{
	"op": "add",
	"path": "/0/ingredients/A",
	"value": { "type": "item", "code": "tailorsdelight:awl-*", "isTool": true, "toolDurabilityCost": 14 },
	"file": "game:recipes/grid/armor/jerkin.json",
	"side": "Server"
	},
	{
	"op": "add",
	"path": "/0/ingredients/S",
	"value": { "type": "item", "code": "tailorsdelight:leatherstrips-plain", "quantity": 3 },
	"file": "game:recipes/grid/armor/jerkin.json",
	"side": "Server"
	},
	{
	"op": "add",
	"path": "/0/ingredients/B",
	"value": { "type": "item", "code": "tailorsdelight:leather-darkblue", "quantity": 2 },
	"file": "game:recipes/grid/armor/jerkin.json",
	"side": "Server"
	},

	{
	"op": "replace",
	"comment": "leather jerkin legs",
	"path": "/1/ingredientPattern",
	"value": "LQL,QAQ,QSQ",
	"file": "game:recipes/grid/armor/jerkin.json",
	"side": "Server"
	},
	{
	"op": "add",
	"path": "/1/ingredients/A",
	"value": { "type": "item", "code": "tailorsdelight:awl-*", "isTool": true, "toolDurabilityCost": 8 },
	"file": "game:recipes/grid/armor/jerkin.json",
	"side": "Server"
	},
	{
	"op": "add",
	"path": "/1/ingredients/S",
	"value": { "type": "item", "code": "tailorsdelight:leatherstrips-plain", "quantity": 2 },
	"file": "game:recipes/grid/armor/jerkin.json",
	"side": "Server"
	},
	{
	"op": "replace",
	"path": "/1/ingredients/L",
	"value": { "type": "item", "code": "tailorsdelight:leather-darkblue", "quantity": 2 },
	"file": "game:recipes/grid/armor/jerkin.json",
	"side": "Server"
	}
]
