[
  {
    "op": "addeach",
    "path": "/buying/list/-",
    "value": [
	{ "code": "tailorsdelight:twine-brown",             "type": "item", "stacksize":  8, "stock": { "avg": 4, "var": 1 },    "price": { "avg":  1.4, "var": 1    } },
	{ "code": "tailorsdelight:leatherbundle-pelt",      "type": "item", "stacksize":  2, "stock": { "avg": 1, "var": 0 },    "price": { "avg":  2,   "var": 1    } },
	{ "code": "game:clothes-upperbodyover-hunter-coat", "type": "item", "stacksize":  1, "stock": { "avg": 1, "var": 0 },    "price": { "avg": 12,   "var": 1    } },
	{ "code": "game:clothes-waist-sturdy-belt",         "type": "item", "stacksize":  1, "stock": { "avg": 1, "var": 0 },    "price": { "avg":  5,   "var": 0.5  } },
	{ "code": "tailorsdelight:leatherbundle-plain",     "type": "item", "stacksize":  2, "stock": { "avg": 4, "var": 1 },    "price": { "avg":  5,   "var": 0    } },
	{ "code": "tailorsdelight:leatherstrips-plain",     "type": "item", "stacksize":  2, "stock": { "avg": 3, "var": 1 },    "price": { "avg":  1,   "var": 0    } },
	{ "code": "game:stick",                             "type": "item", "stacksize": 64, "stock": { "avg": 1, "var": 1.25 }, "price": { "avg":  1,   "var": 0    } }
    ],
    "file": "game:config/tradelists/trader-survivalgoods.json",
    "side": "Server"
  }
]
