[
  {
    "op": "add",
    "path": "/attributes/onShelfTransform",
    "value": {
	"translation": { "x": 0, "y": -0.25, "z": 0 },
	"rotation": { "x": 0, "y": -40, "z": 0 },
	"scale": 0.5
    },
    "file": "game:itemtypes/resource/flaxtwine.json",
    "side": "Server"
  },
  {
    "op": "add",
    "path": "/attributes/scrollrackable",
    "value": true,
    "file": "game:itemtypes/resource/flaxtwine.json",
    "side": "Server"
  },
  {
    "op": "add",
    "path": "/attributes/onscrollrackTransform",
    "value": {
	"translation": { "x": -0.47, "y": -0.48, "z": 0.34 },
	"rotation": { "x": -45, "y": 0, "z": 0 },
	"origin": { "x": 0.5, "y": 0.5, "z": 0.5 },
	"scale": 0.55
    },
    "file": "game:itemtypes/resource/flaxtwine.json",
    "side": "Server"
  }
]
