[
  {
    "op": "replace",
    "comment": "saddle",
    "path": "/4/ingredientPattern",
    "value": "ATK,MMM,LNL",
    "file": "game:recipes/grid/tack.json",
    "side": "Server"
  },
  {
    "op": "add",
    "path": "/4/ingredients/A",
    "value": { "type": "item", "code": "tailorsdelight:awl-*", "isTool": true },
    "file": "game:recipes/grid/tack.json",
    "side": "Server"
  },
  {
    "op": "add",
    "path": "/4/ingredients/T",
    "value": { "type": "item", "code": "tailorsdelight:twine-brown", "quantity": 2 },
    "file": "game:recipes/grid/tack.json",
    "side": "Server"
  },
  {
    "op": "add",
    "path": "/4/ingredients/K",
    "value": { "type": "item", "code": "game:knife-generic-*", "isTool": true },
    "file": "game:recipes/grid/tack.json",
    "side": "Server"
  },
  {
    "op": "replace",
    "path": "/4/height",
    "value": 3,
    "file": "game:recipes/grid/tack.json",
    "side": "Server"
  },

  {
    "op": "replace",
    "comment": "saddlebags",
    "path": "/5/ingredientPattern",
    "value": "ANT,MMM,LNL",
    "file": "game:recipes/grid/tack.json",
    "side": "Server"
  },
  {
    "op": "add",
    "path": "/5/ingredients/A",
    "value": { "type": "item", "code": "tailorsdelight:awl-*", "isTool": true },
    "file": "game:recipes/grid/tack.json",
    "side": "Server"
  },
  {
    "op": "add",
    "path": "/5/ingredients/T",
    "value": { "type": "item", "code": "tailorsdelight:twine-brown", "quantity": 2 },
    "file": "game:recipes/grid/tack.json",
    "side": "Server"
  },
  {
    "op": "replace",
    "path": "/5/ingredients/L/quantity",
    "value": 4,
    "file": "game:recipes/grid/tack.json",
    "side": "Server"
  },

  {
    "op": "replace",
    "comment": "sturdy saddlebags",
    "path": "/6/ingredientPattern",
    "value": "ANT,MMM,LNL",
    "file": "game:recipes/grid/tack.json",
    "side": "Server"
  },
  {
    "op": "add",
    "path": "/6/ingredients/A",
    "value": { "type": "item", "code": "tailorsdelight:awl-*", "isTool": true },
    "file": "game:recipes/grid/tack.json",
    "side": "Server"
  },
  {
    "op": "add",
    "path": "/6/ingredients/T",
    "value": { "type": "item", "code": "tailorsdelight:twine-brown", "quantity": 2 },
    "file": "game:recipes/grid/tack.json",
    "side": "Server"
  },
  {
    "op": "replace",
    "path": "/6/ingredients/L/quantity",
    "value": 4,
    "file": "game:recipes/grid/tack.json",
    "side": "Server"
  },

  {
    "op": "replace",
    "comment": "bridle with snaffle",
    "path": "/7/ingredientPattern",
    "value": "LTL,LAL,LNL",
    "file": "game:recipes/grid/tack.json",
    "side": "Server"
  },
  {
    "op": "add",
    "path": "/7/ingredients/A",
    "value": { "type": "item", "code": "tailorsdelight:awl-*", "isTool": true },
    "file": "game:recipes/grid/tack.json",
    "side": "Server"
  },
  {
    "op": "add",
    "path": "/7/ingredients/T",
    "value": { "type": "item", "code": "tailorsdelight:twine-brown", "quantity": 2 },
    "file": "game:recipes/grid/tack.json",
    "side": "Server"
  },
  {
    "op": "replace",
    "path": "/7/ingredients/L",
    "value": { "type": "item", "code": "tailorsdelight:leatherstrips-plain", "quantity": 2 },
    "file": "game:recipes/grid/tack.json",
    "side": "Server"
  },

  {
    "op": "replace",
    "comment": "bridle with curb bit",
    "path": "/8/ingredientPattern",
    "value": "LNL,LAL,LTL",
    "file": "game:recipes/grid/tack.json",
    "side": "Server"
  },
  {
    "op": "add",
    "path": "/8/ingredients/A",
    "value": { "type": "item", "code": "tailorsdelight:awl-*", "isTool": true },
    "file": "game:recipes/grid/tack.json",
    "side": "Server"
  },
  {
    "op": "add",
    "path": "/8/ingredients/T",
    "value": { "type": "item", "code": "tailorsdelight:twine-brown", "quantity": 2 },
    "file": "game:recipes/grid/tack.json",
    "side": "Server"
  },
  {
    "op": "replace",
    "path": "/8/ingredients/L",
    "value": { "type": "item", "code": "tailorsdelight:leatherstrips-plain", "quantity": 2 },
    "file": "game:recipes/grid/tack.json",
    "side": "Server"
  }
]
