[
  {
    "op": "addmerge",
    "path": "/attributes",
    "comment": "rolledShape does not work without class: ItemBook but then it changes also the groundShape :-/",
    "value": {
	"scrollrackable": true,
	"rolledShape": "tailorsdelight:item/resource/bundle_roll",
	"onscrollrackTransform": {
		"translation": { "x": -0.61, "y": -0.218, "z": 0.48 },
		"rotation": { "x": -45, "y": 0, "z": 0 },
		"origin": { "x": 0.5, "y": 0.2, "z": 0.5 },
		"scale": 0.89
	}
    },
    "file": "game:itemtypes/resource/cloth.json",
    "side": "Server"
  }
]
