[
{"name": "Dire Wolf Head Mount (Baby)", "ingredientPattern": "_BC,DEF,GHI","ingredients": {"B": { "type": "item", "code": "game:knife-*", "isTool": true },"C": { "type": "item", "code": "game:hammer-*", "isTool": true },"D": { "type": "item", "code": "caninae:pelt-pelt-canina-baby-aenocyon-dirus" },"E": { "type": "item", "code": "game:metalnailsandstrips-*" },"F": { "type": "item", "code": "game:clay-*" },"G": { "type": "block", "code": "game:debarkedlog-*" },"H": { "type": "block", "code": "game:glass-*" },"I": { "type": "item", "code": "game:powder-borax" }},"width": 3,"height": 3,"output": { "type": "item", "code": "caninae:headmount-canina-baby-aenocyon-dirus", "quantity": 1  }},
{"name": "Dire Wolf Head Mount (Female)", "ingredientPattern": "_BC,DEF,GHI","ingredients": {"B": { "type": "item", "code": "game:knife-*", "isTool": true },"C": { "type": "item", "code": "game:hammer-*", "isTool": true },"D": { "type": "item", "code": "caninae:pelt-pelt-canina-female-aenocyon-dirus" },"E": { "type": "item", "code": "game:metalnailsandstrips-*" },"F": { "type": "item", "code": "game:clay-*" },"G": { "type": "block", "code": "game:debarkedlog-*" },"H": { "type": "block", "code": "game:glass-*" },"I": { "type": "item", "code": "game:powder-borax" }},"width": 3,"height": 3,"output": { "type": "item", "code": "caninae:headmount-canina-female-aenocyon-dirus", "quantity": 1  }},
{"name": "Dire Wolf Head Mount (Male)", "ingredientPattern": "_BC,DEF,GHI","ingredients": {"B": { "type": "item", "code": "game:knife-*", "isTool": true },"C": { "type": "item", "code": "game:hammer-*", "isTool": true },"D": { "type": "item", "code": "caninae:pelt-pelt-canina-male-aenocyon-dirus" },"E": { "type": "item", "code": "game:metalnailsandstrips-*" },"F": { "type": "item", "code": "game:clay-*" },"G": { "type": "block", "code": "game:debarkedlog-*" },"H": { "type": "block", "code": "game:glass-*" },"I": { "type": "item", "code": "game:powder-borax" }},"width": 3,"height": 3,"output": { "type": "item", "code": "caninae:headmount-canina-male-aenocyon-dirus", "quantity": 1  }},
{"name": "Golden Jackal Head Mount (Baby)", "ingredientPattern": "_BC,DEF,GHI","ingredients": {"B": { "type": "item", "code": "game:knife-*", "isTool": true },"C": { "type": "item", "code": "game:hammer-*", "isTool": true },"D": { "type": "item", "code": "caninae:pelt-pelt-canina-baby-canis-aureus" },"E": { "type": "item", "code": "game:metalnailsandstrips-*" },"F": { "type": "item", "code": "game:clay-*" },"G": { "type": "block", "code": "game:debarkedlog-*" },"H": { "type": "block", "code": "game:glass-*" },"I": { "type": "item", "code": "game:powder-borax" }},"width": 3,"height": 3,"output": { "type": "item", "code": "caninae:headmount-canina-baby-canis-aureus", "quantity": 1  }},
{"name": "Golden Jackal Head Mount (Female)", "ingredientPattern": "_BC,DEF,GHI","ingredients": {"B": { "type": "item", "code": "game:knife-*", "isTool": true },"C": { "type": "item", "code": "game:hammer-*", "isTool": true },"D": { "type": "item", "code": "caninae:pelt-pelt-canina-female-canis-aureus" },"E": { "type": "item", "code": "game:metalnailsandstrips-*" },"F": { "type": "item", "code": "game:clay-*" },"G": { "type": "block", "code": "game:debarkedlog-*" },"H": { "type": "block", "code": "game:glass-*" },"I": { "type": "item", "code": "game:powder-borax" }},"width": 3,"height": 3,"output": { "type": "item", "code": "caninae:headmount-canina-female-canis-aureus", "quantity": 1  }},
{"name": "Golden Jackal Head Mount (Male)", "ingredientPattern": "_BC,DEF,GHI","ingredients": {"B": { "type": "item", "code": "game:knife-*", "isTool": true },"C": { "type": "item", "code": "game:hammer-*", "isTool": true },"D": { "type": "item", "code": "caninae:pelt-pelt-canina-male-canis-aureus" },"E": { "type": "item", "code": "game:metalnailsandstrips-*" },"F": { "type": "item", "code": "game:clay-*" },"G": { "type": "block", "code": "game:debarkedlog-*" },"H": { "type": "block", "code": "game:glass-*" },"I": { "type": "item", "code": "game:powder-borax" }},"width": 3,"height": 3,"output": { "type": "item", "code": "caninae:headmount-canina-male-canis-aureus", "quantity": 1  }},
{"name": "Domestic Dog Head Mount (Baby)", "ingredientPattern": "_BC,DEF,GHI","ingredients": {"B": { "type": "item", "code": "game:knife-*", "isTool": true },"C": { "type": "item", "code": "game:hammer-*", "isTool": true },"D": { "type": "item", "code": "caninae:pelt-pelt-canina-baby-canis-familiaris" },"E": { "type": "item", "code": "game:metalnailsandstrips-*" },"F": { "type": "item", "code": "game:clay-*" },"G": { "type": "block", "code": "game:debarkedlog-*" },"H": { "type": "block", "code": "game:glass-*" },"I": { "type": "item", "code": "game:powder-borax" }},"width": 3,"height": 3,"output": { "type": "item", "code": "caninae:headmount-canina-baby-canis-familiaris", "quantity": 1  }},
{"name": "Domestic Dog Head Mount (Female)", "ingredientPattern": "_BC,DEF,GHI","ingredients": {"B": { "type": "item", "code": "game:knife-*", "isTool": true },"C": { "type": "item", "code": "game:hammer-*", "isTool": true },"D": { "type": "item", "code": "caninae:pelt-pelt-canina-female-canis-familiaris" },"E": { "type": "item", "code": "game:metalnailsandstrips-*" },"F": { "type": "item", "code": "game:clay-*" },"G": { "type": "block", "code": "game:debarkedlog-*" },"H": { "type": "block", "code": "game:glass-*" },"I": { "type": "item", "code": "game:powder-borax" }},"width": 3,"height": 3,"output": { "type": "item", "code": "caninae:headmount-canina-female-canis-familiaris", "quantity": 1  }},
{"name": "Domestic Dog Head Mount (Male)", "ingredientPattern": "_BC,DEF,GHI","ingredients": {"B": { "type": "item", "code": "game:knife-*", "isTool": true },"C": { "type": "item", "code": "game:hammer-*", "isTool": true },"D": { "type": "item", "code": "caninae:pelt-pelt-canina-male-canis-familiaris" },"E": { "type": "item", "code": "game:metalnailsandstrips-*" },"F": { "type": "item", "code": "game:clay-*" },"G": { "type": "block", "code": "game:debarkedlog-*" },"H": { "type": "block", "code": "game:glass-*" },"I": { "type": "item", "code": "game:powder-borax" }},"width": 3,"height": 3,"output": { "type": "item", "code": "caninae:headmount-canina-male-canis-familiaris", "quantity": 1  }},
{"name": "Coyote Head Mount (Baby)", "ingredientPattern": "_BC,DEF,GHI","ingredients": {"B": { "type": "item", "code": "game:knife-*", "isTool": true },"C": { "type": "item", "code": "game:hammer-*", "isTool": true },"D": { "type": "item", "code": "caninae:pelt-pelt-canina-baby-canis-latrans" },"E": { "type": "item", "code": "game:metalnailsandstrips-*" },"F": { "type": "item", "code": "game:clay-*" },"G": { "type": "block", "code": "game:debarkedlog-*" },"H": { "type": "block", "code": "game:glass-*" },"I": { "type": "item", "code": "game:powder-borax" }},"width": 3,"height": 3,"output": { "type": "item", "code": "caninae:headmount-canina-baby-canis-latrans", "quantity": 1  }},
{"name": "Coyote Head Mount (Female)", "ingredientPattern": "_BC,DEF,GHI","ingredients": {"B": { "type": "item", "code": "game:knife-*", "isTool": true },"C": { "type": "item", "code": "game:hammer-*", "isTool": true },"D": { "type": "item", "code": "caninae:pelt-pelt-canina-female-canis-latrans" },"E": { "type": "item", "code": "game:metalnailsandstrips-*" },"F": { "type": "item", "code": "game:clay-*" },"G": { "type": "block", "code": "game:debarkedlog-*" },"H": { "type": "block", "code": "game:glass-*" },"I": { "type": "item", "code": "game:powder-borax" }},"width": 3,"height": 3,"output": { "type": "item", "code": "caninae:headmount-canina-female-canis-latrans", "quantity": 1  }},
{"name": "Coyote Head Mount (Male)", "ingredientPattern": "_BC,DEF,GHI","ingredients": {"B": { "type": "item", "code": "game:knife-*", "isTool": true },"C": { "type": "item", "code": "game:hammer-*", "isTool": true },"D": { "type": "item", "code": "caninae:pelt-pelt-canina-male-canis-latrans" },"E": { "type": "item", "code": "game:metalnailsandstrips-*" },"F": { "type": "item", "code": "game:clay-*" },"G": { "type": "block", "code": "game:debarkedlog-*" },"H": { "type": "block", "code": "game:glass-*" },"I": { "type": "item", "code": "game:powder-borax" }},"width": 3,"height": 3,"output": { "type": "item", "code": "caninae:headmount-canina-male-canis-latrans", "quantity": 1  }},
{"name": "African Wolf Head Mount (Baby)", "ingredientPattern": "_BC,DEF,GHI","ingredients": {"B": { "type": "item", "code": "game:knife-*", "isTool": true },"C": { "type": "item", "code": "game:hammer-*", "isTool": true },"D": { "type": "item", "code": "caninae:pelt-pelt-canina-baby-canis-lupastor" },"E": { "type": "item", "code": "game:metalnailsandstrips-*" },"F": { "type": "item", "code": "game:clay-*" },"G": { "type": "block", "code": "game:debarkedlog-*" },"H": { "type": "block", "code": "game:glass-*" },"I": { "type": "item", "code": "game:powder-borax" }},"width": 3,"height": 3,"output": { "type": "item", "code": "caninae:headmount-canina-baby-canis-lupastor", "quantity": 1  }},
{"name": "African Wolf Head Mount (Female)", "ingredientPattern": "_BC,DEF,GHI","ingredients": {"B": { "type": "item", "code": "game:knife-*", "isTool": true },"C": { "type": "item", "code": "game:hammer-*", "isTool": true },"D": { "type": "item", "code": "caninae:pelt-pelt-canina-female-canis-lupastor" },"E": { "type": "item", "code": "game:metalnailsandstrips-*" },"F": { "type": "item", "code": "game:clay-*" },"G": { "type": "block", "code": "game:debarkedlog-*" },"H": { "type": "block", "code": "game:glass-*" },"I": { "type": "item", "code": "game:powder-borax" }},"width": 3,"height": 3,"output": { "type": "item", "code": "caninae:headmount-canina-female-canis-lupastor", "quantity": 1  }},
{"name": "African Wolf Head Mount (Male)", "ingredientPattern": "_BC,DEF,GHI","ingredients": {"B": { "type": "item", "code": "game:knife-*", "isTool": true },"C": { "type": "item", "code": "game:hammer-*", "isTool": true },"D": { "type": "item", "code": "caninae:pelt-pelt-canina-male-canis-lupastor" },"E": { "type": "item", "code": "game:metalnailsandstrips-*" },"F": { "type": "item", "code": "game:clay-*" },"G": { "type": "block", "code": "game:debarkedlog-*" },"H": { "type": "block", "code": "game:glass-*" },"I": { "type": "item", "code": "game:powder-borax" }},"width": 3,"height": 3,"output": { "type": "item", "code": "caninae:headmount-canina-male-canis-lupastor", "quantity": 1  }},
{"name": "Gray Wolf Head Mount (Baby)", "ingredientPattern": "_BC,DEF,GHI","ingredients": {"B": { "type": "item", "code": "game:knife-*", "isTool": true },"C": { "type": "item", "code": "game:hammer-*", "isTool": true },"D": { "type": "item", "code": "caninae:pelt-pelt-canina-baby-canis-lupus" },"E": { "type": "item", "code": "game:metalnailsandstrips-*" },"F": { "type": "item", "code": "game:clay-*" },"G": { "type": "block", "code": "game:debarkedlog-*" },"H": { "type": "block", "code": "game:glass-*" },"I": { "type": "item", "code": "game:powder-borax" }},"width": 3,"height": 3,"output": { "type": "item", "code": "caninae:headmount-canina-baby-canis-lupus", "quantity": 1  }},
{"name": "Gray Wolf Head Mount (Female)", "ingredientPattern": "_BC,DEF,GHI","ingredients": {"B": { "type": "item", "code": "game:knife-*", "isTool": true },"C": { "type": "item", "code": "game:hammer-*", "isTool": true },"D": { "type": "item", "code": "caninae:pelt-pelt-canina-female-canis-lupus" },"E": { "type": "item", "code": "game:metalnailsandstrips-*" },"F": { "type": "item", "code": "game:clay-*" },"G": { "type": "block", "code": "game:debarkedlog-*" },"H": { "type": "block", "code": "game:glass-*" },"I": { "type": "item", "code": "game:powder-borax" }},"width": 3,"height": 3,"output": { "type": "item", "code": "caninae:headmount-canina-female-canis-lupus", "quantity": 1  }},
{"name": "Gray Wolf Head Mount (Male)", "ingredientPattern": "_BC,DEF,GHI","ingredients": {"B": { "type": "item", "code": "game:knife-*", "isTool": true },"C": { "type": "item", "code": "game:hammer-*", "isTool": true },"D": { "type": "item", "code": "caninae:pelt-pelt-canina-male-canis-lupus" },"E": { "type": "item", "code": "game:metalnailsandstrips-*" },"F": { "type": "item", "code": "game:clay-*" },"G": { "type": "block", "code": "game:debarkedlog-*" },"H": { "type": "block", "code": "game:glass-*" },"I": { "type": "item", "code": "game:powder-borax" }},"width": 3,"height": 3,"output": { "type": "item", "code": "caninae:headmount-canina-male-canis-lupus", "quantity": 1  }},
{"name": "Artic Wolf Head Mount (Baby)", "ingredientPattern": "_BC,DEF,GHI","ingredients": {"B": { "type": "item", "code": "game:knife-*", "isTool": true },"C": { "type": "item", "code": "game:hammer-*", "isTool": true },"D": { "type": "item", "code": "caninae:pelt-pelt-canina-baby-canis-lupusarctos" },"E": { "type": "item", "code": "game:metalnailsandstrips-*" },"F": { "type": "item", "code": "game:clay-*" },"G": { "type": "block", "code": "game:debarkedlog-*" },"H": { "type": "block", "code": "game:glass-*" },"I": { "type": "item", "code": "game:powder-borax" }},"width": 3,"height": 3,"output": { "type": "item", "code": "caninae:headmount-canina-baby-canis-lupusarctos", "quantity": 1  }},
{"name": "Artic Wolf Head Mount (Female)", "ingredientPattern": "_BC,DEF,GHI","ingredients": {"B": { "type": "item", "code": "game:knife-*", "isTool": true },"C": { "type": "item", "code": "game:hammer-*", "isTool": true },"D": { "type": "item", "code": "caninae:pelt-pelt-canina-female-canis-lupusarctos" },"E": { "type": "item", "code": "game:metalnailsandstrips-*" },"F": { "type": "item", "code": "game:clay-*" },"G": { "type": "block", "code": "game:debarkedlog-*" },"H": { "type": "block", "code": "game:glass-*" },"I": { "type": "item", "code": "game:powder-borax" }},"width": 3,"height": 3,"output": { "type": "item", "code": "caninae:headmount-canina-female-canis-lupusarctos", "quantity": 1  }},
{"name": "Artic Wolf Head Mount (Male)", "ingredientPattern": "_BC,DEF,GHI","ingredients": {"B": { "type": "item", "code": "game:knife-*", "isTool": true },"C": { "type": "item", "code": "game:hammer-*", "isTool": true },"D": { "type": "item", "code": "caninae:pelt-pelt-canina-male-canis-lupusarctos" },"E": { "type": "item", "code": "game:metalnailsandstrips-*" },"F": { "type": "item", "code": "game:clay-*" },"G": { "type": "block", "code": "game:debarkedlog-*" },"H": { "type": "block", "code": "game:glass-*" },"I": { "type": "item", "code": "game:powder-borax" }},"width": 3,"height": 3,"output": { "type": "item", "code": "caninae:headmount-canina-male-canis-lupusarctos", "quantity": 1  }},
{"name": "Dingo Head Mount (Baby)", "ingredientPattern": "_BC,DEF,GHI","ingredients": {"B": { "type": "item", "code": "game:knife-*", "isTool": true },"C": { "type": "item", "code": "game:hammer-*", "isTool": true },"D": { "type": "item", "code": "caninae:pelt-pelt-canina-baby-canis-lupusdingo" },"E": { "type": "item", "code": "game:metalnailsandstrips-*" },"F": { "type": "item", "code": "game:clay-*" },"G": { "type": "block", "code": "game:debarkedlog-*" },"H": { "type": "block", "code": "game:glass-*" },"I": { "type": "item", "code": "game:powder-borax" }},"width": 3,"height": 3,"output": { "type": "item", "code": "caninae:headmount-canina-baby-canis-lupusdingo", "quantity": 1  }},
{"name": "Dingo Head Mount (Female)", "ingredientPattern": "_BC,DEF,GHI","ingredients": {"B": { "type": "item", "code": "game:knife-*", "isTool": true },"C": { "type": "item", "code": "game:hammer-*", "isTool": true },"D": { "type": "item", "code": "caninae:pelt-pelt-canina-female-canis-lupusdingo" },"E": { "type": "item", "code": "game:metalnailsandstrips-*" },"F": { "type": "item", "code": "game:clay-*" },"G": { "type": "block", "code": "game:debarkedlog-*" },"H": { "type": "block", "code": "game:glass-*" },"I": { "type": "item", "code": "game:powder-borax" }},"width": 3,"height": 3,"output": { "type": "item", "code": "caninae:headmount-canina-female-canis-lupusdingo", "quantity": 1  }},
{"name": "Dingo Head Mount (Male)", "ingredientPattern": "_BC,DEF,GHI","ingredients": {"B": { "type": "item", "code": "game:knife-*", "isTool": true },"C": { "type": "item", "code": "game:hammer-*", "isTool": true },"D": { "type": "item", "code": "caninae:pelt-pelt-canina-male-canis-lupusdingo" },"E": { "type": "item", "code": "game:metalnailsandstrips-*" },"F": { "type": "item", "code": "game:clay-*" },"G": { "type": "block", "code": "game:debarkedlog-*" },"H": { "type": "block", "code": "game:glass-*" },"I": { "type": "item", "code": "game:powder-borax" }},"width": 3,"height": 3,"output": { "type": "item", "code": "caninae:headmount-canina-male-canis-lupusdingo", "quantity": 1  }},
{"name": "Timber Wolf Head Mount (Baby)", "ingredientPattern": "_BC,DEF,GHI","ingredients": {"B": { "type": "item", "code": "game:knife-*", "isTool": true },"C": { "type": "item", "code": "game:hammer-*", "isTool": true },"D": { "type": "item", "code": "caninae:pelt-pelt-canina-baby-canis-lycaon" },"E": { "type": "item", "code": "game:metalnailsandstrips-*" },"F": { "type": "item", "code": "game:clay-*" },"G": { "type": "block", "code": "game:debarkedlog-*" },"H": { "type": "block", "code": "game:glass-*" },"I": { "type": "item", "code": "game:powder-borax" }},"width": 3,"height": 3,"output": { "type": "item", "code": "caninae:headmount-canina-baby-canis-lycaon", "quantity": 1  }},
{"name": "Timber Wolf Head Mount (Female)", "ingredientPattern": "_BC,DEF,GHI","ingredients": {"B": { "type": "item", "code": "game:knife-*", "isTool": true },"C": { "type": "item", "code": "game:hammer-*", "isTool": true },"D": { "type": "item", "code": "caninae:pelt-pelt-canina-female-canis-lycaon" },"E": { "type": "item", "code": "game:metalnailsandstrips-*" },"F": { "type": "item", "code": "game:clay-*" },"G": { "type": "block", "code": "game:debarkedlog-*" },"H": { "type": "block", "code": "game:glass-*" },"I": { "type": "item", "code": "game:powder-borax" }},"width": 3,"height": 3,"output": { "type": "item", "code": "caninae:headmount-canina-female-canis-lycaon", "quantity": 1  }},
{"name": "Timber Wolf Head Mount (Male)", "ingredientPattern": "_BC,DEF,GHI","ingredients": {"B": { "type": "item", "code": "game:knife-*", "isTool": true },"C": { "type": "item", "code": "game:hammer-*", "isTool": true },"D": { "type": "item", "code": "caninae:pelt-pelt-canina-male-canis-lycaon" },"E": { "type": "item", "code": "game:metalnailsandstrips-*" },"F": { "type": "item", "code": "game:clay-*" },"G": { "type": "block", "code": "game:debarkedlog-*" },"H": { "type": "block", "code": "game:glass-*" },"I": { "type": "item", "code": "game:powder-borax" }},"width": 3,"height": 3,"output": { "type": "item", "code": "caninae:headmount-canina-male-canis-lycaon", "quantity": 1  }},
{"name": "Red Wolf Head Mount (Baby)", "ingredientPattern": "_BC,DEF,GHI","ingredients": {"B": { "type": "item", "code": "game:knife-*", "isTool": true },"C": { "type": "item", "code": "game:hammer-*", "isTool": true },"D": { "type": "item", "code": "caninae:pelt-pelt-canina-baby-canis-rufus" },"E": { "type": "item", "code": "game:metalnailsandstrips-*" },"F": { "type": "item", "code": "game:clay-*" },"G": { "type": "block", "code": "game:debarkedlog-*" },"H": { "type": "block", "code": "game:glass-*" },"I": { "type": "item", "code": "game:powder-borax" }},"width": 3,"height": 3,"output": { "type": "item", "code": "caninae:headmount-canina-baby-canis-rufus", "quantity": 1  }},
{"name": "Red Wolf Head Mount (Female)", "ingredientPattern": "_BC,DEF,GHI","ingredients": {"B": { "type": "item", "code": "game:knife-*", "isTool": true },"C": { "type": "item", "code": "game:hammer-*", "isTool": true },"D": { "type": "item", "code": "caninae:pelt-pelt-canina-female-canis-rufus" },"E": { "type": "item", "code": "game:metalnailsandstrips-*" },"F": { "type": "item", "code": "game:clay-*" },"G": { "type": "block", "code": "game:debarkedlog-*" },"H": { "type": "block", "code": "game:glass-*" },"I": { "type": "item", "code": "game:powder-borax" }},"width": 3,"height": 3,"output": { "type": "item", "code": "caninae:headmount-canina-female-canis-rufus", "quantity": 1  }},
{"name": "Red Wolf Head Mount (Male)", "ingredientPattern": "_BC,DEF,GHI","ingredients": {"B": { "type": "item", "code": "game:knife-*", "isTool": true },"C": { "type": "item", "code": "game:hammer-*", "isTool": true },"D": { "type": "item", "code": "caninae:pelt-pelt-canina-male-canis-rufus" },"E": { "type": "item", "code": "game:metalnailsandstrips-*" },"F": { "type": "item", "code": "game:clay-*" },"G": { "type": "block", "code": "game:debarkedlog-*" },"H": { "type": "block", "code": "game:glass-*" },"I": { "type": "item", "code": "game:powder-borax" }},"width": 3,"height": 3,"output": { "type": "item", "code": "caninae:headmount-canina-male-canis-rufus", "quantity": 1  }},
{"name": "Ethiopian Wolf Head Mount (Baby)", "ingredientPattern": "_BC,DEF,GHI","ingredients": {"B": { "type": "item", "code": "game:knife-*", "isTool": true },"C": { "type": "item", "code": "game:hammer-*", "isTool": true },"D": { "type": "item", "code": "caninae:pelt-pelt-canina-baby-canis-simensis" },"E": { "type": "item", "code": "game:metalnailsandstrips-*" },"F": { "type": "item", "code": "game:clay-*" },"G": { "type": "block", "code": "game:debarkedlog-*" },"H": { "type": "block", "code": "game:glass-*" },"I": { "type": "item", "code": "game:powder-borax" }},"width": 3,"height": 3,"output": { "type": "item", "code": "caninae:headmount-canina-baby-canis-simensis", "quantity": 1  }},
{"name": "Ethiopian Wolf Head Mount (Female)", "ingredientPattern": "_BC,DEF,GHI","ingredients": {"B": { "type": "item", "code": "game:knife-*", "isTool": true },"C": { "type": "item", "code": "game:hammer-*", "isTool": true },"D": { "type": "item", "code": "caninae:pelt-pelt-canina-female-canis-simensis" },"E": { "type": "item", "code": "game:metalnailsandstrips-*" },"F": { "type": "item", "code": "game:clay-*" },"G": { "type": "block", "code": "game:debarkedlog-*" },"H": { "type": "block", "code": "game:glass-*" },"I": { "type": "item", "code": "game:powder-borax" }},"width": 3,"height": 3,"output": { "type": "item", "code": "caninae:headmount-canina-female-canis-simensis", "quantity": 1  }},
{"name": "Ethiopian Wolf Head Mount (Male)", "ingredientPattern": "_BC,DEF,GHI","ingredients": {"B": { "type": "item", "code": "game:knife-*", "isTool": true },"C": { "type": "item", "code": "game:hammer-*", "isTool": true },"D": { "type": "item", "code": "caninae:pelt-pelt-canina-male-canis-simensis" },"E": { "type": "item", "code": "game:metalnailsandstrips-*" },"F": { "type": "item", "code": "game:clay-*" },"G": { "type": "block", "code": "game:debarkedlog-*" },"H": { "type": "block", "code": "game:glass-*" },"I": { "type": "item", "code": "game:powder-borax" }},"width": 3,"height": 3,"output": { "type": "item", "code": "caninae:headmount-canina-male-canis-simensis", "quantity": 1  }},
{"name": "Dhole Head Mount (Baby)", "ingredientPattern": "_BC,DEF,GHI","ingredients": {"B": { "type": "item", "code": "game:knife-*", "isTool": true },"C": { "type": "item", "code": "game:hammer-*", "isTool": true },"D": { "type": "item", "code": "caninae:pelt-pelt-canina-baby-cuon-alpinus" },"E": { "type": "item", "code": "game:metalnailsandstrips-*" },"F": { "type": "item", "code": "game:clay-*" },"G": { "type": "block", "code": "game:debarkedlog-*" },"H": { "type": "block", "code": "game:glass-*" },"I": { "type": "item", "code": "game:powder-borax" }},"width": 3,"height": 3,"output": { "type": "item", "code": "caninae:headmount-canina-baby-cuon-alpinus", "quantity": 1  }},
{"name": "Dhole Head Mount (Female)", "ingredientPattern": "_BC,DEF,GHI","ingredients": {"B": { "type": "item", "code": "game:knife-*", "isTool": true },"C": { "type": "item", "code": "game:hammer-*", "isTool": true },"D": { "type": "item", "code": "caninae:pelt-pelt-canina-female-cuon-alpinus" },"E": { "type": "item", "code": "game:metalnailsandstrips-*" },"F": { "type": "item", "code": "game:clay-*" },"G": { "type": "block", "code": "game:debarkedlog-*" },"H": { "type": "block", "code": "game:glass-*" },"I": { "type": "item", "code": "game:powder-borax" }},"width": 3,"height": 3,"output": { "type": "item", "code": "caninae:headmount-canina-female-cuon-alpinus", "quantity": 1  }},
{"name": "Dhole Head Mount (Male)", "ingredientPattern": "_BC,DEF,GHI","ingredients": {"B": { "type": "item", "code": "game:knife-*", "isTool": true },"C": { "type": "item", "code": "game:hammer-*", "isTool": true },"D": { "type": "item", "code": "caninae:pelt-pelt-canina-male-cuon-alpinus" },"E": { "type": "item", "code": "game:metalnailsandstrips-*" },"F": { "type": "item", "code": "game:clay-*" },"G": { "type": "block", "code": "game:debarkedlog-*" },"H": { "type": "block", "code": "game:glass-*" },"I": { "type": "item", "code": "game:powder-borax" }},"width": 3,"height": 3,"output": { "type": "item", "code": "caninae:headmount-canina-male-cuon-alpinus", "quantity": 1  }},
{"name": "Sardinian Dhole Head Mount (Baby)", "ingredientPattern": "_BC,DEF,GHI","ingredients": {"B": { "type": "item", "code": "game:knife-*", "isTool": true },"C": { "type": "item", "code": "game:hammer-*", "isTool": true },"D": { "type": "item", "code": "caninae:pelt-pelt-canina-baby-cynotherium-sardous" },"E": { "type": "item", "code": "game:metalnailsandstrips-*" },"F": { "type": "item", "code": "game:clay-*" },"G": { "type": "block", "code": "game:debarkedlog-*" },"H": { "type": "block", "code": "game:glass-*" },"I": { "type": "item", "code": "game:powder-borax" }},"width": 3,"height": 3,"output": { "type": "item", "code": "caninae:headmount-canina-baby-cynotherium-sardous", "quantity": 1  }},
{"name": "Sardinian Dhole Head Mount (Female)", "ingredientPattern": "_BC,DEF,GHI","ingredients": {"B": { "type": "item", "code": "game:knife-*", "isTool": true },"C": { "type": "item", "code": "game:hammer-*", "isTool": true },"D": { "type": "item", "code": "caninae:pelt-pelt-canina-female-cynotherium-sardous" },"E": { "type": "item", "code": "game:metalnailsandstrips-*" },"F": { "type": "item", "code": "game:clay-*" },"G": { "type": "block", "code": "game:debarkedlog-*" },"H": { "type": "block", "code": "game:glass-*" },"I": { "type": "item", "code": "game:powder-borax" }},"width": 3,"height": 3,"output": { "type": "item", "code": "caninae:headmount-canina-female-cynotherium-sardous", "quantity": 1  }},
{"name": "Sardinian Dhole Head Mount (Male)", "ingredientPattern": "_BC,DEF,GHI","ingredients": {"B": { "type": "item", "code": "game:knife-*", "isTool": true },"C": { "type": "item", "code": "game:hammer-*", "isTool": true },"D": { "type": "item", "code": "caninae:pelt-pelt-canina-male-cynotherium-sardous" },"E": { "type": "item", "code": "game:metalnailsandstrips-*" },"F": { "type": "item", "code": "game:clay-*" },"G": { "type": "block", "code": "game:debarkedlog-*" },"H": { "type": "block", "code": "game:glass-*" },"I": { "type": "item", "code": "game:powder-borax" }},"width": 3,"height": 3,"output": { "type": "item", "code": "caninae:headmount-canina-male-cynotherium-sardous", "quantity": 1  }},
{"name": "Side-Striped Jackal Head Mount (Baby)", "ingredientPattern": "_BC,DEF,GHI","ingredients": {"B": { "type": "item", "code": "game:knife-*", "isTool": true },"C": { "type": "item", "code": "game:hammer-*", "isTool": true },"D": { "type": "item", "code": "caninae:pelt-pelt-canina-baby-lupulella-adusta" },"E": { "type": "item", "code": "game:metalnailsandstrips-*" },"F": { "type": "item", "code": "game:clay-*" },"G": { "type": "block", "code": "game:debarkedlog-*" },"H": { "type": "block", "code": "game:glass-*" },"I": { "type": "item", "code": "game:powder-borax" }},"width": 3,"height": 3,"output": { "type": "item", "code": "caninae:headmount-canina-baby-lupulella-adusta", "quantity": 1  }},
{"name": "Side-Striped Jackal Head Mount (Female)", "ingredientPattern": "_BC,DEF,GHI","ingredients": {"B": { "type": "item", "code": "game:knife-*", "isTool": true },"C": { "type": "item", "code": "game:hammer-*", "isTool": true },"D": { "type": "item", "code": "caninae:pelt-pelt-canina-female-lupulella-adusta" },"E": { "type": "item", "code": "game:metalnailsandstrips-*" },"F": { "type": "item", "code": "game:clay-*" },"G": { "type": "block", "code": "game:debarkedlog-*" },"H": { "type": "block", "code": "game:glass-*" },"I": { "type": "item", "code": "game:powder-borax" }},"width": 3,"height": 3,"output": { "type": "item", "code": "caninae:headmount-canina-female-lupulella-adusta", "quantity": 1  }},
{"name": "Side-Striped Jackal Head Mount (Male)", "ingredientPattern": "_BC,DEF,GHI","ingredients": {"B": { "type": "item", "code": "game:knife-*", "isTool": true },"C": { "type": "item", "code": "game:hammer-*", "isTool": true },"D": { "type": "item", "code": "caninae:pelt-pelt-canina-male-lupulella-adusta" },"E": { "type": "item", "code": "game:metalnailsandstrips-*" },"F": { "type": "item", "code": "game:clay-*" },"G": { "type": "block", "code": "game:debarkedlog-*" },"H": { "type": "block", "code": "game:glass-*" },"I": { "type": "item", "code": "game:powder-borax" }},"width": 3,"height": 3,"output": { "type": "item", "code": "caninae:headmount-canina-male-lupulella-adusta", "quantity": 1  }},
{"name": "Black-Backed Jackal Head Mount (Baby)", "ingredientPattern": "_BC,DEF,GHI","ingredients": {"B": { "type": "item", "code": "game:knife-*", "isTool": true },"C": { "type": "item", "code": "game:hammer-*", "isTool": true },"D": { "type": "item", "code": "caninae:pelt-pelt-canina-baby-lupulella-mesomelas" },"E": { "type": "item", "code": "game:metalnailsandstrips-*" },"F": { "type": "item", "code": "game:clay-*" },"G": { "type": "block", "code": "game:debarkedlog-*" },"H": { "type": "block", "code": "game:glass-*" },"I": { "type": "item", "code": "game:powder-borax" }},"width": 3,"height": 3,"output": { "type": "item", "code": "caninae:headmount-canina-baby-lupulella-mesomelas", "quantity": 1  }},
{"name": "Black-Backed Jackal Head Mount (Female)", "ingredientPattern": "_BC,DEF,GHI","ingredients": {"B": { "type": "item", "code": "game:knife-*", "isTool": true },"C": { "type": "item", "code": "game:hammer-*", "isTool": true },"D": { "type": "item", "code": "caninae:pelt-pelt-canina-female-lupulella-mesomelas" },"E": { "type": "item", "code": "game:metalnailsandstrips-*" },"F": { "type": "item", "code": "game:clay-*" },"G": { "type": "block", "code": "game:debarkedlog-*" },"H": { "type": "block", "code": "game:glass-*" },"I": { "type": "item", "code": "game:powder-borax" }},"width": 3,"height": 3,"output": { "type": "item", "code": "caninae:headmount-canina-female-lupulella-mesomelas", "quantity": 1  }},
{"name": "Black-Backed Jackal Head Mount (Male)", "ingredientPattern": "_BC,DEF,GHI","ingredients": {"B": { "type": "item", "code": "game:knife-*", "isTool": true },"C": { "type": "item", "code": "game:hammer-*", "isTool": true },"D": { "type": "item", "code": "caninae:pelt-pelt-canina-male-lupulella-mesomelas" },"E": { "type": "item", "code": "game:metalnailsandstrips-*" },"F": { "type": "item", "code": "game:clay-*" },"G": { "type": "block", "code": "game:debarkedlog-*" },"H": { "type": "block", "code": "game:glass-*" },"I": { "type": "item", "code": "game:powder-borax" }},"width": 3,"height": 3,"output": { "type": "item", "code": "caninae:headmount-canina-male-lupulella-mesomelas", "quantity": 1  }},
{"name": "African Wild Dog Head Mount (Baby)", "ingredientPattern": "_BC,DEF,GHI","ingredients": {"B": { "type": "item", "code": "game:knife-*", "isTool": true },"C": { "type": "item", "code": "game:hammer-*", "isTool": true },"D": { "type": "item", "code": "caninae:pelt-pelt-canina-baby-lycaon-pictus" },"E": { "type": "item", "code": "game:metalnailsandstrips-*" },"F": { "type": "item", "code": "game:clay-*" },"G": { "type": "block", "code": "game:debarkedlog-*" },"H": { "type": "block", "code": "game:glass-*" },"I": { "type": "item", "code": "game:powder-borax" }},"width": 3,"height": 3,"output": { "type": "item", "code": "caninae:headmount-canina-baby-lycaon-pictus", "quantity": 1  }},
{"name": "African Wild Dog Head Mount (Female)", "ingredientPattern": "_BC,DEF,GHI","ingredients": {"B": { "type": "item", "code": "game:knife-*", "isTool": true },"C": { "type": "item", "code": "game:hammer-*", "isTool": true },"D": { "type": "item", "code": "caninae:pelt-pelt-canina-female-lycaon-pictus" },"E": { "type": "item", "code": "game:metalnailsandstrips-*" },"F": { "type": "item", "code": "game:clay-*" },"G": { "type": "block", "code": "game:debarkedlog-*" },"H": { "type": "block", "code": "game:glass-*" },"I": { "type": "item", "code": "game:powder-borax" }},"width": 3,"height": 3,"output": { "type": "item", "code": "caninae:headmount-canina-female-lycaon-pictus", "quantity": 1  }},
{"name": "African Wild Dog Head Mount (Male)", "ingredientPattern": "_BC,DEF,GHI","ingredients": {"B": { "type": "item", "code": "game:knife-*", "isTool": true },"C": { "type": "item", "code": "game:hammer-*", "isTool": true },"D": { "type": "item", "code": "caninae:pelt-pelt-canina-male-lycaon-pictus" },"E": { "type": "item", "code": "game:metalnailsandstrips-*" },"F": { "type": "item", "code": "game:clay-*" },"G": { "type": "block", "code": "game:debarkedlog-*" },"H": { "type": "block", "code": "game:glass-*" },"I": { "type": "item", "code": "game:powder-borax" }},"width": 3,"height": 3,"output": { "type": "item", "code": "caninae:headmount-canina-male-lycaon-pictus", "quantity": 1  }},
{"name": "Short-Eared Dog Head Mount (Baby)", "ingredientPattern": "_BC,DEF,GHI","ingredients": {"B": { "type": "item", "code": "game:knife-*", "isTool": true },"C": { "type": "item", "code": "game:hammer-*", "isTool": true },"D": { "type": "item", "code": "caninae:pelt-pelt-cerdocyonina-baby-atelocynus-microtis" },"E": { "type": "item", "code": "game:metalnailsandstrips-*" },"F": { "type": "item", "code": "game:clay-*" },"G": { "type": "block", "code": "game:debarkedlog-*" },"H": { "type": "block", "code": "game:glass-*" },"I": { "type": "item", "code": "game:powder-borax" }},"width": 3,"height": 3,"output": { "type": "item", "code": "caninae:headmount-cerdocyonina-baby-atelocynus-microtis", "quantity": 1  }},
{"name": "Short-Eared Dog Head Mount (Female)", "ingredientPattern": "_BC,DEF,GHI","ingredients": {"B": { "type": "item", "code": "game:knife-*", "isTool": true },"C": { "type": "item", "code": "game:hammer-*", "isTool": true },"D": { "type": "item", "code": "caninae:pelt-pelt-cerdocyonina-female-atelocynus-microtis" },"E": { "type": "item", "code": "game:metalnailsandstrips-*" },"F": { "type": "item", "code": "game:clay-*" },"G": { "type": "block", "code": "game:debarkedlog-*" },"H": { "type": "block", "code": "game:glass-*" },"I": { "type": "item", "code": "game:powder-borax" }},"width": 3,"height": 3,"output": { "type": "item", "code": "caninae:headmount-cerdocyonina-female-atelocynus-microtis", "quantity": 1  }},
{"name": "Short-Eared Dog Head Mount (Male)", "ingredientPattern": "_BC,DEF,GHI","ingredients": {"B": { "type": "item", "code": "game:knife-*", "isTool": true },"C": { "type": "item", "code": "game:hammer-*", "isTool": true },"D": { "type": "item", "code": "caninae:pelt-pelt-cerdocyonina-male-atelocynus-microtis" },"E": { "type": "item", "code": "game:metalnailsandstrips-*" },"F": { "type": "item", "code": "game:clay-*" },"G": { "type": "block", "code": "game:debarkedlog-*" },"H": { "type": "block", "code": "game:glass-*" },"I": { "type": "item", "code": "game:powder-borax" }},"width": 3,"height": 3,"output": { "type": "item", "code": "caninae:headmount-cerdocyonina-male-atelocynus-microtis", "quantity": 1  }},
{"name": "Crab-Eating Fox Head Mount (Baby)", "ingredientPattern": "_BC,DEF,GHI","ingredients": {"B": { "type": "item", "code": "game:knife-*", "isTool": true },"C": { "type": "item", "code": "game:hammer-*", "isTool": true },"D": { "type": "item", "code": "caninae:pelt-pelt-cerdocyonina-baby-cerdocyon-thous" },"E": { "type": "item", "code": "game:metalnailsandstrips-*" },"F": { "type": "item", "code": "game:clay-*" },"G": { "type": "block", "code": "game:debarkedlog-*" },"H": { "type": "block", "code": "game:glass-*" },"I": { "type": "item", "code": "game:powder-borax" }},"width": 3,"height": 3,"output": { "type": "item", "code": "caninae:headmount-cerdocyonina-baby-cerdocyon-thous", "quantity": 1  }},
{"name": "Crab-Eating Fox Head Mount (Female)", "ingredientPattern": "_BC,DEF,GHI","ingredients": {"B": { "type": "item", "code": "game:knife-*", "isTool": true },"C": { "type": "item", "code": "game:hammer-*", "isTool": true },"D": { "type": "item", "code": "caninae:pelt-pelt-cerdocyonina-female-cerdocyon-thous" },"E": { "type": "item", "code": "game:metalnailsandstrips-*" },"F": { "type": "item", "code": "game:clay-*" },"G": { "type": "block", "code": "game:debarkedlog-*" },"H": { "type": "block", "code": "game:glass-*" },"I": { "type": "item", "code": "game:powder-borax" }},"width": 3,"height": 3,"output": { "type": "item", "code": "caninae:headmount-cerdocyonina-female-cerdocyon-thous", "quantity": 1  }},
{"name": "Crab-Eating Fox Head Mount (Male)", "ingredientPattern": "_BC,DEF,GHI","ingredients": {"B": { "type": "item", "code": "game:knife-*", "isTool": true },"C": { "type": "item", "code": "game:hammer-*", "isTool": true },"D": { "type": "item", "code": "caninae:pelt-pelt-cerdocyonina-male-cerdocyon-thous" },"E": { "type": "item", "code": "game:metalnailsandstrips-*" },"F": { "type": "item", "code": "game:clay-*" },"G": { "type": "block", "code": "game:debarkedlog-*" },"H": { "type": "block", "code": "game:glass-*" },"I": { "type": "item", "code": "game:powder-borax" }},"width": 3,"height": 3,"output": { "type": "item", "code": "caninae:headmount-cerdocyonina-male-cerdocyon-thous", "quantity": 1  }},
{"name": "Maned Wolf Head Mount (Baby)", "ingredientPattern": "_BC,DEF,GHI","ingredients": {"B": { "type": "item", "code": "game:knife-*", "isTool": true },"C": { "type": "item", "code": "game:hammer-*", "isTool": true },"D": { "type": "item", "code": "caninae:pelt-pelt-cerdocyonina-baby-chrysocyon-brachyurus" },"E": { "type": "item", "code": "game:metalnailsandstrips-*" },"F": { "type": "item", "code": "game:clay-*" },"G": { "type": "block", "code": "game:debarkedlog-*" },"H": { "type": "block", "code": "game:glass-*" },"I": { "type": "item", "code": "game:powder-borax" }},"width": 3,"height": 3,"output": { "type": "item", "code": "caninae:headmount-cerdocyonina-baby-chrysocyon-brachyurus", "quantity": 1  }},
{"name": "Maned Wolf Head Mount (Female)", "ingredientPattern": "_BC,DEF,GHI","ingredients": {"B": { "type": "item", "code": "game:knife-*", "isTool": true },"C": { "type": "item", "code": "game:hammer-*", "isTool": true },"D": { "type": "item", "code": "caninae:pelt-pelt-cerdocyonina-female-chrysocyon-brachyurus" },"E": { "type": "item", "code": "game:metalnailsandstrips-*" },"F": { "type": "item", "code": "game:clay-*" },"G": { "type": "block", "code": "game:debarkedlog-*" },"H": { "type": "block", "code": "game:glass-*" },"I": { "type": "item", "code": "game:powder-borax" }},"width": 3,"height": 3,"output": { "type": "item", "code": "caninae:headmount-cerdocyonina-female-chrysocyon-brachyurus", "quantity": 1  }},
{"name": "Maned Wolf Head Mount (Male)", "ingredientPattern": "_BC,DEF,GHI","ingredients": {"B": { "type": "item", "code": "game:knife-*", "isTool": true },"C": { "type": "item", "code": "game:hammer-*", "isTool": true },"D": { "type": "item", "code": "caninae:pelt-pelt-cerdocyonina-male-chrysocyon-brachyurus" },"E": { "type": "item", "code": "game:metalnailsandstrips-*" },"F": { "type": "item", "code": "game:clay-*" },"G": { "type": "block", "code": "game:debarkedlog-*" },"H": { "type": "block", "code": "game:glass-*" },"I": { "type": "item", "code": "game:powder-borax" }},"width": 3,"height": 3,"output": { "type": "item", "code": "caninae:headmount-cerdocyonina-male-chrysocyon-brachyurus", "quantity": 1  }},
{"name": "Warrah Head Mount (Baby)", "ingredientPattern": "_BC,DEF,GHI","ingredients": {"B": { "type": "item", "code": "game:knife-*", "isTool": true },"C": { "type": "item", "code": "game:hammer-*", "isTool": true },"D": { "type": "item", "code": "caninae:pelt-pelt-cerdocyonina-baby-dusicyon-australis" },"E": { "type": "item", "code": "game:metalnailsandstrips-*" },"F": { "type": "item", "code": "game:clay-*" },"G": { "type": "block", "code": "game:debarkedlog-*" },"H": { "type": "block", "code": "game:glass-*" },"I": { "type": "item", "code": "game:powder-borax" }},"width": 3,"height": 3,"output": { "type": "item", "code": "caninae:headmount-cerdocyonina-baby-dusicyon-australis", "quantity": 1  }},
{"name": "Warrah Head Mount (Female)", "ingredientPattern": "_BC,DEF,GHI","ingredients": {"B": { "type": "item", "code": "game:knife-*", "isTool": true },"C": { "type": "item", "code": "game:hammer-*", "isTool": true },"D": { "type": "item", "code": "caninae:pelt-pelt-cerdocyonina-female-dusicyon-australis" },"E": { "type": "item", "code": "game:metalnailsandstrips-*" },"F": { "type": "item", "code": "game:clay-*" },"G": { "type": "block", "code": "game:debarkedlog-*" },"H": { "type": "block", "code": "game:glass-*" },"I": { "type": "item", "code": "game:powder-borax" }},"width": 3,"height": 3,"output": { "type": "item", "code": "caninae:headmount-cerdocyonina-female-dusicyon-australis", "quantity": 1  }},
{"name": "Warrah Head Mount (Male)", "ingredientPattern": "_BC,DEF,GHI","ingredients": {"B": { "type": "item", "code": "game:knife-*", "isTool": true },"C": { "type": "item", "code": "game:hammer-*", "isTool": true },"D": { "type": "item", "code": "caninae:pelt-pelt-cerdocyonina-male-dusicyon-australis" },"E": { "type": "item", "code": "game:metalnailsandstrips-*" },"F": { "type": "item", "code": "game:clay-*" },"G": { "type": "block", "code": "game:debarkedlog-*" },"H": { "type": "block", "code": "game:glass-*" },"I": { "type": "item", "code": "game:powder-borax" }},"width": 3,"height": 3,"output": { "type": "item", "code": "caninae:headmount-cerdocyonina-male-dusicyon-australis", "quantity": 1  }},
{"name": "Mainland Warrah Head Mount (Baby)", "ingredientPattern": "_BC,DEF,GHI","ingredients": {"B": { "type": "item", "code": "game:knife-*", "isTool": true },"C": { "type": "item", "code": "game:hammer-*", "isTool": true },"D": { "type": "item", "code": "caninae:pelt-pelt-cerdocyonina-baby-dusicyon-avus" },"E": { "type": "item", "code": "game:metalnailsandstrips-*" },"F": { "type": "item", "code": "game:clay-*" },"G": { "type": "block", "code": "game:debarkedlog-*" },"H": { "type": "block", "code": "game:glass-*" },"I": { "type": "item", "code": "game:powder-borax" }},"width": 3,"height": 3,"output": { "type": "item", "code": "caninae:headmount-cerdocyonina-baby-dusicyon-avus", "quantity": 1  }},
{"name": "Mainland Warrah Head Mount (Female)", "ingredientPattern": "_BC,DEF,GHI","ingredients": {"B": { "type": "item", "code": "game:knife-*", "isTool": true },"C": { "type": "item", "code": "game:hammer-*", "isTool": true },"D": { "type": "item", "code": "caninae:pelt-pelt-cerdocyonina-female-dusicyon-avus" },"E": { "type": "item", "code": "game:metalnailsandstrips-*" },"F": { "type": "item", "code": "game:clay-*" },"G": { "type": "block", "code": "game:debarkedlog-*" },"H": { "type": "block", "code": "game:glass-*" },"I": { "type": "item", "code": "game:powder-borax" }},"width": 3,"height": 3,"output": { "type": "item", "code": "caninae:headmount-cerdocyonina-female-dusicyon-avus", "quantity": 1  }},
{"name": "Mainland Warrah Head Mount (Male)", "ingredientPattern": "_BC,DEF,GHI","ingredients": {"B": { "type": "item", "code": "game:knife-*", "isTool": true },"C": { "type": "item", "code": "game:hammer-*", "isTool": true },"D": { "type": "item", "code": "caninae:pelt-pelt-cerdocyonina-male-dusicyon-avus" },"E": { "type": "item", "code": "game:metalnailsandstrips-*" },"F": { "type": "item", "code": "game:clay-*" },"G": { "type": "block", "code": "game:debarkedlog-*" },"H": { "type": "block", "code": "game:glass-*" },"I": { "type": "item", "code": "game:powder-borax" }},"width": 3,"height": 3,"output": { "type": "item", "code": "caninae:headmount-cerdocyonina-male-dusicyon-avus", "quantity": 1  }},
{"name": "Culpeo Head Mount (Baby)", "ingredientPattern": "_BC,DEF,GHI","ingredients": {"B": { "type": "item", "code": "game:knife-*", "isTool": true },"C": { "type": "item", "code": "game:hammer-*", "isTool": true },"D": { "type": "item", "code": "caninae:pelt-pelt-cerdocyonina-baby-lycalopex-culpaeus" },"E": { "type": "item", "code": "game:metalnailsandstrips-*" },"F": { "type": "item", "code": "game:clay-*" },"G": { "type": "block", "code": "game:debarkedlog-*" },"H": { "type": "block", "code": "game:glass-*" },"I": { "type": "item", "code": "game:powder-borax" }},"width": 3,"height": 3,"output": { "type": "item", "code": "caninae:headmount-cerdocyonina-baby-lycalopex-culpaeus", "quantity": 1  }},
{"name": "Culpeo Head Mount (Female)", "ingredientPattern": "_BC,DEF,GHI","ingredients": {"B": { "type": "item", "code": "game:knife-*", "isTool": true },"C": { "type": "item", "code": "game:hammer-*", "isTool": true },"D": { "type": "item", "code": "caninae:pelt-pelt-cerdocyonina-female-lycalopex-culpaeus" },"E": { "type": "item", "code": "game:metalnailsandstrips-*" },"F": { "type": "item", "code": "game:clay-*" },"G": { "type": "block", "code": "game:debarkedlog-*" },"H": { "type": "block", "code": "game:glass-*" },"I": { "type": "item", "code": "game:powder-borax" }},"width": 3,"height": 3,"output": { "type": "item", "code": "caninae:headmount-cerdocyonina-female-lycalopex-culpaeus", "quantity": 1  }},
{"name": "Culpeo Head Mount (Male)", "ingredientPattern": "_BC,DEF,GHI","ingredients": {"B": { "type": "item", "code": "game:knife-*", "isTool": true },"C": { "type": "item", "code": "game:hammer-*", "isTool": true },"D": { "type": "item", "code": "caninae:pelt-pelt-cerdocyonina-male-lycalopex-culpaeus" },"E": { "type": "item", "code": "game:metalnailsandstrips-*" },"F": { "type": "item", "code": "game:clay-*" },"G": { "type": "block", "code": "game:debarkedlog-*" },"H": { "type": "block", "code": "game:glass-*" },"I": { "type": "item", "code": "game:powder-borax" }},"width": 3,"height": 3,"output": { "type": "item", "code": "caninae:headmount-cerdocyonina-male-lycalopex-culpaeus", "quantity": 1  }},
{"name": "Darwin's Fox Head Mount (Baby)", "ingredientPattern": "_BC,DEF,GHI","ingredients": {"B": { "type": "item", "code": "game:knife-*", "isTool": true },"C": { "type": "item", "code": "game:hammer-*", "isTool": true },"D": { "type": "item", "code": "caninae:pelt-pelt-cerdocyonina-baby-lycalopex-fulvipes" },"E": { "type": "item", "code": "game:metalnailsandstrips-*" },"F": { "type": "item", "code": "game:clay-*" },"G": { "type": "block", "code": "game:debarkedlog-*" },"H": { "type": "block", "code": "game:glass-*" },"I": { "type": "item", "code": "game:powder-borax" }},"width": 3,"height": 3,"output": { "type": "item", "code": "caninae:headmount-cerdocyonina-baby-lycalopex-fulvipes", "quantity": 1  }},
{"name": "Darwin's Fox Head Mount (Female)", "ingredientPattern": "_BC,DEF,GHI","ingredients": {"B": { "type": "item", "code": "game:knife-*", "isTool": true },"C": { "type": "item", "code": "game:hammer-*", "isTool": true },"D": { "type": "item", "code": "caninae:pelt-pelt-cerdocyonina-female-lycalopex-fulvipes" },"E": { "type": "item", "code": "game:metalnailsandstrips-*" },"F": { "type": "item", "code": "game:clay-*" },"G": { "type": "block", "code": "game:debarkedlog-*" },"H": { "type": "block", "code": "game:glass-*" },"I": { "type": "item", "code": "game:powder-borax" }},"width": 3,"height": 3,"output": { "type": "item", "code": "caninae:headmount-cerdocyonina-female-lycalopex-fulvipes", "quantity": 1  }},
{"name": "Darwin's Fox Head Mount (Male)", "ingredientPattern": "_BC,DEF,GHI","ingredients": {"B": { "type": "item", "code": "game:knife-*", "isTool": true },"C": { "type": "item", "code": "game:hammer-*", "isTool": true },"D": { "type": "item", "code": "caninae:pelt-pelt-cerdocyonina-male-lycalopex-fulvipes" },"E": { "type": "item", "code": "game:metalnailsandstrips-*" },"F": { "type": "item", "code": "game:clay-*" },"G": { "type": "block", "code": "game:debarkedlog-*" },"H": { "type": "block", "code": "game:glass-*" },"I": { "type": "item", "code": "game:powder-borax" }},"width": 3,"height": 3,"output": { "type": "item", "code": "caninae:headmount-cerdocyonina-male-lycalopex-fulvipes", "quantity": 1  }},
{"name": "South American Gray Fox Head Mount (Baby)", "ingredientPattern": "_BC,DEF,GHI","ingredients": {"B": { "type": "item", "code": "game:knife-*", "isTool": true },"C": { "type": "item", "code": "game:hammer-*", "isTool": true },"D": { "type": "item", "code": "caninae:pelt-pelt-cerdocyonina-baby-lycalopex-griseus" },"E": { "type": "item", "code": "game:metalnailsandstrips-*" },"F": { "type": "item", "code": "game:clay-*" },"G": { "type": "block", "code": "game:debarkedlog-*" },"H": { "type": "block", "code": "game:glass-*" },"I": { "type": "item", "code": "game:powder-borax" }},"width": 3,"height": 3,"output": { "type": "item", "code": "caninae:headmount-cerdocyonina-baby-lycalopex-griseus", "quantity": 1  }},
{"name": "South American Gray Fox Head Mount (Female)", "ingredientPattern": "_BC,DEF,GHI","ingredients": {"B": { "type": "item", "code": "game:knife-*", "isTool": true },"C": { "type": "item", "code": "game:hammer-*", "isTool": true },"D": { "type": "item", "code": "caninae:pelt-pelt-cerdocyonina-female-lycalopex-griseus" },"E": { "type": "item", "code": "game:metalnailsandstrips-*" },"F": { "type": "item", "code": "game:clay-*" },"G": { "type": "block", "code": "game:debarkedlog-*" },"H": { "type": "block", "code": "game:glass-*" },"I": { "type": "item", "code": "game:powder-borax" }},"width": 3,"height": 3,"output": { "type": "item", "code": "caninae:headmount-cerdocyonina-female-lycalopex-griseus", "quantity": 1  }},
{"name": "South American Gray Fox Head Mount (Male)", "ingredientPattern": "_BC,DEF,GHI","ingredients": {"B": { "type": "item", "code": "game:knife-*", "isTool": true },"C": { "type": "item", "code": "game:hammer-*", "isTool": true },"D": { "type": "item", "code": "caninae:pelt-pelt-cerdocyonina-male-lycalopex-griseus" },"E": { "type": "item", "code": "game:metalnailsandstrips-*" },"F": { "type": "item", "code": "game:clay-*" },"G": { "type": "block", "code": "game:debarkedlog-*" },"H": { "type": "block", "code": "game:glass-*" },"I": { "type": "item", "code": "game:powder-borax" }},"width": 3,"height": 3,"output": { "type": "item", "code": "caninae:headmount-cerdocyonina-male-lycalopex-griseus", "quantity": 1  }},
{"name": "Pampas Fox Head Mount (Baby)", "ingredientPattern": "_BC,DEF,GHI","ingredients": {"B": { "type": "item", "code": "game:knife-*", "isTool": true },"C": { "type": "item", "code": "game:hammer-*", "isTool": true },"D": { "type": "item", "code": "caninae:pelt-pelt-cerdocyonina-baby-lycalopex-gymnocercus" },"E": { "type": "item", "code": "game:metalnailsandstrips-*" },"F": { "type": "item", "code": "game:clay-*" },"G": { "type": "block", "code": "game:debarkedlog-*" },"H": { "type": "block", "code": "game:glass-*" },"I": { "type": "item", "code": "game:powder-borax" }},"width": 3,"height": 3,"output": { "type": "item", "code": "caninae:headmount-cerdocyonina-baby-lycalopex-gymnocercus", "quantity": 1  }},
{"name": "Pampas Fox Head Mount (Female)", "ingredientPattern": "_BC,DEF,GHI","ingredients": {"B": { "type": "item", "code": "game:knife-*", "isTool": true },"C": { "type": "item", "code": "game:hammer-*", "isTool": true },"D": { "type": "item", "code": "caninae:pelt-pelt-cerdocyonina-female-lycalopex-gymnocercus" },"E": { "type": "item", "code": "game:metalnailsandstrips-*" },"F": { "type": "item", "code": "game:clay-*" },"G": { "type": "block", "code": "game:debarkedlog-*" },"H": { "type": "block", "code": "game:glass-*" },"I": { "type": "item", "code": "game:powder-borax" }},"width": 3,"height": 3,"output": { "type": "item", "code": "caninae:headmount-cerdocyonina-female-lycalopex-gymnocercus", "quantity": 1  }},
{"name": "Pampas Fox Head Mount (Male)", "ingredientPattern": "_BC,DEF,GHI","ingredients": {"B": { "type": "item", "code": "game:knife-*", "isTool": true },"C": { "type": "item", "code": "game:hammer-*", "isTool": true },"D": { "type": "item", "code": "caninae:pelt-pelt-cerdocyonina-male-lycalopex-gymnocercus" },"E": { "type": "item", "code": "game:metalnailsandstrips-*" },"F": { "type": "item", "code": "game:clay-*" },"G": { "type": "block", "code": "game:debarkedlog-*" },"H": { "type": "block", "code": "game:glass-*" },"I": { "type": "item", "code": "game:powder-borax" }},"width": 3,"height": 3,"output": { "type": "item", "code": "caninae:headmount-cerdocyonina-male-lycalopex-gymnocercus", "quantity": 1  }},
{"name": "Sechuran Fox Head Mount (Baby)", "ingredientPattern": "_BC,DEF,GHI","ingredients": {"B": { "type": "item", "code": "game:knife-*", "isTool": true },"C": { "type": "item", "code": "game:hammer-*", "isTool": true },"D": { "type": "item", "code": "caninae:pelt-pelt-cerdocyonina-baby-lycalopex-sechurae" },"E": { "type": "item", "code": "game:metalnailsandstrips-*" },"F": { "type": "item", "code": "game:clay-*" },"G": { "type": "block", "code": "game:debarkedlog-*" },"H": { "type": "block", "code": "game:glass-*" },"I": { "type": "item", "code": "game:powder-borax" }},"width": 3,"height": 3,"output": { "type": "item", "code": "caninae:headmount-cerdocyonina-baby-lycalopex-sechurae", "quantity": 1  }},
{"name": "Sechuran Fox Head Mount (Female)", "ingredientPattern": "_BC,DEF,GHI","ingredients": {"B": { "type": "item", "code": "game:knife-*", "isTool": true },"C": { "type": "item", "code": "game:hammer-*", "isTool": true },"D": { "type": "item", "code": "caninae:pelt-pelt-cerdocyonina-female-lycalopex-sechurae" },"E": { "type": "item", "code": "game:metalnailsandstrips-*" },"F": { "type": "item", "code": "game:clay-*" },"G": { "type": "block", "code": "game:debarkedlog-*" },"H": { "type": "block", "code": "game:glass-*" },"I": { "type": "item", "code": "game:powder-borax" }},"width": 3,"height": 3,"output": { "type": "item", "code": "caninae:headmount-cerdocyonina-female-lycalopex-sechurae", "quantity": 1  }},
{"name": "Sechuran Fox Head Mount (Male)", "ingredientPattern": "_BC,DEF,GHI","ingredients": {"B": { "type": "item", "code": "game:knife-*", "isTool": true },"C": { "type": "item", "code": "game:hammer-*", "isTool": true },"D": { "type": "item", "code": "caninae:pelt-pelt-cerdocyonina-male-lycalopex-sechurae" },"E": { "type": "item", "code": "game:metalnailsandstrips-*" },"F": { "type": "item", "code": "game:clay-*" },"G": { "type": "block", "code": "game:debarkedlog-*" },"H": { "type": "block", "code": "game:glass-*" },"I": { "type": "item", "code": "game:powder-borax" }},"width": 3,"height": 3,"output": { "type": "item", "code": "caninae:headmount-cerdocyonina-male-lycalopex-sechurae", "quantity": 1  }},
{"name": "Hoary Fox Head Mount (Baby)", "ingredientPattern": "_BC,DEF,GHI","ingredients": {"B": { "type": "item", "code": "game:knife-*", "isTool": true },"C": { "type": "item", "code": "game:hammer-*", "isTool": true },"D": { "type": "item", "code": "caninae:pelt-pelt-cerdocyonina-baby-lycalopex-vetulus" },"E": { "type": "item", "code": "game:metalnailsandstrips-*" },"F": { "type": "item", "code": "game:clay-*" },"G": { "type": "block", "code": "game:debarkedlog-*" },"H": { "type": "block", "code": "game:glass-*" },"I": { "type": "item", "code": "game:powder-borax" }},"width": 3,"height": 3,"output": { "type": "item", "code": "caninae:headmount-cerdocyonina-baby-lycalopex-vetulus", "quantity": 1  }},
{"name": "Hoary Fox Head Mount (Female)", "ingredientPattern": "_BC,DEF,GHI","ingredients": {"B": { "type": "item", "code": "game:knife-*", "isTool": true },"C": { "type": "item", "code": "game:hammer-*", "isTool": true },"D": { "type": "item", "code": "caninae:pelt-pelt-cerdocyonina-female-lycalopex-vetulus" },"E": { "type": "item", "code": "game:metalnailsandstrips-*" },"F": { "type": "item", "code": "game:clay-*" },"G": { "type": "block", "code": "game:debarkedlog-*" },"H": { "type": "block", "code": "game:glass-*" },"I": { "type": "item", "code": "game:powder-borax" }},"width": 3,"height": 3,"output": { "type": "item", "code": "caninae:headmount-cerdocyonina-female-lycalopex-vetulus", "quantity": 1  }},
{"name": "Hoary Fox Head Mount (Male)", "ingredientPattern": "_BC,DEF,GHI","ingredients": {"B": { "type": "item", "code": "game:knife-*", "isTool": true },"C": { "type": "item", "code": "game:hammer-*", "isTool": true },"D": { "type": "item", "code": "caninae:pelt-pelt-cerdocyonina-male-lycalopex-vetulus" },"E": { "type": "item", "code": "game:metalnailsandstrips-*" },"F": { "type": "item", "code": "game:clay-*" },"G": { "type": "block", "code": "game:debarkedlog-*" },"H": { "type": "block", "code": "game:glass-*" },"I": { "type": "item", "code": "game:powder-borax" }},"width": 3,"height": 3,"output": { "type": "item", "code": "caninae:headmount-cerdocyonina-male-lycalopex-vetulus", "quantity": 1  }},
{"name": "Greaty Bush Dog Head Mount (Baby)", "ingredientPattern": "_BC,DEF,GHI","ingredients": {"B": { "type": "item", "code": "game:knife-*", "isTool": true },"C": { "type": "item", "code": "game:hammer-*", "isTool": true },"D": { "type": "item", "code": "caninae:pelt-pelt-cerdocyonina-baby-speothos-pacivorus" },"E": { "type": "item", "code": "game:metalnailsandstrips-*" },"F": { "type": "item", "code": "game:clay-*" },"G": { "type": "block", "code": "game:debarkedlog-*" },"H": { "type": "block", "code": "game:glass-*" },"I": { "type": "item", "code": "game:powder-borax" }},"width": 3,"height": 3,"output": { "type": "item", "code": "caninae:headmount-cerdocyonina-baby-speothos-pacivorus", "quantity": 1  }},
{"name": "Greater Bush Dog Head Mount (Female)", "ingredientPattern": "_BC,DEF,GHI","ingredients": {"B": { "type": "item", "code": "game:knife-*", "isTool": true },"C": { "type": "item", "code": "game:hammer-*", "isTool": true },"D": { "type": "item", "code": "caninae:pelt-pelt-cerdocyonina-female-speothos-pacivorus" },"E": { "type": "item", "code": "game:metalnailsandstrips-*" },"F": { "type": "item", "code": "game:clay-*" },"G": { "type": "block", "code": "game:debarkedlog-*" },"H": { "type": "block", "code": "game:glass-*" },"I": { "type": "item", "code": "game:powder-borax" }},"width": 3,"height": 3,"output": { "type": "item", "code": "caninae:headmount-cerdocyonina-female-speothos-pacivorus", "quantity": 1  }},
{"name": "Greater Bush Dog Head Mount (Male)", "ingredientPattern": "_BC,DEF,GHI","ingredients": {"B": { "type": "item", "code": "game:knife-*", "isTool": true },"C": { "type": "item", "code": "game:hammer-*", "isTool": true },"D": { "type": "item", "code": "caninae:pelt-pelt-cerdocyonina-male-speothos-pacivorus" },"E": { "type": "item", "code": "game:metalnailsandstrips-*" },"F": { "type": "item", "code": "game:clay-*" },"G": { "type": "block", "code": "game:debarkedlog-*" },"H": { "type": "block", "code": "game:glass-*" },"I": { "type": "item", "code": "game:powder-borax" }},"width": 3,"height": 3,"output": { "type": "item", "code": "caninae:headmount-cerdocyonina-male-speothos-pacivorus", "quantity": 1  }},
{"name": "Bush Dog Head Mount (Baby)", "ingredientPattern": "_BC,DEF,GHI","ingredients": {"B": { "type": "item", "code": "game:knife-*", "isTool": true },"C": { "type": "item", "code": "game:hammer-*", "isTool": true },"D": { "type": "item", "code": "caninae:pelt-pelt-cerdocyonina-baby-speothos-venaticus" },"E": { "type": "item", "code": "game:metalnailsandstrips-*" },"F": { "type": "item", "code": "game:clay-*" },"G": { "type": "block", "code": "game:debarkedlog-*" },"H": { "type": "block", "code": "game:glass-*" },"I": { "type": "item", "code": "game:powder-borax" }},"width": 3,"height": 3,"output": { "type": "item", "code": "caninae:headmount-cerdocyonina-baby-speothos-venaticus", "quantity": 1  }},
{"name": "Bush Dog Head Mount (Female)", "ingredientPattern": "_BC,DEF,GHI","ingredients": {"B": { "type": "item", "code": "game:knife-*", "isTool": true },"C": { "type": "item", "code": "game:hammer-*", "isTool": true },"D": { "type": "item", "code": "caninae:pelt-pelt-cerdocyonina-female-speothos-venaticus" },"E": { "type": "item", "code": "game:metalnailsandstrips-*" },"F": { "type": "item", "code": "game:clay-*" },"G": { "type": "block", "code": "game:debarkedlog-*" },"H": { "type": "block", "code": "game:glass-*" },"I": { "type": "item", "code": "game:powder-borax" }},"width": 3,"height": 3,"output": { "type": "item", "code": "caninae:headmount-cerdocyonina-female-speothos-venaticus", "quantity": 1  }},
{"name": "Bush Dog Head Mount (Male)", "ingredientPattern": "_BC,DEF,GHI","ingredients": {"B": { "type": "item", "code": "game:knife-*", "isTool": true },"C": { "type": "item", "code": "game:hammer-*", "isTool": true },"D": { "type": "item", "code": "caninae:pelt-pelt-cerdocyonina-male-speothos-venaticus" },"E": { "type": "item", "code": "game:metalnailsandstrips-*" },"F": { "type": "item", "code": "game:clay-*" },"G": { "type": "block", "code": "game:debarkedlog-*" },"H": { "type": "block", "code": "game:glass-*" },"I": { "type": "item", "code": "game:powder-borax" }},"width": 3,"height": 3,"output": { "type": "item", "code": "caninae:headmount-cerdocyonina-male-speothos-venaticus", "quantity": 1  }},
{"name": "Gray Fox Head Mount (Baby)", "ingredientPattern": "_BC,DEF,GHI","ingredients": {"B": { "type": "item", "code": "game:knife-*", "isTool": true },"C": { "type": "item", "code": "game:hammer-*", "isTool": true },"D": { "type": "item", "code": "caninae:pelt-pelt-urocyonini-baby-urocyon-cinereoargenteus" },"E": { "type": "item", "code": "game:metalnailsandstrips-*" },"F": { "type": "item", "code": "game:clay-*" },"G": { "type": "block", "code": "game:debarkedlog-*" },"H": { "type": "block", "code": "game:glass-*" },"I": { "type": "item", "code": "game:powder-borax" }},"width": 3,"height": 3,"output": { "type": "item", "code": "caninae:headmount-urocyonini-baby-urocyon-cinereoargenteus", "quantity": 1  }},
{"name": "Gray Fox Head Mount (Female)", "ingredientPattern": "_BC,DEF,GHI","ingredients": {"B": { "type": "item", "code": "game:knife-*", "isTool": true },"C": { "type": "item", "code": "game:hammer-*", "isTool": true },"D": { "type": "item", "code": "caninae:pelt-pelt-urocyonini-female-urocyon-cinereoargenteus" },"E": { "type": "item", "code": "game:metalnailsandstrips-*" },"F": { "type": "item", "code": "game:clay-*" },"G": { "type": "block", "code": "game:debarkedlog-*" },"H": { "type": "block", "code": "game:glass-*" },"I": { "type": "item", "code": "game:powder-borax" }},"width": 3,"height": 3,"output": { "type": "item", "code": "caninae:headmount-urocyonini-female-urocyon-cinereoargenteus", "quantity": 1  }},
{"name": "Gray Fox Head Mount (Male)", "ingredientPattern": "_BC,DEF,GHI","ingredients": {"B": { "type": "item", "code": "game:knife-*", "isTool": true },"C": { "type": "item", "code": "game:hammer-*", "isTool": true },"D": { "type": "item", "code": "caninae:pelt-pelt-urocyonini-male-urocyon-cinereoargenteus" },"E": { "type": "item", "code": "game:metalnailsandstrips-*" },"F": { "type": "item", "code": "game:clay-*" },"G": { "type": "block", "code": "game:debarkedlog-*" },"H": { "type": "block", "code": "game:glass-*" },"I": { "type": "item", "code": "game:powder-borax" }},"width": 3,"height": 3,"output": { "type": "item", "code": "caninae:headmount-urocyonini-male-urocyon-cinereoargenteus", "quantity": 1  }},
{"name": "Island Fox Head Mount (Baby)", "ingredientPattern": "_BC,DEF,GHI","ingredients": {"B": { "type": "item", "code": "game:knife-*", "isTool": true },"C": { "type": "item", "code": "game:hammer-*", "isTool": true },"D": { "type": "item", "code": "caninae:pelt-pelt-urocyonini-baby-urocyon-littoralis" },"E": { "type": "item", "code": "game:metalnailsandstrips-*" },"F": { "type": "item", "code": "game:clay-*" },"G": { "type": "block", "code": "game:debarkedlog-*" },"H": { "type": "block", "code": "game:glass-*" },"I": { "type": "item", "code": "game:powder-borax" }},"width": 3,"height": 3,"output": { "type": "item", "code": "caninae:headmount-urocyonini-baby-urocyon-littoralis", "quantity": 1  }},
{"name": "Island Fox Head Mount (Female)", "ingredientPattern": "_BC,DEF,GHI","ingredients": {"B": { "type": "item", "code": "game:knife-*", "isTool": true },"C": { "type": "item", "code": "game:hammer-*", "isTool": true },"D": { "type": "item", "code": "caninae:pelt-pelt-urocyonini-female-urocyon-littoralis" },"E": { "type": "item", "code": "game:metalnailsandstrips-*" },"F": { "type": "item", "code": "game:clay-*" },"G": { "type": "block", "code": "game:debarkedlog-*" },"H": { "type": "block", "code": "game:glass-*" },"I": { "type": "item", "code": "game:powder-borax" }},"width": 3,"height": 3,"output": { "type": "item", "code": "caninae:headmount-urocyonini-female-urocyon-littoralis", "quantity": 1  }},
{"name": "Island Fox Head Mount (Male)", "ingredientPattern": "_BC,DEF,GHI","ingredients": {"B": { "type": "item", "code": "game:knife-*", "isTool": true },"C": { "type": "item", "code": "game:hammer-*", "isTool": true },"D": { "type": "item", "code": "caninae:pelt-pelt-urocyonini-male-urocyon-littoralis" },"E": { "type": "item", "code": "game:metalnailsandstrips-*" },"F": { "type": "item", "code": "game:clay-*" },"G": { "type": "block", "code": "game:debarkedlog-*" },"H": { "type": "block", "code": "game:glass-*" },"I": { "type": "item", "code": "game:powder-borax" }},"width": 3,"height": 3,"output": { "type": "item", "code": "caninae:headmount-urocyonini-male-urocyon-littoralis", "quantity": 1  }},
{"name": "Common Raccoon Dog Head Mount (Baby)", "ingredientPattern": "_BC,DEF,GHI","ingredients": {"B": { "type": "item", "code": "game:knife-*", "isTool": true },"C": { "type": "item", "code": "game:hammer-*", "isTool": true },"D": { "type": "item", "code": "caninae:pelt-pelt-vulpini-baby-nyctereutes-procyonoides" },"E": { "type": "item", "code": "game:metalnailsandstrips-*" },"F": { "type": "item", "code": "game:clay-*" },"G": { "type": "block", "code": "game:debarkedlog-*" },"H": { "type": "block", "code": "game:glass-*" },"I": { "type": "item", "code": "game:powder-borax" }},"width": 3,"height": 3,"output": { "type": "item", "code": "caninae:headmount-vulpini-baby-nyctereutes-procyonoides", "quantity": 1  }},
{"name": "Common Raccoon Dog Head Mount (Female)", "ingredientPattern": "_BC,DEF,GHI","ingredients": {"B": { "type": "item", "code": "game:knife-*", "isTool": true },"C": { "type": "item", "code": "game:hammer-*", "isTool": true },"D": { "type": "item", "code": "caninae:pelt-pelt-vulpini-female-nyctereutes-procyonoides" },"E": { "type": "item", "code": "game:metalnailsandstrips-*" },"F": { "type": "item", "code": "game:clay-*" },"G": { "type": "block", "code": "game:debarkedlog-*" },"H": { "type": "block", "code": "game:glass-*" },"I": { "type": "item", "code": "game:powder-borax" }},"width": 3,"height": 3,"output": { "type": "item", "code": "caninae:headmount-vulpini-female-nyctereutes-procyonoides", "quantity": 1  }},
{"name": "Common Raccoon Dog Head Mount (Male)", "ingredientPattern": "_BC,DEF,GHI","ingredients": {"B": { "type": "item", "code": "game:knife-*", "isTool": true },"C": { "type": "item", "code": "game:hammer-*", "isTool": true },"D": { "type": "item", "code": "caninae:pelt-pelt-vulpini-male-nyctereutes-procyonoides" },"E": { "type": "item", "code": "game:metalnailsandstrips-*" },"F": { "type": "item", "code": "game:clay-*" },"G": { "type": "block", "code": "game:debarkedlog-*" },"H": { "type": "block", "code": "game:glass-*" },"I": { "type": "item", "code": "game:powder-borax" }},"width": 3,"height": 3,"output": { "type": "item", "code": "caninae:headmount-vulpini-male-nyctereutes-procyonoides", "quantity": 1  }},
{"name": "Japanese Raccoon Dog Head Mount (Baby)", "ingredientPattern": "_BC,DEF,GHI","ingredients": {"B": { "type": "item", "code": "game:knife-*", "isTool": true },"C": { "type": "item", "code": "game:hammer-*", "isTool": true },"D": { "type": "item", "code": "caninae:pelt-pelt-vulpini-baby-nyctereutes-viverrinus" },"E": { "type": "item", "code": "game:metalnailsandstrips-*" },"F": { "type": "item", "code": "game:clay-*" },"G": { "type": "block", "code": "game:debarkedlog-*" },"H": { "type": "block", "code": "game:glass-*" },"I": { "type": "item", "code": "game:powder-borax" }},"width": 3,"height": 3,"output": { "type": "item", "code": "caninae:headmount-vulpini-baby-nyctereutes-viverrinus", "quantity": 1  }},
{"name": "Japanese Raccoon Dog Head Mount (Female)", "ingredientPattern": "_BC,DEF,GHI","ingredients": {"B": { "type": "item", "code": "game:knife-*", "isTool": true },"C": { "type": "item", "code": "game:hammer-*", "isTool": true },"D": { "type": "item", "code": "caninae:pelt-pelt-vulpini-female-nyctereutes-viverrinus" },"E": { "type": "item", "code": "game:metalnailsandstrips-*" },"F": { "type": "item", "code": "game:clay-*" },"G": { "type": "block", "code": "game:debarkedlog-*" },"H": { "type": "block", "code": "game:glass-*" },"I": { "type": "item", "code": "game:powder-borax" }},"width": 3,"height": 3,"output": { "type": "item", "code": "caninae:headmount-vulpini-female-nyctereutes-viverrinus", "quantity": 1  }},
{"name": "Japanese Raccoon Dog Head Mount (Male)", "ingredientPattern": "_BC,DEF,GHI","ingredients": {"B": { "type": "item", "code": "game:knife-*", "isTool": true },"C": { "type": "item", "code": "game:hammer-*", "isTool": true },"D": { "type": "item", "code": "caninae:pelt-pelt-vulpini-male-nyctereutes-viverrinus" },"E": { "type": "item", "code": "game:metalnailsandstrips-*" },"F": { "type": "item", "code": "game:clay-*" },"G": { "type": "block", "code": "game:debarkedlog-*" },"H": { "type": "block", "code": "game:glass-*" },"I": { "type": "item", "code": "game:powder-borax" }},"width": 3,"height": 3,"output": { "type": "item", "code": "caninae:headmount-vulpini-male-nyctereutes-viverrinus", "quantity": 1  }},
{"name": "Bat-Eared Fox Head Mount (Baby)", "ingredientPattern": "_BC,DEF,GHI","ingredients": {"B": { "type": "item", "code": "game:knife-*", "isTool": true },"C": { "type": "item", "code": "game:hammer-*", "isTool": true },"D": { "type": "item", "code": "caninae:pelt-pelt-vulpini-baby-otocyon-megalotis" },"E": { "type": "item", "code": "game:metalnailsandstrips-*" },"F": { "type": "item", "code": "game:clay-*" },"G": { "type": "block", "code": "game:debarkedlog-*" },"H": { "type": "block", "code": "game:glass-*" },"I": { "type": "item", "code": "game:powder-borax" }},"width": 3,"height": 3,"output": { "type": "item", "code": "caninae:headmount-vulpini-baby-otocyon-megalotis", "quantity": 1  }},
{"name": "Bat-Eared Fox Head Mount (Female)", "ingredientPattern": "_BC,DEF,GHI","ingredients": {"B": { "type": "item", "code": "game:knife-*", "isTool": true },"C": { "type": "item", "code": "game:hammer-*", "isTool": true },"D": { "type": "item", "code": "caninae:pelt-pelt-vulpini-female-otocyon-megalotis" },"E": { "type": "item", "code": "game:metalnailsandstrips-*" },"F": { "type": "item", "code": "game:clay-*" },"G": { "type": "block", "code": "game:debarkedlog-*" },"H": { "type": "block", "code": "game:glass-*" },"I": { "type": "item", "code": "game:powder-borax" }},"width": 3,"height": 3,"output": { "type": "item", "code": "caninae:headmount-vulpini-female-otocyon-megalotis", "quantity": 1  }},
{"name": "Bat-Eared Fox Head Mount (Male)", "ingredientPattern": "_BC,DEF,GHI","ingredients": {"B": { "type": "item", "code": "game:knife-*", "isTool": true },"C": { "type": "item", "code": "game:hammer-*", "isTool": true },"D": { "type": "item", "code": "caninae:pelt-pelt-vulpini-male-otocyon-megalotis" },"E": { "type": "item", "code": "game:metalnailsandstrips-*" },"F": { "type": "item", "code": "game:clay-*" },"G": { "type": "block", "code": "game:debarkedlog-*" },"H": { "type": "block", "code": "game:glass-*" },"I": { "type": "item", "code": "game:powder-borax" }},"width": 3,"height": 3,"output": { "type": "item", "code": "caninae:headmount-vulpini-male-otocyon-megalotis", "quantity": 1  }},
{"name": "Bengal Fox Head Mount (Baby)", "ingredientPattern": "_BC,DEF,GHI","ingredients": {"B": { "type": "item", "code": "game:knife-*", "isTool": true },"C": { "type": "item", "code": "game:hammer-*", "isTool": true },"D": { "type": "item", "code": "caninae:pelt-pelt-vulpini-baby-vulpes-bengalensis" },"E": { "type": "item", "code": "game:metalnailsandstrips-*" },"F": { "type": "item", "code": "game:clay-*" },"G": { "type": "block", "code": "game:debarkedlog-*" },"H": { "type": "block", "code": "game:glass-*" },"I": { "type": "item", "code": "game:powder-borax" }},"width": 3,"height": 3,"output": { "type": "item", "code": "caninae:headmount-vulpini-baby-vulpes-bengalensis", "quantity": 1  }},
{"name": "Bengal Fox Head Mount (Female)", "ingredientPattern": "_BC,DEF,GHI","ingredients": {"B": { "type": "item", "code": "game:knife-*", "isTool": true },"C": { "type": "item", "code": "game:hammer-*", "isTool": true },"D": { "type": "item", "code": "caninae:pelt-pelt-vulpini-female-vulpes-bengalensis" },"E": { "type": "item", "code": "game:metalnailsandstrips-*" },"F": { "type": "item", "code": "game:clay-*" },"G": { "type": "block", "code": "game:debarkedlog-*" },"H": { "type": "block", "code": "game:glass-*" },"I": { "type": "item", "code": "game:powder-borax" }},"width": 3,"height": 3,"output": { "type": "item", "code": "caninae:headmount-vulpini-female-vulpes-bengalensis", "quantity": 1  }},
{"name": "Bengal Fox Head Mount (Male)", "ingredientPattern": "_BC,DEF,GHI","ingredients": {"B": { "type": "item", "code": "game:knife-*", "isTool": true },"C": { "type": "item", "code": "game:hammer-*", "isTool": true },"D": { "type": "item", "code": "caninae:pelt-pelt-vulpini-male-vulpes-bengalensis" },"E": { "type": "item", "code": "game:metalnailsandstrips-*" },"F": { "type": "item", "code": "game:clay-*" },"G": { "type": "block", "code": "game:debarkedlog-*" },"H": { "type": "block", "code": "game:glass-*" },"I": { "type": "item", "code": "game:powder-borax" }},"width": 3,"height": 3,"output": { "type": "item", "code": "caninae:headmount-vulpini-male-vulpes-bengalensis", "quantity": 1  }},
{"name": "Blanford's Fox Head Mount (Baby)", "ingredientPattern": "_BC,DEF,GHI","ingredients": {"B": { "type": "item", "code": "game:knife-*", "isTool": true },"C": { "type": "item", "code": "game:hammer-*", "isTool": true },"D": { "type": "item", "code": "caninae:pelt-pelt-vulpini-baby-vulpes-cana" },"E": { "type": "item", "code": "game:metalnailsandstrips-*" },"F": { "type": "item", "code": "game:clay-*" },"G": { "type": "block", "code": "game:debarkedlog-*" },"H": { "type": "block", "code": "game:glass-*" },"I": { "type": "item", "code": "game:powder-borax" }},"width": 3,"height": 3,"output": { "type": "item", "code": "caninae:headmount-vulpini-baby-vulpes-cana", "quantity": 1  }},
{"name": "Blanford's Fox Head Mount (Female)", "ingredientPattern": "_BC,DEF,GHI","ingredients": {"B": { "type": "item", "code": "game:knife-*", "isTool": true },"C": { "type": "item", "code": "game:hammer-*", "isTool": true },"D": { "type": "item", "code": "caninae:pelt-pelt-vulpini-female-vulpes-cana" },"E": { "type": "item", "code": "game:metalnailsandstrips-*" },"F": { "type": "item", "code": "game:clay-*" },"G": { "type": "block", "code": "game:debarkedlog-*" },"H": { "type": "block", "code": "game:glass-*" },"I": { "type": "item", "code": "game:powder-borax" }},"width": 3,"height": 3,"output": { "type": "item", "code": "caninae:headmount-vulpini-female-vulpes-cana", "quantity": 1  }},
{"name": "Blanford's Fox Head Mount (Male)", "ingredientPattern": "_BC,DEF,GHI","ingredients": {"B": { "type": "item", "code": "game:knife-*", "isTool": true },"C": { "type": "item", "code": "game:hammer-*", "isTool": true },"D": { "type": "item", "code": "caninae:pelt-pelt-vulpini-male-vulpes-cana" },"E": { "type": "item", "code": "game:metalnailsandstrips-*" },"F": { "type": "item", "code": "game:clay-*" },"G": { "type": "block", "code": "game:debarkedlog-*" },"H": { "type": "block", "code": "game:glass-*" },"I": { "type": "item", "code": "game:powder-borax" }},"width": 3,"height": 3,"output": { "type": "item", "code": "caninae:headmount-vulpini-male-vulpes-cana", "quantity": 1  }},
{"name": "Cape Fox Head Mount (Baby)", "ingredientPattern": "_BC,DEF,GHI","ingredients": {"B": { "type": "item", "code": "game:knife-*", "isTool": true },"C": { "type": "item", "code": "game:hammer-*", "isTool": true },"D": { "type": "item", "code": "caninae:pelt-pelt-vulpini-baby-vulpes-chama" },"E": { "type": "item", "code": "game:metalnailsandstrips-*" },"F": { "type": "item", "code": "game:clay-*" },"G": { "type": "block", "code": "game:debarkedlog-*" },"H": { "type": "block", "code": "game:glass-*" },"I": { "type": "item", "code": "game:powder-borax" }},"width": 3,"height": 3,"output": { "type": "item", "code": "caninae:headmount-vulpini-baby-vulpes-chama", "quantity": 1  }},
{"name": "Cape Fox Head Mount (Female)", "ingredientPattern": "_BC,DEF,GHI","ingredients": {"B": { "type": "item", "code": "game:knife-*", "isTool": true },"C": { "type": "item", "code": "game:hammer-*", "isTool": true },"D": { "type": "item", "code": "caninae:pelt-pelt-vulpini-female-vulpes-chama" },"E": { "type": "item", "code": "game:metalnailsandstrips-*" },"F": { "type": "item", "code": "game:clay-*" },"G": { "type": "block", "code": "game:debarkedlog-*" },"H": { "type": "block", "code": "game:glass-*" },"I": { "type": "item", "code": "game:powder-borax" }},"width": 3,"height": 3,"output": { "type": "item", "code": "caninae:headmount-vulpini-female-vulpes-chama", "quantity": 1  }},
{"name": "Cape Fox Head Mount (Male)", "ingredientPattern": "_BC,DEF,GHI","ingredients": {"B": { "type": "item", "code": "game:knife-*", "isTool": true },"C": { "type": "item", "code": "game:hammer-*", "isTool": true },"D": { "type": "item", "code": "caninae:pelt-pelt-vulpini-male-vulpes-chama" },"E": { "type": "item", "code": "game:metalnailsandstrips-*" },"F": { "type": "item", "code": "game:clay-*" },"G": { "type": "block", "code": "game:debarkedlog-*" },"H": { "type": "block", "code": "game:glass-*" },"I": { "type": "item", "code": "game:powder-borax" }},"width": 3,"height": 3,"output": { "type": "item", "code": "caninae:headmount-vulpini-male-vulpes-chama", "quantity": 1  }},
{"name": "Corsac Fox Head Mount (Baby)", "ingredientPattern": "_BC,DEF,GHI","ingredients": {"B": { "type": "item", "code": "game:knife-*", "isTool": true },"C": { "type": "item", "code": "game:hammer-*", "isTool": true },"D": { "type": "item", "code": "caninae:pelt-pelt-vulpini-baby-vulpes-corsac" },"E": { "type": "item", "code": "game:metalnailsandstrips-*" },"F": { "type": "item", "code": "game:clay-*" },"G": { "type": "block", "code": "game:debarkedlog-*" },"H": { "type": "block", "code": "game:glass-*" },"I": { "type": "item", "code": "game:powder-borax" }},"width": 3,"height": 3,"output": { "type": "item", "code": "caninae:headmount-vulpini-baby-vulpes-corsac", "quantity": 1  }},
{"name": "Corsac Fox Head Mount (Female)", "ingredientPattern": "_BC,DEF,GHI","ingredients": {"B": { "type": "item", "code": "game:knife-*", "isTool": true },"C": { "type": "item", "code": "game:hammer-*", "isTool": true },"D": { "type": "item", "code": "caninae:pelt-pelt-vulpini-female-vulpes-corsac" },"E": { "type": "item", "code": "game:metalnailsandstrips-*" },"F": { "type": "item", "code": "game:clay-*" },"G": { "type": "block", "code": "game:debarkedlog-*" },"H": { "type": "block", "code": "game:glass-*" },"I": { "type": "item", "code": "game:powder-borax" }},"width": 3,"height": 3,"output": { "type": "item", "code": "caninae:headmount-vulpini-female-vulpes-corsac", "quantity": 1  }},
{"name": "Corsac Fox Head Mount (Male)", "ingredientPattern": "_BC,DEF,GHI","ingredients": {"B": { "type": "item", "code": "game:knife-*", "isTool": true },"C": { "type": "item", "code": "game:hammer-*", "isTool": true },"D": { "type": "item", "code": "caninae:pelt-pelt-vulpini-male-vulpes-corsac" },"E": { "type": "item", "code": "game:metalnailsandstrips-*" },"F": { "type": "item", "code": "game:clay-*" },"G": { "type": "block", "code": "game:debarkedlog-*" },"H": { "type": "block", "code": "game:glass-*" },"I": { "type": "item", "code": "game:powder-borax" }},"width": 3,"height": 3,"output": { "type": "item", "code": "caninae:headmount-vulpini-male-vulpes-corsac", "quantity": 1  }},
{"name": "Tibettan Fox Head Mount (Baby)", "ingredientPattern": "_BC,DEF,GHI","ingredients": {"B": { "type": "item", "code": "game:knife-*", "isTool": true },"C": { "type": "item", "code": "game:hammer-*", "isTool": true },"D": { "type": "item", "code": "caninae:pelt-pelt-vulpini-baby-vulpes-ferrilata" },"E": { "type": "item", "code": "game:metalnailsandstrips-*" },"F": { "type": "item", "code": "game:clay-*" },"G": { "type": "block", "code": "game:debarkedlog-*" },"H": { "type": "block", "code": "game:glass-*" },"I": { "type": "item", "code": "game:powder-borax" }},"width": 3,"height": 3,"output": { "type": "item", "code": "caninae:headmount-vulpini-baby-vulpes-ferrilata", "quantity": 1  }},
{"name": "Tibettan Fox Head Mount (Female)", "ingredientPattern": "_BC,DEF,GHI","ingredients": {"B": { "type": "item", "code": "game:knife-*", "isTool": true },"C": { "type": "item", "code": "game:hammer-*", "isTool": true },"D": { "type": "item", "code": "caninae:pelt-pelt-vulpini-female-vulpes-ferrilata" },"E": { "type": "item", "code": "game:metalnailsandstrips-*" },"F": { "type": "item", "code": "game:clay-*" },"G": { "type": "block", "code": "game:debarkedlog-*" },"H": { "type": "block", "code": "game:glass-*" },"I": { "type": "item", "code": "game:powder-borax" }},"width": 3,"height": 3,"output": { "type": "item", "code": "caninae:headmount-vulpini-female-vulpes-ferrilata", "quantity": 1  }},
{"name": "Tibettan Fox Head Mount (Male)", "ingredientPattern": "_BC,DEF,GHI","ingredients": {"B": { "type": "item", "code": "game:knife-*", "isTool": true },"C": { "type": "item", "code": "game:hammer-*", "isTool": true },"D": { "type": "item", "code": "caninae:pelt-pelt-vulpini-male-vulpes-ferrilata" },"E": { "type": "item", "code": "game:metalnailsandstrips-*" },"F": { "type": "item", "code": "game:clay-*" },"G": { "type": "block", "code": "game:debarkedlog-*" },"H": { "type": "block", "code": "game:glass-*" },"I": { "type": "item", "code": "game:powder-borax" }},"width": 3,"height": 3,"output": { "type": "item", "code": "caninae:headmount-vulpini-male-vulpes-ferrilata", "quantity": 1  }},
{"name": "Arctic Fox Head Mount (Baby)", "ingredientPattern": "_BC,DEF,GHI","ingredients": {"B": { "type": "item", "code": "game:knife-*", "isTool": true },"C": { "type": "item", "code": "game:hammer-*", "isTool": true },"D": { "type": "item", "code": "caninae:pelt-pelt-vulpini-baby-vulpes-lagopus" },"E": { "type": "item", "code": "game:metalnailsandstrips-*" },"F": { "type": "item", "code": "game:clay-*" },"G": { "type": "block", "code": "game:debarkedlog-*" },"H": { "type": "block", "code": "game:glass-*" },"I": { "type": "item", "code": "game:powder-borax" }},"width": 3,"height": 3,"output": { "type": "item", "code": "caninae:headmount-vulpini-baby-vulpes-lagopus", "quantity": 1  }},
{"name": "Arctic Fox Head Mount (Female)", "ingredientPattern": "_BC,DEF,GHI","ingredients": {"B": { "type": "item", "code": "game:knife-*", "isTool": true },"C": { "type": "item", "code": "game:hammer-*", "isTool": true },"D": { "type": "item", "code": "caninae:pelt-pelt-vulpini-female-vulpes-lagopus" },"E": { "type": "item", "code": "game:metalnailsandstrips-*" },"F": { "type": "item", "code": "game:clay-*" },"G": { "type": "block", "code": "game:debarkedlog-*" },"H": { "type": "block", "code": "game:glass-*" },"I": { "type": "item", "code": "game:powder-borax" }},"width": 3,"height": 3,"output": { "type": "item", "code": "caninae:headmount-vulpini-female-vulpes-lagopus", "quantity": 1  }},
{"name": "Arctic Fox Head Mount (Male)", "ingredientPattern": "_BC,DEF,GHI","ingredients": {"B": { "type": "item", "code": "game:knife-*", "isTool": true },"C": { "type": "item", "code": "game:hammer-*", "isTool": true },"D": { "type": "item", "code": "caninae:pelt-pelt-vulpini-male-vulpes-lagopus" },"E": { "type": "item", "code": "game:metalnailsandstrips-*" },"F": { "type": "item", "code": "game:clay-*" },"G": { "type": "block", "code": "game:debarkedlog-*" },"H": { "type": "block", "code": "game:glass-*" },"I": { "type": "item", "code": "game:powder-borax" }},"width": 3,"height": 3,"output": { "type": "item", "code": "caninae:headmount-vulpini-male-vulpes-lagopus", "quantity": 1  }},
{"name": "Kit Fox Head Mount (Baby)", "ingredientPattern": "_BC,DEF,GHI","ingredients": {"B": { "type": "item", "code": "game:knife-*", "isTool": true },"C": { "type": "item", "code": "game:hammer-*", "isTool": true },"D": { "type": "item", "code": "caninae:pelt-pelt-vulpini-baby-vulpes-macrotis" },"E": { "type": "item", "code": "game:metalnailsandstrips-*" },"F": { "type": "item", "code": "game:clay-*" },"G": { "type": "block", "code": "game:debarkedlog-*" },"H": { "type": "block", "code": "game:glass-*" },"I": { "type": "item", "code": "game:powder-borax" }},"width": 3,"height": 3,"output": { "type": "item", "code": "caninae:headmount-vulpini-baby-vulpes-macrotis", "quantity": 1  }},
{"name": "Kit Fox Head Mount (Female)", "ingredientPattern": "_BC,DEF,GHI","ingredients": {"B": { "type": "item", "code": "game:knife-*", "isTool": true },"C": { "type": "item", "code": "game:hammer-*", "isTool": true },"D": { "type": "item", "code": "caninae:pelt-pelt-vulpini-female-vulpes-macrotis" },"E": { "type": "item", "code": "game:metalnailsandstrips-*" },"F": { "type": "item", "code": "game:clay-*" },"G": { "type": "block", "code": "game:debarkedlog-*" },"H": { "type": "block", "code": "game:glass-*" },"I": { "type": "item", "code": "game:powder-borax" }},"width": 3,"height": 3,"output": { "type": "item", "code": "caninae:headmount-vulpini-female-vulpes-macrotis", "quantity": 1  }},
{"name": "Kit Fox Head Mount (Male)", "ingredientPattern": "_BC,DEF,GHI","ingredients": {"B": { "type": "item", "code": "game:knife-*", "isTool": true },"C": { "type": "item", "code": "game:hammer-*", "isTool": true },"D": { "type": "item", "code": "caninae:pelt-pelt-vulpini-male-vulpes-macrotis" },"E": { "type": "item", "code": "game:metalnailsandstrips-*" },"F": { "type": "item", "code": "game:clay-*" },"G": { "type": "block", "code": "game:debarkedlog-*" },"H": { "type": "block", "code": "game:glass-*" },"I": { "type": "item", "code": "game:powder-borax" }},"width": 3,"height": 3,"output": { "type": "item", "code": "caninae:headmount-vulpini-male-vulpes-macrotis", "quantity": 1  }},
{"name": "Pale Fox Head Mount (Baby)", "ingredientPattern": "_BC,DEF,GHI","ingredients": {"B": { "type": "item", "code": "game:knife-*", "isTool": true },"C": { "type": "item", "code": "game:hammer-*", "isTool": true },"D": { "type": "item", "code": "caninae:pelt-pelt-vulpini-baby-vulpes-pallida" },"E": { "type": "item", "code": "game:metalnailsandstrips-*" },"F": { "type": "item", "code": "game:clay-*" },"G": { "type": "block", "code": "game:debarkedlog-*" },"H": { "type": "block", "code": "game:glass-*" },"I": { "type": "item", "code": "game:powder-borax" }},"width": 3,"height": 3,"output": { "type": "item", "code": "caninae:headmount-vulpini-baby-vulpes-pallida", "quantity": 1  }},
{"name": "Pale Fox Head Mount (Female)", "ingredientPattern": "_BC,DEF,GHI","ingredients": {"B": { "type": "item", "code": "game:knife-*", "isTool": true },"C": { "type": "item", "code": "game:hammer-*", "isTool": true },"D": { "type": "item", "code": "caninae:pelt-pelt-vulpini-female-vulpes-pallida" },"E": { "type": "item", "code": "game:metalnailsandstrips-*" },"F": { "type": "item", "code": "game:clay-*" },"G": { "type": "block", "code": "game:debarkedlog-*" },"H": { "type": "block", "code": "game:glass-*" },"I": { "type": "item", "code": "game:powder-borax" }},"width": 3,"height": 3,"output": { "type": "item", "code": "caninae:headmount-vulpini-female-vulpes-pallida", "quantity": 1  }},
{"name": "Pale Fox Head Mount (Male)", "ingredientPattern": "_BC,DEF,GHI","ingredients": {"B": { "type": "item", "code": "game:knife-*", "isTool": true },"C": { "type": "item", "code": "game:hammer-*", "isTool": true },"D": { "type": "item", "code": "caninae:pelt-pelt-vulpini-male-vulpes-pallida" },"E": { "type": "item", "code": "game:metalnailsandstrips-*" },"F": { "type": "item", "code": "game:clay-*" },"G": { "type": "block", "code": "game:debarkedlog-*" },"H": { "type": "block", "code": "game:glass-*" },"I": { "type": "item", "code": "game:powder-borax" }},"width": 3,"height": 3,"output": { "type": "item", "code": "caninae:headmount-vulpini-male-vulpes-pallida", "quantity": 1  }},
{"name": "Ruppell's Fox Head Mount (Baby)", "ingredientPattern": "_BC,DEF,GHI","ingredients": {"B": { "type": "item", "code": "game:knife-*", "isTool": true },"C": { "type": "item", "code": "game:hammer-*", "isTool": true },"D": { "type": "item", "code": "caninae:pelt-pelt-vulpini-baby-vulpes-rueppellii" },"E": { "type": "item", "code": "game:metalnailsandstrips-*" },"F": { "type": "item", "code": "game:clay-*" },"G": { "type": "block", "code": "game:debarkedlog-*" },"H": { "type": "block", "code": "game:glass-*" },"I": { "type": "item", "code": "game:powder-borax" }},"width": 3,"height": 3,"output": { "type": "item", "code": "caninae:headmount-vulpini-baby-vulpes-rueppellii", "quantity": 1  }},
{"name": "Ruppell's Fox Head Mount (Female)", "ingredientPattern": "_BC,DEF,GHI","ingredients": {"B": { "type": "item", "code": "game:knife-*", "isTool": true },"C": { "type": "item", "code": "game:hammer-*", "isTool": true },"D": { "type": "item", "code": "caninae:pelt-pelt-vulpini-female-vulpes-rueppellii" },"E": { "type": "item", "code": "game:metalnailsandstrips-*" },"F": { "type": "item", "code": "game:clay-*" },"G": { "type": "block", "code": "game:debarkedlog-*" },"H": { "type": "block", "code": "game:glass-*" },"I": { "type": "item", "code": "game:powder-borax" }},"width": 3,"height": 3,"output": { "type": "item", "code": "caninae:headmount-vulpini-female-vulpes-rueppellii", "quantity": 1  }},
{"name": "Ruppell's Fox Head Mount (Male)", "ingredientPattern": "_BC,DEF,GHI","ingredients": {"B": { "type": "item", "code": "game:knife-*", "isTool": true },"C": { "type": "item", "code": "game:hammer-*", "isTool": true },"D": { "type": "item", "code": "caninae:pelt-pelt-vulpini-male-vulpes-rueppellii" },"E": { "type": "item", "code": "game:metalnailsandstrips-*" },"F": { "type": "item", "code": "game:clay-*" },"G": { "type": "block", "code": "game:debarkedlog-*" },"H": { "type": "block", "code": "game:glass-*" },"I": { "type": "item", "code": "game:powder-borax" }},"width": 3,"height": 3,"output": { "type": "item", "code": "caninae:headmount-vulpini-male-vulpes-rueppellii", "quantity": 1  }},
{"name": "Swift Fox Head Mount (Baby)", "ingredientPattern": "_BC,DEF,GHI","ingredients": {"B": { "type": "item", "code": "game:knife-*", "isTool": true },"C": { "type": "item", "code": "game:hammer-*", "isTool": true },"D": { "type": "item", "code": "caninae:pelt-pelt-vulpini-baby-vulpes-velox" },"E": { "type": "item", "code": "game:metalnailsandstrips-*" },"F": { "type": "item", "code": "game:clay-*" },"G": { "type": "block", "code": "game:debarkedlog-*" },"H": { "type": "block", "code": "game:glass-*" },"I": { "type": "item", "code": "game:powder-borax" }},"width": 3,"height": 3,"output": { "type": "item", "code": "caninae:headmount-vulpini-baby-vulpes-velox", "quantity": 1  }},
{"name": "Swift Fox Head Mount (Female)", "ingredientPattern": "_BC,DEF,GHI","ingredients": {"B": { "type": "item", "code": "game:knife-*", "isTool": true },"C": { "type": "item", "code": "game:hammer-*", "isTool": true },"D": { "type": "item", "code": "caninae:pelt-pelt-vulpini-female-vulpes-velox" },"E": { "type": "item", "code": "game:metalnailsandstrips-*" },"F": { "type": "item", "code": "game:clay-*" },"G": { "type": "block", "code": "game:debarkedlog-*" },"H": { "type": "block", "code": "game:glass-*" },"I": { "type": "item", "code": "game:powder-borax" }},"width": 3,"height": 3,"output": { "type": "item", "code": "caninae:headmount-vulpini-female-vulpes-velox", "quantity": 1  }},
{"name": "Swift Fox Head Mount (Male)", "ingredientPattern": "_BC,DEF,GHI","ingredients": {"B": { "type": "item", "code": "game:knife-*", "isTool": true },"C": { "type": "item", "code": "game:hammer-*", "isTool": true },"D": { "type": "item", "code": "caninae:pelt-pelt-vulpini-male-vulpes-velox" },"E": { "type": "item", "code": "game:metalnailsandstrips-*" },"F": { "type": "item", "code": "game:clay-*" },"G": { "type": "block", "code": "game:debarkedlog-*" },"H": { "type": "block", "code": "game:glass-*" },"I": { "type": "item", "code": "game:powder-borax" }},"width": 3,"height": 3,"output": { "type": "item", "code": "caninae:headmount-vulpini-male-vulpes-velox", "quantity": 1  }},
{"name": "Red Fox Head Mount (Baby)", "ingredientPattern": "_BC,DEF,GHI","ingredients": {"B": { "type": "item", "code": "game:knife-*", "isTool": true },"C": { "type": "item", "code": "game:hammer-*", "isTool": true },"D": { "type": "item", "code": "caninae:pelt-pelt-vulpini-baby-vulpes-vulpes" },"E": { "type": "item", "code": "game:metalnailsandstrips-*" },"F": { "type": "item", "code": "game:clay-*" },"G": { "type": "block", "code": "game:debarkedlog-*" },"H": { "type": "block", "code": "game:glass-*" },"I": { "type": "item", "code": "game:powder-borax" }},"width": 3,"height": 3,"output": { "type": "item", "code": "caninae:headmount-vulpini-baby-vulpes-vulpes", "quantity": 1  }},
{"name": "Red Fox Head Mount (Female)", "ingredientPattern": "_BC,DEF,GHI","ingredients": {"B": { "type": "item", "code": "game:knife-*", "isTool": true },"C": { "type": "item", "code": "game:hammer-*", "isTool": true },"D": { "type": "item", "code": "caninae:pelt-pelt-vulpini-female-vulpes-vulpes" },"E": { "type": "item", "code": "game:metalnailsandstrips-*" },"F": { "type": "item", "code": "game:clay-*" },"G": { "type": "block", "code": "game:debarkedlog-*" },"H": { "type": "block", "code": "game:glass-*" },"I": { "type": "item", "code": "game:powder-borax" }},"width": 3,"height": 3,"output": { "type": "item", "code": "caninae:headmount-vulpini-female-vulpes-vulpes", "quantity": 1  }},
{"name": "Red Fox Head Mount (Male)", "ingredientPattern": "_BC,DEF,GHI","ingredients": {"B": { "type": "item", "code": "game:knife-*", "isTool": true },"C": { "type": "item", "code": "game:hammer-*", "isTool": true },"D": { "type": "item", "code": "caninae:pelt-pelt-vulpini-male-vulpes-vulpes" },"E": { "type": "item", "code": "game:metalnailsandstrips-*" },"F": { "type": "item", "code": "game:clay-*" },"G": { "type": "block", "code": "game:debarkedlog-*" },"H": { "type": "block", "code": "game:glass-*" },"I": { "type": "item", "code": "game:powder-borax" }},"width": 3,"height": 3,"output": { "type": "item", "code": "caninae:headmount-vulpini-male-vulpes-vulpes", "quantity": 1  }},
{"name": "Fennec Fox Head Mount (Baby)", "ingredientPattern": "_BC,DEF,GHI","ingredients": {"B": { "type": "item", "code": "game:knife-*", "isTool": true },"C": { "type": "item", "code": "game:hammer-*", "isTool": true },"D": { "type": "item", "code": "caninae:pelt-pelt-vulpini-baby-vulpes-zerda" },"E": { "type": "item", "code": "game:metalnailsandstrips-*" },"F": { "type": "item", "code": "game:clay-*" },"G": { "type": "block", "code": "game:debarkedlog-*" },"H": { "type": "block", "code": "game:glass-*" },"I": { "type": "item", "code": "game:powder-borax" }},"width": 3,"height": 3,"output": { "type": "item", "code": "caninae:headmount-vulpini-baby-vulpes-zerda", "quantity": 1  }},
{"name": "Fennec Fox Head Mount (Female)", "ingredientPattern": "_BC,DEF,GHI","ingredients": {"B": { "type": "item", "code": "game:knife-*", "isTool": true },"C": { "type": "item", "code": "game:hammer-*", "isTool": true },"D": { "type": "item", "code": "caninae:pelt-pelt-vulpini-female-vulpes-zerda" },"E": { "type": "item", "code": "game:metalnailsandstrips-*" },"F": { "type": "item", "code": "game:clay-*" },"G": { "type": "block", "code": "game:debarkedlog-*" },"H": { "type": "block", "code": "game:glass-*" },"I": { "type": "item", "code": "game:powder-borax" }},"width": 3,"height": 3,"output": { "type": "item", "code": "caninae:headmount-vulpini-female-vulpes-zerda", "quantity": 1  }},
{"name": "Fennec Fox Head Mount (Male)", "ingredientPattern": "_BC,DEF,GHI","ingredients": {"B": { "type": "item", "code": "game:knife-*", "isTool": true },"C": { "type": "item", "code": "game:hammer-*", "isTool": true },"D": { "type": "item", "code": "caninae:pelt-pelt-vulpini-male-vulpes-zerda" },"E": { "type": "item", "code": "game:metalnailsandstrips-*" },"F": { "type": "item", "code": "game:clay-*" },"G": { "type": "block", "code": "game:debarkedlog-*" },"H": { "type": "block", "code": "game:glass-*" },"I": { "type": "item", "code": "game:powder-borax" }},"width": 3,"height": 3,"output": { "type": "item", "code": "caninae:headmount-vulpini-male-vulpes-zerda", "quantity": 1  }},

]