[
{"ingredientPattern": "LK","ingredients": {"K": { "type": "item", "code": "game:knife-*", "isTool": true },"L": { "type": "item", "code": "caninae:pelt-pelt-*", "allowedVariants": ["canina-baby-aenocyon-dirus","canina-baby-canis-aureus","canina-baby-canis-familiaris","canina-baby-canis-latrans","canina-baby-canis-lupastor","canina-baby-canis-lupus","canina-baby-canis-lupusarctos","canina-baby-canis-lupusdingo","canina-baby-canis-lycaon","canina-baby-canis-rufus","canina-baby-canis-simensis","canina-baby-cuon-alpinus","canina-baby-cynotherium-sardous","canina-baby-lupulella-adusta","canina-baby-lupulella-mesomelas","canina-baby-lycaon-pictus","cerdocyonina-baby-atelocynus-microtis","cerdocyonina-female-atelocynus-microtis","cerdocyonina-male-atelocynus-microtis","cerdocyonina-baby-cerdocyon-thous","cerdocyonina-female-cerdocyon-thous","cerdocyonina-male-cerdocyon-thous","cerdocyonina-baby-chrysocyon-brachyurus","cerdocyonina-baby-dusicyon-australis","cerdocyonina-baby-dusicyon-avus","cerdocyonina-baby-lycalopex-culpaeus","cerdocyonina-baby-lycalopex-fulvipes","cerdocyonina-female-lycalopex-fulvipes","cerdocyonina-male-lycalopex-fulvipes","cerdocyonina-baby-lycalopex-griseus","cerdocyonina-female-lycalopex-griseus","cerdocyonina-male-lycalopex-griseus","cerdocyonina-baby-lycalopex-gymnocercus","cerdocyonina-female-lycalopex-gymnocercus","cerdocyonina-male-lycalopex-gymnocercus","cerdocyonina-baby-lycalopex-sechurae","cerdocyonina-female-lycalopex-sechurae","cerdocyonina-male-lycalopex-sechurae","cerdocyonina-baby-lycalopex-vetulus","cerdocyonina-female-lycalopex-vetulus","cerdocyonina-male-lycalopex-vetulus","cerdocyonina-baby-speothos-pacivorus","cerdocyonina-baby-speothos-venaticus","cerdocyonina-female-speothos-venaticus","cerdocyonina-male-speothos-venaticus","urocyonini-baby-urocyon-cinereoargenteus","urocyonini-female-urocyon-cinereoargenteus","urocyonini-male-urocyon-cinereoargenteus","urocyonini-baby-urocyon-littoralis","urocyonini-female-urocyon-littoralis","urocyonini-male-urocyon-littoralis","vulpini-baby-nyctereutes-procyonoides","vulpini-female-nyctereutes-procyonoides","vulpini-male-nyctereutes-procyonoides","vulpini-baby-nyctereutes-viverrinus","vulpini-female-nyctereutes-viverrinus","vulpini-male-nyctereutes-viverrinus","vulpini-baby-otocyon-megalotis","vulpini-female-otocyon-megalotis","vulpini-male-otocyon-megalotis","vulpini-baby-vulpes-bengalensis","vulpini-female-vulpes-bengalensis","vulpini-male-vulpes-bengalensis","vulpini-baby-vulpes-cana","vulpini-female-vulpes-cana","vulpini-male-vulpes-cana","vulpini-baby-vulpes-chama","vulpini-female-vulpes-chama","vulpini-male-vulpes-chama","vulpini-baby-vulpes-corsac","vulpini-female-vulpes-corsac","vulpini-male-vulpes-corsac","vulpini-baby-vulpes-ferrilata","vulpini-female-vulpes-ferrilata","vulpini-male-vulpes-ferrilata","vulpini-baby-vulpes-lagopus","vulpini-female-vulpes-lagopus","vulpini-male-vulpes-lagopus","vulpini-baby-vulpes-macrotis","vulpini-female-vulpes-macrotis","vulpini-male-vulpes-macrotis","vulpini-baby-vulpes-pallida","vulpini-female-vulpes-pallida","vulpini-male-vulpes-pallida","vulpini-baby-vulpes-rueppellii","vulpini-female-vulpes-rueppellii","vulpini-male-vulpes-rueppellii","vulpini-baby-vulpes-velox","vulpini-female-vulpes-velox","vulpini-male-vulpes-velox","vulpini-baby-vulpes-vulpes","vulpini-baby-vulpes-zerda","vulpini-female-vulpes-zerda","vulpini-male-vulpes-zerda"] }},"width": 2,"height": 1,"output": { "type": "item", "code": "game:hide-pelt-small", "quantity": 1  }},
{"ingredientPattern": "LK","ingredients": {"K": { "type": "item", "code": "game:knife-*", "isTool": true },"L": { "type": "item", "code": "caninae:pelt-pelt-*", "allowedVariants": ["canina-male-canis-aureus","canina-female-canis-aureus","canina-male-canis-latrans","canina-female-canis-latrans","canina-male-canis-lupastor","canina-female-canis-lupastor","canina-male-canis-lupusdingo","canina-female-canis-lupusdingo","canina-male-canis-simensis","canina-female-canis-simensis","canina-male-cuon-alpinus","canina-female-cuon-alpinus","canina-male-cynotherium-sardous","canina-female-cynotherium-sardous","canina-male-lupulella-adusta","canina-female-lupulella-adusta","canina-male-lupulella-mesomelas","canina-female-lupulella-mesomelas","cerdocyonina-female-lycalopex-culpaeus","cerdocyonina-male-lycalopex-culpaeus","vulpini-female-vulpes-vulpes","vulpini-male-vulpes-vulpes"] }},"width": 2,"height": 1,"output": { "type": "item", "code": "game:hide-pelt-medium", "quantity": 1  }},
{"ingredientPattern": "LK","ingredients": {"K": { "type": "item", "code": "game:knife-*", "isTool": true },"L": { "type": "item", "code": "caninae:pelt-pelt-*", "allowedVariants": ["canina-male-canis-rufus","canina-female-canis-rufus","cerdocyonina-female-dusicyon-australis","cerdocyonina-male-dusicyon-australis","cerdocyonina-female-dusicyon-avus","cerdocyonina-male-dusicyon-avus"] }},"width": 2,"height": 1,"output": { "type": "item", "code": "game:hide-pelt-medium", "quantity": 2  }},
{"ingredientPattern": "LK","ingredients": {"K": { "type": "item", "code": "game:knife-*", "isTool": true },"L": { "type": "item", "code": "caninae:pelt-pelt-*", "allowedVariants": ["canina-male-aenocyon-dirus","canina-female-aenocyon-dirus","canina-male-canis-familiaris","canina-female-canis-familiaris","canina-male-canis-lupus","canina-female-canis-lupus","canina-male-canis-lupusarctos","canina-female-canis-lupusarctos","canina-male-canis-lycaon","canina-female-canis-lycaon","canina-male-lycaon-pictus","canina-female-lycaon-pictus","cerdocyonina-female-chrysocyon-brachyurus","cerdocyonina-male-chrysocyon-brachyurus","cerdocyonina-female-speothos-pacivorus","cerdocyonina-male-speothos-pacivorus"] }},"width": 2,"height": 1,"output": { "type": "item", "code": "game:hide-pelt-medium", "quantity": 3  }},

{"ingredientPattern": "LK","ingredients": {"K": { "type": "item", "code": "game:knife-*", "isTool": true },"L": { "type": "item", "code": "caninae:pelt-raw-*", "allowedVariants": ["canina-baby-aenocyon-dirus","canina-baby-canis-aureus","canina-baby-canis-familiaris","canina-baby-canis-latrans","canina-baby-canis-lupastor","canina-baby-canis-lupus","canina-baby-canis-lupusarctos","canina-baby-canis-lupusdingo","canina-baby-canis-lycaon","canina-baby-canis-rufus","canina-baby-canis-simensis","canina-baby-cuon-alpinus","canina-baby-cynotherium-sardous","canina-baby-lupulella-adusta","canina-baby-lupulella-mesomelas","canina-baby-lycaon-pictus","cerdocyonina-baby-atelocynus-microtis","cerdocyonina-female-atelocynus-microtis","cerdocyonina-male-atelocynus-microtis","cerdocyonina-baby-cerdocyon-thous","cerdocyonina-female-cerdocyon-thous","cerdocyonina-male-cerdocyon-thous","cerdocyonina-baby-chrysocyon-brachyurus","cerdocyonina-baby-dusicyon-australis","cerdocyonina-baby-dusicyon-avus","cerdocyonina-baby-lycalopex-culpaeus","cerdocyonina-baby-lycalopex-fulvipes","cerdocyonina-female-lycalopex-fulvipes","cerdocyonina-male-lycalopex-fulvipes","cerdocyonina-baby-lycalopex-griseus","cerdocyonina-female-lycalopex-griseus","cerdocyonina-male-lycalopex-griseus","cerdocyonina-baby-lycalopex-gymnocercus","cerdocyonina-female-lycalopex-gymnocercus","cerdocyonina-male-lycalopex-gymnocercus","cerdocyonina-baby-lycalopex-sechurae","cerdocyonina-female-lycalopex-sechurae","cerdocyonina-male-lycalopex-sechurae","cerdocyonina-baby-lycalopex-vetulus","cerdocyonina-female-lycalopex-vetulus","cerdocyonina-male-lycalopex-vetulus","cerdocyonina-baby-speothos-pacivorus","cerdocyonina-baby-speothos-venaticus","cerdocyonina-female-speothos-venaticus","cerdocyonina-male-speothos-venaticus","urocyonini-baby-urocyon-cinereoargenteus","urocyonini-female-urocyon-cinereoargenteus","urocyonini-male-urocyon-cinereoargenteus","urocyonini-baby-urocyon-littoralis","urocyonini-female-urocyon-littoralis","urocyonini-male-urocyon-littoralis","vulpini-baby-nyctereutes-procyonoides","vulpini-female-nyctereutes-procyonoides","vulpini-male-nyctereutes-procyonoides","vulpini-baby-nyctereutes-viverrinus","vulpini-female-nyctereutes-viverrinus","vulpini-male-nyctereutes-viverrinus","vulpini-baby-otocyon-megalotis","vulpini-female-otocyon-megalotis","vulpini-male-otocyon-megalotis","vulpini-baby-vulpes-bengalensis","vulpini-female-vulpes-bengalensis","vulpini-male-vulpes-bengalensis","vulpini-baby-vulpes-cana","vulpini-female-vulpes-cana","vulpini-male-vulpes-cana","vulpini-baby-vulpes-chama","vulpini-female-vulpes-chama","vulpini-male-vulpes-chama","vulpini-baby-vulpes-corsac","vulpini-female-vulpes-corsac","vulpini-male-vulpes-corsac","vulpini-baby-vulpes-ferrilata","vulpini-female-vulpes-ferrilata","vulpini-male-vulpes-ferrilata","vulpini-baby-vulpes-lagopus","vulpini-female-vulpes-lagopus","vulpini-male-vulpes-lagopus","vulpini-baby-vulpes-macrotis","vulpini-female-vulpes-macrotis","vulpini-male-vulpes-macrotis","vulpini-baby-vulpes-pallida","vulpini-female-vulpes-pallida","vulpini-male-vulpes-pallida","vulpini-baby-vulpes-rueppellii","vulpini-female-vulpes-rueppellii","vulpini-male-vulpes-rueppellii","vulpini-baby-vulpes-velox","vulpini-female-vulpes-velox","vulpini-male-vulpes-velox","vulpini-baby-vulpes-vulpes","vulpini-baby-vulpes-zerda","vulpini-female-vulpes-zerda","vulpini-male-vulpes-zerda"] }},"width": 2,"height": 1,"output": { "type": "item", "code": "game:hide-raw-small", "quantity": 1  }},
{"ingredientPattern": "LK","ingredients": {"K": { "type": "item", "code": "game:knife-*", "isTool": true },"L": { "type": "item", "code": "caninae:pelt-raw-*", "allowedVariants": ["canina-male-canis-aureus","canina-female-canis-aureus","canina-male-canis-latrans","canina-female-canis-latrans","canina-male-canis-lupastor","canina-female-canis-lupastor","canina-male-canis-lupusdingo","canina-female-canis-lupusdingo","canina-male-canis-simensis","canina-female-canis-simensis","canina-male-cuon-alpinus","canina-female-cuon-alpinus","canina-male-cynotherium-sardous","canina-female-cynotherium-sardous","canina-male-lupulella-adusta","canina-female-lupulella-adusta","canina-male-lupulella-mesomelas","canina-female-lupulella-mesomelas","cerdocyonina-female-lycalopex-culpaeus","cerdocyonina-male-lycalopex-culpaeus","vulpini-female-vulpes-vulpes","vulpini-male-vulpes-vulpes"] }},"width": 2,"height": 1,"output": { "type": "item", "code": "game:hide-raw-medium", "quantity": 1  }},
{"ingredientPattern": "LK","ingredients": {"K": { "type": "item", "code": "game:knife-*", "isTool": true },"L": { "type": "item", "code": "caninae:pelt-raw-*", "allowedVariants": ["canina-male-canis-rufus","canina-female-canis-rufus","cerdocyonina-female-dusicyon-australis","cerdocyonina-male-dusicyon-australis","cerdocyonina-female-dusicyon-avus","cerdocyonina-male-dusicyon-avus"] }},"width": 2,"height": 1,"output": { "type": "item", "code": "game:hide-raw-medium", "quantity": 2  }},
{"ingredientPattern": "LK","ingredients": {"K": { "type": "item", "code": "game:knife-*", "isTool": true },"L": { "type": "item", "code": "caninae:pelt-raw-*", "allowedVariants": ["canina-male-aenocyon-dirus","canina-female-aenocyon-dirus","canina-male-canis-familiaris","canina-female-canis-familiaris","canina-male-canis-lupus","canina-female-canis-lupus","canina-male-canis-lupusarctos","canina-female-canis-lupusarctos","canina-male-canis-lycaon","canina-female-canis-lycaon","canina-male-lycaon-pictus","canina-female-lycaon-pictus","cerdocyonina-female-chrysocyon-brachyurus","cerdocyonina-male-chrysocyon-brachyurus","cerdocyonina-female-speothos-pacivorus","cerdocyonina-male-speothos-pacivorus"] }},"width": 2,"height": 1,"output": { "type": "item", "code": "game:hide-raw-medium", "quantity": 3  }},

{"ingredientPattern": "LK","ingredients": {"K": { "type": "item", "code": "game:knife-*", "isTool": true },"L": { "type": "item", "code": "caninae:pelt-salted-*", "allowedVariants": ["canina-baby-aenocyon-dirus","canina-baby-canis-aureus","canina-baby-canis-familiaris","canina-baby-canis-latrans","canina-baby-canis-lupastor","canina-baby-canis-lupus","canina-baby-canis-lupusarctos","canina-baby-canis-lupusdingo","canina-baby-canis-lycaon","canina-baby-canis-rufus","canina-baby-canis-simensis","canina-baby-cuon-alpinus","canina-baby-cynotherium-sardous","canina-baby-lupulella-adusta","canina-baby-lupulella-mesomelas","canina-baby-lycaon-pictus","cerdocyonina-baby-atelocynus-microtis","cerdocyonina-female-atelocynus-microtis","cerdocyonina-male-atelocynus-microtis","cerdocyonina-baby-cerdocyon-thous","cerdocyonina-female-cerdocyon-thous","cerdocyonina-male-cerdocyon-thous","cerdocyonina-baby-chrysocyon-brachyurus","cerdocyonina-baby-dusicyon-australis","cerdocyonina-baby-dusicyon-avus","cerdocyonina-baby-lycalopex-culpaeus","cerdocyonina-baby-lycalopex-fulvipes","cerdocyonina-female-lycalopex-fulvipes","cerdocyonina-male-lycalopex-fulvipes","cerdocyonina-baby-lycalopex-griseus","cerdocyonina-female-lycalopex-griseus","cerdocyonina-male-lycalopex-griseus","cerdocyonina-baby-lycalopex-gymnocercus","cerdocyonina-female-lycalopex-gymnocercus","cerdocyonina-male-lycalopex-gymnocercus","cerdocyonina-baby-lycalopex-sechurae","cerdocyonina-female-lycalopex-sechurae","cerdocyonina-male-lycalopex-sechurae","cerdocyonina-baby-lycalopex-vetulus","cerdocyonina-female-lycalopex-vetulus","cerdocyonina-male-lycalopex-vetulus","cerdocyonina-baby-speothos-pacivorus","cerdocyonina-baby-speothos-venaticus","cerdocyonina-female-speothos-venaticus","cerdocyonina-male-speothos-venaticus","urocyonini-baby-urocyon-cinereoargenteus","urocyonini-female-urocyon-cinereoargenteus","urocyonini-male-urocyon-cinereoargenteus","urocyonini-baby-urocyon-littoralis","urocyonini-female-urocyon-littoralis","urocyonini-male-urocyon-littoralis","vulpini-baby-nyctereutes-procyonoides","vulpini-female-nyctereutes-procyonoides","vulpini-male-nyctereutes-procyonoides","vulpini-baby-nyctereutes-viverrinus","vulpini-female-nyctereutes-viverrinus","vulpini-male-nyctereutes-viverrinus","vulpini-baby-otocyon-megalotis","vulpini-female-otocyon-megalotis","vulpini-male-otocyon-megalotis","vulpini-baby-vulpes-bengalensis","vulpini-female-vulpes-bengalensis","vulpini-male-vulpes-bengalensis","vulpini-baby-vulpes-cana","vulpini-female-vulpes-cana","vulpini-male-vulpes-cana","vulpini-baby-vulpes-chama","vulpini-female-vulpes-chama","vulpini-male-vulpes-chama","vulpini-baby-vulpes-corsac","vulpini-female-vulpes-corsac","vulpini-male-vulpes-corsac","vulpini-baby-vulpes-ferrilata","vulpini-female-vulpes-ferrilata","vulpini-male-vulpes-ferrilata","vulpini-baby-vulpes-lagopus","vulpini-female-vulpes-lagopus","vulpini-male-vulpes-lagopus","vulpini-baby-vulpes-macrotis","vulpini-female-vulpes-macrotis","vulpini-male-vulpes-macrotis","vulpini-baby-vulpes-pallida","vulpini-female-vulpes-pallida","vulpini-male-vulpes-pallida","vulpini-baby-vulpes-rueppellii","vulpini-female-vulpes-rueppellii","vulpini-male-vulpes-rueppellii","vulpini-baby-vulpes-velox","vulpini-female-vulpes-velox","vulpini-male-vulpes-velox","vulpini-baby-vulpes-vulpes","vulpini-baby-vulpes-zerda","vulpini-female-vulpes-zerda","vulpini-male-vulpes-zerda"] }},"width": 2,"height": 1,"output": { "type": "item", "code": "game:hide-salted-small", "quantity": 1  }},
{"ingredientPattern": "LK","ingredients": {"K": { "type": "item", "code": "game:knife-*", "isTool": true },"L": { "type": "item", "code": "caninae:pelt-salted-*", "allowedVariants": ["canina-male-canis-aureus","canina-female-canis-aureus","canina-male-canis-latrans","canina-female-canis-latrans","canina-male-canis-lupastor","canina-female-canis-lupastor","canina-male-canis-lupusdingo","canina-female-canis-lupusdingo","canina-male-canis-simensis","canina-female-canis-simensis","canina-male-cuon-alpinus","canina-female-cuon-alpinus","canina-male-cynotherium-sardous","canina-female-cynotherium-sardous","canina-male-lupulella-adusta","canina-female-lupulella-adusta","canina-male-lupulella-mesomelas","canina-female-lupulella-mesomelas","cerdocyonina-female-lycalopex-culpaeus","cerdocyonina-male-lycalopex-culpaeus","vulpini-female-vulpes-vulpes","vulpini-male-vulpes-vulpes"] }},"width": 2,"height": 1,"output": { "type": "item", "code": "game:hide-salted-medium", "quantity": 1  }},
{"ingredientPattern": "LK","ingredients": {"K": { "type": "item", "code": "game:knife-*", "isTool": true },"L": { "type": "item", "code": "caninae:pelt-salted-*", "allowedVariants": ["canina-male-canis-rufus","canina-female-canis-rufus","cerdocyonina-female-dusicyon-australis","cerdocyonina-male-dusicyon-australis","cerdocyonina-female-dusicyon-avus","cerdocyonina-male-dusicyon-avus"] }},"width": 2,"height": 1,"output": { "type": "item", "code": "game:hide-salted-medium", "quantity": 2  }},
{"ingredientPattern": "LK","ingredients": {"K": { "type": "item", "code": "game:knife-*", "isTool": true },"L": { "type": "item", "code": "caninae:pelt-salted-*", "allowedVariants": ["canina-male-aenocyon-dirus","canina-female-aenocyon-dirus","canina-male-canis-familiaris","canina-female-canis-familiaris","canina-male-canis-lupus","canina-female-canis-lupus","canina-male-canis-lupusarctos","canina-female-canis-lupusarctos","canina-male-canis-lycaon","canina-female-canis-lycaon","canina-male-lycaon-pictus","canina-female-lycaon-pictus","cerdocyonina-female-chrysocyon-brachyurus","cerdocyonina-male-chrysocyon-brachyurus","cerdocyonina-female-speothos-pacivorus","cerdocyonina-male-speothos-pacivorus"] }},"width": 2,"height": 1,"output": { "type": "item", "code": "game:hide-salted-medium", "quantity": 3  }}

]