[
	{
		"ingredientPattern": "F,H",
		"ingredients": {
			"F": { "type": "item", "code": "game:fat", "quantity": 1 },
			"H": { "type": "item", "code": "pelt-raw-canina-baby-aenocyon-*", "name": "type", "quantity": 4, "allowedVariants": ["dirus"] }
		},
		"shapeless": true,
		"width": 1,
		"height": 2,
		"output": { "type": "item", "code": "pelt-oiled-canina-baby-aenocyon-{type}", "quantity": 4 }
	},
	{
		"ingredientPattern": "F,H",
		"ingredients": {
			"F": { "type": "item", "code": "game:fat", "quantity": 1 },
			"H": { "type": "item", "code": "pelt-raw-canina-baby-aenocyon-*", "name": "type", "quantity": 2, "allowedVariants": ["dirus"] }
		},
		"shapeless": true,
		"width": 1,
		"height": 2,
		"output": { "type": "item", "code": "pelt-oiled-canina-baby-aenocyon-{type}", "quantity": 2 }
	},
	{
		"ingredientPattern": "F,H",
		"ingredients": {
			"F": { "type": "item", "code": "game:fat", "quantity": 1 },
			"H": { "type": "item", "code": "pelt-raw-canina-baby-aenocyon-*", "name": "type", "quantity": 1, "allowedVariants": ["dirus"] }
		},
		"shapeless": true,
		"width": 1,
		"height": 2,
		"output": { "type": "item", "code": "pelt-oiled-canina-baby-aenocyon-{type}", "quantity": 1 }
	},
	{
		"ingredientPattern": "F,H",
		"ingredients": {
			"F": { "type": "item", "code": "game:fat", "quantity": 1 },
			"H": { "type": "item", "code": "pelt-raw-canina-female-aenocyon-*", "name": "type", "quantity": 1, "allowedVariants": ["dirus"] }
		},
		"shapeless": true,
		"width": 1,
		"height": 2,
		"output": { "type": "item", "code": "pelt-oiled-canina-female-aenocyon-{type}", "quantity": 1 }
	},
	{
		"ingredientPattern": "F,H",
		"ingredients": {
			"F": { "type": "item", "code": "game:fat", "quantity": 1 },
			"H": { "type": "item", "code": "pelt-raw-canina-male-aenocyon-*", "name": "type", "quantity": 1, "allowedVariants": ["dirus"] }
		},
		"shapeless": true,
		"width": 1,
		"height": 2,
		"output": { "type": "item", "code": "pelt-oiled-canina-male-aenocyon-{type}", "quantity": 1 }
	},
	{
		"ingredientPattern": "F,H",
		"ingredients": {
			"F": { "type": "item", "code": "game:fat", "quantity": 1 },
			"H": { "type": "item", "code": "pelt-raw-canina-baby-canis-*", "name": "type", "quantity": 4, "allowedVariants": ["aureus","familiaris","latrans","lupastor","lupus","lupusarctos","lupusdingo","lycaon","rufus","simensis"] }
		},
		"shapeless": true,
		"width": 1,
		"height": 2,
		"output": { "type": "item", "code": "pelt-oiled-canina-baby-canis-{type}", "quantity": 4 }
	},
	{
		"ingredientPattern": "F,H",
		"ingredients": {
			"F": { "type": "item", "code": "game:fat", "quantity": 1 },
			"H": { "type": "item", "code": "pelt-raw-canina-baby-canis-*", "name": "type", "quantity": 2, "allowedVariants": ["aureus","familiaris","latrans","lupastor","lupus","lupusarctos","lupusdingo","lycaon","rufus","simensis"] }
		},
		"shapeless": true,
		"width": 1,
		"height": 2,
		"output": { "type": "item", "code": "pelt-oiled-canina-baby-canis-{type}", "quantity": 2 }
	},
	{
		"ingredientPattern": "F,H",
		"ingredients": {
			"F": { "type": "item", "code": "game:fat", "quantity": 1 },
			"H": { "type": "item", "code": "pelt-raw-canina-baby-canis-*", "name": "type", "quantity": 1, "allowedVariants": ["aureus","familiaris","latrans","lupastor","lupus","lupusarctos","lupusdingo","lycaon","rufus","simensis"] }
		},
		"shapeless": true,
		"width": 1,
		"height": 2,
		"output": { "type": "item", "code": "pelt-oiled-canina-baby-canis-{type}", "quantity": 1 }
	},
	{
		"ingredientPattern": "F,H",
		"ingredients": {
			"F": { "type": "item", "code": "game:fat", "quantity": 1 },
			"H": { "type": "item", "code": "pelt-raw-canina-female-canis-*", "name": "type", "quantity": 2, "allowedVariants": ["aureus","latrans","lupastor","lupusdingo","rufus","simensis"] }
		},
		"shapeless": true,
		"width": 1,
		"height": 2,
		"output": { "type": "item", "code": "pelt-oiled-canina-female-canis-{type}", "quantity": 2 }
	},
	{
		"ingredientPattern": "F,H",
		"ingredients": {
			"F": { "type": "item", "code": "game:fat", "quantity": 1 },
			"H": { "type": "item", "code": "pelt-raw-canina-female-canis-*", "name": "type", "quantity": 1, "allowedVariants": ["aureus","familiaris","latrans","lupastor","lupus","lupusarctos","lupusdingo","lycaon","rufus","simensis"] }
		},
		"shapeless": true,
		"width": 1,
		"height": 2,
		"output": { "type": "item", "code": "pelt-oiled-canina-female-canis-{type}", "quantity": 1 }
	},
	{
		"ingredientPattern": "F,H",
		"ingredients": {
			"F": { "type": "item", "code": "game:fat", "quantity": 1 },
			"H": { "type": "item", "code": "pelt-raw-canina-male-canis-*", "name": "type", "quantity": 2, "allowedVariants": ["aureus","latrans","lupastor","lupusdingo","rufus","simensis"] }
		},
		"shapeless": true,
		"width": 1,
		"height": 2,
		"output": { "type": "item", "code": "pelt-oiled-canina-male-canis-{type}", "quantity": 2 }
	},
	{
		"ingredientPattern": "F,H",
		"ingredients": {
			"F": { "type": "item", "code": "game:fat", "quantity": 1 },
			"H": { "type": "item", "code": "pelt-raw-canina-male-canis-*", "name": "type", "quantity": 1, "allowedVariants": ["aureus","familiaris","latrans","lupastor","lupus","lupusarctos","lupusdingo","lycaon","rufus","simensis"] }
		},
		"shapeless": true,
		"width": 1,
		"height": 2,
		"output": { "type": "item", "code": "pelt-oiled-canina-male-canis-{type}", "quantity": 1 }
	},
	{
		"ingredientPattern": "F,H",
		"ingredients": {
			"F": { "type": "item", "code": "game:fat", "quantity": 1 },
			"H": { "type": "item", "code": "pelt-raw-canina-baby-cuon-*", "name": "type", "quantity": 4, "allowedVariants": ["alpinus"] }
		},
		"shapeless": true,
		"width": 1,
		"height": 2,
		"output": { "type": "item", "code": "pelt-oiled-canina-baby-cuon-{type}", "quantity": 4 }
	},
	{
		"ingredientPattern": "F,H",
		"ingredients": {
			"F": { "type": "item", "code": "game:fat", "quantity": 1 },
			"H": { "type": "item", "code": "pelt-raw-canina-baby-cuon-*", "name": "type", "quantity": 2, "allowedVariants": ["alpinus"] }
		},
		"shapeless": true,
		"width": 1,
		"height": 2,
		"output": { "type": "item", "code": "pelt-oiled-canina-baby-cuon-{type}", "quantity": 2 }
	},
	{
		"ingredientPattern": "F,H",
		"ingredients": {
			"F": { "type": "item", "code": "game:fat", "quantity": 1 },
			"H": { "type": "item", "code": "pelt-raw-canina-baby-cuon-*", "name": "type", "quantity": 1, "allowedVariants": ["alpinus"] }
		},
		"shapeless": true,
		"width": 1,
		"height": 2,
		"output": { "type": "item", "code": "pelt-oiled-canina-baby-cuon-{type}", "quantity": 1 }
	},
	{
		"ingredientPattern": "F,H",
		"ingredients": {
			"F": { "type": "item", "code": "game:fat", "quantity": 1 },
			"H": { "type": "item", "code": "pelt-raw-canina-female-cuon-*", "name": "type", "quantity": 2, "allowedVariants": ["alpinus"] }
		},
		"shapeless": true,
		"width": 1,
		"height": 2,
		"output": { "type": "item", "code": "pelt-oiled-canina-female-cuon-{type}", "quantity": 2 }
	},
	{
		"ingredientPattern": "F,H",
		"ingredients": {
			"F": { "type": "item", "code": "game:fat", "quantity": 1 },
			"H": { "type": "item", "code": "pelt-raw-canina-female-cuon-*", "name": "type", "quantity": 1, "allowedVariants": ["alpinus"] }
		},
		"shapeless": true,
		"width": 1,
		"height": 2,
		"output": { "type": "item", "code": "pelt-oiled-canina-female-cuon-{type}", "quantity": 1 }
	},
	{
		"ingredientPattern": "F,H",
		"ingredients": {
			"F": { "type": "item", "code": "game:fat", "quantity": 1 },
			"H": { "type": "item", "code": "pelt-raw-canina-male-cuon-*", "name": "type", "quantity": 2, "allowedVariants": ["alpinus"] }
		},
		"shapeless": true,
		"width": 1,
		"height": 2,
		"output": { "type": "item", "code": "pelt-oiled-canina-male-cuon-{type}", "quantity": 2 }
	},
	{
		"ingredientPattern": "F,H",
		"ingredients": {
			"F": { "type": "item", "code": "game:fat", "quantity": 1 },
			"H": { "type": "item", "code": "pelt-raw-canina-male-cuon-*", "name": "type", "quantity": 1, "allowedVariants": ["alpinus"] }
		},
		"shapeless": true,
		"width": 1,
		"height": 2,
		"output": { "type": "item", "code": "pelt-oiled-canina-male-cuon-{type}", "quantity": 1 }
	},
	{
		"ingredientPattern": "F,H",
		"ingredients": {
			"F": { "type": "item", "code": "game:fat", "quantity": 1 },
			"H": { "type": "item", "code": "pelt-raw-canina-baby-cynotherium-*", "name": "type", "quantity": 4, "allowedVariants": ["sardous"] }
		},
		"shapeless": true,
		"width": 1,
		"height": 2,
		"output": { "type": "item", "code": "pelt-oiled-canina-baby-cynotherium-{type}", "quantity": 4 }
	},
	{
		"ingredientPattern": "F,H",
		"ingredients": {
			"F": { "type": "item", "code": "game:fat", "quantity": 1 },
			"H": { "type": "item", "code": "pelt-raw-canina-baby-cynotherium-*", "name": "type", "quantity": 2, "allowedVariants": ["sardous"] }
		},
		"shapeless": true,
		"width": 1,
		"height": 2,
		"output": { "type": "item", "code": "pelt-oiled-canina-baby-cynotherium-{type}", "quantity": 2 }
	},
	{
		"ingredientPattern": "F,H",
		"ingredients": {
			"F": { "type": "item", "code": "game:fat", "quantity": 1 },
			"H": { "type": "item", "code": "pelt-raw-canina-baby-cynotherium-*", "name": "type", "quantity": 1, "allowedVariants": ["sardous"] }
		},
		"shapeless": true,
		"width": 1,
		"height": 2,
		"output": { "type": "item", "code": "pelt-oiled-canina-baby-cynotherium-{type}", "quantity": 1 }
	},
	{
		"ingredientPattern": "F,H",
		"ingredients": {
			"F": { "type": "item", "code": "game:fat", "quantity": 1 },
			"H": { "type": "item", "code": "pelt-raw-canina-female-cynotherium-*", "name": "type", "quantity": 2, "allowedVariants": ["sardous"] }
		},
		"shapeless": true,
		"width": 1,
		"height": 2,
		"output": { "type": "item", "code": "pelt-oiled-canina-female-cynotherium-{type}", "quantity": 2 }
	},
	{
		"ingredientPattern": "F,H",
		"ingredients": {
			"F": { "type": "item", "code": "game:fat", "quantity": 1 },
			"H": { "type": "item", "code": "pelt-raw-canina-female-cynotherium-*", "name": "type", "quantity": 1, "allowedVariants": ["sardous"] }
		},
		"shapeless": true,
		"width": 1,
		"height": 2,
		"output": { "type": "item", "code": "pelt-oiled-canina-female-cynotherium-{type}", "quantity": 1 }
	},
	{
		"ingredientPattern": "F,H",
		"ingredients": {
			"F": { "type": "item", "code": "game:fat", "quantity": 1 },
			"H": { "type": "item", "code": "pelt-raw-canina-male-cynotherium-*", "name": "type", "quantity": 2, "allowedVariants": ["sardous"] }
		},
		"shapeless": true,
		"width": 1,
		"height": 2,
		"output": { "type": "item", "code": "pelt-oiled-canina-male-cynotherium-{type}", "quantity": 2 }
	},
	{
		"ingredientPattern": "F,H",
		"ingredients": {
			"F": { "type": "item", "code": "game:fat", "quantity": 1 },
			"H": { "type": "item", "code": "pelt-raw-canina-male-cynotherium-*", "name": "type", "quantity": 1, "allowedVariants": ["sardous"] }
		},
		"shapeless": true,
		"width": 1,
		"height": 2,
		"output": { "type": "item", "code": "pelt-oiled-canina-male-cynotherium-{type}", "quantity": 1 }
	},
	{
		"ingredientPattern": "F,H",
		"ingredients": {
			"F": { "type": "item", "code": "game:fat", "quantity": 1 },
			"H": { "type": "item", "code": "pelt-raw-canina-baby-lupulella-*", "name": "type", "quantity": 4, "allowedVariants": ["adusta","mesomelas"] }
		},
		"shapeless": true,
		"width": 1,
		"height": 2,
		"output": { "type": "item", "code": "pelt-oiled-canina-baby-lupulella-{type}", "quantity": 4 }
	},
	{
		"ingredientPattern": "F,H",
		"ingredients": {
			"F": { "type": "item", "code": "game:fat", "quantity": 1 },
			"H": { "type": "item", "code": "pelt-raw-canina-baby-lupulella-*", "name": "type", "quantity": 2, "allowedVariants": ["adusta","mesomelas"] }
		},
		"shapeless": true,
		"width": 1,
		"height": 2,
		"output": { "type": "item", "code": "pelt-oiled-canina-baby-lupulella-{type}", "quantity": 2 }
	},
	{
		"ingredientPattern": "F,H",
		"ingredients": {
			"F": { "type": "item", "code": "game:fat", "quantity": 1 },
			"H": { "type": "item", "code": "pelt-raw-canina-baby-lupulella-*", "name": "type", "quantity": 1, "allowedVariants": ["adusta","mesomelas"] }
		},
		"shapeless": true,
		"width": 1,
		"height": 2,
		"output": { "type": "item", "code": "pelt-oiled-canina-baby-lupulella-{type}", "quantity": 1 }
	},
	{
		"ingredientPattern": "F,H",
		"ingredients": {
			"F": { "type": "item", "code": "game:fat", "quantity": 1 },
			"H": { "type": "item", "code": "pelt-raw-canina-female-lupulella-*", "name": "type", "quantity": 2, "allowedVariants": ["adusta","mesomelas"] }
		},
		"shapeless": true,
		"width": 1,
		"height": 2,
		"output": { "type": "item", "code": "pelt-oiled-canina-female-lupulella-{type}", "quantity": 2 }
	},
	{
		"ingredientPattern": "F,H",
		"ingredients": {
			"F": { "type": "item", "code": "game:fat", "quantity": 1 },
			"H": { "type": "item", "code": "pelt-raw-canina-female-lupulella-*", "name": "type", "quantity": 1, "allowedVariants": ["adusta","mesomelas"] }
		},
		"shapeless": true,
		"width": 1,
		"height": 2,
		"output": { "type": "item", "code": "pelt-oiled-canina-female-lupulella-{type}", "quantity": 1 }
	},
	{
		"ingredientPattern": "F,H",
		"ingredients": {
			"F": { "type": "item", "code": "game:fat", "quantity": 1 },
			"H": { "type": "item", "code": "pelt-raw-canina-male-lupulella-*", "name": "type", "quantity": 2, "allowedVariants": ["adusta","mesomelas"] }
		},
		"shapeless": true,
		"width": 1,
		"height": 2,
		"output": { "type": "item", "code": "pelt-oiled-canina-male-lupulella-{type}", "quantity": 2 }
	},
	{
		"ingredientPattern": "F,H",
		"ingredients": {
			"F": { "type": "item", "code": "game:fat", "quantity": 1 },
			"H": { "type": "item", "code": "pelt-raw-canina-male-lupulella-*", "name": "type", "quantity": 1, "allowedVariants": ["adusta","mesomelas"] }
		},
		"shapeless": true,
		"width": 1,
		"height": 2,
		"output": { "type": "item", "code": "pelt-oiled-canina-male-lupulella-{type}", "quantity": 1 }
	},
	{
		"ingredientPattern": "F,H",
		"ingredients": {
			"F": { "type": "item", "code": "game:fat", "quantity": 1 },
			"H": { "type": "item", "code": "pelt-raw-canina-baby-lycaon-*", "name": "type", "quantity": 4, "allowedVariants": ["pictus"] }
		},
		"shapeless": true,
		"width": 1,
		"height": 2,
		"output": { "type": "item", "code": "pelt-oiled-canina-baby-lycaon-{type}", "quantity": 4 }
	},
	{
		"ingredientPattern": "F,H",
		"ingredients": {
			"F": { "type": "item", "code": "game:fat", "quantity": 1 },
			"H": { "type": "item", "code": "pelt-raw-canina-baby-lycaon-*", "name": "type", "quantity": 2, "allowedVariants": ["pictus"] }
		},
		"shapeless": true,
		"width": 1,
		"height": 2,
		"output": { "type": "item", "code": "pelt-oiled-canina-baby-lycaon-{type}", "quantity": 2 }
	},
	{
		"ingredientPattern": "F,H",
		"ingredients": {
			"F": { "type": "item", "code": "game:fat", "quantity": 1 },
			"H": { "type": "item", "code": "pelt-raw-canina-baby-lycaon-*", "name": "type", "quantity": 1, "allowedVariants": ["pictus"] }
		},
		"shapeless": true,
		"width": 1,
		"height": 2,
		"output": { "type": "item", "code": "pelt-oiled-canina-baby-lycaon-{type}", "quantity": 1 }
	},
	{
		"ingredientPattern": "F,H",
		"ingredients": {
			"F": { "type": "item", "code": "game:fat", "quantity": 1 },
			"H": { "type": "item", "code": "pelt-raw-canina-female-lycaon-*", "name": "type", "quantity": 1, "allowedVariants": ["pictus"] }
		},
		"shapeless": true,
		"width": 1,
		"height": 2,
		"output": { "type": "item", "code": "pelt-oiled-canina-female-lycaon-{type}", "quantity": 1 }
	},
	{
		"ingredientPattern": "F,H",
		"ingredients": {
			"F": { "type": "item", "code": "game:fat", "quantity": 1 },
			"H": { "type": "item", "code": "pelt-raw-canina-male-lycaon-*", "name": "type", "quantity": 1, "allowedVariants": ["pictus"] }
		},
		"shapeless": true,
		"width": 1,
		"height": 2,
		"output": { "type": "item", "code": "pelt-oiled-canina-male-lycaon-{type}", "quantity": 1 }
	},
	{
		"ingredientPattern": "F,H",
		"ingredients": {
			"F": { "type": "item", "code": "game:fat", "quantity": 1 },
			"H": { "type": "item", "code": "pelt-raw-cerdocyonina-baby-atelocynus-*", "name": "type", "quantity": 4, "allowedVariants": ["microtis"] }
		},
		"shapeless": true,
		"width": 1,
		"height": 2,
		"output": { "type": "item", "code": "pelt-oiled-cerdocyonina-baby-atelocynus-{type}", "quantity": 4 }
	},
	{
		"ingredientPattern": "F,H",
		"ingredients": {
			"F": { "type": "item", "code": "game:fat", "quantity": 1 },
			"H": { "type": "item", "code": "pelt-raw-cerdocyonina-baby-atelocynus-*", "name": "type", "quantity": 2, "allowedVariants": ["microtis"] }
		},
		"shapeless": true,
		"width": 1,
		"height": 2,
		"output": { "type": "item", "code": "pelt-oiled-cerdocyonina-baby-atelocynus-{type}", "quantity": 2 }
	},
	{
		"ingredientPattern": "F,H",
		"ingredients": {
			"F": { "type": "item", "code": "game:fat", "quantity": 1 },
			"H": { "type": "item", "code": "pelt-raw-cerdocyonina-baby-atelocynus-*", "name": "type", "quantity": 1, "allowedVariants": ["microtis"] }
		},
		"shapeless": true,
		"width": 1,
		"height": 2,
		"output": { "type": "item", "code": "pelt-oiled-cerdocyonina-baby-atelocynus-{type}", "quantity": 1 }
	},
	{
		"ingredientPattern": "F,H",
		"ingredients": {
			"F": { "type": "item", "code": "game:fat", "quantity": 1 },
			"H": { "type": "item", "code": "pelt-raw-cerdocyonina-female-atelocynus-*", "name": "type", "quantity": 2, "allowedVariants": ["microtis"] }
		},
		"shapeless": true,
		"width": 1,
		"height": 2,
		"output": { "type": "item", "code": "pelt-oiled-cerdocyonina-female-atelocynus-{type}", "quantity": 2 }
	},
	{
		"ingredientPattern": "F,H",
		"ingredients": {
			"F": { "type": "item", "code": "game:fat", "quantity": 1 },
			"H": { "type": "item", "code": "pelt-raw-cerdocyonina-female-atelocynus-*", "name": "type", "quantity": 1, "allowedVariants": ["microtis"] }
		},
		"shapeless": true,
		"width": 1,
		"height": 2,
		"output": { "type": "item", "code": "pelt-oiled-cerdocyonina-female-atelocynus-{type}", "quantity": 1 }
	},
	{
		"ingredientPattern": "F,H",
		"ingredients": {
			"F": { "type": "item", "code": "game:fat", "quantity": 1 },
			"H": { "type": "item", "code": "pelt-raw-cerdocyonina-male-atelocynus-*", "name": "type", "quantity": 2, "allowedVariants": ["microtis"] }
		},
		"shapeless": true,
		"width": 1,
		"height": 2,
		"output": { "type": "item", "code": "pelt-oiled-cerdocyonina-male-atelocynus-{type}", "quantity": 2 }
	},
	{
		"ingredientPattern": "F,H",
		"ingredients": {
			"F": { "type": "item", "code": "game:fat", "quantity": 1 },
			"H": { "type": "item", "code": "pelt-raw-cerdocyonina-male-atelocynus-*", "name": "type", "quantity": 1, "allowedVariants": ["microtis"] }
		},
		"shapeless": true,
		"width": 1,
		"height": 2,
		"output": { "type": "item", "code": "pelt-oiled-cerdocyonina-male-atelocynus-{type}", "quantity": 1 }
	},
	{
		"ingredientPattern": "F,H",
		"ingredients": {
			"F": { "type": "item", "code": "game:fat", "quantity": 1 },
			"H": { "type": "item", "code": "pelt-raw-cerdocyonina-baby-cerdocyon-*", "name": "type", "quantity": 4, "allowedVariants": ["thous"] }
		},
		"shapeless": true,
		"width": 1,
		"height": 2,
		"output": { "type": "item", "code": "pelt-oiled-cerdocyonina-baby-cerdocyon-{type}", "quantity": 4 }
	},
	{
		"ingredientPattern": "F,H",
		"ingredients": {
			"F": { "type": "item", "code": "game:fat", "quantity": 1 },
			"H": { "type": "item", "code": "pelt-raw-cerdocyonina-baby-cerdocyon-*", "name": "type", "quantity": 2, "allowedVariants": ["thous"] }
		},
		"shapeless": true,
		"width": 1,
		"height": 2,
		"output": { "type": "item", "code": "pelt-oiled-cerdocyonina-baby-cerdocyon-{type}", "quantity": 2 }
	},
	{
		"ingredientPattern": "F,H",
		"ingredients": {
			"F": { "type": "item", "code": "game:fat", "quantity": 1 },
			"H": { "type": "item", "code": "pelt-raw-cerdocyonina-baby-cerdocyon-*", "name": "type", "quantity": 1, "allowedVariants": ["thous"] }
		},
		"shapeless": true,
		"width": 1,
		"height": 2,
		"output": { "type": "item", "code": "pelt-oiled-cerdocyonina-baby-cerdocyon-{type}", "quantity": 1 }
	},{
		"ingredientPattern": "F,H",
		"ingredients": {
			"F": { "type": "item", "code": "game:fat", "quantity": 1 },
			"H": { "type": "item", "code": "pelt-raw-cerdocyonina-female-cerdocyon-*", "name": "type", "quantity": 4, "allowedVariants": ["thous"] }
		},
		"shapeless": true,
		"width": 1,
		"height": 2,
		"output": { "type": "item", "code": "pelt-oiled-cerdocyonina-female-cerdocyon-{type}", "quantity": 4 }
	},
	{
		"ingredientPattern": "F,H",
		"ingredients": {
			"F": { "type": "item", "code": "game:fat", "quantity": 1 },
			"H": { "type": "item", "code": "pelt-raw-cerdocyonina-female-cerdocyon-*", "name": "type", "quantity": 2, "allowedVariants": ["thous"] }
		},
		"shapeless": true,
		"width": 1,
		"height": 2,
		"output": { "type": "item", "code": "pelt-oiled-cerdocyonina-female-cerdocyon-{type}", "quantity": 2 }
	},
	{
		"ingredientPattern": "F,H",
		"ingredients": {
			"F": { "type": "item", "code": "game:fat", "quantity": 1 },
			"H": { "type": "item", "code": "pelt-raw-cerdocyonina-female-cerdocyon-*", "name": "type", "quantity": 1, "allowedVariants": ["thous"] }
		},
		"shapeless": true,
		"width": 1,
		"height": 2,
		"output": { "type": "item", "code": "pelt-oiled-cerdocyonina-female-cerdocyon-{type}", "quantity": 1 }
	},{
		"ingredientPattern": "F,H",
		"ingredients": {
			"F": { "type": "item", "code": "game:fat", "quantity": 1 },
			"H": { "type": "item", "code": "pelt-raw-cerdocyonina-male-cerdocyon-*", "name": "type", "quantity": 4, "allowedVariants": ["thous"] }
		},
		"shapeless": true,
		"width": 1,
		"height": 2,
		"output": { "type": "item", "code": "pelt-oiled-cerdocyonina-male-cerdocyon-{type}", "quantity": 4 }
	},
	{
		"ingredientPattern": "F,H",
		"ingredients": {
			"F": { "type": "item", "code": "game:fat", "quantity": 1 },
			"H": { "type": "item", "code": "pelt-raw-cerdocyonina-male-cerdocyon-*", "name": "type", "quantity": 2, "allowedVariants": ["thous"] }
		},
		"shapeless": true,
		"width": 1,
		"height": 2,
		"output": { "type": "item", "code": "pelt-oiled-cerdocyonina-male-cerdocyon-{type}", "quantity": 2 }
	},
	{
		"ingredientPattern": "F,H",
		"ingredients": {
			"F": { "type": "item", "code": "game:fat", "quantity": 1 },
			"H": { "type": "item", "code": "pelt-raw-cerdocyonina-male-cerdocyon-*", "name": "type", "quantity": 1, "allowedVariants": ["thous"] }
		},
		"shapeless": true,
		"width": 1,
		"height": 2,
		"output": { "type": "item", "code": "pelt-oiled-cerdocyonina-male-cerdocyon-{type}", "quantity": 1 }
	},{
		"ingredientPattern": "F,H",
		"ingredients": {
			"F": { "type": "item", "code": "game:fat", "quantity": 1 },
			"H": { "type": "item", "code": "pelt-raw-cerdocyonina-baby-chrysocyon-*", "name": "type", "quantity": 4, "allowedVariants": ["brachyurus"] }
		},
		"shapeless": true,
		"width": 1,
		"height": 2,
		"output": { "type": "item", "code": "pelt-oiled-cerdocyonina-baby-chrysocyon-{type}", "quantity": 4 }
	},
	{
		"ingredientPattern": "F,H",
		"ingredients": {
			"F": { "type": "item", "code": "game:fat", "quantity": 1 },
			"H": { "type": "item", "code": "pelt-raw-cerdocyonina-baby-chrysocyon-*", "name": "type", "quantity": 2, "allowedVariants": ["brachyurus"] }
		},
		"shapeless": true,
		"width": 1,
		"height": 2,
		"output": { "type": "item", "code": "pelt-oiled-cerdocyonina-baby-chrysocyon-{type}", "quantity": 2 }
	},
	{
		"ingredientPattern": "F,H",
		"ingredients": {
			"F": { "type": "item", "code": "game:fat", "quantity": 1 },
			"H": { "type": "item", "code": "pelt-raw-cerdocyonina-baby-chrysocyon-*", "name": "type", "quantity": 1, "allowedVariants": ["brachyurus"] }
		},
		"shapeless": true,
		"width": 1,
		"height": 2,
		"output": { "type": "item", "code": "pelt-oiled-cerdocyonina-baby-chrysocyon-{type}", "quantity": 1 }
	},
	{
		"ingredientPattern": "F,H",
		"ingredients": {
			"F": { "type": "item", "code": "game:fat", "quantity": 1 },
			"H": { "type": "item", "code": "pelt-raw-cerdocyonina-female-chrysocyon-*", "name": "type", "quantity": 1, "allowedVariants": ["brachyurus"] }
		},
		"shapeless": true,
		"width": 1,
		"height": 2,
		"output": { "type": "item", "code": "pelt-oiled-cerdocyonina-female-chrysocyon-{type}", "quantity": 1 }
	},
	{
		"ingredientPattern": "F,H",
		"ingredients": {
			"F": { "type": "item", "code": "game:fat", "quantity": 1 },
			"H": { "type": "item", "code": "pelt-raw-cerdocyonina-male-chrysocyon-*", "name": "type", "quantity": 1, "allowedVariants": ["brachyurus"] }
		},
		"shapeless": true,
		"width": 1,
		"height": 2,
		"output": { "type": "item", "code": "pelt-oiled-cerdocyonina-male-chrysocyon-{type}", "quantity": 1 }
	},{
		"ingredientPattern": "F,H",
		"ingredients": {
			"F": { "type": "item", "code": "game:fat", "quantity": 1 },
			"H": { "type": "item", "code": "pelt-raw-cerdocyonina-baby-dusicyon-*", "name": "type", "quantity": 4, "allowedVariants": ["australis","avus"] }
		},
		"shapeless": true,
		"width": 1,
		"height": 2,
		"output": { "type": "item", "code": "pelt-oiled-cerdocyonina-baby-dusicyon-{type}", "quantity": 4 }
	},
	{
		"ingredientPattern": "F,H",
		"ingredients": {
			"F": { "type": "item", "code": "game:fat", "quantity": 1 },
			"H": { "type": "item", "code": "pelt-raw-cerdocyonina-baby-dusicyon-*", "name": "type", "quantity": 2, "allowedVariants": ["australis","avus"] }
		},
		"shapeless": true,
		"width": 1,
		"height": 2,
		"output": { "type": "item", "code": "pelt-oiled-cerdocyonina-baby-dusicyon-{type}", "quantity": 2 }
	},
	{
		"ingredientPattern": "F,H",
		"ingredients": {
			"F": { "type": "item", "code": "game:fat", "quantity": 1 },
			"H": { "type": "item", "code": "pelt-raw-cerdocyonina-baby-dusicyon-*", "name": "type", "quantity": 1, "allowedVariants": ["australis","avus"] }
		},
		"shapeless": true,
		"width": 1,
		"height": 2,
		"output": { "type": "item", "code": "pelt-oiled-cerdocyonina-baby-dusicyon-{type}", "quantity": 1 }
	},
	{
		"ingredientPattern": "F,H",
		"ingredients": {
			"F": { "type": "item", "code": "game:fat", "quantity": 1 },
			"H": { "type": "item", "code": "pelt-raw-cerdocyonina-female-dusicyon-*", "name": "type", "quantity": 2, "allowedVariants": ["australis","avus"] }
		},
		"shapeless": true,
		"width": 1,
		"height": 2,
		"output": { "type": "item", "code": "pelt-oiled-cerdocyonina-female-dusicyon-{type}", "quantity": 2 }
	},
	{
		"ingredientPattern": "F,H",
		"ingredients": {
			"F": { "type": "item", "code": "game:fat", "quantity": 1 },
			"H": { "type": "item", "code": "pelt-raw-cerdocyonina-female-dusicyon-*", "name": "type", "quantity": 1, "allowedVariants": ["australis","avus"] }
		},
		"shapeless": true,
		"width": 1,
		"height": 2,
		"output": { "type": "item", "code": "pelt-oiled-cerdocyonina-female-dusicyon-{type}", "quantity": 1 }
	},
	{
		"ingredientPattern": "F,H",
		"ingredients": {
			"F": { "type": "item", "code": "game:fat", "quantity": 1 },
			"H": { "type": "item", "code": "pelt-raw-cerdocyonina-male-dusicyon-*", "name": "type", "quantity": 2, "allowedVariants": ["australis","avus"] }
		},
		"shapeless": true,
		"width": 1,
		"height": 2,
		"output": { "type": "item", "code": "pelt-oiled-cerdocyonina-male-dusicyon-{type}", "quantity": 2 }
	},
	{
		"ingredientPattern": "F,H",
		"ingredients": {
			"F": { "type": "item", "code": "game:fat", "quantity": 1 },
			"H": { "type": "item", "code": "pelt-raw-cerdocyonina-male-dusicyon-*", "name": "type", "quantity": 1, "allowedVariants": ["australis","avus"] }
		},
		"shapeless": true,
		"width": 1,
		"height": 2,
		"output": { "type": "item", "code": "pelt-oiled-cerdocyonina-male-dusicyon-{type}", "quantity": 1 }
	},{
		"ingredientPattern": "F,H",
		"ingredients": {
			"F": { "type": "item", "code": "game:fat", "quantity": 1 },
			"H": { "type": "item", "code": "pelt-raw-cerdocyonina-baby-lycalopex-*", "name": "type", "quantity": 4, "allowedVariants": ["culpaeus","fulvipes","griseus","gymnocercus","sechurae","vetulus"] }
		},
		"shapeless": true,
		"width": 1,
		"height": 2,
		"output": { "type": "item", "code": "pelt-oiled-cerdocyonina-baby-lycalopex-{type}", "quantity": 4 }
	},
	{
		"ingredientPattern": "F,H",
		"ingredients": {
			"F": { "type": "item", "code": "game:fat", "quantity": 1 },
			"H": { "type": "item", "code": "pelt-raw-cerdocyonina-baby-lycalopex-*", "name": "type", "quantity": 2, "allowedVariants": ["culpaeus","fulvipes","griseus","gymnocercus","sechurae","vetulus"] }
		},
		"shapeless": true,
		"width": 1,
		"height": 2,
		"output": { "type": "item", "code": "pelt-oiled-cerdocyonina-baby-lycalopex-{type}", "quantity": 2 }
	},
	{
		"ingredientPattern": "F,H",
		"ingredients": {
			"F": { "type": "item", "code": "game:fat", "quantity": 1 },
			"H": { "type": "item", "code": "pelt-raw-cerdocyonina-baby-lycalopex-*", "name": "type", "quantity": 1, "allowedVariants": ["culpaeus","fulvipes","griseus","gymnocercus","sechurae","vetulus"] }
		},
		"shapeless": true,
		"width": 1,
		"height": 2,
		"output": { "type": "item", "code": "pelt-oiled-cerdocyonina-baby-lycalopex-{type}", "quantity": 1 }
	},
	{
		"ingredientPattern": "F,H",
		"ingredients": {
			"F": { "type": "item", "code": "game:fat", "quantity": 1 },
			"H": { "type": "item", "code": "pelt-raw-cerdocyonina-female-lycalopex-*", "name": "type", "quantity": 4, "allowedVariants": ["fulvipes","griseus","gymnocercus","sechurae","vetulus"] }
		},
		"shapeless": true,
		"width": 1,
		"height": 2,
		"output": { "type": "item", "code": "pelt-oiled-cerdocyonina-female-lycalopex-{type}", "quantity": 4 }
	},
	{
		"ingredientPattern": "F,H",
		"ingredients": {
			"F": { "type": "item", "code": "game:fat", "quantity": 1 },
			"H": { "type": "item", "code": "pelt-raw-cerdocyonina-female-lycalopex-*", "name": "type", "quantity": 2, "allowedVariants": ["fulvipes","griseus","gymnocercus","sechurae","vetulus"] }
		},
		"shapeless": true,
		"width": 1,
		"height": 2,
		"output": { "type": "item", "code": "pelt-oiled-cerdocyonina-female-lycalopex-{type}", "quantity": 2 }
	},
	{
		"ingredientPattern": "F,H",
		"ingredients": {
			"F": { "type": "item", "code": "game:fat", "quantity": 1 },
			"H": { "type": "item", "code": "pelt-raw-cerdocyonina-female-lycalopex-*", "name": "type", "quantity": 1, "allowedVariants": ["culpaeus","fulvipes","griseus","gymnocercus","sechurae","vetulus"] }
		},
		"shapeless": true,
		"width": 1,
		"height": 2,
		"output": { "type": "item", "code": "pelt-oiled-cerdocyonina-female-lycalopex-{type}", "quantity": 1 }
	},
	{
		"ingredientPattern": "F,H",
		"ingredients": {
			"F": { "type": "item", "code": "game:fat", "quantity": 1 },
			"H": { "type": "item", "code": "pelt-raw-cerdocyonina-male-lycalopex-*", "name": "type", "quantity": 4, "allowedVariants": ["fulvipes","griseus","gymnocercus","sechurae","vetulus"] }
		},
		"shapeless": true,
		"width": 1,
		"height": 2,
		"output": { "type": "item", "code": "pelt-oiled-cerdocyonina-male-lycalopex-{type}", "quantity": 4 }
	},
	{
		"ingredientPattern": "F,H",
		"ingredients": {
			"F": { "type": "item", "code": "game:fat", "quantity": 1 },
			"H": { "type": "item", "code": "pelt-raw-cerdocyonina-male-lycalopex-*", "name": "type", "quantity": 2, "allowedVariants": ["culpaeus","fulvipes","griseus","gymnocercus","sechurae","vetulus"] }
		},
		"shapeless": true,
		"width": 1,
		"height": 2,
		"output": { "type": "item", "code": "pelt-oiled-cerdocyonina-male-lycalopex-{type}", "quantity": 2 }
	},
	{
		"ingredientPattern": "F,H",
		"ingredients": {
			"F": { "type": "item", "code": "game:fat", "quantity": 1 },
			"H": { "type": "item", "code": "pelt-raw-cerdocyonina-male-lycalopex-*", "name": "type", "quantity": 1, "allowedVariants": ["culpaeus","fulvipes","griseus","gymnocercus","sechurae","vetulus"] }
		},
		"shapeless": true,
		"width": 1,
		"height": 2,
		"output": { "type": "item", "code": "pelt-oiled-cerdocyonina-male-lycalopex-{type}", "quantity": 1 }
	},{
		"ingredientPattern": "F,H",
		"ingredients": {
			"F": { "type": "item", "code": "game:fat", "quantity": 1 },
			"H": { "type": "item", "code": "pelt-raw-cerdocyonina-baby-speothos-*", "name": "type", "quantity": 4, "allowedVariants": ["pacivorus","venaticus"] }
		},
		"shapeless": true,
		"width": 1,
		"height": 2,
		"output": { "type": "item", "code": "pelt-oiled-cerdocyonina-baby-speothos-{type}", "quantity": 4 }
	},
	{
		"ingredientPattern": "F,H",
		"ingredients": {
			"F": { "type": "item", "code": "game:fat", "quantity": 1 },
			"H": { "type": "item", "code": "pelt-raw-cerdocyonina-baby-speothos-*", "name": "type", "quantity": 2, "allowedVariants": ["pacivorus","venaticus"] }
		},
		"shapeless": true,
		"width": 1,
		"height": 2,
		"output": { "type": "item", "code": "pelt-oiled-cerdocyonina-baby-speothos-{type}", "quantity": 2 }
	},
	{
		"ingredientPattern": "F,H",
		"ingredients": {
			"F": { "type": "item", "code": "game:fat", "quantity": 1 },
			"H": { "type": "item", "code": "pelt-raw-cerdocyonina-baby-speothos-*", "name": "type", "quantity": 1, "allowedVariants": ["pacivorus","venaticus"] }
		},
		"shapeless": true,
		"width": 1,
		"height": 2,
		"output": { "type": "item", "code": "pelt-oiled-cerdocyonina-baby-speothos-{type}", "quantity": 1 }
	},
	{
		"ingredientPattern": "F,H",
		"ingredients": {
			"F": { "type": "item", "code": "game:fat", "quantity": 1 },
			"H": { "type": "item", "code": "pelt-raw-cerdocyonina-female-speothos-*", "name": "type", "quantity": 4, "allowedVariants": ["venaticus"] }
		},
		"shapeless": true,
		"width": 1,
		"height": 2,
		"output": { "type": "item", "code": "pelt-oiled-cerdocyonina-female-speothos-{type}", "quantity": 4 }
	},
	{
		"ingredientPattern": "F,H",
		"ingredients": {
			"F": { "type": "item", "code": "game:fat", "quantity": 1 },
			"H": { "type": "item", "code": "pelt-raw-cerdocyonina-female-speothos-*", "name": "type", "quantity": 2, "allowedVariants": ["venaticus"] }
		},
		"shapeless": true,
		"width": 1,
		"height": 2,
		"output": { "type": "item", "code": "pelt-oiled-cerdocyonina-female-speothos-{type}", "quantity": 2 }
	},
	{
		"ingredientPattern": "F,H",
		"ingredients": {
			"F": { "type": "item", "code": "game:fat", "quantity": 1 },
			"H": { "type": "item", "code": "pelt-raw-cerdocyonina-female-speothos-*", "name": "type", "quantity": 1, "allowedVariants": ["pacivorus","venaticus"] }
		},
		"shapeless": true,
		"width": 1,
		"height": 2,
		"output": { "type": "item", "code": "pelt-oiled-cerdocyonina-female-speothos-{type}", "quantity": 1 }
	},
	{
		"ingredientPattern": "F,H",
		"ingredients": {
			"F": { "type": "item", "code": "game:fat", "quantity": 1 },
			"H": { "type": "item", "code": "pelt-raw-cerdocyonina-male-speothos-*", "name": "type", "quantity": 4, "allowedVariants": ["venaticus"] }
		},
		"shapeless": true,
		"width": 1,
		"height": 2,
		"output": { "type": "item", "code": "pelt-oiled-cerdocyonina-male-speothos-{type}", "quantity": 4 }
	},
	{
		"ingredientPattern": "F,H",
		"ingredients": {
			"F": { "type": "item", "code": "game:fat", "quantity": 1 },
			"H": { "type": "item", "code": "pelt-raw-cerdocyonina-male-speothos-*", "name": "type", "quantity": 2, "allowedVariants": ["venaticus"] }
		},
		"shapeless": true,
		"width": 1,
		"height": 2,
		"output": { "type": "item", "code": "pelt-oiled-cerdocyonina-male-speothos-{type}", "quantity": 2 }
	},
	{
		"ingredientPattern": "F,H",
		"ingredients": {
			"F": { "type": "item", "code": "game:fat", "quantity": 1 },
			"H": { "type": "item", "code": "pelt-raw-cerdocyonina-male-speothos-*", "name": "type", "quantity": 1, "allowedVariants": ["pacivorus","venaticus"] }
		},
		"shapeless": true,
		"width": 1,
		"height": 2,
		"output": { "type": "item", "code": "pelt-oiled-cerdocyonina-male-speothos-{type}", "quantity": 1 }
	},{
		"ingredientPattern": "F,H",
		"ingredients": {
			"F": { "type": "item", "code": "game:fat", "quantity": 1 },
			"H": { "type": "item", "code": "pelt-raw-urocyonini-baby-urocyon-*", "name": "type", "quantity": 4, "allowedVariants": ["cinereoargenteus","littoralis"] }
		},
		"shapeless": true,
		"width": 1,
		"height": 2,
		"output": { "type": "item", "code": "pelt-oiled-urocyonini-baby-urocyon-{type}", "quantity": 4 }
	},
	{
		"ingredientPattern": "F,H",
		"ingredients": {
			"F": { "type": "item", "code": "game:fat", "quantity": 1 },
			"H": { "type": "item", "code": "pelt-raw-urocyonini-baby-urocyon-*", "name": "type", "quantity": 2, "allowedVariants": ["cinereoargenteus","littoralis"] }
		},
		"shapeless": true,
		"width": 1,
		"height": 2,
		"output": { "type": "item", "code": "pelt-oiled-urocyonini-baby-urocyon-{type}", "quantity": 2 }
	},
	{
		"ingredientPattern": "F,H",
		"ingredients": {
			"F": { "type": "item", "code": "game:fat", "quantity": 1 },
			"H": { "type": "item", "code": "pelt-raw-urocyonini-baby-urocyon-*", "name": "type", "quantity": 1, "allowedVariants": ["cinereoargenteus","littoralis"] }
		},
		"shapeless": true,
		"width": 1,
		"height": 2,
		"output": { "type": "item", "code": "pelt-oiled-urocyonini-baby-urocyon-{type}", "quantity": 1 }
	},
	{
		"ingredientPattern": "F,H",
		"ingredients": {
			"F": { "type": "item", "code": "game:fat", "quantity": 1 },
			"H": { "type": "item", "code": "pelt-raw-urocyonini-female-urocyon-*", "name": "type", "quantity": 4, "allowedVariants": ["cinereoargenteus","littoralis"] }
		},
		"shapeless": true,
		"width": 1,
		"height": 2,
		"output": { "type": "item", "code": "pelt-oiled-urocyonini-female-urocyon-{type}", "quantity": 4 }
	},
	{
		"ingredientPattern": "F,H",
		"ingredients": {
			"F": { "type": "item", "code": "game:fat", "quantity": 1 },
			"H": { "type": "item", "code": "pelt-raw-urocyonini-female-urocyon-*", "name": "type", "quantity": 2, "allowedVariants": ["cinereoargenteus","littoralis"] }
		},
		"shapeless": true,
		"width": 1,
		"height": 2,
		"output": { "type": "item", "code": "pelt-oiled-urocyonini-female-urocyon-{type}", "quantity": 2 }
	},
	{
		"ingredientPattern": "F,H",
		"ingredients": {
			"F": { "type": "item", "code": "game:fat", "quantity": 1 },
			"H": { "type": "item", "code": "pelt-raw-urocyonini-female-urocyon-*", "name": "type", "quantity": 1, "allowedVariants": ["cinereoargenteus","littoralis"] }
		},
		"shapeless": true,
		"width": 1,
		"height": 2,
		"output": { "type": "item", "code": "pelt-oiled-urocyonini-female-urocyon-{type}", "quantity": 1 }
	},
	{
		"ingredientPattern": "F,H",
		"ingredients": {
			"F": { "type": "item", "code": "game:fat", "quantity": 1 },
			"H": { "type": "item", "code": "pelt-raw-urocyonini-male-urocyon-*", "name": "type", "quantity": 4, "allowedVariants": ["cinereoargenteus","littoralis"] }
		},
		"shapeless": true,
		"width": 1,
		"height": 2,
		"output": { "type": "item", "code": "pelt-oiled-urocyonini-male-urocyon-{type}", "quantity": 4 }
	},
	{
		"ingredientPattern": "F,H",
		"ingredients": {
			"F": { "type": "item", "code": "game:fat", "quantity": 1 },
			"H": { "type": "item", "code": "pelt-raw-urocyonini-male-urocyon-*", "name": "type", "quantity": 2, "allowedVariants": ["cinereoargenteus","littoralis"] }
		},
		"shapeless": true,
		"width": 1,
		"height": 2,
		"output": { "type": "item", "code": "pelt-oiled-urocyonini-male-urocyon-{type}", "quantity": 2 }
	},
	{
		"ingredientPattern": "F,H",
		"ingredients": {
			"F": { "type": "item", "code": "game:fat", "quantity": 1 },
			"H": { "type": "item", "code": "pelt-raw-urocyonini-male-urocyon-*", "name": "type", "quantity": 1, "allowedVariants": ["cinereoargenteus","littoralis"] }
		},
		"shapeless": true,
		"width": 1,
		"height": 2,
		"output": { "type": "item", "code": "pelt-oiled-urocyonini-male-urocyon-{type}", "quantity": 1 }
	},{
		"ingredientPattern": "F,H",
		"ingredients": {
			"F": { "type": "item", "code": "game:fat", "quantity": 1 },
			"H": { "type": "item", "code": "pelt-raw-vulpini-baby-nyctereutes-*", "name": "type", "quantity": 4, "allowedVariants": ["procyonoides","viverrinus"] }
		},
		"shapeless": true,
		"width": 1,
		"height": 2,
		"output": { "type": "item", "code": "pelt-oiled-vulpini-baby-nyctereutes-{type}", "quantity": 4 }
	},
	{
		"ingredientPattern": "F,H",
		"ingredients": {
			"F": { "type": "item", "code": "game:fat", "quantity": 1 },
			"H": { "type": "item", "code": "pelt-raw-vulpini-baby-nyctereutes-*", "name": "type", "quantity": 2, "allowedVariants": ["procyonoides","viverrinus"] }
		},
		"shapeless": true,
		"width": 1,
		"height": 2,
		"output": { "type": "item", "code": "pelt-oiled-vulpini-baby-nyctereutes-{type}", "quantity": 2 }
	},
	{
		"ingredientPattern": "F,H",
		"ingredients": {
			"F": { "type": "item", "code": "game:fat", "quantity": 1 },
			"H": { "type": "item", "code": "pelt-raw-vulpini-baby-nyctereutes-*", "name": "type", "quantity": 1, "allowedVariants": ["procyonoides","viverrinus"] }
		},
		"shapeless": true,
		"width": 1,
		"height": 2,
		"output": { "type": "item", "code": "pelt-oiled-vulpini-baby-nyctereutes-{type}", "quantity": 1 }
	},
	{
		"ingredientPattern": "F,H",
		"ingredients": {
			"F": { "type": "item", "code": "game:fat", "quantity": 1 },
			"H": { "type": "item", "code": "pelt-raw-vulpini-female-nyctereutes-*", "name": "type", "quantity": 4, "allowedVariants": ["procyonoides","viverrinus"] }
		},
		"shapeless": true,
		"width": 1,
		"height": 2,
		"output": { "type": "item", "code": "pelt-oiled-vulpini-female-nyctereutes-{type}", "quantity": 4 }
	},
	{
		"ingredientPattern": "F,H",
		"ingredients": {
			"F": { "type": "item", "code": "game:fat", "quantity": 1 },
			"H": { "type": "item", "code": "pelt-raw-vulpini-female-nyctereutes-*", "name": "type", "quantity": 2, "allowedVariants": ["procyonoides","viverrinus"] }
		},
		"shapeless": true,
		"width": 1,
		"height": 2,
		"output": { "type": "item", "code": "pelt-oiled-vulpini-female-nyctereutes-{type}", "quantity": 2 }
	},
	{
		"ingredientPattern": "F,H",
		"ingredients": {
			"F": { "type": "item", "code": "game:fat", "quantity": 1 },
			"H": { "type": "item", "code": "pelt-raw-vulpini-female-nyctereutes-*", "name": "type", "quantity": 1, "allowedVariants": ["procyonoides","viverrinus"] }
		},
		"shapeless": true,
		"width": 1,
		"height": 2,
		"output": { "type": "item", "code": "pelt-oiled-vulpini-female-nyctereutes-{type}", "quantity": 1 }
	},
	{
		"ingredientPattern": "F,H",
		"ingredients": {
			"F": { "type": "item", "code": "game:fat", "quantity": 1 },
			"H": { "type": "item", "code": "pelt-raw-vulpini-male-nyctereutes-*", "name": "type", "quantity": 4, "allowedVariants": ["procyonoides","viverrinus"] }
		},
		"shapeless": true,
		"width": 1,
		"height": 2,
		"output": { "type": "item", "code": "pelt-oiled-vulpini-male-nyctereutes-{type}", "quantity": 4 }
	},
	{
		"ingredientPattern": "F,H",
		"ingredients": {
			"F": { "type": "item", "code": "game:fat", "quantity": 1 },
			"H": { "type": "item", "code": "pelt-raw-vulpini-male-nyctereutes-*", "name": "type", "quantity": 2, "allowedVariants": ["procyonoides","viverrinus"] }
		},
		"shapeless": true,
		"width": 1,
		"height": 2,
		"output": { "type": "item", "code": "pelt-oiled-vulpini-male-nyctereutes-{type}", "quantity": 2 }
	},
	{
		"ingredientPattern": "F,H",
		"ingredients": {
			"F": { "type": "item", "code": "game:fat", "quantity": 1 },
			"H": { "type": "item", "code": "pelt-raw-vulpini-male-nyctereutes-*", "name": "type", "quantity": 1, "allowedVariants": ["procyonoides","viverrinus"] }
		},
		"shapeless": true,
		"width": 1,
		"height": 2,
		"output": { "type": "item", "code": "pelt-oiled-vulpini-male-nyctereutes-{type}", "quantity": 1 }
	},
	{
		"ingredientPattern": "F,H",
		"ingredients": {
			"F": { "type": "item", "code": "game:fat", "quantity": 1 },
			"H": { "type": "item", "code": "pelt-raw-vulpini-baby-otocyon-*", "name": "type", "quantity": 4, "allowedVariants": ["megalotis"] }
		},
		"shapeless": true,
		"width": 1,
		"height": 2,
		"output": { "type": "item", "code": "pelt-oiled-vulpini-baby-otocyon-{type}", "quantity": 4 }
	},
	{
		"ingredientPattern": "F,H",
		"ingredients": {
			"F": { "type": "item", "code": "game:fat", "quantity": 1 },
			"H": { "type": "item", "code": "pelt-raw-vulpini-baby-otocyon-*", "name": "type", "quantity": 2, "allowedVariants": ["megalotis"] }
		},
		"shapeless": true,
		"width": 1,
		"height": 2,
		"output": { "type": "item", "code": "pelt-oiled-vulpini-baby-otocyon-{type}", "quantity": 2 }
	},
	{
		"ingredientPattern": "F,H",
		"ingredients": {
			"F": { "type": "item", "code": "game:fat", "quantity": 1 },
			"H": { "type": "item", "code": "pelt-raw-vulpini-baby-otocyon-*", "name": "type", "quantity": 1, "allowedVariants": ["megalotis"] }
		},
		"shapeless": true,
		"width": 1,
		"height": 2,
		"output": { "type": "item", "code": "pelt-oiled-vulpini-baby-otocyon-{type}", "quantity": 1 }
	},
	{
		"ingredientPattern": "F,H",
		"ingredients": {
			"F": { "type": "item", "code": "game:fat", "quantity": 1 },
			"H": { "type": "item", "code": "pelt-raw-vulpini-female-otocyon-*", "name": "type", "quantity": 4, "allowedVariants": ["megalotis"] }
		},
		"shapeless": true,
		"width": 1,
		"height": 2,
		"output": { "type": "item", "code": "pelt-oiled-vulpini-female-otocyon-{type}", "quantity": 4 }
	},
	{
		"ingredientPattern": "F,H",
		"ingredients": {
			"F": { "type": "item", "code": "game:fat", "quantity": 1 },
			"H": { "type": "item", "code": "pelt-raw-vulpini-female-otocyon-*", "name": "type", "quantity": 2, "allowedVariants": ["megalotis"] }
		},
		"shapeless": true,
		"width": 1,
		"height": 2,
		"output": { "type": "item", "code": "pelt-oiled-vulpini-female-otocyon-{type}", "quantity": 2 }
	},
	{
		"ingredientPattern": "F,H",
		"ingredients": {
			"F": { "type": "item", "code": "game:fat", "quantity": 1 },
			"H": { "type": "item", "code": "pelt-raw-vulpini-female-otocyon-*", "name": "type", "quantity": 1, "allowedVariants": ["megalotis"] }
		},
		"shapeless": true,
		"width": 1,
		"height": 2,
		"output": { "type": "item", "code": "pelt-oiled-vulpini-female-otocyon-{type}", "quantity": 1 }
	},
	{
		"ingredientPattern": "F,H",
		"ingredients": {
			"F": { "type": "item", "code": "game:fat", "quantity": 1 },
			"H": { "type": "item", "code": "pelt-raw-vulpini-male-otocyon-*", "name": "type", "quantity": 4, "allowedVariants": ["megalotis"] }
		},
		"shapeless": true,
		"width": 1,
		"height": 2,
		"output": { "type": "item", "code": "pelt-oiled-vulpini-male-otocyon-{type}", "quantity": 4 }
	},
	{
		"ingredientPattern": "F,H",
		"ingredients": {
			"F": { "type": "item", "code": "game:fat", "quantity": 1 },
			"H": { "type": "item", "code": "pelt-raw-vulpini-male-otocyon-*", "name": "type", "quantity": 2, "allowedVariants": ["megalotis"] }
		},
		"shapeless": true,
		"width": 1,
		"height": 2,
		"output": { "type": "item", "code": "pelt-oiled-vulpini-male-otocyon-{type}", "quantity": 2 }
	},
	{
		"ingredientPattern": "F,H",
		"ingredients": {
			"F": { "type": "item", "code": "game:fat", "quantity": 1 },
			"H": { "type": "item", "code": "pelt-raw-vulpini-male-otocyon-*", "name": "type", "quantity": 1, "allowedVariants": ["megalotis"] }
		},
		"shapeless": true,
		"width": 1,
		"height": 2,
		"output": { "type": "item", "code": "pelt-oiled-vulpini-male-otocyon-{type}", "quantity": 1 }
	},
	{
		"ingredientPattern": "F,H",
		"ingredients": {
			"F": { "type": "item", "code": "game:fat", "quantity": 1 },
			"H": { "type": "item", "code": "pelt-raw-vulpini-baby-vulpes-*", "name": "type", "quantity": 4, "allowedVariants": ["bengalensis","cana","chama","corsac","ferrilata","lagopus","macrotis","pallida","rueppellii","velox","vulpes","zerda"] }
		},
		"shapeless": true,
		"width": 1,
		"height": 2,
		"output": { "type": "item", "code": "pelt-oiled-vulpini-baby-vulpes-{type}", "quantity": 4 }
	},
	{
		"ingredientPattern": "F,H",
		"ingredients": {
			"F": { "type": "item", "code": "game:fat", "quantity": 1 },
			"H": { "type": "item", "code": "pelt-raw-vulpini-baby-vulpes-*", "name": "type", "quantity": 2, "allowedVariants": ["bengalensis","cana","chama","corsac","ferrilata","lagopus","macrotis","pallida","rueppellii","velox","vulpes","zerda"] }
		},
		"shapeless": true,
		"width": 1,
		"height": 2,
		"output": { "type": "item", "code": "pelt-oiled-vulpini-baby-vulpes-{type}", "quantity": 2 }
	},
	{
		"ingredientPattern": "F,H",
		"ingredients": {
			"F": { "type": "item", "code": "game:fat", "quantity": 1 },
			"H": { "type": "item", "code": "pelt-raw-vulpini-baby-vulpes-*", "name": "type", "quantity": 1, "allowedVariants": ["bengalensis","cana","chama","corsac","ferrilata","lagopus","macrotis","pallida","rueppellii","velox","vulpes","zerda"] }
		},
		"shapeless": true,
		"width": 1,
		"height": 2,
		"output": { "type": "item", "code": "pelt-oiled-vulpini-baby-vulpes-{type}", "quantity": 1 }
	},
	{
		"ingredientPattern": "F,H",
		"ingredients": {
			"F": { "type": "item", "code": "game:fat", "quantity": 1 },
			"H": { "type": "item", "code": "pelt-raw-vulpini-female-vulpes-*", "name": "type", "quantity": 4, "allowedVariants": ["bengalensis","cana","chama","corsac","ferrilata","lagopus","macrotis","pallida","rueppellii","velox","zerda"] }
		},
		"shapeless": true,
		"width": 1,
		"height": 2,
		"output": { "type": "item", "code": "pelt-oiled-vulpini-female-vulpes-{type}", "quantity": 4 }
	},
	{
		"ingredientPattern": "F,H",
		"ingredients": {
			"F": { "type": "item", "code": "game:fat", "quantity": 1 },
			"H": { "type": "item", "code": "pelt-raw-vulpini-female-vulpes-*", "name": "type", "quantity": 2, "allowedVariants": ["bengalensis","cana","chama","corsac","ferrilata","lagopus","macrotis","pallida","rueppellii","velox","vulpes","zerda"] }
		},
		"shapeless": true,
		"width": 1,
		"height": 2,
		"output": { "type": "item", "code": "pelt-oiled-vulpini-female-vulpes-{type}", "quantity": 2 }
	},
	{
		"ingredientPattern": "F,H",
		"ingredients": {
			"F": { "type": "item", "code": "game:fat", "quantity": 1 },
			"H": { "type": "item", "code": "pelt-raw-vulpini-female-vulpes-*", "name": "type", "quantity": 1, "allowedVariants": ["bengalensis","cana","chama","corsac","ferrilata","lagopus","macrotis","pallida","rueppellii","velox","vulpes","zerda"] }
		},
		"shapeless": true,
		"width": 1,
		"height": 2,
		"output": { "type": "item", "code": "pelt-oiled-vulpini-female-vulpes-{type}", "quantity": 1 }
	},
	{
		"ingredientPattern": "F,H",
		"ingredients": {
			"F": { "type": "item", "code": "game:fat", "quantity": 1 },
			"H": { "type": "item", "code": "pelt-raw-vulpini-male-vulpes-*", "name": "type", "quantity": 4, "allowedVariants": ["bengalensis","cana","chama","corsac","ferrilata","lagopus","macrotis","pallida","rueppellii","velox","zerda"] }
		},
		"shapeless": true,
		"width": 1,
		"height": 2,
		"output": { "type": "item", "code": "pelt-oiled-vulpini-male-vulpes-{type}", "quantity": 4 }
	},
	{
		"ingredientPattern": "F,H",
		"ingredients": {
			"F": { "type": "item", "code": "game:fat", "quantity": 1 },
			"H": { "type": "item", "code": "pelt-raw-vulpini-male-vulpes-*", "name": "type", "quantity": 2, "allowedVariants": ["bengalensis","cana","chama","corsac","ferrilata","lagopus","macrotis","pallida","rueppellii","velox","vulpes","zerda"] }
		},
		"shapeless": true,
		"width": 1,
		"height": 2,
		"output": { "type": "item", "code": "pelt-oiled-vulpini-male-vulpes-{type}", "quantity": 2 }
	},
	{
		"ingredientPattern": "F,H",
		"ingredients": {
			"F": { "type": "item", "code": "game:fat", "quantity": 1 },
			"H": { "type": "item", "code": "pelt-raw-vulpini-male-vulpes-*", "name": "type", "quantity": 1, "allowedVariants": ["bengalensis","cana","chama","corsac","ferrilata","lagopus","macrotis","pallida","rueppellii","velox","vulpes","zerda"] }
		},
		"shapeless": true,
		"width": 1,
		"height": 2,
		"output": { "type": "item", "code": "pelt-oiled-vulpini-male-vulpes-{type}", "quantity": 1 }
	}
]