[
	{
		"dependsOn": [
			{ "modid": "usefultraders" }
		],
		"file": "game:entities/humanoid/usefultrader-chef.json",
		"op": "addmerge",
		"path": "/attributes/tradeProps/buying/list",
		"value": [
			{
				"code": "floralzonesneozeylandicregion:fruit-asteliagrandis",
				"type": "item",
				"stacksize": 16,
				"stock": {
					"avg": 8,
					"var": 2
				},
				"price": {
					"avg": 1,
					"var": 0
				}
			},
			{
				"code": "floralzonesneozeylandicregion:vegetable-cordylinepumilio",
				"type": "item",
				"stacksize": 8,
				"stock": {
					"avg": 8,
					"var": 2
				},
				"price": {
					"avg": 1,
					"var": 0
				}
			}
		]
	}
]