[
	{
		"op": "replace",
		"path": "/0/enabled",
		"value": true,
		"file": "compatibility/ancienttools/recipes/grid/block/curingrackfzaus",
		"dependsOn": [ { "modid": "ancienttools" }],
		"side": "Server"
	},
	{
		"op": "replace",
        "path": "/0/enabled",
        "value": true,
        "file": "compatibility/ancienttools/recipes/grid/block/stretchingframefzaus",
        "dependsOn": [ { "modid": "ancienttools" }],
		"side": "Server"
	},
	{
		"op": "replace",
        "path": "/0/enabled",
        "value": true,
        "file": "compatibility/ancienttools/recipes/grid/block/debarkedlogfzaus",
        "dependsOn": [ { "modid": "ancienttools" }],
		"side": "Server"
	},
	{
		"op": "replace",
        "path": "/1/enabled",
        "value": true,
        "file": "compatibility/ancienttools/recipes/grid/block/debarkedlogfzaus",
        "dependsOn": [ { "modid": "ancienttools" }],
		"side": "Server"
	},
	{
		"op": "replace",
        "path": "/0/enabled",
        "value": true,
        "file": "compatibility/ancienttools/recipes/grid/spawners/cartfzaus",
        "dependsOn": [ { "modid": "ancienttools" }],
		"side": "Server"
	},
	{
		"op": "replace",
        "path": "/1/enabled",
        "value": true,
        "file": "compatibility/ancienttools/recipes/grid/spawners/cartfzaus",
        "dependsOn": [ { "modid": "ancienttools" }],
		"side": "Server"
	},
	{
		"op": "replace",
        "path": "/0/enabled",
        "value": true,
        "file": "compatibility/ancienttools/recipes/grid/item/wheelfzaus",
        "dependsOn": [ { "modid": "ancienttools" }],
		"side": "Server"
	},
	{
		"op": "replace",
        "path": "/1/enabled",
        "value": true,
        "file": "compatibility/ancienttools/recipes/grid/item/wheelfzaus",
        "dependsOn": [ { "modid": "ancienttools" }],
		"side": "Server"
	},
	{
		"op": "replace",
        "path": "/0/enabled",
        "value": true,
        "file": "compatibility/ancienttools/recipes/grid/item/beamfzaus",
        "dependsOn": [ { "modid": "ancienttools" }],
		"side": "Server"
	},
	{
		"op": "replace",
        "path": "/1/enabled",
        "value": true,
        "file": "compatibility/ancienttools/recipes/grid/item/beamfzaus",
        "dependsOn": [ { "modid": "ancienttools" }],
		"side": "Server"
	}
]