{
	"editor": {
		"allAngles": false,
		"entityTextureMode": false
	},
	"textureWidth": 16,
	"textureHeight": 16,
	"textureSizes": {
	},
	"textures": {
	},
	"elements": [
		{
			"name": "Pipe",
			"from": [ 6.0, -1.0, 6.0 ],
			"to": [ 7.0, 15.0, 9.0 ],
			"rotationOrigin": [ 8.0, 7.0, 8.0 ],
			"rotationZ": 90.0,
			"faces": {
				"north": { "texture": "#metal", "uv": [ 0.0, 4.0, 16.0, 5.0 ], "rotation": 90 },
				"east": { "texture": "#metal", "uv": [ 0.0, 3.0, 16.0, 6.0 ], "rotation": 90, "windMode": [-1,-1,-1,-1], "windData": [0,1,1,0] },
				"south": { "texture": "#metal", "uv": [ 0.0, 3.0, 16.0, 4.0 ], "rotation": 90, "windMode": [-1,-1,-1,-1], "windData": [0,0,1,1] },
				"west": { "texture": "#metal", "uv": [ 0.0, 3.5, 16.0, 6.5 ], "rotation": 90, "windMode": [-1,-1,-1,-1], "windData": [0,0,1,1] },
				"up": { "texture": "#metal", "uv": [ 3.5, 8.0, 4.5, 11.0 ], "windMode": [-1,-1,-1,-1], "windData": [1,1,1,1] },
				"down": { "texture": "#metal", "uv": [ 9.0, 3.0, 10.0, 6.0 ], "windMode": [-1,-1,-1,-1] }
			},
			"children": [
				{
					"name": "Pipe2",
					"from": [ 1.0, 0.0, 2.0 ],
					"to": [ 4.0, 16.0, 3.0 ],
					"rotationOrigin": [ 3.0, 8.0, 4.0 ],
					"faces": {
						"north": { "texture": "#metal", "uv": [ 0.0, 4.0, 16.0, 7.0 ], "rotation": 90 },
						"east": { "texture": "#metal", "uv": [ 0.0, 3.0, 16.0, 4.0 ], "rotation": 90, "windMode": [-1,-1,-1,-1], "windData": [0,1,1,0] },
						"south": { "texture": "#metal", "uv": [ 0.0, 3.0, 16.0, 6.0 ], "rotation": 90, "windMode": [-1,-1,-1,-1], "windData": [0,0,1,1] },
						"west": { "texture": "#metal", "uv": [ 0.0, 3.5, 16.0, 4.5 ], "rotation": 90, "windMode": [-1,-1,-1,-1], "windData": [0,0,1,1] },
						"up": { "texture": "#metal", "uv": [ 3.5, 8.0, 6.5, 9.0 ], "windMode": [-1,-1,-1,-1], "windData": [1,1,1,1] },
						"down": { "texture": "#metal", "uv": [ 9.0, 3.0, 12.0, 4.0 ], "windMode": [-1,-1,-1,-1] }
					}
				}
			]
		}
	]}