{
	//TODO Delete inside faces and Simplify Shapes
	"editor": {
		"allAngles": false,
		"entityTextureMode": false
	},
	"textureWidth": 16,
	"textureHeight": 16,
	"textureSizes": {
	},
	"textures": {
		"metal": "game:block/metal/sheet/{metal}3"
	},
	"elements": [
		{
			"name": "Pipe",
			"from": [ 6.0, 0.0, 6.0 ],
			"to": [ 10.0, 16.0, 10.0 ],
			"rotationOrigin": [ 6.0, 0.0, 6.0 ],
			"faces": {
				"north": { "texture": "#metal", "uv": [ 0.0, 4.0, 16.0, 8.0 ], "rotation": 90 },
				"east": { "texture": "#metal", "uv": [ 0.0, 3.0, 16.0, 7.0 ], "rotation": 90, "windMode": [-1,-1,-1,-1], "windData": [0,1,1,0] },
				"south": { "texture": "#metal", "uv": [ 0.0, 3.0, 16.0, 7.0 ], "rotation": 90, "windMode": [-1,-1,-1,-1], "windData": [0,0,1,1] },
				"west": { "texture": "#metal", "uv": [ 0.0, 3.5, 16.0, 7.5 ], "rotation": 90, "windMode": [-1,-1,-1,-1], "windData": [0,0,1,1] },
				"up": { "texture": "#metal", "uv": [ 3.5, 8.0, 7.5, 12.0 ], "windMode": [-1,-1,-1,-1], "windData": [1,1,1,1] },
				"down": { "texture": "#metal", "uv": [ 9.0, 3.0, 13.0, 7.0 ], "windMode": [-1,-1,-1,-1] }
			}
		}
	]}