[
	{
		"dependsOn": [
			{ "modid": "postsandbeams" }
		],
		"file": "postsandbeams:blocktypes/wood/woodtyped/woodenpost-torchholder.json",
		"op": "addmerge",
		"path": "/variantgroups/0/loadFromPropertiesCombine/-",
		"value": "floralzonescaribbeanregion:block/wood"
	},
	{
		"dependsOn": [
			{ "modid": "postsandbeams" }
		],
		"file": "postsandbeams:blocktypes/wood/woodtyped/woodenpost-torchholder.json",
		"op": "addmerge",
		"path": "/texturesByType/*-lysilomalatisiliquum-barked-*",
		"value": {
			"bark": {
				"base": "floralzonescaribbeanregion:block/wood/bark/{wood}"
			},
			"cut": {
				"base": "game:block/wood/debarked/{wood}"
			},
			"material": { "base": "game:block/metal/torchholder/{material}" }
		}
	},
	{
		"dependsOn": [
			{ "modid": "postsandbeams" }
		],
		"file": "postsandbeams:blocktypes/wood/woodtyped/woodenpost-torchholder.json",
		"op": "addmerge",
		"path": "/texturesByType/*-lysilomalatisiliquum-debarked-*",
		"value": {
			"bark": {
				"base": "game:block/wood/debarked/{wood}",
				"rotation": 90
			},
			"cut": {
				"base": "game:block/wood/debarked/{wood}"
			},
			"material": { "base": "game:block/metal/torchholder/{material}" }
		}
	},
	{
		"dependsOn": [
			{ "modid": "postsandbeams" }
		],
		"op": "move",
		"frompath": "/texturesByType/*-barked-*",
		"path": "/texturesByType/temp-*-barked-*",
		"file": "postsandbeams:blocktypes/wood/woodtyped/woodenpost-torchholder.json"
	},
	{
		"dependsOn": [
			{ "modid": "postsandbeams" }
		],
		"op": "move",
		"frompath": "/texturesByType/temp-*-barked-*",
		"path": "/texturesByType/*-barked-*",
		"file": "postsandbeams:blocktypes/wood/woodtyped/woodenpost-torchholder.json"
	},
	{
		"dependsOn": [
			{ "modid": "postsandbeams" }
		],
		"op": "move",
		"frompath": "/texturesByType/*-debarked-*",
		"path": "/texturesByType/temp-*-debarked-*",
		"file": "postsandbeams:blocktypes/wood/woodtyped/woodenpost-torchholder.json"
	},
	{
		"dependsOn": [
			{ "modid": "postsandbeams" }
		],
		"op": "move",
		"frompath": "/texturesByType/temp-*-debarked-*",
		"path": "/texturesByType/*-debarked-*",
		"file": "postsandbeams:blocktypes/wood/woodtyped/woodenpost-torchholder.json"
	}
]