[
  {
    "code": "borax",
    "triesPerChunk": 0.001,
    "withOreMap": false,
    "handbookPageCode": "item-ore-borax",
    "generator": "iog-gen",
    "attributes": {
      "inblock": {
        "veintype": "fault",
        "code": "rock-*",
        "name": "rock",
        "allowedVariants": [ "claystone", "sandstone", "shale", "chalk", "limestone", "chert", "conglomerate" ]
      },
      "placeblock": {
        "code": "ore-borax-{rock}"
      },
      "radius": {
        "dist": "uniform",
        "avg": 48,
        "var": 16
      },
      "yPosRel": {
        "dist": "uniform",
        "avg": 0.45,
        "var": 0.4
      },
      "thickness": {
        "dist": "uniform",
        "avg": 5,
        "var": 2
      },
      "branchCount": {
        "dist": "uniform",
        "avg": 7,
        "var": 4
      },
      "branchLength": {
        "dist": "uniform",
        "avg": 5,
        "var": 2
      },
      "OreSpongePercent": 0.3
    }
  }
]