[
  {
    "code": "quartz",
    "triesPerChunk": 0.01,
    "withOreMap": false,
    "handbookPageCode": "ore-quartz",
    "generator": "iog-gen",
    "attributes": {
      "inblock": {
        "veintype": "fault",
        "code": "rock-*",
        "name": "rock",
        "allowedVariants": [ "andesite", "chalk", "chert", "conglomerate", "limestone", "claystone", "granite", "sandstone", "shale", "basalt", "peridotite", "phyllite", "slate" ]
      },

      "placeblock": {
        "code": "ore-quartz-{rock}"
      },
      "radius": {
        "dist": "uniform",
        "avg": 96,
        "var": 32
      },
      "yPosRel": {
        "dist": "uniform",
        "avg": 0.45,
        "var": 0.4
      },
      "thickness": {
        "dist": "uniform",
        "avg": 1,
        "var": 1
      },
      "branchCount": {
        "dist": "uniform",
        "avg": 0,
        "var": 0
      },
      "branchLength": {
        "dist": "uniform",
        "avg": 0,
        "var": 0
      },
      "OreSpongePercent": 0.3
    }
  },
  {
    "code": "quartz",
    "triesPerChunk": 0.001,
    "withOreMap": true,
    "handbookPageCode": "item-nugget-nativegold",
    "generator": "iog-gen",
    "attributes": {
      "inblock": {
        "veintype": "fault",
        "code": "rock-*",
        "name": "rock",
        "allowedVariants": [ "andesite", "chalk", "chert", "conglomerate", "limestone", "claystone", "granite", "sandstone", "shale", "basalt", "peridotite", "phyllite", "slate" ]
      },
      "placeblock": {
        "code": "ore-quartz-{rock}"
      },
      "subdeposit": {
        "code": "ore-*-quartz_nativegold-{rock}",
        "name": "grade",
        "allowedVariantsByInBlock": {
          "rock-andesite": [ "poor", "medium", "rich", "bountiful" ],
          "rock-granite": [ "poor", "medium", "rich", "bountiful" ],
          "rock-basalt": [ "poor", "medium", "rich", "bountiful" ],
          "rock-peridotite": [ "poor", "medium", "rich", "bountiful" ],
          "rock-claystone": [ "poor", "medium", "rich", "bountiful" ],
          "rock-sandstone": [ "poor", "medium", "rich", "bountiful" ],
          "rock-shale": [ "poor", "medium", "rich", "bountiful" ],
          "rock-chalk": [ "poor", "medium", "rich", "bountiful" ],
          "rock-chert": [ "poor", "medium", "rich", "bountiful" ],
          "rock-conglomerate": [ "poor", "medium", "rich", "bountiful" ],
          "rock-phyllite": [ "poor", "medium", "rich", "bountiful" ],
          "rock-slate": [ "poor", "medium", "rich", "bountiful" ],
          "rock-limestone": [ "poor", "medium", "rich", "bountiful" ]
        }
      },
      "radius": {
        "dist": "uniform",
        "avg": 96,
        "var": 32
      },
      "yPosRel": {
        "dist": "uniform",
        "avg": 0.45,
        "var": 0.4
      },
      "thickness": {
        "dist": "uniform",
        "avg": 2,
        "var": 1
      },
      "branchCount": {
        "dist": "uniform",
        "avg": 60,
        "var": 8
      },
      "branchLength": {
        "dist": "uniform",
        "avg": 2,
        "var": 1
      },
      "OreSpongePercent": 0.3
    }
  },
  {
    "code": "quartz",
    "triesPerChunk": 0.005,
    "withOreMap": true,
    "handbookPageCode": "item-nugget-nativesilver",
    "generator": "iog-gen",
    "attributes": {
      "inblock": {
        "veintype": "fault",
        "code": "rock-*",
        "name": "rock",
        "allowedVariants": [ "andesite", "chalk", "chert", "conglomerate", "limestone", "claystone", "granite", "sandstone", "shale", "basalt", "peridotite", "phyllite", "slate" ]
      },
      "placeblock": {
        "code": "ore-quartz-{rock}"
      },
      "subdeposit": {
        "code": "ore-*-quartz_nativesilver-{rock}",
        "name": "grade",
        "allowedVariantsByInBlock": {
          "rock-andesite": [ "poor", "medium", "rich", "bountiful" ],
          "rock-granite": [ "poor", "medium", "rich", "bountiful" ],
          "rock-basalt": [ "poor", "medium", "rich", "bountiful" ],
          "rock-peridotite": [ "poor", "medium", "rich", "bountiful" ],
          "rock-claystone": [ "poor", "medium", "rich", "bountiful" ],
          "rock-sandstone": [ "poor", "medium", "rich", "bountiful" ],
          "rock-shale": [ "poor", "medium", "rich", "bountiful" ],
          "rock-chalk": [ "poor", "medium", "rich", "bountiful" ],
          "rock-chert": [ "poor", "medium", "rich", "bountiful" ],
          "rock-conglomerate": [ "poor", "medium", "rich", "bountiful" ],
          "rock-phyllite": [ "poor", "medium", "rich", "bountiful" ],
          "rock-slate": [ "poor", "medium", "rich", "bountiful" ],
          "rock-limestone": [ "poor", "medium", "rich", "bountiful" ]
        }
      },
      "radius": {
        "dist": "uniform",
        "avg": 96,
        "var": 32
      },
      "yPosRel": {
        "dist": "uniform",
        "avg": 0.45,
        "var": 0.4
      },
      "thickness": {
        "dist": "uniform",
        "avg": 2,
        "var": 1
      },
      "branchCount": {
        "dist": "uniform",
        "avg": 56,
        "var": 8
      },
      "branchLength": {
        "dist": "uniform",
        "avg": 4,
        "var": 2
      },
      "OreSpongePercent": 0.3
    }
  }
]