[
  {
    "code": "sulfur",
    "triesPerChunk": 0.1,
    "withOreMap": false,
    "handbookPageCode": "item-ore-sulfur",
    "generator": "iog-gen",
    "attributes": {
      "inblock": {
        "veintype": "chimney",
        "code": "rock-*",
        "name": "rock",
        "allowedVariants": [ "claystone", "sandstone", "shale", "chalk", "limestone", "chert", "conglomerate" ]
      },
      "placeblock": {
        "code": "ore-sulfur-{rock}"
      },
      "radius": {
        "dist": "uniform",
        "avg": 4,
        "var": 2
      },
      "yPosRel": {
        "dist": "uniform",
        "avg": 0.5,
        "var": 0.4
      },
      "thickness": {
        "dist": "triangle",
        "avg": 60,
        "var": 30
      },
      "branchCount": {
        "dist": "uniform",
        "avg": 7,
        "var": 2
      },
      "branchLength": {
        "dist": "uniform",
        "avg": 80,
        "var": 30
      }
    }
  }
]