{
	"code": "casuariidae",
	"class": "EntityAgent",
	"tags": ["animal", "huntable", "nest", "habitat-land"],
	"variantgroups": [
		{ "code": "age", "states": ["nest"] },
		{ "code": "type", "states": ["bennetti", "casuarius", "novaehollandiae","novaehollandiaediemenensis","unappendiculatus"  ] },
		{ "code": "state", "states": ["incubating", "mature", "empty"] }
	],
	"selectionBoxSizeByType": {
		"*": {"x": 0.5,"y": 0.5}
	},
	"deadSelectionBoxSizeByType": {
		"*": {"x": 0.5,"y": 0.5}
	},
	"knockbackResistanceByType": {
		"*": 1.0
	},	
	"eyeHeight": 0.6,
	"weightByType": {
		"*": 1
	},	
	"dropsByType": {
		"*-bennetti-incubating":[{ "type": "item", "code": "creature-casuariidae-egg-{type}-raw","quantity": {"avg": 5.0,"var": 1.0}}],
		"*-casuarius-incubating":[{ "type": "item", "code": "creature-casuariidae-egg-{type}-raw","quantity": {"avg": 5.0,"var": 1.0}}],
		"*-novaehollandiae-incubating":[{ "type": "item", "code": "creature-casuariidae-egg-{type}-raw","quantity": {"avg": 14.5,"var": 9.5}}],
		"*-novaehollandiaediemenensis-incubating":[{ "type": "item", "code": "creature-casuariidae-egg-{type}-raw","quantity": {"avg": 14.5,"var": 9.5}}],
		"*-unappendiculatus-incubating":[{ "type": "item", "code": "creature-casuariidae-egg-{type}-raw","quantity": {"avg": 16.0,"var": 4.0}}]},	
	"attributes": {
		"handbook": {
			"groupBy": ["casuariidae-*"]
		}
	},
	"client": {
		"renderer": "Shape",
		"shapeByType": {"*": { "base": "entity/land/casuariidae/nest-{state}" }},
		"texturesByType": { 
			"*-casuarius-*": { "flat": {"base": "game:block/plant/lichen/oldmans/flat"},"skin": {"base": "entity/casuariidae/casuarius-egg"} },    
			"*-novaehollandiae-*": { "flat": {"base": "game:block/plant/lichen/oldmans/flat"},"skin": {"base": "entity/casuariidae/novaehollandiae-egg"} },  
			"*-novaehollandiaediemenensis-*": { "flat": {"base": "game:block/plant/lichen/oldmans/flat"},"skin": {"base": "entity/casuariidae/novaehollandiae-egg"} },   
			"*": { "flat": {"base": "game:block/plant/lichen/oldmans/flat"},"skin": {"base": "entity/casuariidae/bennetti-egg"} }   
		},
		"sizeByType": {
			"*-bennetti-*": 0.25,
			"*": 0.4
		},
		"behaviors": [
			{
				"code": "controlledphysics",
				"stepHeight": 0
			},
			{ "code": "interpolateposition" },
			{
				"code": "despawn",
				"minPlayerDistance": 8,
				"belowLightLevel": 0,
				"minSeconds": 300
			},
			{
				"code": "floatupwhenstuck",
				"onlyWhenDead": true
			},
			{ "code": "harvestable" }

		],
		"animations": [
			{"code": "idle","animation": "Idle","blendMode": "AddAverage","easeOutSpeed": 4,"triggeredBy": { "defaultAnim": true }}
		]
	},
	"server": {
		"attributes": {
		},
		"behaviors": [
			{
				"code": "controlledphysics",
				"stepHeight": 0
			},
			{
				"code": "health",
				"maxhealthByType": {
					"*": 1
				}
			},
			{
				"code": "deaddecay",
				"hoursToDecay": 24
			},
			{
				"code": "floatupwhenstuck",
				"onlyWhenDead": true
			},
			{
				"code": "harvestable",
				"drops": [
					{
						"type": "item",
						"code": "game:stick",
						"quantityByType": {
							"*": {"avg": 4,"var": 2}
						}
					}
				]
			},
			{ 
				"code": "grow", 
				"enabledByType": {
					"*-empty": false,
					"*": true
				},
				"hoursToGrowByType": {"*-incubating": 240,"*-mature": 2},
				"adultEntityCodesByType": {
					"*-incubating": ["casuariidae:casuariidae-nest-{type}-mature"],
					"*-mature": ["casuariidae:casuariidae-nest-{type}-empty"]
				}
			},
			{
				"code": "taskai",
				"aitasks": [
					{
						"code": "bellalarm",
						"animation": "Idle",
						"enabledByType": {"*-mature": true,"*": false},
						"onNearbyEntityCodes": ["player"],
						"spawnMobs": [
							"casuariidae:casuariidae-baby-female-{type}",
							"casuariidae:casuariidae-baby-male-{type}"
						],
						"spawnMaxQuantityByType": {
							"*-bennetti-*":3,
							"*-casuarius-*":3,
							"*-novaehollandiae-*":12,
							"*-unappendiculatus-*":10},
						"spawnIntervalMsMin": 1000,
						"spawnIntervalMsMax": 4000,
						"spawnRange": 0.5,
						"seekingRange": 150,
						"priority": 1.5,
						"minduration": 2000,
						"maxduration": 8000,
						"mincooldown": 6000,
						"maxcooldown": 12000,
						"animationSpeed": 2.0
					},
					{
						"code": "idle",
						"animation": "Idle",
						"priority": 0.9,
						"minduration": 180000,
						"maxduration": 240000,
						"mincooldown": 3000,
						"maxcooldown": 3000
					}
				]
			}

		],
		"spawnconditions": {
			"runtime": {
				"group": "neutral",
				"tryOnlySurface": true,
				"maxQuantity": 1,
				"maxQuantityByGroup": {"code": "casuariidae-*",	"maxQuantity": 4},
				"chanceByType": {"*-incubating": 0.0001,"*": 0.0},
				"mindistancetoplayer": 50,
				"maxLightLevel": 7,
				"lightLevelType": "onlyBlockLight",	
				"spawnCapPlayerScaling": 0.0,	
				"groupSizeByType": {
					"*": { "dist": "uniform", "avg": 1.5, "var": 0.0 }
				},
				"insideBlockCodes": [ "game:air", "game:tallgrass-*", "game:snowlayer-1", "game:gravel-*" ],
				"companionsByType": {
				"*":["casuariidae:casuariidae-adult-male-{type}"]}
			}
		},
		"spawnconditionsByType": {
			"*-bennetti-*": {
				"climate": {
					"minTemp": 22,
					"maxTemp": 38,
					"minRain": 0.7,
					"maxRain": 1.0,
					"minForestOrShrubs": 0.6,
					"maxForest": 1.0,
					"maxShrubs": 1.0,
					"minY": 1.2,
					"maxY": 1.73					
				}
			},
			"*-casuarius-*": {
				"climate": {
					"minTemp": 32,
					"maxTemp": 40,
					"minRain": 0.7,
					"maxRain": 1.0,
					"minForestOrShrubs": 0.5,
					"maxForest": 1.0,
					"maxShrubs": 1.0,
					"minY": 1.0,
					"maxY": 1.3					
				}
			},
			"*-novaehollandiae-*": {
				"climate": {
					"minTemp": 16,
					"maxTemp": 50,
					"minRain": 0.0,
					"maxRain": 0.7,
					"minForestOrShrubs": 0.0,
					"maxForest": 0.5,
					"maxShrubs": 1.0,
					"minY": 1.0,
					"maxY": 1.2					
				}
			},
			"*-novaehollandiaediemenensis-*": {
				"climate": {
					"minTemp": 10,
					"maxTemp": 14,
					"minRain": 0.4,
					"maxRain": 1,
					"minForestOrShrubs": 0.0,
					"maxForest": 0.0,
					"maxShrubs": 1.0,
					"minY": 1.0,
					"maxY": 1.2					
				}
			},
			"*-unappendiculatus-*": {
				"climate": {
					"minTemp": 34,
					"maxTemp": 44,
					"minRain": 0.7,
					"maxRain": 1.0,
					"minForestOrShrubs": 0.5,
					"maxForest": 1.0,
					"maxShrubs": 1.0,
					"minY": 1.0,
					"maxY": 1.2					
				}
			}
		}
	}
}