{
	"code": "casuariidae",
	"class": "EntityAgent",
	"tags": ["animal", "huntable", "habitat-land"],
	"fallDamageMultiplier": 0.1,
	"variantgroups": [
		{ "code": "age", "states": ["baby"] },
		{ "code": "gender", "states": ["male", "female"] },
		{ "code": "type", "states": ["bennetti", "casuarius", "novaehollandiae","novaehollandiaediemenensis","unappendiculatus" ] }
	],
	"hitBoxSizeByType": {
		"*-baby-*-bennetti": { "x": 0.2,"y": 0.3},
		"*-baby-*-casuarius": { "x": 0.3,"y": 0.4},
		"*-baby-*-novaehollandiae": { "x": 0.3,"y": 0.4},
		"*-baby-*-novaehollandiaediemenensis": { "x": 0.3,"y": 0.4},
		"*-baby-*-unappendiculatus": { "x": 0.3,"y": 0.4},
		"*": { "x": 0.15,"y": 0.15}
	},
	"deadhitBoxSizeByType": {
		"*-baby-*-bennetti": { "x": 0.2,"y": 0.15},
		"*-baby-*-casuarius": { "x": 0.3,"y": 0.2},
		"*-baby-*-novaehollandiae": { "x": 0.3,"y": 0.2},
		"*-baby-*-novaehollandiaediemenensis": { "x": 0.3,"y": 0.2},
		"*-baby-*-unappendiculatus": { "x": 0.3,"y": 0.2},
		"*": { "x": 0.15,"y": 0.1}
	},
	"eyeHeightByType": {
		"*-baby-*-bennetti": 0.6,
		"*-baby-*-casuarius": 0.6,
		"*-baby-*-novaehollandiae": 0.6,
		"*-baby-*-novaehollandiaediemenensis": 0.6,
		"*-baby-*-unappendiculatus": 0.6,
		"*": 0.6
	},
	"weightByType": {
		"*-baby-*-bennetti": 3,
		"*-baby-*-casuarius": 5,
		"*-baby-*-novaehollandiae": 5,
		"*-baby-*-novaehollandiaediemenensis": 5,
		"*-baby-*-unappendiculatus": 5
	},	
	"knockbackResistanceByType": {
		"*-baby-*": 0.1
	},	
	"drops": [],
	"attributes": {
		"killedByInfoText": "deadcreature-killed",
		"trappableByType": {
			"*": {
				"small": { "trapChance": 0.4,	"trapDestroyChance": 0.05 },
				"large": { "trapChance": 0.9,	"trapDestroyChance": 0 }
			}
		},
		"creatureDietByType": {
			"*-novaehollandiae*":{
			"foodCategories": ["Fruit","Grain","Vegetable"],
			"weightedFoodTags": [
				{ "weight": 1, "code": "fruit" },
				{ "weight": 0.9, "code": "fruitmash" },
				{ "weight": 0.7, "code": "grain" },
				{ "weight": 0.1, "code": "grass" },
				{ "weight": 0.7, "code": "insect" },
				{ "weight": 0.5, "code": "nibbleCrop" },
				{ "weight": 0.2, "code": "peanut" },
				{ "weight": 1, "code": "sweetBerryBush" },
				{ "weight": 1, "code": "tastyvegetable" }
			]
		},
			"*":{
			"foodCategories": ["Fruit","Grain","Protein","Vegetable"],
			"weightedFoodTags": [
				{ "weight": 1, "code": "egg" },
				{ "weight": 0.7, "code": "fish" },
				{ "weight": 0.6, "code": "fruit" },
				{ "weight": 0.5, "code": "fruitmash" },
				{ "weight": 0.7, "code": "grain" },
				{ "weight": 0.1, "code": "grass" },
				{ "weight": 0.7, "code": "insect" },
				{ "weight": 0.7, "code": "meat" },
				{ "weight": 0.5, "code": "nibbleCrop" },
				{ "weight": 0.2, "code": "peanut" },
				{ "weight": 1, "code": "sweetBerryBush" },
				{ "weight": 1, "code": "tastyvegetable" }
			]
		}},
		"handbook": {
			"groupcode": "creaturegroup-casuariidae"
		}
	},
	"client": {
		"renderer": "Shape",
		"shapeByType": {
			"*-baby-*": { "base": "entity/land/casuariidae/baby" }
		},
		"textureByType": {
			"*-baby-*-casuarius": { "base": "entity/casuariidae/bennetti-baby" }, 
			"*-baby-*-novaehollandiaediemenensis": { "base": "entity/casuariidae/novaehollandiae-baby" },     
			"*-baby-*-unappendiculatus": { "base": "entity/casuariidae/bennetti-baby" },   
			"*": { "base": "entity/casuariidae/{type}-{age}" }   
		},
		"sizeByType": {
			"*-baby-*-bennetti": 0.3,
			"*-baby-*-casuarius": 0.4,
			"*-baby-*-novaehollandiaediemenensis": 0.4,
			"*-baby-*-novaehollandiae": 0.4,
			"*-baby-*-unappendiculatus": 0.4
		},
		"behaviors": [
			{ "code": "repulseagents" },
			{ "code": "controlledphysics","stepHeight": 1.1251 },
			{ "code": "interpolateposition" },
			{ "code": "floatupwhenstuck", "onlyWhenDead": true },
			{ "code": "harvestable","quantitySlots": 8 },
			{ "code": "despawn", "minPlayerDistance": 16, "belowLightLevel": 8, "minSeconds": 300 }
		],
		"animations": [
			{
				"code": "attack",
				"animation": "Attack",
				"animationSpeed": 2.2,
				"weight": 10,
				"blendMode": "AddAverage"
			},
			{
				"code": "charge",
				"animation": "Charge",
				"animationSpeed": 2.2,
				"weight": 10,
				"blendMode": "Average"
			},
			{
				"code": "call",
				"animation": "Call",
				"animationSpeed": 2.2,
				"weight": 5,
				"blendMode": "AddAverage"
			},
			{
				"code": "threat",
				"animation": "Threat",
				"animationSpeed": 2.2,
				"weight": 10,
				"blendMode": "AddAverage"
			},
			{
				"code": "hurt",
				"animation": "Hurt",
				"animationSpeed": 2.2,
				"weight": 10,
				"blendMode": "AddAverage"
			},
			{
				"code": "die",
				"animation": "Die",
				"easeInSpeed": 3,
				"animationSpeedByType": {
					"*-adult": 0.8,
					"*-baby": 1.0
				},
				"weight": 10,
				"blendMode": "Average",
				"triggeredBy": { "onControls": [ "dead" ] }
			},
			{
				"code": "idle",
				"animation": "Idle",
				"blendMode": "AddAverage",
				"easeOutSpeed": 4,
				"triggeredBy": { "defaultAnim": true }
			},
			{
				"code": "sleep",
				"animation": "Sleep",
				"easeInSpeed": 2,
				"easeOutSpeed": 4,
				"blendMode": "Average"
			},
			{
				"code": "sit",
				"animation": "Sit",
				"easeInSpeed": 1,
				"easeOutSpeed": 0.5,
				"blendMode": "Average"
			},
			{
				"code": "eat",
				"animation": "Eat",
				"easeInSpeed": 2,
				"easeOutSpeed": 2,
				"blendMode": "AddAverage"
			},
			{
				"code": "scratch",
				"animation": "Scratch",
				"easeInSpeed": 2,
				"easeOutSpeed": 2,
				"weight": 5,
				"blendMode": "AddAverage"
			},
			{
				"code": "swim",
				"animation": "Swim",
				"supressDefaultAnimation": true,
				"blendMode": "Average"
			},
			{
				"code": "walk",
				"animation": "Walk",
				"supressDefaultAnimation": true,
				"blendMode": "Average"
			},
			{
				"code": "highwalk",
				"animation": "Highwalk",
				"supressDefaultAnimation": true,
				"blendMode": "Average"
			},
			{
				"code": "run",
				"animation": "Run",
				"supressDefaultAnimation": true,
				"blendMode": "Average"
			}
		]
	},
	"server": {
		"attributes": {
			"pathfinder": {
				"minTurnAnglePerSec": 90,
				"maxTurnAnglePerSec": 180
			}
		},
		"behaviors": [
			{ "code": "repulseagents" },
      { "code": "controlledphysics","stepHeight": 1.1251},
			{"code": "despawn","minPlayerDistance": 8,"belowLightLevel": 8,"minSeconds": 300},
			{"code": "health",
				"currenthealthByType": {
					"*-baby-*": 3
				},
				"maxhealthByType": {
					"*-baby-*": 3
				}
			},
			{
				"code": "deaddecay",
				"hoursToDecay": 96,
				"decayedBlockByType": {
					"*-baby-*": "carcass-tiny",
					"*": "carcass-medium"
				}
			},
			{
				"code": "floatupwhenstuck",
				"onlyWhenDead": true
			},
			{
				"code": "harvestable","quantitySlots": 8,
				"drops": [
					{
						"type": "item",
						"code": "casuariidae:pelt-baby-{type}",
						"quantityByType": {
							"*-baby-*": { "offset": 1, "avg": 0, "var": 0 },
							"*": {"avg": 0.0,"var": 0.0}
						}
					},
					{
						"type": "item",
						"code": "game:feather",
						"quantityByType": {
							"*-baby-": {"avg": 4.0,"var": 1.0},
							"*": {"avg": 15.0,"var": 7.0}
						}
					}
				]
			},
			{ "code": "breathe" },			
			{ 
				"code": "grow", 
				"enabledByType": {
					"*-baby-*": true,
					"*-adult-*": false
				},
				"hoursToGrowByType": {"*-bennetti": 160,"*-casuarius": 432,"*-novaehollandiae": 260,"*-unappendiculatus": 260},
				"adultEntityCodesByType": {
					"*-baby-male-*": ["casuariidae:casuariidae-adult-male-{type}"],
					"*-baby-female-*": ["casuariidae:casuariidae-adult-female-{type}"]
				}
			},
			{
				"code": "emotionstates",
				"states": [
					{"code": "fleeondamage","whenHealthRelBelow": 0.5,"duration": 60,"chanceByType": {"*-adult-*": 0.95,"*": 1.0},"slot": 2,"priority": 5,"accumType": "max"},
					{"code": "fleeondamage","duration": 40,"chanceByType": {"*-adult-*": 0.75,"*": 1.0},"slot": 2,"priority": 1,"accumType": "max"},
					{"code": "alarmherdondamage","chance": 1,"slot": 1,"priority": 1,"accumType": "max"},
					{"code": "saturated","duration": 1200,"chance": 1,"slot": 0,"priority": 1,"accumType": "sum"},
				]
			},
			{
				"code": "taskai",
				"aiCreatureType": "LandCreature",
				"aitasks": [
					{
						"code": "fleeentity",
						"animation": "Run",
						"entityCodesByType": {
							"*-bennetti": [  "bear-*", "hyena-male", "hyena-female", "wolf-male", "wolf-female", "caninae-*","dasyuridae-adult-*","elephantidae-*","felinae-adult-*","hyaenidae-*","machairodontinae-*", "pantherinae-*","thylacoleonidae-*", "ursidae-*"],
							"@.*-(casuarius|unappendiculatus)": [  "bear-*", "hyena-male", "hyena-female", "wolf-male", "wolf-female", "caninae-canina-adult*","dasyuridae-adult-*","elephantidae-*","felinae-adult-*","hyaenidae-adult-*","machairodontinae-adult-*", "pantherinae-panthera-adult-*","thylacoleonidae-adult-*", "ursidae-adult-*"],
							"*": [  "player","bear-*", "hyena-male", "hyena-female", "wolf-male", "wolf-female", "caninae-canina-adult*","dasyuridae-adult-*","elephantidae-*","felinae-adult-*","hyaenidae-*","machairodontinae-*", "pantherinae-*","thylacoleonidae-*", "ursidae-*"]},
						"priority": 1.51,
						"movespeedByType": {
							"casuariidae-baby-*-bennetti": 0.04,
							"casuariidae-baby-*-casuarius": 0.05,
							"casuariidae-baby-*-novaehollandiae": 0.05,
							"casuariidae-baby-*-novaehollandiaediemenensis": 0.05,
							"casuariidae-baby-*-unappendiculatus": 0.05
						},
						"seekingRange": 14,
						"animationSpeedByType": {
							"*-baby-*": 6.0
						},
						"soundByType": {
							"*-baby-*": "game:creature/chicken/chick*"
						}
					},
					{
						"code": "stayclosetoentity",
						"animation": "Run",
						"priority": 1.4,
						"entityCodeByType": {
							"*-baby-*": "casuariidae-adult-male-{type}"
						},
						"movespeedByType": {
							"casuariidae-baby-*-bennetti": 0.004,
							"*": 0.006
						},
						"animationSpeedByType": {
							"*-baby-*": 1.5
						},
						"maxDistance": 5,
						"searchRange": 25
					},
					{
						"code": "getoutofwater",
						"animation": "Swim",
						"priority": 1.4,
						"movespeedByType": {
							"casuariidae-baby-*-bennetti": 0.0025,
							"*": 0.005
						},
						"animationSpeed": 1
					},
					{
						"code": "idle",
						"animation": "Idle",
						"priority": 0.9,
						"minduration": 1600,
						"maxduration": 4500,
						"mincooldown": 6000,
						"maxcooldown": 120000,
						"priorityForCancel": 1.28,
						"stopOnNearbyEntityCodes": [ "player", "bear-*", "hyena-male", "hyena-female", "wolf-male", "wolf-female", "caninae-*","felinae-*","hyaenidae-*","machairodontinae-*", "pantherinae-*","thylacoleonidae-*", "ursidae-*" ],
						"stopRange": 10,
						"stopOnHurt": true,
						"soundByType": {
							"*-baby-*": "game:creature/chicken/chick*"
						}
					},
					{
						"code": "idle",
						"animation": "Sleep",
						"priority": 1.38,
						"minduration": 200000,
						"maxduration": 800000,
						"mincooldown": 10000,
						"maxcooldown": 30000,
						"priorityForCancel": 1.38,
						"whenNotInEmotionState": "aggressiveondamage",
						"duringDayTimeFrames": [
							{"fromHour": 0,"toHour": 6},{"fromHour": 22,"toHour": 24}
						],
						"stopOnNearbyEntityCodes": [ "player", "bear-*", "hyena-male", "hyena-female", "wolf-male", "wolf-female", "caninae-*","felinae-*","hyaenidae-*","machairodontinae-*", "pantherinae-*","thylacoleonidae-*", "ursidae-*"  ],
						"stopRange": 8,
						"stopOnHurt": true
					},
					{
						"code": "idle",
						"animation": "Sit",
						"priority": 0.9,
						"minduration": 6000,
						"maxduration": 45000,
						"mincooldown": 6000,
						"maxcooldown": 120000,
						"priorityForCancel": 1.28,
						"stopOnNearbyEntityCodes": [ "player", "bear-*", "hyena-male", "hyena-female", "wolf-male", "wolf-female", "caninae-*","felinae-*","hyaenidae-*","machairodontinae-*", "pantherinae-*","thylacoleonidae-*", "ursidae-*"  ],
						"stopRange": 10,
						"stopOnHurt": true
					},
					{
						"code": "idle",
						"animation": "Call",
						"priority": 1.0,
						"priorityForCancel": 1.35,
						"stopOnNearbyEntityCodes": [ "player", "bear-*", "hyena-male", "hyena-female", "wolf-male", "wolf-female", "caninae-*","felinae-*","hyaenidae-*","machairodontinae-*", "pantherinae-*","thylacoleonidae-*", "ursidae-*"  ],
						"minduration": 4667,
						"maxduration": 4667,
						"chance": 0.1,
						"mincooldown": 8000,
						"maxcooldown": 50000,
						"animationSpeed": 1.0,
						"soundByType": {
							"*-baby-*": "game:creature/chicken/chick*"
						},
						"soundRangeByType": {
							"*": 30
						}
					},
					{
						"code": "idle",
						"animation": "Scratch",
						"priority": 1.0,
						"priorityForCancel": 1.35,
						"stopOnNearbyEntityCodes": [  "player", "bear-*", "hyena-male", "hyena-female", "wolf-male", "wolf-female", "caninae-*","felinae-*","hyaenidae-*","machairodontinae-*", "pantherinae-*","thylacoleonidae-*", "ursidae-*"  ],
						"minduration": 4000,
						"maxduration": 8000,
						"mincooldown": 8000,
						"maxcooldown": 50000,
						"chance": 0.1,
						"animationSpeed": 1.0
					},
					{
						"code": "idle",
						"animation": "Eat",
						"priority": 1.2,
						"priorityForCancel": 1.35,
						"stopOnNearbyEntityCodes": [  "player", "bear-*", "hyena-male", "hyena-female", "wolf-male", "wolf-female", "caninae-*","felinae-*","hyaenidae-*","machairodontinae-*", "pantherinae-*","thylacoleonidae-*", "ursidae-*" ],
						"minduration": 2667,
						"maxduration": 2667,
						"mincooldown": 6000,
						"maxcooldown": 20000,
						"chance": 0.1,
						"animationSpeed": 1
					},
					{
						"code": "idle",
						"animation": "Threat",
						"priority": 1.2,
						"priorityForCancel": 1.35,
						"stopOnNearbyEntityCodes": [  "player", "bear-*", "hyena-male", "hyena-female", "wolf-male", "wolf-female", "caninae-*","felinae-*","hyaenidae-*","machairodontinae-*", "pantherinae-*","thylacoleonidae-*", "ursidae-*"  ],
						"chance": 0.1,
						"minduration": 2667,
						"maxduration": 2667,
						"mincooldown": 6000,
						"maxcooldown": 20000,
						"animationSpeed": 0.33
					},
					{
						"code": "wander",
						"animation": "Walk",
						"priority": 1.0,
						"priorityForCancel": 1.35,
						"stopOnNearbyEntityCodes": [ "player", "bear-*", "hyena-male", "hyena-female", "wolf-male", "wolf-female", "caninae-*","felinae-*","hyaenidae-*","machairodontinae-*", "pantherinae-*","thylacoleonidae-*", "ursidae-*"  ],
						"chance": 0.5,
						"movespeedByType": {
							"casuariidae-baby-*-bennetti": 0.0015,
							"*": 0.003
						},
						"animationSpeedByType": {
							"*-baby-*": 1.5
						},
						"preferredLightLevel": 12
					},
					{
						"code": "wander",
						"animation": "Highwalk",
						"priority": 1.0,
						"priorityForCancel": 1.35,
						"stopOnNearbyEntityCodes": [  "player", "bear-*", "hyena-male", "hyena-female", "wolf-male", "wolf-female", "caninae-*","felinae-*","hyaenidae-*","machairodontinae-*", "pantherinae-*","thylacoleonidae-*", "ursidae-*" ],
						"chance": 0.25,
						"movespeedByType": {
							"casuariidae-baby-*-bennetti": 0.002,
							"*": 0.003
						},
						"animationSpeedByType": {
							"*-baby-*": 1.5
						},
						"preferredLightLevel": 12
					},
					{
						"code": "wander",
						"animation": "Charge",
						"priority": 1.0,
						"priorityForCancel": 1.35,
						"stopOnNearbyEntityCodes": [ "player", "bear-*", "hyena-male", "hyena-female", "wolf-male", "wolf-female", "caninae-*","felinae-*","hyaenidae-*","machairodontinae-*", "pantherinae-*","thylacoleonidae-*", "ursidae-*"  ],
						"chance": 0.3,
						"movespeedByType": {
							"casuariidae-baby-*-bennetti": 0.0022,
							"*": 0.003
						},
						"animationSpeedByType": {
							"*-baby-*": 1.5
						},
						"preferredLightLevel": 12
					},
					{
						"code": "seekfoodandeat",
						"movespeedByType": {
							"*-baby": 0.003
						},
						"priority": 1.25,
						"eatSoundByType": {
							"*": "game:creature/animal-eat-small"
						},
						"eatTime": 1.5,
						"eatLooseItems": true,
						"animationSpeedByType": {
							"*-baby": 1.5
						},
						"animation": "Walk",
						"eatAnimation": "Eat",
						"mincooldownHours": 1,
						"maxcooldownHours": 4
					},
					{
						"code": "lookaround",
						"priority": 0.5
					}
				]
			},
			{
				"code": "pettable",
				"minGeneration": 1
			},
			{
				"code": "ropetieable",
				"minGeneration": 2
			}
		]
	},
	"soundsByType": {
		"*-baby-*":{
			"hurt": "game:creature/chicken/chick*",
			"death": "game:creature/chicken/chick*",
			"idle": "game:creature/chicken/chick*"
		}
	},
	"idleSoundRangeByType": {
		"*-baby-*":14
	},
	"idleSoundChanceByType": {
		"*-baby-*":1
	}
}