{
	"code": "dromornithidae",
	"class": "EntityAgent",
	"tags": ["animal", "huntable", "habitat-land"],
	"fallDamageMultiplier": 0.1,
	"variantgroups": [
		{ "code": "age", "states": ["baby"] },
		{ "code": "gender", "states": ["male", "female"] },
		{ "code": "type", "states": ["genyornisnewtoni"] }
	],
	"hitBoxSizeByType": {
		"*-baby-*": { "x": 0.4,"y": 0.4}
	},
	"deadhitBoxSizeByType": {
		"*-baby-*": { "x": 0.4,"y": 0.25}
	},
	"eyeHeightByType": {
		"*-baby-*": 0.6
	},
	"weightByType": {
		"*-baby-*-genyornisnewtoni": 20
	},	
	"knockbackResistanceByType": {
		"*-baby-*": 0.1
	},	
	"drops": [],
	"attributes": {
		"killedByInfoText": "deadcreature-killed",
		"trappableByType": {
			"*": {
				"small": { "trapChance": 0.5,	"trapDestroyChance": 0.05 },
				"large": { "trapChance": 0.8,	"trapDestroyChance": 0 }
			}
		},
		"creatureDietByType": {
			"*":{
			"weightedFoodTags": [
				{ "weight": 0.5, "code": "grass" },
				{ "weight": 1, "code": "nibbleCrop" },
				{ "weight": 0.2, "code": "vegetable" }
			]
		}},
		"handbook": {
			"groupcode": "creaturegroup-dromornithidae"
		}
	},
	"client": {
		"renderer": "Shape",
		"shapeByType": {
			"*-baby-*-genyornisnewtoni": { "base": "entity/land/dromornithidae/genyornisnewtoni-baby" }
		},
		"textureByType": {
			"*-baby-*": { "base": "entity/dromornithidae/{type}-baby" }
		},
		"sizeByType": {
			"*-baby-*-genyornisnewtoni": 1
		},
		"behaviors": [
			{ "code": "repulseagents" },
			{ "code": "controlledphysics","stepHeight": 1.1251 },
			{ "code": "interpolateposition" },
			{ "code": "floatupwhenstuck", "onlyWhenDead": true },
			{ "code": "harvestable","quantitySlots": 8 },
			{ "code": "despawn", "minPlayerDistance": 16, "belowLightLevel": 8, "minSeconds": 300 }
		],
		"animations": [
			{
				"code": "attack",
				"animation": "Attack",
				"animationSpeed": 2.2,
				"weight": 10,
				"blendMode": "AddAverage"
			},
			{
				"code": "charge",
				"animation": "Charge",
				"animationSpeed": 2.2,
				"weight": 10,
				"blendMode": "Average"
			},
			{
				"code": "call",
				"animation": "Call",
				"weight": 5,
				"blendMode": "AddAverage"
			},
			{
				"code": "threat",
				"animation": "Threat",
				"easeInSpeed": 2,
				"easeOutSpeed": 2,
				"weight": 10,
				"blendMode": "AddAverage"
			},
			{
				"code": "hurt",
				"animation": "Hurt",
				"animationSpeed": 2.2,
				"weight": 10,
				"blendMode": "AddAverage"
			},
			{
				"code": "die",
				"animation": "Die",
				"easeInSpeed": 3,
				"animationSpeed": 1,
				"weight": 10,
				"blendMode": "Average",
				"triggeredBy": { "onControls": [ "dead" ] }
			},
			{
				"code": "idle",
				"animation": "Idle",
				"blendMode": "AddAverage",
				"easeOutSpeed": 4,
				"triggeredBy": { "defaultAnim": true }
			},
			{
				"code": "sleep",
				"animation": "Sleep",
				"easeInSpeed": 2,
				"easeOutSpeed": 4,
				"blendMode": "Average"
			},
			{
				"code": "sit",
				"animation": "Sit",
				"easeInSpeed": 1,
				"easeOutSpeed": 2,
				"blendMode": "Average"
			},
			{
				"code": "eat",
				"animation": "Eat",
				"easeInSpeed": 2,
				"easeOutSpeed": 2,
				"blendMode": "AddAverage"
			},
			{
				"code": "scratch",
				"animation": "Scratch",
				"easeInSpeed": 2,
				"easeOutSpeed": 2,
				"weight": 5,
				"blendMode": "AddAverage"
			},
			{
				"code": "swim",
				"animation": "Swim",
				"supressDefaultAnimation": true,
				"blendMode": "Average"
			},
			{
				"code": "walk",
				"animation": "Walk",
				"supressDefaultAnimation": true,
				"weight": 10,
				"blendMode": "Average"
			},
			{
				"code": "highwalk",
				"animation": "Highwalk",
				"supressDefaultAnimation": true,
				"weight": 10,
				"blendMode": "Average"
			},
			{
				"code": "run",
				"animation": "Run",
				"supressDefaultAnimation": true,
				"weight": 10,
				"blendMode": "Average"
			}
		]
	},
	"server": {
		"attributes": {
			"pathfinder": {
				"minTurnAnglePerSec": 90,
				"maxTurnAnglePerSec": 180
			}
		},
		"behaviors": [
			{ "code": "repulseagents" },
      { "code": "controlledphysics","stepHeight": 1.1251},
			{"code": "despawn","minPlayerDistance": 8,"belowLightLevel": 8,"minSeconds": 300},
			{"code": "health",
				"currenthealthByType": {
					"*-baby-*": 7
				},
				"maxhealthByType": {
					"*-baby-*": 7
				}
			},
			{
				"code": "deaddecay",
				"hoursToDecay": 96,
				"decayedBlockByType": {
					"*-baby-*": "carcass-small",
					"*": "carcass-medium"
				}
			},
			{
				"code": "floatupwhenstuck",
				"onlyWhenDead": true
			},
			{
				"code": "harvestable","quantitySlots": 8,
				"drops": [
					{
						"type": "item",
						"code": "game:redmeat-raw",
						"quantityByType": {
							"*": {"avg": 1.5,"var": 0.5}
						}
					},
					{
						"type": "item",
						"code": "game:poultry-raw",
						"quantityByType": {
							"*": {"avg": 1.5,"var": 0.5}
						}
					},
					{
						"type": "item",
						"code": "casuariidae:pelt-baby-{type}",
						"quantityByType": {
							"*-baby-*": { "offset": 1, "avg": 0, "var": 0 },
							"*": {"avg": 0.0,"var": 0.0}
						}
					},
					{
						"type": "item",
						"code": "game:feather",
						"quantityByType": {
							"*-baby-": {"avg": 4.0,"var": 1.0},
							"*": {"avg": 15.0,"var": 7.0}
						}
					}
				]
			},
			{ "code": "breathe" },		
			{ 
				"code": "grow", 
				"enabledByType": {
					"*-baby-*": true,
					"*-adult-*": false
				},
				"hoursToGrowByType": {"*-male-*": 525,"*-female-*": 876},
				"adultEntityCodesByType": {
					"*-baby-male-*": ["casuariidae:dromornithidae-adult-male-{type}"],
					"*-baby-female-*": ["casuariidae:dromornithidae-adult-female-{type}"]
				}
			},
			{
				"code": "emotionstates",
				"states": [
					{"code": "fleeondamage","whenHealthRelBelow": 0.5,"duration": 60,"chanceByType": {"*-adult-*": 1.0,"*": 1.0},"slot": 2,"priority": 5,"accumType": "max"},
					{"code": "fleeondamage","duration": 40,"chanceByType": {"*-adult-*": 0.75,"*": 1.0},"slot": 2,"priority": 1,"accumType": "max"},
					{"code": "alarmherdondamage","chance": 1,"slot": 1,"priority": 1,"accumType": "max"},
					{"code": "saturated","duration": 1200,"chance": 1,"slot": 0,"priority": 1,"accumType": "sum"}
				]
			},
			{
				"code": "taskai",
				"aiCreatureType": "LandCreature",
				"aitasks": [
					{
						"code": "fleeentity",
						"animation": "Run",
						"entityCodesByType": {
							"@.*-(genyornisnewtoni)": [  "player","bear-*", "hyena-male", "hyena-female", "wolf-male", "wolf-female", "caninae-canina-adult*","dasyuridae-adult-*","felinae-adult-*","hyaenidae-adult-*","machairodontinae-adult-*", "pantherinae-panthera-adult-*","thylacoleonidae-*","ursidae-adult-*"]},
						"priority": 1.51,
						"movespeedByType": {
							"dromornithidae-baby-*-genyornisnewtoni": 0.045
						},
						"seekingRange": 40,
						"animationSpeedByType": {
							"*-baby-*": 7.2
						},
						"whenInEmotionState": "fleeondamage",
						"soundByType": {
							"*-baby-*": "game:creature/chicken/chick*"
						}
					},
					{
						"code": "fleeentity",
						"animation": "Run",
						"entityCodesByType": {
							"@.*-(genyornisnewtoni)": [  "bear-*", "hyena-male", "hyena-female", "wolf-male", "wolf-female", "caninae-canina-adult*","dasyuridae-adult-*","elephantidae-*","felinae-adult-*","hyaenidae-adult-*","machairodontinae-adult-*", "pantherinae-panthera-adult-*","thylacoleonidae-*","ursidae-adult-*"]},
						"priority": 1.51,
						"movespeedByType": {
							"dromornithidae-baby-*-genyornisnewtoni": 0.03
						},
						"seekingRange": 24,
						"animationSpeedByType": {
							"*-baby-*": 3.6
						},
						"soundByType": {
							"*-baby-*": "game:creature/chicken/chick*"
						}
					},
					{
						"code": "stayclosetoentity",
						"animation": "Run",
						"priority": 1.4,
						"entityCodeByType": {
							"*-baby-*": "dromornithidae-adult-male-{type}"
						},
						"movespeedByType": {
							"dromornithidae-baby-*-genyornisnewtoni": 0.043,
							"*": 0.006
						},
						"animationSpeedByType": {
							"*-baby-*": 3.6
						},
						"maxDistance": 3,
						"searchRange": 25
					},
					{
						"code": "getoutofwater",
						"animation": "Swim",
						"priority": 1.4,
						"movespeedByType": {
							"dromornithidae-baby-*-genyornisnewtoni": 0.005,
							"*": 0.045
						},
						"animationSpeedByType": {
							"*-baby-*": 1.5
						}
					},
					{
						"code": "idle",
						"animation": "Idle",
						"priority": 0.9,
						"minduration": 1600,
						"maxduration": 4500,
						"mincooldown": 6000,
						"maxcooldown": 120000,
						"priorityForCancel": 1.28,
						"whenNotInEmotionState": "aggressiveondamage|fleeondamage",
						"stopOnNearbyEntityCodes": [ "player", "bear-*", "hyena-male", "hyena-female", "wolf-male", "wolf-female", "caninae-*","felinae-*","hyaenidae-*","machairodontinae-*", "pantherinae-*","thylacoleonidae-*","ursidae-*" ],
						"stopRange": 10,
						"stopOnHurt": true,
						"soundByType": {
							"*-baby-*": "game:creature/chicken/chick*"
						}
					},
					{
						"code": "idle",
						"animation": "Sleep",
						"priority": 1.38,
						"minduration": 200000,
						"maxduration": 800000,
						"mincooldown": 10000,
						"maxcooldown": 30000,
						"priorityForCancel": 1.38,
						"whenNotInEmotionState": "aggressiveondamage|fleeondamage",
						"duringDayTimeFrames": [
							{"fromHour": 0,"toHour": 6},{"fromHour": 20,"toHour": 24}
						],
						"stopOnNearbyEntityCodes": [ "player", "bear-*", "hyena-male", "hyena-female", "wolf-male", "wolf-female", "caninae-*","felinae-*","hyaenidae-*","machairodontinae-*", "pantherinae-*","thylacoleonidae-*","ursidae-*"  ],
						"stopRange": 8,
						"stopOnHurt": true
					},
					{
						"code": "idle",
						"animation": "Sit",
						"priority": 0.9,
						"minduration": 15000,
						"maxduration": 45000,
						"mincooldown": 6000,
						"maxcooldown": 120000,
						"priorityForCancel": 1.35,
						"whenNotInEmotionState": "aggressiveondamage|fleeondamage",
						"stopOnNearbyEntityCodes": [ "player", "bear-*", "hyena-male", "hyena-female", "wolf-male", "wolf-female", "caninae-*","felinae-*","hyaenidae-*","machairodontinae-*", "pantherinae-*","thylacoleonidae-*","ursidae-*"  ],
						"stopRange": 10,
						"stopOnHurt": true
					},
					{
						"code": "idle",
						"animation": "Call",
						"priority": 1.0,
						"priorityForCancel": 1.35,
						"whenNotInEmotionState": "aggressiveondamage|fleeondamage",
						"stopOnNearbyEntityCodes": [ "player", "bear-*", "hyena-male", "hyena-female", "wolf-male", "wolf-female", "caninae-*","felinae-*","hyaenidae-*","machairodontinae-*", "pantherinae-*","thylacoleonidae-*","ursidae-*"  ],
						"stopRange": 10,
						"minduration": 2000,
						"maxduration": 2000,
						"chance": 0.2,
						"mincooldown": 8000,
						"maxcooldown": 50000,
						"animationSpeed": 0.5,
						"soundByType": {
							"*-baby-*": "game:creature/chicken/chick*"
						},
						"soundRangeByType": {
							"*": 30
						}
					},
					{
						"code": "idle",
						"animation": "Scratch",
						"priority": 1.0,
						"priorityForCancel": 1.35,
						"whenNotInEmotionState": "aggressiveondamage|fleeondamage",
						"stopOnNearbyEntityCodes": [  "player", "bear-*", "hyena-male", "hyena-female", "wolf-male", "wolf-female", "caninae-*","felinae-*","hyaenidae-*","machairodontinae-*", "pantherinae-*","thylacoleonidae-*","ursidae-*"  ],
						"stopRange": 10,
						"minduration": 4000,
						"maxduration": 4000,
						"mincooldown": 8000,
						"maxcooldown": 50000,
						"chance": 0.1,
						"animationSpeed": 1.0
					},
					{
						"code": "idle",
						"animation": "Eat",
						"priority": 1.2,
						"priorityForCancel": 1.35,
						"whenNotInEmotionState": "aggressiveondamage|fleeondamage",
						"stopOnNearbyEntityCodes": [  "player", "bear-*", "hyena-male", "hyena-female", "wolf-male", "wolf-female", "caninae-*","felinae-*","hyaenidae-*","machairodontinae-*", "pantherinae-*","thylacoleonidae-*","ursidae-*" ],
						"stopRange": 10,
						"minduration": 2000,
						"maxduration": 2000,
						"mincooldown": 6000,
						"maxcooldown": 20000,
						"chance": 0.1,
						"animationSpeed": 0.5
					},
					{
						"code": "idle",
						"animation": "Threat",
						"priority": 1.2,
						"priorityForCancel": 1.35,
						"whenNotInEmotionState": "aggressiveondamage|fleeondamage",
						"stopOnNearbyEntityCodes": [  "player", "bear-*", "hyena-male", "hyena-female", "wolf-male", "wolf-female", "caninae-*","felinae-*","hyaenidae-*","machairodontinae-*", "pantherinae-*","thylacoleonidae-*","ursidae-*"  ],
						"stopRange": 10,
						"chance": 0.1,
						"minduration": 4000,
						"maxduration": 4000,
						"mincooldown": 6000,
						"maxcooldown": 20000,
						"animationSpeed": 0.25
					},
					{
						"code": "wander",
						"animation": "Walk",
						"priority": 1.0,
						"priorityForCancel": 1.35,
						"whenNotInEmotionState": "aggressiveondamage|fleeondamage",
						"stopOnNearbyEntityCodes": [ "player", "bear-*", "hyena-male", "hyena-female", "wolf-male", "wolf-female", "caninae-*","felinae-*","hyaenidae-*","machairodontinae-*", "pantherinae-*","thylacoleonidae-*","ursidae-*"  ],
						"stopRange": 10,
						"movespeedByType": {
							"dromornithidae-baby-*": 0.00375
						},
						"animationSpeedByType": {
							"*-baby-*": 1.5
						},
						"preferredLightLevel": 18
					},
					{
						"code": "wander",
						"animation": "Highwalk",
						"priority": 1.0,
						"priorityForCancel": 1.35,
						"whenNotInEmotionState": "aggressiveondamage|fleeondamage",
						"stopOnNearbyEntityCodes": ["player", "bear-*", "hyena-male", "hyena-female", "wolf-male", "wolf-female", "caninae-*","felinae-*","hyaenidae-*","machairodontinae-*", "pantherinae-*","thylacoleonidae-*","ursidae-*" ],
						"stopRange": 10,
						"movespeedByType": {
							"dromornithidae-baby-*": 0.00375
						},
						"animationSpeedByType": {
							"*-baby-*": 1.5
						},
						"preferredLightLevel": 18
					},
					{
						"code": "seekfoodandeat",
						"animation": "Walk",
						"eatAnimation": "Eat",
						"movespeedByType": {
							"dromornithidae-baby-*": 0.00375
						},
						"priority": 1.25,
						"whenNotInEmotionState": "aggressiveondamage|fleeondamage",
						"eatSoundByType": {
							"*": "game:creature/animal-eat-small"
						},
						"eatTime": 1.5,
						"eatLooseItems": true,
						"animationSpeedByType": {
							"*-baby-*": 1.5
						},
						"mincooldownHours": 1,
						"maxcooldownHours": 4
					},
					{
						"code": "lookaround",
						"whenNotInEmotionState": "aggressiveondamage|fleeondamage",
						"priority": 0.5
					}
				]
			},
			{"code": "ropetieable","minGeneration": 2},
			{
				"code": "pettable",
				"minGeneration": 1
			}
		]
	},
	"soundsByType": {
		"*-baby-*":{
			"hurt": "game:creature/chicken/chick*",
			"death": "game:creature/chicken/chick*",
			"idle": "game:creature/chicken/chick*"
		}
	},
	"idleSoundRangeByType": {
		"*-baby-*":14
	},
	"idleSoundChanceByType": {
		"*-baby-*":1
	}
}