{
	"code": "rallidae",
	"class": "EntityAgent",
	"tags": ["animal", "huntable", "adult", "habitat-land"],
	"fallDamageMultiplier":0,
	"variantgroups": [
		{ "code": "age", "states": ["adult"] },
		{ "code": "gender", "states": ["male", "female"] },
		{ "code": "type", "states": ["tribonyxmortierii"] }
	],
	"hitBoxSizeByType": {
		"*-adult-*": { "x": 0.3,"y": 0.3}
	},
	"deadhitBoxSizeByType": {
		"*-adult-*": { "x": 0.3,"y": 0.3}
	},
	"eyeHeightByType": {
		"*-adult-*": 0.4
	},
	"weightByType": {
		"*-adult-*-tribonyxmortierii": 0.28
	},	
	"knockbackResistanceByType": {
		"*-adult-*": 0.2
	},	
	"drops": [],
	"attributes": {
		"killedByInfoText": "deadcreature-killed",
		"trappableByType": {
			"*": {
				"small": { "trapChance": 0.5,	"trapDestroyChance": 0.15 },
				"large": { "trapChance": 0.8,	"trapDestroyChance": 0 }
			}
		},
		"creatureDietByType": {
			"*":{
			"foodCategories": ["Fruit","Vegetable"],
			"weightedFoodTags": [
				{ "weight": 0.6, "code": "fruit" },
				{ "weight": 0.5, "code": "fruitmash" },
				{ "weight": 0.1, "code": "grass" },
				{ "weight": 0.7, "code": "insect" },
				{ "weight": 0.5, "code": "nibbleCrop" },
				{ "weight": 1, "code": "sweetBerryBush" },
				{ "weight": 1, "code": "tastyvegetable" }
			]
		}},
		"handbook": {
			"groupcode": "creaturegroup-rallidae"
		}
	},
	"client": {
		"renderer": "Shape",
		"shapeByType": {
			"*": { "base": "entity/land/rallidae/{type}-{age}" }
		},
		"textureByType": {
			"*": { "base": "entity/rallidae/{type}-{age}" }   
		},
		"sizeByType": {
			"*-adult-*-tribonyxmortierii": 0.5
		},
		"behaviors": [
			{ "code": "repulseagents" },
			{ "code": "controlledphysics","stepHeight": 1.1251 },
			{ "code": "interpolateposition" },
			{ "code": "floatupwhenstuck", "onlyWhenDead": true },
			{ "code": "harvestable","quantitySlots": 8 },
			{ "code": "multiply", "enabledByType": { "*-adult-female-*": true, "*": false } },
			{ "code": "despawn", "minPlayerDistance": 16, "belowLightLevel": 8, "minSeconds": 300 }
		],
		"animations": [
			{
				"code": "attack",
				"animation": "Attack",
				"animationSpeed": 2.2,
				"weight": 10,
				"blendMode": "AddAverage"
			},
			{
				"code": "charge",
				"animation": "Charge",
				"animationSpeed": 2.2,
				"weight": 10,
				"blendMode": "Average"
			},
			{
				"code": "call",
				"animation": "Call",
				"weight": 5,
				"blendMode": "AddAverage"
			},
			{
				"code": "threat",
				"animation": "Threat",
				"easeInSpeed": 2,
				"easeOutSpeed": 2,
				"weight": 10,
				"blendMode": "AddAverage"
			},
			{
				"code": "hurt",
				"animation": "Hurt",
				"animationSpeed": 2.2,
				"weight": 10,
				"blendMode": "AddAverage"
			},
			{
				"code": "die",
				"animation": "Die",
				"easeInSpeed": 10,
				"animationSpeedByType": {
					"*-adult": 0.8,
					"*-baby": 1.0
				},
				"weight": 10,
				"blendMode": "Average",
				"triggeredBy": { "onControls": [ "dead" ] }
			},
			{
				"code": "idle",
				"animation": "Idle",
				"blendMode": "AddAverage",
				"easeOutSpeed": 4,
				"triggeredBy": { "defaultAnim": true }
			},
			{
				"code": "sleep",
				"animation": "Sleep",
				"easeInSpeed": 2,
				"easeOutSpeed": 4,
				"blendMode": "Average"
			},
			{
				"code": "sit",
				"animation": "Sit",
				"easeInSpeed": 1,
				"easeOutSpeed": 2,
				"blendMode": "Average"
			},
			{
				"code": "eat",
				"animation": "Eat",
				"easeInSpeed": 2,
				"easeOutSpeed": 2,
				"blendMode": "AddAverage"
			},
			{
				"code": "scratch",
				"animation": "Scratch",
				"easeInSpeed": 2,
				"easeOutSpeed": 2,
				"weight": 5,
				"blendMode": "AddAverage"
			},
			{
				"code": "swim",
				"animation": "Swim",
				"supressDefaultAnimation": true,
				"blendMode": "Average"
			},
			{
				"code": "walk",
				"animation": "Walk",
				"supressDefaultAnimation": true,
				"weight": 10,
				"blendMode": "Average"
			},
			{
				"code": "highwalk",
				"animation": "Highwalk",
				"supressDefaultAnimation": true,
				"weight": 10,
				"blendMode": "Average"
			},
			{
				"code": "run",
				"animation": "Run",
				"supressDefaultAnimation": true,
				"weight": 10,
				"blendMode": "Average"
			}
		]
	},
	"server": {
		"attributes": {
			"pathfinder": {
				"minTurnAnglePerSec": 90,
				"maxTurnAnglePerSec": 360
			}
		},
		"behaviors": [
			{ "code": "repulseagents" },
      { "code": "controlledphysics","stepHeight": 1.1251},
			{"code": "despawn","minPlayerDistance": 8,"belowLightLevel": 8,"minSeconds": 300},
			{"code": "health",
				"currenthealthByType": {
				"rallidae-adult-*": 2
				},
				"maxhealthByType": {
				"rallidae-adult-*": 2
				}
			},
			{
				"code": "deaddecay",
				"hoursToDecay": 96,
				"decayedBlockByType": {
					"*-adult-*": "carcass-tiny"
				}
			},
			{
				"code": "floatupwhenstuck",
				"onlyWhenDead": true
			},
			{
				"code": "harvestable","quantitySlots": 8,
				"drops": [
					{
						"type": "item",
						"code": "game:poultry-raw",
						"quantityByType": {
							"rallidae-adult-*": {"avg": 0.25,"var": 0.0},
							"*": {"avg": 0.0,"var": 0.0}
						}
					},
					{
						"type": "item",
						"code": "casuariidae:pelt-{gender}-{type}",
						"quantityByType": {
							"*-adult-*": { "offset": 1, "avg": 0, "var": 0 },
							"*": {"avg": 0.0,"var": 0.0}
						}
					},
					{
						"type": "item",
						"code": "game:feather",
						"quantityByType": {
							"*": {"avg": 5.0,"var": 4.0}
						}
					}
				]
			},		
			{
				"code": "multiply",
				"enabledByType": {
					"*-adult-female-*": true,
					"*": false
				},
				"spawnEntityCodesByType": {
				"*-adult-female-*": [ { "code":"casuariidae:rallidae-nest-{type}-incubating"} ]
				},
				"requiresNearbyEntityCodeByType": {"*-adult-female-*": "casuariidae:rallidae-adult-male-{type}"},
				"requiresNearbyEntityRange": 10,
				"spawnQuantityMinByType": {"*": 1},
				"spawnQuantityMaxByType": {"*": 1},
				"eatAnyway": true,
				"pregnancyDaysByType": {"*":9},
				"multiplyCooldownDaysMin": 33,
				"multiplyCooldownDaysMax": 41,
				"portionsEatenForMultiplyByType": {"*": 2}
			}, 
			{
				"code": "emotionstates",
				"states": [
					{"code": "fleeondamage","whenHealthRelBelow": 0.5,"duration": 60,"chanceByType": {"*-adult-*": 1.0,"*": 1.0},"slot": 2,"priority": 5,"accumType": "max"},
					{"code": "fleeondamage","duration": 40,"chanceByType": {"*-adult-*": 0.75,"*": 1.0},"slot": 2,"priority": 1,"accumType": "max"},
					{"code": "alarmherdondamage","chance": 1,"slot": 1,"priority": 1,"accumType": "max"},
					{"code": "saturated","duration": 1200,"chance": 1,"slot": 0,"priority": 1,"accumType": "sum"}
				]
			},
			{
				"code": "taskai",
				"aiCreatureType": "LandCreature",
				"aitasks": [
					{
						"code": "meleeattack",
						"animation": "Attack",
						"entityCodes": [ "player","bear-*", "fox-*", "hyena-male", "hyena-female", "wolf-male", "wolf-female", "caninae-*","dasyuridae-*","felinae-*","hyaenidae-*","machairodontinae-*", "pantherinae-*","thylacoleonidae-*","ursidae-*","viverridae-*" ],
						"priority": 3,
						"damageByType": {
							"rallidae-adult-*": 0.25
						},
						"damageTier": 1,
						"damageType": "SlashingAttack",
						"slot": 1,
						"mincooldown": 1500,
						"maxcooldown": 2500,
						"attackDurationMs": 1250,
						"damagePlayerAtMs": 500,
						"animationSpeed": 1.5,
						"soundByType": {
							"@.*-(tribonyxmortierii)": "creature/rallidae/waterhencall*"
						},
						"whenInEmotionState": "aggressiveondamage|aggressivearoundentities"
					},
					{
						"code": "fleeentity",
						"animation": "Run",
						"entityCodesByType": {
							"": [  "player","bear-*", "fox-*", "hyena-male", "hyena-female", "wolf-male", "wolf-female", "caninae-canina-adult-*","caninae-cerdocyonina-adult-*","caninae-vulpini-adult-*","caninae-urocyonini-adult-*","dasyuridae-adult-*","felinae-adult-*","hyaenidae-adult-*","machairodontinae-adult-*", "pantherinae-panthera-adult-*","thylacoleonidae-*","ursidae-adult-*","viverridae-*"]
							},
						"priority": 1.51,
						"movespeedByType": {
							"rallidae-adult-*": 0.03
						},
						"seekingRange": 40,
						"animationSpeedByType": {
							"*-adult-*-tribonyxmortierii": 8.5
						},
						"whenInEmotionState": "fleeondamage"
					},
					{
						"code": "fleeentity",
						"animation": "Run",
						"entityCodesByType": {
							"*": [  "player","bear-*", "fox-*", "hyena-male", "hyena-female", "wolf-male", "wolf-female", "caninae-canina-adult-*","caninae-cerdocyonina-adult-*","caninae-vulpini-adult-*","caninae-urocyonini-adult-*","dasyuridae-adult-*","elephantidae-*","felinae-adult-*","hyaenidae-adult-*","machairodontinae-adult-*", "pantherinae-panthera-adult-*","thylacoleonidae-*","ursidae-adult-*","viverridae-*"]
						},
						"priority": 1.51,
						"movespeedByType": {
							"rallidae-adult-*": 0.03
						},
						"seekingRange": 24,
						"animationSpeedByType": {
							"*-adult-*-tribonyxmortierii": 6
						}
					},
					{
						"code": "stayclosetoentity",
						"animation": "Walk",
						"priority": 1.4,
						"entityCodeByType": {
							"*-adult-female-*": "rallidae-nest-{type}-incubating",
							"*-adult-male-*": "rallidae-adult-female-{type}"
						},
						"movespeedByType": {
							"rallidae-adult-*": 0.003,
							"*": 0.015
						},
						"animationSpeedByType": {
							"*-adult-*": 1.0
						},
						"maxDistance": 1.5,
						"searchRange": 25
					},
					{
						"code": "getoutofwater",
						"animation": "Swim",
						"priority": 1.4,
						"movespeedByType": {
							"rallidae-adult-*": 0.03,
							"*": 0.03
						},
						"animationSpeedByType": {	
							"*-adult-*-tribonyxmortierii": 2
						}
					},
					{
						"code": "idle",
						"animation": "Idle",
						"priority": 0.9,
						"minduration": 1600,
						"maxduration": 4500,
						"mincooldown": 6000,
						"maxcooldown": 120000,
						"priorityForCancel": 1.28,
						"whenNotInEmotionState": "aggressiveondamage|fleeondamage",
						"stopOnNearbyEntityCodes": [ "player", "bear-*", "fox-*", "hyena-male", "hyena-female", "wolf-male", "wolf-female", "caninae-*","felinae-*","hyaenidae-*","machairodontinae-*", "pantherinae-*","thylacoleonidae-*","ursidae-*" ],
						"stopRange": 10,
						"stopOnHurt": true,
						"soundByType": {
							"@.*-(tribonyxmortierii)": "creature/rallidae/waterhencall*"
						}
					},
					{
						"code": "idle",
						"animation": "Sleep",
						"priority": 1.38,
						"minduration": 200000,
						"maxduration": 800000,
						"mincooldown": 10000,
						"maxcooldown": 30000,
						"priorityForCancel": 1.38,
						"whenNotInEmotionState": "aggressiveondamage|fleeondamage",
						"duringDayTimeFramesByType": {
							"*":[{"fromHour": 20,"toHour": 24},{"fromHour": 0,"toHour": 4}]},
						"stopOnNearbyEntityCodes": [ "player", "bear-*","fox-*", "hyena-male", "hyena-female", "wolf-male", "wolf-female", "caninae-*","felinae-*","hyaenidae-*","machairodontinae-*", "pantherinae-*","thylacoleonidae-*","ursidae-*"  ],
						"stopRange": 8,
						"stopOnHurt": true
					},
					{
						"code": "idle",
						"animation": "Sit",
						"priority": 0.9,
						"minduration": 15000,
						"maxduration": 45000,
						"mincooldown": 6000,
						"maxcooldown": 120000,
						"priorityForCancel": 1.28,
						"whenNotInEmotionState": "aggressiveondamage|fleeondamage",
						"stopOnNearbyEntityCodes": [ "player", "bear-*","fox-*", "hyena-male", "hyena-female", "wolf-male", "wolf-female", "caninae-*","felinae-*","hyaenidae-*","machairodontinae-*", "pantherinae-*","thylacoleonidae-*","ursidae-*"  ],
						"stopRange": 10,
						"stopOnHurt": true
					},
					{
						"code": "idle",
						"animation": "Call",
						"priority": 1.0,
						"priorityForCancel": 1.35,
						"whenNotInEmotionState": "aggressiveondamage|fleeondamage",
						"stopOnNearbyEntityCodes": [ "player", "bear-*","fox-*", "hyena-male", "hyena-female", "wolf-male", "wolf-female", "caninae-*","felinae-*","hyaenidae-*","machairodontinae-*", "pantherinae-*","thylacoleonidae-*","ursidae-*"  ],
						"stopRange": 10,
						"minduration": 2000,
						"maxduration": 2000,
						"chance": 0.2,
						"mincooldown": 8000,
						"maxcooldown": 50000,
						"animationSpeed": 0.5,
						"soundByType": {
							"@.*-(tribonyxmortierii)": "creature/rallidae/waterhencall*"
						},
						"soundRangeByType": {
						"*-adult-*":48
						}
					},
					{
						"code": "idle",
						"animation": "Scratch",
						"priority": 1.0,
						"priorityForCancel": 1.35,
						"whenNotInEmotionState": "aggressiveondamage|fleeondamage",
						"stopOnNearbyEntityCodes": [  "player", "bear-*","fox-*", "hyena-male", "hyena-female", "wolf-male", "wolf-female", "caninae-*","felinae-*","hyaenidae-*","machairodontinae-*", "pantherinae-*","thylacoleonidae-*","ursidae-*"  ],
						"stopRange": 10,
						"minduration": 4000,
						"maxduration": 4000,
						"mincooldown": 8000,
						"maxcooldown": 50000,
						"chance": 0.1,
						"animationSpeed": 1.0
					},
					{
						"code": "idle",
						"animation": "Eat",
						"priority": 1.2,
						"priorityForCancel": 1.35,
						"whenNotInEmotionState": "aggressiveondamage|fleeondamage",
						"stopOnNearbyEntityCodes": [  "player", "bear-*","fox-*", "hyena-male", "hyena-female", "wolf-male", "wolf-female", "caninae-*","felinae-*","hyaenidae-*","machairodontinae-*", "pantherinae-*","thylacoleonidae-*","ursidae-*" ],
						"stopRange": 10,
						"minduration": 2000,
						"maxduration": 2000,
						"mincooldown": 6000,
						"maxcooldown": 20000,
						"chance": 0.1,
						"animationSpeed": 0.5
					},
					{
						"code": "idle",
						"animation": "Threat",
						"priority": 1.2,
						"priorityForCancel": 1.35,
						"whenNotInEmotionState": "aggressiveondamage|fleeondamage",
						"stopOnNearbyEntityCodes": [  "player", "bear-*","fox-*", "hyena-male", "hyena-female", "wolf-male", "wolf-female", "caninae-*","felinae-*","hyaenidae-*","machairodontinae-*", "pantherinae-*","thylacoleonidae-*","ursidae-*"  ],
						"stopRange": 10,
						"chance": 0.1,
						"minduration": 4000,
						"maxduration": 4000,
						"mincooldown": 6000,
						"maxcooldown": 20000,
						"animationSpeed": 0.25
					},
					{
						"code": "wander",
						"animation": "Walk",
						"priority": 1.0,
						"priorityForCancel": 1.35,
						"whenNotInEmotionState": "aggressiveondamage|fleeondamage",
						"stopOnNearbyEntityCodes": [ "player", "bear-*","fox-*", "hyena-male", "hyena-female", "wolf-male", "wolf-female", "caninae-*","felinae-*","hyaenidae-*","machairodontinae-*", "pantherinae-*","thylacoleonidae-*","ursidae-*"  ],
						"stopRange": 10,
						"chance": 0.5,
						"movespeedByType": {
							"rallidae-adult-*": 0.003
						},
						"animationSpeedByType": {					
							"*-adult-*-tribonyxmortierii": 2
						},
						"preferredLightLevel": 18
					},
					{
						"code": "wander",
						"animation": "Highwalk",
						"priority": 1.0,
						"priorityForCancel": 1.35,
						"whenNotInEmotionState": "aggressiveondamage|fleeondamage",
						"stopOnNearbyEntityCodes": [  "player", "bear-*","fox-*", "hyena-male", "hyena-female", "wolf-male", "wolf-female", "caninae-*","felinae-*","hyaenidae-*","machairodontinae-*", "pantherinae-*","thylacoleonidae-*","ursidae-*" ],
						"stopRange": 10,
						"chance": 0.25,
						"movespeedByType": {
							"rallidae-adult-*": 0.003
						},
						"animationSpeedByType": {	
							"*-adult-*-tribonyxmortierii": 2
						},
						"preferredLightLevel": 18
					},
					{
						"code": "seekfoodandeat",
						"animation": "Walk",
						"eatAnimation": "Eat",
						"priority": 1.25,
						"whenNotInEmotionState": "aggressiveondamage|fleeondamage",
						"eatSoundByType": {
							"*": "game:creature/animal-eat-small"
						},
						"eatTime": 1.5,
						"eatLooseItems": true,
						"movespeedByType": {
							"rallidae-adult-*": 0.003
						},
						"animationSpeedByType": {	
							"*-adult-*-tribonyxmortierii": 2
						},
						"mincooldownHours": 1,
						"maxcooldownHours": 4
					},
					{
						"code": "lookaround",
						"whenNotInEmotionState": "aggressiveondamage|fleeondamage",
						"priority": 0.5
					}
				]
			},
			{"code": "ropetieable","minGeneration": 2},
			{
				"code": "pettable",
				"minGeneration": 1
			}
		],
		"spawnconditions": {
			"worldgen": {
			"tryOnlySurface": true,	
			"groupSizeByType": {
					"*-adult-*": { "dist": "invexp", "avg": 3.5, "var": 1.5 }
			},
			"insideBlockCodes":["game:air", "game:gravel-*","game:leaves-*", "game:sand-*", "game:snow-*","game:soil-*","game:tallgrass-*"],
			"companionsByType": {
				"*":["casuariidae:rallidae-adult-female-{type}","casuariidae:rallidae-adult-male-{type}"]}
		},
			"runtime": {
				"group": "neutral",
				"maxQuantityByGroup": { "code": "rallidae-*", "maxQuantity": 4 },
				"tryOnlySurface": true,
				"chanceByType": {
					"rallidae-adult-female-tribonyxmortierii": 0.001, "rallidae-adult-male-tribonyxmortierii": 0.001,
					"*": 0.0
				},
				"mindistancetoplayer": 50,
				"maxLightLevel": 7,
				"lightLevelType": "onlyBlockLight",	
				"spawnCapPlayerScaling": 0.0,	
				"groupSizeByType": {
					"*-adult-*": { "dist": "invexp", "avg": 3.5, "var": 1.5 }
				},
				"insideBlockCodes": [ "game:air", "game:soil-*","game:gravel-*", "game:tallgrass-*", "game:snowlayer-1", "game:sand-*"],
				"companionsByType": {
				"*":["casuariidae:rallidae-adult-female-{type}","casuariidae:rallidae-adult-male-{type}"]}
			}
		},
		"spawnconditionsByType": {
			"rallidae-adult-*-tribonyxmortierii": {
				"climate": {
					"minTemp": 10,
					"maxTemp": 28,
					"minRain": 0.40,
					"maxRain": 0.85,
					"minShrubs": 0.2,
					"maxForest": 1.0,
					"maxShrubs": 1.0,
					"minY": 1.0,
					"maxY": 1.2					
				},
				"worldgen": {
					"triesPerChunk": { "avg": 0.001, "var": 0}
				}
			}
		}
	},
	"soundsByType": {
		"rallidae-adult-*-tribonyxmortierii":{
			"hurt": "creature/rallidae/railcall*",
			"death": "creature/rallidae/railcall*",
			"idle": "creature/rallidae/waterhen*"
		}
	},
	"idleSoundRangeByType": {
		"*-adult-*":48
	},
	"idleSoundChanceByType": {
		"*-adult-*-tribonyxmortierii": 0.05,
		"*-adult-*": 0.25
	}
}