{
	"code": "duplicationarray",
	"classByType": {
		"*": "BlockStationDuplicationArrayRM"
	},
	"entityclassByType": {
		"*": "BlockEntityStationDuplicationArrayRM"
	},
	"enabled": true,

	//"storageFlags": 131073,

	"variantgroups": [
		{
			"code": "type",
			"states": [ "normal", "admin" ]
		}
	],
	"skipVariants": [ "*-admin" ],

	"entityBehaviorsByType": {
		"*": [
			{ "name": "Animatable" }
		]
	},
	"behaviorsByType": {
		"*": [
			//{ "name": "HorizontalOrientable" },
			{ "name": "Container" }
		]
	},
	"attributesByType": {
		"*": {
			"canChisel": false,
			"shelvable": true,
			"onshelfTransform": {
				"translation": {
					"x": -0,
					"y": -0.375,
					"z": 0
				},
				"scale": 0.25
			},
			"displaycaseable": true,
			"onDisplayTransform": {
				"translation": {
					"x": -0,
					"y": -0.375,
					"z": 0
				},
				"scale": 0.25
			},
			"handbookByType": {
				"*": {
					"groupBy": [ "duplicationarray-*" ],
					"extraSections": [
						{
							"title": "rustboundmagic:handbook-spellduplication-title",
							"text": "rustboundmagic:handbook-spellduplication-text"
						}
					]
				}
			}
		}
	},

	"creativeinventory": {
		"general": [ "" ],
		"rustboundmagic": [ "*" ]
	},

	"shapeByType": {
		"*": {
			"base": "blocks/stations/extras/duplicationarray",
			"rotateY": 0
		}
	},

	"texturesbytype": {
		"*": {
			"default": { "base": "default" },
			"circletier1": { "base": "blocks/tools/prism/magiccircle1-emanation-on" },
			"circletier2": { "base": "blocks/tools/prism/magiccircle2-emanation-on" },
			"circletier3": { "base": "blocks/tools/prism/magiccircle3-emanation-on" }
		}

	},

	"sidesolid": {
		"all": false
	},
	"sideopaque": {
		"all": false
	},

	"maxstacksize": 1,
	"blockmaterial": "Other",
	"materialDensity": 1200,
	"replaceable": 900,
	"resistance": 9999,
	"lightAbsorption": 0,

	"rainPermeableByType": {
		"*": true
	},

	"vertexFlags": {
		"zOffset": 2
	},

	"lightHsvByType": {
		//"*-off": [ 0, 0, 1 ],
		"*": [ 32, 7, 5 ] //,
		//"*-invocation": [ 0, 50, 5 ],
		//"*-enchantment": [ 50, 20, 5 ],
		//"*-conjuration": [ 18, 50, 5 ]
	},

	"dropsByType": {
		"*": []
	},

	"sounds": {
		"place": "game:block/rock-hit-pickaxe",
		"walk": "game:walk/stone"
	},

	"selectionBox": {
		"x1": 0,
		"y1": 0,
		"z1": 0,
		"x2": 1,
		"y2": 0.0625,
		"z2": 1
	},
	"collisionboxByType": {
		"*": null
	},

	"renderPassByType": {
		"*": "Transparent"
	},

	"faceCullMode": "MergeMaterial",

	"guiTransform": {
		"rotation": {
			"x": -22.6,
			"y": 135,
			"z": 0
		},
		"origin": {
			"x": 0.5,
			"y": 0.25,
			"z": 0.5
		}
	},
	"fpHandTransform": {
		"translation": {
			"x": 0,
			"y": 0.1,
			"z": 0.5
		},
		"rotation": {
			"x": -2,
			"y": -118,
			"z": 12
		},
		"origin": {
			"x": 0.5,
			"y": 0.6,
			"z": 0.5
		},
		"scale": 0.5
	},
	"tpHandTransform": {
		"translation": {
			"x": 0,
			"y": 0.4,
			"z": -0.82
		},
		"rotation": {
			"x": 90,
			"y": 4,
			"z": -82
		},
		"origin": {
			"x": 0.05,
			"y": -0.1,
			"z": 0.25
		},
		"scale": 0.25
	},
	"groundTransform": {
		"translation": {
			"x": 0,
			"y": 0,
			"z": 0
		},
		"rotation": {
			"x": 0,
			"y": 0,
			"z": 0
		},
		"origin": {
			"x": 0.5,
			"y": 0,
			"z": 0.5
		},
		"scale": 2
	}
}
