[
	{ "op": "addmerge", "path": "/storageFlags", "value": 33, "file": "floralzonesneozeylandicregion:itemtypes/food/fruit", "side": "server"},
	{ "op": "addmerge", "path": "/storageFlags", "value": 33, "file": "floralzonesneozeylandicregion:itemtypes/food/vegetable", "side": "server"},
	{ "op": "addmerge", "path": "/storageFlags", "value": 33, "file": "floralzonesneozeylandicregion:itemtypes/resource/nzflax", "side": "server"},
	{ "op": "addmerge", "path": "/storageFlags", "value": 33, "file": "floralzonesneozeylandicregion:itemtypes/resource/palmleaf", "side": "server"},	
	{ "op": "addmerge", "path": "/storageFlags", "value": 33, "file": "floralzonesneozeylandicregion:itemtypes/resource/seeds", "side": "server"},	
	{ "op": "addmerge", "path": "/storageFlags", "value": 33, "file": "floralzonesneozeylandicregion:itemtypes/resource/treeseed", "side": "server"}		
]
