[
	{
		ingredientPattern: "S",
		ingredients: {
			"S": { type: "item", code: "vegetable-*", name: "seeds", skipVariants: ["olive", "bambooshoot", "cookedcattailroot", "cookedpapyrusroot"]  }
		},
		width: 1,
		height: 1,
		shapeless: true,
		output: { type: "item", code: "seeds-{seeds}", quantity: 1  }
	},
	{
		ingredientPattern: "S",
		ingredients: {
			"S": { type: "item", code: "grain-*", name: "seeds", skipVariants: ["olive", "bambooshoot", "cookedcattailroot", "cookedpapyrusroot"]  }
		},
		width: 1,
		height: 1,
		shapeless: true,
		output: { type: "item", code: "seeds-{seeds}", quantity: 1  }
	},
	{
		ingredientPattern: "S",
		ingredients: {
			"S": { type: "item", code: "legume-*", name: "seeds", skipVariants: ["olive", "bambooshoot", "cookedcattailroot", "cookedpapyrusroot"]  }
		},
		width: 1,
		height: 1,
		shapeless: true,
		output: { type: "item", code: "seeds-{seeds}", quantity: 1  }
	},
	{
		ingredientPattern: "S",
		ingredients: {
			"S": { type: "block", code: "pineapple", quantity: 1  }
		},
		width: 1,
		height: 1,
		shapeless: true,
		output: { type: "item", code: "seeds-pineapple", quantity: 1  }
	},
	
	{
		ingredientPattern: "S",
		ingredients: {
			"S": { type: "item", code: "seeds-*", name: "seeds", skipVariants: ["olive", "bambooshoot", "cookedcattailroot", "cookedpapyrusroot","carrot","onion","turnip","parsnip","soybean","cabbage","pumpkin","pineapple","cassava","peanut","bellpepper"]  }
		},
		width: 1,
		height: 1,
		shapeless: true,
		output: { type: "item", code: "grain-{seeds}", quantity: 1  }
	},
	{
		ingredientPattern: "S",
		ingredients: {
			"S": { type: "item", code: "seeds-*", name: "seeds", skipVariants: ["olive", "bambooshoot", "cookedcattailroot", "cookedpapyrusroot","carrot","onion","turnip","parsnip","cabbage","pumpkin","pineapple","cassava","bellpepper","flax","spelt","rice","rye","amaranth","sunflower"]  }
		},
		width: 1,
		height: 1,
		shapeless: true,
		output: { type: "item", code: "legume-{seeds}", quantity: 1  }
	}
]