{
  "ingredient": {
    "type": "item",
    "code": "game:ingot-*",
    "name": "metal",
    "allowedVariants": [
      "bismuth",
      "bismuthbronze",
      "blackbronze",
      "brass",
      "chromium",
      "copper",
      "cupronickel",
      "electrum",
      "gold",
      "iron",
      "lead",
      "meteoriciron",
      "molybdochalkos",
      "nickel",
      "platinum",
      "silver",
      "stainlesssteel",
      "steel",
      "tin",
      "tinbronze",
      "titanium",
      "uranium",
      "zinc"
    ]
  },
  "pattern": [
    ["###__###_", "#_##_#_##", "_________", "###__###_", "#_##_#_##"]
  ],
  "name": "4 Herb rack hooks",
  "output": { "type": "item", "code": "alchemy:herbrackhook-{metal}", "stacksize": 4 }
}

