{
	"editor": {
		"allAngles": true,
		"entityTextureMode": true
	},
	"textureWidth": 28,
	"textureHeight": 24,
	"textureSizes": {
		"skin": [28,24]
	},
	"textures": {
	},
	"elements": [
		{
			"name": "Hip",
			"from": [ 10.0, 2.75, 5.8 ],
			"to": [ 12.0, 5.25, 8.2 ],
			"unwrapMode": 7,
			"unwrapRotation": 1,
			"autoUnwrap": false,
			"uv": [ 1.62, 55.38 ],
			"rotationOrigin": [ 10.0, 4.4, 8.0 ],
			"faces": {
				"north": { "texture": "#skin", "uv": [ 5.5, 14.0, 8.0, 16.0 ], "rotation": 90 },
				"east": { "texture": "#skin", "uv": [ 3.5, 16.0, 5.5, 18.5 ] },
				"south": { "texture": "#skin", "uv": [ 1.0, 14.0, 3.5, 16.0 ], "rotation": 270 },
				"west": { "texture": "#skin", "uv": [ 1.0, 16.5, 3.0, 19.0 ] },
				"up": { "texture": "#skin", "uv": [ 3.5, 14.0, 5.5, 16.0 ], "rotation": 270 },
				"down": { "texture": "#skin", "uv": [ 8.0, 14.0, 10.0, 16.0 ], "rotation": 90 }
			},
			"children": [
				{
					"name": "Tail 1",
					"from": [ 1.9, 1.3, 0.65 ],
					"to": [ 2.9, 2.4, 1.75 ],
					"unwrapMode": 7,
					"unwrapRotation": 1,
					"uv": [ 12.0, 0.75 ],
					"rotationOrigin": [ 1.9, 2.3, 1.2 ],
					"rotationZ": -15.0,
					"faces": {
						"north": { "texture": "#skin", "uv": [ 14.0, 2.0, 15.0, 3.0 ], "rotation": 90 },
						"east": { "texture": "#skin", "uv": [ 13.0, 3.0, 14.0, 4.0 ] },
						"south": { "texture": "#skin", "uv": [ 12.0, 2.0, 13.0, 3.0 ], "rotation": 270 },
						"west": { "texture": "#skin", "uv": [ 13.0, 1.0, 14.0, 2.0 ], "rotation": 180 },
						"up": { "texture": "#skin", "uv": [ 13.0, 2.0, 14.0, 3.0 ], "rotation": 270 },
						"down": { "texture": "#skin", "uv": [ 15.0, 2.0, 16.0, 3.0 ], "rotation": 90 }
					},
					"children": [
						{
							"name": "Tail 2",
							"from": [ 0.8, 0.05, 0.05 ],
							"to": [ 1.8, 1.05, 1.05 ],
							"unwrapMode": 7,
							"unwrapRotation": 1,
							"uv": [ 10.5, 3.38 ],
							"rotationOrigin": [ 1.0, 0.7, 0.5 ],
							"rotationZ": -8.0,
							"faces": {
								"north": { "texture": "#skin", "uv": [ 12.5, 4.5, 13.5, 5.5 ], "rotation": 90 },
								"east": { "texture": "#skin", "uv": [ 11.5, 5.5, 12.5, 6.5 ] },
								"south": { "texture": "#skin", "uv": [ 10.5, 4.5, 11.5, 5.5 ], "rotation": 270 },
								"west": { "texture": "#skin", "uv": [ 11.5, 3.5, 12.5, 4.5 ], "rotation": 180 },
								"up": { "texture": "#skin", "uv": [ 11.5, 4.5, 12.5, 5.5 ], "rotation": 270 },
								"down": { "texture": "#skin", "uv": [ 13.5, 4.5, 14.5, 5.5 ], "rotation": 90 }
							},
							"children": [
								{
									"name": "Tail 3",
									"from": [ 0.8, -0.05, -0.05 ],
									"to": [ 1.8, 1.05, 1.05 ],
									"unwrapMode": 7,
									"unwrapRotation": 1,
									"uv": [ 12.0, 5.88 ],
									"rotationOrigin": [ 1.0, 0.65, 0.45 ],
									"rotationZ": 6.0,
									"faces": {
										"north": { "texture": "#skin", "uv": [ 14.0, 7.0, 15.0, 8.0 ], "rotation": 90 },
										"east": { "texture": "#skin", "uv": [ 13.0, 8.0, 14.0, 9.0 ] },
										"south": { "texture": "#skin", "uv": [ 12.0, 7.0, 13.0, 8.0 ], "rotation": 270 },
										"west": { "texture": "#skin", "uv": [ 13.0, 6.0, 14.0, 7.0 ], "rotation": 180 },
										"up": { "texture": "#skin", "uv": [ 13.0, 7.0, 14.0, 8.0 ], "rotation": 270 },
										"down": { "texture": "#skin", "uv": [ 15.0, 7.0, 16.0, 8.0 ], "rotation": 90 }
									},
									"children": [
										{
											"name": "Tail 4",
											"from": [ 0.7, -0.05, -0.05 ],
											"to": [ 1.7, 1.05, 1.15 ],
											"unwrapMode": 7,
											"unwrapRotation": 1,
											"uv": [ 10.5, 8.38 ],
											"rotationOrigin": [ 0.9, 0.55, 0.4 ],
											"rotationZ": 7.0,
											"faces": {
												"north": { "texture": "#skin", "uv": [ 12.5, 9.5, 13.5, 10.5 ], "rotation": 90 },
												"east": { "texture": "#skin", "uv": [ 11.5, 10.5, 12.5, 11.5 ] },
												"south": { "texture": "#skin", "uv": [ 10.5, 9.5, 11.5, 10.5 ], "rotation": 270 },
												"west": { "texture": "#skin", "uv": [ 11.5, 8.5, 12.5, 9.5 ], "rotation": 180 },
												"up": { "texture": "#skin", "uv": [ 11.5, 9.5, 12.5, 10.5 ], "rotation": 270 },
												"down": { "texture": "#skin", "uv": [ 13.5, 9.5, 14.5, 10.5 ], "rotation": 90 }
											},
											"children": [
												{
													"name": "Tail 5",
													"from": [ 0.7, -0.05, 0.05 ],
													"to": [ 1.7, 1.05, 1.15 ],
													"unwrapMode": 7,
													"unwrapRotation": 1,
													"uv": [ 12.0, 10.88 ],
													"rotationOrigin": [ 0.9, 0.7, 0.65 ],
													"rotationZ": 4.0,
													"faces": {
														"north": { "texture": "#skin", "uv": [ 14.0, 12.0, 15.0, 13.0 ], "rotation": 90 },
														"east": { "texture": "#skin", "uv": [ 13.0, 13.0, 14.0, 14.0 ] },
														"south": { "texture": "#skin", "uv": [ 12.0, 12.0, 13.0, 13.0 ], "rotation": 270 },
														"west": { "texture": "#skin", "uv": [ 13.0, 11.0, 14.0, 12.0 ], "rotation": 180 },
														"up": { "texture": "#skin", "uv": [ 13.0, 12.0, 14.0, 13.0 ], "rotation": 270 },
														"down": { "texture": "#skin", "uv": [ 15.0, 12.0, 16.0, 13.0 ], "rotation": 90 }
													},
													"children": [
														{
															"name": "Tail 6",
															"from": [ 0.7, 0.05, 0.05 ],
															"to": [ 1.7, 1.05, 1.05 ],
															"unwrapMode": 7,
															"unwrapRotation": 1,
															"uv": [ 11.5, 14.38 ],
															"rotationOrigin": [ 0.9, 0.75, 0.6 ],
															"rotationZ": 7.0,
															"faces": {
																"north": { "texture": "#skin", "uv": [ 13.5, 15.5, 14.5, 16.5 ], "rotation": 90 },
																"east": { "texture": "#skin", "uv": [ 12.5, 16.5, 13.5, 17.5 ] },
																"south": { "texture": "#skin", "uv": [ 11.5, 15.5, 12.5, 16.5 ], "rotation": 270 },
																"west": { "texture": "#skin", "uv": [ 12.5, 14.5, 13.5, 15.5 ], "rotation": 180 },
																"up": { "texture": "#skin", "uv": [ 12.5, 15.5, 13.5, 16.5 ], "rotation": 270 },
																"down": { "texture": "#skin", "uv": [ 14.5, 15.5, 15.5, 16.5 ], "rotation": 90 }
															},
															"children": [
																{
																	"name": "Tail 7",
																	"from": [ 0.7, 0.05, 0.05 ],
																	"to": [ 1.7, 0.95, 0.95 ],
																	"unwrapMode": 7,
																	"unwrapRotation": 1,
																	"uv": [ 11.0, 17.38 ],
																	"rotationOrigin": [ 0.9, 0.7, 0.45 ],
																	"rotationZ": 9.0,
																	"faces": {
																		"north": { "texture": "#skin", "uv": [ 12.0, 18.0, 12.5, 19.0 ], "rotation": 90 },
																		"east": { "texture": "#skin", "uv": [ 11.5, 19.0, 12.0, 19.5 ] },
																		"south": { "texture": "#skin", "uv": [ 11.0, 18.0, 11.5, 19.0 ], "rotation": 270 },
																		"west": { "texture": "#skin", "uv": [ 11.5, 17.5, 12.0, 18.0 ], "rotation": 180 },
																		"up": { "texture": "#skin", "uv": [ 11.5, 18.0, 12.0, 19.0 ], "rotation": 270 },
																		"down": { "texture": "#skin", "uv": [ 12.5, 18.0, 13.0, 19.0 ], "rotation": 90 }
																	},
																	"children": [
																		{
																			"name": "Tail 8",
																			"from": [ 0.7, 0.05, 0.05 ],
																			"to": [ 1.7, 0.85, 0.85 ],
																			"unwrapMode": 7,
																			"unwrapRotation": 1,
																			"uv": [ 12.0, 19.38 ],
																			"rotationOrigin": [ 0.9, 0.85, 0.6 ],
																			"rotationZ": 9.0,
																			"faces": {
																				"north": { "texture": "#skin", "uv": [ 13.0, 20.0, 13.5, 21.0 ], "rotation": 90 },
																				"east": { "texture": "#skin", "uv": [ 12.5, 21.0, 13.0, 21.5 ] },
																				"south": { "texture": "#skin", "uv": [ 12.0, 20.0, 12.5, 21.0 ], "rotation": 270 },
																				"west": { "texture": "#skin", "uv": [ 12.5, 19.5, 13.0, 20.0 ], "rotation": 180 },
																				"up": { "texture": "#skin", "uv": [ 12.5, 20.0, 13.0, 21.0 ], "rotation": 270 },
																				"down": { "texture": "#skin", "uv": [ 13.5, 20.0, 14.0, 21.0 ], "rotation": 90 }
																			}
																		}
																	]
																}
															]
														}
													]
												}
											]
										}
									]
								}
							]
						}
					]
				},
				{
					"name": "R Upper Leg",
					"from": [ 0.21, -0.8, -0.2 ],
					"to": [ 1.71, 1.2, 0.8 ],
					"unwrapMode": 1,
					"uv": [ 22.5, 14.0 ],
					"rotationOrigin": [ 1.3, 1.3, 0.1 ],
					"faces": {
						"north": { "texture": "#skin", "uv": [ 23.5, 15.0, 25.0, 17.0 ] },
						"east": { "texture": "#skin", "uv": [ 22.5, 15.0, 23.5, 17.0 ] },
						"south": { "texture": "#skin", "uv": [ 26.0, 15.0, 27.5, 17.0 ] },
						"west": { "texture": "#skin", "uv": [ 25.0, 15.0, 26.0, 17.0 ] },
						"up": { "texture": "#skin", "uv": [ 23.5, 14.0, 25.0, 15.0 ], "rotation": 180 },
						"down": { "texture": "#skin", "uv": [ 23.5, 17.0, 25.0, 18.0 ] }
					},
					"children": [
						{
							"name": "R Lower Leg",
							"from": [ 0.1, -1.4, 0.1 ],
							"to": [ 1.1, 0.1, 0.9 ],
							"unwrapMode": 1,
							"uv": [ 23.0, 18.5 ],
							"rotationOrigin": [ 0.1, 0.2, 0.5 ],
							"rotationZ": 35.0,
							"faces": {
								"north": { "texture": "#skin", "uv": [ 23.5, 19.0, 24.5, 20.5 ] },
								"east": { "texture": "#skin", "uv": [ 23.0, 19.0, 23.5, 20.5 ] },
								"south": { "texture": "#skin", "uv": [ 25.0, 19.0, 26.0, 20.5 ] },
								"west": { "texture": "#skin", "uv": [ 24.5, 19.0, 25.0, 20.5 ] },
								"up": { "texture": "#skin", "uv": [ 23.5, 18.5, 24.5, 19.0 ], "rotation": 180 },
								"down": { "texture": "#skin", "uv": [ 23.5, 20.5, 24.5, 21.0 ] }
							},
							"children": [
								{
									"name": "R Foot",
									"from": [ 0.0, -0.6, 0.0 ],
									"to": [ 0.6, 0.4, 0.8 ],
									"unwrapMode": 1,
									"uv": [ 23.0, 21.5 ],
									"rotationOrigin": [ 0.4, 0.0, 0.4 ],
									"rotationY": -1.0,
									"rotationZ": -45.0,
									"faces": {
										"north": { "texture": "#skin", "uv": [ 23.5, 22.0, 24.0, 23.0 ] },
										"east": { "texture": "#skin", "uv": [ 23.0, 22.0, 23.5, 23.0 ] },
										"south": { "texture": "#skin", "uv": [ 24.5, 22.0, 25.0, 23.0 ] },
										"west": { "texture": "#skin", "uv": [ 24.0, 22.0, 24.5, 23.0 ] },
										"up": { "texture": "#skin", "uv": [ 23.5, 21.5, 24.0, 22.0 ], "rotation": 180 },
										"down": { "texture": "#skin", "uv": [ 23.5, 23.0, 24.0, 23.5 ] }
									},
									"children": [
										{
											"name": "R Toes",
											"from": [ -0.5, -0.4, 0.0 ],
											"to": [ 0.5, 0.1, 0.8 ],
											"unwrapMode": 5,
											"unwrapRotation": 1,
											"uv": [ 25.5, 21.0 ],
											"rotationOrigin": [ 0.1, 0.1, 0.4 ],
											"rotationZ": 24.0,
											"faces": {
												"north": { "texture": "#skin", "uv": [ 25.5, 21.5, 26.0, 22.5 ], "rotation": 270 },
												"east": { "texture": "#skin", "uv": [ 26.0, 21.0, 26.5, 21.5 ], "rotation": 180 },
												"south": { "texture": "#skin", "uv": [ 26.5, 21.5, 27.0, 22.5 ], "rotation": 90 },
												"west": { "texture": "#skin", "uv": [ 26.0, 22.5, 26.5, 23.0 ] },
												"up": { "texture": "#skin", "uv": [ 26.0, 21.5, 26.5, 22.5 ], "rotation": 90 },
												"down": { "texture": "#skin", "uv": [ 27.0, 21.5, 27.5, 22.5 ], "rotation": 270 }
											}
										}
									]
								}
							]
						}
					]
				},
				{
					"name": "L Upper Leg",
					"from": [ 0.21, -0.8, 1.6 ],
					"to": [ 1.71, 1.2, 2.6 ],
					"unwrapMode": 3,
					"uv": [ 16.5, 14.0 ],
					"rotationOrigin": [ 1.3, 1.3, 2.3 ],
					"rotationZ": 42.0,
					"faces": {
						"north": { "texture": "#skin", "uv": [ 20.0, 15.0, 21.5, 17.0 ] },
						"east": { "texture": "#skin", "uv": [ 19.0, 15.0, 20.0, 17.0 ] },
						"south": { "texture": "#skin", "uv": [ 17.5, 15.0, 19.0, 17.0 ] },
						"west": { "texture": "#skin", "uv": [ 16.5, 15.0, 17.5, 17.0 ] },
						"up": { "texture": "#skin", "uv": [ 17.5, 14.0, 19.0, 15.0 ] },
						"down": { "texture": "#skin", "uv": [ 17.5, 17.0, 19.0, 18.0 ], "rotation": 180 }
					},
					"children": [
						{
							"name": "L Lower Leg",
							"from": [ 0.1, -1.4, 0.1 ],
							"to": [ 1.1, 0.1, 0.9 ],
							"unwrapMode": 3,
							"uv": [ 17.0, 18.38 ],
							"rotationOrigin": [ 0.1, 0.2, 0.5 ],
							"rotationZ": 35.0,
							"faces": {
								"north": { "texture": "#skin", "uv": [ 19.0, 19.0, 20.0, 20.5 ] },
								"east": { "texture": "#skin", "uv": [ 18.5, 19.0, 19.0, 20.5 ] },
								"south": { "texture": "#skin", "uv": [ 17.5, 19.0, 18.5, 20.5 ] },
								"west": { "texture": "#skin", "uv": [ 17.0, 19.0, 17.5, 20.5 ] },
								"up": { "texture": "#skin", "uv": [ 17.5, 18.5, 18.5, 19.0 ] },
								"down": { "texture": "#skin", "uv": [ 17.5, 20.5, 18.5, 21.0 ], "rotation": 180 }
							},
							"children": [
								{
									"name": "L Foot",
									"from": [ 0.0, -0.6, 0.0 ],
									"to": [ 0.6, 0.4, 0.8 ],
									"unwrapMode": 3,
									"uv": [ 17.0, 21.5 ],
									"rotationOrigin": [ 0.4, 0.0, 0.4 ],
									"rotationY": 1.0,
									"rotationZ": -31.0,
									"faces": {
										"north": { "texture": "#skin", "uv": [ 18.5, 22.0, 19.0, 23.0 ] },
										"east": { "texture": "#skin", "uv": [ 18.0, 22.0, 18.5, 23.0 ] },
										"south": { "texture": "#skin", "uv": [ 17.5, 22.0, 18.0, 23.0 ] },
										"west": { "texture": "#skin", "uv": [ 17.0, 22.0, 17.5, 23.0 ] },
										"up": { "texture": "#skin", "uv": [ 17.5, 21.5, 18.0, 22.0 ] },
										"down": { "texture": "#skin", "uv": [ 17.5, 23.0, 18.0, 23.5 ], "rotation": 180 }
									},
									"children": [
										{
											"name": "L Toes",
											"from": [ -0.5, -0.4, 0.0 ],
											"to": [ 0.5, 0.1, 0.8 ],
											"unwrapMode": 5,
											"unwrapRotation": 1,
											"uv": [ 19.5, 21.0 ],
											"rotationOrigin": [ 0.1, 0.1, 0.4 ],
											"rotationZ": 54.0,
											"faces": {
												"north": { "texture": "#skin", "uv": [ 19.5, 21.5, 20.0, 22.5 ], "rotation": 270 },
												"east": { "texture": "#skin", "uv": [ 20.0, 21.0, 20.5, 21.5 ], "rotation": 180 },
												"south": { "texture": "#skin", "uv": [ 20.5, 21.5, 21.0, 22.5 ], "rotation": 90 },
												"west": { "texture": "#skin", "uv": [ 20.0, 22.5, 20.5, 23.0 ] },
												"up": { "texture": "#skin", "uv": [ 20.0, 21.5, 20.5, 22.5 ], "rotation": 90 },
												"down": { "texture": "#skin", "uv": [ 21.0, 21.5, 21.5, 22.5 ], "rotation": 270 }
											}
										}
									]
								}
							]
						}
					]
				},
				{
					"name": "Abdomen",
					"from": [ -2.6, -0.4, -0.05 ],
					"to": [ 0.1, 2.4, 2.45 ],
					"unwrapMode": 7,
					"unwrapRotation": 1,
					"autoUnwrap": false,
					"uv": [ 0.75, 46.0 ],
					"rotationOrigin": [ -0.2, 2.0, 1.2 ],
					"rotationZ": 9.0,
					"faces": {
						"north": { "texture": "#skin", "uv": [ 6.0, 11.0, 8.5, 13.5 ], "rotation": 90 },
						"east": { "texture": "#skin", "uv": [ 8.5, 17.0, 11.0, 19.5 ] },
						"south": { "texture": "#skin", "uv": [ 1.0, 11.0, 3.5, 13.5 ], "rotation": 270 },
						"west": { "texture": "#skin", "uv": [ 6.0, 17.0, 8.5, 19.5 ], "windMode": [-1,-1,-1,-1], "windData": [0,0,1,1] },
						"up": { "texture": "#skin", "uv": [ 3.5, 11.0, 6.0, 13.5 ], "rotation": 270 },
						"down": { "texture": "#skin", "uv": [ 8.5, 11.0, 11.0, 13.5 ], "rotation": 90 }
					},
					"children": [
						{
							"name": "Body",
							"from": [ -2.2, -0.1, 0.05 ],
							"to": [ 0.5, 2.7, 2.45 ],
							"unwrapMode": 7,
							"unwrapRotation": 1,
							"autoUnwrap": false,
							"uv": [ 0.62, 37.62 ],
							"rotationOrigin": [ 0.2, 2.2, 1.25 ],
							"rotationZ": -6.0,
							"faces": {
								"north": { "texture": "#skin", "uv": [ 5.5, 8.0, 8.0, 10.5 ], "rotation": 90 },
								"east": { "texture": "#skin", "uv": [ 1.0, 19.5, 3.0, 22.0 ], "windMode": [-1,-1,-1,-1] },
								"south": { "texture": "#skin", "uv": [ 1.0, 8.0, 3.5, 10.5 ], "rotation": 270, "windMode": [-1,-1,-1,-1], "windData": [0,0,0,1] },
								"west": { "texture": "#skin", "uv": [ 3.5, 19.5, 5.5, 22.0 ], "windMode": [-1,-1,-1,-1], "windData": [0,0,1,1] },
								"up": { "texture": "#skin", "uv": [ 3.5, 8.0, 5.5, 10.5 ], "rotation": 270, "windMode": [-1,-1,-1,-1], "windData": [1,1,0,0] },
								"down": { "texture": "#skin", "uv": [ 8.0, 8.0, 10.0, 10.5 ], "rotation": 90, "windMode": [-1,-1,-1,-1] }
							},
							"children": [
								{
									"name": "Neck",
									"from": [ -1.2, 0.5, 0.4 ],
									"to": [ 0.8, 2.6, 2.0 ],
									"unwrapMode": 7,
									"unwrapRotation": 1,
									"autoUnwrap": false,
									"uv": [ 3.75, 4.25 ],
									"rotationOrigin": [ 0.5, 2.2, 1.2 ],
									"rotationZ": -15.0,
									"faces": {
										"north": { "texture": "#skin", "uv": [ 5.0, 5.5, 7.0, 7.5 ], "rotation": 90 },
										"east": { "texture": "#skin", "uv": [ 8.0, 1.0, 9.5, 3.0 ] },
										"south": { "texture": "#skin", "uv": [ 1.5, 5.5, 3.5, 7.5 ], "rotation": 270 },
										"west": { "texture": "#skin", "uv": [ 10.0, 1.0, 11.5, 3.0 ] },
										"up": { "texture": "#skin", "uv": [ 3.5, 5.5, 5.0, 7.5 ], "rotation": 270 },
										"down": { "texture": "#skin", "uv": [ 7.0, 5.5, 8.5, 7.5 ], "rotation": 90 }
									},
									"children": [
										{
											"name": "Neck 2",
											"from": [ -0.7, 0.3, 0.1 ],
											"to": [ 0.9, 1.9, 1.5 ],
											"unwrapMode": 7,
											"unwrapRotation": 1,
											"autoUnwrap": false,
											"uv": [ 4.25, 0.88 ],
											"rotationOrigin": [ 0.4, 1.8, 0.8 ],
											"rotationZ": 1.0,
											"faces": {
												"north": { "texture": "#skin", "uv": [ 5.0, 3.5, 6.5, 5.0 ], "rotation": 90 },
												"east": { "texture": "#skin", "uv": [ 8.0, 3.5, 9.0, 5.0 ] },
												"south": { "texture": "#skin", "uv": [ 2.5, 3.5, 4.0, 5.0 ], "rotation": 270 },
												"west": { "texture": "#skin", "uv": [ 1.0, 3.5, 2.0, 5.0 ] },
												"up": { "texture": "#skin", "uv": [ 4.0, 3.5, 5.0, 5.0 ], "rotation": 270 },
												"down": { "texture": "#skin", "uv": [ 6.5, 3.5, 7.5, 5.0 ], "rotation": 90 }
											},
											"children": [
												{
													"name": "Neck 3",
													"from": [ -0.6, 0.1, 0.2 ],
													"to": [ 0.0, 1.6, 1.2 ],
													"unwrapMode": 7,
													"unwrapRotation": 1,
													"autoUnwrap": false,
													"uv": [ 2.25, 0.88 ],
													"rotationOrigin": [ 0.0, 1.6, 0.7 ],
													"rotationZ": 6.0,
													"faces": {
														"north": { "texture": "#skin", "uv": [ 5.0, 2.5, 6.5, 3.0 ], "rotation": 90 },
														"east": { "texture": "#skin", "uv": [ 1.0, 1.0, 2.0, 2.5 ] },
														"south": { "texture": "#skin", "uv": [ 2.5, 2.5, 4.0, 3.0 ], "rotation": 270 },
														"west": { "texture": "#skin", "uv": [ 4.0, 1.0, 5.0, 2.5 ], "rotation": 180 },
														"up": { "texture": "#skin", "uv": [ 4.0, 2.5, 5.0, 3.0 ], "rotation": 270 },
														"down": { "texture": "#skin", "uv": [ 6.5, 2.5, 7.5, 3.0 ], "rotation": 90 }
													},
													"children": [
														{
															"name": "Head",
															"from": [ -0.9, 0.0, -0.3 ],
															"to": [ 0.1, 1.5, 1.3 ],
															"unwrapMode": 4,
															"uv": [ 6.0, 20.0 ],
															"rotationOrigin": [ 0.0, 1.3, 0.5 ],
															"rotationZ": 11.0,
															"faces": {
																"north": { "texture": "#skin", "uv": [ 6.0, 21.0, 7.0, 22.5 ] },
																"east": { "texture": "#skin", "uv": [ 9.5, 21.0, 11.0, 22.5 ], "windMode": [-1,-1,-1,-1], "windData": [1,2,2,1] },
																"south": { "texture": "#skin", "uv": [ 8.5, 21.0, 9.5, 22.5 ] },
																"west": { "texture": "#skin", "uv": [ 7.0, 21.0, 8.5, 22.5 ] },
																"up": { "texture": "#skin", "uv": [ 7.0, 20.0, 8.5, 21.0 ], "rotation": 90 },
																"down": { "texture": "#skin", "uv": [ 7.0, 22.5, 8.5, 23.5 ], "rotation": 90 }
															},
															"children": [
																{
																	"name": "R Ear",
																	"from": [ 0.8, 1.3, 0.0 ],
																	"to": [ 1.0, 2.0, 0.6 ],
																	"unwrapMode": 4,
																	"uv": [ 17.0, 3.0 ],
																	"rotationOrigin": [ 0.8, 1.3, 0.3 ],
																	"rotationX": -40.0,
																	"faces": {
																		"north": { "texture": "#skin", "uv": [ 17.0, 3.5, 17.5, 4.0 ] },
																		"east": { "texture": "#skin", "uv": [ 18.5, 3.5, 19.0, 4.0 ] },
																		"south": { "texture": "#skin", "uv": [ 18.0, 3.5, 18.5, 4.0 ] },
																		"west": { "texture": "#skin", "uv": [ 17.5, 3.5, 18.0, 4.0 ] },
																		"up": { "texture": "#skin", "uv": [ 17.5, 3.0, 18.0, 3.5 ], "rotation": 90 },
																		"down": { "texture": "#skin", "uv": [ 17.5, 4.0, 18.0, 4.5 ], "rotation": 90 }
																	}
																},
																{
																	"name": "L Ear",
																	"from": [ 0.8, 1.3, 1.0 ],
																	"to": [ 1.0, 2.0, 1.6 ],
																	"unwrapMode": 4,
																	"uv": [ 16.5, 1.0 ],
																	"rotationOrigin": [ 0.8, 1.3, 1.3 ],
																	"rotationX": 40.0,
																	"faces": {
																		"north": { "texture": "#skin", "uv": [ 16.5, 1.5, 17.0, 2.0 ] },
																		"east": { "texture": "#skin", "uv": [ 18.0, 1.5, 18.5, 2.0 ] },
																		"south": { "texture": "#skin", "uv": [ 17.5, 1.5, 18.0, 2.0 ] },
																		"west": { "texture": "#skin", "uv": [ 17.0, 1.5, 17.5, 2.0 ] },
																		"up": { "texture": "#skin", "uv": [ 17.0, 1.0, 17.5, 1.5 ], "rotation": 90 },
																		"down": { "texture": "#skin", "uv": [ 17.0, 2.0, 17.5, 2.5 ], "rotation": 90 }
																	}
																},
																{
																	"name": "Nose Bridge",
																	"from": [ -1.3, 0.75, 0.55 ],
																	"to": [ -0.2, 1.15, 1.05 ],
																	"unwrapMode": 5,
																	"unwrapRotation": 1,
																	"uv": [ 14.88, 3.38 ],
																	"rotationOrigin": [ -0.3, 1.13, 0.55 ],
																	"rotationZ": 24.0,
																	"faces": {
																		"north": { "texture": "#skin", "uv": [ 15.0, 3.5, 15.5, 4.5 ], "rotation": 270, "windMode": [-1,-1,-1,-1], "windData": [2,2,2,2] },
																		"south": { "texture": "#skin", "uv": [ 16.0, 3.5, 16.5, 4.5 ], "rotation": 90 },
																		"west": { "texture": "#skin", "uv": [ 15.5, 4.5, 16.0, 5.0 ] },
																		"up": { "texture": "#skin", "uv": [ 15.5, 3.5, 16.0, 4.5 ], "rotation": 90 }
																	}
																},
																{
																	"name": "Upper mouth",
																	"from": [ -1.4, 0.45, 0.5 ],
																	"to": [ 0.1, 0.85, 1.1 ],
																	"unwrapMode": 5,
																	"unwrapRotation": 1,
																	"uv": [ 14.5, 17.5 ],
																	"rotationOrigin": [ -0.3, 0.95, 0.5 ],
																	"rotationZ": 8.0,
																	"faces": {
																		"north": { "texture": "#skin", "uv": [ 14.5, 17.5, 15.0, 19.0 ], "rotation": 270, "windMode": [-1,-1,-1,-1] },
																		"south": { "texture": "#skin", "uv": [ 15.5, 17.5, 16.0, 19.0 ], "rotation": 90, "windMode": [-1,-1,-1,-1] },
																		"west": { "texture": "#skin", "uv": [ 15.0, 19.0, 15.5, 19.5 ], "windMode": [-1,-1,-1,-1], "windData": [0,0,1,1] },
																		"up": { "texture": "#skin", "uv": [ 15.0, 17.5, 15.5, 19.0 ], "rotation": 90, "windMode": [-1,-1,-1,-1] },
																		"down": { "texture": "#skin", "uv": [ 16.0, 17.5, 16.5, 19.0 ], "rotation": 270, "windMode": [-1,-1,-1,-1] }
																	},
																	"children": [
																		{
																			"name": "Nose",
																			"from": [ -0.1, 0.15, 0.15 ],
																			"to": [ 0.2, 0.45, 0.45 ],
																			"unwrapMode": 4,
																			"uv": [ 17.0, 9.5 ],
																			"rotationOrigin": [ 0.2, 0.45, 0.15 ],
																			"rotationZ": 6.0,
																			"faces": {
																				"north": { "texture": "#skin", "uv": [ 17.0, 10.0, 17.5, 10.5 ] },
																				"east": { "texture": "#skin", "uv": [ 18.5, 10.0, 19.0, 10.5 ] },
																				"south": { "texture": "#skin", "uv": [ 18.0, 10.0, 18.5, 10.5 ] },
																				"west": { "texture": "#skin", "uv": [ 17.5, 10.0, 18.0, 10.5 ] },
																				"up": { "texture": "#skin", "uv": [ 17.5, 9.5, 18.0, 10.0 ], "rotation": 90 },
																				"down": { "texture": "#skin", "uv": [ 17.5, 10.5, 18.0, 11.0 ], "rotation": 90 }
																			}
																		},
																		{
																			"name": "Lower Jaw",
																			"from": [ 0.7, -0.5, 0.05 ],
																			"to": [ 1.7, 0.0, 0.55 ],
																			"unwrapMode": 5,
																			"unwrapRotation": 1,
																			"uv": [ 15.75, 5.5 ],
																			"rotationOrigin": [ 1.5, 0.0, -0.1 ],
																			"rotationZ": -22.0,
																			"faces": {
																				"north": { "texture": "#skin", "uv": [ 16.0, 5.5, 16.5, 6.5 ], "rotation": 270 },
																				"south": { "texture": "#skin", "uv": [ 17.0, 5.5, 17.5, 6.5 ], "rotation": 90 },
																				"west": { "texture": "#skin", "uv": [ 16.5, 6.5, 17.0, 7.0 ] },
																				"up": { "texture": "#skin", "uv": [ 16.5, 5.5, 17.0, 6.5 ], "rotation": 90 },
																				"down": { "texture": "#skin", "uv": [ 17.5, 5.5, 18.0, 6.5 ], "rotation": 270 }
																			},
																			"children": [
																				{
																					"name": "Chin",
																					"from": [ -0.6, 0.0, 0.05 ],
																					"to": [ 0.1, 0.4, 0.45 ],
																					"unwrapMode": 5,
																					"unwrapRotation": 1,
																					"uv": [ 16.5, 7.5 ],
																					"rotationOrigin": [ 0.1, 0.4, 0.4 ],
																					"rotationZ": 8.0,
																					"faces": {
																						"north": { "texture": "#skin", "uv": [ 16.5, 8.0, 17.0, 8.5 ], "rotation": 270 },
																						"east": { "texture": "#skin", "uv": [ 17.0, 7.5, 17.5, 8.0 ], "rotation": 180 },
																						"south": { "texture": "#skin", "uv": [ 17.5, 8.0, 18.0, 8.5 ], "rotation": 90 },
																						"west": { "texture": "#skin", "uv": [ 17.0, 8.5, 17.5, 9.0 ] },
																						"up": { "texture": "#skin", "uv": [ 17.0, 8.0, 17.5, 8.5 ], "rotation": 90 },
																						"down": { "texture": "#skin", "uv": [ 18.0, 8.0, 18.5, 8.5 ], "rotation": 270 }
																					}
																				}
																			]
																		}
																	]
																},
																{
																	"name": "Forehead",
																	"from": [ -0.6, 0.5, 0.05 ],
																	"to": [ 0.0, 1.5, 1.55 ],
																	"unwrapMode": 5,
																	"unwrapRotation": 1,
																	"uv": [ 13.0, 22.0 ],
																	"rotationOrigin": [ 0.0, 1.5, 0.05 ],
																	"rotationZ": 45.0,
																	"faces": {
																		"north": { "texture": "#skin", "uv": [ 13.0, 22.0, 14.0, 22.5 ], "rotation": 270 },
																		"south": { "texture": "#skin", "uv": [ 15.5, 22.0, 16.5, 22.5 ], "rotation": 90 },
																		"west": { "texture": "#skin", "uv": [ 14.0, 22.5, 15.5, 23.5 ] },
																		"up": { "texture": "#skin", "uv": [ 14.0, 22.0, 15.5, 22.5 ], "rotation": 90 }
																	},
																	"children": [
																		{
																			"name": "R Eye",
																			"from": [ -0.2, 0.8, 0.2 ],
																			"to": [ 0.2, 1.1, 0.5 ],
																			"unwrapMode": 4,
																			"uv": [ 15.0, 8.5 ],
																			"rotationOrigin": [ -0.2, 0.9, 0.4 ],
																			"rotationX": 4.0,
																			"rotationZ": -55.0,
																			"faces": {
																				"north": { "texture": "#skin", "uv": [ 15.0, 9.0, 15.5, 9.5 ] },
																				"south": { "texture": "#skin", "uv": [ 16.0, 9.0, 16.5, 9.5 ] },
																				"west": { "texture": "#skin", "uv": [ 15.5, 9.0, 16.0, 9.5 ] },
																				"up": { "texture": "#skin", "uv": [ 15.5, 8.5, 16.0, 9.0 ], "rotation": 90 },
																				"down": { "texture": "#skin", "uv": [ 15.5, 9.5, 16.0, 10.0 ], "rotation": 90 }
																			},
																			"children": [
																				{
																					"name": "R pupil",
																					"from": [ -0.01, 0.1, 0.1 ],
																					"to": [ 0.19, 0.2, 0.2 ],
																					"unwrapMode": 4,
																					"uv": [ 15.0, 10.0 ],
																					"rotationOrigin": [ -0.01, 0.1, 0.1 ],
																					"faces": {
																						"north": { "texture": "#skin", "uv": [ 15.0, 10.5, 15.5, 11.0 ] },
																						"south": { "texture": "#skin", "uv": [ 16.0, 10.5, 16.5, 11.0 ] },
																						"west": { "texture": "#skin", "uv": [ 15.5, 10.5, 16.0, 11.0 ] },
																						"up": { "texture": "#skin", "uv": [ 15.5, 10.0, 16.0, 10.5 ], "rotation": 90 },
																						"down": { "texture": "#skin", "uv": [ 15.5, 11.0, 16.0, 11.5 ], "rotation": 90 }
																					}
																				},
																				{
																					"name": "R Eyelid",
																					"from": [ 0.05, -0.3, -0.2 ],
																					"to": [ 0.65, 0.3, 0.4 ],
																					"unwrapMode": 5,
																					"unwrapRotation": 1,
																					"uv": [ 16.5, 11.5 ],
																					"rotationOrigin": [ 0.05, 0.1, -0.2 ],
																					"rotationX": 15.0,
																					"faces": {
																						"north": { "texture": "#skin", "uv": [ 16.5, 11.5, 17.0, 12.0 ], "rotation": 270 },
																						"south": { "texture": "#skin", "uv": [ 17.5, 11.5, 18.0, 12.0 ], "rotation": 90 },
																						"west": { "texture": "#skin", "uv": [ 17.0, 12.0, 17.5, 12.5 ] },
																						"up": { "texture": "#skin", "uv": [ 17.0, 11.5, 17.5, 12.0 ], "rotation": 90 },
																						"down": { "texture": "#skin", "uv": [ 18.0, 11.5, 18.5, 12.0 ], "rotation": 270 }
																					}
																				}
																			]
																		},
																		{
																			"name": "L Eye",
																			"from": [ -0.2, 0.8, 1.0 ],
																			"to": [ 0.2, 1.1, 1.3 ],
																			"unwrapMode": 4,
																			"uv": [ 15.0, 8.5 ],
																			"rotationOrigin": [ -0.2, 0.9, 1.2 ],
																			"rotationX": -4.0,
																			"rotationZ": -55.0,
																			"faces": {
																				"north": { "texture": "#skin", "uv": [ 15.0, 9.0, 15.5, 9.5 ] },
																				"south": { "texture": "#skin", "uv": [ 16.0, 9.0, 16.5, 9.5 ] },
																				"west": { "texture": "#skin", "uv": [ 15.5, 9.0, 16.0, 9.5 ] },
																				"up": { "texture": "#skin", "uv": [ 15.5, 8.5, 16.0, 9.0 ], "rotation": 90 },
																				"down": { "texture": "#skin", "uv": [ 15.5, 9.5, 16.0, 10.0 ], "rotation": 90 }
																			},
																			"children": [
																				{
																					"name": "L pupil",
																					"from": [ -0.01, 0.1, 0.1 ],
																					"to": [ 0.19, 0.2, 0.2 ],
																					"unwrapMode": 4,
																					"uv": [ 15.0, 10.0 ],
																					"rotationOrigin": [ -0.01, 0.1, 0.1 ],
																					"faces": {
																						"north": { "texture": "#skin", "uv": [ 15.0, 10.5, 15.5, 11.0 ] },
																						"south": { "texture": "#skin", "uv": [ 16.0, 10.5, 16.5, 11.0 ] },
																						"west": { "texture": "#skin", "uv": [ 15.5, 10.5, 16.0, 11.0 ] },
																						"up": { "texture": "#skin", "uv": [ 15.5, 10.0, 16.0, 10.5 ], "rotation": 90 },
																						"down": { "texture": "#skin", "uv": [ 15.5, 11.0, 16.0, 11.5 ], "rotation": 90 }
																					}
																				},
																				{
																					"name": "L Eyelid",
																					"from": [ 0.05, -0.3, -0.1 ],
																					"to": [ 0.65, 0.3, 0.5 ],
																					"unwrapMode": 5,
																					"unwrapRotation": 1,
																					"uv": [ 18.0, 12.5 ],
																					"rotationOrigin": [ 0.05, 0.1, 0.5 ],
																					"rotationX": -15.0,
																					"faces": {
																						"north": { "texture": "#skin", "uv": [ 18.0, 12.5, 18.5, 13.0 ], "rotation": 270 },
																						"south": { "texture": "#skin", "uv": [ 19.0, 12.5, 19.5, 13.0 ], "rotation": 90 },
																						"west": { "texture": "#skin", "uv": [ 18.5, 13.0, 19.0, 13.5 ] },
																						"up": { "texture": "#skin", "uv": [ 18.5, 12.5, 19.0, 13.0 ], "rotation": 90 },
																						"down": { "texture": "#skin", "uv": [ 19.5, 12.5, 20.0, 13.0 ], "rotation": 270 }
																					}
																				}
																			]
																		}
																	]
																}
															]
														}
													]
												}
											]
										}
									],
									"attachmentpoints": [
										{
											"code": "rope",
											"posX": "0.0","posY": "0.0","posZ": "0.8",
											"rotationX": "0.0","rotationY": "0.0","rotationZ": "0.0"
										}
									]
								},
								{
									"name": "R Shoulder",
									"from": [ -0.4, 0.8, -0.2 ],
									"to": [ 0.8, 2.3, 0.6 ],
									"unwrapMode": 1,
									"uv": [ 23.38, 1.0 ],
									"rotationOrigin": [ 0.4, 2.1, 0.4 ],
									"rotationZ": -13.0,
									"faces": {
										"north": { "texture": "#skin", "uv": [ 24.0, 1.5, 25.0, 3.0 ] },
										"east": { "texture": "#skin", "uv": [ 23.5, 1.5, 24.0, 3.0 ] },
										"south": { "texture": "#skin", "uv": [ 25.5, 1.5, 26.5, 3.0 ] },
										"west": { "texture": "#skin", "uv": [ 25.0, 1.5, 25.5, 3.0 ] },
										"up": { "texture": "#skin", "uv": [ 24.0, 1.0, 25.0, 1.5 ], "rotation": 180 },
										"down": { "texture": "#skin", "uv": [ 24.0, 3.0, 25.0, 3.5 ] }
									},
									"children": [
										{
											"name": "R Upper Arm",
											"from": [ 0.0, -1.2, 0.0 ],
											"to": [ 1.0, 0.0, 0.8 ],
											"unwrapMode": 1,
											"uv": [ 23.25, 3.88 ],
											"rotationOrigin": [ 0.0, 0.0, 0.4 ],
											"rotationY": -1.0,
											"rotationZ": 22.5,
											"faces": {
												"north": { "texture": "#skin", "uv": [ 24.0, 4.5, 25.0, 5.5 ] },
												"east": { "texture": "#skin", "uv": [ 23.5, 4.5, 24.0, 5.5 ] },
												"south": { "texture": "#skin", "uv": [ 25.5, 4.5, 26.5, 5.5 ] },
												"west": { "texture": "#skin", "uv": [ 25.0, 4.5, 25.5, 5.5 ] },
												"up": { "texture": "#skin", "uv": [ 24.0, 4.0, 25.0, 4.5 ], "rotation": 180 },
												"down": { "texture": "#skin", "uv": [ 24.0, 5.5, 25.0, 6.0 ] }
											},
											"children": [
												{
													"name": "R Lower Arm",
													"from": [ 0.2, -1.4, 0.05 ],
													"to": [ 0.9, 0.1, 0.75 ],
													"unwrapMode": 1,
													"uv": [ 23.38, 6.5 ],
													"rotationOrigin": [ 0.8, 0.1, 0.4 ],
													"rotationZ": -75.5,
													"faces": {
														"north": { "texture": "#skin", "uv": [ 24.0, 7.0, 24.5, 8.5 ] },
														"east": { "texture": "#skin", "uv": [ 23.5, 7.0, 24.0, 8.5 ] },
														"south": { "texture": "#skin", "uv": [ 25.0, 7.0, 25.5, 8.5 ] },
														"west": { "texture": "#skin", "uv": [ 24.5, 7.0, 25.0, 8.5 ] },
														"up": { "texture": "#skin", "uv": [ 24.0, 6.5, 24.5, 7.0 ], "rotation": 180 },
														"down": { "texture": "#skin", "uv": [ 24.0, 8.5, 24.5, 9.0 ] }
													},
													"children": [
														{
															"name": "R Hand",
															"from": [ 0.0, -0.6, 0.05 ],
															"to": [ 0.6, 0.4, 0.65 ],
															"unwrapMode": 1,
															"uv": [ 23.38, 9.5 ],
															"rotationOrigin": [ 0.4, 0.2, 0.4 ],
															"rotationZ": -10.0,
															"faces": {
																"north": { "texture": "#skin", "uv": [ 24.0, 10.0, 24.5, 11.0 ] },
																"east": { "texture": "#skin", "uv": [ 23.5, 10.0, 24.0, 11.0 ] },
																"south": { "texture": "#skin", "uv": [ 25.0, 10.0, 25.5, 11.0 ] },
																"west": { "texture": "#skin", "uv": [ 24.5, 10.0, 25.0, 11.0 ] },
																"up": { "texture": "#skin", "uv": [ 24.0, 9.5, 24.5, 10.0 ], "rotation": 180 },
																"down": { "texture": "#skin", "uv": [ 24.0, 11.0, 24.5, 11.5 ] }
															},
															"children": [
																{
																	"name": "R Fingers",
																	"from": [ -0.4, -0.3, -0.1 ],
																	"to": [ 0.6, 0.2, 0.7 ],
																	"unwrapMode": 5,
																	"unwrapRotation": 1,
																	"uv": [ 24.38, 11.5 ],
																	"rotationOrigin": [ 0.2, 0.1, 0.3 ],
																	"rotationZ": 20.0,
																	"faces": {
																		"north": { "texture": "#skin", "uv": [ 24.5, 12.0, 25.0, 13.0 ], "rotation": 270 },
																		"east": { "texture": "#skin", "uv": [ 25.0, 11.5, 25.5, 12.0 ], "rotation": 180 },
																		"south": { "texture": "#skin", "uv": [ 25.5, 12.0, 26.0, 13.0 ], "rotation": 90 },
																		"west": { "texture": "#skin", "uv": [ 25.0, 13.0, 25.5, 13.5 ] },
																		"up": { "texture": "#skin", "uv": [ 25.0, 12.0, 25.5, 13.0 ], "rotation": 90 },
																		"down": { "texture": "#skin", "uv": [ 26.0, 12.0, 26.5, 13.0 ], "rotation": 270 }
																	}
																}
															]
														}
													]
												}
											]
										}
									]
								},
								{
									"name": "L Shoulder",
									"from": [ -0.4, 0.4, 1.8 ],
									"to": [ 0.8, 1.9, 2.6 ],
									"unwrapMode": 3,
									"uv": [ 18.75, 0.88 ],
									"rotationOrigin": [ 0.4, 2.1, 2.3 ],
									"rotationZ": -35.0,
									"faces": {
										"north": { "texture": "#skin", "uv": [ 21.0, 1.5, 22.0, 3.0 ] },
										"east": { "texture": "#skin", "uv": [ 20.5, 1.5, 21.0, 3.0 ] },
										"south": { "texture": "#skin", "uv": [ 19.5, 1.5, 20.5, 3.0 ] },
										"west": { "texture": "#skin", "uv": [ 19.0, 1.5, 19.5, 3.0 ] },
										"up": { "texture": "#skin", "uv": [ 19.5, 1.0, 20.5, 1.5 ] },
										"down": { "texture": "#skin", "uv": [ 19.5, 3.0, 20.5, 3.5 ], "rotation": 180 }
									},
									"children": [
										{
											"name": "L Upper Arm",
											"from": [ 0.0, -1.2, 0.0 ],
											"to": [ 1.0, 0.0, 0.8 ],
											"unwrapMode": 3,
											"uv": [ 19.0, 4.0 ],
											"rotationOrigin": [ 0.0, 0.0, 0.4 ],
											"rotationY": 1.0,
											"rotationZ": 11.5,
											"faces": {
												"north": { "texture": "#skin", "uv": [ 21.0, 4.5, 22.0, 5.5 ] },
												"east": { "texture": "#skin", "uv": [ 20.5, 4.5, 21.0, 5.5 ] },
												"south": { "texture": "#skin", "uv": [ 19.5, 4.5, 20.5, 5.5 ] },
												"west": { "texture": "#skin", "uv": [ 19.0, 4.5, 19.5, 5.5 ] },
												"up": { "texture": "#skin", "uv": [ 19.5, 4.0, 20.5, 4.5 ] },
												"down": { "texture": "#skin", "uv": [ 19.5, 5.5, 20.5, 6.0 ], "rotation": 180 }
											},
											"children": [
												{
													"name": "L Lower Arm",
													"from": [ 0.2, -1.4, 0.05 ],
													"to": [ 0.9, 0.1, 0.75 ],
													"unwrapMode": 3,
													"uv": [ 19.38, 6.5 ],
													"rotationOrigin": [ 0.8, 0.1, 0.4 ],
													"rotationZ": -22.5,
													"faces": {
														"north": { "texture": "#skin", "uv": [ 21.0, 7.0, 21.5, 8.5 ] },
														"east": { "texture": "#skin", "uv": [ 20.5, 7.0, 21.0, 8.5 ] },
														"south": { "texture": "#skin", "uv": [ 20.0, 7.0, 20.5, 8.5 ] },
														"west": { "texture": "#skin", "uv": [ 19.5, 7.0, 20.0, 8.5 ] },
														"up": { "texture": "#skin", "uv": [ 20.0, 6.5, 20.5, 7.0 ] },
														"down": { "texture": "#skin", "uv": [ 20.0, 8.5, 20.5, 9.0 ], "rotation": 180 }
													},
													"children": [
														{
															"name": "L Hand",
															"from": [ 0.0, -0.6, 0.05 ],
															"to": [ 0.6, 0.4, 0.65 ],
															"unwrapMode": 3,
															"uv": [ 19.25, 9.38 ],
															"rotationOrigin": [ 0.4, 0.2, 0.3 ],
															"rotationZ": -2.0,
															"faces": {
																"north": { "texture": "#skin", "uv": [ 21.0, 10.0, 21.5, 11.0 ] },
																"east": { "texture": "#skin", "uv": [ 20.5, 10.0, 21.0, 11.0 ] },
																"south": { "texture": "#skin", "uv": [ 20.0, 10.0, 20.5, 11.0 ] },
																"west": { "texture": "#skin", "uv": [ 19.5, 10.0, 20.0, 11.0 ] },
																"up": { "texture": "#skin", "uv": [ 20.0, 9.5, 20.5, 10.0 ] },
																"down": { "texture": "#skin", "uv": [ 20.0, 11.0, 20.5, 11.5 ], "rotation": 180 }
															},
															"children": [
																{
																	"name": "L Fingers",
																	"from": [ -0.4, -0.3, -0.1 ],
																	"to": [ 0.6, 0.2, 0.7 ],
																	"unwrapMode": 5,
																	"unwrapRotation": 1,
																	"uv": [ 20.5, 11.25 ],
																	"rotationOrigin": [ 0.2, 0.1, 0.3 ],
																	"rotationZ": 56.0,
																	"faces": {
																		"north": { "texture": "#skin", "uv": [ 20.5, 12.0, 21.0, 13.0 ], "rotation": 270 },
																		"east": { "texture": "#skin", "uv": [ 21.0, 11.5, 21.5, 12.0 ], "rotation": 180 },
																		"south": { "texture": "#skin", "uv": [ 21.5, 12.0, 22.0, 13.0 ], "rotation": 90 },
																		"west": { "texture": "#skin", "uv": [ 21.0, 13.0, 21.5, 13.5 ] },
																		"up": { "texture": "#skin", "uv": [ 21.0, 12.0, 21.5, 13.0 ], "rotation": 90 },
																		"down": { "texture": "#skin", "uv": [ 22.0, 12.0, 22.5, 13.0 ], "rotation": 270 }
																	}
																}
															]
														}
													]
												}
											]
										}
									]
								}
							],
							"attachmentpoints": [
								{
									"code": "Center",
									"posX": "2.0","posY": "2.0","posZ": "1.2",
									"rotationX": "0.0","rotationY": "0.0","rotationZ": "0.0"
								}
							]
						}
					]
				}
			]
		}
	]}