[
	{
		"code": "chrysotile",
		"triesPerChunk": 1, //2
		"withOreMap": true,
		"handbookPageCode": "item-ore-chrysotile",
		"generator": "disc-followsurface",
		"attributes": {
			"inblock": {
				"code": "rock-*",
				"name": "rock",
				"allowedVariants": [
					"peridotite",
					"slate",
					"conglomerate",
					"claystone",
					"shale",

					"dolostone",
					"quartzite",
					"amphibolite"
				]
			},
			"placeblock": { "code": "ore-chrysotile-{rock}" },
			"surfaceBlock": { "code": "looseores-chrysotile-{rock}-free" },
			"surfaceBlockChance": 0.1,
			"radius": {
				"dist": "gaussian",
				"avg": 10,
				"var": 5
			},
			"yPosRel": {
				"dist": "uniform",
				"avg": 0.9,
				"var": 0.1
			},
			"thickness": {
				"dist": "invexp",
				"avg": 2.2,
				"var": 1
			}
		}
	},
	{
		"code": "chrysotile",
		"triesPerChunk": 1, //2
		"withOreMap": true,
		"handbookPageCode": "item-ore-chrysotile",
		"generator": "disc-anywhere",
		"attributes": {
			"inblock": {
				"code": "rock-*",
				"name": "rock",
				"allowedVariants": [
					"peridotite",
					"slate",
					"conglomerate",
					"claystone",
					"shale",

					"dolostone",
					"quartzite",
					"amphibolite"
				]
			},
			"placeblock": { "code": "ore-chrysotile-{rock}" },
			"surfaceBlock": { "code": "looseores-chrysotile-{rock}-free" },
			"surfaceBlockChance": 0.33,
			"radius": {
				"dist": "gaussian",
				"avg": 10,
				"var": 5
			},
			"yPosRel": {
				"dist": "uniform",
				"avg": 0.5,
				"var": 0.5
			},
			"thickness": {
				"dist": "invexp",
				"avg": 2.2,
				"var": 1
			}
		}
	},
	{
		"code": "chrysotile",
		"triesPerChunk": 1, //2
		"withOreMap": true,
		"handbookPageCode": "item-ore-chrysotile",
		"generator": "disc-anywhere",
		"attributes": {
			"inblock": {
				"code": "rock-*",
				"name": "rock",
				"allowedVariants": [
					"peridotite",

					"amphibolite"
				]
			},
			"placeblock": { "code": "ore-chrysotile-{rock}" },
			"surfaceBlock": { "code": "looseores-chrysotile-{rock}-free" },
			"genSurfaceBlockChance": 0.35,
			"surfaceBlockChance": 0.05,
			"radius": {
				"dist": "gaussian",
				"avg": 10,
				"var": 5
			},
			"yPosRel": {
				"dist": "uniform",
				"avg": 0.75,
				"var": 0.25
			},
			"thickness": {
				"dist": "invexp",
				"avg": 2.2,
				"var": 1
			}
		}
	}
]
