[
	{
		ingredientPattern: "H,S",
		ingredients: {
			"H": { type: "item", code: "game:hammer-*", isTool: "true", },
			"S": { type: "block", code: "game:agedstonebricks-*", name: "rock", },
		},
		width: 1,
		height: 2,
		shapeless: false,
		output: {
			type: "block",
			code: "game:rocktyped-rubble-free",
			quantity: 1,
			attributes: {
				type: "rubble-ashlar1-{rock}",
				rock: "{rock}",
			},
		}
	},
	{
		ingredientPattern: "S,H",
		ingredients: {
			"H": { type: "item", code: "game:hammer-*", isTool: "true", },
			"S": { type: "block", code: "game:agedstonebricks-*", name: "rock", },
		},
		width: 1,
		height: 2,
		shapeless: false,
		output: {
			type: "block",
			code: "game:rocktyped-rubble-free",
			quantity: 1,
			attributes: {
				type: "rubble-ashlar2-{rock}",
				rock: "{rock}",
			},
		}
	},
	{
		ingredientPattern: "SH",
		ingredients: {
			"H": { type: "item", code: "game:hammer-*", isTool: "true", },
			"S": { type: "block", code: "game:agedstonebricks-*", name: "rock", },
		},
		width: 2,
		height: 1,
		shapeless: false,
		output: {
			type: "block",
			code: "game:rocktyped-rubble-free",
			quantity: 1,
			attributes: {
				type: "rubble-ashlar3-{rock}",
				rock: "{rock}",
			},
		}
	},
	{
		ingredientPattern: "HS",
		ingredients: {
			"H": { type: "item", code: "game:hammer-*", isTool: "true", },
			"S": { type: "block", code: "game:agedstonebricks-*", name: "rock", },
		},
		width: 2,
		height: 1,
		shapeless: false,
		output: {
			type: "block",
			code: "game:rocktyped-rubble-free",
			quantity: 1,
			attributes: {
				type: "rubble-ashlar4-{rock}",
				rock: "{rock}",
			},
		}
	},
]