{
	"code": "crop",
	"class": "BlockCrop",
	"behaviors": [{"name": "Unstable"}],
	"variantgroups": [
		{ "code": "type", "states": ["gossypiumhirsutum"] },
		{ "code": "stage", "states": ["1", "2", "3", "4", "5"] }
	],
	"creativeinventory": { "general": [""], "plants": [""] },
	"renderpass": "OpaqueNoCull",
	"shape": { "base": "block/plant/crop/gossypiumhirsutum/stage{stage}" },
	"blockmaterial": "Plant",
	"randomizeRotations": true,
	"randomSizeAdjust": 0.025,
	"attributes": {	
		"foodTagsByType": {
			"*-1": ["nibbleCrop"],
			"*-2": ["nibbleCrop"],
			"*-3": ["nibbleCrop"]
		},
		"butterflyFeedByType": {
			"*-4": true,
			"*": false
		},
		"beeFeedByType": {
			"*-4": false,
			"*": false
		},
		"tickGrowthProbability": 0.02,
		"handbook": {
			"include": true			
		}
	},
	"sideopaque": {
		"all": false
	},
	"sidesolid": {
		"all": false
	},
	"replaceable": 3000,
	"lightAbsorption": 0,
	"resistance": 0.5,
	"sounds": {
		"place": "game:block/plant",
		"break": "game:block/plant",
		"hit": "game:block/plant"
	},
	"rainPermeable": false,
	"dropsByType": {
		"*-5": [
			{ "type": "item", "code": "floralzonescaribbeanregion:seeds-gossypiumhirsutum", "quantity": { "avg": 0.1 }  },
			{ "type": "item", "code": "floralzonescaribbeanregion:cotton-gossypiumhirsutum-boll", "quantity": { "avg": 6, "var": 2 }  }
		],
		"*": [
			{ "type": "item", "code": "floralzonescaribbeanregion:seeds-gossypiumhirsutum", "quantity": { "avg": 0.1 }  }
		]
	},
	"cropProps": {
		"requiredNutrient": "N",
		"nutrientConsumption": 40,
		"growthStages": 5,
		"totalGrowthMonths": 1.5,
		"coldDamageBelow": 5,
		"heatDamageAbove": 48
	},
	"collisionBox": null,
	"selectionBoxByType": {
		"*-1": { "x1": 0.375, "y1": -0.0625, "z1": 0.375, "x2": 0.625, "y2": 0.125, "z2": 0.625 },
		"*-2": { "x1": 0.375, "y1": -0.0625, "z1": 0.375, "x2": 0.625, "y2": 0.25, "z2": 0.625 },
		"*-3": { "x1": 0.34, "y1": -0.0625, "z1": 0.34, "x2": 0.66, "y2": 0.375, "z2": 0.66 },
		"*-4": { "x1": 0.3125, "y1": -0.0625, "z1": 0.3125, "x2": 0.6875, "y2": 0.5, "z2": 0.6875 },
		"*-5": { "x1": 0.3125, "y1": -0.0625, "z1": 0.3125, "x2": 0.6875, "y2": 0.625, "z2": 0.6875 },
	},
	"materialDensity": 300,
	"combustibleProps": {
		"burnTemperature": 600,
		"burnDuration": 10,
	}
}
