{
	"code": "tallplant",
	"class": "BlockReeds",
	"entityClassByType": {
		"*-harvested-*": "Transient"
	},
	"attributes": {
        "butterflyFeedByType": {"*-normal": true},
        "beeFeedByType": {"*-normal": true},
		"climateColorMapForMap": "climatePlantTint", 
		"seasonColorMapForMap": "seasonalFoliage",
		"transientPropsByType": {
			"tallplant-equisetummyriochaetum-*": {
				"convertFrom": "*-harvested-{cover}", 
				"convertTo": "tallplant-equisetummyriochaetum-land-normal-{cover}", 
				"inGameHours": "168",
				"resetBelowTemperature": -4,
				"stopBelowTemperature": 2
			}
		}
	},
	"allowedVariants": [ 
		"*-land-*", 
		"*-water-normal-free",
		"*-water-harvested-free",
		"*-ice-normal-free",
		"*-ice-harvested-free",
	],
	"variantgroups": [
		{ "code": "type", "states": ["equisetummyriochaetum"] },
		{ "code": "habitat", "states": ["land", "water", "ice"] },
		{ "code": "state", "states": ["normal", "harvested"] },
		{ "code": "cover", "states": ["free", "snow"] }
	],
	"creativeinventory": { 
		"general": ["*-land-normal-free"], 
		"flora": ["*-land-normal-free"] 
	},
	"shapeByType": {
		"tallplant-equisetummyriochaetum-*-harvested-*": { "base": "block/plant/horsetail/equisetummyriochaetum-harvested" },		
		"tallplant-equisetummyriochaetum-*": { "base": "block/plant/horsetail/equisetummyriochaetum-var0", "alternates": [ { "base": "block/plant/horsetail/equisetummyriochaetum-var1" },{ "base": "block/plant/horsetail/equisetummyriochaetum-var2" },{ "base": "block/plant/horsetail/equisetummyriochaetum-var3" } ] }
	},
	"lod2shapeByType": {
	},
	"drawtypeByType": {
		"*-snow": "JSONAndSnowLayer",
		"*": "JSON"
	},
	"renderpass": "OpaqueNoCull",
	"matterstate": "solid",
	"blockmaterial": "plant",
	"faceCullMode": "NeverCull",
	"randomDrawOffset": true,
	"randomizeRotations": true,
	"texturesByType": {
		"tallplant-equisetummyriochaetum-*": {
			"equisetummyriochaetum": { "base": "block/plant/horsetail/equisetummyriochaetum" }
		}
	},
	"sideopaqueByType": {
		"*-snow": { "all": false, "down": true },
		"*": { "all": false }
	},
	"sidesolid": { "all" : false },
	"emitsideao": { "all": false },
	"sideao": { "all": true },
	"replaceable": 3000,
	"lightAbsorption": 0,
	"resistance": 1,
	"collisionbox": null,
	"selectionbox": {
		"x1": 0, "y1": 0, "z1": 0,
		"x2": 1, "y2": 1, "z2": 1
	},
	"guitransform": {
		"rotation": { "x": 0, "y": 0, "z": 0 }
	},
	"sounds": {
		"place": "game:block/plant",
		"break": "game:block/plant",
		"hit": "game:block/plant",
  	"inside": "game:walk/inside/leafy/bushrustle*"
	},
	"rainPermeableByType": {
		"*-land-*": true
	},
	"materialDensity": 200,
	"frostable": true,
	"combustibleProps": {
		"burnTemperature": 600,
		"burnDuration": 10
	},
	"guiTransform": {
		"translation": { "x": 0, "y": -1.5, "z": 0 },
		"rotation": { "x": 0, "y": 0, "z": 0 },
		"origin": { "x": 0.5, "y": 1.2, "z": 0.5 },
		"scale": 0.65
	},
	"dropsByType": {
		"*equisetummyriochaetum-*-normal-*": [ { "type": "item", "code": "floralzonescaribbeanregion:equisetummyriochaetum-equisetummyriochaetum", "quantity": { "avg": 3.8 }    } ],
		"*equisetummyriochaetum-*-harvested-*":  [ { "type": "block", "code": "floralzonescaribbeanregion:tallplant-equisetummyriochaetum-land-harvested-free", "quantity": { "avg": 1 }   } ]
	}
}