{
	"editor": {
		"backDropShape": "game:entity/humanoid/seraph",
		"collapsedPaths": "",
		"allAngles": true,
		"entityTextureMode": false
	},
	"textureWidth": 8,
	"textureHeight": 8,
	"textureSizes": {
		"araucariaheterophylla": [8,16]
	},
	"textures": {
		"reedrope": "game:block/cloth/ropedcloth",
		"araucariaheterophylla": "item/resource/treeseeds/araucariaheterophylla"
	},
	"elements": [
		{
			"name": "hideme",
			"stepParentName": "UpperTorso",
			"from": [ 2.0, 5.0, 3.0 ],
			"to": [ 2.0, 5.0, 3.0 ],
			"rotationOrigin": [ 2.0, 5.0, 3.0 ],
			"faces": {
			},
			"children": [
				{
					"name": "string back",
					"from": [ 2.2, 0.2, -1.4 ],
					"to": [ 2.4, 0.4, 1.6 ],
					"rotationOrigin": [ 2.3, 0.3, 0.1 ],
					"rotationZ": 45.0,
					"faces": {
						"north": { "texture": "#reedrope", "uv": [ 0.0, 0.0, 0.25, 0.25 ] },
						"east": { "texture": "#reedrope", "uv": [ 0.0, 0.0, 3.0, 0.25 ] },
						"south": { "texture": "#reedrope", "uv": [ 0.0, 0.0, 0.25, 0.25 ] },
						"west": { "texture": "#reedrope", "uv": [ 0.0, 0.0, 3.0, 0.25 ] },
						"up": { "texture": "#reedrope", "uv": [ 0.0, 0.0, 0.25, 3.0 ] },
						"down": { "texture": "#reedrope", "uv": [ 0.0, 0.0, 0.25, 3.0 ] }
					}
				},
				{
					"name": "string R2",
					"from": [ -1.0, 0.2, -1.5 ],
					"to": [ 2.3, 0.4, -1.3 ],
					"rotationOrigin": [ 0.4, 0.3, -1.4 ],
					"rotationX": 45.0,
					"faces": {
						"north": { "texture": "#reedrope", "uv": [ 0.0, 0.0, 3.25, 0.25 ] },
						"east": { "texture": "#reedrope", "uv": [ 0.0, 0.0, 0.25, 0.25 ] },
						"south": { "texture": "#reedrope", "uv": [ 0.0, 0.0, 3.25, 0.25 ] },
						"west": { "texture": "#reedrope", "uv": [ 0.0, 0.0, 0.25, 0.25 ] },
						"up": { "texture": "#reedrope", "uv": [ 0.0, 0.0, 3.25, 0.25 ] },
						"down": { "texture": "#reedrope", "uv": [ 0.0, 0.0, 3.25, 0.25 ] }
					}
				},
				{
					"name": "string L2",
					"from": [ -1.0, 0.2, 1.5 ],
					"to": [ 2.3, 0.4, 1.7 ],
					"rotationOrigin": [ 0.4, 0.3, 1.6 ],
					"rotationX": 45.0,
					"faces": {
						"north": { "texture": "#reedrope", "uv": [ 0.0, 0.0, 3.25, 0.25 ] },
						"east": { "texture": "#reedrope", "uv": [ 0.0, 0.0, 0.25, 0.25 ] },
						"south": { "texture": "#reedrope", "uv": [ 0.0, 0.0, 3.25, 0.25 ] },
						"west": { "texture": "#reedrope", "uv": [ 0.0, 0.0, 0.25, 0.25 ] },
						"up": { "texture": "#reedrope", "uv": [ 0.0, 0.0, 3.25, 0.25 ] },
						"down": { "texture": "#reedrope", "uv": [ 0.0, 0.0, 3.25, 0.25 ] }
					}
				},
				{
					"name": "string R3",
					"from": [ -2.3, -0.1, -1.0 ],
					"to": [ -0.8, 0.1, -0.8 ],
					"rotationOrigin": [ -1.8, 0.0, -0.9 ],
					"rotationY": 33.0,
					"rotationZ": 17.0,
					"faces": {
						"north": { "texture": "#reedrope", "uv": [ 0.0, 0.0, 1.5, 0.25 ] },
						"east": { "texture": "#reedrope", "uv": [ 0.0, 0.0, 0.25, 0.25 ] },
						"south": { "texture": "#reedrope", "uv": [ 0.0, 0.0, 1.5, 0.25 ] },
						"west": { "texture": "#reedrope", "uv": [ 0.0, 0.0, 0.25, 0.25 ] },
						"up": { "texture": "#reedrope", "uv": [ 0.0, 0.0, 1.5, 0.25 ] },
						"down": { "texture": "#reedrope", "uv": [ 0.0, 0.0, 1.5, 0.25 ] }
					}
				},
				{
					"name": "string L",
					"from": [ -2.3, -0.1, 1.0 ],
					"to": [ -0.8, 0.1, 1.2 ],
					"rotationOrigin": [ -1.8, 0.0, 1.1 ],
					"rotationY": -33.0,
					"rotationZ": 17.0,
					"faces": {
						"north": { "texture": "#reedrope", "uv": [ 0.0, 0.0, 1.5, 0.25 ] },
						"east": { "texture": "#reedrope", "uv": [ 0.0, 0.0, 0.25, 0.25 ] },
						"south": { "texture": "#reedrope", "uv": [ 0.0, 0.0, 1.5, 0.25 ] },
						"west": { "texture": "#reedrope", "uv": [ 0.0, 0.0, 0.25, 0.25 ] },
						"up": { "texture": "#reedrope", "uv": [ 0.0, 0.0, 1.5, 0.25 ] },
						"down": { "texture": "#reedrope", "uv": [ 0.0, 0.0, 1.5, 0.25 ] }
					}
				},
				{
					"name": "breasts",
					"from": [ -2.0, -2.0, -1.0 ],
					"to": [ -2.0, 0.0, 1.0 ],
					"rotationOrigin": [ -2.0, 0.0, 0.0 ],
					"faces": {
					},
					"children": [
						{
							"name": "seedbase",
							"from": [ -0.8, -1.0, 0.7 ],
							"to": [ 0.0, 0.5, 1.5 ],
							"rotationOrigin": [ -0.4, 0.5, 1.1 ],
							"rotationX": -9.0,
							"rotationY": -45.0,
							"rotationZ": -10.0,
							"faces": {
							},
							"children": [
								{
									"name": "string R1",
									"from": [ 0.2, 1.5, 0.1 ],
									"to": [ 0.4, 3.0, 0.3 ],
									"rotationOrigin": [ 0.3, 1.5, 0.2 ],
									"rotationX": -15.0,
									"rotationZ": 15.0,
									"faces": {
										"north": { "texture": "#reedrope", "uv": [ 0.0, 0.0, 0.25, 1.5 ] },
										"east": { "texture": "#reedrope", "uv": [ 0.0, 0.0, 0.25, 1.5 ] },
										"south": { "texture": "#reedrope", "uv": [ 0.0, 0.0, 0.25, 1.5 ] },
										"west": { "texture": "#reedrope", "uv": [ 0.0, 0.0, 0.25, 1.5 ] }
									}
								},
								{
									"name": "string L1",
									"from": [ 0.5, 1.5, 0.5 ],
									"to": [ 0.7, 3.0, 0.7 ],
									"rotationOrigin": [ 0.6, 1.5, 0.6 ],
									"rotationX": 15.0,
									"rotationZ": -15.0,
									"faces": {
										"north": { "texture": "#reedrope", "uv": [ 0.0, 0.0, 0.25, 1.5 ] },
										"east": { "texture": "#reedrope", "uv": [ 0.0, 0.0, 0.25, 1.5 ] },
										"south": { "texture": "#reedrope", "uv": [ 0.0, 0.0, 0.25, 1.5 ] },
										"west": { "texture": "#reedrope", "uv": [ 0.0, 0.0, 0.25, 1.5 ] }
									}
								},
								{
									"name": "string knot",
									"from": [ 0.2, 1.3, 0.2 ],
									"to": [ 0.6, 1.7, 0.6 ],
									"rotationOrigin": [ 0.3, 1.3, 0.3 ],
									"faces": {
										"north": { "texture": "#reedrope", "uv": [ 0.0, 0.0, 0.5, 0.5 ] },
										"east": { "texture": "#reedrope", "uv": [ 0.0, 0.0, 0.5, 0.5 ] },
										"south": { "texture": "#reedrope", "uv": [ 0.0, 0.0, 0.5, 0.5 ] },
										"west": { "texture": "#reedrope", "uv": [ 0.0, 0.0, 0.5, 0.5 ] },
										"up": { "texture": "#reedrope", "uv": [ 0.0, 0.0, 0.5, 0.5 ], "windMode": [-1,-1,-1,-1] }
									}
								},
								{
									"name": "Origin",
									"from": [ 0.4, 1.3, 0.4 ],
									"to": [ 0.4, 1.3, 0.4 ],
									"rotationOrigin": [ 0.4, 1.3, 0.4 ],
									"rotationY": 45.0,
									"rotationZ": 150.0,
									"faces": {
									},
									"children": [
										{
											"name": "Bottom",
											"from": [ -1.0, 0.0, -1.0 ],
											"to": [ 1.0, 0.5, 1.0 ],
											"rotationOrigin": [ -1.0, 0.0, -1.0 ],
											"faces": {
												"north": { "texture": "#araucariaheterophylla", "uv": [ 0.0, 0.0, 4.0, 1.0 ], "autoUv": false },
												"east": { "texture": "#araucariaheterophylla", "uv": [ 0.0, 0.0, 4.0, 1.0 ], "autoUv": false },
												"south": { "texture": "#araucariaheterophylla", "uv": [ 0.0, 0.0, 4.0, 1.0 ], "autoUv": false },
												"west": { "texture": "#araucariaheterophylla", "uv": [ 0.0, 0.0, 4.0, 1.0 ], "autoUv": false },
												"down": { "texture": "#araucariaheterophylla", "uv": [ 0.0, 8.0, 4.0, 12.0 ], "autoUv": false, "windMode": [-1,-1,-1,-1] }
											},
											"children": [
												{
													"name": "Second bottom",
													"from": [ -0.5, 0.5, -0.5 ],
													"to": [ 2.5, 1.0, 2.5 ],
													"rotationOrigin": [ -0.5, 0.5, -0.5 ],
													"faces": {
														"north": { "texture": "#araucariaheterophylla", "uv": [ 0.0, 0.0, 6.0, 1.0 ], "autoUv": false },
														"east": { "texture": "#araucariaheterophylla", "uv": [ 0.0, 0.0, 6.0, 1.0 ], "autoUv": false },
														"south": { "texture": "#araucariaheterophylla", "uv": [ 0.0, 0.0, 6.0, 1.0 ], "autoUv": false },
														"west": { "texture": "#araucariaheterophylla", "uv": [ 0.0, 0.0, 6.0, 1.0 ], "autoUv": false },
														"down": { "texture": "#araucariaheterophylla", "uv": [ 1.0, 9.0, 7.0, 15.0 ], "autoUv": false, "windMode": [-1,-1,-1,-1] }
													},
													"children": [
														{
															"name": "Center",
															"from": [ -0.5, 0.5, -0.5 ],
															"to": [ 3.5, 3.5, 3.5 ],
															"rotationOrigin": [ -0.5, 0.5, -0.5 ],
															"faces": {
																"north": { "texture": "#araucariaheterophylla", "uv": [ 0.0, 0.0, 8.0, 6.0 ], "autoUv": false },
																"east": { "texture": "#araucariaheterophylla", "uv": [ 0.0, 0.0, 8.0, 6.0 ], "autoUv": false },
																"south": { "texture": "#araucariaheterophylla", "uv": [ 0.0, 0.0, 8.0, 6.0 ], "autoUv": false },
																"west": { "texture": "#araucariaheterophylla", "uv": [ 0.0, 0.0, 8.0, 6.0 ], "autoUv": false },
																"up": { "texture": "#araucariaheterophylla", "uv": [ 0.0, 8.0, 8.0, 16.0 ], "autoUv": false, "windMode": [-1,-1,-1,-1] },
																"down": { "texture": "#araucariaheterophylla", "uv": [ 0.0, 8.0, 8.0, 16.0 ], "autoUv": false, "windMode": [-1,-1,-1,-1] }
															},
															"children": [
																{
																	"name": "Top",
																	"from": [ 0.5, 3.0, 0.5 ],
																	"to": [ 3.5, 3.5, 3.5 ],
																	"rotationOrigin": [ 0.5, 3.0, 0.5 ],
																	"faces": {
																		"north": { "texture": "#araucariaheterophylla", "uv": [ 0.0, 0.0, 6.0, 1.0 ], "autoUv": false },
																		"east": { "texture": "#araucariaheterophylla", "uv": [ 0.0, 0.0, 6.0, 1.0 ], "autoUv": false },
																		"south": { "texture": "#araucariaheterophylla", "uv": [ 0.0, 0.0, 6.0, 1.0 ], "autoUv": false },
																		"west": { "texture": "#araucariaheterophylla", "uv": [ 0.0, 0.0, 6.0, 1.0 ], "autoUv": false },
																		"up": { "texture": "#araucariaheterophylla", "uv": [ 1.0, 9.0, 7.0, 15.0 ], "autoUv": false, "windMode": [-1,-1,-1,-1] }
																	},
																	"children": [
																		{
																			"name": "Top Tip",
																			"from": [ 0.5, 0.5, 0.5 ],
																			"to": [ 2.5, 0.9, 2.5 ],
																			"rotationOrigin": [ 0.5, 0.5, 0.5 ],
																			"faces": {
																				"north": { "texture": "#araucariaheterophylla", "uv": [ 0.0, 0.0, 4.0, 0.5 ], "autoUv": false },
																				"east": { "texture": "#araucariaheterophylla", "uv": [ 0.0, 0.0, 4.0, 0.5 ], "autoUv": false },
																				"south": { "texture": "#araucariaheterophylla", "uv": [ 0.0, 0.0, 4.0, 0.5 ], "autoUv": false },
																				"west": { "texture": "#araucariaheterophylla", "uv": [ 0.0, 0.0, 4.0, 0.5 ], "autoUv": false },
																				"up": { "texture": "#araucariaheterophylla", "uv": [ 2.0, 10.0, 6.0, 14.0 ], "autoUv": false, "windMode": [-1,-1,-1,-1] }
																			}
																		}
																	]
																}
															]
														}
													]
												}
											]
										}
									]
								}
							]
						}
					]
				}
			]
		}
	]}