{
	"editor": {
		"collapsedPaths": "Root/Crossbow/Wheel/Cube2,Root/lever_1,Root/Bow/Bow_right_limb_19,Root/Crossbow/Wheel/Cube3,Root/Crossbow/Wheel,Root/Bow/Bow_right_limb_13,Root/Bow,Root/Stock,Root/Stock/Stock_front_1,Root/Bow/Bow_right_limb_7,Root/String,Root/Crossbow/Stock/Stock_front_1/Stock_front_11,Root/Crossbow/Plate,Root/Plate,Root/Crossbow/String,Root/Bow_holder_1,Root/Bow_holder_4,Root/Bow_right_limb_7,Root/Bow_right_limb_1,Root/Cube12,Root/Stock/Stock_back_1,Root/Crossbow/Wheel/Cube12,Root/Bow/Bow_right_limb_19/Bow_right_limb_7,Root/Cube2,Root/Cube3,Root/Wheel,Root/Crossbow/lever_1",
		"allAngles": false,
		"entityTextureMode": false
	},
	"textureWidth": 16,
	"textureHeight": 16,
	"textureSizes": {
	},
	"textures": {
		"linen": "game:block/cloth/linen/normal1",
		"brass": "game:block/metal/plate/brass",
		"metal": "game:block/metal/plate/tinbronze",
		"woodbow": "game:block/wood/debarked/larch",
		"wood": "game:block/wood/debarked/oak"
	},
	"elements": [
		{
			"name": "Crossbow",
			"from": [ 0.0, -0.5, 0.0 ],
			"to": [ 0.0, -0.5, 0.0 ],
			"rotationOrigin": [ 0.0, -0.5, 0.0 ],
			"faces": {
				"north": { "texture": "#metal", "uv": [ 0.0, 0.0, 0.5, 0.5 ] },
				"east": { "texture": "#metal", "uv": [ 0.0, 0.0, 0.5, 0.5 ] },
				"south": { "texture": "#metal", "uv": [ 0.0, 0.0, 0.5, 0.5 ] },
				"west": { "texture": "#metal", "uv": [ 0.0, 0.0, 0.5, 0.5 ] },
				"up": { "texture": "#metal", "uv": [ 0.0, 0.0, 0.5, 0.5 ] },
				"down": { "texture": "#metal", "uv": [ 0.0, 0.0, 0.5, 0.5 ] }
			},
			"children": [
				{
					"name": "String",
					"from": [ -0.5, 2.0, -6.3 ],
					"to": [ 1.0, 2.5, -5.8 ],
					"rotationOrigin": [ -0.5, 2.0, -6.2 ],
					"faces": {
						"north": { "texture": "#linen", "uv": [ 7.0, 3.5, 9.0, 4.5 ], "autoUv": false },
						"east": { "texture": "#linen", "uv": [ 0.0, 0.0, 0.5, 0.5 ] },
						"south": { "texture": "#linen", "uv": [ 8.0, 6.5, 10.0, 7.5 ], "autoUv": false },
						"west": { "texture": "#linen", "uv": [ 0.0, 0.0, 0.5, 0.5 ] },
						"up": { "texture": "#linen", "uv": [ 9.5, 7.5, 11.5, 8.5 ], "autoUv": false }
					},
					"children": [
						{
							"name": "String_2",
							"from": [ 1.5, 0.0, 0.0 ],
							"to": [ 11.5, 0.5, 0.5 ],
							"rotationOrigin": [ 1.5, 0.5, 0.5 ],
							"rotationZ": -4.0,
							"faces": {
								"north": { "texture": "#linen", "uv": [ 0.0, 1.5, 16.0, 2.5 ], "autoUv": false },
								"east": { "texture": "#linen", "uv": [ 0.0, 0.0, 0.5, 0.5 ] },
								"south": { "texture": "#linen", "uv": [ 0.0, 4.0, 16.0, 5.0 ], "autoUv": false },
								"up": { "texture": "#linen", "uv": [ 0.0, 7.0, 16.0, 8.0 ], "autoUv": false },
								"down": { "texture": "#linen", "uv": [ 0.0, 9.5, 16.0, 10.5 ], "autoUv": false }
							}
						},
						{
							"name": "String_6",
							"from": [ 0.0, 0.0, 0.5 ],
							"to": [ 10.0, 0.5, 1.0 ],
							"rotationOrigin": [ 0.0, 0.5, 0.5 ],
							"rotationY": -180.0,
							"rotationZ": -4.0,
							"faces": {
								"north": { "texture": "#linen", "uv": [ 0.0, 10.0, 16.0, 11.0 ], "autoUv": false },
								"east": { "texture": "#linen", "uv": [ 0.0, 0.0, 0.5, 0.5 ] },
								"south": { "texture": "#linen", "uv": [ 0.0, 3.5, 16.0, 4.5 ], "autoUv": false },
								"up": { "texture": "#linen", "uv": [ 0.0, 10.0, 16.0, 11.0 ], "autoUv": false },
								"down": { "texture": "#linen", "uv": [ 0.0, 13.5, 16.0, 14.5 ], "autoUv": false }
							}
						}
					]
				},
				{
					"name": "Lever",
					"from": [ -0.01, -1.0, 0.0 ],
					"to": [ 0.51, 1.5, 1.0 ],
					"rotationOrigin": [ 0.0, 1.0, 0.5 ],
					"rotationX": -10.0,
					"faces": {
						"north": { "texture": "#metal", "uv": [ 9.0, 2.0, 9.5, 4.5 ] },
						"east": { "texture": "#metal", "uv": [ 8.0, 2.0, 9.0, 4.5 ] },
						"south": { "texture": "#metal", "uv": [ 7.5, 2.5, 8.0, 5.0 ] },
						"west": { "texture": "#metal", "uv": [ 8.0, 2.0, 9.0, 4.5 ] }
					},
					"children": [
						{
							"name": "lever_2",
							"from": [ 0.01, 0.0, 0.0 ],
							"to": [ 0.51, 0.5, 3.0 ],
							"rotationOrigin": [ 0.0, 0.0, 0.0 ],
							"rotationX": 15.0,
							"faces": {
								"east": { "texture": "#metal", "uv": [ 7.5, 2.0, 10.5, 2.5 ], "rotation": 180 },
								"west": { "texture": "#metal", "uv": [ 7.5, 2.0, 10.5, 2.5 ] },
								"up": { "texture": "#metal", "uv": [ 7.5, 2.0, 10.5, 2.5 ], "rotation": 90 },
								"down": { "texture": "#metal", "uv": [ 7.5, 2.0, 10.5, 2.5 ], "rotation": 90 }
							},
							"children": [
								{
									"name": "lever_3",
									"from": [ 0.01, 0.0, 3.0 ],
									"to": [ 0.49, 0.5, 7.0 ],
									"rotationOrigin": [ 0.0, 0.5, 3.0 ],
									"rotationX": 17.0,
									"faces": {
										"east": { "texture": "#metal", "uv": [ 10.0, 2.0, 14.0, 2.5 ], "rotation": 180 },
										"south": { "texture": "#metal", "uv": [ 0.0, 0.0, 0.5, 0.5 ] },
										"west": { "texture": "#metal", "uv": [ 10.0, 2.0, 14.0, 2.5 ] },
										"up": { "texture": "#metal", "uv": [ 10.0, 2.0, 14.0, 2.5 ], "rotation": 90 },
										"down": { "texture": "#metal", "uv": [ 10.0, 2.0, 14.0, 2.5 ], "rotation": 90 }
									}
								}
							]
						}
					]
				},
				{
					"name": "Plate",
					"from": [ 0.8, 0.5, -1.6 ],
					"to": [ 1.1, 2.1, 1.5 ],
					"rotationOrigin": [ 0.8, 0.5, -1.6 ],
					"faces": {
						"north": { "texture": "#brass", "uv": [ 0.0, 0.0, 0.5, 1.5 ] },
						"east": { "texture": "#brass", "uv": [ 0.0, 0.0, 3.0, 1.5 ] },
						"south": { "texture": "#brass", "uv": [ 0.0, 0.0, 0.5, 1.5 ] },
						"west": { "texture": "#brass", "uv": [ 0.0, 0.0, 3.0, 1.5 ] },
						"up": { "texture": "#brass", "uv": [ 0.0, 0.0, 0.5, 3.0 ] },
						"down": { "texture": "#brass", "uv": [ 0.0, 0.0, 0.5, 3.0 ] }
					},
					"children": [
						{
							"name": "Plate2",
							"from": [ -1.4, 0.0, 0.0 ],
							"to": [ -1.1, 1.6, 3.1 ],
							"rotationOrigin": [ -1.4, 0.0, 0.0 ],
							"faces": {
								"north": { "texture": "#brass", "uv": [ 0.0, 0.0, 0.5, 1.5 ] },
								"east": { "texture": "#brass", "uv": [ 0.0, 0.0, 3.0, 1.5 ] },
								"south": { "texture": "#brass", "uv": [ 0.0, 0.0, 0.5, 1.5 ] },
								"west": { "texture": "#brass", "uv": [ 0.0, 0.0, 3.0, 1.5 ] },
								"up": { "texture": "#brass", "uv": [ 0.0, 0.0, 0.5, 3.0 ] },
								"down": { "texture": "#brass", "uv": [ 0.0, 0.0, 0.5, 3.0 ] }
							}
						},
						{
							"name": "Plate3",
							"from": [ -1.5, 1.0, 1.3 ],
							"to": [ 0.4, 1.4, 1.7 ],
							"rotationOrigin": [ -1.5, 1.0, 1.3 ],
							"faces": {
								"north": { "texture": "#metal", "uv": [ 0.0, 0.0, 1.5, 0.5 ] },
								"east": { "texture": "#metal", "uv": [ 0.0, 0.0, 0.5, 0.5 ] },
								"south": { "texture": "#metal", "uv": [ 0.0, 0.0, 1.5, 0.5 ] },
								"west": { "texture": "#metal", "uv": [ 0.0, 0.0, 0.5, 0.5 ] },
								"up": { "texture": "#metal", "uv": [ 0.0, 0.0, 1.5, 0.5 ] },
								"down": { "texture": "#metal", "uv": [ 0.0, 0.0, 1.5, 0.5 ] }
							}
						},
						{
							"name": "Plate4",
							"from": [ -1.5, 0.3, 1.9 ],
							"to": [ 0.4, 0.7, 2.3 ],
							"rotationOrigin": [ -1.5, 0.3, 1.9 ],
							"faces": {
								"north": { "texture": "#metal", "uv": [ 0.0, 0.0, 1.5, 0.5 ] },
								"east": { "texture": "#metal", "uv": [ 0.0, 0.0, 0.5, 0.5 ] },
								"south": { "texture": "#metal", "uv": [ 0.0, 0.0, 1.5, 0.5 ] },
								"west": { "texture": "#metal", "uv": [ 0.0, 0.0, 0.5, 0.5 ] },
								"up": { "texture": "#metal", "uv": [ 0.0, 0.0, 1.5, 0.5 ] },
								"down": { "texture": "#metal", "uv": [ 0.0, 0.0, 1.5, 0.5 ] }
							}
						}
					]
				},
				{
					"name": "Wheel",
					"from": [ -0.2, 1.4, -0.6 ],
					"to": [ -0.2, 1.4, -0.6 ],
					"rotationOrigin": [ 0.3, 1.9, -0.1 ],
					"rotationX": -67.5,
					"faces": {
						"north": { "texture": "#metal", "uv": [ 0.0, 0.0, 0.5, 0.5 ] },
						"east": { "texture": "#metal", "uv": [ 0.0, 0.0, 0.5, 0.5 ] },
						"south": { "texture": "#metal", "uv": [ 0.0, 0.0, 0.5, 0.5 ] },
						"west": { "texture": "#metal", "uv": [ 0.0, 0.0, 0.5, 0.5 ] },
						"up": { "texture": "#metal", "uv": [ 0.0, 0.0, 0.5, 0.5 ] },
						"down": { "texture": "#metal", "uv": [ 0.0, 0.0, 0.5, 0.5 ] }
					},
					"children": [
						{
							"name": "Cube2",
							"from": [ 0.3, 0.0, 0.0 ],
							"to": [ 0.3, 0.0, 0.0 ],
							"rotationOrigin": [ 0.8, 0.5, 0.5 ],
							"faces": {
								"north": { "texture": "#metal", "uv": [ 2.5, 6.5, 3.0, 7.0 ] },
								"east": { "texture": "#metal", "uv": [ 1.5, 4.5, 2.0, 5.0 ] },
								"south": { "texture": "#metal", "uv": [ 5.5, 9.5, 6.0, 10.0 ] },
								"west": { "texture": "#metal", "uv": [ 3.0, 10.0, 3.5, 10.5 ] },
								"up": { "texture": "#metal", "uv": [ 2.0, 4.5, 2.5, 5.0 ] },
								"down": { "texture": "#metal", "uv": [ 3.0, 9.0, 3.5, 9.5 ] }
							},
							"children": [
								{
									"name": "Cube4",
									"from": [ 0.3, -0.2, 0.0 ],
									"to": [ 0.7, 0.0, 1.0 ],
									"rotationOrigin": [ 0.3, -0.2, 0.0 ],
									"faces": {
										"north": { "texture": "#metal", "uv": [ 5.0, 13.0, 5.5, 13.5 ] },
										"east": { "texture": "#metal", "uv": [ 5.5, 7.5, 6.5, 8.0 ] },
										"south": { "texture": "#metal", "uv": [ 3.0, 4.5, 3.5, 5.0 ] },
										"west": { "texture": "#metal", "uv": [ 9.5, 6.0, 10.5, 6.5 ] },
										"up": { "texture": "#metal", "uv": [ 7.0, 6.5, 7.5, 7.5 ] },
										"down": { "texture": "#metal", "uv": [ 6.5, 6.5, 7.0, 7.5 ] }
									}
								},
								{
									"name": "Cube5",
									"from": [ 0.3, 0.0, -0.2 ],
									"to": [ 0.7, 0.6, 1.2 ],
									"rotationOrigin": [ 0.3, 0.0, -0.2 ],
									"faces": {
										"north": { "texture": "#metal", "uv": [ 6.5, 8.0, 7.0, 8.5 ] },
										"east": { "texture": "#metal", "uv": [ 7.0, 8.0, 8.0, 8.5 ] },
										"south": { "texture": "#metal", "uv": [ 5.0, 6.0, 5.5, 6.5 ] },
										"west": { "texture": "#metal", "uv": [ 3.0, 8.5, 4.0, 9.0 ] },
										"up": { "texture": "#metal", "uv": [ 4.0, 4.0, 4.5, 5.0 ] },
										"down": { "texture": "#metal", "uv": [ 5.5, 4.0, 6.0, 5.0 ] }
									}
								},
								{
									"name": "Cube6",
									"from": [ 0.3, 0.6, 0.0 ],
									"to": [ 0.7, 1.2, 0.6 ],
									"rotationOrigin": [ 0.3, 0.6, 0.0 ],
									"faces": {
										"north": { "texture": "#metal", "uv": [ 5.5, 6.0, 6.0, 6.5 ] },
										"east": { "texture": "#metal", "uv": [ 5.5, 5.0, 6.0, 5.5 ] },
										"south": { "texture": "#metal", "uv": [ 3.0, 6.0, 3.5, 6.5 ] },
										"west": { "texture": "#metal", "uv": [ 8.0, 8.5, 8.5, 9.0 ] },
										"up": { "texture": "#metal", "uv": [ 5.5, 7.0, 6.0, 7.5 ] },
										"down": { "texture": "#metal", "uv": [ 4.0, 6.5, 4.5, 7.0 ] }
									}
								},
								{
									"name": "Cube7",
									"from": [ 0.3, 0.6, -0.2 ],
									"to": [ 0.7, 1.0, 0.0 ],
									"rotationOrigin": [ 0.3, 0.6, -0.2 ],
									"faces": {
										"north": { "texture": "#metal", "uv": [ 8.5, 8.5, 9.0, 9.0 ] },
										"east": { "texture": "#metal", "uv": [ 4.0, 5.5, 4.5, 6.0 ] },
										"south": { "texture": "#metal", "uv": [ 7.0, 8.0, 7.5, 8.5 ] },
										"west": { "texture": "#metal", "uv": [ 1.5, 6.0, 2.0, 6.5 ] },
										"up": { "texture": "#metal", "uv": [ 4.5, 6.0, 5.0, 6.5 ] },
										"down": { "texture": "#metal", "uv": [ 3.0, 8.5, 3.5, 9.0 ] }
									}
								}
							]
						},
						{
							"name": "Cube3",
							"from": [ 0.0, 0.0, 0.0 ],
							"to": [ 0.0, 0.0, 0.0 ],
							"rotationOrigin": [ 0.5, 0.5, 0.5 ],
							"faces": {
								"north": { "texture": "#metal", "uv": [ 0.0, 0.0, 0.5, 0.5 ] },
								"east": { "texture": "#metal", "uv": [ 0.0, 0.0, 0.5, 0.5 ] },
								"south": { "texture": "#metal", "uv": [ 0.0, 0.0, 0.5, 0.5 ] },
								"west": { "texture": "#metal", "uv": [ 0.0, 0.0, 0.5, 0.5 ] },
								"up": { "texture": "#metal", "uv": [ 0.0, 0.0, 0.5, 0.5 ] },
								"down": { "texture": "#metal", "uv": [ 0.0, 0.0, 0.5, 0.5 ] }
							},
							"children": [
								{
									"name": "Cube8",
									"from": [ 0.3, -0.2, 0.0 ],
									"to": [ 0.6, 0.0, 1.0 ],
									"rotationOrigin": [ 0.3, -0.2, 0.0 ],
									"faces": {
										"north": { "texture": "#metal", "uv": [ 9.0, 5.0, 9.5, 5.5 ] },
										"east": { "texture": "#metal", "uv": [ 4.5, 9.5, 5.5, 10.0 ] },
										"south": { "texture": "#metal", "uv": [ 1.5, 6.0, 2.0, 6.5 ] },
										"west": { "texture": "#metal", "uv": [ 8.5, 6.0, 9.5, 6.5 ] },
										"up": { "texture": "#metal", "uv": [ 5.0, 8.0, 5.5, 9.0 ] },
										"down": { "texture": "#metal", "uv": [ 6.5, 3.0, 7.0, 4.0 ] }
									}
								},
								{
									"name": "Cube9",
									"from": [ 0.3, 0.0, -0.2 ],
									"to": [ 0.6, 0.4, 1.2 ],
									"rotationOrigin": [ 0.3, 0.0, -0.2 ],
									"faces": {
										"north": { "texture": "#metal", "uv": [ 7.0, 4.0, 7.5, 4.5 ] },
										"east": { "texture": "#metal", "uv": [ 6.0, 6.0, 7.0, 6.5 ] },
										"south": { "texture": "#metal", "uv": [ 4.0, 5.5, 4.5, 6.0 ] },
										"west": { "texture": "#metal", "uv": [ 7.0, 5.5, 8.0, 6.0 ] },
										"up": { "texture": "#metal", "uv": [ 6.0, 5.5, 6.5, 6.5 ] },
										"down": { "texture": "#metal", "uv": [ 6.0, 3.0, 6.5, 4.0 ] }
									}
								}
							]
						},
						{
							"name": "Cube12",
							"from": [ -0.4, 0.0, 0.0 ],
							"to": [ -0.4, 0.0, 0.0 ],
							"rotationOrigin": [ 0.1, 0.5, 0.5 ],
							"faces": {
								"north": { "texture": "#metal", "uv": [ 0.0, 0.0, 0.5, 0.5 ] },
								"east": { "texture": "#metal", "uv": [ 0.0, 0.0, 0.5, 0.5 ] },
								"south": { "texture": "#metal", "uv": [ 0.0, 0.0, 0.5, 0.5 ] },
								"west": { "texture": "#metal", "uv": [ 0.0, 0.0, 0.5, 0.5 ] },
								"up": { "texture": "#metal", "uv": [ 0.0, 0.0, 0.5, 0.5 ] },
								"down": { "texture": "#metal", "uv": [ 0.0, 0.0, 0.5, 0.5 ] }
							},
							"children": [
								{
									"name": "Cube13",
									"from": [ 0.3, -0.2, 0.0 ],
									"to": [ 0.7, 0.0, 1.0 ],
									"rotationOrigin": [ 0.3, -0.2, 0.0 ],
									"faces": {
										"north": { "texture": "#metal", "uv": [ 7.5, 3.5, 8.0, 4.0 ] },
										"east": { "texture": "#metal", "uv": [ 8.5, 7.0, 9.5, 7.5 ] },
										"south": { "texture": "#metal", "uv": [ 7.5, 5.5, 8.0, 6.0 ] },
										"west": { "texture": "#metal", "uv": [ 7.5, 2.0, 8.5, 2.5 ] },
										"up": { "texture": "#metal", "uv": [ 8.0, 9.5, 8.5, 10.5 ] },
										"down": { "texture": "#metal", "uv": [ 6.0, 5.0, 6.5, 6.0 ] }
									}
								},
								{
									"name": "Cube14",
									"from": [ 0.3, 0.0, -0.2 ],
									"to": [ 0.7, 0.6, 1.2 ],
									"rotationOrigin": [ 0.3, 0.0, -0.2 ],
									"faces": {
										"north": { "texture": "#metal", "uv": [ 6.0, 6.0, 6.5, 6.5 ] },
										"east": { "texture": "#metal", "uv": [ 7.0, 7.0, 8.0, 7.5 ] },
										"south": { "texture": "#metal", "uv": [ 5.0, 6.5, 5.5, 7.0 ] },
										"west": { "texture": "#metal", "uv": [ 6.0, 8.5, 7.0, 9.0 ] },
										"up": { "texture": "#metal", "uv": [ 5.0, 7.5, 5.5, 8.5 ] },
										"down": { "texture": "#metal", "uv": [ 4.5, 3.5, 5.0, 4.5 ] }
									}
								},
								{
									"name": "Cube15",
									"from": [ 0.3, 0.6, 0.0 ],
									"to": [ 0.7, 1.2, 0.6 ],
									"rotationOrigin": [ 0.3, 0.6, 0.0 ],
									"faces": {
										"north": { "texture": "#metal", "uv": [ 4.0, 2.5, 4.5, 3.0 ] },
										"east": { "texture": "#metal", "uv": [ 8.0, 10.0, 8.5, 10.5 ] },
										"south": { "texture": "#metal", "uv": [ 11.0, 9.0, 11.5, 9.5 ] },
										"west": { "texture": "#metal", "uv": [ 4.5, 2.0, 5.0, 2.5 ] },
										"up": { "texture": "#metal", "uv": [ 6.0, 4.5, 6.5, 5.0 ] },
										"down": { "texture": "#metal", "uv": [ 6.0, 4.0, 6.5, 4.5 ] }
									}
								},
								{
									"name": "Cube16",
									"from": [ 0.3, 0.6, -0.2 ],
									"to": [ 0.7, 1.0, 0.0 ],
									"rotationOrigin": [ 0.3, 0.6, -0.2 ],
									"faces": {
										"north": { "texture": "#metal", "uv": [ 3.5, 5.5, 4.0, 6.0 ] },
										"east": { "texture": "#metal", "uv": [ 8.0, 7.0, 8.5, 7.5 ] },
										"south": { "texture": "#metal", "uv": [ 3.5, 7.0, 4.0, 7.5 ] },
										"west": { "texture": "#metal", "uv": [ 2.0, 4.0, 2.5, 4.5 ] },
										"up": { "texture": "#metal", "uv": [ 6.5, 7.0, 7.0, 7.5 ] },
										"down": { "texture": "#metal", "uv": [ 6.0, 4.0, 6.5, 4.5 ] }
									}
								}
							]
						}
					]
				},
				{
					"name": "Bow",
					"from": [ -7.5, -0.1, -10.5 ],
					"to": [ -7.5, -0.1, -10.5 ],
					"rotationOrigin": [ 0.5, 0.6, -10.5 ],
					"rotationX": -10.0,
					"faces": {
						"north": { "texture": "#metal", "uv": [ 0.0, 0.0, 0.5, 0.5 ] },
						"east": { "texture": "#metal", "uv": [ 0.0, 0.0, 0.5, 0.5 ] },
						"south": { "texture": "#metal", "uv": [ 0.0, 0.0, 0.5, 0.5 ] },
						"west": { "texture": "#metal", "uv": [ 0.0, 0.0, 0.5, 0.5 ] },
						"up": { "texture": "#metal", "uv": [ 0.0, 0.0, 0.5, 0.5 ] },
						"down": { "texture": "#metal", "uv": [ 0.0, 0.0, 0.5, 0.5 ] }
					},
					"children": [
						{
							"name": "Bow_right_limb_1",
							"from": [ 9.0, 0.3022, 0.0 ],
							"to": [ 11.0, 1.3022, 1.4 ],
							"rotationOrigin": [ 9.0, 0.3022, 0.0 ],
							"rotationY": -1.0,
							"faces": {
								"north": { "texture": "#woodbow", "uv": [ 0.0, 0.0, 2.0, 1.0 ] },
								"east": { "texture": "#woodbow", "uv": [ 0.0, 0.0, 1.0, 1.0 ] },
								"south": { "texture": "#woodbow", "uv": [ 3.5, 3.0, 5.5, 4.0 ] },
								"up": { "texture": "#woodbow", "uv": [ 1.0, 7.0, 3.0, 8.5 ], "autoUv": false },
								"down": { "texture": "#woodbow", "uv": [ 0.5, 13.0, 2.5, 14.5 ], "autoUv": false }
							},
							"children": [
								{
									"name": "Bow_right_limb_2",
									"from": [ 2.0, 0.01, 0.0 ],
									"to": [ 4.0, 0.99, 1.3 ],
									"rotationOrigin": [ 2.0, 0.0, 0.0 ],
									"rotationY": -10.0,
									"faces": {
										"north": { "texture": "#woodbow", "uv": [ 0.0, 0.0, 2.0, 1.0 ], "autoUv": false },
										"east": { "texture": "#woodbow", "uv": [ 0.0, 0.0, 1.0, 0.5 ] },
										"south": { "texture": "#woodbow", "uv": [ 9.0, 0.0, 11.0, 1.0 ], "autoUv": false },
										"up": { "texture": "#woodbow", "uv": [ 4.0, 7.0, 6.0, 8.4 ], "autoUv": false },
										"down": { "texture": "#woodbow", "uv": [ 2.0, 13.0, 4.0, 14.4 ], "autoUv": false }
									},
									"children": [
										{
											"name": "Bow_right_limb_3",
											"from": [ 2.0, 0.01, 0.0 ],
											"to": [ 4.0, 0.97, 1.2 ],
											"rotationOrigin": [ 2.0, 0.0, 0.0 ],
											"rotationY": -10.0,
											"faces": {
												"north": { "texture": "#woodbow", "uv": [ 0.0, 0.0, 2.0, 1.1 ], "autoUv": false },
												"east": { "texture": "#woodbow", "uv": [ 0.0, 0.0, 1.0, 0.5 ] },
												"south": { "texture": "#woodbow", "uv": [ 7.5, 3.0, 9.5, 4.0 ], "autoUv": false },
												"up": { "texture": "#woodbow", "uv": [ 6.5, 7.0, 8.5, 8.3 ], "autoUv": false },
												"down": { "texture": "#woodbow", "uv": [ 5.5, 14.0, 7.5, 15.3 ], "autoUv": false }
											},
											"children": [
												{
													"name": "Bow_right_limb_4",
													"from": [ 2.0, 0.01, 0.0 ],
													"to": [ 4.0, 0.95, 1.1 ],
													"rotationOrigin": [ 2.0, 0.0, 0.0 ],
													"rotationY": -10.0,
													"faces": {
														"north": { "texture": "#woodbow", "uv": [ 0.0, 0.0, 2.0, 1.0 ], "autoUv": false },
														"east": { "texture": "#woodbow", "uv": [ 0.0, 0.0, 1.0, 0.5 ] },
														"south": { "texture": "#woodbow", "uv": [ 3.0, 4.5, 5.0, 5.5 ], "autoUv": false },
														"up": { "texture": "#woodbow", "uv": [ 5.0, 7.0, 7.0, 8.2 ], "autoUv": false },
														"down": { "texture": "#woodbow", "uv": [ 8.0, 14.0, 10.0, 15.2 ], "autoUv": false }
													},
													"children": [
														{
															"name": "Bow_right_limb_5",
															"from": [ 2.0, 0.01, 0.0 ],
															"to": [ 4.0, 0.93, 1.0 ],
															"rotationOrigin": [ 2.0, 0.0, 0.0 ],
															"rotationY": -10.0,
															"faces": {
																"north": { "texture": "#woodbow", "uv": [ 0.0, 0.0, 2.0, 1.0 ], "autoUv": false },
																"east": { "texture": "#woodbow", "uv": [ 0.0, 0.0, 1.0, 1.0 ], "autoUv": false },
																"south": { "texture": "#woodbow", "uv": [ 11.0, 6.0, 13.0, 7.0 ], "autoUv": false },
																"up": { "texture": "#woodbow", "uv": [ 7.5, 7.0, 9.5, 8.1 ], "autoUv": false },
																"down": { "texture": "#woodbow", "uv": [ 6.5, 14.0, 8.5, 15.1 ], "autoUv": false }
															},
															"children": [
																{
																	"name": "Bow_right_limb_6",
																	"from": [ 1.9, 0.2, 0.1 ],
																	"to": [ 3.6, 0.7, 0.9 ],
																	"rotationOrigin": [ 1.9, 0.2, 0.8 ],
																	"rotationY": 35.0,
																	"faces": {
																		"north": { "texture": "#woodbow", "uv": [ 0.0, 0.0, 1.5, 0.5 ] },
																		"east": { "texture": "#woodbow", "uv": [ 0.0, 0.0, 1.0, 0.5 ], "autoUv": false },
																		"south": { "texture": "#woodbow", "uv": [ 0.0, 0.0, 1.5, 0.5 ] },
																		"up": { "texture": "#woodbow", "uv": [ 0.0, 0.0, 1.5, 1.0 ], "autoUv": false },
																		"down": { "texture": "#woodbow", "uv": [ 0.0, 0.0, 1.5, 1.0 ], "autoUv": false }
																	},
																	"children": [
																		{
																			"name": "Bow_right_limb_13",
																			"from": [ 0.7, -0.2, -0.2 ],
																			"to": [ 1.5, 0.7, 1.5 ],
																			"rotationOrigin": [ 1.5, 0.4, 0.0 ],
																			"rotationY": -10.0,
																			"faces": {
																				"north": { "texture": "#linen", "uv": [ 0.0, 0.0, 1.5, 1.5 ], "autoUv": false },
																				"east": { "texture": "#linen", "uv": [ 0.0, 0.0, 3.0, 1.5 ], "autoUv": false },
																				"south": { "texture": "#linen", "uv": [ 0.0, 0.0, 1.5, 1.5 ], "autoUv": false },
																				"west": { "texture": "#linen", "uv": [ 0.0, 0.0, 3.0, 1.5 ], "autoUv": false, "windMode": [-1,-1,-1,-1] },
																				"up": { "texture": "#linen", "uv": [ 0.0, 0.0, 1.5, 3.0 ], "autoUv": false },
																				"down": { "texture": "#linen", "uv": [ 0.0, 0.0, 1.5, 3.0 ], "autoUv": false }
																			}
																		}
																	]
																}
															]
														}
													]
												}
											]
										}
									]
								}
							]
						},
						{
							"name": "Bow_right_limb_7",
							"from": [ 6.5, 1.3, 0.0 ],
							"to": [ 8.5, 2.3, 1.4 ],
							"rotationOrigin": [ 6.5, 1.3022, 0.0 ],
							"rotationY": 1.0,
							"rotationZ": 180.0,
							"faces": {
								"north": { "texture": "#woodbow", "uv": [ 0.0, 0.0, 2.0, 1.0 ] },
								"east": { "texture": "#woodbow", "uv": [ 0.0, 0.0, 1.0, 1.0 ] },
								"south": { "texture": "#woodbow", "uv": [ 3.5, 3.0, 5.5, 4.0 ] },
								"up": { "texture": "#woodbow", "uv": [ 8.0, 12.5, 10.0, 14.0 ], "autoUv": false },
								"down": { "texture": "#woodbow", "uv": [ 4.0, 7.0, 6.0, 8.5 ], "autoUv": false }
							},
							"children": [
								{
									"name": "Bow_right_limb_8",
									"from": [ 2.0, 0.01, 0.0 ],
									"to": [ 4.0, 0.99, 1.3 ],
									"rotationOrigin": [ 2.0, 0.0, 0.0 ],
									"rotationY": -10.0,
									"faces": {
										"north": { "texture": "#woodbow", "uv": [ 0.0, 0.0, 2.0, 1.0 ], "autoUv": false },
										"east": { "texture": "#woodbow", "uv": [ 0.0, 0.0, 1.0, 0.5 ] },
										"south": { "texture": "#woodbow", "uv": [ 9.0, 0.0, 11.0, 1.0 ], "autoUv": false },
										"up": { "texture": "#woodbow", "uv": [ 4.5, 12.5, 6.5, 13.9 ], "autoUv": false },
										"down": { "texture": "#woodbow", "uv": [ 13.5, 7.0, 15.5, 8.4 ], "autoUv": false }
									},
									"children": [
										{
											"name": "Bow_right_limb_9",
											"from": [ 2.0, 0.01, 0.0 ],
											"to": [ 4.0, 0.97, 1.2 ],
											"rotationOrigin": [ 2.0, 0.0, 0.0 ],
											"rotationY": -10.0,
											"faces": {
												"north": { "texture": "#woodbow", "uv": [ 0.0, 0.0, 2.0, 1.1 ], "autoUv": false },
												"east": { "texture": "#woodbow", "uv": [ 0.0, 0.0, 1.0, 0.5 ] },
												"south": { "texture": "#woodbow", "uv": [ 7.5, 3.0, 9.5, 4.0 ], "autoUv": false },
												"up": { "texture": "#woodbow", "uv": [ 7.0, 12.5, 9.0, 13.8 ], "autoUv": false },
												"down": { "texture": "#woodbow", "uv": [ 9.5, 7.0, 11.5, 8.3 ], "autoUv": false }
											},
											"children": [
												{
													"name": "Bow_right_limb_10",
													"from": [ 2.0, 0.01, 0.0 ],
													"to": [ 4.0, 0.95, 1.1 ],
													"rotationOrigin": [ 2.0, 0.0, 0.0 ],
													"rotationY": -10.0,
													"faces": {
														"north": { "texture": "#woodbow", "uv": [ 0.0, 0.0, 2.0, 1.0 ], "autoUv": false },
														"east": { "texture": "#woodbow", "uv": [ 0.0, 0.0, 1.0, 0.5 ] },
														"south": { "texture": "#woodbow", "uv": [ 3.0, 4.5, 5.0, 5.5 ], "autoUv": false },
														"up": { "texture": "#woodbow", "uv": [ 6.5, 12.5, 8.5, 13.7 ], "autoUv": false },
														"down": { "texture": "#woodbow", "uv": [ 5.0, 7.0, 7.0, 8.2 ], "autoUv": false }
													},
													"children": [
														{
															"name": "Bow_right_limb_11",
															"from": [ 2.0, 0.01, 0.0 ],
															"to": [ 4.0, 0.93, 1.0 ],
															"rotationOrigin": [ 2.0, 0.0, 0.0 ],
															"rotationY": -10.0,
															"faces": {
																"north": { "texture": "#woodbow", "uv": [ 0.0, 0.0, 2.0, 1.0 ], "autoUv": false },
																"east": { "texture": "#woodbow", "uv": [ 0.0, 0.0, 1.0, 1.0 ], "autoUv": false },
																"south": { "texture": "#woodbow", "uv": [ 11.0, 6.0, 13.0, 7.0 ], "autoUv": false },
																"up": { "texture": "#woodbow", "uv": [ 7.5, 12.5, 9.5, 13.6 ], "autoUv": false },
																"down": { "texture": "#woodbow", "uv": [ 4.0, 7.0, 6.0, 8.1 ], "autoUv": false }
															},
															"children": [
																{
																	"name": "Bow_right_limb_12",
																	"from": [ 1.9, 0.2, 0.1 ],
																	"to": [ 3.6, 0.7, 0.9 ],
																	"rotationOrigin": [ 1.9, 0.2, 0.8 ],
																	"rotationY": 35.0,
																	"faces": {
																		"north": { "texture": "#woodbow", "uv": [ 0.0, 0.0, 1.5, 0.5 ] },
																		"east": { "texture": "#woodbow", "uv": [ 0.0, 0.0, 1.0, 0.5 ], "autoUv": false },
																		"south": { "texture": "#woodbow", "uv": [ 0.0, 0.0, 1.5, 0.5 ] },
																		"up": { "texture": "#woodbow", "uv": [ 0.0, 0.0, 1.5, 1.0 ], "autoUv": false },
																		"down": { "texture": "#woodbow", "uv": [ 0.0, 0.0, 1.5, 1.0 ], "autoUv": false }
																	},
																	"children": [
																		{
																			"name": "Bow_right_limb_14",
																			"from": [ 0.7, -0.2, -0.2 ],
																			"to": [ 1.5, 0.7, 1.5 ],
																			"rotationOrigin": [ 1.4, 0.4, 0.0 ],
																			"rotationY": -10.0,
																			"faces": {
																				"north": { "texture": "#linen", "uv": [ 0.0, 0.0, 1.5, 1.5 ], "autoUv": false },
																				"east": { "texture": "#linen", "uv": [ 0.0, 0.0, 3.0, 1.5 ], "autoUv": false },
																				"south": { "texture": "#linen", "uv": [ 0.0, 0.0, 1.5, 1.5 ], "autoUv": false },
																				"west": { "texture": "#linen", "uv": [ 0.0, 0.0, 3.0, 1.5 ], "autoUv": false },
																				"up": { "texture": "#linen", "uv": [ 0.0, 0.0, 1.5, 3.0 ], "autoUv": false },
																				"down": { "texture": "#linen", "uv": [ 0.0, 0.0, 1.5, 3.0 ], "autoUv": false }
																			}
																		}
																	]
																}
															]
														}
													]
												}
											]
										}
									]
								}
							]
						}
					]
				},
				{
					"name": "Stock",
					"from": [ -0.5, 0.0, -3.0 ],
					"to": [ -0.5, 0.0, -3.0 ],
					"rotationOrigin": [ -0.5, 0.0, -3.0 ],
					"faces": {
						"north": { "texture": "#wood", "uv": [ 0.0, 0.0, 0.5, 0.5 ] },
						"east": { "texture": "#wood", "uv": [ 0.0, 0.0, 0.5, 0.5 ] },
						"south": { "texture": "#wood", "uv": [ 0.0, 0.0, 0.5, 0.5 ] },
						"west": { "texture": "#wood", "uv": [ 0.0, 0.0, 0.5, 0.5 ] },
						"up": { "texture": "#wood", "uv": [ 0.0, 0.0, 0.5, 0.5 ] },
						"down": { "texture": "#wood", "uv": [ 0.0, 0.0, 0.5, 0.5 ] }
					},
					"children": [
						{
							"name": "Stock_front_1",
							"from": [ 0.5, 0.5, -8.0 ],
							"to": [ 1.0, 1.7, 2.0 ],
							"rotationOrigin": [ 0.5, 0.5, -8.0 ],
							"faces": {
								"north": { "texture": "#wood", "uv": [ 2.5, 8.5, 3.0, 9.5 ] },
								"south": { "texture": "#wood", "uv": [ 0.0, 0.0, 0.5, 1.0 ] },
								"up": { "texture": "#wood", "uv": [ 0.0, 0.0, 10.0, 0.5 ], "rotation": 90 }
							},
							"children": [
								{
									"name": "Stock_front_2",
									"from": [ -0.5, 0.0, 0.0 ],
									"to": [ 0.0, 1.5, 10.0 ],
									"rotationOrigin": [ -0.5, 0.0, 0.0 ],
									"faces": {
										"north": { "texture": "#wood", "uv": [ 8.0, 5.5, 8.5, 7.0 ] },
										"east": { "texture": "#wood", "uv": [ 0.0, 0.0, 10.0, 1.5 ] },
										"south": { "texture": "#wood", "uv": [ 0.0, 0.0, 0.5, 1.5 ] },
										"west": { "texture": "#wood", "uv": [ 5.5, 7.0, 15.5, 8.5 ] },
										"up": { "texture": "#wood", "uv": [ 3.0, 7.0, 13.0, 7.5 ], "rotation": 90 }
									}
								},
								{
									"name": "Stock_front_3",
									"from": [ 0.5, 0.0, 0.0 ],
									"to": [ 1.0, 1.5, 10.0 ],
									"rotationOrigin": [ 0.5, 0.0, 0.0 ],
									"faces": {
										"north": { "texture": "#wood", "uv": [ 4.5, 5.0, 5.0, 6.5 ] },
										"east": { "texture": "#wood", "uv": [ 0.0, 7.0, 10.0, 8.5 ] },
										"south": { "texture": "#wood", "uv": [ 0.0, 0.0, 0.5, 1.5 ] },
										"west": { "texture": "#wood", "uv": [ 0.0, 0.0, 10.0, 1.5 ] },
										"up": { "texture": "#wood", "uv": [ 3.5, 7.0, 13.5, 7.5 ], "rotation": 90 }
									}
								},
								{
									"name": "Stock_front_4",
									"from": [ -0.5, -1.0, 0.0 ],
									"to": [ 1.0, 0.0, 4.5 ],
									"rotationOrigin": [ -0.5, -1.0, 0.0 ],
									"faces": {
										"north": { "texture": "#wood", "uv": [ 9.0, 4.0, 10.5, 5.0 ] },
										"east": { "texture": "#wood", "uv": [ 0.0, 0.0, 4.5, 1.0 ] },
										"west": { "texture": "#wood", "uv": [ 0.0, 0.0, 4.5, 1.0 ] },
										"down": { "texture": "#wood", "uv": [ 8.0, 4.5, 9.5, 9.0 ] }
									}
								},
								{
									"name": "Stock_front_5",
									"from": [ -0.49, -1.0, 3.5 ],
									"to": [ 0.99, 4.0, 4.5 ],
									"rotationOrigin": [ -0.5, -1.0, 4.5 ],
									"rotationX": 83.5,
									"faces": {
										"east": { "texture": "#wood", "uv": [ 0.0, 0.0, 1.0, 5.0 ] },
										"south": { "texture": "#wood", "uv": [ 5.5, 7.5, 10.5, 9.0 ], "rotation": 90, "autoUv": false },
										"west": { "texture": "#wood", "uv": [ 0.0, 0.0, 1.0, 5.0 ] }
									}
								},
								{
									"name": "Stock_front_6",
									"from": [ -0.5, -0.5, 9.0 ],
									"to": [ 1.0, 0.0, 11.0 ],
									"rotationOrigin": [ -0.5, -0.5, 9.0 ],
									"faces": {
										"north": { "texture": "#wood", "uv": [ 13.0, 2.0, 14.5, 2.5 ] },
										"east": { "texture": "#wood", "uv": [ 8.0, 9.0, 10.0, 9.5 ] },
										"south": { "texture": "#wood", "uv": [ 0.0, 0.0, 1.5, 0.5 ] },
										"west": { "texture": "#wood", "uv": [ 9.0, 5.5, 11.0, 6.0 ] },
										"up": { "texture": "#wood", "uv": [ 1.5, 5.0, 3.0, 7.0 ] },
										"down": { "texture": "#wood", "uv": [ 5.5, 6.5, 7.0, 8.5 ] }
									},
									"children": [
										{
											"name": "Stock_front_8",
											"from": [ 0.0, 0.0, 2.0 ],
											"to": [ 0.5, 0.5, 3.5 ],
											"rotationOrigin": [ 0.0, 0.0, 2.0 ],
											"faces": {
												"north": { "texture": "#wood", "uv": [ 8.0, 5.5, 8.5, 6.0 ] },
												"east": { "texture": "#wood", "uv": [ 0.0, 0.0, 1.5, 0.5 ] },
												"south": { "texture": "#wood", "uv": [ 0.0, 0.0, 0.5, 0.5 ] },
												"west": { "texture": "#wood", "uv": [ 8.0, 3.5, 9.5, 4.0 ] },
												"up": { "texture": "#wood", "uv": [ 6.0, 1.5, 6.5, 3.0 ] },
												"down": { "texture": "#wood", "uv": [ 11.5, 3.0, 12.0, 4.5 ] }
											}
										},
										{
											"name": "Stock_front_9",
											"from": [ 0.0, 0.0, 3.5 ],
											"to": [ 1.5, 0.5, 4.0 ],
											"rotationOrigin": [ 0.0, 0.0, 3.5 ],
											"faces": {
												"north": { "texture": "#wood", "uv": [ 8.0, 5.5, 9.5, 6.0 ] },
												"east": { "texture": "#wood", "uv": [ 0.0, 0.0, 0.5, 0.5 ] },
												"south": { "texture": "#wood", "uv": [ 13.0, 4.5, 14.5, 5.0 ] },
												"west": { "texture": "#wood", "uv": [ 0.0, 0.0, 0.5, 0.5 ] },
												"down": { "texture": "#wood", "uv": [ 12.5, 2.0, 14.0, 2.5 ] }
											}
										},
										{
											"name": "Stock_front_10",
											"from": [ 0.0, 0.0, 2.0 ],
											"to": [ 0.5, 0.5, 3.5 ],
											"rotationOrigin": [ 0.0, 0.0, 2.0 ],
											"faces": {
												"north": { "texture": "#wood", "uv": [ 8.0, 5.5, 8.5, 6.0 ] },
												"east": { "texture": "#wood", "uv": [ 0.0, 0.0, 1.5, 0.5 ] },
												"south": { "texture": "#wood", "uv": [ 0.0, 0.0, 0.5, 0.5 ] },
												"west": { "texture": "#wood", "uv": [ 0.0, 0.0, 1.5, 0.5 ] },
												"up": { "texture": "#wood", "uv": [ 6.0, 1.5, 6.5, 3.0 ] },
												"down": { "texture": "#wood", "uv": [ 4.0, 1.5, 4.5, 3.0 ] }
											}
										},
										{
											"name": "Stock_front_11",
											"from": [ 1.0, 0.0, 2.0 ],
											"to": [ 1.5, 0.5, 3.5 ],
											"rotationOrigin": [ 1.0, 0.0, 2.0 ],
											"faces": {
												"north": { "texture": "#wood", "uv": [ 8.0, 5.5, 8.5, 6.0 ] },
												"east": { "texture": "#wood", "uv": [ 13.0, 3.5, 14.5, 4.0 ] },
												"south": { "texture": "#wood", "uv": [ 0.0, 0.0, 0.5, 0.5 ] },
												"west": { "texture": "#wood", "uv": [ 0.5, 6.0, 2.0, 6.5 ] },
												"up": { "texture": "#wood", "uv": [ 6.0, 1.5, 6.5, 3.0 ] },
												"down": { "texture": "#wood", "uv": [ 9.5, 2.5, 10.0, 4.0 ] }
											}
										}
									]
								},
								{
									"name": "Stock_front_7",
									"from": [ -0.5, 0.0, 11.7 ],
									"to": [ 1.0, 1.5, 13.0 ],
									"rotationOrigin": [ -0.5, 0.0, 11.7 ],
									"faces": {
										"north": { "texture": "#wood", "uv": [ 8.0, 5.5, 9.5, 7.0 ], "windMode": [-1,-1,-1,-1] },
										"east": { "texture": "#wood", "uv": [ 0.0, 0.0, 1.0, 1.5 ] },
										"south": { "texture": "#wood", "uv": [ 0.0, 0.0, 1.5, 1.5 ] },
										"west": { "texture": "#wood", "uv": [ 0.0, 0.0, 1.0, 1.5 ] },
										"up": { "texture": "#wood", "uv": [ 6.5, 6.7, 8.0, 8.0 ], "autoUv": false },
										"down": { "texture": "#wood", "uv": [ 4.0, 1.5, 5.5, 2.5 ] }
									}
								}
							]
						},
						{
							"name": "Stock_back_1",
							"from": [ 0.01, 1.0, 5.0 ],
							"to": [ 1.49, 2.0, 17.0 ],
							"rotationOrigin": [ 0.0, 2.0, 5.0 ],
							"rotationX": 7.0,
							"faces": {
								"east": { "texture": "#wood", "uv": [ 1.0, 7.0, 13.0, 8.0 ] },
								"south": { "texture": "#wood", "uv": [ 5.0, 2.0, 6.5, 3.0 ], "autoUv": false, "windMode": [-1,-1,-1,-1] },
								"west": { "texture": "#wood", "uv": [ 3.5, 7.0, 15.5, 8.0 ] },
								"up": { "texture": "#wood", "uv": [ 4.0, 7.0, 16.0, 8.5 ], "rotation": 90, "autoUv": false }
							},
							"children": [
								{
									"name": "Stock_back_2",
									"from": [ 0.01, 0.0, 0.0 ],
									"to": [ 1.47, 1.0, 12.0 ],
									"rotationOrigin": [ -0.02, 0.0, 12.0 ],
									"rotationX": -4.7,
									"faces": {
										"east": { "texture": "#wood", "uv": [ 1.5, 5.5, 13.5, 6.5 ] },
										"west": { "texture": "#wood", "uv": [ 0.5, 6.0, 12.5, 7.0 ] },
										"down": { "texture": "#wood", "uv": [ 1.0, 5.5, 13.0, 7.0 ], "rotation": 90, "autoUv": false }
									}
								}
							]
						},
						{
							"name": "Stirrup",
							"from": [ 2.0, 0.1713, -7.63 ],
							"to": [ 2.0, 0.1713, -7.63 ],
							"rotationOrigin": [ 2.0, 0.1713, -7.6275 ],
							"rotationX": -10.0,
							"faces": {
								"north": { "texture": "#metal", "uv": [ 0.0, 0.0, 0.5, 0.5 ] },
								"east": { "texture": "#metal", "uv": [ 0.0, 0.0, 0.5, 0.5 ] },
								"south": { "texture": "#metal", "uv": [ 0.0, 0.0, 0.5, 0.5 ] },
								"west": { "texture": "#metal", "uv": [ 0.0, 0.0, 0.5, 0.5 ] },
								"up": { "texture": "#metal", "uv": [ 0.0, 0.0, 0.5, 0.5 ] },
								"down": { "texture": "#metal", "uv": [ 0.0, 0.0, 0.5, 0.5 ] }
							},
							"children": [
								{
									"name": "Bow_holder_7",
									"from": [ 0.0, 0.0, -1.4 ],
									"to": [ 0.5, 1.0, 0.1 ],
									"rotationOrigin": [ 0.0, 0.0, 0.1 ],
									"rotationY": -40.0,
									"faces": {
										"east": { "texture": "#metal", "uv": [ 0.0, 0.0, 1.5, 1.0 ] },
										"west": { "texture": "#metal", "uv": [ 0.0, 0.0, 1.5, 1.0 ] },
										"up": { "texture": "#metal", "uv": [ 0.0, 0.0, 0.5, 1.5 ] },
										"down": { "texture": "#metal", "uv": [ 0.0, 0.0, 0.5, 1.5 ] }
									},
									"children": [
										{
											"name": "Bow_holder_11",
											"from": [ 0.0, 0.0, -1.5 ],
											"to": [ 0.5, 1.0, 0.0 ],
											"rotationOrigin": [ 0.5, 0.0, 0.0 ],
											"rotationY": 30.0,
											"faces": {
												"east": { "texture": "#metal", "uv": [ 7.5, 4.0, 9.0, 5.0 ] },
												"west": { "texture": "#metal", "uv": [ 0.0, 0.0, 1.5, 1.0 ] },
												"up": { "texture": "#metal", "uv": [ 0.0, 0.0, 0.5, 1.5 ] },
												"down": { "texture": "#metal", "uv": [ 0.0, 0.0, 0.5, 1.5 ] }
											},
											"children": [
												{
													"name": "Bow_holder_12",
													"from": [ 0.0, 0.0, -1.5 ],
													"to": [ 0.5, 1.0, 0.0 ],
													"rotationOrigin": [ 0.5, 0.0, 0.0 ],
													"rotationY": 40.0,
													"faces": {
														"east": { "texture": "#metal", "uv": [ 9.5, 6.5, 11.0, 7.5 ] },
														"west": { "texture": "#metal", "uv": [ 0.0, 0.0, 1.5, 1.0 ] },
														"up": { "texture": "#metal", "uv": [ 0.0, 0.0, 0.5, 1.5 ] },
														"down": { "texture": "#metal", "uv": [ 0.0, 0.0, 0.5, 1.5 ] }
													},
													"children": [
														{
															"name": "Bow_holder_16",
															"from": [ 0.0, 0.0, -1.5 ],
															"to": [ 0.5, 1.0, 0.0 ],
															"rotationOrigin": [ 0.5, 0.0, 0.0 ],
															"rotationY": 40.0,
															"faces": {
																"east": { "texture": "#metal", "uv": [ 10.0, 6.0, 11.5, 7.0 ] },
																"west": { "texture": "#metal", "uv": [ 7.5, 5.5, 9.0, 6.5 ] },
																"up": { "texture": "#metal", "uv": [ 0.0, 0.0, 0.5, 1.5 ] },
																"down": { "texture": "#metal", "uv": [ 0.0, 0.0, 0.5, 1.5 ] }
															}
														}
													]
												}
											]
										}
									]
								},
								{
									"name": "Bow_holder_8",
									"from": [ -3.0, 0.0, -1.4 ],
									"to": [ -2.5, 1.0, 0.1 ],
									"rotationOrigin": [ -2.5, 0.0, 0.1 ],
									"rotationY": 40.0,
									"faces": {
										"east": { "texture": "#metal", "uv": [ 0.0, 0.0, 1.5, 1.0 ] },
										"west": { "texture": "#metal", "uv": [ 10.5, 6.0, 12.0, 7.0 ] },
										"up": { "texture": "#metal", "uv": [ 0.0, 0.0, 0.5, 1.5 ] },
										"down": { "texture": "#metal", "uv": [ 0.0, 0.0, 0.5, 1.5 ] }
									},
									"children": [
										{
											"name": "Bow_holder_13",
											"from": [ 0.0, 0.0, -1.5 ],
											"to": [ 0.5, 1.0, 0.0 ],
											"rotationOrigin": [ 0.0, 0.0, 0.0 ],
											"rotationY": -30.0,
											"faces": {
												"east": { "texture": "#metal", "uv": [ 0.0, 0.0, 1.5, 1.0 ] },
												"west": { "texture": "#metal", "uv": [ 7.5, 5.5, 9.0, 6.5 ] },
												"up": { "texture": "#metal", "uv": [ 0.0, 0.0, 0.5, 1.5 ] },
												"down": { "texture": "#metal", "uv": [ 0.0, 0.0, 0.5, 1.5 ] }
											},
											"children": [
												{
													"name": "Bow_holder_14",
													"from": [ 0.0, 0.0, -1.5 ],
													"to": [ 0.5, 1.0, 0.0 ],
													"rotationOrigin": [ 0.0, 0.0, 0.0 ],
													"rotationY": -40.0,
													"faces": {
														"east": { "texture": "#metal", "uv": [ 0.0, 0.0, 1.5, 1.0 ] },
														"west": { "texture": "#metal", "uv": [ 13.0, 3.5, 14.5, 4.5 ] },
														"up": { "texture": "#metal", "uv": [ 0.0, 0.0, 0.5, 1.5 ] },
														"down": { "texture": "#metal", "uv": [ 0.0, 0.0, 0.5, 1.5 ] }
													},
													"children": [
														{
															"name": "Bow_holder_15",
															"from": [ 0.0, 0.0, -1.5 ],
															"to": [ 0.5, 1.0, 0.0 ],
															"rotationOrigin": [ 0.0, 0.0, 0.0 ],
															"rotationY": -40.0,
															"faces": {
																"east": { "texture": "#metal", "uv": [ 11.5, 8.0, 13.0, 9.0 ] },
																"west": { "texture": "#metal", "uv": [ 9.5, 4.0, 11.0, 5.0 ] },
																"up": { "texture": "#metal", "uv": [ 0.0, 0.0, 0.5, 1.5 ] },
																"down": { "texture": "#metal", "uv": [ 0.0, 0.0, 0.5, 1.5 ] }
															}
														}
													]
												}
											]
										}
									]
								},
								{
									"name": "Bow_holder_9",
									"from": [ -2.0, 0.0, -4.01 ],
									"to": [ -0.5, 1.0, -3.47 ],
									"rotationOrigin": [ -2.0, 0.0, -4.0 ],
									"faces": {
										"north": { "texture": "#metal", "uv": [ 10.0, 7.5, 11.5, 8.5 ] },
										"south": { "texture": "#metal", "uv": [ 12.0, 5.5, 13.5, 6.5 ] },
										"up": { "texture": "#metal", "uv": [ 0.0, 0.0, 1.5, 0.5 ] },
										"down": { "texture": "#metal", "uv": [ 0.0, 0.0, 1.5, 0.5 ] }
									}
								},
								{
									"name": "Bow_holder_10",
									"from": [ -3.0, 0.0, 0.1 ],
									"to": [ 0.5, 1.0, 0.4 ],
									"rotationOrigin": [ -3.0, 0.0, 0.6 ],
									"faces": {
										"north": { "texture": "#metal", "uv": [ 0.0, 0.0, 4.5, 1.0 ] },
										"east": { "texture": "#metal", "uv": [ 0.0, 0.0, 0.5, 1.0 ] },
										"south": { "texture": "#metal", "uv": [ 0.0, 0.0, 4.5, 1.0 ] },
										"west": { "texture": "#metal", "uv": [ 0.0, 0.0, 0.5, 1.0 ] },
										"up": { "texture": "#metal", "uv": [ 0.0, 0.0, 4.5, 0.5 ] },
										"down": { "texture": "#metal", "uv": [ 0.0, 0.0, 4.5, 0.5 ] }
									}
								}
							]
						},
						{
							"name": "Bow_holder",
							"from": [ 0.7, 0.8, -8.0 ],
							"to": [ 0.7, 0.8, -8.0 ],
							"rotationOrigin": [ 0.7, 0.8, -8.0 ],
							"faces": {
								"north": { "texture": "#linen", "uv": [ 0.0, 0.0, 0.5, 0.5 ] },
								"east": { "texture": "#linen", "uv": [ 0.0, 0.0, 0.5, 0.5 ] },
								"south": { "texture": "#linen", "uv": [ 0.0, 0.0, 0.5, 0.5 ] },
								"west": { "texture": "#linen", "uv": [ 0.0, 0.0, 0.5, 0.5 ] },
								"up": { "texture": "#linen", "uv": [ 0.0, 0.0, 0.5, 0.5 ] },
								"down": { "texture": "#linen", "uv": [ 0.0, 0.0, 0.5, 0.5 ] }
							},
							"children": [
								{
									"name": "Bow_holder_1",
									"from": [ 0.8, -1.0, 0.0 ],
									"to": [ 1.5, 1.0, 2.2 ],
									"rotationOrigin": [ 0.8, -0.4, 0.4 ],
									"faces": {
										"north": { "texture": "#linen", "uv": [ 0.0, 0.0, 1.0, 3.0 ], "autoUv": false },
										"east": { "texture": "#linen", "uv": [ 0.0, 0.0, 3.0, 3.0 ], "autoUv": false },
										"south": { "texture": "#linen", "uv": [ 0.0, 0.0, 1.0, 3.0 ], "autoUv": false },
										"up": { "texture": "#linen", "uv": [ 0.0, 0.0, 1.0, 3.0 ], "autoUv": false },
										"down": { "texture": "#linen", "uv": [ 0.0, 0.0, 1.0, 3.0 ], "autoUv": false }
									},
									"children": [
										{
											"name": "Bow_holder_2",
											"from": [ 0.0, 0.2, 1.7 ],
											"to": [ 0.4, 1.7, 4.0 ],
											"rotationOrigin": [ 0.0, 0.2, 1.7 ],
											"faces": {
												"east": { "texture": "#linen", "uv": [ 0.0, 0.0, 3.0, 2.0 ], "autoUv": false },
												"south": { "texture": "#linen", "uv": [ 0.0, 0.0, 0.5, 2.0 ], "autoUv": false },
												"up": { "texture": "#linen", "uv": [ 0.0, 0.0, 0.5, 3.0 ], "autoUv": false },
												"down": { "texture": "#linen", "uv": [ 0.0, 0.0, 0.5, 3.0 ], "autoUv": false }
											}
										}
									]
								},
								{
									"name": "Bow_holder_4",
									"from": [ -1.4, -1.0, 0.0 ],
									"to": [ -0.7, 1.0, 2.2 ],
									"rotationOrigin": [ -1.4, -0.4, 0.4 ],
									"faces": {
										"north": { "texture": "#linen", "uv": [ 0.0, 0.0, 1.0, 3.0 ], "autoUv": false },
										"south": { "texture": "#linen", "uv": [ 0.0, 0.0, 1.0, 3.0 ], "autoUv": false },
										"west": { "texture": "#linen", "uv": [ 0.0, 0.0, 3.0, 3.0 ], "autoUv": false },
										"up": { "texture": "#linen", "uv": [ 0.0, 0.0, 1.0, 3.0 ], "autoUv": false },
										"down": { "texture": "#linen", "uv": [ 0.0, 0.0, 1.0, 3.0 ], "autoUv": false }
									},
									"children": [
										{
											"name": "Bow_holder_5",
											"from": [ 0.3, 0.2, 1.7 ],
											"to": [ 0.7, 1.7, 4.0 ],
											"rotationOrigin": [ 0.3, 0.2, 1.7 ],
											"faces": {
												"north": { "texture": "#linen", "uv": [ 0.0, 0.0, 0.5, 1.5 ] },
												"south": { "texture": "#linen", "uv": [ 0.0, 0.0, 1.0, 2.0 ], "autoUv": false },
												"west": { "texture": "#linen", "uv": [ 0.0, 0.0, 3.0, 2.0 ], "autoUv": false },
												"up": { "texture": "#linen", "uv": [ 0.0, 0.0, 0.5, 3.0 ], "autoUv": false },
												"down": { "texture": "#linen", "uv": [ 0.0, 0.0, 0.5, 3.0 ], "autoUv": false }
											}
										}
									]
								},
								{
									"name": "Bow_holder2",
									"from": [ -1.4, -0.7, -0.4 ],
									"to": [ 1.5, 0.7, 0.0 ],
									"rotationOrigin": [ -1.5, -0.2, -5.0E-4 ],
									"faces": {
										"north": { "texture": "#linen", "uv": [ 0.0, 0.0, 4.5, 2.0 ], "autoUv": false },
										"east": { "texture": "#linen", "uv": [ 0.0, 0.0, 0.5, 2.0 ], "autoUv": false },
										"west": { "texture": "#linen", "uv": [ 0.0, 0.0, 0.5, 2.0 ], "autoUv": false },
										"up": { "texture": "#linen", "uv": [ 0.0, 0.0, 4.5, 0.5 ], "autoUv": false },
										"down": { "texture": "#linen", "uv": [ 0.0, 0.0, 4.5, 0.5 ], "autoUv": false }
									}
								}
							]
						}
					]
				},
				{
					"name": "Attachment_bolt",
					"from": [ 0.25, 2.25, -1.0 ],
					"to": [ 0.25, 2.25, -1.0 ],
					"rotationOrigin": [ 0.25, 2.25, -1.0 ],
					"faces": {
						"north": { "texture": "#metal", "uv": [ 0.0, 0.0, 0.5, 0.5 ] },
						"east": { "texture": "#metal", "uv": [ 0.0, 0.0, 0.5, 0.5 ] },
						"south": { "texture": "#metal", "uv": [ 0.0, 0.0, 0.5, 0.5 ] },
						"west": { "texture": "#metal", "uv": [ 0.0, 0.0, 0.5, 0.5 ] },
						"up": { "texture": "#metal", "uv": [ 0.0, 0.0, 0.5, 0.5 ] },
						"down": { "texture": "#metal", "uv": [ 0.0, 0.0, 0.5, 0.5 ] }
					},
					"attachmentpoints": [
						{
							"code": "bolt",
							"posX": "0.0","posY": "0.0","posZ": "0.0",
							"rotationX": "0.0","rotationY": "90.0","rotationZ": "0.0"
						}
					]
				}
			]
		}
	],
	"animations": [
		{
			"name": "draw",
			"code": "draw",
			"quantityframes": 30,
			"onActivityStopped": "Rewind",
			"onAnimationEnd": "Hold",
			"keyframes": [
				{
					"frame": 0,
					"elements": {
						"String": { "offsetX": 0.0, "offsetY": 0.0, "offsetZ": 0.0, "rotationX": 0.0, "rotationY": 0.0, "rotationZ": 0.0 },
						"String_6": { "rotationX": 0.0, "rotationY": 0.0, "rotationZ": 0.0 },
						"String_2": { "rotationX": 0.0, "rotationY": 0.0, "rotationZ": 0.0 },
						"Wheel": { "rotationX": 0.0, "rotationY": 0.0, "rotationZ": 0.0 },
						"Bow_right_limb_1": { "rotationX": 0.0, "rotationY": 0.0, "rotationZ": 0.0 },
						"Bow_right_limb_2": { "rotationX": 0.0, "rotationY": 0.0, "rotationZ": 0.0 },
						"Bow_right_limb_3": { "rotationX": 0.0, "rotationY": 0.0, "rotationZ": 0.0 },
						"Bow_right_limb_4": { "rotationX": 0.0, "rotationY": 0.0, "rotationZ": 0.0 },
						"Bow_right_limb_5": { "rotationX": 0.0, "rotationY": 0.0, "rotationZ": 0.0 },
						"Bow_right_limb_13": { "rotationX": 0.0, "rotationY": 0.0, "rotationZ": 0.0 },
						"Bow_right_limb_7": { "rotationX": 0.0, "rotationY": 0.0, "rotationZ": 0.0 },
						"Bow_right_limb_8": { "rotationX": 0.0, "rotationY": 0.0, "rotationZ": 0.0 },
						"Bow_right_limb_9": { "rotationX": 0.0, "rotationY": 0.0, "rotationZ": 0.0 },
						"Bow_right_limb_10": { "rotationX": 0.0, "rotationY": 0.0, "rotationZ": 0.0 },
						"Bow_right_limb_11": { "rotationX": 0.0, "rotationY": 0.0, "rotationZ": 0.0 },
						"Bow_right_limb_14": { "rotationX": 0.0, "rotationY": 0.0, "rotationZ": 0.0 }
					}
				},
				{
					"frame": 5,
					"elements": {
						"String": { "offsetX": 0.0, "offsetY": 0.0, "offsetZ": 0.0, "rotationX": 0.0, "rotationY": 0.0, "rotationZ": 0.0 },
						"String_2": { "rotationX": 0.0, "rotationY": 0.0, "rotationZ": 0.0 },
						"String_6": { "rotationX": 0.0, "rotationY": 0.0, "rotationZ": 0.0 },
						"Wheel": { "rotationX": 67.5, "rotationY": 0.0, "rotationZ": 0.0 },
						"Bow_right_limb_1": { "rotationX": 0.0, "rotationY": 0.0, "rotationZ": 0.0 },
						"Bow_right_limb_2": { "rotationX": 0.0, "rotationY": 0.0, "rotationZ": 0.0 },
						"Bow_right_limb_3": { "rotationX": 0.0, "rotationY": 0.0, "rotationZ": 0.0 },
						"Bow_right_limb_4": { "rotationX": 0.0, "rotationY": 0.0, "rotationZ": 0.0 },
						"Bow_right_limb_5": { "rotationX": 0.0, "rotationY": 0.0, "rotationZ": 0.0 },
						"Bow_right_limb_13": { "rotationX": 0.0, "rotationY": 0.0, "rotationZ": 0.0 },
						"Bow_right_limb_7": { "rotationX": 0.0, "rotationY": 0.0, "rotationZ": 0.0 },
						"Bow_right_limb_8": { "rotationX": 0.0, "rotationY": 0.0, "rotationZ": 0.0 },
						"Bow_right_limb_9": { "rotationX": 0.0, "rotationY": 0.0, "rotationZ": 0.0 },
						"Bow_right_limb_10": { "rotationX": 0.0, "rotationY": 0.0, "rotationZ": 0.0 },
						"Bow_right_limb_11": { "rotationX": 0.0, "rotationY": 0.0, "rotationZ": 0.0 },
						"Bow_right_limb_14": { "rotationX": 0.0, "rotationY": 0.0, "rotationZ": 0.0 }
					}
				},
				{
					"frame": 10,
					"elements": {
						"String": { "offsetX": 0.0, "offsetY": 0.0, "offsetZ": 0.0, "rotationX": 0.0, "rotationY": 0.0, "rotationZ": 0.0 },
						"String_2": { "rotationX": 0.0, "rotationY": 0.0, "rotationZ": 0.0 },
						"String_6": { "rotationX": 0.0, "rotationY": 0.0, "rotationZ": 0.0 },
						"Wheel": { "rotationX": 67.5, "rotationY": 0.0, "rotationZ": 0.0 },
						"Bow_right_limb_1": { "rotationX": 0.0, "rotationY": 0.0, "rotationZ": 0.0 },
						"Bow_right_limb_2": { "rotationX": 0.0, "rotationY": 0.0, "rotationZ": 0.0 },
						"Bow_right_limb_3": { "rotationX": 0.0, "rotationY": 0.0, "rotationZ": 0.0 },
						"Bow_right_limb_4": { "rotationX": 0.0, "rotationY": 0.0, "rotationZ": 0.0 },
						"Bow_right_limb_5": { "rotationX": 0.0, "rotationY": 0.0, "rotationZ": 0.0 },
						"Bow_right_limb_13": { "rotationX": 0.0, "rotationY": 0.0, "rotationZ": 0.0 },
						"Bow_right_limb_7": { "rotationX": 0.0, "rotationY": 0.0, "rotationZ": 0.0 },
						"Bow_right_limb_8": { "rotationX": 0.0, "rotationY": 0.0, "rotationZ": 0.0 },
						"Bow_right_limb_9": { "rotationX": 0.0, "rotationY": 0.0, "rotationZ": 0.0 },
						"Bow_right_limb_10": { "rotationX": 0.0, "rotationY": 0.0, "rotationZ": 0.0 },
						"Bow_right_limb_11": { "rotationX": 0.0, "rotationY": 0.0, "rotationZ": 0.0 },
						"Bow_right_limb_14": { "rotationX": 0.0, "rotationY": 0.0, "rotationZ": 0.0 }
					}
				},
				{
					"frame": 14,
					"elements": {
						"String_6": { "rotationX": -2.0, "rotationY": -13.0, "rotationZ": 0.0 },
						"String_2": { "rotationX": -2.0, "rotationY": 13.0, "rotationZ": 0.0 }
					}
				},
				{
					"frame": 18,
					"elements": {
						"String": { "offsetX": 0.0, "offsetY": 0.0, "offsetZ": 5.0, "rotationX": -10.0, "rotationY": 0.0, "rotationZ": 0.0 },
						"String_6": { "rotationX": -1.0, "rotationY": -25.0, "rotationZ": 0.0 },
						"String_2": { "rotationX": -1.0, "rotationY": 25.0, "rotationZ": 0.0 }
					}
				},
				{
					"frame": 22,
					"elements": {
						"String": { "offsetX": 0.0, "offsetY": 0.0, "offsetZ": 6.3 },
						"String_2": { "rotationX": 0.0, "rotationY": 31.0, "rotationZ": 0.0 },
						"String_6": { "rotationX": 0.0, "rotationY": -31.0, "rotationZ": 0.0 },
						"Wheel": { "rotationX": 67.5, "rotationY": 0.0, "rotationZ": 0.0 },
						"Bow_right_limb_1": { "rotationX": 0.0, "rotationY": -3.0, "rotationZ": 0.0 },
						"Bow_right_limb_2": { "rotationX": 0.0, "rotationY": -4.0, "rotationZ": 0.0 },
						"Bow_right_limb_3": { "rotationX": 0.0, "rotationY": -4.0, "rotationZ": 0.0 },
						"Bow_right_limb_4": { "rotationX": 0.0, "rotationY": -4.0, "rotationZ": 0.0 },
						"Bow_right_limb_5": { "rotationX": 0.0, "rotationY": -4.0, "rotationZ": 0.0 },
						"Bow_right_limb_13": { "rotationX": 0.0, "rotationY": -12.0, "rotationZ": 0.0 },
						"Bow_right_limb_7": { "rotationX": 0.0, "rotationY": 3.0, "rotationZ": 0.0 },
						"Bow_right_limb_8": { "rotationX": 0.0, "rotationY": -4.0, "rotationZ": 0.0 },
						"Bow_right_limb_9": { "rotationX": 0.0, "rotationY": -4.0, "rotationZ": 0.0 },
						"Bow_right_limb_10": { "rotationX": 0.0, "rotationY": -4.0, "rotationZ": 0.0 },
						"Bow_right_limb_11": { "rotationX": 0.0, "rotationY": -4.0, "rotationZ": 0.0 },
						"Bow_right_limb_14": { "rotationX": 0.0, "rotationY": -12.0, "rotationZ": 0.0 }
					}
				},
				{
					"frame": 29,
					"elements": {
						"String": { "offsetX": 0.0, "offsetY": 0.1, "offsetZ": 6.3, "rotationX": 0.0, "rotationY": 0.0, "rotationZ": 0.0 },
						"String_2": { "rotationX": 1.0, "rotationY": 31.0, "rotationZ": 0.0 },
						"String_6": { "rotationX": 1.0, "rotationY": -31.0, "rotationZ": 0.0 },
						"Wheel": { "rotationX": 67.5, "rotationY": 0.0, "rotationZ": 0.0 },
						"Bow_right_limb_1": { "rotationX": 0.0, "rotationY": -3.0, "rotationZ": 0.0 },
						"Bow_right_limb_2": { "rotationX": 0.0, "rotationY": -4.0, "rotationZ": 0.0 },
						"Bow_right_limb_3": { "rotationX": 0.0, "rotationY": -4.0, "rotationZ": 0.0 },
						"Bow_right_limb_4": { "rotationX": 0.0, "rotationY": -4.0, "rotationZ": 0.0 },
						"Bow_right_limb_5": { "rotationX": 0.0, "rotationY": -4.0, "rotationZ": 0.0 },
						"Bow_right_limb_13": { "rotationX": 0.0, "rotationY": -12.0, "rotationZ": 0.0 },
						"Bow_right_limb_7": { "rotationX": 0.0, "rotationY": 3.0, "rotationZ": 0.0 },
						"Bow_right_limb_8": { "rotationX": 0.0, "rotationY": -4.0, "rotationZ": 0.0 },
						"Bow_right_limb_9": { "rotationX": 0.0, "rotationY": -4.0, "rotationZ": 0.0 },
						"Bow_right_limb_10": { "rotationX": 0.0, "rotationY": -4.0, "rotationZ": 0.0 },
						"Bow_right_limb_11": { "rotationX": 0.0, "rotationY": -4.0, "rotationZ": 0.0 },
						"Bow_right_limb_14": { "rotationX": 0.0, "rotationY": -12.0, "rotationZ": 0.0 }
					}
				}
			]
		},

		{
			"name": "load",
			"code": "load",
			"quantityframes": 30,
			"onActivityStopped": "Rewind",
			"onAnimationEnd": "Hold",
			"keyframes": [
				{
					"frame": 0,
					"elements": {
						"Attachment_bolt": { "offsetX": -4.0, "offsetY": -12.0, "offsetZ": 6.0, "rotationX": 0.0, "rotationY": 0.0, "rotationZ": 0.0 },
						"String": { "offsetX": 0.0, "offsetY": 0.1, "offsetZ": 6.3, "rotationX": 0.0, "rotationY": 0.0, "rotationZ": 0.0 },
						"String_2": { "rotationX": 1.0, "rotationY": 31.0, "rotationZ": 0.0 },
						"String_6": { "rotationX": 1.0, "rotationY": -31.0, "rotationZ": 0.0 },
						"Wheel": { "rotationX": 67.5, "rotationY": 0.0, "rotationZ": 0.0 },
						"Bow_right_limb_1": { "rotationX": 0.0, "rotationY": -3.0, "rotationZ": 0.0 },
						"Bow_right_limb_2": { "rotationX": 0.0, "rotationY": -4.0, "rotationZ": 0.0 },
						"Bow_right_limb_3": { "rotationX": 0.0, "rotationY": -4.0, "rotationZ": 0.0 },
						"Bow_right_limb_4": { "rotationX": 0.0, "rotationY": -4.0, "rotationZ": 0.0 },
						"Bow_right_limb_5": { "rotationX": 0.0, "rotationY": -4.0, "rotationZ": 0.0 },
						"Bow_right_limb_13": { "rotationX": 0.0, "rotationY": -12.0, "rotationZ": 0.0 },
						"Bow_right_limb_7": { "rotationX": 0.0, "rotationY": 3.0, "rotationZ": 0.0 },
						"Bow_right_limb_8": { "rotationX": 0.0, "rotationY": -4.0, "rotationZ": 0.0 },
						"Bow_right_limb_9": { "rotationX": 0.0, "rotationY": -4.0, "rotationZ": 0.0 },
						"Bow_right_limb_10": { "rotationX": 0.0, "rotationY": -4.0, "rotationZ": 0.0 },
						"Bow_right_limb_11": { "rotationX": 0.0, "rotationY": -4.0, "rotationZ": 0.0 },
						"Bow_right_limb_14": { "rotationX": 0.0, "rotationY": -12.0, "rotationZ": 0.0 }
					}
				},
				{
					"frame": 12,
					"elements": {
						"String": { "offsetX": 0.0, "offsetY": 0.1, "offsetZ": 6.3, "rotationX": 0.0, "rotationY": 0.0, "rotationZ": 0.0 },
						"String_2": { "rotationX": 1.0, "rotationY": 31.0, "rotationZ": 0.0 },
						"String_6": { "rotationX": 1.0, "rotationY": -31.0, "rotationZ": 0.0 },
						"Wheel": { "rotationX": 67.5, "rotationY": 0.0, "rotationZ": 0.0 },
						"Bow_right_limb_1": { "rotationX": 0.0, "rotationY": -3.0, "rotationZ": 0.0 },
						"Bow_right_limb_2": { "rotationX": 0.0, "rotationY": -4.0, "rotationZ": 0.0 },
						"Bow_right_limb_3": { "rotationX": 0.0, "rotationY": -4.0, "rotationZ": 0.0 },
						"Bow_right_limb_4": { "rotationX": 0.0, "rotationY": -4.0, "rotationZ": 0.0 },
						"Bow_right_limb_5": { "rotationX": 0.0, "rotationY": -4.0, "rotationZ": 0.0 },
						"Bow_right_limb_13": { "rotationX": 0.0, "rotationY": -12.0, "rotationZ": 0.0 },
						"Bow_right_limb_7": { "rotationX": 0.0, "rotationY": 3.0, "rotationZ": 0.0 },
						"Bow_right_limb_8": { "rotationX": 0.0, "rotationY": -4.0, "rotationZ": 0.0 },
						"Bow_right_limb_9": { "rotationX": 0.0, "rotationY": -4.0, "rotationZ": 0.0 },
						"Bow_right_limb_10": { "rotationX": 0.0, "rotationY": -4.0, "rotationZ": 0.0 },
						"Bow_right_limb_11": { "rotationX": 0.0, "rotationY": -4.0, "rotationZ": 0.0 },
						"Bow_right_limb_14": { "rotationX": 0.0, "rotationY": -12.0, "rotationZ": 0.0 },
						"Attachment_bolt": { "offsetX": -4.0, "offsetY": 3.0, "offsetZ": 6.0, "rotationX": 0.0, "rotationY": 0.0, "rotationZ": 0.0 }
					}
				},
				{
					"frame": 20,
					"elements": {
						"Attachment_bolt": { "offsetX": 0.0, "offsetY": 3.0, "offsetZ": -2.0, "rotationX": 28.0, "rotationY": 0.0, "rotationZ": 0.0 }
					}
				},
				{
					"frame": 29,
					"elements": {
						"Attachment_bolt": { "offsetX": 0.0, "offsetY": 0.0, "offsetZ": 0.0, "rotationX": 0.0, "rotationY": 0.0, "rotationZ": 0.0 },
						"String": { "offsetX": 0.0, "offsetY": 0.1, "offsetZ": 6.3, "rotationX": 0.0, "rotationY": 0.0, "rotationZ": 0.0 },
						"String_2": { "rotationX": 1.0, "rotationY": 31.0, "rotationZ": 0.0 },
						"String_6": { "rotationX": 1.0, "rotationY": -31.0, "rotationZ": 0.0 },
						"Wheel": { "rotationX": 67.5, "rotationY": 0.0, "rotationZ": 0.0 },
						"Bow_right_limb_1": { "rotationX": 0.0, "rotationY": -3.0, "rotationZ": 0.0 },
						"Bow_right_limb_2": { "rotationX": 0.0, "rotationY": -4.0, "rotationZ": 0.0 },
						"Bow_right_limb_3": { "rotationX": 0.0, "rotationY": -4.0, "rotationZ": 0.0 },
						"Bow_right_limb_4": { "rotationX": 0.0, "rotationY": -4.0, "rotationZ": 0.0 },
						"Bow_right_limb_5": { "rotationX": 0.0, "rotationY": -4.0, "rotationZ": 0.0 },
						"Bow_right_limb_13": { "rotationX": 0.0, "rotationY": -12.0, "rotationZ": 0.0 },
						"Bow_right_limb_7": { "rotationX": 0.0, "rotationY": 3.0, "rotationZ": 0.0 },
						"Bow_right_limb_8": { "rotationX": 0.0, "rotationY": -4.0, "rotationZ": 0.0 },
						"Bow_right_limb_9": { "rotationX": 0.0, "rotationY": -4.0, "rotationZ": 0.0 },
						"Bow_right_limb_10": { "rotationX": 0.0, "rotationY": -4.0, "rotationZ": 0.0 },
						"Bow_right_limb_11": { "rotationX": 0.0, "rotationY": -4.0, "rotationZ": 0.0 },
						"Bow_right_limb_14": { "rotationX": 0.0, "rotationY": -12.0, "rotationZ": 0.0 }
					}
				}
			]
		},

		{
			"name": "release",
			"code": "release",
			"quantityframes": 108,
			"onActivityStopped": "PlayTillEnd",
			"onAnimationEnd": "Hold",
			"keyframes": [
				{
					"frame": 0,
					"elements": {
						"String": { "offsetX": 0.0, "offsetY": 0.0, "offsetZ": 6.3 },
						"String_2": { "rotationX": 2.0, "rotationY": 29.0, "rotationZ": 0.0 },
						"String_6": { "rotationX": 2.0, "rotationY": -29.0, "rotationZ": 0.0 },
						"Wheel": { "rotationX": 65.0, "rotationY": 0.0, "rotationZ": 0.0 },
						"Bow_right_limb_7": { "rotationX": 0.0, "rotationY": 3.0, "rotationZ": 0.0 },
						"Bow_right_limb_8": { "rotationX": 0.0, "rotationY": -4.0, "rotationZ": 0.0 },
						"Bow_right_limb_9": { "rotationX": 0.0, "rotationY": -4.0, "rotationZ": 0.0 },
						"Bow_right_limb_10": { "rotationX": 0.0, "rotationY": -4.0, "rotationZ": 0.0 },
						"Bow_right_limb_11": { "rotationX": 0.0, "rotationY": -4.0, "rotationZ": 0.0 },
						"Bow_right_limb_1": { "rotationX": 0.0, "rotationY": -3.0, "rotationZ": 0.0 },
						"Bow_right_limb_2": { "rotationX": 0.0, "rotationY": -4.0, "rotationZ": 0.0 },
						"Bow_right_limb_3": { "rotationX": 0.0, "rotationY": -4.0, "rotationZ": 0.0 },
						"Bow_right_limb_4": { "rotationX": 0.0, "rotationY": -4.0, "rotationZ": 0.0 },
						"Bow_right_limb_5": { "rotationX": 0.0, "rotationY": -4.0, "rotationZ": 0.0 },
						"Attachment_bolt": { "offsetX": 0.0, "offsetY": 0.0, "offsetZ": 0.0 },
						"Lever": { "rotationX": 0.0, "rotationY": 0.0, "rotationZ": 0.0 }
					}
				},
				{
					"frame": 1,
					"elements": {
						"String": { "offsetX": 0.0, "offsetY": 0.0, "offsetZ": 6.3 },
						"String_2": { "rotationX": 2.0, "rotationY": 29.0, "rotationZ": 0.0 },
						"String_6": { "rotationX": 2.0, "rotationY": -29.0, "rotationZ": 0.0 },
						"Lever": { "rotationX": -14.5, "rotationY": 0.0, "rotationZ": 0.0 },
						"Wheel": { "rotationX": 65.0, "rotationY": 0.0, "rotationZ": 0.0 },
						"Bow_right_limb_1": { "rotationX": 0.0, "rotationY": -3.0, "rotationZ": 0.0 },
						"Bow_right_limb_2": { "rotationX": 0.0, "rotationY": -4.0, "rotationZ": 0.0 },
						"Bow_right_limb_3": { "rotationX": 0.0, "rotationY": -4.0, "rotationZ": 0.0 },
						"Bow_right_limb_4": { "rotationX": 0.0, "rotationY": -4.0, "rotationZ": 0.0 },
						"Bow_right_limb_5": { "rotationX": 0.0, "rotationY": -4.0, "rotationZ": 0.0 },
						"Bow_right_limb_7": { "rotationX": 0.0, "rotationY": 3.0, "rotationZ": 0.0 },
						"Bow_right_limb_8": { "rotationX": 0.0, "rotationY": -4.0, "rotationZ": 0.0 },
						"Bow_right_limb_9": { "rotationX": 0.0, "rotationY": -4.0, "rotationZ": 0.0 },
						"Bow_right_limb_10": { "rotationX": 0.0, "rotationY": -4.0, "rotationZ": 0.0 },
						"Bow_right_limb_11": { "rotationX": 0.0, "rotationY": -4.0, "rotationZ": 0.0 },
						"Attachment_bolt": { "offsetX": 0.0, "offsetY": 0.0, "offsetZ": 0.0 }
					}
				},
				{
					"frame": 3,
					"elements": {
						"Wheel": { "rotationX": -20.0, "rotationY": 0.0, "rotationZ": 0.0 }
					}
				},
				{
					"frame": 6,
					"elements": {
						"String": { "offsetX": 0.0, "offsetY": 0.0, "offsetZ": 0.0 },
						"String_6": { "rotationX": 0.0, "rotationY": 0.0, "rotationZ": 0.0 },
						"String_2": { "rotationX": 0.0, "rotationY": 0.0, "rotationZ": 0.0 },
						"Bow_right_limb_7": { "rotationX": 0.0, "rotationY": 0.0, "rotationZ": 0.0 },
						"Bow_right_limb_8": { "rotationX": 0.0, "rotationY": 0.0, "rotationZ": 0.0 },
						"Bow_right_limb_9": { "rotationX": 0.0, "rotationY": 0.0, "rotationZ": 0.0 },
						"Bow_right_limb_10": { "rotationX": 0.0, "rotationY": 0.0, "rotationZ": 0.0 },
						"Bow_right_limb_11": { "rotationX": 0.0, "rotationY": 0.0, "rotationZ": 0.0 },
						"Bow_right_limb_1": { "rotationX": 0.0, "rotationY": 0.0, "rotationZ": 0.0 },
						"Bow_right_limb_2": { "rotationX": 0.0, "rotationY": 0.0, "rotationZ": 0.0 },
						"Bow_right_limb_3": { "rotationX": 0.0, "rotationY": 0.0, "rotationZ": 0.0 },
						"Bow_right_limb_4": { "rotationX": 0.0, "rotationY": 0.0, "rotationZ": 0.0 },
						"Bow_right_limb_5": { "rotationX": 0.0, "rotationY": 0.0, "rotationZ": 0.0 },
						"Attachment_bolt": { "offsetX": 0.0, "offsetY": 0.0, "offsetZ": -6.3 }
					}
				},
				{
					"frame": 9,
					"elements": {
						"String": { "offsetX": 0.0, "offsetY": 0.0, "offsetZ": 0.0 },
						"String_2": { "rotationX": 0.0, "rotationY": 0.0, "rotationZ": 0.0 },
						"String_6": { "rotationX": 0.0, "rotationY": 0.0, "rotationZ": 0.0 },
						"Bow_right_limb_1": { "rotationX": 0.0, "rotationY": 0.0, "rotationZ": 0.0 },
						"Bow_right_limb_2": { "rotationX": 0.0, "rotationY": 0.0, "rotationZ": 0.0 },
						"Bow_right_limb_3": { "rotationX": 0.0, "rotationY": 0.0, "rotationZ": 0.0 },
						"Bow_right_limb_4": { "rotationX": 0.0, "rotationY": 0.0, "rotationZ": 0.0 },
						"Bow_right_limb_5": { "rotationX": 0.0, "rotationY": 0.0, "rotationZ": 0.0 },
						"Bow_right_limb_7": { "rotationX": 0.0, "rotationY": 0.0, "rotationZ": 0.0 },
						"Bow_right_limb_8": { "rotationX": 0.0, "rotationY": 0.0, "rotationZ": 0.0 },
						"Bow_right_limb_9": { "rotationX": 0.0, "rotationY": 0.0, "rotationZ": 0.0 },
						"Bow_right_limb_10": { "rotationX": 0.0, "rotationY": 0.0, "rotationZ": 0.0 },
						"Bow_right_limb_11": { "rotationX": 0.0, "rotationY": 0.0, "rotationZ": 0.0 }
					}
				},
				{
					"frame": 12,
					"elements": {
						"String": { "offsetX": 0.0, "offsetY": 0.0, "offsetZ": 0.0 },
						"String_2": { "rotationX": 0.0, "rotationY": 0.0, "rotationZ": 0.0 },
						"String_6": { "rotationX": 0.0, "rotationY": 0.0, "rotationZ": 0.0 },
						"Bow_right_limb_1": { "rotationX": 0.0, "rotationY": 0.0, "rotationZ": 0.0 },
						"Bow_right_limb_2": { "rotationX": 0.0, "rotationY": 0.0, "rotationZ": 0.0 },
						"Bow_right_limb_3": { "rotationX": 0.0, "rotationY": 0.0, "rotationZ": 0.0 },
						"Bow_right_limb_4": { "rotationX": 0.0, "rotationY": 0.0, "rotationZ": 0.0 },
						"Bow_right_limb_5": { "rotationX": 0.0, "rotationY": 0.0, "rotationZ": 0.0 },
						"Bow_right_limb_7": { "rotationX": 0.0, "rotationY": 0.0, "rotationZ": 0.0 },
						"Bow_right_limb_8": { "rotationX": 0.0, "rotationY": 0.0, "rotationZ": 0.0 },
						"Bow_right_limb_9": { "rotationX": 0.0, "rotationY": 0.0, "rotationZ": 0.0 },
						"Bow_right_limb_10": { "rotationX": 0.0, "rotationY": 0.0, "rotationZ": 0.0 },
						"Bow_right_limb_11": { "rotationX": 0.0, "rotationY": 0.0, "rotationZ": 0.0 }
					}
				},
				{
					"frame": 15,
					"elements": {
						"String": { "offsetX": 0.0, "offsetY": 0.0, "offsetZ": 0.0 },
						"String_2": { "rotationX": 0.0, "rotationY": 0.0, "rotationZ": 0.0 },
						"String_6": { "rotationX": 0.0, "rotationY": 0.0, "rotationZ": 0.0 },
						"Bow_right_limb_1": { "rotationX": 0.0, "rotationY": 0.0, "rotationZ": 0.0 },
						"Bow_right_limb_2": { "rotationX": 0.0, "rotationY": 0.0, "rotationZ": 0.0 },
						"Bow_right_limb_3": { "rotationX": 0.0, "rotationY": 0.0, "rotationZ": 0.0 },
						"Bow_right_limb_4": { "rotationX": 0.0, "rotationY": 0.0, "rotationZ": 0.0 },
						"Bow_right_limb_5": { "rotationX": 0.0, "rotationY": 0.0, "rotationZ": 0.0 },
						"Bow_right_limb_7": { "rotationX": 0.0, "rotationY": 0.0, "rotationZ": 0.0 },
						"Bow_right_limb_8": { "rotationX": 0.0, "rotationY": 0.0, "rotationZ": 0.0 },
						"Bow_right_limb_9": { "rotationX": 0.0, "rotationY": 0.0, "rotationZ": 0.0 },
						"Bow_right_limb_10": { "rotationX": 0.0, "rotationY": 0.0, "rotationZ": 0.0 },
						"Bow_right_limb_11": { "rotationX": 0.0, "rotationY": 0.0, "rotationZ": 0.0 }
					}
				},
				{
					"frame": 18,
					"elements": {
						"String": { "offsetX": 0.0, "offsetY": 0.0, "offsetZ": 0.0 },
						"String_2": { "rotationX": 0.0, "rotationY": 0.0, "rotationZ": 0.0 },
						"String_6": { "rotationX": 0.0, "rotationY": 0.0, "rotationZ": 0.0 },
						"Bow_right_limb_1": { "rotationX": 0.0, "rotationY": 0.0, "rotationZ": 0.0 },
						"Bow_right_limb_2": { "rotationX": 0.0, "rotationY": 0.0, "rotationZ": 0.0 },
						"Bow_right_limb_3": { "rotationX": 0.0, "rotationY": 0.0, "rotationZ": 0.0 },
						"Bow_right_limb_4": { "rotationX": 0.0, "rotationY": 0.0, "rotationZ": 0.0 },
						"Bow_right_limb_5": { "rotationX": 0.0, "rotationY": 0.0, "rotationZ": 0.0 },
						"Bow_right_limb_7": { "rotationX": 0.0, "rotationY": 0.0, "rotationZ": 0.0 },
						"Bow_right_limb_8": { "rotationX": 0.0, "rotationY": 0.0, "rotationZ": 0.0 },
						"Bow_right_limb_9": { "rotationX": 0.0, "rotationY": 0.0, "rotationZ": 0.0 },
						"Bow_right_limb_10": { "rotationX": 0.0, "rotationY": 0.0, "rotationZ": 0.0 },
						"Bow_right_limb_11": { "rotationX": 0.0, "rotationY": 0.0, "rotationZ": 0.0 }
					}
				},
				{
					"frame": 22,
					"elements": {
						"String": { "offsetX": 0.0, "offsetY": 0.0, "offsetZ": 0.0 },
						"String_2": { "rotationX": 0.0, "rotationY": 0.0, "rotationZ": 0.0 },
						"String_6": { "rotationX": 0.0, "rotationY": 0.0, "rotationZ": 0.0 },
						"Bow_right_limb_1": { "rotationX": 0.0, "rotationY": 0.0, "rotationZ": 0.0 },
						"Bow_right_limb_2": { "rotationX": 0.0, "rotationY": 0.0, "rotationZ": 0.0 },
						"Bow_right_limb_3": { "rotationX": 0.0, "rotationY": 0.0, "rotationZ": 0.0 },
						"Bow_right_limb_4": { "rotationX": 0.0, "rotationY": 0.0, "rotationZ": 0.0 },
						"Bow_right_limb_5": { "rotationX": 0.0, "rotationY": 0.0, "rotationZ": 0.0 },
						"Bow_right_limb_7": { "rotationX": 0.0, "rotationY": 0.0, "rotationZ": 0.0 },
						"Bow_right_limb_8": { "rotationX": 0.0, "rotationY": 0.0, "rotationZ": 0.0 },
						"Bow_right_limb_9": { "rotationX": 0.0, "rotationY": 0.0, "rotationZ": 0.0 },
						"Bow_right_limb_10": { "rotationX": 0.0, "rotationY": 0.0, "rotationZ": 0.0 },
						"Bow_right_limb_11": { "rotationX": 0.0, "rotationY": 0.0, "rotationZ": 0.0 },
						"Lever": { "rotationX": 0.0, "rotationY": 0.0, "rotationZ": 0.0 }
					}
				},
				{
					"frame": 100,
					"elements": {
						"String": { "offsetX": 0.0, "offsetY": 0.0, "offsetZ": 0.0 },
						"String_2": { "rotationX": 0.0, "rotationY": 0.0, "rotationZ": 0.0 },
						"String_6": { "rotationX": 0.0, "rotationY": 0.0, "rotationZ": 0.0 },
						"Lever": { "rotationX": 0.0, "rotationY": 0.0, "rotationZ": 0.0 },
						"Wheel": { "rotationX": -2535.0, "rotationY": 0.0, "rotationZ": 0.0 },
						"Bow_right_limb_1": { "rotationX": 0.0, "rotationY": 0.0, "rotationZ": 0.0 },
						"Bow_right_limb_2": { "rotationX": 0.0, "rotationY": 0.0, "rotationZ": 0.0 },
						"Bow_right_limb_3": { "rotationX": 0.0, "rotationY": 0.0, "rotationZ": 0.0 },
						"Bow_right_limb_4": { "rotationX": 0.0, "rotationY": 0.0, "rotationZ": 0.0 },
						"Bow_right_limb_5": { "rotationX": 0.0, "rotationY": 0.0, "rotationZ": 0.0 },
						"Bow_right_limb_7": { "rotationX": 0.0, "rotationY": 0.0, "rotationZ": 0.0 },
						"Bow_right_limb_8": { "rotationX": 0.0, "rotationY": 0.0, "rotationZ": 0.0 },
						"Bow_right_limb_9": { "rotationX": 0.0, "rotationY": 0.0, "rotationZ": 0.0 },
						"Bow_right_limb_10": { "rotationX": 0.0, "rotationY": 0.0, "rotationZ": 0.0 },
						"Bow_right_limb_11": { "rotationX": 0.0, "rotationY": 0.0, "rotationZ": 0.0 },
						"Attachment_bolt": { "offsetX": 0.0, "offsetY": 0.0, "offsetZ": -256.0 }
					}
				},
				{
					"frame": 106,
					"elements": {
						"String": { "offsetX": 0.0, "offsetY": 0.0, "offsetZ": 0.0 },
						"String_2": { "rotationX": 0.0, "rotationY": 0.0, "rotationZ": 0.0 },
						"String_6": { "rotationX": 0.0, "rotationY": 0.0, "rotationZ": 0.0 },
						"Lever": { "rotationX": 0.0, "rotationY": 0.0, "rotationZ": 0.0 },
						"Wheel": { "rotationX": -2520.0, "rotationY": 0.0, "rotationZ": 0.0 },
						"Bow_right_limb_1": { "rotationX": 0.0, "rotationY": 0.0, "rotationZ": 0.0 },
						"Bow_right_limb_2": { "rotationX": 0.0, "rotationY": 0.0, "rotationZ": 0.0 },
						"Bow_right_limb_3": { "rotationX": 0.0, "rotationY": 0.0, "rotationZ": 0.0 },
						"Bow_right_limb_4": { "rotationX": 0.0, "rotationY": 0.0, "rotationZ": 0.0 },
						"Bow_right_limb_5": { "rotationX": 0.0, "rotationY": 0.0, "rotationZ": 0.0 },
						"Bow_right_limb_7": { "rotationX": 0.0, "rotationY": 0.0, "rotationZ": 0.0 },
						"Bow_right_limb_8": { "rotationX": 0.0, "rotationY": 0.0, "rotationZ": 0.0 },
						"Bow_right_limb_9": { "rotationX": 0.0, "rotationY": 0.0, "rotationZ": 0.0 },
						"Bow_right_limb_10": { "rotationX": 0.0, "rotationY": 0.0, "rotationZ": 0.0 },
						"Bow_right_limb_11": { "rotationX": 0.0, "rotationY": 0.0, "rotationZ": 0.0 },
						"Attachment_bolt": { "offsetX": 0.0, "offsetY": 0.0, "offsetZ": -256.0 }
					}
				},
				{
					"frame": 107,
					"elements": {
						"String": { "offsetX": 0.0, "offsetY": 0.0, "offsetZ": 0.0 },
						"String_2": { "rotationX": 0.0, "rotationY": 0.0, "rotationZ": 0.0 },
						"String_6": { "rotationX": 0.0, "rotationY": 0.0, "rotationZ": 0.0 },
						"Lever": { "rotationX": 0.0, "rotationY": 0.0, "rotationZ": 0.0 },
						"Wheel": { "rotationX": 0.0, "rotationY": 0.0, "rotationZ": 0.0 },
						"Bow_right_limb_1": { "rotationX": 0.0, "rotationY": 0.0, "rotationZ": 0.0 },
						"Bow_right_limb_2": { "rotationX": 0.0, "rotationY": 0.0, "rotationZ": 0.0 },
						"Bow_right_limb_3": { "rotationX": 0.0, "rotationY": 0.0, "rotationZ": 0.0 },
						"Bow_right_limb_4": { "rotationX": 0.0, "rotationY": 0.0, "rotationZ": 0.0 },
						"Bow_right_limb_5": { "rotationX": 0.0, "rotationY": 0.0, "rotationZ": 0.0 },
						"Bow_right_limb_7": { "rotationX": 0.0, "rotationY": 0.0, "rotationZ": 0.0 },
						"Bow_right_limb_8": { "rotationX": 0.0, "rotationY": 0.0, "rotationZ": 0.0 },
						"Bow_right_limb_9": { "rotationX": 0.0, "rotationY": 0.0, "rotationZ": 0.0 },
						"Bow_right_limb_10": { "rotationX": 0.0, "rotationY": 0.0, "rotationZ": 0.0 },
						"Bow_right_limb_11": { "rotationX": 0.0, "rotationY": 0.0, "rotationZ": 0.0 },
						"Attachment_bolt": { "offsetX": 0.0, "offsetY": 0.0, "offsetZ": -256.0 }
					}
				}
			]
		}
	]
}