﻿[
    // Cats
    {
        "side": "server",
        "file": "cats:entities/land/cat-kitten",
        "op": "add",
        "path": "/server/behaviors/-",
        "value": {
            "code": "EntityFootprintsBehaviorSync",
            "attributes": {
                "texture": "cat",
                "stepDistance": 0.25
            }
        }
    },
    {
        "side": "server",
        "file": "cats:entities/land/cat-kitten",
        "op": "add",
        "path": "/client/behaviors/-",
        "value": {
            "code": "EntityFootprintsBehavior",
            "attributes": {
                "texture": "cat",
                "stepDistance": 0.25
            }
        }
    },
    {
        "side": "server",
        "file": "cats:entities/land/cat-female",
        "op": "add",
        "path": "/server/behaviors/-",
        "value": {
            "code": "EntityFootprintsBehaviorSync",
            "attributes": {
                "texture": "cat",
                "stepDistance": 0.25
            }
        }
    },
    {
        "side": "server",
        "file": "cats:entities/land/cat-female",
        "op": "add",
        "path": "/client/behaviors/-",
        "value": {
            "code": "EntityFootprintsBehavior",
            "attributes": {
                "texture": "cat",
                "stepDistance": 0.25
            }
        }
    },
    {
        "side": "server",
        "file": "cats:entities/land/cat-male",
        "op": "add",
        "path": "/server/behaviors/-",
        "value": {
            "code": "EntityFootprintsBehaviorSync",
            "attributes": {
                "texture": "cat",
                "stepDistance": 0.25
            }
        }
    },
    {
        "side": "server",
        "file": "cats:entities/land/cat-male",
        "op": "add",
        "path": "/client/behaviors/-",
        "value": {
            "code": "EntityFootprintsBehavior",
            "attributes": {
                "texture": "cat",
                "stepDistance": 0.25
            }
        }
    }
]