{
	"editor": {
		"allAngles": false,
		"entityTextureMode": false
	},
	"textureWidth": 16,
	"textureHeight": 16,
	"textureSizes": {
	},
	"textures": {
		"ceramic": "block/ceramic/glazed/ceramic",
		"lid": "block/ceramic/glazed/ceramic",
		"neck": "block/ceramic/glazed/ceramic"
	},
	"elements": [
		{
			"name": "root",
			"from": [ 0.0, 0.0, 0.0 ],
			"to": [ 1.0, 1.0, 1.0 ],
			"rotationOrigin": [ 8.0, 0.0, 8.0 ],
			"faces": {
				"north": { "texture": "#0", "uv": [ 0.0, 0.0, 1.0, 1.0 ], "enabled": false },
				"east": { "texture": "#0", "uv": [ 0.0, 0.0, 1.0, 1.0 ], "enabled": false },
				"south": { "texture": "#0", "uv": [ 0.0, 0.0, 1.0, 1.0 ], "enabled": false },
				"west": { "texture": "#0", "uv": [ 0.0, 0.0, 1.0, 1.0 ], "enabled": false },
				"up": { "texture": "#0", "uv": [ 0.0, 0.0, 1.0, 1.0 ], "enabled": false },
				"down": { "texture": "#0", "uv": [ 0.0, 0.0, 1.0, 1.0 ], "enabled": false }
			},
			"children": [
				{
					"name": "lid",
					"from": [ 5.0, 1.0, 5.0 ],
					"to": [ 11.0, 2.5, 11.0 ],
					"rotationOrigin": [ 8.0, 1.25, 8.0 ],
					"rotationZ": 180.0,
					"faces": {
						"north": { "texture": "#lid", "uv": [ 3.0, 0.0, 9.0, 1.5 ] },
						"east": { "texture": "#lid", "uv": [ 14.0, 3.0, 15.5, 9.0 ], "rotation": 90 },
						"south": { "texture": "#lid", "uv": [ 3.0, 14.0, 9.0, 15.5 ] },
						"west": { "texture": "#lid", "uv": [ 0.0, 3.0, 1.5, 9.0 ], "rotation": 90 },
						"up": { "texture": "#lid", "uv": [ 5.0, 5.0, 11.0, 11.0 ] },
						"down": { "texture": "#ceramic", "uv": [ 5.0, 5.0, 11.0, 11.0 ] }
					},
					"children": [
						{
							"name": "neck",
							"from": [ -2.0, -2.0, -2.0 ],
							"to": [ 8.0, -1.0, 8.0 ],
							"rotationOrigin": [ -5.5, -1.0, -5.5 ],
							"faces": {
								"north": { "texture": "#0", "uv": [ 3.0, 2.0, 13.0, 3.0 ], "enabled": false },
								"east": { "texture": "#0", "uv": [ 3.0, 3.0, 13.0, 4.0 ], "enabled": false },
								"south": { "texture": "#0", "uv": [ 3.0, 3.0, 13.0, 4.0 ], "enabled": false },
								"west": { "texture": "#0", "uv": [ 3.0, 3.0, 13.0, 4.0 ], "enabled": false },
								"up": { "texture": "#0", "uv": [ 3.0, 3.0, 13.0, 13.0 ], "enabled": false },
								"down": { "texture": "#0", "uv": [ 0.0, 0.0, 10.0, 10.0 ], "enabled": false }
							},
							"children": [
								{
									"name": "neck W",
									"from": [ 3.0, 1.0, 4.0 ],
									"to": [ 4.0, 2.0, 6.0 ],
									"rotationOrigin": [ 2.0, 0.0, 3.0 ],
									"faces": {
										"north": { "texture": "#0", "uv": [ 13.0, 6.0, 14.0, 7.0 ], "enabled": false },
										"east": { "texture": "#ceramic", "uv": [ 8.0, 0.0, 10.0, 1.0 ] },
										"south": { "texture": "#0", "uv": [ 8.0, 6.0, 9.0, 7.0 ], "enabled": false },
										"west": { "texture": "#neck", "uv": [ 2.0, 6.0, 3.0, 8.0 ], "rotation": 90 },
										"up": { "texture": "#0", "uv": [ 4.0, 6.0, 5.0, 8.0 ], "enabled": false },
										"down": { "texture": "#ceramic", "uv": [ 6.5, 4.0, 7.5, 6.0 ] }
									}
								},
								{
									"name": "neck E",
									"from": [ 6.0, 1.0, 4.0 ],
									"to": [ 7.0, 2.0, 6.0 ],
									"rotationOrigin": [ -1.0, 0.0, 3.0 ],
									"faces": {
										"north": { "texture": "#0", "uv": [ 4.0, 6.0, 5.0, 7.0 ], "enabled": false },
										"east": { "texture": "#neck", "uv": [ 12.0, 6.0, 13.0, 8.0 ], "rotation": 90 },
										"south": { "texture": "#0", "uv": [ 11.0, 6.0, 12.0, 7.0 ], "enabled": false },
										"west": { "texture": "#ceramic", "uv": [ 4.0, 0.0, 6.0, 1.0 ] },
										"up": { "texture": "#0", "uv": [ 10.0, 6.0, 11.0, 8.0 ], "enabled": false },
										"down": { "texture": "#ceramic", "uv": [ 6.5, 4.0, 7.5, 6.0 ] }
									}
								},
								{
									"name": "neck N",
									"from": [ 4.0, 1.0, 3.0 ],
									"to": [ 6.0, 2.0, 4.0 ],
									"rotationOrigin": [ 1.0, 0.0, 2.0 ],
									"faces": {
										"north": { "texture": "#neck", "uv": [ 6.0, 2.0, 8.0, 3.0 ] },
										"east": { "texture": "#0", "uv": [ 3.5, 4.5, 4.5, 5.5 ], "enabled": false },
										"south": { "texture": "#ceramic", "uv": [ 11.0, 0.0, 13.0, 1.0 ] },
										"west": { "texture": "#0", "uv": [ 4.0, 3.0, 5.0, 4.0 ], "enabled": false },
										"up": { "texture": "#0", "uv": [ 6.0, 4.0, 8.0, 5.0 ], "enabled": false },
										"down": { "texture": "#ceramic", "uv": [ 6.5, 4.0, 8.5, 5.0 ] }
									}
								},
								{
									"name": "neck S",
									"from": [ 4.0, 1.0, 6.0 ],
									"to": [ 6.0, 2.0, 7.0 ],
									"rotationOrigin": [ 1.0, 0.0, -1.0 ],
									"faces": {
										"north": { "texture": "#ceramic", "uv": [ 1.5, 0.0, 3.5, 1.0 ] },
										"east": { "texture": "#0", "uv": [ 3.5, 4.5, 4.5, 5.5 ], "enabled": false },
										"south": { "texture": "#neck", "uv": [ 6.0, 2.0, 8.0, 3.0 ] },
										"west": { "texture": "#0", "uv": [ 4.0, 3.0, 5.0, 4.0 ], "enabled": false },
										"up": { "texture": "#0", "uv": [ 6.0, 10.0, 8.0, 11.0 ], "enabled": false },
										"down": { "texture": "#ceramic", "uv": [ 6.5, 4.0, 8.5, 5.0 ] }
									}
								},
								{
									"name": "neck NW",
									"from": [ 3.0, 1.0, 3.0 ],
									"to": [ 4.0, 2.0, 4.0 ],
									"rotationOrigin": [ 2.0, 0.0, 2.0 ],
									"faces": {
										"north": { "texture": "#neck", "uv": [ 10.0, 2.0, 11.0, 3.0 ] },
										"east": { "texture": "#0", "uv": [ 8.0, 0.0, 9.0, 1.0 ], "enabled": false },
										"south": { "texture": "#0", "uv": [ 8.0, 6.0, 9.0, 7.0 ], "enabled": false },
										"west": { "texture": "#neck", "uv": [ 2.0, 4.0, 3.0, 5.0 ], "rotation": 90 },
										"up": { "texture": "#0", "uv": [ 4.0, 4.0, 5.0, 5.0 ], "enabled": false },
										"down": { "texture": "#ceramic", "uv": [ 6.5, 4.0, 7.5, 5.0 ] }
									}
								},
								{
									"name": "neck SW",
									"from": [ 3.0, 1.0, 6.0 ],
									"to": [ 4.0, 2.0, 7.0 ],
									"rotationOrigin": [ 2.0, 0.0, 5.0 ],
									"faces": {
										"north": { "texture": "#0", "uv": [ 13.0, 6.0, 14.0, 7.0 ], "enabled": false },
										"east": { "texture": "#0", "uv": [ 8.0, 0.0, 9.0, 1.0 ], "enabled": false },
										"south": { "texture": "#neck", "uv": [ 4.0, 2.0, 5.0, 3.0 ] },
										"west": { "texture": "#neck", "uv": [ 2.0, 10.0, 3.0, 11.0 ], "rotation": 90 },
										"up": { "texture": "#0", "uv": [ 4.0, 10.0, 5.0, 11.0 ], "enabled": false },
										"down": { "texture": "#ceramic", "uv": [ 6.5, 4.0, 7.5, 5.0 ] }
									}
								},
								{
									"name": "neck NE",
									"from": [ 6.0, 1.0, 3.0 ],
									"to": [ 7.0, 2.0, 4.0 ],
									"rotationOrigin": [ -1.0, 0.0, 2.0 ],
									"faces": {
										"north": { "texture": "#neck", "uv": [ 4.0, 2.0, 5.0, 3.0 ] },
										"east": { "texture": "#neck", "uv": [ 12.0, 10.0, 13.0, 11.0 ], "rotation": 90 },
										"south": { "texture": "#0", "uv": [ 11.0, 6.0, 12.0, 7.0 ], "enabled": false },
										"west": { "texture": "#0", "uv": [ 4.0, 0.0, 5.0, 1.0 ], "enabled": false },
										"up": { "texture": "#0", "uv": [ 10.0, 4.0, 11.0, 5.0 ], "enabled": false },
										"down": { "texture": "#ceramic", "uv": [ 6.5, 4.0, 7.5, 5.0 ] }
									}
								},
								{
									"name": "neck SE",
									"from": [ 6.0, 1.0, 6.0 ],
									"to": [ 7.0, 2.0, 7.0 ],
									"rotationOrigin": [ -1.0, 0.0, 5.0 ],
									"faces": {
										"north": { "texture": "#0", "uv": [ 4.0, 6.0, 5.0, 7.0 ], "enabled": false },
										"east": { "texture": "#neck", "uv": [ 12.0, 4.0, 13.0, 5.0 ], "rotation": 90 },
										"south": { "texture": "#neck", "uv": [ 10.0, 2.0, 11.0, 3.0 ] },
										"west": { "texture": "#0", "uv": [ 4.0, 0.0, 5.0, 1.0 ], "enabled": false },
										"up": { "texture": "#0", "uv": [ 10.0, 10.0, 11.0, 11.0 ], "enabled": false },
										"down": { "texture": "#ceramic", "uv": [ 6.5, 4.0, 7.5, 5.0 ] }
									}
								}
							]
						}
					]
				}
			]
		}
	]}