{
	"editor": {
		"allAngles": true,
		"entityTextureMode": false
	},
	"textureWidth": 16,
	"textureHeight": 16,
	"textureSizes": {
	},
	"textures": {
		"ceramic": "block/ceramic/glazed/ceramic",
		"top": "block/ceramic/glazed/ceramic",
		"lid": "block/ceramic/glazed/ceramic",
		"bottom": "block/ceramic/glazed/ceramic",
		"neck": "block/ceramic/glazed/ceramic",
		"inside": "block/ceramic/glazed/ceramic"
	},
	"elements": [
		{
			"name": "root",
			"from": [ 0.0, 0.0, 0.0 ],
			"to": [ 1.0, 1.0, 1.0 ],
			"faces": {
				"north": { "texture": "#0", "uv": [ 0.0, 0.0, 1.0, 1.0 ], "enabled": false },
				"east": { "texture": "#0", "uv": [ 0.0, 0.0, 1.0, 1.0 ], "enabled": false },
				"south": { "texture": "#0", "uv": [ 0.0, 0.0, 1.0, 1.0 ], "enabled": false },
				"west": { "texture": "#0", "uv": [ 0.0, 0.0, 1.0, 1.0 ], "enabled": false },
				"up": { "texture": "#0", "uv": [ 0.0, 0.0, 1.0, 1.0 ], "enabled": false },
				"down": { "texture": "#0", "uv": [ 0.0, 0.0, 1.0, 1.0 ], "enabled": false }
			},
			"children": [
				{
					"name": "lid",
					"from": [ 5.0, 14.0, 5.0 ],
					"to": [ 11.0, 15.5, 11.0 ],
					"rotationOrigin": [ 9.0, 13.0, 5.5 ],
					"faces": {
						"north": { "texture": "#lid", "uv": [ 3.0, 0.0, 9.0, 1.5 ] },
						"east": { "texture": "#lid", "uv": [ 14.0, 3.0, 15.5, 9.0 ], "rotation": 90 },
						"south": { "texture": "#lid", "uv": [ 3.0, 14.0, 9.0, 15.5 ] },
						"west": { "texture": "#lid", "uv": [ 0.0, 3.0, 1.5, 9.0 ], "rotation": 90 },
						"up": { "texture": "#lid", "uv": [ 5.0, 5.0, 11.0, 11.0 ] },
						"down": { "texture": "#ceramic", "uv": [ 5.0, 5.0, 11.0, 11.0 ] }
					}
				},
				{
					"name": "cube",
					"from": [ 3.0, 12.0, 3.0 ],
					"to": [ 13.0, 13.0, 13.0 ],
					"faces": {
						"north": { "texture": "#0", "uv": [ 3.0, 2.0, 13.0, 3.0 ], "enabled": false },
						"east": { "texture": "#0", "uv": [ 3.0, 3.0, 13.0, 4.0 ], "enabled": false },
						"south": { "texture": "#0", "uv": [ 3.0, 3.0, 13.0, 4.0 ], "enabled": false },
						"west": { "texture": "#0", "uv": [ 3.0, 3.0, 13.0, 4.0 ], "enabled": false },
						"up": { "texture": "#0", "uv": [ 3.0, 3.0, 13.0, 13.0 ], "enabled": false },
						"down": { "texture": "#0", "uv": [ 0.0, 0.0, 10.0, 10.0 ], "enabled": false }
					},
					"children": [
						{
							"name": "neck W",
							"from": [ 3.0, 1.0, 4.0 ],
							"to": [ 4.0, 2.0, 6.0 ],
							"rotationOrigin": [ 2.0, 0.0, 3.0 ],
							"faces": {
								"north": { "texture": "#0", "uv": [ 13.0, 6.0, 14.0, 7.0 ], "enabled": false },
								"east": { "texture": "#ceramic", "uv": [ 8.0, 0.0, 10.0, 1.0 ] },
								"south": { "texture": "#0", "uv": [ 8.0, 6.0, 9.0, 7.0 ], "enabled": false },
								"west": { "texture": "#neck", "uv": [ 2.0, 6.0, 3.0, 8.0 ], "rotation": 90 },
								"up": { "texture": "#neck", "uv": [ 4.0, 6.0, 5.0, 8.0 ] },
								"down": { "texture": "#0", "uv": [ 6.5, 4.0, 7.5, 6.0 ], "enabled": false }
							}
						},
						{
							"name": "neck E",
							"from": [ 6.0, 1.0, 4.0 ],
							"to": [ 7.0, 2.0, 6.0 ],
							"rotationOrigin": [ -1.0, 0.0, 3.0 ],
							"faces": {
								"north": { "texture": "#0", "uv": [ 4.0, 6.0, 5.0, 7.0 ], "enabled": false },
								"east": { "texture": "#neck", "uv": [ 12.0, 6.0, 13.0, 8.0 ], "rotation": 90 },
								"south": { "texture": "#0", "uv": [ 11.0, 6.0, 12.0, 7.0 ], "enabled": false },
								"west": { "texture": "#ceramic", "uv": [ 4.0, 0.0, 6.0, 1.0 ] },
								"up": { "texture": "#neck", "uv": [ 10.0, 6.0, 11.0, 8.0 ] },
								"down": { "texture": "#0", "uv": [ 6.5, 4.0, 7.5, 6.0 ], "enabled": false }
							}
						},
						{
							"name": "neck N",
							"from": [ 4.0, 1.0, 3.0 ],
							"to": [ 6.0, 2.0, 4.0 ],
							"rotationOrigin": [ 1.0, 0.0, 2.0 ],
							"faces": {
								"north": { "texture": "#neck", "uv": [ 6.0, 2.0, 8.0, 3.0 ] },
								"east": { "texture": "#0", "uv": [ 3.5, 4.5, 4.5, 5.5 ], "enabled": false },
								"south": { "texture": "#ceramic", "uv": [ 11.0, 0.0, 13.0, 1.0 ] },
								"west": { "texture": "#0", "uv": [ 4.0, 3.0, 5.0, 4.0 ], "enabled": false },
								"up": { "texture": "#neck", "uv": [ 6.0, 4.0, 8.0, 5.0 ] },
								"down": { "texture": "#0", "uv": [ 6.5, 4.0, 8.5, 5.0 ], "enabled": false }
							}
						},
						{
							"name": "neck S",
							"from": [ 4.0, 1.0, 6.0 ],
							"to": [ 6.0, 2.0, 7.0 ],
							"rotationOrigin": [ 1.0, 0.0, -1.0 ],
							"faces": {
								"north": { "texture": "#ceramic", "uv": [ 1.5, 0.0, 3.5, 1.0 ] },
								"east": { "texture": "#0", "uv": [ 3.5, 4.5, 4.5, 5.5 ], "enabled": false },
								"south": { "texture": "#neck", "uv": [ 6.0, 2.0, 8.0, 3.0 ] },
								"west": { "texture": "#0", "uv": [ 4.0, 3.0, 5.0, 4.0 ], "enabled": false },
								"up": { "texture": "#neck", "uv": [ 6.0, 10.0, 8.0, 11.0 ] },
								"down": { "texture": "#0", "uv": [ 6.5, 4.0, 8.5, 5.0 ], "enabled": false }
							}
						},
						{
							"name": "contents",
							"from": [ 3.0, 1.1, 3.0 ],
							"to": [ 7.0, 1.1, 7.0 ],
							"faces": {
								"north": { "texture": "#0", "uv": [ 0.0, 0.0, 4.0, 0.5 ], "enabled": false },
								"east": { "texture": "#0", "uv": [ 0.0, 0.0, 4.0, 0.5 ], "enabled": false },
								"south": { "texture": "#0", "uv": [ 0.0, 0.0, 4.0, 0.5 ], "enabled": false },
								"west": { "texture": "#0", "uv": [ 0.0, 0.0, 4.0, 0.5 ], "enabled": false },
								"up": { "texture": "#inside", "uv": [ 2.0, 10.0, 6.0, 14.0 ] },
								"down": { "texture": "#0", "uv": [ 0.0, 0.0, 4.0, 4.0 ], "enabled": false }
							}
						},
						{
							"name": "rim E",
							"from": [ 7.0, 0.0, 2.0 ],
							"to": [ 8.0, 1.0, 8.0 ],
							"rotationOrigin": [ 4.0, -12.0, -1.0 ],
							"faces": {
								"north": { "texture": "#top", "uv": [ 3.0, 2.0, 4.0, 3.0 ] },
								"east": { "texture": "#top", "uv": [ 3.0, 2.0, 9.0, 3.0 ] },
								"south": { "texture": "#top", "uv": [ 12.0, 2.0, 13.0, 3.0 ] },
								"west": { "texture": "#0", "uv": [ 3.0, 3.0, 9.0, 4.0 ], "enabled": false },
								"up": { "texture": "#top", "uv": [ 3.0, 1.0, 9.0, 2.0 ], "rotation": 90 },
								"down": { "texture": "#0", "uv": [ 0.0, 0.0, 1.0, 6.0 ], "enabled": false }
							}
						},
						{
							"name": "rim W",
							"from": [ 2.0, 0.0, 2.0 ],
							"to": [ 3.0, 1.0, 8.0 ],
							"rotationOrigin": [ -1.0, -12.0, -1.0 ],
							"faces": {
								"north": { "texture": "#top", "uv": [ 12.0, 2.0, 13.0, 3.0 ] },
								"east": { "texture": "#0", "uv": [ 3.0, 3.0, 9.0, 4.0 ], "enabled": false },
								"south": { "texture": "#top", "uv": [ 3.0, 2.0, 4.0, 3.0 ] },
								"west": { "texture": "#top", "uv": [ 3.0, 2.0, 9.0, 3.0 ] },
								"up": { "texture": "#top", "uv": [ 3.0, 1.0, 9.0, 2.0 ], "rotation": 90 },
								"down": { "texture": "#0", "uv": [ 0.0, 0.0, 1.0, 6.0 ], "enabled": false }
							}
						},
						{
							"name": "rim S",
							"from": [ 3.0, 0.0, 7.0 ],
							"to": [ 7.0, 1.0, 8.0 ],
							"rotationOrigin": [ 0.0, -12.0, 4.0 ],
							"faces": {
								"north": { "texture": "#0", "uv": [ 3.0, 2.0, 7.0, 3.0 ], "enabled": false },
								"east": { "texture": "#0", "uv": [ 3.0, 3.0, 4.0, 4.0 ], "enabled": false },
								"south": { "texture": "#top", "uv": [ 4.0, 2.0, 8.0, 3.0 ] },
								"west": { "texture": "#0", "uv": [ 3.0, 3.0, 4.0, 4.0 ], "enabled": false },
								"up": { "texture": "#top", "uv": [ 4.0, 1.0, 8.0, 2.0 ] },
								"down": { "texture": "#0", "uv": [ 0.0, 0.0, 4.0, 1.0 ], "enabled": false }
							}
						},
						{
							"name": "rim N",
							"from": [ 3.0, 0.0, 2.0 ],
							"to": [ 7.0, 1.0, 3.0 ],
							"rotationOrigin": [ 0.0, -12.0, -1.0 ],
							"faces": {
								"north": { "texture": "#top", "uv": [ 4.0, 2.0, 8.0, 3.0 ] },
								"east": { "texture": "#0", "uv": [ 3.0, 3.0, 4.0, 4.0 ], "enabled": false },
								"south": { "texture": "#0", "uv": [ 3.0, 3.0, 7.0, 4.0 ], "enabled": false },
								"west": { "texture": "#0", "uv": [ 3.0, 3.0, 4.0, 4.0 ], "enabled": false },
								"up": { "texture": "#top", "uv": [ 4.0, 1.0, 8.0, 2.0 ] },
								"down": { "texture": "#0", "uv": [ 0.0, 0.0, 4.0, 1.0 ], "enabled": false }
							}
						},
						{
							"name": "neck NW",
							"from": [ 3.0, 1.0, 3.0 ],
							"to": [ 4.0, 2.0, 4.0 ],
							"rotationOrigin": [ 2.0, 0.0, 2.0 ],
							"faces": {
								"north": { "texture": "#neck", "uv": [ 10.0, 2.0, 11.0, 3.0 ] },
								"east": { "texture": "#0", "uv": [ 8.0, 0.0, 9.0, 1.0 ], "enabled": false },
								"south": { "texture": "#0", "uv": [ 8.0, 6.0, 9.0, 7.0 ], "enabled": false },
								"west": { "texture": "#neck", "uv": [ 2.0, 4.0, 3.0, 5.0 ], "rotation": 90 },
								"up": { "texture": "#neck", "uv": [ 4.0, 4.0, 5.0, 5.0 ] },
								"down": { "texture": "#0", "uv": [ 6.5, 4.0, 7.5, 5.0 ], "enabled": false }
							}
						},
						{
							"name": "neck SW",
							"from": [ 3.0, 1.0, 6.0 ],
							"to": [ 4.0, 2.0, 7.0 ],
							"rotationOrigin": [ 2.0, 0.0, 5.0 ],
							"faces": {
								"north": { "texture": "#0", "uv": [ 13.0, 6.0, 14.0, 7.0 ], "enabled": false },
								"east": { "texture": "#0", "uv": [ 8.0, 0.0, 9.0, 1.0 ], "enabled": false },
								"south": { "texture": "#neck", "uv": [ 4.0, 2.0, 5.0, 3.0 ] },
								"west": { "texture": "#neck", "uv": [ 2.0, 10.0, 3.0, 11.0 ], "rotation": 90 },
								"up": { "texture": "#neck", "uv": [ 4.0, 10.0, 5.0, 11.0 ] },
								"down": { "texture": "#0", "uv": [ 6.5, 4.0, 7.5, 5.0 ], "enabled": false }
							}
						},
						{
							"name": "neck NE",
							"from": [ 6.0, 1.0, 3.0 ],
							"to": [ 7.0, 2.0, 4.0 ],
							"rotationOrigin": [ -1.0, 0.0, 2.0 ],
							"faces": {
								"north": { "texture": "#neck", "uv": [ 4.0, 2.0, 5.0, 3.0 ] },
								"east": { "texture": "#neck", "uv": [ 12.0, 10.0, 13.0, 11.0 ], "rotation": 90 },
								"south": { "texture": "#0", "uv": [ 11.0, 6.0, 12.0, 7.0 ], "enabled": false },
								"west": { "texture": "#0", "uv": [ 4.0, 0.0, 5.0, 1.0 ], "enabled": false },
								"up": { "texture": "#neck", "uv": [ 10.0, 4.0, 11.0, 5.0 ] },
								"down": { "texture": "#0", "uv": [ 6.5, 4.0, 7.5, 5.0 ], "enabled": false }
							}
						},
						{
							"name": "neck SE",
							"from": [ 6.0, 1.0, 6.0 ],
							"to": [ 7.0, 2.0, 7.0 ],
							"rotationOrigin": [ -1.0, 0.0, 5.0 ],
							"faces": {
								"north": { "texture": "#0", "uv": [ 4.0, 6.0, 5.0, 7.0 ], "enabled": false },
								"east": { "texture": "#neck", "uv": [ 12.0, 4.0, 13.0, 5.0 ], "rotation": 90 },
								"south": { "texture": "#neck", "uv": [ 10.0, 2.0, 11.0, 3.0 ] },
								"west": { "texture": "#0", "uv": [ 4.0, 0.0, 5.0, 1.0 ], "enabled": false },
								"up": { "texture": "#neck", "uv": [ 10.0, 10.0, 11.0, 11.0 ] },
								"down": { "texture": "#0", "uv": [ 6.5, 4.0, 7.5, 5.0 ], "enabled": false }
							}
						}
					]
				},
				{
					"name": "base_top N",
					"from": [ 5.5, 8.0, 4.5 ],
					"to": [ 10.5, 12.0, 5.5 ],
					"rotationOrigin": [ 2.0, 6.0, 2.0 ],
					"faces": {
						"north": { "texture": "#top", "uv": [ 3.0, 3.0, 8.0, 7.0 ] },
						"east": { "texture": "#0", "uv": [ 2.0, 3.0, 3.0, 7.0 ], "enabled": false },
						"south": { "texture": "#top", "uv": [ 3.0, 3.0, 8.0, 7.0 ] },
						"west": { "texture": "#0", "uv": [ 2.0, 3.0, 3.0, 7.0 ], "enabled": false },
						"up": { "texture": "#top", "uv": [ 3.0, 2.0, 8.0, 3.0 ] },
						"down": { "texture": "#0", "uv": [ 2.0, 2.0, 7.0, 3.0 ], "enabled": false }
					}
				},
				{
					"name": "base_top S",
					"from": [ 5.5, 8.0, 10.5 ],
					"to": [ 10.5, 12.0, 11.5 ],
					"rotationOrigin": [ 2.0, 6.0, 8.0 ],
					"faces": {
						"north": { "texture": "#top", "uv": [ 3.0, 3.0, 8.0, 7.0 ] },
						"east": { "texture": "#0", "uv": [ 2.0, 3.0, 3.0, 7.0 ], "enabled": false },
						"south": { "texture": "#top", "uv": [ 3.0, 3.0, 8.0, 7.0 ] },
						"west": { "texture": "#0", "uv": [ 2.0, 3.0, 3.0, 7.0 ], "enabled": false },
						"up": { "texture": "#top", "uv": [ 3.0, 2.0, 8.0, 3.0 ] },
						"down": { "texture": "#0", "uv": [ 2.0, 2.0, 7.0, 3.0 ], "enabled": false }
					}
				},
				{
					"name": "base_top E",
					"from": [ 10.5, 8.0, 4.5 ],
					"to": [ 11.5, 12.0, 11.5 ],
					"rotationOrigin": [ 8.0, 6.0, 0.0 ],
					"faces": {
						"north": { "texture": "#top", "uv": [ 2.0, 3.0, 3.0, 7.0 ] },
						"east": { "texture": "#top", "uv": [ 2.0, 3.0, 9.0, 7.0 ] },
						"south": { "texture": "#top", "uv": [ 13.0, 3.0, 14.0, 7.0 ] },
						"west": { "texture": "#top", "uv": [ 2.0, 3.0, 9.0, 7.0 ] },
						"up": { "texture": "#top", "uv": [ 2.0, 2.0, 9.0, 3.0 ], "rotation": 90 },
						"down": { "texture": "#0", "uv": [ 2.0, 2.0, 3.0, 9.0 ], "enabled": false }
					}
				},
				{
					"name": "base_top W",
					"from": [ 4.5, 8.0, 4.5 ],
					"to": [ 5.5, 12.0, 11.5 ],
					"rotationOrigin": [ 1.0, 6.0, 0.0 ],
					"faces": {
						"north": { "texture": "#top", "uv": [ 13.0, 3.0, 14.0, 7.0 ] },
						"east": { "texture": "#top", "uv": [ 2.0, 3.0, 9.0, 7.0 ] },
						"south": { "texture": "#top", "uv": [ 2.0, 3.0, 3.0, 7.0 ] },
						"west": { "texture": "#top", "uv": [ 2.0, 3.0, 9.0, 7.0 ] },
						"up": { "texture": "#top", "uv": [ 2.0, 2.0, 9.0, 3.0 ], "rotation": 90 },
						"down": { "texture": "#0", "uv": [ 2.0, 2.0, 3.0, 9.0 ], "enabled": false }
					}
				},
				{
					"name": "bottom",
					"from": [ 5.0, 0.0, 5.0 ],
					"to": [ 11.0, 1.5, 11.0 ],
					"faces": {
						"north": { "texture": "#bottom", "uv": [ 3.0, 14.0, 9.0, 15.5 ] },
						"east": { "texture": "#bottom", "uv": [ 3.0, 14.0, 9.0, 15.5 ] },
						"south": { "texture": "#bottom", "uv": [ 3.0, 14.0, 9.0, 15.5 ] },
						"west": { "texture": "#bottom", "uv": [ 3.0, 14.0, 9.0, 15.5 ] },
						"up": { "texture": "#0", "uv": [ 0.0, 0.0, 6.0, 6.0 ], "enabled": false },
						"down": { "texture": "#ceramic", "uv": [ 5.0, 5.0, 11.0, 11.0 ] }
					}
				},
				{
					"name": "base_bottom",
					"from": [ 4.5, 1.5, 4.5 ],
					"to": [ 11.5, 8.0, 11.5 ],
					"faces": {
						"north": { "texture": "#bottom", "uv": [ 2.0, 7.0, 9.0, 13.5 ] },
						"east": { "texture": "#bottom", "uv": [ 2.0, 7.0, 9.0, 13.5 ] },
						"south": { "texture": "#bottom", "uv": [ 2.0, 7.0, 9.0, 13.5 ] },
						"west": { "texture": "#bottom", "uv": [ 2.0, 7.0, 9.0, 13.5 ] },
						"up": { "texture": "#0", "uv": [ 2.0, 2.0, 9.0, 9.0 ], "enabled": false },
						"down": { "texture": "#bottom", "uv": [ 2.0, 2.0, 9.0, 9.0 ] }
					}
				}
			]
		}
	],
	"animations": [
		{
			"name": "lidopen",
			"code": "lidopen",
			"quantityframes": 30,
			"onActivityStopped": "Rewind",
			"onAnimationEnd": "Hold",
			"keyframes": [
				{
					"frame": 0,
					"elements": {
						"root": { },
						"lid": { "offsetX": 0.0, "offsetY": 0.0, "offsetZ": 0.0, "rotationX": 0.0, "rotationY": 0.0, "rotationZ": 0.0 }
					}
				},
				{
					"frame": 29,
					"elements": {
						"root": { },
						"lid": { "offsetX": 0.0, "offsetY": 1.0, "offsetZ": -12.0, "rotationX": -85.0, "rotationY": 0.0, "rotationZ": 0.0 }
					}
				}
			]
		}
	]
}