{
	"editor": {
		"collapsedPaths": "Root/stem/stem2/stem3/Cap",
		"allAngles": true,
		"entityTextureMode": false
	},
	"textureWidth": 12,
	"textureHeight": 32,
	"textureSizes": {
		"strelitziaalba-stem": [4,16],
		"strelitziaalba-cap": [12,12],
		"strelitziaalba-flower": [8,4],
		"strelitziaalba-leaf": [12,32],
		"strelitziaalba-top": [12,16],
		"strelitziaalba-leaf2": [12,32],
		"strelitziaalba-dead": [12,32]
	},
	"textures": {
	},
	"elements": [
		{
			"name": "stem",
			"from": [ 5.5, 0.0, 5.5 ],
			"to": [ 9.5, 16.0, 9.5 ],
			"rotationOrigin": [ 5.5, 0.0, 5.5 ],
			"faces": {
				"north": { "texture": "#strelitziaalba-top", "uv": [ 0.5, 0.0, 4.5, 16.0 ], "windMode": [0,5,5,0], "windData": [0,1,1,0] },
				"east": { "texture": "#strelitziaalba-top", "uv": [ 6.0, 0.0, 10.0, 16.0 ], "windMode": [0,5,5,0], "windData": [0,1,1,0] },
				"south": { "texture": "#strelitziaalba-top", "uv": [ 0.5, 0.0, 4.5, 16.0 ], "windMode": [0,0,5,5], "windData": [0,0,1,1] },
				"west": { "texture": "#strelitziaalba-top", "uv": [ 6.0, 0.0, 10.0, 16.0 ], "windMode": [0,0,5,5], "windData": [0,0,1,1] },
				"up": { "texture": "#strelitziaalba-top", "uv": [ 0.0, 0.0, 4.0, 4.0 ], "windMode": [5,5,5,5], "windData": [1,1,1,1] },
				"down": { "texture": "#strelitziaalba-top", "uv": [ 0.0, 11.0, 4.0, 15.0 ], "windMode": [0,0,0,0] }
			},
			"children": [
				{
					"name": "origin stems",
					"from": [ -4.8, 16.2, -0.8 ],
					"to": [ -4.8, 16.2, -0.8 ],
					"rotationOrigin": [ 3.2, 16.2, 3.2 ],
					"rotationY": 10.0,
					"faces": {
					}
				},
				{
					"name": "Flower1",
					"from": [ 3.2, 10.0, 0.2 ],
					"to": [ 11.2, 14.0, 0.2 ],
					"shade": false,
					"renderPass": 2,
					"rotationOrigin": [ 3.2, 10.0, 0.2 ],
					"rotationX": -180.0,
					"rotationY": 82.0,
					"rotationZ": -180.0,
					"faces": {
						"north": { "texture": "#strelitziaalba-flower", "uv": [ 0.0, 0.0, 8.0, 4.0 ], "windMode": [5,5,5,5], "windData": [2,2,2,2] }
					}
				},
				{
					"name": "Flower2",
					"from": [ 0.2, 13.0, 0.2 ],
					"to": [ 8.2, 17.0, 0.2 ],
					"shade": false,
					"renderPass": 2,
					"rotationOrigin": [ 0.2, 13.0, 0.2 ],
					"rotationX": -180.0,
					"rotationY": 43.0,
					"rotationZ": -180.0,
					"faces": {
						"north": { "texture": "#strelitziaalba-flower", "uv": [ 0.0, 0.0, 8.0, 4.0 ], "windMode": [5,5,5,5], "windData": [2,3,3,2] }
					}
				},
				{
					"name": "Flower3",
					"from": [ 0.2, 15.5, 3.2 ],
					"to": [ 8.2, 19.5, 3.2 ],
					"shade": false,
					"renderPass": 2,
					"rotationOrigin": [ 0.2, 15.5, 3.2 ],
					"rotationX": -180.0,
					"rotationY": 24.0,
					"rotationZ": -180.0,
					"faces": {
						"north": { "texture": "#strelitziaalba-flower", "uv": [ 0.0, 0.0, 8.0, 4.0 ], "windMode": [5,5,5,5], "windData": [2,3,3,2] }
					}
				},
				{
					"name": "Cap",
					"from": [ -3.3, 11.0, 2.2 ],
					"to": [ 8.7, 23.0, 2.2 ],
					"shade": false,
					"renderPass": 2,
					"rotationOrigin": [ 2.7, 11.0, 2.2 ],
					"rotationY": 45.0,
					"faces": {
						"north": { "texture": "#strelitziaalba-cap", "uv": [ 0.0, 0.0, 12.0, 12.0 ], "windMode": [5,5,5,5], "windData": [2,3,3,2] }
					},
					"children": [
						{
							"name": "Frond Base 5",
							"from": [ 5.4, 1.6, -1.0 ],
							"to": [ 6.4, 17.6, 1.0 ],
							"shade": false,
							"renderPass": 2,
							"rotationOrigin": [ 5.4, 1.6, 0.0 ],
							"rotationY": -12.0,
							"rotationZ": 22.0,
							"faces": {
								"north": { "texture": "#strelitziaalba-stem", "uv": [ 0.0, 0.0, 1.0, 16.0 ], "windMode": [5,5,5,5], "windData": [2,3,3,2] },
								"south": { "texture": "#strelitziaalba-stem", "uv": [ 1.0, 0.0, 2.0, 16.0 ], "windMode": [5,5,5,5], "windData": [2,2,3,3] },
								"west": { "texture": "#strelitziaalba-stem", "uv": [ 0.0, 0.0, 2.0, 16.0 ], "windMode": [5,5,5,5], "windData": [2,2,3,3] }
							},
							"children": [
								{
									"name": "Frond Stem 5",
									"from": [ 0.0, 15.7, 0.2 ],
									"to": [ 0.5, 31.7, 1.8 ],
									"shade": false,
									"renderPass": 2,
									"rotationOrigin": [ 0.0, 15.7, 0.2 ],
									"rotationZ": 28.0,
									"faces": {
										"north": { "texture": "#strelitziaalba-stem", "uv": [ 2.0, 0.0, 2.5, 16.0 ], "windMode": [5,5,5,5], "windData": [3,4,4,3] },
										"south": { "texture": "#strelitziaalba-stem", "uv": [ 3.5, 0.0, 4.0, 16.0 ], "windMode": [5,5,5,5], "windData": [3,3,4,4] },
										"west": { "texture": "#strelitziaalba-stem", "uv": [ 2.5, 0.0, 4.0, 16.0 ], "windMode": [5,5,5,5], "windData": [3,3,4,4] }
									},
									"children": [
										{
											"name": "Frond Segment 1 5",
											"from": [ 0.2, 15.8, 0.8 ],
											"to": [ 0.2, 15.8, 0.8 ],
											"rotationOrigin": [ 0.2, 15.8, 0.8 ],
											"rotationZ": 22.0,
											"faces": {
											},
											"children": [
												{
													"name": "Frond Segment 2 5",
													"from": [ 0.0, 8.0, 0.0 ],
													"to": [ 0.0, 8.0, 0.0 ],
													"rotationOrigin": [ 0.0, 8.0, 0.0 ],
													"rotationZ": 22.0,
													"faces": {
													},
													"children": [
														{
															"name": "Frond Segment 3 5",
															"from": [ 0.0, 12.0, 0.0 ],
															"to": [ 0.0, 12.0, 0.0 ],
															"rotationOrigin": [ 0.0, 12.0, 0.0 ],
															"rotationZ": 32.0,
															"faces": {
															},
															"children": [
																{
																	"name": "Frond EndL5",
																	"from": [ 0.0, 0.0, 0.0 ],
																	"to": [ 0.0, 12.0, 6.0 ],
																	"shade": false,
																	"renderPass": 2,
																	"rotationOrigin": [ 0.0, 0.0, 0.0 ],
																	"rotationY": -18.0,
																	"faces": {
																		"east": { "texture": "#strelitziaalba-leaf2", "uv": [ 0.0, 0.0, 6.0, 12.0 ], "windMode": [5,5,5,5], "windData": [4,3,3,4] }
																	}
																},
																{
																	"name": "Frond EndR5",
																	"from": [ 0.0, 0.0, -6.0 ],
																	"to": [ 0.0, 12.0, 0.0 ],
																	"shade": false,
																	"renderPass": 2,
																	"rotationOrigin": [ 0.0, 0.0, 0.0 ],
																	"rotationY": 18.0,
																	"faces": {
																		"east": { "texture": "#strelitziaalba-leaf2", "uv": [ 6.0, 0.0, 12.0, 12.0 ], "windMode": [5,5,5,5], "windData": [4,3,3,4] }
																	}
																}
															]
														},
														{
															"name": "Frond MiddleL5",
															"from": [ 0.0, 0.0, 0.0 ],
															"to": [ 0.0, 12.0, 6.0 ],
															"shade": false,
															"renderPass": 2,
															"rotationOrigin": [ 0.0, 0.0, 0.0 ],
															"rotationY": -14.0,
															"faces": {
																"east": { "texture": "#strelitziaalba-leaf2", "uv": [ 0.0, 12.0, 6.0, 24.0 ], "windMode": [5,5,5,5], "windData": [4,4,4,4] }
															}
														},
														{
															"name": "Frond MiddleR5",
															"from": [ 0.0, 0.0, -6.0 ],
															"to": [ 0.0, 12.0, 0.0 ],
															"shade": false,
															"renderPass": 2,
															"rotationOrigin": [ 0.0, 0.0, 0.0 ],
															"rotationY": 14.0,
															"faces": {
																"east": { "texture": "#strelitziaalba-leaf2", "uv": [ 6.0, 12.0, 12.0, 24.0 ], "windMode": [5,5,5,5], "windData": [4,4,4,4] }
															}
														}
													]
												},
												{
													"name": "Frond BaseL5",
													"from": [ 0.0, 0.0, 0.0 ],
													"to": [ 0.0, 8.0, 6.0 ],
													"shade": false,
													"renderPass": 2,
													"rotationOrigin": [ 0.0, 0.0, 0.0 ],
													"rotationY": -25.0,
													"faces": {
														"east": { "texture": "#strelitziaalba-leaf2", "uv": [ 0.0, 24.0, 6.0, 32.0 ], "windMode": [5,5,5,5], "windData": [4,4,4,4] }
													}
												},
												{
													"name": "Frond BaseR5",
													"from": [ 0.0, 0.0, -6.0 ],
													"to": [ 0.0, 8.0, 0.0 ],
													"shade": false,
													"renderPass": 2,
													"rotationOrigin": [ 0.0, 0.0, 0.0 ],
													"rotationY": 24.0,
													"faces": {
														"east": { "texture": "#strelitziaalba-leaf2", "uv": [ 6.0, 24.0, 12.0, 32.0 ], "windMode": [5,5,5,5], "windData": [4,4,4,4] }
													}
												}
											]
										}
									]
								}
							]
						},
						{
							"name": "Frond Base 6",
							"from": [ 6.7, 1.6, -1.0 ],
							"to": [ 7.7, 17.6, 1.0 ],
							"shade": false,
							"renderPass": 2,
							"rotationOrigin": [ 6.7, 1.6, 0.0 ],
							"rotationY": -177.0,
							"rotationZ": 21.0,
							"faces": {
								"north": { "texture": "#strelitziaalba-stem", "uv": [ 0.0, 0.0, 1.0, 16.0 ], "windMode": [5,5,5,5], "windData": [2,3,3,2] },
								"south": { "texture": "#strelitziaalba-stem", "uv": [ 1.0, 0.0, 2.0, 16.0 ], "windMode": [5,5,5,5], "windData": [2,2,3,3] },
								"west": { "texture": "#strelitziaalba-stem", "uv": [ 0.0, 0.0, 2.0, 16.0 ], "windMode": [5,5,5,5], "windData": [2,2,3,3] }
							},
							"children": [
								{
									"name": "Frond Stem 6",
									"from": [ 0.0, 15.7, 0.2 ],
									"to": [ 0.5, 31.7, 1.8 ],
									"shade": false,
									"renderPass": 2,
									"rotationOrigin": [ 0.0, 15.7, 0.2 ],
									"rotationZ": 22.0,
									"faces": {
										"north": { "texture": "#strelitziaalba-stem", "uv": [ 2.0, 0.0, 2.5, 16.0 ], "windMode": [5,5,5,5], "windData": [3,4,4,3] },
										"south": { "texture": "#strelitziaalba-stem", "uv": [ 3.5, 0.0, 4.0, 16.0 ], "windMode": [5,5,5,5], "windData": [3,3,4,4] },
										"west": { "texture": "#strelitziaalba-stem", "uv": [ 2.0, 0.0, 3.5, 16.0 ], "windMode": [5,5,5,5], "windData": [3,3,4,4] }
									},
									"children": [
										{
											"name": "Frond Segment 1 6",
											"from": [ 0.2, 15.8, 0.8 ],
											"to": [ 0.2, 15.8, 0.8 ],
											"rotationOrigin": [ 0.2, 15.8, 0.8 ],
											"rotationZ": 18.0,
											"faces": {
											},
											"children": [
												{
													"name": "Frond Segment 2 6",
													"from": [ 0.0, 8.0, 0.0 ],
													"to": [ 0.0, 8.0, 0.0 ],
													"rotationOrigin": [ 0.0, 8.0, 0.0 ],
													"rotationZ": 25.0,
													"faces": {
													},
													"children": [
														{
															"name": "Frond Segment 3 6",
															"from": [ 0.0, 12.0, 0.0 ],
															"to": [ 0.0, 12.0, 0.0 ],
															"rotationOrigin": [ 0.0, 12.0, 0.0 ],
															"rotationZ": 12.0,
															"faces": {
															},
															"children": [
																{
																	"name": "Frond EndL6",
																	"from": [ 0.0, 0.0, 0.0 ],
																	"to": [ 0.0, 12.0, 6.0 ],
																	"shade": false,
																	"renderPass": 2,
																	"rotationOrigin": [ 0.0, 0.0, 0.0 ],
																	"rotationY": -9.0,
																	"faces": {
																		"east": { "texture": "#strelitziaalba-leaf2", "uv": [ 0.0, 0.0, 6.0, 12.0 ], "windMode": [5,5,5,5], "windData": [4,4,4,4] }
																	}
																},
																{
																	"name": "Frond EndR6",
																	"from": [ 0.0, 0.0, -6.0 ],
																	"to": [ 0.0, 12.0, 0.0 ],
																	"shade": false,
																	"renderPass": 2,
																	"rotationOrigin": [ 0.0, 0.0, 0.0 ],
																	"rotationY": 9.0,
																	"faces": {
																		"east": { "texture": "#strelitziaalba-leaf2", "uv": [ 6.0, 0.0, 12.0, 12.0 ], "windMode": [5,5,5,5], "windData": [4,4,4,4] }
																	}
																}
															]
														},
														{
															"name": "Frond MiddleL6",
															"from": [ 0.0, 0.0, 0.0 ],
															"to": [ 0.0, 12.0, 6.0 ],
															"shade": false,
															"renderPass": 2,
															"rotationOrigin": [ 0.0, 0.0, 0.0 ],
															"rotationY": -12.0,
															"faces": {
																"east": { "texture": "#strelitziaalba-leaf2", "uv": [ 0.0, 12.0, 6.0, 24.0 ], "windMode": [5,5,5,5], "windData": [4,4,4,4] }
															}
														},
														{
															"name": "Frond MiddleR6",
															"from": [ 0.0, 0.0, -6.0 ],
															"to": [ 0.0, 12.0, 0.0 ],
															"shade": false,
															"renderPass": 2,
															"rotationOrigin": [ 0.0, 0.0, 0.0 ],
															"rotationY": 12.0,
															"faces": {
																"east": { "texture": "#strelitziaalba-leaf2", "uv": [ 6.0, 12.0, 12.0, 24.0 ], "windMode": [5,5,5,5], "windData": [4,4,4,4] }
															}
														}
													]
												},
												{
													"name": "Frond BaseL6",
													"from": [ 0.0, 0.0, 0.0 ],
													"to": [ 0.0, 8.0, 6.0 ],
													"shade": false,
													"renderPass": 2,
													"rotationOrigin": [ 0.0, 0.0, 0.0 ],
													"rotationY": -15.0,
													"faces": {
														"east": { "texture": "#strelitziaalba-leaf2", "uv": [ 0.0, 24.0, 6.0, 32.0 ], "windMode": [5,5,5,5], "windData": [4,4,4,4] }
													}
												},
												{
													"name": "Frond BaseR6",
													"from": [ 0.0, 0.0, -6.0 ],
													"to": [ 0.0, 8.0, 0.0 ],
													"shade": false,
													"renderPass": 2,
													"rotationOrigin": [ 0.0, 0.0, 0.0 ],
													"rotationY": 15.0,
													"faces": {
														"east": { "texture": "#strelitziaalba-leaf2", "uv": [ 6.0, 24.0, 12.0, 32.0 ], "windMode": [5,5,5,5], "windData": [4,4,4,4] }
													}
												}
											]
										}
									]
								}
							]
						},
						{
							"name": "Frond Base 7",
							"from": [ 5.6, 3.0, -1.0 ],
							"to": [ 6.6, 19.0, 1.0 ],
							"shade": false,
							"renderPass": 2,
							"rotationOrigin": [ 5.6, 3.0, 0.0 ],
							"rotationY": -8.0,
							"rotationZ": 16.0,
							"faces": {
								"north": { "texture": "#strelitziaalba-stem", "uv": [ 0.0, 0.0, 1.0, 16.0 ], "windMode": [5,5,5,5], "windData": [2,3,3,2] },
								"south": { "texture": "#strelitziaalba-stem", "uv": [ 1.0, 0.0, 2.0, 16.0 ], "windMode": [5,5,5,5], "windData": [2,2,3,3] },
								"west": { "texture": "#strelitziaalba-stem", "uv": [ 0.0, 0.0, 2.0, 16.0 ], "windMode": [5,5,5,5], "windData": [2,2,3,3] }
							},
							"children": [
								{
									"name": "Frond Stem 7",
									"from": [ 0.0, 15.7, 0.2 ],
									"to": [ 0.5, 31.7, 1.8 ],
									"shade": false,
									"renderPass": 2,
									"rotationOrigin": [ 0.0, 15.7, 0.2 ],
									"rotationZ": 22.0,
									"faces": {
										"north": { "texture": "#strelitziaalba-stem", "uv": [ 2.0, 0.0, 2.5, 16.0 ], "windMode": [5,5,5,5], "windData": [3,4,4,3] },
										"south": { "texture": "#strelitziaalba-stem", "uv": [ 3.0, 0.0, 3.5, 16.0 ], "windMode": [5,5,5,5], "windData": [3,3,4,4] },
										"west": { "texture": "#strelitziaalba-stem", "uv": [ 2.5, 0.0, 4.0, 16.0 ], "windMode": [5,5,5,5], "windData": [3,3,4,4] }
									},
									"children": [
										{
											"name": "Frond Segment 1 7",
											"from": [ 0.2, 15.8, 0.8 ],
											"to": [ 0.2, 15.8, 0.8 ],
											"rotationOrigin": [ 0.2, 15.8, 0.8 ],
											"rotationY": -25.0,
											"rotationZ": 23.0,
											"faces": {
											},
											"children": [
												{
													"name": "Frond Segment 2 7",
													"from": [ 0.0, 8.0, 0.0 ],
													"to": [ 0.0, 8.0, 0.0 ],
													"rotationOrigin": [ 0.0, 8.0, 0.0 ],
													"rotationZ": 21.0,
													"faces": {
													},
													"children": [
														{
															"name": "Frond Segment 3 7",
															"from": [ 0.0, 12.0, 0.0 ],
															"to": [ 0.0, 12.0, 0.0 ],
															"rotationOrigin": [ 0.0, 12.0, 0.0 ],
															"rotationZ": 19.0,
															"faces": {
															},
															"children": [
																{
																	"name": "Frond EndL7",
																	"from": [ 0.0, 0.0, 0.0 ],
																	"to": [ 0.0, 12.0, 6.0 ],
																	"shade": false,
																	"renderPass": 2,
																	"rotationOrigin": [ 0.0, 0.0, 0.0 ],
																	"rotationY": -4.0,
																	"faces": {
																		"east": { "texture": "#strelitziaalba-leaf2", "uv": [ 0.0, 0.0, 6.0, 12.0 ], "windMode": [5,5,5,5], "windData": [4,4,4,4] }
																	}
																},
																{
																	"name": "Frond EndR7",
																	"from": [ 0.0, 0.0, -6.0 ],
																	"to": [ 0.0, 12.0, 0.0 ],
																	"shade": false,
																	"renderPass": 2,
																	"rotationOrigin": [ 0.0, 0.0, 0.0 ],
																	"rotationY": 4.0,
																	"faces": {
																		"east": { "texture": "#strelitziaalba-leaf2", "uv": [ 6.0, 0.0, 12.0, 12.0 ], "windMode": [5,5,5,5], "windData": [5,4,4,4] }
																	}
																}
															]
														},
														{
															"name": "Frond MiddleL7",
															"from": [ 0.0, 0.0, 0.0 ],
															"to": [ 0.0, 12.0, 6.0 ],
															"shade": false,
															"renderPass": 2,
															"rotationOrigin": [ 0.0, 0.0, 0.0 ],
															"rotationY": -6.0,
															"faces": {
																"east": { "texture": "#strelitziaalba-leaf2", "uv": [ 0.0, 12.0, 6.0, 24.0 ], "windMode": [5,5,5,5], "windData": [4,4,4,4] }
															}
														},
														{
															"name": "Frond MiddleR7",
															"from": [ 0.0, 0.0, -6.0 ],
															"to": [ 0.0, 12.0, 0.0 ],
															"shade": false,
															"renderPass": 2,
															"rotationOrigin": [ 0.0, 0.0, 0.0 ],
															"rotationY": 6.0,
															"faces": {
																"east": { "texture": "#strelitziaalba-leaf2", "uv": [ 6.0, 12.0, 12.0, 24.0 ], "windMode": [5,5,5,5], "windData": [4,5,4,4] }
															}
														}
													]
												},
												{
													"name": "Frond BaseL7",
													"from": [ 0.0, 0.0, 0.0 ],
													"to": [ 0.0, 8.0, 6.0 ],
													"shade": false,
													"renderPass": 2,
													"rotationOrigin": [ 0.0, 0.0, 0.0 ],
													"rotationY": -8.0,
													"faces": {
														"east": { "texture": "#strelitziaalba-leaf", "uv": [ 0.0, 24.0, 6.0, 32.0 ], "windMode": [5,5,5,5], "windData": [4,4,4,4] }
													}
												},
												{
													"name": "Frond BaseR7",
													"from": [ 0.0, 0.0, -6.0 ],
													"to": [ 0.0, 8.0, 0.0 ],
													"shade": false,
													"renderPass": 2,
													"rotationOrigin": [ 0.0, 0.0, 0.0 ],
													"rotationY": 8.0,
													"faces": {
														"east": { "texture": "#strelitziaalba-leaf", "uv": [ 6.0, 24.0, 12.0, 32.0 ], "windMode": [5,5,5,5], "windData": [4,4,4,4] }
													}
												}
											]
										}
									]
								}
							]
						},
						{
							"name": "Frond Base 8",
							"from": [ 6.6, 3.0, -1.0 ],
							"to": [ 7.6, 19.0, 1.0 ],
							"shade": false,
							"renderPass": 2,
							"rotationOrigin": [ 6.6, 3.0, 0.0 ],
							"rotationY": 165.0,
							"rotationZ": 15.0,
							"faces": {
								"north": { "texture": "#strelitziaalba-stem", "uv": [ 0.0, 0.0, 1.0, 16.0 ], "windMode": [5,5,5,5], "windData": [2,3,3,2] },
								"south": { "texture": "#strelitziaalba-stem", "uv": [ 1.0, 0.0, 2.0, 16.0 ], "windMode": [5,5,5,5], "windData": [2,2,3,3] },
								"west": { "texture": "#strelitziaalba-stem", "uv": [ 0.0, 0.0, 2.0, 16.0 ], "windMode": [5,5,5,5], "windData": [2,2,3,3] }
							},
							"children": [
								{
									"name": "Frond Stem 8",
									"from": [ 0.0, 15.7, 0.2 ],
									"to": [ 0.5, 31.7, 1.8 ],
									"shade": false,
									"renderPass": 2,
									"rotationOrigin": [ 0.0, 15.7, 0.2 ],
									"rotationZ": 15.0,
									"faces": {
										"north": { "texture": "#strelitziaalba-stem", "uv": [ 2.0, 0.0, 2.5, 16.0 ], "windMode": [5,5,5,5], "windData": [3,4,4,3] },
										"south": { "texture": "#strelitziaalba-stem", "uv": [ 3.0, 0.0, 3.5, 16.0 ], "windMode": [5,5,5,5], "windData": [3,3,4,4] },
										"west": { "texture": "#strelitziaalba-stem", "uv": [ 2.5, 0.0, 4.0, 16.0 ], "windMode": [5,5,5,5], "windData": [3,3,4,4] }
									},
									"children": [
										{
											"name": "Frond Segment 1 8",
											"from": [ 0.2, 15.8, 0.8 ],
											"to": [ 0.2, 15.8, 0.8 ],
											"rotationOrigin": [ 0.2, 15.8, 0.8 ],
											"rotationY": -18.0,
											"rotationZ": 30.0,
											"faces": {
											},
											"children": [
												{
													"name": "Frond Segment 2 8",
													"from": [ 0.0, 8.0, 0.0 ],
													"to": [ 0.0, 8.0, 0.0 ],
													"rotationOrigin": [ 0.0, 8.0, 0.0 ],
													"rotationZ": 21.0,
													"faces": {
													},
													"children": [
														{
															"name": "Frond Segment 3 8",
															"from": [ 0.0, 12.0, 0.0 ],
															"to": [ 0.0, 12.0, 0.0 ],
															"rotationOrigin": [ 0.0, 12.0, 0.0 ],
															"rotationZ": 35.0,
															"faces": {
															},
															"children": [
																{
																	"name": "Frond EndL8",
																	"from": [ 0.0, 0.0, 0.0 ],
																	"to": [ 0.0, 12.0, 6.0 ],
																	"shade": false,
																	"renderPass": 2,
																	"rotationOrigin": [ 0.0, 0.0, 0.0 ],
																	"rotationY": -5.0,
																	"faces": {
																		"east": { "texture": "#strelitziaalba-leaf2", "uv": [ 0.0, 0.0, 6.0, 12.0 ], "windMode": [5,5,5,5], "windData": [5,4,4,4] }
																	}
																},
																{
																	"name": "Frond EndR8",
																	"from": [ 0.0, 0.0, -6.0 ],
																	"to": [ 0.0, 12.0, 0.0 ],
																	"shade": false,
																	"renderPass": 2,
																	"rotationOrigin": [ 0.0, 0.0, 0.0 ],
																	"rotationY": 5.0,
																	"faces": {
																		"east": { "texture": "#strelitziaalba-leaf", "uv": [ 6.0, 0.0, 12.0, 12.0 ], "windMode": [5,5,5,5], "windData": [5,4,4,5] }
																	}
																}
															]
														},
														{
															"name": "Frond MiddleL8",
															"from": [ 0.0, 0.0, 0.0 ],
															"to": [ 0.0, 12.0, 6.0 ],
															"shade": false,
															"renderPass": 2,
															"rotationOrigin": [ 0.0, 0.0, 0.0 ],
															"rotationY": -7.0,
															"faces": {
																"east": { "texture": "#strelitziaalba-leaf", "uv": [ 0.0, 12.0, 6.0, 24.0 ], "windMode": [5,5,5,5], "windData": [4,5,4,4] }
															}
														},
														{
															"name": "Frond MiddleR8",
															"from": [ 0.0, 0.0, -6.0 ],
															"to": [ 0.0, 12.0, 0.0 ],
															"shade": false,
															"renderPass": 2,
															"rotationOrigin": [ 0.0, 0.0, 0.0 ],
															"rotationY": 7.0,
															"faces": {
																"east": { "texture": "#strelitziaalba-leaf2", "uv": [ 6.0, 12.0, 12.0, 24.0 ], "windMode": [5,5,5,5], "windData": [4,5,5,4] }
															}
														}
													]
												},
												{
													"name": "Frond BaseL8",
													"from": [ 0.0, 0.0, 0.0 ],
													"to": [ 0.0, 8.0, 6.0 ],
													"shade": false,
													"renderPass": 2,
													"rotationOrigin": [ 0.0, 0.0, 0.0 ],
													"rotationY": -9.0,
													"faces": {
														"east": { "texture": "#strelitziaalba-leaf2", "uv": [ 0.0, 24.0, 6.0, 32.0 ], "windMode": [5,5,5,5], "windData": [4,4,4,4] }
													}
												},
												{
													"name": "Frond BaseR8",
													"from": [ 0.0, 0.0, -6.0 ],
													"to": [ 0.0, 8.0, 0.0 ],
													"shade": false,
													"renderPass": 2,
													"rotationOrigin": [ 0.0, 0.0, 0.0 ],
													"rotationY": 9.0,
													"faces": {
														"east": { "texture": "#strelitziaalba-leaf2", "uv": [ 6.0, 24.0, 12.0, 32.0 ], "windMode": [5,5,5,5], "windData": [4,4,4,4] }
													}
												}
											]
										}
									]
								}
							]
						},
						{
							"name": "Frond Base 9",
							"from": [ 5.6, 6.0, -1.0 ],
							"to": [ 6.6, 22.0, 1.0 ],
							"shade": false,
							"renderPass": 2,
							"rotationOrigin": [ 5.6, 6.0, 0.0 ],
							"rotationZ": 14.0,
							"faces": {
								"north": { "texture": "#strelitziaalba-stem", "uv": [ 0.0, 0.0, 1.0, 16.0 ], "windMode": [5,5,5,5], "windData": [3,4,4,3] },
								"south": { "texture": "#strelitziaalba-stem", "uv": [ 1.0, 0.0, 2.0, 16.0 ], "windMode": [5,5,5,5], "windData": [3,3,4,4] },
								"west": { "texture": "#strelitziaalba-stem", "uv": [ 0.0, 0.0, 2.0, 16.0 ], "windMode": [5,5,5,5], "windData": [3,3,4,4] }
							},
							"children": [
								{
									"name": "Frond Stem 9",
									"from": [ 0.0, 15.7, 0.2 ],
									"to": [ 0.5, 31.7, 1.8 ],
									"shade": false,
									"renderPass": 2,
									"rotationOrigin": [ 0.0, 15.7, 0.2 ],
									"rotationZ": 9.0,
									"faces": {
										"north": { "texture": "#strelitziaalba-stem", "uv": [ 2.0, 0.0, 2.5, 16.0 ], "windMode": [5,5,5,5], "windData": [4,4,4,4] },
										"south": { "texture": "#strelitziaalba-stem", "uv": [ 3.0, 0.0, 3.5, 16.0 ], "windMode": [5,5,5,5], "windData": [4,4,4,4] },
										"west": { "texture": "#strelitziaalba-stem", "uv": [ 2.0, 0.0, 3.5, 16.0 ], "windMode": [5,5,5,5], "windData": [4,4,4,4] }
									},
									"children": [
										{
											"name": "Frond Segment 1 9",
											"from": [ 0.2, 15.8, 0.8 ],
											"to": [ 0.2, 15.8, 0.8 ],
											"rotationOrigin": [ 0.2, 15.8, 0.8 ],
											"rotationY": -25.0,
											"rotationZ": 14.0,
											"faces": {
											},
											"children": [
												{
													"name": "Frond Segment 2 9",
													"from": [ 0.0, 8.0, 0.0 ],
													"to": [ 0.0, 8.0, 0.0 ],
													"rotationOrigin": [ 0.0, 8.0, 0.0 ],
													"rotationZ": 18.0,
													"faces": {
													},
													"children": [
														{
															"name": "Frond Segment 3 9",
															"from": [ 0.0, 12.0, 0.0 ],
															"to": [ 0.0, 12.0, 0.0 ],
															"rotationOrigin": [ 0.0, 12.0, 0.0 ],
															"rotationZ": 22.0,
															"faces": {
															},
															"children": [
																{
																	"name": "Frond EndL9",
																	"from": [ 0.0, 0.0, 0.0 ],
																	"to": [ 0.0, 12.0, 6.0 ],
																	"shade": false,
																	"renderPass": 2,
																	"rotationOrigin": [ 0.0, 0.0, 0.0 ],
																	"rotationY": -6.0,
																	"faces": {
																		"east": { "texture": "#strelitziaalba-leaf", "uv": [ 0.0, 0.0, 6.0, 12.0 ], "windMode": [5,5,5,5], "windData": [5,5,5,5] }
																	}
																},
																{
																	"name": "Frond EndR9",
																	"from": [ 0.0, 0.0, -6.0 ],
																	"to": [ 0.0, 12.0, 0.0 ],
																	"shade": false,
																	"renderPass": 2,
																	"rotationOrigin": [ 0.0, 0.0, 0.0 ],
																	"rotationY": 6.0,
																	"faces": {
																		"east": { "texture": "#strelitziaalba-leaf", "uv": [ 6.0, 0.0, 12.0, 12.0 ], "windMode": [5,5,5,5], "windData": [5,5,5,5] }
																	}
																}
															]
														},
														{
															"name": "Frond MiddleL9",
															"from": [ 0.0, 0.0, 0.0 ],
															"to": [ 0.0, 12.0, 6.0 ],
															"shade": false,
															"renderPass": 2,
															"rotationOrigin": [ 0.0, 0.0, 0.0 ],
															"rotationY": -10.0,
															"faces": {
																"east": { "texture": "#strelitziaalba-leaf2", "uv": [ 0.0, 12.0, 6.0, 24.0 ], "windMode": [5,5,5,5], "windData": [5,5,5,5] }
															}
														},
														{
															"name": "Frond MiddleR9",
															"from": [ 0.0, 0.0, -6.0 ],
															"to": [ 0.0, 12.0, 0.0 ],
															"shade": false,
															"renderPass": 2,
															"rotationOrigin": [ 0.0, 0.0, 0.0 ],
															"rotationY": 10.0,
															"faces": {
																"east": { "texture": "#strelitziaalba-leaf2", "uv": [ 6.0, 8.0, 12.0, 20.0 ], "windMode": [5,5,5,5], "windData": [5,5,5,5] }
															}
														}
													]
												},
												{
													"name": "Frond BaseL9",
													"from": [ 0.0, 0.0, 0.0 ],
													"to": [ 0.0, 8.0, 6.0 ],
													"shade": false,
													"renderPass": 2,
													"rotationOrigin": [ 0.0, 0.0, 0.0 ],
													"rotationY": -14.0,
													"faces": {
														"east": { "texture": "#strelitziaalba-leaf", "uv": [ 0.0, 24.0, 6.0, 32.0 ], "windMode": [5,5,5,5], "windData": [4,5,5,4] }
													}
												},
												{
													"name": "Frond BaseR9",
													"from": [ 0.0, 0.0, -6.0 ],
													"to": [ 0.0, 8.0, 0.0 ],
													"shade": false,
													"renderPass": 2,
													"rotationOrigin": [ 0.0, 0.0, 0.0 ],
													"rotationY": 14.0,
													"faces": {
														"east": { "texture": "#strelitziaalba-leaf", "uv": [ 6.0, 24.0, 12.0, 32.0 ], "windMode": [5,5,5,5], "windData": [4,5,5,4] }
													}
												}
											]
										}
									]
								}
							]
						},
						{
							"name": "Frond Base 10",
							"from": [ 6.6, 8.5, -1.0 ],
							"to": [ 7.6, 24.5, 1.0 ],
							"shade": false,
							"renderPass": 2,
							"rotationOrigin": [ 6.6, 8.5, 0.0 ],
							"rotationY": 180.0,
							"rotationZ": 12.0,
							"faces": {
								"north": { "texture": "#strelitziaalba-stem", "uv": [ 0.0, 0.0, 1.0, 16.0 ], "windMode": [5,5,5,5], "windData": [3,4,4,3] },
								"south": { "texture": "#strelitziaalba-stem", "uv": [ 1.0, 0.0, 2.0, 16.0 ], "windMode": [5,5,5,5], "windData": [3,3,4,4] },
								"west": { "texture": "#strelitziaalba-stem", "uv": [ 0.0, 0.0, 2.0, 16.0 ], "windMode": [5,5,5,5], "windData": [3,3,4,4] }
							},
							"children": [
								{
									"name": "Frond Stem 10",
									"from": [ 0.0, 15.7, 0.2 ],
									"to": [ 0.5, 31.7, 1.8 ],
									"shade": false,
									"renderPass": 2,
									"rotationOrigin": [ 0.0, 15.7, 0.2 ],
									"rotationZ": 12.0,
									"faces": {
										"north": { "texture": "#strelitziaalba-stem", "uv": [ 2.0, 0.0, 2.5, 16.0 ], "windMode": [5,5,5,5], "windData": [4,5,5,4] },
										"south": { "texture": "#strelitziaalba-stem", "uv": [ 3.0, 0.0, 3.5, 16.0 ], "windMode": [5,5,5,5], "windData": [4,4,5,5] },
										"west": { "texture": "#strelitziaalba-stem", "uv": [ 2.5, 0.0, 4.0, 16.0 ], "windMode": [5,5,5,5], "windData": [4,4,5,5] }
									},
									"children": [
										{
											"name": "Frond Segment 1 10",
											"from": [ 0.2, 15.7, 0.8 ],
											"to": [ 0.2, 15.7, 0.8 ],
											"rotationOrigin": [ 0.2, 15.7, 0.8 ],
											"rotationY": -25.0,
											"rotationZ": 8.0,
											"faces": {
											},
											"children": [
												{
													"name": "Frond Segment 2 10",
													"from": [ 0.0, 8.0, 0.0 ],
													"to": [ 0.0, 8.0, 0.0 ],
													"rotationOrigin": [ 0.0, 8.0, 0.0 ],
													"rotationZ": 10.0,
													"faces": {
													},
													"children": [
														{
															"name": "Frond Segment 3 10",
															"from": [ 0.0, 12.0, 0.0 ],
															"to": [ 0.0, 12.0, 0.0 ],
															"rotationOrigin": [ 0.0, 12.0, 0.0 ],
															"rotationZ": 12.0,
															"faces": {
															},
															"children": [
																{
																	"name": "Frond EndL10",
																	"from": [ 0.0, 0.0, 0.0 ],
																	"to": [ 0.0, 12.0, 6.0 ],
																	"shade": false,
																	"renderPass": 2,
																	"rotationOrigin": [ 0.0, 0.0, 0.0 ],
																	"rotationY": -4.0,
																	"faces": {
																		"east": { "texture": "#strelitziaalba-leaf", "uv": [ 0.0, 0.0, 6.0, 12.0 ], "windMode": [5,5,5,5], "windData": [6,6,6,5] }
																	}
																},
																{
																	"name": "Frond EndR10",
																	"from": [ 0.0, 0.0, -6.0 ],
																	"to": [ 0.0, 12.0, 0.0 ],
																	"shade": false,
																	"renderPass": 2,
																	"rotationOrigin": [ 0.0, 0.0, 0.0 ],
																	"rotationY": 4.0,
																	"faces": {
																		"east": { "texture": "#strelitziaalba-leaf", "uv": [ 6.0, 0.0, 12.0, 12.0 ], "windMode": [5,5,5,5], "windData": [6,6,6,6] }
																	}
																}
															]
														},
														{
															"name": "Frond MiddleL10",
															"from": [ 0.0, 0.0, 0.0 ],
															"to": [ 0.0, 12.0, 6.0 ],
															"shade": false,
															"renderPass": 2,
															"rotationOrigin": [ 0.0, 0.0, 0.0 ],
															"rotationY": -8.0,
															"faces": {
																"east": { "texture": "#strelitziaalba-leaf2", "uv": [ 0.0, 12.0, 6.0, 24.0 ], "windMode": [5,5,5,5], "windData": [5,6,5,5] }
															}
														},
														{
															"name": "Frond MiddleR10",
															"from": [ 0.0, 0.0, -6.0 ],
															"to": [ 0.0, 12.0, 0.0 ],
															"shade": false,
															"renderPass": 2,
															"rotationOrigin": [ 0.0, 0.0, 0.0 ],
															"rotationY": 8.0,
															"faces": {
																"east": { "texture": "#strelitziaalba-leaf2", "uv": [ 6.0, 12.0, 12.0, 24.0 ], "windMode": [5,5,5,5], "windData": [5,6,6,5] }
															}
														}
													]
												},
												{
													"name": "Frond BaseL10",
													"from": [ 0.0, 0.0, 0.0 ],
													"to": [ 0.0, 8.0, 6.0 ],
													"shade": false,
													"renderPass": 2,
													"rotationOrigin": [ 0.0, 0.0, 0.0 ],
													"rotationY": -12.0,
													"faces": {
														"east": { "texture": "#strelitziaalba-leaf", "uv": [ 0.0, 24.0, 6.0, 32.0 ], "windMode": [5,5,5,5], "windData": [5,5,5,4] }
													}
												},
												{
													"name": "Frond BaseR10",
													"from": [ 0.0, 0.0, -6.0 ],
													"to": [ 0.0, 8.0, 0.0 ],
													"shade": false,
													"renderPass": 2,
													"rotationOrigin": [ 0.0, 0.0, 0.0 ],
													"rotationY": 12.0,
													"faces": {
														"east": { "texture": "#strelitziaalba-leaf", "uv": [ 6.0, 24.0, 12.0, 32.0 ], "windMode": [5,5,5,5], "windData": [5,5,5,5] }
													}
												}
											]
										}
									]
								}
							]
						},
						{
							"name": "Frond Base 11",
							"from": [ 5.1, 10.0, -1.0 ],
							"to": [ 6.1, 26.0, 1.0 ],
							"shade": false,
							"renderPass": 2,
							"rotationOrigin": [ 5.1, 10.0, 0.0 ],
							"rotationY": 4.0,
							"rotationZ": 6.0,
							"faces": {
								"north": { "texture": "#strelitziaalba-stem", "uv": [ 0.0, 0.0, 1.0, 16.0 ], "windMode": [5,5,5,5], "windData": [3,4,4,3] },
								"south": { "texture": "#strelitziaalba-stem", "uv": [ 1.0, 0.0, 2.0, 16.0 ], "windMode": [5,5,5,5], "windData": [3,3,4,4] },
								"west": { "texture": "#strelitziaalba-stem", "uv": [ 0.0, 0.0, 2.0, 16.0 ], "windMode": [5,5,5,5], "windData": [3,3,4,4] }
							},
							"children": [
								{
									"name": "Frond Stem 11",
									"from": [ 0.0, 15.7, 0.2 ],
									"to": [ 0.5, 31.7, 1.8 ],
									"shade": false,
									"renderPass": 2,
									"rotationOrigin": [ 0.0, 15.7, 0.2 ],
									"rotationZ": 8.0,
									"faces": {
										"north": { "texture": "#strelitziaalba-stem", "uv": [ 2.0, 0.0, 2.5, 16.0 ], "windMode": [5,5,5,5], "windData": [4,5,5,4] },
										"south": { "texture": "#strelitziaalba-stem", "uv": [ 3.0, 0.0, 3.5, 16.0 ], "windMode": [5,5,5,5], "windData": [4,4,5,5] },
										"west": { "texture": "#strelitziaalba-stem", "uv": [ 2.0, 0.0, 3.5, 16.0 ], "windMode": [5,5,5,5], "windData": [4,4,5,5] }
									},
									"children": [
										{
											"name": "Frond Segment 1 11",
											"from": [ 0.2, 15.7, 0.8 ],
											"to": [ 0.2, 15.7, 0.8 ],
											"rotationOrigin": [ 0.2, 15.7, 0.8 ],
											"rotationY": 30.0,
											"rotationZ": 6.0,
											"faces": {
											},
											"children": [
												{
													"name": "Frond Segment 2 11",
													"from": [ 0.0, 8.0, 0.0 ],
													"to": [ 0.0, 8.0, 0.0 ],
													"rotationOrigin": [ 0.0, 8.0, 0.0 ],
													"rotationZ": 12.0,
													"faces": {
													},
													"children": [
														{
															"name": "Frond Segment 3 11",
															"from": [ 0.0, 12.0, 0.0 ],
															"to": [ 0.0, 12.0, 0.0 ],
															"rotationOrigin": [ 0.0, 12.0, 0.0 ],
															"rotationZ": 18.0,
															"faces": {
															},
															"children": [
																{
																	"name": "Frond EndL11",
																	"from": [ 0.0, 0.0, 0.0 ],
																	"to": [ 0.0, 12.0, 6.0 ],
																	"shade": false,
																	"renderPass": 2,
																	"rotationOrigin": [ 0.0, 0.0, 0.0 ],
																	"rotationY": -6.0,
																	"faces": {
																		"east": { "texture": "#strelitziaalba-leaf", "uv": [ 0.0, 0.0, 6.0, 12.0 ], "windMode": [5,5,5,5], "windData": [6,6,6,6] }
																	}
																},
																{
																	"name": "Frond EndR11",
																	"from": [ 0.0, 0.0, -6.0 ],
																	"to": [ 0.0, 12.0, 0.0 ],
																	"shade": false,
																	"renderPass": 2,
																	"rotationOrigin": [ 0.0, 0.0, 0.0 ],
																	"rotationY": 6.0,
																	"faces": {
																		"east": { "texture": "#strelitziaalba-leaf", "uv": [ 6.0, 0.0, 12.0, 12.0 ], "windMode": [5,5,5,5], "windData": [6,6,6,6] }
																	}
																}
															]
														},
														{
															"name": "Frond MiddleL11",
															"from": [ 0.0, 0.0, 0.0 ],
															"to": [ 0.0, 12.0, 6.0 ],
															"shade": false,
															"renderPass": 2,
															"rotationOrigin": [ 0.0, 0.0, 0.0 ],
															"rotationY": -7.0,
															"faces": {
																"east": { "texture": "#strelitziaalba-leaf", "uv": [ 0.0, 12.0, 6.0, 24.0 ], "windMode": [5,5,5,5], "windData": [5,6,6,5] }
															}
														},
														{
															"name": "Frond MiddleR11",
															"from": [ 0.0, 0.0, -6.0 ],
															"to": [ 0.0, 12.0, 0.0 ],
															"shade": false,
															"renderPass": 2,
															"rotationOrigin": [ 0.0, 0.0, 0.0 ],
															"rotationY": 7.0,
															"faces": {
																"east": { "texture": "#strelitziaalba-leaf", "uv": [ 6.0, 12.0, 12.0, 24.0 ], "windMode": [5,5,5,5], "windData": [5,6,6,5] }
															}
														}
													]
												},
												{
													"name": "Frond BaseL11",
													"from": [ 0.0, 0.0, 0.0 ],
													"to": [ 0.0, 8.0, 6.0 ],
													"shade": false,
													"renderPass": 2,
													"rotationOrigin": [ 0.0, 0.0, 0.0 ],
													"rotationY": -8.0,
													"faces": {
														"east": { "texture": "#strelitziaalba-leaf", "uv": [ 0.0, 24.0, 6.0, 32.0 ], "windMode": [5,5,5,5], "windData": [5,5,5,5] }
													}
												},
												{
													"name": "Frond BaseR11",
													"from": [ 0.0, 0.0, -6.0 ],
													"to": [ 0.0, 8.0, 0.0 ],
													"shade": false,
													"renderPass": 2,
													"rotationOrigin": [ 0.0, 0.0, 0.0 ],
													"rotationY": 8.0,
													"faces": {
														"east": { "texture": "#strelitziaalba-leaf", "uv": [ 6.0, 24.0, 12.0, 32.0 ], "windMode": [5,5,5,5], "windData": [5,5,5,5] }
													}
												}
											]
										}
									]
								}
							]
						},
						{
							"name": "Frond Base 12",
							"from": [ 6.2, 10.0, -1.0 ],
							"to": [ 7.2, 26.0, 1.0 ],
							"shade": false,
							"renderPass": 2,
							"rotationOrigin": [ 6.2, 10.0, 0.0 ],
							"rotationY": 172.0,
							"rotationZ": 3.0,
							"faces": {
								"north": { "texture": "#strelitziaalba-stem", "uv": [ 0.0, 0.0, 1.0, 16.0 ], "windMode": [5,5,5,5], "windData": [3,4,4,3] },
								"south": { "texture": "#strelitziaalba-stem", "uv": [ 1.0, 0.0, 2.0, 16.0 ], "windMode": [5,5,5,5], "windData": [3,3,4,4] },
								"west": { "texture": "#strelitziaalba-stem", "uv": [ 0.0, 0.0, 2.0, 16.0 ], "windMode": [5,5,5,5], "windData": [3,3,4,4] }
							},
							"children": [
								{
									"name": "Frond Stem 12",
									"from": [ 0.0, 15.7, 0.2 ],
									"to": [ 0.5, 31.7, 1.8 ],
									"shade": false,
									"renderPass": 2,
									"rotationOrigin": [ 0.0, 15.7, 0.2 ],
									"rotationZ": 6.0,
									"faces": {
										"north": { "texture": "#strelitziaalba-stem", "uv": [ 2.0, 0.0, 2.5, 16.0 ], "windMode": [5,5,5,5], "windData": [4,5,5,4] },
										"south": { "texture": "#strelitziaalba-stem", "uv": [ 3.5, 0.0, 4.0, 16.0 ], "windMode": [5,5,5,5], "windData": [4,4,5,5] },
										"west": { "texture": "#strelitziaalba-stem", "uv": [ 2.0, 0.0, 3.5, 16.0 ], "windMode": [5,5,5,5], "windData": [4,4,5,5] }
									},
									"children": [
										{
											"name": "Frond Segment 1 12",
											"from": [ 0.0, 16.0, 0.8 ],
											"to": [ 0.0, 16.0, 0.8 ],
											"rotationOrigin": [ 0.0, 16.0, 0.8 ],
											"rotationY": 45.0,
											"rotationZ": 7.0,
											"faces": {
											},
											"children": [
												{
													"name": "Frond Segment 2 12",
													"from": [ 0.0, 8.0, 0.0 ],
													"to": [ 0.0, 8.0, 0.0 ],
													"rotationOrigin": [ 0.0, 8.0, 0.0 ],
													"rotationZ": 9.0,
													"faces": {
													},
													"children": [
														{
															"name": "Frond Segment 3 12",
															"from": [ 0.0, 12.0, 0.0 ],
															"to": [ 0.0, 12.0, 0.0 ],
															"rotationOrigin": [ 0.0, 12.0, 0.0 ],
															"rotationZ": 11.0,
															"faces": {
															},
															"children": [
																{
																	"name": "Frond EndL12",
																	"from": [ 0.0, 0.0, 0.0 ],
																	"to": [ 0.0, 12.0, 6.0 ],
																	"shade": false,
																	"renderPass": 2,
																	"rotationOrigin": [ 0.0, 0.0, 0.0 ],
																	"rotationY": -3.0,
																	"faces": {
																		"east": { "texture": "#strelitziaalba-leaf", "uv": [ 0.0, 0.0, 6.0, 12.0 ], "windMode": [5,5,5,5], "windData": [6,7,7,6] }
																	}
																},
																{
																	"name": "Frond EndR12",
																	"from": [ 0.0, 0.0, -6.0 ],
																	"to": [ 0.0, 12.0, 0.0 ],
																	"shade": false,
																	"renderPass": 2,
																	"rotationOrigin": [ 0.0, 0.0, 0.0 ],
																	"rotationY": 3.0,
																	"faces": {
																		"east": { "texture": "#strelitziaalba-leaf", "uv": [ 6.0, 0.0, 12.0, 12.0 ], "windMode": [5,5,5,5], "windData": [6,7,7,6] }
																	}
																}
															]
														},
														{
															"name": "Frond MiddleL12",
															"from": [ 0.0, 0.0, 0.0 ],
															"to": [ 0.0, 12.0, 6.0 ],
															"shade": false,
															"renderPass": 2,
															"rotationOrigin": [ 0.0, 0.0, 0.0 ],
															"rotationY": -5.0,
															"faces": {
																"east": { "texture": "#strelitziaalba-leaf", "uv": [ 0.0, 12.0, 6.0, 24.0 ], "windMode": [5,5,5,5], "windData": [5,6,6,5] }
															}
														},
														{
															"name": "Frond MiddleR12",
															"from": [ 0.0, 0.0, -6.0 ],
															"to": [ 0.0, 12.0, 0.0 ],
															"shade": false,
															"renderPass": 2,
															"rotationOrigin": [ 0.0, 0.0, 0.0 ],
															"rotationY": 5.0,
															"faces": {
																"east": { "texture": "#strelitziaalba-leaf", "uv": [ 6.0, 12.0, 12.0, 24.0 ], "windMode": [5,5,5,5], "windData": [5,6,6,5] }
															}
														}
													]
												},
												{
													"name": "Frond BaseL12",
													"from": [ 0.0, 0.0, 0.0 ],
													"to": [ 0.0, 8.0, 6.0 ],
													"shade": false,
													"renderPass": 2,
													"rotationOrigin": [ 0.0, 0.0, 0.0 ],
													"rotationY": -7.0,
													"faces": {
														"east": { "texture": "#strelitziaalba-leaf", "uv": [ 0.0, 24.0, 6.0, 32.0 ], "windMode": [5,5,5,5], "windData": [5,5,5,5] }
													}
												},
												{
													"name": "Frond BaseR12",
													"from": [ 0.0, 0.0, -6.0 ],
													"to": [ 0.0, 8.0, 0.0 ],
													"shade": false,
													"renderPass": 2,
													"rotationOrigin": [ 0.0, 0.0, 0.0 ],
													"rotationY": 7.0,
													"faces": {
														"east": { "texture": "#strelitziaalba-leaf", "uv": [ 6.0, 24.0, 12.0, 32.0 ], "windMode": [5,5,5,5], "windData": [5,5,5,5] }
													}
												}
											]
										}
									]
								}
							]
						},
						{
							"name": "Cap 2",
							"from": [ 0.0, 0.0, 0.0 ],
							"to": [ 12.0, 12.0, 0.0 ],
							"shade": false,
							"renderPass": 2,
							"rotationOrigin": [ 6.0, 0.0, 0.0 ],
							"rotationX": -15.0,
							"rotationY": 15.0,
							"faces": {
								"north": { "texture": "#strelitziaalba-cap", "uv": [ 0.0, 0.0, 12.0, 12.0 ], "windMode": [5,5,5,5], "windData": [2,3,3,2] }
							}
						},
						{
							"name": "Cap 3",
							"from": [ 0.0, 0.0, 0.0 ],
							"to": [ 12.0, 12.0, 0.0 ],
							"shade": false,
							"renderPass": 2,
							"rotationOrigin": [ 6.0, 0.0, 0.0 ],
							"rotationX": 15.0,
							"rotationY": -15.0,
							"faces": {
								"north": { "texture": "#strelitziaalba-cap", "uv": [ 0.0, 0.0, 12.0, 12.0 ], "windMode": [5,5,5,5], "windData": [2,3,3,2] }
							}
						},
						{
							"name": "Cap 4",
							"from": [ 0.0, 0.0, 0.0 ],
							"to": [ 12.0, 12.0, 0.0 ],
							"shade": false,
							"renderPass": 2,
							"rotationOrigin": [ 6.0, 0.0, 0.0 ],
							"rotationX": 15.0,
							"rotationY": 15.0,
							"faces": {
								"north": { "texture": "#strelitziaalba-cap", "uv": [ 0.0, 0.0, 12.0, 12.0 ], "windMode": [5,5,5,5], "windData": [2,3,3,2] }
							}
						},
						{
							"name": "Cap 5",
							"from": [ 0.0, 0.0, 0.0 ],
							"to": [ 12.0, 12.0, 0.0 ],
							"shade": false,
							"renderPass": 2,
							"rotationOrigin": [ 6.0, 0.0, 0.0 ],
							"rotationX": -15.0,
							"rotationY": -15.0,
							"faces": {
								"north": { "texture": "#strelitziaalba-cap", "uv": [ 0.0, 0.0, 12.0, 12.0 ], "windMode": [5,5,5,5], "windData": [2,3,3,2] }
							}
						}
					]
				},
				{
					"name": "Flower4",
					"from": [ 1.0, 12.0, 0.2 ],
					"to": [ 9.0, 16.0, 0.2 ],
					"shade": false,
					"renderPass": 2,
					"rotationOrigin": [ 1.0, 12.0, 0.2 ],
					"rotationX": -180.0,
					"rotationY": 111.0,
					"rotationZ": -166.0,
					"faces": {
						"north": { "texture": "#strelitziaalba-flower", "uv": [ 0.0, 0.0, 8.0, 4.0 ], "windMode": [5,5,5,5], "windData": [2,2,2,2] }
					}
				},
				{
					"name": "Flower5",
					"from": [ 0.0, 9.0, 0.7 ],
					"to": [ 8.0, 13.0, 0.7 ],
					"shade": false,
					"renderPass": 2,
					"rotationOrigin": [ 0.0, 9.0, 0.7 ],
					"rotationX": 158.0,
					"rotationY": 75.0,
					"rotationZ": -166.0,
					"faces": {
						"north": { "texture": "#strelitziaalba-flower", "uv": [ 0.0, 0.0, 8.0, 4.0 ], "windMode": [5,5,5,5], "windData": [2,2,2,2] }
					}
				},
				{
					"name": "Flower6",
					"from": [ 0.0, 12.0, 2.7 ],
					"to": [ 8.0, 16.0, 2.7 ],
					"shade": false,
					"renderPass": 2,
					"rotationOrigin": [ 0.0, 12.0, 2.7 ],
					"rotationX": -166.0,
					"rotationY": 25.0,
					"rotationZ": -177.0,
					"faces": {
						"north": { "texture": "#strelitziaalba-flower", "uv": [ 0.0, 0.0, 8.0, 4.0 ], "windMode": [5,5,5,5], "windData": [2,2,2,2] }
					}
				},
				{
					"name": "Flower7",
					"from": [ 4.0, 12.0, 2.7 ],
					"to": [ 12.0, 16.0, 2.7 ],
					"shade": false,
					"renderPass": 2,
					"rotationOrigin": [ 4.0, 12.0, 2.7 ],
					"rotationX": -166.0,
					"rotationY": -89.0,
					"rotationZ": -177.0,
					"faces": {
						"north": { "texture": "#strelitziaalba-flower", "uv": [ 0.0, 0.0, 8.0, 4.0 ], "windMode": [5,5,5,5], "windData": [2,2,2,2] }
					}
				},
				{
					"name": "Flower8",
					"from": [ 4.0, 8.0, 2.7 ],
					"to": [ 12.0, 12.0, 2.7 ],
					"shade": false,
					"renderPass": 2,
					"rotationOrigin": [ 4.0, 8.0, 2.7 ],
					"rotationX": -180.0,
					"rotationY": -133.0,
					"rotationZ": -177.0,
					"faces": {
						"north": { "texture": "#strelitziaalba-flower", "uv": [ 0.0, 0.0, 8.0, 4.0 ], "windMode": [5,5,5,5], "windData": [2,2,2,2] }
					}
				}
			]
		},
		{
			"name": "Berries",
			"from": [ 8.0, 0.0, 8.0 ],
			"to": [ 9.0, 1.0, 9.0 ],
			"rotationOrigin": [ 8.0, 0.0, 8.0 ],
			"faces": {
				"up": { "texture": "#strelitziaalba-stem", "uv": [ 0.0, 0.0, 1.0, 1.0 ], "windMode": [-1,-1,-1,-1] }
			},
			"children": [
				{
					"name": "branchesN",
					"from": [ 0.0, 0.0, 0.0 ],
					"to": [ 1.0, 1.0, 1.0 ],
					"faces": {
						"up": { "texture": "#strelitziaalba-stem", "uv": [ 0.0, 0.0, 1.0, 1.0 ], "windMode": [-1,-1,-1,-1] }
					},
					"children": [
						{
							"name": "branchesS",
							"from": [ 0.0, 0.0, 0.0 ],
							"to": [ 1.0, 1.0, 1.0 ],
							"faces": {
								"up": { "texture": "#strelitziaalba-stem", "uv": [ 0.0, 0.0, 1.0, 1.0 ], "windMode": [-1,-1,-1,-1] }
							},
							"children": [
								{
									"name": "Leaves",
									"from": [ 0.0, 0.0, 0.0 ],
									"to": [ 1.0, 1.0, 1.0 ],
									"faces": {
										"up": { "texture": "#strelitziaalba-stem", "uv": [ 0.0, 0.0, 1.0, 1.0 ], "windMode": [-1,-1,-1,-1] }
									}
								}
							]
						}
					]
				}
			]
		}
	]}