{
	"ingredientPattern": "___,_SS,_SS",
	"width": 3,
	"height": 3,
	"ingredients": {
		"S": {
			"type": "item",
			"code": "game:stone-*",
			"quantity": 3,
			"name": "rock",
			"allowedVariants": [ "andesite", "chalk", "chert", "conglomerate", "limestone", "claystone", "granite", "sandstone", "shale", "basalt", "peridotite", "phyllite", "slate", "bauxite", "kimberlite", "suevite", "whitemarble", "redmarble", "greenmarble",
                           "rhyolite", "dolostone", "siltstone", "quartzite", "gneiss", "schist", "migmatite", "amphibolite", "pumice", "diorite", "gabbro", "mudstone", "jade", "jasper" ]
		}
	},
	"output": {
		"type": "block",
		"code": "wwaymarkers:flatcairn-{rock}",
		"quantity": 1
	}
}

