{
  "code": "utilitypotionbase",
  "shape": { "base": "alchemy:item/potionbase" },
  "texturesByType": {
    "utilitypotionbase-glow": {
      "mat1": { "base": "game:item/resource/nugget/cinnabar" },
      "mat2": { "base": "game:item/resource/nugget/cinnabar" },
      "mat3": { "base": "game:item/resource/nugget/cinnabar" },
      "mat4": { "base": "game:item/resource/nugget/cinnabar" }
    },
    "utilitypotionbase-recall": {
      "mat1": { "base": "game:item/resource/temporalgear" },
      "mat2": { "base": "game:item/resource/temporalgear" },
      "mat3": { "base": "game:item/resource/temporalgear" },
      "mat4": { "base": "game:item/resource/temporalgear" }
    },
    "utilitypotionbase-waterbreathe": {
      "mat1": { "base": "alchemy:item/potionbase/lupine-purple" },
      "mat2": { "base": "alchemy:item/potionbase/lupine-purple" },
      "mat3": { "base": "alchemy:item/potionbase/westerngorse" },
      "mat4": { "base": "alchemy:item/potionbase/westerngorse" }
    },
    "utilitypotionbase-nutrition": {
      "mat1": { "base": "game:item/resource/fat" },
      "mat2": { "base": "game:item/resource/fat" },
      "mat3": { "base": "game:block/hay/bundle" },
      "mat4": { "base": "game:block/hay/bundle" }
    },
    "utilitypotionbase-temporal": {
      "mat1": { "base": "game:item/resource/ungraded/sulfur" },
      "mat2": { "base": "game:item/resource/ungraded/sulfur" },
      "mat3": { "base": "game:item/resource/ungraded/sulfur" },
      "mat4": { "base": "game:item/resource/ungraded/sulfur" }
    }
  },
  "creativeinventory": { "general": ["*"], "items": ["*"], "alchemy": ["*"] },
  "variantgroups": [
    { "code": "basetype", "states": ["recall", "glow", "waterbreathe", "nutrition", "temporal", "reshape"] }
  ],
  "attributes": { "handbook": { "groupBy": ["potionbase-{basetype}"] } },
  "attributesByType": {
    "potionbase-recall": {
      "handbook": {

      }
    },
    "potionbase-glow": {
      "handbook": {

      }
    },
    "potionbase-waterbreathe": {
      "handbook": {

      }
    },
    "potionbase-nutrition": {
      "handbook": {

      }
    },
    "potionbase-temporal": {
      "handbook": {

      }
    }
  },
  "maxstacksize": 64,
  "materialDensity": 620,
  "combustibleProps": { "burnTemperature": 400, "burnDuration": 6 },
  "guiTransform": {
    "translation": { "x": 3, "y": 0, "z": 0 },
    "rotation": { "x": -28, "y": 23, "z": 180 },
    "origin": { "x": 0.5, "y": 0.175, "z": 0.5 },
    "scale": 3
  },
  "groundTransform": {
    "translation": { "x": 0, "y": 0, "z": 0 },
    "rotation": { "x": 0, "y": 0, "z": 1 },
    "origin": { "x": 0.5, "y": 0, "z": 0.5 },
    "scale": 3
  },
  "tpHandTransform": {
    "translation": { "x": 0.3, "y": -0.16, "z": 0.5 },
    "rotation": { "x": 0, "y": 0, "z": 0 },
    "origin": { "x": 0, "y": 0.13, "z": 0 },
    "scale": 0.66
  },
  "fpHandTransform": {
    "translation": { "x": 0, "y": 0.24, "z": 0.3 },
    "rotation": { "x": 0, "y": 0, "z": 0 },
    "origin": { "x": 0.5, "y": 0.1, "z": 0.5 },
    "scale": 2
  }
}

