{
  "code": "taxidermy",
	"maxstacksize": 4,
		"behaviorsByType": {

    "*": [{ "name": "GroundStorable", "properties": { "layout": "SingleCenter"}}]
  },
  "variantgroups": [
    {"code": "type","states": ["female","male" ]},
    {"code": "species","states": ["nandiniabinotata","arctictisbinturong","arctogalidiatrivirgata","chrotogaleowstoni","civettictiscivetta","cynogalebennettii","diplogalehosei","genettaabyssinica","genettaangolensis","genettabourloni","genettacristata","genettagenetta","genettajohnstoni","genettamaculata","genettapardina","genettapiscivora","genettaplesictoides","genettapoensis","genettaservalina","genettathierryi","genettatigrina","genettavictoriae","hemigalusderbyanus","macrogalidiamusschenbroekii","pagumalarvata","paradoxurushermaphroditus","paradoxurusjerdoni","paradoxuruszeylonensis","poianaleightoni","poianarichardsonii","viverracivettina","viverramegaspila","viverratangalunga","viverrazibetha","viverriculaindica"]}
  ],
  "attributes": {
    "handbook": {"groupBy": [ "taxidermy-*" ]},
 
		"groundStorageTransformByType": {
			"*-female-genettaangolensis": {"rotation": { "x": 0, "y": 90, "z": 0 },"origin": { "x": 0.5, "y": 0.0, "z": 0.5 },"scale": 0.91},"*-male-genettaangolensis": {"rotation": { "x": 0, "y": 90, "z": 0 },"origin": { "x": 0.5, "y": 0.0, "z": 0.5 },"scale": 0.96},
			"*-female-poianaleightoni": {"rotation": { "x": 0, "y": 90, "z": 0 },"origin": { "x": 0.5, "y": 0.0, "z": 0.5 },"scale": 0.91},"*-male-poianaleightoni": {"rotation": { "x": 0, "y": 90, "z": 0 },"origin": { "x": 0.5, "y": 0.0, "z": 0.5 },"scale": 0.96},
			"*-female-*": {"rotation": { "x": 0, "y": 90, "z": 0 },"origin": { "x": 0.5, "y": 0.0, "z": 0.5 },"scale": 0.95},"*-male-*": {"rotation": { "x": 0, "y": 90, "z": 0 },"origin": { "x": 0.5, "y": 0.0, "z": 0.5 },"scale": 1.0},
			"*": {"rotation": { "x": 0, "y": 90, "z": 0 },"origin": { "x": 0.5, "y": 0.0, "z": 0.5 },"scale": 1}
	}
  },
  "shapebytype": {
    "*-nandiniabinotata": {"base": "item/nandiniidae/{species}/taxidermy-{type}"},
    "*": {"base": "item/viverridae/{species}/taxidermy-{type}"}
  },
  "creativeinventory": {"general": [ "*" ], "decorative": [ "*" ]
  },
  "texturesByType": {
    "*-nandiniabinotata": {"skin": {"base": "entity/nandiniidae/{species}-adult"}},
    "*": {"skin": {"base": "entity/viverridae/{species}-adult"}}
  },
  "combustibleProps": {
    "burnTemperature": 400,
    "burnDuration": 10
  },
  "sounds": {
    "place": "game:block/cloth",
    "walk": "game:walk/cloth"
  },
  "guiTransformByType": {
    "*": {
     "translation": {"x": 0,"y": 0,"z": 0},
    "rotation": {"x": -180,"y": -110,"z": 0},
    "origin": {"x": 1,"y": 0.3,"z": 0.5},
    "scale": 1.5
      }
  },
  "groundTransform": {
    "translation": {"x": 0.5,"y": 0,"z": 0},
    "rotation": {"x": 0,"y": 135,"z": 0},
    "origin": {"x": 1,"y": 0.5,"z": 0.5},
    "scale": 1
  },
  "tpHandTransform": {
    "translation": {"x": -0.55,"y": -0.6,"z": -0.15},
    "rotation": {"x": 0,"y": 0,"z": 0},
    "origin": {"x": 0.5,"y": 0.5,"z": 0.1},
    "scale": 1.0
  },
  "fpHandTransform": {
    "rotation": {"x": 0,"y": 0,"z": 0},
    "origin": {"x": 0.5,"y": -1,"z": 1.5}
  },
  "materialDensity": 200
}