{
	"code": "spheniscidae",
	"class": "EntityAgent",
	"tagsByType": {"*-baby-*":["animal","huntable","habitat-aquatic","habitat-land"],"*":["animal","huntable","adult","habitat-aquatic","habitat-land"]},
	"fallDamageMultiplierByType": { "*-baby-*" :0.1,"*" :0.2},
	"variantgroups": [
		{ "code": "age", "states": ["adult", "baby"] },
		{ "code": "gender", "states": ["male", "female"] },
		{ "code": "type", "states": ["aptenodytesforsteri","aptenodytespatagonicus","eudypteschrysocome","eudypteschrysolophus","eudyptesmoseleyi","eudyptespachyrhynchus","eudyptesrobustus","eudyptessclateri","eudyptesschlegeli","eudypteswarhami","eudyptulaminor","eudyptulanovaehollandiae","megadyptesantipodes","pygoscelisadeliae","pygoscelisantarcticus","pygoscelispapua","spheniscusdemersus","spheniscushumboldti","spheniscusmagellanicus","spheniscusmendiculus" ] }
	],
	"hitBoxSizeByType": {
		"*-adult-*-aptenodytesforsteri": { "x": 0.5,"y": 1},"*-baby-*-aptenodytesforsteri": { "x": 0.2,"y": 0.3},
		"*-adult-*-aptenodytespatagonicus": { "x": 0.5,"y": 1},"*-baby-*-aptenodytespatagonicus": { "x": 0.5,"y": 0.8},
		"*-adult-*-eudypteschrysocome": { "x": 0.25,"y": 0.5},"*-baby-*-eudypteschrysocome": { "x": 0.25,"y": 0.4},
		"*-adult-*-eudypteschrysolophus": { "x": 0.25,"y": 0.55},"*-baby-*-eudypteschrysolophus": { "x": 0.25,"y": 0.4},
		"*-adult-*-eudyptesmoseleyi": { "x": 0.25,"y": 0.5},"*-baby-*-eudyptesmoseleyi": { "x": 0.25,"y": 0.4},
		"*-adult-*-eudyptespachyrhynchus": { "x": 0.25,"y": 0.45},"*-baby-*-eudyptespachyrhynchus": { "x": 0.25,"y": 0.4},
		"*-adult-*-eudyptesrobustus": { "x": 0.25,"y": 0.5},"*-baby-*-eudyptesrobustus": { "x": 0.25,"y": 0.4},
		"*-adult-*-eudyptessclateri": { "x": 0.3,"y": 0.6},"*-baby-*-eudyptessclateri": { "x": 0.25,"y": 0.4},
		"*-adult-*-eudyptesschlegeli": { "x": 0.3,"y": 0.65},"*-baby-*-eudyptesschlegeli": { "x": 0.25,"y": 0.4},
		"*-adult-*-eudypteswarhami": { "x": 0.3,"y": 0.6},"*-baby-*-eudypteswarhami": { "x": 0.25,"y": 0.4},
		"*-adult-*-eudyptulaminor": { "x": 0.15,"y": 0.3},"*-baby-*-eudyptulaminor": { "x": 0.1,"y": 0.2},
		"*-adult-*-eudyptulanovaehollandiae": { "x": 0.15,"y": 0.3},"*-baby-*-eudyptulanovaehollandiae": { "x": 0.1,"y": 0.2},
		"*-adult-*-megadyptesantipodes": { "x": 0.35,"y": 0.7},"*-baby-*-megadyptesantipodes": { "x": 0.25,"y": 0.4},
		"*-adult-*-pygoscelisadeliae": { "x": 0.3,"y": 0.6},"*-baby-*-pygoscelisadeliae": { "x": 0.25,"y": 0.4},
		"*-adult-*-pygoscelisantarcticus": { "x": 0.3,"y": 0.6},"*-baby-*-pygoscelisantarcticus": { "x": 0.25,"y": 0.4},
		"*-adult-*-pygoscelispapua": { "x": 0.35,"y": 0.7},"*-baby-*-pygoscelispapua": { "x": 0.25,"y": 0.4},
		"*-adult-*-spheniscusdemersus": { "x": 0.3,"y": 0.6},"*-baby-*-spheniscusdemersus": { "x": 0.25,"y": 0.4},
		"*-adult-*-spheniscushumboldti": { "x": 0.25,"y": 0.55},"*-baby-*-spheniscushumboldti": { "x": 0.25,"y": 0.4},
		"*-adult-*-spheniscusmagellanicus": { "x": 0.35,"y": 0.7},"*-baby-*-spheniscusmagellanicus": { "x": 0.25,"y": 0.4},
		"*-adult-*-spheniscusmendiculus": { "x": 0.25,"y": 0.5},"*-baby-*-spheniscusmendiculus": { "x": 0.25,"y": 0.4},
		"*": { "x": 0.15,"y": 0.15}
	},
	"deadhitBoxSizeByType": {
		"*-adult-*-aptenodytesforsteri": { "y": 0.5,"x": 1},"*-baby-*-aptenodytesforsteri": { "y": 0.2,"x": 0.3},
		"*-adult-*-aptenodytespatagonicus": { "y": 0.5,"x": 1},"*-baby-*-aptenodytespatagonicus": { "y": 0.5,"x": 0.8},
		"*-adult-*-eudypteschrysocome": { "y": 0.25,"x": 0.5},"*-baby-*-eudypteschrysocome": { "y": 0.25,"x": 0.4},
		"*-adult-*-eudypteschrysolophus": { "y": 0.25,"x": 0.55},"*-baby-*-eudypteschrysolophus": { "y": 0.25,"x": 0.4},
		"*-adult-*-eudyptesmoseleyi": { "y": 0.25,"x": 0.5},"*-baby-*-eudyptesmoseleyi": { "y": 0.25,"x": 0.4},
		"*-adult-*-eudyptespachyrhynchus": { "y": 0.25,"x": 0.45},"*-baby-*-eudyptespachyrhynchus": { "y": 0.25,"x": 0.4},
		"*-adult-*-eudyptesrobustus": { "y": 0.25,"x": 0.5},"*-baby-*-eudyptesrobustus": { "y": 0.25,"x": 0.4},
		"*-adult-*-eudyptessclateri": { "y": 0.3,"x": 0.6},"*-baby-*-eudyptessclateri": { "y": 0.25,"x": 0.4},
		"*-adult-*-eudyptesschlegeli": { "y": 0.3,"x": 0.65},"*-baby-*-eudyptesschlegeli": { "y": 0.25,"x": 0.4},
		"*-adult-*-eudypteswarhami": { "y": 0.3,"x": 0.6},"*-baby-*-eudypteswarhami": { "y": 0.25,"x": 0.4},
		"*-adult-*-eudyptulaminor": { "y": 0.15,"x": 0.3},"*-baby-*-eudyptulaminor": { "y": 0.1,"x": 0.2},
		"*-adult-*-eudyptulanovaehollandiae": { "y": 0.15,"x": 0.3},"*-baby-*-eudyptulanovaehollandiae": { "y": 0.1,"x": 0.2},
		"*-adult-*-megadyptesantipodes": { "y": 0.35,"x": 0.7},"*-baby-*-megadyptesantipodes": { "y": 0.25,"x": 0.4},
		"*-adult-*-pygoscelisadeliae": { "y": 0.3,"x": 0.6},"*-baby-*-pygoscelisadeliae": { "y": 0.25,"x": 0.4},
		"*-adult-*-pygoscelisantarcticus": { "y": 0.3,"x": 0.6},"*-baby-*-pygoscelisantarcticus": { "y": 0.25,"x": 0.4},
		"*-adult-*-pygoscelispapua": { "y": 0.35,"x": 0.7},"*-baby-*-pygoscelispapua": { "y": 0.25,"x": 0.4},
		"*-adult-*-spheniscusdemersus": { "y": 0.3,"x": 0.6},"*-baby-*-spheniscusdemersus": { "y": 0.25,"x": 0.4},
		"*-adult-*-spheniscushumboldti": { "y": 0.25,"x": 0.55},"*-baby-*-spheniscushumboldti": { "y": 0.25,"x": 0.4},
		"*-adult-*-spheniscusmagellanicus": { "y": 0.35,"x": 0.7},"*-baby-*-spheniscusmagellanicus": { "y": 0.25,"x": 0.4},
		"*-adult-*-spheniscusmendiculus": { "y": 0.25,"x": 0.5},"*-baby-*-spheniscusmendiculus": { "y": 0.25,"x": 0.4},
		"*": { "x": 0.15,"y": 0.1}
	},
	"eyeHeightByType": {
		"*-adult-*-aptenodytesforsteri": 1.0,"*-baby-*-aptenodytesforsteri": 0.3,
		"*-adult-*-aptenodytespatagonicus": 1.0,"*-baby-*-aptenodytespatagonicus": 0.8,
		"*-adult-*-eudypteschrysocome": 0.5,"*-baby-*-eudypteschrysocome": 0.4,
		"*-adult-*-eudypteschrysolophus": 0.55,"*-baby-*-eudypteschrysolophus": 0.4,
		"*-adult-*-eudyptesmoseleyi": 0.5,"*-baby-*-eudyptesmoseleyi": 0.4,
		"*-adult-*-eudyptespachyrhynchus": 0.45,"*-baby-*-eudyptespachyrhynchus": 0.4,
		"*-adult-*-eudyptesrobustus": 0.5,"*-baby-*-eudyptesrobustus": 0.4,
		"*-adult-*-eudyptessclateri": 0.6,"*-baby-*-eudyptessclateri": 0.4,
		"*-adult-*-eudyptesschlegeli": 0.65,"*-baby-*-eudyptesschlegeli": 0.4,
		"*-adult-*-eudypteswarhami": 0.6,"*-baby-*-eudypteswarhami": 0.4,
		"*-adult-*-eudyptulaminor": 0.3,"*-baby-*-eudyptulaminor": 0.2,
		"*-adult-*-eudyptulanovaehollandiae": 0.3,"*-baby-*-eudyptulanovaehollandiae": 0.2,
		"*-adult-*-megadyptesantipodes": 0.7,"*-baby-*-megadyptesantipodes": 0.4,
		"*-adult-*-pygoscelisadeliae": 0.6,"*-baby-*-pygoscelisadeliae": 0.4,
		"*-adult-*-pygoscelisantarcticus": 0.6,"*-baby-*-pygoscelisantarcticus": 0.4,
		"*-adult-*-pygoscelispapua": 0.7,"*-baby-*-pygoscelispapua": 0.4,
		"*-adult-*-spheniscusdemersus": 0.6,"*-baby-*-spheniscusdemersus": 0.4,
		"*-adult-*-spheniscushumboldti": 0.55,"*-baby-*-spheniscushumboldti": 0.4,
		"*-adult-*-spheniscusmagellanicus": 0.7,"*-baby-*-spheniscusmagellanicus": 0.4,
		"*-adult-*-spheniscusmendiculus": 0.5,"*-baby-*-spheniscusmendiculus": 0.4,
		"*": 0.6
	},
	"weightByType": {
		"*-adult-female-aptenodytesforsteri": 30,"*-adult-male-aptenodytesforsteri": 45,"*-baby-*-aptenodytesforsteri": 10,
		"*-adult-female-aptenodytespatagonicus": 11,"*-adult-male-aptenodytespatagonicus": 12,"*-baby-*-aptenodytespatagonicus": 3,
		"*-adult-female-eudypteschrysocome": 3,"*-adult-male-eudypteschrysocome": 3,"*-baby-*-eudypteschrysocome": 0.5,
		"*-adult-female-eudypteschrysolophus": 3,"*-adult-male-eudypteschrysolophus": 3,"*-baby-*-eudypteschrysolophus": 0.5,
		"*-adult-female-eudyptesmoseleyi": 3,"*-adult-male-eudyptesmoseleyi": 3,"*-baby-*-eudyptesmoseleyi": 0.5,
		"*-adult-female-eudyptespachyrhynchus": 3,"*-adult-male-eudyptespachyrhynchus": 3,"*-baby-*-eudyptespachyrhynchus": 0.5,
		"*-adult-female-eudyptesrobustus": 3,"*-adult-male-eudyptesrobustus": 3,"*-baby-*-eudyptesrobustus": 0.5,
		"*-adult-female-eudyptessclateri": 5,"*-adult-male-eudyptessclateri": 6,"*-baby-*-eudyptessclateri": 1,
		"*-adult-female-eudyptesschlegeli": 5,"*-adult-male-eudyptesschlegeli": 6,"*-baby-*-eudyptesschlegeli": 1,
		"*-adult-female-eudypteswarhami": 5,"*-adult-male-eudypteswarhami": 6,"*-baby-*-eudypteswarhami": 1,
		"*-adult-female-eudyptulaminor": 1.5,"*-adult-male-eudyptulaminor": 1.5,"*-baby-*-eudyptulaminor": 0.25,
		"*-adult-female-eudyptulanovaehollandiae": 1.5,"*-adult-male-eudyptulanovaehollandiae": 1.5,"*-baby-*-eudyptulanovaehollandiae": 0.25,
		"*-adult-female-megadyptesantipodes": 5,"*-adult-male-megadyptesantipodes": 7,"*-baby-*-megadyptesantipodes": 1,
		"*-adult-female-pygoscelisadeliae": 5,"*-adult-male-pygoscelisadeliae": 7,"*-baby-*-pygoscelisadeliae": 1,
		"*-adult-female-pygoscelisantarcticus": 3,"*-adult-male-pygoscelisantarcticus": 4,"*-baby-*-pygoscelisantarcticus": 0.5,
		"*-adult-female-pygoscelispapua": 6,"*-adult-male-pygoscelispapua": 7,"*-baby-*-pygoscelispapua": 1,
		"*-adult-female-spheniscusdemersus": 3,"*-adult-male-spheniscusdemersus": 3,"*-baby-*-spheniscusdemersus": 1,
		"*-adult-female-spheniscushumboldti": 4,"*-adult-male-spheniscushumboldti": 4,"*-baby-*-spheniscushumboldti": 1,
		"*-adult-female-spheniscusmagellanicus": 4,"*-adult-male-spheniscusmagellanicus": 4,"*-baby-*-spheniscusmagellanicus": 1,
		"*-adult-female-spheniscusmendiculus": 4,"*-adult-male-spheniscusmendiculus": 4,"*-baby-*-spheniscusmendiculus": 1
	},	
	"knockbackResistanceByType": {
		"*-adult-*-aptenodytesforsteri": 0.25,
		"*-adult-*-aptenodytespatagonicus": 0.2,
		"*-adult-*": 0.1,
		"*-baby-*": 0.05
	},	
	"drops": [],
	"attributes": {
		"killedByInfoText": "deadcreature-killed",
			"trappableByType": {
			"*-adult-*": {
				"small": { "trapChance": 0.2,	"trapDestroyChance": 0.1 },
				"large": { "trapChance": 0.9,	"trapDestroyChance": 0 }
			},
			"*": {
				"small": { "trapChance": 0.75,	"trapDestroyChance": 0.05 },
				"large": { "trapChance": 0.95,	"trapDestroyChance": 0 }
			}
		},
		"creatureDiet": {
			"weightedFoodTags": [
				{ "weight": 1, "code": "fish" }
			]},
		"handbook": {
			"groupcode": "creaturegroup-spheniscidae-*"
		}
	},
	"client": {
		"renderer": "Shape",
		"shapeByType": {
			"*-adult-*-eudyptespachyrhynchus": { "base": "entity/land/spheniscidae/eudypteschrysocome-adult" },
			"*-adult-*-eudyptesrobustus": { "base": "entity/land/spheniscidae/eudypteschrysocome-adult" },
			"*-adult-*-eudyptesschlegeli": { "base": "entity/land/spheniscidae/eudypteschrysocome-adult" },
			"*-adult-*-eudypteswarhami": { "base": "entity/land/spheniscidae/eudypteschrysocome-adult" },
			"*-adult-*-eudyptulanovaehollandiae": { "base": "entity/land/spheniscidae/eudyptulaminor-adult" },
			"*-adult-*-pygoscelispapua": { "base": "entity/land/spheniscidae/pygoscelisantarcticus-adult" },
			"*-adult-*-spheniscushumboldti": { "base": "entity/land/spheniscidae/spheniscusdemersus-adult" },
			"*-adult-*-spheniscusmagellanicus": { "base": "entity/land/spheniscidae/spheniscusdemersus-adult" },
			"*-adult-*-spheniscusmendiculus": { "base": "entity/land/spheniscidae/spheniscusdemersus-adult" },
			"*-adult-*": { "base": "entity/land/spheniscidae/{type}-adult" },
			"*-baby-*-eudypteschrysolophus": { "base": "entity/land/spheniscidae/eudypteschrysocome-baby" },
			"*-baby-*-eudyptesmoseleyi": { "base": "entity/land/spheniscidae/eudypteschrysocome-baby" },
			"*-baby-*-eudyptespachyrhynchus": { "base": "entity/land/spheniscidae/eudypteschrysocome-baby" },
			"*-baby-*-eudyptesrobustus": { "base": "entity/land/spheniscidae/eudypteschrysocome-baby" },
			"*-baby-*-eudyptessclateri": { "base": "entity/land/spheniscidae/eudypteschrysocome-baby" },
			"*-baby-*-eudyptesschlegeli": { "base": "entity/land/spheniscidae/eudypteschrysocome-baby" },
			"*-baby-*-eudypteswarhami": { "base": "entity/land/spheniscidae/eudypteschrysocome-baby" },
			"*-baby-*-eudyptulanovaehollandiae": { "base": "entity/land/spheniscidae/eudyptulaminor-baby" },
			"*-baby-*-pygoscelisantarcticus": { "base": "entity/land/spheniscidae/pygoscelisadeliae-baby" },
			"*-baby-*-pygoscelispapua": { "base": "entity/land/spheniscidae/pygoscelisadeliae-baby" },
			"*-baby-*-spheniscushumboldti": { "base": "entity/land/spheniscidae/spheniscusdemersus-baby" },
			"*-baby-*-spheniscusmagellanicus": { "base": "entity/land/spheniscidae/spheniscusdemersus-baby" },
			"*-baby-*-spheniscusmendiculus": { "base": "entity/land/spheniscidae/spheniscusdemersus-baby" },
			"*-baby-*": { "base": "entity/land/spheniscidae/{type}-baby" }
		},
		"textureByType": {  
			"*-baby-*-eudypteschrysolophus": { "base": "entity/spheniscidae/eudypteschrysocome-{age}" },  
			"*-baby-*-eudyptesmoseleyi": { "base": "entity/spheniscidae/eudypteschrysocome-{age}" },  
			"*-baby-*-eudyptespachyrhynchus": { "base": "entity/spheniscidae/eudypteschrysocome-{age}" },  
			"*-baby-*-eudyptesrobustus": { "base": "entity/spheniscidae/eudypteschrysocome-{age}" },  
			"*-baby-*-eudyptessclateri": { "base": "entity/spheniscidae/eudypteschrysocome-{age}" },  
			"*-baby-*-eudyptesschlegeli": { "base": "entity/spheniscidae/eudypteschrysocome-{age}" },  
			"*-baby-*-eudypteswarhami": { "base": "entity/spheniscidae/eudypteschrysocome-{age}" },   
			"*-baby-*-eudyptulanovaehollandiae": { "base": "entity/spheniscidae/eudyptulaminor-{age}" },  
			"*-baby-*-spheniscushumboldti": { "base": "entity/spheniscidae/spheniscusdemersus-{age}" },  
			"*-baby-*-spheniscusmagellanicus": { "base": "entity/spheniscidae/spheniscusdemersus-{age}" },   
			"*-baby-*-spheniscusmendiculus": { "base": "entity/spheniscidae/spheniscusdemersus-{age}" },     
			"*": { "base": "entity/spheniscidae/{type}-{age}" }   
		},
		"sizeByType": {
			"*-adult-female-aptenodytesforsteri": 0.95,"*-adult-male-aptenodytesforsteri": 1.05,"*-baby-*-aptenodytesforsteri": 0.5,
			"*-adult-female-aptenodytespatagonicus": 0.9,"*-adult-male-aptenodytespatagonicus": 1.0,"*-baby-*-aptenodytespatagonicus": 0.8,
			"*-adult-female-eudypteschrysocome": 0.5,"*-adult-male-eudypteschrysocome": 0.53,"*-baby-*-eudypteschrysocome": 0.3,
			"*-adult-female-eudypteschrysolophus": 0.55,"*-adult-male-eudypteschrysolophus": 0.58,"*-baby-*-eudypteschrysolophus": 0.3,
			"*-adult-female-eudyptesmoseleyi": 0.5,"*-adult-male-eudyptesmoseleyi": 0.53,"*-baby-*-eudyptesmoseleyi": 0.3,
			"*-adult-female-eudyptespachyrhynchus": 0.45,"*-adult-male-eudyptespachyrhynchus": 0.48,"*-baby-*-eudyptespachyrhynchus": 0.3,
			"*-adult-female-eudyptesrobustus": 0.5,"*-adult-male-eudyptesrobustus": 0.53,"*-baby-*-eudyptesrobustus": 0.3,
			"*-adult-female-eudyptessclateri": 0.6,"*-adult-male-eudyptessclateri": 0.64,"*-baby-*-eudyptessclateri": 0.3,
			"*-adult-female-eudyptesschlegeli": 0.65,"*-adult-male-eudyptesschlegeli": 0.69,"*-baby-*-eudyptesschlegeli": 0.3,
			"*-adult-female-eudypteswarhami": 0.6,"*-adult-male-eudypteswarhami": 0.64,"*-baby-*-eudypteswarhami": 0.3,
			"*-adult-female-eudyptulaminor": 0.3,"*-adult-male-eudyptulaminor": 0.36,"*-baby-*-eudyptulaminor": 0.2,
			"*-adult-female-eudyptulanovaehollandiae": 0.3,"*-adult-male-eudyptulanovaehollandiae": 0.36,"*-baby-*-eudyptulanovaehollandiae": 0.2,
			"*-adult-female-megadyptesantipodes": 0.72,"*-adult-male-megadyptesantipodes": 0.8,"*-baby-*-megadyptesantipodes": 0.4,
			"*-adult-female-pygoscelisadeliae": 0.70,"*-adult-male-pygoscelisadeliae": 0.74,"*-baby-*-pygoscelisadeliae": 0.4,
			"*-adult-female-pygoscelisantarcticus": 0.70,"*-adult-male-pygoscelisantarcticus": 0.74,"*-baby-*-pygoscelisantarcticus": 0.4,
			"*-adult-female-pygoscelispapua": 0.78,"*-adult-male-pygoscelispapua": 0.86,"*-baby-*-pygoscelispapua": 0.5,
			"*-adult-female-spheniscusdemersus": 0.65,"*-adult-male-spheniscusdemersus": 0.73,"*-baby-*-spheniscusdemersus": 0.4,
			"*-adult-female-spheniscushumboldti": 0.61,"*-adult-male-spheniscushumboldti": 0.67,"*-baby-*-spheniscushumboldti": 0.4,
			"*-adult-female-spheniscusmagellanicus": 0.78,"*-adult-male-spheniscusmagellanicus": 0.86,"*-baby-*-spheniscusmagellanicus": 0.4,
			"*-adult-female-spheniscusmendiculus": 0.55,"*-adult-male-spheniscusmendiculus": 0.61,"*-baby-*-spheniscusmendiculus": 0.4
		},
		"behaviors": [
			{ "code": "repulseagents" },
			{ "code": "controlledphysics","stepHeightByType": {"*": 1.1251 } },
			{ "code": "interpolateposition" },
			{ "code": "floatupwhenstuck", "onlyWhenDead": true },
			{ "code": "harvestable","quantitySlots": 8 },
			{ "code": "multiply", "enabledByType": { "*-adult-female-*": true, "*": false } },
			{ "code": "despawn", "minPlayerDistance": 16, "belowLightLevel": 8, "minSeconds": 300 }
		],
		"animations": [
			{
				"code": "attack",
				"animation": "Attack",
				"animationSpeed": 2.2,
				"weight": 10,
				"blendMode": "AddAverage"
			},
			{
				"code": "charge",
				"animation": "Charge",
				"animationSpeed": 2,
				"weight": 10,
				"blendMode": "Average"
			},
			{
				"code": "call",
				"animation": "Call",
				"animationSpeed": 2.2,
				"weight": 5,
				"blendMode": "AddAverage"
			},
			{
				"code": "threat",
				"animation": "Threat",
				"animationSpeed": 2.2,
				"weight": 10,
				"blendMode": "AddAverage"
			},
			{
				"code": "hurt",
				"animation": "Hurt",
				"animationSpeed": 2.2,
				"weight": 10,
				"blendMode": "AddAverage"
			},
			{
				"code": "die",
				"animation": "Die",
				"easeInSpeed": 3,
				"animationSpeedByType": {
					"*-adult-*": 2,
					"*-baby-*": 3.0
				},
				"weight": 10,
				"blendMode": "Average",
				"triggeredBy": { "onControls": [ "dead" ] }
			},
			{
				"code": "idle",
				"animation": "Idle",
				"blendMode": "AddAverage",
				"easeOutSpeed": 4,
				"triggeredBy": { "defaultAnim": true }
			},
			{
				"code": "sleep",
				"animation": "Sleep",
				"easeInSpeed": 2,
				"easeOutSpeed": 4,
				"blendMode": "Average"
			},
			{
				"code": "sleepstand",
				"animation": "Sleepstand",
				"easeInSpeed": 2,
				"easeOutSpeed": 4,
				"blendMode": "Average"
			},
			{
				"code": "sit",
				"animation": "Sit",
				"easeInSpeed": 1,
				"easeOutSpeed": 0.5,
				"blendMode": "Average"
			},
			{
				"code": "eat",
				"animation": "Eat",
				"easeInSpeed": 2,
				"easeOutSpeed": 2,
				"weight": 5,
				"blendMode": "AddAverage"
			},
			{
				"code": "scratch",
				"animation": "Scratch",
				"easeInSpeed": 2,
				"easeOutSpeed": 2,
				"weight": 5,
				"blendMode": "AddAverage"
			},
			{
				"code": "shake",
				"animation": "Shake",
				"easeInSpeed": 2,
				"easeOutSpeed": 0.5,
				"weight": 15,
				"blendMode": "Average"
			},
			{
				"code": "swim",
				"animation": "Swim",
				"supressDefaultAnimation": true,
				"blendMode": "Average"
			},
			{
				"code": "walk",
				"animation": "Walk",
				"supressDefaultAnimation": true,
				"easeInSpeed": 2,
				"easeOutSpeed": 4,
				"weight": 5,
				"blendMode": "Average"
			},
			{
				"code": "highwalk",
				"animation": "Highwalk",
				"supressDefaultAnimation": true,
				"easeInSpeed": 2,
				"easeOutSpeed": 4,
				"weight": 5,
				"blendMode": "Average"
			},
			{
				"code": "slowwalk",
				"animation": "Slowwalk",
				"supressDefaultAnimation": true,
				"animationSpeed": 0.5,
				"easeInSpeed": 2,
				"easeOutSpeed": 4,
				"weight": 5,
				"blendMode": "Average"
			},
			{
				"code": "hop",
				"animation": "Hop",
				"supressDefaultAnimation": true,
				"easeInSpeed": 2,
				"easeOutSpeed": 4,
				"weight": 5,
				"blendMode": "Average"
			},
			{
				"code": "slide",
				"animation": "Slide",
				"supressDefaultAnimation": true,
				"easeInSpeed": 2,
				"easeOutSpeed": 4,
				"weight": 25,
				"blendMode": "Average"
			},
			{
				"code": "run",
				"animation": "Run",
				"supressDefaultAnimation": true,
				"animationSpeed": 4,
				"weight": 5,
				"blendMode": "Average"
			}
		]
	},
	"server": {
		"attributes": {
			"pathfinder": {
				"minTurnAnglePerSec": 90,
				"maxTurnAnglePerSec": 180
			}
		},
		"behaviors": [
			{ "code": "repulseagents" },
      { "code": "controlledphysics","stepHeightByType": {"*": 1.1251 }},
			{"code": "despawn","minPlayerDistance": 8,"belowLightLevel": 8,"minSeconds": 300},
			{"code": "health",
				"currenthealthByType": {
				"spheniscidae-adult-female-aptenodytesforsteri": 8,"spheniscidae-adult-male-aptenodytesforsteri": 11,"*-baby-*-aptenodytesforsteri": 4,
				"spheniscidae-adult-*-aptenodytespatagonicus": 5,"*-baby-*-aptenodytespatagonicus": 3,
				"spheniscidae-adult-*-eudyptessclateri": 4,"*-baby-*-eudyptessclateri": 3,
				"spheniscidae-adult-*-eudyptesschlegeli": 4,"*-baby-*-eudyptesschlegeli": 3,
				"spheniscidae-adult-*-eudypteswarhami": 4,"*-baby-*-eudypteswarhami": 3,
				"spheniscidae-adult-*-megadyptesantipodes": 4,"*-baby-*-megadyptesantipodes": 3,
				"spheniscidae-adult-*-pygoscelisadeliae": 4,"*-baby-*-pygoscelisadeliae": 3,
				"spheniscidae-adult-*-pygoscelispapua": 4,"*-baby-*-pygoscelispapua": 3,
				"spheniscidae-adult-*": 3,"*-baby-*": 2
				},
				"maxhealthByType": {
				"spheniscidae-adult-female-aptenodytesforsteri": 8,"spheniscidae-adult-male-aptenodytesforsteri": 11,"*-baby-*-aptenodytesforsteri": 4,
				"spheniscidae-adult-*-aptenodytespatagonicus": 5,"*-baby-*-aptenodytespatagonicus": 3,
				"spheniscidae-adult-*-eudyptessclateri": 4,"*-baby-*-eudyptessclateri": 3,
				"spheniscidae-adult-*-eudyptesschlegeli": 4,"*-baby-*-eudyptesschlegeli": 3,
				"spheniscidae-adult-*-eudypteswarhami": 4,"*-baby-*-eudypteswarhami": 3,
				"spheniscidae-adult-*-megadyptesantipodes": 4,"*-baby-*-megadyptesantipodes": 3,
				"spheniscidae-adult-*-pygoscelisadeliae": 4,"*-baby-*-pygoscelisadeliae": 3,
				"spheniscidae-adult-*-pygoscelispapua": 4,"*-baby-*-pygoscelispapua": 3,
				"spheniscidae-adult-*": 3,"*-baby-*": 2
				}
			},
			{
				"code": "deaddecay",
				"hoursToDecay": 96,
				"decayedBlockByType": {
					"spheniscidae-adult-*-aptenodytesforsteri": "carcass-medium",
					"spheniscidae-baby-*-aptenodytespatagonicus": "carcass-small",
					"*-baby-*": "carcass-tiny",
					"*": "carcass-small"
				}
			},
			{
				"code": "floatupwhenstuck",
				"onlyWhenDead": true
			},
			{
				"code": "harvestable","quantitySlots": 8,
				"drops": [
					{
						"type": "item",
						"code": "game:redmeat-raw",
						"quantityByType": {
							"spheniscidae-adult-female-aptenodytesforsteri": {"avg": 2.0,"var": 0.5},"spheniscidae-adult-male-aptenodytesforsteri": {"avg": 3.0,"var": 0.5},"spheniscidae-baby-*-aptenodytesforsteri": {"avg": 0.5,"var": 0.0},
							"spheniscidae-adult-*-aptenodytespatagonicus": {"avg": 1.0,"var": 0.5},"spheniscidae-baby-*-aptenodytespatagonicus": {"avg": 0.75,"var": 0.0},
							"spheniscidae-adult-*": {"avg": 0.0,"var": 0.5},"spheniscidae-baby-*": {"avg": 0.25,"var": 0.0},
							"*": {"avg": 0,"var": 0}
						}
					},
					{
						"type": "item",
						"code": "game:poultry-raw",
						"quantityByType": {
							"spheniscidae-adult-female-aptenodytesforsteri": {"avg": 2.0,"var": 0.5},"spheniscidae-adult-male-aptenodytesforsteri": {"avg": 3.0,"var": 0.5},"spheniscidae-baby-*-aptenodytesforsteri": {"avg": 0.5,"var": 0.0},
							"spheniscidae-adult-*-aptenodytespatagonicus": {"avg": 1.0,"var": 0.5},"spheniscidae-baby-*-aptenodytespatagonicus": {"avg": 0.75,"var": 0.0},
							"spheniscidae-adult-*": {"avg": 0.0,"var": 0.5},"spheniscidae-baby-*": {"avg": 0.25,"var": 0.0},
							"*": {"avg": 0,"var": 0}
						}
					},
					{
						"type": "item",
						"code": "spheniscidae:pelt-{gender}-{type}",
						"quantityByType": {
							"*-adult-*": { "offset": 1, "avg": 0, "var": 0 },
							"*": {"avg": 0.0,"var": 0.0}
						}
					},
					{
						"type": "item",
						"code": "game:feather",
						"quantityByType": {
							"*-baby-": {"avg": 4.0,"var": 1.0},
							"*": {"avg": 15.0,"var": 7.0}
						}
					},
					{
						"type": "item",
						"code": "game:fat",
						"quantityByType": {
							"spheniscidae-adult-*-aptenodytesforsteri": {"avg": 2.3,"var": 0.3},
							"spheniscidae-adult-*-aptenodytespatagonicus": {"avg": 2.3,"var": 0.3},
							"spheniscidae-baby-*-aptenodytespatagonicus": {"avg": 1.3,"var": 0.3},
							"spheniscidae-adult-*": {"avg": 1.3,"var": 0.3},
							"*": {"avg": 0,"var": 0}
						}
					}
				]
			},		
			{
				"code": "multiply",
				"enabledByType": {
					"*-adult-female-*": true,
					"*": false
				},
				"spawnEntityCodesByType": {
				"*-adult-female-*": [ { "code":"spheniscidae:spheniscidae-egg-{type}-raw"} ]
				},
				"requiresNearbyEntityCodeByType": {"*-adult-female-*": "spheniscidae:spheniscidae-adult-male-{type}"},
				"requiresNearbyEntityRange": 10,
				"spawnQuantityMinByType": {"*-aptenodytesforsteri": 1,"*-aptenodytespatagonicus": 1,"*": 2},
				"spawnQuantityMaxByType": {"*-aptenodytesforsteri": 1,"*-aptenodytespatagonicus": 1,"*-pygoscelispapua": 4,"*": 2},
				"eatAnyway": true,
				"pregnancyDaysByType": {"*":10},
				"multiplyCooldownDaysMin": 73,
				"multiplyCooldownDaysMax": 81,
				"portionsEatenForMultiplyByType": {"*-aptenodytesforsteri":6,"*-aptenodytespatagonicus":5,"*-eudyptulaminor":2,"*-eudyptulanovaehollandiae":2,"*":4}
			}, 
			{ 
				"code": "grow", 
				"enabledByType": {
					"*-baby-*": true,
					"*-adult-*": false
				},
				"hoursToGrowByType": {"*": 800},
				"adultEntityCodesByType": {
					"*-baby-male-*": ["spheniscidae:spheniscidae-adult-male-{type}"],
					"*-baby-female-*": ["spheniscidae:spheniscidae-adult-female-{type}"]
				}
			},
			{
				"code": "emotionstates",
				"states": [
					{"code": "fleeondamage","whenHealthRelBelow": 0.5,"duration": 60,"chanceByType": {"*-adult-*": 0.95,"*": 1.0},"slot": 2,"priority": 5,"accumType": "max"},
					{"code": "fleeondamage","duration": 40,"chanceByType": {"*-adult-*": 0.75,"*": 1.0},"slot": 2,"priority": 1,"accumType": "max"},
					{"code": "alarmherdondamage","chance": 1,"slot": 1,"priority": 1,"accumType": "max"},
					{"code": "aggressiveondamage","duration": 30,"chanceByType": {"*-baby-*": 0.0,"*-pygoscelisadeliae": 0.2, "*": 0.05},"slot": 2,"priority": 2,"accumType": "noaccum"},
					{"code": "saturated","duration": 1200,"chance": 1,"slot": 0,"priority": 1,"accumType": "sum"},
					{ "code": "aggressivearoundentities", "duration": 60, "chanceByType": {"*-baby-*": 0.0,"*-adult-*-pygoscelisadeliae": 0.25,"*-adult-*": 0.0}, "slot": 2, "priority": 5, "entityCodes": ["spheniscidae:spheniscidae-baby-male-{type}","spheniscidae:spheniscidae-baby-female-{type}","spheniscidae:spheniscidae-egg-{type}-raw"], "maxGeneration": 3 }
				]
			},
			{
				"code": "taskai",
				"aitasks": [
					{
						"code": "meleeattack",
						"animation": "Attack",
						"enabledByType": {"*-baby-*": false,"*": true},
						"entityCodes": [ "player","bear-*","fox-*","hyena-*","wolf-*","caninae-*","cetacea-*","dasyuridae-*","felinae-*","hyaenidae-*","machairodontinae-*","pantherinae-*","thylacoleonidae-*","ursidae-*","viverridae-*" ],
						"priority": 3,
						"damageByType": {
							"*-baby-*": 0.1,
							"spheniscidae-adult-*-aptenodytesforsteri": 2.5,
							"spheniscidae-adult-*-aptenodytespatagonicus": 2,
							"@.*-(eudyptessclateri|eudyptesschlegeli|eudypteswarhami|megadyptesantipodes|pygoscelisadeliae|pygoscelispapua)": 1.5,
							"spheniscidae-adult-*": 1
						},
						"damageTierByType": {"*":1},
						"damageType": "SlashingAttack",
						"slot": 1,
						"mincooldown": 1500,
						"maxcooldown": 2500,
						"attackDurationMs": 1250,
						"damagePlayerAtMs": 500,
						"animationSpeed": 1.5,
						"soundByType": {
							"*-adult-*": "creature/spheniscidae/emperorhurt"
						},
						"whenInEmotionState": "aggressiveondamage|aggressivearoundentities"
					},
					{
						"code": "meleeattack",
						"animation": "Attack",
						"enabledByType": {"*-baby-*": false,"*": true},
						"entityCodes": [ "salmon" ],
						"priority": 3,
						"damageByType": {
							"*-baby-*": 0.1,
							"spheniscidae-adult-*-aptenodytesforsteri": 5,
							"spheniscidae-adult-*-aptenodytespatagonicus": 4,
							"@.*-(eudyptessclateri|eudyptesschlegeli|eudypteswarhami|megadyptesantipodes|pygoscelisadeliae|pygoscelispapua)": 3,
							"spheniscidae-adult-*": 2
						},
						"damageTierByType": {"*":1},
						"damageType": "SlashingAttack",
						"slot": 1,
						"mincooldown": 1500,
						"maxcooldown": 2500,
						"attackDurationMs": 1250,
						"damagePlayerAtMs": 500,
						"animationSpeed": 1.5,
						"soundByType": {
							"*-adult-*": "creature/spheniscidae/beakclick"
						},
						"whenNotInEmotionState": "aggressiveondamage|aggressivearoundentities|fleeondamage"
					},
					{
						"code": "fleeentity",
						"animation": "Run",
						"entityCodesByType": {
							"*": ["bear-*","fox-*","hyena-*","wolf-*","caninae-*","cetacea-adult-*","dasyuridae-adult-*","felinae-adult-*","hyaenidae-adult-*","machairodontinae-adult-*","pantherinae-neofelis-adult-*","pantherinae-panthera-adult-*","thylacoleonidae-adult-*","ursidae-adult-*","viverridae-*" ]},
						"priority": 1.52,
						"movespeedByType": {
							"spheniscidae-adult-*-aptenodytesforsteri": 0.0025,
							"spheniscidae-baby-*-aptenodytesforsteri": 0.0025
						},
						"seekingRange": 40,
						"animationSpeedByType": {
							"spheniscidae-adult-female-aptenodytesforsteri": 1,"spheniscidae-adult-male-aptenodytesforsteri": 0.95,"spheniscidae-baby-*-aptenodytesforsteri": 2,
							"spheniscidae-adult-female-aptenodytespatagonicus": 1,"spheniscidae-adult-male-aptenodytespatagonicus": 0.95,"spheniscidae-baby-*-aptenodytespatagonicus": 1,
							"spheniscidae-adult-female-eudypteschrysocome": 3.2,"spheniscidae-adult-male-eudypteschrysocome": 3,"spheniscidae-baby-*-eudypteschrysocome": 2.66,
							"spheniscidae-adult-female-eudypteschrysolophus": 3.1,"spheniscidae-adult-male-eudypteschrysolophus": 2.9,"spheniscidae-baby-*-eudypteschrysolophus": 2.66,
							"spheniscidae-adult-female-eudyptesmoseleyi": 3.2,"spheniscidae-adult-male-eudyptesmoseleyi": 3,"spheniscidae-baby-*-eudyptesmoseleyi": 2.66,
							"spheniscidae-adult-female-eudyptespachyrhynchus": 3.5,"spheniscidae-adult-male-eudyptespachyrhynchus": 3.3,"spheniscidae-baby-*-eudyptespachyrhynchus": 2.66,
							"spheniscidae-adult-female-eudyptesrobustus": 3.2,"spheniscidae-adult-male-eudyptesrobustus": 3,"spheniscidae-baby-*-eudyptesrobustus": 2.66,
							"spheniscidae-adult-female-eudyptessclateri": 2.6,"spheniscidae-adult-male-eudyptessclateri": 2.4,"spheniscidae-baby-*-eudyptessclateri": 2.66,
							"spheniscidae-adult-female-eudyptesschlegeli": 2.5,"spheniscidae-adult-male-eudyptesschlegeli": 2.3,"spheniscidae-baby-*-eudyptesschlegeli": 2.66,
							"spheniscidae-adult-female-eudypteswarhami": 2.6,"spheniscidae-adult-male-eudypteswarhami": 2.4,"spheniscidae-baby-*-eudypteswarhami": 2.66,
							"spheniscidae-adult-female-eudyptulaminor": 4.4,"spheniscidae-adult-male-eudyptulaminor": 4,"spheniscidae-baby-*-eudyptulaminor": 4,
							"spheniscidae-adult-female-eudyptulanovaehollandiae": 4.4,"spheniscidae-adult-male-eudyptulanovaehollandiae": 4,"spheniscidae-baby-*-eudyptulanovaehollandiae": 4,
							"spheniscidae-adult-female-megadyptesantipodes": 2.2,"spheniscidae-adult-male-megadyptesantipodes": 2,"spheniscidae-baby-*-megadyptesantipodes": 2,
							"spheniscidae-adult-female-pygoscelisadeliae": 2.2,"spheniscidae-adult-male-pygoscelisadeliae": 2.1,"spheniscidae-baby-*-pygoscelisadeliae": 2,
							"spheniscidae-adult-female-pygoscelisantarcticus": 2.2,"spheniscidae-adult-male-pygoscelisantarcticus": 2.1,"spheniscidae-baby-*-pygoscelisantarcticus": 2,
							"spheniscidae-adult-female-pygoscelispapua": 2,"spheniscidae-adult-male-pygoscelispapua": 1.8,"spheniscidae-baby-*-pygoscelispapua": 1.6,
							"spheniscidae-adult-female-spheniscusdemersus": 2.4,"spheniscidae-adult-male-spheniscusdemersus": 2.2,"spheniscidae-baby-*-spheniscusdemersus": 2,
							"spheniscidae-adult-female-spheniscushumboldti": 2.4,"spheniscidae-adult-male-spheniscushumboldti": 2.3,"spheniscidae-baby-*-spheniscushumboldti": 2,
							"spheniscidae-adult-female-spheniscusmagellanicus": 2,"spheniscidae-adult-male-spheniscusmagellanicus": 1.8,"spheniscidae-baby-*-spheniscusmagellanicus": 2,
							"spheniscidae-adult-female-spheniscusmendiculus": 2.6,"spheniscidae-adult-male-spheniscusmendiculus": 2.4,"spheniscidae-baby-*-spheniscusmendiculus": 2,
						},
						"whenInEmotionState": "fleeondamage",
						"soundByType": {
							"*-baby-*": "game:creature/chicken/chick*"
						},
						"whenSwimming": false
					},
					{
						"code": "fleeentity",
						"animation": "Swim",
						"entityCodesByType": {"*": ["bear-*","fox-*","hyena-*","wolf-*","caninae-*","cetacea-adult-*","dasyuridae-adult-*","felinae-adult-*","hyaenidae-adult-*","machairodontinae-adult-*","pantherinae-neofelis-adult-*","pantherinae-panthera-adult-*","thylacoleonidae-adult-*","ursidae-adult-*","viverridae-*" ]},
						"priority": 1.52,
						"movespeedByType": {
							"spheniscidae-adult-*-aptenodytesforsteri": 0.04,
							"spheniscidae-baby-*-aptenodytesforsteri": 0.02
						},
						"seekingRange": 40,
						"animationSpeedByType": {
							"spheniscidae-adult-female-aptenodytesforsteri": 1,"spheniscidae-adult-male-aptenodytesforsteri": 0.95,"spheniscidae-baby-*-aptenodytesforsteri": 2,
							"spheniscidae-adult-female-aptenodytespatagonicus": 1,"spheniscidae-adult-male-aptenodytespatagonicus": 0.95,"spheniscidae-baby-*-aptenodytespatagonicus": 1,
							"spheniscidae-adult-female-eudypteschrysocome": 3.2,"spheniscidae-adult-male-eudypteschrysocome": 3,"spheniscidae-baby-*-eudypteschrysocome": 2.66,
							"spheniscidae-adult-female-eudypteschrysolophus": 3.1,"spheniscidae-adult-male-eudypteschrysolophus": 2.9,"spheniscidae-baby-*-eudypteschrysolophus": 2.66,
							"spheniscidae-adult-female-eudyptesmoseleyi": 3.2,"spheniscidae-adult-male-eudyptesmoseleyi": 3,"spheniscidae-baby-*-eudyptesmoseleyi": 2.66,
							"spheniscidae-adult-female-eudyptespachyrhynchus": 3.5,"spheniscidae-adult-male-eudyptespachyrhynchus": 3.3,"spheniscidae-baby-*-eudyptespachyrhynchus": 2.66,
							"spheniscidae-adult-female-eudyptesrobustus": 3.2,"spheniscidae-adult-male-eudyptesrobustus": 3,"spheniscidae-baby-*-eudyptesrobustus": 2.66,
							"spheniscidae-adult-female-eudyptessclateri": 2.6,"spheniscidae-adult-male-eudyptessclateri": 2.4,"spheniscidae-baby-*-eudyptessclateri": 2.66,
							"spheniscidae-adult-female-eudyptesschlegeli": 2.5,"spheniscidae-adult-male-eudyptesschlegeli": 2.3,"spheniscidae-baby-*-eudyptesschlegeli": 2.66,
							"spheniscidae-adult-female-eudypteswarhami": 2.6,"spheniscidae-adult-male-eudypteswarhami": 2.4,"spheniscidae-baby-*-eudypteswarhami": 2.66,
							"spheniscidae-adult-female-eudyptulaminor": 4.4,"spheniscidae-adult-male-eudyptulaminor": 4,"spheniscidae-baby-*-eudyptulaminor": 4,
							"spheniscidae-adult-female-eudyptulanovaehollandiae": 4.4,"spheniscidae-adult-male-eudyptulanovaehollandiae": 4,"spheniscidae-baby-*-eudyptulanovaehollandiae": 4,
							"spheniscidae-adult-female-megadyptesantipodes": 2.2,"spheniscidae-adult-male-megadyptesantipodes": 2,"spheniscidae-baby-*-megadyptesantipodes": 2,
							"spheniscidae-adult-female-pygoscelisadeliae": 2.2,"spheniscidae-adult-male-pygoscelisadeliae": 2.1,"spheniscidae-baby-*-pygoscelisadeliae": 2,
							"spheniscidae-adult-female-pygoscelisantarcticus": 2.2,"spheniscidae-adult-male-pygoscelisantarcticus": 2.1,"spheniscidae-baby-*-pygoscelisantarcticus": 2,
							"spheniscidae-adult-female-pygoscelispapua": 2,"spheniscidae-adult-male-pygoscelispapua": 1.8,"spheniscidae-baby-*-pygoscelispapua": 1.6,
							"spheniscidae-adult-female-spheniscusdemersus": 2.4,"spheniscidae-adult-male-spheniscusdemersus": 2.2,"spheniscidae-baby-*-spheniscusdemersus": 2,
							"spheniscidae-adult-female-spheniscushumboldti": 2.4,"spheniscidae-adult-male-spheniscushumboldti": 2.3,"spheniscidae-baby-*-spheniscushumboldti": 2,
							"spheniscidae-adult-female-spheniscusmagellanicus": 2,"spheniscidae-adult-male-spheniscusmagellanicus": 1.8,"spheniscidae-baby-*-spheniscusmagellanicus": 2,
							"spheniscidae-adult-female-spheniscusmendiculus": 2.6,"spheniscidae-adult-male-spheniscusmendiculus": 2.4,"spheniscidae-baby-*-spheniscusmendiculus": 2,
						},
						"whenInEmotionState": "fleeondamage",
						"whenSwimming": true
					},
					{
						"code": "fleeentity",
						"animation": "Run",
						"entityCodesByType": {"*": ["bear-*","fox-*","hyena-*","wolf-*","caninae-*","cetacea-adult-*","dasyuridae-adult-*","elephantidae-*","felinae-adult-*","hyaenidae-adult-*","machairodontinae-adult-*","pantherinae-neofelis-adult-*","pantherinae-panthera-adult-*","thylacoleonidae-adult-*","ursidae-adult-*","viverridae-*" ]},
						"priority": 1.51,
						"movespeedByType": {
							"spheniscidae-adult-*": 0.005,
							"spheniscidae-baby-*": 0.005
						},
						"seekingRange": 24,
						"animationSpeedByType": {
							"spheniscidae-adult-female-aptenodytesforsteri": 1,"spheniscidae-adult-male-aptenodytesforsteri": 0.95,"spheniscidae-baby-*-aptenodytesforsteri": 2,
							"spheniscidae-adult-female-aptenodytespatagonicus": 1,"spheniscidae-adult-male-aptenodytespatagonicus": 0.95,"spheniscidae-baby-*-aptenodytespatagonicus": 1,
							"spheniscidae-adult-female-eudypteschrysocome": 3.2,"spheniscidae-adult-male-eudypteschrysocome": 3,"spheniscidae-baby-*-eudypteschrysocome": 2.66,
							"spheniscidae-adult-female-eudypteschrysolophus": 3.1,"spheniscidae-adult-male-eudypteschrysolophus": 2.9,"spheniscidae-baby-*-eudypteschrysolophus": 2.66,
							"spheniscidae-adult-female-eudyptesmoseleyi": 3.2,"spheniscidae-adult-male-eudyptesmoseleyi": 3,"spheniscidae-baby-*-eudyptesmoseleyi": 2.66,
							"spheniscidae-adult-female-eudyptespachyrhynchus": 3.5,"spheniscidae-adult-male-eudyptespachyrhynchus": 3.3,"spheniscidae-baby-*-eudyptespachyrhynchus": 2.66,
							"spheniscidae-adult-female-eudyptesrobustus": 3.2,"spheniscidae-adult-male-eudyptesrobustus": 3,"spheniscidae-baby-*-eudyptesrobustus": 2.66,
							"spheniscidae-adult-female-eudyptessclateri": 2.6,"spheniscidae-adult-male-eudyptessclateri": 2.4,"spheniscidae-baby-*-eudyptessclateri": 2.66,
							"spheniscidae-adult-female-eudyptesschlegeli": 2.5,"spheniscidae-adult-male-eudyptesschlegeli": 2.3,"spheniscidae-baby-*-eudyptesschlegeli": 2.66,
							"spheniscidae-adult-female-eudypteswarhami": 2.6,"spheniscidae-adult-male-eudypteswarhami": 2.4,"spheniscidae-baby-*-eudypteswarhami": 2.66,
							"spheniscidae-adult-female-eudyptulaminor": 4.4,"spheniscidae-adult-male-eudyptulaminor": 4,"spheniscidae-baby-*-eudyptulaminor": 4,
							"spheniscidae-adult-female-eudyptulanovaehollandiae": 4.4,"spheniscidae-adult-male-eudyptulanovaehollandiae": 4,"spheniscidae-baby-*-eudyptulanovaehollandiae": 4,
							"spheniscidae-adult-female-megadyptesantipodes": 2.2,"spheniscidae-adult-male-megadyptesantipodes": 2,"spheniscidae-baby-*-megadyptesantipodes": 2,
							"spheniscidae-adult-female-pygoscelisadeliae": 2.2,"spheniscidae-adult-male-pygoscelisadeliae": 2.1,"spheniscidae-baby-*-pygoscelisadeliae": 2,
							"spheniscidae-adult-female-pygoscelisantarcticus": 2.2,"spheniscidae-adult-male-pygoscelisantarcticus": 2.1,"spheniscidae-baby-*-pygoscelisantarcticus": 2,
							"spheniscidae-adult-female-pygoscelispapua": 2,"spheniscidae-adult-male-pygoscelispapua": 1.8,"spheniscidae-baby-*-pygoscelispapua": 1.6,
							"spheniscidae-adult-female-spheniscusdemersus": 2.4,"spheniscidae-adult-male-spheniscusdemersus": 2.2,"spheniscidae-baby-*-spheniscusdemersus": 2,
							"spheniscidae-adult-female-spheniscushumboldti": 2.4,"spheniscidae-adult-male-spheniscushumboldti": 2.3,"spheniscidae-baby-*-spheniscushumboldti": 2,
							"spheniscidae-adult-female-spheniscusmagellanicus": 2,"spheniscidae-adult-male-spheniscusmagellanicus": 1.8,"spheniscidae-baby-*-spheniscusmagellanicus": 2,
							"spheniscidae-adult-female-spheniscusmendiculus": 2.6,"spheniscidae-adult-male-spheniscusmendiculus": 2.4,"spheniscidae-baby-*-spheniscusmendiculus": 2,
						},
						"soundByType": {
							"*-baby-*": "game:creature/chicken/chick*"
						},
						"whenSwimming": false
					},
					{
						"code": "fleeentity",
						"animation": "Swim",
						"entityCodesByType": {"*": ["bear-*","fox-*","hyena-*","wolf-*","caninae-*","cetacea-adult-*","dasyuridae-adult-*","felinae-adult-*","hyaenidae-adult-*","machairodontinae-adult-*","pantherinae-neofelis-adult-*","pantherinae-panthera-adult-*","thylacoleonidae-adult-*","ursidae-adult-*","viverridae-*" ]},
						"priority": 1.51,
						"movespeedByType": {
							"spheniscidae-adult-*-aptenodytesforsteri": 0.005,
							"spheniscidae-baby-*-aptenodytesforsteri": 0.0025
						},
						"seekingRange": 24,
						"animationSpeedByType": {
							"spheniscidae-adult-female-aptenodytesforsteri": 1,"spheniscidae-adult-male-aptenodytesforsteri": 0.95,"spheniscidae-baby-*-aptenodytesforsteri": 2,
							"spheniscidae-adult-female-aptenodytespatagonicus": 1,"spheniscidae-adult-male-aptenodytespatagonicus": 0.95,"spheniscidae-baby-*-aptenodytespatagonicus": 1,
							"spheniscidae-adult-female-eudypteschrysocome": 3.2,"spheniscidae-adult-male-eudypteschrysocome": 3,"spheniscidae-baby-*-eudypteschrysocome": 2.66,
							"spheniscidae-adult-female-eudypteschrysolophus": 3.1,"spheniscidae-adult-male-eudypteschrysolophus": 2.9,"spheniscidae-baby-*-eudypteschrysolophus": 2.66,
							"spheniscidae-adult-female-eudyptesmoseleyi": 3.2,"spheniscidae-adult-male-eudyptesmoseleyi": 3,"spheniscidae-baby-*-eudyptesmoseleyi": 2.66,
							"spheniscidae-adult-female-eudyptespachyrhynchus": 3.5,"spheniscidae-adult-male-eudyptespachyrhynchus": 3.3,"spheniscidae-baby-*-eudyptespachyrhynchus": 2.66,
							"spheniscidae-adult-female-eudyptesrobustus": 3.2,"spheniscidae-adult-male-eudyptesrobustus": 3,"spheniscidae-baby-*-eudyptesrobustus": 2.66,
							"spheniscidae-adult-female-eudyptessclateri": 2.6,"spheniscidae-adult-male-eudyptessclateri": 2.4,"spheniscidae-baby-*-eudyptessclateri": 2.66,
							"spheniscidae-adult-female-eudyptesschlegeli": 2.5,"spheniscidae-adult-male-eudyptesschlegeli": 2.3,"spheniscidae-baby-*-eudyptesschlegeli": 2.66,
							"spheniscidae-adult-female-eudypteswarhami": 2.6,"spheniscidae-adult-male-eudypteswarhami": 2.4,"spheniscidae-baby-*-eudypteswarhami": 2.66,
							"spheniscidae-adult-female-eudyptulaminor": 4.4,"spheniscidae-adult-male-eudyptulaminor": 4,"spheniscidae-baby-*-eudyptulaminor": 4,
							"spheniscidae-adult-female-eudyptulanovaehollandiae": 4.4,"spheniscidae-adult-male-eudyptulanovaehollandiae": 4,"spheniscidae-baby-*-eudyptulanovaehollandiae": 4,
							"spheniscidae-adult-female-megadyptesantipodes": 2.2,"spheniscidae-adult-male-megadyptesantipodes": 2,"spheniscidae-baby-*-megadyptesantipodes": 2,
							"spheniscidae-adult-female-pygoscelisadeliae": 2.2,"spheniscidae-adult-male-pygoscelisadeliae": 2.1,"spheniscidae-baby-*-pygoscelisadeliae": 2,
							"spheniscidae-adult-female-pygoscelisantarcticus": 2.2,"spheniscidae-adult-male-pygoscelisantarcticus": 2.1,"spheniscidae-baby-*-pygoscelisantarcticus": 2,
							"spheniscidae-adult-female-pygoscelispapua": 2,"spheniscidae-adult-male-pygoscelispapua": 1.8,"spheniscidae-baby-*-pygoscelispapua": 1.6,
							"spheniscidae-adult-female-spheniscusdemersus": 2.4,"spheniscidae-adult-male-spheniscusdemersus": 2.2,"spheniscidae-baby-*-spheniscusdemersus": 2,
							"spheniscidae-adult-female-spheniscushumboldti": 2.4,"spheniscidae-adult-male-spheniscushumboldti": 2.3,"spheniscidae-baby-*-spheniscushumboldti": 2,
							"spheniscidae-adult-female-spheniscusmagellanicus": 2,"spheniscidae-adult-male-spheniscusmagellanicus": 1.8,"spheniscidae-baby-*-spheniscusmagellanicus": 2,
							"spheniscidae-adult-female-spheniscusmendiculus": 2.6,"spheniscidae-adult-male-spheniscusmendiculus": 2.4,"spheniscidae-baby-*-spheniscusmendiculus": 2,
						},
						"soundByType": {
							"*-baby-*": "game:creature/chicken/chick*"
						},
						"whenSwimming": true
					},
					{
						"code": "seekentity",
						"animation": "Charge",
						"enabledByType": {"*-baby-*": false,"*": true},
						"entityCodesByType": {"*": ["player","bear-*","fox-*","hyena-*","wolf-*","caninae-*","cetacea-adult-*","dasyuridae-adult-*","felinae-adult-*","hyaenidae-adult-*","machairodontinae-adult-*","pantherinae-neofelis-adult-*","pantherinae-panthera-adult-*","thylacoleonidae-adult-*","ursidae-adult-*","viverridae-*" ]},
						"priority": 1.6,
						"mincooldown": 600,
						"maxcooldown": 650,
						"movespeedByType": {
							"spheniscidae-adult-*": 0.005
						},
						"animationSpeedByType": {
							"spheniscidae-adult-female-aptenodytesforsteri": 1,"spheniscidae-adult-male-aptenodytesforsteri": 0.95,
							"spheniscidae-adult-female-aptenodytespatagonicus": 1,"spheniscidae-adult-male-aptenodytespatagonicus": 0.95,
							"spheniscidae-adult-female-eudypteschrysocome": 3.2,"spheniscidae-adult-male-eudypteschrysocome": 3,
							"spheniscidae-adult-female-eudypteschrysolophus": 3.1,"spheniscidae-adult-male-eudypteschrysolophus": 2.9,
							"spheniscidae-adult-female-eudyptesmoseleyi": 3.2,"spheniscidae-adult-male-eudyptesmoseleyi": 3,
							"spheniscidae-adult-female-eudyptespachyrhynchus": 3.5,"spheniscidae-adult-male-eudyptespachyrhynchus": 3.3,
							"spheniscidae-adult-female-eudyptesrobustus": 3.2,"spheniscidae-adult-male-eudyptesrobustus": 3,
							"spheniscidae-adult-female-eudyptessclateri": 2.6,"spheniscidae-adult-male-eudyptessclateri": 2.4,
							"spheniscidae-adult-female-eudyptesschlegeli": 2.5,"spheniscidae-adult-male-eudyptesschlegeli": 2.3,
							"spheniscidae-adult-female-eudypteswarhami": 2.6,"spheniscidae-adult-male-eudypteswarhami": 2.4,
							"spheniscidae-adult-female-eudyptulaminor": 4.4,"spheniscidae-adult-male-eudyptulaminor": 4,
							"spheniscidae-adult-female-eudyptulanovaehollandiae": 4.4,"spheniscidae-adult-male-eudyptulanovaehollandiae": 4,
							"spheniscidae-adult-female-megadyptesantipodes": 2.2,"spheniscidae-adult-male-megadyptesantipodes": 2,
							"spheniscidae-adult-female-pygoscelisadeliae": 2.2,"spheniscidae-adult-male-pygoscelisadeliae": 2.1,
							"spheniscidae-adult-female-pygoscelisantarcticus": 2.2,"spheniscidae-adult-male-pygoscelisantarcticus": 2.1,
							"spheniscidae-adult-female-pygoscelispapua": 2,"spheniscidae-adult-male-pygoscelispapua": 1.8,
							"spheniscidae-adult-female-spheniscusdemersus": 2.4,"spheniscidae-adult-male-spheniscusdemersus": 2.2,
							"spheniscidae-adult-female-spheniscushumboldti": 2.4,"spheniscidae-adult-male-spheniscushumboldti": 2.3,
							"spheniscidae-adult-female-spheniscusmagellanicus": 2,"spheniscidae-adult-male-spheniscusmagellanicus": 1.8,
							"spheniscidae-adult-female-spheniscusmendiculus": 2.6,"spheniscidae-adult-male-spheniscusmendiculus": 2.4,
							"*": 2
						},
						"seekingRange": 20,
						"soundByType": {
							"*-adult-*": "creature/spheniscidae/emperorhurt",
							"*-baby-*": "game:creature/chicken/chick*"
						},
						"whenInEmotionState": "aggressiveondamage|aggressivearoundentities",
						"whenSwimming": false
					},
					{
						"code": "seekentity",
						"animation": "Swim",
						"enabledByType": {"*-baby-*": false,"*": true},
						"entityCodesByType": {"*": ["salmon"]},
						"priority": 1.5,
						"mincooldown": 600,
						"maxcooldown": 650,
						"movespeedByType": {
							"spheniscidae-adult-*": 0.05,
							"*": 0.045
						},
						"animationSpeedByType": {
							"spheniscidae-adult-female-aptenodytesforsteri": 1,"spheniscidae-adult-male-aptenodytesforsteri": 0.95,
							"spheniscidae-adult-female-aptenodytespatagonicus": 1,"spheniscidae-adult-male-aptenodytespatagonicus": 0.95,
							"spheniscidae-adult-female-eudypteschrysocome": 3.2,"spheniscidae-adult-male-eudypteschrysocome": 3,
							"spheniscidae-adult-female-eudypteschrysolophus": 3.1,"spheniscidae-adult-male-eudypteschrysolophus": 2.9,
							"spheniscidae-adult-female-eudyptesmoseleyi": 3.2,"spheniscidae-adult-male-eudyptesmoseleyi": 3,
							"spheniscidae-adult-female-eudyptespachyrhynchus": 3.5,"spheniscidae-adult-male-eudyptespachyrhynchus": 3.3,
							"spheniscidae-adult-female-eudyptesrobustus": 3.2,"spheniscidae-adult-male-eudyptesrobustus": 3,
							"spheniscidae-adult-female-eudyptessclateri": 2.6,"spheniscidae-adult-male-eudyptessclateri": 2.4,
							"spheniscidae-adult-female-eudyptesschlegeli": 2.5,"spheniscidae-adult-male-eudyptesschlegeli": 2.3,
							"spheniscidae-adult-female-eudypteswarhami": 2.6,"spheniscidae-adult-male-eudypteswarhami": 2.4,
							"spheniscidae-adult-female-eudyptulaminor": 4.4,"spheniscidae-adult-male-eudyptulaminor": 4,
							"spheniscidae-adult-female-eudyptulanovaehollandiae": 4.4,"spheniscidae-adult-male-eudyptulanovaehollandiae": 4,
							"spheniscidae-adult-female-megadyptesantipodes": 2.2,"spheniscidae-adult-male-megadyptesantipodes": 2,
							"spheniscidae-adult-female-pygoscelisadeliae": 2.2,"spheniscidae-adult-male-pygoscelisadeliae": 2.1,
							"spheniscidae-adult-female-pygoscelisantarcticus": 2.2,"spheniscidae-adult-male-pygoscelisantarcticus": 2.1,
							"spheniscidae-adult-female-pygoscelispapua": 2,"spheniscidae-adult-male-pygoscelispapua": 1.8,
							"spheniscidae-adult-female-spheniscusdemersus": 2.4,"spheniscidae-adult-male-spheniscusdemersus": 2.2,
							"spheniscidae-adult-female-spheniscushumboldti": 2.4,"spheniscidae-adult-male-spheniscushumboldti": 2.3,
							"spheniscidae-adult-female-spheniscusmagellanicus": 2,"spheniscidae-adult-male-spheniscusmagellanicus": 1.8,
							"spheniscidae-adult-female-spheniscusmendiculus": 2.6,"spheniscidae-adult-male-spheniscusmendiculus": 2.4,
							"*": 2
						},
						"seekingRange": 40,
						"whenNotInEmotionState": "aggressiveondamage|aggressivearoundentities|fleeondamage",
						"whenSwimming": true
					},
					{
						"code": "stayclosetoentity",
						"animationByType": {"*-adult-*": "Walk","*": "Run"},
						"priority": 1.4,
						"priorityForCancel": 1.5,
						"entityCodeByType": {
							"*-adult-female-*": "spheniscidae-adult-male-{type}",
							"*-adult-male-*": "spheniscidae-egg-{type}-raw",
							"*-baby-*": "spheniscidae-adult-male-{type}"
						},
						"movespeedByType": {
							"spheniscidae-adult-*": 0.0025,
							"spheniscidae-baby-*": 0.005,
							"*": 0.006
						},
						"animationSpeedByType": {
							"spheniscidae-adult-female-aptenodytesforsteri": 1,"spheniscidae-adult-male-aptenodytesforsteri": 0.95,"spheniscidae-baby-*-aptenodytesforsteri": 2,
							"spheniscidae-adult-female-aptenodytespatagonicus": 1,"spheniscidae-adult-male-aptenodytespatagonicus": 0.95,"spheniscidae-baby-*-aptenodytespatagonicus": 1,
							"spheniscidae-adult-female-eudypteschrysocome": 3.2,"spheniscidae-adult-male-eudypteschrysocome": 3,"spheniscidae-baby-*-eudypteschrysocome": 2.66,
							"spheniscidae-adult-female-eudypteschrysolophus": 3.1,"spheniscidae-adult-male-eudypteschrysolophus": 2.9,"spheniscidae-baby-*-eudypteschrysolophus": 2.66,
							"spheniscidae-adult-female-eudyptesmoseleyi": 3.2,"spheniscidae-adult-male-eudyptesmoseleyi": 3,"spheniscidae-baby-*-eudyptesmoseleyi": 2.66,
							"spheniscidae-adult-female-eudyptespachyrhynchus": 3.5,"spheniscidae-adult-male-eudyptespachyrhynchus": 3.3,"spheniscidae-baby-*-eudyptespachyrhynchus": 2.66,
							"spheniscidae-adult-female-eudyptesrobustus": 3.2,"spheniscidae-adult-male-eudyptesrobustus": 3,"spheniscidae-baby-*-eudyptesrobustus": 2.66,
							"spheniscidae-adult-female-eudyptessclateri": 2.6,"spheniscidae-adult-male-eudyptessclateri": 2.4,"spheniscidae-baby-*-eudyptessclateri": 2.66,
							"spheniscidae-adult-female-eudyptesschlegeli": 2.5,"spheniscidae-adult-male-eudyptesschlegeli": 2.3,"spheniscidae-baby-*-eudyptesschlegeli": 2.66,
							"spheniscidae-adult-female-eudypteswarhami": 2.6,"spheniscidae-adult-male-eudypteswarhami": 2.4,"spheniscidae-baby-*-eudypteswarhami": 2.66,
							"spheniscidae-adult-female-eudyptulaminor": 4.4,"spheniscidae-adult-male-eudyptulaminor": 4,"spheniscidae-baby-*-eudyptulaminor": 4,
							"spheniscidae-adult-female-eudyptulanovaehollandiae": 4.4,"spheniscidae-adult-male-eudyptulanovaehollandiae": 4,"spheniscidae-baby-*-eudyptulanovaehollandiae": 4,
							"spheniscidae-adult-female-megadyptesantipodes": 2.2,"spheniscidae-adult-male-megadyptesantipodes": 2,"spheniscidae-baby-*-megadyptesantipodes": 2,
							"spheniscidae-adult-female-pygoscelisadeliae": 2.2,"spheniscidae-adult-male-pygoscelisadeliae": 2.1,"spheniscidae-baby-*-pygoscelisadeliae": 2,
							"spheniscidae-adult-female-pygoscelisantarcticus": 2.2,"spheniscidae-adult-male-pygoscelisantarcticus": 2.1,"spheniscidae-baby-*-pygoscelisantarcticus": 2,
							"spheniscidae-adult-female-pygoscelispapua": 2,"spheniscidae-adult-male-pygoscelispapua": 1.8,"spheniscidae-baby-*-pygoscelispapua": 1.6,
							"spheniscidae-adult-female-spheniscusdemersus": 2.4,"spheniscidae-adult-male-spheniscusdemersus": 2.2,"spheniscidae-baby-*-spheniscusdemersus": 2,
							"spheniscidae-adult-female-spheniscushumboldti": 2.4,"spheniscidae-adult-male-spheniscushumboldti": 2.3,"spheniscidae-baby-*-spheniscushumboldti": 2,
							"spheniscidae-adult-female-spheniscusmagellanicus": 2,"spheniscidae-adult-male-spheniscusmagellanicus": 1.8,"spheniscidae-baby-*-spheniscusmagellanicus": 2,
							"spheniscidae-adult-female-spheniscusmendiculus": 2.6,"spheniscidae-adult-male-spheniscusmendiculus": 2.4,"spheniscidae-baby-*-spheniscusmendiculus": 2,
							"*": 2
						},
						"maxDistanceByType": {"*-adult-male-*": 0.5,"*": 10.0},
						"searchRange": 25,
						"whenSwimming": false
					},
					{
						"code": "getoutofwater",
						"animation": "Swim",
						"priority": 1.4,
						"duringDayTimeFrames": [{"fromHour": 0,"toHour": 2}],
						"movespeedByType": {
							"spheniscidae-adult-*": 0.05,
							"spheniscidae-baby-*": 0.025,
							"*": 0.045
						},
						"animationSpeedByType": {
							"spheniscidae-adult-female-aptenodytesforsteri": 1,"spheniscidae-adult-male-aptenodytesforsteri": 0.95,"spheniscidae-baby-*-aptenodytesforsteri": 2,
							"spheniscidae-adult-female-aptenodytespatagonicus": 1,"spheniscidae-adult-male-aptenodytespatagonicus": 0.95,"spheniscidae-baby-*-aptenodytespatagonicus": 1,
							"spheniscidae-adult-female-eudypteschrysocome": 3.2,"spheniscidae-adult-male-eudypteschrysocome": 3,"spheniscidae-baby-*-eudypteschrysocome": 2.66,
							"spheniscidae-adult-female-eudypteschrysolophus": 3.1,"spheniscidae-adult-male-eudypteschrysolophus": 2.9,"spheniscidae-baby-*-eudypteschrysolophus": 2.66,
							"spheniscidae-adult-female-eudyptesmoseleyi": 3.2,"spheniscidae-adult-male-eudyptesmoseleyi": 3,"spheniscidae-baby-*-eudyptesmoseleyi": 2.66,
							"spheniscidae-adult-female-eudyptespachyrhynchus": 3.5,"spheniscidae-adult-male-eudyptespachyrhynchus": 3.3,"spheniscidae-baby-*-eudyptespachyrhynchus": 2.66,
							"spheniscidae-adult-female-eudyptesrobustus": 3.2,"spheniscidae-adult-male-eudyptesrobustus": 3,"spheniscidae-baby-*-eudyptesrobustus": 2.66,
							"spheniscidae-adult-female-eudyptessclateri": 2.6,"spheniscidae-adult-male-eudyptessclateri": 2.4,"spheniscidae-baby-*-eudyptessclateri": 2.66,
							"spheniscidae-adult-female-eudyptesschlegeli": 2.5,"spheniscidae-adult-male-eudyptesschlegeli": 2.3,"spheniscidae-baby-*-eudyptesschlegeli": 2.66,
							"spheniscidae-adult-female-eudypteswarhami": 2.6,"spheniscidae-adult-male-eudypteswarhami": 2.4,"spheniscidae-baby-*-eudypteswarhami": 2.66,
							"spheniscidae-adult-female-eudyptulaminor": 4.4,"spheniscidae-adult-male-eudyptulaminor": 4,"spheniscidae-baby-*-eudyptulaminor": 4,
							"spheniscidae-adult-female-eudyptulanovaehollandiae": 4.4,"spheniscidae-adult-male-eudyptulanovaehollandiae": 4,"spheniscidae-baby-*-eudyptulanovaehollandiae": 4,
							"spheniscidae-adult-female-megadyptesantipodes": 2.2,"spheniscidae-adult-male-megadyptesantipodes": 2,"spheniscidae-baby-*-megadyptesantipodes": 2,
							"spheniscidae-adult-female-pygoscelisadeliae": 2.2,"spheniscidae-adult-male-pygoscelisadeliae": 2.1,"spheniscidae-baby-*-pygoscelisadeliae": 2,
							"spheniscidae-adult-female-pygoscelisantarcticus": 2.2,"spheniscidae-adult-male-pygoscelisantarcticus": 2.1,"spheniscidae-baby-*-pygoscelisantarcticus": 2,
							"spheniscidae-adult-female-pygoscelispapua": 2,"spheniscidae-adult-male-pygoscelispapua": 1.8,"spheniscidae-baby-*-pygoscelispapua": 1.6,
							"spheniscidae-adult-female-spheniscusdemersus": 2.4,"spheniscidae-adult-male-spheniscusdemersus": 2.2,"spheniscidae-baby-*-spheniscusdemersus": 2,
							"spheniscidae-adult-female-spheniscushumboldti": 2.4,"spheniscidae-adult-male-spheniscushumboldti": 2.3,"spheniscidae-baby-*-spheniscushumboldti": 2,
							"spheniscidae-adult-female-spheniscusmagellanicus": 2,"spheniscidae-adult-male-spheniscusmagellanicus": 1.8,"spheniscidae-baby-*-spheniscusmagellanicus": 2,
							"spheniscidae-adult-female-spheniscusmendiculus": 2.6,"spheniscidae-adult-male-spheniscusmendiculus": 2.4,"spheniscidae-baby-*-spheniscusmendiculus": 2,
							"*": 2
						}
					},
					{
						"code": "idle",
						"animation": "Idle",
						"priority": 0.9,
						"minduration": 16000,
						"maxduration": 45000,
						"mincooldown": 6000,
						"maxcooldown": 120000,
						"priorityForCancel": 1.28,
						"whenNotInEmotionState": "aggressiveondamage|fleeondamage",
						"stopOnNearbyEntityCodes": [ "player", "bear-*", "fox-*", "hyena-male", "hyena-female", "wolf-male", "wolf-female", "caninae-*","felinae-*","hyaenidae-*","machairodontinae-*", "pantherinae-*", "ursidae-*" ],
						"stopRange": 10,
						"stopOnHurt": true,
						"soundByType": {
							"*-baby-*": "game:creature/chicken/chick*",
							"*-aptenodytesforsteri": "creature/spheniscidae/emperorcall*",
							"*-aptornisotidiformis": "creature/spheniscidae/idle"
						},
						"whenSwimming": false
					},
					{
						"code": "idle",
						"animation": "Sleep",
						"priority": 0.5,
						"minduration": 5000,
						"maxduration": 90000,
						"mincooldown": 90000,
						"maxcooldown": 180000,
						"chance": 0.25,
						"priorityForCancel": 1.35,
						"whenNotInEmotionState": "aggressiveondamage|fleeondamage",
						"duringDayTimeFrames": [
							{"fromHour": 0,"toHour": 24}
						],
						"stopOnNearbyEntityCodes": [ "player", "bear-*","fox-*", "hyena-male", "hyena-female", "wolf-male", "wolf-female", "caninae-*","felinae-*","hyaenidae-*","machairodontinae-*", "pantherinae-*", "ursidae-*"  ],
						"stopRange": 8,
						"stopOnHurt": true,
						"whenSwimming": false
					},
					{
						"code": "idle",
						"animation": "Sleepstand",
						"priority": 1.18,
						"minduration": 5000,
						"maxduration": 90000,
						"mincooldown": 90000,
						"maxcooldown": 180000,
						"chance": 0.25,
						"priorityForCancel": 1.35,
						"whenNotInEmotionState": "aggressiveondamage|fleeondamage",
						"duringDayTimeFrames": [
							{"fromHour": 0,"toHour": 24}
						],
						"stopOnNearbyEntityCodes": [ "player", "bear-*","fox-*", "hyena-male", "hyena-female", "wolf-male", "wolf-female", "caninae-*","felinae-*","hyaenidae-*","machairodontinae-*", "pantherinae-*", "ursidae-*"  ],
						"stopRange": 8,
						"stopOnHurt": true,
						"whenSwimming": false
					},
					{
						"code": "idle",
						"animation": "Sit",
						"priority": 0.9,
						"minduration": 15000,
						"maxduration": 45000,
						"mincooldown": 6000,
						"maxcooldown": 120000,
						"priorityForCancel": 1.35,
						"whenNotInEmotionState": "aggressiveondamage|fleeondamage",
						"stopOnNearbyEntityCodes": [ "player", "bear-*","fox-*", "hyena-male", "hyena-female", "wolf-male", "wolf-female", "caninae-*","felinae-*","hyaenidae-*","machairodontinae-*", "pantherinae-*", "ursidae-*"  ],
						"stopRange": 10,
						"stopOnHurt": true,
						"whenSwimming": false
					},
					{
						"code": "idle",
						"animation": "Call",
						"priority": 1.0,
						"priorityForCancel": 1.35,
						"whenNotInEmotionState": "aggressiveondamage|fleeondamage",
						"stopOnNearbyEntityCodes": [ "player", "bear-*","fox-*", "hyena-male", "hyena-female", "wolf-male", "wolf-female", "caninae-*","felinae-*","hyaenidae-*","machairodontinae-*", "pantherinae-*", "ursidae-*"  ],
						"stopRange": 10,
						"minduration": 4000,
						"maxduration": 4000,
						"chance": 0.2,
						"mincooldown": 8000,
						"maxcooldown": 50000,
						"animationSpeed": 1,
						"soundByType": {
							"*-baby-*": "creature/spheniscidae/babyking*",
							"*-aptenodytesforsteri": "creature/spheniscidae/emperorcall*",
							"*-aptenodytespatagonicus": "creature/spheniscidae/kingcall*",
							"@.*-(eudypteschrysocome|eudypteschrysolophus|eudyptesmoseleyi|eudyptespachyrhynchus|eudyptesrobustus|eudyptessclateri|eudyptesschlegeli|eudypteswarhami)": "creature/spheniscidae/rockhoppercall*",
							"@.*-(eudyptulaminor|eudyptulanovaehollandiae)": "creature/spheniscidae/fairycall*",
							"*-megadyptesantipodes": "creature/spheniscidae/yelloweyecall*",
							"*-pygoscelisadeliae": "creature/spheniscidae/adeliecall*",
							"*-pygoscelisantarcticus": "creature/spheniscidae/chinstrapcall*",
							"*-pygoscelispapua": "creature/spheniscidae/gentoocall*",
							"@.*-(spheniscusdemersus|spheniscushumboldti|spheniscusmagellanicus|spheniscusmendiculus)": "creature/spheniscidae/africancall*"
						},
						"soundRangeByType": {
							"*-baby-*": 24,
							"@.*-(aptenodytesforsteri|aptenodytespatagonicus)": 72,
							"@.*-(eudyptulaminor|eudyptulanovaehollandiae)": 24,
							"*": 48
						},
						"whenSwimming": false
					},
					{
						"code": "idle",
						"animation": "Scratch",
						"priority": 1.0,
						"priorityForCancel": 1.35,
						"whenNotInEmotionState": "aggressiveondamage|fleeondamage",
						"stopOnNearbyEntityCodes": [  "player", "bear-*","fox-*", "hyena-male", "hyena-female", "wolf-male", "wolf-female", "caninae-*","felinae-*","hyaenidae-*","machairodontinae-*", "pantherinae-*", "ursidae-*"  ],
						"stopRange": 10,
						"minduration": 4000,
						"maxduration": 4000,
						"mincooldown": 8000,
						"maxcooldown": 50000,
						"chance": 0.9,
						"animationSpeed": 1.0,
						"whenSwimming": false
					},
					{
						"code": "idle",
						"animation": "Shake",
						"priority": 1.2,
						"priorityForCancel": 1.35,
						"whenNotInEmotionState": "aggressiveondamage|fleeondamage",
						"stopOnNearbyEntityCodes": [  "player", "bear-*","fox-*", "hyena-male", "hyena-female", "wolf-male", "wolf-female", "caninae-*","felinae-*","hyaenidae-*","machairodontinae-*", "pantherinae-*", "ursidae-*" ],
						"stopRange": 10,
						"minduration": 3000,
						"maxduration": 4000,
						"mincooldown": 60000,
						"maxcooldown": 200000,
						"chance": 0.1,
						"animationSpeed": 1,
						"whenSwimming": false
					},
					{
						"code": "idle",
						"animation": "Threat",
						"priority": 1.2,
						"priorityForCancel": 1.35,
						"whenNotInEmotionState": "aggressiveondamage|fleeondamage",
						"stopOnNearbyEntityCodes": [  "player", "bear-*","fox-*", "hyena-male", "hyena-female", "wolf-male", "wolf-female", "caninae-*","felinae-*","hyaenidae-*","machairodontinae-*", "pantherinae-*", "ursidae-*"  ],
						"stopRange": 10,
						"chance": 0.1,
						"minduration": 4000,
						"maxduration": 4000,
						"mincooldown": 6000,
						"maxcooldown": 20000,
						"animationSpeed": 0.25,
						"whenSwimming": false
					},
					{
						"code": "wander",
						"animation": "Walk",
						"priority": 1.0,
						"priorityForCancel": 1.35,
						"whenNotInEmotionState": "aggressiveondamage|fleeondamage",
						"stopOnNearbyEntityCodes": [ "player", "bear-*","fox-*", "hyena-male", "hyena-female", "wolf-male", "wolf-female", "caninae-*","felinae-*","hyaenidae-*","machairodontinae-*", "pantherinae-*", "ursidae-*"  ],
						"stopRange": 10,
						"chance": 0.5,
						"movespeedByType": {
							"spheniscidae-adult-*": 0.0025,
							"spheniscidae-baby-*": 0.00125
						},
						"animationSpeedByType": {
							"spheniscidae-adult-female-aptenodytesforsteri": 1,"spheniscidae-adult-male-aptenodytesforsteri": 0.95,"spheniscidae-baby-*-aptenodytesforsteri": 2,
							"spheniscidae-adult-female-aptenodytespatagonicus": 1,"spheniscidae-adult-male-aptenodytespatagonicus": 0.95,"spheniscidae-baby-*-aptenodytespatagonicus": 1,
							"spheniscidae-adult-female-eudypteschrysocome": 3.2,"spheniscidae-adult-male-eudypteschrysocome": 3,"spheniscidae-baby-*-eudypteschrysocome": 2.66,
							"spheniscidae-adult-female-eudypteschrysolophus": 3.1,"spheniscidae-adult-male-eudypteschrysolophus": 2.9,"spheniscidae-baby-*-eudypteschrysolophus": 2.66,
							"spheniscidae-adult-female-eudyptesmoseleyi": 3.2,"spheniscidae-adult-male-eudyptesmoseleyi": 3,"spheniscidae-baby-*-eudyptesmoseleyi": 2.66,
							"spheniscidae-adult-female-eudyptespachyrhynchus": 3.5,"spheniscidae-adult-male-eudyptespachyrhynchus": 3.3,"spheniscidae-baby-*-eudyptespachyrhynchus": 2.66,
							"spheniscidae-adult-female-eudyptesrobustus": 3.2,"spheniscidae-adult-male-eudyptesrobustus": 3,"spheniscidae-baby-*-eudyptesrobustus": 2.66,
							"spheniscidae-adult-female-eudyptessclateri": 2.6,"spheniscidae-adult-male-eudyptessclateri": 2.4,"spheniscidae-baby-*-eudyptessclateri": 2.66,
							"spheniscidae-adult-female-eudyptesschlegeli": 2.5,"spheniscidae-adult-male-eudyptesschlegeli": 2.3,"spheniscidae-baby-*-eudyptesschlegeli": 2.66,
							"spheniscidae-adult-female-eudypteswarhami": 2.6,"spheniscidae-adult-male-eudypteswarhami": 2.4,"spheniscidae-baby-*-eudypteswarhami": 2.66,
							"spheniscidae-adult-female-eudyptulaminor": 4.4,"spheniscidae-adult-male-eudyptulaminor": 4,"spheniscidae-baby-*-eudyptulaminor": 4,
							"spheniscidae-adult-female-eudyptulanovaehollandiae": 4.4,"spheniscidae-adult-male-eudyptulanovaehollandiae": 4,"spheniscidae-baby-*-eudyptulanovaehollandiae": 4,
							"spheniscidae-adult-female-megadyptesantipodes": 2.2,"spheniscidae-adult-male-megadyptesantipodes": 2,"spheniscidae-baby-*-megadyptesantipodes": 2,
							"spheniscidae-adult-female-pygoscelisadeliae": 2.2,"spheniscidae-adult-male-pygoscelisadeliae": 2.1,"spheniscidae-baby-*-pygoscelisadeliae": 2,
							"spheniscidae-adult-female-pygoscelisantarcticus": 2.2,"spheniscidae-adult-male-pygoscelisantarcticus": 2.1,"spheniscidae-baby-*-pygoscelisantarcticus": 2,
							"spheniscidae-adult-female-pygoscelispapua": 2,"spheniscidae-adult-male-pygoscelispapua": 1.8,"spheniscidae-baby-*-pygoscelispapua": 1.6,
							"spheniscidae-adult-female-spheniscusdemersus": 2.4,"spheniscidae-adult-male-spheniscusdemersus": 2.2,"spheniscidae-baby-*-spheniscusdemersus": 2,
							"spheniscidae-adult-female-spheniscushumboldti": 2.4,"spheniscidae-adult-male-spheniscushumboldti": 2.3,"spheniscidae-baby-*-spheniscushumboldti": 2,
							"spheniscidae-adult-female-spheniscusmagellanicus": 2,"spheniscidae-adult-male-spheniscusmagellanicus": 1.8,"spheniscidae-baby-*-spheniscusmagellanicus": 2,
							"spheniscidae-adult-female-spheniscusmendiculus": 2.6,"spheniscidae-adult-male-spheniscusmendiculus": 2.4,"spheniscidae-baby-*-spheniscusmendiculus": 2,
							"*": 2
						},
						"preferredLightLevel": 12,
						"whenSwimming": false
					},
					{
						"code": "wander",
						"animation": "Slowwalk",
						"priority": 1.0,
						"priorityForCancel": 1.35,
						"whenNotInEmotionState": "aggressiveondamage|fleeondamage",
						"stopOnNearbyEntityCodes": [ "player", "bear-*","fox-*", "hyena-male", "hyena-female", "wolf-male", "wolf-female", "caninae-*","felinae-*","hyaenidae-*","machairodontinae-*", "pantherinae-*", "ursidae-*"  ],
						"stopRange": 10,
						"chance": 0.5,
						"movespeedByType": {
							"spheniscidae-adult-*": 0.00125,
							"spheniscidae-baby-*": 0.000625
						},
						"animationSpeedByType": {
							"spheniscidae-adult-female-aptenodytesforsteri": 1,"spheniscidae-adult-male-aptenodytesforsteri": 0.95,"spheniscidae-baby-*-aptenodytesforsteri": 2,
							"spheniscidae-adult-female-aptenodytespatagonicus": 1,"spheniscidae-adult-male-aptenodytespatagonicus": 0.95,"spheniscidae-baby-*-aptenodytespatagonicus": 1,
							"spheniscidae-adult-female-eudypteschrysocome": 3.2,"spheniscidae-adult-male-eudypteschrysocome": 3,"spheniscidae-baby-*-eudypteschrysocome": 2.66,
							"spheniscidae-adult-female-eudypteschrysolophus": 3.1,"spheniscidae-adult-male-eudypteschrysolophus": 2.9,"spheniscidae-baby-*-eudypteschrysolophus": 2.66,
							"spheniscidae-adult-female-eudyptesmoseleyi": 3.2,"spheniscidae-adult-male-eudyptesmoseleyi": 3,"spheniscidae-baby-*-eudyptesmoseleyi": 2.66,
							"spheniscidae-adult-female-eudyptespachyrhynchus": 3.5,"spheniscidae-adult-male-eudyptespachyrhynchus": 3.3,"spheniscidae-baby-*-eudyptespachyrhynchus": 2.66,
							"spheniscidae-adult-female-eudyptesrobustus": 3.2,"spheniscidae-adult-male-eudyptesrobustus": 3,"spheniscidae-baby-*-eudyptesrobustus": 2.66,
							"spheniscidae-adult-female-eudyptessclateri": 2.6,"spheniscidae-adult-male-eudyptessclateri": 2.4,"spheniscidae-baby-*-eudyptessclateri": 2.66,
							"spheniscidae-adult-female-eudyptesschlegeli": 2.5,"spheniscidae-adult-male-eudyptesschlegeli": 2.3,"spheniscidae-baby-*-eudyptesschlegeli": 2.66,
							"spheniscidae-adult-female-eudypteswarhami": 2.6,"spheniscidae-adult-male-eudypteswarhami": 2.4,"spheniscidae-baby-*-eudypteswarhami": 2.66,
							"spheniscidae-adult-female-eudyptulaminor": 4.4,"spheniscidae-adult-male-eudyptulaminor": 4,"spheniscidae-baby-*-eudyptulaminor": 4,
							"spheniscidae-adult-female-eudyptulanovaehollandiae": 4.4,"spheniscidae-adult-male-eudyptulanovaehollandiae": 4,"spheniscidae-baby-*-eudyptulanovaehollandiae": 4,
							"spheniscidae-adult-female-megadyptesantipodes": 2.2,"spheniscidae-adult-male-megadyptesantipodes": 2,"spheniscidae-baby-*-megadyptesantipodes": 2,
							"spheniscidae-adult-female-pygoscelisadeliae": 2.2,"spheniscidae-adult-male-pygoscelisadeliae": 2.1,"spheniscidae-baby-*-pygoscelisadeliae": 2,
							"spheniscidae-adult-female-pygoscelisantarcticus": 2.2,"spheniscidae-adult-male-pygoscelisantarcticus": 2.1,"spheniscidae-baby-*-pygoscelisantarcticus": 2,
							"spheniscidae-adult-female-pygoscelispapua": 2,"spheniscidae-adult-male-pygoscelispapua": 1.8,"spheniscidae-baby-*-pygoscelispapua": 1.6,
							"spheniscidae-adult-female-spheniscusdemersus": 2.4,"spheniscidae-adult-male-spheniscusdemersus": 2.2,"spheniscidae-baby-*-spheniscusdemersus": 2,
							"spheniscidae-adult-female-spheniscushumboldti": 2.4,"spheniscidae-adult-male-spheniscushumboldti": 2.3,"spheniscidae-baby-*-spheniscushumboldti": 2,
							"spheniscidae-adult-female-spheniscusmagellanicus": 2,"spheniscidae-adult-male-spheniscusmagellanicus": 1.8,"spheniscidae-baby-*-spheniscusmagellanicus": 2,
							"spheniscidae-adult-female-spheniscusmendiculus": 2.6,"spheniscidae-adult-male-spheniscusmendiculus": 2.4,"spheniscidae-baby-*-spheniscusmendiculus": 2,
							"*": 2
						},
						"preferredLightLevel": 12,
						"whenSwimming": false
					},
					{
						"code": "wander",
						"animation": "Highwalk",
						"enabledByType": {"*-adult-*": true,"*": false},
						"priority": 1.0,
						"priorityForCancel": 1.35,
						"whenNotInEmotionState": "aggressiveondamage|fleeondamage",
						"stopOnNearbyEntityCodes": [ "player", "bear-*","fox-*", "hyena-male", "hyena-female", "wolf-male", "wolf-female", "caninae-*","felinae-*","hyaenidae-*","machairodontinae-*", "pantherinae-*", "ursidae-*"  ],
						"stopRange": 10,
						"chance": 0.5,
						"movespeedByType": {
							"spheniscidae-adult-*": 0.0025,
							"spheniscidae-baby-*": 0.00125
						},
						"animationSpeedByType": {
							"spheniscidae-adult-female-aptenodytesforsteri": 1,"spheniscidae-adult-male-aptenodytesforsteri": 0.95,"spheniscidae-baby-*-aptenodytesforsteri": 2,
							"spheniscidae-adult-female-aptenodytespatagonicus": 1,"spheniscidae-adult-male-aptenodytespatagonicus": 0.95,"spheniscidae-baby-*-aptenodytespatagonicus": 1,
							"spheniscidae-adult-female-eudypteschrysocome": 3.2,"spheniscidae-adult-male-eudypteschrysocome": 3,"spheniscidae-baby-*-eudypteschrysocome": 2.66,
							"spheniscidae-adult-female-eudypteschrysolophus": 3.1,"spheniscidae-adult-male-eudypteschrysolophus": 2.9,"spheniscidae-baby-*-eudypteschrysolophus": 2.66,
							"spheniscidae-adult-female-eudyptesmoseleyi": 3.2,"spheniscidae-adult-male-eudyptesmoseleyi": 3,"spheniscidae-baby-*-eudyptesmoseleyi": 2.66,
							"spheniscidae-adult-female-eudyptespachyrhynchus": 3.5,"spheniscidae-adult-male-eudyptespachyrhynchus": 3.3,"spheniscidae-baby-*-eudyptespachyrhynchus": 2.66,
							"spheniscidae-adult-female-eudyptesrobustus": 3.2,"spheniscidae-adult-male-eudyptesrobustus": 3,"spheniscidae-baby-*-eudyptesrobustus": 2.66,
							"spheniscidae-adult-female-eudyptessclateri": 2.6,"spheniscidae-adult-male-eudyptessclateri": 2.4,"spheniscidae-baby-*-eudyptessclateri": 2.66,
							"spheniscidae-adult-female-eudyptesschlegeli": 2.5,"spheniscidae-adult-male-eudyptesschlegeli": 2.3,"spheniscidae-baby-*-eudyptesschlegeli": 2.66,
							"spheniscidae-adult-female-eudypteswarhami": 2.6,"spheniscidae-adult-male-eudypteswarhami": 2.4,"spheniscidae-baby-*-eudypteswarhami": 2.66,
							"spheniscidae-adult-female-eudyptulaminor": 4.4,"spheniscidae-adult-male-eudyptulaminor": 4,"spheniscidae-baby-*-eudyptulaminor": 4,
							"spheniscidae-adult-female-eudyptulanovaehollandiae": 4.4,"spheniscidae-adult-male-eudyptulanovaehollandiae": 4,"spheniscidae-baby-*-eudyptulanovaehollandiae": 4,
							"spheniscidae-adult-female-megadyptesantipodes": 2.2,"spheniscidae-adult-male-megadyptesantipodes": 2,"spheniscidae-baby-*-megadyptesantipodes": 2,
							"spheniscidae-adult-female-pygoscelisadeliae": 2.2,"spheniscidae-adult-male-pygoscelisadeliae": 2.1,"spheniscidae-baby-*-pygoscelisadeliae": 2,
							"spheniscidae-adult-female-pygoscelisantarcticus": 2.2,"spheniscidae-adult-male-pygoscelisantarcticus": 2.1,"spheniscidae-baby-*-pygoscelisantarcticus": 2,
							"spheniscidae-adult-female-pygoscelispapua": 2,"spheniscidae-adult-male-pygoscelispapua": 1.8,"spheniscidae-baby-*-pygoscelispapua": 1.6,
							"spheniscidae-adult-female-spheniscusdemersus": 2.4,"spheniscidae-adult-male-spheniscusdemersus": 2.2,"spheniscidae-baby-*-spheniscusdemersus": 2,
							"spheniscidae-adult-female-spheniscushumboldti": 2.4,"spheniscidae-adult-male-spheniscushumboldti": 2.3,"spheniscidae-baby-*-spheniscushumboldti": 2,
							"spheniscidae-adult-female-spheniscusmagellanicus": 2,"spheniscidae-adult-male-spheniscusmagellanicus": 1.8,"spheniscidae-baby-*-spheniscusmagellanicus": 2,
							"spheniscidae-adult-female-spheniscusmendiculus": 2.6,"spheniscidae-adult-male-spheniscusmendiculus": 2.4,"spheniscidae-baby-*-spheniscusmendiculus": 2,
							"*": 2
						},
						"preferredLightLevel": 12,
						"whenSwimming": false
					},
					{
						"code": "wander",
						"animation": "Hop",
						"enabledByType": {
							"@.*-(eudypteschrysocome|eudypteschrysolophus|eudyptesmoseleyi|eudyptespachyrhynchus|eudyptesrobustus|eudyptessclateri|eudyptesschlegeli|eudypteswarhami)": true,
							"*": false
						},
						"priority": 1.0,
						"priorityForCancel": 1.35,
						"whenNotInEmotionState": "aggressiveondamage|fleeondamage",
						"stopOnNearbyEntityCodes": [ "player", "bear-*","fox-*", "hyena-male", "hyena-female", "wolf-male", "wolf-female", "caninae-*","felinae-*","hyaenidae-*","machairodontinae-*", "pantherinae-*", "ursidae-*"  ],
						"stopRange": 10,
						"chance": 0.5,
						"movespeedByType": {
							"spheniscidae-adult-*": 0.005,
							"spheniscidae-baby-*": 0.00125
						},
						"animationSpeedByType": {
							"spheniscidae-adult-female-eudypteschrysocome": 3.2,"spheniscidae-adult-male-eudypteschrysocome": 3,"spheniscidae-baby-*-eudypteschrysocome": 2.66,
							"spheniscidae-adult-female-eudypteschrysolophus": 3.1,"spheniscidae-adult-male-eudypteschrysolophus": 2.9,"spheniscidae-baby-*-eudypteschrysolophus": 2.66,
							"spheniscidae-adult-female-eudyptesmoseleyi": 3.2,"spheniscidae-adult-male-eudyptesmoseleyi": 3,"spheniscidae-baby-*-eudyptesmoseleyi": 2.66,
							"spheniscidae-adult-female-eudyptespachyrhynchus": 3.5,"spheniscidae-adult-male-eudyptespachyrhynchus": 3.3,"spheniscidae-baby-*-eudyptespachyrhynchus": 2.66,
							"spheniscidae-adult-female-eudyptesrobustus": 3.2,"spheniscidae-adult-male-eudyptesrobustus": 3,"spheniscidae-baby-*-eudyptesrobustus": 2.66,
							"spheniscidae-adult-female-eudyptessclateri": 2.6,"spheniscidae-adult-male-eudyptessclateri": 2.4,"spheniscidae-baby-*-eudyptessclateri": 2.66,
							"spheniscidae-adult-female-eudyptesschlegeli": 2.5,"spheniscidae-adult-male-eudyptesschlegeli": 2.3,"spheniscidae-baby-*-eudyptesschlegeli": 2.66,
							"spheniscidae-adult-female-eudypteswarhami": 2.6,"spheniscidae-adult-male-eudypteswarhami": 2.4,"spheniscidae-baby-*-eudypteswarhami": 2.66,
							"*": 2
						},
						"preferredLightLevel": 12,
						"whenSwimming": false
					},
					{
						"code": "wander",
						"animation": "Slide",
						"enabledByType": {
							"@.*-(aptenodytesforsteri|pygoscelisadeliae)": true,
							"*": false
						},
						"priority": 1.0,
						"priorityForCancel": 1.35,
						"whenNotInEmotionState": "aggressiveondamage|fleeondamage",
						"stopOnNearbyEntityCodes": [ "player", "bear-*","fox-*", "hyena-male", "hyena-female", "wolf-male", "wolf-female", "caninae-*","felinae-*","hyaenidae-*","machairodontinae-*", "pantherinae-*", "ursidae-*"  ],
						"stopRange": 10,
						"chance": 0.5,
						"movespeedByType": {
							"spheniscidae-adult-*": 0.004,
							"spheniscidae-baby-*": 0.003
						},
						"animationSpeedByType": {
							"spheniscidae-adult-female-aptenodytesforsteri": 1,"spheniscidae-adult-male-aptenodytesforsteri": 0.95,"spheniscidae-baby-*-aptenodytesforsteri": 2,
							"spheniscidae-adult-female-pygoscelisadeliae": 2.2,"spheniscidae-adult-male-pygoscelisadeliae": 2.1,"spheniscidae-baby-*-pygoscelisadeliae": 2,
						},
						"preferredLightLevel": 12,
						"whenSwimming": false
					},
					{
						"code": "wander",
						"animation": "Swim",
						"enabledByType": {"*": false},
						"priority": 1.0,
						"priorityForCancel": 1.35,
						"whenNotInEmotionState": "aggressiveondamage|fleeondamage",
						"stopOnNearbyEntityCodes": [  "player", "bear-*","fox-*", "hyena-male", "hyena-female", "wolf-male", "wolf-female", "caninae-*","felinae-*","hyaenidae-*","machairodontinae-*", "pantherinae-*", "ursidae-*" ],
						"stopRange": 10,
						"movespeedByType": {
							"spheniscidae-adult-*": 0.03,
							"spheniscidae-baby-*": 0.003
						},
						"animationSpeedByType": {
							"spheniscidae-adult-*-aptenodytesforsteri": 1,
							"*-baby-*": 2.0
						},
						"preferredLightLevel": 12,
						"whenSwimming": true
					},
					{
						"code": "seekfoodandeat",
						"animation": "Walk",
						"eatAnimation": "Eat",
						"movespeedByType": {
							"spheniscidae-adult-*": 0.003,
							"spheniscidae-baby-*": 0.003
						},
						"priority": 1.25,
						"whenNotInEmotionState": "aggressiveondamage|fleeondamage",
						"eatSoundByType": {
							"*": "game:creature/animal-eat-small"
						},
						"eatTime": 1.5,
						"eatLooseItems": true,
						"animationSpeedByType": {
							"spheniscidae-adult-*-aptenodytesforsteri": 1,
							"spheniscidae-adult-*-aptornisotidiformis": 1.25,
							"*-baby-*": 2
						},
						"mincooldownHours": 1,
						"maxcooldownHours": 4,
						"whenSwimming": false
					},
					{
						"code": "lookaround",
						"whenNotInEmotionState": "aggressiveondamage|fleeondamage",
						"priority": 0.5,
						"whenSwimming": false
					}
				]
			},
			{"code": "ropetieable","minGeneration": 2},
			{"code": "pettable","minGeneration": 1}
		],
		"spawnconditions": {
			"worldgen": {
			"tryOnlySurface": true,	
			"groupSizeByType": {
					"*-adult-male-*": { "dist": "invexp", "avg": 3.5, "var": 2.5 },
					"*-adult-female-*": { "dist": "invexp", "avg": 22, "var": 18 }
			},
			"insideBlockCodes":["game:snowlayer-1", "game:saltwater-*"],
			"companionsByType": {
				"spheniscidae-adult-female-*":["spheniscidae:spheniscidae-adult-female-{type}","spheniscidae:spheniscidae-adult-male-{type}","spheniscidae:spheniscidae-baby-female-{type}","spheniscidae:spheniscidae-baby-male-{type}"],
				"spheniscidae-adult-male-*":["spheniscidae:spheniscidae-adult-female-{type}"],
				"*":["spheniscidae:spheniscidae-adult-female-{type}","spheniscidae:spheniscidae-adult-male-{type}"]}
		},
			"runtime": {
				"group": "neutral",
				"maxQuantityByGroup": { "code": "spheniscidae-*", "maxQuantity": 4 },
				"tryOnlySurface": true,
				"chanceByType": {
					"spheniscidae-adult-female-aptenodytesforsteri": 0.0005, "spheniscidae-adult-male-aptenodytesforsteri": 0.0005,
					"spheniscidae-adult-female-aptenodytespatagonicus": 0.0005, "spheniscidae-adult-male-aptenodytespatagonicus": 0.0005,
					"spheniscidae-adult-female-eudypteschrysocome": 0.0005, "spheniscidae-adult-male-eudypteschrysocome": 0.0005,
					"spheniscidae-adult-female-eudypteschrysolophus": 0.0005, "spheniscidae-adult-male-eudypteschrysolophus": 0.0005,
					"spheniscidae-adult-female-eudyptesmoseleyi": 0.0005, "spheniscidae-adult-male-eudyptesmoseleyi": 0.0005,
					"spheniscidae-adult-female-eudyptespachyrhynchus": 0.0005, "spheniscidae-adult-male-eudyptespachyrhynchus": 0.0005,
					"spheniscidae-adult-female-eudyptesrobustus": 0.0005, "spheniscidae-adult-male-eudyptesrobustus": 0.0005,
					"spheniscidae-adult-female-eudyptessclateri": 0.0005, "spheniscidae-adult-male-eudyptessclateri": 0.0005,
					"spheniscidae-adult-female-eudyptesschlegeli": 0.0005, "spheniscidae-adult-male-eudyptesschlegeli": 0.0005,
					"spheniscidae-adult-female-eudypteswarhami": 0.0005, "spheniscidae-adult-male-eudypteswarhami": 0.0005,
					"spheniscidae-adult-female-eudyptulaminor": 0.0005, "spheniscidae-adult-male-eudyptulaminor": 0.0005,
					"spheniscidae-adult-female-eudyptulanovaehollandiae": 0.0005, "spheniscidae-adult-male-eudyptulanovaehollandiae": 0.0005,
					"spheniscidae-adult-female-megadyptesantipodes": 0.0005, "spheniscidae-adult-male-megadyptesantipodes": 0.0005,
					"spheniscidae-adult-female-pygoscelisadeliae": 0.0005, "spheniscidae-adult-male-pygoscelisadeliae": 0.0005,
					"spheniscidae-adult-female-pygoscelisantarcticus": 0.0005, "spheniscidae-adult-male-pygoscelisantarcticus": 0.0005,
					"spheniscidae-adult-female-pygoscelispapua": 0.0005, "spheniscidae-adult-male-pygoscelispapua": 0.0005,
					"spheniscidae-adult-female-spheniscusdemersus": 0.0005, "spheniscidae-adult-male-spheniscusdemersus": 0.0005,
					"spheniscidae-adult-female-spheniscushumboldti": 0.0005, "spheniscidae-adult-male-spheniscushumboldti": 0.0005,
					"spheniscidae-adult-female-spheniscusmagellanicus": 0.0005, "spheniscidae-adult-male-spheniscusmagellanicus": 0.0005,
					"spheniscidae-adult-female-spheniscusmendiculus": 0.0005, "spheniscidae-adult-male-spheniscusmendiculus": 0.0005,
					"*": 0.0
				},
				"mindistancetoplayer": 50,
				"maxLightLevel": 7,
				"lightLevelType": "onlyBlockLight",	
				"spawnCapPlayerScaling": 0.0,	
				"groupSizeByType": {
					"*-adult-male-*": { "dist": "invexp", "avg": 3.5, "var": 2.5 },
					"*-adult-female-*": { "dist": "invexp", "avg": 22, "var": 18 }
				},
				"insideBlockCodesByType": {"*":["game:snowlayer-1", "game:saltwater-*"]},
				"companionsByType": {
				"spheniscidae-adult-female-*":["spheniscidae:spheniscidae-adult-female-{type}","spheniscidae:spheniscidae-adult-male-{type}","spheniscidae:spheniscidae-baby-female-{type}","spheniscidae:spheniscidae-baby-male-{type}"],
				"spheniscidae-adult-male-*":["spheniscidae:spheniscidae-adult-female-{type}"],
				"*":["spheniscidae:spheniscidae-adult-female-{type}","spheniscidae:spheniscidae-adult-male-{type}"]}
			}
		},
		"spawnconditionsByType": {
			"spheniscidae-adult-*-aptenodytesforsteri": {
				"climate": {
					"minTemp": -20,
					"maxTemp": -6,
					"minRain": 0.0,
					"maxRain": 1.0,
					"minForestOrShrubs": 0.0,
					"maxForest": 1.0,
					"maxShrubs": 1.0,
					"minY": 0.9,
					"maxY": 1.1					
				},
				"worldgen": {
					"triesPerChunk": { "avg": 0.005, "var": 0}
				},
				"runtime": {
					"maxQuantityByGroup": { "code": "spheniscidae-*", "maxQuantity": 4 }
				}
			},
			"spheniscidae-adult-*-aptenodytespatagonicus": {
				"climate": {
					"minTemp": -6,
					"maxTemp": 3,
					"minRain": 0.0,
					"maxRain": 1.0,
					"minForestOrShrubs": 0.0,
					"maxForest": 1.0,
					"maxShrubs": 1.0,
					"minY": 0.9,
					"maxY": 1.1					
				},
				"worldgen": {
					"triesPerChunk": { "avg": 0.005, "var": 0}
				},
				"runtime": {
					"maxQuantityByGroup": { "code": "spheniscidae-*", "maxQuantity": 4 }
				}
			},
			"spheniscidae-adult-*-eudypteschrysocome": {
				"climate": {
					"minTemp": 0,
					"maxTemp": 18,
					"minRain": 0.0,
					"maxRain": 1.0,
					"minForestOrShrubs": 0.0,
					"maxForest": 1.0,
					"maxShrubs": 1.0,
					"minY": 0.9,
					"maxY": 1.1					
				},
				"worldgen": {
					"triesPerChunk": { "avg": 0.005, "var": 0}
				},
				"runtime": {
					"maxQuantityByGroup": { "code": "spheniscidae-*", "maxQuantity": 4 }
				}
			},
			"spheniscidae-adult-*-eudypteschrysolophus": {
				"climate": {
					"minTemp": -12,
					"maxTemp": 8,
					"minRain": 0.0,
					"maxRain": 1.0,
					"minForestOrShrubs": 0.0,
					"maxForest": 1.0,
					"maxShrubs": 1.0,
					"minY": 0.9,
					"maxY": 1.1					
				},
				"worldgen": {
					"triesPerChunk": { "avg": 0.005, "var": 0}
				},
				"runtime": {
					"maxQuantityByGroup": { "code": "spheniscidae-*", "maxQuantity": 4 }
				}
			},
			"spheniscidae-adult-*-eudyptesmoseleyi": {
				"climate": {
					"minTemp": -2,
					"maxTemp": 16,
					"minRain": 0.0,
					"maxRain": 1.0,
					"minForestOrShrubs": 0.0,
					"maxForest": 1.0,
					"maxShrubs": 1.0,
					"minY": 0.9,
					"maxY": 1.1					
				},
				"worldgen": {
					"triesPerChunk": { "avg": 0.005, "var": 0}
				},
				"runtime": {
					"maxQuantityByGroup": { "code": "spheniscidae-*", "maxQuantity": 4 }
				}
			},
			"spheniscidae-adult-*-eudyptespachyrhynchus": {
				"climate": {
					"minTemp": 8,
					"maxTemp": 12,
					"minRain": 0.6,
					"maxRain": 1.0,
					"minForestOrShrubs": 0.0,
					"maxForest": 1.0,
					"maxShrubs": 1.0,
					"minY": 0.9,
					"maxY": 1.1					
				},
				"worldgen": {
					"triesPerChunk": { "avg": 0.005, "var": 0}
				},
				"runtime": {
					"maxQuantityByGroup": { "code": "spheniscidae-*", "maxQuantity": 4 }
				}
			},
			"spheniscidae-adult-*-eudyptesrobustus": {
				"climate": {
					"minTemp": 10,
					"maxTemp": 12,
					"minRain": 0.6,
					"maxRain": 0.8,
					"minForestOrShrubs": 0.0,
					"maxForest": 1.0,
					"maxShrubs": 1.0,
					"minY": 0.9,
					"maxY": 1.1					
				},
				"worldgen": {
					"triesPerChunk": { "avg": 0.005, "var": 0}
				},
				"runtime": {
					"maxQuantityByGroup": { "code": "spheniscidae-*", "maxQuantity": 4 }
				}
			},
			"spheniscidae-adult-*-eudyptessclateri": {
				"climate": {
					"minTemp": 10,
					"maxTemp": 16,
					"minRain": 0.4,
					"maxRain": 1.0,
					"minForestOrShrubs": 0.0,
					"maxForest": 1.0,
					"maxShrubs": 1.0,
					"minY": 0.9,
					"maxY": 1.1					
				},
				"worldgen": {
					"triesPerChunk": { "avg": 0.005, "var": 0}
				},
				"runtime": {
					"maxQuantityByGroup": { "code": "spheniscidae-*", "maxQuantity": 4 }
				}
			},
			"spheniscidae-adult-*-eudyptesschlegeli": {
				"climate": {
					"minTemp": 3,
					"maxTemp": 7,
					"minRain": 0.4,
					"maxRain": 0.7,
					"minForestOrShrubs": 0.0,
					"maxForest": 1.0,
					"maxShrubs": 1.0,
					"minY": 0.9,
					"maxY": 1.1					
				},
				"worldgen": {
					"triesPerChunk": { "avg": 0.005, "var": 0}
				},
				"runtime": {
					"maxQuantityByGroup": { "code": "spheniscidae-*", "maxQuantity": 4 }
				}
			},
			"spheniscidae-adult-*-eudypteswarhami": {
				"climate": {
					"minTemp": 10,
					"maxTemp": 15,
					"minRain": 0.6,
					"maxRain": 0.8,
					"minForestOrShrubs": 0.0,
					"maxForest": 1.0,
					"maxShrubs": 1.0,
					"minY": 0.9,
					"maxY": 1.1					
				},
				"worldgen": {
					"triesPerChunk": { "avg": 0.005, "var": 0}
				},
				"runtime": {
					"maxQuantityByGroup": { "code": "spheniscidae-*", "maxQuantity": 4 }
				}
			},
			"spheniscidae-adult-*-eudyptulaminor": {
				"climate": {
					"minTemp": 12,
					"maxTemp": 16,
					"minRain": 0.0,
					"maxRain": 1.0,
					"minForestOrShrubs": 0.0,
					"maxForest": 1.0,
					"maxShrubs": 1.0,
					"minY": 0.9,
					"maxY": 1.1					
				},
				"worldgen": {
					"triesPerChunk": { "avg": 0.005, "var": 0}
				},
				"runtime": {
					"maxQuantityByGroup": { "code": "spheniscidae-*", "maxQuantity": 4 }
				}
			},
			"spheniscidae-adult-*-eudyptulanovaehollandiae": {
				"climate": {
					"minTemp": 12,
					"maxTemp": 24,
					"minRain": 0.0,
					"maxRain": 1.0,
					"minForestOrShrubs": 0.0,
					"maxForest": 1.0,
					"maxShrubs": 1.0,
					"minY": 0.9,
					"maxY": 1.1					
				},
				"worldgen": {
					"triesPerChunk": { "avg": 0.005, "var": 0}
				},
				"runtime": {
					"maxQuantityByGroup": { "code": "spheniscidae-*", "maxQuantity": 4 }
				}
			},
			"spheniscidae-adult-*-megadyptesantipodes": {
				"climate": {
					"minTemp": 6,
					"maxTemp": 10,
					"minRain": 0.0,
					"maxRain": 1.0,
					"minForestOrShrubs": 0.0,
					"maxForest": 1.0,
					"maxShrubs": 1.0,
					"minY": 0.9,
					"maxY": 1.1					
				},
				"worldgen": {
					"triesPerChunk": { "avg": 0.005, "var": 0}
				},
				"runtime": {
					"maxQuantityByGroup": { "code": "spheniscidae-*", "maxQuantity": 4 }
				}
			},
			"spheniscidae-adult-*-pygoscelisadeliae": {
				"climate": {
					"minTemp": -20,
					"maxTemp": -6,
					"minRain": 0.0,
					"maxRain": 1.0,
					"minForestOrShrubs": 0.0,
					"maxForest": 1.0,
					"maxShrubs": 1.0,
					"minY": 0.9,
					"maxY": 1.1					
				},
				"worldgen": {
					"triesPerChunk": { "avg": 0.005, "var": 0}
				},
				"runtime": {
					"maxQuantityByGroup": { "code": "spheniscidae-*", "maxQuantity": 4 }
				}
			},
			"spheniscidae-adult-*-pygoscelisantarcticus": {
				"climate": {
					"minTemp": -15,
					"maxTemp": 13,
					"minRain": 0.0,
					"maxRain": 1.0,
					"minForestOrShrubs": 0.0,
					"maxForest": 1.0,
					"maxShrubs": 1.0,
					"minY": 0.9,
					"maxY": 1.1					
				},
				"worldgen": {
					"triesPerChunk": { "avg": 0.005, "var": 0}
				},
				"runtime": {
					"maxQuantityByGroup": { "code": "spheniscidae-*", "maxQuantity": 4 }
				}
			},
			"spheniscidae-adult-*-pygoscelispapua": {
				"climate": {
					"minTemp": -10,
					"maxTemp": 14,
					"minRain": 0.0,
					"maxRain": 1.0,
					"minForestOrShrubs": 0.0,
					"maxForest": 1.0,
					"maxShrubs": 1.0,
					"minY": 0.9,
					"maxY": 1.1					
				},
				"worldgen": {
					"triesPerChunk": { "avg": 0.005, "var": 0}
				},
				"runtime": {
					"maxQuantityByGroup": { "code": "spheniscidae-*", "maxQuantity": 4 }
				}
			},
			"spheniscidae-adult-*-spheniscusdemersus": {
				"climate": {
					"minTemp": 13,
					"maxTemp": 25,
					"minRain": 0.0,
					"maxRain": 0.5,
					"minForestOrShrubs": 0.0,
					"maxForest": 1.0,
					"maxShrubs": 1.0,
					"minY": 0.9,
					"maxY": 1.1					
				},
				"worldgen": {
					"triesPerChunk": { "avg": 0.005, "var": 0}
				},
				"runtime": {
					"maxQuantityByGroup": { "code": "spheniscidae-*", "maxQuantity": 4 }
				}
			},
			"spheniscidae-adult-*-spheniscushumboldti": {
				"climate": {
					"minTemp": 22,
					"maxTemp": 27,
					"minRain": 0.0,
					"maxRain": 0.3,
					"minForestOrShrubs": 0.0,
					"maxForest": 1.0,
					"maxShrubs": 1.0,
					"minY": 0.9,
					"maxY": 1.1					
				},
				"worldgen": {
					"triesPerChunk": { "avg": 0.005, "var": 0}
				},
				"runtime": {
					"maxQuantityByGroup": { "code": "spheniscidae-*", "maxQuantity": 4 }
				}
			},
			"spheniscidae-adult-*-spheniscusmagellanicus": {
				"climate": {
					"minTemp": 6,
					"maxTemp": 24,
					"minRain": 0.0,
					"maxRain": 1.0,
					"minForestOrShrubs": 0.0,
					"maxForest": 1.0,
					"maxShrubs": 1.0,
					"minY": 0.9,
					"maxY": 1.1					
				},
				"worldgen": {
					"triesPerChunk": { "avg": 0.005, "var": 0}
				},
				"runtime": {
					"maxQuantityByGroup": { "code": "spheniscidae-*", "maxQuantity": 4 }
				}
			},
			"spheniscidae-adult-*-spheniscusmendiculus": {
				"climate": {
					"minTemp": 23,
					"maxTemp": 27,
					"minRain": 0.1,
					"maxRain": 0.3,
					"minForestOrShrubs": 0.0,
					"maxForest": 1.0,
					"maxShrubs": 1.0,
					"minY": 0.9,
					"maxY": 1.1					
				},
				"worldgen": {
					"triesPerChunk": { "avg": 0.005, "var": 0}
				},
				"runtime": {
					"maxQuantityByGroup": { "code": "spheniscidae-*", "maxQuantity": 4 }
				}
			}
		}
	},
	"soundsByType": {
		"spheniscidae-adult-*-aptenodytesforsteri":{"hurt": "creature/spheniscidae/emperorhurt","death": "creature/spheniscidae/emperorhurt","idle": "creature/spheniscidae/beakclick"},
		"*-baby-*-aptenodytesforsteri":{"hurt": "creature/spheniscidae/babyking*","death": "creature/spheniscidae/babyking*","idle": "creature/spheniscidae/babyking*"},
		"spheniscidae-adult-*-aptenodytespatagonicus":{"hurt": "creature/spheniscidae/emperorhurt","death": "creature/spheniscidae/emperorhurt","idle": "creature/spheniscidae/beakclick"},
		"*-baby-*-aptenodytespatagonicus":{"hurt": "creature/spheniscidae/babyking*","death": "creature/spheniscidae/babyking*","idle": "creature/spheniscidae/babyking*"},
		"*-adult-*-eudyptulaminor":{"hurt": "creature/spheniscidae/rockhoppercall2","death": "creature/spheniscidae/rockhoppercall2","idle": "creature/spheniscidae/fairycall*"},
		"*-baby-*-eudyptulaminor":{"hurt": "creature/spheniscidae/rockhoppercall2","death": "creature/spheniscidae/rockhoppercall2","idle": "creature/spheniscidae/beakclick"},
		"*-adult-*-eudyptulanovaehollandiae":{"hurt": "creature/spheniscidae/rockhoppercall2","death": "creature/spheniscidae/rockhoppercall2","idle": "creature/spheniscidae/fairycall*"},
		"*-baby-*-eudyptulanovaehollandiae":{"hurt": "creature/spheniscidae/rockhoppercall2","death": "creature/spheniscidae/rockhoppercall2","idle": "creature/spheniscidae/beakclick"},
		"*-adult-*-megadyptesantipodes":{"hurt": "creature/spheniscidae/yelloweyecall1","death": "creature/spheniscidae/yelloweyecall1","idle": "creature/spheniscidae/beakclick"},
		"*-adult-*-pygoscelisadeliae":{"hurt": "creature/spheniscidae/adeliecall1","death": "creature/spheniscidae/adeliecall1","idle": "creature/spheniscidae/beakclick"},
		"*-adult-*-pygoscelisantarcticus":{"hurt": "creature/spheniscidae/chinstrapcall1","death": "creature/spheniscidae/chinstrapcall1","idle": "creature/spheniscidae/beakclick"},
		"*-adult-*-pygoscelispapua":{"hurt": "creature/spheniscidae/gentoocall1","death": "creature/spheniscidae/gentoocall1","idle": "creature/spheniscidae/gentoocall1"},
		"*-adult-*":{"hurt": "creature/spheniscidae/rockhoppercall2","death": "creature/spheniscidae/rockhoppercall2","idle": "creature/spheniscidae/beakclick"},
		"*-baby-*":{"hurt": "creature/spheniscidae/rockhoppercall2","death": "creature/spheniscidae/rockhoppercall2","idle": "creature/spheniscidae/rockhoppercall3"}
	},
	"idleSoundRangeByType": {
		"*-adult-*": 25,
		"*-baby-*":15
	},
	"idleSoundChanceByType": {
		"*-adult-*": 0.05,
		"*-baby-*":1
	},
}