﻿{
  "ingredientPattern": "CS,CL,MM",
  "width": 2,
  "height": 3,
  "ingredients": {
    "S": {
      "type": "item",
      "code": "game:solderingiron",
      "isTool": true,
      "toolDurabilityCost": 25
    },
    "M": {
      "type": "item",
      "code": "game:metalplate-iron",
      "quantity": 2
    },
    "C": {
      "type": "block",
      "code": "electricalprogressivebasics:ecable-128v-iron-single-part",
      "quantity": 8
    },
    "L": {
      "type": "block",
      "code": "electricalprogressiveqol:elamp_small-6000-disabled",
      "quantity": 1
    }
  },
  "output": {
    "type": "block",
    "code": "electricalprogressiveqol:eheatcannon-north-disabled",
    "quantity": 1
  }
}
