{
  "code": "riftspire-mature1",
  "class": "Block",
  "entityclass": "BlockEntityRiftSpire",

  "attributes": {
    "riftSpireParameters": {
      "radius": 150.0,
      "fogDensity": 0.035,
      "fogColor": [ 0.5176471, 0.4509804, 0.4392157 ],
      "particles": { "density": 1.75 },
      "instability": {
        "radius": 140.0,
        "strength": 0.003,
        "multiplier": 1.5
      },
      "spireparticles": {
        "intensity": 1.8
      },
      "devastationGrowth": {
        "intervalGameHours": 6,
        "attemptsPerInterval": 10,
        "chancePerAttempt": 0.2,
        "radius": 140.0
      },
      "spawnMobs": {
        "radius": 130.0,
        "entities": [
          "wrustbound:rustborn-tier3",
          "wrustbound:rustborn-tier4",
          "wrustbound:rustborn-tier4",
          "wrustbound:rustborn-tier5",
          "wrustbound:rustborn-tier5",
          "wrustbound:rustborn-tier5",
          "wrustbound:rustborn-tier6",
          "wrustbound:rustborn-tier6",
          "wrustbound:rustborn-tier7",
          "game:bowtorn-tainted",
          "game:bowtorn-corrupt",
          "game:shiver-tainted",
          "game:shiver-corrupt"
        ],
        "spawnChancePerTick": 0.002,
        "maxMobs": 7
      }
    },
    "convertBlock": "wrustbound:riftspire-mature2",
    "ageHoursToConvert": 126,
    "ageFailureChance": 0.65
  },

  "blockmaterial": "Stone",
  "creativeinventory": {
    "general": [ "*" ]
  },

  "shape": {
    "base": "wrustbound:block/riftspire/riftspire-mature_1.json"
  },
  "sounds": {},
  "drops": [],
  "lightAbsorption": 0,
  "lightHsv": [ 3, 5, 11 ],
  "lightLevel": 2,
  "sideopaque": {
    "all": false
  },
  "sidesolid": {
    "all": false
  },
  "requiredMiningTier": 1,
  "fertility": 0,
  "resistance": 30,
  "hardness": 6
}