﻿[
    // Aurochs
    {
        "side": "server",
        "file": "medievalexpansion:entities/land/aurochs-lamb",
        "op": "add",
        "path": "/server/behaviors/-",
        "value": {
            "code": "EntityFootprintsBehaviorSync",
            "attributes": {
                "texture": "auroch",
                "stepDistance": 0.7
            }
        }
    },
    {
        "side": "server",
        "file": "medievalexpansion:entities/land/aurochs-lamb",
        "op": "add",
        "path": "/client/behaviors/-",
        "value": {
            "code": "EntityFootprintsBehavior",
            "attributes": {
                "texture": "auroch",
                "stepDistance": 0.7
            }
        }
    },
    {
        "side": "server",
        "file": "medievalexpansion:entities/land/aurochs-female",
        "op": "add",
        "path": "/server/behaviors/-",
        "value": {
            "code": "EntityFootprintsBehaviorSync",
            "attributes": {
                "texture": "auroch",
                "stepDistance": 0.7
            }
        }
    },
    {
        "side": "server",
        "file": "medievalexpansion:entities/land/aurochs-female",
        "op": "add",
        "path": "/client/behaviors/-",
        "value": {
            "code": "EntityFootprintsBehavior",
            "attributes": {
                "texture": "auroch",
                "stepDistance": 0.7
            }
        }
    },
    {
        "side": "server",
        "file": "medievalexpansion:entities/land/aurochs-male",
        "op": "add",
        "path": "/server/behaviors/-",
        "value": {
            "code": "EntityFootprintsBehaviorSync",
            "attributes": {
                "texture": "auroch",
                "stepDistance": 0.7
            }
        }
    },
    {
        "side": "server",
        "file": "medievalexpansion:entities/land/aurochs-male",
        "op": "add",
        "path": "/client/behaviors/-",
        "value": {
            "code": "EntityFootprintsBehavior",
            "attributes": {
                "texture": "auroch",
                "stepDistance": 0.7
            }
        }
    }
]