{
	"editor": {
		"allAngles": true,
		"entityTextureMode": false
	},
	"textureWidth": 16,
	"textureHeight": 16,
	"textureSizes": {
	},
	"textures": {
		"ceramic": "game:block/clay/ceramic",
		"top": "aldiclasses:block/clay/vessel/top/harvest",
		"sides": "aldiclasses:block/clay/vessel/sides/harvest",
		"inside": "aldiclasses:block/clay/vessel/inside/harvest"
	},
	"elements": [
		{
			"name": "root",
			"from": [ 0.0, 0.0, 0.0 ], 
			"to": [ 1.0, 1.0, 1.0 ], 
			"faces": {
				"north": { "texture": "#ceramic", "uv": [ 0.0, 0.0, 1.0, 1.0 ], "enabled": false },
				"east": { "texture": "#ceramic", "uv": [ 0.0, 0.0, 1.0, 1.0 ], "enabled": false },
				"south": { "texture": "#ceramic", "uv": [ 0.0, 0.0, 1.0, 1.0 ], "enabled": false },
				"west": { "texture": "#ceramic", "uv": [ 0.0, 0.0, 1.0, 1.0 ], "enabled": false },
				"up": { "texture": "#ceramic", "uv": [ 0.0, 0.0, 1.0, 1.0 ], "enabled": false },
				"down": { "texture": "#ceramic", "uv": [ 0.0, 0.0, 1.0, 1.0 ], "enabled": false }
			},
			"children": [
				{
					"name": "lid",
					"from": [ 3.0, 14.0, 3.0 ], 
					"to": [ 13.0, 16.0, 13.0 ], 
					"rotationOrigin": [ 8.0, 13.0, 4.5 ],
					"faces": {
						"north": { "texture": "#sides", "uv": [ 0.0, 0.0, 10.0, 2.0 ] },
						"east": { "texture": "#sides", "uv": [ 4.0, 0.0, 14.0, 2.0 ] },
						"south": { "texture": "#sides", "uv": [ 6.0, 0.0, 16.0, 2.0 ] },
						"west": { "texture": "#sides", "uv": [ 2.0, 0.0, 12.0, 2.0 ] },
						"up": { "texture": "#top", "uv": [ 3.0, 3.0, 13.0, 13.0 ] },
						"down": { "texture": "#ceramic", "uv": [ 0.0, 6.0, 10.0, 16.0 ] }
					}
				},
				{
					"name": "cube",
					"from": [ 3.0, 12.0, 3.0 ], 
					"to": [ 13.0, 13.0, 13.0 ], 
					"faces": {
						"north": { "texture": "#sides", "uv": [ 6.0, 3.0, 16.0, 4.0 ] },
						"east": { "texture": "#sides", "uv": [ 2.0, 3.0, 12.0, 4.0 ] },
						"south": { "texture": "#sides", "uv": [ 1.0, 3.0, 11.0, 4.0 ] },
						"west": { "texture": "#sides", "uv": [ 4.0, 3.0, 14.0, 4.0 ] },
						"up": { "texture": "#top", "uv": [ 3.0, 3.0, 13.0, 13.0 ] },
						"down": { "texture": "#sides", "uv": [ 0.0, 0.0, 10.0, 10.0 ], "enabled": false }
					},
					"children": [
						{
							"name": "neck W",
							"from": [ 1.0, 1.0, 1.0 ], 
							"to": [ 3.0, 3.0, 9.0 ], 
							"faces": {
								"north": { "texture": "#inside", "uv": [ 13.0, 6.0, 15.0, 8.0 ] },
								"east": { "texture": "#inside", "uv": [ 8.0, 0.0, 16.0, 2.0 ] },
								"south": { "texture": "#inside", "uv": [ 8.0, 6.0, 10.0, 8.0 ] },
								"west": { "texture": "#inside", "uv": [ 0.0, 6.0, 8.0, 8.0 ] },
								"up": { "texture": "#inside", "uv": [ 0.0, 8.0, 2.0, 16.0 ] },
								"down": { "texture": "#inside", "uv": [ 6.5, 4.0, 8.5, 12.0 ], "enabled": false }
							}
						},
						{
							"name": "neck E",
							"from": [ 7.0, 1.0, 1.0 ], 
							"to": [ 9.0, 3.0, 9.0 ], 
							"faces": {
								"north": { "texture": "#inside", "uv": [ 4.0, 6.0, 6.0, 8.0 ] },
								"east": { "texture": "#inside", "uv": [ 6.0, 6.0, 14.0, 8.0 ] },
								"south": { "texture": "#inside", "uv": [ 11.0, 6.0, 13.0, 8.0 ] },
								"west": { "texture": "#inside", "uv": [ 3.5, 0.0, 11.5, 2.0 ] },
								"up": { "texture": "#inside", "uv": [ 6.0, 8.0, 8.0, 16.0 ] },
								"down": { "texture": "#inside", "uv": [ 6.5, 4.0, 8.5, 12.0 ], "enabled": false }
							}
						},
						{
							"name": "neck N",
							"from": [ 3.0, 1.0, 1.0 ], 
							"to": [ 7.0, 3.0, 3.0 ], 
							"faces": {
								"north": { "texture": "#inside", "uv": [ 1.0, 6.0, 5.0, 8.0 ] },
								"east": { "texture": "#inside", "uv": [ 3.5, 4.5, 5.5, 6.5 ], "enabled": false },
								"south": { "texture": "#inside", "uv": [ 11.0, 0.0, 15.0, 2.0 ] },
								"west": { "texture": "#inside", "uv": [ 4.0, 3.0, 6.0, 5.0 ], "enabled": false },
								"up": { "texture": "#inside", "uv": [ 2.0, 8.0, 6.0, 10.0 ] },
								"down": { "texture": "#inside", "uv": [ 6.5, 4.0, 10.5, 6.0 ], "enabled": false }
							}
						},
						{
							"name": "neck S",
							"from": [ 3.0, 1.0, 7.0 ], 
							"to": [ 7.0, 3.0, 9.0 ], 
							"faces": {
								"north": { "texture": "#inside", "uv": [ 1.5, 0.0, 5.5, 2.0 ] },
								"east": { "texture": "#inside", "uv": [ 3.5, 4.5, 5.5, 6.5 ], "enabled": false },
								"south": { "texture": "#inside", "uv": [ 11.0, 6.0, 15.0, 8.0 ] },
								"west": { "texture": "#inside", "uv": [ 4.0, 3.0, 6.0, 5.0 ], "enabled": false },
								"up": { "texture": "#inside", "uv": [ 2.0, 14.0, 6.0, 16.0 ] },
								"down": { "texture": "#inside", "uv": [ 6.5, 4.0, 10.5, 6.0 ], "enabled": false }
							}
						},
						{
							"name": "contents",
							"from": [ 3.0, 1.1, 3.0 ], 
							"to": [ 7.0, 1.1, 7.0 ], 
							"faces": {
								"north": { "texture": "#null", "uv": [ 0.0, 0.0, 4.0, 0.0 ], "enabled": false },
								"east": { "texture": "#null", "uv": [ 0.0, 0.0, 4.0, 0.0 ], "enabled": false },
								"south": { "texture": "#null", "uv": [ 0.0, 0.0, 4.0, 0.0 ], "enabled": false },
								"west": { "texture": "#null", "uv": [ 0.0, 0.0, 4.0, 0.0 ], "enabled": false },
								"up": { "texture": "#inside", "uv": [ 2.0, 10.0, 6.0, 14.0 ] },
								"down": { "texture": "#null", "uv": [ 0.0, 0.0, 4.0, 4.0 ], "enabled": false }
							}
						}
					]
				},
				{
					"name": "base",
					"from": [ 2.0, 2.0, 2.0 ], 
					"to": [ 14.0, 12.0, 14.0 ], 
					"faces": {
						"north": { "texture": "#sides", "uv": [ 2.0, 4.0, 14.0, 14.0 ] },
						"east": { "texture": "#sides", "uv": [ 2.0, 4.0, 14.0, 14.0 ] },
						"south": { "texture": "#sides", "uv": [ 2.0, 4.0, 14.0, 14.0 ] },
						"west": { "texture": "#sides", "uv": [ 2.0, 4.0, 14.0, 14.0 ] },
						"up": { "texture": "#top", "uv": [ 2.0, 2.0, 14.0, 14.0 ] },
						"down": { "texture": "#top", "uv": [ 2.0, 2.0, 14.0, 14.0 ] }
					}
				},
				{
					"name": "bottom",
					"from": [ 3.0, 0.0, 3.0 ], 
					"to": [ 13.0, 2.0, 13.0 ], 
					"faces": {
						"north": { "texture": "#sides", "uv": [ 0.0, 14.0, 10.0, 16.0 ] },
						"east": { "texture": "#sides", "uv": [ 5.0, 14.0, 15.0, 16.0 ] },
						"south": { "texture": "#sides", "uv": [ 2.0, 14.0, 12.0, 16.0 ] },
						"west": { "texture": "#sides", "uv": [ 6.0, 14.0, 16.0, 16.0 ] },
						"up": { "texture": "#sides", "uv": [ 0.0, 0.0, 10.0, 10.0 ], "enabled": false },
						"down": { "texture": "#ceramic", "uv": [ 0.0, 6.0, 10.0, 16.0 ] }
					}
				}
			]
		}
	],
	"animations": [
		{
			"name": "lidopen",
			"code": "lidopen",
			"quantityframes": 30,
			"onActivityStopped": "Rewind",
			"onAnimationEnd": "Hold",
			"keyframes": [
				{
					"frame": 0,
					"elements": {
						"lid": { "offsetX": 0.0, "offsetY": 0.0, "offsetZ": 0.0, "rotationX": 0.0, "rotationY": 0.0, "rotationZ": 0.0 }
					}
				},
				{
					"frame": 29,
					"elements": {
						"lid": { "offsetX": 0.0, "offsetY": 1.0, "offsetZ": -12.0, "rotationX": -85.0, "rotationY": 0.0, "rotationZ": 0.0 }
					}
				}
			]
		}
	]
}