{
	"editor": {
		"backDropShape": "D:/Spezielle Spiele/Vintagestory/assets/game/shapes/entity/humanoid/seraph-hairless",
		"collapsedPaths": ",Root/Cube2/edges",
		"allAngles": false,
		"entityTextureMode": false
	},
	"textureWidth": 16,
	"textureHeight": 16,
	"textureSizes": {
	},
	"textures": {
		"linen": "game:block/linen",
		"blackmushroom": "game:block/plant/mushroom/blackmushroom/blackmushroom",
		"cap": "game:block/plant/mushroom/flyagaric/cap",
		"stipe": "game:block/plant/mushroom/flyagaric/stipe",
		"funeralbell": "game:block/plant/mushroom/funeralbell/funeralbell",
		"oak": "game:block/wood/bark/oak",
		"blueberry": "game:item/food/fruit/blueberry",
		"cherry": "game:item/food/fruit/cherry"
	},
	"elements": [
		{
			"name": "Cube2",
			"stepParentName": "UpperTorso",
			"from": [ -8.0, -6.0, 6.0 ],
			"to": [ 2.0, -5.0, 11.0 ],
			"rotationOrigin": [ 0.0, 0.0, 0.0 ],
			"rotationY": 90.0,
			"faces": {
				"north": {
					"texture": "#linen",
					"uv": [ 0.0, 0.0, 10.0, 1.0 ]
				},
				"east": {
					"texture": "#linen",
					"uv": [ 0.0, 0.0, 5.0, 1.0 ],
					"windMode": [ -1, -1, -1, -1 ]
				},
				"south": {
					"texture": "#linen",
					"uv": [ 0.0, 0.0, 10.0, 1.0 ],
					"windMode": [ -1, -1, -1, -1 ]
				},
				"west": {
					"texture": "#linen",
					"uv": [ 0.0, 0.0, 5.0, 1.0 ],
					"windMode": [ -1, -1, -1, -1 ]
				},
				"up": {
					"texture": "#linen",
					"uv": [ 0.0, 0.0, 10.0, 5.0 ],
					"windMode": [ -1, -1, -1, -1 ]
				},
				"down": {
					"texture": "#linen",
					"uv": [ 0.0, 0.0, 10.0, 5.0 ],
					"windMode": [ -1, -1, -1, -1 ]
				}
			},
			"children": [
				{
					"name": "Cube3",
					"from": [ 1.0, 1.0, 0.0 ],
					"to": [ 9.0, 11.0, 1.0 ],
					"faces": {
						"north": {
							"texture": "#linen",
							"uv": [ 0.0, 0.0, 8.0, 10.0 ]
						},
						"east": {
							"texture": "#linen",
							"uv": [ 0.0, 0.0, 1.0, 10.0 ]
						},
						"south": {
							"texture": "#linen",
							"uv": [ 0.0, 0.0, 8.0, 10.0 ]
						},
						"west": {
							"texture": "#linen",
							"uv": [ 0.0, 0.0, 1.0, 10.0 ]
						},
						"up": {
							"texture": "#linen",
							"uv": [ 0.0, 0.0, 8.0, 1.0 ]
						}
					}
				},
				{
					"name": "Cube4",
					"from": [ 1.0, 1.0, 4.0 ],
					"to": [ 9.0, 11.0, 5.0 ],
					"faces": {
						"north": {
							"texture": "#linen",
							"uv": [ 0.0, 0.0, 8.0, 10.0 ]
						},
						"east": {
							"texture": "#linen",
							"uv": [ 0.0, 0.0, 1.0, 10.0 ]
						},
						"south": {
							"texture": "#linen",
							"uv": [ 0.0, 0.0, 8.0, 10.0 ]
						},
						"west": {
							"texture": "#linen",
							"uv": [ 0.0, 0.0, 1.0, 10.0 ]
						},
						"up": {
							"texture": "#linen",
							"uv": [ 0.0, 0.0, 8.0, 1.0 ]
						}
					}
				},
				{
					"name": "Cube5",
					"from": [ 0.0, 1.0, 1.0 ],
					"to": [ 1.0, 11.0, 4.0 ],
					"faces": {
						"north": {
							"texture": "#linen",
							"uv": [ 0.0, 0.0, 1.0, 10.0 ]
						},
						"east": {
							"texture": "#linen",
							"uv": [ 0.0, 0.0, 3.0, 10.0 ]
						},
						"south": {
							"texture": "#linen",
							"uv": [ 0.0, 0.0, 1.0, 10.0 ]
						},
						"west": {
							"texture": "#linen",
							"uv": [ 0.0, 0.0, 3.0, 10.0 ]
						},
						"up": {
							"texture": "#linen",
							"uv": [ 0.0, 0.0, 1.0, 3.0 ]
						}
					}
				},
				{
					"name": "Cube6",
					"from": [ 9.0, 1.0, 1.0 ],
					"to": [ 10.0, 11.0, 4.0 ],
					"faces": {
						"north": {
							"texture": "#linen",
							"uv": [ 0.0, 0.0, 1.0, 10.0 ]
						},
						"east": {
							"texture": "#linen",
							"uv": [ 0.0, 0.0, 3.0, 10.0 ]
						},
						"south": {
							"texture": "#linen",
							"uv": [ 0.0, 0.0, 1.0, 10.0 ]
						},
						"west": {
							"texture": "#linen",
							"uv": [ 0.0, 0.0, 3.0, 10.0 ]
						},
						"up": {
							"texture": "#linen",
							"uv": [ 0.0, 0.0, 1.0, 3.0 ]
						}
					}
				},
				{
					"name": "Cube7",
					"from": [ 1.0, 11.0, 0.0 ],
					"to": [ 9.0, 12.0, 5.0 ],
					"rotationOrigin": [ 5.0, 11.0, 0.0 ],
					"rotationX": -22.5,
					"faces": {
						"north": {
							"texture": "#linen",
							"uv": [ 0.0, 0.0, 8.0, 1.0 ]
						},
						"east": {
							"texture": "#linen",
							"uv": [ 0.0, 0.0, 5.0, 1.0 ]
						},
						"south": {
							"texture": "#linen",
							"uv": [ 0.0, 0.0, 8.0, 1.0 ]
						},
						"west": {
							"texture": "#linen",
							"uv": [ 0.0, 0.0, 5.0, 1.0 ]
						},
						"up": {
							"texture": "#linen",
							"uv": [ 0.0, 0.0, 8.0, 5.0 ]
						},
						"down": {
							"texture": "#linen",
							"uv": [ 0.0, 0.0, 8.0, 5.0 ]
						}
					}
				},
				{
					"name": "Cube8",
					"from": [ 4.5, 14.0, 3.0 ],
					"to": [ 5.5, 14.3, 5.0 ],
					"rotationOrigin": [ 5.0, 11.0, 2.0 ],
					"rotationX": 22.5,
					"faces": {
						"east": {
							"texture": "#oak",
							"uv": [ 0.0, 0.0, 2.0, 0.5 ],
							"windMode": [ -1, -1, -1, -1 ]
						},
						"south": {
							"texture": "#oak",
							"uv": [ 0.0, 0.0, 1.0, 0.5 ],
							"windMode": [ -1, -1, -1, -1 ]
						},
						"west": {
							"texture": "#oak",
							"uv": [ 0.0, 0.0, 2.0, 0.5 ],
							"windMode": [ -1, -1, -1, -1 ]
						},
						"up": {
							"texture": "#oak",
							"uv": [ 0.0, 0.0, 1.0, 2.0 ]
						},
						"down": {
							"texture": "#oak",
							"uv": [ 0.0, 0.0, 1.0, 2.0 ],
							"windMode": [ -1, -1, -1, -1 ]
						}
					}
				},
				{
					"name": "Cube9",
					"from": [ 4.5, 9.5, 5.0 ],
					"to": [ 5.5, 10.5, 5.3 ],
					"rotationOrigin": [ 5.0, 11.0, 2.0 ],
					"faces": {
						"east": {
							"texture": "#oak",
							"uv": [ 0.0, 0.0, 0.5, 1.0 ],
							"windMode": [ -1, -1, -1, -1 ]
						},
						"south": {
							"texture": "#oak",
							"uv": [ 0.0, 0.0, 1.0, 1.0 ]
						},
						"west": {
							"texture": "#oak",
							"uv": [ 0.0, 0.0, 0.5, 1.0 ],
							"windMode": [ -1, -1, -1, -1 ]
						},
						"up": {
							"texture": "#oak",
							"uv": [ 0.0, 0.0, 1.0, 0.5 ],
							"windMode": [ -1, -1, -1, -1 ]
						},
						"down": {
							"texture": "#oak",
							"uv": [ 0.0, 0.0, 1.0, 0.5 ],
							"windMode": [ -1, -1, -1, -1 ]
						}
					}
				},
				{
					"name": "edges",
					"from": [ 0.4, 1.0, 4.0 ],
					"to": [ 1.0, 11.0, 4.6 ],
					"rotationOrigin": [ 0.4, 0.0, 0.0 ],
					"faces": {
						"south": {
							"texture": "#oak",
							"uv": [ 1.0, 1.0, 1.5, 11.0 ],
							"windMode": [ -1, -1, -1, -1 ]
						},
						"west": {
							"texture": "#oak",
							"uv": [ 7.5, 4.5, 8.0, 14.5 ],
							"windMode": [ -1, -1, -1, -1 ]
						},
						"up": {
							"texture": "#oak",
							"uv": [ 0.0, 0.0, 0.5, 0.5 ],
							"windMode": [ -1, -1, -1, -1 ]
						},
						"down": {
							"texture": "#oak",
							"uv": [ 0.0, 0.0, 0.5, 0.5 ],
							"windMode": [ -1, -1, -1, -1 ]
						}
					},
					"children": [
						{
							"name": "edges2",
							"from": [ 8.6, 0.0, 0.0 ],
							"to": [ 9.2, 10.0, 0.6 ],
							"rotationOrigin": [ 0.6, -1.0, -4.0 ],
							"faces": {
								"east": {
									"texture": "#oak",
									"uv": [ 0.0, 0.0, 0.5, 10.0 ],
									"windMode": [ -1, -1, -1, -1 ]
								},
								"south": {
									"texture": "#oak",
									"uv": [ 1.5, 1.0, 2.0, 11.0 ],
									"windMode": [ -1, -1, -1, -1 ]
								},
								"up": {
									"texture": "#oak",
									"uv": [ 0.0, 0.0, 0.5, 0.5 ],
									"windMode": [ -1, -1, -1, -1 ]
								},
								"down": {
									"texture": "#oak",
									"uv": [ 0.0, 0.0, 0.5, 0.5 ],
									"windMode": [ -1, -1, -1, -1 ]
								}
							}
						},
						{
							"name": "edges3",
							"from": [ 8.6, 0.0, -3.6 ],
							"to": [ 9.2, 10.0, -3.0 ],
							"rotationOrigin": [ 0.6, -1.0, -4.6 ],
							"faces": {
								"north": {
									"texture": "#oak",
									"uv": [ 0.0, 0.0, 0.5, 10.0 ],
									"windMode": [ -1, -1, -1, -1 ]
								},
								"east": {
									"texture": "#oak",
									"uv": [ 0.0, 0.0, 0.5, 10.0 ],
									"windMode": [ -1, -1, -1, -1 ]
								},
								"up": {
									"texture": "#oak",
									"uv": [ 0.0, 0.0, 0.5, 0.5 ],
									"windMode": [ -1, -1, -1, -1 ]
								},
								"down": {
									"texture": "#oak",
									"uv": [ 0.0, 0.0, 0.5, 0.5 ],
									"windMode": [ -1, -1, -1, -1 ]
								}
							}
						},
						{
							"name": "edges4",
							"from": [ 0.0, 0.0, -3.6 ],
							"to": [ 0.6, 10.0, -3.0 ],
							"rotationOrigin": [ 1.0, -1.0, -4.6 ],
							"faces": {
								"north": {
									"texture": "#oak",
									"uv": [ 0.0, 0.0, 0.5, 10.0 ],
									"windMode": [ -1, -1, -1, -1 ]
								},
								"west": {
									"texture": "#oak",
									"uv": [ 7.5, 4.5, 8.0, 14.5 ],
									"windMode": [ -1, -1, -1, -1 ]
								},
								"up": {
									"texture": "#oak",
									"uv": [ 0.0, 0.0, 0.5, 0.5 ],
									"windMode": [ -1, -1, -1, -1 ]
								},
								"down": {
									"texture": "#oak",
									"uv": [ 0.0, 0.0, 0.5, 0.5 ],
									"windMode": [ -1, -1, -1, -1 ]
								}
							}
						},
						{
							"name": "edges5",
							"from": [ 1.6, 0.0, -5.0 ],
							"to": [ 2.6, 10.0, -4.0 ],
							"rotationOrigin": [ 1.6, -1.0, -4.0 ],
							"faces": {
								"north": {
									"texture": "#oak",
									"uv": [ 0.0, 0.0, 1.0, 10.0 ],
									"windMode": [ -1, -1, -1, -1 ]
								},
								"east": {
									"texture": "#oak",
									"uv": [ 0.0, 0.0, 1.0, 10.0 ],
									"windMode": [ -1, -1, -1, -1 ]
								},
								"west": {
									"texture": "#oak",
									"uv": [ 7.5, 4.5, 8.5, 14.5 ],
									"windMode": [ -1, -1, -1, -1 ]
								},
								"up": {
									"texture": "#oak",
									"uv": [ 0.0, 0.0, 1.0, 1.0 ],
									"windMode": [ -1, -1, -1, -1 ]
								},
								"down": {
									"texture": "#oak",
									"uv": [ 0.0, 0.0, 1.0, 1.0 ],
									"windMode": [ -1, -1, -1, -1 ]
								}
							}
						},
						{
							"name": "edges6",
							"from": [ 6.6, 0.0, -5.0 ],
							"to": [ 7.6, 10.0, -4.0 ],
							"rotationOrigin": [ 1.6, -1.0, -4.0 ],
							"faces": {
								"north": {
									"texture": "#oak",
									"uv": [ 0.0, 0.0, 1.0, 10.0 ],
									"windMode": [ -1, -1, -1, -1 ]
								},
								"east": {
									"texture": "#oak",
									"uv": [ 0.0, 0.0, 1.0, 10.0 ],
									"windMode": [ -1, -1, -1, -1 ]
								},
								"west": {
									"texture": "#oak",
									"uv": [ 7.5, 4.5, 8.5, 14.5 ],
									"windMode": [ -1, -1, -1, -1 ]
								},
								"up": {
									"texture": "#oak",
									"uv": [ 0.0, 0.0, 1.0, 1.0 ],
									"windMode": [ -1, -1, -1, -1 ]
								},
								"down": {
									"texture": "#oak",
									"uv": [ 0.0, 0.0, 1.0, 1.0 ],
									"windMode": [ -1, -1, -1, -1 ]
								}
							}
						},
						{
							"name": "edges7",
							"from": [ -0.4, -0.75, 1.0 ],
							"to": [ 9.6, -0.25, 1.1 ],
							"rotationOrigin": [ -0.4, -1.0, -4.0 ],
							"faces": {
								"east": {
									"texture": "#oak",
									"uv": [ 0.0, 0.0, 0.5, 0.5 ],
									"windMode": [ -1, -1, -1, -1 ]
								},
								"south": {
									"texture": "#oak",
									"uv": [ 1.5, 1.0, 11.5, 1.5 ],
									"windMode": [ -1, -1, -1, -1 ]
								},
								"west": {
									"texture": "#oak",
									"uv": [ 7.5, 4.5, 8.0, 5.0 ],
									"windMode": [ -1, -1, -1, -1 ]
								},
								"up": {
									"texture": "#oak",
									"uv": [ 0.0, 0.0, 10.0, 0.5 ],
									"windMode": [ -1, -1, -1, -1 ]
								},
								"down": {
									"texture": "#oak",
									"uv": [ 0.0, 0.0, 10.0, 0.5 ],
									"windMode": [ -1, -1, -1, -1 ]
								}
							}
						},
						{
							"name": "edges8",
							"from": [ -0.4, -0.75, -4.1 ],
							"to": [ 9.6, -0.25, -4.0 ],
							"rotationOrigin": [ -0.4, -1.0, -4.1 ],
							"faces": {
								"north": {
									"texture": "#oak",
									"uv": [ 0.0, 0.0, 10.0, 0.5 ],
									"windMode": [ -1, -1, -1, -1 ]
								},
								"east": {
									"texture": "#oak",
									"uv": [ 0.0, 0.0, 0.5, 0.5 ],
									"windMode": [ -1, -1, -1, -1 ]
								},
								"west": {
									"texture": "#oak",
									"uv": [ 7.5, 4.5, 8.0, 5.0 ],
									"windMode": [ -1, -1, -1, -1 ]
								},
								"up": {
									"texture": "#oak",
									"uv": [ 0.0, 0.0, 10.0, 0.5 ],
									"windMode": [ -1, -1, -1, -1 ]
								},
								"down": {
									"texture": "#oak",
									"uv": [ 0.0, 0.0, 10.0, 0.5 ],
									"windMode": [ -1, -1, -1, -1 ]
								}
							}
						},
						{
							"name": "edges9",
							"from": [ -0.5, -0.75, -4.0 ],
							"to": [ -0.4, -0.25, 1.0 ],
							"rotationOrigin": [ -0.5, -1.0, -4.0 ],
							"faces": {
								"north": {
									"texture": "#oak",
									"uv": [ 0.0, 0.0, 0.5, 0.5 ],
									"windMode": [ -1, -1, -1, -1 ]
								},
								"south": {
									"texture": "#oak",
									"uv": [ 1.5, 1.0, 2.0, 1.5 ],
									"windMode": [ -1, -1, -1, -1 ]
								},
								"west": {
									"texture": "#oak",
									"uv": [ 7.5, 4.5, 12.5, 5.0 ],
									"windMode": [ -1, -1, -1, -1 ]
								},
								"up": {
									"texture": "#oak",
									"uv": [ 0.0, 0.0, 0.5, 5.0 ],
									"windMode": [ -1, -1, -1, -1 ]
								},
								"down": {
									"texture": "#oak",
									"uv": [ 0.0, 0.0, 0.5, 5.0 ],
									"windMode": [ -1, -1, -1, -1 ]
								}
							}
						},
						{
							"name": "edges10",
							"from": [ 9.6, -0.75, -4.0 ],
							"to": [ 9.7, -0.25, 1.0 ],
							"rotationOrigin": [ -0.4, -1.0, -4.0 ],
							"faces": {
								"north": {
									"texture": "#oak",
									"uv": [ 0.0, 0.0, 0.5, 0.5 ],
									"windMode": [ -1, -1, -1, -1 ]
								},
								"east": {
									"texture": "#oak",
									"uv": [ 0.0, 0.0, 5.0, 0.5 ],
									"windMode": [ -1, -1, -1, -1 ]
								},
								"south": {
									"texture": "#oak",
									"uv": [ 1.5, 1.0, 2.0, 1.5 ],
									"windMode": [ -1, -1, -1, -1 ]
								},
								"up": {
									"texture": "#oak",
									"uv": [ 0.0, 0.0, 0.5, 5.0 ],
									"windMode": [ -1, -1, -1, -1 ]
								},
								"down": {
									"texture": "#oak",
									"uv": [ 0.0, 0.0, 0.5, 5.0 ],
									"windMode": [ -1, -1, -1, -1 ]
								}
							}
						}
					]
				},
				{
					"name": "Cube10",
					"from": [ 0.0, 11.0, 1.0 ],
					"to": [ 1.0, 12.0, 5.0 ],
					"rotationOrigin": [ 5.0, 11.0, 0.0 ],
					"rotationX": -22.5,
					"faces": {
						"north": {
							"texture": "#linen",
							"uv": [ 0.0, 0.0, 1.0, 1.0 ]
						},
						"east": {
							"texture": "#linen",
							"uv": [ 0.0, 0.0, 4.0, 1.0 ]
						},
						"south": {
							"texture": "#linen",
							"uv": [ 0.0, 0.0, 1.0, 1.0 ]
						},
						"west": {
							"texture": "#linen",
							"uv": [ 0.0, 0.0, 4.0, 1.0 ]
						},
						"up": {
							"texture": "#linen",
							"uv": [ 0.0, 0.0, 1.0, 4.0 ]
						},
						"down": {
							"texture": "#linen",
							"uv": [ 0.0, 0.0, 1.0, 4.0 ]
						}
					}
				},
				{
					"name": "Cube11",
					"from": [ 9.0, 11.0, 1.0 ],
					"to": [ 10.0, 12.0, 5.0 ],
					"rotationOrigin": [ 5.0, 11.0, 0.0 ],
					"rotationX": -22.5,
					"faces": {
						"north": {
							"texture": "#linen",
							"uv": [ 0.0, 0.0, 1.0, 1.0 ]
						},
						"east": {
							"texture": "#linen",
							"uv": [ 0.0, 0.0, 4.0, 1.0 ]
						},
						"south": {
							"texture": "#linen",
							"uv": [ 0.0, 0.0, 1.0, 1.0 ]
						},
						"west": {
							"texture": "#linen",
							"uv": [ 0.0, 0.0, 4.0, 1.0 ]
						},
						"up": {
							"texture": "#linen",
							"uv": [ 0.0, 0.0, 1.0, 4.0 ]
						},
						"down": {
							"texture": "#linen",
							"uv": [ 0.0, 0.0, 1.0, 4.0 ]
						}
					}
				},
				{
					"name": "pilze",
					"from": [ 2.0, 11.0, 3.0 ],
					"to": [ 3.0, 12.0, 4.0 ],
					"rotationOrigin": [ 2.0, 11.0, 3.0 ],
					"rotationX": 45.0,
					"rotationY": 0.0,
					"rotationZ": 45.0,
					"faces": {
						"north": {
							"texture": "#funeralbell",
							"uv": [ 0.0, 0.0, 1.0, 1.0 ]
						},
						"east": {
							"texture": "#funeralbell",
							"uv": [ 0.0, 0.0, 1.0, 1.0 ],
							"windMode": [ -1, -1, -1, -1 ],
							"windData": [ 0, 1, 1, 0 ]
						},
						"south": {
							"texture": "#funeralbell",
							"uv": [ 0.0, 0.0, 1.0, 1.0 ],
							"windMode": [ -1, -1, -1, -1 ],
							"windData": [ 0, 0, 1, 1 ]
						},
						"west": {
							"texture": "#funeralbell",
							"uv": [ 0.0, 0.0, 1.0, 1.0 ],
							"windMode": [ -1, -1, -1, -1 ],
							"windData": [ 0, 0, 1, 1 ]
						},
						"up": {
							"texture": "#funeralbell",
							"uv": [ 0.0, 0.0, 1.0, 1.0 ],
							"windMode": [ -1, -1, -1, -1 ],
							"windData": [ 1, 1, 1, 1 ]
						},
						"down": {
							"texture": "#funeralbell",
							"uv": [ 0.0, 0.0, 1.0, 1.0 ],
							"windMode": [ -1, -1, -1, -1 ]
						}
					},
					"children": [
						{
							"name": "Cube13",
							"from": [ -0.5, 1.0, -0.5 ],
							"to": [ 1.5, 2.0, 1.5 ],
							"rotationOrigin": [ -0.5, -15.0, -0.5 ],
							"faces": {
								"north": {
									"texture": "#funeralbell",
									"uv": [ 0.0, 0.0, 2.0, 1.0 ]
								},
								"east": {
									"texture": "#funeralbell",
									"uv": [ 0.0, 0.0, 2.0, 1.0 ],
									"windMode": [ -1, -1, -1, -1 ],
									"windData": [ 0, 1, 1, 0 ]
								},
								"south": {
									"texture": "#funeralbell",
									"uv": [ 0.0, 0.0, 2.0, 1.0 ],
									"windMode": [ -1, -1, -1, -1 ],
									"windData": [ 0, 0, 1, 1 ]
								},
								"west": {
									"texture": "#funeralbell",
									"uv": [ 0.0, 0.0, 2.0, 1.0 ],
									"windMode": [ -1, -1, -1, -1 ],
									"windData": [ 0, 0, 1, 1 ]
								},
								"up": {
									"texture": "#funeralbell",
									"uv": [ 0.0, 0.0, 2.0, 2.0 ],
									"windMode": [ -1, -1, -1, -1 ],
									"windData": [ 1, 1, 1, 1 ]
								},
								"down": {
									"texture": "#funeralbell",
									"uv": [ 0.0, 0.0, 2.0, 2.0 ],
									"windMode": [ -1, -1, -1, -1 ]
								}
							}
						}
					]
				},
				{
					"name": "pilze2",
					"from": [ 5.4, 10.3, 3.4 ],
					"to": [ 6.4, 11.3, 4.4 ],
					"rotationOrigin": [ 5.4, 10.3, 3.4 ],
					"rotationX": 45.0,
					"rotationY": 67.5,
					"rotationZ": -67.5,
					"faces": {
						"north": {
							"texture": "#blackmushroom",
							"uv": [ 5.5, 10.0, 6.5, 11.0 ],
							"windMode": [ -1, -1, -1, -1 ]
						},
						"east": {
							"texture": "#blackmushroom",
							"uv": [ 11.0, 11.5, 12.0, 12.5 ],
							"windMode": [ -1, -1, -1, -1 ],
							"windData": [ 0, 0, 0, 0 ]
						},
						"south": {
							"texture": "#blackmushroom",
							"uv": [ 2.0, 13.0, 3.0, 14.0 ],
							"windMode": [ -1, -1, -1, -1 ],
							"windData": [ 0, 0, 0, 0 ]
						},
						"west": {
							"texture": "#blackmushroom",
							"uv": [ 0.0, 0.0, 1.0, 1.0 ],
							"windMode": [ -1, -1, -1, -1 ],
							"windData": [ 0, 0, 0, 0 ]
						},
						"up": {
							"texture": "#blackmushroom",
							"uv": [ 9.5, 10.5, 10.5, 11.5 ],
							"windMode": [ -1, -1, -1, -1 ],
							"windData": [ 0, 0, 0, 0 ]
						},
						"down": {
							"texture": "#blackmushroom",
							"uv": [ 11.0, -3.5, 12.0, -2.5 ],
							"windMode": [ -1, -1, -1, -1 ]
						}
					},
					"children": [
						{
							"name": "Cube14",
							"from": [ -0.5, 1.0, -0.5 ],
							"to": [ 1.5, 2.0, 1.5 ],
							"rotationOrigin": [ -0.5, -15.0, -0.5 ],
							"faces": {
								"north": {
									"texture": "#blackmushroom",
									"uv": [ 9.0, 3.5, 11.0, 4.5 ],
									"windMode": [ -1, -1, -1, -1 ]
								},
								"east": {
									"texture": "#blackmushroom",
									"uv": [ 11.5, 4.5, 13.5, 5.5 ],
									"windMode": [ -1, -1, -1, -1 ],
									"windData": [ 0, 0, 0, 0 ]
								},
								"south": {
									"texture": "#blackmushroom",
									"uv": [ 11.0, 3.0, 13.0, 4.0 ],
									"windMode": [ -1, -1, -1, -1 ],
									"windData": [ 0, 0, 0, 0 ]
								},
								"west": {
									"texture": "#blackmushroom",
									"uv": [ 10.5, 4.0, 12.5, 5.0 ],
									"windMode": [ -1, -1, -1, -1 ],
									"windData": [ 0, 0, 0, 0 ]
								},
								"up": {
									"texture": "#blackmushroom",
									"uv": [ 10.0, 1.5, 12.0, 3.5 ],
									"windMode": [ -1, -1, -1, -1 ],
									"windData": [ 0, 0, 0, 0 ]
								},
								"down": {
									"texture": "#blackmushroom",
									"uv": [ 10.0, 1.5, 12.0, 3.5 ],
									"windMode": [ -1, -1, -1, -1 ]
								}
							}
						}
					]
				},
				{
					"name": "pilze3",
					"from": [ 3.3, 10.0, 2.8 ],
					"to": [ 4.3, 11.0, 3.8 ],
					"rotationOrigin": [ 4.3, 10.0, 2.8 ],
					"rotationX": 157.5,
					"rotationY": -67.5,
					"rotationZ": 112.5,
					"faces": {
						"north": {
							"texture": "#blackmushroom",
							"uv": [ 5.5, 10.0, 6.5, 11.0 ],
							"windMode": [ -1, -1, -1, -1 ]
						},
						"east": {
							"texture": "#blackmushroom",
							"uv": [ 11.0, 11.5, 12.0, 12.5 ],
							"windMode": [ -1, -1, -1, -1 ],
							"windData": [ 0, 0, 0, 0 ]
						},
						"south": {
							"texture": "#blackmushroom",
							"uv": [ 2.0, 13.0, 3.0, 14.0 ],
							"windMode": [ -1, -1, -1, -1 ],
							"windData": [ 0, 0, 0, 0 ]
						},
						"west": {
							"texture": "#blackmushroom",
							"uv": [ 0.0, 0.0, 1.0, 1.0 ],
							"windMode": [ -1, -1, -1, -1 ],
							"windData": [ 0, 0, 0, 0 ]
						},
						"up": {
							"texture": "#stipe",
							"uv": [ 4.0, -1.5, 5.0, -0.5 ],
							"windMode": [ -1, -1, -1, -1 ],
							"windData": [ 0, 0, 0, 0 ]
						},
						"down": {
							"texture": "#blackmushroom",
							"uv": [ 11.0, -3.5, 12.0, -2.5 ],
							"windMode": [ -1, -1, -1, -1 ]
						}
					},
					"children": [
						{
							"name": "Cube15",
							"from": [ -0.5, 1.0, -0.5 ],
							"to": [ 1.5, 2.0, 1.5 ],
							"rotationOrigin": [ -0.5, -15.0, -0.5 ],
							"faces": {
								"north": {
									"texture": "#cap",
									"uv": [ 8.5, 1.5, 10.5, 2.5 ],
									"windMode": [ -1, -1, -1, -1 ]
								},
								"east": {
									"texture": "#cap",
									"uv": [ 7.0, 7.0, 9.0, 8.0 ],
									"windMode": [ -1, -1, -1, -1 ],
									"windData": [ 0, 0, 0, 0 ]
								},
								"south": {
									"texture": "#cap",
									"uv": [ 9.0, 8.5, 11.0, 9.5 ],
									"windMode": [ -1, -1, -1, -1 ],
									"windData": [ 0, 0, 0, 0 ]
								},
								"west": {
									"texture": "#cap",
									"uv": [ 8.5, 4.5, 10.5, 5.5 ],
									"windMode": [ -1, -1, -1, -1 ],
									"windData": [ 0, 0, 0, 0 ]
								},
								"up": {
									"texture": "#cap",
									"uv": [ 9.0, 1.5, 11.0, 3.5 ],
									"windMode": [ -1, -1, -1, -1 ],
									"windData": [ 0, 0, 0, 0 ]
								},
								"down": {
									"texture": "#cap",
									"uv": [ 7.5, 2.5, 9.5, 4.5 ],
									"windMode": [ -1, -1, -1, -1 ]
								}
							}
						}
					]
				},
				{
					"name": "beeren",
					"from": [ 0.0, 11.0, 2.0 ],
					"to": [ 1.0, 12.0, 3.0 ],
					"rotationOrigin": [ -3.0, 0.0, -6.0 ],
					"faces": {
						"north": {
							"texture": "#cherry",
							"uv": [ 0.0, 0.0, 1.0, 1.0 ]
						},
						"east": {
							"texture": "#cherry",
							"uv": [ 0.0, 0.0, 1.0, 1.0 ],
							"windMode": [ -1, -1, -1, -1 ]
						},
						"south": {
							"texture": "#cherry",
							"uv": [ 0.0, 0.0, 1.0, 1.0 ],
							"windMode": [ -1, -1, -1, -1 ]
						},
						"west": {
							"texture": "#cherry",
							"uv": [ 0.0, 0.0, 1.0, 1.0 ],
							"windMode": [ -1, -1, -1, -1 ]
						},
						"up": {
							"texture": "#cherry",
							"uv": [ 0.0, 0.0, 1.0, 1.0 ],
							"windMode": [ -1, -1, -1, -1 ]
						},
						"down": {
							"texture": "#cherry",
							"uv": [ 0.0, 0.0, 1.0, 1.0 ],
							"windMode": [ -1, -1, -1, -1 ]
						}
					},
					"children": [
						{
							"name": "beeren2",
							"from": [ -0.7, -0.6, -0.4 ],
							"to": [ 0.3, 0.4, 0.6 ],
							"rotationOrigin": [ -3.7, -11.6, -8.4 ],
							"faces": {
								"north": {
									"texture": "#cherry",
									"uv": [ 0.0, 0.0, 1.0, 1.0 ]
								},
								"east": {
									"texture": "#cherry",
									"uv": [ 0.0, 0.0, 1.0, 1.0 ],
									"windMode": [ -1, -1, -1, -1 ]
								},
								"south": {
									"texture": "#cherry",
									"uv": [ 0.0, 0.0, 1.0, 1.0 ],
									"windMode": [ -1, -1, -1, -1 ]
								},
								"west": {
									"texture": "#cherry",
									"uv": [ 0.0, 0.0, 1.0, 1.0 ],
									"windMode": [ -1, -1, -1, -1 ]
								},
								"up": {
									"texture": "#cherry",
									"uv": [ 0.0, 0.0, 1.0, 1.0 ],
									"windMode": [ -1, -1, -1, -1 ]
								},
								"down": {
									"texture": "#cherry",
									"uv": [ 0.0, 0.0, 1.0, 1.0 ],
									"windMode": [ -1, -1, -1, -1 ]
								}
							}
						},
						{
							"name": "beeren3",
							"from": [ -0.9, -0.8, 0.5 ],
							"to": [ 0.1, 0.2, 1.5 ],
							"rotationOrigin": [ -3.9, -11.8, -7.5 ],
							"faces": {
								"north": {
									"texture": "#cherry",
									"uv": [ 0.0, 0.0, 1.0, 1.0 ]
								},
								"east": {
									"texture": "#cherry",
									"uv": [ 0.0, 0.0, 1.0, 1.0 ],
									"windMode": [ -1, -1, -1, -1 ]
								},
								"south": {
									"texture": "#cherry",
									"uv": [ 0.0, 0.0, 1.0, 1.0 ],
									"windMode": [ -1, -1, -1, -1 ]
								},
								"west": {
									"texture": "#cherry",
									"uv": [ 0.0, 0.0, 1.0, 1.0 ],
									"windMode": [ -1, -1, -1, -1 ]
								},
								"up": {
									"texture": "#cherry",
									"uv": [ 0.0, 0.0, 1.0, 1.0 ],
									"windMode": [ -1, -1, -1, -1 ]
								},
								"down": {
									"texture": "#cherry",
									"uv": [ 0.0, 0.0, 1.0, 1.0 ],
									"windMode": [ -1, -1, -1, -1 ]
								}
							}
						},
						{
							"name": "beeren4",
							"from": [ -1.0, -1.8, -0.4 ],
							"to": [ 0.0, -0.8, 0.6 ],
							"rotationOrigin": [ -4.0, -12.8, -8.4 ],
							"faces": {
								"north": {
									"texture": "#cherry",
									"uv": [ 0.0, 0.0, 1.0, 1.0 ]
								},
								"east": {
									"texture": "#cherry",
									"uv": [ 0.0, 0.0, 1.0, 1.0 ],
									"windMode": [ -1, -1, -1, -1 ]
								},
								"south": {
									"texture": "#cherry",
									"uv": [ 0.0, 0.0, 1.0, 1.0 ],
									"windMode": [ -1, -1, -1, -1 ]
								},
								"west": {
									"texture": "#cherry",
									"uv": [ 0.0, 0.0, 1.0, 1.0 ],
									"windMode": [ -1, -1, -1, -1 ]
								},
								"up": {
									"texture": "#cherry",
									"uv": [ 0.0, 0.0, 1.0, 1.0 ],
									"windMode": [ -1, -1, -1, -1 ]
								},
								"down": {
									"texture": "#cherry",
									"uv": [ 0.0, 0.0, 1.0, 1.0 ],
									"windMode": [ -1, -1, -1, -1 ]
								}
							}
						}
					]
				},
				{
					"name": "beeren5",
					"from": [ 8.0, 11.0, 3.6 ],
					"to": [ 9.0, 12.0, 4.6 ],
					"rotationOrigin": [ -4.0, -2.0, -6.4 ],
					"faces": {
						"north": {
							"texture": "#blueberry",
							"uv": [ 0.0, 0.0, 1.0, 1.0 ],
							"windMode": [ -1, -1, -1, -1 ]
						},
						"east": {
							"texture": "#blueberry",
							"uv": [ 0.0, 0.0, 1.0, 1.0 ],
							"windMode": [ -1, -1, -1, -1 ]
						},
						"south": {
							"texture": "#blueberry",
							"uv": [ 0.0, 0.0, 1.0, 1.0 ],
							"windMode": [ -1, -1, -1, -1 ]
						},
						"west": {
							"texture": "#blueberry",
							"uv": [ 0.0, 0.0, 1.0, 1.0 ],
							"windMode": [ -1, -1, -1, -1 ]
						},
						"up": {
							"texture": "#blueberry",
							"uv": [ 0.0, 0.0, 1.0, 1.0 ],
							"windMode": [ -1, -1, -1, -1 ]
						},
						"down": {
							"texture": "#blueberry",
							"uv": [ 0.0, 0.0, 1.0, 1.0 ],
							"windMode": [ -1, -1, -1, -1 ]
						}
					},
					"children": [
						{
							"name": "beeren6",
							"from": [ 1.0, 0.0, 0.3 ],
							"to": [ 2.0, 1.0, 1.3 ],
							"rotationOrigin": [ -11.0, -13.0, -9.7 ],
							"faces": {
								"north": {
									"texture": "#blueberry",
									"uv": [ 0.0, 0.0, 1.0, 1.0 ],
									"windMode": [ -1, -1, -1, -1 ]
								},
								"east": {
									"texture": "#blueberry",
									"uv": [ 0.0, 0.0, 1.0, 1.0 ],
									"windMode": [ -1, -1, -1, -1 ]
								},
								"south": {
									"texture": "#blueberry",
									"uv": [ 0.0, 0.0, 1.0, 1.0 ],
									"windMode": [ -1, -1, -1, -1 ]
								},
								"west": {
									"texture": "#blueberry",
									"uv": [ 0.0, 0.0, 1.0, 1.0 ],
									"windMode": [ -1, -1, -1, -1 ]
								},
								"up": {
									"texture": "#blueberry",
									"uv": [ 0.0, 0.0, 1.0, 1.0 ],
									"windMode": [ -1, -1, -1, -1 ]
								},
								"down": {
									"texture": "#blueberry",
									"uv": [ 0.0, 0.0, 1.0, 1.0 ],
									"windMode": [ -1, -1, -1, -1 ]
								}
							}
						},
						{
							"name": "beeren7",
							"from": [ -0.8, -0.6, 0.8 ],
							"to": [ 0.2, 0.4, 1.8 ],
							"rotationOrigin": [ -12.8, -13.6, -9.2 ],
							"faces": {
								"north": {
									"texture": "#blueberry",
									"uv": [ 0.0, 0.0, 1.0, 1.0 ],
									"windMode": [ -1, -1, -1, -1 ]
								},
								"east": {
									"texture": "#blueberry",
									"uv": [ 0.0, 0.0, 1.0, 1.0 ],
									"windMode": [ -1, -1, -1, -1 ]
								},
								"south": {
									"texture": "#blueberry",
									"uv": [ 0.0, 0.0, 1.0, 1.0 ],
									"windMode": [ -1, -1, -1, -1 ]
								},
								"west": {
									"texture": "#blueberry",
									"uv": [ 0.0, 0.0, 1.0, 1.0 ],
									"windMode": [ -1, -1, -1, -1 ]
								},
								"up": {
									"texture": "#blueberry",
									"uv": [ 0.0, 0.0, 1.0, 1.0 ],
									"windMode": [ -1, -1, -1, -1 ]
								},
								"down": {
									"texture": "#blueberry",
									"uv": [ 0.0, 0.0, 1.0, 1.0 ],
									"windMode": [ -1, -1, -1, -1 ]
								}
							}
						},
						{
							"name": "beeren8",
							"from": [ 0.2, -0.9, 0.8 ],
							"to": [ 1.2, 0.1, 1.8 ],
							"rotationOrigin": [ -11.8, -13.9, -9.2 ],
							"faces": {
								"north": {
									"texture": "#blueberry",
									"uv": [ 0.0, 0.0, 1.0, 1.0 ],
									"windMode": [ -1, -1, -1, -1 ]
								},
								"east": {
									"texture": "#blueberry",
									"uv": [ 0.0, 0.0, 1.0, 1.0 ],
									"windMode": [ -1, -1, -1, -1 ]
								},
								"south": {
									"texture": "#blueberry",
									"uv": [ 0.0, 0.0, 1.0, 1.0 ],
									"windMode": [ -1, -1, -1, -1 ]
								},
								"west": {
									"texture": "#blueberry",
									"uv": [ 0.0, 0.0, 1.0, 1.0 ],
									"windMode": [ -1, -1, -1, -1 ]
								},
								"up": {
									"texture": "#blueberry",
									"uv": [ 0.0, 0.0, 1.0, 1.0 ],
									"windMode": [ -1, -1, -1, -1 ]
								},
								"down": {
									"texture": "#blueberry",
									"uv": [ 0.0, 0.0, 1.0, 1.0 ],
									"windMode": [ -1, -1, -1, -1 ]
								}
							}
						},
						{
							"name": "beeren9",
							"from": [ -0.4, -1.8, 1.2 ],
							"to": [ 0.6, -0.8, 2.2 ],
							"rotationOrigin": [ -12.4, -14.8, -8.8 ],
							"faces": {
								"north": {
									"texture": "#blueberry",
									"uv": [ 0.0, 0.0, 1.0, 1.0 ],
									"windMode": [ -1, -1, -1, -1 ]
								},
								"east": {
									"texture": "#blueberry",
									"uv": [ 0.0, 0.0, 1.0, 1.0 ],
									"windMode": [ -1, -1, -1, -1 ]
								},
								"south": {
									"texture": "#blueberry",
									"uv": [ 0.0, 0.0, 1.0, 1.0 ],
									"windMode": [ -1, -1, -1, -1 ]
								},
								"west": {
									"texture": "#blueberry",
									"uv": [ 0.0, 0.0, 1.0, 1.0 ],
									"windMode": [ -1, -1, -1, -1 ]
								},
								"up": {
									"texture": "#blueberry",
									"uv": [ 0.0, 0.0, 1.0, 1.0 ],
									"windMode": [ -1, -1, -1, -1 ]
								},
								"down": {
									"texture": "#blueberry",
									"uv": [ 0.0, 0.0, 1.0, 1.0 ],
									"windMode": [ -1, -1, -1, -1 ]
								}
							}
						}
					]
				},
				{
					"name": "Cube12",
					"from": [ 1.0, 9.0, 1.0 ],
					"to": [ 9.0, 10.0, 4.0 ],
					"rotationOrigin": [ 5.0, 11.0, 0.0 ],
					"faces": {
						"up": {
							"texture": "#cherry",
							"uv": [ 0.0, 7.0, 8.0, 10.0 ],
							"windMode": [ -1, -1, -1, -1 ],
							"windData": [ 1, 1, 1, 1 ]
						}
					}
				}
			]
		}
	]
}