{
	"editor": {
		"backDropShape": "game:shapes/entity/humanoid/seraph-faceless",
		"collapsedPaths": "Root/quill1,Root/hidehat/quill1,Root/hidehat",
		"allAngles": false,
		"entityTextureMode": true
	},
	"textureWidth": 16,
	"textureHeight": 16,
	"textureSizes": {
	},
	"textures": {
		"timberborn-hat": "aldiclasses:clothing/timberborn-hat",
		"feather": "game:item/resource/feather"
	},
	"elements": [
		{
			"name": "hidehat",
			"stepParentName": "Head",
			"from": [ 0.0, 4.0, 0.0 ],
			"to": [ 5.5, 5.0, 5.0 ],
			"uv": [ 0.0, 0.0 ],
			"rotationOrigin": [ 3.0, 4.0, 2.5 ],
			"faces": {
				"north": { "texture": "#timberborn-hat", "uv": [ 0.0, 0.0, 5.5, 1.0 ], "enabled": false },
				"east": { "texture": "#timberborn-hat", "uv": [ 0.0, 0.0, 5.0, 1.0 ], "enabled": false },
				"south": { "texture": "#timberborn-hat", "uv": [ 0.0, 0.0, 5.5, 1.0 ], "enabled": false },
				"west": { "texture": "#timberborn-hat", "uv": [ 0.0, 0.0, 5.0, 1.0 ], "enabled": false },
				"up": { "texture": "#timberborn-hat", "uv": [ 0.0, 0.0, 5.5, 5.0 ], "enabled": false },
				"down": { "texture": "#timberborn-hat", "uv": [ 0.0, 0.0, 5.5, 5.0 ], "enabled": false }
			},
			"children": [
				{
					"name": "main",
					"from": [ -0.35, 0.0, -0.35 ],
					"to": [ 5.85, 1.5, 5.35 ],
					"autoUnwrap": false,
					"uv": [ 0.0, 8.5 ],
					"rotationOrigin": [ 0.0, 0.1, 2.5 ],
					"faces": {
						"north": { "texture": "#timberborn-hat", "uv": [ 0.0, 8.5, 6.0, 10.0 ] },
						"east": { "texture": "#timberborn-hat", "uv": [ 10.5, 8.5, 16.0, 10.0 ] },
						"south": { "texture": "#timberborn-hat", "uv": [ 10.0, 14.0, 16.0, 15.5 ] },
						"west": { "texture": "#timberborn-hat", "uv": [ 0.0, 14.0, 5.5, 15.5 ] },
						"up": { "texture": "#timberborn-hat", "uv": [ 6.0, 0.0, 12.0, 5.5 ], "windMode": [-1,-1,-1,-1], "windData": [1,1,1,1] },
						"down": { "texture": "#timberborn-hat", "uv": [ 0.0, 0.0, 6.0, 5.5 ] }
					},
					"children": [
						{
							"name": "W",
							"from": [ 0.0, 1.5, 1.05 ],
							"to": [ 1.0, 3.5, 4.65 ],
							"autoUnwrap": false,
							"uv": [ 6.0, 6.5 ],
							"rotationOrigin": [ 0.0, 1.5, 2.8 ],
							"rotationZ": -22.5,
							"faces": {
								"north": { "texture": "#timberborn-hat", "uv": [ 0.0, 12.0, 1.0, 14.0 ] },
								"east": { "texture": "#timberborn-hat", "uv": [ 1.0, 12.0, 4.5, 14.0 ] },
								"south": { "texture": "#timberborn-hat", "uv": [ 4.5, 12.0, 5.5, 14.0 ] },
								"west": { "texture": "#timberborn-hat", "uv": [ 1.0, 12.0, 4.5, 14.0 ] },
								"up": { "texture": "#timberborn-hat", "uv": [ 1.0, 11.0, 4.5, 12.0 ], "rotation": 90 },
								"down": { "texture": "#timberborn-hat", "uv": [ 0.0, 0.0, 1.0, 3.5 ], "enabled": false }
							}
						},
						{
							"name": "N",
							"from": [ 1.0, 1.5, 0.0 ],
							"to": [ 5.2, 3.5, 1.0 ],
							"autoUnwrap": false,
							"uv": [ 7.0, 3.0 ],
							"rotationOrigin": [ 1.0, 1.5, 0.0 ],
							"rotationX": 22.5,
							"faces": {
								"north": { "texture": "#timberborn-hat", "uv": [ 1.0, 6.5, 5.0, 8.5 ] },
								"east": { "texture": "#timberborn-hat", "uv": [ 0.0, 6.5, 1.0, 8.5 ] },
								"south": { "texture": "#timberborn-hat", "uv": [ 1.0, 6.5, 5.0, 8.5 ] },
								"west": { "texture": "#timberborn-hat", "uv": [ 5.0, 6.5, 6.0, 8.5 ] },
								"up": { "texture": "#timberborn-hat", "uv": [ 1.0, 5.5, 5.0, 6.5 ] },
								"down": { "texture": "#timberborn-hat", "uv": [ 0.0, 0.0, 4.0, 1.0 ], "enabled": false }
							}
						},
						{
							"name": "S",
							"from": [ 1.0, 1.5, 4.7 ],
							"to": [ 5.2, 3.5, 5.7 ],
							"autoUnwrap": false,
							"uv": [ 6.5, 9.5 ],
							"rotationOrigin": [ 1.0, 1.5, 5.7 ],
							"rotationX": -22.5,
							"faces": {
								"north": { "texture": "#timberborn-hat", "uv": [ 11.0, 12.0, 15.0, 14.0 ] },
								"east": { "texture": "#timberborn-hat", "uv": [ 15.0, 12.0, 16.0, 14.0 ], "windMode": [-1,-1,-1,-1], "windData": [1,1,1,1] },
								"south": { "texture": "#timberborn-hat", "uv": [ 11.0, 12.0, 15.0, 14.0 ] },
								"west": { "texture": "#timberborn-hat", "uv": [ 10.0, 12.0, 11.0, 14.0 ] },
								"up": { "texture": "#timberborn-hat", "uv": [ 11.0, 11.0, 15.0, 12.0 ] },
								"down": { "texture": "#timberborn-hat", "uv": [ 0.0, 0.0, 4.0, 1.0 ], "enabled": false }
							}
						},
						{
							"name": "E",
							"from": [ 5.2, 1.5, 1.05 ],
							"to": [ 6.2, 3.5, 4.65 ],
							"autoUnwrap": false,
							"uv": [ 6.5, 5.5 ],
							"rotationOrigin": [ 6.2, 1.5, 2.8 ],
							"rotationZ": 22.5,
							"faces": {
								"north": { "texture": "#timberborn-hat", "uv": [ 15.0, 6.5, 16.0, 8.5 ] },
								"east": { "texture": "#timberborn-hat", "uv": [ 11.5, 6.5, 15.0, 8.5 ] },
								"south": { "texture": "#timberborn-hat", "uv": [ 10.5, 6.5, 11.5, 8.5 ] },
								"west": { "texture": "#timberborn-hat", "uv": [ 11.5, 6.5, 15.0, 8.5 ] },
								"up": { "texture": "#timberborn-hat", "uv": [ 11.5, 5.5, 15.0, 6.5 ], "rotation": 90 },
								"down": { "texture": "#timberborn-hat", "uv": [ 0.0, 0.0, 1.0, 3.5 ], "enabled": false }
							}
						},
						{
							"name": "top",
							"from": [ 1.1, 2.2, 1.0 ],
							"to": [ 5.1, 3.2, 4.6 ],
							"uv": [ 7.0, 1.0 ],
							"rotationOrigin": [ 3.1, 2.7, 2.7 ],
							"faces": {
								"north": { "texture": "#timberborn-hat", "uv": [ 0.0, 0.0, 4.0, 1.0 ], "enabled": false },
								"east": { "texture": "#timberborn-hat", "uv": [ 0.0, 0.0, 3.5, 1.0 ], "enabled": false },
								"south": { "texture": "#timberborn-hat", "uv": [ 0.0, 0.0, 4.0, 1.0 ], "enabled": false },
								"west": { "texture": "#timberborn-hat", "uv": [ 0.0, 0.0, 3.5, 1.0 ], "enabled": false },
								"up": { "texture": "#timberborn-hat", "uv": [ 7.0, 1.0, 11.0, 4.5 ] },
								"down": { "texture": "#timberborn-hat", "uv": [ 0.0, 0.0, 4.0, 3.5 ], "enabled": false }
							}
						}
					]
				},
				{
					"name": "quill1",
					"from": [ 1.76, 1.2157, 6.2 ],
					"to": [ 4.76, 1.4157, 6.4 ],
					"unwrapMode": 5,
					"uv": [ 1.0, 5.5 ],
					"rotationOrigin": [ 1.7599, 2.2157, 6.2 ],
					"rotationX": 67.9393,
					"rotationY": 19.7239,
					"rotationZ": -3.2191,
					"faces": {
						"north": { "texture": "#feather", "uv": [ 1.5, 5.5, 4.5, 6.0 ], "rotation": 180 },
						"east": { "texture": "#null", "uv": [ 4.5, 6.0, 5.0, 6.5 ], "rotation": 90, "enabled": false },
						"south": { "texture": "#feather", "uv": [ 1.5, 6.5, 4.5, 7.0 ] },
						"west": { "texture": "#feather", "uv": [ 1.0, 6.0, 1.5, 6.5 ], "rotation": 270 },
						"up": { "texture": "#feather", "uv": [ 1.5, 6.0, 4.5, 6.5 ] },
						"down": { "texture": "#feather", "uv": [ 4.5, 6.0, 7.5, 6.5 ] }
					},
					"children": [
						{
							"name": "feather1S",
							"from": [ 2.0, 0.0, 0.1 ],
							"to": [ 2.6, 0.1, 0.9 ],
							"unwrapMode": 5,
							"uv": [ 0.5, 0.0 ],
							"rotationOrigin": [ 2.0, 0.0, 0.1 ],
							"rotationX": -6.0,
							"faces": {
								"north": { "texture": "#null", "uv": [ 1.0, 0.0, 1.5, 0.5 ], "rotation": 180, "enabled": false },
								"east": { "texture": "#feather", "uv": [ 1.5, 0.0, 2.0, 0.5 ], "rotation": 90 },
								"south": { "texture": "#feather", "uv": [ 1.0, 0.5, 1.5, 1.0 ] },
								"west": { "texture": "#feather", "uv": [ 0.5, 0.0, 1.0, 0.5 ], "rotation": 270 },
								"up": { "texture": "#feather", "uv": [ 1.0, 0.0, 1.5, 0.5 ] },
								"down": { "texture": "#feather", "uv": [ 2.0, 0.0, 2.5, 0.5 ] }
							},
							"children": [
								{
									"name": "feather1N",
									"from": [ 0.0, 0.0, -0.9 ],
									"to": [ 0.6, 0.1, -0.1 ],
									"unwrapMode": 5,
									"uv": [ 5.5, 0.5 ],
									"rotationOrigin": [ 0.0, 0.0, 0.1 ],
									"rotationX": 10.0,
									"faces": {
										"north": { "texture": "#feather", "uv": [ 6.0, 0.5, 6.5, 1.0 ], "rotation": 180 },
										"east": { "texture": "#feather", "uv": [ 6.5, 1.0, 7.0, 1.5 ], "rotation": 90 },
										"south": { "texture": "#null", "uv": [ 6.0, 1.5, 6.5, 2.0 ], "enabled": false },
										"west": { "texture": "#feather", "uv": [ 5.5, 1.0, 6.0, 1.5 ], "rotation": 270 },
										"up": { "texture": "#feather", "uv": [ 6.0, 1.0, 6.5, 1.5 ] },
										"down": { "texture": "#feather", "uv": [ 7.0, 1.0, 7.5, 1.5 ] }
									}
								}
							]
						},
						{
							"name": "quill2",
							"from": [ 3.0, 0.0, 0.0 ],
							"to": [ 6.0, 0.2, 0.2 ],
							"unwrapMode": 5,
							"uv": [ 1.0, 5.5 ],
							"rotationOrigin": [ 3.0, 0.0, 0.0 ],
							"rotationZ": 2.0,
							"faces": {
								"north": { "texture": "#feather", "uv": [ 1.5, 5.5, 4.5, 6.0 ], "rotation": 180 },
								"east": { "texture": "#null", "uv": [ 4.5, 6.0, 5.0, 6.5 ], "rotation": 90, "enabled": false },
								"south": { "texture": "#feather", "uv": [ 1.5, 6.5, 4.5, 7.0 ] },
								"west": { "texture": "#null", "uv": [ 1.0, 6.0, 1.5, 6.5 ], "rotation": 270, "enabled": false },
								"up": { "texture": "#feather", "uv": [ 1.5, 6.0, 4.5, 6.5 ] },
								"down": { "texture": "#feather", "uv": [ 4.5, 6.0, 7.5, 6.5 ] }
							},
							"children": [
								{
									"name": "feather1S2",
									"from": [ -0.4, 0.0, 0.1 ],
									"to": [ 2.2, 0.1, 1.0 ],
									"unwrapMode": 5,
									"uv": [ 0.5, 2.5 ],
									"rotationOrigin": [ -0.4, 0.0, 0.1 ],
									"rotationX": -4.0,
									"faces": {
										"north": { "texture": "#null", "uv": [ 1.0, 2.5, 3.5, 3.0 ], "rotation": 180, "enabled": false },
										"east": { "texture": "#feather", "uv": [ 3.5, 2.5, 4.0, 3.0 ], "rotation": 90 },
										"south": { "texture": "#feather", "uv": [ 1.0, 3.0, 3.5, 3.5 ] },
										"west": { "texture": "#feather", "uv": [ 0.5, 2.5, 1.0, 3.0 ], "rotation": 270 },
										"up": { "texture": "#feather", "uv": [ 1.0, 2.5, 3.5, 3.0 ] },
										"down": { "texture": "#feather", "uv": [ 4.0, 2.5, 6.5, 3.0 ] }
									},
									"children": [
										{
											"name": "feather1N2",
											"from": [ 0.0, 0.0, -0.9 ],
											"to": [ 2.6, 0.1, -0.1 ],
											"unwrapMode": 5,
											"uv": [ 5.5, 2.5 ],
											"rotationOrigin": [ 0.0, 0.0, 0.2 ],
											"rotationX": 10.0,
											"faces": {
												"north": { "texture": "#feather", "uv": [ 6.0, 2.5, 8.5, 3.0 ], "rotation": 180 },
												"east": { "texture": "#feather", "uv": [ 8.5, 3.0, 9.0, 3.5 ], "rotation": 90 },
												"south": { "texture": "#null", "uv": [ 6.0, 3.5, 8.5, 4.0 ], "enabled": false },
												"west": { "texture": "#feather", "uv": [ 5.5, 3.0, 6.0, 3.5 ], "rotation": 270 },
												"up": { "texture": "#feather", "uv": [ 6.0, 3.0, 8.5, 3.5 ] },
												"down": { "texture": "#feather", "uv": [ 9.0, 3.0, 11.5, 3.5 ] }
											}
										}
									]
								},
								{
									"name": "quill3",
									"from": [ 3.0, 0.0, 0.0 ],
									"to": [ 5.0, 0.2, 0.2 ],
									"unwrapMode": 5,
									"uv": [ 1.0, 5.5 ],
									"rotationOrigin": [ 3.0, 0.0, 0.0 ],
									"rotationZ": 2.0,
									"faces": {
										"north": { "texture": "#feather", "uv": [ 1.0, 5.5, 3.0, 6.0 ], "rotation": 180 },
										"east": { "texture": "#feather", "uv": [ 3.0, 6.0, 3.5, 6.5 ], "rotation": 90, "windMode": [-1,-1,-1,-1] },
										"south": { "texture": "#feather", "uv": [ 1.0, 6.5, 3.0, 7.0 ] },
										"west": { "texture": "#null", "uv": [ 1.0, 6.0, 1.5, 6.5 ], "rotation": 270, "enabled": false },
										"up": { "texture": "#feather", "uv": [ 1.0, 6.0, 3.0, 6.5 ] },
										"down": { "texture": "#feather", "uv": [ 3.5, 6.0, 5.5, 6.5 ] }
									},
									"children": [
										{
											"name": "feather1S3",
											"from": [ -0.8, 0.0, 0.1 ],
											"to": [ 0.8, 0.1, 0.9 ],
											"unwrapMode": 5,
											"uv": [ 0.5, 5.5 ],
											"rotationOrigin": [ -0.8, 0.0, 0.1 ],
											"faces": {
												"north": { "texture": "#null", "uv": [ 1.0, 5.5, 2.5, 6.0 ], "rotation": 180, "enabled": false },
												"east": { "texture": "#feather", "uv": [ 2.5, 5.5, 3.0, 6.0 ], "rotation": 90 },
												"south": { "texture": "#feather", "uv": [ 1.0, 6.0, 2.5, 6.5 ] },
												"west": { "texture": "#feather", "uv": [ 0.5, 5.5, 1.0, 6.0 ], "rotation": 270 },
												"up": { "texture": "#feather", "uv": [ 1.0, 5.5, 2.5, 6.0 ] },
												"down": { "texture": "#feather", "uv": [ 3.0, 5.5, 4.5, 6.0 ] }
											},
											"children": [
												{
													"name": "feather1N3",
													"from": [ 0.0, 0.0, -0.8 ],
													"to": [ 1.6, 0.1, -0.1 ],
													"unwrapMode": 5,
													"uv": [ 3.5, 5.5 ],
													"rotationOrigin": [ 0.0, 0.0, 0.1 ],
													"rotationX": 10.0,
													"faces": {
														"north": { "texture": "#feather", "uv": [ 4.0, 5.5, 5.5, 6.0 ], "rotation": 180 },
														"east": { "texture": "#feather", "uv": [ 5.5, 6.0, 6.0, 6.5 ], "rotation": 90 },
														"south": { "texture": "#null", "uv": [ 4.0, 6.5, 5.5, 7.0 ], "enabled": false },
														"west": { "texture": "#feather", "uv": [ 3.5, 6.0, 4.0, 6.5 ], "rotation": 270 },
														"up": { "texture": "#feather", "uv": [ 4.0, 6.0, 5.5, 6.5 ] },
														"down": { "texture": "#feather", "uv": [ 6.0, 6.0, 7.5, 6.5 ] }
													}
												}
											]
										},
										{
											"name": "quill4",
											"from": [ 2.0, 0.0, 0.0 ],
											"to": [ 3.0, 0.2, 0.2 ],
											"unwrapMode": 5,
											"uv": [ 1.0, 5.5 ],
											"rotationOrigin": [ 2.0, 0.0, 0.0 ],
											"rotationZ": 2.0,
											"faces": {
												"north": { "texture": "#null", "uv": [ 1.5, 5.5, 2.5, 6.0 ], "rotation": 180, "enabled": false },
												"east": { "texture": "#null", "uv": [ 2.5, 6.0, 3.0, 6.5 ], "rotation": 90, "enabled": false },
												"south": { "texture": "#null", "uv": [ 1.5, 6.5, 2.5, 7.0 ], "enabled": false },
												"west": { "texture": "#null", "uv": [ 1.0, 6.0, 1.5, 6.5 ], "rotation": 270, "enabled": false },
												"up": { "texture": "#null", "uv": [ 1.5, 6.0, 2.5, 6.5 ], "enabled": false },
												"down": { "texture": "#null", "uv": [ 3.0, 6.0, 4.0, 6.5 ], "enabled": false }
											},
											"children": [
												{
													"name": "feather1S4",
													"from": [ -1.2, 0.0, 0.1 ],
													"to": [ -0.2, 0.1, 0.8 ],
													"unwrapMode": 5,
													"uv": [ 9.5, 5.5 ],
													"rotationOrigin": [ -1.2, 0.0, 0.1 ],
													"rotationX": -1.0,
													"faces": {
														"north": { "texture": "#null", "uv": [ 10.0, 5.5, 11.0, 6.0 ], "rotation": 180, "enabled": false },
														"east": { "texture": "#feather", "uv": [ 11.0, 5.5, 11.5, 6.0 ], "rotation": 90 },
														"south": { "texture": "#feather", "uv": [ 10.0, 6.0, 11.0, 6.5 ] },
														"west": { "texture": "#feather", "uv": [ 9.5, 5.5, 10.0, 6.0 ], "rotation": 270 },
														"up": { "texture": "#feather", "uv": [ 10.0, 5.5, 11.0, 6.0 ] },
														"down": { "texture": "#feather", "uv": [ 11.5, 5.5, 12.5, 6.0 ] }
													},
													"children": [
														{
															"name": "feather1N4",
															"from": [ 0.0, 0.0, -0.7 ],
															"to": [ 1.0, 0.1, 0.0 ],
															"unwrapMode": 5,
															"uv": [ 12.5, 5.5 ],
															"rotationOrigin": [ 0.0, 0.0, 0.0 ],
															"rotationX": 10.0,
															"faces": {
																"north": { "texture": "#feather", "uv": [ 13.0, 5.5, 14.0, 6.0 ], "rotation": 180 },
																"east": { "texture": "#feather", "uv": [ 14.0, 6.0, 14.5, 6.5 ], "rotation": 90 },
																"south": { "texture": "#null", "uv": [ 13.0, 6.5, 14.0, 7.0 ], "enabled": false },
																"west": { "texture": "#feather", "uv": [ 12.5, 6.0, 13.0, 6.5 ], "rotation": 270 },
																"up": { "texture": "#feather", "uv": [ 13.0, 6.0, 14.0, 6.5 ] },
																"down": { "texture": "#feather", "uv": [ 14.5, 6.0, 15.5, 6.5 ] }
															},
															"children": [
																{
																	"name": "feather1N5",
																	"from": [ 1.0, 0.0, 0.0 ],
																	"to": [ 1.95, 0.1, 0.5 ],
																	"unwrapMode": 5,
																	"uv": [ 13.5, 6.5 ],
																	"rotationOrigin": [ 1.0, 0.0, 0.0 ],
																	"rotationY": -45.0,
																	"faces": {
																		"north": { "texture": "#feather", "uv": [ 14.0, 6.5, 14.5, 7.0 ], "rotation": 180 },
																		"east": { "texture": "#feather", "uv": [ 14.5, 7.0, 15.0, 7.5 ], "rotation": 90 },
																		"south": { "texture": "#feather", "uv": [ 14.0, 7.5, 14.5, 8.0 ] },
																		"west": { "texture": "#feather", "uv": [ 13.5, 7.0, 14.0, 7.5 ], "rotation": 270 },
																		"up": { "texture": "#feather", "uv": [ 14.0, 7.0, 14.5, 7.5 ] },
																		"down": { "texture": "#feather", "uv": [ 15.0, 7.0, 15.5, 7.5 ] }
																	}
																}
															]
														}
													]
												},
												{
													"name": "feather1S5",
													"from": [ -0.2, 0.005, 0.3 ],
													"to": [ 0.75, 0.095, 0.8 ],
													"unwrapMode": 5,
													"uv": [ 11.5, 5.5 ],
													"rotationOrigin": [ -0.2, 0.0, 0.8 ],
													"rotationX": -1.0,
													"rotationY": 45.0,
													"faces": {
														"north": { "texture": "#feather", "uv": [ 12.0, 5.5, 12.5, 6.0 ], "rotation": 180 },
														"east": { "texture": "#feather", "uv": [ 12.5, 6.0, 13.0, 6.5 ], "rotation": 90 },
														"south": { "texture": "#feather", "uv": [ 12.0, 6.5, 12.5, 7.0 ] },
														"west": { "texture": "#feather", "uv": [ 11.5, 6.0, 12.0, 6.5 ], "rotation": 270 },
														"up": { "texture": "#feather", "uv": [ 12.0, 6.0, 12.5, 6.5 ] },
														"down": { "texture": "#feather", "uv": [ 13.0, 6.0, 13.5, 6.5 ] }
													}
												}
											]
										}
									]
								}
							]
						}
					]
				}
			]
		}
	]}