{
  "code": "spellcipher",
  "class": "ItemSpellCipherRM",
  "enabled": true,

  "storageFlags": 131073,

  "variantgroups": [
    {
      "code": "type",
      "loadFromProperties": "rustboundmagic:abstract/spelltype"
    }
  ],
  "skipVariants": [
    "*-nospell",
    "*-lifetap",
    "*-transmutation1",
    "*-transmutation2",
    "*-transmutation3",
    "*-serenity1",
    "*-serenity2",
    "*-entropy1",
    "*-magiciansbrick0"
  ],

  //"behaviors": [
  //  {
  //    "name": "GroundStorable",
  //    "properties": {
  //      "layout": "SingleCenter",
  //      "collisionBox": {
  //        "x1": 0.25,
  //        "y1": 0,
  //        "z1": 0.25,
  //        "x2": 0.75,
  //        "y2": 0.375,
  //        "z2": 0.75
  //      }
  //    }
  //  }
  //],

  "creativeinventory": {
    "general": [ "*" ],
    "items": [ "*" ],
    "rustboundmagicciphers": [ "*" ]
  },

  "maxstacksize": 1,
  "materialDensity": 1200,

  "shapeByType": {
    "*": {
      "base": "items/spells/spellcipher"
    }
  },
  "texturesByType": {
    "*-befriendanimal*": {
      "default": { "base": "default" },
      "synthesiscipherskin": { "base": "items/synthesis/cipher/cipher-neutral-main" },
      "synthesiscipherskindecal": { "base": "items/synthesis/cipher/cipher-neutral-spellrune3" },
      "icon": { "base": "items/spells/{type}" }
    },
    "*-dig*": {
      "default": { "base": "default" },
      "synthesiscipherskin": { "base": "items/synthesis/cipher/cipher-dark-main" },
      "synthesiscipherskindecal": { "base": "items/synthesis/cipher/cipher-dark-spellrune3" },
      "icon": { "base": "items/spells/{type}" }
    },
    "*-fertilize*": {
      "default": { "base": "default" },
      "synthesiscipherskin": { "base": "items/synthesis/cipher/cipher-dark-main" },
      "synthesiscipherskindecal": { "base": "items/synthesis/cipher/cipher-dark-spellrune3" },
      "icon": { "base": "items/spells/{type}" }
    },
    "*-growth*": {
      "default": { "base": "default" },
      "synthesiscipherskin": { "base": "items/synthesis/cipher/cipher-light-main" },
      "synthesiscipherskindecal": { "base": "items/synthesis/cipher/cipher-light-spellrune3" },
      "icon": { "base": "items/spells/{type}" }
    },
    "*-hydration*": {
      "default": { "base": "default" },
      "synthesiscipherskin": { "base": "items/synthesis/cipher/cipher-neutral-main" },
      "synthesiscipherskindecal": { "base": "items/synthesis/cipher/cipher-neutral-spellrune3" },
      "icon": { "base": "items/spells/{type}" }
    },
    "*-ignite*": {
      "default": { "base": "default" },
      "synthesiscipherskin": { "base": "items/synthesis/cipher/cipher-light-main" },
      "synthesiscipherskindecal": { "base": "items/synthesis/cipher/cipher-light-spellrune3" },
      "icon": { "base": "items/spells/{type}" }
    },
    "*-reap*": {
      "default": { "base": "default" },
      "synthesiscipherskin": { "base": "items/synthesis/cipher/cipher-dark-main" },
      "synthesiscipherskindecal": { "base": "items/synthesis/cipher/cipher-dark-spellrune3" },
      "icon": { "base": "items/spells/{type}" }
    },
    "*-telekinesis*": {
      "default": { "base": "default" },
      "synthesiscipherskin": { "base": "items/synthesis/cipher/cipher-neutral-main" },
      "synthesiscipherskindecal": { "base": "items/synthesis/cipher/cipher-neutral-spellrune3" },
      "icon": { "base": "items/spells/{type}" }
    },
    "*-temporaltouch*": {
      "default": { "base": "default" },
      "synthesiscipherskin": { "base": "items/synthesis/cipher/cipher-neutral-main" },
      "synthesiscipherskindecal": { "base": "items/synthesis/cipher/cipher-neutral-spellrune3" },
      "icon": { "base": "items/spells/{type}" }
    },
    "*-firetouch*": {
      "default": { "base": "default" },
      "synthesiscipherskin": { "base": "items/synthesis/cipher/cipher-light-main" },
      "synthesiscipherskindecal": { "base": "items/synthesis/cipher/cipher-light-spellrune3" },
      "icon": { "base": "items/spells/{type}" }
    },
    "*-watertouch*": {
      "default": { "base": "default" },
      "synthesiscipherskin": { "base": "items/synthesis/cipher/cipher-neutral-main" },
      "synthesiscipherskindecal": { "base": "items/synthesis/cipher/cipher-neutral-spellrune3" },
      "icon": { "base": "items/spells/{type}" }
    },
    "*-windtouch*": {
      "default": { "base": "default" },
      "synthesiscipherskin": { "base": "items/synthesis/cipher/cipher-dark-main" },
      "synthesiscipherskindecal": { "base": "items/synthesis/cipher/cipher-dark-spellrune3" },
      "icon": { "base": "items/spells/{type}" }
    },
    "*-earthtouch*": {
      "default": { "base": "default" },
      "synthesiscipherskin": { "base": "items/synthesis/cipher/cipher-neutral-main" },
      "synthesiscipherskindecal": { "base": "items/synthesis/cipher/cipher-neutral-spellrune3" },
      "icon": { "base": "items/spells/{type}" }
    },
    "*-lightningtouch*": {
      "default": { "base": "default" },
      "synthesiscipherskin": { "base": "items/synthesis/cipher/cipher-light-main" },
      "synthesiscipherskindecal": { "base": "items/synthesis/cipher/cipher-light-spellrune3" },
      "icon": { "base": "items/spells/{type}" }
    },
    "*-frosttouch*": {
      "default": { "base": "default" },
      "synthesiscipherskin": { "base": "items/synthesis/cipher/cipher-dark-main" },
      "synthesiscipherskindecal": { "base": "items/synthesis/cipher/cipher-dark-spellrune3" },
      "icon": { "base": "items/spells/{type}" }
    },
    "*-naturetouch*": {
      "default": { "base": "default" },
      "synthesiscipherskin": { "base": "items/synthesis/cipher/cipher-light-main" },
      "synthesiscipherskindecal": { "base": "items/synthesis/cipher/cipher-light-spellrune3" },
      "icon": { "base": "items/spells/{type}" }
    },
    "*-arcanetouch*": {
      "default": { "base": "default" },
      "synthesiscipherskin": { "base": "items/synthesis/cipher/cipher-dark-main" },
      "synthesiscipherskindecal": { "base": "items/synthesis/cipher/cipher-dark-spellrune3" },
      "icon": { "base": "items/spells/{type}" }
    },
    "*-truenorth*": {
      "default": { "base": "default" },
      "synthesiscipherskin": { "base": "items/synthesis/cipher/cipher-light-main" },
      "synthesiscipherskindecal": { "base": "items/synthesis/cipher/cipher-light-spellrune3" },
      "icon": { "base": "items/spells/{type}" }
    },

    "*-mendobject*": {
      "default": { "base": "default" },
      "synthesiscipherskin": { "base": "items/synthesis/cipher/cipher-neutral-main" },
      "synthesiscipherskindecal": { "base": "items/synthesis/cipher/cipher-neutral-spellrune3" },
      "icon": { "base": "items/spells/{type}" }
    },
    "*-prise*": {
      "default": { "base": "default" },
      "synthesiscipherskin": { "base": "items/synthesis/cipher/cipher-light-main" },
      "synthesiscipherskindecal": { "base": "items/synthesis/cipher/cipher-light-spellrune3" },
      "icon": { "base": "items/spells/{type}" }
    },

    "*-bindaffinity*": {
      "default": { "base": "default" },
      "synthesiscipherskin": { "base": "items/synthesis/cipher/cipher-neutral-main" },
      "synthesiscipherskindecal": { "base": "items/synthesis/cipher/cipher-neutral-spellrune3" },
      "icon": { "base": "items/spells/{type}" }
    },
    "*-blink*": {
      "default": { "base": "default" },
      "synthesiscipherskin": { "base": "items/synthesis/cipher/cipher-light-main" },
      "synthesiscipherskindecal": { "base": "items/synthesis/cipher/cipher-light-spellrune3" },
      "icon": { "base": "items/spells/{type}" }
    },
    "*-preservation*": {
      "default": { "base": "default" },
      "synthesiscipherskin": { "base": "items/synthesis/cipher/cipher-neutral-main" },
      "synthesiscipherskindecal": { "base": "items/synthesis/cipher/cipher-neutral-spellrune3" },
      "icon": { "base": "items/spells/{type}" }
    },

    //--------//--------//--------//--------//

    "*-corpseexplosion*": {
      "default": { "base": "default" },
      "synthesiscipherskin": { "base": "items/synthesis/cipher/cipher-dark-main" },
      "synthesiscipherskindecal": { "base": "items/synthesis/cipher/cipher-dark-spellrune3" },
      "icon": { "base": "items/spells/{type}" }
    },
    "*-daze*": {
      "default": { "base": "default" },
      "synthesiscipherskin": { "base": "items/synthesis/cipher/cipher-light-main" },
      "synthesiscipherskindecal": { "base": "items/synthesis/cipher/cipher-light-spellrune3" },
      "icon": { "base": "items/spells/{type}" }
    },
    "*-fear*": {
      "default": { "base": "default" },
      "synthesiscipherskin": { "base": "items/synthesis/cipher/cipher-dark-main" },
      "synthesiscipherskindecal": { "base": "items/synthesis/cipher/cipher-dark-spellrune3" },
      "icon": { "base": "items/spells/{type}" }
    },
    "*-root*": {
      "default": { "base": "default" },
      "synthesiscipherskin": { "base": "items/synthesis/cipher/cipher-neutral-main" },
      "synthesiscipherskindecal": { "base": "items/synthesis/cipher/cipher-neutral-spellrune3" },
      "icon": { "base": "items/spells/{type}" }
    },
    "*-rustnova*": {
      "default": { "base": "default" },
      "synthesiscipherskin": { "base": "items/synthesis/cipher/cipher-neutral-main" },
      "synthesiscipherskindecal": { "base": "items/synthesis/cipher/cipher-neutral-spellrune3" },
      "icon": { "base": "items/spells/{type}" }
    },
    "*-incinerate*": {
      "default": { "base": "default" },
      "synthesiscipherskin": { "base": "items/synthesis/cipher/cipher-light-main" },
      "synthesiscipherskindecal": { "base": "items/synthesis/cipher/cipher-light-spellrune3" },
      "icon": { "base": "items/spells/{type}" }
    },
    "*-tidalwave*": {
      "default": { "base": "default" },
      "synthesiscipherskin": { "base": "items/synthesis/cipher/cipher-neutral-main" },
      "synthesiscipherskindecal": { "base": "items/synthesis/cipher/cipher-neutral-spellrune3" },
      "icon": { "base": "items/spells/{type}" }
    },
    "*-whirlwind*": {
      "default": { "base": "default" },
      "synthesiscipherskin": { "base": "items/synthesis/cipher/cipher-dark-main" },
      "synthesiscipherskindecal": { "base": "items/synthesis/cipher/cipher-dark-spellrune3" },
      "icon": { "base": "items/spells/{type}" }
    },
    "*-rockslide*": {
      "default": { "base": "default" },
      "synthesiscipherskin": { "base": "items/synthesis/cipher/cipher-neutral-main" },
      "synthesiscipherskindecal": { "base": "items/synthesis/cipher/cipher-neutral-spellrune3" },
      "icon": { "base": "items/spells/{type}" }
    },
    "*-electrocute*": {
      "default": { "base": "default" },
      "synthesiscipherskin": { "base": "items/synthesis/cipher/cipher-light-main" },
      "synthesiscipherskindecal": { "base": "items/synthesis/cipher/cipher-light-spellrune3" },
      "icon": { "base": "items/spells/{type}" }
    },
    "*-icestrike*": {
      "default": { "base": "default" },
      "synthesiscipherskin": { "base": "items/synthesis/cipher/cipher-dark-main" },
      "synthesiscipherskindecal": { "base": "items/synthesis/cipher/cipher-dark-spellrune3" },
      "icon": { "base": "items/spells/{type}" }
    },
    "*-verdantsurge*": {
      "default": { "base": "default" },
      "synthesiscipherskin": { "base": "items/synthesis/cipher/cipher-light-main" },
      "synthesiscipherskindecal": { "base": "items/synthesis/cipher/cipher-light-spellrune3" },
      "icon": { "base": "items/spells/{type}" }
    },
    "*-arcaneexplosion*": {
      "default": { "base": "default" },
      "synthesiscipherskin": { "base": "items/synthesis/cipher/cipher-dark-main" },
      "synthesiscipherskindecal": { "base": "items/synthesis/cipher/cipher-dark-spellrune3" },
      "icon": { "base": "items/spells/{type}" }
    },
    "*-rustorb*": {
      "default": { "base": "default" },
      "synthesiscipherskin": { "base": "items/synthesis/cipher/cipher-neutral-main" },
      "synthesiscipherskindecal": { "base": "items/synthesis/cipher/cipher-neutral-spellrune3" },
      "icon": { "base": "items/spells/{type}" }
    },
    "*-fireball*": {
      "default": { "base": "default" },
      "synthesiscipherskin": { "base": "items/synthesis/cipher/cipher-light-main" },
      "synthesiscipherskindecal": { "base": "items/synthesis/cipher/cipher-light-spellrune3" },
      "icon": { "base": "items/spells/{type}" }
    },
    "*-aquaburst*": {
      "default": { "base": "default" },
      "synthesiscipherskin": { "base": "items/synthesis/cipher/cipher-neutral-main" },
      "synthesiscipherskindecal": { "base": "items/synthesis/cipher/cipher-neutral-spellrune3" },
      "icon": { "base": "items/spells/{type}" }
    },
    "*-aeroblast*": {
      "default": { "base": "default" },
      "synthesiscipherskin": { "base": "items/synthesis/cipher/cipher-dark-main" },
      "synthesiscipherskindecal": { "base": "items/synthesis/cipher/cipher-dark-spellrune3" },
      "icon": { "base": "items/spells/{type}" }
    },
    "*-stonefist*": {
      "default": { "base": "default" },
      "synthesiscipherskin": { "base": "items/synthesis/cipher/cipher-neutral-main" },
      "synthesiscipherskindecal": { "base": "items/synthesis/cipher/cipher-neutral-spellrune3" },
      "icon": { "base": "items/spells/{type}" }
    },
    "*-thunderbolt*": {
      "default": { "base": "default" },
      "synthesiscipherskin": { "base": "items/synthesis/cipher/cipher-light-main" },
      "synthesiscipherskindecal": { "base": "items/synthesis/cipher/cipher-light-spellrune3" },
      "icon": { "base": "items/spells/{type}" }
    },
    "*-coldsnap*": {
      "default": { "base": "default" },
      "synthesiscipherskin": { "base": "items/synthesis/cipher/cipher-dark-main" },
      "synthesiscipherskindecal": { "base": "items/synthesis/cipher/cipher-dark-spellrune3" },
      "icon": { "base": "items/spells/{type}" }
    },
    "*-wealdburst*": {
      "default": { "base": "default" },
      "synthesiscipherskin": { "base": "items/synthesis/cipher/cipher-light-main" },
      "synthesiscipherskindecal": { "base": "items/synthesis/cipher/cipher-light-spellrune3" },
      "icon": { "base": "items/spells/{type}" }
    },
    "*-shadowbolt*": {
      "default": { "base": "default" },
      "synthesiscipherskin": { "base": "items/synthesis/cipher/cipher-dark-main" },
      "synthesiscipherskindecal": { "base": "items/synthesis/cipher/cipher-dark-spellrune3" },
      "icon": { "base": "items/spells/{type}" }
    },
    "*-shockwave*": {
      "default": { "base": "default" },
      "synthesiscipherskin": { "base": "items/synthesis/cipher/cipher-light-main" },
      "synthesiscipherskindecal": { "base": "items/synthesis/cipher/cipher-light-spellrune3" },
      "icon": { "base": "items/spells/{type}" }
    },
    "*-spikeshield*": {
      "default": { "base": "default" },
      "synthesiscipherskin": { "base": "items/synthesis/cipher/cipher-neutral-main" },
      "synthesiscipherskindecal": { "base": "items/synthesis/cipher/cipher-neutral-spellrune3" },
      "icon": { "base": "items/spells/{type}" }
    },

    "*-cataclysm*": {
      "default": { "base": "default" },
      "synthesiscipherskin": { "base": "items/synthesis/cipher/cipher-neutral-main" },
      "synthesiscipherskindecal": { "base": "items/synthesis/cipher/cipher-neutral-spellrune3" },
      "icon": { "base": "items/spells/{type}" }
    },
    "*-delirium*": {
      "default": { "base": "default" },
      "synthesiscipherskin": { "base": "items/synthesis/cipher/cipher-light-main" },
      "synthesiscipherskindecal": { "base": "items/synthesis/cipher/cipher-light-spellrune3" },
      "icon": { "base": "items/spells/{type}" }
    },
    "*-immobilize*": {
      "default": { "base": "default" },
      "synthesiscipherskin": { "base": "items/synthesis/cipher/cipher-neutral-main" },
      "synthesiscipherskindecal": { "base": "items/synthesis/cipher/cipher-neutral-spellrune3" },
      "icon": { "base": "items/spells/{type}" }
    },
    "*-terror*": {
      "default": { "base": "default" },
      "synthesiscipherskin": { "base": "items/synthesis/cipher/cipher-dark-main" },
      "synthesiscipherskindecal": { "base": "items/synthesis/cipher/cipher-dark-spellrune3" },
      "icon": { "base": "items/spells/{type}" }
    },
    "*-voidpulse*": {
      "default": { "base": "default" },
      "synthesiscipherskin": { "base": "items/synthesis/cipher/cipher-neutral-main" },
      "synthesiscipherskindecal": { "base": "items/synthesis/cipher/cipher-neutral-spellrune3" },
      "icon": { "base": "items/spells/{type}" }
    },
    "*-inferno*": {
      "default": { "base": "default" },
      "synthesiscipherskin": { "base": "items/synthesis/cipher/cipher-light-main" },
      "synthesiscipherskindecal": { "base": "items/synthesis/cipher/cipher-light-spellrune3" },
      "icon": { "base": "items/spells/{type}" }
    },
    "*-torrent*": {
      "default": { "base": "default" },
      "synthesiscipherskin": { "base": "items/synthesis/cipher/cipher-neutral-main" },
      "synthesiscipherskindecal": { "base": "items/synthesis/cipher/cipher-neutral-spellrune3" },
      "icon": { "base": "items/spells/{type}" }
    },
    "*-cyclone*": {
      "default": { "base": "default" },
      "synthesiscipherskin": { "base": "items/synthesis/cipher/cipher-dark-main" },
      "synthesiscipherskindecal": { "base": "items/synthesis/cipher/cipher-dark-spellrune3" },
      "icon": { "base": "items/spells/{type}" }
    },
    "*-earthquake*": {
      "default": { "base": "default" },
      "synthesiscipherskin": { "base": "items/synthesis/cipher/cipher-neutral-main" },
      "synthesiscipherskindecal": { "base": "items/synthesis/cipher/cipher-neutral-spellrune3" },
      "icon": { "base": "items/spells/{type}" }
    },
    "*-staticshock*": {
      "default": { "base": "default" },
      "synthesiscipherskin": { "base": "items/synthesis/cipher/cipher-light-main" },
      "synthesiscipherskindecal": { "base": "items/synthesis/cipher/cipher-light-spellrune3" },
      "icon": { "base": "items/spells/{type}" }
    },
    "*-frostbite*": {
      "default": { "base": "default" },
      "synthesiscipherskin": { "base": "items/synthesis/cipher/cipher-dark-main" },
      "synthesiscipherskindecal": { "base": "items/synthesis/cipher/cipher-dark-spellrune3" },
      "icon": { "base": "items/spells/{type}" }
    },
    "*-sylvanwrath*": {
      "default": { "base": "default" },
      "synthesiscipherskin": { "base": "items/synthesis/cipher/cipher-light-main" },
      "synthesiscipherskindecal": { "base": "items/synthesis/cipher/cipher-light-spellrune3" },
      "icon": { "base": "items/spells/{type}" }
    },
    "*-arcanesurge*": {
      "default": { "base": "default" },
      "synthesiscipherskin": { "base": "items/synthesis/cipher/cipher-dark-main" },
      "synthesiscipherskindecal": { "base": "items/synthesis/cipher/cipher-dark-spellrune3" },
      "icon": { "base": "items/spells/{type}" }
    },

    //--------//--------//--------//--------//

    "*-agility*": {
      "default": { "base": "default" },
      "synthesiscipherskin": { "base": "items/synthesis/cipher/cipher-light-main" },
      "synthesiscipherskindecal": { "base": "items/synthesis/cipher/cipher-light-spellrune3" },
      "icon": { "base": "items/spells/{type}" }
    },
    "*-butcher*": {
      "default": { "base": "default" },
      "synthesiscipherskin": { "base": "items/synthesis/cipher/cipher-dark-main" },
      "synthesiscipherskindecal": { "base": "items/synthesis/cipher/cipher-dark-spellrune3" },
      "icon": { "base": "items/spells/{type}" }
    },
    "*-equilibrium*": {
      "default": { "base": "default" },
      "synthesiscipherskin": { "base": "items/synthesis/cipher/cipher-neutral-main" },
      "synthesiscipherskindecal": { "base": "items/synthesis/cipher/cipher-neutral-spellrune3" },
      "icon": { "base": "items/spells/{type}" }
    },
    "*-excavation*": {
      "default": { "base": "default" },
      "synthesiscipherskin": { "base": "items/synthesis/cipher/cipher-dark-main" },
      "synthesiscipherskindecal": { "base": "items/synthesis/cipher/cipher-dark-spellrune3" },
      "icon": { "base": "items/spells/{type}" }
    },
    "*-flashheal*": {
      "default": { "base": "default" },
      "synthesiscipherskin": { "base": "items/synthesis/cipher/cipher-light-main" },
      "synthesiscipherskindecal": { "base": "items/synthesis/cipher/cipher-light-spellrune3" },
      "icon": { "base": "items/spells/{type}" }
    },
    "*-intellect*": {
      "default": { "base": "default" },
      "synthesiscipherskin": { "base": "items/synthesis/cipher/cipher-neutral-main" },
      "synthesiscipherskindecal": { "base": "items/synthesis/cipher/cipher-neutral-spellrune3" },
      "icon": { "base": "items/spells/{type}" }
    },
    "*-judgement*": {
      "default": { "base": "default" },
      "synthesiscipherskin": { "base": "items/synthesis/cipher/cipher-neutral-main" },
      "synthesiscipherskindecal": { "base": "items/synthesis/cipher/cipher-neutral-spellrune3" },
      "icon": { "base": "items/spells/{type}" }
    },
    "*-nourishingaura*": {
      "default": { "base": "default" },
      "synthesiscipherskin": { "base": "items/synthesis/cipher/cipher-light-main" },
      "synthesiscipherskindecal": { "base": "items/synthesis/cipher/cipher-light-spellrune3" },
      "icon": { "base": "items/spells/{type}" }
    },
    "*-plunder*": {
      "default": { "base": "default" },
      "synthesiscipherskin": { "base": "items/synthesis/cipher/cipher-neutral-main" },
      "synthesiscipherskindecal": { "base": "items/synthesis/cipher/cipher-neutral-spellrune3" },
      "icon": { "base": "items/spells/{type}" }
    },
    "*-rapidshot*": {
      "default": { "base": "default" },
      "synthesiscipherskin": { "base": "items/synthesis/cipher/cipher-light-main" },
      "synthesiscipherskindecal": { "base": "items/synthesis/cipher/cipher-light-spellrune3" },
      "icon": { "base": "items/spells/{type}" }
    },
    "*-regeneration*": {
      "default": { "base": "default" },
      "synthesiscipherskin": { "base": "items/synthesis/cipher/cipher-light-main" },
      "synthesiscipherskindecal": { "base": "items/synthesis/cipher/cipher-light-spellrune3" },
      "icon": { "base": "items/spells/{type}" }
    },
    "*-silentsteps*": {
      "default": { "base": "default" },
      "synthesiscipherskin": { "base": "items/synthesis/cipher/cipher-dark-main" },
      "synthesiscipherskindecal": { "base": "items/synthesis/cipher/cipher-dark-spellrune3" },
      "icon": { "base": "items/spells/{type}" }
    },
    "*-strengthen*": {
      "default": { "base": "default" },
      "synthesiscipherskin": { "base": "items/synthesis/cipher/cipher-dark-main" },
      "synthesiscipherskindecal": { "base": "items/synthesis/cipher/cipher-dark-spellrune3" },
      "icon": { "base": "items/spells/{type}" }
    },
    "*-swiftness*": {
      "default": { "base": "default" },
      "synthesiscipherskin": { "base": "items/synthesis/cipher/cipher-dark-main" },
      "synthesiscipherskindecal": { "base": "items/synthesis/cipher/cipher-dark-spellrune3" },
      "icon": { "base": "items/spells/{type}" }
    },
    "*-tinkerer*": {
      "default": { "base": "default" },
      "synthesiscipherskin": { "base": "items/synthesis/cipher/cipher-neutral-main" },
      "synthesiscipherskindecal": { "base": "items/synthesis/cipher/cipher-neutral-spellrune3" },
      "icon": { "base": "items/spells/{type}" }
    },

    "*-healingsurge*": {
      "default": { "base": "default" },
      "synthesiscipherskin": { "base": "items/synthesis/cipher/cipher-light-main" },
      "synthesiscipherskindecal": { "base": "items/synthesis/cipher/cipher-light-spellrune3" },
      "icon": { "base": "items/spells/{type}" }
    },
    "*-prosperity*": {
      "default": { "base": "default" },
      "synthesiscipherskin": { "base": "items/synthesis/cipher/cipher-neutral-main" },
      "synthesiscipherskindecal": { "base": "items/synthesis/cipher/cipher-neutral-spellrune3" },
      "icon": { "base": "items/spells/{type}" }
    },
    "*-revive*": {
      "default": { "base": "default" },
      "synthesiscipherskin": { "base": "items/synthesis/cipher/cipher-light-main" },
      "synthesiscipherskindecal": { "base": "items/synthesis/cipher/cipher-light-spellrune3" },
      "icon": { "base": "items/spells/{type}" }
    },
    "*-soaringleap*": {
      "default": { "base": "default" },
      "synthesiscipherskin": { "base": "items/synthesis/cipher/cipher-dark-main" },
      "synthesiscipherskindecal": { "base": "items/synthesis/cipher/cipher-dark-spellrune3" },
      "icon": { "base": "items/spells/{type}" }
    },
    "*-temperance*": {
      "default": { "base": "default" },
      "synthesiscipherskin": { "base": "items/synthesis/cipher/cipher-neutral-main" },
      "synthesiscipherskindecal": { "base": "items/synthesis/cipher/cipher-neutral-spellrune3" },
      "icon": { "base": "items/spells/{type}" }
    },

    //--------//--------//--------//--------//

    "*-dispel*": {
      "default": { "base": "default" },
      "synthesiscipherskin": { "base": "items/synthesis/cipher/cipher-light-main" },
      "synthesiscipherskindecal": { "base": "items/synthesis/cipher/cipher-light-spellrune3" },
      "icon": { "base": "items/spells/{type}" }
    },
    "*-endlessbreath*": {
      "default": { "base": "default" },
      "synthesiscipherskin": { "base": "items/synthesis/cipher/cipher-neutral-main" },
      "synthesiscipherskindecal": { "base": "items/synthesis/cipher/cipher-neutral-spellrune3" },
      "icon": { "base": "items/spells/{type}" }
    },
    "*-featherfall*": {
      "default": { "base": "default" },
      "synthesiscipherskin": { "base": "items/synthesis/cipher/cipher-light-main" },
      "synthesiscipherskindecal": { "base": "items/synthesis/cipher/cipher-light-spellrune3" },
      "icon": { "base": "items/spells/{type}" }
    },
    "*-giftofthemage*": {
      "default": { "base": "default" },
      "synthesiscipherskin": { "base": "items/synthesis/cipher/cipher-neutral-main" },
      "synthesiscipherskindecal": { "base": "items/synthesis/cipher/cipher-neutral-spellrune3" },
      "icon": { "base": "items/spells/{type}" }
    },
    "*-markofthezephyr*": {
      "default": { "base": "default" },
      "synthesiscipherskin": { "base": "items/synthesis/cipher/cipher-dark-main" },
      "synthesiscipherskindecal": { "base": "items/synthesis/cipher/cipher-dark-spellrune3" },
      "icon": { "base": "items/spells/{type}" }
    },
    "*-resistelements*": {
      "default": { "base": "default" },
      "synthesiscipherskin": { "base": "items/synthesis/cipher/cipher-neutral-main" },
      "synthesiscipherskindecal": { "base": "items/synthesis/cipher/cipher-neutral-spellrune3" },
      "icon": { "base": "items/spells/{type}" }
    },
    "*-resistfire*": {
      "default": { "base": "default" },
      "synthesiscipherskin": { "base": "items/synthesis/cipher/cipher-light-main" },
      "synthesiscipherskindecal": { "base": "items/synthesis/cipher/cipher-light-spellrune3" },
      "icon": { "base": "items/spells/{type}" }
    },
    "*-resistwater*": {
      "default": { "base": "default" },
      "synthesiscipherskin": { "base": "items/synthesis/cipher/cipher-neutral-main" },
      "synthesiscipherskindecal": { "base": "items/synthesis/cipher/cipher-neutral-spellrune3" },
      "icon": { "base": "items/spells/{type}" }
    },
    "*-resistwind*": {
      "default": { "base": "default" },
      "synthesiscipherskin": { "base": "items/synthesis/cipher/cipher-dark-main" },
      "synthesiscipherskindecal": { "base": "items/synthesis/cipher/cipher-dark-spellrune3" },
      "icon": { "base": "items/spells/{type}" }
    },
    "*-resistearth*": {
      "default": { "base": "default" },
      "synthesiscipherskin": { "base": "items/synthesis/cipher/cipher-neutral-main" },
      "synthesiscipherskindecal": { "base": "items/synthesis/cipher/cipher-neutral-spellrune3" },
      "icon": { "base": "items/spells/{type}" }
    },
    "*-resistlightning*": {
      "default": { "base": "default" },
      "synthesiscipherskin": { "base": "items/synthesis/cipher/cipher-light-main" },
      "synthesiscipherskindecal": { "base": "items/synthesis/cipher/cipher-light-spellrune3" },
      "icon": { "base": "items/spells/{type}" }
    },
    "*-resistfrost*": {
      "default": { "base": "default" },
      "synthesiscipherskin": { "base": "items/synthesis/cipher/cipher-dark-main" },
      "synthesiscipherskindecal": { "base": "items/synthesis/cipher/cipher-dark-spellrune3" },
      "icon": { "base": "items/spells/{type}" }
    },
    "*-resistnature*": {
      "default": { "base": "default" },
      "synthesiscipherskin": { "base": "items/synthesis/cipher/cipher-light-main" },
      "synthesiscipherskindecal": { "base": "items/synthesis/cipher/cipher-light-spellrune3" },
      "icon": { "base": "items/spells/{type}" }
    },
    "*-resistarcane*": {
      "default": { "base": "default" },
      "synthesiscipherskin": { "base": "items/synthesis/cipher/cipher-dark-main" },
      "synthesiscipherskindecal": { "base": "items/synthesis/cipher/cipher-dark-spellrune3" },
      "icon": { "base": "items/spells/{type}" }
    },
    "*-siphon*": {
      "default": { "base": "default" },
      "synthesiscipherskin": { "base": "items/synthesis/cipher/cipher-neutral-main" },
      "synthesiscipherskindecal": { "base": "items/synthesis/cipher/cipher-neutral-spellrune3" },
      "icon": { "base": "items/spells/{type}" }
    },
    "*-shadowstep*": {
      "default": { "base": "default" },
      "synthesiscipherskin": { "base": "items/synthesis/cipher/cipher-dark-main" },
      "synthesiscipherskindecal": { "base": "items/synthesis/cipher/cipher-dark-spellrune3" },
      "icon": { "base": "items/spells/{type}" }
    },
    "*-surfaceascent*": {
      "default": { "base": "default" },
      "synthesiscipherskin": { "base": "items/synthesis/cipher/cipher-dark-main" },
      "synthesiscipherskindecal": { "base": "items/synthesis/cipher/cipher-dark-spellrune3" },
      "icon": { "base": "items/spells/{type}" }
    },
    "*-temporalfunnel*": {
      "default": { "base": "default" },
      "synthesiscipherskin": { "base": "items/synthesis/cipher/cipher-light-main" },
      "synthesiscipherskindecal": { "base": "items/synthesis/cipher/cipher-light-spellrune3" },
      "icon": { "base": "items/spells/{type}" }
    },

    "*-fly*": {
      "default": { "base": "default" },
      "synthesiscipherskin": { "base": "items/synthesis/cipher/cipher-light-main" },
      "synthesiscipherskindecal": { "base": "items/synthesis/cipher/cipher-light-spellrune3" },
      "icon": { "base": "items/spells/{type}" }
    },
    "*-riftwalker*": {
      "default": { "base": "default" },
      "synthesiscipherskin": { "base": "items/synthesis/cipher/cipher-dark-main" },
      "synthesiscipherskindecal": { "base": "items/synthesis/cipher/cipher-dark-spellrune3" },
      "icon": { "base": "items/spells/{type}" }
    },
    "*-sacrifice*": {
      "default": { "base": "default" },
      "synthesiscipherskin": { "base": "items/synthesis/cipher/cipher-dark-main" },
      "synthesiscipherskindecal": { "base": "items/synthesis/cipher/cipher-dark-spellrune3" },
      "icon": { "base": "items/spells/{type}" }
    },
    "*-tiderunner*": {
      "default": { "base": "default" },
      "synthesiscipherskin": { "base": "items/synthesis/cipher/cipher-neutral-main" },
      "synthesiscipherskindecal": { "base": "items/synthesis/cipher/cipher-neutral-spellrune3" },
      "icon": { "base": "items/spells/{type}" }
    },
    "*-whisperingvoid*": {
      "default": { "base": "default" },
      "synthesiscipherskin": { "base": "items/synthesis/cipher/cipher-dark-main" },
      "synthesiscipherskindecal": { "base": "items/synthesis/cipher/cipher-dark-spellrune3" },
      "icon": { "base": "items/spells/{type}" }
    },
    "*-wraithwalk*": {
      "default": { "base": "default" },
      "synthesiscipherskin": { "base": "items/synthesis/cipher/cipher-dark-main" },
      "synthesiscipherskindecal": { "base": "items/synthesis/cipher/cipher-dark-spellrune3" },
      "icon": { "base": "items/spells/{type}" }
    },

    //--------//--------//--------//--------//

    "*-barrier*": {
      "default": { "base": "default" },
      "synthesiscipherskin": { "base": "items/synthesis/cipher/cipher-light-main" },
      "synthesiscipherskindecal": { "base": "items/synthesis/cipher/cipher-light-spellrune3" },
      "icon": { "base": "items/spells/{type}" }
    },
    "*-corpseswap*": {
      "default": { "base": "default" },
      "synthesiscipherskin": { "base": "items/synthesis/cipher/cipher-dark-main" },
      "synthesiscipherskindecal": { "base": "items/synthesis/cipher/cipher-dark-spellrune3" },
      "icon": { "base": "items/spells/{type}" }
    },
    "*-runeofexplosion*": {
      "default": { "base": "default" },
      "synthesiscipherskin": { "base": "items/synthesis/cipher/cipher-neutral-main" },
      "synthesiscipherskindecal": { "base": "items/synthesis/cipher/cipher-neutral-spellrune3" },
      "icon": { "base": "items/spells/{type}" }
    },
    "*-summoncorpse*": {
      "default": { "base": "default" },
      "synthesiscipherskin": { "base": "items/synthesis/cipher/cipher-dark-main" },
      "synthesiscipherskindecal": { "base": "items/synthesis/cipher/cipher-dark-spellrune3" },
      "icon": { "base": "items/spells/{type}" }
    },
    "*-summonlight*": {
      "default": { "base": "default" },
      "synthesiscipherskin": { "base": "items/synthesis/cipher/cipher-light-main" },
      "synthesiscipherskindecal": { "base": "items/synthesis/cipher/cipher-light-spellrune3" },
      "icon": { "base": "items/spells/{type}" }
    },
    "*-summonobjectaxe*": {
      "default": { "base": "default" },
      "synthesiscipherskin": { "base": "items/synthesis/cipher/cipher-neutral-main" },
      "synthesiscipherskindecal": { "base": "items/synthesis/cipher/cipher-neutral-spellrune3" },
      "icon": { "base": "items/spells/{type}" }
    },
    "*-summonobjectbag*": {
      "default": { "base": "default" },
      "synthesiscipherskin": { "base": "items/synthesis/cipher/cipher-neutral-main" },
      "synthesiscipherskindecal": { "base": "items/synthesis/cipher/cipher-neutral-spellrune3" },
      "icon": { "base": "items/spells/{type}" }
    },
    "*-summonobjectfood*": {
      "default": { "base": "default" },
      "synthesiscipherskin": { "base": "items/synthesis/cipher/cipher-light-main" },
      "synthesiscipherskindecal": { "base": "items/synthesis/cipher/cipher-light-spellrune3" },
      "icon": { "base": "items/spells/{type}" }
    },
    "*-summonobjecthoe*": {
      "default": { "base": "default" },
      "synthesiscipherskin": { "base": "items/synthesis/cipher/cipher-light-main" },
      "synthesiscipherskindecal": { "base": "items/synthesis/cipher/cipher-light-spellrune3" },
      "icon": { "base": "items/spells/{type}" }
    },
    "*-summonobjectknife*": {
      "default": { "base": "default" },
      "synthesiscipherskin": { "base": "items/synthesis/cipher/cipher-neutral-main" },
      "synthesiscipherskindecal": { "base": "items/synthesis/cipher/cipher-neutral-spellrune3" },
      "icon": { "base": "items/spells/{type}" }
    },
    "*-summonobjectpickaxe*": {
      "default": { "base": "default" },
      "synthesiscipherskin": { "base": "items/synthesis/cipher/cipher-dark-main" },
      "synthesiscipherskindecal": { "base": "items/synthesis/cipher/cipher-dark-spellrune3" },
      "icon": { "base": "items/spells/{type}" }
    },
    "*-summonobjectsaw*": {
      "default": { "base": "default" },
      "synthesiscipherskin": { "base": "items/synthesis/cipher/cipher-light-main" },
      "synthesiscipherskindecal": { "base": "items/synthesis/cipher/cipher-light-spellrune3" },
      "icon": { "base": "items/spells/{type}" }
    },
    "*-summonobjectshovel*": {
      "default": { "base": "default" },
      "synthesiscipherskin": { "base": "items/synthesis/cipher/cipher-dark-main" },
      "synthesiscipherskindecal": { "base": "items/synthesis/cipher/cipher-dark-spellrune3" },
      "icon": { "base": "items/spells/{type}" }
    },
    "*-summonobjectweapon*": {
      "default": { "base": "default" },
      "synthesiscipherskin": { "base": "items/synthesis/cipher/cipher-neutral-main" },
      "synthesiscipherskindecal": { "base": "items/synthesis/cipher/cipher-neutral-spellrune3" },
      "icon": { "base": "items/spells/{type}" }
    },
    "*-summonobjectweaponfire*": {
      "default": { "base": "default" },
      "synthesiscipherskin": { "base": "items/synthesis/cipher/cipher-light-main" },
      "synthesiscipherskindecal": { "base": "items/synthesis/cipher/cipher-light-spellrune3" },
      "icon": { "base": "items/spells/{type}" }
    },
    "*-summonobjectweaponwater*": {
      "default": { "base": "default" },
      "synthesiscipherskin": { "base": "items/synthesis/cipher/cipher-neutral-main" },
      "synthesiscipherskindecal": { "base": "items/synthesis/cipher/cipher-neutral-spellrune3" },
      "icon": { "base": "items/spells/{type}" }
    },
    "*-summonobjectweaponwind*": {
      "default": { "base": "default" },
      "synthesiscipherskin": { "base": "items/synthesis/cipher/cipher-dark-main" },
      "synthesiscipherskindecal": { "base": "items/synthesis/cipher/cipher-dark-spellrune3" },
      "icon": { "base": "items/spells/{type}" }
    },
    "*-summonobjectweaponearth*": {
      "default": { "base": "default" },
      "synthesiscipherskin": { "base": "items/synthesis/cipher/cipher-neutral-main" },
      "synthesiscipherskindecal": { "base": "items/synthesis/cipher/cipher-neutral-spellrune3" },
      "icon": { "base": "items/spells/{type}" }
    },
    "*-summonobjectweaponlightning*": {
      "default": { "base": "default" },
      "synthesiscipherskin": { "base": "items/synthesis/cipher/cipher-light-main" },
      "synthesiscipherskindecal": { "base": "items/synthesis/cipher/cipher-light-spellrune3" },
      "icon": { "base": "items/spells/{type}" }
    },
    "*-summonobjectweaponfrost*": {
      "default": { "base": "default" },
      "synthesiscipherskin": { "base": "items/synthesis/cipher/cipher-dark-main" },
      "synthesiscipherskindecal": { "base": "items/synthesis/cipher/cipher-dark-spellrune3" },
      "icon": { "base": "items/spells/{type}" }
    },
    "*-summonobjectweaponnature*": {
      "default": { "base": "default" },
      "synthesiscipherskin": { "base": "items/synthesis/cipher/cipher-light-main" },
      "synthesiscipherskindecal": { "base": "items/synthesis/cipher/cipher-light-spellrune3" },
      "icon": { "base": "items/spells/{type}" }
    },
    "*-summonobjectweaponarcane*": {
      "default": { "base": "default" },
      "synthesiscipherskin": { "base": "items/synthesis/cipher/cipher-dark-main" },
      "synthesiscipherskindecal": { "base": "items/synthesis/cipher/cipher-dark-spellrune3" },
      "icon": { "base": "items/spells/{type}" }
    },
    "*-summonerssoul*": {
      "default": { "base": "default" },
      "synthesiscipherskin": { "base": "items/synthesis/cipher/cipher-neutral-main" },
      "synthesiscipherskindecal": { "base": "items/synthesis/cipher/cipher-neutral-spellrune3" },
      "icon": { "base": "items/spells/{type}" }
    },

    "*-duplicate*": {
      "default": { "base": "default" },
      "synthesiscipherskin": { "base": "items/synthesis/cipher/cipher-neutral-main" },
      "synthesiscipherskindecal": { "base": "items/synthesis/cipher/cipher-neutral-spellrune3" },
      "icon": { "base": "items/spells/{type}" }
    },
    "*-summonobjectultimateweaponfire*": {
      "default": { "base": "default" },
      "synthesiscipherskin": { "base": "items/synthesis/cipher/cipher-light-main" },
      "synthesiscipherskindecal": { "base": "items/synthesis/cipher/cipher-light-spellrune3" },
      "icon": { "base": "items/spells/{type}" }
    },
    "*-summonobjectultimateweaponwater*": {
      "default": { "base": "default" },
      "synthesiscipherskin": { "base": "items/synthesis/cipher/cipher-neutral-main" },
      "synthesiscipherskindecal": { "base": "items/synthesis/cipher/cipher-neutral-spellrune3" },
      "icon": { "base": "items/spells/{type}" }
    },
    "*-summonobjectultimateweaponwind*": {
      "default": { "base": "default" },
      "synthesiscipherskin": { "base": "items/synthesis/cipher/cipher-dark-main" },
      "synthesiscipherskindecal": { "base": "items/synthesis/cipher/cipher-dark-spellrune3" },
      "icon": { "base": "items/spells/{type}" }
    },
    "*-summonobjectultimateweaponearth*": {
      "default": { "base": "default" },
      "synthesiscipherskin": { "base": "items/synthesis/cipher/cipher-neutral-main" },
      "synthesiscipherskindecal": { "base": "items/synthesis/cipher/cipher-neutral-spellrune3" },
      "icon": { "base": "items/spells/{type}" }
    },
    "*-summonobjectultimateweaponlightning*": {
      "default": { "base": "default" },
      "synthesiscipherskin": { "base": "items/synthesis/cipher/cipher-light-main" },
      "synthesiscipherskindecal": { "base": "items/synthesis/cipher/cipher-light-spellrune3" },
      "icon": { "base": "items/spells/{type}" }
    },
    "*-summonobjectultimateweaponfrost*": {
      "default": { "base": "default" },
      "synthesiscipherskin": { "base": "items/synthesis/cipher/cipher-dark-main" },
      "synthesiscipherskindecal": { "base": "items/synthesis/cipher/cipher-dark-spellrune3" },
      "icon": { "base": "items/spells/{type}" }
    },
    "*-summonobjectultimateweaponnature*": {
      "default": { "base": "default" },
      "synthesiscipherskin": { "base": "items/synthesis/cipher/cipher-light-main" },
      "synthesiscipherskindecal": { "base": "items/synthesis/cipher/cipher-light-spellrune3" },
      "icon": { "base": "items/spells/{type}" }
    },
    "*-summonobjectultimateweaponarcane*": {
      "default": { "base": "default" },
      "synthesiscipherskin": { "base": "items/synthesis/cipher/cipher-dark-main" },
      "synthesiscipherskindecal": { "base": "items/synthesis/cipher/cipher-dark-spellrune3" },
      "icon": { "base": "items/spells/{type}" }
    },
    "*-summonportal*": {
      "default": { "base": "default" },
      "synthesiscipherskin": { "base": "items/synthesis/cipher/cipher-neutral-main" },
      "synthesiscipherskindecal": { "base": "items/synthesis/cipher/cipher-neutral-spellrune3" },
      "icon": { "base": "items/spells/{type}" }
    },
    //"*-projectedreturn*": {
    //  "default": { "base": "default" },
    //  "synthesiscipherskin": { "base": "items/synthesis/cipher/cipher-neutral-main" },
    //  "synthesiscipherskindecal": { "base": "items/synthesis/cipher/cipher-neutral-spellrune3" },
    //  "icon": { "base": "items/spells/{type}" }
    //},
    "*-summonvoidvault*": {
      "default": { "base": "default" },
      "synthesiscipherskin": { "base": "items/synthesis/cipher/cipher-dark-main" },
      "synthesiscipherskindecal": { "base": "items/synthesis/cipher/cipher-dark-spellrune3" },
      "icon": { "base": "items/spells/{type}" }
    },

    //--------//--------//--------//--------//

    //"*-velocity1": {
    //  "default": { "base": "default" },
    //  "synthesiscipherskin": { "base": "items/synthesis/cipher/cipher-light-main" },
    //  "synthesiscipherskindecal": { "base": "items/synthesis/cipher/cipher-light-spellrune3" },
    //  "icon": { "base": "items/spells/{type}" }
    //},
    //"*-beastsense1": {
    //  "default": { "base": "default" },
    //  "synthesiscipherskin": { "base": "items/synthesis/cipher/cipher-neutral-main" },
    //  "synthesiscipherskindecal": { "base": "items/synthesis/cipher/cipher-neutral-spellrune3" },
    //  "icon": { "base": "items/spells/{type}" }
    //},
    //"*-polymorph1": {
    //  "default": { "base": "default" },
    //  "synthesiscipherskin": { "base": "items/synthesis/cipher/cipher-dark-main" },
    //  "synthesiscipherskindecal": { "base": "items/synthesis/cipher/cipher-dark-spellrune3" },
    //  "icon": { "base": "items/spells/{type}" }
    //},

    //--------//--------//--------//--------//

    "*": {
      "default": { "base": "default" },
      "synthesiscipherskin": { "base": "items/synthesis/synthesiscipher-blank" },
      "synthesiscipherskindecal": { "base": "items/synthesis/synthesiscipher-spellrunes1" },
      "icon": { "base": "items/spells/{type}" }
    }
  },

  "attributesByType": {
    "*": {
      "groundStorageTransform": {
        "translation": {
          "x": 0,
          "y": -0.45,
          "z": -0.07
        },
        "rotation": {
          "x": 90,
          "y": 0,
          "z": 0
        }
      },
      "displaycaseable": true,
      "onDisplayTransform": {
        "translation": {
          "x": 0,
          "y": -0.482,
          "z": -0.055
        },
        "rotation": {
          "x": 90,
          "y": 0,
          "z": 0
        },
        "scale": 0.5
      },
      "shelvable": true,
      "onshelfTransform": {
        "translation": {
          "x": 0,
          "y": -0.482,
          "z": -0.055
        },
        "rotation": {
          "x": 90,
          "y": 0,
          "z": 0
        },
        "scale": 0.5
      },
      "scrollrackable": true,
      "onscrollrackTransform": {
        "translation": {
          "x": -0.67,
          "y": -0.11,
          "z": 0.5
        },
        "rotation": {
          "x": 0,
          "y": 0,
          "z": -90
        },
        "origin": {
          "x": 0.5,
          "y": 0.1,
          "z": 0.5
        },
        "scale": 0.7
      },
      "handbookByType": {
        "*": {
          "groupByByType": {
            "*": [ "synthesiscipher-*" ]
          }//,
          //"extraSectionsByType": {
          //  "*": [
          //    {
          //      "title": "game:Created by",
          //      "text": "rustboundmagic:handbook-spellforge-text"
          //    }
          //  ]
          //}
        }
      }
    }
  },

  "guiTransform": {
    "translation": {
      "x": 0,
      "y": 0,
      "z": 0
    },
    "rotation": {
      "x": -159,
      "y": -33,
      "z": 13
    },
    "origin": {
      "x": 0.4,
      "y": 0.57,
      "z": 0.4
    },
    "scale": 2.07
  },
  "tpHandTransform": {
    "translation": {
      "x": 0,
      "y": 0,
      "z": 0
    },
    "rotation": {
      "x": 5,
      "y": 180,
      "z": 0
    },
    "origin": {
      "x": -2,
      "y": -2.2,
      "z": -3
    },
    "scale": 0.8
  },
  "groundTransform": {
    "translation": {
      "x": 0,
      "y": 0,
      "z": 0
    },
    "rotation": {
      "x": 90,
      "y": 0,
      "z": 0
    },
    "origin": {
      "x": 0.5,
      "y": 0,
      "z": 0.54
    },
    "scale": 4
  }
}
