[
	      {
        "op": "addmerge",
        "path": "/-",
        "value": {
		"comment": "Patches of Everglades Palm near water",
		"blockCodes": ["floralzonescaribbeanregion:bigberrybush-acoelorrhaphewrightii-empty", "floralzonescaribbeanregion:bigberrybush-acoelorrhaphewrightii-flowering", "floralzonescaribbeanregion:bigberrybush-acoelorrhaphewrightii-ripe"],
		"minTemp": 22,
		"maxTemp": 40,
		"minRain": 0.13,
		"maxRain": 1,
		"maxFertility": 1,
		"chance": 1,
		"minForest": 0,
		"maxForest": 0.6,
		"maxY": 0.01,
		"placement": "NearWater",
		"biorealm": ["atlantic nearctic","pacific nearctic","pacific neotropic"],
		"quantity": { "avg": 25, "var": 15 },
          "offsetX": { "avg": 0, "var": 3 },
          "offsetZ": { "avg": 0, "var": 3 }
	},
        "file": "game:worldgen/blockpatches/berrybush.json",
        "side": "server",
        "dependsOn": [{ "modid": "bio_atlantic_afrotropic","invert": true },{ "modid": "bio_atlantic_neotropic","invert": true },{ "modid": "bio_atlantic_palearctic","invert": true },{ "modid": "bio_australasian","invert": true },{ "modid": "bio_central_palearctic","invert": true },{ "modid": "bio_eastern_afrotropic","invert": true },{ "modid": "bio_eastern_palearctic","invert": true },{ "modid": "bio_oceanian","invert": true },{ "modid": "bio_pacific_palearctic","invert": true }]
      },
	      {
        "op": "addmerge",
        "path": "/-",
        "value": {
		"comment": "Patches of Everglades Palm on land",
		"blockCodes": ["floralzonescaribbeanregion:bigberrybush-acoelorrhaphewrightii-empty", "floralzonescaribbeanregion:bigberrybush-acoelorrhaphewrightii-flowering", "floralzonescaribbeanregion:bigberrybush-acoelorrhaphewrightii-ripe"],
		"minTemp": 22,
		"maxTemp": 40,
		"minRain": 0.5,
		"maxRain": 1,
		"maxFertility": 1,
		"chance": 0.05,
		"minForest": 0,
		"maxForest": 0.6,
		"maxY": 0.01,
		"biorealm": ["atlantic nearctic","pacific nearctic","pacific neotropic"],
		"quantity": { "avg": 25, "var": 15 },
          "offsetX": { "avg": 0, "var": 5 },
          "offsetZ": { "avg": 0, "var": 5 }
	},
        "file": "game:worldgen/blockpatches/berrybush.json",
        "side": "server",
        "dependsOn": [{ "modid": "bio_atlantic_afrotropic","invert": true },{ "modid": "bio_atlantic_neotropic","invert": true },{ "modid": "bio_atlantic_palearctic","invert": true },{ "modid": "bio_australasian","invert": true },{ "modid": "bio_central_palearctic","invert": true },{ "modid": "bio_eastern_afrotropic","invert": true },{ "modid": "bio_eastern_palearctic","invert": true },{ "modid": "bio_oceanian","invert": true },{ "modid": "bio_pacific_palearctic","invert": true }]
      },
	      {
        "op": "addmerge",
        "path": "/-",
        "value": {
		"comment": "Patches of Puerto Rico Apple Cactus",
		"blockCodes": ["floralzonescaribbeanregion:bigberrybush-harrisiaportoricensis-empty", "floralzonescaribbeanregion:bigberrybush-harrisiaportoricensis-flowering", "floralzonescaribbeanregion:bigberrybush-harrisiaportoricensis-ripe"],
		"minTemp": 24,
		"maxTemp": 26,
		"minRain": 0.20,
		"maxRain": 0.6,
		"maxFertility": 0.3,
		"chance": 0.1,
		"minForest": 0.2,
		"maxForest": 0.5,
		"maxY": 0.1,
		"quantity": { "avg": 3, "var": 2 },
          "offsetX": { "avg": 4, "var": 3 },
          "offsetZ": { "avg": 4, "var": 3 }
	},
        "file": "game:worldgen/blockpatches/berrybush.json",
        "side": "server",
        "dependsOn": [{ "modid": "bio_atlantic_afrotropic","invert": true },{ "modid": "bio_atlantic_neotropic","invert": true },{ "modid": "bio_atlantic_palearctic","invert": true },{ "modid": "bio_australasian","invert": true },{ "modid": "bio_central_palearctic","invert": true },{ "modid": "bio_eastern_afrotropic","invert": true },{ "modid": "bio_eastern_palearctic","invert": true },{ "modid": "bio_oceanian","invert": true },{ "modid": "bio_pacific_nearctic","invert": true },{ "modid": "bio_pacific_neotropic","invert": true },{ "modid": "bio_pacific_palearctic","invert": true }]
      },
    {
        "op": "addmerge",
        "path": "/-",
        "value": {
          "comment": "Varied patches of Swiss-Cheese Plants Under Trees",
          "blockCodes": [
            "floralzonescaribbeanregion:smallberrybush-monsteradeliciosa-empty","floralzonescaribbeanregion:smallberrybush-monsteradeliciosa-flowering","floralzonescaribbeanregion:smallberrybush-monsteradeliciosa-ripe"
          ],
		"minTemp": 22,
		"maxTemp": 34,
		"minRain": 0.65,
		"maxRain": 1,
		"minFertility": 0.4,
		"maxFertility": 0.7,
		"chance": 0.1,
		"minForest": 0.6,
		"maxForest": 1,
		"maxY": 0.66,
		"quantity": { "avg": 5, "var": 4 },
          "offsetX": { "avg": 4, "var": 3 },
          "offsetZ": { "avg": 4, "var": 3 },
		"placement": "OnSurfacePlusUnderTrees"
        },
        "file": "game:worldgen/blockpatches/berrybush.json",
        "side": "server",
        "dependsOn": [{ "modid": "bio_atlantic_afrotropic","invert": true },{ "modid": "bio_atlantic_nearctic","invert": true },{ "modid": "bio_atlantic_neotropic","invert": true },{ "modid": "bio_atlantic_palearctic","invert": true },{ "modid": "bio_australasian","invert": true },{ "modid": "bio_central_palearctic","invert": true },{ "modid": "bio_eastern_afrotropic","invert": true },{ "modid": "bio_eastern_palearctic","invert": true },{ "modid": "bio_oceanian","invert": true },{ "modid": "bio_pacific_neotropic","invert": true },{ "modid": "bio_pacific_palearctic","invert": true }]
      },
    {
        "op": "addmerge",
        "path": "/-",
        "value": {
          "comment": "Varied patches of Red-Fleshed Pitahaya Under Trees",
          "blockCodes": [
            "floralzonescaribbeanregion:smallberrybush-selenicereuscostaricensis-empty","floralzonescaribbeanregion:smallberrybush-selenicereuscostaricensis-flowering","floralzonescaribbeanregion:smallberrybush-selenicereuscostaricensis-ripe"
          ],
		"minTemp": 22,
		"maxTemp": 40,
		"minRain": 0.45,
		"maxRain": 0.75,
		"minFertility": 0.3,
		"maxFertility": 0.8,
		"chance": 1,
		"minForest": 0.3,
		"maxForest": 0.8,
		"maxY": 0.45,
		"quantity": { "avg": 5, "var": 4 },
          "offsetX": { "avg": 4, "var": 3 },
          "offsetZ": { "avg": 4, "var": 3 },
		"placement": "OnSurfacePlusUnderTrees"
        },
        "file": "game:worldgen/blockpatches/berrybush.json",
        "side": "server",
        "dependsOn": [{ "modid": "bio_atlantic_afrotropic","invert": true },{ "modid": "bio_atlantic_neotropic","invert": true },{ "modid": "bio_atlantic_palearctic","invert": true },{ "modid": "bio_australasian","invert": true },{ "modid": "bio_central_palearctic","invert": true },{ "modid": "bio_eastern_afrotropic","invert": true },{ "modid": "bio_eastern_palearctic","invert": true },{ "modid": "bio_oceanian","invert": true },{ "modid": "bio_pacific_palearctic","invert": true }]
      },
    {
        "op": "addmerge",
        "path": "/-",
        "value": {
          "comment": "Dense patches of Red-Fleshed Pitahaya in open spaces",
          "blockCodes": [
            "floralzonescaribbeanregion:smallberrybush-selenicereuscostaricensis-empty","floralzonescaribbeanregion:smallberrybush-selenicereuscostaricensis-flowering","floralzonescaribbeanregion:smallberrybush-selenicereuscostaricensis-ripe"
          ],
		"minTemp": 22,
		"maxTemp": 40,
		"minRain": 0.45,
		"maxRain": 0.75,
		"minFertility": 0.3,
		"maxFertility": 0.8,
		"chance": 0.05,
		"minForest": 0.1,
		"maxForest": 0.8,
		"maxY": 0.45,
		"quantity": { "avg": 10, "var": 8 },
          "offsetX": { "avg": 0, "var": 5 },
          "offsetZ": { "avg": 0, "var": 5 },
		"placement": "OnSurfacePlusUnderTrees"
        },
        "file": "game:worldgen/blockpatches/berrybush.json",
        "side": "server",
        "dependsOn": [{ "modid": "bio_atlantic_afrotropic","invert": true },{ "modid": "bio_atlantic_neotropic","invert": true },{ "modid": "bio_atlantic_palearctic","invert": true },{ "modid": "bio_australasian","invert": true },{ "modid": "bio_central_palearctic","invert": true },{ "modid": "bio_eastern_afrotropic","invert": true },{ "modid": "bio_eastern_palearctic","invert": true },{ "modid": "bio_oceanian","invert": true },{ "modid": "bio_pacific_palearctic","invert": true }]
      },
	      {
        "op": "addmerge",
        "path": "/-",
        "value": {
		"comment": "Patches of Scrub Palmetto",
		"blockCodes": ["floralzonescaribbeanregion:bigberrybush-sabaletonia-empty", "floralzonescaribbeanregion:bigberrybush-sabaletonia-flowering", "floralzonescaribbeanregion:bigberrybush-sabaletonia-ripe"],
		"minTemp": 20,
		"maxTemp": 24,
		"minRain": 0.57,
		"maxRain": 1,
		"maxFertility": 0.8,
		"chance": 1,
		"minForest": 0,
		"maxForest": 0.5,
		"maxY": 0.01,
		"quantity": { "avg": 10, "var": 4 },
          "offsetX": { "avg": 0, "var": 3 },
          "offsetZ": { "avg": 0, "var": 3 },
	},
        "file": "game:worldgen/blockpatches/berrybush.json",
        "side": "server",
        "dependsOn": [{ "modid": "bio_atlantic_afrotropic","invert": true },{ "modid": "bio_atlantic_neotropic","invert": true },{ "modid": "bio_atlantic_palearctic","invert": true },{ "modid": "bio_australasian","invert": true },{ "modid": "bio_central_palearctic","invert": true },{ "modid": "bio_eastern_afrotropic","invert": true },{ "modid": "bio_eastern_palearctic","invert": true },{ "modid": "bio_oceanian","invert": true },{ "modid": "bio_pacific_nearctic","invert": true },{ "modid": "bio_pacific_neotropic","invert": true },{ "modid": "bio_pacific_palearctic","invert": true }]
      },
	      {
        "op": "addmerge",
        "path": "/-",
        "value": {
		"comment": "Small Patches of Miami Palmetto",
		"blockCodes": ["floralzonescaribbeanregion:bigberrybush-sabalmiamiensis-empty", "floralzonescaribbeanregion:bigberrybush-sabalmiamiensis-flowering", "floralzonescaribbeanregion:bigberrybush-sabalmiamiensis-ripe"],
		"minTemp": 20,
		"maxTemp": 24,
		"minRain": 0.28,
		"maxRain": 0.45,
		"maxFertility": 0.4,
		"chance": 1,
		"minForest": 0,
		"maxForest": 0.5,
		"maxY": 0.01,
		"quantity": { "avg": 5, "var": 4 },
          "offsetX": { "avg": 4, "var": 3 },
          "offsetZ": { "avg": 4, "var": 3 },
	},
        "file": "game:worldgen/blockpatches/berrybush.json",
        "side": "server",
        "dependsOn": [{ "modid": "bio_atlantic_afrotropic","invert": true },{ "modid": "bio_atlantic_neotropic","invert": true },{ "modid": "bio_atlantic_palearctic","invert": true },{ "modid": "bio_australasian","invert": true },{ "modid": "bio_central_palearctic","invert": true },{ "modid": "bio_eastern_afrotropic","invert": true },{ "modid": "bio_eastern_palearctic","invert": true },{ "modid": "bio_oceanian","invert": true },{ "modid": "bio_pacific_nearctic","invert": true },{ "modid": "bio_pacific_neotropic","invert": true },{ "modid": "bio_pacific_palearctic","invert": true }]
      },
	      {
        "op": "addmerge",
        "path": "/-",
        "value": {
		"comment": "Huge Patches of Dwarf Palmetto",
		"blockCodes": ["floralzonescaribbeanregion:bigberrybush-sabalminor-empty", "floralzonescaribbeanregion:bigberrybush-sabalminor-flowering", "floralzonescaribbeanregion:bigberrybush-sabalminor-ripe"],
		"minTemp": 12,
		"maxTemp": 22,
		"minRain": 0.5,
		"maxRain": 0.79,
		"minFertility": 0.4,
		"maxFertility": 0.8,
		"chance": 1,
		"minForest": 0,
		"maxForest": 0.8,
		"maxY": 0.01,
		"quantity": { "avg": 30, "var": 4 },
          "offsetX": { "avg": 10, "var": 2 },
          "offsetZ": { "avg": 10, "var": 2 },
	},
        "file": "game:worldgen/blockpatches/berrybush.json",
        "side": "server",
        "dependsOn": [{ "modid": "bio_atlantic_afrotropic","invert": true },{ "modid": "bio_atlantic_neotropic","invert": true },{ "modid": "bio_atlantic_palearctic","invert": true },{ "modid": "bio_australasian","invert": true },{ "modid": "bio_central_palearctic","invert": true },{ "modid": "bio_eastern_afrotropic","invert": true },{ "modid": "bio_eastern_palearctic","invert": true },{ "modid": "bio_oceanian","invert": true },{ "modid": "bio_pacific_neotropic","invert": true },{ "modid": "bio_pacific_palearctic","invert": true }]
      },
	      {
        "op": "addmerge",
        "path": "/-",
        "value": {
		"comment": "Large Patches of Dwarf Palmetto",
		"blockCodes": ["floralzonescaribbeanregion:bigberrybush-sabalminor-empty", "floralzonescaribbeanregion:bigberrybush-sabalminor-flowering", "floralzonescaribbeanregion:bigberrybush-sabalminor-ripe"],
		"minTemp": 12,
		"maxTemp": 22,
		"minRain": 0.5,
		"maxRain": 0.79,
		"minFertility": 0.4,
		"maxFertility": 0.8,
		"chance": 1,
		"minForest": 0,
		"maxForest": 0.8,
		"maxY": 0.01,
		"quantity": { "avg": 12, "var": 4 },
          "offsetX": { "avg": 10, "var": 3 },
          "offsetZ": { "avg": 10, "var": 3 },
	},
        "file": "game:worldgen/blockpatches/berrybush.json",
        "side": "server",
        "dependsOn": [{ "modid": "bio_atlantic_afrotropic","invert": true },{ "modid": "bio_atlantic_neotropic","invert": true },{ "modid": "bio_atlantic_palearctic","invert": true },{ "modid": "bio_australasian","invert": true },{ "modid": "bio_central_palearctic","invert": true },{ "modid": "bio_eastern_afrotropic","invert": true },{ "modid": "bio_eastern_palearctic","invert": true },{ "modid": "bio_oceanian","invert": true },{ "modid": "bio_pacific_neotropic","invert": true },{ "modid": "bio_pacific_palearctic","invert": true }]
      }
]