{
    "code": "pile",
    "class": "pile",
    "entityClass": "bepile",
    "behaviors": [
        { "name": "Container" },
        {
            "name": "UnstableFalling",
            "properties": {
                "fallSound": null,
                "dustIntensity": 2
            }
        },
        {
            "name": "NWOrientable"
        }
    ],
    "variantgroups": [
        {
            "code": "wood",
            "states": [ "oak", "maple", "purpleheart", "redwood", "walnut", "ebony" ]
        },
        {
            "code": "orientation",
            "states": [ "ns", "we" ]
        }
    ],
    "creativeinventory": {
        "general": [ "*-ns" ],
        "coinage": [ "*-ns" ]
    },
    "blockmaterial": "wood",
    "shapeByType": {
        "*-ns": {
            "base": "block/pile"
        },
        "*-we": {
            "base": "block/pile",
            "rotateY": 90
        }
    },
    "textures": {
        "steel": { "base": "game:block/metal/anvil/steel" },
        "wood": { "base": "game:block/wood/treetrunk/{wood}" },
        "wood-bark": { "base": "game:block/wood/bark/{wood}" },
        "iron": { "base": "game:block/metal/anvil/iron" }
    },
    "sounds": {
        "place": "game:block/planks",
        "walk": "game:walk/wood1",
        "hit": "game:block/planks",
        "break": "game:block/planks"
    },
    "drops": [
        {
            "type": "block",
            "code": "coinage:pile-{wood}-ns"
        }
    ],
    "facecullmode": "default",
    "sideopaque": {
        "all": false
    },
    "sidesolid": {
        "all": false
    },
    "maxstacksize": 1,
    "heldTpIdleAnimation": "holdbothhandslarge",
    "heldRightReadyAnimation": "heldblockready",
    "heldTpUseAnimation": "twohandplaceblock",
    "selectionBox": {
        "x1": 0.0625,
        "y1": 0,
        "z1": 0.0625,
        "x2": 0.9375,
        "y2": 0.5,
        "z2": 0.9375
    },
    "collisionBox": {
        "x1": 0.0625,
        "y1": 0,
        "z1": 0.0625,
        "x2": 0.9375,
        "y2": 0.5,
        "z2": 0.9375
    },
    "guiTransform": {
        "translation": {
            "x": 0,
            "y": -6,
            "z": 0
        },
        "rotation": {
            "x": -32,
            "y": -50,
            "z": 0
        },
        "scale": 1.61
    },
    "fpHandTransform": {
        "translation": {
            "x": -1.7,
            "y": 0.15,
            "z": 0.3
        },
        "scale": 2.15
    },
    "groundTransform": {
        "scale": 2.78
    }
}