{
	"editor": {
		"collapsedPaths": ",Root/origin,Root/origin ring",
		"allAngles": false,
		"entityTextureMode": true
	},
	"textureWidth": 16,
	"textureHeight": 16,
	"textureSizes": {
	},
	"textures": {
		"flint": "game:block/stone/flint",
		"quartz": "game:item/resource/ungraded/quartz"
	},
	"elements": [
		{
			"name": "origin",
			"from": [ 6.4, -0.5, 6.2 ],
			"to": [ 6.4, -0.5, 6.2 ],
			"uv": [ 999.0, 999.0 ],
			"rotationOrigin": [ 8.0, 0.0, 8.0 ],
			"faces": {
			},
			"children": [
				{
					"name": "native1",
					"from": [ 0.5, 2.5, 0.5 ],
					"to": [ 2.5, 3.5, 2.5 ],
					"renderPass": 3,
					"uv": [ 4.5, 10.0 ],
					"rotationOrigin": [ 0.0, 0.0, 0.5 ],
					"faces": {
						"north": { "texture": "#quartz", "uv": [ 4.5, 12.0, 6.5, 13.0 ], "glow": 35 },
						"east": { "texture": "#quartz", "uv": [ 6.5, 12.0, 8.5, 13.0 ], "glow": 35 },
						"south": { "texture": "#quartz", "uv": [ 8.5, 12.0, 10.5, 13.0 ], "glow": 35 },
						"west": { "texture": "#quartz", "uv": [ 10.5, 12.0, 12.5, 13.0 ], "glow": 35 },
						"up": { "texture": "#quartz", "uv": [ 4.5, 10.0, 6.5, 12.0 ], "glow": 35 }
					}
				},
				{
					"name": "native2",
					"from": [ 0.5, 0.5, 0.5 ],
					"to": [ 3.0, 1.0, 3.0 ],
					"renderPass": 3,
					"uv": [ 5.0, 5.5 ],
					"rotationOrigin": [ -1.5, 0.0, 2.0 ],
					"faces": {
						"north": { "texture": "#quartz", "uv": [ 5.0, 8.0, 7.5, 8.5 ] },
						"east": { "texture": "#quartz", "uv": [ 7.5, 8.0, 10.0, 8.5 ], "glow": 35 },
						"south": { "texture": "#quartz", "uv": [ 10.0, 8.0, 12.5, 8.5 ], "glow": 35 },
						"west": { "texture": "#quartz", "uv": [ 12.5, 8.0, 15.0, 8.5 ], "glow": 35 },
						"down": { "texture": "#quartz", "uv": [ 5.0, 5.5, 7.5, 8.0 ], "glow": 35 }
					}
				},
				{
					"name": "native3",
					"from": [ 2.5, 1.5, 0.5 ],
					"to": [ 3.5, 3.0, 2.5 ],
					"renderPass": 3,
					"uv": [ 6.0, 2.5 ],
					"faces": {
						"north": { "texture": "#quartz", "uv": [ 6.0, 4.5, 7.0, 6.0 ] },
						"east": { "texture": "#quartz", "uv": [ 7.0, 4.5, 9.0, 6.0 ], "glow": 35 },
						"south": { "texture": "#quartz", "uv": [ 9.0, 4.5, 10.0, 6.0 ], "glow": 35 },
						"up": { "texture": "#quartz", "uv": [ 6.0, 2.5, 7.0, 4.5 ], "glow": 35 },
						"down": { "texture": "#quartz", "uv": [ 7.0, 2.5, 8.0, 4.5 ], "glow": 35 }
					}
				},
				{
					"name": "native4",
					"from": [ 1.0, 2.5, 2.5 ],
					"to": [ 2.5, 3.0, 3.0 ],
					"renderPass": 3,
					"uv": [ 7.0, 6.0 ],
					"faces": {
						"east": { "texture": "#quartz", "uv": [ 7.0, 6.5, 7.5, 7.0 ], "glow": 35 },
						"south": { "texture": "#quartz", "uv": [ 7.5, 6.5, 9.0, 7.0 ], "glow": 35 },
						"up": { "texture": "#quartz", "uv": [ 7.0, 6.0, 8.5, 6.5 ], "glow": 35 }
					}
				},
				{
					"name": "native5",
					"from": [ 0.0, 1.0, 0.0 ],
					"to": [ 3.0, 2.5, 3.5 ],
					"renderPass": 3,
					"uv": [ 3.0, 4.0 ],
					"faces": {
						"north": { "texture": "#quartz", "uv": [ 3.0, 7.5, 6.0, 9.0 ] },
						"east": { "texture": "#quartz", "uv": [ 6.0, 7.5, 9.5, 9.0 ], "glow": 35 },
						"south": { "texture": "#quartz", "uv": [ 9.5, 7.5, 12.5, 9.0 ], "glow": 35 },
						"west": { "texture": "#quartz", "uv": [ 12.5, 7.5, 16.0, 9.0 ], "glow": 35 },
						"up": { "texture": "#quartz", "uv": [ 3.0, 4.0, 6.0, 7.5 ], "glow": 35 },
						"down": { "texture": "#quartz", "uv": [ 6.0, 4.0, 9.0, 7.5 ], "glow": 35 }
					}
				},
				{
					"name": "native7",
					"from": [ 0.0, 2.5, 2.0 ],
					"to": [ 1.0, 3.0, 3.0 ],
					"renderPass": 3,
					"uv": [ 6.0, 5.0 ],
					"rotationOrigin": [ 0.0, 1.0, 2.0 ],
					"faces": {
						"north": { "texture": "#quartz", "uv": [ 6.0, 6.0, 7.0, 6.5 ] },
						"south": { "texture": "#quartz", "uv": [ 7.0, 6.0, 8.0, 6.5 ], "glow": 35 },
						"west": { "texture": "#quartz", "uv": [ 8.0, 6.0, 9.0, 6.5 ], "glow": 35 },
						"up": { "texture": "#quartz", "uv": [ 6.0, 5.0, 7.0, 6.0 ], "glow": 35 }
					}
				},
				{
					"name": "native8",
					"from": [ -0.5, 1.0, 1.0 ],
					"to": [ 0.0, 2.0, 3.0 ],
					"renderPass": 3,
					"uv": [ 4.0, 5.5 ],
					"rotationOrigin": [ 0.0, 0.0, 0.5 ],
					"faces": {
						"north": { "texture": "#quartz", "uv": [ 4.0, 7.5, 4.5, 8.5 ] },
						"south": { "texture": "#quartz", "uv": [ 4.5, 7.5, 5.0, 8.5 ], "glow": 35 },
						"west": { "texture": "#quartz", "uv": [ 5.0, 7.5, 7.0, 8.5 ], "glow": 35 },
						"up": { "texture": "#quartz", "uv": [ 4.0, 5.5, 4.5, 7.5 ], "glow": 35 },
						"down": { "texture": "#quartz", "uv": [ 4.5, 5.5, 5.0, 7.5 ], "glow": 35 }
					}
				},
				{
					"name": "native9",
					"from": [ 0.0, 0.5, 0.5 ],
					"to": [ 0.5, 1.0, 2.5 ],
					"renderPass": 3,
					"uv": [ 4.0, 6.0 ],
					"rotationOrigin": [ 0.0, 0.0, 0.5 ],
					"faces": {
						"north": { "texture": "#quartz", "uv": [ 4.0, 8.0, 4.5, 8.5 ] },
						"south": { "texture": "#quartz", "uv": [ 4.5, 8.0, 5.0, 8.5 ], "glow": 35 },
						"west": { "texture": "#quartz", "uv": [ 5.0, 8.0, 7.0, 8.5 ], "glow": 35 },
						"down": { "texture": "#quartz", "uv": [ 4.0, 6.0, 4.5, 8.0 ], "glow": 35 }
					}
				},
				{
					"name": "Cube6",
					"from": [ -0.9, 1.5, 1.5 ],
					"to": [ -0.5, 2.0, 2.5 ],
					"uv": [ 0.0, 0.0 ],
					"rotationOrigin": [ -1.0, 1.0, 1.0 ],
					"faces": {
						"north": { "texture": "#quartz", "uv": [ 0.0, 1.0, 0.5, 1.5 ] },
						"east": { "texture": "#quartz", "uv": [ 0.5, 1.0, 1.5, 1.5 ], "glow": 35 },
						"south": { "texture": "#quartz", "uv": [ 1.5, 1.0, 2.0, 1.5 ], "glow": 35 },
						"west": { "texture": "#quartz", "uv": [ 2.0, 1.0, 3.0, 1.5 ], "glow": 35 },
						"up": { "texture": "#quartz", "uv": [ 0.0, 0.0, 0.5, 1.0 ], "glow": 35 },
						"down": { "texture": "#quartz", "uv": [ 0.5, 0.0, 1.0, 1.0 ], "glow": 35 }
					}
				}
			]
		},
		{
			"name": "origin ring",
			"from": [ 0.0, 0.0, 0.0 ],
			"to": [ 0.0, 0.0, 0.0 ],
			"uv": [ 0.0, 0.0 ],
			"rotationOrigin": [ 8.0, 0.0, 8.0 ],
			"faces": {
				"north": { "texture": "#flint", "uv": [ 0.0, 0.0, 0.5, 0.5 ] },
				"east": { "texture": "#null", "uv": [ 0.0, 0.0, 0.5, 0.5 ] },
				"south": { "texture": "#null", "uv": [ 0.0, 0.0, 0.5, 0.5 ] },
				"west": { "texture": "#null", "uv": [ 0.0, 0.0, 0.5, 0.5 ] },
				"up": { "texture": "#null", "uv": [ 0.0, 0.0, 0.5, 0.5 ] },
				"down": { "texture": "#null", "uv": [ 0.0, 0.0, 0.5, 0.5 ] }
			},
			"children": [
				{
					"name": "Cube2",
					"from": [ 5.0, 1.0, 6.2 ],
					"to": [ 5.5, 1.5, 9.7 ],
					"uv": [ 0.0, 0.0 ],
					"rotationOrigin": [ 5.0, 1.0, 6.0 ],
					"faces": {
						"north": { "texture": "#flint", "uv": [ 0.0, 3.5, 0.5, 4.0 ] },
						"east": { "texture": "#flint", "uv": [ 0.5, 3.5, 4.0, 4.0 ], "glow": 35 },
						"south": { "texture": "#flint", "uv": [ 4.0, 3.5, 4.5, 4.0 ], "glow": 35 },
						"west": { "texture": "#flint", "uv": [ 4.5, 3.5, 8.0, 4.0 ], "glow": 35 },
						"up": { "texture": "#flint", "uv": [ 0.0, 0.0, 0.5, 3.5 ], "glow": 35 },
						"down": { "texture": "#flint", "uv": [ 0.5, 0.0, 1.0, 3.5 ], "glow": 35 }
					}
				},
				{
					"name": "Cube3",
					"from": [ 9.9, 1.0, 6.2 ],
					"to": [ 10.4, 1.5, 9.7 ],
					"uv": [ 0.0, 0.0 ],
					"rotationOrigin": [ 10.0, 1.0, 6.0 ],
					"faces": {
						"north": { "texture": "#flint", "uv": [ 0.0, 3.5, 0.5, 4.0 ] },
						"east": { "texture": "#flint", "uv": [ 0.5, 3.5, 4.0, 4.0 ], "glow": 35 },
						"south": { "texture": "#flint", "uv": [ 4.0, 3.5, 4.5, 4.0 ], "glow": 35 },
						"west": { "texture": "#flint", "uv": [ 4.5, 3.5, 8.0, 4.0 ], "glow": 35 },
						"up": { "texture": "#flint", "uv": [ 0.0, 0.0, 0.5, 3.5 ], "glow": 35 },
						"down": { "texture": "#flint", "uv": [ 0.5, 0.0, 1.0, 3.5 ], "glow": 35 }
					}
				},
				{
					"name": "Cube4",
					"from": [ 5.5, 1.0, 9.7 ],
					"to": [ 9.9, 1.5, 10.2 ],
					"uv": [ 0.0, 0.0 ],
					"rotationOrigin": [ 6.0, 1.0, 10.0 ],
					"faces": {
						"north": { "texture": "#flint", "uv": [ 0.0, 0.5, 4.0, 1.0 ] },
						"east": { "texture": "#flint", "uv": [ 4.0, 0.5, 4.5, 1.0 ], "glow": 35 },
						"south": { "texture": "#flint", "uv": [ 4.5, 0.5, 8.5, 1.0 ], "glow": 35 },
						"west": { "texture": "#flint", "uv": [ 8.5, 0.5, 9.0, 1.0 ], "glow": 35 },
						"up": { "texture": "#flint", "uv": [ 0.0, 0.0, 4.0, 0.5 ], "glow": 35 },
						"down": { "texture": "#flint", "uv": [ 4.0, 0.0, 8.0, 0.5 ], "glow": 35 }
					}
				},
				{
					"name": "Cube5",
					"from": [ 5.5, 1.0, 5.7 ],
					"to": [ 9.9, 1.5, 6.2 ],
					"uv": [ 0.0, 0.0 ],
					"rotationOrigin": [ 7.0, 1.0, 6.0 ],
					"faces": {
						"north": { "texture": "#flint", "uv": [ 0.0, 0.5, 4.0, 1.0 ], "glow": 35 },
						"east": { "texture": "#flint", "uv": [ 4.0, 0.5, 4.5, 1.0 ], "glow": 35 },
						"south": { "texture": "#flint", "uv": [ 4.5, 0.5, 8.5, 1.0 ], "glow": 35 },
						"west": { "texture": "#flint", "uv": [ 8.5, 0.5, 9.0, 1.0 ], "glow": 35 },
						"up": { "texture": "#flint", "uv": [ 0.0, 0.0, 4.0, 0.5 ], "glow": 35 },
						"down": { "texture": "#flint", "uv": [ 4.0, 0.0, 8.0, 0.5 ], "glow": 35 }
					}
				},
				{
					"name": "Cube7",
					"from": [ 5.25, 1.0, 5.95 ],
					"to": [ 5.5, 1.5, 6.2 ],
					"uv": [ 0.0, 0.0 ],
					"rotationOrigin": [ 7.0, 1.0, 5.9 ],
					"faces": {
						"north": { "texture": "#flint", "uv": [ 0.0, 0.5, 0.5, 1.0 ], "glow": 35 },
						"east": { "texture": "#flint", "uv": [ 0.5, 0.5, 1.0, 1.0 ], "glow": 35 },
						"south": { "texture": "#flint", "uv": [ 1.0, 0.5, 1.5, 1.0 ], "glow": 35 },
						"west": { "texture": "#flint", "uv": [ 1.5, 0.5, 2.0, 1.0 ], "glow": 35 },
						"up": { "texture": "#flint", "uv": [ 0.0, 0.0, 0.5, 0.5 ], "glow": 35 },
						"down": { "texture": "#flint", "uv": [ 0.5, 0.0, 1.0, 0.5 ], "glow": 35 }
					}
				},
				{
					"name": "Cube8",
					"from": [ 5.25, 1.0, 9.7 ],
					"to": [ 5.5, 1.5, 9.95 ],
					"uv": [ 0.0, 0.0 ],
					"rotationOrigin": [ 7.0, 1.0, 10.0 ],
					"faces": {
						"north": { "texture": "#flint", "uv": [ 0.0, 0.5, 0.5, 1.0 ], "glow": 35 },
						"east": { "texture": "#flint", "uv": [ 0.5, 0.5, 1.0, 1.0 ], "glow": 35 },
						"south": { "texture": "#flint", "uv": [ 1.0, 0.5, 1.5, 1.0 ], "glow": 35 },
						"west": { "texture": "#flint", "uv": [ 1.5, 0.5, 2.0, 1.0 ], "glow": 35 },
						"up": { "texture": "#flint", "uv": [ 0.0, 0.0, 0.5, 0.5 ], "glow": 35 },
						"down": { "texture": "#flint", "uv": [ 0.5, 0.0, 1.0, 0.5 ], "glow": 35 }
					}
				},
				{
					"name": "Cube9",
					"from": [ 9.9, 1.0, 5.95 ],
					"to": [ 10.15, 1.5, 6.2 ],
					"uv": [ 0.0, 0.0 ],
					"rotationOrigin": [ 11.7, 1.0, 5.9 ],
					"faces": {
						"north": { "texture": "#flint", "uv": [ 0.0, 0.5, 0.5, 1.0 ], "glow": 35 },
						"east": { "texture": "#flint", "uv": [ 0.5, 0.5, 1.0, 1.0 ], "glow": 35 },
						"south": { "texture": "#flint", "uv": [ 1.0, 0.5, 1.5, 1.0 ], "glow": 35 },
						"west": { "texture": "#flint", "uv": [ 1.5, 0.5, 2.0, 1.0 ], "glow": 35 },
						"up": { "texture": "#flint", "uv": [ 0.0, 0.0, 0.5, 0.5 ], "glow": 35 },
						"down": { "texture": "#flint", "uv": [ 0.5, 0.0, 1.0, 0.5 ], "glow": 35 }
					}
				},
				{
					"name": "Cube10",
					"from": [ 9.9, 1.0, 9.7 ],
					"to": [ 10.15, 1.5, 9.95 ],
					"uv": [ 0.0, 0.0 ],
					"rotationOrigin": [ 11.7, 1.0, 9.7 ],
					"faces": {
						"north": { "texture": "#flint", "uv": [ 0.0, 0.5, 0.5, 1.0 ], "glow": 35 },
						"east": { "texture": "#flint", "uv": [ 0.5, 0.5, 1.0, 1.0 ], "glow": 35 },
						"south": { "texture": "#flint", "uv": [ 1.0, 0.5, 1.5, 1.0 ], "glow": 35 },
						"west": { "texture": "#flint", "uv": [ 1.5, 0.5, 2.0, 1.0 ], "glow": 35 },
						"up": { "texture": "#flint", "uv": [ 0.0, 0.0, 0.5, 0.5 ], "glow": 35 },
						"down": { "texture": "#flint", "uv": [ 0.5, 0.0, 1.0, 0.5 ], "glow": 35 }
					}
				}
			]
		}
	]}