[
	{
	"name": "irrigationvessel-normal",
	"ingredientPattern": "HKV",
	"enabled": true,
	"shapeless": false,
	"ingredients": {
		"H": { "type": "item", "code": "game:hammer-*", "isTool": true },
		"K": { "type": "item", "code": "game:chisel-*", "isTool": true },
		"V": { "type": "block", "code": "bricklayers:storagevesselcolored-burnt-*", "quantity": 1, "name": "color", "allowedVariants": [ "brown", "black" ] }
	},
	"recipeGroup": 3,
	"width": 3,
	"height": 1,
	"output": { "type": "block", "code": "primitivesurvival:irrigationvessel-normal", "quantity": 1 }
	}
]
