[
	{
		ingredientPattern: "R,S",
		ingredients: {
			"R": { type: "item", code: "game:rope" },
			"S": { type: "item", code: "treeseed-laurusnobilis" }
		},
		width: 1,
		height: 2,
		output: { type: "item", code: "clothes-neck-laurusnobilis-seed-amulet"  }
	},
	{
		ingredientPattern: "R,S",
		ingredients: {
			"R": { type: "item", code: "game:rope" },
			"S": { type: "item", code: "treeseed-populusalba" }
		},
		width: 1,
		height: 2,
		output: { type: "item", code: "clothes-neck-populusalba-seed-amulet"  }
	},
	{
		ingredientPattern: "R,S",
		ingredients: {
			"R": { type: "item", code: "game:rope" },
			"S": { type: "item", code: "treeseed-quercusilex" }
		},
		width: 1,
		height: 2,
		output: { type: "item", code: "clothes-neck-quercusilex-seed-amulet"  }
	}
]