﻿[
    // Equus
    {
        "side": "server",
        "file": "equus:entities/feralwildhorse",
        "op": "add",
        "path": "/server/behaviors/-",
        "value": {
            "code": "EntityFootprintsBehaviorSync",
            "attributes": {
                "texture": "horse",
                "stepDistance": 0.75
            }
        }
    },
    {
        "side": "server",
        "file": "equus:entities/feralwildhorse",
        "op": "add",
        "path": "/client/behaviors/-",
        "value": {
            "code": "EntityFootprintsBehavior",
            "attributes": {
                "texture": "horse",
                "stepDistance": 0.75
            }
        }
    },
    {
        "side": "server",
        "file": "equus:entities/tamedwildhorse",
        "op": "add",
        "path": "/server/behaviors/-",
        "value": {
            "code": "EntityFootprintsBehaviorSync",
            "attributes": {
                "texture": "horse",
                "stepDistance": 0.75
            }
        }
    },
    {
        "side": "server",
        "file": "equus:entities/tamedwildhorse",
        "op": "add",
        "path": "/client/behaviors/-",
        "value": {
            "code": "EntityFootprintsBehavior",
            "attributes": {
                "texture": "horse",
                "stepDistance": 0.75
            }
        }
    },
    {
        "side": "server",
        "file": "equus:entities/wildwildhorse",
        "op": "add",
        "path": "/server/behaviors/-",
        "value": {
            "code": "EntityFootprintsBehaviorSync",
            "attributes": {
                "texture": "horse",
                "stepDistance": 0.75
            }
        }
    },
    {
        "side": "server",
        "file": "equus:entities/wildwildhorse",
        "op": "add",
        "path": "/client/behaviors/-",
        "value": {
            "code": "EntityFootprintsBehavior",
            "attributes": {
                "texture": "horse",
                "stepDistance": 0.75
            }
        }
    }
]