{
	"editor": {
		"allAngles": true,
		"entityTextureMode": false
	},
	"textureWidth": 8,
	"textureHeight": 8,
	"textureSizes": {
	},
	"textures": {
		"searsialancea": "item/resource/seeds/searsialancea"
	},
	"elements": [
		{
			"name": "origin",
			"from": [ 8.0, 0.0, 8.0 ],
			"to": [ 8.0, 0.0, 8.0 ],
			"rotationOrigin": [ 8.0, 0.0, 8.0 ],
			"faces": {
			},
			"children": [
				{
					"name": "branch",
					"from": [ -0.3, 1.7, -3.3 ],
					"to": [ 0.3, 9.7, -2.7 ],
					"rotationOrigin": [ 0.0, 1.7, -3.0 ],
					"rotationX": 72.0,
					"faces": {
						"north": { "texture": "#searsialancea", "uv": [ 0.0, 0.0, 0.5, 8.0 ], "windMode": [-1,-1,-1,-1] },
						"east": { "texture": "#searsialancea", "uv": [ 0.5, 0.0, 1.0, 8.0 ], "rotation": 180, "windMode": [-1,-1,-1,-1] },
						"south": { "texture": "#searsialancea", "uv": [ 0.0, 0.0, 0.5, 8.0 ], "windMode": [-1,-1,-1,-1] },
						"west": { "texture": "#searsialancea", "uv": [ 0.5, 0.0, 1.0, 8.0 ], "windMode": [-1,-1,-1,-1] },
						"up": { "texture": "#searsialancea", "uv": [ 0.0, 7.0, 0.5, 7.5 ], "windMode": [-1,-1,-1,-1] },
						"down": { "texture": "#searsialancea", "uv": [ 0.0, 2.0, 0.5, 2.5 ], "windMode": [-1,-1,-1,-1] }
					},
					"children": [
						{
							"name": "seed1",
							"from": [ 0.7, -0.2, 0.0 ],
							"to": [ 1.7, 1.3, 1.0 ],
							"rotationOrigin": [ 1.2, 1.3, 0.5 ],
							"rotationX": -45.0,
							"rotationY": 45.0,
							"faces": {
								"north": { "texture": "#searsialancea", "uv": [ 2.5, 2.5, 3.5, 4.0 ], "windMode": [-1,-1,-1,-1] },
								"east": { "texture": "#searsialancea", "uv": [ 2.0, 2.5, 3.0, 4.0 ], "windMode": [-1,-1,-1,-1] },
								"south": { "texture": "#searsialancea", "uv": [ 1.5, 3.5, 2.5, 5.0 ], "windMode": [-1,-1,-1,-1] },
								"west": { "texture": "#searsialancea", "uv": [ 1.0, 2.5, 2.0, 4.0 ], "windMode": [-1,-1,-1,-1] },
								"up": { "texture": "#searsialancea", "uv": [ 3.0, 3.0, 4.0, 4.0 ], "windMode": [-1,-1,-1,-1] },
								"down": { "texture": "#searsialancea", "uv": [ 2.5, 4.0, 3.5, 5.0 ], "windMode": [-1,-1,-1,-1] }
							}
						},
						{
							"name": "seed2",
							"from": [ -0.5, -1.5, 0.0 ],
							"to": [ 0.5, 0.0, 1.0 ],
							"rotationOrigin": [ 0.0, 0.0, 0.5 ],
							"rotationX": -45.0,
							"rotationY": 81.0,
							"faces": {
								"north": { "texture": "#searsialancea", "uv": [ 2.5, 5.0, 3.5, 6.5 ], "windMode": [-1,-1,-1,-1] },
								"east": { "texture": "#searsialancea", "uv": [ 3.0, 4.5, 4.0, 6.0 ], "windMode": [-1,-1,-1,-1] },
								"south": { "texture": "#searsialancea", "uv": [ 2.0, 5.0, 3.0, 6.5 ], "windMode": [-1,-1,-1,-1] },
								"west": { "texture": "#searsialancea", "uv": [ 3.0, 5.5, 4.0, 7.0 ], "windMode": [-1,-1,-1,-1] },
								"up": { "texture": "#searsialancea", "uv": [ 2.5, 5.0, 3.5, 6.0 ], "windMode": [-1,-1,-1,-1] },
								"down": { "texture": "#searsialancea", "uv": [ 3.5, 6.0, 4.5, 7.0 ], "windMode": [-1,-1,-1,-1] }
							}
						},
						{
							"name": "seed3",
							"from": [ 0.2, 1.8, 0.0 ],
							"to": [ 1.2, 3.3, 1.0 ],
							"rotationOrigin": [ 0.7, 3.3, 0.5 ],
							"rotationX": -81.0,
							"rotationY": 9.0,
							"rotationZ": 36.0,
							"faces": {
								"north": { "texture": "#searsialancea", "uv": [ 2.5, 5.0, 3.5, 6.5 ], "windMode": [-1,-1,-1,-1] },
								"east": { "texture": "#searsialancea", "uv": [ 1.5, 6.0, 2.5, 7.5 ], "windMode": [-1,-1,-1,-1] },
								"south": { "texture": "#searsialancea", "uv": [ 1.5, 4.0, 2.5, 5.5 ], "windMode": [-1,-1,-1,-1] },
								"west": { "texture": "#searsialancea", "uv": [ 2.0, 4.5, 3.0, 6.0 ], "windMode": [-1,-1,-1,-1] },
								"up": { "texture": "#searsialancea", "uv": [ 1.5, 5.0, 2.5, 6.0 ], "windMode": [-1,-1,-1,-1] },
								"down": { "texture": "#searsialancea", "uv": [ 2.5, 5.5, 3.5, 6.5 ], "windMode": [-1,-1,-1,-1] }
							}
						},
						{
							"name": "seed4",
							"from": [ -0.3, 0.8, 0.0 ],
							"to": [ 0.7, 2.3, 1.0 ],
							"rotationOrigin": [ 0.2, 2.2, 0.5 ],
							"rotationX": -81.0,
							"rotationY": -27.0,
							"rotationZ": -20.0,
							"faces": {
								"north": { "texture": "#searsialancea", "uv": [ 3.5, 5.5, 4.5, 7.0 ], "windMode": [-1,-1,-1,-1] },
								"east": { "texture": "#searsialancea", "uv": [ 3.5, 5.0, 4.5, 6.5 ], "windMode": [-1,-1,-1,-1] },
								"south": { "texture": "#searsialancea", "uv": [ 2.5, 5.0, 3.5, 6.5 ], "windMode": [-1,-1,-1,-1] },
								"west": { "texture": "#searsialancea", "uv": [ 1.5, 5.5, 2.5, 7.0 ], "windMode": [-1,-1,-1,-1] },
								"up": { "texture": "#searsialancea", "uv": [ 3.5, 6.0, 4.5, 7.0 ], "windMode": [-1,-1,-1,-1] },
								"down": { "texture": "#searsialancea", "uv": [ 2.5, 5.5, 3.5, 6.5 ], "windMode": [-1,-1,-1,-1] }
							}
						},
						{
							"name": "seed5",
							"from": [ -0.3, 2.8, 0.0 ],
							"to": [ 0.7, 4.3, 1.0 ],
							"rotationOrigin": [ 0.2, 4.3, 0.5 ],
							"rotationX": -60.0,
							"rotationY": -27.0,
							"rotationZ": -56.0,
							"faces": {
								"north": { "texture": "#searsialancea", "uv": [ 1.5, 3.0, 2.5, 4.5 ], "windMode": [-1,-1,-1,-1] },
								"east": { "texture": "#searsialancea", "uv": [ 2.0, 2.5, 3.0, 4.0 ], "windMode": [-1,-1,-1,-1] },
								"south": { "texture": "#searsialancea", "uv": [ 1.5, 2.5, 2.5, 4.0 ], "windMode": [-1,-1,-1,-1] },
								"west": { "texture": "#searsialancea", "uv": [ 2.0, 3.5, 3.0, 5.0 ], "windMode": [-1,-1,-1,-1] },
								"up": { "texture": "#searsialancea", "uv": [ 2.0, 3.5, 3.0, 4.5 ], "windMode": [-1,-1,-1,-1] },
								"down": { "texture": "#searsialancea", "uv": [ 2.0, 4.0, 3.0, 5.0 ], "windMode": [-1,-1,-1,-1] }
							}
						},
						{
							"name": "seed6",
							"from": [ -0.3, -0.6, 0.2 ],
							"to": [ 0.7, 0.8, 1.2 ],
							"rotationOrigin": [ 0.2, 0.8, 0.7 ],
							"rotationX": -132.0,
							"rotationY": -63.0,
							"rotationZ": -56.0,
							"faces": {
								"north": { "texture": "#searsialancea", "uv": [ 1.5, 3.0, 2.5, 4.0 ], "windMode": [-1,-1,-1,-1] },
								"east": { "texture": "#searsialancea", "uv": [ 1.5, 2.5, 2.5, 3.5 ], "windMode": [-1,-1,-1,-1] },
								"south": { "texture": "#searsialancea", "uv": [ 2.5, 3.5, 3.5, 4.5 ], "windMode": [-1,-1,-1,-1] },
								"west": { "texture": "#searsialancea", "uv": [ 3.0, 3.5, 4.0, 4.5 ], "windMode": [-1,-1,-1,-1] },
								"up": { "texture": "#searsialancea", "uv": [ 1.5, 3.5, 2.5, 4.5 ], "windMode": [-1,-1,-1,-1] },
								"down": { "texture": "#searsialancea", "uv": [ 3.5, 2.5, 4.5, 3.5 ], "windMode": [-1,-1,-1,-1] }
							}
						},
						{
							"name": "seed7",
							"from": [ -0.3, 3.5, 0.2 ],
							"to": [ 0.7, 5.0, 1.2 ],
							"rotationOrigin": [ 0.2, 5.0, 0.7 ],
							"rotationX": -70.0,
							"rotationY": 117.0,
							"rotationZ": -20.0,
							"faces": {
								"north": { "texture": "#searsialancea", "uv": [ 1.0, 4.5, 2.0, 6.0 ], "windMode": [-1,-1,-1,-1] },
								"east": { "texture": "#searsialancea", "uv": [ 2.0, 6.0, 3.0, 7.5 ], "windMode": [-1,-1,-1,-1] },
								"south": { "texture": "#searsialancea", "uv": [ 3.5, 4.0, 4.5, 5.5 ], "windMode": [-1,-1,-1,-1] },
								"west": { "texture": "#searsialancea", "uv": [ 2.0, 5.0, 3.0, 6.5 ], "windMode": [-1,-1,-1,-1] },
								"up": { "texture": "#searsialancea", "uv": [ 1.0, 5.5, 2.0, 6.5 ], "windMode": [-1,-1,-1,-1] },
								"down": { "texture": "#searsialancea", "uv": [ 2.0, 5.5, 3.0, 6.5 ], "windMode": [-1,-1,-1,-1] }
							}
						},
						{
							"name": "leaf1",
							"from": [ -0.5, 0.0, -5.0 ],
							"to": [ 1.0, 0.0, 0.0 ],
							"rotationOrigin": [ 0.3, 0.0, 0.0 ],
							"rotationX": 72.0,
							"rotationY": -72.0,
							"faces": {
								"up": { "texture": "#searsialancea", "uv": [ 6.0, 0.0, 7.5, 5.0 ], "windMode": [-1,-1,-1,-1] }
							}
						},
						{
							"name": "leaf2",
							"from": [ -0.5, 0.0, -5.0 ],
							"to": [ 1.0, 0.0, 0.0 ],
							"rotationOrigin": [ 0.3, 0.0, 0.0 ],
							"rotationX": 114.0,
							"rotationY": 180.0,
							"rotationZ": -8.0,
							"faces": {
								"up": { "texture": "#searsialancea", "uv": [ 6.0, 0.0, 7.5, 5.0 ], "windMode": [-1,-1,-1,-1] }
							}
						},
						{
							"name": "leaf3",
							"from": [ -0.5, 0.0, -5.0 ],
							"to": [ 1.0, 0.0, 0.0 ],
							"rotationOrigin": [ 0.3, 0.0, 0.0 ],
							"rotationY": 69.0,
							"rotationZ": -72.0,
							"faces": {
								"up": { "texture": "#searsialancea", "uv": [ 6.0, 0.0, 7.5, 5.0 ], "windMode": [-1,-1,-1,-1] }
							}
						}
					]
				}
			]
		}
	]}