[
	{
		"dependsOn": [
			{ "modid": "usefultraders" }
		],
		"file": "game:entities/humanoid/usefultrader-chef.json",
		"op": "addmerge",
		"path": "/attributes/tradeProps/selling/list",
		"value": [
			{
				"code": "floralzoneseastasiaticregion:bread-puerariamontana-perfect",
				"type": "item",
				"stacksize": 8,
				"stock": {
					"avg": 4,
					"var": 1
				},
				"price": {
					"avg": 2,
					"var": 0.5
				}
			}
		]
	},
	{
		"dependsOn": [
			{ "modid": "usefultraders" }
		],
		"file": "game:entities/humanoid/usefultrader-chef.json",
		"op": "addmerge",
		"path": "/attributes/tradeProps/buying/list",
		"value": [
			{
				"code": "floralzoneseastasiaticregion:fruit-lyciumbarbarum",
				"type": "item",
				"stacksize": 16,
				"stock": {
					"avg": 8,
					"var": 2
				},
				"price": {
					"avg": 1,
					"var": 0
				}
			},
			{
				"code": "floralzoneseastasiaticregion:vegetable-luffaaegyptiaca",
				"type": "item",
				"stacksize": 16,
				"stock": {
					"avg": 8,
					"var": 2
				},
				"price": {
					"avg": 1,
					"var": 0
				}
			},
			{
				"code": "floralzoneseastasiaticregion:vegetable-petasitesjaponicus",
				"type": "item",
				"stacksize": 16,
				"stock": {
					"avg": 8,
					"var": 2
				},
				"price": {
					"avg": 1,
					"var": 0
				}
			}
		]
	}
]