{
	//TODO Delete inside faces
	"editor": {
		"collapsedPaths": "Root/Base/StemBase/Stem/TopBase/Handle,Root/Cube3,Root/Base/StemBase/Stem/TopBase/STop2/Spout2",
		"allAngles": false,
		"entityTextureMode": false
	},
	"textureWidth": 16,
	"textureHeight": 16,
	"textureSizes": {
	},
	"textures": {
		"metal": "game:block/metal/sheet-plain/{metal}4"
	},
	"elements": [
		{
			"name": "Base",
			"from": [ 5.35, 0.0, 5.35 ],
			"to": [ 10.6, 1.0, 10.6 ],
			"rotationOrigin": [ 7.0, 0.0, 7.0 ],
			"faces": {
				"north": { "texture": "#metal", "uv": [ 2.5, 8.0, 7.5, 9.0 ], "windMode": [-1,-1,-1,-1] },
				"east": { "texture": "#metal", "uv": [ 7.5, 5.5, 12.5, 6.5 ], "windMode": [-1,-1,-1,-1] },
				"south": { "texture": "#metal", "uv": [ 3.5, 3.5, 8.5, 4.5 ] },
				"west": { "texture": "#metal", "uv": [ 0.5, 3.0, 5.5, 4.0 ], "windMode": [-1,-1,-1,-1] },
				"up": { "texture": "#metal", "uv": [ 4.0, 0.5, 9.0, 5.5 ], "windMode": [-1,-1,-1,-1] },
				"down": { "texture": "#metal", "uv": [ 3.5, 4.5, 8.5, 9.5 ], "windMode": [-1,-1,-1,-1] }
			},
			"children": [
				{
					"name": "StemBase",
					"from": [ 0.5, 1.0, 0.5 ],
					"to": [ 4.75, 1.45, 4.75 ],
					"rotationOrigin": [ 2.65, 1.0, 2.65 ],
					"faces": {
						"north": { "texture": "#metal", "uv": [ 0.0, 0.0, 4.0, 0.5 ], "windMode": [-1,-1,-1,-1] },
						"east": { "texture": "#metal", "uv": [ 0.0, 0.0, 4.0, 0.5 ], "windMode": [-1,-1,-1,-1] },
						"south": { "texture": "#metal", "uv": [ 2.5, 4.0, 6.5, 4.5 ], "windMode": [-1,-1,-1,-1] },
						"west": { "texture": "#metal", "uv": [ 2.5, 4.0, 6.5, 4.5 ], "windMode": [-1,-1,-1,-1] },
						"up": { "texture": "#metal", "uv": [ 3.0, 2.0, 7.0, 6.0 ], "windMode": [-1,-1,-1,-1] },
						"down": { "texture": "#metal", "uv": [ 0.0, 0.0, 4.0, 4.0 ], "windMode": [-1,-1,-1,-1] }
					},
					"children": [
						{
							"name": "Stem",
							"from": [ 0.8, 0.0, 0.8 ],
							"to": [ 3.3, 7.0, 3.3 ],
							"rotationOrigin": [ 0.0, 0.0, 1.0 ],
							"faces": {
								"north": { "texture": "#metal", "uv": [ 3.5, 5.0, 6.0, 12.0 ], "rotation": 180, "windMode": [-1,-1,-1,-1] },
								"east": { "texture": "#metal", "uv": [ 3.5, 4.0, 6.0, 11.0 ], "rotation": 180, "windMode": [-1,-1,-1,-1] },
								"south": { "texture": "#metal", "uv": [ 3.5, 4.0, 6.0, 11.0 ], "rotation": 180, "windMode": [-1,-1,-1,-1] },
								"west": { "texture": "#metal", "uv": [ 4.0, 3.5, 6.5, 10.5 ], "rotation": 180, "windMode": [-1,-1,-1,-1] },
								"up": { "texture": "#metal", "uv": [ 0.0, 0.0, 2.5, 2.5 ], "windMode": [-1,-1,-1,-1] },
								"down": { "texture": "#metal", "uv": [ 0.0, 0.0, 2.5, 2.5 ], "windMode": [-1,-1,-1,-1] }
							},
							"children": [
								{
									"name": "SStem",
									"from": [ 0.5, 0.0, 2.0 ],
									"to": [ 2.0, 7.0, 3.0 ],
									"rotationOrigin": [ 1.0, 0.0, 2.0 ],
									"faces": {
										"north": { "texture": "#metal", "uv": [ 0.0, 0.0, 1.5, 7.0 ], "rotation": 180, "windMode": [-1,-1,-1,-1] },
										"east": { "texture": "#metal", "uv": [ 3.5, 3.5, 4.5, 10.5 ], "rotation": 180, "windMode": [-1,-1,-1,-1] },
										"south": { "texture": "#metal", "uv": [ 3.0, 3.0, 4.5, 10.0 ], "rotation": 180, "windMode": [-1,-1,-1,-1] },
										"west": { "texture": "#metal", "uv": [ 4.0, 4.5, 5.0, 11.5 ], "rotation": 180, "windMode": [-1,-1,-1,-1] },
										"up": { "texture": "#metal", "uv": [ 0.0, 0.0, 1.5, 1.0 ], "windMode": [-1,-1,-1,-1] },
										"down": { "texture": "#metal", "uv": [ 0.0, 0.0, 1.5, 1.0 ], "windMode": [-1,-1,-1,-1] }
									}
								},
								{
									"name": "NStem",
									"from": [ 0.5, 0.0, -0.5 ],
									"to": [ 2.0, 7.0, 0.0 ],
									"faces": {
										"north": { "texture": "#metal", "uv": [ 4.0, 5.0, 5.5, 12.0 ], "rotation": 180 },
										"east": { "texture": "#metal", "uv": [ 5.0, 4.5, 5.5, 11.5 ], "rotation": 180, "windMode": [-1,-1,-1,-1] },
										"south": { "texture": "#metal", "uv": [ 4.0, 4.5, 5.5, 11.5 ], "rotation": 180, "windMode": [-1,-1,-1,-1] },
										"west": { "texture": "#metal", "uv": [ 4.0, 4.0, 4.5, 11.0 ], "rotation": 180, "windMode": [-1,-1,-1,-1] },
										"up": { "texture": "#metal", "uv": [ 0.0, 0.0, 1.5, 0.5 ], "windMode": [-1,-1,-1,-1] },
										"down": { "texture": "#metal", "uv": [ 0.0, 0.0, 1.5, 0.5 ], "windMode": [-1,-1,-1,-1] }
									}
								},
								{
									"name": "TopBase",
									"from": [ -0.65, 7.0, -0.65 ],
									"to": [ 3.35, 7.5, 3.35 ],
									"rotationOrigin": [ -0.4, 7.0, -0.4 ],
									"faces": {
										"north": { "texture": "#metal", "uv": [ 11.5, 5.0, 15.5, 5.5 ], "windMode": [-1,-1,-1,-1] },
										"east": { "texture": "#metal", "uv": [ 10.5, 5.5, 14.5, 6.0 ], "windMode": [-1,-1,-1,-1] },
										"south": { "texture": "#metal", "uv": [ 10.0, 5.5, 14.0, 6.0 ], "windMode": [-1,-1,-1,-1] },
										"west": { "texture": "#metal", "uv": [ 10.0, 5.5, 14.0, 6.0 ], "windMode": [-1,-1,-1,-1] },
										"up": { "texture": "#metal", "uv": [ 10.0, 3.5, 14.0, 7.5 ], "windMode": [-1,-1,-1,-1] },
										"down": { "texture": "#metal", "uv": [ 9.5, 4.5, 13.5, 8.5 ], "windMode": [-1,-1,-1,-1] }
									},
									"children": [
										{
											"name": "NWTop",
											"from": [ 0.0, 0.5, -0.625 ],
											"to": [ 0.5, 4.0, 0.575 ],
											"rotationOrigin": [ 0.0, 1.0, 0.0 ],
											"rotationY": -45.0,
											"faces": {
												"north": { "texture": "#metal", "uv": [ 0.0, 0.0, 0.5, 3.5 ], "windMode": [-1,-1,-1,-1] },
												"east": { "texture": "#metal", "uv": [ 0.0, 0.0, 1.0, 3.5 ], "windMode": [-1,-1,-1,-1] },
												"south": { "texture": "#metal", "uv": [ 0.0, 0.0, 0.5, 3.5 ], "windMode": [-1,-1,-1,-1] },
												"west": { "texture": "#metal", "uv": [ 11.0, 5.5, 12.0, 9.0 ], "windMode": [-1,-1,-1,-1] },
												"up": { "texture": "#metal", "uv": [ 0.0, 0.0, 0.5, 1.0 ], "windMode": [-1,-1,-1,-1] },
												"down": { "texture": "#metal", "uv": [ 0.0, 0.0, 0.5, 1.0 ], "windMode": [-1,-1,-1,-1] }
											},
											"children": [
												{
													"name": "NWRim",
													"from": [ -0.4, 3.0, -0.13 ],
													"to": [ 0.1, 4.0, 1.32 ],
													"rotationOrigin": [ 0.0, 3.0, 0.0 ],
													"faces": {
														"north": { "texture": "#metal", "uv": [ 4.0, 4.0, 4.5, 5.0 ], "windMode": [-1,-1,-1,-1] },
														"east": { "texture": "#metal", "uv": [ 4.0, 4.0, 5.0, 5.0 ], "windMode": [-1,-1,-1,-1] },
														"south": { "texture": "#metal", "uv": [ 4.0, 4.0, 4.5, 5.0 ], "windMode": [-1,-1,-1,-1] },
														"west": { "texture": "#metal", "uv": [ 5.0, 4.0, 6.0, 5.0 ], "windMode": [-1,-1,-1,-1] },
														"up": { "texture": "#metal", "uv": [ 4.0, 4.0, 4.5, 5.0 ], "windMode": [-1,-1,-1,-1] },
														"down": { "texture": "#metal", "uv": [ 4.0, 3.5, 4.5, 4.5 ], "windMode": [-1,-1,-1,-1] }
													}
												},
												{
													"name": "NWTopRing",
													"from": [ -0.6501, 0.0, 0.4754 ],
													"to": [ 0.7499, 0.35, 0.6254 ],
													"rotationOrigin": [ 0.0, -0.5, 0.625 ],
													"rotationY": 89.9802,
													"faces": {
														"north": { "texture": "#metal", "uv": [ 3.5, 4.0, 4.5, 4.5 ] },
														"east": { "texture": "#metal", "uv": [ 4.5, 4.0, 5.0, 4.5 ], "windMode": [-1,-1,-1,-1] },
														"south": { "texture": "#metal", "uv": [ 3.5, 4.0, 4.5, 4.5 ], "windMode": [-1,-1,-1,-1] },
														"west": { "texture": "#metal", "uv": [ 4.0, 4.0, 4.5, 4.5 ], "windMode": [-1,-1,-1,-1] },
														"up": { "texture": "#metal", "uv": [ 4.0, 4.5, 5.0, 5.0 ], "windMode": [-1,-1,-1,-1] },
														"down": { "texture": "#metal", "uv": [ 4.0, 4.0, 5.0, 4.5 ], "windMode": [-1,-1,-1,-1] }
													}
												}
											]
										},
										{
											"name": "SWTop",
											"from": [ -0.64, 0.5, 3.1 ],
											"to": [ -0.14, 4.0, 4.3 ],
											"rotationOrigin": [ 0.0, 0.0, 3.0 ],
											"rotationY": 45.0,
											"faces": {
												"north": { "texture": "#metal", "uv": [ 12.0, 2.5, 12.5, 6.0 ], "windMode": [-1,-1,-1,-1] },
												"east": { "texture": "#metal", "uv": [ 10.5, 4.5, 11.5, 8.0 ], "windMode": [-1,-1,-1,-1] },
												"south": { "texture": "#metal", "uv": [ 10.0, 4.0, 10.5, 7.5 ], "windMode": [-1,-1,-1,-1] },
												"west": { "texture": "#metal", "uv": [ 9.5, 5.0, 10.5, 8.5 ], "windMode": [-1,-1,-1,-1] },
												"up": { "texture": "#metal", "uv": [ 0.0, 0.0, 0.5, 1.0 ], "windMode": [-1,-1,-1,-1] },
												"down": { "texture": "#metal", "uv": [ 0.0, 0.0, 0.5, 1.0 ], "windMode": [-1,-1,-1,-1] }
											},
											"children": [
												{
													"name": "SWTopRing",
													"from": [ -0.16, 0.0, -0.05 ],
													"to": [ -0.01, 0.35, 1.2 ],
													"faces": {
														"north": { "texture": "#metal", "uv": [ 3.5, 3.5, 4.0, 4.0 ], "windMode": [-1,-1,-1,-1] },
														"east": { "texture": "#metal", "uv": [ 3.5, 4.0, 4.5, 4.5 ], "windMode": [-1,-1,-1,-1] },
														"south": { "texture": "#metal", "uv": [ 4.5, 4.0, 5.0, 4.5 ], "windMode": [-1,-1,-1,-1] },
														"west": { "texture": "#metal", "uv": [ 3.5, 4.0, 4.5, 4.5 ], "windMode": [-1,-1,-1,-1] },
														"up": { "texture": "#metal", "uv": [ 3.5, 4.0, 4.0, 5.0 ], "windMode": [-1,-1,-1,-1] },
														"down": { "texture": "#metal", "uv": [ 3.0, 3.5, 3.5, 4.5 ], "windMode": [-1,-1,-1,-1] }
													}
												},
												{
													"name": "SWRim",
													"from": [ -0.44, 3.0, -0.1 ],
													"to": [ 0.06, 4.0, 1.49 ],
													"rotationOrigin": [ 0.0, 3.0, 0.0 ],
													"faces": {
														"north": { "texture": "#metal", "uv": [ 0.0, 0.0, 0.5, 1.0 ], "windMode": [-1,-1,-1,-1] },
														"east": { "texture": "#metal", "uv": [ 0.0, 0.0, 1.5, 1.0 ], "windMode": [-1,-1,-1,-1] },
														"south": { "texture": "#metal", "uv": [ 0.0, 0.0, 0.5, 1.0 ], "windMode": [-1,-1,-1,-1] },
														"west": { "texture": "#metal", "uv": [ 3.5, 4.0, 5.0, 5.0 ], "windMode": [-1,-1,-1,-1] },
														"up": { "texture": "#metal", "uv": [ 4.0, 3.5, 4.5, 5.0 ], "windMode": [-1,-1,-1,-1] },
														"down": { "texture": "#metal", "uv": [ 4.5, 3.5, 5.0, 5.0 ], "windMode": [-1,-1,-1,-1] }
													}
												}
											]
										},
										{
											"name": "NETop",
											"from": [ 3.2, 0.5, 0.03 ],
											"to": [ 3.7, 4.0, 1.33 ],
											"rotationOrigin": [ 3.0, 0.0, 0.0 ],
											"rotationY": 45.0,
											"faces": {
												"north": { "texture": "#metal", "uv": [ 0.0, 0.0, 0.5, 3.5 ], "windMode": [-1,-1,-1,-1] },
												"east": { "texture": "#metal", "uv": [ 9.5, 6.5, 10.5, 10.0 ], "windMode": [-1,-1,-1,-1] },
												"south": { "texture": "#metal", "uv": [ 0.0, 0.0, 0.5, 3.5 ], "windMode": [-1,-1,-1,-1] },
												"west": { "texture": "#metal", "uv": [ 0.0, 0.0, 1.0, 3.5 ], "windMode": [-1,-1,-1,-1] },
												"up": { "texture": "#metal", "uv": [ 0.0, 0.0, 0.5, 1.0 ], "windMode": [-1,-1,-1,-1] },
												"down": { "texture": "#metal", "uv": [ 0.0, 0.0, 0.5, 1.0 ], "windMode": [-1,-1,-1,-1] }
											},
											"children": [
												{
													"name": "NETopRing",
													"from": [ 0.51, 0.0, -0.1 ],
													"to": [ 0.66, 0.35, 1.3 ],
													"faces": {
														"north": { "texture": "#metal", "uv": [ 3.5, 4.0, 4.0, 4.5 ], "windMode": [-1,-1,-1,-1] },
														"east": { "texture": "#metal", "uv": [ 3.5, 4.0, 4.5, 4.5 ], "windMode": [-1,-1,-1,-1] },
														"south": { "texture": "#metal", "uv": [ 4.0, 4.0, 4.5, 4.5 ], "windMode": [-1,-1,-1,-1] },
														"west": { "texture": "#metal", "uv": [ 3.5, 4.0, 4.5, 4.5 ], "windMode": [-1,-1,-1,-1] },
														"up": { "texture": "#metal", "uv": [ 3.5, 3.5, 4.0, 4.5 ], "windMode": [-1,-1,-1,-1] },
														"down": { "texture": "#metal", "uv": [ 3.5, 3.5, 4.0, 4.5 ], "windMode": [-1,-1,-1,-1] }
													}
												},
												{
													"name": "NERim",
													"from": [ 0.4, 3.0, -0.1 ],
													"to": [ 0.9, 4.0, 1.4 ],
													"rotationOrigin": [ 0.0, 3.0, -2.0 ],
													"faces": {
														"north": { "texture": "#metal", "uv": [ 3.5, 4.0, 4.0, 5.0 ], "windMode": [-1,-1,-1,-1] },
														"east": { "texture": "#metal", "uv": [ 3.0, 3.5, 4.5, 4.5 ], "windMode": [-1,-1,-1,-1] },
														"south": { "texture": "#metal", "uv": [ 3.5, 3.5, 4.0, 4.5 ], "windMode": [-1,-1,-1,-1] },
														"west": { "texture": "#metal", "uv": [ 3.5, 4.0, 5.0, 5.0 ], "windMode": [-1,-1,-1,-1] },
														"up": { "texture": "#metal", "uv": [ 4.0, 3.0, 4.5, 4.5 ], "windMode": [-1,-1,-1,-1] },
														"down": { "texture": "#metal", "uv": [ 4.0, 3.5, 4.5, 5.0 ], "windMode": [-1,-1,-1,-1] }
													}
												}
											]
										},
										{
											"name": "SETop",
											"from": [ 3.87, 0.5, 2.4 ],
											"to": [ 4.37, 4.0, 3.6 ],
											"rotationOrigin": [ 3.0, 0.0, 3.0 ],
											"rotationY": -45.0,
											"faces": {
												"north": { "texture": "#metal", "uv": [ 0.0, 0.0, 0.5, 3.5 ], "windMode": [-1,-1,-1,-1] },
												"east": { "texture": "#metal", "uv": [ 0.0, 0.0, 1.0, 3.5 ], "windMode": [-1,-1,-1,-1] },
												"south": { "texture": "#metal", "uv": [ 0.0, 0.0, 0.5, 3.5 ], "windMode": [-1,-1,-1,-1] },
												"west": { "texture": "#metal", "uv": [ 0.0, 0.0, 1.0, 3.5 ], "windMode": [-1,-1,-1,-1] },
												"up": { "texture": "#metal", "uv": [ 0.0, 0.0, 0.5, 1.0 ], "windMode": [-1,-1,-1,-1] },
												"down": { "texture": "#metal", "uv": [ 0.0, 0.0, 0.5, 1.0 ], "windMode": [-1,-1,-1,-1] }
											},
											"children": [
												{
													"name": "SETopRing",
													"from": [ 0.5, 0.0, -0.05 ],
													"to": [ 0.65, 0.35, 1.25 ],
													"faces": {
														"north": { "texture": "#metal", "uv": [ 3.5, 4.0, 4.0, 4.5 ], "windMode": [-1,-1,-1,-1] },
														"east": { "texture": "#metal", "uv": [ 3.5, 4.0, 4.5, 4.5 ], "windMode": [-1,-1,-1,-1] },
														"south": { "texture": "#metal", "uv": [ 4.0, 4.0, 4.5, 4.5 ], "windMode": [-1,-1,-1,-1] },
														"west": { "texture": "#metal", "uv": [ 3.5, 4.0, 4.5, 4.5 ], "windMode": [-1,-1,-1,-1] },
														"up": { "texture": "#metal", "uv": [ 3.5, 3.5, 4.0, 4.5 ], "windMode": [-1,-1,-1,-1] },
														"down": { "texture": "#metal", "uv": [ 3.5, 3.5, 4.0, 4.5 ], "windMode": [-1,-1,-1,-1] }
													}
												},
												{
													"name": "SERim",
													"from": [ 0.42, 3.0, -0.2 ],
													"to": [ 0.92, 4.0, 1.5 ],
													"rotationOrigin": [ 1.0, 3.0, 0.0 ],
													"faces": {
														"north": { "texture": "#metal", "uv": [ 0.0, 0.0, 0.5, 1.0 ], "windMode": [-1,-1,-1,-1] },
														"east": { "texture": "#metal", "uv": [ 4.0, 4.5, 5.5, 5.5 ], "windMode": [-1,-1,-1,-1] },
														"south": { "texture": "#metal", "uv": [ 0.0, 0.0, 0.5, 1.0 ], "windMode": [-1,-1,-1,-1] },
														"west": { "texture": "#metal", "uv": [ 0.0, 0.0, 1.5, 1.0 ], "windMode": [-1,-1,-1,-1] },
														"up": { "texture": "#metal", "uv": [ 5.0, 4.0, 5.5, 5.5 ], "windMode": [-1,-1,-1,-1] },
														"down": { "texture": "#metal", "uv": [ 4.0, 4.0, 4.5, 5.5 ], "windMode": [-1,-1,-1,-1] }
													}
												}
											]
										},
										{
											"name": "WTop",
											"from": [ -0.39, 0.49, 0.5 ],
											"to": [ 0.11, 3.99, 3.5 ],
											"faces": {
												"north": { "texture": "#metal", "uv": [ 0.0, 0.0, 0.5, 3.5 ], "windMode": [-1,-1,-1,-1] },
												"east": { "texture": "#metal", "uv": [ 0.0, 0.0, 3.0, 3.5 ], "windMode": [-1,-1,-1,-1] },
												"south": { "texture": "#metal", "uv": [ 0.0, 0.0, 0.5, 3.5 ], "windMode": [-1,-1,-1,-1] },
												"west": { "texture": "#metal", "uv": [ 8.5, 2.5, 11.5, 6.0 ], "windMode": [-1,-1,-1,-1] },
												"up": { "texture": "#metal", "uv": [ 0.0, 0.0, 0.5, 3.0 ], "windMode": [-1,-1,-1,-1] },
												"down": { "texture": "#metal", "uv": [ 0.0, 0.0, 0.5, 3.0 ], "windMode": [-1,-1,-1,-1] }
											},
											"children": [
												{
													"name": "WTopRing",
													"from": [ -0.16, 0.0, -0.15 ],
													"to": [ -0.01, 0.35, 3.05 ],
													"rotationOrigin": [ -1.0, 0.0, 0.0 ],
													"faces": {
														"north": { "texture": "#metal", "uv": [ 3.5, 3.5, 4.0, 4.0 ], "windMode": [-1,-1,-1,-1] },
														"east": { "texture": "#metal", "uv": [ 2.5, 4.0, 5.5, 4.5 ], "windMode": [-1,-1,-1,-1] },
														"south": { "texture": "#metal", "uv": [ 3.5, 3.5, 4.0, 4.0 ], "windMode": [-1,-1,-1,-1] },
														"west": { "texture": "#metal", "uv": [ 2.5, 4.0, 5.5, 4.5 ], "windMode": [-1,-1,-1,-1] },
														"up": { "texture": "#metal", "uv": [ 3.5, 2.5, 4.0, 5.5 ], "windMode": [-1,-1,-1,-1] },
														"down": { "texture": "#metal", "uv": [ 3.0, 2.5, 3.5, 5.5 ], "windMode": [-1,-1,-1,-1] }
													}
												},
												{
													"name": "WRim",
													"from": [ -0.39, 3.0, -0.29 ],
													"to": [ 0.11, 4.0, 3.26 ],
													"rotationOrigin": [ 0.0, 3.0, 0.0 ],
													"faces": {
														"north": { "texture": "#metal", "uv": [ 8.0, 2.5, 8.5, 3.5 ], "windMode": [-1,-1,-1,-1] },
														"east": { "texture": "#metal", "uv": [ 5.5, 1.0, 9.0, 2.0 ], "windMode": [-1,-1,-1,-1] },
														"south": { "texture": "#metal", "uv": [ 0.0, 0.0, 0.5, 1.0 ], "windMode": [-1,-1,-1,-1] },
														"west": { "texture": "#metal", "uv": [ 11.0, 13.5, 14.5, 14.5 ], "windMode": [-1,-1,-1,-1] },
														"up": { "texture": "#metal", "uv": [ 3.5, 2.5, 4.0, 6.0 ], "windMode": [-1,-1,-1,-1] },
														"down": { "texture": "#metal", "uv": [ 0.5, 6.5, 1.0, 10.0 ], "windMode": [-1,-1,-1,-1] }
													}
												}
											]
										},
										{
											"name": "ETop",
											"from": [ 3.9, 0.49, 0.5 ],
											"to": [ 4.4, 3.99, 3.5 ],
											"rotationOrigin": [ 4.0, 0.0, 0.0 ],
											"faces": {
												"north": { "texture": "#metal", "uv": [ 10.5, 3.5, 11.0, 7.0 ], "windMode": [-1,-1,-1,-1] },
												"east": { "texture": "#metal", "uv": [ 10.0, 3.0, 13.0, 6.5 ], "windMode": [-1,-1,-1,-1] },
												"south": { "texture": "#metal", "uv": [ 11.0, 3.0, 11.5, 6.5 ], "windMode": [-1,-1,-1,-1] },
												"west": { "texture": "#metal", "uv": [ 10.5, 4.0, 13.5, 7.5 ], "windMode": [-1,-1,-1,-1] },
												"up": { "texture": "#metal", "uv": [ 11.0, 3.5, 11.5, 6.5 ], "windMode": [-1,-1,-1,-1] },
												"down": { "texture": "#metal", "uv": [ 11.5, 4.0, 12.0, 7.0 ], "windMode": [-1,-1,-1,-1] }
											},
											"children": [
												{
													"name": "ETopRing",
													"from": [ 0.5, 0.0, -0.15 ],
													"to": [ 0.65, 0.35, 3.1 ],
													"faces": {
														"north": { "texture": "#metal", "uv": [ 4.0, 4.0, 4.5, 4.5 ], "windMode": [-1,-1,-1,-1] },
														"east": { "texture": "#metal", "uv": [ 2.5, 4.0, 5.5, 4.5 ], "windMode": [-1,-1,-1,-1] },
														"south": { "texture": "#metal", "uv": [ 0.0, 0.0, 0.5, 0.5 ], "windMode": [-1,-1,-1,-1] },
														"west": { "texture": "#metal", "uv": [ 2.5, 4.0, 5.5, 4.5 ], "windMode": [-1,-1,-1,-1] },
														"up": { "texture": "#metal", "uv": [ 3.5, 2.5, 4.0, 5.5 ], "windMode": [-1,-1,-1,-1] },
														"down": { "texture": "#metal", "uv": [ 4.0, 2.5, 4.5, 5.5 ], "windMode": [-1,-1,-1,-1] }
													}
												},
												{
													"name": "ERim",
													"from": [ 0.4, 2.99, -0.25 ],
													"to": [ 0.9, 4.001, 3.25 ],
													"rotationOrigin": [ 0.0, 3.0, 0.0 ],
													"faces": {
														"north": { "texture": "#metal", "uv": [ 4.0, 3.5, 4.5, 4.5 ], "windMode": [-1,-1,-1,-1] },
														"east": { "texture": "#metal", "uv": [ 11.0, 13.5, 14.5, 14.5 ], "windMode": [-1,-1,-1,-1] },
														"south": { "texture": "#metal", "uv": [ 4.0, 4.0, 4.5, 5.0 ], "windMode": [-1,-1,-1,-1] },
														"west": { "texture": "#metal", "uv": [ 0.0, 0.0, 3.5, 1.0 ], "windMode": [-1,-1,-1,-1] },
														"up": { "texture": "#metal", "uv": [ 4.5, 3.5, 5.0, 7.0 ], "windMode": [-1,-1,-1,-1] },
														"down": { "texture": "#metal", "uv": [ 4.5, 2.5, 5.0, 6.0 ], "windMode": [-1,-1,-1,-1] }
													}
												}
											]
										},
										{
											"name": "STop",
											"from": [ 0.5, 0.501, 3.9 ],
											"to": [ 3.5, 1.501, 4.4 ],
											"rotationOrigin": [ 1.0, 0.0, 0.0 ],
											"faces": {
												"north": { "texture": "#metal", "uv": [ 8.0, 1.5, 11.0, 2.5 ], "windMode": [-1,-1,-1,-1] },
												"east": { "texture": "#metal", "uv": [ 0.0, 0.0, 0.5, 1.0 ], "windMode": [-1,-1,-1,-1] },
												"south": { "texture": "#metal", "uv": [ 11.0, 5.5, 14.0, 6.5 ] },
												"west": { "texture": "#metal", "uv": [ 0.0, 0.0, 0.5, 1.0 ], "windMode": [-1,-1,-1,-1] },
												"up": { "texture": "#metal", "uv": [ 0.0, 0.0, 3.0, 0.5 ], "windMode": [-1,-1,-1,-1] },
												"down": { "texture": "#metal", "uv": [ 0.0, 0.0, 3.0, 0.5 ], "windMode": [-1,-1,-1,-1] }
											},
											"children": [
												{
													"name": "STopRing",
													"from": [ -0.13, 0.0, 0.5 ],
													"to": [ 3.12, 0.35, 0.65 ],
													"faces": {
														"north": { "texture": "#metal", "uv": [ 2.5, 4.0, 5.5, 4.5 ], "windMode": [-1,-1,-1,-1] },
														"east": { "texture": "#metal", "uv": [ 3.5, 4.0, 4.0, 4.5 ], "windMode": [-1,-1,-1,-1] },
														"south": { "texture": "#metal", "uv": [ 2.5, 4.0, 5.5, 4.5 ], "windMode": [-1,-1,-1,-1] },
														"west": { "texture": "#metal", "uv": [ 3.5, 4.0, 4.0, 4.5 ], "windMode": [-1,-1,-1,-1] },
														"up": { "texture": "#metal", "uv": [ 2.5, 3.5, 5.5, 4.0 ], "windMode": [-1,-1,-1,-1] },
														"down": { "texture": "#metal", "uv": [ 2.5, 4.0, 5.5, 4.5 ], "windMode": [-1,-1,-1,-1] }
													},
													"children": [
														{
															"name": "SRim",
															"from": [ 0.0, 2.99, 0.0 ],
															"to": [ 3.25, 4.01, 0.5 ],
															"rotationOrigin": [ 0.0, 3.0, 0.0 ],
															"faces": {
																"north": { "texture": "#metal", "uv": [ 0.0, 0.0, 3.0, 1.0 ], "windMode": [-1,-1,-1,-1] },
																"east": { "texture": "#metal", "uv": [ 0.0, 0.0, 0.5, 1.0 ], "windMode": [-1,-1,-1,-1] },
																"south": { "texture": "#metal", "uv": [ 3.0, 3.0, 6.0, 4.0 ], "windMode": [-1,-1,-1,-1] },
																"west": { "texture": "#metal", "uv": [ 0.0, 0.0, 0.5, 1.0 ], "windMode": [-1,-1,-1,-1] },
																"up": { "texture": "#metal", "uv": [ 2.5, 4.0, 5.5, 4.5 ], "windMode": [-1,-1,-1,-1] },
																"down": { "texture": "#metal", "uv": [ 0.0, 0.0, 3.0, 0.5 ], "windMode": [-1,-1,-1,-1] }
															}
														}
													]
												},
												{
													"name": "Spout",
													"from": [ 0.75, 1.0, 0.0 ],
													"to": [ 2.25, 1.25, 2.751 ],
													"rotationOrigin": [ 1.0, 0.0, 0.0 ],
													"faces": {
														"north": { "texture": "#metal", "uv": [ 4.0, 4.0, 5.5, 4.5 ], "windMode": [-1,-1,-1,-1] },
														"east": { "texture": "#metal", "uv": [ 3.5, 5.0, 6.0, 5.5 ], "windMode": [-1,-1,-1,-1] },
														"south": { "texture": "#metal", "uv": [ 4.0, 4.0, 5.5, 4.5 ], "windMode": [-1,-1,-1,-1] },
														"west": { "texture": "#metal", "uv": [ 3.0, 4.0, 5.5, 4.5 ], "windMode": [-1,-1,-1,-1] },
														"up": { "texture": "#metal", "uv": [ 3.0, 1.0, 4.5, 3.5 ], "windMode": [-1,-1,-1,-1] },
														"down": { "texture": "#metal", "uv": [ 3.5, 3.5, 5.0, 6.0 ], "windMode": [-1,-1,-1,-1] }
													},
													"children": [
														{
															"name": "BackW",
															"from": [ -0.01, 0.01, 0.0 ],
															"to": [ 0.14, 1.01, 1.75 ],
															"faces": {
																"north": { "texture": "#metal", "uv": [ 3.5, 4.0, 4.0, 5.0 ], "windMode": [-1,-1,-1,-1] },
																"east": { "texture": "#metal", "uv": [ 5.0, 4.5, 6.5, 5.5 ], "windMode": [-1,-1,-1,-1] },
																"south": { "texture": "#metal", "uv": [ 3.5, 3.5, 4.0, 4.5 ], "windMode": [-1,-1,-1,-1] },
																"west": { "texture": "#metal", "uv": [ 9.0, 13.0, 10.5, 14.0 ] },
																"up": { "texture": "#metal", "uv": [ 3.5, 3.0, 4.0, 4.5 ], "windMode": [-1,-1,-1,-1] },
																"down": { "texture": "#metal", "uv": [ 3.5, 3.5, 4.0, 5.0 ], "windMode": [-1,-1,-1,-1] }
															}
														},
														{
															"name": "BackE",
															"from": [ 1.38, 0.01, 0.0 ],
															"to": [ 1.53, 1.01, 1.75 ],
															"rotationOrigin": [ 1.0, 0.0, 0.0 ],
															"faces": {
																"north": { "texture": "#metal", "uv": [ 4.0, 4.0, 4.5, 5.0 ] },
																"east": { "texture": "#metal", "uv": [ 5.5, 4.0, 7.0, 5.0 ], "windMode": [-1,-1,-1,-1] },
																"south": { "texture": "#metal", "uv": [ 3.5, 3.5, 4.0, 4.5 ], "windMode": [-1,-1,-1,-1] },
																"west": { "texture": "#metal", "uv": [ 1.5, 3.5, 3.0, 4.5 ], "windMode": [-1,-1,-1,-1] },
																"up": { "texture": "#metal", "uv": [ 4.0, 3.5, 4.5, 5.0 ], "windMode": [-1,-1,-1,-1] },
																"down": { "texture": "#metal", "uv": [ 4.5, 3.5, 5.0, 5.0 ], "windMode": [-1,-1,-1,-1] }
															}
														},
														{
															"name": "FrontW",
															"from": [ -0.01, 0.01, 1.75 ],
															"to": [ 0.14, 0.51, 2.75 ],
															"rotationOrigin": [ 0.0, 0.0, 2.0 ],
															"faces": {
																"north": { "texture": "#metal", "uv": [ 4.0, 4.0, 4.5, 4.5 ] },
																"east": { "texture": "#metal", "uv": [ 4.0, 4.0, 5.0, 4.5 ], "windMode": [-1,-1,-1,-1] },
																"south": { "texture": "#metal", "uv": [ 4.0, 4.0, 4.5, 4.5 ], "windMode": [-1,-1,-1,-1] },
																"west": { "texture": "#metal", "uv": [ 3.5, 4.0, 4.5, 4.5 ], "windMode": [-1,-1,-1,-1] },
																"up": { "texture": "#metal", "uv": [ 3.5, 3.5, 4.0, 4.5 ], "windMode": [-1,-1,-1,-1] },
																"down": { "texture": "#metal", "uv": [ 3.5, 4.0, 4.0, 5.0 ], "windMode": [-1,-1,-1,-1] }
															}
														},
														{
															"name": "FrontE",
															"from": [ 1.38, 0.01, 1.75 ],
															"to": [ 1.53, 0.51, 2.75 ],
															"faces": {
																"north": { "texture": "#metal", "uv": [ 4.0, 4.0, 4.5, 4.5 ] },
																"east": { "texture": "#metal", "uv": [ 5.0, 3.5, 6.0, 4.0 ], "windMode": [-1,-1,-1,-1] },
																"south": { "texture": "#metal", "uv": [ 5.0, 3.5, 5.5, 4.0 ], "windMode": [-1,-1,-1,-1] },
																"west": { "texture": "#metal", "uv": [ 2.5, 4.5, 3.5, 5.0 ], "windMode": [-1,-1,-1,-1] },
																"up": { "texture": "#metal", "uv": [ 4.5, 4.0, 5.0, 5.0 ], "windMode": [-1,-1,-1,-1] },
																"down": { "texture": "#metal", "uv": [ 4.0, 4.0, 4.5, 5.0 ], "windMode": [-1,-1,-1,-1] }
															}
														},
														{
															"name": "Top",
															"from": [ -0.01, 1.0, 0.0 ],
															"to": [ 1.53, 1.15, 1.75 ],
															"rotationOrigin": [ 0.0, 1.0, 0.0 ],
															"faces": {
																"north": { "texture": "#metal", "uv": [ 3.5, 4.0, 5.0, 4.5 ] },
																"east": { "texture": "#metal", "uv": [ 3.5, 4.5, 5.0, 5.0 ], "windMode": [-1,-1,-1,-1] },
																"south": { "texture": "#metal", "uv": [ 4.0, 4.5, 5.5, 5.0 ], "windMode": [-1,-1,-1,-1] },
																"west": { "texture": "#metal", "uv": [ 3.5, 4.0, 5.0, 4.5 ], "windMode": [-1,-1,-1,-1] },
																"up": { "texture": "#metal", "uv": [ 3.0, 1.5, 4.5, 3.0 ], "windMode": [-1,-1,-1,-1] },
																"down": { "texture": "#metal", "uv": [ 3.5, 3.5, 5.0, 5.0 ], "windMode": [-1,-1,-1,-1] }
															}
														}
													]
												},
												{
													"name": "STop2",
													"from": [ 0.0, 1.0, 0.0 ],
													"to": [ 0.75, 3.0, 0.5 ],
													"rotationOrigin": [ 0.5, 0.499, -3.9 ],
													"faces": {
														"north": { "texture": "#metal", "uv": [ 0.0, 0.0, 0.5, 2.0 ], "windMode": [-1,-1,-1,-1] },
														"east": { "texture": "#metal", "uv": [ 0.0, 0.0, 0.5, 2.0 ], "windMode": [-1,-1,-1,-1] },
														"south": { "texture": "#metal", "uv": [ 11.5, 5.0, 12.0, 7.0 ] },
														"west": { "texture": "#metal", "uv": [ 0.0, 0.0, 0.5, 2.0 ], "windMode": [-1,-1,-1,-1] },
														"up": { "texture": "#metal", "uv": [ 0.0, 0.0, 0.5, 0.5 ], "windMode": [-1,-1,-1,-1] },
														"down": { "texture": "#metal", "uv": [ 0.0, 0.0, 0.5, 0.5 ], "windMode": [-1,-1,-1,-1] }
													}
												},
												{
													"name": "STop3",
													"from": [ 2.25, 1.0, 0.0 ],
													"to": [ 3.0, 3.0, 0.5 ],
													"rotationOrigin": [ 2.5, 0.499, -3.9 ],
													"faces": {
														"north": { "texture": "#metal", "uv": [ 0.0, 0.0, 0.5, 2.0 ], "windMode": [-1,-1,-1,-1] },
														"east": { "texture": "#metal", "uv": [ 0.0, 0.0, 0.5, 2.0 ], "windMode": [-1,-1,-1,-1] },
														"south": { "texture": "#metal", "uv": [ 12.5, 2.0, 13.0, 4.0 ], "windMode": [-1,-1,-1,-1] },
														"west": { "texture": "#metal", "uv": [ 0.0, 0.0, 0.5, 2.0 ], "windMode": [-1,-1,-1,-1] },
														"up": { "texture": "#metal", "uv": [ 0.0, 0.0, 0.5, 0.5 ], "windMode": [-1,-1,-1,-1] },
														"down": { "texture": "#metal", "uv": [ 0.0, 0.0, 0.5, 0.5 ], "windMode": [-1,-1,-1,-1] }
													}
												},
												{
													"name": "STop4",
													"from": [ 0.75, 1.0, 0.0 ],
													"to": [ 2.25, 2.0, 0.5 ],
													"rotationOrigin": [ 1.5, 0.499, -3.9 ],
													"faces": {
														"north": { "texture": "#metal", "uv": [ 0.0, 0.0, 1.5, 1.0 ] },
														"east": { "texture": "#metal", "uv": [ 0.0, 0.0, 0.5, 1.0 ], "windMode": [-1,-1,-1,-1] },
														"south": { "texture": "#metal", "uv": [ 3.5, 4.0, 5.0, 5.0 ] },
														"west": { "texture": "#metal", "uv": [ 0.0, 0.0, 0.5, 1.0 ], "windMode": [-1,-1,-1,-1] },
														"up": { "texture": "#metal", "uv": [ 0.0, 0.0, 1.5, 0.5 ] },
														"down": { "texture": "#metal", "uv": [ 0.0, 0.0, 1.5, 0.5 ], "windMode": [-1,-1,-1,-1] }
													}
												},
												{
													"name": "STop5",
													"from": [ 0.75, 2.0, 0.0 ],
													"to": [ 2.25, 3.0, 0.5 ],
													"rotationOrigin": [ 1.5, 1.499, -3.9 ],
													"faces": {
														"north": { "texture": "#metal", "uv": [ 0.0, 0.0, 1.5, 1.0 ], "windMode": [-1,-1,-1,-1] },
														"east": { "texture": "#metal", "uv": [ 0.0, 0.0, 0.5, 1.0 ], "windMode": [-1,-1,-1,-1] },
														"south": { "texture": "#metal", "uv": [ 12.5, 2.0, 14.0, 3.0 ], "windMode": [-1,-1,-1,-1] },
														"west": { "texture": "#metal", "uv": [ 0.0, 0.0, 0.5, 1.0 ], "windMode": [-1,-1,-1,-1] },
														"up": { "texture": "#metal", "uv": [ 0.0, 0.0, 1.5, 0.5 ], "windMode": [-1,-1,-1,-1] },
														"down": { "texture": "#metal", "uv": [ 0.0, 0.0, 1.5, 0.5 ], "windMode": [-1,-1,-1,-1] }
													}
												}
											]
										},
										{
											"name": "NTop",
											"from": [ 0.5, 0.501, -0.47 ],
											"to": [ 3.5, 4.001, 0.03 ],
											"faces": {
												"north": { "texture": "#metal", "uv": [ 12.0, 2.0, 15.0, 5.5 ] },
												"east": { "texture": "#metal", "uv": [ 0.0, 0.0, 0.5, 3.5 ], "windMode": [-1,-1,-1,-1] },
												"south": { "texture": "#metal", "uv": [ 0.0, 0.0, 3.0, 3.5 ], "windMode": [-1,-1,-1,-1] },
												"west": { "texture": "#metal", "uv": [ 0.0, 0.0, 0.5, 3.5 ], "windMode": [-1,-1,-1,-1] },
												"up": { "texture": "#metal", "uv": [ 0.0, 0.0, 3.0, 0.5 ], "windMode": [-1,-1,-1,-1] },
												"down": { "texture": "#metal", "uv": [ 0.0, 0.0, 3.0, 0.5 ], "windMode": [-1,-1,-1,-1] }
											},
											"children": [
												{
													"name": "NRim",
													"from": [ -0.24, 3.0, -0.35 ],
													"to": [ 3.21, 4.0, 0.15 ],
													"rotationOrigin": [ 0.0, 3.0, 0.0 ],
													"faces": {
														"north": { "texture": "#metal", "uv": [ 3.0, 4.0, 6.0, 5.0 ] },
														"east": { "texture": "#metal", "uv": [ 4.0, 3.5, 4.5, 4.5 ], "windMode": [-1,-1,-1,-1] },
														"south": { "texture": "#metal", "uv": [ 2.5, 3.5, 5.5, 4.5 ], "windMode": [-1,-1,-1,-1] },
														"west": { "texture": "#metal", "uv": [ 4.0, 4.0, 4.5, 5.0 ], "windMode": [-1,-1,-1,-1] },
														"up": { "texture": "#metal", "uv": [ 2.5, 4.0, 5.5, 4.5 ], "windMode": [-1,-1,-1,-1] },
														"down": { "texture": "#metal", "uv": [ 2.5, 4.0, 5.5, 4.5 ], "windMode": [-1,-1,-1,-1] }
													},
													"children": [
														{
															"name": "HandleJointE",
															"from": [ 2.0, 0.0, 0.0 ],
															"to": [ 2.5, 2.0, 1.0 ],
															"rotationOrigin": [ 2.0, 0.0, 0.0 ],
															"rotationX": -25.0,
															"faces": {
																"north": { "texture": "#metal", "uv": [ 11.0, 11.0, 11.5, 13.0 ] },
																"east": { "texture": "#metal", "uv": [ 11.0, 11.0, 12.0, 13.0 ], "windMode": [-1,-1,-1,-1] },
																"south": { "texture": "#metal", "uv": [ 11.5, 10.5, 12.0, 12.5 ], "windMode": [-1,-1,-1,-1] },
																"west": { "texture": "#metal", "uv": [ 11.0, 10.5, 12.0, 12.5 ], "windMode": [-1,-1,-1,-1] },
																"up": { "texture": "#metal", "uv": [ 12.0, 4.0, 12.5, 5.0 ], "windMode": [-1,-1,-1,-1] },
																"down": { "texture": "#metal", "uv": [ 3.0, 3.5, 3.5, 4.5 ], "windMode": [-1,-1,-1,-1] }
															}
														},
														{
															"name": "HandleJointW",
															"from": [ 1.0, 0.0, 0.0 ],
															"to": [ 1.5, 2.0, 1.0 ],
															"rotationOrigin": [ 0.0, 0.0, 0.0 ],
															"rotationX": -25.0,
															"faces": {
																"north": { "texture": "#metal", "uv": [ 3.0, 2.0, 3.5, 4.0 ] },
																"east": { "texture": "#metal", "uv": [ 11.0, 11.0, 12.0, 13.0 ], "windMode": [-1,-1,-1,-1] },
																"south": { "texture": "#metal", "uv": [ 4.0, 0.5, 4.5, 2.5 ], "windMode": [-1,-1,-1,-1] },
																"west": { "texture": "#metal", "uv": [ 11.0, 11.0, 12.0, 13.0 ], "windMode": [-1,-1,-1,-1] },
																"up": { "texture": "#metal", "uv": [ 12.5, 3.0, 13.0, 4.0 ], "windMode": [-1,-1,-1,-1] },
																"down": { "texture": "#metal", "uv": [ 0.0, 0.0, 0.5, 1.0 ], "windMode": [-1,-1,-1,-1] }
															}
														},
														{
															"name": "HandleJointW2",
															"from": [ 0.875, 1.9, 0.45 ],
															"to": [ 2.625, 2.15, 0.7 ],
															"rotationOrigin": [ 0.0, 0.9, 0.5 ],
															"rotationX": -45.0,
															"faces": {
																"north": { "texture": "#metal", "uv": [ 3.5, 4.0, 5.0, 4.5 ] },
																"east": { "texture": "#metal", "uv": [ 5.0, 6.0, 5.5, 6.5 ], "windMode": [-1,-1,-1,-1] },
																"south": { "texture": "#metal", "uv": [ 3.5, 4.0, 5.0, 4.5 ], "windMode": [-1,-1,-1,-1] },
																"west": { "texture": "#metal", "uv": [ 6.0, 3.0, 6.5, 3.5 ], "windMode": [-1,-1,-1,-1] },
																"up": { "texture": "#metal", "uv": [ 4.0, 4.0, 5.5, 4.5 ], "windMode": [-1,-1,-1,-1] },
																"down": { "texture": "#metal", "uv": [ 3.5, 3.5, 5.0, 4.0 ], "windMode": [-1,-1,-1,-1] }
															}
														}
													]
												},
												{
													"name": "NTopRing",
													"from": [ -0.06, 0.0, -0.18 ],
													"to": [ 3.09, 0.35, -0.03 ],
													"rotationOrigin": [ -0.5, -0.5, -0.53 ],
													"faces": {
														"north": { "texture": "#metal", "uv": [ 2.5, 4.0, 5.5, 4.5 ] },
														"east": { "texture": "#metal", "uv": [ 4.0, 4.0, 4.5, 4.5 ], "windMode": [-1,-1,-1,-1] },
														"south": { "texture": "#metal", "uv": [ 2.5, 4.0, 5.5, 4.5 ], "windMode": [-1,-1,-1,-1] },
														"west": { "texture": "#metal", "uv": [ 3.5, 3.5, 4.0, 4.0 ], "windMode": [-1,-1,-1,-1] },
														"up": { "texture": "#metal", "uv": [ 2.5, 3.5, 5.5, 4.0 ], "windMode": [-1,-1,-1,-1] },
														"down": { "texture": "#metal", "uv": [ 2.5, 4.0, 5.5, 4.5 ], "windMode": [-1,-1,-1,-1] }
													}
												}
											]
										},
										{
											"name": "TopCap",
											"from": [ 0.3, 4.0, -0.5 ],
											"to": [ 3.8, 4.51, 0.5 ],
											"rotationOrigin": [ 1.0, 4.0, 0.0 ],
											"faces": {
												"north": { "texture": "#metal", "uv": [ 2.5, 4.5, 6.0, 5.0 ], "windMode": [-1,-1,-1,-1] },
												"east": { "texture": "#metal", "uv": [ 4.0, 4.5, 5.0, 5.0 ], "windMode": [-1,-1,-1,-1] },
												"south": { "texture": "#metal", "uv": [ 2.5, 4.0, 6.0, 4.5 ], "windMode": [-1,-1,-1,-1] },
												"west": { "texture": "#metal", "uv": [ 4.0, 4.5, 5.0, 5.0 ], "windMode": [-1,-1,-1,-1] },
												"up": { "texture": "#metal", "uv": [ 2.5, 4.0, 6.0, 5.0 ], "windMode": [-1,-1,-1,-1] },
												"down": { "texture": "#metal", "uv": [ 9.5, 6.0, 13.0, 7.0 ], "windMode": [-1,-1,-1,-1] }
											},
											"children": [
												{
													"name": "WTopCap",
													"from": [ -0.6, 0.0, 0.28 ],
													"to": [ 0.15, 0.501, 4.63 ],
													"rotationOrigin": [ -1.0, 0.0, 1.0 ],
													"faces": {
														"north": { "texture": "#metal", "uv": [ 4.0, 3.0, 4.5, 3.5 ], "windMode": [-1,-1,-1,-1] },
														"east": { "texture": "#metal", "uv": [ 2.5, 3.5, 6.5, 4.0 ], "windMode": [-1,-1,-1,-1] },
														"south": { "texture": "#metal", "uv": [ 4.5, 3.5, 5.0, 4.0 ], "windMode": [-1,-1,-1,-1] },
														"west": { "texture": "#metal", "uv": [ 2.0, 4.0, 6.0, 4.5 ], "windMode": [-1,-1,-1,-1] },
														"up": { "texture": "#metal", "uv": [ 2.5, 4.0, 6.5, 4.5 ], "rotation": 270, "windMode": [-1,-1,-1,-1] },
														"down": { "texture": "#metal", "uv": [ 0.0, 0.0, 0.5, 4.0 ] }
													}
												},
												{
													"name": "ETopCap",
													"from": [ 3.4, 0.0, 0.3 ],
													"to": [ 4.05, 0.501, 4.65 ],
													"rotationOrigin": [ 3.0, 0.0, 2.0 ],
													"faces": {
														"north": { "texture": "#metal", "uv": [ 0.0, 0.0, 0.5, 0.5 ], "windMode": [-1,-1,-1,-1] },
														"east": { "texture": "#metal", "uv": [ 0.0, 0.0, 4.0, 0.5 ], "windMode": [-1,-1,-1,-1] },
														"south": { "texture": "#metal", "uv": [ 0.0, 0.0, 0.5, 0.5 ], "windMode": [-1,-1,-1,-1] },
														"west": { "texture": "#metal", "uv": [ 0.0, 0.0, 4.0, 0.5 ], "windMode": [-1,-1,-1,-1] },
														"up": { "texture": "#metal", "uv": [ 2.0, 4.0, 6.0, 4.5 ], "rotation": 90, "windMode": [-1,-1,-1,-1] },
														"down": { "texture": "#metal", "uv": [ 0.0, 0.0, 0.5, 4.0 ], "windMode": [-1,-1,-1,-1] }
													}
												},
												{
													"name": "TopCap2",
													"from": [ 0.0, 0.0, 4.0 ],
													"to": [ 3.5, 0.51, 5.0 ],
													"rotationOrigin": [ 0.7, 0.0, 4.5 ],
													"faces": {
														"north": { "texture": "#metal", "uv": [ 0.0, 0.0, 3.5, 0.5 ], "windMode": [-1,-1,-1,-1] },
														"east": { "texture": "#metal", "uv": [ 0.0, 0.0, 1.0, 0.5 ], "windMode": [-1,-1,-1,-1] },
														"south": { "texture": "#metal", "uv": [ 0.0, 0.0, 3.5, 0.5 ], "windMode": [-1,-1,-1,-1] },
														"west": { "texture": "#metal", "uv": [ 3.5, 3.0, 4.5, 3.5 ], "windMode": [-1,-1,-1,-1] },
														"up": { "texture": "#metal", "uv": [ 2.5, 3.5, 6.0, 4.5 ], "windMode": [-1,-1,-1,-1] },
														"down": { "texture": "#metal", "uv": [ 9.5, 6.0, 13.0, 7.0 ], "windMode": [-1,-1,-1,-1] }
													}
												},
												{
													"name": "TopCap3",
													"from": [ 0.0, -0.2, 1.0 ],
													"to": [ 3.5, 0.31, 4.0 ],
													"rotationOrigin": [ 0.7, -0.2, 1.5 ],
													"faces": {
														"north": { "texture": "#metal", "uv": [ 0.0, 0.0, 3.5, 0.5 ] },
														"east": { "texture": "#metal", "uv": [ 0.0, 0.0, 3.0, 0.5 ], "windMode": [-1,-1,-1,-1] },
														"south": { "texture": "#metal", "uv": [ 0.0, 0.0, 3.5, 0.5 ], "windMode": [-1,-1,-1,-1] },
														"west": { "texture": "#metal", "uv": [ 3.5, 3.0, 6.5, 3.5 ], "windMode": [-1,-1,-1,-1] },
														"up": { "texture": "#metal", "uv": [ 7.5, 3.5, 11.0, 6.5 ], "windMode": [-1,-1,-1,-1] },
														"down": { "texture": "#metal", "uv": [ 9.5, 6.0, 13.0, 9.0 ], "windMode": [-1,-1,-1,-1] }
													}
												},
												{
													"name": "TopCap4",
													"from": [ 0.0, -0.2, 3.2 ],
													"to": [ 3.5, 0.31, 4.3 ],
													"rotationOrigin": [ 0.7, -0.2, 3.7 ],
													"rotationX": -22.5,
													"faces": {
														"north": { "texture": "#metal", "uv": [ 0.0, 0.0, 3.5, 0.5 ] },
														"east": { "texture": "#metal", "uv": [ 0.0, 0.0, 1.0, 0.5 ], "windMode": [-1,-1,-1,-1] },
														"south": { "texture": "#metal", "uv": [ 0.0, 0.0, 3.5, 0.5 ], "windMode": [-1,-1,-1,-1] },
														"west": { "texture": "#metal", "uv": [ 3.5, 3.0, 4.5, 3.5 ], "windMode": [-1,-1,-1,-1] },
														"up": { "texture": "#metal", "uv": [ 1.5, 4.0, 5.0, 5.0 ], "windMode": [-1,-1,-1,-1] },
														"down": { "texture": "#metal", "uv": [ 9.5, 6.0, 13.0, 7.0 ], "windMode": [-1,-1,-1,-1] }
													}
												},
												{
													"name": "WTopCap2",
													"from": [ 0.0, 0.2, 0.28 ],
													"to": [ 0.75, 0.701, 4.63 ],
													"rotationOrigin": [ -0.4, 0.2, 1.0 ],
													"rotationZ": -22.5,
													"faces": {
														"north": { "texture": "#metal", "uv": [ 0.0, 0.0, 0.5, 0.5 ], "windMode": [-1,-1,-1,-1] },
														"east": { "texture": "#metal", "uv": [ 0.0, 0.0, 4.0, 0.5 ], "windMode": [-1,-1,-1,-1] },
														"south": { "texture": "#metal", "uv": [ 0.0, 0.0, 0.5, 0.5 ], "windMode": [-1,-1,-1,-1] },
														"west": { "texture": "#metal", "uv": [ 0.0, 0.0, 4.0, 0.5 ], "windMode": [-1,-1,-1,-1] },
														"up": { "texture": "#metal", "uv": [ 5.0, 3.0, 5.5, 7.0 ], "windMode": [-1,-1,-1,-1] },
														"down": { "texture": "#metal", "uv": [ 0.0, 0.0, 0.5, 4.0 ] }
													}
												},
												{
													"name": "ETopCap2",
													"from": [ 3.1, -0.4, 0.3 ],
													"to": [ 3.75, 0.101, 4.65 ],
													"rotationOrigin": [ 2.7, -0.4, 2.0 ],
													"rotationZ": 22.5,
													"faces": {
														"north": { "texture": "#metal", "uv": [ 4.0, 4.0, 4.5, 4.5 ], "windMode": [-1,-1,-1,-1] },
														"east": { "texture": "#metal", "uv": [ 2.5, 4.0, 6.5, 4.5 ], "windMode": [-1,-1,-1,-1] },
														"south": { "texture": "#metal", "uv": [ 0.0, 0.0, 0.5, 0.5 ], "windMode": [-1,-1,-1,-1] },
														"west": { "texture": "#metal", "uv": [ 2.5, 4.0, 6.5, 4.5 ], "windMode": [-1,-1,-1,-1] },
														"up": { "texture": "#metal", "uv": [ 5.0, 2.0, 5.5, 6.0 ], "windMode": [-1,-1,-1,-1] },
														"down": { "texture": "#metal", "uv": [ 4.0, 2.5, 4.5, 6.5 ] }
													}
												}
											]
										},
										{
											"name": "TopCap5",
											"from": [ 0.3, 3.85, 0.2 ],
											"to": [ 3.8, 4.36, 1.2 ],
											"rotationOrigin": [ 1.0, 3.8, 0.7 ],
											"rotationX": 22.5,
											"faces": {
												"north": { "texture": "#metal", "uv": [ 0.0, 0.0, 3.5, 0.5 ] },
												"east": { "texture": "#metal", "uv": [ 0.0, 0.0, 1.0, 0.5 ], "windMode": [-1,-1,-1,-1] },
												"south": { "texture": "#metal", "uv": [ 0.0, 0.0, 3.5, 0.5 ], "windMode": [-1,-1,-1,-1] },
												"west": { "texture": "#metal", "uv": [ 3.5, 3.0, 4.5, 3.5 ], "windMode": [-1,-1,-1,-1] },
												"up": { "texture": "#metal", "uv": [ 3.0, 4.0, 6.5, 5.0 ], "windMode": [-1,-1,-1,-1] },
												"down": { "texture": "#metal", "uv": [ 9.5, 6.0, 13.0, 7.0 ], "windMode": [-1,-1,-1,-1] }
											}
										}
									]
								}
							]
						}
					]
				}
			]
		},
		{
			"name": "Handle",
			"from": [ 7.76, 11.5, 4.68 ],
			"to": [ 8.26, 14.5, 5.18 ],
			"rotationOrigin": [ 8.0255, 13.13, 4.93 ],
			"faces": {
				"north": { "texture": "#metal", "uv": [ 13.5, 3.5, 14.0, 6.5 ], "windMode": [-1,-1,-1,-1] },
				"east": { "texture": "#metal", "uv": [ 15.5, 6.5, 16.0, 9.5 ] },
				"south": { "texture": "#metal", "uv": [ 15.5, 2.0, 16.0, 5.0 ], "windMode": [-1,-1,-1,-1] },
				"west": { "texture": "#metal", "uv": [ 15.5, 3.0, 16.0, 6.0 ], "windMode": [-1,-1,-1,-1] },
				"up": { "texture": "#metal", "uv": [ 7.0, 1.5, 7.5, 2.0 ], "windMode": [-1,-1,-1,-1] },
				"down": { "texture": "#metal", "uv": [ 7.5, 13.0, 8.0, 13.5 ], "windMode": [-1,-1,-1,-1] }
			},
			"children": [
				{
					"name": "Handle1",
					"from": [ -0.01, 3.0, 0.0 ],
					"to": [ 0.51, 4.0, 0.5 ],
					"rotationOrigin": [ 0.0, 3.0, 0.0 ],
					"rotationX": 45.0,
					"faces": {
						"north": { "texture": "#metal", "uv": [ 7.0, 1.5, 7.5, 2.5 ], "windMode": [-1,-1,-1,-1] },
						"east": { "texture": "#metal", "uv": [ 7.5, 13.5, 8.0, 14.5 ], "windMode": [-1,-1,-1,-1] },
						"south": { "texture": "#metal", "uv": [ 9.5, 1.0, 10.0, 2.0 ], "windMode": [-1,-1,-1,-1] },
						"west": { "texture": "#metal", "uv": [ 8.5, 1.5, 9.0, 2.5 ], "windMode": [-1,-1,-1,-1] },
						"up": { "texture": "#metal", "uv": [ 0.0, 0.0, 0.5, 0.5 ], "windMode": [-1,-1,-1,-1] },
						"down": { "texture": "#metal", "uv": [ 0.0, 0.0, 0.5, 0.5 ], "windMode": [-1,-1,-1,-1] }
					}
				},
				{
					"name": "Handle2",
					"from": [ 0.0, 3.9192, 0.9192 ],
					"to": [ 0.5, 4.8192, 1.4192 ],
					"rotationOrigin": [ -0.01, 3.9192, 0.9192 ],
					"rotationX": 67.5,
					"faces": {
						"north": { "texture": "#metal", "uv": [ 12.0, 3.0, 12.5, 3.5 ] },
						"east": { "texture": "#metal", "uv": [ 11.0, 3.5, 11.5, 4.0 ], "windMode": [-1,-1,-1,-1] },
						"south": { "texture": "#metal", "uv": [ 10.5, 3.5, 11.0, 4.0 ], "windMode": [-1,-1,-1,-1] },
						"west": { "texture": "#metal", "uv": [ 9.5, 0.0, 10.0, 0.5 ], "windMode": [-1,-1,-1,-1] },
						"up": { "texture": "#metal", "uv": [ 11.5, 4.0, 12.0, 4.5 ], "windMode": [-1,-1,-1,-1] },
						"down": { "texture": "#metal", "uv": [ 11.0, 4.0, 11.5, 4.5 ], "windMode": [-1,-1,-1,-1] }
					}
				},
				{
					"name": "Handle3",
					"from": [ 0.001, 4.2587, 1.7775 ],
					"to": [ 0.511, 5.1587, 2.2775 ],
					"rotationOrigin": [ 0.0, 4.2587, 1.7775 ],
					"rotationX": 112.5,
					"faces": {
						"north": { "texture": "#metal", "uv": [ 0.0, 0.0, 0.5, 0.5 ] },
						"east": { "texture": "#metal", "uv": [ 0.0, 0.0, 0.5, 0.5 ], "windMode": [-1,-1,-1,-1] },
						"south": { "texture": "#metal", "uv": [ 0.0, 0.0, 0.5, 0.5 ], "windMode": [-1,-1,-1,-1] },
						"west": { "texture": "#metal", "uv": [ 0.0, 0.0, 0.5, 0.5 ], "windMode": [-1,-1,-1,-1] },
						"up": { "texture": "#metal", "uv": [ 0.0, 0.0, 0.5, 0.5 ], "windMode": [-1,-1,-1,-1] },
						"down": { "texture": "#metal", "uv": [ 0.0, 0.0, 0.5, 0.5 ], "windMode": [-1,-1,-1,-1] }
					}
				},
				{
					"name": "Handle4",
					"from": [ 0.0, 3.8419, 2.6314 ],
					"to": [ 0.5, 4.6019, 3.1914 ],
					"rotationOrigin": [ 0.0, 3.8919, 2.6314 ],
					"rotationX": 135.0,
					"faces": {
						"north": { "texture": "#metal", "uv": [ 11.5, 5.0, 12.0, 5.5 ], "windMode": [-1,-1,-1,-1] },
						"east": { "texture": "#metal", "uv": [ 11.5, 2.0, 12.0, 2.5 ], "windMode": [-1,-1,-1,-1] },
						"south": { "texture": "#metal", "uv": [ 10.0, 6.0, 10.5, 6.5 ], "windMode": [-1,-1,-1,-1] },
						"west": { "texture": "#metal", "uv": [ 11.0, 6.5, 11.5, 7.0 ], "windMode": [-1,-1,-1,-1] },
						"up": { "texture": "#metal", "uv": [ 11.5, 6.0, 12.0, 6.5 ], "windMode": [-1,-1,-1,-1] },
						"down": { "texture": "#metal", "uv": [ 10.5, 5.0, 11.0, 5.5 ], "windMode": [-1,-1,-1,-1] }
					}
				},
				{
					"name": "Handle5",
					"from": [ 0.01, 3.45, 3.05 ],
					"to": [ 0.49, 4.4, 3.55 ],
					"rotationOrigin": [ 0.0, 3.501, 3.0438 ],
					"rotationX": 144.4,
					"faces": {
						"north": { "texture": "#metal", "uv": [ 0.0, 0.0, 0.5, 0.5 ] },
						"east": { "texture": "#metal", "uv": [ 0.0, 0.0, 0.5, 0.5 ], "windMode": [-1,-1,-1,-1] },
						"south": { "texture": "#metal", "uv": [ 0.0, 0.0, 0.5, 0.5 ], "windMode": [-1,-1,-1,-1] },
						"west": { "texture": "#metal", "uv": [ 0.0, 0.0, 0.5, 0.5 ], "windMode": [-1,-1,-1,-1] },
						"up": { "texture": "#metal", "uv": [ 0.0, 0.0, 0.5, 0.5 ], "windMode": [-1,-1,-1,-1] },
						"down": { "texture": "#metal", "uv": [ 0.0, 0.0, 0.5, 0.5 ], "windMode": [-1,-1,-1,-1] }
					}
				},
				{
					"name": "Handle7",
					"from": [ 0.001, 3.6364, 0.565 ],
					"to": [ 0.511, 4.1364, 1.065 ],
					"rotationOrigin": [ -0.01, 3.6364, 0.495 ],
					"rotationX": 51.2,
					"faces": {
						"north": { "texture": "#metal", "uv": [ 11.0, 0.5, 11.5, 1.0 ] },
						"east": { "texture": "#metal", "uv": [ 8.5, 0.0, 9.0, 0.5 ], "windMode": [-1,-1,-1,-1] },
						"south": { "texture": "#metal", "uv": [ 10.5, 0.0, 11.0, 0.5 ], "windMode": [-1,-1,-1,-1] },
						"west": { "texture": "#metal", "uv": [ 9.5, 0.0, 10.0, 0.5 ], "windMode": [-1,-1,-1,-1] },
						"up": { "texture": "#metal", "uv": [ 0.0, 0.0, 0.5, 0.5 ], "windMode": [-1,-1,-1,-1] },
						"down": { "texture": "#metal", "uv": [ 0.0, 0.0, 0.5, 0.5 ], "windMode": [-1,-1,-1,-1] }
					}
				},
				{
					"name": "Handle8",
					"from": [ 0.001, -0.9, -0.04 ],
					"to": [ 0.511, 0.1, 0.46 ],
					"rotationOrigin": [ 0.25, -0.4, 0.15 ],
					"rotationX": 5.0,
					"faces": {
						"north": { "texture": "#metal", "uv": [ 15.5, 6.5, 16.0, 7.5 ], "windMode": [-1,-1,-1,-1] },
						"east": { "texture": "#metal", "uv": [ 15.5, 6.5, 16.0, 7.5 ] },
						"south": { "texture": "#metal", "uv": [ 15.5, 2.0, 16.0, 3.0 ], "windMode": [-1,-1,-1,-1] },
						"west": { "texture": "#metal", "uv": [ 15.5, 3.0, 16.0, 4.0 ], "windMode": [-1,-1,-1,-1] },
						"up": { "texture": "#metal", "uv": [ 7.0, 1.5, 7.5, 2.0 ], "windMode": [-1,-1,-1,-1] },
						"down": { "texture": "#metal", "uv": [ 7.5, 13.0, 8.0, 13.5 ], "windMode": [-1,-1,-1,-1] }
					}
				},
				{
					"name": "Handle9",
					"from": [ 0.0, -1.8, -0.16 ],
					"to": [ 0.5, -0.8, 0.34 ],
					"rotationOrigin": [ 0.25, -1.3, 0.05 ],
					"rotationX": 11.2,
					"faces": {
						"north": { "texture": "#metal", "uv": [ 15.5, 6.5, 16.0, 7.5 ], "windMode": [-1,-1,-1,-1] },
						"east": { "texture": "#metal", "uv": [ 15.5, 6.5, 16.0, 7.5 ] },
						"south": { "texture": "#metal", "uv": [ 15.5, 2.0, 16.0, 3.0 ], "windMode": [-1,-1,-1,-1] },
						"west": { "texture": "#metal", "uv": [ 15.5, 3.0, 16.0, 4.0 ], "windMode": [-1,-1,-1,-1] },
						"up": { "texture": "#metal", "uv": [ 7.0, 1.5, 7.5, 2.0 ], "windMode": [-1,-1,-1,-1] },
						"down": { "texture": "#metal", "uv": [ 7.5, 13.0, 8.0, 13.5 ], "windMode": [-1,-1,-1,-1] }
					}
				},
				{
					"name": "Handle10",
					"from": [ 0.001, -2.7, -0.36 ],
					"to": [ 0.511, -1.7, 0.14 ],
					"rotationOrigin": [ 0.25, -2.2, -0.15 ],
					"rotationX": 13.6,
					"faces": {
						"north": { "texture": "#metal", "uv": [ 15.5, 6.5, 16.0, 7.5 ], "windMode": [-1,-1,-1,-1] },
						"east": { "texture": "#metal", "uv": [ 15.5, 6.5, 16.0, 7.5 ] },
						"south": { "texture": "#metal", "uv": [ 15.5, 2.0, 16.0, 3.0 ], "windMode": [-1,-1,-1,-1] },
						"west": { "texture": "#metal", "uv": [ 15.5, 3.0, 16.0, 4.0 ], "windMode": [-1,-1,-1,-1] },
						"up": { "texture": "#metal", "uv": [ 7.0, 1.5, 7.5, 2.0 ], "windMode": [-1,-1,-1,-1] },
						"down": { "texture": "#metal", "uv": [ 7.5, 13.0, 8.0, 13.5 ], "windMode": [-1,-1,-1,-1] }
					}
				},
				{
					"name": "Handle11",
					"from": [ 0.0, -3.6, -0.58 ],
					"to": [ 0.5, -2.6, -0.08 ],
					"rotationOrigin": [ 0.25, -3.1, -0.35 ],
					"rotationX": 13.6,
					"faces": {
						"north": { "texture": "#metal", "uv": [ 15.5, 6.5, 16.0, 7.5 ], "windMode": [-1,-1,-1,-1] },
						"east": { "texture": "#metal", "uv": [ 15.5, 6.5, 16.0, 7.5 ] },
						"south": { "texture": "#metal", "uv": [ 15.5, 2.0, 16.0, 3.0 ], "windMode": [-1,-1,-1,-1] },
						"west": { "texture": "#metal", "uv": [ 15.5, 3.0, 16.0, 4.0 ], "windMode": [-1,-1,-1,-1] },
						"up": { "texture": "#metal", "uv": [ 7.0, 1.5, 7.5, 2.0 ], "windMode": [-1,-1,-1,-1] },
						"down": { "texture": "#metal", "uv": [ 7.5, 13.0, 8.0, 13.5 ], "windMode": [-1,-1,-1,-1] }
					}
				},
				{
					"name": "Handle12",
					"from": [ 0.001, -4.5, -0.795 ],
					"to": [ 0.511, -3.5, -0.295 ],
					"rotationOrigin": [ 0.25, -4.0, -0.55 ],
					"rotationX": 13.6,
					"faces": {
						"north": { "texture": "#metal", "uv": [ 6.5, 2.0, 7.0, 3.0 ], "windMode": [-1,-1,-1,-1] },
						"east": { "texture": "#metal", "uv": [ 6.5, 1.0, 7.0, 2.0 ] },
						"south": { "texture": "#metal", "uv": [ 11.5, 11.5, 12.0, 12.5 ], "windMode": [-1,-1,-1,-1] },
						"west": { "texture": "#metal", "uv": [ 6.5, 1.5, 7.0, 2.5 ], "windMode": [-1,-1,-1,-1] },
						"up": { "texture": "#metal", "uv": [ 7.0, 1.5, 7.5, 2.0 ], "windMode": [-1,-1,-1,-1] },
						"down": { "texture": "#metal", "uv": [ 7.5, 13.0, 8.0, 13.5 ], "windMode": [-1,-1,-1,-1] }
					}
				},
				{
					"name": "Handle13",
					"from": [ 0.0, -5.4, -0.97 ],
					"to": [ 0.5, -4.4, -0.47 ],
					"rotationOrigin": [ 0.25, -4.9, -0.75 ],
					"rotationX": 8.9,
					"faces": {
						"north": { "texture": "#metal", "uv": [ 3.5, 2.5, 4.0, 3.5 ], "windMode": [-1,-1,-1,-1] },
						"east": { "texture": "#metal", "uv": [ 6.5, 1.5, 7.0, 2.5 ] },
						"south": { "texture": "#metal", "uv": [ 4.0, 3.0, 4.5, 4.0 ], "windMode": [-1,-1,-1,-1] },
						"west": { "texture": "#metal", "uv": [ 3.5, 3.0, 4.0, 4.0 ], "windMode": [-1,-1,-1,-1] },
						"up": { "texture": "#metal", "uv": [ 4.5, 3.5, 5.0, 4.0 ], "windMode": [-1,-1,-1,-1] },
						"down": { "texture": "#metal", "uv": [ 4.5, 3.5, 5.0, 4.0 ], "windMode": [-1,-1,-1,-1] }
					}
				},
				{
					"name": "Handle14",
					"from": [ -0.001, -6.26, -1.0455 ],
					"to": [ 0.509, -5.36, -0.5455 ],
					"rotationOrigin": [ 0.25, -5.8, -0.85 ],
					"faces": {
						"north": { "texture": "#metal", "uv": [ 5.5, 3.5, 6.0, 4.0 ], "windMode": [-1,-1,-1,-1] },
						"east": { "texture": "#metal", "uv": [ 4.5, 6.0, 5.0, 6.5 ], "windMode": [-1,-1,-1,-1] },
						"south": { "texture": "#metal", "uv": [ 3.0, 5.0, 3.5, 5.5 ], "windMode": [-1,-1,-1,-1] },
						"west": { "texture": "#metal", "uv": [ 4.5, 4.0, 5.0, 4.5 ], "windMode": [-1,-1,-1,-1] },
						"up": { "texture": "#metal", "uv": [ 6.0, 3.0, 6.5, 3.5 ], "windMode": [-1,-1,-1,-1] },
						"down": { "texture": "#metal", "uv": [ 5.0, 6.0, 5.5, 6.5 ], "windMode": [-1,-1,-1,-1] }
					}
				},
				{
					"name": "Handle15",
					"from": [ 0.0, -7.105, -0.975 ],
					"to": [ 0.5, -6.205, -0.465 ],
					"rotationOrigin": [ 0.25, -6.6, -0.75 ],
					"rotationX": -10.9,
					"faces": {
						"north": { "texture": "#metal", "uv": [ 3.5, 3.5, 4.0, 4.0 ], "windMode": [-1,-1,-1,-1] },
						"east": { "texture": "#metal", "uv": [ 3.5, 4.0, 4.0, 4.5 ], "windMode": [-1,-1,-1,-1] },
						"south": { "texture": "#metal", "uv": [ 6.0, 3.0, 6.5, 3.5 ], "windMode": [-1,-1,-1,-1] },
						"west": { "texture": "#metal", "uv": [ 3.5, 4.0, 4.0, 4.5 ], "windMode": [-1,-1,-1,-1] },
						"up": { "texture": "#metal", "uv": [ 3.5, 3.5, 4.0, 4.0 ], "windMode": [-1,-1,-1,-1] },
						"down": { "texture": "#metal", "uv": [ 3.5, 3.5, 4.0, 4.0 ], "windMode": [-1,-1,-1,-1] }
					}
				},
				{
					"name": "Handle16",
					"from": [ 0.001, -7.85, -0.69 ],
					"to": [ 0.511, -6.95, -0.18 ],
					"rotationOrigin": [ 0.25, -7.4, -0.45 ],
					"rotationX": -30.0,
					"faces": {
						"north": { "texture": "#metal", "uv": [ 3.5, 3.5, 4.0, 4.0 ], "windMode": [-1,-1,-1,-1] },
						"east": { "texture": "#metal", "uv": [ 3.5, 4.0, 4.0, 4.5 ], "windMode": [-1,-1,-1,-1] },
						"south": { "texture": "#metal", "uv": [ 3.5, 3.5, 4.0, 4.0 ], "windMode": [-1,-1,-1,-1] },
						"west": { "texture": "#metal", "uv": [ 3.0, 4.0, 3.5, 4.5 ], "windMode": [-1,-1,-1,-1] },
						"up": { "texture": "#metal", "uv": [ 3.5, 4.0, 4.0, 4.5 ], "windMode": [-1,-1,-1,-1] },
						"down": { "texture": "#metal", "uv": [ 3.5, 3.5, 4.0, 4.0 ], "windMode": [-1,-1,-1,-1] }
					}
				},
				{
					"name": "Handle17",
					"from": [ 0.0, -7.6, -0.3 ],
					"to": [ 0.5, -6.5, 0.21 ],
					"rotationOrigin": [ 0.25, -7.2, -0.05 ],
					"rotationX": 27.0,
					"faces": {
						"north": { "texture": "#metal", "uv": [ 3.5, 3.5, 4.0, 4.5 ], "windMode": [-1,-1,-1,-1] },
						"east": { "texture": "#metal", "uv": [ 3.5, 3.5, 4.0, 4.5 ] },
						"south": { "texture": "#metal", "uv": [ 3.5, 3.5, 4.0, 4.5 ], "windMode": [-1,-1,-1,-1] },
						"west": { "texture": "#metal", "uv": [ 3.5, 3.5, 4.0, 4.5 ], "windMode": [-1,-1,-1,-1] },
						"up": { "texture": "#metal", "uv": [ 3.5, 4.0, 4.0, 4.5 ], "windMode": [-1,-1,-1,-1] },
						"down": { "texture": "#metal", "uv": [ 3.0, 3.5, 3.5, 4.0 ], "windMode": [-1,-1,-1,-1] }
					}
				},
				{
					"name": "Handle18",
					"from": [ -0.0011, -6.8, -0.1 ],
					"to": [ 0.4999, -6.2, 0.41 ],
					"rotationOrigin": [ 0.25, -6.4, 0.15 ],
					"rotationX": -14.6,
					"faces": {
						"north": { "texture": "#metal", "uv": [ 4.5, 4.0, 5.0, 4.5 ], "windMode": [-1,-1,-1,-1] },
						"east": { "texture": "#metal", "uv": [ 4.0, 4.0, 4.5, 4.5 ], "windMode": [-1,-1,-1,-1] },
						"south": { "texture": "#metal", "uv": [ 4.0, 4.0, 4.5, 4.5 ], "windMode": [-1,-1,-1,-1] },
						"west": { "texture": "#metal", "uv": [ 3.5, 4.0, 4.0, 4.5 ], "windMode": [-1,-1,-1,-1] },
						"up": { "texture": "#metal", "uv": [ 3.5, 3.5, 4.0, 4.0 ], "windMode": [-1,-1,-1,-1] },
						"down": { "texture": "#metal", "uv": [ 4.0, 4.0, 4.5, 4.5 ], "windMode": [-1,-1,-1,-1] }
					}
				},
				{
					"name": "Handle19",
					"from": [ 0.001, -6.5, -0.38 ],
					"to": [ 0.491, -5.2, 0.13 ],
					"rotationOrigin": [ 0.25, -6.1, -0.15 ],
					"rotationX": -48.6,
					"faces": {
						"north": { "texture": "#metal", "uv": [ 4.0, 3.5, 4.5, 4.5 ], "windMode": [-1,-1,-1,-1] },
						"east": { "texture": "#metal", "uv": [ 5.0, 3.5, 5.5, 4.5 ], "windMode": [-1,-1,-1,-1] },
						"south": { "texture": "#metal", "uv": [ 4.0, 3.5, 4.5, 4.5 ], "windMode": [-1,-1,-1,-1] },
						"west": { "texture": "#metal", "uv": [ 4.0, 3.5, 4.5, 4.5 ], "windMode": [-1,-1,-1,-1] },
						"up": { "texture": "#metal", "uv": [ 4.0, 4.0, 4.5, 4.5 ], "windMode": [-1,-1,-1,-1] },
						"down": { "texture": "#metal", "uv": [ 4.0, 4.0, 4.5, 4.5 ], "windMode": [-1,-1,-1,-1] }
					}
				}
			]
		},
		{
			"name": "Piston",
			"from": [ 7.884, 10.4, 7.85 ],
			"to": [ 8.134, 14.4, 8.1 ],
			"rotationOrigin": [ 7.76, 11.3, 8.18 ],
			"faces": {
				"north": { "texture": "#metal", "uv": [ 4.0, 3.5, 4.5, 5.5 ], "autoUv": false, "windMode": [-1,-1,-1,-1] },
				"east": { "texture": "#metal", "uv": [ 5.5, 2.5, 6.0, 6.5 ], "windMode": [-1,-1,-1,-1] },
				"south": { "texture": "#metal", "uv": [ 3.5, 2.0, 4.0, 6.0 ], "windMode": [-1,-1,-1,-1] },
				"west": { "texture": "#metal", "uv": [ 5.5, 1.5, 6.0, 5.5 ], "windMode": [-1,-1,-1,-1] },
				"up": { "texture": "#metal", "uv": [ 5.0, 4.0, 5.5, 4.5 ], "windMode": [-1,-1,-1,-1] },
				"down": { "texture": "#metal", "uv": [ 4.0, 4.0, 4.5, 4.5 ], "windMode": [-1,-1,-1,-1] }
			},
			"children": [
				{
					"name": "Handle6",
					"from": [ -0.175, 3.7846, 0.2145 ],
					"to": [ 0.425, 3.9096, 0.3395 ],
					"rotationOrigin": [ -0.125, 3.8646, 0.1945 ],
					"rotationX": 135.0,
					"faces": {
						"north": { "texture": "#metal", "uv": [ 6.0, 3.0, 6.5, 3.5 ] },
						"east": { "texture": "#metal", "uv": [ 4.5, 5.5, 5.0, 6.0 ], "windMode": [-1,-1,-1,-1] },
						"south": { "texture": "#metal", "uv": [ 6.0, 3.0, 6.5, 3.5 ], "windMode": [-1,-1,-1,-1] },
						"west": { "texture": "#metal", "uv": [ 5.0, 6.0, 5.5, 6.5 ], "windMode": [-1,-1,-1,-1] },
						"up": { "texture": "#metal", "uv": [ 5.0, 6.0, 5.5, 6.5 ], "windMode": [-1,-1,-1,-1] },
						"down": { "texture": "#metal", "uv": [ 5.0, 5.5, 5.5, 6.0 ], "windMode": [-1,-1,-1,-1] }
					}
				}
			]
		}
	],
	"animations": [
		{
			"name": "Pump",
			"code": "pump",
			"quantityframes": 30,
			"onActivityStopped": "Rewind",
			"onAnimationEnd": "Repeat",
			"keyframes": [
				{
					"frame": 0,
					"elements": {
						"Piston": { "offsetX": 0.0, "offsetY": 0.0, "offsetZ": 0.0 },
						"Handle": { "offsetX": 0.0, "offsetY": 0.0, "offsetZ": 0.0, "rotationX": 0.0, "rotationY": 0.0, "rotationZ": 0.0 }
					}
				},
				{
					"frame": 15,
					"elements": {
						"Piston": { "offsetX": 0.0, "offsetY": -1.4, "offsetZ": 0.0 },
						"Handle": { "offsetX": 0.0, "offsetY": 0.0, "offsetZ": -0.15, "rotationX": 27.0, "rotationY": 0.0, "rotationZ": 0.0 }
					}
				},
				{
					"frame": 29,
					"elements": {
						"Piston": { "offsetX": 0.0, "offsetY": 0.0, "offsetZ": 0.0 },
						"Handle": { "offsetX": 0.0, "offsetY": 0.0, "offsetZ": 0.0, "rotationX": 0.0, "rotationY": 0.0, "rotationZ": 0.0 }
					}
				}
			]
		}
	]
}