[
  {
    "file": "game:blocktypes/plant/leaves/normal.json",
    "op": "addmerge",
    "path": "/drops",
    "enabled": "true",
    "value": [
      {
        "type": "block",
        "code": "game:leaves-placed-{wood}",
        "quantity": { "avg": 1 },
        "tool": "saw",
        "LastDrop": true
      },
    ]
  },
  {
    "file": "game:blocktypes/plant/leaves/branchy.json",
    "op": "addmerge",
    "path": "/drops",
    "enabled": "true",
    "value": [
      {
        "type": "block",
        "code": "game:leavesbranchy-placed-{wood}",
        "quantity": { "avg": 1 },
        "tool": "saw",
        "LastDrop": true
      },
    ]
  },
]