﻿{
  "code": "fruitingbag",
  "class": "BlockFruitingBag",
  "entityClass": "FruitingBag",
  "creativeinventory": { "general": [ "*" ], "substrate": [ "*" ] },
  "creativeinventoryStacksByType": {
    "*": [
      {
        "tabs": [ "general" ],
        "stacks": [
          {
            "type": "block",
            "code": "fruitingbag",
            "attributes": {
              "refundItem": "game:flaxtwine"
            }
          }
        ]
      }
    ]
  },
  "shape": { "base": "block/fruitingbag" },
  "texture": { "base": "game:block/cloth/burlap/sides" },
  "behaviors": [
    { "name": "BehaviorMushroomGrower" }
  ],
  "attributes": {
    "maxfert": 1000,
    "fertconsumerate": {
      "avg": 13,
      "var": 5,
      "dist": "GAUSSIAN"
    },
    "growincrement": {
      "avg": 2.16,
      "var": 0.5,
      "dist": "GAUSSIAN"
    },
    "colonizeincrement": {
      "avg": 36,
      "var": 12,
      "dist": "GAUSSIAN"
    },
    "rotDrop": {
      "avg": 6,
      "var": 3,
      "dist": "GAUSSIAN"
    },
    "compostDrop": {
      "avg": 1,
      "var": 0
    },
    "growchance": 0.1,
    "acceptablemushrooms": [
      "beardedtooth",
      "chickenofthewoods",
      "dryadsaddle",
      "pinkoyster",
      "tinderhoof",
      "whiteoyster",
      "reishi",
      "funeralbell",
      "deerear",
      "livermushroom",
      "pinkbonnet",
      "shiitake"
    ],
    "refundItem": "game:flaxtwine",
    "refundAmount": {
      "avg": 5,
      "var": 2,
      "dist": "GAUSSIAN"
    }
  },
  "faceCullMode": "MergeMaterial",
  "sideopaque": {
    "all": false
  },
  "sidesolid": {
    "up": false
  },
  "materialDensity": 200,
  "blockmaterial": "Cloth",
  "resistance": 2,
  "sounds": {
    "place": "game:block/cloth",
    "break": "game:block/cloth",
    "hit": "game:block/cloth",
    "walk": "game:walk/cloth"
  }
}