[
  {
    "code": "altocumuluslenticularis",
    "name": "Altocumulus Lenticularis",
    "description": "Lens-shaped mid-level clouds often forming near mountains",
    "weight": 1.2,
    "durationHours": { "avg": 8, "var": 10, "dist": "invexp" },
    "clouds": {
      "baseThickness": { "avg": 0.7, "var": 0.3 },
      "locationalThickness": { "amplitudes": [1.5], "frequencies": [1] },
      "opaqueness": { "avg": 0.8, "var": 0.2 },
      "thinCloudMode": { "avg": 0.7 },
      "brightness": { "avg": 1.1 },
      "heightMul": { "avg": 2 }
    },
    "fog": {
      "density": { "avg": 1.5, "var": 0.5, "dist": "invexp" }
    }
  },
  {
    "code": "altocumulusperlucidus",
    "name": "Altocumulus Perlucidus",
    "description": "Mid-level clouds with visible gaps, revealing the sky",
    "weight": 2.0,
    "durationHours": { "avg": 8, "var": 6, "dist": "invexp" },
    "clouds": {
      "baseThickness": { "avg": 1.5, "var": 0.5 },
      "locationalThickness": { "amplitudes": [2], "frequencies": [2] },
      "opaqueness": { "avg": 0.7, "var": 0.1 },
      "thinCloudMode": { "avg": 0.4 },
      "brightness": { "avg": 1.1 },
      "heightMul": { "avg": 2 }
    },
    "fog": {
      "density": { "avg": 1.5, "var": 0.5, "dist": "invexp" }
    }
  },
  {
    "code": "altocumulusradiatus",
    "name": "Altocumulus Radiatus",
    "description": "Bands of altocumulus clouds forming long, parallel stripes.",
    "weight": 1.3,
    "durationHours": { "avg": 7, "var": 12, "dist": "invexp" },
    "clouds": {
      "baseThickness": { "avg": 1.0, "var": 0.2 },
      "locationalThickness": { "amplitudes": [2.5], "frequencies": [5] },
      "opaqueness": { "avg": 0.5, "var": 0.1 },
      "thinCloudMode": { "avg": 0.4 },
      "brightness": { "avg": 0.9 },
      "heightMul": { "avg": 1.8 }
    },
    "fog": {
      "density": { "avg": 1.2, "var": 0.6, "dist": "invexp" }
    }
  },
  {
    "code": "altocumuluscastellanus",
    "name": "Altocumulus Castellanus",
    "description": "Mid-level cloud layer with turret-like vertical buildups.",
    "weight": 1.0,
    "durationHours": { "avg": 6, "var": 10, "dist": "invexp" },
    "clouds": {
      "baseThickness": { "avg": 1.4, "var": 0.3 },
      "locationalThickness": { "amplitudes": [2.2], "frequencies": [2] },
      "opaqueness": { "avg": 0.65, "var": 0.15 },
      "thinCloudMode": { "avg": 0.4 },
      "brightness": { "avg": 0.9 },
      "heightMul": { "avg": 1.8 }
    },
    "fog": {
      "density": { "avg": 1.6, "var": 1, "dist": "invexp" }
    }
  },
  {
    "code": "altocumulusfloccus",
    "name": "Altocumulus Floccus",
    "description": "Small tufted cloud elements with ragged bases — small puffs that may indicate localized turbulence.",
    "weight": 0.8,
    "durationHours": { "avg": 5, "var": 8, "dist": "invexp" },
    "clouds": {
      "baseThickness": { "avg": 0.9, "var": 0.35 },
      "locationalThickness": { "amplitudes": [1.6], "frequencies": [5] },
      "opaqueness": { "avg": 0.5, "var": 0.15 },
      "thinCloudMode": { "avg": 0.45 },
      "brightness": { "avg": 0.95 },
      "heightMul": { "avg": 1.7 }
    },
    "fog": {
      "density": { "avg": 1.1, "var": 0.6, "dist": "invexp" }
    }
  }
]
