[
  {
    "code": "cirrusspissatus",
    "name": "Cirrus Spissatus",
    "description": "Thick, high-altitude cirrus clouds that can obscure the sun",
    "weight": 0.7,
    "durationHours": { "avg": 5, "var": 7, "dist": "invexp" },
    "clouds": {
      "baseThickness": { "avg": 0.5, "var": 0.2 },
      "locationalThickness": { "amplitudes": [ 1.5 ], "frequencies": [ 2 ] },
      "opaqueness": { "avg": 0.6, "var": 0.1 },
      "thinCloudMode": { "avg": 1 },
      "brightness": { "avg": 1 },
      "heightMul": { "avg": 3.5 }
    },
    "fog": {
      "density": { "avg": 0.1, "var": 0.2, "dist": "invexp" }
    }
  }
]