[
  {
    "code": "cirrostratus",
    "name": "Cirrostratus clouds",
    "description": "Thin, sheet-like high clouds that cover the sky, often causing a halo effect",
    "weight": 1.8,
    "durationHours": {
      "avg": 10,
      "var": 48,
      "dist": "invexp"
    },
    "clouds": {
      "baseThickness": {
        "avg": 0.1,
        "var": 0.05
      },
      "locationalThickness": {
        "amplitudes": [
          1
        ],
        "frequencies": [
          5
        ]
      },
      "opaqueness": {
        "avg": 0.2,
        "var": 0.1
      },
      "thinCloudMode": {
        "avg": 1
      },
      "brightness": {
        "avg": 1.1
      },
      "heightMul": {
        "avg": 3
      }
    },
    "fog": {
      "density": {
        "avg": 0.2,
        "var": 0.5,
        "dist": "strongerinvexp"
      }
    }
  },
  {
    "code": "cirrostratusfibratus",
    "name": "Cirrostratus Fibratus",
    "description": "Thin, high clouds forming delicate streaks, often creating halos around the sun",
    "weight": 1.7,
    "durationHours": { "avg": 6, "var": 10, "dist": "invexp" },
    "clouds": {
      "baseThickness": { "avg": 0.4, "var": 0.1 },
      "locationalThickness": { "amplitudes": [ 1.2 ], "frequencies": [ 3 ] },
      "opaqueness": { "avg": 0.5, "var": 0.1 },
      "thinCloudMode": { "avg": 1 },
      "brightness": { "avg": 1.3 },
      "heightMul": { "avg": 3.5 }
    },
    "fog": {
      "density": { "avg": 0.3, "var": 0.1, "dist": "invexp" }
    }
  },
  {
    "code": "cirrostratusnebulosus",
    "name": "Cirrostratus Nebulosus",
    "description": "Thin, veil-like high-altitude clouds, nearly invisible",
    "weight": 2.0,
    "durationHours": { "avg": 10, "var": 5, "dist": "invexp" },
    "clouds": {
      "baseThickness": { "avg": 0.3, "var": 0.1 },
      "locationalThickness": { "amplitudes": [ 0.8 ], "frequencies": [ 3 ] },
      "opaqueness": { "avg": 0.4, "var": 0.1 },
      "thinCloudMode": { "avg": 1 },
      "brightness": { "avg": 1.4 },
      "heightMul": { "avg": 3.5 }
    },
    "fog": {
      "density": { "avg": 0.1, "var": 0.2, "dist": "invexp" }
    }
  }
]