[
  {
    "code": "cirrus",
    "name": "Cirrus clouds",
    "description": "High, wispy clouds with feather-like appearance",
    "weight": 2.2,
    "durationHours": {
      "avg": 8,
      "var": 36,
      "dist": "invexp"
    },
    "clouds": {
      "baseThickness": {
        "avg": 0,
        "var": 0
      },
      "locationalThickness": {
        "amplitudes": [
          1
        ],
        "frequencies": [
          8
        ]
      },
      "opaqueness": {
        "avg": 0.1,
        "var": 0
      },
      "thinCloudMode": {
        "avg": 1
      },
      "brightness": {
        "avg": 1.2
      },
      "heightMul": {
        "avg": 2.5
      }
    },
    "fog": {
      "density": {
        "avg": 0.5,
        "var": 2,
        "dist": "strongerinvexp"
      }
    }
  },
  {
  "code": "cirrusradiatus",
  "name": "Cirrus Radiatus",
  "description": "High-altitude cirrus clouds forming long, parallel streaks across the sky.",
  "weight": 1.4,
  "durationHours": { "avg": 8, "var": 20, "dist": "invexp" },
  "clouds": {
    "baseThickness": { "avg": 0, "var": 0 },
    "locationalThickness": { "amplitudes": [ 1.2 ], "frequencies": [ 9 ] },
    "opaqueness": { "avg": 0.12, "var": 0.03 },
    "thinCloudMode": { "avg": 1 },
    "brightness": { "avg": 1.25 },
    "heightMul": { "avg": 2.6 }
  },
  "fog": {
    "density": { "avg": 0.4, "var": 1, "dist": "strongerinvexp" }
  }
},
{
  "code": "cirrusvertebratus",
  "name": "Cirrus Vertebratus",
  "description": "Rare, spine-like cirrus clouds with a ribbed, skeletal pattern.",
  "weight": 0.6,
  "durationHours": { "avg": 6, "var": 12, "dist": "invexp" },
  "clouds": {
    "baseThickness": { "avg": 0, "var": 0 },
    "locationalThickness": { "amplitudes": [ 0.8 ], "frequencies": [ 12 ] },
    "opaqueness": { "avg": 0.08, "var": 0.02 },
    "thinCloudMode": { "avg": 1 },
    "brightness": { "avg": 1.3 },
    "heightMul": { "avg": 2.7 }
  },
  "fog": {
    "density": { "avg": 0.3, "var": 1, "dist": "strongerinvexp" }
  }
},
{
  "code": "cirrostratusduplicatus",
  "name": "Cirrostratus Duplicatus",
  "description": "Two overlapping layers of thin cirrostratus clouds.",
  "weight": 1.0,
  "durationHours": { "avg": 10, "var": 18, "dist": "invexp" },
  "clouds": {
    "baseThickness": { "avg": 0.3, "var": 0.1 },
    "locationalThickness": {
      "amplitudes": [ 1.2, 0.7 ],
      "frequencies": [ 2.5, 4 ]
    },
    "opaqueness": { "avg": 0.25, "var": 0.08 },
    "thinCloudMode": { "avg": 0.9 },
    "brightness": { "avg": 1.4 },
    "heightMul": { "avg": 2.3 }
  },
  "fog": {
    "density": { "avg": 0.6, "var": 0.4, "dist": "invexp" }
  }
}
]