[
  {
    "code": "cirrusuncinus",
    "name": "Cirrus Uncinus",
    "description": "Delicate, hook-shaped high clouds, often preceding a weather front",
    "weight": 1.6,
    "durationHours": { "avg": 5, "var": 6, "dist": "invexp" },
    "clouds": {
      "baseThickness": { "avg": 0.3, "var": 0.1 },
      "locationalThickness": { "amplitudes": [ 0.8 ], "frequencies": [ 3 ] },
      "opaqueness": { "avg": 0.4, "var": 0.1 },
      "thinCloudMode": { "avg": 1 },
      "brightness": { "avg": 1.5 },
      "heightMul": { "avg": 3.8 }
    },
    "fog": {
      "density": { "avg": 0.2, "var": 0.1, "dist": "invexp" }
    }
  }
]
