[
  {
    "code": "cumulushumilis",
    "name": "Cumulus Humilis",
    "description": "Small, fluffy clouds scattered across the sky on sunny days",
    "weight": 2.3,
    "durationHours": { "avg": 8, "var": 12, "dist": "invexp" },
    "clouds": {
      "baseThickness": { "avg": 0.8, "var": 0.2 },
      "locationalThickness": { "amplitudes": [ 1 ], "frequencies": [ 3 ] },
      "opaqueness": { "avg": 0.6, "var": 0.1 },
      "thinCloudMode": { "avg": 0.7 },
      "brightness": { "avg": 1 },
      "heightMul": { "avg": 1.2 }
    },
    "fog": {
      "density": { "avg": 1, "var": 0.5, "dist": "invexp" }
    }
  },
  {
    "code": "cumulusmediocris",
    "name": "Cumulus Mediocris",
    "description": "Medium-sized cumulus clouds that may grow into larger formations",
    "weight": 2.2,
    "durationHours": { "avg": 6, "var": 5, "dist": "invexp" },
    "clouds": {
      "baseThickness": { "avg": 1.5, "var": 0.4 },
      "locationalThickness": { "amplitudes": [ 2.5 ], "frequencies": [ 2 ] },
      "opaqueness": { "avg": 0.9, "var": 0.2 },
      "thinCloudMode": { "avg": 0.4 },
      "brightness": { "avg": 1 },
      "heightMul": { "avg": 2.5 }
    },
    "fog": {
      "density": { "avg": 2, "var": 1, "dist": "strongerinvexp" }
    }
  },
  {
    "code": "cumuluscongestus",
    "name": "Cumulus Congestus",
    "description": "Large, towering clouds, often indicating thunderstorms",
    "weight": 1.1,
    "durationHours": { "avg": 6, "var": 8, "dist": "invexp" },
    "clouds": {
      "baseThickness": { "avg": 2.5, "var": 0.7 },
      "locationalThickness": { "amplitudes": [ 3.5 ], "frequencies": [ 1.5 ] },
      "opaqueness": { "avg": 0.9, "var": 0.2 },
      "thinCloudMode": { "avg": 0.1 },
      "brightness": { "avg": 0.7 },
      "heightMul": { "avg": 3 }
    },
    "fog": {
      "density": { "avg": 3, "var": 1, "dist": "stronginvexp" }
    },
    "precipitation": {
      "type": "rain",
      "baseIntensity": { "avg": 0.5 }
    }
  },
  {
  "code": "cumulusfractus",
  "name": "Cumulus Fractus",
  "description": "Ragged, wind-torn fragments of cumulus clouds.",
  "weight": 0.9,
  "durationHours": { "avg": 4, "var": 6, "dist": "invexp" },
  "clouds": {
    "baseThickness": { "avg": 0.6, "var": 0.3 },
    "locationalThickness": { "amplitudes": [ 1.8 ], "frequencies": [ 4 ] },
    "opaqueness": { "avg": 0.55, "var": 0.2 },
    "thinCloudMode": { "avg": 0.5 },
    "brightness": { "avg": 0.9 },
    "heightMul": { "avg": 1.4 }
  },
  "fog": {
    "density": { "avg": 1.8, "var": 1, "dist": "invexp" }
  }
},
{
  "code": "cumulusarcus",
  "name": "Cumulus Arcus",
  "description": "A rare arc-shaped shelf cloud, often preceding strong winds.",
  "weight": 0.25,
  "durationHours": { "avg": 3, "var": 4, "dist": "invexp" },
  "clouds": {
    "baseThickness": { "avg": 2.5, "var": 0.6 },
    "locationalThickness": { "amplitudes": [ 3.5 ], "frequencies": [ 1.1 ] },
    "opaqueness": { "avg": 0.95, "var": 0.05 },
    "thinCloudMode": { "avg": 0.1 },
    "brightness": { "avg": 0.5 },
    "heightMul": { "avg": 1.3 }
  },
  "fog": {
    "density": { "avg": 4.5, "var": 2, "dist": "strongerinvexp" }
  }
},
{
  "code": "cumulonimbuscalvus",
  "name": "Cumulonimbus Calvus",
  "description": "Towering cumulonimbus cloud with rounded top, lacking a fibrous anvil.",
  "weight": 0.8,
  "durationHours": { "avg": 6, "var": 8, "dist": "invexp" },
  "clouds": {
    "baseThickness": { "avg": 3.5, "var": 1.0 },
    "locationalThickness": { "amplitudes": [ 4 ], "frequencies": [ 1.3 ] },
    "opaqueness": { "avg": 0.95, "var": 0.05 },
    "thinCloudMode": { "avg": 0.05 },
    "brightness": { "avg": 0.4 },
    "heightMul": { "avg": 3.5 }
  },
  "fog": {
    "density": { "avg": 5, "var": 2, "dist": "strongerinvexp" }
  }
},
{
  "code": "cumulonimbuscapillatus",
  "name": "Cumulonimbus Capillatus",
  "description": "Fully developed storm cloud with a fibrous anvil-shaped top.",
  "weight": 0.6,
  "durationHours": { "avg": 7, "var": 12, "dist": "invexp" },
  "clouds": {
    "baseThickness": { "avg": 4.5, "var": 1.2 },
    "locationalThickness": { "amplitudes": [ 4.5 ], "frequencies": [ 1 ] },
    "opaqueness": { "avg": 0.97, "var": 0.03 },
    "thinCloudMode": { "avg": 0.02 },
    "brightness": { "avg": 0.3 },
    "heightMul": { "avg": 4.8 }
  },
  "fog": {
    "density": { "avg": 6, "var": 3, "dist": "strongerinvexp" }
  }
}
]
