[
  {
    "code": "cumulonimbuscapillatus",
    "name": "Cumulonimbus Capillatus",
    "description": "Towering thunderclouds with a wispy upper section, often leading to severe storms",
    "weight": 0.5,
    "durationHours": { "avg": 5, "var": 10, "dist": "invexp" },
    "clouds": {
      "baseThickness": { "avg": 4, "var": 1 },
      "locationalThickness": { "amplitudes": [ 6, 3 ], "frequencies": [ 1, 2 ] },
      "opaqueness": { "avg": 1, "var": 0.2 },
      "thinCloudMode": { "avg": 0 },
      "brightness": { "avg": 0.7 },
      "heightMul": { "avg": 4 }
    },
    "fog": {
      "density": { "avg": 4, "var": 2, "dist": "strongerinvexp" }
    },
    "precipitation": {
      "type": "rain",
      "baseIntensity": { "avg": 1.5 }
    }
  },
  {
    "code": "supercell",
    "name": "Supercell clouds",
    "description": "Massive, rotating storm clouds, often associated with severe thunderstorms",
    "weight": 0.4,
    "durationHours": {
      "avg": 3,
      "var": 6,
      "dist": "invexp"
    },
    "clouds": {
      "baseThickness": {
        "avg": 5,
        "var": 1.5
      },
      "locationalThickness": {
        "amplitudes": [
          6
        ],
        "frequencies": [
          1
        ]
      },
      "opaqueness": {
        "avg": 1,
        "var": 0.1
      },
      "thinCloudMode": {
        "avg": 0
      },
      "brightness": {
        "avg": 0.2
      },
      "heightMul": {
        "avg": 3.5
      }
    },
    "fog": {
      "density": {
        "avg": 3,
        "var": 2,
        "dist": "strongerinvexp"
      }
    },
    "precipitation": {
      "type": "hail",
      "baseIntensity": {
        "avg": 1.5
      }
    }
  },
  {
    "code": "lightningstorm",
    "name": "Lightning Storm clouds",
    "description": "Intense thunderstorm clouds with frequent lightning strikes",
    "weight": 1,
    "durationHours": {
      "avg": 3,
      "var": 6,
      "dist": "invexp"
    },
    "clouds": {
      "baseThickness": {
        "avg": 5,
        "var": 2
      },
      "locationalThickness": {
        "amplitudes": [
          6
        ],
        "frequencies": [
          1
        ]
      },
      "opaqueness": {
        "avg": 1,
        "var": 0.1
      },
      "thinCloudMode": {
        "avg": 0
      },
      "brightness": {
        "avg": 0.2
      },
      "heightMul": {
        "avg": 3
      }
    },
    "fog": {
      "density": {
        "avg": 4,
        "var": 2,
        "dist": "strongerinvexp"
      }
    },
    "precipitation": {
      "type": "rain",
      "baseIntensity": {
        "avg": 1
      }
    },
    "lightning": {
      "frequency": {
        "avg": 5,
        "var": 2
      }
    }
  },
  {
    "code": "shelfcloud",
    "name": "Shelf Cloud",
    "description": "Dramatic, low-level arc of clouds forming at the front of a storm",
    "weight": 0.5,
    "durationHours": {
      "avg": 2,
      "var": 4,
      "dist": "invexp"
    },
    "clouds": {
      "baseThickness": {
        "avg": 2,
        "var": 0.8
      },
      "locationalThickness": {
        "amplitudes": [
          5
        ],
        "frequencies": [
          1
        ]
      },
      "opaqueness": {
        "avg": 0.9,
        "var": 0.1
      },
      "thinCloudMode": {
        "avg": 0
      },
      "brightness": {
        "avg": 0.3
      },
      "heightMul": {
        "avg": 1.8
      }
    },
    "fog": {
      "density": {
        "avg": 4,
        "var": 1,
        "dist": "strongerinvexp"
      }
    },
    "precipitation": {
      "type": "rain",
      "baseIntensity": {
        "avg": 1
      }
    }
  },
  {
    "code": "wallcloud",
    "name": "Wall Cloud",
    "description": "Low, rotating cloud base often seen before a tornado forms",
    "weight": 0.4,
    "durationHours": {
      "avg": 1.5,
      "var": 3,
      "dist": "invexp"
    },
    "clouds": {
      "baseThickness": {
        "avg": 3,
        "var": 1
      },
      "locationalThickness": {
        "amplitudes": [
          3.5
        ],
        "frequencies": [
          2
        ]
      },
      "opaqueness": {
        "avg": 0.95,
        "var": 0.05
      },
      "thinCloudMode": {
        "avg": 0
      },
      "brightness": {
        "avg": 0.25
      },
      "heightMul": {
        "avg": 1.5
      }
    },
    "fog": {
      "density": {
        "avg": 3.5,
        "var": 2,
        "dist": "strongerinvexp"
      }
    },
    "precipitation": {
      "type": "rain",
      "baseIntensity": {
        "avg": 1.2
      }
    }
  },
  {
    "code": "mammatus",
    "name": "Mammatus Clouds",
    "description": "Bulging, pouch-like formations often found under thunderstorms",
    "weight": 0.5,
    "durationHours": { "avg": 3, "var": 8, "dist": "invexp" },
    "clouds": {
      "baseThickness": { "avg": 2, "var": 0.5 },
      "locationalThickness": { "amplitudes": [ 3 ], "frequencies": [ 2 ] },
      "opaqueness": { "avg": 0.8, "var": 0.2 },
      "thinCloudMode": { "avg": 0 },
      "brightness": { "avg": 0.5 },
      "heightMul": { "avg": 3 }
    },
    "fog": {
      "density": { "avg": 2, "var": 1, "dist": "strongerinvexp" }
    }
  }
]
