[
  {
    "code": "lenticular",
    "name": "Lenticular clouds",
    "description": "Lens-shaped clouds often seen over mountains or ridges",
    "weight": 0.5,
    "durationHours": {
      "avg": 6,
      "var": 24,
      "dist": "invexp"
    },
    "clouds": {
      "baseThickness": {
        "avg": 0.5,
        "var": 0.2
      },
      "locationalThickness": {
        "amplitudes": [
          1.5
        ],
        "frequencies": [
          4
        ]
      },
      "opaqueness": {
        "avg": 0.6,
        "var": 0.2
      },
      "thinCloudMode": {
        "avg": 1
      },
      "brightness": {
        "avg": 1.2
      },
      "heightMul": {
        "avg": 2.8
      }
    },
    "fog": {
      "density": {
        "avg": 1,
        "var": 1,
        "dist": "strongerinvexp"
      }
    }
  }
]