[
  {
    "code": "mackerel",
    "name": "Mackerel sky clouds",
    "description": "Altocumulus clouds forming a fish-scale-like pattern",
    "weight": 1.8,
    "durationHours": {
      "avg": 6,
      "var": 36,
      "dist": "invexp"
    },
    "clouds": {
      "baseThickness": {
        "avg": 0.5,
        "var": 0.1
      },
      "locationalThickness": {
        "amplitudes": [
          1.5
        ],
        "frequencies": [
          6
        ]
      },
      "opaqueness": {
        "avg": 0.5,
        "var": 0.1
      },
      "thinCloudMode": {
        "avg": 1
      },
      "brightness": {
        "avg": 1.1
      },
      "heightMul": {
        "avg": 2.5
      }
    },
    "fog": {
      "density": {
        "avg": 0.5,
        "var": 1,
        "dist": "strongerinvexp"
      }
    }
  }
]