[
  {
    "code": "nimbostratus",
    "name": "Nimbostratus clouds",
    "description": "Thick, gray clouds that bring steady and prolonged rain",
    "weight": 1.2,
    "durationHours": {
      "avg": 8,
      "var": 24,
      "dist": "invexp"
    },
    "clouds": {
      "baseThickness": {
        "avg": 4,
        "var": 0.5
      },
      "locationalThickness": {
        "amplitudes": [
          2
        ],
        "frequencies": [
          3
        ]
      },
      "opaqueness": {
        "avg": 0.85,
        "var": 0.1
      },
      "thinCloudMode": {
        "avg": 0
      },
      "brightness": {
        "avg": 0.4
      },
      "heightMul": {
        "avg": 1.8
      }
    },
    "fog": {
      "density": {
        "avg": 3,
        "var": 1,
        "dist": "strongerinvexp"
      }
    },
    "precipitation": {
      "type": "rain",
      "baseIntensity": {
        "avg": 0.6
      }
    }
  }
]