[
  {
    "code": "nimbostratusdark",
    "name": "Nimbostratus clouds",
    "description": "Thick, dark, and uniform clouds covering the entire sky",
    "weight": 0.9,
    "durationHours": {
      "avg": 12,
      "var": 48,
      "dist": "invexp"
    },
    "clouds": {
      "baseThickness": {
        "avg": 1.5,
        "var": 0.5
      },
      "locationalThickness": {
        "amplitudes": [
          3
        ],
        "frequencies": [
          2
        ]
      },
      "opaqueness": {
        "avg": 0.9,
        "var": 0.1
      },
      "thinCloudMode": {
        "avg": 0
      },
      "brightness": {
        "avg": 0.5
      },
      "heightMul": {
        "avg": 1
      }
    },
    "fog": {
      "density": {
        "avg": 3,
        "var": 4,
        "dist": "strongerinvexp"
      }
    },
    "precipitation": {
      "type": "rain",
      "baseIntensity": {
        "avg": 1
      }
    }
  }
]