[
  {
    "code": "stratocumulusundulatus",
    "name": "Stratocumulus Undulatus",
    "description": "Layered clouds with a wavy pattern, seen in calm weather",
    "weight": 1.5,
    "durationHours": { "avg": 10, "var": 8, "dist": "invexp" },
    "clouds": {
      "baseThickness": { "avg": 1.2, "var": 0.3 },
      "locationalThickness": { "amplitudes": [ 1.8 ], "frequencies": [ 1.5 ] },
      "opaqueness": { "avg": 0.8, "var": 0.1 },
      "thinCloudMode": { "avg": 0.5 },
      "brightness": { "avg": 0.8 },
      "heightMul": { "avg": 1.5 }
    },
    "fog": {
      "density": { "avg": 2, "var": 1, "dist": "invexp" }
    }
  }
]
