[
  {
    "code": "stratusfractus",
    "name": "Stratus Fractus",
    "description": "Low, fragmented clouds with irregular shapes, common in cool and damp conditions",
    "weight": 1.4,
    "durationHours": { "avg": 6, "var": 12, "dist": "invexp" },
    "clouds": {
      "baseThickness": { "avg": 1, "var": 0.3 },
      "locationalThickness": { "amplitudes": [ 1.2 ], "frequencies": [ 2 ] },
      "opaqueness": { "avg": 0.7, "var": 0.1 },
      "thinCloudMode": { "avg": 0.5 },
      "brightness": { "avg": 0.6 },
      "heightMul": { "avg": 1.1 }
    },
    "fog": {
      "density": { "avg": 2, "var": 1, "dist": "invexp" }
    }
  },
  {
    "code": "stratusnebulosus",
    "name": "Stratus Nebulosus",
    "description": "Uniform, gray, low-level clouds that give a foggy appearance",
    "weight": 1.2,
    "durationHours": { "avg": 8, "var": 24, "dist": "invexp" },
    "clouds": {
      "baseThickness": { "avg": 1, "var": 0.2 },
      "locationalThickness": { "amplitudes": [ 1.5 ], "frequencies": [ 2 ] },
      "opaqueness": { "avg": 0.8, "var": 0.1 },
      "thinCloudMode": { "avg": 0.3 },
      "brightness": { "avg": 0.5 },
      "heightMul": { "avg": 1.2 }
    },
    "fog": {
      "density": { "avg": 3, "var": 1, "dist": "strongerinvexp" }
    }
  },
  {
    "code": "stratusopacus",
    "name": "Stratus Opacus",
    "description": "Dense, uniform low-level clouds that create dark overcast conditions",
    "weight": 1.1,
    "durationHours": { "avg": 8, "var": 6, "dist": "invexp" },
    "clouds": {
      "baseThickness": { "avg": 1.8, "var": 0.5 },
      "locationalThickness": { "amplitudes": [ 2 ], "frequencies": [ 1.5 ] },
      "opaqueness": { "avg": 1, "var": 0.1 },
      "thinCloudMode": { "avg": 0 },
      "brightness": { "avg": 0.3 },
      "heightMul": { "avg": 1 }
    },
    "fog": {
      "density": { "avg": 4, "var": 1, "dist": "stronginvexp" }
    }
  },
  {
    "code": "darkstratus",
    "name": "Dark Stratus clouds",
    "description": "Low, dark clouds covering the sky, often leading to drizzle or light rain",
    "weight": 2,
    "durationHours": {
      "avg": 6,
      "var": 12,
      "dist": "invexp"
    },
    "clouds": {
      "baseThickness": {
        "avg": 2,
        "var": 0.5
      },
      "locationalThickness": {
        "amplitudes": [
          3
        ],
        "frequencies": [
          2
        ]
      },
      "opaqueness": {
        "avg": 0.8,
        "var": 0.1
      },
      "thinCloudMode": {
        "avg": 0.5
      },
      "brightness": {
        "avg": 0.5
      },
      "heightMul": {
        "avg": 1.2
      }
    },
    "fog": {
      "density": {
        "avg": 2.5,
        "var": 1,
        "dist": "strongerinvexp"
      }
    },
    "precipitation": {
      "type": "drizzle",
      "baseIntensity": {
        "avg": 0.4
      }
    }
  },
  {
  "code": "stratusopacus",
  "name": "Stratus Opacus",
  "description": "Thick, uniform low-level cloud layer blocking most sunlight.",
  "weight": 1.1,
  "durationHours": { "avg": 10, "var": 12, "dist": "invexp" },
  "clouds": {
    "baseThickness": { "avg": 1.8, "var": 0.4 },
    "locationalThickness": { "amplitudes": [ 1.4 ], "frequencies": [ 1.2 ] },
    "opaqueness": { "avg": 0.92, "var": 0.05 },
    "thinCloudMode": { "avg": 0.1 },
    "brightness": { "avg": 0.4 },
    "heightMul": { "avg": 1.0 }
  },
  "fog": {
    "density": { "avg": 3.5, "var": 1.2, "dist": "invexp" }
  }
},
{
  "code": "stratustranslucens",
  "name": "Stratus Translucens",
  "description": "Thin uniform stratus layer allowing diffused light through.",
  "weight": 1.3,
  "durationHours": { "avg": 9, "var": 10, "dist": "invexp" },
  "clouds": {
    "baseThickness": { "avg": 0.9, "var": 0.2 },
    "locationalThickness": { "amplitudes": [ 1.2 ], "frequencies": [ 1.3 ] },
    "opaqueness": { "avg": 0.55, "var": 0.1 },
    "thinCloudMode": { "avg": 0.8 },
    "brightness": { "avg": 1.0 },
    "heightMul": { "avg": 1.1 }
  },
  "fog": {
    "density": { "avg": 2.2, "var": 0.9, "dist": "invexp" }
  }
}
]
