[
  {
    "code": "stratocumulusperlucidus",
    "name": "Stratocumulus Perlucidus",
    "description": "Layered, low-level clouds with visible gaps allowing sunlight to shine through",
    "weight": 1.6,
    "durationHours": { "avg": 6, "var": 8, "dist": "invexp" },
    "clouds": {
      "baseThickness": { "avg": 1.3, "var": 0.3 },
      "locationalThickness": { "amplitudes": [ 2 ], "frequencies": [ 1.8 ] },
      "opaqueness": { "avg": 0.7, "var": 0.1 },
      "thinCloudMode": { "avg": 0.6 },
      "brightness": { "avg": 0.8 },
      "heightMul": { "avg": 1.2 }
    },
    "fog": {
      "density": { "avg": 2.5, "var": 0.8, "dist": "invexp" }
    }
  }
]
