[
  {
    "code": "stratocumuluscastellanus",
    "name": "Stratocumulus Castellanus",
    "description": "Layered clouds with turret-like formations, indicating changing weather",
    "weight": 1.2,
    "durationHours": { "avg": 7, "var": 10, "dist": "invexp" },
    "clouds": {
      "baseThickness": { "avg": 1.5, "var": 0.3 },
      "locationalThickness": { "amplitudes": [ 2 ], "frequencies": [ 2 ] },
      "opaqueness": { "avg": 0.8, "var": 0.2 },
      "thinCloudMode": { "avg": 0.3 },
      "brightness": { "avg": 0.7 },
      "heightMul": { "avg": 2 }
    },
    "fog": {
      "density": { "avg": 2.5, "var": 1, "dist": "invexp" }
    }
  }
]
