[
  {
    "code": "stratocumulus",
    "name": "Stratocumulus clouds",
    "description": "Low-level, patchy gray and white clouds with a wavy pattern",
    "weight": 1.8,
    "durationHours": {
      "avg": 8,
      "var": 24,
      "dist": "invexp"
    },
    "clouds": {
      "baseThickness": {
        "avg": 1,
        "var": 0.3
      },
      "locationalThickness": {
        "amplitudes": [
          2.5
        ],
        "frequencies": [
          3
        ]
      },
      "opaqueness": {
        "avg": 0.8,
        "var": 0.3
      },
      "thinCloudMode": {
        "avg": 0
      },
      "brightness": {
        "avg": 0.7
      },
      "heightMul": {
        "avg": 1.2
      }
    },
    "fog": {
      "density": {
        "avg": 2,
        "var": 2,
        "dist": "strongerinvexp"
      }
    }
  },
  {
    "code": "stratocumuluscastellanus",
    "name": "Stratocumulus Castellanus",
    "description": "Layered clouds with turret-like formations, indicating changing weather",
    "weight": 1.2,
    "durationHours": { "avg": 7, "var": 10, "dist": "invexp" },
    "clouds": {
      "baseThickness": { "avg": 1.5, "var": 0.3 },
      "locationalThickness": { "amplitudes": [ 2 ], "frequencies": [ 2 ] },
      "opaqueness": { "avg": 0.8, "var": 0.2 },
      "thinCloudMode": { "avg": 0.3 },
      "brightness": { "avg": 0.7 },
      "heightMul": { "avg": 2 }
    },
    "fog": {
      "density": { "avg": 2.5, "var": 1, "dist": "invexp" }
    }
  },
  {
    "code": "stratocumulusperlucidus",
    "name": "Stratocumulus Perlucidus",
    "description": "Layered, low-level clouds with visible gaps allowing sunlight to shine through",
    "weight": 1.6,
    "durationHours": { "avg": 6, "var": 8, "dist": "invexp" },
    "clouds": {
      "baseThickness": { "avg": 1.3, "var": 0.3 },
      "locationalThickness": { "amplitudes": [ 2 ], "frequencies": [ 1.8 ] },
      "opaqueness": { "avg": 0.7, "var": 0.1 },
      "thinCloudMode": { "avg": 0.6 },
      "brightness": { "avg": 0.8 },
      "heightMul": { "avg": 1.2 }
    },
    "fog": {
      "density": { "avg": 2.5, "var": 0.8, "dist": "invexp" }
    }
  },
  {
    "code": "stratocumulusundulatus",
    "name": "Stratocumulus Undulatus",
    "description": "Layered clouds with a wavy pattern, seen in calm weather",
    "weight": 1.5,
    "durationHours": { "avg": 10, "var": 8, "dist": "invexp" },
    "clouds": {
      "baseThickness": { "avg": 1.2, "var": 0.3 },
      "locationalThickness": { "amplitudes": [ 1.8 ], "frequencies": [ 1.5 ] },
      "opaqueness": { "avg": 0.8, "var": 0.1 },
      "thinCloudMode": { "avg": 0.5 },
      "brightness": { "avg": 0.8 },
      "heightMul": { "avg": 1.5 }
    },
    "fog": {
      "density": { "avg": 2, "var": 1, "dist": "invexp" }
    }
  }
]