[
  {
    "code": "sunsetglow",
    "name": "Sunset Glow clouds",
    "description": "Bright, colorful clouds during sunset",
    "weight": 0.6,
    "durationHours": {
      "avg": 2,
      "var": 3,
      "dist": "invexp"
    },
    "clouds": {
      "baseThickness": {
        "avg": 0.5,
        "var": 0.2
      },
      "locationalThickness": {
        "amplitudes": [
          2
        ],
        "frequencies": [
          4
        ]
      },
      "opaqueness": {
        "avg": 0.3,
        "var": 0.1
      },
      "thinCloudMode": {
        "avg": 1
      },
      "brightness": {
        "avg": 1.5
      },
      "heightMul": {
        "avg": 1.7
      }
    },
    "fog": {
      "density": {
        "avg": 0.5,
        "var": 1,
        "dist": "strongerinvexp"
      }
    }
  },
  {
    "code": "eveningglow",
    "name": "Evening Glow clouds",
    "description": "Low, colorful clouds glowing in the fading light of evening",
    "weight": 0.8,
    "durationHours": {
      "avg": 3,
      "var": 6,
      "dist": "invexp"
    },
    "clouds": {
      "baseThickness": {
        "avg": 0.5,
        "var": 0.2
      },
      "locationalThickness": {
        "amplitudes": [
          1.5
        ],
        "frequencies": [
          4
        ]
      },
      "opaqueness": {
        "avg": 0.4,
        "var": 0.1
      },
      "thinCloudMode": {
        "avg": 1
      },
      "brightness": {
        "avg": 1.3
      },
      "heightMul": {
        "avg": 1.8
      }
    },
    "fog": {
      "density": {
        "avg": 0.5,
        "var": 1,
        "dist": "strongerinvexp"
      }
    }
  }
]