[
  {
    "code": "toweringcumulus",
    "name": "Towering Cumulus clouds",
    "description": "Large, towering clouds with a cauliflower-like appearance",
    "weight": 1.3,
    "durationHours": {
      "avg": 4,
      "var": 12,
      "dist": "invexp"
    },
    "clouds": {
      "baseThickness": {
        "avg": 2,
        "var": 0.5
      },
      "locationalThickness": {
        "amplitudes": [
          5
        ],
        "frequencies": [
          1
        ]
      },
      "opaqueness": {
        "avg": 0.9,
        "var": 0.2
      },
      "thinCloudMode": {
        "avg": 0
      },
      "brightness": {
        "avg": 0.5
      },
      "heightMul": {
        "avg": 2
      }
    },
    "fog": {
      "density": {
        "avg": 1.5,
        "var": 2,
        "dist": "strongerinvexp"
      }
    },
    "precipitation": {
      "type": "auto",
      "baseIntensity": {
        "avg": 0.5
      }
    }
  }
]