{
	"editor": {
		"collapsedPaths": "Root/Body/Left Shoulder,Root/Body/Right Shoulder,Root/Body/rear",
		"allAngles": false,
		"entityTextureMode": true
	},
	"textureWidth": 32,
	"textureHeight": 32,
	"textureSizes": {
	},
	"textures": {
	},
	"elements": [
		{
			"name": "Body",
			"from": [ 5.0, 0.0, 5.5 ],
			"to": [ 10.2, 4.5, 10.5 ],
			"unwrapMode": 7,
			"unwrapRotation": 1,
			"autoUnwrap": false,
			"uv": [ 0.5, 5.0 ],
			"rotationOrigin": [ 5.5, 4.0, 8.0 ],
			"faces": {
				"north": { "texture": "#skin", "uv": [ 10.0, 9.5, 14.5, 14.5 ], "rotation": 90 },
				"east": { "texture": "#skin", "uv": [ 19.5, 26.5, 24.5, 31.0 ] },
				"south": { "texture": "#skin", "uv": [ 0.5, 9.5, 5.0, 14.5 ], "rotation": 270 },
				"west": { "texture": "#skin", "uv": [ 13.5, 26.5, 18.5, 31.0 ], "windMode": [-1,-1,-1,-1] },
				"up": { "texture": "#skin", "uv": [ 5.0, 9.5, 10.0, 14.5 ], "rotation": 270 },
				"down": { "texture": "#skin", "uv": [ 14.5, 9.5, 19.5, 14.5 ], "rotation": 90 }
			},
			"children": [
				{
					"name": "Tail1",
					"from": [ 5.1, 0.35, 0.25 ],
					"to": [ 7.8, 4.35, 4.75 ],
					"unwrapMode": 7,
					"unwrapRotation": 1,
					"autoUnwrap": false,
					"uv": [ 1.0, 15.0 ],
					"rotationOrigin": [ 5.1, 4.35, 2.5 ],
					"rotationZ": -2.0,
					"faces": {
						"north": { "texture": "#skin", "uv": [ 9.5, 15.0, 13.5, 17.5 ], "rotation": 90 },
						"east": { "texture": "#skin", "uv": [ 15.5, 21.5, 20.0, 25.5 ] },
						"south": { "texture": "#skin", "uv": [ 1.0, 15.0, 5.0, 17.5 ], "rotation": 270 },
						"up": { "texture": "#skin", "uv": [ 5.0, 15.0, 9.5, 17.5 ], "rotation": 270 },
						"down": { "texture": "#skin", "uv": [ 13.5, 15.0, 18.0, 17.5 ], "rotation": 90 }
					},
					"children": [
						{
							"name": "Tail2",
							"from": [ 2.6, 0.75, 0.25 ],
							"to": [ 5.3, 3.75, 4.25 ],
							"unwrapMode": 7,
							"unwrapRotation": 1,
							"autoUnwrap": false,
							"uv": [ 2.0, 18.0 ],
							"rotationOrigin": [ 2.6, 3.75, 2.25 ],
							"rotationZ": -2.0,
							"faces": {
								"north": { "texture": "#skin", "uv": [ 9.0, 18.0, 12.0, 20.5 ], "rotation": 90 },
								"east": { "texture": "#skin", "uv": [ 1.0, 28.5, 5.0, 31.5 ] },
								"south": { "texture": "#skin", "uv": [ 2.0, 18.0, 5.0, 20.5 ], "rotation": 270 },
								"up": { "texture": "#skin", "uv": [ 5.0, 18.0, 9.0, 20.5 ], "rotation": 270 },
								"down": { "texture": "#skin", "uv": [ 12.0, 18.0, 16.0, 20.5 ], "rotation": 90 }
							},
							"children": [
								{
									"name": "Tail3",
									"from": [ 2.6, 0.75, 0.5 ],
									"to": [ 5.3, 2.75, 3.5 ],
									"unwrapMode": 7,
									"unwrapRotation": 1,
									"autoUnwrap": false,
									"uv": [ 3.0, 21.0 ],
									"rotationOrigin": [ 2.6, 2.75, 2.0 ],
									"rotationZ": -2.0,
									"faces": {
										"north": { "texture": "#skin", "uv": [ 8.0, 21.0, 10.0, 23.5 ], "rotation": 90 },
										"east": { "texture": "#skin", "uv": [ 21.0, 23.5, 24.0, 25.5 ] },
										"south": { "texture": "#skin", "uv": [ 3.0, 21.0, 5.0, 23.5 ], "rotation": 270 },
										"up": { "texture": "#skin", "uv": [ 5.0, 21.0, 8.0, 23.5 ], "rotation": 270 },
										"down": { "texture": "#skin", "uv": [ 10.0, 21.0, 13.0, 23.5 ], "rotation": 90 }
									},
									"children": [
										{
											"name": "Fluke Base",
											"from": [ 2.35, 0.35, 0.5 ],
											"to": [ 4.35, 1.85, 2.5 ],
											"unwrapMode": 7,
											"unwrapRotation": 1,
											"autoUnwrap": false,
											"uv": [ 4.0, 24.0 ],
											"rotationOrigin": [ 2.6, 1.75, 1.5 ],
											"rotationZ": -2.0,
											"faces": {
												"north": { "texture": "#skin", "uv": [ 7.5, 24.0, 9.0, 26.0 ], "rotation": 90 },
												"east": { "texture": "#skin", "uv": [ 9.5, 26.5, 11.5, 28.0 ], "windMode": [-1,-1,-1,-1] },
												"south": { "texture": "#skin", "uv": [ 4.0, 24.0, 5.5, 26.0 ], "rotation": 270 },
												"up": { "texture": "#skin", "uv": [ 5.5, 24.0, 7.5, 26.0 ], "rotation": 270 },
												"down": { "texture": "#skin", "uv": [ 9.0, 24.0, 11.0, 26.0 ], "rotation": 90 }
											},
											"children": [
												{
													"name": "LFluke1",
													"from": [ 0.75, 0.65, 1.85 ],
													"to": [ 2.55, 0.95, 4.35 ],
													"unwrapMode": 7,
													"unwrapRotation": 1,
													"uv": [ 25.5, 25.5 ],
													"rotationOrigin": [ 0.75, 1.0, 1.85 ],
													"rotationY": 48.0,
													"rotationZ": -3.0,
													"faces": {
														"north": { "texture": "#skin", "uv": [ 28.5, 26.0, 29.0, 27.5 ], "rotation": 90 },
														"east": { "texture": "#skin", "uv": [ 26.0, 27.5, 28.5, 28.0 ] },
														"south": { "texture": "#skin", "uv": [ 25.5, 26.0, 26.0, 27.5 ], "rotation": 270 },
														"west": { "texture": "#skin", "uv": [ 26.0, 25.5, 28.5, 26.0 ], "rotation": 180 },
														"up": { "texture": "#skin", "uv": [ 26.0, 26.0, 28.5, 27.5 ], "rotation": 270 },
														"down": { "texture": "#skin", "uv": [ 29.0, 26.0, 31.5, 27.5 ], "rotation": 90 }
													}
												},
												{
													"name": "RFluke1",
													"from": [ 0.75, 0.65, -2.35 ],
													"to": [ 2.55, 0.95, 0.15 ],
													"unwrapMode": 7,
													"unwrapRotation": 1,
													"uv": [ 25.5, 22.5 ],
													"rotationOrigin": [ 0.75, 1.0, 0.15 ],
													"rotationY": -48.0,
													"rotationZ": -3.0,
													"faces": {
														"north": { "texture": "#skin", "uv": [ 28.5, 23.0, 29.0, 24.5 ], "rotation": 90 },
														"east": { "texture": "#skin", "uv": [ 26.0, 24.5, 28.5, 25.0 ] },
														"south": { "texture": "#skin", "uv": [ 25.5, 23.0, 26.0, 24.5 ], "rotation": 270 },
														"west": { "texture": "#skin", "uv": [ 26.0, 22.5, 28.5, 23.0 ], "rotation": 180 },
														"up": { "texture": "#skin", "uv": [ 26.0, 23.0, 28.5, 24.5 ], "rotation": 270 },
														"down": { "texture": "#skin", "uv": [ 29.0, 23.0, 31.5, 24.5 ], "rotation": 90 }
													}
												},
												{
													"name": "Tail paddle",
													"from": [ 2.6, 0.55, -1.5 ],
													"to": [ 6.1, 0.95, 3.5 ],
													"unwrapMode": 7,
													"unwrapRotation": 1,
													"uv": [ 20.5, 17.5 ],
													"rotationOrigin": [ 2.6, 0.55, 1.0 ],
													"faces": {
														"north": { "texture": "#skin", "uv": [ 26.0, 18.0, 26.5, 21.5 ], "rotation": 90 },
														"east": { "texture": "#skin", "uv": [ 21.0, 21.5, 26.0, 22.0 ] },
														"south": { "texture": "#skin", "uv": [ 20.5, 18.0, 21.0, 21.5 ], "rotation": 270 },
														"west": { "texture": "#skin", "uv": [ 21.0, 17.5, 26.0, 18.0 ], "rotation": 180 },
														"up": { "texture": "#skin", "uv": [ 21.0, 18.0, 26.0, 21.5 ], "rotation": 270 },
														"down": { "texture": "#skin", "uv": [ 26.5, 18.0, 31.5, 21.5 ], "rotation": 90 }
													}
												},
												{
													"name": "Fluke Base2",
													"from": [ 2.0, 0.75, 0.5 ],
													"to": [ 4.0, 1.25, 1.5 ],
													"unwrapMode": 7,
													"unwrapRotation": 1,
													"uv": [ 5.5, 26.5 ],
													"rotationOrigin": [ 2.0, 1.15, 1.0 ],
													"rotationZ": -7.0,
													"faces": {
														"north": { "texture": "#skin", "uv": [ 7.0, 26.5, 7.5, 28.5 ], "rotation": 90 },
														"east": { "texture": "#skin", "uv": [ 6.0, 28.5, 7.0, 29.0 ] },
														"south": { "texture": "#skin", "uv": [ 5.5, 26.5, 6.0, 28.5 ], "rotation": 270 },
														"up": { "texture": "#skin", "uv": [ 6.0, 26.5, 7.0, 28.5 ], "rotation": 270 },
														"down": { "texture": "#skin", "uv": [ 7.5, 26.5, 8.5, 28.5 ], "rotation": 90 }
													}
												}
											]
										}
									]
								}
							]
						}
					]
				},
				{
					"name": "Neck1",
					"from": [ -1.25, 0.35, 0.35 ],
					"to": [ 0.25, 4.35, 4.65 ],
					"unwrapMode": 7,
					"unwrapRotation": 1,
					"autoUnwrap": false,
					"uv": [ 1.5, 3.5 ],
					"rotationOrigin": [ 0.25, 4.35, 2.5 ],
					"rotationZ": 5.0,
					"faces": {
						"north": { "texture": "#skin", "uv": [ 9.0, 7.5, 13.0, 9.0 ], "rotation": 90 },
						"south": { "texture": "#skin", "uv": [ 1.0, 7.5, 5.0, 9.0 ], "rotation": 270 },
						"west": { "texture": "#skin", "uv": [ 16.5, 0.5, 20.5, 4.5 ], "windMode": [-1,-1,-1,-1] },
						"up": { "texture": "#skin", "uv": [ 5.0, 7.5, 9.0, 9.0 ], "rotation": 270 },
						"down": { "texture": "#skin", "uv": [ 13.0, 7.5, 17.0, 9.0 ], "rotation": 90 }
					},
					"children": [
						{
							"name": "Neck2",
							"from": [ -1.0, 0.35, 0.65 ],
							"to": [ 0.5, 3.85, 3.65 ],
							"unwrapMode": 7,
							"unwrapRotation": 1,
							"autoUnwrap": false,
							"uv": [ 2.5, 2.0 ],
							"rotationOrigin": [ 0.5, 3.85, 2.15 ],
							"rotationZ": 5.0,
							"faces": {
								"north": { "texture": "#skin", "uv": [ 8.5, 5.5, 12.0, 7.0 ], "rotation": 90 },
								"south": { "texture": "#skin", "uv": [ 2.0, 5.5, 5.5, 7.0 ], "rotation": 270 },
								"west": { "texture": "#skin", "uv": [ 13.0, 0.5, 16.0, 4.0 ], "windMode": [-1,-1,-1,-1] },
								"up": { "texture": "#skin", "uv": [ 5.5, 5.5, 8.5, 7.0 ], "rotation": 270 },
								"down": { "texture": "#skin", "uv": [ 12.0, 5.5, 15.0, 7.0 ], "rotation": 90 }
							},
							"children": [
								{
									"name": "Head",
									"from": [ -1.3, 0.9, 0.35 ],
									"to": [ 0.45, 3.4, 2.65 ],
									"unwrapMode": 7,
									"unwrapRotation": 1,
									"autoUnwrap": false,
									"uv": [ 4.0, 1.0 ],
									"rotationOrigin": [ 0.45, 3.4, 1.5 ],
									"rotationZ": 10.0,
									"faces": {
										"north": { "texture": "#skin", "uv": [ 8.0, 3.5, 10.5, 5.0 ], "rotation": 90 },
										"south": { "texture": "#skin", "uv": [ 3.5, 3.5, 6.0, 5.0 ], "rotation": 270 },
										"west": { "texture": "#skin", "uv": [ 0.5, 0.5, 2.5, 3.0 ], "windMode": [-1,-1,-1,-1] },
										"up": { "texture": "#skin", "uv": [ 6.0, 3.5, 8.0, 5.0 ], "rotation": 270 },
										"down": { "texture": "#skin", "uv": [ 10.5, 3.5, 12.5, 5.0 ], "rotation": 90 }
									},
									"children": [
										{
											"name": "Head2",
											"from": [ -1.1, 0.6, 0.15 ],
											"to": [ 0.15, 2.35, 2.05 ],
											"unwrapMode": 7,
											"unwrapRotation": 1,
											"uv": [ 4.5, 0.5 ],
											"rotationOrigin": [ 0.15, 2.35, 1.2 ],
											"rotationZ": 10.0,
											"faces": {
												"north": { "texture": "#skin", "uv": [ 7.5, 2.0, 9.0, 3.0 ], "rotation": 90 },
												"south": { "texture": "#skin", "uv": [ 4.5, 2.0, 6.0, 3.0 ], "rotation": 270 },
												"west": { "texture": "#skin", "uv": [ 6.0, 0.5, 7.5, 2.0 ], "rotation": 180, "windMode": [-1,-1,-1,-1] },
												"up": { "texture": "#skin", "uv": [ 6.0, 2.0, 7.5, 3.0 ], "rotation": 270 },
												"down": { "texture": "#skin", "uv": [ 9.0, 2.0, 10.5, 3.0 ], "rotation": 90 }
											},
											"children": [
												{
													"name": "Front mouth",
													"from": [ 0.0, 0.45, -0.05 ],
													"to": [ 1.5, 1.7, 1.95 ],
													"unwrapMode": 2,
													"uv": [ 22.0, 12.0 ],
													"rotationOrigin": [ 0.0, 1.7, -0.05 ],
													"rotationZ": -50.0,
													"faces": {
														"north": { "texture": "#skin", "uv": [ 25.5, 13.5, 27.0, 14.5 ] },
														"east": { "texture": "#skin", "uv": [ 23.5, 13.5, 25.5, 14.5 ] },
														"south": { "texture": "#skin", "uv": [ 22.0, 13.5, 23.5, 14.5 ] },
														"west": { "texture": "#skin", "uv": [ 27.0, 13.5, 29.0, 14.5 ] },
														"up": { "texture": "#skin", "uv": [ 23.5, 12.0, 25.5, 13.5 ], "rotation": 270, "windMode": [-1,-1,-1,-1] },
														"down": { "texture": "#skin", "uv": [ 23.5, 14.5, 25.5, 16.0 ], "rotation": 270 }
													}
												}
											]
										},
										{
											"name": "Lower mouth",
											"from": [ -1.0, 0.15, 0.55 ],
											"to": [ 0.35, 0.8, 1.75 ],
											"unwrapMode": 7,
											"unwrapRotation": 1,
											"uv": [ 26.5, 15.0 ],
											"rotationOrigin": [ 0.35, 0.6, 0.55 ],
											"rotationZ": 12.0,
											"faces": {
												"north": { "texture": "#skin", "uv": [ 28.0, 15.5, 28.5, 16.5 ], "rotation": 90 },
												"south": { "texture": "#skin", "uv": [ 26.5, 15.5, 27.0, 16.5 ], "rotation": 270 },
												"west": { "texture": "#skin", "uv": [ 27.0, 15.0, 28.0, 15.5 ], "rotation": 180 },
												"up": { "texture": "#skin", "uv": [ 27.0, 15.5, 28.0, 16.5 ], "rotation": 270 },
												"down": { "texture": "#skin", "uv": [ 28.5, 15.5, 29.5, 16.5 ], "rotation": 90 }
											}
										}
									]
								}
							],
							"attachmentpoints": [
								{
									"code": "rope",
									"posX": "0.0","posY": "0.0","posZ": "1.5",
									"rotationX": "0.0","rotationY": "0.0","rotationZ": "0.0"
								}
							]
						},
						{
							"name": "R Shoulder",
							"from": [ 0.25, -0.5, -0.2 ],
							"to": [ 1.25, 1.0, 0.8 ],
							"unwrapMode": 1,
							"uv": [ 26.5, 0.5 ],
							"rotationOrigin": [ 0.75, 0.5, 0.55 ],
							"rotationX": 25.0,
							"faces": {
								"north": { "texture": "#skin", "uv": [ 27.5, 1.5, 28.5, 3.0 ] },
								"east": { "texture": "#skin", "uv": [ 26.5, 1.5, 27.5, 3.0 ] },
								"south": { "texture": "#skin", "uv": [ 29.5, 1.5, 30.5, 3.0 ] },
								"west": { "texture": "#skin", "uv": [ 28.5, 1.5, 29.5, 3.0 ] },
								"up": { "texture": "#skin", "uv": [ 27.5, 0.5, 28.5, 1.5 ], "rotation": 180 },
								"down": { "texture": "#skin", "uv": [ 27.5, 3.0, 28.5, 4.0 ] }
							},
							"children": [
								{
									"name": "R flipper",
									"from": [ 0.0, -2.75, -0.05 ],
									"to": [ 2.1, 0.25, 0.55 ],
									"unwrapMode": 1,
									"uv": [ 26.5, 4.5 ],
									"rotationOrigin": [ 0.0, 0.25, 0.05 ],
									"rotationZ": 15.0,
									"faces": {
										"north": { "texture": "#skin", "uv": [ 27.0, 5.0, 29.0, 8.0 ] },
										"east": { "texture": "#skin", "uv": [ 26.5, 5.0, 27.0, 8.0 ] },
										"south": { "texture": "#skin", "uv": [ 29.5, 5.0, 31.5, 8.0 ] },
										"west": { "texture": "#skin", "uv": [ 29.0, 5.0, 29.5, 8.0 ] },
										"up": { "texture": "#skin", "uv": [ 27.0, 4.5, 29.0, 5.0 ], "rotation": 180 },
										"down": { "texture": "#skin", "uv": [ 27.0, 8.0, 29.0, 8.5 ] }
									},
									"children": [
										{
											"name": "R flipper rotation",
											"from": [ 1.0, 0.25, 0.0 ],
											"to": [ 1.0, 0.25, 0.0 ],
											"uv": [ 8.0, 8.0 ],
											"rotationOrigin": [ 1.0, 0.25, 0.0 ],
											"faces": {
											},
											"children": [
												{
													"name": "R flipper point",
													"from": [ -1.0, -0.25, 0.05 ],
													"to": [ 0.5, 1.25, 0.55 ],
													"unwrapMode": 1,
													"uv": [ 26.5, 9.0 ],
													"rotationOrigin": [ -1.0, -0.25, 0.05 ],
													"rotationZ": -45.0,
													"faces": {
														"north": { "texture": "#skin", "uv": [ 27.0, 9.5, 28.5, 11.0 ] },
														"east": { "texture": "#skin", "uv": [ 26.5, 9.5, 27.0, 11.0 ] },
														"south": { "texture": "#skin", "uv": [ 29.0, 9.5, 30.5, 11.0 ] },
														"west": { "texture": "#skin", "uv": [ 28.5, 9.5, 29.0, 11.0 ] },
														"up": { "texture": "#skin", "uv": [ 27.0, 9.0, 28.5, 9.5 ], "rotation": 180 },
														"down": { "texture": "#skin", "uv": [ 27.0, 11.0, 28.5, 11.5 ] }
													}
												}
											]
										}
									]
								}
							]
						},
						{
							"name": "L Shoulder",
							"from": [ 0.25, -0.5, 3.55 ],
							"to": [ 1.25, 1.0, 4.55 ],
							"unwrapMode": 3,
							"uv": [ 21.0, 0.5 ],
							"rotationOrigin": [ 0.75, 0.5, 3.8 ],
							"rotationX": -25.0,
							"faces": {
								"north": { "texture": "#skin", "uv": [ 24.0, 1.5, 25.0, 3.0 ] },
								"east": { "texture": "#skin", "uv": [ 23.0, 1.5, 24.0, 3.0 ] },
								"south": { "texture": "#skin", "uv": [ 22.0, 1.5, 23.0, 3.0 ] },
								"west": { "texture": "#skin", "uv": [ 21.0, 1.5, 22.0, 3.0 ] },
								"up": { "texture": "#skin", "uv": [ 22.0, 0.5, 23.0, 1.5 ] },
								"down": { "texture": "#skin", "uv": [ 22.0, 3.0, 23.0, 4.0 ], "rotation": 180 }
							},
							"children": [
								{
									"name": "L flipper",
									"from": [ 0.0, -2.75, 0.45 ],
									"to": [ 2.1, 0.25, 1.05 ],
									"unwrapMode": 3,
									"uv": [ 21.0, 4.5 ],
									"rotationOrigin": [ 0.0, 0.25, 1.0 ],
									"rotationZ": 15.0,
									"faces": {
										"north": { "texture": "#skin", "uv": [ 24.0, 5.0, 26.0, 8.0 ] },
										"east": { "texture": "#skin", "uv": [ 23.5, 5.0, 24.0, 8.0 ] },
										"south": { "texture": "#skin", "uv": [ 21.5, 5.0, 23.5, 8.0 ] },
										"west": { "texture": "#skin", "uv": [ 21.0, 5.0, 21.5, 8.0 ] },
										"up": { "texture": "#skin", "uv": [ 21.5, 4.5, 23.5, 5.0 ] },
										"down": { "texture": "#skin", "uv": [ 21.5, 8.0, 23.5, 8.5 ], "rotation": 180 }
									},
									"children": [
										{
											"name": "L flipper rotation",
											"from": [ 1.0, 0.25, 0.0 ],
											"to": [ 1.0, 0.25, 0.0 ],
											"uv": [ 6.0, 8.0 ],
											"rotationOrigin": [ 1.0, 0.25, 0.5 ],
											"faces": {
											},
											"children": [
												{
													"name": "L flipper point",
													"from": [ -1.0, -0.25, 0.05 ],
													"to": [ 0.5, 1.25, 0.55 ],
													"unwrapMode": 3,
													"uv": [ 21.0, 9.0 ],
													"rotationOrigin": [ -1.0, -0.25, 0.55 ],
													"rotationZ": -45.0,
													"faces": {
														"north": { "texture": "#skin", "uv": [ 23.5, 9.5, 25.0, 11.0 ] },
														"east": { "texture": "#skin", "uv": [ 23.0, 9.5, 23.5, 11.0 ] },
														"south": { "texture": "#skin", "uv": [ 21.5, 9.5, 23.0, 11.0 ] },
														"west": { "texture": "#skin", "uv": [ 21.0, 9.5, 21.5, 11.0 ] },
														"up": { "texture": "#skin", "uv": [ 21.5, 9.0, 23.0, 9.5 ] },
														"down": { "texture": "#skin", "uv": [ 21.5, 11.0, 23.0, 11.5 ], "rotation": 180 }
													}
												}
											]
										}
									]
								}
							]
						}
					]
				}
			],
			"attachmentpoints": [
				{
					"code": "Center",
					"posX": "5.0","posY": "3.0","posZ": "2.5",
					"rotationX": "0.0","rotationY": "0.0","rotationZ": "0.0"
				}
			]
		}
	],
	"animations": [
		{
			"name": "Swim",
			"code": "swim",
			"quantityframes": 30,
			"onActivityStopped": "EaseOut",
			"onAnimationEnd": "Repeat",
			"keyframes": [
				{
					"frame": 0,
					"elements": {
						"Body": { "rotationX": 0.0, "rotationY": 0.0, "rotationZ": 1.0 },
						"R Shoulder": { "rotationX": 5.0, "rotationY": 0.0, "rotationZ": 0.0 },
						"L Shoulder": { "rotationX": -5.0, "rotationY": 0.0, "rotationZ": 0.0 }
					}
				},
				{
					"frame": 1,
					"elements": {
						"Tail1": { "rotationX": 0.0, "rotationY": 0.0, "rotationZ": 2.0 },
						"Neck1": { "rotationX": 0.0, "rotationY": 0.0, "rotationZ": 4.0 }
					}
				},
				{
					"frame": 2,
					"elements": {
						"Tail2": { "rotationX": 0.0, "rotationY": 0.0, "rotationZ": 4.0 },
						"Neck2": { "rotationX": 0.0, "rotationY": 0.0, "rotationZ": 2.0 }
					}
				},
				{
					"frame": 3,
					"elements": {
						"Tail3": { "rotationX": 0.0, "rotationY": 0.0, "rotationZ": 4.0 },
						"Head": { "rotationX": 0.0, "rotationY": 0.0, "rotationZ": 1.0 }
					}
				},
				{
					"frame": 4,
					"elements": {
						"Fluke Base": { "rotationX": 0.0, "rotationY": 0.0, "rotationZ": 8.0 }
					}
				},
				{
					"frame": 5,
					"elements": {
						"LFluke1": { "rotationX": 0.0, "rotationY": 0.0, "rotationZ": 8.0 },
						"RFluke1": { "rotationX": 0.0, "rotationY": 0.0, "rotationZ": 8.0 }
					}
				},
				{
					"frame": 15,
					"elements": {
						"Body": { "rotationX": 0.0, "rotationY": 0.0, "rotationZ": -1.0 },
						"R Shoulder": { "rotationX": -5.0, "rotationY": 0.0, "rotationZ": 0.0 },
						"L Shoulder": { "rotationX": 5.0, "rotationY": 0.0, "rotationZ": 0.0 }
					}
				},
				{
					"frame": 17,
					"elements": {
						"Tail1": { "rotationX": 0.0, "rotationY": 0.0, "rotationZ": -2.0 },
						"Neck1": { "rotationX": 0.0, "rotationY": 0.0, "rotationZ": -4.0 }
					}
				},
				{
					"frame": 19,
					"elements": {
						"Tail2": { "rotationX": 0.0, "rotationY": 0.0, "rotationZ": -4.0 },
						"Neck2": { "rotationX": 0.0, "rotationY": 0.0, "rotationZ": -2.0 }
					}
				},
				{
					"frame": 21,
					"elements": {
						"Tail3": { "rotationX": 0.0, "rotationY": 0.0, "rotationZ": -4.0 },
						"Head": { "rotationX": 0.0, "rotationY": 0.0, "rotationZ": -1.0 }
					}
				},
				{
					"frame": 23,
					"elements": {
						"Fluke Base": { "rotationX": 0.0, "rotationY": 0.0, "rotationZ": -8.0 }
					}
				},
				{
					"frame": 25,
					"elements": {
						"LFluke1": { "rotationX": 0.0, "rotationY": 0.0, "rotationZ": -8.0 },
						"RFluke1": { "rotationX": 0.0, "rotationY": 0.0, "rotationZ": -8.0 }
					}
				}
			]
		},

		{
			"name": "Swimfast",
			"code": "swimfast",
			"quantityframes": 30,
			"onActivityStopped": "EaseOut",
			"onAnimationEnd": "Repeat",
			"keyframes": [
				{
					"frame": 0,
					"elements": {
						"Body": { "rotationX": 0.0, "rotationY": 0.0, "rotationZ": 2.0 },
						"R Shoulder": { "rotationX": 7.0, "rotationY": 0.0, "rotationZ": 0.0 },
						"L Shoulder": { "rotationX": -7.0, "rotationY": 0.0, "rotationZ": 0.0 }
					}
				},
				{
					"frame": 1,
					"elements": {
						"Tail1": { "rotationX": 0.0, "rotationY": 0.0, "rotationZ": 3.0 },
						"Neck1": { "rotationX": 0.0, "rotationY": 0.0, "rotationZ": 6.0 }
					}
				},
				{
					"frame": 2,
					"elements": {
						"Tail2": { "rotationX": 0.0, "rotationY": 0.0, "rotationZ": 6.0 },
						"Neck2": { "rotationX": 0.0, "rotationY": 0.0, "rotationZ": 3.0 }
					}
				},
				{
					"frame": 3,
					"elements": {
						"Tail3": { "rotationX": 0.0, "rotationY": 0.0, "rotationZ": 6.0 },
						"Head": { "rotationX": 0.0, "rotationY": 0.0, "rotationZ": 2.0 }
					}
				},
				{
					"frame": 4,
					"elements": {
						"Fluke Base": { "rotationX": 0.0, "rotationY": 0.0, "rotationZ": 12.0 }
					}
				},
				{
					"frame": 5,
					"elements": {
						"LFluke1": { "rotationX": 0.0, "rotationY": 0.0, "rotationZ": 12.0 },
						"RFluke1": { "rotationX": 0.0, "rotationY": 0.0, "rotationZ": 12.0 }
					}
				},
				{
					"frame": 15,
					"elements": {
						"Body": { "rotationX": 0.0, "rotationY": 0.0, "rotationZ": -2.0 },
						"R Shoulder": { "rotationX": -7.0, "rotationY": 0.0, "rotationZ": 0.0 },
						"L Shoulder": { "rotationX": 7.0, "rotationY": 0.0, "rotationZ": 0.0 }
					}
				},
				{
					"frame": 17,
					"elements": {
						"Tail1": { "rotationX": 0.0, "rotationY": 0.0, "rotationZ": -3.0 },
						"Neck1": { "rotationX": 0.0, "rotationY": 0.0, "rotationZ": -6.0 }
					}
				},
				{
					"frame": 19,
					"elements": {
						"Tail2": { "rotationX": 0.0, "rotationY": 0.0, "rotationZ": -6.0 },
						"Neck2": { "rotationX": 0.0, "rotationY": 0.0, "rotationZ": -3.0 }
					}
				},
				{
					"frame": 21,
					"elements": {
						"Tail3": { "rotationX": 0.0, "rotationY": 0.0, "rotationZ": -6.0 },
						"Head": { "rotationX": 0.0, "rotationY": 0.0, "rotationZ": -2.0 }
					}
				},
				{
					"frame": 23,
					"elements": {
						"Fluke Base": { "rotationX": 0.0, "rotationY": 0.0, "rotationZ": -12.0 }
					}
				},
				{
					"frame": 25,
					"elements": {
						"LFluke1": { "rotationX": 0.0, "rotationY": 0.0, "rotationZ": -12.0 },
						"RFluke1": { "rotationX": 0.0, "rotationY": 0.0, "rotationZ": -12.0 }
					}
				}
			]
		},

		{
			"name": "Idle",
			"code": "idle",
			"quantityframes": 30,
			"onActivityStopped": "EaseOut",
			"onAnimationEnd": "Repeat",
			"keyframes": [
				{
					"frame": 0,
					"elements": {
						"Tail1": { "rotationX": 0.0, "rotationY": 0.0, "rotationZ": -4.0 },
						"Neck1": { "rotationX": 0.0, "rotationY": 0.0, "rotationZ": 2.0 },
						"R Shoulder": { "rotationX": -25.0, "rotationY": 0.0, "rotationZ": 0.0 },
						"R flipper": { "rotationX": -15.0, "rotationY": 0.0, "rotationZ": 0.0 },
						"R flipper rotation": { "rotationX": -5.0, "rotationY": 0.0, "rotationZ": 0.0 },
						"L Shoulder": { "rotationX": 25.0, "rotationY": 0.0, "rotationZ": 0.0 },
						"L flipper": { "rotationX": 15.0, "rotationY": 0.0, "rotationZ": 0.0 },
						"L flipper rotation": { "rotationX": 5.0, "rotationY": 0.0, "rotationZ": 0.0 }
					}
				},
				{
					"frame": 1,
					"elements": {
						"Tail2": { "rotationX": 0.0, "rotationY": 0.0, "rotationZ": -4.0 },
						"Neck2": { "rotationX": 0.0, "rotationY": 0.0, "rotationZ": 2.0 }
					}
				},
				{
					"frame": 2,
					"elements": {
						"Tail3": { "rotationX": 0.0, "rotationY": 0.0, "rotationZ": -4.0 },
						"Head": { "rotationX": 0.0, "rotationY": 0.0, "rotationZ": 2.0 }
					}
				},
				{
					"frame": 3,
					"elements": {
						"Fluke Base": { "rotationX": 0.0, "rotationY": 0.0, "rotationZ": -4.0 }
					}
				},
				{
					"frame": 4,
					"elements": {
						"LFluke1": { "rotationX": 0.0, "rotationY": 0.0, "rotationZ": -4.0 },
						"RFluke1": { "rotationX": 0.0, "rotationY": 0.0, "rotationZ": -4.0 }
					}
				},
				{
					"frame": 10,
					"elements": {
						"Tail1": { "rotationX": 0.0, "rotationY": 0.0, "rotationZ": -2.0 },
						"Neck1": { "rotationX": 0.0, "rotationY": 0.0, "rotationZ": 1.0 },
						"R Shoulder": { "rotationX": -15.0, "rotationY": 0.0, "rotationZ": 0.0 },
						"R flipper": { "rotationX": -10.0, "rotationY": 0.0, "rotationZ": 0.0 },
						"R flipper rotation": { "rotationX": -3.0, "rotationY": 0.0, "rotationZ": 0.0 },
						"L Shoulder": { "rotationX": 0.0, "rotationY": 0.0, "rotationZ": 0.0 },
						"L flipper": { "rotationX": 0.0, "rotationY": 0.0, "rotationZ": 0.0 },
						"L flipper rotation": { "rotationX": 0.0, "rotationY": 0.0, "rotationZ": 0.0 }
					}
				},
				{
					"frame": 12,
					"elements": {
						"Tail2": { "rotationX": 0.0, "rotationY": 0.0, "rotationZ": -2.0 },
						"Neck2": { "rotationX": 0.0, "rotationY": 0.0, "rotationZ": 1.0 }
					}
				},
				{
					"frame": 14,
					"elements": {
						"Tail3": { "rotationX": 0.0, "rotationY": 0.0, "rotationZ": -2.0 },
						"Head": { "rotationX": 0.0, "rotationY": 0.0, "rotationZ": 1.0 }
					}
				},
				{
					"frame": 16,
					"elements": {
						"Fluke Base": { "rotationX": 0.0, "rotationY": 0.0, "rotationZ": -2.0 }
					}
				},
				{
					"frame": 18,
					"elements": {
						"LFluke1": { "rotationX": 0.0, "rotationY": 0.0, "rotationZ": -2.0 },
						"RFluke1": { "rotationX": 0.0, "rotationY": 0.0, "rotationZ": -2.0 }
					}
				}
			]
		},

		{
			"name": "Dead-Floating",
			"code": "death",
			"quantityframes": 30,
			"onActivityStopped": "PlayTillEnd",
			"onAnimationEnd": "Hold",
			"keyframes": [
				{
					"frame": 0,
					"elements": {
						"Body": { "offsetX": 0.0, "offsetY": 0.0, "offsetZ": 0.0, "rotationX": 0.0, "rotationY": 0.0, "rotationZ": 0.0 },
						"Tail1": { "rotationX": 0.0, "rotationY": 0.0, "rotationZ": 0.0 },
						"Tail2": { "rotationX": 0.0, "rotationY": 0.0, "rotationZ": 0.0 },
						"Tail3": { "rotationX": 0.0, "rotationY": 0.0, "rotationZ": 0.0 },
						"Fluke Base": { "rotationX": 0.0, "rotationY": 0.0, "rotationZ": 0.0 },
						"Neck1": { "rotationX": 0.0, "rotationY": 0.0, "rotationZ": 0.0 },
						"Neck2": { "rotationX": 0.0, "rotationY": 0.0, "rotationZ": 0.0 },
						"Head": { "rotationX": 0.0, "rotationY": 0.0, "rotationZ": 0.0 },
						"Lower mouth": { "rotationX": 0.0, "rotationY": 0.0, "rotationZ": 0.0 },
						"R Shoulder": { "rotationX": 0.0, "rotationY": 0.0, "rotationZ": 0.0 },
						"R flipper": { "rotationX": 0.0, "rotationY": 0.0, "rotationZ": 0.0 },
						"R flipper rotation": { "rotationX": 0.0, "rotationY": 0.0, "rotationZ": 0.0 },
						"L Shoulder": { "rotationX": 0.0, "rotationY": 0.0, "rotationZ": 0.0 },
						"L flipper": { "rotationX": 0.0, "rotationY": 0.0, "rotationZ": 0.0 },
						"L flipper rotation": { "rotationX": 0.0, "rotationY": 0.0, "rotationZ": 0.0 }
					}
				},
				{
					"frame": 12,
					"elements": {
						"Body": { "offsetX": 0.0, "offsetY": 0.5, "offsetZ": 0.0, "rotationX": 5.0, "rotationY": 0.0, "rotationZ": 0.0 },
						"Tail1": { "rotationX": 0.0, "rotationY": -5.0, "rotationZ": -5.0 },
						"Tail2": { "rotationX": 0.0, "rotationY": -4.0, "rotationZ": -4.0 },
						"Tail3": { "rotationX": 0.0, "rotationY": -4.0, "rotationZ": -4.0 },
						"Fluke Base": { "rotationX": 0.0, "rotationY": -4.0, "rotationZ": -4.0 },
						"Neck1": { "rotationX": 0.0, "rotationY": 4.0, "rotationZ": 4.0 },
						"Neck2": { "rotationX": 0.0, "rotationY": 4.0, "rotationZ": 0.0 },
						"Head": { "rotationX": 0.0, "rotationY": 4.0, "rotationZ": 0.0 }
					}
				},
				{
					"frame": 28,
					"elements": {
						"Body": { "offsetX": 0.0, "offsetY": 2.0, "offsetZ": 0.0, "rotationX": -87.0, "rotationY": 0.0, "rotationZ": 0.0 },
						"Tail1": { "rotationX": 0.0, "rotationY": 5.0, "rotationZ": 0.0 },
						"Tail2": { "rotationX": 2.0, "rotationY": 8.0, "rotationZ": 0.0 },
						"Tail3": { "rotationX": 0.0, "rotationY": 12.0, "rotationZ": 0.0 },
						"Fluke Base": { "rotationX": 15.0, "rotationY": 5.0, "rotationZ": 0.0 },
						"Neck1": { "rotationX": 0.0, "rotationY": -5.0, "rotationZ": 0.0 },
						"Neck2": { "rotationX": 0.0, "rotationY": -5.0, "rotationZ": 0.0 },
						"Head": { "rotationX": 0.0, "rotationY": -3.0, "rotationZ": 0.0 },
						"Lower mouth": { "rotationX": 0.0, "rotationY": 0.0, "rotationZ": 20.0 },
						"R Shoulder": { "rotationX": 45.0, "rotationY": 0.0, "rotationZ": 0.0 },
						"R flipper": { "rotationX": 15.0, "rotationY": 0.0, "rotationZ": 0.0 },
						"R flipper rotation": { "rotationX": 5.0, "rotationY": 0.0, "rotationZ": 0.0 },
						"L Shoulder": { "rotationX": 15.0, "rotationY": 0.0, "rotationZ": 0.0 },
						"L flipper": { "rotationX": 15.0, "rotationY": 0.0, "rotationZ": 0.0 },
						"L flipper rotation": { "rotationX": 15.0, "rotationY": 0.0, "rotationZ": 0.0 }
					}
				}
			]
		},

		{
			"name": "Dead-Land",
			"code": "dead",
			"quantityframes": 10,
			"onActivityStopped": "PlayTillEnd",
			"onAnimationEnd": "Hold",
			"keyframes": [
				{
					"frame": 0,
					"elements": {
						"Body": { "offsetX": 0.0, "offsetY": 0.0, "offsetZ": 0.0, "rotationX": 0.0, "rotationY": 0.0, "rotationZ": 0.0 },
						"Tail1": { "rotationX": 0.0, "rotationY": 0.0, "rotationZ": -5.0 },
						"Tail2": { "rotationX": 0.0, "rotationY": 0.0, "rotationZ": -3.0 },
						"Tail3": { "rotationX": 0.0, "rotationY": 0.0, "rotationZ": -4.0 },
						"Fluke Base": { "rotationX": 0.0, "rotationY": 0.0, "rotationZ": 5.0 },
						"Head": { "rotationX": 0.0, "rotationY": 0.0, "rotationZ": -5.0 },
						"R Shoulder": { "rotationX": 45.0, "rotationY": 0.0, "rotationZ": 0.0 },
						"L Shoulder": { "rotationX": -45.0, "rotationY": 0.0, "rotationZ": 0.0 },
						"L flipper": { "rotationX": -5.0, "rotationY": 0.0, "rotationZ": 0.0 },
						"R flipper": { "rotationX": 5.0, "rotationY": 0.0, "rotationZ": 0.0 }
					}
				},
				{
					"frame": 8,
					"elements": {
						"Head": { "rotationX": 0.0, "rotationY": 0.0, "rotationZ": -2.0 }
					}
				}
			]
		},

		{
			"name": "Idle-Land",
			"code": "idle-land",
			"quantityframes": 20,
			"onActivityStopped": "EaseOut",
			"onAnimationEnd": "Repeat",
			"keyframes": [
				{
					"frame": 0,
					"elements": {
						"Body": { "offsetX": 0.0, "offsetY": 0.0, "offsetZ": 0.0, "rotationX": 0.0, "rotationY": 0.0, "rotationZ": 0.0 },
						"Tail1": { "rotationX": 0.0, "rotationY": 0.0, "rotationZ": -5.0 },
						"Tail2": { "rotationX": 0.0, "rotationY": 0.0, "rotationZ": -3.0 },
						"Tail3": { "rotationX": 0.0, "rotationY": 0.0, "rotationZ": -4.0 },
						"Fluke Base": { "rotationX": 0.0, "rotationY": 0.0, "rotationZ": 5.0 },
						"Head": { "rotationX": 0.0, "rotationY": 0.0, "rotationZ": -5.0 },
						"R Shoulder": { "rotationX": 45.0, "rotationY": 0.0, "rotationZ": 0.0 },
						"L Shoulder": { "rotationX": -45.0, "rotationY": 0.0, "rotationZ": 0.0 },
						"L flipper": { "rotationX": -5.0, "rotationY": 0.0, "rotationZ": 0.0 },
						"R flipper": { "rotationX": 5.0, "rotationY": 0.0, "rotationZ": 0.0 }
					}
				},
				{
					"frame": 10,
					"elements": {
						"Head": { "rotationX": 0.0, "rotationY": 0.0, "rotationZ": -2.0 },
						"R Shoulder": { "rotationX": 48.0, "rotationY": 0.0, "rotationZ": 0.0 },
						"R flipper": { "rotationX": 15.0, "rotationY": 0.0, "rotationZ": 0.0 },
						"L Shoulder": { "rotationX": -48.0, "rotationY": 0.0, "rotationZ": 0.0 },
						"L flipper": { "rotationX": -15.0, "rotationY": 0.0, "rotationZ": 0.0 },
						"Tail3": { "rotationX": 0.0, "rotationY": 0.0, "rotationZ": 0.0 }
					}
				}
			]
		},

		{
			"name": "Flopping",
			"code": "flopping",
			"quantityframes": 30,
			"onActivityStopped": "PlayTillEnd",
			"onAnimationEnd": "Repeat",
			"keyframes": [
				{
					"frame": 0,
					"elements": {
						"Body": { "offsetX": 0.0, "offsetY": 0.0, "offsetZ": 0.0, "rotationX": 0.0, "rotationY": 0.0, "rotationZ": 0.0 },
						"Tail1": { "rotationX": 0.0, "rotationY": 0.0, "rotationZ": -5.0 },
						"Tail2": { "rotationX": 0.0, "rotationY": 0.0, "rotationZ": -3.0 },
						"Tail3": { "rotationX": 0.0, "rotationY": 0.0, "rotationZ": -4.0 },
						"Fluke Base": { "rotationX": 0.0, "rotationY": 0.0, "rotationZ": 5.0 },
						"Head": { "rotationX": 0.0, "rotationY": 0.0, "rotationZ": -5.0 },
						"R Shoulder": { "rotationX": 45.0, "rotationY": 0.0, "rotationZ": 0.0 },
						"L Shoulder": { "rotationX": -45.0, "rotationY": 0.0, "rotationZ": 0.0 },
						"L flipper": { "rotationX": -5.0, "rotationY": 0.0, "rotationZ": 0.0 },
						"R flipper": { "rotationX": 5.0, "rotationY": 0.0, "rotationZ": 0.0 },
						"Neck1": { "rotationX": 0.0, "rotationY": 0.0, "rotationZ": 0.0 }
					}
				},
				{
					"frame": 4,
					"elements": {
						"Body": { "offsetX": 0.0, "offsetY": 0.0, "offsetZ": 0.0, "rotationX": -5.0, "rotationY": 0.0, "rotationZ": 0.0 },
						"R Shoulder": { "rotationX": 50.0, "rotationY": 0.0, "rotationZ": 0.0 },
						"L Shoulder": { "rotationX": -35.0, "rotationY": 0.0, "rotationZ": 0.0 },
						"Tail1": { "rotationX": 1.0, "rotationY": 0.0, "rotationZ": -5.0 },
						"Tail2": { "rotationX": 1.0, "rotationY": 0.0, "rotationZ": -3.0 },
						"Tail3": { "rotationX": 1.0, "rotationY": 0.0, "rotationZ": -4.0 },
						"Fluke Base": { "rotationX": 2.0, "rotationY": 0.0, "rotationZ": 5.0 },
						"Neck1": { "rotationX": 1.0, "rotationY": 0.0, "rotationZ": 0.0 }
					}
				},
				{
					"frame": 8,
					"elements": {
						"Body": { "offsetX": 0.0, "offsetY": 0.0, "offsetZ": 2.0, "rotationX": 15.0, "rotationY": 0.0, "rotationZ": 0.0 },
						"R Shoulder": { "rotationX": 15.0, "rotationY": 0.0, "rotationZ": 0.0 },
						"L Shoulder": { "rotationX": -67.5, "rotationY": 0.0, "rotationZ": 0.0 },
						"Tail1": { "rotationX": -3.0, "rotationY": -1.0, "rotationZ": -5.0 },
						"Tail2": { "rotationX": -3.0, "rotationY": -1.0, "rotationZ": -3.0 },
						"Tail3": { "rotationX": -3.0, "rotationY": -1.0, "rotationZ": -4.0 },
						"Fluke Base": { "rotationX": -6.0, "rotationY": -1.0, "rotationZ": 5.0 },
						"Neck1": { "rotationX": 4.0, "rotationY": 0.0, "rotationZ": 0.0 }
					}
				},
				{
					"frame": 10,
					"elements": {
						"Body": { "offsetX": 0.0, "offsetY": 0.0, "offsetZ": 2.0, "rotationX": 14.0, "rotationY": 0.0, "rotationZ": 0.0 }
					}
				},
				{
					"frame": 18,
					"elements": {
						"Body": { "offsetX": 0.0, "offsetY": 0.5, "offsetZ": -2.0, "rotationX": -29.0, "rotationY": 0.0, "rotationZ": 0.0 },
						"R Shoulder": { "rotationX": 0.0, "rotationY": 45.0, "rotationZ": 90.0 },
						"L Shoulder": { "rotationX": 0.0, "rotationY": 0.0, "rotationZ": 0.0 },
						"Tail1": { "rotationX": 6.0, "rotationY": 2.0, "rotationZ": -5.0 },
						"Tail2": { "rotationX": 6.0, "rotationY": 2.0, "rotationZ": -3.0 },
						"Tail3": { "rotationX": 6.0, "rotationY": 2.0, "rotationZ": -4.0 },
						"Fluke Base": { "rotationX": 12.0, "rotationY": 2.0, "rotationZ": 5.0 },
						"Neck1": { "rotationX": 0.0, "rotationY": 0.0, "rotationZ": 0.0 }
					}
				},
				{
					"frame": 20,
					"elements": {
						"Body": { "rotationX": -28.0, "rotationY": 0.0, "rotationZ": 0.0 }
					}
				},

			]
		},

		{
			"name": "Eat",
			"code": "eat",
			"quantityframes": 60,
			"onActivityStopped": "EaseOut",
			"onAnimationEnd": "Repeat",
			"keyframes": [
				{
					"frame": 0,
					"elements": {
						"Tail1": { "rotationX": 0.0, "rotationY": 0.0, "rotationZ": -4.0 },
						"Neck1": { "rotationX": 0.0, "rotationY": 0.0, "rotationZ": 2.0 },
						"R Shoulder": { "rotationX": -25.0, "rotationY": 0.0, "rotationZ": 0.0 },
						"R flipper": { "rotationX": -15.0, "rotationY": 0.0, "rotationZ": 0.0 },
						"R flipper rotation": { "rotationX": -5.0, "rotationY": 0.0, "rotationZ": 0.0 },
						"L Shoulder": { "rotationX": 25.0, "rotationY": 0.0, "rotationZ": 0.0 },
						"L flipper": { "rotationX": 15.0, "rotationY": 0.0, "rotationZ": 0.0 },
						"L flipper rotation": { "rotationX": 5.0, "rotationY": 0.0, "rotationZ": 0.0 },
						"Body": { "offsetX": 0.0, "offsetY": 0.0, "offsetZ": 0.0, "rotationX": 0.0, "rotationY": 0.0, "rotationZ": 10.0 },
						"Lower mouth": { "rotationX": 0.0, "rotationY": 0.0, "rotationZ": 0.0 },
						"Front mouth": { "rotationX": 0.0, "rotationY": 0.0, "rotationZ": 0.0 }
					}
				},
				{
					"frame": 1,
					"elements": {
						"Tail2": { "rotationX": 0.0, "rotationY": 0.0, "rotationZ": -4.0 },
						"Neck2": { "rotationX": 0.0, "rotationY": 0.0, "rotationZ": 2.0 }
					}
				},
				{
					"frame": 2,
					"elements": {
						"Tail3": { "rotationX": 0.0, "rotationY": 0.0, "rotationZ": -4.0 },
						"Head": { "rotationX": 0.0, "rotationY": 0.0, "rotationZ": 2.0 }
					}
				},
				{
					"frame": 3,
					"elements": {
						"Fluke Base": { "rotationX": 0.0, "rotationY": 0.0, "rotationZ": -4.0 }
					}
				},
				{
					"frame": 4,
					"elements": {
						"LFluke1": { "rotationX": 0.0, "rotationY": 0.0, "rotationZ": -4.0 },
						"RFluke1": { "rotationX": 0.0, "rotationY": 0.0, "rotationZ": -4.0 }
					}
				},
				{
					"frame": 10,
					"elements": {
						"Tail1": { "rotationX": 0.0, "rotationY": 0.0, "rotationZ": -2.0 },
						"Neck1": { "rotationX": 0.0, "rotationY": 0.0, "rotationZ": 1.0 },
						"R Shoulder": { "rotationX": 45.0, "rotationY": 0.0, "rotationZ": 0.0 },
						"R flipper": { "rotationX": -10.0, "rotationY": 0.0, "rotationZ": 0.0 },
						"R flipper rotation": { "rotationX": -3.0, "rotationY": 0.0, "rotationZ": 0.0 },
						"L Shoulder": { "rotationX": -45.0, "rotationY": 0.0, "rotationZ": 0.0 },
						"L flipper": { "rotationX": 0.0, "rotationY": 0.0, "rotationZ": 0.0 },
						"L flipper rotation": { "rotationX": 0.0, "rotationY": 0.0, "rotationZ": 0.0 },
						"Body": { "offsetX": 0.0, "offsetY": 0.0, "offsetZ": 0.0, "rotationX": 0.0, "rotationY": 0.0, "rotationZ": 30.0 },
						"Front mouth": { "rotationX": 0.0, "rotationY": 0.0, "rotationZ": -5.0 },
						"Lower mouth": { "rotationX": 0.0, "rotationY": 0.0, "rotationZ": 25.0 }
					}
				},
				{
					"frame": 12,
					"elements": {
						"Tail2": { "rotationX": 0.0, "rotationY": 0.0, "rotationZ": -2.0 },
						"Neck2": { "rotationX": 0.0, "rotationY": 0.0, "rotationZ": 1.0 }
					}
				},
				{
					"frame": 14,
					"elements": {
						"Tail3": { "rotationX": 0.0, "rotationY": 0.0, "rotationZ": -2.0 },
						"Head": { "rotationX": 0.0, "rotationY": 0.0, "rotationZ": 1.0 }
					}
				},
				{
					"frame": 16,
					"elements": {
						"Fluke Base": { "rotationX": 0.0, "rotationY": 0.0, "rotationZ": -2.0 }
					}
				},
				{
					"frame": 18,
					"elements": {
						"LFluke1": { "rotationX": 0.0, "rotationY": 0.0, "rotationZ": -2.0 },
						"RFluke1": { "rotationX": 0.0, "rotationY": 0.0, "rotationZ": -2.0 },
						"Lower mouth": { "rotationX": 0.0, "rotationY": 0.0, "rotationZ": 0.0 }
					}
				},
				{
					"frame": 30,
					"elements": {
						"Tail1": { "rotationX": 0.0, "rotationY": 0.0, "rotationZ": -4.0 },
						"Neck1": { "rotationX": 0.0, "rotationY": 0.0, "rotationZ": 2.0 },
						"R Shoulder": { "rotationX": -25.0, "rotationY": 0.0, "rotationZ": 0.0 },
						"R flipper": { "rotationX": -15.0, "rotationY": 0.0, "rotationZ": 0.0 },
						"R flipper rotation": { "rotationX": -5.0, "rotationY": 0.0, "rotationZ": 0.0 },
						"L Shoulder": { "rotationX": 25.0, "rotationY": 0.0, "rotationZ": 0.0 },
						"L flipper": { "rotationX": 15.0, "rotationY": 0.0, "rotationZ": 0.0 },
						"L flipper rotation": { "rotationX": 5.0, "rotationY": 0.0, "rotationZ": 0.0 },
						"Body": { "offsetX": 0.0, "offsetY": 0.0, "offsetZ": 0.0, "rotationX": 0.0, "rotationY": 0.0, "rotationZ": 20.0 },
						"Lower mouth": { "rotationX": 0.0, "rotationY": 0.0, "rotationZ": 20.0 }
					}
				},
				{
					"frame": 31,
					"elements": {
						"Tail2": { "rotationX": 0.0, "rotationY": 0.0, "rotationZ": -4.0 },
						"Neck2": { "rotationX": 0.0, "rotationY": 0.0, "rotationZ": 2.0 }
					}
				},
				{
					"frame": 32,
					"elements": {
						"Tail3": { "rotationX": 0.0, "rotationY": 0.0, "rotationZ": -4.0 },
						"Head": { "rotationX": 0.0, "rotationY": 0.0, "rotationZ": 2.0 }
					}
				},
				{
					"frame": 33,
					"elements": {
						"Fluke Base": { "rotationX": 0.0, "rotationY": 0.0, "rotationZ": -4.0 }
					}
				},
				{
					"frame": 34,
					"elements": {
						"LFluke1": { "rotationX": 0.0, "rotationY": 0.0, "rotationZ": -4.0 },
						"RFluke1": { "rotationX": 0.0, "rotationY": 0.0, "rotationZ": -4.0 }
					}
				},
				{
					"frame": 40,
					"elements": {
						"Tail1": { "rotationX": 0.0, "rotationY": 0.0, "rotationZ": -2.0 },
						"Neck1": { "rotationX": 0.0, "rotationY": 0.0, "rotationZ": 1.0 },
						"R Shoulder": { "rotationX": -15.0, "rotationY": 0.0, "rotationZ": 0.0 },
						"R flipper": { "rotationX": -10.0, "rotationY": 0.0, "rotationZ": 0.0 },
						"R flipper rotation": { "rotationX": -3.0, "rotationY": 0.0, "rotationZ": 0.0 },
						"L Shoulder": { "rotationX": 0.0, "rotationY": 0.0, "rotationZ": 0.0 },
						"L flipper": { "rotationX": 0.0, "rotationY": 0.0, "rotationZ": 0.0 },
						"L flipper rotation": { "rotationX": 0.0, "rotationY": 0.0, "rotationZ": 0.0 },
						"Lower mouth": { "rotationX": 0.0, "rotationY": 0.0, "rotationZ": 0.0 }
					}
				},
				{
					"frame": 42,
					"elements": {
						"Tail2": { "rotationX": 0.0, "rotationY": 0.0, "rotationZ": -2.0 },
						"Neck2": { "rotationX": 0.0, "rotationY": 0.0, "rotationZ": 1.0 }
					}
				},
				{
					"frame": 44,
					"elements": {
						"Tail3": { "rotationX": 0.0, "rotationY": 0.0, "rotationZ": -2.0 },
						"Head": { "rotationX": 0.0, "rotationY": 0.0, "rotationZ": 1.0 }
					}
				},
				{
					"frame": 46,
					"elements": {
						"Fluke Base": { "rotationX": 0.0, "rotationY": 0.0, "rotationZ": -2.0 }
					}
				},
				{
					"frame": 48,
					"elements": {
						"LFluke1": { "rotationX": 0.0, "rotationY": 0.0, "rotationZ": -2.0 },
						"RFluke1": { "rotationX": 0.0, "rotationY": 0.0, "rotationZ": -2.0 }
					}
				}
			]
		},

		{
			"name": "Hurt",
			"code": "hurt",
			"quantityframes": 20,
			"onActivityStopped": "EaseOut",
			"onAnimationEnd": "Stop",
			"keyframes": [
				{
					"frame": 0,
					"elements": {
						"Tail1": { "rotationX": 0.0, "rotationY": 0.0, "rotationZ": -4.0 },
						"Neck1": { "rotationX": 0.0, "rotationY": 0.0, "rotationZ": 2.0 },
						"R Shoulder": { "rotationX": -25.0, "rotationY": 0.0, "rotationZ": 0.0 },
						"R flipper": { "rotationX": -15.0, "rotationY": 0.0, "rotationZ": 0.0 },
						"R flipper rotation": { "rotationX": -5.0, "rotationY": 0.0, "rotationZ": 0.0 },
						"L Shoulder": { "rotationX": 25.0, "rotationY": 0.0, "rotationZ": 0.0 },
						"L flipper": { "rotationX": 15.0, "rotationY": 0.0, "rotationZ": 0.0 },
						"L flipper rotation": { "rotationX": 5.0, "rotationY": 0.0, "rotationZ": 0.0 },
						"Tail2": { "rotationX": 0.0, "rotationY": 0.0, "rotationZ": 0.0 },
						"Tail3": { "rotationX": 0.0, "rotationY": 0.0, "rotationZ": 0.0 },
						"Fluke Base": { "rotationX": 0.0, "rotationY": 0.0, "rotationZ": 0.0 },
						"Neck2": { "rotationX": 0.0, "rotationY": 0.0, "rotationZ": 0.0 },
						"Head": { "rotationX": 0.0, "rotationY": 0.0, "rotationZ": 0.0 },
						"Body": { "rotationX": 0.0, "rotationY": 0.0, "rotationZ": 0.0 }
					}
				},
				{
					"frame": 7,
					"elements": {
						"Body": { "rotationX": 9.0, "rotationY": 0.0, "rotationZ": 0.0 },
						"Tail1": { "rotationX": 0.0, "rotationY": -4.0, "rotationZ": 4.0 },
						"Tail2": { "rotationX": 0.0, "rotationY": -4.0, "rotationZ": 4.0 },
						"Tail3": { "rotationX": 0.0, "rotationY": -4.0, "rotationZ": 4.0 },
						"Fluke Base": { "rotationX": 0.0, "rotationY": -4.0, "rotationZ": 4.0 },
						"Neck1": { "rotationX": 0.0, "rotationY": -4.0, "rotationZ": 4.0 },
						"Neck2": { "rotationX": 0.0, "rotationY": -4.0, "rotationZ": 4.0 },
						"Head": { "rotationX": 0.0, "rotationY": -4.0, "rotationZ": 4.0 },
						"R Shoulder": { "rotationX": 0.0, "rotationY": 0.0, "rotationZ": 0.0 },
						"R flipper": { "rotationX": 0.0, "rotationY": 0.0, "rotationZ": 0.0 },
						"R flipper rotation": { "rotationX": 0.0, "rotationY": 0.0, "rotationZ": 0.0 },
						"L Shoulder": { "rotationX": 0.0, "rotationY": 0.0, "rotationZ": 0.0 },
						"L flipper": { "rotationX": 0.0, "rotationY": 0.0, "rotationZ": 0.0 },
						"L flipper rotation": { "rotationX": 0.0, "rotationY": 0.0, "rotationZ": 0.0 }
					}
				},
				{
					"frame": 14,
					"elements": {
						"Body": { "rotationX": -4.0, "rotationY": 0.0, "rotationZ": 0.0 },
						"Tail1": { "rotationX": 2.0, "rotationY": 2.0, "rotationZ": -2.0 },
						"Tail2": { "rotationX": 2.0, "rotationY": 2.0, "rotationZ": -2.0 },
						"Tail3": { "rotationX": 2.0, "rotationY": 2.0, "rotationZ": -2.0 },
						"Fluke Base": { "rotationX": 2.0, "rotationY": 2.0, "rotationZ": -2.0 },
						"Neck1": { "rotationX": 0.0, "rotationY": 4.0, "rotationZ": 0.0 },
						"Neck2": { "rotationX": 0.0, "rotationY": 4.0, "rotationZ": 0.0 },
						"Head": { "rotationX": 0.0, "rotationY": 4.0, "rotationZ": 0.0 }
					}
				}
			]
		}
	]
}