{
	"editor": {
		"allAngles": false,
		"singleTexture": false
	},
	"textureWidth": 16,
	"textureHeight": 16,
	"textures": {
		"crystal_tremolite": "block/stone/gem/crystal_tremolite"
	},
	"elements": [
		{
			"name": "origin",
			"from": [ 6.3, -0.5, 6.0 ], 
			"to": [ 6.3, -0.5, 6.0 ], 
			"rotationOrigin": [ 8.0, 0.0, 8.0 ],
			"faces": {
				"north": { "texture": "#native", "uv": [ 6.0, 6.0, 6.0, 6.0 ], "enabled": false },
				"east": { "texture": "#native", "uv": [ 8.0, 8.0, 8.0, 8.0 ], "enabled": false },
				"south": { "texture": "#native", "uv": [ 5.0, 8.0, 5.0, 8.0 ], "enabled": false },
				"west": { "texture": "#native", "uv": [ 7.0, 7.0, 7.0, 7.0 ], "enabled": false },
				"up": { "texture": "#native", "uv": [ 0.0, 12.0, 0.0, 12.0 ], "enabled": false },
				"down": { "texture": "#native", "uv": [ 5.0, 6.0, 5.0, 6.0 ], "enabled": false }
			},
			"children": [
				{
					"name": "Cube1",
					"from": [ 0.7, 0.6, 0.6 ], 
					"to": [ 1.5, 1.4, 1.4 ], 
					"faces": {
						"north": { "texture": "#crystal_tremolite", "uv": [ 4.0, 2.5, 4.5, 3.0 ] },
						"east": { "texture": "#crystal_tremolite", "uv": [ 12.0, 6.5, 12.5, 7.0 ] },
						"south": { "texture": "#crystal_tremolite", "uv": [ 7.5, 4.5, 8.0, 5.0 ] },
						"west": { "texture": "#crystal_tremolite", "uv": [ 6.0, 9.0, 6.5, 9.5 ] },
						"up": { "texture": "#crystal_tremolite", "uv": [ 3.0, 8.0, 3.5, 8.5 ] },
						"down": { "texture": "#crystal_tremolite", "uv": [ 7.5, 4.5, 8.0, 5.0 ] }
					}
				},
				{
					"name": "Cube5",
					"from": [ 1.4, 0.5, -0.1 ], 
					"to": [ 2.3, 1.2, 0.7 ], 
					"rotationOrigin": [ 0.0, 0.0, 0.0 ],
					"rotationY": -45.0,
					"faces": {
						"north": { "texture": "#crystal_tremolite", "uv": [ 6.5, 10.5, 7.0, 11.0 ] },
						"east": { "texture": "#crystal_tremolite", "uv": [ 6.5, 7.0, 7.0, 7.5 ] },
						"south": { "texture": "#crystal_tremolite", "uv": [ 6.5, 7.0, 7.0, 7.5 ] },
						"west": { "texture": "#crystal_tremolite", "uv": [ 4.5, 6.0, 5.0, 6.5 ] },
						"up": { "texture": "#crystal_tremolite", "uv": [ 4.5, 5.0, 5.0, 5.5 ] },
						"down": { "texture": "#crystal_tremolite", "uv": [ 6.0, 7.0, 6.5, 7.5 ] }
					}
				},
				{
					"name": "Cube6",
					"from": [ 1.3, 0.7, 0.9 ], 
					"to": [ 2.1, 1.3, 1.6 ], 
					"rotationOrigin": [ 0.0, 0.0, 0.0 ],
					"rotationY": -4.0,
					"faces": {
						"north": { "texture": "#crystal_tremolite", "uv": [ 6.0, 9.0, 6.5, 9.5 ] },
						"east": { "texture": "#crystal_tremolite", "uv": [ 9.0, 5.0, 9.5, 5.5 ] },
						"south": { "texture": "#crystal_tremolite", "uv": [ 5.0, 8.5, 5.5, 9.0 ] },
						"west": { "texture": "#crystal_tremolite", "uv": [ 13.0, 1.0, 13.5, 1.5 ] },
						"up": { "texture": "#crystal_tremolite", "uv": [ 7.5, 8.0, 8.0, 8.5 ] },
						"down": { "texture": "#crystal_tremolite", "uv": [ 5.0, 6.0, 5.5, 6.5 ] }
					}
				},
				{
					"name": "Cube7",
					"from": [ 0.4, 1.0, 1.2 ], 
					"to": [ 1.1, 1.6, 2.0 ], 
					"rotationOrigin": [ 0.0, 0.0, 0.0 ],
					"rotationY": 22.5,
					"faces": {
						"north": { "texture": "#crystal_tremolite", "uv": [ 6.5, 5.0, 7.0, 5.5 ] },
						"east": { "texture": "#crystal_tremolite", "uv": [ 8.0, 6.5, 8.5, 7.0 ] },
						"south": { "texture": "#crystal_tremolite", "uv": [ 6.0, 7.5, 6.5, 8.0 ] },
						"west": { "texture": "#crystal_tremolite", "uv": [ 2.0, 9.5, 2.5, 10.0 ] },
						"up": { "texture": "#crystal_tremolite", "uv": [ 7.5, 6.5, 8.0, 7.0 ] },
						"down": { "texture": "#crystal_tremolite", "uv": [ 3.0, 5.5, 3.5, 6.0 ] }
					}
				}
			]
		}
	]}