[
  {
    "op": "addmerge",
    "path": "/entityTags/-",
    "value": "egg",
    "file": "game:config/preloaded-tags.json"
  },
  {
    "op": "addmerge",
    "path": "/entityTags/-",
    "value": "nest",
    "file": "game:config/preloaded-tags.json"
  },
  {
    "op": "addmerge",
    "path": "/entityTags/-",
    "value": "state-burrowed",
    "file": "game:config/preloaded-tags.json"
  },
  {
    "op": "addmerge",
    "path": "/entityTags/-",
    "value": "caninatag",
    "file": "game:config/preloaded-tags.json"
  },
  {
    "op": "addmerge",
    "path": "/entityTags/-",
    "value": "cerdocyoninatag",
    "file": "game:config/preloaded-tags.json"
  },
  {
    "op": "addmerge",
    "path": "/entityTags/-",
    "value": "urocyoninitag",
    "file": "game:config/preloaded-tags.json"
  },
  {
    "op": "addmerge",
    "path": "/entityTags/-",
    "value": "vulpinitag",
    "file": "game:config/preloaded-tags.json"
  },
  {
    "op": "addmerge",
    "path": "/entityTags/-",
    "value": "placeholder",
    "file": "game:config/preloaded-tags.json"
  },
  {
    "op": "addmerge",
    "path": "/entityTags/-",
    "value": "venomous",
    "file": "game:config/preloaded-tags.json"
  }
]