﻿{
  "code": "efuelgenerator",
  "class": "BlockEFuelGenerator",
  "entityClass": "BlockEntityEFuelGenerator",
  "behaviors": [
    { "name": "Container" },
    {
      "name": "HorizontalOrientable",
      "properties": {
        "dropBlockFace": "south"
      }
    },
    {
      "name": "Multiblock",
      "propertiesByType": {
        "*-north": {
          "sizex": 2,
          "sizey": 2,
          "sizez": 3,
          "cposition": {
            "x": 0,
            "y": 0,
            "z": 2
          }
        },
        "*-east": {
          "sizex": 3,
          "sizey": 2,
          "sizez": 2,
          "cposition": {
            "x": 0,
            "y": 0,
            "z": 0
          }
        },
        "*-south": {
          "sizex": 2,
          "sizey": 2,
          "sizez": 3,
          "cposition": {
            "x": 1,
            "y": 0,
            "z": 0
          }
        },
        "*-west": {
          "sizex": 3,
          "sizey": 2,
          "sizez": 2,
          "cposition": {
            "x": 2,
            "y": 0,
            "z": 1
          }
        }
      }
    }
  ],

  "entityBehaviors": [
    {
      "name": "Animatable"
    },
    {
      "name": "BEBehaviorFuelEGenerator"
    },
    {
      "name": "ElectricalProgressive"
    }
  ],

  "attributes": {
    "blockEProperties": "all_down",
    "facesEProperties": [ "north", "east", "south", "west", "up", "down" ],
    "particlesType": 3,
    "particlesFramesAnim": [
      [ 90, 130 ],
      [ 100, 140 ],
      [ 110, 150 ]
    ],
    "voltage": 128,
    "maxCurrent": 1024.0,
    "isolated": true,
    "isolatedEnvironment": true,
    "maxHeat": 10.0, // достигает при 1300 градусах
    "handbook": {
      "groupBy": [ "efuelgenerator-*" ],
      "extraSections": [
        {
          "title": "electricalprogressivebasics:block-handbooktitle-efuelgenerator",
          "text": "electricalprogressivebasics:block-handbooktext-efuelgenerator"
        }
      ]
    }
  },

  "creativeinventory": {
    "general": [ "*-south" ],
    "electricity": [ "*-south" ]
  },

  "variantgroups": [
    {
      "code": "side",
      "loadFromProperties": "abstract/horizontalorientation"
    }
  ],

  "attributesbytype": {
    "*-north": {
      "particlesOffsetPos": [
        [ 0.25, 1.0, -0.6 ],
        [ 0.25, 1.0, -1.0 ],
        [ 0.25, 1.0, -1.5 ]
      ]
    },
    "*-east": {
      "particlesOffsetPos": [
        [ 1.5, 1.0, 0.25 ],
        [ 1.9, 1.0, 0.25 ],
        [ 2.4, 1.0, 0.25 ]
      ]
    },
    "*-south": {
      "particlesOffsetPos": [
        [ 0.75, 1.0, 1.6 ],
        [ 0.75, 1.0, 2.0 ],
        [ 0.75, 1.0, 2.5 ]
      ]
    },
    "*-west": {
      "particlesOffsetPos": [
        [ -0.5, 1.0, 0.75 ],
        [ -0.9, 1.0, 0.75 ],
        [ -1.4, 1.0, 0.75 ]
      ]
    }
  },


  "shapebytype": {
    "*-north": {
      "base": "block/fuelgenerator/fuelgenerator",
      "rotateY": 0
    },
    "*-east": {
      "base": "block/fuelgenerator/fuelgenerator",
      "rotateY": 270
    },
    "*-south": {
      "base": "block/fuelgenerator/fuelgenerator",
      "rotateY": 180
    },
    "*-west": {
      "base": "block/fuelgenerator/fuelgenerator",
      "rotateY": 90
    }
  },



  "blockmaterial": "Stone",
  "sidesolid": {
    "all": false
  },
  "sideopaque": {
    "all": false
  },
  "resistance": 3.5,
  "lightAbsorption": 0,

  "sounds": {
    "walk": "game:walk/stone"
  },

  "heldTpIdleAnimation": "holdbothhandslarge",
  "heldTpUseAnimation": "twohandplaceblock"
}