{
	"code": "ciderportion",
	"variantGroups": [
		{ "code": "fruit", "loadFromProperties": "floralzoneseastasiaticregion:block/fruit"},
	],
	"class": "ItemLiquidPortion",
	"matterState": "liquid",
	"attributes": {
		"handbook": {
			"ignoreCreativeInvStacks": true
		},
		"distillationPropsbytype": {	
			"*": {
				"distilledStack": { "type": "item", "code": "floralzoneseastasiaticregion:spiritportion-{fruit}" },
				"ratio": 0.1
			}
		},
		"waterTightContainerProps": {
			"containable": true,
			"itemsPerLitre": 100,
			"texturebytype": {
		"*-monsteradeliciosa": { "base": "game:block/food/pie/fill-breadfruit", "alpha": 180 },
		"*-roystonearegia": { "base": "game:block/food/pie/fill-cranberry", "alpha": 180 },
				"*": { "base": "floralzoneseastasiaticregion:block/food/pie/fill-{fruit}", "alpha": 180 }
			},
			"allowSpill": true,
			"whenSpilled": { 
				"action": "DropContents",
				"stack": { "type": "item", "code": "ciderportion-{fruit}"} 
			},
			"nutritionPropsPerLitre": {
				"satiety": 80,
				"intoxication": 0.15,
				"foodcategorybytype": {
				"*": "Fruit"
				}
			}
		}
	},
	"shape": { "base": "game:item/liquid" },
	"texturebytype": {
		"*": { "base": "floralzoneseastasiaticregion:block/food/pie/fill-{fruit}", "alpha": 180 }
	},
	"creativeinventoryStacks": [ { "tabs": ["general", "liquids"], "stacks": [ { "type": "block", "code": "game:woodbucket", "attributes": { "ucontents": [ { "type":"item", "code": "floralzoneseastasiaticregion:ciderportion-{fruit}", "makefull": true } ] } } ] } ],
	"maxstacksize": 5000,
	"materialDensity": 200,
	"guiTransform": {
		"translation": { "x": 0, "y": 1, "z": 0 },
		"rotation": { "x": 123, "y": -33, "z": -13 },
		"origin": { "x": 0.5, "y": 0, "z": 0.5 },
		"scale": 1.4
	},
	"fpHandTransform": {
		"translation": { "x": 0, "y": 0, "z": 0 },
		"rotation": { "x": 25, "y": 157, "z": -5 }
	},
	"tpHandTransform": {
		"translation": { "x": -1.5, "y": -1, "z": -1.4 }
	},
	"transitionableProps": [{
		"type": "Perish",
		"freshHours": { "avg": 3360 },
		"transitionHours": { "avg": 48 },
		"transitionedStack": { "type": "item", "code": "game:rot" },
		"transitionRatio": 0.005
	}],
}