{
  "code": "smokable",
  "enabled": true,
  "classByType": {
    "*-shag": "SmokableItem"
  },
  "creativeinventory": {
    "general": [
      "*"
    ],
    "items": [
      "*"
    ]
  },
  "materialDensity": 300,
  "maxstacksize": 64,
  "variantgroups": [
    {
      "loadFromProperties": "pipeleaf:item/smokables"
    },
    {
      "code": "type",
      "states": [
        "cured",
        "shag"
      ]
    }
  ],
  "textureByType": {
    "smokable-*-cured": {
      "base": "pipeleaf:item/smokable/cured"
    },
    "smokable-*-shag": {
      "base": "pipeleaf:item/smokable/shag"
    }
  },
  "grindingPropsByType": {
    "smokable-*-cured": {
      "GroundStack": {
        "type": "item",
        "stacksize": 1,
        "code": "smokable-{smokables}-shag"
      }
    }
  },
  "attributesByType": {
    "smokable-pipeleaf-shag": {
      "smokableEffects": [
        {
          "type": "bodytemperature",
          "amount": 5,
          "cooldown": 0
        }
      ],
      "handbook": {
        "groupBy": [
          "smokable-*-shag"
        ],
        "extraSections": [
          {
            "title": "pipeleaf:handbook-item-effect",
            "text": "Smoking this will warm you in the cold."
          }
        ]
      }
    },
    "smokable-catmint-shag": {
      "smokableEffects": [
        {
          "type": "temporalstability",
          "amount": -0.15,
          "cooldown": 0
        },
        {
          "type": "bodytemperature",
          "amount": 5,
          "cooldown": 0
        }
      ],
      "handbook": {
        "groupBy": [
          "smokable-*-shag"
        ],
        "extraSections": [
          {
            "title": "pipeleaf:handbook-item-effect",
            "text": "Smoking Catmint may cause temporary insanity but makes you warmer in the cold."
          }
        ]
      }
    },
    "smokable-edelweiss-shag": {
      "smokableEffects": [
        {
          "type": "temporalstability",
          "amount": 0.25,
          "cooldown": 0
        }
      ],
      "handbook": {
        "groupBy": [
          "smokable-*-shag"
        ],
        "extraSections": [
          {
            "title": "pipeleaf:handbook-item-effect",
            "text": "Smoking Edelweiss Shag will boost your sanity in the deep."
          }
        ]
      }
    },
    "smokable-orangemallow-shag": {
      "smokableEffects": [
        {
          "type": "intoxication",
          "amount": 0.15,
          "cooldown": 0
        },
        {
          "type": "hungerrate",
          "amount": -0.5,
          "cooldown": 900
        }
      ],
      "handbook": {
        "groupBy": [
          "smokable-*-shag"
        ],
        "extraSections": [
          {
            "title": "pipeleaf:handbook-item-effect",
            "text": "Smoking Orange Mallow has a mild intoxicating effect and makes you less hungry."
          }
        ]
      }
    },
    "smokable-poisonoak-shag": {
      "smokableEffects": [
        {
          "type": "healthpoints",
          "amount": -5,
          "cooldown": 0
        },
        {
          "type": "temporalstability",
          "amount": -0.6,
          "cooldown": 0
        }
      ],
      "handbook": {
        "groupBy": [
          "smokable-*-shag"
        ],
        "extraSections": [
          {
            "title": "pipeleaf:handbook-item-effect",
            "text": "Smoking Poison Oak sounds like a bad idea."
          }
        ]
      }
    },
    "smokable-goldenpoppy-shag": {
      "smokableEffects": [
        {
          "type": "tiredness",
          "amount": 5,
          "cooldown": 0
        }
      ],
      "handbook": {
        "groupBy": [
          "smokable-*-shag"
        ],
        "extraSections": [
          {
            "title": "pipeleaf:handbook-item-effect",
            "text": "Smoking Golden Poppy makes you sleepy."
          }
        ]
      }
    },
    "smokable-cornflower-shag": {
      "smokableEffects": [
        {
          "type": "bodytemperature",
          "amount": 5,
          "cooldown": 0
        }
      ],
      "handbook": {
        "groupBy": [
          "smokable-*-shag"
        ],
        "extraSections": [
          {
            "title": "pipeleaf:handbook-item-effect",
            "text": "Smoking Cornflower Shag will make you feel warmer in the cold."
          }
        ]
      }
    },
    "smokable-chamomile-shag": {
      "smokableEffects": [
        {
          "type": "tiredness",
          "amount": 4,
          "cooldown": 0
        },
        {
          "type": "bodytemperature",
          "amount": 5,
          "cooldown": 0
        }
      ],
      "handbook": {
        "groupBy": [
          "smokable-*-shag"
        ],
        "extraSections": [
          {
            "title": "pipeleaf:handbook-item-effect",
            "text": "Smoking Chamomile makes you sleepy and warms you in the cold."
          }
        ]
      }
    },
    "smokable-lavender-shag": {
      "smokableEffects": [
        {
          "type": "tiredness",
          "amount": 4,
          "cooldown": 0
        }
      ],
      "handbook": {
        "groupBy": [
          "smokable-*-shag"
        ],
        "extraSections": [
          {
            "title": "pipeleaf:handbook-item-effect",
            "text": "Smoking Lavendar makes you sleepy."
          }
        ]
      }
    },
    "smokable-marjoram-shag": {
      "smokableEffects": [
        {
          "type": "hungerrate",
          "amount": -0.5,
          "cooldown": 900
        },
        {
          "type": "tiredness",
          "amount": 4,
          "cooldown": 0
        }
      ],
      "handbook": {
        "groupBy": [
          "smokable-*-shag"
        ],
        "extraSections": [
          {
            "title": "pipeleaf:handbook-item-effect",
            "text": "Smoking Majorum makes you sleepy and less hungry."
          }
        ]
      }
    },
    "smokable-marshmallow-shag": {
      "smokableEffects": [
        {
          "type": "intoxication",
          "amount": 0.05,
          "cooldown": 0
        },
        {
          "type": "bodytemperature",
          "amount": 5,
          "cooldown": 0
        }
      ],
      "handbook": {
        "groupBy": [
          "smokable-*-shag"
        ],
        "extraSections": [
          {
            "title": "pipeleaf:handbook-item-effect",
            "text": "Smoking Marshmallow has mild intoxicating effects and warms you in the cold."
          }
        ]
      }
    },
    "smokable-mint-shag": {
      "smokableEffects": [
        {
          "type": "bodytemperature",
          "amount": 5,
          "cooldown": 0
        }
      ],
      "handbook": {
        "groupBy": [
          "smokable-*-shag"
        ],
        "extraSections": [
          {
            "title": "pipeleaf:handbook-item-effect",
            "text": "Smoking this will warm you in the cold."
          }
        ]
      }
    },
    "smokable-rosemary-shag": {
      "smokableEffects": [
        {
          "type": "bodytemperature",
          "amount": 5,
          "cooldown": 0
        }
      ],
      "handbook": {
        "groupBy": [
          "smokable-*-shag"
        ],
        "extraSections": [
          {
            "title": "pipeleaf:handbook-item-effect",
            "text": "Smoking this will warm you in the cold."
          }
        ]
      }
    },
    "smokable-saffron-shag": {
      "smokableEffects": [
        {
          "type": "intoxication",
          "amount": 0.1,
          "cooldown": 0
        },
        {
          "type": "bodytemperature",
          "amount": 5,
          "cooldown": 0
        }
      ],
      "handbook": {
        "groupBy": [
          "smokable-*-shag"
        ],
        "extraSections": [
          {
            "title": "pipeleaf:handbook-item-effect",
            "text": "Smoking Saffron has mild intoxicating effects and warm you in the cold."
          }
        ]
      }
    },
    "smokable-sage-shag": {
      "smokableEffects": [
        {
          "type": "temporalstability",
          "amount": 0.4,
          "cooldown": 0
        },
        {
          "type": "intoxication",
          "amount": 0.5,
          "cooldown": 0
        }
      ],
      "handbook": {
        "groupBy": [
          "smokable-*-shag"
        ],
        "extraSections": [
          {
            "title": "pipeleaf:handbook-item-effect",
            "text": "Smoking Sage has a heavy intoxicating effect and will boost temporal stability."
          }
        ]
      }
    },
    "smokable-stingingnettle-shag": {
      "smokableEffects": [
        {
          "type": "bodytemperature",
          "amount": 5,
          "cooldown": 0
        }
      ],
      "handbook": {
        "groupBy": [
          "smokable-*-shag"
        ],
        "extraSections": [
          {
            "title": "pipeleaf:handbook-item-effect",
            "text": "Smoking this will warm you in the cold."
          }
        ]
      }
    },
    "smokable-stjohnswort-shag": {
      "smokableEffects": [
        {
          "type": "bodytemperature",
          "amount": 5,
          "cooldown": 0
        }
      ],
      "handbook": {
        "groupBy": [
          "smokable-*-shag"
        ],
        "extraSections": [
          {
            "title": "pipeleaf:handbook-item-effect",
            "text": "Smoking this will warm you in the cold."
          }
        ]
      }
    },
    "smokable-thyme-shag": {
      "smokableEffects": [
        {
          "type": "temporalstability",
          "amount": 0.4,
          "cooldown": 0
        },
        {
          "type": "bodytemperature",
          "amount": 5,
          "cooldown": 0
        }
      ],
      "handbook": {
        "groupBy": [
          "smokable-*-shag"
        ],
        "extraSections": [
          {
            "title": "pipeleaf:handbook-item-effect",
            "text": "Smoking Thyme will boost temporal stability, and warms you in the cold."
          }
        ]
      }
    },
    "smokable-mugwort-shag": {
      "smokableEffects": [
        {
          "type": "intoxication",
          "amount": 0.02,
          "cooldown": 0
        },
        {
          "type": "bodytemperature",
          "amount": 5,
          "cooldown": 0
        }
      ],
      "handbook": {
        "groupBy": [
          "smokable-*-shag"
        ],
        "extraSections": [
          {
            "title": "pipeleaf:handbook-item-effect",
            "text": "Smoking Mugwort has mild intoxicating effects and warms you in the cold."
          }
        ]
      }
    },
    "smokable-chicory-shag": {
      "smokableEffects": [
        {
          "type": "bodytemperature",
          "amount": 5,
          "cooldown": 0
        }
      ],
      "handbook": {
        "groupBy": [
          "smokable-*-shag"
        ],
        "extraSections": [
          {
            "title": "pipeleaf:handbook-item-effect",
            "text": "Smoking this will warm you in the cold."
          }
        ]
      }
    },
    "smokable-marigold-shag": {
      "smokableEffects": [
        {
          "type": "bodytemperature",
          "amount": 5,
          "cooldown": 0
        }
      ],
      "handbook": {
        "groupBy": [
          "smokable-*-shag"
        ],
        "extraSections": [
          {
            "title": "pipeleaf:handbook-item-effect",
            "text": "Smoking this will warm you in the cold."
          }
        ]
      }
    },
    "smokable-yarrow-shag": {
      "smokableEffects": [
        {
          "type": "bodytemperature",
          "amount": 5,
          "cooldown": 0
        }
      ],
      "handbook": {
        "groupBy": [
          "smokable-*-shag"
        ],
        "extraSections": [
          {
            "title": "pipeleaf:handbook-item-effect",
            "text": "Smoking this will warm you in the cold."
          }
        ]
      }
    },
    "smokable-angelica-shag": {
      "smokableEffects": [
        {
          "type": "bodytemperature",
          "amount": 5,
          "cooldown": 0
        }
      ],
      "handbook": {
        "groupBy": [
          "smokable-*-shag"
        ],
        "extraSections": [
          {
            "title": "pipeleaf:handbook-item-effect",
            "text": "Smoking this will warm you in the cold."
          }
        ]
      }
    },
    "smokable-arnica-shag": {
      "smokableEffects": [
        {
          "type": "bodytemperature",
          "amount": 5,
          "cooldown": 0
        }
      ],
      "handbook": {
        "groupBy": [
          "smokable-*-shag"
        ],
        "extraSections": [
          {
            "title": "pipeleaf:handbook-item-effect",
            "text": "Smoking this will warm you in the cold."
          }
        ]
      }
    },
    "smokable-horehound-shag": {
      "smokableEffects": [
        {
          "type": "bodytemperature",
          "amount": 5,
          "cooldown": 0
        }
      ],
      "handbook": {
        "groupBy": [
          "smokable-*-shag"
        ],
        "extraSections": [
          {
            "title": "pipeleaf:handbook-item-effect",
            "text": "Smoking this will warm you in the cold."
          }
        ]
      }
    },
    "smokable-ginseng-shag": {
      "smokableEffects": [
        {
          "type": "bodytemperature",
          "amount": 5,
          "cooldown": 0
        }
      ],
      "handbook": {
        "groupBy": [
          "smokable-*-shag"
        ],
        "extraSections": [
          {
            "title": "pipeleaf:handbook-item-effect",
            "text": "Smoking this will warm you in the cold."
          }
        ]
      }
    }
  },
  "transitionableProps": [
    {
      "type": "Perish",
      "freshHoursByType": {
        "*-cured": {
          "avg": 8640
        },
        "*-shag": {
          "avg": 8640
        },
        "*": {
          "avg": 336
        }
      },
      "transitionHours": {
        "avg": 12
      },
      "transitionedStack": {
        "type": "item",
        "code": "game:rot"
      },
      "transitionRatioByType": {
        "*": 1
      }
    }
  ],
  "nutritionProps": {
    "satiety": 15,
    "foodcategory": "Vegetable"
  }
}