{
  "code": "smokingpipe",
  "class": "WearablePipe",
  "creativeinventory": { "general": [ "*" ] },
  "variantgroups": [
    {
      "code": "bowl-material",
      "states": [ "briarburl", "special1", "special2" ]
    },
    {
      "code": "stem-material",
      "loadFromProperties": "block/metal"
    }
  ],
  "allowedVariants": [ "*-briarburl-*", "*-special*-gold" ],
  "shape": { "base": "wearables/pipe_scaled" },
  "texturesByType": {
    "smokingpipe-special2-*": {
      "seraph": { "base": "game:block/transparent" },
      "pipebowl": { "base": "game:block/stone/gem/malachite" },
      "pipering": { "base": "game:block/stone/gem/diamond" },
      "pipestem": { "base": "game:block/glass/green" },
      "pipeherb": { "base": "game:block/cloth/cloth-ruined" },
      "pipeblank": { "base": "game:block/transparent" }
    },
    "smokingpipe-special1-*": {
      "seraph": { "base": "game:block/transparent" },
      "pipebowl": { "base": "game:block/stone/gem/ruby" },
      "pipering": { "base": "game:block/metal/ingot/gold" },
      "pipestem": { "base": "game:block/stone/polishedrock/basalt" },
      "pipeherb": { "base": "game:block/cloth/cloth-ruined" },
      "pipeblank": { "base": "game:block/transparent" }
    },
    "*": {
      "seraph": {
        "base": "game:block/transparent"
      },
      "pipebowl": { "base": "item/smokingpipebowl/briarburl" },
      "pipering": { "base": "item/smokingpipebowl/briarburl" },
      "pipestem": { "base": "game:block/metal/ingot/{stem-material}" },
      "pipeherb": { "base": "game:block/cloth/cloth-ruined" },
      "pipeblank": {
        "base": "game:block/transparent"
      }
    }
  },
  "behaviors": [
    {
      "name": "GroundStorable",
      "properties": {
        "layout": "Quadrants",
        "collisionBox": {
          "x1": 0,
          "y1": 0,
          "z1": 0,
          "x2": 1,
          "y2": 0.125,
          "z2": 1
        }
      }
    }
  ],
  "storageFlags": 128,
  "attributes": {
    "clothescategory": "face",
    "wearableAttachment": true,
    "handbook": {
      "include": true,
      "groupBy": [ "smokingpipe-*" ],
      "extraSections": [
        {
          "title": "pipeleaf:smokingpipe-handbook-help-title",
          "text": "pipeleaf:smokingpipe-handbook-help-text"
        }
      ]
    },
    "shelvable": true,
    "bookshelveable": true,
    "displaycaseable": true,
    "attributes": {
      "onshelfTransform": {
        "translation": {
          "x": 0.2,
          "y": -1.83,
          "z": -0.2
        },
        "rotation": {
          "x": 21,
          "y": -30,
          "z": -8
        },
        "scale": 1.28
      }
    },
    "onshelfTransform": {
      "translation": {
        "x": 0.2,
        "y": -1.83,
        "z": -0.2
      },
      "rotation": {
        "x": 21,
        "y": -30,
        "z": -8
      },
      "scale": 1.28
    },
    "onDisplayTransform": {
      "translation": {
        "x": 0,
        "y": -1.5,
        "z": -0
      },
      "rotation": {
        "x": 18,
        "y": -90,
        "z": 0
      }
    },
    "groundStorageTransform": {
      "translation": {
        "x": -0,
        "y": -1.34,
        "z": -0.1
      },
      "rotation": {
        "x": 0,
        "y": -135,
        "z": -21
      },
      "scale": 0.81
    }
  },
  "groundTransform": {
    "translation": {
      "x": 0,
      "y": 0,
      "z": 0
    },
    "rotation": {
      "x": -90,
      "y": 0,
      "z": 0
    },
    "origin": {
      "x": 0.5,
      "y": 0.5,
      "z": 0.45
    },
    "scale": 4
  },
  "tpHandTransform": {
    "translation": {
      "x": 0.4,
      "y": -0.7,
      "z": -0.3
    },
    "rotation": {
      "x": -121,
      "y": 5,
      "z": -100
    },
    "scale": 0.88
  },
  "guiTransform": {
    "translation": {
      "x": -19,
      "y": 139,
      "z": 0
    },
    "rotation": {
      "x": 156,
      "y": 27,
      "z": -21
    },
    "origin": {
      "x": 0.48,
      "y": 0.1,
      "z": 0.5
    },
    "scale": 4.27
  },
  "fpHandTransform": {
    "translation": {
      "x": -2.2,
      "y": 0.8,
      "z": 0.5
    },
    "rotation": {
      "x": 15,
      "y": 45,
      "z": -37
    },
    "origin": {
      "x": 1.4,
      "y": 0.5,
      "z": -1.5
    },
    "scale": 2.19
  }
}