[
	{
		"dependsOn": [
			{ "modid": "oilspatched" }
		],
		"side": "Server",
		"file": "oilspatched:recipes/grid/mechpowerblocksfzaus.json",
		"op": "replace",
		"path": "/0/enabled",
		"value": true
	},
	{
		"dependsOn": [
			{ "modid": "oilspatched" }
		],
		"side": "Server",
		"file": "oilspatched:recipes/grid/mechpowerblocksfzaus.json",
		"op": "replace",
		"path": "/1/enabled",
		"value": true
	},
	{
		"dependsOn": [
			{ "modid": "oilspatched" }
		],
		"side": "Server",
		"file": "oilspatched:recipes/grid/mechpowerblocksfzaus.json",
		"op": "replace",
		"path": "/2/enabled",
		"value": true
	},
	{
		"dependsOn": [
			{ "modid": "oilspatched" }
		],
		"side": "Server",
		"file": "oilspatched:recipes/grid/mechpowerblocksfzaus.json",
		"op": "replace",
		"path": "/3/enabled",
		"value": true
	},
	{
		"dependsOn": [
			{ "modid": "oilspatched" }
		],
		"side": "Server",
		"file": "oilspatched:recipes/grid/mechpowerblocksfzaus.json",
		"op": "replace",
		"path": "/4/enabled",
		"value": true
	},
	{
		"dependsOn": [
			{ "modid": "oilspatched" }
		],
		"side": "Server",
		"file": "oilspatched:recipes/grid/mechpowerblocksfzaus.json",
		"op": "replace",
		"path": "/5/enabled",
		"value": true
	}
]