{
	"code": "creature",
	"class": "ItemCreature",
	"maxstacksize": 32,
	"variantgroups": [
		{"code": "type","states": ["meiolaniidae-egg-ninjemysoweni-raw"	]}
		
		],

	"shapeByType": {
		"*-egg-*": {"base": "entity/land/meiolaniidae/egg"}
	},
	"texturesByType": {
		"*-egg-pygoscelispapua-*": {"skin": { "base": "game:block/stone/gravel/chalk" }},
		"*-egg-spheniscusmendiculus-*": {"skin": { "base": "game:block/stone/gravel/chalk" }},
		"*-egg-*": {"skin": { "base": "game:block/creature/bone" }}
	},
	
	
	
	
	"creativeinventory": { "general": ["*"], "items": ["*"], "creatures": ["*-meiolaniidae-*"] },
	"attributes": {
		"foodTags": "egg",
		"nutritionPropsWhenInMealByType": 
		{"*-ninjemysoweni-*": {"satiety": 400,"foodcategory": "Protein"},
		 "*": {"satiety": 200,"foodcategory": "Protein"}
    },
	"nutritionPropsByType": {
		"*-ninjemysoweni-*": {"satiety": 320,"foodcategory": "Protein"},
		 "*": {"satiety": 160,"foodcategory": "Protein"}
	}},
	"materialDensity": 200,
	"guiTransformByType": {		
		"*": {
			"rotate": true,
			"rotation": { "x": -11, "y": -52, "z": -180 },
			"origin": { "x": 0.5, "y": 0.1, "z": 0.5 },
			"scale": 2.75
		}},	
	"transitionableProps": [{
		"type": "Perish",
		"freshHours": { "avg": 120 },
		"transitionHours": { "avg": 24 },
		"transitionedStack": { "type": "item", "code": "game:rot" },
		"transitionRatio": 0.5
	}]}
	

	
	
	
	




