[
  {
    "file": "game:itemtypes/food/fruit.json",
    "op": "addmerge",
    "path": "/storageFlags",
    "value": 33
  },
  {
    "file": "game:itemtypes/food/vegetable.json",
    "op": "addmerge",
    "path": "/storageFlags",
    "value": 33
  },
  {
    "file": "game:itemtypes/food/ontree.json",
    "op": "addmerge",
    "path": "/storageFlags",
    "value": 33
  },
  {
    "file": "game:itemtypes/food/legume.json",
    "op": "addmerge",
    "path": "/storageFlags",
    "value": 33
  },
  {
    "file": "game:itemtypes/food/bambooshoot.json",
    "op": "addmerge",
    "path": "/storageFlags",
    "value": 33
  }
]