{
	"editor": {
		"allAngles": true,
		"entityTextureMode": false
	},
	"textureWidth": 12,
	"textureHeight": 32,
	"textureSizes": {
		"fronds1": [12,32],
		"fronds2": [12,32]
	},
	"textures": {
	},
	"elements": [
		{
			"name": "origin",
			"from": [ 8.0, 0.0, 8.0 ],
			"to": [ 8.0, 0.0, 8.0 ],
			"rotationOrigin": [ 8.0, 0.0, 8.0 ],
			"faces": {
			},
			"children": [
				{
					"name": "Center fronds 1",
					"from": [ -6.0, 0.0, 0.0 ],
					"to": [ 6.0, 32.0, 0.0 ],
					"shade": false,
					"renderPass": 1,
					"faces": {
						"north": { "texture": "#fronds1", "uv": [ 0.0, 0.0, 12.0, 32.0 ], "windMode": [0,5,5,0], "windData": [0,2,2,0] }
					}
				},
				{
					"name": "Center fronds 2",
					"from": [ -6.0, 0.0, 0.0 ],
					"to": [ 6.0, 32.0, 0.0 ],
					"shade": false,
					"renderPass": 1,
					"rotationOrigin": [ 0.0, 0.0, 0.0 ],
					"rotationY": 120.0,
					"faces": {
						"north": { "texture": "#fronds2", "uv": [ 0.0, 0.0, 12.0, 32.0 ], "windMode": [0,5,5,0], "windData": [0,2,2,0] }
					}
				},
				{
					"name": "Center fronds 3",
					"from": [ -6.0, 0.0, 0.0 ],
					"to": [ 6.0, 32.0, 0.0 ],
					"shade": false,
					"renderPass": 1,
					"rotationOrigin": [ 0.0, 0.0, 0.0 ],
					"rotationY": -120.0,
					"faces": {
						"north": { "texture": "#fronds2", "uv": [ 0.0, 0.0, 12.0, 32.0 ], "windMode": [0,5,5,0], "windData": [0,2,2,0] }
					}
				},
				{
					"name": "1st row fronds 1",
					"from": [ -6.0, 0.0, 1.0 ],
					"to": [ 6.0, 32.0, 1.0 ],
					"shade": false,
					"renderPass": 1,
					"rotationOrigin": [ 0.0, 0.0, 1.0 ],
					"rotationX": 12.0,
					"faces": {
						"north": { "texture": "#fronds1", "uv": [ 0.0, 0.0, 12.0, 32.0 ], "windMode": [0,5,5,0], "windData": [0,1,1,0] }
					}
				},
				{
					"name": "1st row fronds 2",
					"from": [ -7.0, 0.0, -1.0 ],
					"to": [ 5.0, 32.0, -1.0 ],
					"shade": false,
					"renderPass": 1,
					"rotationOrigin": [ -1.0, 0.0, -1.0 ],
					"rotationX": 163.269,
					"rotationY": -43.761,
					"rotationZ": 168.255,
					"faces": {
						"north": { "texture": "#fronds1", "uv": [ 0.0, 0.0, 12.0, 32.0 ], "windMode": [0,5,5,0], "windData": [0,1,1,0] }
					}
				},
				{
					"name": "1st row fronds 3",
					"from": [ -5.0, 0.0, -1.0 ],
					"to": [ 7.0, 32.0, -1.0 ],
					"shade": false,
					"renderPass": 1,
					"rotationOrigin": [ 1.0, 0.0, -1.0 ],
					"rotationX": 150.951,
					"rotationY": 64.648,
					"rotationZ": -153.346,
					"faces": {
						"north": { "texture": "#fronds1", "uv": [ 0.0, 0.0, 12.0, 32.0 ], "windMode": [0,5,5,0], "windData": [0,1,1,0] }
					}
				},
				{
					"name": "1st row fronds 4",
					"from": [ -5.0, 0.0, 1.0 ],
					"to": [ 7.0, 32.0, 1.0 ],
					"shade": false,
					"renderPass": 1,
					"rotationOrigin": [ 1.0, 0.0, 1.0 ],
					"rotationX": 29.049,
					"rotationY": 64.647,
					"rotationZ": -26.654,
					"faces": {
						"north": { "texture": "#fronds2", "uv": [ 0.0, 0.0, 12.0, 32.0 ], "windMode": [0,5,5,0], "windData": [0,1,1,0] }
					}
				},
				{
					"name": "1st row fronds 5",
					"from": [ -7.0, 0.0, 1.0 ],
					"to": [ 5.0, 32.0, 1.0 ],
					"shade": false,
					"renderPass": 1,
					"rotationOrigin": [ -1.0, 0.0, 1.0 ],
					"rotationX": 29.049,
					"rotationY": -64.647,
					"rotationZ": 26.654,
					"faces": {
						"north": { "texture": "#fronds2", "uv": [ 0.0, 0.0, 12.0, 32.0 ], "windMode": [0,5,5,0], "windData": [0,1,1,0] }
					}
				},
				{
					"name": "1st row fronds 6",
					"from": [ -6.0, 0.0, -1.0 ],
					"to": [ 6.0, 32.0, -1.0 ],
					"shade": false,
					"renderPass": 1,
					"rotationOrigin": [ 0.0, 0.0, -1.0 ],
					"rotationX": 168.0,
					"rotationZ": -180.0,
					"faces": {
						"north": { "texture": "#fronds2", "uv": [ 0.0, 0.0, 12.0, 32.0 ], "windMode": [0,5,5,0], "windData": [0,1,1,0] }
					}
				},
				{
					"name": "2nd row fronds 1",
					"from": [ -6.0, 0.0, 1.0 ],
					"to": [ 6.0, 8.0, 1.0 ],
					"shade": false,
					"renderPass": 1,
					"rotationOrigin": [ 0.0, 0.0, 1.0 ],
					"rotationX": 25.0,
					"faces": {
						"north": { "texture": "#fronds1", "uv": [ 0.0, 24.0, 12.0, 32.0 ], "windMode": [0,5,5,0], "windData": [0,1,1,0] }
					}
				},
				{
					"name": "2nd row fronds 2",
					"from": [ -7.0, 0.0, -1.0 ],
					"to": [ 5.0, 8.0, -1.0 ],
					"shade": false,
					"renderPass": 1,
					"rotationOrigin": [ -1.0, 0.0, -1.0 ],
					"rotationX": 146.597,
					"rotationY": -39.856,
					"rotationZ": 157.09,
					"faces": {
						"north": { "texture": "#fronds1", "uv": [ 0.0, 24.0, 12.0, 32.0 ], "windMode": [0,5,5,0], "windData": [0,1,1,0] }
					}
				},
				{
					"name": "2nd row fronds 3",
					"from": [ -5.0, 0.0, -1.0 ],
					"to": [ 7.0, 8.0, -1.0 ],
					"shade": false,
					"renderPass": 1,
					"rotationOrigin": [ 1.0, 0.0, -1.0 ],
					"rotationX": 146.597,
					"rotationY": 39.856,
					"rotationZ": -157.09,
					"faces": {
						"north": { "texture": "#fronds1", "uv": [ 0.0, 24.0, 12.0, 32.0 ], "windMode": [0,5,5,0], "windData": [0,1,1,0] }
					}
				},
				{
					"name": "2nd row fronds 4",
					"from": [ -7.0, 0.0, 1.0 ],
					"to": [ 5.0, 8.0, 1.0 ],
					"shade": false,
					"renderPass": 1,
					"rotationOrigin": [ -1.0, 0.0, 1.0 ],
					"rotationX": 46.769,
					"rotationY": -54.546,
					"rotationZ": 40.909,
					"faces": {
						"north": { "texture": "#fronds2", "uv": [ 0.0, 24.0, 12.0, 32.0 ], "windMode": [0,5,5,0], "windData": [0,1,1,0] }
					}
				},
				{
					"name": "2nd row fronds 5",
					"from": [ -5.0, 0.0, 1.0 ],
					"to": [ 7.0, 8.0, 1.0 ],
					"shade": false,
					"renderPass": 1,
					"rotationOrigin": [ 1.0, 0.0, 1.0 ],
					"rotationX": 46.769,
					"rotationY": 54.546,
					"rotationZ": -40.909,
					"faces": {
						"north": { "texture": "#fronds2", "uv": [ 0.0, 24.0, 12.0, 32.0 ], "windMode": [0,5,5,0], "windData": [0,1,1,0] }
					}
				},
				{
					"name": "2nd row fronds 6",
					"from": [ -6.0, 0.0, -1.0 ],
					"to": [ 6.0, 8.0, -1.0 ],
					"shade": false,
					"renderPass": 1,
					"rotationOrigin": [ 0.0, 0.0, -1.0 ],
					"rotationX": 154.785,
					"rotationY": -7.246,
					"rotationZ": 176.601,
					"faces": {
						"north": { "texture": "#fronds2", "uv": [ 0.0, 24.0, 12.0, 32.0 ], "windMode": [0,5,5,0], "windData": [0,1,1,0] }
					}
				},
				{
					"name": "3rd row fronds 1",
					"from": [ -6.0, 0.0, -2.0 ],
					"to": [ 6.0, 8.0, -2.0 ],
					"shade": false,
					"renderPass": 1,
					"rotationOrigin": [ 0.0, 0.0, -2.0 ],
					"rotationX": 144.0,
					"rotationZ": 180.0,
					"faces": {
						"north": { "texture": "#fronds2", "uv": [ 0.0, 24.0, 12.0, 32.0 ], "windMode": [0,5,5,0], "windData": [0,1,1,0] }
					}
				},
				{
					"name": "3rd row fronds 2",
					"from": [ -4.0, 0.0, 2.0 ],
					"to": [ 8.0, 8.0, 2.0 ],
					"shade": false,
					"renderPass": 1,
					"rotationOrigin": [ 2.0, 0.0, 2.0 ],
					"rotationX": 53.894,
					"rotationY": 43.321,
					"rotationZ": -43.248,
					"faces": {
						"north": { "texture": "#fronds2", "uv": [ 0.0, 24.0, 12.0, 32.0 ], "windMode": [0,5,5,0], "windData": [0,1,1,0] }
					}
				},
				{
					"name": "3rd row fronds 3",
					"from": [ -8.0, 0.0, 2.0 ],
					"to": [ 4.0, 8.0, 2.0 ],
					"shade": false,
					"renderPass": 1,
					"rotationOrigin": [ -2.0, 0.0, 2.0 ],
					"rotationX": 50.364,
					"rotationY": -40.249,
					"rotationZ": 37.955,
					"faces": {
						"north": { "texture": "#fronds2", "uv": [ 0.0, 24.0, 12.0, 32.0 ], "windMode": [0,5,5,0], "windData": [0,1,1,0] }
					}
				},
				{
					"name": "3rd row fronds 4",
					"from": [ -4.0, 0.0, -2.0 ],
					"to": [ 8.0, 8.0, -2.0 ],
					"shade": false,
					"renderPass": 1,
					"rotationOrigin": [ 2.0, 0.0, -2.0 ],
					"rotationX": 121.105,
					"rotationY": 46.647,
					"rotationZ": -129.685,
					"faces": {
						"north": { "texture": "#fronds1", "uv": [ 0.0, 24.0, 12.0, 32.0 ], "windMode": [0,5,5,0], "windData": [0,1,1,0] }
					}
				},
				{
					"name": "3rd row fronds 5",
					"from": [ -8.0, 0.0, -2.0 ],
					"to": [ 4.0, 8.0, -2.0 ],
					"shade": false,
					"renderPass": 1,
					"rotationOrigin": [ -2.0, 0.0, -2.0 ],
					"rotationX": 128.29,
					"rotationY": -41.507,
					"rotationZ": 139.988,
					"faces": {
						"north": { "texture": "#fronds1", "uv": [ 0.0, 24.0, 12.0, 32.0 ], "windMode": [0,5,5,0], "windData": [0,1,1,0] }
					}
				},
				{
					"name": "3rd row fronds 6",
					"from": [ -6.0, 0.0, 2.0 ],
					"to": [ 6.0, 8.0, 2.0 ],
					"shade": false,
					"renderPass": 1,
					"rotationOrigin": [ 0.0, 0.0, 2.0 ],
					"rotationX": 36.037,
					"rotationY": -2.427,
					"rotationZ": 1.764,
					"faces": {
						"north": { "texture": "#fronds1", "uv": [ 0.0, 24.0, 12.0, 32.0 ], "windMode": [0,5,5,0], "windData": [0,1,1,0] }
					}
				}
			]
		}
	]}