{
  "code": "herbrackhook",
  "shape": { "base": "alchemy:item/herbhook" },
  "behaviors": [
    {
      "name": "GroundStorable",
      "properties": { "layout": "Quadrants", "collisionBox": { "x1": 0, "y1": 0, "z1": 0, "x2": 1, "y2": 0.125, "z2": 1 } }
    }
  ],
  "variantgroups": [
    { "code": "metal", "loadFromProperties": "block/metal" }
  ],
  "textures": { "hook": { "base": "game:block/metal/sheet/{metal}1" } },
  "attributes": { "handbook": { "groupBy": ["herbrackhook-{metal}"] } },
  "guiTransform": {
    "translation": { "x": 0, "y": 0, "z": 0 },
    "rotation": { "x": 80, "y": 0, "z": 0 },
    "origin": { "x": 0.5, "y": 0, "z": 0.5 },
    "scale": 3
  },
  "groundTransform": {
    "translation": { "x": 0, "y": 0, "z": 0 },
    "rotation": { "x": 0, "y": 0, "z": 1 },
    "origin": { "x": 0.5, "y": 0, "z": 0.5 },
    "scale": 3
  },
  "tpHandTransform": {
    "translation": { "x": 0.5, "y": -0.4, "z": 0.1 },
    "rotation": { "x": 0, "y": 0, "z": 0 },
    "origin": { "x": 0, "y": 0, "z": 0 },
    "scale": 1.01
  },
  "fpHandTransform": {
    "translation": { "x": 0, "y": 0.2, "z": 0.7 },
    "rotation": { "x": 0, "y": 0, "z": 0 },
    "origin": { "x": 0.5, "y": 0.1, "z": 0.2 },
    "scale": 2.5
  },
  "creativeinventory": { "general": ["*-copper"], "decorative": ["*"], "alchemy": ["*"] },
  "maxstacksize": 64
}
