{
  "code": "herbball",
  "variantgroups": [
    {
      "code": "potiontype",
      "states": [
        "archer",
        "healingeffect",
        "hungerenhance",
        "hungersupress",
        "hunter",
        "looter",
        "melee",
        "mining",
        "poison",
        "predator",
        "regen",
        "scentmask",
        "speed",
        "vitality",
        "all",
        "alltick"
      ]
    }
  ],
  "class": "ItemPotion",
  "attributesByType": {
    "*-archer": {
      "potioninfo": { "potionId": "archerpotionid"}
    },
    "*-healingeffect": {
      "potioninfo": { "potionId": "healingeffectpotionid" }
    },
    "*-hungerenhance": { "potioninfo": { "potionId": "hungerenhancepotionid" } },
    "*-hungersupress": { "potioninfo": { "potionId": "hungersupresspotionid" } },
    "*-hunter": {
      "potioninfo": { "potionId": "hunterpotionid" }
    },
    "*-looter": {
      "potioninfo": { "potionId": "looterpotionid" }
    },
    "*-melee": { "potioninfo": { "potionId": "meleepotionid" } },
    "*-mining": {
      "potioninfo": { "potionId": "miningpotionid" }
    },
    "*-poison": {
      "potioninfo": { "potionId": "poisontickpotionid" }
    },
    "*-predator": { "potioninfo": { "potionId": "predatorpotionid" } },
    "*-regen": {
      "potioninfo": { "potionId": "regentickpotionid" }
    },
    "*-scentmask": { "potioninfo": { "potionId": "scentmaskpotionid" } },
    "*-speed": { "potioninfo": { "potionId": "speedpotionid" } },
    "*-vitality": { "potioninfo": { "potionId": "vitalitypotionid" } },
    "*": { "handbook": { "exclude": true } }
  },
  "shape": { "base": "alchemy:item/herbball" },
  "texturesByType": {
    "herbball-archer": {
      "mat1": { "base": "alchemy:item/potionbase/lupine-blue" },
      "mat2": { "base": "alchemy:item/potionbase/lupine-blue" },
      "mat3": { "base": "alchemy:item/potionbase/orangemallow" },
      "mat4": { "base": "alchemy:item/potionbase/orangemallow" }
    },
    "herbball-healingeffect": {
      "mat1": { "base": "alchemy:item/potionbase/lupine-orange" },
      "mat2": { "base": "alchemy:item/potionbase/lupine-orange" },
      "mat3": { "base": "alchemy:item/potionbase/catmint" },
      "mat4": { "base": "alchemy:item/potionbase/catmint" }
    },
    "herbball-hungerenhance": {
      "mat1": { "base": "alchemy:item/potionbase/lupine-purple" },
      "mat2": { "base": "alchemy:item/potionbase/lupine-purple" },
      "mat3": { "base": "alchemy:item/potionbase/westerngorse" },
      "mat4": { "base": "alchemy:item/potionbase/westerngorse" }
    },
    "herbball-hungersupress": {
      "mat1": { "base": "alchemy:item/potionbase/lupine-red" },
      "mat2": { "base": "alchemy:item/potionbase/lupine-red" },
      "mat3": { "base": "alchemy:item/potionbase/edelweiss" },
      "mat4": { "base": "alchemy:item/potionbase/edelweiss" }
    },
    "herbball-hunter": {
      "mat1": { "base": "alchemy:item/potionbase/cornflower" },
      "mat2": { "base": "alchemy:item/potionbase/cornflower" },
      "mat3": { "base": "alchemy:item/potionbase/orangemallow" },
      "mat4": { "base": "alchemy:item/potionbase/orangemallow" }
    },
    "herbball-looter": {
      "mat1": { "base": "alchemy:item/potionbase/woad" },
      "mat2": { "base": "alchemy:item/potionbase/woad" },
      "mat3": { "base": "alchemy:item/potionbase/lupine-blue" },
      "mat4": { "base": "alchemy:item/potionbase/lupine-blue" }
    },
    "herbball-melee": {
      "mat1": { "base": "alchemy:item/potionbase/lupine-white" },
      "mat2": { "base": "alchemy:item/potionbase/lupine-white" },
      "mat3": { "base": "alchemy:item/potionbase/cowparsley" },
      "mat4": { "base": "alchemy:item/potionbase/cowparsley" }
    },
    "herbball-mining": {
      "mat1": { "base": "alchemy:item/potionbase/goldenpoppy" },
      "mat2": { "base": "alchemy:item/potionbase/goldenpoppy" },
      "mat3": { "base": "alchemy:item/potionbase/wilddaisy" },
      "mat4": { "base": "alchemy:item/potionbase/wilddaisy" }
    },
    "herbball-poison": {
      "mat1": { "base": "alchemy:item/potionbase/heather" },
      "mat2": { "base": "alchemy:item/potionbase/heather" },
      "mat3": { "base": "alchemy:item/potionbase/forgetmenot" },
      "mat4": { "base": "alchemy:item/potionbase/forgetmenot" }
    },
    "herbball-predator": {
      "mat1": { "base": "alchemy:item/potionbase/horsetail" },
      "mat2": { "base": "alchemy:item/potionbase/cornflower" },
      "mat3": { "base": "game:block/wood/barrel/raw-bushmeat" },
      "mat4": { "base": "game:block/wood/barrel/raw-redmeat" }
    },
    "herbball-regen": {
      "mat1": { "base": "alchemy:item/potionbase/lilyofthevalley" },
      "mat2": { "base": "alchemy:item/potionbase/lilyofthevalley" },
      "mat3": { "base": "alchemy:item/potionbase/catmint" },
      "mat4": { "base": "alchemy:item/potionbase/catmint" }
    },
    "herbball-scentmask": {
      "mat1": { "base": "alchemy:item/potionbase/forgetmenot" },
      "mat2": { "base": "alchemy:item/potionbase/forgetmenot" },
      "mat3": { "base": "alchemy:item/potionbase/horsetail" },
      "mat4": { "base": "alchemy:item/potionbase/horsetail" }
    },
    "herbball-speed": {
      "mat1": { "base": "alchemy:item/potionbase/westerngorse" },
      "mat2": { "base": "alchemy:item/potionbase/westerngorse" },
      "mat3": { "base": "alchemy:item/potionbase/heather" },
      "mat4": { "base": "alchemy:item/potionbase/heather" }
    },
    "herbball-vitality": {
      "mat1": { "base": "alchemy:item/potionbase/goldenpoppy" },
      "mat2": { "base": "alchemy:item/potionbase/goldenpoppy" },
      "mat3": { "base": "alchemy:item/potionbase/lupine-purple" },
      "mat4": { "base": "alchemy:item/potionbase/lupine-purple" }
    }
  },
  "creativeinventory": { "general": ["*"], "items": ["*"], "alchemy": ["*"] },
  "maxstacksize": 200,
  "materialDensity": 200,
  "guiTransform": {
    "translation": { "x": 3, "y": 0, "z": 0 },
    "rotation": { "x": -28, "y": 23, "z": 180 },
    "origin": { "x": 0.5, "y": 0.25, "z": 0.5 },
    "scale": 2
  },
  "groundTransform": {
    "translation": { "x": 0, "y": 0, "z": 0 },
    "rotation": { "x": 0, "y": 0, "z": 1 },
    "origin": { "x": 0.5, "y": 0, "z": 0.5 },
    "scale": 3
  },
  "tpHandTransform": {
    "translation": { "x": 0.3, "y": -0.16, "z": 0.5 },
    "rotation": { "x": 0, "y": 0, "z": 0 },
    "origin": { "x": 0, "y": 0.13, "z": 0 },
    "scale": 0.33
  },
  "fpHandTransform": {
    "translation": { "x": 0, "y": 0.24, "z": 0.3 },
    "rotation": { "x": 0, "y": 0, "z": 0 },
    "origin": { "x": 0.5, "y": 0.1, "z": 0.5 },
    "scale": 1
  }
}
