{
	"ingredient": { "type": "item", "code": "game:clay-*", "name": "color", "allowedVariants": [ "blue", "fire", "red" ] },
	"pattern": [[
		"###__###",
		"###__###",
		"###__###",
		"________",
		"________",
		"###__###",
		"###__###",
		"###__###"
	],
	[
		"###__###",
		"#_#__#_#",
		"###__###",
		"________",
		"________",
		"###__###",
		"#_#__#_#",
		"###__###"
	],
	[
		"###__###",
		"#_#__#_#",
		"###__###",
		"________",
		"________",
		"###__###",
		"#_#__#_#",
		"###__###"
	],
	[
		"###__###",
		"#_#__#_#",
		"###__###",
		"________",
		"________",
		"###__###",
		"#_#__#_#",
		"###__###"
	],
	[
		"###__###",
		"#_#__#_#",
		"###__###",
		"________",
		"________",
		"###__###",
		"#_#__#_#",
		"###__###"
	]],
	"name": "recipe-clayforming-colored-fourmug",
	"output": { "type": "block", "code": "bricklayers:coloredmug-raw-{color}", "stacksize": 4 }
}
