[
  {
    "op": "addmerge",
    "path": "/server/behaviors/11/aitasks/0/entityCodes/-",
    "value": "machairodontinae-adult-*",
    "file": "game:entities/animal/mammal/hyena-adult.json",
    "side": "Server"
  },
  {
    "op": "addmerge",
    "path": "/server/behaviors/11/aitasks/1/entityCodes/-",
    "value": "machairodontinae-baby-*",
    "file": "game:entities/animal/mammal/hyena-adult.json",
    "side": "Server"
  },
  {
    "op": "addmerge",
    "path": "/server/behaviors/11/aitasks/3/entityCodes/-",
    "value": "machairodontinae-baby-*",
    "file": "game:entities/animal/mammal/hyena-adult.json",
    "side": "Server"
  }
]