{
	"code": "blightworm-queen",
	"class": "EntityAgent",
	"canClimb": true,
	"canClimbAnywhere": true,
	"climbTouchDistance": 0.1,
	"rotateModelOnClimb": true,
	"fallDamage": false,
	"knockbackResistance": 0,
	"hitboxSize": {
			"x": 0.65,
			"y": 0.5
	},
	"deadHitboxSize":{
			"x": 0.2,
			"y": 0.3
	},
	"eyeHeight": 0.5,
	"drops": [],
	"attributes": {
		"killedByInfoText": "deadcreature-vile"
	},
	"client": {
		"renderer": "Shape",
		"shape": { "base": "wrustbound:entity/land/blightworm/blightworm_queen"	},
		"behaviors": [
			{ "code": "repulseagents" },
			{
				"code": "controlledphysics",
				"stepHeight": 1.1251
			},
			{
				"code": "interpolateposition"
			}
		],
		"animations": [
			{
				"code": "hurt",
				"animation": "hurt",
				"animationSpeed": 2.2,
				"weight": 5,
				"blendMode": "AddAverage"
			},
			{
				"code": "die",
				"animation": "die",
				"animationSpeed": 1.25,
				"weight": 10,
				"blendMode": "Average",
				"triggeredBy": { "onControls": [ "dead" ] }
			},
			{
				"code": "idle",
				"animation": "idle",
				"blendMode": "Average",
				"triggeredBy": { "defaultAnim": true }
			},
			{
				"code": "run",
				"animation": "walk",
				"supressDefaultAnimation": true,
				"blendMode": "AddAverage"
			},
			{
				"code": "grabattack",
				"animation": "grabattack",
				"supressDefaultAnimation": true,
				"blendMode": "AddAverage"
			},
			{
				"code": "runaggro",
				"animation": "walk",
				"supressDefaultAnimation": true,
				"blendMode": "AddAverage"
			}
		]
	},
	"server": {
		"attributes": {
			"pathfinder": {
				"minTurnAnglePerSec": 720,
				"maxTurnAnglePerSec": 1440
			}
		},
		"behaviors": [
			{ "code": "repulseagents" },
			{
				"code": "blightsoil",
				"radius": 1,
				"intervalSeconds": 5,
				"chance": 0.2,
				"maxPerInterval": 1,
				"convertTo": [ "game:devastatedsoil-*" ]
			},
			{
				"code": "controlledphysics",
				"stepHeight": 1.1251
			},
			{ "code": "breathe" },
			{
				"code": "health",
				"currenthealth": 8,
				"maxhealth": 8
			},
			{
				"code": "deaddecay",
				"hoursToDecay": 0.1
			},
			{
				"code": "emotionstates",
				"states": [
					{
						"code": "aggressiveondamage",
						"duration": 30,
						"chance": 1,
						"slot": 2,
						"priority": 2,
						"accumType": "noaccum"
					}
				]
			},
			{
				"code": "grow",
				"hoursToGrow": 8,
				"adultEntityCodes": [	"wrustbound:bugnest-skulker-young"	]
			},
			{
				"code": "taskai",
				"aitasks": [
					{
						"code": "meleeattack",
						"entitycodes": [ "player" ],
						"priority": 2.3,
						"damage": 1.5,
						"damageTier": 1,
						"mincooldown": 1500,
						"maxcooldown": 1500,
						"damageType": "Poison",
						"damagePlayerAtMs": 375,
						"attackDurationMs": 800,
						"animation": "attack",
						"animationSpeed": 1.8,
						"sound": "wrustbound:creature/blightworm/blightworm-attack1",
						"soundStartMs": 1000
					},
					{
						"code": "seekentity",
						"priority": 2,
						"entitycodes": [ "player" ],
						"movespeed": 0.04,
						"mincooldown": 400,
						"maxcooldown": 800,
						"seekingRange": 3,
						"animation": "runaggro",
						"animationSpeed": 6,
						"sound": "wrustbound:creature/blightworm/blightworm-idle4"
					},
					{
						"code": "fleeentity",
						"entityCodes": [ "player", "bugnest-skulker-young", "bugnest-skulker-mature", "bugnest-skulker-aged" ],
						"priority": 2,
						"movespeed": 0.06,
						"seekingRange": 35,
						"animation": "Walk",
						"animationSpeed": 4
					},
					{
						"code": "fleeentity",
						"entityCodes": [ "bugnest-skulker-adolescent", "bugnest-skulker-mature", "bugnest-skulker-aged" ],
						"priority": 2,
						"movespeed": 0.06,
						"seekingRange": 75,
						"animation": "Walk",
						"animationSpeed": 4
					},
					{
						"code": "fleeentity",
						"entityCodes": [ "chicken-hen", "chicken-rooster" ],
						"priority": 2,
						"movespeed": 0.06,
						"seekingRange": 24,
						"animation": "Walk",
						"animationSpeed": 4
					},
					{
						"code": "idle",
						"priority": 6.5,
						"minduration": 5000000,
						"maxduration": 5000000,
						"mincooldown": 5000,
						"maxcooldown": 20000,
						"animation": "sleep",
						"animationSpeed": 1.75,
						"duringDayTimeFrames": [
							{
								"fromHour": 7,
								"toHour": 19
							}
						],
						"stopOnNearbyEntitycodes": [ "player" ],
						"stopRange": 10,
						"stopOnHurt": true,
						"whenNotInEmotionState": "aggressiveondamage"
					},
					{
						"code": "getoutofwater",
						"priority": 9,
						"priorityForCancel": 1,
						"movespeed": 0.025,
						"animation": "Walk",
						"animationSpeed": 4.25
					},
					{
						"code": "wander",
						"priority": 1.3,
						"movespeed": 0.01,
						"animationSpeed": 5,
						"animation": "Walk"
					},
					{
						"code": "idle",
						"priority": 1.2,
						"priorityForCancel": 1.3,
						"minduration": 10000,
						"maxduration": 30000,
						"mincooldown": 30000,
						"maxcooldown": 60000,
						"animation": "sleep",
						"animationSpeed": 1.75
					},
					{
						"code": "wander",
						"priority": 1.1,
						"priorityForCancel": 1.3,
						"movespeed": 0.007,
						"animationSpeed": 2,
						"preferredLightLevel": 7
					},
					{
						"code": "idle",
						"priority": 1.2,
						"priorityForCancel": 1.35,
						"minduration": 2500,
						"maxduration": 2500,
						"mincooldown": 6000,
						"maxcooldown": 20000,
						"animation": "lookleft",
						"animationSpeed": 1.25
					},
					{
						"code": "idle",
						"priority": 1.2,
						"priorityForCancel": 1.35,
						"minduration": 2500,
						"maxduration": 2500,
						"mincooldown": 6000,
						"maxcooldown": 20000,
						"animation": "lookright",
						"animationSpeed": 1.25
					},
					{
						"code": "idle",
						"priority": 1.2,
						"priorityForCancel": 1.53,
						"minduration": 2500,
						"maxduration": 2500,
						"mincooldown": 6000,
						"maxcooldown": 20000,
						"animation": "idletwitch",
						"animationSpeed": 1.25
					},
					{
						"code": "idle",
						"priority": 1.2,
						"priorityForCancel": 1.25,
						"minduration": 2500,
						"maxduration": 2500,
						"mincooldown": 6000,
						"maxcooldown": 20000,
						"animation": "idlecalm",
						"animationSpeed": 1.25
					},
					{
						"code": "wander",
						"priority": 1.1,
						"priorityForCancel": 1.2,
						"movespeed": 0.005,
						"animationSpeed": 1.75,
						"animation": "walk",
						"preferredLightLevel": 7
					},
					{
						"code": "lookaround",
						"priority": 0.5,
						"priorityForCancel": 7,
						"animation": "breathecalm",
						"animationSpeed": 1.25
					}
				]
			}
		]
	},
	"sounds": {
		"hurt": "wrustbound:creature/blightworm/blightworm-hurt",
		"death": "wrustbound:creature/blightworm/blightworm-death",
		"idle": "wrustbound:creature/blightworm/blightworm-idle*"
	},
	"idleSoundChance": 0.05

}