{
	"code": "bugnest",
	"class": "EntityBell",
	"canClimb": false,
	"hitboxSizeByType": {
		"*-skulker-young": {
			"x": 1,
			"y": 1
		},
		"*-skulker-mature": {
			"x": 1,
			"y": 2
		},
		"*-skulker-aged": {
			"x": 1,
			"y": 3
		},
		"*-banefly": {
			"x": 1,
			"y": 2.5
		}
	},
	"deadHitboxSize": {
		"x": 0.9,
		"y": 0.9
	},
	"eyeHeight": 1.6,
	"knockbackResistance": 10,
	"variantgroups": [
		{
			"code": "type",
			"states": [
				"skulker-young",
				"skulker-mature",
				"skulker-aged",
        "banefly"
			]
		}
	],
	"drops": [],
	"client": {
		"renderer": "Shape",
		"shapeByType": {
			"*-skulker-young": {
				"base": "wrustbound:entity/land/bugnest/skulkernest-young"
			},
			"*-skulker-mature": {
				"base": "wrustbound:entity/land/bugnest/skulkernest-mature"
			},
			"*-skulker-aged": {
				"base": "wrustbound:entity/land/bugnest/skulkernest-aged"
			},
			"*-banefly": {
				"base": "wrustbound:entity/land/bugnest/baneflynest"
			}
		},
		"behaviors": [
			{
				"code": "repulseagents",
				"movable": false
			},
			{
				"code": "controlledphysics",
				"stepHeight": 1.1251
			},
			{
				"code": "interpolateposition"
			},
			{ "code": "harvestable" }
		],
		"animations": [
			{
				"code": "die",
				"animation": "die",
				"animationSpeed": 1,
				"weight": 10,
				"blendMode": "Average",
				"triggeredBy": { "onControls": [ "dead" ] }
			},
			{
				"code": "idle",
				"animation": "idle",
				"blendMode": "AddAverage",
				"easeOutSpeed": 4,
				"triggeredBy": { "defaultAnim": true }
			}
		]
	},
	"server": {
		"behaviors": [
			{
				"code": "repulseagents",
				"movable": false
			},
			{
				"code": "controlledphysics",
				"stepHeight": 1.1251
			},
			{ "code": "breathe" },
			{
				"code": "health",
				"currenthealthByType": {
					"*-skulker-young": 75,
					"*-skulker-mature": 125,
					"*-skulker-aged": 150,
          "*-banefly": 100
				},
				"maxhealthByType": {
					"*-skulker-young": 75,
					"*-skulker-mature": 125,
					"*-skulker-aged": 150,
					"*-banefly": 100
				}
			},
			{
				"code": "deaddecay",
				"hoursToDecay": 0.3
			},
			{
				"code": "harvestable",
				"duration": 2,
				"dropsByType": {
					"*-skulker-young": [
						{
							"type": "block",
							"code": "game:metal-scraps",
							"quantity": {
								"avg": 0.02,
								"var": 0
							}
						}
					],
					"*-skulker-mature": [
						{
							"type": "block",
							"code": "game:metal-scraps",
							"quantity": {
								"avg": 0.05,
								"var": 0.75
							}
						}
					],
					"*-skulker-aged": [
						{
							"type": "block",
							"code": "game:metal-scraps",
							"quantity": {
								"avg": 0.75,
								"var": 2
							}
						}
					],
					"*-banefly": [
						{
							"type": "block",
							"code": "game:metal-scraps",
							"quantity": {
								"avg": 0.5,
								"var": 1
							}
						}
					]
				}
			},
			{
				"code": "emotionstates",
				"states": [
					{
						"code": "aggressiveondamage",
						"duration": 30,
						"chance": 1,
						"slot": 0,
						"priority": 2,
						"accumType": "noaccum"
					}
				]
			},
			{
				"code": "grow",
				"hoursToGrow": 168,
				"adultEntityCodesByType": {
					"*-skulker-young": [
						"wrustbound:bugnest-skulker-young",
						"wrustbound:bugnest-skulker-mature"
					],
					"*-skulker-mature": [
						"wrustbound:bugnest-skulker-mature",
						"wrustbound:bugnest-skulker-aged"
					]
				}
			},
			{
				"code": "taskai",
				"aitasks": [
					{
						"code": "bellalarm",
						"onNearbyEntityCodes": [
							"player",
							"itinerant-*"
						],
						"spawnMobsByType": {
							"*-skulker-young": [
								"wrustbound:skulker-young",
								"wrustbound:skulker-young",
								"wrustbound:skulker-young",
								"wrustbound:skulker-young",
								"wrustbound:skulker-young",
								"wrustbound:skulker-young",
								"wrustbound:skulker-young",
								"wrustbound:skulker-young",
								"wrustbound:skulker-adolescent",
								"wrustbound:skulker-adolescent",
								"wrustbound:skulker-adolescent",
								"wrustbound:skulker-adolescent",
								"wrustbound:blightworm",
								"wrustbound:caretaker-spikehorned"
							],
							"*-skulker-mature": [
								"wrustbound:skulker-young",
								"wrustbound:skulker-young",
								"wrustbound:skulker-adolescent",
								"wrustbound:skulker-adolescent",
								"wrustbound:skulker-adolescent",
								"wrustbound:skulker-adolescent",
								"wrustbound:skulker-adolescent",
								"wrustbound:skulker-mature",
								"wrustbound:skulker-mature",
								"wrustbound:blightworm",
								"wrustbound:caretaker-deerhorned"
							],
							"*-skulker-aged": [
								"wrustbound:skulker-adolescent",
								"wrustbound:skulker-adolescent",
								"wrustbound:skulker-adolescent",
								"wrustbound:skulker-adolescent",
								"wrustbound:blightworm-queen",
								"wrustbound:skulker-mature",
								"wrustbound:skulker-mature",
								"wrustbound:skulker-mature",
								"wrustbound:skulker-mature",
								"wrustbound:skulker-mature",
								"wrustbound:skulker-mature",
								"wrustbound:skulker-mature",
								"wrustbound:caretaker-ramhorned",
								"wrustbound:blightworm"
							],
							"*-banefly": [
								"wrustbound:banefly"
							]
						},
						"spawnMaxQuantityByType": {
							"*-skulker-young": 5,
							"*-skulker-mature": 9,
							"*-skulker-aged": 13,
							"*-banefly": 9
						},
						"spawnIntervalMsMinByType": {
							"*-skulker-young": 2000,
							"*-skulker-mature": 1500,
							"*-skulker-aged": 1000,
							"*-banefly": 1000
						},
						"spawnIntervalMsMaxByType": {
							"*-skulker-young": 12000,
							"*-skulker-mature": 8000,
							"*-skulker-aged": 4000,
							"*-banefly": 4000
						},
						"spawnRangeByType": {
							"*-skulker-young": 3,
							"*-skulker-mature": 3,
							"*-skulker-aged": 3,
							"*-banefly": 3
						},
						"seekingRangeByType": {
							"*-skulker-young": 15,
							"*-skulker-mature": 15,
							"*-skulker-aged": 15,
							"*-banefly": 25
						},
						"priority": 3,
						"slot": 2,
						"duringDayTimeFrames": [
							{
								"fromHour": 7,
								"toHour": 20
							}
						],
						"animation": "idle",
						"animationSpeed": 0.02,
						"repeatSound": "wrustbound:creature/skulker/skulker-idle*"
					},
					{
						"code": "bellalarm",
						"onNearbyEntityCodes": [
							"player",
							"itinerant-*"
						],
						"spawnMobsByType": {
							"*-skulker-young": [
								"wrustbound:skulker-young",
								"wrustbound:skulker-young",
								"wrustbound:skulker-young",
								"wrustbound:skulker-young",
								"wrustbound:skulker-adolescent",
								"wrustbound:skulker-adolescent",
								"wrustbound:blightworm"
							],
							"*-skulker-mature": [
								"wrustbound:skulker-young",
								"wrustbound:skulker-adolescent",
								"wrustbound:skulker-adolescent",
								"wrustbound:skulker-mature",
								"wrustbound:blightworm",
								"wrustbound:blightworm-queen",
								"wrustbound:caretaker-deerhorned"
							],
							"*-skulker-aged": [
								"wrustbound:skulker-adolescent",
								"wrustbound:skulker-adolescent",
								"wrustbound:skulker-mature",
								"wrustbound:skulker-mature",
								"wrustbound:skulker-mature",
								"wrustbound:skulker-mature",
								"wrustbound:blightworm",
								"wrustbound:blightworm-queen",
								"wrustbound:caretaker-deerhorned",
								"wrustbound:caretaker-ramhorned"
							]
						},
						"spawnMaxQuantityByType": {
							"*-skulker-young": 5,
							"*-skulker-mature": 9,
							"*-skulker-aged": 13
						},
						"spawnIntervalMsMinByType": {
							"*-skulker-young": 2000,
							"*-skulker-mature": 1500,
							"*-skulker-aged": 1000
						},
						"spawnIntervalMsMaxByType": {
							"*-skulker-young": 12000,
							"*-skulker-mature": 8000,
							"*-skulker-aged": 4000
						},
						"spawnRangeByType": {
							"*-skulker-young": 3,
							"*-skulker-mature": 3,
							"*-skulker-aged": 3
						},
						"seekingRangeByType": {
							"*-skulker-young": 75,
							"*-skulker-mature": 75,
							"*-skulker-aged": 75
						},
						"priority": 3,
						"slot": 2,
						"duringDayTimeFrames": [
							{
								"fromHour": 20,
								"toHour": 7
							}
						],
						"animation": "idle",
						"animationSpeed": 0.02,
						"repeatSound": "wrustbound:creature/skulker/skulker-idle*"
					},
					{
						"code": "idle",
						"id": "listen",
						"priority": 2.5,
						"priorityForCancel": 1.3,
						"minduration": 10000,
						"maxduration": 30000,
						"mincooldown": 30000,
						"maxcooldown": 60000,
						"animation": "idle",
						"animationSpeed": 0.02
					}
				]
			}
		],
		"spawnconditionsByType": {
			"*-skulker-*": {
				"worldgen": {
					"TriesPerChunk": {
						"avg": 0.01,
						"var": 0
					},
					"tryOnlySurface": true,
					"groupSize": {
						"dist": "verynarrowgaussian",
						"avg": 1,
						"var": 0
					},
					"insideBlockcodes": [
						"game:air",
						"game:tallgrass-*",
						"game:snowlayer-1"
					],
					"minTemp": -15
				}
			},
			"*-banefly": {
				"worldgen": {
					"TriesPerChunk": {
						"avg": 0.9,
						"var": 0
					},
					"tryOnlySurface": true,
					"groupSize": {
						"dist": "verynarrowgaussian",
						"avg": 1,
						"var": 0
					},
					"insideBlockcodes": [
						"game:tallplant-coopersreed-*",
						"game:tallplant-papyrus-*",
						"game:tallplant-tule-*"
					]
				}
			}
		}
	},
	"sounds": {
		"hurt": "wrustbound:creature/skulker/skulker-hurt",
		"death": "wrustbound:creature/skulker/skulker-death",
		"idle": "wrustbound:creature/skulker/skulker-idle*"
	},
	"idleSoundChance": 0.05

}