{
	"code": "rustborn",
	"class": "EntityDrifter",
	"canClimb": true,
	"canClimbAnywhere": false,
	"hitboxSizeByType": {
		"rustborn-tier1": {
			"x": 0.6,
			"y": 1.7
		},
		"rustborn-tier2": {
			"x": 0.6,
			"y": 1.7
		},
		"rustborn-tier3": {
			"x": 0.6,
			"y": 1.8
		},
		"rustborn-tier4": {
			"x": 0.6,
			"y": 1.8
		},
		"rustborn-tier5": {
			"x": 0.6,
			"y": 1.8
		},
		"rustborn-tier6": {
			"x": 0.7,
			"y": 1.9
		},
		"rustborn-tier7": {
			"x": 0.7,
			"y": 2.0
		},
		"rustborn-tier8": {
			"x": 0.8,
			"y": 2.1
		},
		"rustborn-tier9": {
			"x": 0.8,
			"y": 2.2
		}
	},
	"deadHitboxSize": {
		"x": 0.6,
		"y": 1.5
	},
	"knockbackResistanceByType": {
		"rustborn-tier1": 0.1,
		"rustborn-tier2": 0.2,
		"rustborn-tier3": 0.3,
		"rustborn-tier4": 0.4,
		"rustborn-tier5": 0.5,
		"rustborn-tier6": 0.6,
		"rustborn-tier7": 0.4,
		"rustborn-tier8": 0.5,
		"rustborn-tier9": 0.6
	},
	"eyeHeight": 1.7,
	"attributes": {
		"allowInDevastationArea": true,
		"killedByInfoText": "deadcreature-vile",
		"glitchAffected": true,
		"glitchFlicker": true,
		"reckless": true,
		"extraSplashParticlesMul": 4,
		"spawnCloserDuringLowStability": true,
		"onDeathStabilityRecoveryByType": {
			"rustborn-tier1": 0.05,
			"rustborn-tier2": 0.07,
			"rustborn-tier3": 0.08,
			"rustborn-tier4": 0.1,
			"rustborn-tier5": 0.12,
			"rustborn-tier6": 0.14,
			"rustborn-tier7": 0.16,
			"rustborn-tier8": 0.18,
			"rustborn-tier9": 0.2
		}
	},
	"variantgroups": [
		{
			"code": "type",
			"states": [
				"tier1",
				"tier2",
				"tier3",
				"tier4",
				"tier5",
				"tier6",
				"tier7",
				"tier8",
				"tier9"
			]
		}
	],
	"drops": [],
	"client": {
		"renderer": "Shape",
		"pitchStep": false,
		"shapeByType": {
			"*-tier1": {
				"base": "wrustbound:entity/land/rustborn/tier1"
			},
			"*-tier2": {
				"base": "wrustbound:entity/land/rustborn/tier2",
				"alternates": [ { "base": "wrustbound:entity/land/rustborn/tier3a" } ]
			},
			"*-tier3": {
				"base": "wrustbound:entity/land/rustborn/tier3a",
				"alternates": [
					{ "base": "wrustbound:entity/land/rustborn/tier3b" },
					{ "base": "wrustbound:entity/land/rustborn/tier3c" }
				]
			},
			"*-tier4": {
				"base": "wrustbound:entity/land/rustborn/tier4"
			},
			"*-tier5": {
				"base": "wrustbound:entity/land/rustborn/tier5"
			},
			"*-tier6": {
				"base": "wrustbound:entity/land/rustborn/tier6"
			},
			"*-tier7": {
				"base": "wrustbound:entity/land/rustborn/tier7"
			},
			"*-tier8": {
				"base": "wrustbound:entity/land/rustborn/tier8"
			},
			"*-tier9": {
				"base": "wrustbound:entity/land/rustborn/tier9"
			}
		},
		"behaviors": [
			{
				"code": "repulseagents"
			},
			{
				"code": "controlledphysics",
				"stepHeight": 1.1251
			},
			{
				"code": "harvestable"
			},
			{ "code": "interpolateposition" }
		],
		"animations": [
			{
				"code": "hurt",
				"animation": "standhurt",
				"animationSpeed": 2,
				"weight": 10,
				"blendMode": "AddAverage"
			},
			{
				"code": "die",
				"animation": "standdie",
				"animationSpeed": 0.7,
				"weight": 10,
				"blendMode": "Average",
				"triggeredBy": { "onControls": [ "dead" ] }
			},
			{
				"code": "idle",
				"animation": "standidle",
				"blendMode": "Average",
				"triggeredBy": { "defaultAnim": true }
			},
			{
				"code": "crawlhurt",
				"animation": "crawlhurt",
				"animationSpeed": 2,
				"weight": 10,
				"blendMode": "AddAverage"
			},
			{
				"code": "crawldie",
				"animation": "crawldie",
				"animationSpeed": 0.7,
				"weight": 10,
				"blendMode": "Average",
				"triggeredBy": { "onControls": [ "dead" ] }
			},
			{
				"code": "crawlidle",
				"animation": "crawlidle",
				"blendMode": "Average",
				"weight": 0.1,
				"easeoutSpeed": 10
			},
			{
				"code": "standwalk",
				"animation": "standwalk",
				"blendMode": "Average"
			},
			{
				"code": "standrun",
				"animation": "standrun",
				"blendMode": "Average"
			},
			{
				"code": "crawlwalk",
				"animation": "crawlwalk",
				"blendMode": "Average"
			},
			{
				"code": "crawlrun",
				"animation": "crawlrun",
				"blendMode": "Average"
			},
			{
				"code": "crawlemote",
				"animation": "crawlemote"
			}
		]
	},
	"server": {
		"behaviors": [
			{
				"code": "repulseagents"
			},
			{
				"code": "mobspawning",
				"enabledByType": {
					"rustborn-tier1": false,
					"rustborn-tier2": false,
					"rustborn-tier3": true,
					"rustborn-tier4": false,
					"rustborn-tier5": false,
					"rustborn-tier6": true,
					"rustborn-tier7": false,
					"rustborn-tier8": false,
					"rustborn-tier9": true
					},
					"spawnRangeByType": {
						"rustborn-tier3": 5,
						"rustborn-tier6": 5,
						"rustborn-tier9": 5
					},
					"spawnIntervalByType": {
						"rustborn-tier3": 3000,
						"rustborn-tier6": 2500,
						"rustborn-tier9": 2000
					},
					"maxMobsByType": {
						"rustborn-tier3": 3,
						"rustborn-tier6": 3,
						"rustborn-tier9": 3
					},
					"spawnMobsByType": {
						"rustborn-tier3": [
							"wrustbound:skulker-young",
							"wrustbound:skulker-young",
							"wrustbound:skulker-adolescent"
						],
						"rustborn-tier6": [
							"wrustbound:skulker-young",
							"wrustbound:skulker-adolescent",
							"wrustbound:skulker-mature"
						],
						"rustborn-tier9": [
							"wrustbound:skulker-adolescent",
							"wrustbound:skulker-adolescent",
							"wrustbound:skulker-young",
							"wrustbound:skulker-mature",
							"wrustbound:skulker-mature"
						]
					}
				},
			{
				"code": "controlledphysics",
				"stepHeight": 1.1251
			},
			{
				"code": "health",
				"currenthealthByType": {
					"*-tier1": 10,
					"*-tier2": 15,
					"*-tier3": 20,
					"*-tier4": 25,
					"*-tier5": 30,
					"*-tier6": 35,
					"*-tier7": 40,
					"*-tier8": 45,
					"*-tier9": 50
				},
				"maxhealthByType": {
					"*-tier1": 10,
					"*-tier2": 15,
					"*-tier3": 20,
					"*-tier4": 25,
					"*-tier5": 30,
					"*-tier6": 35,
					"*-tier7": 40,
					"*-tier8": 45,
					"*-tier9": 50
				}
			},
			{
				"code": "deaddecay",
				"hoursToDecay": 0.3
			},
			{
				"code": "harvestable",
				"duration": 2,
				"dropsByType": {
					"*-tier1": [
						{
							"type": "item",
							"code": "game:gear-temporal",
							"quantity": {
								"avg": 0.01,
								"var": 0
							}
						}
					],
					"*-tier2": [
						{
							"type": "item",
							"code": "game:gear-temporal",
							"quantity": {
								"avg": 0.02,
								"var": 0
							}
						}
					],
					"*-tier3": [
						{
							"type": "block",
							"code": "game:metal-scraps",
							"quantity": {
								"avg": 0.075,
								"var": 0
							}
						},
						{
							"type": "item",
							"code": "game:gear-temporal",
							"quantity": {
								"avg": 0.03,
								"var": 0
							}
						}
					],
					"*-tier4": [
						{
							"type": "block",
							"code": "game:metal-scraps",
							"quantity": {
								"avg": 0.1,
								"var": 0
							}
						},
						{
							"type": "item",
							"code": "game:gear-temporal",
							"quantity": {
								"avg": 0.04,
								"var": 0
							}
						}
					],
					"*-tier5": [
						{
							"type": "block",
							"code": "game:metal-scraps",
							"quantity": {
								"avg": 0.125,
								"var": 0
							}
						},
						{
							"type": "item",
							"code": "game:gear-temporal",
							"quantity": {
								"avg": 0.05,
								"var": 0
							}
						}
					],
					"*-tier6": [
						{
							"type": "block",
							"code": "game:metal-scraps",
							"quantity": {
								"avg": 0.15,
								"var": 0
							}
						},
						{
							"type": "item",
							"code": "game:gear-temporal",
							"quantity": {
								"avg": 0.06,
								"var": 0
							}
						}
					],
					"*-tier7": [
						{
							"type": "block",
							"code": "game:metal-scraps",
							"quantity": {
								"avg": 0.175,
								"var": 0
							}
						},
						{
							"type": "item",
							"code": "game:gear-temporal",
							"quantity": {
								"avg": 0.07,
								"var": 0
							}
						}
					],
					"*-tier8": [
						{
							"type": "block",
							"code": "game:metal-scraps",
							"quantity": {
								"avg": 0.2,
								"var": 0
							}
						},
						{
							"type": "item",
							"code": "game:gear-temporal",
							"quantity": {
								"avg": 0.08,
								"var": 0
							}
						}
					],
					"*-tier9": [
						{
							"type": "block",
							"code": "game:metal-scraps",
							"quantity": {
								"avg": 0.3,
								"var": 0
							}
						},
						{
							"type": "item",
							"code": "game:gear-temporal",
							"quantity": {
								"avg": 0.09,
								"var": 0
							}
						}
					]
				}
			},
			{
				"code": "despawn",
				"minPlayerDistance": 32,
				"minSeconds": 30
			},
			{
				"code": "despawn",
				"minPlayerDistance": 64,
				"minSeconds": 6
			},
			{
				"code": "emotionstates",
				"states": [
					{
						"code": "aggressiveondamage",
						"duration": 30,
						"chance": 0.35,
						"slot": 0,
						"priority": 2,
						"accumType": "noaccum",
						"whenHealthRelBelow": 0.4
					}
				]
			},
			{
				"code": "taskai",
				"aitasks": [
					{
						"code": "meleeattack",
						"entityCodes": [
							"player",
							"witinerant-*",
							"wgolem-*",
							"wroamer-*",
							"wrotwalker-*",
							"wrotpillar",
							"wbonemass"
						],
						"priority": 2.7,
						"damageByType": {
							"*-tier1": 2.5,
							"*-tier2": 3.0,
							"*-tier3": 3.5,
							"*-tier4": 4.0,
							"*-tier5": 4.5,
							"*-tier6": 5.0,
							"*-tier7": 5.5,
							"*-tier8": 6.0,
							"*-tier9": 6.5
						},
						"damageTierByType": {
							"*-tier1": 0,
							"*-tier2": 0,
							"*-tier3": 1,
							"*-tier4": 1,
							"*-tier5": 2,
							"*-tier6": 2,
							"*-tier7": 3,
							"*-tier8": 3,
							"*-tier9": 3
						},
						"damageTypeByType": {
							"*-tier1": "BluntAttack",
							"*-tier2": "BluntAttack",
							"*-tier3": "BluntAttack",
							"*-tier4": "SlashingAttack",
							"*-tier5": "SlashingAttack",
							"*-tier6": "SlashingAttack",
							"*-tier7": "SlashingAttack",
							"*-tier8": "SlashingAttack",
							"*-tier9": "SlashingAttack"
						},
						"mincooldown": 500,
						"maxcooldown": 1750,
						"damagePlayerAtMs": 350,
						"attackDurationMs": 1000,
						"animation": "standattackslash",
						"minDistByType": {
							"*-tier1": 1,
							"*-tier2": 1,
							"*-tier3": 1,
							"*-tier4": 1.25,
							"*-tier5": 1.25,
							"*-tier6": 1.25,
							"*-tier7": 1.5,
							"*-tier8": 1.5,
							"*-tier9": 1.5
						},
						"minVerDistByType": {
							"*-tier1": 2,
							"*-tier2": 2,
							"*-tier3": 2.1,
							"*-tier4": 2.15,
							"*-tier5": 2.15,
							"*-tier6": 2.25,
							"*-tier7": 2.5,
							"*-tier8": 2.65,
							"*-tier9": 2.75
						},
						"animationSpeed": 1.5,
						"sound": "game:creature/drifter-hit",
						"soundStartMs": 345,
						"whenNotInEmotionState": "aggressiveondamage"
					},
					{
						"code": "meleeattack",
						"entityCodes": [
							"player",
							"witinerant-*",
							"wgolem-*",
							"wroamer-*",
							"wrotwalker-*",
							"wrotpillar",
							"wbonemass"
						],
						"priority": 3,
						"damageByType": {
							"*-tier1": 3.5,
							"*-tier2": 4.25,
							"*-tier3": 5.0,
							"*-tier4": 5.75,
							"*-tier5": 6.5,
							"*-tier6": 7.25,
							"*-tier7": 8.5,
							"*-tier8": 9.25,
							"*-tier9": 10.0
						},
						"damageTierByType": {
							"*-tier1": 0,
							"*-tier2": 0,
							"*-tier3": 1,
							"*-tier4": 1,
							"*-tier5": 2,
							"*-tier6": 2,
							"*-tier7": 3,
							"*-tier8": 3,
							"*-tier9": 3
						},
						"damageTypeByType": {
							"*-tier1": "BluntAttack",
							"*-tier2": "BluntAttack",
							"*-tier3": "BluntAttack",
							"*-tier4": "SlashingAttack",
							"*-tier5": "SlashingAttack",
							"*-tier6": "SlashingAttack",
							"*-tier7": "SlashingAttack",
							"*-tier8": "SlashingAttack",
							"*-tier9": "SlashingAttack"
						},
						"mincooldown": 500,
						"maxcooldown": 1750,
						"damagePlayerAtMs": 300,
						"attackDurationMs": 1000,
						"animation": "standattackslash",
						"animationSpeed": 1.45,
						"sound": "game:creature/drifter-hit",
						"soundStartMs": 295,
						"whenInEmotionState": "aggressiveondamage"
					},
					{
						"code": "seekentity",
						"entityCodes": [
							"player",
							"witinerant-*"
						],
						"priority": 1.5,
						"mincooldown": 400,
						"maxcooldown": 800,
						"movespeed": 0.023,
						"seekingRange": 75,
						"animationSpeed": 1.6,
						"animation": "standrun",
						"sound": "game:creature/drifter-aggro*",
						"whenNotInEmotionState": "aggressiveondamage"
					},
					{
						"code": "seekentity",
						"entityCodes": [
							"player",
							"witinerant-*",
							"wgolem-*",
							"wroamer-*",
							"wrotwalker-*",
							"wrotpillar",
							"wbonemass"
						],
						"priority": 1.6,
						"mincooldown": 400,
						"maxcooldown": 800,
						"movespeed": 0.027,
						"seekingRange": 75,
						"leapAtTarget": true,
						"leapAnimation": null,
						"leapChance": 0.005,
						"animationSpeed": 1.8,
						"animation": "standrun",
						"sound": "game:creature/drifter-aggro*",
						"whenInEmotionState": "aggressiveondamage"
					},
					{
						"code": "idle",
						"priority": 1.2,
						"priorityForCancel": 1.35,
						"minduration": 4000,
						"maxduration": 6000,
						"chance": 0.001,
						"initialMinCoolDown": 2000,
						"initialMaxCoolDown": 150000,
						"mincooldown": 300000,
						"maxcooldown": 10000000,
						"animation": "standdespair",
						"animationSpeed": 1.25
					},
					{
						"code": "idle",
						"priority": 1.2,
						"priorityForCancel": 2.1,
						"minduration": 4000,
						"maxduration": 6000,
						"chance": 0.001,
						"initialMinCoolDown": 2000,
						"initialMaxCoolDown": 150000,
						"mincooldown": 300000,
						"maxcooldown": 10000000,
						"animation": "standcry",
						"animationSpeed": 1
					},
					{
						"code": "wander",
						"priority": 1.0,
						"movespeed": 0.01,
						"animationSpeed": 1.2,
						"animation": "standwalk",
						"preferredLightLevel": 15
					},
					{
						"code": "wander",
						"priority": 0.99,
						"priorityForCancel": 1.1,
						"movespeed": 0.008,
						"animationSpeed": 1.1,
						"animation": "standlowwalk",
						"preferredLightLevel": 15
					},
					{
						"code": "getoutofwater",
						"priority": 5,
						"movespeed": 0.015,
						"animation": "standwalk",
						"animationSpeed": 1.55
					},
					{
						"code": "stayclosetoentity",
						"priority": 1.4,
						"entityCode": "wrustbound:shepherd-*",
						"movespeed": 0.025,
						"maxDistance": 15,
						"searchRange": 65,
						"animation": "standrun",
						"animationSpeed": 4
					},
					{
						"code": "lookaround",
						"priority": 0.5
					}
				]
			}
		],
		"spawnconditions": {
			"runtime": {
				"group": "hostile",
				"maxQuantityByType": {
					"*-tier1": 3,
					"*-tier2": 3,
					"*-tier3": 3,
					"*-tier4": 2,
					"*-tier5": 2,
					"*-tier6": 2,
					"*-tier7": 2,
					"*-tier8": 1,
					"*-tier9": 1
				},
				"maxLightLevel": 3,
				"lightLevelType": "MaxTimeOfDayLight",
				"chanceByType": {
					"*-tier1": 0.007,
					"*-tier2": 0.005,
					"*-tier3": 0.003,
					"*-tier4": 0.001,
					"*-tier5": 0.0009,
					"*-tier6": 0.0007,
					"*-tier7": 0.0005,
					"*-tier8": 0.0003,
					"*-tier9": 0.0001
				},
				"groupSizeByType": {
					"*-tier1": {
						"dist": "invexp",
						"avg": 2,
						"var": 3
					},
					"*-tier2": {
						"dist": "invexp",
						"avg": 1,
						"var": 4
					},
					"*-tier3": {
						"dist": "invexp",
						"avg": 2,
						"var": 2
					},
					"*-tier4": {
						"dist": "uniform",
						"avg": 1,
						"var": 3
					},
					"*-tier5": {
						"dist": "uniform",
						"avg": 1,
						"var": 2
					},
					"*-tier6": {
						"dist": "uniform",
						"avg": 2,
						"var": 1
					},
					"*-tier7": {
						"dist": "uniform",
						"avg": 1,
						"var": 1
					},
					"*-tier8": {
						"dist": "uniform",
						"avg": 1,
						"var": 0
					},
					"*-tier9": {
						"dist": "uniform",
						"avg": 1,
						"var": 0
					}
				},
				"insideBlockCodes": [
					"game:air",
					"game:snowlayer-1",
					"game:tallgrass-*",
					"game:loosestones-*"
				],
				"minYByType": {
					"*-tier1": 0.75,
					"*-tier2": 0.5,
					"*-tier3": 0,
					"*-tier4": 0.65,
					"*-tier5": 0.45,
					"*-tier6": 0,
					"*-tier7": 0.4,
					"*-tier8": 0.3,
          "*-tier9": 0
				},
				"maxYByType": {
					"*-tier1": 1.5,
					"*-tier2": 1.35,
					"*-tier3": 1.2,
					"*-tier4": 1.05,
					"*-tier5": 0.9,
					"*-tier6": 0.75,
					"*-tier7": 0.6,
					"*-tier8": 0.45,
          "*-tier9": 0.3
				}
			}
		}
	},
	"idleSoundRange": 14,
	"sounds": {
		"hurt": "game:creature/drifter-hurt",
		"death": "game:creature/drifter-death",
		"idle": "game:creature/drifter-idle*"
	}
}