{
	"code": "shepherd",
	"class": "EntityAgent",
	"canClimb": true,
	"canClimbAnywhere": false,
	"hitboxSize": {
		"x": 0.8,
		"y": 3
	},
	"deadHitboxSize": {
		"x": 0.5,
		"y": 2
	},
	"knockbackResistanceByType": {
		"shepherd-double_horned": 0.65,
		"shepherd-swordbearer": 0.8,
		"shepherd-abomination": 1
	},
	"eyeHeight": 2.5,
	"attributes": {
		"allowInDevastationArea": true,
		"killedByInfoText": "deadcreature-vile",
		"glitchAffected": true,
		"glitchFlicker": true,
		"reckless": true,
		"extraSplashParticlesMul": 4,
		"spawnCloserDuringLowStability": false,
		"onDeathStabilityRecoveryByType": {
			"shepherd-double_horned": 0.45,
			"shepherd-swordbearer": 0.55,
			"shepherd-abomination": 0.65
		}
	},
	"variantgroups": [
		{
			"code": "type",
			"states": [
				"double_horned",
				"swordbearer",
				"abomination"
			]
		}
	],
	"drops": [],
	"client": {
		"renderer": "Shape",
		"pitchStep": false,
		"shapeByType": {
			"*-double_horned": {
				"base": "wrustbound:entity/land/shepherd/double_horned"
			},
			"*-swordbearer": {
				"base": "wrustbound:entity/land/shepherd/swordbearer"
			},
			"*-abomination": {
				"base": "wrustbound:entity/land/shepherd/abomination"
			}
		},
		"behaviors": [
			{
				"code": "repulseagents"
			},
			{
				"code": "temporalfogvisuals",
				"radius": 53,
				"strength": 1
			},
			{
				"code": "controlledphysics",
				"stepHeight": 2.2502
			},
			{ "code": "interpolateposition" },
			{ "code": "harvestable" }
		],
		"animations": [
			{
				"code": "hurt",
				"animation": "standhurt",
				"animationSpeed": 2,
				"weight": 10,
				"blendMode": "AddAverage"
			},
			{
				"code": "die",
				"animation": "standdie",
				"animationSpeed": 0.7,
				"weight": 10,
				"blendMode": "Average",
				"triggeredBy": { "onControls": [ "dead" ] }
			},
			{
				"code": "idle",
				"animation": "standidle",
				"blendMode": "Average",
				"triggeredBy": { "defaultAnim": true }
			},
			{
				"code": "crawlhurt",
				"animation": "standhurt",
				"animationSpeed": 2,
				"weight": 10,
				"blendMode": "AddAverage"
			},
			{
				"code": "crawldie",
				"animation": "standdie",
				"animationSpeed": 0.7,
				"weight": 10,
				"blendMode": "Average",
				"triggeredBy": { "onControls": [ "dead" ] }
			},
			{
				"code": "crawlidle",
				"animation": "standidle",
				"blendMode": "Average",
				"weight": 0.1,
				"easeoutSpeed": 10
			},
			{
				"code": "standwalk",
				"animation": "standwalk",
				"blendMode": "Average"
			},
			{
				"code": "standrun",
				"animation": "standrun",
				"blendMode": "Average"
			},
			{
				"code": "crawlwalk",
				"animation": "standwalk",
				"blendMode": "Average"
			},
			{
				"code": "crawlrun",
				"animation": "standrun",
				"blendMode": "Average"
			},
			{
				"code": "crawlemote",
				"animation": "standidle"
			}
		]
	},
	"server": {
		"behaviors": [
			{ "code": "repulseagents" },
			{
				"code": "mobspawning",
				"spawnRangeByType": {
					"shepherd-double_horned": 7,
					"shepherd-swordbearer": 9,
					"shepherd-abomination": 12
				},
				"spawnIntervalByType": {
					"shepherd-double_horned": 10000,
					"shepherd-swordbearer": 10000,
					"shepherd-abomination": 10000
				},
				"maxMobsByType": {
					"shepherd-double_horned": 5,
					"shepherd-swordbearer": 9,
					"shepherd-abomination": 15
				},
				"spawnMobsByType": {
					"shepherd-double_horned": [
						"wrustbound:rustborn-tier2",
						"wrustbound:rustborn-tier3",
						"wrustbound:rustborn-tier4",
						"wrustbound:rustborn-tier5",
						"wrustbound:rustborn-tier7"
					],
					"shepherd-swordbearer": [
						"wrustbound:rustborn-tier3",
						"wrustbound:rustborn-tier4",
						"wrustbound:rustborn-tier5",
						"wrustbound:rustborn-tier6",
						"wrustbound:rustborn-tier7",
						"wrustbound:rustborn-tier8",
						"game:bowtorn-surface",
						"game:shiver-surface",
						"game:shiver-corrupt"
					],
					"shepherd-abomination": [
						"wrustbound:rustborn-tier4",
						"wrustbound:rustborn-tier5",
						"wrustbound:rustborn-tier7",
						"wrustbound:rustborn-tier8",
						"wrustbound:rustborn-tier9",
						"game:shiver-surface",
						"game:shiver-corrupt",
						"game:shiver-deepsplit",
						"game:bowtorn-surface",
						"game:bowtorn-tainted",
						"game:bowtorn-corrupt"
					]
				}
			},
			{
				"code": "instabilityfield",
				"radius": 45,
				"strength": 0.003
			},
			{
				"code": "lunarspawn",
				"lunarSpawnPhases": [ 1, 8 ]
			},
			{
				"code": "controlledphysics",
				"stepHeight": 2.2502
			},
			{
				"code": "harvestable",
				"duration": 2,
				"drops": [
					{
						"type": "item",
						"code": "game:gear-temporal",
						"quantity": {
							"avg": 0.75,
							"var": 0
						}
					}
				]
			},
			{
				"code": "health",
				"currenthealthByType": {
					"*-double_horned": 65,
					"*-swordbearer": 85,
					"*-abomination": 105
				},
				"maxhealthByType": {
					"*-double_horned": 65,
					"*-swordbearer": 85,
					"*-abomination": 105
				}
			},
			{
				"code": "deaddecay",
				"hoursToDecay": 0.1
			},
			{
				"code": "despawn",
				"minPlayerDistance": 75,
				"minSeconds": 360
			},
			{
				"code": "emotionstates",
				"states": [
					{
						"code": "aggressiveondamage",
						"duration": 30,
						"chance": 0.75,
						"slot": 0,
						"priority": 2,
						"accumType": "noaccum",
						"whenHealthRelBelow": 0.9
					}
				]
			},
			{
				"code": "taskai",
				"aitasks": [
					{
						"code": "meleeattack",
						"entityCodes": [ "player", "witinerant-*" ],
						"priority": 2.7,
						"damageByType": {
							"*-double_horned": 8,
							"*-swordbearer": 10,
							"*-abomination": 12
						},
						"damageTierByType": {
							"*-double_horned": 4,
							"*-swordbearer": 4,
							"*-abomination": 4
						},
						"damageTypeByType": {
							"*-double_horned": "PiercingAttack",
							"*-swordbearer": "SlashingAttack",
							"*-abomination": "BluntAttack"
						},
						"knockbackStrengthByType": {
							"*-double_horned": 3,
							"*-swordbearer": 2,
							"*-abomination": 5
						},
						"mincooldown": 1500,
						"maxcooldown": 3500,
						"damagePlayerAtMs": 350,
						"attackDurationMs": 500,
						"animation": "standattack",
						"animationSpeed": 1.5,
						"minDistByType": {
							"*-double_horned": 1.75,
							"*-swordbearer": 2,
							"*-abomination": 2.25
						},
						"minVerDistByType": {
							"*-double_horned": 3.25,
							"*-swordbearer": 3.5,
							"*-abomination": 3.75
						},
						"sound": "game:creature/drifter-hit",
						"soundStartMs": 345,
						"whenNotInEmotionState": "aggressiveondamage"
					},
					{
						"code": "meleeattack",
						"entityCodes": [ "player", "witinerant-*" ],
						"priority": 3,
						"damageByType": {
							"*-double_horned": 8,
							"*-swordbearer": 10,
							"*-abomination": 12
						},
						"damageTierByType": {
							"*-double_horned": 4,
							"*-swordbearer": 4,
							"*-abomination": 4
						},
						"damageTypeByType": {
							"*-double_horned": "PiercingAttack",
							"*-swordbearer": "SlashingAttack",
							"*-abomination": "BluntAttack"
						},
						"knockbackStrengthByType": {
							"*-double_horned": 6,
							"*-swordbearer": 3,
							"*-abomination": 8
						},
						"mincooldown": 500,
						"maxcooldown": 1050,
						"damagePlayerAtMs": 300,
						"attackDurationMs": 425,
						"animationByType": {
							"*-double_horned": "standattackleft",
							"*-swordbearer": "standattack",
							"*-abomination": "standattack"
						},
						"animationSpeed": 1.85,
						"minDistByType": {
							"*-double_horned": 1.75,
							"*-swordbearer": 2,
							"*-abomination": 2.25
						},
						"minVerDistByType": {
							"*-double_horned": 3.25,
							"*-swordbearer": 3.5,
							"*-abomination": 3.75
						},
						"sound": "game:creature/drifter-hit",
						"soundStartMs": 295,
						"whenInEmotionState": "aggressiveondamage"
					},
					{
						"code": "seekentity",
						"entityCodes": [
							"player",
							"witinerant-*"
						],
						"priority": 3,
						"mincooldown": 400,
						"maxcooldown": 800,
						"movespeed": 0.028,
						"seekingRange": 37,
						"animationSpeed": 1.75,
						"animation": "standrun",
						"sound": "game:creature/drifter-aggro*",
						"whenNotInEmotionState": "aggressiveondamage"
					},
					{
						"code": "seekentity",
						"entityCodes": [
							"player",
							"witinerant-*"
						],
						"priority": 3.5,
						"mincooldown": 400,
						"maxcooldown": 800,
						"movespeed": 0.030,
						"seekingRange": 75,
						"animationSpeed": 1.8,
						"animation": "standrun",
						"sound": "game:creature/drifter-aggro*",
						"whenInEmotionState": "aggressiveondamage"
					},
					{
						"code": "idle",
						"priority": 1.2,
						"priorityForCancel": 1.35,
						"minduration": 4000,
						"maxduration": 6000,
						"chance": 0.001,
						"initialMinCoolDown": 2000,
						"initialMaxCoolDown": 150000,
						"mincooldown": 300000,
						"maxcooldown": 10000000,
						"animation": "standdespair",
						"animationSpeed": 1.25
					},
					{
						"code": "idle",
						"priority": 1.2,
						"priorityForCancel": 2.1,
						"minduration": 4000,
						"maxduration": 6000,
						"chance": 0.001,
						"initialMinCoolDown": 2000,
						"initialMaxCoolDown": 150000,
						"mincooldown": 300000,
						"maxcooldown": 10000000,
						"animation": "standcry",
						"animationSpeed": 1
					},
					{
						"code": "wander",
						"priority": 1.0,
						"movespeed": 0.01,
						"animationSpeed": 1.2,
						"animation": "standwalk",
						"preferredLightLevel": 15
					},
					{
						"code": "wander",
						"priority": 0.99,
						"priorityForCancel": 1.1,
						"movespeed": 0.008,
						"animationSpeed": 1.1,
						"animation": "standlowwalk",
						"preferredLightLevel": 15
					},
					{
						"code": "getoutofwater",
						"priority": 5,
						"movespeed": 0.015,
						"animation": "standwalk",
						"animationSpeed": 1.55
					},
					{
						"code": "lookaround",
						"priority": 0.5
					}
				]
			}
		],
		"spawnconditionsByType": {
			"*-double_horned": {
				"runtime": {
					"maxLightLevel": 1,
					"lightLevelType": "MaxTimeOfDayLight",
					"chance": 0.0005,
					"maxQuantity": 1,
					"groupSize": {
						"dist": "invexp",
						"avg": 1,
						"var": 0
					},
					"insideBlockCodes": [ "game:tallgrass-*", "game:snowlayer-1", "game:loosestones-*" ]

				}
			},
			"*-swordbearer": {
				"runtime": {
					"maxLightLevel": 1,
					"lightLevelType": "MaxTimeOfDayLight",
					"chance": 0.0003,
					"maxQuantity": 1,
					"groupSize": {
						"dist": "invexp",
						"avg": 1,
						"var": 0
					},
					"insideBlockCodes": [ "game:tallgrass-*", "game:snowlayer-1", "game:loosestones-*" ]

				}
			},
			"*-abomination": {
				"runtime": {
					"maxLightLevel": 1,
					"lightLevelType": "MaxTimeOfDayLight",
					"chance": 0.0001,
					"maxQuantity": 1,
					"groupSize": {
						"dist": "invexp",
						"avg": 1,
						"var": 0
					},
					"insideBlockCodes": [ "game:tallgrass-*", "game:snowlayer-1", "game:loosestones-*" ]

				}
			}
		}
	},
	"idleSoundRange": 105,
	"sounds": {
		"hurt": "game:creature/drifter-hurt",
		"death": "game:creature/drifter-death",
		"idle": "game:creature/drifter-idle*"
	}
}