{
	"code": "skulker",
	"class": "EntityAgent",
	"canClimb": true,
	"canClimbAnywhere": true,
	"climbTouchDistance": 0.1,
	"rotateModelOnClimb": true,
	"fallDamage": false,
	"knockbackResistance": 0,
	"hitboxSizeByType": {
		"*-young": {
			"x": 0.5,
			"y": 0.45
		},
		"*-adolescent": {
			"x": 0.5,
			"y": 0.5
		},
		"*-mature": {
			"x": 0.65,
			"y": 0.5
		}
	},
	"deadHitboxSizeByType": {
		"*-young": {
			"x": 0.1,
			"y": 0.1
		},
		"*-adolescent": {
			"x": 0.2,
			"y": 0.3
		},
		"*-mature": {
			"x": 0.2,
			"y": 0.3
		}
	},
	"eyeHeightByType": {
		"*-young": 0.15,
		"*-adolescent": 0.3,
		"*-mature": 0.5
	},
	"variantgroups": [
		{
			"code": "type",
			"states": [
				"young",
				"adolescent",
				"mature"
			]
		}
	],
	"drops": [],
	"attributes": {
		"killedByInfoText": "deadcreature-vile"
	},
	"client": {
		"renderer": "Shape",
		"shapeByType": {
			"*-young": {
				"base": "wrustbound:entity/land/skulker/skulker_young"
			},
			"*-adolescent": {
				"base": "wrustbound:entity/land/skulker/skulker_adolescent"
			},
			"*-mature": {
				"base": "wrustbound:entity/land/skulker/skulker_mature"
			}
		},
		"behaviors": [
			{ "code": "repulseagents" },
			{
				"code": "controlledphysics",
				"stepHeight": 1.1251
			},
			{
				"code": "interpolateposition"
			},
			{
				"code": "despawn",
				"minPlayerDistance": 26,
				"minSeconds": 600
			}
		],
		"animations": [
			{
				"code": "hurt",
				"animation": "hurt",
				"animationSpeed": 2.2,
				"weight": 5,
				"blendMode": "AddAverage"
			},
			{
				"code": "die",
				"animation": "die",
				"animationSpeed": 1.25,
				"weight": 10,
				"blendMode": "Average",
				"triggeredBy": { "onControls": [ "dead" ] }
			},
			{
				"code": "idle",
				"animation": "idle",
				"blendMode": "Average",
				"triggeredBy": { "defaultAnim": true }
			},
			{
				"code": "run",
				"animation": "run",
				"supressDefaultAnimation": true,
				"blendMode": "AddAverage"
			},
			{
				"code": "grabattack",
				"animation": "grabattack",
				"supressDefaultAnimation": true,
				"blendMode": "AddAverage"
			},
			{
				"code": "runaggro",
				"animation": "runaggro",
				"supressDefaultAnimation": true,
				"blendMode": "AddAverage"
			}
		]
	},
	"server": {
		"attributes": {
			"pathfinder": {
				"minTurnAnglePerSec": 720,
				"maxTurnAnglePerSec": 1440
			}
		},
		"behaviors": [
			{ "code": "repulseagents" },			
			{
				"code": "controlledphysics",
				"stepHeight": 1.1251
			},
			{ "code": "breathe" },
			{
				"code": "health",
				"currenthealthByType": {
					"*-young": 4,
					"*-adolescent": 6,
					"*-mature": 8
				},
				"maxhealthByType": {
					"*-young": 4,
					"*-adolescent": 6,
					"*-mature": 8
				}
			},
			{
				"code": "deaddecay",
				"hoursToDecay": 0.1
			},
			{
				"code": "despawn",
				"minPlayerDistance": 64,
				"minSeconds": 30
			},
			{
				"code": "despawn",
				"minPlayerDistance": 32,
				"minSeconds": 60
			},
			{
				"code": "emotionstates",
				"states": [
					{
						"code": "aggressiveondamage",
						"duration": 30,
						"chance": 1,
						"slot": 2,
						"priority": 2,
						"accumType": "noaccum"
					}
				]
			},
			{
				"code": "taskai",
				"aitasks": [
					{
						"code": "meleeattack",
						"entitycodes": [
							"player",
							"itinerant-*",
							"deer-*",
							"sheep-bighorn-adult-*",
							"sheep-bighorn-baby-*",
							"goat-*",
							"hare-*",
							"pig-eurasion-baby-*",
							"pig-eurasion-adult-*",
							"raccoon-*",
							"gazelle-*",
							"fox-*",
							"wolf-*",
							"tameddeer-*",
							"semitameddeer-*",
							"moose-*"
						],
						"priority": 2.3,
						"damageByType": {
							"*-young": 1,
							"*-adolescent": 1.5,
							"*-mature": 2
						},
						"damageTierByType": {
							"*-young": 0,
							"*-adolescent": 0,
							"*-mature": 1
						},
						"mincooldown": 1500,
						"maxcooldown": 1500,
						"damageType": "PiercingAttack",
						"damagePlayerAtMs": 375,
						"attackDurationMs": 800,
						"animation": "attack",
						"animationSpeed": 1.8,
						"sound": "wrustbound:creature/skulker/skulker-attack1",
						"soundStartMs": 1000
					},
					{
						"code": "seekentity",
						"priority": 2.5,
						"entitycodes": [
							"player"
						],
						"movespeedByType": {
							"*-young": 0.025,
							"*-adolescent": 0.03,
							"*-mature": 0.04
						},
						"mincooldown": 400,
						"maxcooldown": 800,
						"seekingRangeByType": {
							"*-young": 35,
							"*-adolescent": 45,
							"*-mature": 55
						},
						"animation": "runaggro",
						"animationSpeedByType": {
							"*-young": 6,
							"*-adolescent": 6,
							"*-mature": 6
						},
						"leapAtTarget": true,
						"leapAnimation": null,
						"leapChance": 0.01,
						"sound": "wrustbound:creature/skulker/skulker-idle*"
					},
					{
						"code": "seekentity",
						"priority": 1.5,
						"entitycodes": [
							"deer-*",
							"sheep-bighorn-adult-*",
							"sheep-bighorn-baby-*",
							"goat-*",
							"hare-*",
							"pig-eurasion-baby-*",
							"pig-eurasion-adult-*",
							"raccoon-*",
							"gazelle-*",
							"fox-*",
							"wolf-*",
							"tameddeer-*",
							"semitameddeer-*",
							"moose-*"
						],
						"movespeedByType": {
							"*-young": 0.025,
							"*-adolescent": 0.03,
							"*-mature": 0.04
						},
						"mincooldown": 400,
						"maxcooldown": 800,
						"seekingRangeByType": {
							"*-young": 55,
							"*-adolescent": 65,
							"*-mature": 75
						},
						"animation": "runaggro",
						"animationSpeedByType": {
							"*-young": 6,
							"*-adolescent": 6,
							"*-mature": 6
						},
						"leapAtTarget": true,
						"leapAnimation": null,
						"leapChance": 0.01,
						"sound": "wrustbound:creature/skulker/skulker-idle*"
					},
					{
						"code": "fleeentity",
						"entityCodes": [
							"chicken-hen",
							"chicken-rooster"
						],
						"priority": 2,
						"movespeed": 0.06,
						"seekingRange": 24,
						"animation": "Run",
						"animationSpeed": 4
					},
					{
						"code": "getoutofwater",
						"priority": 9,
						"priorityForCancel": 1,
						"movespeed": 0.025,
						"animation": "run",
						"animationSpeed": 4.25
					},
					{
						"code": "wander",
						"priority": 1.3,
						"movespeed": 0.01,
						"animationSpeed": 5,
						"animation": "run"
					},
					{
						"code": "idle",
						"priority": 1.2,
						"priorityForCancel": 1.3,
						"minduration": 10000,
						"maxduration": 30000,
						"mincooldown": 30000,
						"maxcooldown": 60000,
						"animation": "sleep",
						"animationSpeed": 1.75
					},
					{
						"code": "wander",
						"priority": 1.1,
						"priorityForCancel": 1.3,
						"movespeed": 0.007,
						"animationSpeed": 2,
						"preferredLightLevel": 7
					},
					{
						"code": "idle",
						"priority": 1.2,
						"priorityForCancel": 1.35,
						"minduration": 2500,
						"maxduration": 2500,
						"mincooldown": 6000,
						"maxcooldown": 20000,
						"animation": "lookleft",
						"animationSpeed": 1.25
					},
					{
						"code": "idle",
						"priority": 1.2,
						"priorityForCancel": 1.35,
						"minduration": 2500,
						"maxduration": 2500,
						"mincooldown": 6000,
						"maxcooldown": 20000,
						"animation": "lookright",
						"animationSpeed": 1.25
					},
					{
						"code": "idle",
						"priority": 1.2,
						"priorityForCancel": 1.53,
						"minduration": 2500,
						"maxduration": 2500,
						"mincooldown": 6000,
						"maxcooldown": 20000,
						"animation": "idletwitch",
						"animationSpeed": 1.25
					},
					{
						"code": "idle",
						"priority": 1.2,
						"priorityForCancel": 1.25,
						"minduration": 2500,
						"maxduration": 2500,
						"mincooldown": 6000,
						"maxcooldown": 20000,
						"animation": "idlecalm",
						"animationSpeed": 1.25
					},
					{
						"code": "wander",
						"priority": 1.1,
						"priorityForCancel": 1.2,
						"movespeed": 0.005,
						"animationSpeed": 1.75,
						"animation": "walk",
						"preferredLightLevel": 7
					},
					{
						"code": "lookaround",
						"priority": 0.5,
						"priorityForCancel": 7,
						"animation": "breathecalm",
						"animationSpeed": 1.25
					}
				]
			}
		]
	},
	"sounds": {
		"hurt": "wrustbound:creature/skulker/skulker-hurt",
		"death": "wrustbound:creature/skulker/skulker-death",
		"idle": "wrustbound:creature/skulker/skulker-idle*"
	},
	"idleSoundChance": 0.05

}