{
	//TODO Delete inside faces and Simplify Shapes
	"editor": {
		"allAngles": false,
		"entityTextureMode": false
	},
	"textureWidth": 16,
	"textureHeight": 16,
	"textureSizes": {
	},
	"textures": {
		"metal": "game:block/metal/sheet/{metal}2"
	},
	"elements": [
		{
			"name": "Origin",
			"from": [ 6.0, 6.0, 6.0 ],
			"to": [ 10.0, 10.0, 10.0 ],
			"rotationOrigin": [ 8.0, 8.0, 8.0 ],
			"faces": {
				"north": { "texture": "#metal", "uv": [ 0.0, 8.0, 4.0, 12.0 ], "windMode": [-1,-1,-1,-1] },
				"east": { "texture": "#metal", "uv": [ 4.0, 8.0, 8.0, 12.0 ], "windMode": [-1,-1,-1,-1] },
				"south": { "texture": "#metal", "uv": [ 8.0, 8.0, 12.0, 12.0 ], "windMode": [-1,-1,-1,-1] },
				"west": { "texture": "#metal", "uv": [ 12.0, 8.0, 16.0, 12.0 ], "windMode": [-1,-1,-1,-1] },
				"up": { "texture": "#metal", "uv": [ 0.0, 4.0, 4.0, 8.0 ], "windMode": [-1,-1,-1,-1] },
				"down": { "texture": "#metal", "uv": [ 4.0, 4.0, 8.0, 8.0 ], "windMode": [-1,-1,-1,-1] }
			},
			"children": [
				{
					"name": "SPipe",
					"from": [ 0.0, 0.0, 4.0 ],
					"to": [ 4.0, 4.0, 10.0 ],
					"rotationOrigin": [ 0.0, 0.0, 4.0 ],
					"faces": {
						"north": { "texture": "#metal", "uv": [ 4.0, 6.5, 8.0, 10.5 ], "windMode": [-1,-1,-1,-1] },
						"east": { "texture": "#metal", "uv": [ 5.0, 5.0, 11.0, 9.0 ], "windMode": [-1,-1,-1,-1] },
						"south": { "texture": "#metal", "uv": [ 7.5, 5.5, 11.5, 9.5 ], "windMode": [-1,-1,-1,-1] },
						"west": { "texture": "#metal", "uv": [ 5.5, 4.5, 11.5, 8.5 ], "windMode": [-1,-1,-1,-1] },
						"up": { "texture": "#metal", "uv": [ 4.0, 3.5, 8.0, 9.5 ], "windMode": [-1,-1,-1,-1] },
						"down": { "texture": "#metal", "uv": [ 7.5, 3.5, 11.5, 9.5 ], "windMode": [-1,-1,-1,-1] }
					},
					"children": [
						{
							"name": "SRing",
							"from": [ -0.65, -0.65, 4.0 ],
							"to": [ 4.6, 4.6, 5.0 ],
							"rotationOrigin": [ -1.0, -1.0, 4.0 ],
							"faces": {
								"north": { "texture": "#metal", "uv": [ 0.0, 0.0, 5.0, 5.0 ] },
								"east": { "texture": "#metal", "uv": [ 15.0, 7.0, 16.0, 12.0 ], "windMode": [-1,-1,-1,-1] },
								"south": { "texture": "#metal", "uv": [ 4.5, 1.0, 9.5, 6.0 ], "windMode": [-1,-1,-1,-1] },
								"west": { "texture": "#metal", "uv": [ 0.0, 0.0, 1.0, 5.0 ], "windMode": [-1,-1,-1,-1] },
								"up": { "texture": "#metal", "uv": [ 0.0, 0.0, 5.0, 1.0 ], "windMode": [-1,-1,-1,-1] },
								"down": { "texture": "#metal", "uv": [ 0.0, 0.0, 5.0, 1.0 ], "windMode": [-1,-1,-1,-1] }
							}
						}
					]
				},
				{
					"name": "NPipe",
					"from": [ 0.0, 0.0, -6.0 ],
					"to": [ 4.0, 4.0, 0.0 ],
					"rotationOrigin": [ 0.0, 0.0, -6.0 ],
					"faces": {
						"north": { "texture": "#metal", "uv": [ 5.0, 5.5, 9.0, 9.5 ] },
						"east": { "texture": "#metal", "uv": [ 5.0, 6.0, 11.0, 10.0 ], "windMode": [-1,-1,-1,-1] },
						"south": { "texture": "#metal", "uv": [ 5.0, 3.0, 9.0, 7.0 ], "windMode": [-1,-1,-1,-1] },
						"west": { "texture": "#metal", "uv": [ 6.5, 6.0, 12.5, 10.0 ], "windMode": [-1,-1,-1,-1] },
						"up": { "texture": "#metal", "uv": [ 7.5, 2.0, 11.5, 8.0 ], "windMode": [-1,-1,-1,-1] },
						"down": { "texture": "#metal", "uv": [ 7.5, 4.5, 11.5, 10.5 ], "windMode": [-1,-1,-1,-1] }
					},
					"children": [
						{
							"name": "NRing",
							"from": [ -0.65, -0.65, 1.0 ],
							"to": [ 4.6, 4.6, 2.0 ],
							"rotationOrigin": [ 0.0, 0.0, 1.0 ],
							"faces": {
								"north": { "texture": "#metal", "uv": [ 9.5, 8.0, 14.5, 13.0 ] },
								"east": { "texture": "#metal", "uv": [ 0.0, 0.0, 1.0, 5.0 ], "windMode": [-1,-1,-1,-1] },
								"south": { "texture": "#metal", "uv": [ 9.5, 7.0, 14.5, 12.0 ], "windMode": [-1,-1,-1,-1] },
								"west": { "texture": "#metal", "uv": [ 0.0, 0.0, 1.0, 5.0 ], "windMode": [-1,-1,-1,-1] },
								"up": { "texture": "#metal", "uv": [ 0.0, 0.0, 5.0, 1.0 ], "windMode": [-1,-1,-1,-1] },
								"down": { "texture": "#metal", "uv": [ 0.0, 0.0, 5.0, 1.0 ], "windMode": [-1,-1,-1,-1] }
							}
						}
					]
				},
				{
					"name": "EPipe",
					"from": [ 4.0, 0.0, 0.0 ],
					"to": [ 10.0, 4.0, 4.0 ],
					"rotationOrigin": [ 4.0, 0.0, 0.0 ],
					"faces": {
						"north": { "texture": "#metal", "uv": [ 7.5, 8.5, 13.5, 12.5 ] },
						"east": { "texture": "#metal", "uv": [ 8.5, 9.0, 12.5, 13.0 ], "windMode": [-1,-1,-1,-1] },
						"south": { "texture": "#metal", "uv": [ 3.5, 7.0, 9.5, 11.0 ], "windMode": [-1,-1,-1,-1] },
						"west": { "texture": "#metal", "uv": [ 5.5, 8.0, 9.5, 12.0 ], "windMode": [-1,-1,-1,-1] },
						"up": { "texture": "#metal", "uv": [ 7.5, 9.0, 13.5, 13.0 ], "windMode": [-1,-1,-1,-1] },
						"down": { "texture": "#metal", "uv": [ 8.5, 9.5, 14.5, 13.5 ], "windMode": [-1,-1,-1,-1] }
					},
					"children": [
						{
							"name": "ERing",
							"from": [ 4.0, -0.65, -0.65 ],
							"to": [ 5.0, 4.6, 4.6 ],
							"rotationOrigin": [ 4.0, -1.0, -1.0 ],
							"faces": {
								"north": { "texture": "#metal", "uv": [ 0.0, 0.0, 1.0, 5.0 ] },
								"east": { "texture": "#metal", "uv": [ 8.5, 2.5, 13.5, 7.5 ], "windMode": [-1,-1,-1,-1] },
								"south": { "texture": "#metal", "uv": [ 0.0, 0.0, 1.0, 5.0 ], "windMode": [-1,-1,-1,-1] },
								"west": { "texture": "#metal", "uv": [ 2.0, 5.5, 7.0, 10.5 ], "windMode": [-1,-1,-1,-1] },
								"up": { "texture": "#metal", "uv": [ 0.0, 0.0, 1.0, 5.0 ], "windMode": [-1,-1,-1,-1] },
								"down": { "texture": "#metal", "uv": [ 0.0, 0.0, 1.0, 5.0 ], "windMode": [-1,-1,-1,-1] }
							}
						}
					]
				},
				{
					"name": "UPipe",
					"from": [ 0.0, 4.0, 0.0 ],
					"to": [ 4.0, 10.0, 4.0 ],
					"rotationOrigin": [ 0.0, 4.0, 0.0 ],
					"faces": {
						"north": { "texture": "#metal", "uv": [ 6.0, 2.5, 10.0, 8.5 ], "windMode": [-1,-1,-1,-1], "windData": [0,1,1,0] },
						"east": { "texture": "#metal", "uv": [ 7.5, 7.5, 11.5, 13.5 ], "windMode": [-1,-1,-1,-1], "windData": [0,1,1,0] },
						"south": { "texture": "#metal", "uv": [ 8.5, 7.5, 12.5, 13.5 ], "windMode": [-1,-1,-1,-1], "windData": [0,0,1,1] },
						"west": { "texture": "#metal", "uv": [ 3.0, 2.5, 7.0, 8.5 ], "windMode": [-1,-1,-1,-1], "windData": [0,0,1,1] },
						"up": { "texture": "#metal", "uv": [ 4.0, 7.0, 8.0, 11.0 ], "windMode": [-1,-1,-1,-1], "windData": [1,1,1,1] },
						"down": { "texture": "#metal", "uv": [ 9.5, 11.0, 13.5, 15.0 ], "windMode": [-1,-1,-1,-1] }
					},
					"children": [
						{
							"name": "URing",
							"from": [ -0.65, 4.0, -0.65 ],
							"to": [ 4.6, 5.0, 4.6 ],
							"rotationOrigin": [ 0.0, 4.0, 0.0 ],
							"faces": {
								"north": { "texture": "#metal", "uv": [ 0.0, 0.0, 5.0, 1.0 ], "windMode": [-1,-1,-1,-1] },
								"east": { "texture": "#metal", "uv": [ 0.0, 0.0, 5.0, 1.0 ], "windMode": [-1,-1,-1,-1] },
								"south": { "texture": "#metal", "uv": [ 0.0, 0.0, 5.0, 1.0 ], "windMode": [-1,-1,-1,-1] },
								"west": { "texture": "#metal", "uv": [ 0.0, 0.0, 5.0, 1.0 ], "windMode": [-1,-1,-1,-1] },
								"up": { "texture": "#metal", "uv": [ 4.5, 7.0, 9.5, 12.0 ], "windMode": [-1,-1,-1,-1] },
								"down": { "texture": "#metal", "uv": [ 5.0, 7.0, 10.0, 12.0 ], "windMode": [-1,-1,-1,-1] }
							}
						}
					]
				},
				{
					"name": "DPipe",
					"from": [ 0.0, -6.0, 0.0 ],
					"to": [ 4.0, 0.0, 4.0 ],
					"rotationOrigin": [ 0.0, -6.0, 0.0 ],
					"faces": {
						"north": { "texture": "#metal", "uv": [ 5.0, 8.0, 9.0, 14.0 ] },
						"east": { "texture": "#metal", "uv": [ 8.0, 7.0, 12.0, 13.0 ], "windMode": [-1,-1,-1,-1] },
						"south": { "texture": "#metal", "uv": [ 3.0, 4.0, 7.0, 10.0 ], "windMode": [-1,-1,-1,-1] },
						"west": { "texture": "#metal", "uv": [ 7.0, 3.5, 11.0, 9.5 ], "windMode": [-1,-1,-1,-1] },
						"up": { "texture": "#metal", "uv": [ 8.5, 2.5, 12.5, 6.5 ], "windMode": [-1,-1,-1,-1] },
						"down": { "texture": "#metal", "uv": [ 8.5, 6.5, 12.5, 10.5 ], "windMode": [-1,-1,-1,-1] }
					},
					"children": [
						{
							"name": "DRing",
							"from": [ -0.65, 1.0, -0.65 ],
							"to": [ 4.6, 2.0, 4.6 ],
							"rotationOrigin": [ 0.0, 1.0, 0.0 ],
							"faces": {
								"north": { "texture": "#metal", "uv": [ 0.0, 0.0, 5.0, 1.0 ] },
								"east": { "texture": "#metal", "uv": [ 0.0, 0.0, 5.0, 1.0 ], "windMode": [-1,-1,-1,-1] },
								"south": { "texture": "#metal", "uv": [ 0.0, 0.0, 5.0, 1.0 ], "windMode": [-1,-1,-1,-1] },
								"west": { "texture": "#metal", "uv": [ 0.0, 0.0, 5.0, 1.0 ], "windMode": [-1,-1,-1,-1] },
								"up": { "texture": "#metal", "uv": [ 9.5, 2.0, 14.5, 7.0 ], "windMode": [-1,-1,-1,-1] },
								"down": { "texture": "#metal", "uv": [ 2.5, 8.5, 7.5, 13.5 ], "windMode": [-1,-1,-1,-1] }
							}
						}
					]
				}
			]
		}
	]}