{
	code: "slantedroofingcornerinner",
	class: "BlockSlantedRoofingHalf",
	behaviors: [{name: "HorizontalOrientable", properties: {  dropBlockFace: "east" }}],
	"variantgroups": [
		{ "code": "material", "loadFromProperties": "floralzonesneozeylandicregion:block/wood" },
		{ loadFromProperties: "abstract/horizontalorientation" },
		{ "code": "cover", states: ["free", "snow"] }
	],
	attributes: {
		mapColorCode: "settlement",
	},
	shapeByType: {
		"*-north-*": { base: "game:block/roofing/cornerinner/wood-{cover}", rotateY: 90 },
		"*-west-*": { base: "game:block/roofing/cornerinner/wood-{cover}", rotateY: 180 },
		"*-south-*": { base: "game:block/roofing/cornerinner/wood-{cover}", rotateY: 270 },
		"*-east-*": { base: "game:block/roofing/cornerinner/wood-{cover}", rotateY: 0 },
	},
	texturesByType: {
		"*": {
			"acacia1": { base: "floralzonesneozeylandicregion:block/wood/planks/{material}1" },
			"acacia-top": { base: "floralzonesneozeylandicregion:block/wood/shingles/{material}-top" },
			"acacia-side": { base: "floralzonesneozeylandicregion:block/wood/shingles/{material}-side" },
		},
	},
	drawtype: "json",
	faceCullMode: "NeverCull",
	renderpass: "OpaqueNoCull",
	sidesolidByType: {
		"*-north-*": {"north": true, "south": false, "east": true, "west": false, "up": false, "down": true },
		"*-south-*": {"north": false, "south": true, "east": false, "west": true, "up": false, "down": true },
		"*-east-*": {"north": false, "south": true, "east": true, "west": false, "up": false, "down": true },
		"*-west-*": {"north": true, "south": false, "east": false, "west": true, "up": false, "down": true }
	},
	sideopaque: { all: false },
	blockmaterialByType: {
		"*-agedthatch-*": "Plant",
		"*-thatch-*": "Plant",
		"*-sod-*": "Plant",
		"*-bamboo-*": "Wood",
		"*-copper-*": "Metal",
		"*-fireclay-*": "Ceramic",
		"*-blueclay-*": "Ceramic",
		"*-redclay-*": "Ceramic",
		"*-brownclay-*": "Ceramic",
		"*-slate-*": "Stone",
		"*": "Wood",
	},
	creativeinventory: { "general": ["*-east-free"], "decorative": ["*-east-free"] },
	replaceable: 300,
	resistance: 2,
	lightAbsorption: 99,
	emitSideAo: {
		all: true
	},
	sideAoByType: { "*-sod-*": { all: false } },
	collisionSelectionBoxesByType: {
		"@.*-(copper|slate)-north-.*": [ { x1: 0, y1: 0, z1: 0, x2: 1, y2: 0.5625, z2: 1, rotateY: 90 }, { x1: 0.625, y1: 0.5625, z1: 0, x2: 1, y2: 0.8, z2: 1, rotateY: 90 }, { x1: 0, y1: 0.5625, z1: 0.625, x2: 1, y2: 0.8, z2: 1, rotateY: 90 } ],
		"@.*-(copper|slate)-west-.*": [ { x1: 0, y1: 0, z1: 0, x2: 1, y2: 0.5625, z2: 1, rotateY: 180 }, { x1: 0.625, y1: 0.5625, z1: 0, x2: 1, y2: 0.8, z2: 1, rotateY: 180 }, { x1: 0, y1: 0.5625, z1: 0.625, x2: 1, y2: 0.8, z2: 1, rotateY: 180 } ],
		"@.*-(copper|slate)-south-.*": [ { x1: 0, y1: 0, z1: 0, x2: 1, y2: 0.5625, z2: 1, rotateY: 270 }, { x1: 0.625, y1: 0.5625, z1: 0, x2: 1, y2: 0.8, z2: 1, rotateY: 270 }, { x1: 0, y1: 0.5625, z1: 0.625, x2: 1, y2: 0.8, z2: 1, rotateY: 270 } ],
		"@.*-(copper|slate)-east-.*": [ { x1: 0, y1: 0, z1: 0, x2: 1, y2: 0.5625, z2: 1 }, { x1: 0.625, y1: 0.5625, z1: 0, x2: 1, y2: 0.8, z2: 1 }, { x1: 0, y1: 0.5625, z1: 0.625, x2: 1, y2: 0.8, z2: 1 } ],

		"*-north-*": [ { x1: 0, y1: 0, z1: 0, x2: 1, y2: 0.5625, z2: 1, rotateY: 90 }, { x1: 0.625, y1: 0.5625, z1: 0, x2: 1, y2: 1, z2: 1, rotateY: 90 }, { x1: 0, y1: 0.5625, z1: 0.625, x2: 1, y2: 1, z2: 1, rotateY: 90 } ],
		"*-west-*": [ { x1: 0, y1: 0, z1: 0, x2: 1, y2: 0.5625, z2: 1, rotateY: 180 }, { x1: 0.625, y1: 0.5625, z1: 0, x2: 1, y2: 1, z2: 1, rotateY: 180 }, { x1: 0, y1: 0.5625, z1: 0.625, x2: 1, y2: 1, z2: 1, rotateY: 180 } ],
		"*-south-*": [ { x1: 0, y1: 0, z1: 0, x2: 1, y2: 0.5625, z2: 1, rotateY: 270 }, { x1: 0.625, y1: 0.5625, z1: 0, x2: 1, y2: 1, z2: 1, rotateY: 270 }, { x1: 0, y1: 0.5625, z1: 0.625, x2: 1, y2: 1, z2: 1, rotateY: 270 } ],
		"*-east-*": [ { x1: 0, y1: 0, z1: 0, x2: 1, y2: 0.5625, z2: 1 }, { x1: 0.625, y1: 0.5625, z1: 0, x2: 1, y2: 1, z2: 1 }, { x1: 0, y1: 0.5625, z1: 0.625, x2: 1, y2: 1, z2: 1 } ]
	},
	soundsByType: {
		"*-agedthatch-*": {
			place: "block/plant",
			break: "block/plant",
			hit: "block/plant",
			walk: "walk/grass*"
		},
		"*-thatch-*": {
			place: "block/plant",
			break: "block/plant",
			hit: "block/plant",
			walk: "walk/grass*"
		},
		"*-bamboo-*": {
			place: "block/planks",
			break: "block/planks",
			hit: "block/planks",
			walk: "walk/wood*"
		},
		"*-copper-*": {
			"place": "block/chute",
			"break": "block/chute",
			"hit": "block/chute",
			"walk": "walk/stone"
		},
		"*-slate-*": {
			walk: "walk/stone",
			place: "block/ceramicplace"
		},
		"*-fireclay-*": {
			walk: "walk/stone",
			place: "block/ceramicplace"
		},
		"*-blueclay-*": {
			walk: "walk/stone",
			place: "block/ceramicplace"
		},
		"*-redclay-*": {
			walk: "walk/stone",
			place: "block/ceramicplace"
		},
		"*-brownclay-*": {
			walk: "walk/stone",
			place: "block/ceramicplace"
		},
		"*-sod-*": {
			"hit": "block/planks",
			"break": "block/planks",
			"place": "block/planks",
			"walk": "walk/grass*"
		},
		"*": {
			place: "game:block/planks",
			break: "game:block/planks",
			hit: "game:block/planks",
		},
	},
	guiTransformByType: {
		"*-thatch-*": {
			rotation: { x: -22.6, y: -40, z: 0 },
			origin: { x: 0.29, y: 0.5, z: 0.44 },
			scale: 0.85
		},
		"*-agedthatch-*": {
			rotation: { x: -22.6, y: -40, z: 0 },
			origin: { x: 0.29, y: 0.5, z: 0.44 },
			scale: 0.85
		},
		"*-copper-*": {
			rotation: { x: -22.6, y: -40, z: 0 },
			origin: { x: 0.53, y: 0.4, z: 0.46 },
			scale: 0.85
		},
		"*-slate-*": {
			rotation: { x: -22.6, y: -40, z: 0 },
			origin: { x: 0.53, y: 0.4, z: 0.46 },
			scale: 0.85
		},
		"*": {
			rotation: { x: -22.6, y: -40, z: 0 },
			origin: { x: 0.53, y: 0.55, z: 0.46 },
			scale: 0.85
		}
	}
}
