{
	"code": "aegothelidae",
	"class": "EntityAgent",
	"tagsByType": {"*-baby-*":["animal","huntable","habitat-land"],"*":["animal","huntable","adult","habitat-land"]},
	"fallDamageMultiplierByType": { "*" :0.01},
	"variantgroups": [
		{ "code": "age", "states": ["adult", "baby"] },
		{ "code": "gender", "states": ["male", "female"] },
		{ "code": "type", "states": ["aegothelesnovaezealandiae" ] }
	],
	"hitBoxSizeByType": {
		"*-adult-*-aegothelesnovaezealandiae": { "x": 0.2,"y": 0.3},
		"*-baby-*-aegothelesnovaezealandiae": { "x": 0.1,"y": 0.1}
	},
	"deadhitBoxSizeByType": {
		"*-adult-*-aegothelesnovaezealandiae": { "x": 0.2,"y": 0.15},
		"*-baby-*-aegothelesnovaezealandiae": { "x": 0.1,"y": 0.1}
	},
	"eyeHeightByType": {
		"*-adult-*-aegothelesnovaezealandiae": 0.3,
		"*-baby-*-aegothelesnovaezealandiae": 0.1
	},
	"weightByType": {
		"*-adult-*-aegothelesnovaezealandiae": 0.2,
		"*-baby-*-aegothelesnovaezealandiae": 0.01
	},	
	"knockbackResistanceByType": {
		"*-adult-*-aegothelesnovaezealandiae": 0.05,
		"*-baby-*": 0.01
	},	
	"drops": [],
	"attributes": {
		"killedByInfoText": "deadcreature-killed",
			"trappableByType": {
			"*-adult-*": {
				"small": { "trapChance": 0.5,	"trapDestroyChance": 0.01 },
				"large": { "trapChance": 0.95,	"trapDestroyChance": 0 }
			},
			"*": {
				"small": { "trapChance": 0.95,	"trapDestroyChance": 0.0 },
				"large": { "trapChance": 0.99,	"trapDestroyChance": 0 }
			}
		},
		"creatureDiet": {
			"weightedFoodTags": [
				{ "weight": 1, "code": "insect" }
			]},
		"handbook": {
			"groupcode": "creaturegroup-aegothelidae"
		}
	},
	"client": {
		"renderer": "Shape",
		"shapeByType": {
			"*-adult-*-aegothelesnovaezealandiae": { "base": "entity/land/aegothelidae/aegothelesnovaezealandiae-adult" },
			"*-baby-*-aegothelesnovaezealandiae": { "base": "entity/land/aegothelidae/aegothelesnovaezealandiae-baby" }
		},
		"textureByType": {
			"*": { "base": "entity/aegothelidae/{type}-{age}" }   
		},
		"sizeByType": {
			"*-adult-*-aegothelesnovaezealandiae": 0.3,
			"*-baby-*-aegothelesnovaezealandiae": 0.2
		},
		"behaviors": [
			{ "code": "repulseagents" },
			{ "code": "controlledphysics","stepHeightByType": {"*-adult-*": 3.1251,"*-baby-*": 1.1251 } },
			{ "code": "interpolateposition" },
			{ "code": "floatupwhenstuck", "onlyWhenDead": true },
			{ "code": "harvestable","quantitySlots": 8 },
			{ "code": "multiply", "enabledByType": { "*-adult-female-*": true, "*": false } },
			{ "code": "despawn", "minPlayerDistance": 16, "belowLightLevel": 8, "minSeconds": 300 }
		],
		"animations": [
			{
				"code": "attack",
				"animation": "Attack",
				"animationSpeed": 2.2,
				"weight": 10,
				"blendMode": "AddAverage"
			},
			{
				"code": "call",
				"animation": "Call",
				"easeInSpeed": 2,
				"easeOutSpeed": 4,
				"weight": 5,
				"blendMode": "AddAverage"
			},
			{
				"code": "threat",
				"animation": "Threat",
				"easeInSpeed": 2,
				"easeOutSpeed": 4,
				"weight": 10,
				"blendMode": "AddAverage"
			},
			{
				"code": "hurt",
				"animation": "Hurt",
				"animationSpeed": 2.2,
				"weight": 10,
				"blendMode": "AddAverage"
			},
			{
				"code": "die",
				"animation": "Die",
				"easeInSpeed": 3,
				"animationSpeedByType": {
					"*-adult": 0.8,
					"*-baby": 1.0
				},
				"weight": 10,
				"blendMode": "Average",
				"triggeredBy": { "onControls": [ "dead" ] }
			},
			{
				"code": "idle",
				"animation": "Idle",
				"blendMode": "AddAverage",
				"easeOutSpeed": 4,
				"triggeredBy": { "defaultAnim": true }
			},
			{
				"code": "sleep",
				"animation": "Sleep",
				"easeInSpeed": 2,
				"easeOutSpeed": 4,
				"blendMode": "Average"
			},
			{
				"code": "sit",
				"animation": "Sit",
				"easeInSpeed": 1,
				"easeOutSpeed": 1,
				"blendMode": "Average"
			},
			{
				"code": "eat",
				"animation": "Eat",
				"easeInSpeed": 2,
				"easeOutSpeed": 4,
				"blendMode": "AddAverage"
			},
			{
				"code": "scratch",
				"animation": "Scratch",
				"easeInSpeed": 2,
				"easeOutSpeed": 4,
				"weight": 5,
				"blendMode": "AddAverage"
			},
			{
				"code": "swim",
				"animation": "Swim",
				"supressDefaultAnimation": true,
				"blendMode": "Average"
			},
			{
				"code": "walk",
				"animation": "Walk",
				"supressDefaultAnimation": true,
				"blendMode": "Average"
			},
			{
				"code": "highwalk",
				"animation": "Highwalk",
				"supressDefaultAnimation": true,
				"blendMode": "Average"
			},
			{
				"code": "run",
				"animation": "Run",
				"supressDefaultAnimation": true,
				"blendMode": "Average"
			}
		]
	},
	"server": {
		"attributes": {
			"pathfinder": {
				"minTurnAnglePerSec": 90,
				"maxTurnAnglePerSec": 360
			}
		},
		"behaviors": [
			{ "code": "repulseagents" },
      { "code": "controlledphysics","stepHeightByType": {"*-adult-*": 3.1251,"*-baby-*": 1.1251 }},
			{"code": "despawn","minPlayerDistance": 8,"belowLightLevel": 8,"minSeconds": 300},
			{"code": "health",
				"currenthealthByType": {
				"*-adult-*-aegothelesnovaezealandiae": 2,
					"*-baby-*": 1
				},
				"maxhealthByType": {
				"*-adult-*-aegothelesnovaezealandiae": 2,
					"*-baby-*": 1
				}
			},
			{
				"code": "deaddecay",
				"hoursToDecay": 96,
				"decayedBlockByType": {
					"*-adult-*-aegothelesnovaezealandiae": "carcass-tiny",
					"*-baby-*": "carcass-tiny"
				}
			},
			{
				"code": "floatupwhenstuck",
				"onlyWhenDead": true
			},
			{
				"code": "harvestable","quantitySlots": 8,
				"drops": [
					{
						"type": "item",
						"code": "dinornithidae:pelt-{gender}-{type}",
						"quantityByType": {
							"*-adult-*": { "offset": 1, "avg": 0, "var": 0 },
							"*": {"avg": 0.0,"var": 0.0}
						}
					},
					{
						"type": "item",
						"code": "game:feather",
						"quantityByType": {
							"*-adult-*": {"avg": 6.0,"var": 3.0},
							"*": {"avg": 0.0,"var": 0.0}
						}
					}
				]
			},
			{ "code": "breathe" },			
			{
				"code": "multiply",
				"enabledByType": {
					"*-adult-female-*": true,
					"*": false
				},
				"spawnEntityCodesByType": {
				"*-adult-female-*": [ { "code":"dinornithidae:aegothelidae-nest-{type}-incubating"} ]
				},
				"requiresNearbyEntityCodeByType": {"*-adult-female-*": "dinornithidae:aegothelidae-adult-male-{type}"},
				"requiresNearbyEntityRange": 10,
				"spawnQuantityMinByType": {"*-aegothelesnovaezealandiae": 1},
				"spawnQuantityMaxByType": {"*-aegothelesnovaezealandiae": 1},
				"eatAnyway": true,
				"pregnancyDaysByType": {"*-aegothelesnovaezealandiae":9},
				"multiplyCooldownDaysMin": 73,
				"multiplyCooldownDaysMax": 81,
				"portionsEatenForMultiplyByType": {"*-aegothelesnovaezealandiae":1}
			}, 
			{ 
				"code": "grow", 
				"enabledByType": {
					"*-baby-*": true,
					"*-adult-*": false
				},
				"hoursToGrowByType": {"*-aegothelesnovaezealandiae": 175},
				"adultEntityCodesByType": {
					"*-baby-male-*": ["dinornithidae:aegothelidae-adult-male-{type}"],
					"*-baby-female-*": ["dinornithidae:aegothelidae-adult-female-{type}"]
				}
			},
			{
				"code": "emotionstates",
				"states": [
					{"code": "fleeondamage","whenHealthRelBelow": 0.5,"duration": 60,"chanceByType": {"*-adult-*": 0.95,"*": 1.0},"slot": 2,"priority": 5,"accumType": "max"},
					{"code": "fleeondamage","duration": 40,"chanceByType": {"*-adult-*": 0.75,"*": 1.0},"slot": 2,"priority": 1,"accumType": "max"},
					{"code": "alarmherdondamage","chance": 1,"slot": 1,"priority": 1,"accumType": "max"},
					{"code": "aggressiveondamage","duration": 30,"chanceByType": {"*-baby-*": 0.0,"*-aegothelesnovaezealandiae": 0.1},"slot": 2,"priority": 2,"accumType": "noaccum"},
					{"code": "saturated","duration": 1440,"chance": 1,"slot": 0,"priority": 1,"accumType": "sum"}
				]
			},
			{
				"code": "taskai",
				"aiCreatureType": "LandCreature",
				"aitasks": [
					{
						"code": "meleeattack",
						"animation": "Attack",
						"enabledByType": {
							"*-baby-*": false,
							"*": true
						},
						"entityCodes": [ "player", "chicken-*" ],
						"priority": 3,
						"damageByType": {
							"aegothelidae-adult-*-aegothelesnovaezealandiae": 0.25,
							"*-baby-*": 0.1
						},
						"damageTier": 1,
						"damageType": "SlashingAttack",
						"slot": 1,
						"mincooldown": 1500,
						"maxcooldown": 2500,
						"attackDurationMs": 1250,
						"damagePlayerAtMs": 500,
						"animationSpeed": 1.5,
						"soundByType": {
							"*-adult-*": "creature/aegothelidae/call1"
						},
						"whenInEmotionState": "aggressiveondamage"
					},
					{
						"code": "fleeentity",
						"animation": "Run",
						"enabledByType": {
							"*-baby-*": false,
							"*": true
						},
						"entityCodesByType": {
							"*-aegothelesnovaezealandiae": [ "player","bear-*", "chicken-*", "hyena-male", "hyena-female", "wolf-male", "wolf-female", "caninae-*","dasyuridae-*","diprotodontidae-*","elephantidae-*","felinae-*","hyaenidae-*","machairodontinae-*", "pantherinae-*","thylacoleonidae-*","ursidae-*","viverridae-*"]},
						"priority": 1.51,
						"movespeedByType": {
							"aegothelidae-adult-*-aegothelesnovaezealandiae": 0.012
						},
						"seekingRange": 5,
						"soundByType": {
							"*-adult-*": "creature/aegothelidae/call1"
						},
						"animationSpeedByType": {
							"*-adult-*": 2.0
						}
					},
					{
						"code": "fleeentity",
						"animation": "Run",
						"enabledByType": {
							"*-baby-*": false,
							"*": true
						},
						"entityCodesByType": {
							"*-aegothelesnovaezealandiae": [  "player","bear-*", "hyena-male", "hyena-female", "wolf-male", "wolf-female", "caninae-*","dasyuridae-*","diprotodontidae-*","elephantidae-*","felinae-*","hyaenidae-*","machairodontinae-*", "pantherinae-*","thylacoleonidae-*","ursidae-*","viverridae-*"]},
						"priority": 1.52,
						"movespeedByType": {
							"aegothelidae-adult-*-aegothelesnovaezealandiae": 0.012
						},
						"seekingRange": 20,
						"soundByType": {
							"*-adult-*": "creature/aegothelidae/call1"
						},
						"whenInEmotionState": "fleeondamage",
						"animationSpeedByType": {
							"*-adult-*": 2.0
						}
					},
					{
						"code": "seekentity",
						"animation": "Run",
						"enabledByType": {
							"*-baby-*": false,
							"*": true
						},
						"entityCodes": [ "player", "chicken-*" ],
						"priority": 1.6,
						"mincooldown": 600,
						"maxcooldown": 650,
						"movespeedByType": {
							"aegothelidae-adult-*-aegothelesnovaezealandiae": 0.012
						},
						"seekingRange": 20,
						"animationSpeed": 2,
						"whenInEmotionState": "aggressiveondamage"
					},
					{
						"code": "stayclosetoentity",
						"animationByType": {
							"*-adult-*": "Walk",
							"*": "Run"
						},
						"enabledByType": {
							"*-baby-*": false,
							"*": true
						},
						"priority": 1.4,
						"entityCodeByType": {
							"*-adult-female-*": "aegothelidae-baby-female-{type}",
							"*-adult-male-*": "aegothelidae-adult-female-{type}",
							"*-baby-*": "aegothelidae-adult-female-{type}"
						},
						"movespeedByType": {
							"aegothelidae-adult-*-aegothelesnovaezealandiae": 0.0015,
							"aegothelidae-baby-*-aegothelesnovaezealandiae": 0.001,
							"*": 0.006
						},
						"animationSpeedByType": {
							"aegothelidae-adult-*-aegothelesnovaezealandiae": 1.1,
							"*-baby-*": 1.5
						},
						"maxDistance": 1,
						"searchRange": 25
					},
					{
						"code": "getoutofwater",
						"animation": "Swim",
						"enabledByType": {
							"*-baby-*": false,
							"*": true
						},
						"priority": 1.4,
						"movespeedByType": {
							"aegothelidae-adult-*-aegothelesnovaezealandiae": 0.01,
							"aegothelidae-baby-*-aegothelesnovaezealandiae": 0.0025,
							"*": 0.045
						},
						"animationSpeed": 1
					},
					{
						"code": "idle",
						"animation": "Idle",
						"priority": 0.9,
						"minduration": 1600,
						"maxduration": 4500,
						"mincooldown": 6000,
						"maxcooldown": 120000,
						"priorityForCancel": 1.28,
						"whenNotInEmotionState": "aggressiveondamage|fleeondamage",
						"stopOnNearbyEntityCodes": [ "player", "bear-*", "hyena-male", "hyena-female", "wolf-male", "wolf-female", "caninae-*","felinae-*","hyaenidae-*","machairodontinae-*", "pantherinae-*","thylacoleonidae-*","ursidae-*" ],
						"stopRange": 10,
						"stopOnHurt": true,
						"soundByType": {
							"*-adult-*": "creature/aegothelidae/call*",
							"*-baby-*": "creature/aegothelidae/call1"
						}
					},
					{
						"code": "idle",
						"animation": "Sleep",
						"priority": 1.38,
						"minduration": 200000,
						"maxduration": 800000,
						"mincooldown": 10000,
						"maxcooldown": 30000,
						"priorityForCancel": 1.38,
						"whenNotInEmotionState": "aggressiveondamage|fleeondamage",
						"duringDayTimeFrames": [
							{"fromHour": 10,"toHour": 18},{"fromHour": 22,"toHour": 24},{"fromHour": 0,"toHour": 2}
						],
						"stopOnNearbyEntityCodes": [ "player", "bear-*", "hyena-male", "hyena-female", "wolf-male", "wolf-female", "caninae-*","felinae-*","hyaenidae-*","machairodontinae-*", "pantherinae-*","thylacoleonidae-*","ursidae-*"  ],
						"stopRange": 2,
						"stopOnHurt": true
					},
					{
						"code": "idle",
						"animation": "Sit",
						"priority": 0.9,
						"minduration": 6000,
						"maxduration": 45000,
						"mincooldown": 6000,
						"maxcooldown": 120000,
						"priorityForCancel": 1.28,
						"whenNotInEmotionState": "aggressiveondamage|fleeondamage",
						"stopOnNearbyEntityCodes": [ "bear-*", "hyena-male", "hyena-female", "wolf-male", "wolf-female", "caninae-*","felinae-*","hyaenidae-*","machairodontinae-*", "pantherinae-*","thylacoleonidae-*","ursidae-*"  ],
						"stopRange": 10,
						"stopOnHurt": true
					},
					{
						"code": "idle",
						"animation": "Call",
						"priority": 1.2,
						"priorityForCancel": 1.35,
						"stopOnNearbyEntityCodes": [ "bear-*", "hyena-male", "hyena-female", "wolf-male", "wolf-female", "caninae-*","felinae-*","hyaenidae-*","machairodontinae-*", "pantherinae-*","thylacoleonidae-*","ursidae-*"  ],
						"stopRange": 10,
						"minduration": 4667,
						"maxduration": 4667,
						"mincooldown": 8000,
						"maxcooldown": 16000,
						"animationSpeed": 1.0,
						"whenNotInEmotionState": "aggressiveondamage|fleeondamage",
						"duringDayTimeFrames": [
							{"fromHour": 20,"toHour": 24},{"fromHour": 0,"toHour": 6}
						],
						"soundByType": {
							"*-adult-*": "creature/aegothelidae/call*",
							"*-baby-*": "creature/aegothelidae/call1"
						},
						"soundRangeByType": {
							"*-adult-*": 48
						}
					},
					{
						"code": "idle",
						"animation": "Scratch",
						"enabledByType": {
							"*-baby-*": false,
							"*": true
						},
						"priority": 1.0,
						"priorityForCancel": 1.35,
						"stopOnNearbyEntityCodes": [  "bear-*", "hyena-male", "hyena-female", "wolf-male", "wolf-female", "caninae-*","felinae-*","hyaenidae-*","machairodontinae-*", "pantherinae-*","thylacoleonidae-*","ursidae-*"  ],
						"stopRange": 10,
						"minduration": 4000,
						"maxduration": 8000,
						"mincooldown": 8000,
						"maxcooldown": 50000,
						"whenNotInEmotionState": "aggressiveondamage|fleeondamage",
						"chance": 0.1,
						"animationSpeed": 1.0
					},
					{
						"code": "idle",
						"animation": "Eat",
						"enabledByType": {
							"*-baby-*": false,
							"*": true
						},
						"priority": 1.2,
						"priorityForCancel": 1.35,
						"stopOnNearbyEntityCodes": [  "bear-*", "hyena-male", "hyena-female", "wolf-male", "wolf-female", "caninae-*","felinae-*","hyaenidae-*","machairodontinae-*", "pantherinae-*","thylacoleonidae-*","ursidae-*" ],
						"stopRange": 10,
						"minduration": 2667,
						"maxduration": 2667,
						"mincooldown": 6000,
						"maxcooldown": 20000,
						"whenNotInEmotionState": "aggressiveondamage|fleeondamage",
						"chance": 0.1,
						"animationSpeed": 1
					},
					{
						"code": "idle",
						"animation": "Threat",
						"enabledByType": {
							"*-baby-*": false,
							"*": true
						},
						"priority": 1.2,
						"priorityForCancel": 1.35,
						"stopOnNearbyEntityCodes": [  "bear-*", "hyena-male", "hyena-female", "wolf-male", "wolf-female", "caninae-*","felinae-*","hyaenidae-*","machairodontinae-*", "pantherinae-*","thylacoleonidae-*","ursidae-*"  ],
						"stopRange": 10,
						"chance": 0.1,
						"minduration": 2667,
						"maxduration": 2667,
						"mincooldown": 6000,
						"maxcooldown": 20000,
						"whenNotInEmotionState": "aggressiveondamage|fleeondamage",
						"animationSpeed": 0.33
					},
					{
						"code": "wander",
						"animation": "Walk",
						"enabledByType": {
							"*-baby-*": false,
							"*": true
						},
						"priority": 1.0,
						"priorityForCancel": 1.25,
						"stopOnNearbyEntityCodes": [ "bear-*", "hyena-male", "hyena-female", "wolf-male", "wolf-female", "caninae-*","felinae-*","hyaenidae-*","machairodontinae-*", "pantherinae-*","thylacoleonidae-*","ursidae-*"  ],
						"stopRange": 10,
						"minduration": 2000,
						"maxduration": 4000,
						"whenNotInEmotionState": "aggressiveondamage|fleeondamage",
						"movespeedByType": {
							"aegothelidae-adult-*-aegothelesnovaezealandiae": 0.0015,
							"aegothelidae-baby-*-aegothelesnovaezealandiae": 0.001
						},
						"animationSpeedByType": {
							"aegothelidae-adult-*-aegothelesnovaezealandiae": 1.1,
							"*-baby-*": 1.0
						},
						"preferredLightLevel": 6
					},
					{
						"code": "wander",
						"animation": "Highwalk",
						"enabledByType": {
							"*-baby-*": false,
							"*": true
						},
						"priority": 1.0,
						"priorityForCancel": 1.25,
						"stopOnNearbyEntityCodes": [  "bear-*", "hyena-male", "hyena-female", "wolf-male", "wolf-female", "caninae-*","felinae-*","hyaenidae-*","machairodontinae-*", "pantherinae-*","thylacoleonidae-*","ursidae-*" ],
						"stopRange": 10,
						"minduration": 2000,
						"maxduration": 4000,
						"whenNotInEmotionState": "aggressiveondamage|fleeondamage",
						"movespeedByType": {
							"aegothelidae-adult-*-aegothelesnovaezealandiae": 0.0015,
							"aegothelidae-baby-*-aegothelesnovaezealandiae": 0.002
						},
						"animationSpeedByType": {
							"aegothelidae-adult-*-aegothelesnovaezealandiae": 1.1,
							"*-baby-*": 1.5
						},
						"preferredLightLevel": 6
					},
					{
						"code": "wander",
						"animation": "Run",
						"enabledByType": {
							"*-baby-*": false,
							"*": true
						},
						"priority": 1.0,
						"priorityForCancel": 1.25,
						"stopOnNearbyEntityCodes": [ "bear-*", "hyena-male", "hyena-female", "wolf-male", "wolf-female", "caninae-*","felinae-*","hyaenidae-*","machairodontinae-*", "pantherinae-*","thylacoleonidae-*","ursidae-*"  ],
						"stopRange": 10,
						"minduration": 1000,
						"maxduration": 6000,
						"whenNotInEmotionState": "aggressiveondamage|fleeondamage",
						"movespeedByType": {
							"aegothelidae-adult-*-aegothelesnovaezealandiae": 0.012,
							"aegothelidae-baby-*-aegothelesnovaezealandiae": 0.0022,
							"*": 0.006
						},
						"animationSpeedByType": {
							"aegothelidae-adult-*-aegothelesnovaezealandiae": 2.2,
							"*-baby-*": 1.5
						},
						"preferredLightLevel": 6
					},
					{
						"code": "seekfoodandeat",
						"animation": "Walk",
						"eatAnimation": "Eat",
						"enabledByType": {
							"*-baby-*": false,
							"*": true
						},
						"movespeedByType": {
							"aegothelidae-adult-*-aegothelesnovaezealandiae": 0.0015,
							"*-baby": 0.003
						},
						"priority": 1.25,
						"eatSoundByType": {
							"*": "game:creature/animal-eat-small"
						},
						"eatTime": 1.5,
						"eatLooseItems": true,
						"whenNotInEmotionState": "aggressiveondamage|fleeondamage",
						"animationSpeedByType": {
							"aegothelidae-adult-*-aegothelesnovaezealandiae": 1.1,
							"*-baby": 1.5
						},
						"mincooldownHours": 1,
						"maxcooldownHours": 4
					},
					{
						"code": "lookaround",
						"animation": "Threat",
						"enabledByType": {
							"*-baby-*": false,
							"*": true
						},
						"priority": 0.5,
						"whenNotInEmotionState": "aggressiveondamage|fleeondamage",
						"animationSpeed": 0.33
					}
				]
			},
			{"code": "ropetieable","minGeneration": 2},
			{
				"code": "pettable",
				"minGeneration": 1
			}
		],
		"spawnconditions": {
			"worldgen": {
			"tryOnlySurface": true,	
			"groupSizeByType": {
					"*-adult-*-aegothelesnovaezealandiae": { "dist": "invexp", "avg": 1.0, "var": 0.0 }
			},
			"insideBlockCodes":["game:air", "game:gravel-*","game:leaves-*", "game:sand-*", "game:snow-*","game:soil-*","game:tallgrass-*"],
			"companionsByType": {
				"*":["dinornithidae:aegothelidae-adult-female-{type}","dinornithidae:aegothelidae-adult-male-{type}"]}
		},
			"runtime": {
				"group": "neutral",
				"maxQuantityByGroup": { "code": "aegothelidae-*", "maxQuantity": 4 },
				"tryOnlySurface": true,
				"chanceByType": {
					"aegothelidae-adult-female-aegothelesnovaezealandiae": 0.0005, "aegothelidae-adult-male-aegothelesnovaezealandiae": 0.0005,
					"*": 0.0
				},
				"mindistancetoplayer": 50,
				"maxLightLevel": 7,
				"lightLevelType": "onlyBlockLight",	
				"spawnCapPlayerScaling": 0.0,	
				"groupSizeByType": {
					"*-adult-*-aegothelesnovaezealandiae": { "dist": "invexp", "avg": 1.0, "var": 0.0 }
				},
				"insideBlockCodes": [ "game:air", "game:soil-*","game:gravel-*", "game:tallgrass-*", "game:snowlayer-1", "game:sand-*"],
				"companionsByType": {
				"*":["dinornithidae:aegothelidae-adult-female-{type}","dinornithidae:aegothelidae-adult-male-{type}"]}
			}
		},
		"spawnconditionsByType": {
			"aegothelidae-adult-*-aegothelesnovaezealandiae": {
				"climate": {
					"minTemp": 6,
					"maxTemp": 14,
					"minRain": 0.5,
					"maxRain": 1.0,
					"minForest": 0.75,
					"maxForest": 1.0,
					"minY": 1.0,
					"maxY": 1.5					
				},
				"worldgen": {
					"triesPerChunk": { "avg": 0.005, "var": 0}
				}
			}
		}
	},
	"soundsByType": {
		"aegothelidae-adult-*-aegothelesnovaezealandiae":{
			"hurt": "creature/aegothelidae/call2",
			"death": "creature/aegothelidae/call3",
			"idle": "creature/aegothelidae/call1"
		},
		"*-baby-*":{
			"hurt": "game:creature/chicken/chick*",
			"death": "game:creature/chicken/chick*",
			"idle": "creature/aegothelidae/call1"
		}
	},
	"idleSoundRangeByType": {
		"aegothelidae-adult-*-aegothelesnovaezealandiae": 48,
		"*-baby-*":14
	},
	"idleSoundChanceByType": {
		"aegothelidae-adult-*-aegothelesnovaezealandiae": 0.05,
		"*-baby-*":0.2
	}
}