{
	"code": "megalapterygidae",
	"class": "EntityAgent",
	"tags": ["animal", "huntable", "egg", "habitat-land"],
	"variantgroups": [
		{ "code": "age", "states": ["egg"] },
		{ "code": "type", "states": ["megalapteryxdidinus" ]},
		{ "code": "state", "states": ["raw"] }
	],
	"collisionBoxSizeByType": {
		"*": {	"x": 0.25,"y": 0.25}
	},
	"deadCollisionBoxSizeByType": {
		"*": {"x": 0.25,"y": 0.25}
	},
	"selectionBoxSizeByType": {
		"*": {"x": 0.5,"y": 0.5}
	},
	"deadSelectionBoxSizeByType": {
		"*": {"x": 0.5,"y": 0.5}
	},
	"knockbackResistanceByType": {
		"*": 0.5
	},	
	"eyeHeight": 0.6,
	"weightByType": {
		"*": 4
	},
	"drops": [{ "type": "item", "code": "creature-megalapterygidae-egg-{type}-raw" }],	
	"attributes": {
		"handbook": {
			"groupcode": "creaturegroup-megalapterygidae"
		}
	},
	"client": {
		"renderer": "Shape",
		"shapeByType": {"*": { "base": "entity/land/megalapterygidae/egg" }},
		"sizeByType": {
			"*": 0.5
		},
		"behaviors": [
			{ "code": "repulseagents" },
			{"code": "controlledphysics","stepHeight": 0},
			{ "code": "interpolateposition" },
			{"code": "despawn","minPlayerDistance": 8,"belowLightLevel": 0,"minSeconds": 300},
			{"code": "floatupwhenstuck","onlyWhenDead": true}

		]
	},
	"server": {
		"attributes": {
		},
		"behaviors": [
			{ "code": "repulseagents" },
			{"code": "controlledphysics","stepHeight": 0},
			{"code": "health","maxhealthByType": {"*": 0.1}},
			{"code": "deaddecay","hoursToDecay": 0,"decayedBlock": "none"},
			{"code": "despawn","minPlayerDistance": 8,"belowLightLevel": 0,"minSeconds": 300},
			{"code": "floatupwhenstuck","onlyWhenDead": true},
			{ 
				"code": "grow", 
				"hoursToGrow": 120,
				"adultEntityCodesByType": {"*": ["dinornithidae:megalapterygidae-baby-female-{type}","dinornithidae:megalapterygidae-baby-male-{type}"]}
				}

		],
		"spawnconditions": {
			"runtime": {
				"group": "neutral",
				"tryOnlySurface": true,
				"maxQuantity": 1,
				"spawnCapPlayerScaling": 0.0,
				"maxQuantityByGroup": {
					"code": "megalapterygidae-*",
					"maxQuantity": 1
				},
				"chanceByType": {
					"*": 0.0
				}
			}
		}
	}
}