{
	"code": "rallidae",
	"class": "EntityAgent",
	"tagsByType": {"*-baby-*":["animal","huntable","habitat-land"],"*":["animal","huntable","adult","habitat-land"]},
	"fallDamageMultiplierByType": { "*-baby-*" :0.0,"*-adult-*" :0.0},
	"variantgroups": [
		{ "code": "age", "states": ["adult", "baby"] },
		{ "code": "gender", "states": ["male", "female"] },
		{ "code": "type", "states": ["cabalusmodestus","diaphorapteryxhawkinsi","gallirallusaustralis","hypotaenidiadieffenbachii","hypotaenidiaphilippensis","hypotaenidiasylvestris","lewiniamuelleri","porphyrioalbus","porphyriohochstetteri","porphyriomantelli","tribonyxhodgenorum"] }
	],
	"hitBoxSizeByType": {
		"*-adult-*-diaphorapteryxhawkinsi": { "x": 0.4,"y": 0.4},
		"*-adult-*-gallirallusaustralis": { "x": 0.4,"y": 0.4},
		"*-adult-*-porphyrioalbus": { "x": 0.5,"y": 0.5},
		"*-adult-*-porphyriohochstetteri": { "x": 0.5,"y": 0.5},
		"*-adult-*-porphyriomantelli": { "x": 0.6,"y": 0.6},
		"*-adult-*": { "x": 0.3,"y": 0.3},
		"*-baby-*": { "x": 0.2,"y": 0.2}
	},
	"deadhitBoxSizeByType": {
		"*-adult-*-diaphorapteryxhawkinsi": { "x": 0.4,"y": 0.4},
		"*-adult-*-gallirallusaustralis": { "x": 0.4,"y": 0.4},
		"*-adult-*-porphyrioalbus": { "x": 0.5,"y": 0.5},
		"*-adult-*-porphyriohochstetteri": { "x": 0.5,"y": 0.5},
		"*-adult-*-porphyriomantelli": { "x": 0.6,"y": 0.6},
		"*-adult-*": { "x": 0.3,"y": 0.3},
		"*-baby-*": { "x": 0.2,"y": 0.2}
	},
	"eyeHeightByType": {
		"*-adult-*": 0.4,
		"*-baby-*": 0.2
	},
	"weightByType": {
		"*-adult-*-cabalusmodestus": 0.06,
		"*-adult-*-diaphorapteryxhawkinsi":2,
		"*-adult-*-gallirallusaustralis": 1.5,
		"*-adult-*-hypotaenidiadieffenbachii": 0.34,
		"*-adult-*-hypotaenidiaphilippensis": 0.34,
		"*-adult-*-hypotaenidiasylvestris": 0.34,
		"*-adult-*-lewiniamuelleri": 0.1,
		"*-adult-*-porphyrioalbus": 1,
		"*-adult-*-porphyriohochstetteri": 2.5,
		"*-adult-*-porphyriomantelli": 3,
		"*-adult-*-tribonyxhodgenorum": 0.28,
		"*-baby-*": 0.01
	},	
	"knockbackResistanceByType": {
		"*-adult-*": 0.2,
		"*-baby-*": 0.1
	},	
	"drops": [],
	"attributes": {
		"killedByInfoText": "deadcreature-killed",
		"trappableByType": {
			"*-baby-*": {
				"small": { "trapChance": 0.75,	"trapDestroyChance": 0.1 },
				"large": { "trapChance": 0.95,	"trapDestroyChance": 0 }
			},
			"*": {
				"small": { "trapChance": 0.5,	"trapDestroyChance": 0.25 },
				"large": { "trapChance": 0.9,	"trapDestroyChance": 0 }
			}
		},
		"creatureDietByType": {
			"*":{
			"foodCategories": ["Fruit","Grain","Protein","Vegetable"],
			"weightedFoodTags": [
				{ "weight": 1, "code": "egg" },
				{ "weight": 0.7, "code": "fish" },
				{ "weight": 0.6, "code": "fruit" },
				{ "weight": 0.5, "code": "fruitmash" },
				{ "weight": 0.7, "code": "grain" },
				{ "weight": 0.1, "code": "grass" },
				{ "weight": 0.7, "code": "insect" },
				{ "weight": 0.7, "code": "meat" },
				{ "weight": 0.5, "code": "nibbleCrop" },
				{ "weight": 0.2, "code": "peanut" },
				{ "weight": 1, "code": "sweetBerryBush" },
				{ "weight": 1, "code": "tastyvegetable" }
			]
		}},

		"handbook": {
			"groupcode": "creaturegroup-rallidae"
		}
	},
	"client": {
		"renderer": "Shape",
		"shapeByType": {
			"*-adult-*-hypotaenidiaphilippensis": { "base": "entity/land/rallidae/gallirallusaustralis-adult" },
			"*-adult-*-hypotaenidiasylvestris": { "base": "entity/land/rallidae/hypotaenidiadieffenbachii-adult" },
			"*-adult-*-lewiniamuelleri": { "base": "entity/land/rallidae/hypotaenidiadieffenbachii-adult" },
			"*-adult-*-porphyrioalbus": { "base": "entity/land/rallidae/porphyriohochstetteri-adult" },
			"*-adult-*-porphyriomantelli": { "base": "entity/land/rallidae/porphyriohochstetteri-adult" },
			"*-adult-*": { "base": "entity/land/rallidae/{type}-adult" },
			"*-baby-*": { "base": "entity/land/rallidae/tribonyxhodgenorum-baby" }
		},
		"textureByType": {
			"*-baby-*": { "base": "entity/rallidae/tribonyxhodgenorum-baby" },  
			"*-adult-*-porphyriomantelli": { "base": "entity/rallidae/porphyriohochstetteri-adult" },   
			"*": { "base": "entity/rallidae/{type}-{age}" }   
		},
		"sizeByType": {
			"*-adult-*-cabalusmodestus": 0.34,
			"*-adult-*-diaphorapteryxhawkinsi": 0.53,
			"*-adult-*-gallirallusaustralis": 0.5,
			"*-adult-*-hypotaenidiadieffenbachii": 0.26,
			"*-adult-*-hypotaenidiaphilippensis": 0.26,
			"*-adult-*-hypotaenidiasylvestris": 0.26,
			"*-adult-*-lewiniamuelleri": 0.21,
			"*-adult-*-porphyrioalbus": 0.62,
			"*-baby-*-porphyrioalbus": 0.2,
			"*-adult-*-porphyriohochstetteri": 0.62,
			"*-baby-*-porphyriohochstetteri": 0.2,
			"*-adult-*-porphyriomantelli": 0.68,
			"*-baby-*-porphyriomantelli": 0.2,
			"*-adult-*-tribonyxhodgenorum": 0.36,
			"*-baby-*": 0.15
		},
		"behaviors": [
			{ "code": "repulseagents" },
			{ "code": "controlledphysics","stepHeightByType": {"*-adult-*": 1.1251,"*-baby-*": 1.1251 } },
			{ "code": "interpolateposition" },
			{ "code": "floatupwhenstuck", "onlyWhenDead": true },
			{ "code": "harvestable","quantitySlots": 8 },
			{ "code": "multiply", "enabledByType": { "*-adult-female-*": true, "*": false } },
			{ "code": "despawn", "minPlayerDistance": 16, "belowLightLevel": 8, "minSeconds": 300 }
		],
		"animations": [
			{
				"code": "attack",
				"animation": "Attack",
				"animationSpeed": 2.2,
				"weight": 10,
				"blendMode": "AddAverage"
			},
			{
				"code": "charge",
				"animation": "Charge",
				"animationSpeed": 2.2,
				"weight": 10,
				"blendMode": "Average"
			},
			{
				"code": "call",
				"animation": "Call",
				"weight": 5,
				"blendMode": "AddAverage"
			},
			{
				"code": "threat",
				"animation": "Threat",
				"easeInSpeed": 2,
				"easeOutSpeed": 2,
				"weight": 10,
				"blendMode": "AddAverage"
			},
			{
				"code": "hurt",
				"animation": "Hurt",
				"animationSpeed": 2.2,
				"weight": 10,
				"blendMode": "AddAverage"
			},
			{
				"code": "die",
				"animation": "Die",
				"easeInSpeed": 10,
				"animationSpeedByType": {
					"*-adult": 0.8,
					"*-baby": 1.0
				},
				"weight": 10,
				"blendMode": "Average",
				"triggeredBy": { "onControls": [ "dead" ] }
			},
			{
				"code": "idle",
				"animation": "Idle",
				"blendMode": "AddAverage",
				"easeOutSpeed": 4,
				"triggeredBy": { "defaultAnim": true }
			},
			{
				"code": "sleep",
				"animation": "Sleep",
				"easeInSpeed": 2,
				"easeOutSpeed": 4,
				"blendMode": "Average"
			},
			{
				"code": "sit",
				"animation": "Sit",
				"easeInSpeed": 1,
				"easeOutSpeed": 2,
				"blendMode": "Average"
			},
			{
				"code": "eat",
				"animation": "Eat",
				"easeInSpeed": 2,
				"easeOutSpeed": 2,
				"blendMode": "AddAverage"
			},
			{
				"code": "scratch",
				"animation": "Scratch",
				"easeInSpeed": 2,
				"easeOutSpeed": 2,
				"weight": 5,
				"blendMode": "AddAverage"
			},
			{
				"code": "swim",
				"animation": "Swim",
				"supressDefaultAnimation": true,
				"blendMode": "Average"
			},
			{
				"code": "walk",
				"animation": "Walk",
				"supressDefaultAnimation": true,
				"weight": 10,
				"blendMode": "Average"
			},
			{
				"code": "highwalk",
				"animation": "Highwalk",
				"supressDefaultAnimation": true,
				"weight": 10,
				"blendMode": "Average"
			},
			{
				"code": "run",
				"animation": "Run",
				"supressDefaultAnimation": true,
				"weight": 10,
				"blendMode": "Average"
			}
		]
	},
	"server": {
		"attributes": {
			"pathfinder": {
				"minTurnAnglePerSec": 90,
				"maxTurnAnglePerSec": 360
			}
		},
		"behaviors": [
			{ "code": "repulseagents" },
      { "code": "controlledphysics","stepHeightByType": {"*-adult-*": 1.1251,"*-baby-*": 1.1251 }},
			{"code": "despawn","minPlayerDistance": 8,"belowLightLevel": 8,"minSeconds": 300},
			{"code": "health",
				"currenthealthByType": {
				"rallidae-adult-*-cabalusmodestus": 1,
				"rallidae-adult-*-diaphorapteryxhawkinsi": 3,
				"rallidae-adult-*-gallirallusaustralis": 3,
				"rallidae-adult-*-porphyrioalbus": 3,
				"rallidae-adult-*-porphyriohochstetteri": 3,
				"rallidae-adult-*-porphyriomantelli": 3,
				"rallidae-adult-*": 2,
					"*-baby-*": 1
				},
				"maxhealthByType": {
				"rallidae-adult-*-cabalusmodestus": 1,
				"rallidae-adult-*-diaphorapteryxhawkinsi": 3,
				"rallidae-adult-*-gallirallusaustralis": 3,
				"rallidae-adult-*-porphyrioalbus": 3,
				"rallidae-adult-*-porphyriohochstetteri": 3,
				"rallidae-adult-*-porphyriomantelli": 3,
				"rallidae-adult-*": 2,
					"*-baby-*": 1
				}
			},
			{
				"code": "deaddecay",
				"hoursToDecay": 96,
				"decayedBlockByType": {
					"*-adult-*": "carcass-tiny",
					"*-baby-*": "carcass-tiny"
				}
			},
			{
				"code": "floatupwhenstuck",
				"onlyWhenDead": true
			},
			{
				"code": "harvestable","quantitySlots": 8,
				"drops": [
					{
						"type": "item",
						"code": "game:poultry-raw",
						"quantityByType": {
							"rallidae-adult-*-diaphorapteryxhawkinsi": {"avg": 1,"var": 0.0},
							"rallidae-adult-*-gallirallusaustralis": {"avg": 1,"var": 0.0},
							"rallidae-adult-*-porphyrioalbus": {"avg": 1,"var": 0.0},
							"rallidae-adult-*-porphyriohochstetteri": {"avg": 1,"var": 0.0},
							"rallidae-adult-*-porphyriomantelli": {"avg": 1,"var": 0.0},
							"rallidae-adult-*": {"avg": 0.25,"var": 0.0},
							"*": {"avg": 0.0,"var": 0.0}
						}
					},
					{
						"type": "item",
						"code": "dinornithidae:pelt-{gender}-{type}",
						"quantityByType": {
							"*-adult-*": { "offset": 1, "avg": 0, "var": 0 },
							"*": {"avg": 0.0,"var": 0.0}
						}
					},
					{
						"type": "item",
						"code": "game:feather",
						"quantityByType": {
							"*-baby-": {"avg": 1.0,"var": 1.0},
							"*": {"avg": 5.0,"var": 4.0}
						}
					}
				]
			},		
			{
				"code": "multiply",
				"enabledByType": {
					"*-adult-female-*": true,
					"*": false
				},
				"spawnEntityCodesByType": {
				"*-adult-female-*": [ { "code":"dinornithidae:rallidae-nest-{type}-incubating"} ]
				},
				"requiresNearbyEntityCodeByType": {"*-adult-female-*": "dinornithidae:rallidae-adult-male-{type}"},
				"requiresNearbyEntityRange": 10,
				"spawnQuantityMinByType": {"*": 1},
				"spawnQuantityMaxByType": {"*": 1},
				"eatAnyway": true,
				"pregnancyDaysByType": {"*":9},
				"multiplyCooldownDaysMin": 33,
				"multiplyCooldownDaysMax": 41,
				"portionsEatenForMultiplyByType": {"*": 2}
			}, 
			{ 
				"code": "grow", 
				"enabledByType": {
					"*-baby-*": true,
					"*-adult-*": false
				},
				"hoursToGrowByType": {"*": 33},
				"adultEntityCodesByType": {
					"*-baby-male-*": ["dinornithidae:rallidae-adult-male-{type}"],
					"*-baby-female-*": ["dinornithidae:rallidae-adult-female-{type}"]
				}
			},
			{
				"code": "emotionstates",
				"states": [
					{"code": "fleeondamage","whenHealthRelBelow": 0.5,"duration": 60,"chanceByType": {"*-adult-*": 1.0,"*": 1.0},"slot": 2,"priority": 5,"accumType": "max"},
					{"code": "fleeondamage","duration": 40,"chanceByType": {"*-adult-*": 0.75,"*": 1.0},"slot": 2,"priority": 1,"accumType": "max"},
					{"code": "alarmherdondamage","chance": 1,"slot": 1,"priority": 1,"accumType": "max"},
					{"code": "aggressiveondamage","duration": 30,"chanceByType": {"*-baby-*": 0.0,"*-cnemiorniscalcitrans": 0.5,"*-cnemiornisgracilis": 0.5,"*": 0.0},"slot": 2,"priority": 2,"accumType": "noaccum"},
					{"code": "saturated","duration": 1200,"chance": 1,"slot": 0,"priority": 1,"accumType": "sum"}
				]
			},
			{
				"code": "taskai",
				"aiCreatureType": "LandCreature",
				"aitasks": [
					{
						"code": "meleeattack",
						"animation": "Attack",
						"enabledByType": {
							"*-baby-*": false,
							"*": true
						},
						"entityCodes": [ "player","bear-*", "fox-*", "hyena-male", "hyena-female", "wolf-male", "wolf-female", "caninae-*","dasyuridae-*","felinae-*","hyaenidae-*","machairodontinae-*", "pantherinae-*","thylacoleonidae-*","ursidae-*","viverridae-*" ],
						"priority": 3,
						"damageByType": {
							"rallidae-adult-*-diaphorapteryxhawkinsi": 0.5,
							"rallidae-adult-*-gallirallusaustralis": 0.5,
							"rallidae-adult-*-porphyrioalbus": 0.5,
							"rallidae-adult-*-porphyriohochstetteri": 0.5,
							"rallidae-adult-*-porphyriomantelli": 0.5,
							"rallidae-adult-*": 0.25,
							"*-baby-*": 0.1
						},
						"damageTierByType": {"*":1},
						"damageType": "SlashingAttack",
						"slot": 1,
						"mincooldown": 1500,
						"maxcooldown": 2500,
						"attackDurationMs": 1250,
						"damagePlayerAtMs": 500,
						"animationSpeed": 1.5,
						"soundByType": {
							"*-baby-*": "game:creature/chicken/chick*",
							"@.*-(cabalusmodestus|diaphorapteryxhawkinsi|hypotaenidiadieffenbachii|hypotaenidiaphilippensis|lewiniamuelleri)": "creature/rallidae/railcall*",
							"@.*-(gallirallusaustralis)": "creature/rallidae/wekacall*",
							"@.*-(hypotaenidiasylvestris)": "creature/rallidae/woodhencall*",
							"@.*-(porphyrioalbus|porphyriohochstetteri|porphyriomantelli)": "creature/rallidae/takahecall*",
							"@.*-(tribonyxhodgenorum)": "creature/rallidae/waterhencall*"
						},
						"whenInEmotionState": "aggressiveondamage|aggressivearoundentities"
					},
					{
						"code": "fleeentity",
						"animation": "Run",
						"entityCodesByType": {
							"": [  "player","bear-*", "fox-*", "hyena-male", "hyena-female", "wolf-male", "wolf-female", "caninae-canina-adult-*","caninae-cerdocyonina-adult-*","caninae-vulpini-adult-*","caninae-urocyonini-adult-*","dasyuridae-adult-*","felinae-adult-*","hyaenidae-adult-*","machairodontinae-adult-*", "pantherinae-panthera-adult-*","thylacoleonidae-*","ursidae-adult-*","viverridae-*"]
							},
						"priority": 1.51,
						"movespeedByType": {
							"rallidae-adult-*": 0.03,
							"rallidae-baby-*": 0.015
						},
						"seekingRange": 40,
						"animationSpeedByType": {
							"*-baby-*": 7.5,
							"*-adult-*-cabalusmodestus": 9,
							"*-adult-*-diaphorapteryxhawkinsi": 5.4,
							"*-adult-*-gallirallusaustralis": 4.5,
							"@.*-(hypotaenidiadieffenbachii|hypotaenidiaphilippensis|hypotaenidiasylvestris)": 11.4,		
							"*-adult-*-lewiniamuelleri": 13.5,							
							"@.*-(porphyrioalbus|porphyriohochstetteri)": 4.5,
							"*-adult-*-porphyriomantelli": 4.2,		
							"*-adult-*-tribonyxhodgenorum": 8.5
						},
						"whenInEmotionState": "fleeondamage",
						"soundByType": {
							"*-baby-*": "game:creature/chicken/chick*"
						}
					},
					{
						"code": "fleeentity",
						"animation": "Run",
						"entityCodesByType": {
							"*": [  "player","bear-*", "fox-*", "hyena-male", "hyena-female", "wolf-male", "wolf-female", "caninae-canina-adult-*","caninae-cerdocyonina-adult-*","caninae-vulpini-adult-*","caninae-urocyonini-adult-*","dasyuridae-adult-*","elephantidae-*","felinae-adult-*","hyaenidae-adult-*","machairodontinae-adult-*", "pantherinae-panthera-adult-*","thylacoleonidae-*","ursidae-adult-*","viverridae-*"]
						},
						"priority": 1.51,
						"movespeedByType": {
							"rallidae-adult-*": 0.03,
							"rallidae-baby-*": 0.015
						},
						"seekingRange": 24,
						"animationSpeedByType": {
							"*-baby-*": 7.5,
							"*-adult-*-cabalusmodestus": 9,
							"*-adult-*-diaphorapteryxhawkinsi": 5.4,
							"*-adult-*-gallirallusaustralis": 4.5,
							"@.*-(hypotaenidiadieffenbachii|hypotaenidiaphilippensis|hypotaenidiasylvestris)": 11.4,		
							"*-adult-*-lewiniamuelleri": 13.5,							
							"@.*-(porphyrioalbus|porphyriohochstetteri)": 4.5,
							"*-adult-*-porphyriomantelli": 4.2,		
							"*-adult-*-tribonyxhodgenorum": 8.5
						},
						"soundByType": {
							"*-baby-*": "game:creature/chicken/chick*"
						}
					},
					{
						"code": "seekentity",
						"animation": "Charge",
						"enabledByType": {
							"*-baby-*": false,
							"*": true
						},
						"entityCodesByType": {
							"@.*-(cnemiorniscalcitrans|cnemiornisgracilis)": [  "player","bear-*", "fox-*", "hyena-male", "hyena-female", "wolf-male", "wolf-female", "caninae-canina-adult-*","caninae-cerdocyonina-adult-*","caninae-vulpini-adult-*","caninae-urocyonini-adult-*","dasyuridae-adult-*","felinae-adult-*","hyaenidae-adult-*","machairodontinae-adult-*", "pantherinae-panthera-adult-*","thylacoleonidae-*","ursidae-adult-*","viverridae-*"]},
						"priority": 1.6,
						"mincooldown": 600,
						"maxcooldown": 650,
						"movespeedByType": {
							"rallidae-adult-*": 0.03,
							"rallidae-baby-*": 0.015
						},
						"animationSpeedByType": {	
							"*-baby-*": 7.5,
							"*-adult-*-cabalusmodestus": 9,
							"*-adult-*-diaphorapteryxhawkinsi": 5.4,
							"*-adult-*-gallirallusaustralis": 4.5,
							"@.*-(hypotaenidiadieffenbachii|hypotaenidiaphilippensis|hypotaenidiasylvestris)": 11.4,		
							"*-adult-*-lewiniamuelleri": 13.5,							
							"@.*-(porphyrioalbus|porphyriohochstetteri)": 4.5,
							"*-adult-*-porphyriomantelli": 4.2,		
							"*-adult-*-tribonyxhodgenorum": 8.5
						},
						"seekingRange": 20,
						"whenInEmotionState": "aggressiveondamage|aggressivearoundentities"
					},
					{
						"code": "stayclosetoentity",
						"animationByType": {
							"*-adult-*": "Walk",
							"*": "Run"
						},
						"priority": 1.4,
						"entityCodeByType": {
							"*-adult-female-*": "rallidae-nest-{type}-incubating",
							"*-adult-male-*": "rallidae-adult-female-{type}",
							"*-baby-*": "rallidae-adult-female-{type}"
						},
						"movespeedByType": {
							"rallidae-adult-*": 0.003,
							"*": 0.015
						},
						"animationSpeedByType": {
							"*-adult-*-porphyrioalbus": 1.5,
							"*-baby-*-porphyrioalbus": 5,
							"*-baby-*-anaschlorotis": 5,
							"*-baby-*-anasnesiotis": 5,
							"*-baby-*-chenonettafinschi": 3.0,
							"*-baby-*-cnemiorniscalcitrans": 2.0,
							"*-baby-*-cnemiornisgracilis": 2.0
						},
						"maxDistance": 1.5,
						"searchRange": 25
					},
					{
						"code": "getoutofwater",
						"animation": "Swim",
						"priority": 1.4,
						"movespeedByType": {
							"rallidae-adult-*": 0.03,
							"*": 0.03
						},
						"animationSpeedByType": {	
							"*-baby-*": 5,
							"*-adult-*-cabalusmodestus": 3,
							"*-adult-*-diaphorapteryxhawkinsi": 1.8,
							"*-adult-*-gallirallusaustralis": 1.5,
							"@.*-(hypotaenidiadieffenbachii|hypotaenidiaphilippensis|hypotaenidiasylvestris)": 3.6,		
							"*-adult-*-lewiniamuelleri": 4.5,							
							"@.*-(porphyrioalbus|porphyriohochstetteri)": 1.5,
							"*-adult-*-porphyriomantelli": 1.4,		
							"*-adult-*-tribonyxhodgenorum": 2.8
						}
					},
					{
						"code": "idle",
						"animation": "Idle",
						"priority": 0.9,
						"minduration": 1600,
						"maxduration": 4500,
						"mincooldown": 6000,
						"maxcooldown": 120000,
						"priorityForCancel": 1.28,
						"whenNotInEmotionState": "aggressiveondamage|fleeondamage",
						"stopOnNearbyEntityCodes": [ "player", "bear-*", "fox-*", "hyena-male", "hyena-female", "wolf-male", "wolf-female", "caninae-*","felinae-*","hyaenidae-*","machairodontinae-*", "pantherinae-*","thylacoleonidae-*","ursidae-*" ],
						"stopRange": 10,
						"stopOnHurt": true,
						"soundByType": {
							"*-baby-*": "game:creature/chicken/chick*",
							"@.*-(cabalusmodestus|diaphorapteryxhawkinsi|hypotaenidiadieffenbachii|hypotaenidiaphilippensis|lewiniamuelleri)": "creature/rallidae/railcall*",
							"@.*-(gallirallusaustralis)": "creature/rallidae/wekacall*",
							"@.*-(hypotaenidiasylvestris)": "creature/rallidae/woodhencall*",
							"@.*-(porphyrioalbus|porphyriohochstetteri|porphyriomantelli)": "creature/rallidae/takahecall*",
							"@.*-(tribonyxhodgenorum)": "creature/rallidae/waterhencall*"
						}
					},
					{
						"code": "idle",
						"animation": "Sleep",
						"priority": 1.38,
						"minduration": 200000,
						"maxduration": 800000,
						"mincooldown": 10000,
						"maxcooldown": 30000,
						"priorityForCancel": 1.38,
						"whenNotInEmotionState": "aggressiveondamage|fleeondamage",
						"duringDayTimeFramesByType": {
							"*":[{"fromHour": 20,"toHour": 24},{"fromHour": 0,"toHour": 4}]},
						"stopOnNearbyEntityCodes": [ "player", "bear-*","fox-*", "hyena-male", "hyena-female", "wolf-male", "wolf-female", "caninae-*","felinae-*","hyaenidae-*","machairodontinae-*", "pantherinae-*","thylacoleonidae-*","ursidae-*"  ],
						"stopRange": 8,
						"stopOnHurt": true
					},
					{
						"code": "idle",
						"animation": "Sit",
						"priority": 0.9,
						"minduration": 15000,
						"maxduration": 45000,
						"mincooldown": 6000,
						"maxcooldown": 120000,
						"priorityForCancel": 1.28,
						"whenNotInEmotionState": "aggressiveondamage|fleeondamage",
						"stopOnNearbyEntityCodes": [ "player", "bear-*","fox-*", "hyena-male", "hyena-female", "wolf-male", "wolf-female", "caninae-*","felinae-*","hyaenidae-*","machairodontinae-*", "pantherinae-*","thylacoleonidae-*","ursidae-*"  ],
						"stopRange": 10,
						"stopOnHurt": true
					},
					{
						"code": "idle",
						"animation": "Call",
						"priority": 1.0,
						"priorityForCancel": 1.35,
						"whenNotInEmotionState": "aggressiveondamage|fleeondamage",
						"stopOnNearbyEntityCodes": [ "player", "bear-*","fox-*", "hyena-male", "hyena-female", "wolf-male", "wolf-female", "caninae-*","felinae-*","hyaenidae-*","machairodontinae-*", "pantherinae-*","thylacoleonidae-*","ursidae-*"  ],
						"stopRange": 10,
						"minduration": 2000,
						"maxduration": 2000,
						"chance": 0.2,
						"mincooldown": 8000,
						"maxcooldown": 50000,
						"animationSpeed": 0.5,
						"soundByType": {
							"*-baby-*": "game:creature/chicken/chick*",
							"@.*-(cabalusmodestus|diaphorapteryxhawkinsi|hypotaenidiadieffenbachii|hypotaenidiaphilippensis|lewiniamuelleri)": "creature/rallidae/railcall*",
							"@.*-(gallirallusaustralis)": "creature/rallidae/wekacall*",
							"@.*-(hypotaenidiasylvestris)": "creature/rallidae/woodhencall*",
							"@.*-(porphyrioalbus|porphyriohochstetteri|porphyriomantelli)": "creature/rallidae/takahecall*",
							"@.*-(tribonyxhodgenorum)": "creature/rallidae/waterhencall*"
						},
						"soundRangeByType": {
						"*-adult-*":48,
						"*-baby-*":10
						}
					},
					{
						"code": "idle",
						"animation": "Scratch",
						"priority": 1.0,
						"priorityForCancel": 1.35,
						"whenNotInEmotionState": "aggressiveondamage|fleeondamage",
						"stopOnNearbyEntityCodes": [  "player", "bear-*","fox-*", "hyena-male", "hyena-female", "wolf-male", "wolf-female", "caninae-*","felinae-*","hyaenidae-*","machairodontinae-*", "pantherinae-*","thylacoleonidae-*","ursidae-*"  ],
						"stopRange": 10,
						"minduration": 4000,
						"maxduration": 4000,
						"mincooldown": 8000,
						"maxcooldown": 50000,
						"chance": 0.1,
						"animationSpeed": 1.0
					},
					{
						"code": "idle",
						"animation": "Eat",
						"priority": 1.2,
						"priorityForCancel": 1.35,
						"whenNotInEmotionState": "aggressiveondamage|fleeondamage",
						"stopOnNearbyEntityCodes": [  "player", "bear-*","fox-*", "hyena-male", "hyena-female", "wolf-male", "wolf-female", "caninae-*","felinae-*","hyaenidae-*","machairodontinae-*", "pantherinae-*","thylacoleonidae-*","ursidae-*" ],
						"stopRange": 10,
						"minduration": 2000,
						"maxduration": 2000,
						"mincooldown": 6000,
						"maxcooldown": 20000,
						"chance": 0.1,
						"animationSpeed": 0.5
					},
					{
						"code": "idle",
						"animation": "Threat",
						"priority": 1.2,
						"priorityForCancel": 1.35,
						"whenNotInEmotionState": "aggressiveondamage|fleeondamage",
						"stopOnNearbyEntityCodes": [  "player", "bear-*","fox-*", "hyena-male", "hyena-female", "wolf-male", "wolf-female", "caninae-*","felinae-*","hyaenidae-*","machairodontinae-*", "pantherinae-*","thylacoleonidae-*","ursidae-*"  ],
						"stopRange": 10,
						"chance": 0.1,
						"minduration": 4000,
						"maxduration": 4000,
						"mincooldown": 6000,
						"maxcooldown": 20000,
						"animationSpeed": 0.25
					},
					{
						"code": "wander",
						"animation": "Walk",
						"priority": 1.0,
						"priorityForCancel": 1.35,
						"whenNotInEmotionState": "aggressiveondamage|fleeondamage",
						"stopOnNearbyEntityCodes": [ "player", "bear-*","fox-*", "hyena-male", "hyena-female", "wolf-male", "wolf-female", "caninae-*","felinae-*","hyaenidae-*","machairodontinae-*", "pantherinae-*","thylacoleonidae-*","ursidae-*"  ],
						"stopRange": 10,
						"chance": 0.5,
						"movespeedByType": {
							"rallidae-adult-*": 0.003,
							"rallidae-baby-*": 0.003
						},
						"animationSpeedByType": {					
							"*-baby-*": 5,
							"*-adult-*-cabalusmodestus": 3,
							"*-adult-*-diaphorapteryxhawkinsi": 1.8,
							"*-adult-*-gallirallusaustralis": 1.5,
							"@.*-(hypotaenidiadieffenbachii|hypotaenidiaphilippensis|hypotaenidiasylvestris)": 3.6,		
							"*-adult-*-lewiniamuelleri": 4.5,							
							"@.*-(porphyrioalbus|porphyriohochstetteri)": 1.5,
							"*-adult-*-porphyriomantelli": 1.4,		
							"*-adult-*-tribonyxhodgenorum": 2.8
						},
						"preferredLightLevel": 12
					},
					{
						"code": "wander",
						"animation": "Highwalk",
						"priority": 1.0,
						"priorityForCancel": 1.35,
						"whenNotInEmotionState": "aggressiveondamage|fleeondamage",
						"stopOnNearbyEntityCodes": [  "player", "bear-*","fox-*", "hyena-male", "hyena-female", "wolf-male", "wolf-female", "caninae-*","felinae-*","hyaenidae-*","machairodontinae-*", "pantherinae-*","thylacoleonidae-*","ursidae-*" ],
						"stopRange": 10,
						"chance": 0.25,
						"movespeedByType": {
							"rallidae-adult-*": 0.003,
							"rallidae-baby-*": 0.003
						},
						"animationSpeedByType": {	
							"*-baby-*": 5,
							"*-adult-*-cabalusmodestus": 3,
							"*-adult-*-diaphorapteryxhawkinsi": 1.8,
							"*-adult-*-gallirallusaustralis": 1.5,
							"@.*-(hypotaenidiadieffenbachii|hypotaenidiaphilippensis|hypotaenidiasylvestris)": 3.6,		
							"*-adult-*-lewiniamuelleri": 4.5,							
							"@.*-(porphyrioalbus|porphyriohochstetteri)": 1.5,
							"*-adult-*-porphyriomantelli": 1.4,		
							"*-adult-*-tribonyxhodgenorum": 2.8
						},
						"preferredLightLevel": 12
					},
					{
						"code": "seekfoodandeat",
						"animation": "Walk",
						"eatAnimation": "Eat",
						"priority": 1.25,
						"whenNotInEmotionState": "aggressiveondamage|fleeondamage",
						"eatSoundByType": {
							"*": "game:creature/animal-eat-small"
						},
						"eatTime": 1.5,
						"eatLooseItems": true,
						"movespeedByType": {
							"rallidae-adult-*": 0.003,
							"rallidae-baby-*": 0.003
						},
						"animationSpeedByType": {	
							"*-baby-*": 5,
							"*-adult-*-cabalusmodestus": 3,
							"*-adult-*-diaphorapteryxhawkinsi": 1.8,
							"*-adult-*-gallirallusaustralis": 1.5,
							"@.*-(hypotaenidiadieffenbachii|hypotaenidiaphilippensis|hypotaenidiasylvestris)": 3.6,		
							"*-adult-*-lewiniamuelleri": 4.5,							
							"@.*-(porphyrioalbus|porphyriohochstetteri)": 1.5,
							"*-adult-*-porphyriomantelli": 1.4,		
							"*-adult-*-tribonyxhodgenorum": 2.8
						},
						"mincooldownHours": 1,
						"maxcooldownHours": 4
					},
					{
						"code": "lookaround",
						"whenNotInEmotionState": "aggressiveondamage|fleeondamage",
						"priority": 0.5
					}
				]
			},
			{"code": "ropetieable","minGeneration": 2},
			{
				"code": "pettable",
				"minGeneration": 1
			}
		],
		"spawnconditions": {
			"worldgen": {
			"tryOnlySurface": true,	
			"groupSizeByType": {
					"*-adult-female-diaphorapteryxhawkinsi": { "dist": "invexp", "avg": 5.5, "var": 2.5 },
					"*-adult-female-gallirallusaustralis": { "dist": "invexp", "avg": 4, "var": 1 },
					"*-adult-*": { "dist": "invexp", "avg": 1.5, "var": 0.5 }
			},
			"insideBlockCodes":["game:air", "game:gravel-*","game:leaves-*", "game:sand-*", "game:snow-*","game:soil-*","game:tallgrass-*"],
			"companionsByType": {
				"*-adult-female-diaphorapteryxhawkinsi":["dinornithidae:rallidae-adult-female-{type}","dinornithidae:rallidae-adult-male-{type}","dinornithidae:rallidae-baby-female-{type}","dinornithidae:rallidae-baby-male-{type}"],
				"*-adult-female-gallirallusaustralis":["dinornithidae:rallidae-adult-female-{type}","dinornithidae:rallidae-adult-male-{type}","dinornithidae:rallidae-baby-female-{type}","dinornithidae:rallidae-baby-male-{type}"],
				"*":["dinornithidae:rallidae-adult-female-{type}","dinornithidae:rallidae-adult-male-{type}"]}
		},
			"runtime": {
				"group": "neutral",
				"maxQuantityByGroup": { "code": "rallidae-*", "maxQuantity": 4 },
				"tryOnlySurface": true,
				"chanceByType": {
					"rallidae-adult-female-cabalusmodestus": 0.001, "rallidae-adult-male-cabalusmodestus": 0.001,
					"rallidae-adult-female-diaphorapteryxhawkinsi": 0.001, "rallidae-adult-male-diaphorapteryxhawkinsi": 0.001,
					"rallidae-adult-female-gallirallusaustralis": 0.001, "rallidae-adult-male-gallirallusaustralis": 0.001,
					"rallidae-adult-female-hypotaenidiadieffenbachii": 0.001, "rallidae-adult-male-hypotaenidiadieffenbachii": 0.001,
					"rallidae-adult-female-hypotaenidiaphilippensis": 0.001, "rallidae-adult-male-hypotaenidiaphilippensis": 0.001,
					"rallidae-adult-female-hypotaenidiasylvestris": 0.001, "rallidae-adult-male-hypotaenidiasylvestris": 0.001,
					"rallidae-adult-female-lewiniamuelleri": 0.001, "rallidae-adult-male-lewiniamuelleri": 0.001,
					"rallidae-adult-female-porphyrioalbus": 0.001, "rallidae-adult-male-porphyrioalbus": 0.001,
					"rallidae-adult-female-porphyriohochstetteri": 0.001, "rallidae-adult-male-porphyriohochstetteri": 0.001,
					"rallidae-adult-female-porphyriomantelli": 0.001, "rallidae-adult-male-porphyriomantelli": 0.001,
					"rallidae-adult-female-tribonyxhodgenorum": 0.001, "rallidae-adult-male-tribonyxhodgenorum": 0.001,
					"*": 0.0
				},
				"mindistancetoplayer": 50,
				"maxLightLevel": 7,
				"lightLevelType": "onlyBlockLight",	
				"spawnCapPlayerScaling": 0.0,	
				"groupSizeByType": {
					"*-adult-female-diaphorapteryxhawkinsi": { "dist": "invexp", "avg": 5.5, "var": 2.5 },
					"*-adult-female-gallirallusaustralis": { "dist": "invexp", "avg": 4, "var": 1 },
					"*-adult-*": { "dist": "invexp", "avg": 1.5, "var": 0.5 }
				},
				"insideBlockCodes": [ "game:air", "game:soil-*","game:gravel-*", "game:tallgrass-*", "game:snowlayer-1", "game:sand-*"],
				"companionsByType": {
				"*-adult-female-diaphorapteryxhawkinsi":["dinornithidae:rallidae-adult-female-{type}","dinornithidae:rallidae-adult-male-{type}","dinornithidae:rallidae-baby-female-{type}","dinornithidae:rallidae-baby-male-{type}"],
				"*-adult-female-gallirallusaustralis":["dinornithidae:rallidae-adult-female-{type}","dinornithidae:rallidae-adult-male-{type}","dinornithidae:rallidae-baby-female-{type}","dinornithidae:rallidae-baby-male-{type}"],
				"*":["dinornithidae:rallidae-adult-female-{type}","dinornithidae:rallidae-adult-male-{type}"]}
			}
		},
		"spawnconditionsByType": {
			"rallidae-adult-*-cabalusmodestus": {
				"climate": {
					"minTemp": 10,
					"maxTemp": 14,
					"minRain": 0.5,
					"maxRain": 0.6,
					"minForestOrShrubs": 0.0,
					"maxForest": 1.0,
					"maxShrubs": 1.0,
					"minY": 1.0,
					"maxY": 1.1					
				},
				"worldgen": {
					"triesPerChunk": { "avg": 0.005, "var": 0}
				}
			},
			"rallidae-adult-*-diaphorapteryxhawkinsi": {
				"climate": {
					"minTemp": 10,
					"maxTemp": 14,
					"minRain": 0.5,
					"maxRain": 0.6,
					"minForestOrShrubs": 0.0,
					"maxForest": 1.0,
					"maxShrubs": 1.0,
					"minY": 1.0,
					"maxY": 1.1					
				},
				"worldgen": {
					"triesPerChunk": { "avg": 0.005, "var": 0}
				}
			},
			"rallidae-adult-*-gallirallusaustralis": {
				"climate": {
					"minTemp": 6,
					"maxTemp": 16,
					"minRain": 0.6,
					"maxRain": 1.0,
					"minForestOrShrubs": 0.0,
					"maxForest": 1.0,
					"maxShrubs": 1.0,
					"minY": 1.0,
					"maxY": 1.5					
				},
				"worldgen": {
					"triesPerChunk": { "avg": 0.005, "var": 0}
				}
			},
			"rallidae-adult-*-hypotaenidiadieffenbachii": {
				"climate": {
					"minTemp": 10,
					"maxTemp": 14,
					"minRain": 0.5,
					"maxRain": 0.6,
					"minForestOrShrubs": 0.0,
					"maxForest": 1.0,
					"maxShrubs": 1.0,
					"minY": 1.0,
					"maxY": 1.1						
				},
				"worldgen": {
					"triesPerChunk": { "avg": 0.005, "var": 0}
				}
			},
			"rallidae-adult-*-hypotaenidiaphilippensis": {
				"climate": {
					"minTemp": 6,
					"maxTemp": 40,
					"minRain": 0.3,
					"maxRain": 1.0,
					"minForestOrShrubs": 0.0,
					"maxForest": 1.0,
					"maxShrubs": 1.0,
					"minY": 1.0,
					"maxY": 1.2					
				},
				"worldgen": {
					"triesPerChunk": { "avg": 0.005, "var": 0}
				}
			},
			"rallidae-adult-*-hypotaenidiasylvestris": {
				"climate": {
					"minTemp": 18,
					"maxTemp": 22,
					"minRain": 0.62,
					"maxRain": 0.68,
					"minForestOrShrubs": 0.3,
					"maxForest": 1.0,
					"maxShrubs": 1.0,
					"minY": 1.0,
					"maxY": 1.2					
				},
				"worldgen": {
					"triesPerChunk": { "avg": 0.005, "var": 0}
				}
			},
			"rallidae-adult-*-lewiniamuelleri": {
				"climate": {
					"minTemp": 5,
					"maxTemp": 11,
					"minRain": 0.7,
					"maxRain": 0.8,
					"minForestOrShrubs": 0.0,
					"maxForest": 0.5,
					"maxShrubs": 1.0,
					"minY": 1.0,
					"maxY": 1.2					
				},
				"worldgen": {
					"triesPerChunk": { "avg": 0.005, "var": 0}
				}
			},
			"rallidae-adult-*-porphyrioalbus": {
				"climate": {
					"minTemp": 18,
					"maxTemp": 22,
					"minRain": 0.62,
					"maxRain": 0.68,
					"minForestOrShrubs": 0.3,
					"maxForest": 1.0,
					"maxShrubs": 1.0,
					"minY": 1.0,
					"maxY": 1.2					
				},
				"worldgen": {
					"triesPerChunk": { "avg": 0.005, "var": 0}
				}
			},
			"rallidae-adult-*-porphyriohochstetteri": {
				"climate": {
					"minTemp": 4,
					"maxTemp": 14,
					"minRain": 0.5,
					"maxRain": 1.0,
					"minForestOrShrubs": 0.0,
					"maxForest": 0.5,
					"maxShrubs": 1.0,
					"minY": 1.0,
					"maxY": 1.6					
				},
				"worldgen": {
					"triesPerChunk": { "avg": 0.005, "var": 0}
				}
			},
			"rallidae-adult-*-porphyriomantelli": {
				"climate": {
					"minTemp": 8,
					"maxTemp": 16,
					"minRain": 0.5,
					"maxRain": 1.0,
					"minForestOrShrubs": 0.0,
					"maxForest": 0.5,
					"maxShrubs": 1.0,
					"minY": 1.0,
					"maxY": 1.6					
				},
				"worldgen": {
					"triesPerChunk": { "avg": 0.005, "var": 0}
				}
			},
			"rallidae-adult-*-tribonyxhodgenorum": {
				"climate": {
					"minTemp": 4,
					"maxTemp": 14,
					"minRain": 0.25,
					"maxRain": 1.0,
					"minShrubs": 0.2,
					"maxForest": 1.0,
					"maxShrubs": 1.0,
					"minY": 1.0,
					"maxY": 1.1					
				},
				"worldgen": {
					"triesPerChunk": { "avg": 0.005, "var": 0}
				}
			}
		}
	},
	"soundsByType": {
		"*-baby-*":{
			"hurt": "game:creature/chicken/chick*",
			"death": "game:creature/chicken/chick*",
			"idle": "game:creature/chicken/chick*"
		},
		"@.*-(cabalusmodestus|diaphorapteryxhawkinsi|hypotaenidiadieffenbachii|hypotaenidiaphilippensis|lewiniamuelleri)":{
			"hurt": "creature/rallidae/railcall*",
			"death": "creature/rallidae/railcall*",
			"idle": "creature/rallidae/railcall*"
		},
		"rallidae-adult-*-gallirallusaustralis":{
			"hurt": "creature/rallidae/railcall*",
			"death": "creature/rallidae/railcall*",
			"idle": "creature/rallidae/wekacall*"
		},
		"rallidae-adult-*-hypotaenidiasylvestris":{
			"hurt": "creature/rallidae/railcall*",
			"death": "creature/rallidae/railcall*",
			"idle": "creature/rallidae/woodhen*"
		},
		"@.*-(porphyrioalbus|porphyriohochstetteri|porphyriomantelli)":{
			"hurt": "creature/rallidae/railcall*",
			"death": "creature/rallidae/railcall*",
			"idle": "creature/rallidae/takaheidle*"
		},
		"rallidae-adult-*-tribonyxhodgenorum":{
			"hurt": "creature/rallidae/railcall*",
			"death": "creature/rallidae/railcall*",
			"idle": "creature/rallidae/waterhen*"
		}
	},
	"idleSoundRangeByType": {
		"*-adult-*":48,
		"*-baby-*":10
	},
	"idleSoundChanceByType": {
		"*-adult-*-gallirallusaustralis": 0.05,
		"*-adult-*-porphyrioalbus": 0.95,
		"*-adult-*-porphyriohochstetteri": 0.95,
		"*-adult-*-porphyriomantelli": 0.95,
		"*-adult-*-tribonyxhodgenorum": 0.05,
		"*-adult-*": 0.25,
		"*-baby-*":1
	}
}