{
	"editor": {
		"allAngles": false,
		"entityTextureMode": false
	},
	"textureWidth": 16,
	"textureHeight": 16,
	"textureSizes": {
	},
	"textures": {
		"aged": "game:block/wood/debarked/aged",
		"oak": "game:block/wood/debarked/oak"
	},
	"elements": [
		{
			"name": "Origin",
			"from": [ 8.0, 0.0, 8.0 ],
			"to": [ 8.0, 0.0, 8.0 ],
			"rotationOrigin": [ 8.0, 0.0, 8.0 ],
			"faces": {
				"north": { "texture": "#null", "uv": [ 0.0, 0.0, 0.5, 0.5 ] },
				"east": { "texture": "#null", "uv": [ 0.0, 0.0, 0.5, 0.5 ] },
				"south": { "texture": "#null", "uv": [ 0.0, 0.0, 0.5, 0.5 ] },
				"west": { "texture": "#null", "uv": [ 0.0, 0.0, 0.5, 0.5 ] },
				"up": { "texture": "#null", "uv": [ 0.0, 0.0, 0.5, 0.5 ] },
				"down": { "texture": "#null", "uv": [ 0.0, 0.0, 0.5, 0.5 ] }
			},
			"children": [
				{
					"name": "Base",
					"from": [ -7.0, 0.0, 0.0 ],
					"to": [ -7.0, 0.0, 0.0 ],
					"rotationOrigin": [ -7.0, 0.0, 0.0 ],
					"faces": {
						"north": { "texture": "#null", "uv": [ 0.0, 0.0, 0.5, 0.5 ] },
						"east": { "texture": "#null", "uv": [ 0.0, 0.0, 0.5, 0.5 ] },
						"south": { "texture": "#null", "uv": [ 0.0, 0.0, 0.5, 0.5 ] },
						"west": { "texture": "#null", "uv": [ 0.0, 0.0, 0.5, 0.5 ] },
						"up": { "texture": "#null", "uv": [ 0.0, 0.0, 0.5, 0.5 ] },
						"down": { "texture": "#null", "uv": [ 0.0, 0.0, 0.5, 0.5 ] }
					},
					"children": [
						{
							"name": "Plank",
							"from": [ 0.0, 0.0, -1.0 ],
							"to": [ 14.0, 0.5, 1.0 ],
							"rotationOrigin": [ 0.0, 0.0, -1.0 ],
							"faces": {
								"north": { "texture": "#oak", "uv": [ 0.0, 0.0, 14.0, 0.5 ] },
								"east": { "texture": "#oak", "uv": [ 0.0, 0.0, 2.0, 0.5 ] },
								"south": { "texture": "#oak", "uv": [ 0.0, 0.0, 14.0, 0.5 ] },
								"west": { "texture": "#oak", "uv": [ 0.0, 0.0, 2.0, 0.5 ] },
								"up": { "texture": "#oak", "uv": [ 0.0, 0.0, 14.0, 2.0 ] },
								"down": { "texture": "#oak", "uv": [ 0.0, 0.0, 14.0, 2.0 ] }
							}
						},
						{
							"name": "LeftSide",
							"from": [ 1.0, 0.0, 0.0 ],
							"to": [ 1.0, 0.0, 0.0 ],
							"rotationOrigin": [ 1.0, 0.0, 0.0 ],
							"faces": {
								"north": { "texture": "#null", "uv": [ 0.0, 0.0, 0.5, 0.5 ] },
								"east": { "texture": "#null", "uv": [ 0.0, 0.0, 0.5, 0.5 ] },
								"south": { "texture": "#null", "uv": [ 0.0, 0.0, 0.5, 0.5 ] },
								"west": { "texture": "#null", "uv": [ 0.0, 0.0, 0.5, 0.5 ] },
								"up": { "texture": "#null", "uv": [ 0.0, 0.0, 0.5, 0.5 ] },
								"down": { "texture": "#null", "uv": [ 0.0, 0.0, 0.5, 0.5 ] }
							},
							"children": [
								{
									"name": "Foot",
									"from": [ 0.0, 0.0, -4.0 ],
									"to": [ 1.0, 1.0, 4.0 ],
									"rotationOrigin": [ 0.0, 0.0, -4.0 ],
									"faces": {
										"north": { "texture": "#aged", "uv": [ 0.0, 0.0, 1.0, 1.0 ] },
										"east": { "texture": "#aged", "uv": [ 0.0, 0.0, 8.0, 1.0 ] },
										"south": { "texture": "#aged", "uv": [ 0.0, 0.0, 1.0, 1.0 ] },
										"west": { "texture": "#aged", "uv": [ 0.0, 0.0, 8.0, 1.0 ] },
										"up": { "texture": "#aged", "uv": [ 0.0, 0.0, 1.0, 8.0 ] },
										"down": { "texture": "#aged", "uv": [ 0.0, 0.0, 1.0, 8.0 ] }
									}
								},
								{
									"name": "Pillar",
									"from": [ 0.5, 0.0, -0.5 ],
									"to": [ 1.5, 13.0, 0.5 ],
									"rotationOrigin": [ 0.5, 0.0, -0.5 ],
									"faces": {
										"north": { "texture": "#aged", "uv": [ 0.0, 0.0, 1.0, 13.0 ] },
										"east": { "texture": "#aged", "uv": [ 0.0, 0.0, 1.0, 13.0 ] },
										"south": { "texture": "#aged", "uv": [ 0.0, 0.0, 1.0, 13.0 ] },
										"west": { "texture": "#aged", "uv": [ 0.0, 0.0, 1.0, 13.0 ] },
										"up": { "texture": "#aged", "uv": [ 0.0, 0.0, 1.0, 1.0 ] },
										"down": { "texture": "#aged", "uv": [ 0.0, 0.0, 1.0, 1.0 ] }
									}
								}
							]
						},
						{
							"name": "RightSide",
							"from": [ 13.0, 0.0, 0.0 ],
							"to": [ 13.0, 0.0, 0.0 ],
							"rotationOrigin": [ 13.0, 0.0, 0.0 ],
							"faces": {
								"north": { "texture": "#null", "uv": [ 0.0, 0.0, 0.5, 0.5 ] },
								"east": { "texture": "#null", "uv": [ 0.0, 0.0, 0.5, 0.5 ] },
								"south": { "texture": "#null", "uv": [ 0.0, 0.0, 0.5, 0.5 ] },
								"west": { "texture": "#null", "uv": [ 0.0, 0.0, 0.5, 0.5 ] },
								"up": { "texture": "#null", "uv": [ 0.0, 0.0, 0.5, 0.5 ] },
								"down": { "texture": "#null", "uv": [ 0.0, 0.0, 0.5, 0.5 ] }
							},
							"children": [
								{
									"name": "Foot2",
									"from": [ -1.0, 0.0, -4.0 ],
									"to": [ 0.0, 1.0, 4.0 ],
									"rotationOrigin": [ -1.0, 0.0, -4.0 ],
									"faces": {
										"north": { "texture": "#aged", "uv": [ 0.0, 0.0, 1.0, 1.0 ] },
										"east": { "texture": "#aged", "uv": [ 0.0, 0.0, 8.0, 1.0 ] },
										"south": { "texture": "#aged", "uv": [ 0.0, 0.0, 1.0, 1.0 ] },
										"west": { "texture": "#aged", "uv": [ 0.0, 0.0, 8.0, 1.0 ] },
										"up": { "texture": "#aged", "uv": [ 0.0, 0.0, 1.0, 8.0 ] },
										"down": { "texture": "#aged", "uv": [ 0.0, 0.0, 1.0, 8.0 ] }
									}
								},
								{
									"name": "Pillar2",
									"from": [ -1.5, 0.0, -0.5 ],
									"to": [ -0.5, 13.0, 0.5 ],
									"rotationOrigin": [ -1.5, 0.0, -0.5 ],
									"faces": {
										"north": { "texture": "#aged", "uv": [ 0.0, 0.0, 1.0, 13.0 ] },
										"east": { "texture": "#aged", "uv": [ 0.0, 0.0, 1.0, 13.0 ] },
										"south": { "texture": "#aged", "uv": [ 0.0, 0.0, 1.0, 13.0 ] },
										"west": { "texture": "#aged", "uv": [ 0.0, 0.0, 1.0, 13.0 ] },
										"up": { "texture": "#aged", "uv": [ 0.0, 0.0, 1.0, 1.0 ] },
										"down": { "texture": "#aged", "uv": [ 0.0, 0.0, 1.0, 1.0 ] }
									}
								}
							]
						}
					]
				},
				{
					"name": "Break",
					"from": [ -6.5, 13.0, 0.0 ],
					"to": [ -6.5, 13.0, 0.0 ],
					"rotationOrigin": [ -6.5, 13.0, 0.0 ],
					"faces": {
						"north": { "texture": "#null", "uv": [ 0.0, 0.0, 0.5, 0.5 ] },
						"east": { "texture": "#null", "uv": [ 0.0, 0.0, 0.5, 0.5 ] },
						"south": { "texture": "#null", "uv": [ 0.0, 0.0, 0.5, 0.5 ] },
						"west": { "texture": "#null", "uv": [ 0.0, 0.0, 0.5, 0.5 ] },
						"up": { "texture": "#null", "uv": [ 0.0, 0.0, 0.5, 0.5 ] },
						"down": { "texture": "#null", "uv": [ 0.0, 0.0, 0.5, 0.5 ] }
					},
					"children": [
						{
							"name": "Bottom",
							"from": [ -1.0, 0.0, -1.0 ],
							"to": [ 12.0, 0.5, 1.0 ],
							"rotationOrigin": [ -1.0, 0.0, -1.0 ],
							"faces": {
								"north": { "texture": "#oak", "uv": [ 0.0, 0.0, 13.0, 0.5 ] },
								"east": { "texture": "#oak", "uv": [ 0.0, 0.0, 2.0, 0.5 ] },
								"south": { "texture": "#oak", "uv": [ 0.0, 0.0, 13.0, 0.5 ] },
								"west": { "texture": "#oak", "uv": [ 0.0, 0.0, 2.0, 0.5 ] },
								"up": { "texture": "#oak", "uv": [ 0.0, 0.0, 13.0, 2.0 ] },
								"down": { "texture": "#oak", "uv": [ 0.0, 0.0, 13.0, 2.0 ] }
							}
						},
						{
							"name": "Side",
							"from": [ -1.0, 0.0, 1.0 ],
							"to": [ 12.0, 1.5, 1.5 ],
							"rotationOrigin": [ -1.0, 0.0, 1.0 ],
							"faces": {
								"north": { "texture": "#oak", "uv": [ 0.5, 2.0, 13.5, 3.5 ] },
								"east": { "texture": "#oak", "uv": [ 7.5, 2.0, 8.0, 3.5 ] },
								"south": { "texture": "#oak", "uv": [ 0.0, 11.0, 13.0, 12.5 ] },
								"west": { "texture": "#oak", "uv": [ 12.0, 3.0, 12.5, 4.5 ] },
								"up": { "texture": "#oak", "uv": [ 0.5, 2.0, 13.5, 2.5 ] },
								"down": { "texture": "#oak", "uv": [ 1.0, 11.0, 14.0, 11.5 ] }
							}
						},
						{
							"name": "Side2",
							"from": [ -1.0, 0.0, -1.5 ],
							"to": [ 12.0, 1.5, -1.0 ],
							"rotationOrigin": [ -1.0, 0.0, -1.5 ],
							"faces": {
								"north": { "texture": "#oak", "uv": [ 1.5, 10.0, 14.5, 11.5 ] },
								"east": { "texture": "#oak", "uv": [ 11.0, 9.0, 11.5, 10.5 ] },
								"south": { "texture": "#oak", "uv": [ 1.0, 3.0, 14.0, 4.5 ] },
								"west": { "texture": "#oak", "uv": [ 11.0, 2.0, 11.5, 3.5 ] },
								"up": { "texture": "#oak", "uv": [ 0.0, 2.0, 13.0, 2.5 ] },
								"down": { "texture": "#oak", "uv": [ 1.5, 4.0, 14.5, 4.5 ] }
							}
						},
						{
							"name": "Bar",
							"from": [ -1.0, 1.3, -1.0 ],
							"to": [ 12.5, 2.3, 1.0 ],
							"rotationOrigin": [ -0.4, 1.7, 0.0 ],
							"rotationZ": 1.0,
							"faces": {
								"north": { "texture": "#oak", "uv": [ 0.0, 11.0, 13.5, 12.0 ] },
								"east": { "texture": "#oak", "uv": [ 11.5, 4.5, 13.5, 5.5 ] },
								"south": { "texture": "#oak", "uv": [ 0.0, 6.5, 13.5, 7.5 ] },
								"west": { "texture": "#oak", "uv": [ 1.5, 9.5, 3.5, 10.5 ] },
								"up": { "texture": "#oak", "uv": [ 0.0, 3.0, 13.5, 5.0 ] },
								"down": { "texture": "#oak", "uv": [ 0.0, 11.5, 13.5, 13.5 ] }
							},
							"children": [
								{
									"name": "Handle",
									"from": [ 13.5, 0.1, 0.5 ],
									"to": [ 15.5, 0.9, 1.5 ],
									"rotationOrigin": [ 13.5, 0.1, 0.5 ],
									"faces": {
										"north": { "texture": "#aged", "uv": [ 0.0, 0.0, 2.0, 0.5 ] },
										"east": { "texture": "#aged", "uv": [ 0.0, 0.0, 1.0, 0.5 ] },
										"south": { "texture": "#aged", "uv": [ 0.0, 0.0, 2.0, 0.5 ] },
										"west": { "texture": "#aged", "uv": [ 0.0, 0.0, 1.0, 0.5 ] },
										"up": { "texture": "#aged", "uv": [ 0.0, 0.0, 2.0, 1.0 ] },
										"down": { "texture": "#aged", "uv": [ 0.0, 0.0, 2.0, 1.0 ] }
									}
								}
							]
						},
						{
							"name": "Pin",
							"from": [ -0.6, 1.5, -1.7 ],
							"to": [ -0.1, 2.0, 1.7 ],
							"rotationOrigin": [ -0.6, 1.5, -1.7 ],
							"faces": {
								"north": { "texture": "#aged", "uv": [ 0.0, 0.0, 0.5, 0.5 ] },
								"east": { "texture": "#aged", "uv": [ 0.0, 0.0, 3.0, 0.5 ] },
								"south": { "texture": "#aged", "uv": [ 0.0, 0.0, 0.5, 0.5 ] },
								"west": { "texture": "#aged", "uv": [ 0.0, 0.0, 3.0, 0.5 ] },
								"up": { "texture": "#aged", "uv": [ 0.0, 0.0, 0.5, 3.0 ] },
								"down": { "texture": "#aged", "uv": [ 0.0, 0.0, 0.5, 3.0 ] }
							}
						},
						{
							"name": "Side3",
							"from": [ -1.0, 1.5, 1.0 ],
							"to": [ 0.5, 2.5, 1.5 ],
							"rotationOrigin": [ -1.0, 1.5, 1.0 ],
							"faces": {
								"north": { "texture": "#oak", "uv": [ 9.0, 1.5, 10.5, 2.5 ] },
								"east": { "texture": "#oak", "uv": [ 0.0, 0.0, 0.5, 1.0 ] },
								"south": { "texture": "#oak", "uv": [ 10.5, 3.5, 12.0, 4.5 ] },
								"west": { "texture": "#oak", "uv": [ 0.0, 0.0, 0.5, 1.0 ] },
								"up": { "texture": "#oak", "uv": [ 8.5, 1.5, 10.0, 2.0 ] },
								"down": { "texture": "#oak", "uv": [ 5.5, 1.5, 7.0, 2.0 ] }
							}
						},
						{
							"name": "Side4",
							"from": [ -1.0, 1.5, -1.5 ],
							"to": [ 0.5, 2.5, -1.0 ],
							"rotationOrigin": [ -1.0, 1.5, -1.5 ],
							"faces": {
								"north": { "texture": "#oak", "uv": [ 7.0, 3.0, 8.5, 4.0 ] },
								"east": { "texture": "#oak", "uv": [ 0.0, 0.0, 0.5, 1.0 ] },
								"south": { "texture": "#oak", "uv": [ 9.5, 2.5, 11.0, 3.5 ] },
								"west": { "texture": "#oak", "uv": [ 0.0, 0.0, 0.5, 1.0 ] },
								"up": { "texture": "#oak", "uv": [ 4.0, 1.5, 5.5, 2.0 ] },
								"down": { "texture": "#oak", "uv": [ 0.0, 0.0, 1.5, 0.5 ] }
							}
						},
						{
							"name": "Side5",
							"from": [ 12.0, 0.0, -1.5 ],
							"to": [ 12.5, 1.5, 1.5 ],
							"rotationOrigin": [ 12.0, 0.0, -1.5 ],
							"faces": {
								"north": { "texture": "#oak", "uv": [ 7.5, 2.0, 8.0, 3.5 ] },
								"east": { "texture": "#oak", "uv": [ 8.0, 3.0, 11.0, 4.5 ] },
								"south": { "texture": "#oak", "uv": [ 11.0, 2.0, 11.5, 3.5 ] },
								"west": { "texture": "#oak", "uv": [ 6.0, 9.0, 9.0, 10.5 ] },
								"up": { "texture": "#oak", "uv": [ 10.0, 2.0, 10.5, 5.0 ] },
								"down": { "texture": "#oak", "uv": [ 9.5, 2.0, 10.0, 5.0 ] }
							}
						}
					]
				}
			]
		}
	],
	"animations": [
		{
			"name": "breaking",
			"code": "breaking",
			"quantityframes": 15,
			"onActivityStopped": "PlayTillEnd",
			"onAnimationEnd": "Repeat",
			"keyframes": [
				{
					"frame": 0,
					"elements": {
						"Bar": { "rotationX": 0.0, "rotationY": 0.0, "rotationZ": 0.0 }
					}
				},
				{
					"frame": 7,
					"elements": {
						"Bar": { "rotationX": 0.0, "rotationY": 0.0, "rotationZ": 31.0 }
					}
				},
				{
					"frame": 10,
					"elements": {
						"Bar": { "rotationX": 0.0, "rotationY": 0.0, "rotationZ": 0.0 }
					}
				}
			]
		}
	]
}