[
    {
        "ingredientPattern": "Q_Q,Q_Q,QQQ",
        "ingredients": {
            "Q": {
                "type": "item",
                "code": "game:clearquartz"
            }
        },
        "width": 3,
        "height": 3,
        "output": {
            "type": "block",
            "code": "alchemy:potionflask-normal-quartz",
            "quantity": 1
        }
    },
    {
        "ingredientPattern": "_Q_,Q_Q,_Q_",
        "ingredients": {
            "Q": {
                "type": "item",
                "code": "game:clearquartz"
            }
        },
        "width": 3,
        "height": 3,
        "output": {
            "type": "block",
            "code": "alchemy:potionflask-round-quartz",
            "quantity": 1
        }
    },
    {
        "ingredientPattern": "Q,Q",
        "ingredients": {
            "Q": {
                "type": "item",
                "code": "game:clearquartz"
            }
        },
        "width": 1,
        "height": 2,
        "output": {
            "type": "block",
            "code": "alchemy:potionflask-tube-quartz",
            "quantity": 1
        }
    }
]