{
	"treeWorldPropertyCode": "brachychitongregorii",
	"sizeMultiplier": 1.5,
	"trunks": [{
		"widthloss": 0.1,
		"dieAt": { "avg": 0.09 },
		"branchStart": { "dist": "gaussian", "avg": 0.3,  "var": 0.2 },
		"branchSpacing": { "dist": "gaussian", "avg": 0.2,  "var": 0.1 },
		"branchVerticalAngle":  { "avg": 0.8,  "var": 0.1 },
		"branchHorizontalAngle": { "avg": 0,  "var": 3.1415 },
		"branchWidthMultiplier": { "avg": 0,  "var": 0 },
		"branchWidthMultiplierEvolve": { "transform": "linear", "factor": 1 },
		"branchQuantity": { "avg": 1,  "var": 0 },
		"branchWidthLossMul": 0.98
	}],
	"branches": [{
		"widthLoss": 0.08,
		"gravityDrag": 0.01,
		"dieAt": { "avg": 0.001 },
		"branchStart": { "dist": "gaussian", "avg": 0.1, "var": 0.1 },
		"branchSpacing": { "avg": 0.2, "var": 0.005 },
		"branchVerticalAngle":  { "dist": "inversegaussian", "avg": 1.5, "var": 0.4 },
		"branchHorizontalAngle": { "avg": 0, "var": 3.1415 },
		"branchWidthMultiplier": { "avg": 0.8, "var": 0 },
		"branchWidthMultiplierEvolve": { "transform": "linear", "factor": 0.1 },
		"branchQuantity": { "avg": 20, "var": 5 }
	}],
	"treeBlocks": {
		"logBlockCode": "floralzonescentralaustralianregion:lognarrow-grown-brachychitongregorii-ud",
		"leavesBlockCode": "floralzonescentralaustralianregion:leaves-grown-brachychitongregorii",
		"leavesBranchyBlockCode": "floralzonescentralaustralianregion:leavesbranchy-grown-brachychitongregorii"
	}
}
