{
	"treeWorldPropertyCode": "eucalyptuscamaldulensislarge",
	"isTropical": true,
	"sizeMultiplier": 2.8,
	"trunks": [{
		"widthloss": 0.1,
		"dieAt": { "avg": 0.01 },
		"branchStart": { "dist": "gaussian", "avg": 0.2, "var": 0 },
		"branchSpacing": { "avg": 0.12, "var": 0.005 },
		"branchVerticalAngle":  { "dist": "gaussian", "avg": 1.2, "var": 0.1 },
		"branchHorizontalAngle": { "avg": 0, "var": 3.1415 },
		"branchWidthMultiplier": { "avg": 0.03, "var": 0.05 },
		"branchWidthMultiplierEvolve": { "transform": "linear", "factor": 1 },
		"branchQuantity": { "avg": 3, "var": 1 },
		"branchQuantityEvolve": { "transform": "quadratic", "factor": 0.2 },
	},
{
		"widthloss": 0.1,
		"dieAt": { "avg": 0.01 },
		"branchStart": { "dist": "gaussian", "avg": 0.3, "var": 0 },
		"branchSpacing": { "avg": 0.12, "var": 0.005 },
		"branchVerticalAngle":  { "dist": "gaussian", "avg": 1.2, "var": 0.1 },
		"branchHorizontalAngle": { "avg": 0, "var": 3.1415 },
		"branchWidthMultiplier": { "avg": 0.03, "var": 0.05 },
		"branchWidthMultiplierEvolve": { "transform": "linear", "factor": 1 },
		"branchQuantity": { "avg": 3, "var": 1 },
		"branchQuantityEvolve": { "transform": "quadratic", "factor": 0.2 },
		"angleVertEvolve": { "transform": "smoothstep", "factor": 1.3 }
	}
	],
	"branches": [{
		"widthLoss": 0.08,
		"gravityDrag": 0.04,

		"branchStart":  { "avg": 0.2, "var": 0.05 },
		"branchSpacing": { "avg": 0.01, "var": 0 },
		"branchVerticalAngle": { "avg": 0.47, "var": 0.1 },
		"branchHorizontalAngle": { "avg": 0.1, "var": 3.1415 },

		"branchQuantity": { "avg": 1, "var": 0 },
		"branchWidthMultiplier": { "avg": 0.6, "var": 0 }
	}],
	"treeBlocks": {
		"logBlockCode": "floralzonescentralaustralianregion:log-grown-eucalyptuscamaldulensis-ud",
		"otherLogBlockCode": "floralzonescentralaustralianregion:log-resin-eucalyptuscamaldulensis-ud",
		"leavesBlockCode": "floralzonescentralaustralianregion:leaves-grown-eucalyptuscamaldulensis",
		"leavesBranchyBlockCode": "floralzonescentralaustralianregion:leavesbranchy-grown-eucalyptuscamaldulensis"
	}
}
