[
  {
    "op": "add",
    "path": "/server/behaviors/10/aitasks/13",
    "value": {
      "code": "fleeentity",
      "instafleeOnDamageChance": 1,
      "animation": "Run",
      "entityCodes": [
        "skulker-*"
      ],
      "priority": 1.51,
      "movespeed": 0.05,
      "seekingRange": 14,
      "animationSpeed": 1.8,
      "sound": "creature/hooved/generic/sniff*",
      "whenNotInEmotionState": "aggressiveondamage"
    },
    "file": "game:entities/animal/mammal/hooved/moose-adult.json",
    "side": "Server"
  }
]