[
  {
    "op": "add",
    "path": "/server/behaviors/10/aitasks/14",
    "value": {
      "code": "fleeentity",
      "animation": "Run",
      "entityCodes": [
        "skulker-*"
      ],
      "priority": 1.5,
      "movespeedByType": {
        "deer-redbrocket-*": 0.06,
        "deer-water-*": 0.06,
        "deer-pudu-*": 0.06,
        "deer-pampas-*": 0.06,
        "*": 0.08
      },
      "seekingRange": 20,
      "animationSpeed": 2,
      "instafleeOnDamageChance": 1,
      "sound": "creature/hooved/generic/call*"
    },
    "file": "game:entities/animal/mammal/hooved/deer-adult.json",
    "side": "Server"
  }
]