[
    {
        "name": "hisbiscusseedrecovery",
        "ingredientPattern": "K,H",
        "shapeless": true,
        "ingredients": {
            "K": {
                "type": "item",
                "code": "game:knife-*",
                "isTool": true
            },
            "H": {
                "type": "block",
                "code": "floralzoneseastasiaticregion:flower-hibiscussyriacus-free",
                "quantity": 1
            }
        },
        "width": 1,
        "height": 2,
        "output": {
            "type": "item",
            "code": "soaplyeandbloom:seeds-hibiscus",
            "quantity": 2
        },
        "enabled": false
    }
]