[
  {
    "comment": "World gen properties of Pipeleaf",
    "op": "add",
    "file": "game:worldgen/blockpatches/crop.json",
    "path": "/0",
    "value": {
      "comment": "Small patches of pipeleaf",
      "blockCodes": [ "pipeleaf:crop-pipeleaf-3", "pipeleaf:crop-pipeleaf-5", "pipeleaf:crop-pipeleaf-7", "pipeleaf:crop-pipeleaf-9" ],
      "minTemp": 15,
      "maxTemp": 36,
      "minRain": 0.3,
      "maxRain": 1.0,
      "maxForest": 1.0,
      "quantity": {
        "avg": 5,
        "var": 5
      },
      "chance": 0.06
    }
  }
]