{
	"code": "buoy",
	"class": "wwaymarkers:itembuoy",
	"shape": { "base": "wwaymarkers:block/buoy" },
	"variantgroups": [
		{
			"code": "wood",
			"loadFromProperties": "block/wood"
		}
	],
	"textures": {
		"aged": { "base": "game:block/wood/debarked/{wood}" },
		"granite1": { "base": "game:block/stone/rock/granite1" },
		"ropeold": { "base": "game:item/resource/ropeold" }
	},
	"blockmaterial": "Wood",
	"randomDrawOffset": true,
	"randomizeRotations": false,
	"creativeinventory": {
		"general": [ "*" ],
		"flora": [ "*" ],
		"aquatic": [ "*" ]
	},
	"sideopaque": {
		"all": false
	},
	"sidesolid": {
		"all": false
	},
	"vertexFlags": {
		"zOffset": 5,
		"windMode": "Water"
	},
	"liquidSelectable": 2,
	"replaceable": 6001,
	"lightAbsorption": 0,
	"resistance": 0,
	"collisionbox": null,
	"sounds": {
		"place": "game:block/plant",
		"break": "game:block/plant",
		"hit": "game:block/plant"
	},
	"materialDensity": 450,
	"groundTransform": {
		"translation": {
			"x": 0,
			"y": 0,
			"z": 0
		},
		"rotation": {
			"x": 0,
			"y": -45,
			"z": 0
		},
		"origin": {
			"x": 0.5,
			"y": -0.08,
			"z": 0.5
		},
		"scale": 2.71
	},
	"guiTransform": {
		"rotation": {
			"x": -31,
			"y": -82,
			"z": 11
		},
		"origin": {
			"x": 0.63,
			"y": 0.01,
			"z": 0.45
		},
		"scale": 1.6
	},
	"tpHandTransform": {
		"translation": {
			"x": -2.1,
			"y": -1.1,
			"z": -1.9
		}
	}
}
