{
	"code": "cairnaltar",
	"variantgroups": [
		{
			"code": "rock",
			"loadFromProperties": "block/rockwithdeposit"
		},
		{
			"code": "side",
			"loadFromProperties": "abstract/horizontalorientation"
		}
	],
	"attributes": {
		"handbook": {
			"groupBy": [ "cairnaltar-*" ]
		}
	},
	"behaviors": [
		{
			"name": "UnstableFalling",
			"properties": {
				"fallSound": "game:effect/rockslide",
				"fallSideways": true,
				"fallSidewaysChance": 0.85
			}
		},
		{
			"name": "HorizontalOrientable"
		}	
	],
	"creativeinventory": {
		"general": [ "*-north" ]
	},
	"shape": {
		"base": "wwaymarkers:block/cairnaltar",
		"rotateYByType": {
			"*-north": 0,
			"*-east": 270,
			"*-south": 180,
			"*-west": 90
		}
	},
	"drawtype": "json",
	"blockmaterial": "Stone",
	"textures": {
		"all": { "base": "game:block/stone/rock/{rock}*" }
	},
	"replaceable": 140,
	"fertility": 0,
	"resistance": 2,
	"sounds": {
		"walk": "walk/stone",
		"byTool": {
			"Pickaxe": {
				"hit": "block/rock-hit-pickaxe",
				"break": "block/rock-break-pickaxe"
			}
		}
	},
	"drops": [
		{
			"type": "item",
			"code": "game:stone-{rock}",
			"quantity": {
				"avg": 16,
				"var": 0
			}
		}
	],
	"heldTpIdleAnimation": "holdbothhandslarge",
	"heldTpUseAnimation": "twohandplaceblock",
	"tpHandTransform": {
		"translation": {
			"x": -1.2,
			"y": -1.1,
			"z": -0.8
		},
		"rotation": {
			"x": -2,
			"y": 25,
			"z": -78
		},
		"scale": 0.37
	},
	"collisionSelectionBoxes": [
		{
			"x1": 0,
			"y1": 0,
			"z1": 0,
			"x2": 1,
			"y2": 1.25,
			"z2": 1,
			"rotateYByType": {
				"*-west": 0,
				"*-south": 90,
				"*-east": 180,
				"*-north": 270
			}
		}
	],
	"sidesolid": {
		"all": "true"
	},
	"sideopaque": {
		"all": "false"
	},
	"randomizeRotations": false,
	"lightAbsorption": 0,
	"stackable": false
}