{
	"code": "flatcairn",
	"variantgroups": [
		{
			"code": "rock",
			"loadFromProperties": "block/rockwithdeposit"
		}
	],
	"attributes": {
		"handbook": {
			"groupBy": [ "flatcairn-*" ]
		}
	},
	"behaviors": [
		{
			"name": "UnstableFalling",
			"properties": {
				"fallSound": "game:effect/rockslide",
				"fallSideways": true,
				"fallSidewaysChance": 0.85
			}
		}
	],
	"creativeinventory": {
		"general": [ "*" ]
	},
	"shape": { "base": "wwaymarkers:block/flatcairn" },
	"drawtype": "json",
	"blockmaterial": "Stone",
	"textures": {
		"all": { "base": "game:block/stone/rock/{rock}*" }
	},
	"replaceable": 140,
	"fertility": 0,
	"resistance": 2,
	"sounds": {
		"walk": "walk/stone",
		"byTool": {
			"Pickaxe": {
				"hit": "block/rock-hit-pickaxe",
				"break": "block/rock-break-pickaxe"
			}
		}
	},
	"drops": [
		{
			"type": "item",
			"code": "game:stone-{rock}",
			"quantity": {
				"avg": 12,
				"var": 0
			}
		}
	],
	"heldTpIdleAnimation": "holdbothhandslarge",
	"heldTpUseAnimation": "twohandplaceblock",
	"tpHandTransform": {
		"translation": {
			"x": -1.2,
			"y": -1.1,
			"z": -0.8
		},
		"rotation": {
			"x": -2,
			"y": 25,
			"z": -78
		},
		"scale": 0.37
	},
	"sidesolid": {
		"all": "true"
	},
	"sideopaque": {
		"all": "false"
	},
	"randomizeRotations": true,
	"lightAbsorption": 0,
	"stackable": false
}