{
	"editor": {
		"allAngles": false,
		"entityTextureMode": true
	},
	"textureWidth": 80,
	"textureHeight": 72,
	"textureSizes": {
		"skin": [80,72]
	},
	"textures": {
	},
	"elements": [
		{
			"name": "origin",
			"from": [ 8.0, 0.0, 8.0 ],
			"to": [ 8.0, 0.0, 8.0 ],
			"uv": [ 0.0, 0.0 ],
			"rotationOrigin": [ 8.0, 0.0, 8.0 ],
			"faces": {
			},
			"children": [
				{
					"name": "Pelt Center",
					"from": [ -4.5, 0.0, -5.8 ],
					"to": [ 8.5, 2.35, 5.8 ],
					"unwrapMode": 7,
					"unwrapRotation": 1,
					"autoUnwrap": false,
					"uv": [ 7.5, 11.0 ],
					"rotationOrigin": [ -1.8, 0.0, 0.0 ],
					"faces": {
						"north": { "texture": "#skin", "uv": [ 23.5, 16.0, 25.5, 29.0 ], "rotation": 90 },
						"east": { "texture": "#skin", "uv": [ 13.0, 55.5, 24.5, 57.5 ] },
						"south": { "texture": "#skin", "uv": [ 10.0, 16.0, 12.0, 29.0 ], "rotation": 270 },
						"west": { "texture": "#skin", "uv": [ 1.0, 55.5, 12.5, 57.5 ], "rotation": 180 },
						"up": { "texture": "#skin", "uv": [ 12.0, 16.0, 23.5, 29.0 ], "rotation": 270 },
						"down": { "texture": "#skin", "uv": [ 34.5, 16.0, 46.0, 29.0 ], "rotation": 90 }
					},
					"children": [
						{
							"name": "Pelt Neck",
							"from": [ -3.95, 0.009, 1.0 ],
							"to": [ 2.05, 2.269, 10.6 ],
							"unwrapMode": 7,
							"unwrapRotation": 1,
							"autoUnwrap": false,
							"uv": [ 8.5, 7.0 ],
							"rotationOrigin": [ -3.95, 0.0, 1.0 ],
							"faces": {
								"north": { "texture": "#skin", "uv": [ 23.0, 9.5, 25.0, 15.5 ], "rotation": 90 },
								"south": { "texture": "#skin", "uv": [ 11.5, 9.5, 13.5, 15.5 ], "rotation": 270 },
								"west": { "texture": "#skin", "uv": [ 32.0, 30.0, 41.5, 32.0 ], "rotation": 180, "windMode": [-1,-1,-1,-1] },
								"up": { "texture": "#skin", "uv": [ 13.5, 9.5, 23.0, 15.5 ], "rotation": 270 },
								"down": { "texture": "#skin", "uv": [ 33.0, 9.5, 42.5, 15.5 ], "rotation": 90 }
							}
						},
						{
							"name": "Pelt Tail",
							"from": [ 10.0, 0.009, 0.4 ],
							"to": [ 16.0, 2.269, 11.2 ],
							"unwrapMode": 7,
							"unwrapRotation": 1,
							"autoUnwrap": false,
							"uv": [ 7.5, 22.0 ],
							"rotationOrigin": [ 10.0, 0.0, -0.6 ],
							"faces": {
								"north": { "texture": "#skin", "uv": [ 23.0, 29.5, 25.0, 35.5 ], "rotation": 90, "windMode": [-1,-1,-1,-1] },
								"east": { "texture": "#skin", "uv": [ 25.5, 55.5, 36.0, 57.5 ] },
								"south": { "texture": "#skin", "uv": [ 10.5, 29.5, 12.5, 35.5 ], "rotation": 270 },
								"up": { "texture": "#skin", "uv": [ 12.5, 29.5, 23.0, 35.5 ], "rotation": 270 },
								"down": { "texture": "#skin", "uv": [ 25.5, 57.5, 36.0, 63.5 ], "rotation": 90 }
							},
							"children": [
								{
									"name": "Pelt Tail 2",
									"from": [ 3.7, 0.009, 0.6 ],
									"to": [ 9.7, 2.089, 10.2 ],
									"unwrapMode": 7,
									"unwrapRotation": 1,
									"autoUnwrap": false,
									"uv": [ 8.0, 26.5 ],
									"rotationOrigin": [ 3.7, 0.0, 0.6 ],
									"faces": {
										"north": { "texture": "#skin", "uv": [ 22.5, 36.0, 24.5, 42.0 ], "rotation": 90 },
										"east": { "texture": "#skin", "uv": [ 1.0, 5.0, 10.5, 7.0 ] },
										"south": { "texture": "#skin", "uv": [ 11.0, 36.0, 13.0, 42.0 ], "rotation": 270 },
										"west": { "texture": "#skin", "uv": [ 1.0, 5.0, 10.5, 7.0 ], "rotation": 180 },
										"up": { "texture": "#skin", "uv": [ 13.0, 36.0, 22.5, 42.0 ], "rotation": 270 },
										"down": { "texture": "#skin", "uv": [ 66.5, 50.5, 76.0, 56.5 ], "rotation": 90, "windMode": [-1,-1,-1,-1] }
									},
									"children": [
										{
											"name": "Tail Feathers",
											"from": [ 4.95, 0.009, 0.2 ],
											"to": [ 8.95, 1.909, 9.4 ],
											"unwrapMode": 7,
											"unwrapRotation": 1,
											"autoUnwrap": false,
											"uv": [ 29.5, 43.5 ],
											"rotationOrigin": [ 4.95, 0.009, 0.2 ],
											"faces": {
												"north": { "texture": "#skin", "uv": [ 22.0, 43.0, 23.5, 47.0 ], "rotation": 90 },
												"south": { "texture": "#skin", "uv": [ 11.5, 43.0, 13.0, 47.0 ], "rotation": 270 },
												"up": { "texture": "#skin", "uv": [ 13.0, 43.0, 22.0, 47.0 ], "rotation": 270 },
												"down": { "texture": "#skin", "uv": [ 30.0, 43.0, 39.0, 47.0 ], "rotation": 90 }
											},
											"children": [
												{
													"name": "RFeathers",
													"from": [ -4.0, 0.0, 0.0 ],
													"to": [ 0.0, 0.0, 7.0 ],
													"autoUnwrap": false,
													"uv": [ 8.5, 47.5 ],
													"rotationOrigin": [ -4.0, 0.0, 0.0 ],
													"rotationY": 65.0,
													"rotationZ": 5.0,
													"faces": {
														"up": { "texture": "#skin", "uv": [ 11.0, 50.5, 18.0, 54.5 ], "rotation": 270, "windMode": [-1,-1,-1,-1] }
													}
												},
												{
													"name": "LFeathers",
													"from": [ -4.0, 0.0, 2.2 ],
													"to": [ 0.0, 0.0, 9.2 ],
													"autoUnwrap": false,
													"uv": [ 13.5, 47.5 ],
													"rotationOrigin": [ -4.0, 0.0, 9.2 ],
													"rotationY": -65.0,
													"rotationZ": 5.0,
													"faces": {
														"up": { "texture": "#skin", "uv": [ 17.5, 50.5, 24.5, 54.5 ], "rotation": 270, "windMode": [-1,-1,-1,-1] }
													}
												}
											]
										}
									]
								}
							]
						}
					]
				}
			]
		}
	]}