{
	"editor": {
		"allAngles": true,
		"entityTextureMode": true
	},
	"textureWidth": 80,
	"textureHeight": 72,
	"textureSizes": {
		"skin": [80,72]
	},
	"textures": {
	},
	"elements": [
		{
			"name": "Hip",
			"from": [ 10.0, 22.0, 8.0 ],
			"to": [ 10.0, 22.0, 8.0 ],
			"uv": [ 55.0, 37.5 ],
			"rotationOrigin": [ 10.0, 22.0, 8.0 ],
			"faces": {
			},
			"children": [
				{
					"name": "Body",
					"from": [ -9.0, -10.0, -5.8 ],
					"to": [ 4.0, 1.0, 5.8 ],
					"unwrapMode": 7,
					"unwrapRotation": 1,
					"autoUnwrap": false,
					"uv": [ 1.0, 7.0 ],
					"rotationOrigin": [ 0.0, 0.0, -0.2 ],
					"rotationY": 4.0,
					"rotationZ": -9.0,
					"faces": {
						"north": { "texture": "#skin", "uv": [ 23.5, 16.0, 34.5, 29.0 ], "rotation": 90 },
						"east": { "texture": "#skin", "uv": [ 13.0, 55.5, 24.5, 66.5 ] },
						"south": { "texture": "#skin", "uv": [ 1.0, 16.0, 12.0, 29.0 ], "rotation": 270 },
						"west": { "texture": "#skin", "uv": [ 1.0, 55.5, 12.5, 66.5 ], "windMode": [-1,-1,-1,-1], "windData": [1,1,2,2] },
						"up": { "texture": "#skin", "uv": [ 12.0, 16.0, 23.5, 29.0 ], "rotation": 270 },
						"down": { "texture": "#skin", "uv": [ 34.5, 16.0, 46.0, 29.0 ], "rotation": 90 }
					},
					"children": [
						{
							"name": "Tail1",
							"from": [ 13.0, 2.8, 0.4 ],
							"to": [ 19.0, 10.8, 11.2 ],
							"unwrapMode": 7,
							"unwrapRotation": 1,
							"autoUnwrap": false,
							"uv": [ 4.0, 33.5 ],
							"rotationOrigin": [ 13.0, 10.8, 5.8 ],
							"rotationZ": -40.0,
							"faces": {
								"north": { "texture": "#skin", "uv": [ 23.0, 29.5, 31.0, 35.5 ], "rotation": 90 },
								"east": { "texture": "#skin", "uv": [ 25.5, 55.5, 36.0, 63.5 ], "windMode": [-1,-1,-1,-1] },
								"south": { "texture": "#skin", "uv": [ 4.5, 29.5, 12.5, 35.5 ], "rotation": 270 },
								"up": { "texture": "#skin", "uv": [ 12.5, 29.5, 23.0, 35.5 ], "rotation": 270 }
							},
							"children": [
								{
									"name": "Tail2",
									"from": [ 6.0, 4.0, 0.6 ],
									"to": [ 12.0, 8.0, 10.2 ],
									"unwrapMode": 7,
									"unwrapRotation": 1,
									"autoUnwrap": false,
									"uv": [ 10.0, 40.0 ],
									"rotationOrigin": [ 6.0, 8.0, 5.4 ],
									"rotationZ": 15.0,
									"faces": {
										"north": { "texture": "#skin", "uv": [ 22.5, 36.0, 26.5, 42.0 ], "rotation": 90 },
										"east": { "texture": "#skin", "uv": [ 1.0, 5.0, 10.5, 9.0 ], "windMode": [-1,-1,-1,-1] },
										"south": { "texture": "#skin", "uv": [ 9.0, 36.0, 13.0, 42.0 ], "rotation": 270 },
										"up": { "texture": "#skin", "uv": [ 13.0, 36.0, 22.5, 42.0 ], "rotation": 270 }
									},
									"children": [
										{
											"name": "Tailfeathers 2",
											"from": [ 6.0, -4.0, 0.2 ],
											"to": [ 10.0, 4.0, 9.4 ],
											"unwrapMode": 7,
											"unwrapRotation": 1,
											"uv": [ 5.0, 43.0 ],
											"rotationOrigin": [ 6.0, 4.0, 4.8 ],
											"rotationZ": -58.0,
											"faces": {
												"north": { "texture": "#skin", "uv": [ 22.0, 43.0, 30.0, 47.0 ], "rotation": 90 },
												"south": { "texture": "#skin", "uv": [ 5.0, 43.0, 13.0, 47.0 ], "rotation": 270 },
												"up": { "texture": "#skin", "uv": [ 13.0, 43.0, 22.0, 47.0 ], "rotation": 270 },
												"down": { "texture": "#skin", "uv": [ 30.0, 43.0, 39.0, 47.0 ], "rotation": 90 }
											},
											"children": [
												{
													"name": "Featherbottom 2",
													"from": [ 3.0, 0.0, 0.0 ],
													"to": [ 3.0, 8.0, 9.2 ],
													"unwrapMode": 7,
													"unwrapRotation": 1,
													"uv": [ 32.5, 1.0 ],
													"rotationOrigin": [ 3.0, 0.0, 0.0 ],
													"faces": {
														"west": { "texture": "#skin", "uv": [ 32.5, 1.0, 41.5, 9.0 ], "rotation": 180, "windMode": [-1,-1,-1,-1] }
													}
												}
											]
										}
									]
								},
								{
									"name": "Tailfeathers 1",
									"from": [ 6.0, 0.0, 0.4 ],
									"to": [ 12.7, 8.0, 10.4 ],
									"unwrapMode": 7,
									"unwrapRotation": 1,
									"uv": [ 4.5, 48.0 ],
									"rotationOrigin": [ 6.0, 8.0, 5.4 ],
									"rotationZ": -45.0,
									"faces": {
										"north": { "texture": "#skin", "uv": [ 22.5, 48.0, 30.5, 54.5 ], "rotation": 90 },
										"south": { "texture": "#skin", "uv": [ 4.5, 48.0, 12.5, 54.5 ], "rotation": 270 },
										"up": { "texture": "#skin", "uv": [ 12.5, 48.0, 22.5, 54.5 ], "rotation": 270 },
										"down": { "texture": "#skin", "uv": [ 30.5, 48.0, 40.5, 54.5 ], "rotation": 90 }
									},
									"children": [
										{
											"name": "Featherbottom 1",
											"from": [ 6.2, 0.0, 0.0 ],
											"to": [ 6.2, 8.0, 10.0 ],
											"unwrapMode": 7,
											"unwrapRotation": 1,
											"uv": [ 66.5, 49.0 ],
											"rotationOrigin": [ 6.2, 0.0, 0.0 ],
											"faces": {
												"east": { "texture": "#skin", "uv": [ 66.5, 49.5, 76.5, 57.5 ], "windMode": [-1,-1,-1,-1] }
											}
										}
									]
								}
							]
						},
						{
							"name": "Neck1",
							"from": [ -5.8, 0.8, 1.0 ],
							"to": [ 0.2, 10.8, 10.6 ],
							"unwrapMode": 7,
							"unwrapRotation": 1,
							"autoUnwrap": false,
							"uv": [ 3.0, -0.5 ],
							"rotationOrigin": [ 0.2, 10.8, 5.8 ],
							"rotationY": 2.0,
							"rotationZ": 19.0,
							"faces": {
								"north": { "texture": "#skin", "uv": [ 23.0, 9.5, 33.0, 15.5 ], "rotation": 90 },
								"south": { "texture": "#skin", "uv": [ 3.5, 9.5, 13.5, 15.5 ], "rotation": 270 },
								"west": { "texture": "#skin", "uv": [ 32.0, 30.0, 41.5, 40.0 ], "windMode": [-1,-1,-1,-1] },
								"up": { "texture": "#skin", "uv": [ 13.5, 9.5, 23.0, 15.5 ], "rotation": 270, "windMode": [-1,-1,-1,-1], "windData": [0,0,1,1] },
								"down": { "texture": "#skin", "uv": [ 33.0, 9.5, 42.5, 15.5 ], "rotation": 90 }
							},
							"children": [
								{
									"name": "Neck2",
									"from": [ -3.0, 2.0, 1.8 ],
									"to": [ 3.0, 7.0, 7.8 ],
									"unwrapMode": 6,
									"unwrapRotation": 1,
									"uv": [ 38.0, 53.0 ],
									"rotationOrigin": [ 3.0, 7.0, 4.8 ],
									"rotationZ": -11.0,
									"faces": {
										"north": { "texture": "#skin", "uv": [ 38.0, 58.0, 43.0, 64.0 ], "rotation": 90 },
										"east": { "texture": "#skin", "uv": [ 43.0, 64.0, 49.0, 69.0 ], "rotation": 180 },
										"south": { "texture": "#skin", "uv": [ 49.0, 58.0, 54.0, 64.0 ], "rotation": 270 },
										"west": { "texture": "#skin", "uv": [ 43.0, 53.0, 49.0, 58.0 ] },
										"down": { "texture": "#skin", "uv": [ 43.0, 58.0, 49.0, 64.0 ], "rotation": 90 }
									},
									"children": [
										{
											"name": "Neck fuzz1",
											"from": [ -0.5, 3.0, -0.4 ],
											"to": [ 3.5, 7.0, 6.4 ],
											"unwrapMode": 7,
											"unwrapRotation": 1,
											"uv": [ 11.0, 1.0 ],
											"rotationOrigin": [ -0.5, 7.0, 3.0 ],
											"rotationZ": 5.0,
											"faces": {
												"north": { "texture": "#skin", "uv": [ 21.5, 5.0, 25.5, 9.0 ], "rotation": 90 },
												"south": { "texture": "#skin", "uv": [ 11.0, 5.0, 15.0, 9.0 ], "rotation": 270 },
												"west": { "texture": "#skin", "uv": [ 15.0, 1.0, 21.5, 5.0 ], "rotation": 180 },
												"up": { "texture": "#skin", "uv": [ 15.0, 5.0, 21.5, 9.0 ], "rotation": 270 },
												"down": { "texture": "#skin", "uv": [ 25.5, 5.0, 32.0, 9.0 ], "rotation": 90 }
											}
										},
										{
											"name": "Neck3",
											"from": [ -4.0, 2.6, 0.9 ],
											"to": [ 1.0, 6.6, 5.1 ],
											"unwrapMode": 6,
											"unwrapRotation": 1,
											"uv": [ 41.5, 43.0 ],
											"rotationOrigin": [ 0.0, 2.6, 3.0 ],
											"rotationX": -5.0,
											"rotationZ": -30.0,
											"faces": {
												"north": { "texture": "#skin", "uv": [ 41.5, 47.0, 45.5, 52.0 ], "rotation": 90 },
												"south": { "texture": "#skin", "uv": [ 49.5, 47.0, 53.5, 52.0 ], "rotation": 270 },
												"west": { "texture": "#skin", "uv": [ 45.5, 43.0, 49.5, 47.0 ] },
												"up": { "texture": "#skin", "uv": [ 53.5, 47.0, 57.5, 52.0 ], "rotation": 270 },
												"down": { "texture": "#skin", "uv": [ 45.5, 47.0, 49.5, 52.0 ], "rotation": 90 }
											},
											"children": [
												{
													"name": "Neck4",
													"from": [ -3.4, 0.3, 1.4 ],
													"to": [ 0.6, 3.5, 4.4 ],
													"unwrapMode": 6,
													"unwrapRotation": 1,
													"uv": [ 58.0, 60.0 ],
													"rotationOrigin": [ 0.6, 0.5, 2.1 ],
													"rotationX": -15.0,
													"rotationZ": -35.0,
													"faces": {
														"north": { "texture": "#skin", "uv": [ 58.0, 63.0, 61.0, 67.0 ], "rotation": 90 },
														"east": { "texture": "#skin", "uv": [ 61.0, 67.0, 64.0, 70.0 ], "rotation": 180 },
														"south": { "texture": "#skin", "uv": [ 64.0, 63.0, 67.0, 67.0 ], "rotation": 270 },
														"west": { "texture": "#skin", "uv": [ 61.0, 60.0, 64.0, 63.0 ] },
														"up": { "texture": "#skin", "uv": [ 67.0, 63.0, 70.0, 67.0 ], "rotation": 270 },
														"down": { "texture": "#skin", "uv": [ 61.0, 63.0, 64.0, 67.0 ], "rotation": 90 }
													},
													"children": [
														{
															"name": "Neck5",
															"from": [ -3.6, 0.1, -0.1 ],
															"to": [ 0.4, 3.1, 2.5 ],
															"unwrapMode": 6,
															"unwrapRotation": 1,
															"uv": [ 55.0, 52.5 ],
															"rotationOrigin": [ 0.4, 2.1, 1.5 ],
															"rotationX": -5.0,
															"rotationY": 5.0,
															"rotationZ": 5.0,
															"faces": {
																"north": { "texture": "#skin", "uv": [ 55.0, 55.5, 58.0, 59.5 ], "rotation": 90 },
																"east": { "texture": "#skin", "uv": [ 58.0, 59.5, 60.5, 62.5 ], "rotation": 180 },
																"south": { "texture": "#skin", "uv": [ 60.5, 55.5, 63.5, 59.5 ], "rotation": 270 },
																"west": { "texture": "#skin", "uv": [ 58.0, 52.5, 60.5, 55.5 ] },
																"up": { "texture": "#skin", "uv": [ 63.5, 55.5, 66.0, 59.5 ], "rotation": 270 },
																"down": { "texture": "#skin", "uv": [ 58.0, 55.5, 60.5, 59.5 ], "rotation": 90 }
															},
															"children": [
																{
																	"name": "Head",
																	"from": [ -0.2, -0.2, -0.4 ],
																	"to": [ 2.8, 2.8, 3.0 ],
																	"unwrapMode": 6,
																	"unwrapRotation": 1,
																	"uv": [ 58.5, 42.5 ],
																	"rotationOrigin": [ 0.2, 2.8, 1.3 ],
																	"rotationY": 5.0,
																	"rotationZ": -26.0,
																	"faces": {
																		"north": { "texture": "#skin", "uv": [ 58.5, 45.5, 61.5, 48.5 ], "rotation": 90 },
																		"east": { "texture": "#skin", "uv": [ 61.5, 48.5, 64.5, 51.5 ], "rotation": 180 },
																		"south": { "texture": "#skin", "uv": [ 64.5, 45.5, 67.5, 48.5 ], "rotation": 270 },
																		"west": { "texture": "#skin", "uv": [ 61.5, 42.5, 64.5, 45.5 ] },
																		"up": { "texture": "#skin", "uv": [ 67.5, 45.5, 70.5, 48.5 ], "rotation": 270 },
																		"down": { "texture": "#skin", "uv": [ 61.5, 45.5, 64.5, 48.5 ], "rotation": 90 }
																	},
																	"children": [
																		{
																			"name": "Eye",
																			"from": [ 0.75, 0.55, -0.1 ],
																			"to": [ 1.15, 0.95, 3.5 ],
																			"unwrapMode": 6,
																			"unwrapRotation": 1,
																			"uv": [ 54.0, 3.0 ],
																			"rotationOrigin": [ 0.75, 0.55, 0.0 ],
																			"faces": {
																				"north": { "texture": "#skin", "uv": [ 54.0, 3.5, 54.5, 4.0 ], "rotation": 90 },
																				"east": { "texture": "#skin", "uv": [ 54.5, 4.0, 58.0, 4.5 ], "rotation": 180 },
																				"south": { "texture": "#skin", "uv": [ 58.0, 3.5, 58.5, 4.0 ], "rotation": 270 },
																				"west": { "texture": "#skin", "uv": [ 54.5, 3.0, 58.0, 3.5 ] },
																				"up": { "texture": "#skin", "uv": [ 58.5, 3.5, 62.0, 4.0 ], "rotation": 270 },
																				"down": { "texture": "#skin", "uv": [ 54.5, 3.5, 58.0, 4.0 ], "rotation": 90 }
																			},
																			"children": [
																				{
																					"name": "REyelid",
																					"from": [ -0.1, 0.0, 0.05 ],
																					"to": [ 0.4, 0.5, 0.25 ],
																					"unwrapMode": 2,
																					"unwrapRotation": 1,
																					"uv": [ 58.5, 44.0 ],
																					"rotationOrigin": [ -0.1, 0.0, 0.05 ],
																					"faces": {
																						"north": { "texture": "#skin", "uv": [ 59.0, 44.0, 59.5, 44.5 ], "rotation": 90 },
																						"east": { "texture": "#skin", "uv": [ 59.0, 44.5, 59.5, 45.0 ], "rotation": 90 },
																						"west": { "texture": "#skin", "uv": [ 60.0, 44.5, 60.5, 45.0 ], "rotation": 270 },
																						"up": { "texture": "#skin", "uv": [ 58.5, 44.5, 59.0, 45.0 ] },
																						"down": { "texture": "#skin", "uv": [ 59.5, 44.5, 60.0, 45.0 ] }
																					}
																				},
																				{
																					"name": "LEyelid",
																					"from": [ -0.1, 0.0, 3.35 ],
																					"to": [ 0.4, 0.5, 3.55 ],
																					"unwrapMode": 3,
																					"unwrapRotation": 1,
																					"uv": [ 59.5, 42.5 ],
																					"rotationOrigin": [ -0.1, 0.0, 3.35 ],
																					"faces": {
																						"east": { "texture": "#skin", "uv": [ 60.0, 42.5, 60.5, 43.0 ], "rotation": 90 },
																						"south": { "texture": "#skin", "uv": [ 60.0, 43.0, 60.5, 43.5 ], "rotation": 90 },
																						"west": { "texture": "#skin", "uv": [ 60.0, 43.5, 60.5, 44.0 ], "rotation": 90 },
																						"up": { "texture": "#skin", "uv": [ 59.5, 43.0, 60.0, 43.5 ], "rotation": 90 },
																						"down": { "texture": "#skin", "uv": [ 60.5, 43.0, 61.0, 43.5 ], "rotation": 270 }
																					}
																				},
																				{
																					"name": "Pupil",
																					"from": [ 0.1, 0.1, -0.01 ],
																					"to": [ 0.3, 0.3, 3.61 ],
																					"unwrapMode": 6,
																					"unwrapRotation": 1,
																					"uv": [ 54.0, 1.0 ],
																					"rotationOrigin": [ 0.1, 0.1, 0.1 ],
																					"faces": {
																						"north": { "texture": "#skin", "uv": [ 54.0, 1.5, 54.5, 2.0 ], "rotation": 90 },
																						"east": { "texture": "#skin", "uv": [ 54.5, 2.0, 58.0, 2.5 ], "rotation": 180 },
																						"south": { "texture": "#skin", "uv": [ 58.0, 1.5, 58.5, 2.0 ], "rotation": 270 },
																						"west": { "texture": "#skin", "uv": [ 54.5, 1.0, 58.0, 1.5 ] },
																						"up": { "texture": "#skin", "uv": [ 58.5, 1.5, 62.0, 2.0 ], "rotation": 270 },
																						"down": { "texture": "#skin", "uv": [ 54.5, 1.5, 58.0, 2.0 ], "rotation": 90 }
																					}
																				}
																			]
																		},
																		{
																			"name": "Upperbeak",
																			"from": [ -0.1, 0.4, 0.1 ],
																			"to": [ 1.3, 1.4, 3.3 ],
																			"uv": [ 0.0, 0.0 ],
																			"rotationOrigin": [ 1.3, 0.4, 0.1 ],
																			"rotationZ": 98.0,
																			"faces": {
																			},
																			"children": [
																				{
																					"name": "Beak",
																					"from": [ -2.2, 0.1, 0.8 ],
																					"to": [ 0.4, 1.1, 2.4 ],
																					"unwrapMode": 7,
																					"unwrapRotation": 1,
																					"uv": [ 71.0, 61.0 ],
																					"rotationOrigin": [ 0.3, 0.1, 0.8 ],
																					"rotationZ": 6.0,
																					"faces": {
																						"north": { "texture": "#skin", "uv": [ 73.5, 62.0, 74.5, 64.5 ], "rotation": 90 },
																						"south": { "texture": "#skin", "uv": [ 71.0, 62.0, 72.0, 64.5 ], "rotation": 270 },
																						"west": { "texture": "#skin", "uv": [ 72.0, 61.0, 73.5, 62.0 ], "rotation": 180 },
																						"up": { "texture": "#skin", "uv": [ 72.0, 62.0, 73.5, 64.5 ], "rotation": 270 },
																						"down": { "texture": "#skin", "uv": [ 74.5, 62.0, 76.0, 64.5 ], "rotation": 90 }
																					},
																					"children": [
																						{
																							"name": "Beak point",
																							"from": [ -1.0, 0.45, 0.3 ],
																							"to": [ 0.1, 1.15, 1.3 ],
																							"unwrapMode": 7,
																							"unwrapRotation": 1,
																							"uv": [ 74.0, 65.0 ],
																							"rotationOrigin": [ 0.1, 1.15, 0.6 ],
																							"rotationZ": 45.0,
																							"faces": {
																								"north": { "texture": "#skin", "uv": [ 75.5, 65.5, 76.0, 66.5 ], "rotation": 90, "windMode": [-1,-1,-1,-1], "windData": [1,1,1,1] },
																								"south": { "texture": "#skin", "uv": [ 74.0, 65.5, 74.5, 66.5 ], "rotation": 270, "windMode": [-1,-1,-1,-1], "windData": [1,1,1,1] },
																								"west": { "texture": "#skin", "uv": [ 74.5, 65.0, 75.5, 65.5 ], "rotation": 180 },
																								"up": { "texture": "#skin", "uv": [ 74.5, 65.5, 75.5, 66.5 ], "rotation": 270 },
																								"down": { "texture": "#skin", "uv": [ 76.0, 65.5, 77.0, 66.5 ], "rotation": 90 }
																							}
																						}
																					]
																				},
																				{
																					"name": "Nose bridge",
																					"from": [ 0.3, 0.7, 0.75 ],
																					"to": [ 1.5, 1.7, 2.45 ],
																					"unwrapMode": 7,
																					"unwrapRotation": 1,
																					"uv": [ 73.0, 58.5 ],
																					"rotationOrigin": [ 0.3, 1.7, 0.75 ],
																					"rotationZ": -4.0,
																					"faces": {
																						"north": { "texture": "#skin", "uv": [ 75.5, 59.5, 76.5, 60.5 ], "rotation": 90 },
																						"east": { "texture": "#skin", "uv": [ 74.0, 60.5, 75.5, 61.5 ], "windMode": [-1,-1,-1,-1], "windData": [1,1,1,1] },
																						"south": { "texture": "#skin", "uv": [ 73.0, 59.5, 74.0, 60.5 ], "rotation": 270 },
																						"west": { "texture": "#skin", "uv": [ 74.0, 58.5, 75.5, 59.5 ], "rotation": 180, "windMode": [-1,-1,-1,-1], "windData": [1,1,1,1] },
																						"up": { "texture": "#skin", "uv": [ 74.0, 59.5, 75.5, 60.5 ], "rotation": 270, "windMode": [-1,-1,-1,-1], "windData": [1,1,1,1] }
																					}
																				},
																				{
																					"name": "Beak slope",
																					"from": [ -2.2, 0.0, 1.0 ],
																					"to": [ 0.8, 1.0, 2.2 ],
																					"unwrapMode": 7,
																					"unwrapRotation": 1,
																					"uv": [ 70.5, 65.0 ],
																					"rotationOrigin": [ -2.2, 1.0, 1.0 ],
																					"rotationZ": 11.0,
																					"faces": {
																						"north": { "texture": "#skin", "uv": [ 72.5, 66.0, 73.5, 69.0 ], "rotation": 90 },
																						"south": { "texture": "#skin", "uv": [ 70.5, 66.0, 71.5, 69.0 ], "rotation": 270 },
																						"west": { "texture": "#skin", "uv": [ 71.5, 65.0, 72.5, 66.0 ], "rotation": 180, "windMode": [-1,-1,-1,-1], "windData": [1,1,1,1] },
																						"up": { "texture": "#skin", "uv": [ 71.5, 66.0, 72.5, 69.0 ], "rotation": 270 }
																					}
																				},
																				{
																					"name": "Lowerbeak",
																					"from": [ 0.0, -1.1, 0.2 ],
																					"to": [ 2.0, -0.1, 3.0 ],
																					"uv": [ 0.0, 0.0 ],
																					"rotationOrigin": [ 2.0, -1.1, 0.2 ],
																					"rotationZ": -5.0,
																					"faces": {
																					},
																					"children": [
																						{
																							"name": "Lowerbeak slope",
																							"from": [ -1.7, 0.02, 0.7 ],
																							"to": [ 0.9, 1.02, 2.1 ],
																							"unwrapMode": 7,
																							"unwrapRotation": 1,
																							"uv": [ 50.0, 66.5 ],
																							"rotationOrigin": [ 0.4, 0.2, 0.7 ],
																							"rotationZ": 4.0,
																							"faces": {
																								"north": { "texture": "#skin", "uv": [ 52.0, 67.5, 53.0, 70.0 ], "rotation": 90 },
																								"south": { "texture": "#skin", "uv": [ 50.0, 67.5, 51.0, 70.0 ], "rotation": 270 },
																								"west": { "texture": "#skin", "uv": [ 51.0, 66.5, 52.0, 67.5 ], "rotation": 180 },
																								"up": { "texture": "#skin", "uv": [ 51.0, 67.5, 52.0, 70.0 ], "rotation": 270 },
																								"down": { "texture": "#skin", "uv": [ 53.0, 67.5, 54.0, 70.0 ], "rotation": 90 }
																							},
																							"children": [
																								{
																									"name": "Lowerbeak point",
																									"from": [ -0.9, 0.0, 0.35 ],
																									"to": [ 0.1, 0.7, 1.05 ],
																									"unwrapMode": 7,
																									"unwrapRotation": 1,
																									"uv": [ 52.5, 65.5 ],
																									"rotationOrigin": [ 0.1, 0.0, 0.75 ],
																									"rotationZ": -33.0,
																									"faces": {
																										"north": { "texture": "#skin", "uv": [ 53.5, 66.0, 54.0, 67.0 ], "rotation": 90, "windMode": [-1,-1,-1,-1], "windData": [1,1,1,1] },
																										"south": { "texture": "#skin", "uv": [ 52.5, 66.0, 53.0, 67.0 ], "rotation": 270 },
																										"west": { "texture": "#skin", "uv": [ 53.0, 65.5, 53.5, 66.0 ], "rotation": 180 },
																										"up": { "texture": "#skin", "uv": [ 53.0, 66.0, 53.5, 67.0 ], "rotation": 270 },
																										"down": { "texture": "#skin", "uv": [ 54.0, 66.0, 54.5, 67.0 ], "rotation": 90 }
																									}
																								}
																							]
																						},
																						{
																							"name": "Lowerbeak base",
																							"from": [ 0.2, 0.0, 0.4 ],
																							"to": [ 2.4, 1.0, 2.6 ],
																							"unwrapMode": 7,
																							"unwrapRotation": 1,
																							"uv": [ 54.5, 67.0 ],
																							"rotationOrigin": [ 1.4, 0.0, 1.5 ],
																							"rotationY": -45.0,
																							"faces": {
																								"south": { "texture": "#skin", "uv": [ 54.5, 68.0, 55.5, 70.0 ], "rotation": 270, "windMode": [-1,-1,-1,-1], "windData": [1,1,1,1] },
																								"west": { "texture": "#skin", "uv": [ 55.5, 67.0, 57.5, 68.0 ], "rotation": 180, "windMode": [-1,-1,-1,-1], "windData": [1,1,1,1] },
																								"up": { "texture": "#skin", "uv": [ 55.5, 68.0, 57.5, 70.0 ], "rotation": 270 },
																								"down": { "texture": "#skin", "uv": [ 57.5, 68.0, 59.5, 70.0 ], "rotation": 90 }
																							}
																						},
																						{
																							"name": "Throat",
																							"from": [ 0.0, 0.0, 0.9 ],
																							"to": [ 1.0, 1.1, 1.9 ],
																							"unwrapMode": 6,
																							"unwrapRotation": 1,
																							"uv": [ 54.0, 64.5 ],
																							"rotationOrigin": [ 0.0, 0.0, 0.9 ],
																							"rotationZ": -25.0,
																							"faces": {
																								"north": { "texture": "#skin", "uv": [ 54.0, 64.5, 55.0, 65.5 ], "rotation": 90 },
																								"south": { "texture": "#skin", "uv": [ 56.0, 64.5, 57.0, 65.5 ], "rotation": 270 },
																								"down": { "texture": "#skin", "uv": [ 55.0, 64.5, 56.0, 65.5 ], "rotation": 90 }
																							}
																						}
																					]
																				},
																				{
																					"name": "Beak base",
																					"from": [ 0.1, 0.0, 0.5 ],
																					"to": [ 2.1, 1.1, 2.5 ],
																					"unwrapMode": 5,
																					"unwrapRotation": 1,
																					"uv": [ 67.0, 58.5 ],
																					"rotationOrigin": [ 1.3, 0.0, 1.5 ],
																					"rotationY": 45.0,
																					"faces": {
																						"north": { "texture": "#skin", "uv": [ 67.0, 58.5, 68.0, 60.5 ], "rotation": 270, "windMode": [-1,-1,-1,-1], "windData": [1,1,2,1] },
																						"west": { "texture": "#skin", "uv": [ 68.0, 60.5, 70.0, 61.5 ] },
																						"up": { "texture": "#skin", "uv": [ 68.0, 58.5, 70.0, 60.5 ], "rotation": 90 },
																						"down": { "texture": "#skin", "uv": [ 70.0, 58.5, 72.0, 60.5 ], "rotation": 270 }
																					}
																				}
																			]
																		},
																		{
																			"name": "Wattle1",
																			"from": [ 2.0, 0.0, 1.2 ],
																			"to": [ 4.5, 3.0, 2.2 ],
																			"unwrapMode": 1,
																			"unwrapRotation": 1,
																			"uv": [ 23.0, 1.0 ],
																			"rotationOrigin": [ 2.0, 0.0, 1.7 ],
																			"rotationZ": -11.0,
																			"faces": {
																				"north": { "texture": "#skin", "uv": [ 24.0, 1.0, 27.0, 3.5 ], "rotation": 90 },
																				"east": { "texture": "#skin", "uv": [ 24.0, 3.5, 27.0, 4.5 ], "rotation": 90 },
																				"south": { "texture": "#skin", "uv": [ 28.0, 1.0, 31.0, 3.5 ], "rotation": 270 },
																				"up": { "texture": "#skin", "uv": [ 23.0, 1.0, 24.0, 3.5 ], "rotation": 270 },
																				"down": { "texture": "#skin", "uv": [ 27.0, 1.0, 28.0, 3.5 ], "rotation": 90 }
																			}
																		}
																	]
																},
																{
																	"name": "Wattle2",
																	"from": [ 0.7, 0.2, 0.75 ],
																	"to": [ 2.7, 4.2, 1.85 ],
																	"unwrapMode": 1,
																	"unwrapRotation": 1,
																	"uv": [ 1.5, 1.5 ],
																	"rotationOrigin": [ 0.7, 0.2, 1.25 ],
																	"rotationZ": -75.0,
																	"faces": {
																		"north": { "texture": "#skin", "uv": [ 2.5, 1.5, 6.5, 3.5 ], "rotation": 90 },
																		"east": { "texture": "#skin", "uv": [ 2.5, 3.5, 6.5, 4.5 ], "rotation": 90, "windMode": [-1,-1,-1,-1], "windData": [1,1,1,1] },
																		"south": { "texture": "#skin", "uv": [ 7.5, 1.5, 11.5, 3.5 ], "rotation": 270 },
																		"up": { "texture": "#skin", "uv": [ 1.5, 1.5, 2.5, 3.5 ], "rotation": 270, "windMode": [-1,-1,-1,-1], "windData": [1,1,1,1] },
																		"down": { "texture": "#skin", "uv": [ 6.5, 1.5, 7.5, 3.5 ], "rotation": 90 }
																	}
																}
															]
														}
													]
												}
											]
										}
									]
								}
							]
						},
						{
							"name": "RWing1",
							"from": [ 1.0, 5.0, -2.0 ],
							"to": [ 2.0, 6.0, 1.0 ],
							"unwrapMode": 2,
							"unwrapRotation": 1,
							"uv": [ 38.0, 65.0 ],
							"rotationOrigin": [ 1.5, 5.5, 0.5 ],
							"rotationZ": -10.0,
							"faces": {
								"north": { "texture": "#skin", "uv": [ 39.0, 65.0, 40.0, 66.0 ], "rotation": 90 },
								"east": { "texture": "#skin", "uv": [ 39.0, 66.0, 40.0, 69.0 ], "rotation": 90 },
								"south": { "texture": "#skin", "uv": [ 39.0, 69.0, 40.0, 70.0 ], "rotation": 90 },
								"west": { "texture": "#skin", "uv": [ 41.0, 66.0, 42.0, 69.0 ], "rotation": 270 },
								"up": { "texture": "#skin", "uv": [ 38.0, 66.0, 39.0, 69.0 ] },
								"down": { "texture": "#skin", "uv": [ 40.0, 66.0, 41.0, 69.0 ] }
							},
							"children": [
								{
									"name": "RWing2",
									"from": [ 0.0, 0.0, -1.8 ],
									"to": [ 1.0, 1.0, 0.2 ],
									"unwrapMode": 2,
									"unwrapRotation": 1,
									"uv": [ 33.5, 66.5 ],
									"rotationOrigin": [ 0.0, 0.5, 0.0 ],
									"rotationX": 20.0,
									"rotationZ": 4.0,
									"faces": {
										"north": { "texture": "#skin", "uv": [ 34.5, 66.5, 35.5, 67.5 ], "rotation": 90 },
										"east": { "texture": "#skin", "uv": [ 34.5, 67.5, 35.5, 69.5 ], "rotation": 90 },
										"south": { "texture": "#skin", "uv": [ 34.5, 69.5, 35.5, 70.5 ], "rotation": 90 },
										"west": { "texture": "#skin", "uv": [ 36.5, 67.5, 37.5, 69.5 ], "rotation": 270 },
										"up": { "texture": "#skin", "uv": [ 33.5, 67.5, 34.5, 69.5 ] },
										"down": { "texture": "#skin", "uv": [ 35.5, 67.5, 36.5, 69.5 ] }
									},
									"children": [
										{
											"name": "RWing3",
											"from": [ 0.5, -2.0, -4.5 ],
											"to": [ 0.5, 1.0, 0.5 ],
											"uv": [ 19.5, 67.0 ],
											"rotationOrigin": [ 0.5, 1.0, 0.0 ],
											"rotationX": -20.0,
											"faces": {
												"east": { "texture": "#skin", "uv": [ 19.5, 67.0, 24.5, 70.0 ], "windMode": [-1,-1,-1,-1], "windData": [1,1,1,1] }
											}
										},
										{
											"name": "RWing4",
											"from": [ 0.5, -2.0, 0.5 ],
											"to": [ 0.5, 1.0, 5.5 ],
											"uv": [ 13.0, 67.0 ],
											"rotationOrigin": [ 0.5, 1.0, 1.0 ],
											"rotationZ": 5.0,
											"faces": {
												"east": { "texture": "#skin", "uv": [ 13.0, 67.0, 18.0, 70.0 ], "windMode": [-1,-1,-1,-1], "windData": [1,1,1,0] }
											}
										}
									]
								}
							]
						},
						{
							"name": "LWing1",
							"from": [ 1.0, 5.0, 10.6 ],
							"to": [ 2.0, 6.0, 13.6 ],
							"unwrapMode": 2,
							"unwrapRotation": 1,
							"uv": [ 25.5, 65.0 ],
							"rotationOrigin": [ 1.5, 5.5, 11.1 ],
							"rotationZ": -10.0,
							"faces": {
								"north": { "texture": "#skin", "uv": [ 26.5, 65.0, 27.5, 66.0 ], "rotation": 90 },
								"east": { "texture": "#skin", "uv": [ 26.5, 66.0, 27.5, 69.0 ], "rotation": 90 },
								"south": { "texture": "#skin", "uv": [ 26.5, 69.0, 27.5, 70.0 ], "rotation": 90 },
								"west": { "texture": "#skin", "uv": [ 28.5, 66.0, 29.5, 69.0 ], "rotation": 270 },
								"up": { "texture": "#skin", "uv": [ 25.5, 66.0, 26.5, 69.0 ] },
								"down": { "texture": "#skin", "uv": [ 27.5, 66.0, 28.5, 69.0 ] }
							},
							"children": [
								{
									"name": "LWing2",
									"from": [ 0.0, 0.0, 2.6 ],
									"to": [ 1.0, 1.0, 4.6 ],
									"unwrapMode": 2,
									"unwrapRotation": 1,
									"uv": [ 30.0, 64.0 ],
									"rotationOrigin": [ 0.0, 0.5, 2.8 ],
									"rotationX": -20.0,
									"rotationZ": 4.0,
									"faces": {
										"north": { "texture": "#skin", "uv": [ 31.0, 64.0, 32.0, 65.0 ], "rotation": 90 },
										"east": { "texture": "#skin", "uv": [ 31.0, 65.0, 32.0, 67.0 ], "rotation": 90 },
										"south": { "texture": "#skin", "uv": [ 31.0, 67.0, 32.0, 68.0 ], "rotation": 90 },
										"west": { "texture": "#skin", "uv": [ 33.0, 65.0, 34.0, 67.0 ], "rotation": 270 },
										"up": { "texture": "#skin", "uv": [ 30.0, 65.0, 31.0, 67.0 ] },
										"down": { "texture": "#skin", "uv": [ 32.0, 65.0, 33.0, 67.0 ] }
									},
									"children": [
										{
											"name": "LWing3",
											"from": [ 0.5, -2.0, 1.5 ],
											"to": [ 0.5, 1.0, 6.5 ],
											"uv": [ 2.0, 67.0 ],
											"rotationOrigin": [ 0.5, 1.0, 2.0 ],
											"rotationX": 20.0,
											"faces": {
												"east": { "texture": "#skin", "uv": [ 2.0, 67.0, 7.0, 70.0 ], "windMode": [-1,-1,-1,-1], "windData": [1,1,1,1] }
											}
										},
										{
											"name": "LWing4",
											"from": [ 0.5, -2.0, -3.5 ],
											"to": [ 0.5, 1.0, 1.5 ],
											"uv": [ 7.5, 67.0 ],
											"rotationOrigin": [ 0.5, 1.0, 1.0 ],
											"rotationZ": 5.0,
											"faces": {
												"east": { "texture": "#skin", "uv": [ 7.5, 67.0, 12.5, 70.0 ], "windMode": [-1,-1,-1,-1], "windData": [1,1,1,0] }
											}
										}
									]
								}
							]
						}
					]
				},
				{
					"name": "LThigh",
					"from": [ 0.0, -7.0, 2.4 ],
					"to": [ 4.0, -1.0, 6.4 ],
					"unwrapMode": 3,
					"uv": [ 62.5, 1.0 ],
					"rotationOrigin": [ 0.0, -1.0, 2.4 ],
					"rotationZ": -35.0,
					"faces": {
						"north": { "texture": "#skin", "uv": [ 74.5, 5.0, 78.5, 11.0 ] },
						"east": { "texture": "#skin", "uv": [ 70.5, 5.0, 74.5, 11.0 ] },
						"south": { "texture": "#skin", "uv": [ 66.5, 5.0, 70.5, 11.0 ] },
						"west": { "texture": "#skin", "uv": [ 62.5, 5.0, 66.5, 11.0 ] },
						"up": { "texture": "#skin", "uv": [ 66.5, 1.0, 70.5, 5.0 ] },
						"down": { "texture": "#skin", "uv": [ 66.5, 11.0, 70.5, 15.0 ], "rotation": 180 }
					},
					"children": [
						{
							"name": "LLeg",
							"from": [ 0.0, -8.0, 0.4 ],
							"to": [ 3.5, 0.0, 3.6 ],
							"unwrapMode": 3,
							"uv": [ 64.0, 15.5 ],
							"rotationOrigin": [ 0.0, 0.0, 2.0 ],
							"rotationZ": 55.0,
							"faces": {
								"north": { "texture": "#skin", "uv": [ 73.5, 18.5, 77.0, 26.5 ] },
								"east": { "texture": "#skin", "uv": [ 70.5, 18.5, 73.5, 26.5 ] },
								"south": { "texture": "#skin", "uv": [ 67.0, 18.5, 70.5, 26.5 ] },
								"west": { "texture": "#skin", "uv": [ 64.0, 18.5, 67.0, 26.5 ] },
								"up": { "texture": "#skin", "uv": [ 67.0, 15.5, 70.5, 18.5 ] },
								"down": { "texture": "#skin", "uv": [ 67.0, 26.5, 70.5, 29.5 ], "rotation": 180 }
							},
							"children": [
								{
									"name": "LLowerleg",
									"from": [ 1.0, -9.4, 0.6 ],
									"to": [ 3.4, 0.6, 2.6 ],
									"unwrapMode": 3,
									"uv": [ 62.5, 28.0 ],
									"rotationOrigin": [ 3.0, 0.6, 1.6 ],
									"rotationZ": -30.0,
									"faces": {
										"north": { "texture": "#skin", "uv": [ 68.5, 30.0, 70.5, 40.0 ] },
										"east": { "texture": "#skin", "uv": [ 66.5, 30.0, 68.5, 40.0 ] },
										"south": { "texture": "#skin", "uv": [ 64.5, 30.0, 66.5, 40.0 ] },
										"west": { "texture": "#skin", "uv": [ 62.5, 30.0, 64.5, 40.0 ] },
										"up": { "texture": "#skin", "uv": [ 64.5, 28.0, 66.5, 30.0 ] },
										"down": { "texture": "#skin", "uv": [ 64.5, 40.0, 66.5, 42.0 ], "rotation": 180 }
									},
									"children": [
										{
											"name": "LFoot",
											"from": [ -0.2, -0.4, -0.2 ],
											"to": [ 1.8, 1.2, 2.2 ],
											"unwrapMode": 7,
											"unwrapRotation": 1,
											"uv": [ 71.0, 28.5 ],
											"rotationOrigin": [ 1.8, 1.2, 1.0 ],
											"rotationZ": 8.0,
											"faces": {
												"north": { "texture": "#skin", "uv": [ 74.5, 30.0, 76.0, 32.0 ], "rotation": 90 },
												"east": { "texture": "#skin", "uv": [ 72.5, 32.0, 74.5, 33.5 ] },
												"south": { "texture": "#skin", "uv": [ 71.0, 30.0, 72.5, 32.0 ], "rotation": 270 },
												"west": { "texture": "#skin", "uv": [ 72.5, 28.5, 74.5, 30.0 ], "rotation": 180 },
												"up": { "texture": "#skin", "uv": [ 72.5, 30.0, 74.5, 32.0 ], "rotation": 270 },
												"down": { "texture": "#skin", "uv": [ 76.0, 30.0, 78.0, 32.0 ], "rotation": 90 }
											},
											"children": [
												{
													"name": "LToe 1",
													"from": [ -1.8, 0.0, 0.4 ],
													"to": [ 0.2, 1.2, 2.0 ],
													"unwrapMode": 7,
													"unwrapRotation": 1,
													"uv": [ 71.5, 34.0 ],
													"rotationOrigin": [ 0.0, 1.2, 1.2 ],
													"rotationZ": 1.0,
													"faces": {
														"north": { "texture": "#skin", "uv": [ 74.0, 35.0, 75.0, 37.0 ], "rotation": 90 },
														"east": { "texture": "#skin", "uv": [ 72.5, 37.0, 74.0, 38.0 ] },
														"south": { "texture": "#skin", "uv": [ 71.5, 35.0, 72.5, 37.0 ], "rotation": 270 },
														"west": { "texture": "#skin", "uv": [ 72.5, 34.0, 74.0, 35.0 ], "rotation": 180 },
														"up": { "texture": "#skin", "uv": [ 72.5, 35.0, 74.0, 37.0 ], "rotation": 270 },
														"down": { "texture": "#skin", "uv": [ 75.0, 35.0, 76.5, 37.0 ], "rotation": 90 }
													},
													"children": [
														{
															"name": "LClaw 1",
															"from": [ -1.2, 0.0, 0.4 ],
															"to": [ 0.2, 1.0, 1.2 ],
															"unwrapMode": 7,
															"unwrapRotation": 1,
															"uv": [ 54.5, 15.5 ],
															"rotationOrigin": [ 0.2, 1.0, 0.8 ],
															"rotationZ": 15.0,
															"faces": {
																"north": { "texture": "#skin", "uv": [ 56.0, 16.5, 57.0, 17.5 ], "rotation": 90 },
																"south": { "texture": "#skin", "uv": [ 54.5, 16.5, 55.5, 17.5 ], "rotation": 270 },
																"west": { "texture": "#skin", "uv": [ 55.5, 15.5, 56.0, 16.5 ], "rotation": 180 },
																"up": { "texture": "#skin", "uv": [ 55.5, 16.5, 56.0, 17.5 ], "rotation": 270 },
																"down": { "texture": "#skin", "uv": [ 57.0, 16.5, 57.5, 17.5 ], "rotation": 90 }
															}
														}
													]
												},
												{
													"name": "LToe 2",
													"from": [ -0.6, 0.0, -0.4 ],
													"to": [ 1.0, 1.2, 0.8 ],
													"unwrapMode": 7,
													"unwrapRotation": 1,
													"uv": [ 70.5, 40.0 ],
													"rotationOrigin": [ 0.8, 1.2, 0.2 ],
													"rotationY": -45.0,
													"rotationZ": 1.0,
													"faces": {
														"north": { "texture": "#skin", "uv": [ 72.5, 41.0, 73.5, 42.5 ], "rotation": 90 },
														"east": { "texture": "#skin", "uv": [ 71.5, 42.5, 72.5, 43.5 ] },
														"south": { "texture": "#skin", "uv": [ 70.5, 41.0, 71.5, 42.5 ], "rotation": 270 },
														"west": { "texture": "#skin", "uv": [ 71.5, 40.0, 72.5, 41.0 ], "rotation": 180 },
														"up": { "texture": "#skin", "uv": [ 71.5, 41.0, 72.5, 42.5 ], "rotation": 270 },
														"down": { "texture": "#skin", "uv": [ 73.5, 41.0, 74.5, 42.5 ], "rotation": 90 }
													},
													"children": [
														{
															"name": "LClaw 2",
															"from": [ -1.2, 0.0, 0.2 ],
															"to": [ 0.2, 1.0, 1.0 ],
															"unwrapMode": 7,
															"unwrapRotation": 1,
															"uv": [ 54.5, 15.5 ],
															"rotationOrigin": [ 0.2, 1.0, 0.6 ],
															"rotationZ": 15.0,
															"faces": {
																"north": { "texture": "#skin", "uv": [ 56.0, 16.5, 57.0, 17.5 ], "rotation": 90 },
																"south": { "texture": "#skin", "uv": [ 54.5, 16.5, 55.5, 17.5 ], "rotation": 270 },
																"west": { "texture": "#skin", "uv": [ 55.5, 15.5, 56.0, 16.5 ], "rotation": 180 },
																"up": { "texture": "#skin", "uv": [ 55.5, 16.5, 56.0, 17.5 ], "rotation": 270 },
																"down": { "texture": "#skin", "uv": [ 57.0, 16.5, 57.5, 17.5 ], "rotation": 90 }
															}
														}
													]
												},
												{
													"name": "LToe 3",
													"from": [ -1.0, 0.0, 1.6 ],
													"to": [ 1.0, 1.2, 2.8 ],
													"unwrapMode": 7,
													"unwrapRotation": 1,
													"uv": [ 74.0, 37.5 ],
													"rotationOrigin": [ 0.8, 1.2, 2.2 ],
													"rotationY": 45.0,
													"rotationZ": 1.0,
													"faces": {
														"north": { "texture": "#skin", "uv": [ 76.0, 38.5, 77.0, 40.5 ], "rotation": 90 },
														"east": { "texture": "#skin", "uv": [ 75.0, 40.5, 76.0, 41.5 ] },
														"south": { "texture": "#skin", "uv": [ 74.0, 38.5, 75.0, 40.5 ], "rotation": 270 },
														"west": { "texture": "#skin", "uv": [ 75.0, 37.5, 76.0, 38.5 ], "rotation": 180 },
														"up": { "texture": "#skin", "uv": [ 75.0, 38.5, 76.0, 40.5 ], "rotation": 270 },
														"down": { "texture": "#skin", "uv": [ 77.0, 38.5, 78.0, 40.5 ], "rotation": 90 }
													},
													"children": [
														{
															"name": "LClaw 3",
															"from": [ -1.2, 0.0, 0.2 ],
															"to": [ 0.2, 1.0, 1.0 ],
															"unwrapMode": 7,
															"unwrapRotation": 1,
															"uv": [ 54.5, 15.5 ],
															"rotationOrigin": [ 0.2, 1.0, 0.6 ],
															"rotationZ": 15.0,
															"faces": {
																"north": { "texture": "#skin", "uv": [ 56.0, 16.5, 57.0, 17.5 ], "rotation": 90 },
																"south": { "texture": "#skin", "uv": [ 54.5, 16.5, 55.5, 17.5 ], "rotation": 270 },
																"west": { "texture": "#skin", "uv": [ 55.5, 15.5, 56.0, 16.5 ], "rotation": 180 },
																"up": { "texture": "#skin", "uv": [ 55.5, 16.5, 56.0, 17.5 ], "rotation": 270 },
																"down": { "texture": "#skin", "uv": [ 57.0, 16.5, 57.5, 17.5 ], "rotation": 90 }
															}
														}
													]
												}
											]
										}
									]
								}
							]
						}
					]
				},
				{
					"name": "RThigh",
					"from": [ 0.0, -7.0, -6.4 ],
					"to": [ 4.0, -1.0, -2.4 ],
					"unwrapMode": 1,
					"uv": [ 45.5, 1.0 ],
					"rotationOrigin": [ 0.0, -1.0, -2.4 ],
					"rotationZ": -35.0,
					"faces": {
						"north": { "texture": "#skin", "uv": [ 49.5, 5.0, 53.5, 11.0 ] },
						"east": { "texture": "#skin", "uv": [ 45.5, 5.0, 49.5, 11.0 ] },
						"south": { "texture": "#skin", "uv": [ 57.5, 5.0, 61.5, 11.0 ] },
						"west": { "texture": "#skin", "uv": [ 53.5, 5.0, 57.5, 11.0 ] },
						"up": { "texture": "#skin", "uv": [ 49.5, 1.0, 53.5, 5.0 ], "rotation": 180 },
						"down": { "texture": "#skin", "uv": [ 49.5, 11.0, 53.5, 15.0 ] }
					},
					"children": [
						{
							"name": "RLeg",
							"from": [ 0.0, -8.0, 0.4 ],
							"to": [ 3.5, 0.0, 3.6 ],
							"unwrapMode": 1,
							"uv": [ 47.0, 15.5 ],
							"rotationOrigin": [ 0.0, 0.0, 2.0 ],
							"rotationZ": 55.0,
							"faces": {
								"north": { "texture": "#skin", "uv": [ 50.0, 18.5, 53.5, 26.5 ] },
								"east": { "texture": "#skin", "uv": [ 47.0, 18.5, 50.0, 26.5 ] },
								"south": { "texture": "#skin", "uv": [ 56.5, 18.5, 60.0, 26.5 ] },
								"west": { "texture": "#skin", "uv": [ 53.5, 18.5, 56.5, 26.5 ] },
								"up": { "texture": "#skin", "uv": [ 50.0, 15.5, 53.5, 18.5 ], "rotation": 180 },
								"down": { "texture": "#skin", "uv": [ 50.0, 26.5, 53.5, 29.5 ] }
							},
							"children": [
								{
									"name": "RLowerleg",
									"from": [ 1.0, -9.4, 0.6 ],
									"to": [ 3.4, 0.6, 2.6 ],
									"unwrapMode": 1,
									"uv": [ 45.5, 28.0 ],
									"rotationOrigin": [ 3.0, 0.6, 1.6 ],
									"rotationZ": -30.0,
									"faces": {
										"north": { "texture": "#skin", "uv": [ 47.5, 30.0, 49.5, 40.0 ] },
										"east": { "texture": "#skin", "uv": [ 45.5, 30.0, 47.5, 40.0 ] },
										"south": { "texture": "#skin", "uv": [ 51.5, 30.0, 53.5, 40.0 ] },
										"west": { "texture": "#skin", "uv": [ 49.5, 30.0, 51.5, 40.0 ] },
										"up": { "texture": "#skin", "uv": [ 47.5, 28.0, 49.5, 30.0 ], "rotation": 180 },
										"down": { "texture": "#skin", "uv": [ 47.5, 40.0, 49.5, 42.0 ] }
									},
									"children": [
										{
											"name": "RFoot",
											"from": [ -0.2, -0.4, -0.2 ],
											"to": [ 1.8, 1.2, 2.2 ],
											"unwrapMode": 7,
											"unwrapRotation": 1,
											"uv": [ 54.0, 28.5 ],
											"rotationOrigin": [ 1.8, 1.2, 1.0 ],
											"rotationZ": 8.0,
											"faces": {
												"north": { "texture": "#skin", "uv": [ 57.5, 30.0, 59.0, 32.0 ], "rotation": 90 },
												"east": { "texture": "#skin", "uv": [ 55.5, 32.0, 57.5, 33.5 ] },
												"south": { "texture": "#skin", "uv": [ 54.0, 30.0, 55.5, 32.0 ], "rotation": 270 },
												"west": { "texture": "#skin", "uv": [ 55.5, 28.5, 57.5, 30.0 ], "rotation": 180 },
												"up": { "texture": "#skin", "uv": [ 55.5, 30.0, 57.5, 32.0 ], "rotation": 270 },
												"down": { "texture": "#skin", "uv": [ 59.0, 30.0, 61.0, 32.0 ], "rotation": 90 }
											},
											"children": [
												{
													"name": "RToe 1",
													"from": [ -1.8, 0.0, 0.4 ],
													"to": [ 0.2, 1.2, 2.0 ],
													"unwrapMode": 7,
													"unwrapRotation": 1,
													"uv": [ 54.5, 34.0 ],
													"rotationOrigin": [ 0.0, 1.2, 1.2 ],
													"rotationZ": 1.0,
													"faces": {
														"north": { "texture": "#skin", "uv": [ 57.0, 35.0, 58.0, 37.0 ], "rotation": 90 },
														"east": { "texture": "#skin", "uv": [ 55.5, 37.0, 57.0, 38.0 ] },
														"south": { "texture": "#skin", "uv": [ 54.5, 35.0, 55.5, 37.0 ], "rotation": 270 },
														"west": { "texture": "#skin", "uv": [ 55.5, 34.0, 57.0, 35.0 ], "rotation": 180 },
														"up": { "texture": "#skin", "uv": [ 55.5, 35.0, 57.0, 37.0 ], "rotation": 270 },
														"down": { "texture": "#skin", "uv": [ 58.0, 35.0, 59.5, 37.0 ], "rotation": 90 }
													},
													"children": [
														{
															"name": "RClaw 1",
															"from": [ -1.2, 0.0, 0.4 ],
															"to": [ 0.2, 1.0, 1.2 ],
															"unwrapMode": 7,
															"unwrapRotation": 1,
															"uv": [ 54.5, 15.5 ],
															"rotationOrigin": [ 0.2, 1.0, 0.8 ],
															"rotationZ": 15.0,
															"faces": {
																"north": { "texture": "#skin", "uv": [ 56.0, 16.5, 57.0, 17.5 ], "rotation": 90 },
																"south": { "texture": "#skin", "uv": [ 54.5, 16.5, 55.5, 17.5 ], "rotation": 270 },
																"west": { "texture": "#skin", "uv": [ 55.5, 15.5, 56.0, 16.5 ], "rotation": 180, "windMode": [-1,-1,-1,-1] },
																"up": { "texture": "#skin", "uv": [ 55.5, 16.5, 56.0, 17.5 ], "rotation": 270 },
																"down": { "texture": "#skin", "uv": [ 57.0, 16.5, 57.5, 17.5 ], "rotation": 90 }
															}
														}
													]
												},
												{
													"name": "RToe 2",
													"from": [ -0.6, 0.0, 1.6 ],
													"to": [ 1.0, 1.2, 2.8 ],
													"unwrapMode": 7,
													"unwrapRotation": 1,
													"uv": [ 53.5, 40.0 ],
													"rotationOrigin": [ 0.8, 1.2, 2.2 ],
													"rotationY": 45.0,
													"rotationZ": 1.0,
													"faces": {
														"north": { "texture": "#skin", "uv": [ 55.5, 41.0, 56.5, 42.5 ], "rotation": 90 },
														"east": { "texture": "#skin", "uv": [ 54.5, 42.5, 55.5, 43.5 ] },
														"south": { "texture": "#skin", "uv": [ 53.5, 41.0, 54.5, 42.5 ], "rotation": 270 },
														"west": { "texture": "#skin", "uv": [ 54.5, 40.0, 55.5, 41.0 ], "rotation": 180 },
														"up": { "texture": "#skin", "uv": [ 54.5, 41.0, 55.5, 42.5 ], "rotation": 270 },
														"down": { "texture": "#skin", "uv": [ 56.5, 41.0, 57.5, 42.5 ], "rotation": 90 }
													},
													"children": [
														{
															"name": "RClaw 2",
															"from": [ -1.2, 0.0, 0.2 ],
															"to": [ 0.2, 1.0, 1.0 ],
															"unwrapMode": 7,
															"unwrapRotation": 1,
															"uv": [ 54.5, 15.5 ],
															"rotationOrigin": [ 0.2, 1.0, 0.6 ],
															"rotationZ": 15.0,
															"faces": {
																"north": { "texture": "#skin", "uv": [ 56.0, 16.5, 57.0, 17.5 ], "rotation": 90 },
																"south": { "texture": "#skin", "uv": [ 54.5, 16.5, 55.5, 17.5 ], "rotation": 270 },
																"west": { "texture": "#skin", "uv": [ 55.5, 15.5, 56.0, 16.5 ], "rotation": 180 },
																"up": { "texture": "#skin", "uv": [ 55.5, 16.5, 56.0, 17.5 ], "rotation": 270 },
																"down": { "texture": "#skin", "uv": [ 57.0, 16.5, 57.5, 17.5 ], "rotation": 90 }
															}
														}
													]
												},
												{
													"name": "RToe 3",
													"from": [ -1.0, 0.0, -0.4 ],
													"to": [ 1.0, 1.2, 0.8 ],
													"unwrapMode": 7,
													"unwrapRotation": 1,
													"uv": [ 57.0, 37.5 ],
													"rotationOrigin": [ 0.8, 1.2, 0.2 ],
													"rotationY": -45.0,
													"rotationZ": 1.0,
													"faces": {
														"north": { "texture": "#skin", "uv": [ 59.0, 38.5, 60.0, 40.5 ], "rotation": 90 },
														"east": { "texture": "#skin", "uv": [ 58.0, 40.5, 59.0, 41.5 ] },
														"south": { "texture": "#skin", "uv": [ 57.0, 38.5, 58.0, 40.5 ], "rotation": 270 },
														"west": { "texture": "#skin", "uv": [ 58.0, 37.5, 59.0, 38.5 ], "rotation": 180 },
														"up": { "texture": "#skin", "uv": [ 58.0, 38.5, 59.0, 40.5 ], "rotation": 270 },
														"down": { "texture": "#skin", "uv": [ 60.0, 38.5, 61.0, 40.5 ], "rotation": 90 }
													},
													"children": [
														{
															"name": "RClaw 3",
															"from": [ -1.2, 0.0, 0.2 ],
															"to": [ 0.2, 1.0, 1.0 ],
															"unwrapMode": 7,
															"unwrapRotation": 1,
															"uv": [ 54.5, 15.5 ],
															"rotationOrigin": [ 0.2, 1.0, 0.6 ],
															"rotationZ": 15.0,
															"faces": {
																"north": { "texture": "#skin", "uv": [ 56.0, 16.5, 57.0, 17.5 ], "rotation": 90 },
																"south": { "texture": "#skin", "uv": [ 54.5, 16.5, 55.5, 17.5 ], "rotation": 270 },
																"west": { "texture": "#skin", "uv": [ 55.5, 15.5, 56.0, 16.5 ], "rotation": 180 },
																"up": { "texture": "#skin", "uv": [ 55.5, 16.5, 56.0, 17.5 ], "rotation": 270 },
																"down": { "texture": "#skin", "uv": [ 57.0, 16.5, 57.5, 17.5 ], "rotation": 90 }
															}
														}
													]
												}
											]
										}
									]
								}
							]
						}
					]
				}
			],
			"attachmentpoints": [
				{
					"code": "Center",
					"posX": "0.0","posY": "0.0","posZ": "0.0",
					"rotationX": "0.0","rotationY": "0.0","rotationZ": "0.0"
				}
			]
		}
	]}