{
	"editor": {
		"allAngles": true,
		"entityTextureMode": true
	},
	"textureWidth": 24,
	"textureHeight": 24,
	"textureSizes": {
		"skin": [24,24]
	},
	"textures": {
	},
	"elements": [
		{
			"name": "Hip",
			"from": [ 8.5, 5.5, 8.0 ],
			"to": [ 8.5, 5.5, 8.0 ],
			"uv": [ 55.0, 37.5 ],
			"rotationOrigin": [ 8.5, 5.5, 8.0 ],
			"faces": {
			},
			"children": [
				{
					"name": "Body",
					"from": [ -2.0, -2.5, -1.5 ],
					"to": [ 1.0, 0.2, 1.5 ],
					"unwrapMode": 7,
					"unwrapRotation": 1,
					"autoUnwrap": false,
					"uv": [ 1.0, 7.0 ],
					"rotationOrigin": [ 0.0, 0.0, 0.0 ],
					"rotationZ": -4.0,
					"faces": {
						"north": { "texture": "#skin", "uv": [ 6.5, 5.5, 9.0, 8.5 ], "rotation": 90 },
						"east": { "texture": "#skin", "uv": [ 4.5, 17.0, 7.5, 19.5 ] },
						"south": { "texture": "#skin", "uv": [ 1.0, 5.5, 3.5, 8.5 ], "rotation": 270 },
						"west": { "texture": "#skin", "uv": [ 1.0, 17.0, 4.0, 19.5 ], "windMode": [-1,-1,-1,-1], "windData": [1,1,2,2] },
						"up": { "texture": "#skin", "uv": [ 3.5, 5.5, 6.5, 8.5 ], "rotation": 270 },
						"down": { "texture": "#skin", "uv": [ 9.0, 5.5, 12.0, 8.5 ], "rotation": 90 }
					},
					"children": [
						{
							"name": "Tail1",
							"from": [ 3.0, 0.7, 0.1 ],
							"to": [ 4.5, 2.7, 2.9 ],
							"unwrapMode": 7,
							"unwrapRotation": 1,
							"autoUnwrap": false,
							"uv": [ 4.0, 33.5 ],
							"rotationOrigin": [ 3.0, 2.7, 1.5 ],
							"rotationZ": -40.0,
							"faces": {
								"north": { "texture": "#skin", "uv": [ 6.0, 9.0, 8.0, 10.5 ], "rotation": 90 },
								"east": { "texture": "#skin", "uv": [ 8.0, 17.0, 10.5, 19.0 ], "windMode": [-1,-1,-1,-1] },
								"south": { "texture": "#skin", "uv": [ 1.5, 9.0, 3.5, 10.5 ], "rotation": 270 },
								"up": { "texture": "#skin", "uv": [ 3.5, 9.0, 6.0, 10.5 ], "rotation": 270 }
							},
							"children": [
								{
									"name": "Tail2",
									"from": [ 1.5, 1.0, 0.2 ],
									"to": [ 3.0, 2.0, 2.6 ],
									"unwrapMode": 7,
									"unwrapRotation": 1,
									"autoUnwrap": false,
									"uv": [ 10.0, 40.0 ],
									"rotationOrigin": [ 1.5, 2.0, 1.4 ],
									"rotationZ": 15.0,
									"faces": {
										"north": { "texture": "#skin", "uv": [ 5.5, 11.0, 6.5, 12.5 ], "rotation": 90 },
										"east": { "texture": "#skin", "uv": [ 1.0, 2.0, 3.0, 3.0 ], "windMode": [-1,-1,-1,-1] },
										"south": { "texture": "#skin", "uv": [ 2.5, 11.0, 3.5, 12.5 ], "rotation": 270 },
										"up": { "texture": "#skin", "uv": [ 3.5, 11.0, 5.5, 12.5 ], "rotation": 270 }
									},
									"children": [
										{
											"name": "Tailfeathers 2",
											"from": [ 1.5, -1.0, 0.05 ],
											"to": [ 2.5, 1.0, 2.35 ],
											"unwrapMode": 7,
											"unwrapRotation": 1,
											"uv": [ 1.5, 13.0 ],
											"rotationOrigin": [ 1.5, 1.0, 1.2 ],
											"rotationZ": -58.0,
											"faces": {
												"north": { "texture": "#skin", "uv": [ 5.5, 13.0, 7.5, 14.0 ], "rotation": 90 },
												"south": { "texture": "#skin", "uv": [ 1.5, 13.0, 3.5, 14.0 ], "rotation": 270 },
												"up": { "texture": "#skin", "uv": [ 3.5, 13.0, 5.5, 14.0 ], "rotation": 270 },
												"down": { "texture": "#skin", "uv": [ 7.5, 13.0, 9.5, 14.0 ], "rotation": 90 }
											},
											"children": [
												{
													"name": "Featherbottom 2",
													"from": [ 0.8, 0.0, 0.0 ],
													"to": [ 0.8, 2.0, 2.3 ],
													"unwrapMode": 7,
													"unwrapRotation": 1,
													"uv": [ 9.0, 1.0 ],
													"rotationOrigin": [ 0.8, 0.0, 0.0 ],
													"faces": {
														"west": { "texture": "#skin", "uv": [ 9.0, 1.0, 11.0, 3.0 ], "rotation": 180, "windMode": [-1,-1,-1,-1] }
													}
												}
											]
										}
									]
								},
								{
									"name": "Tailfeathers 1",
									"from": [ 1.5, 0.0, 0.1 ],
									"to": [ 3.2, 2.0, 2.7 ],
									"unwrapMode": 7,
									"unwrapRotation": 1,
									"uv": [ 1.5, 14.5 ],
									"rotationOrigin": [ 1.5, 2.0, 1.4 ],
									"rotationZ": -45.0,
									"faces": {
										"north": { "texture": "#skin", "uv": [ 6.0, 14.5, 8.0, 16.0 ], "rotation": 90 },
										"south": { "texture": "#skin", "uv": [ 1.5, 14.5, 3.5, 16.0 ], "rotation": 270 },
										"up": { "texture": "#skin", "uv": [ 3.5, 14.5, 6.0, 16.0 ], "rotation": 270 },
										"down": { "texture": "#skin", "uv": [ 8.0, 14.5, 10.5, 16.0 ], "rotation": 90 }
									},
									"children": [
										{
											"name": "Featherbottom 1",
											"from": [ 1.6, 0.0, 0.0 ],
											"to": [ 1.6, 2.0, 2.6 ],
											"unwrapMode": 7,
											"unwrapRotation": 1,
											"uv": [ 20.0, 11.5 ],
											"rotationOrigin": [ 1.6, 0.0, 0.0 ],
											"faces": {
												"east": { "texture": "#skin", "uv": [ 20.0, 12.0, 22.5, 14.0 ], "windMode": [-1,-1,-1,-1] }
											}
										}
									]
								}
							]
						},
						{
							"name": "Neck1",
							"from": [ -1.4, 0.2, 0.3 ],
							"to": [ 0.1, 2.7, 2.7 ],
							"unwrapMode": 7,
							"unwrapRotation": 1,
							"autoUnwrap": false,
							"uv": [ 3.0, -0.5 ],
							"rotationOrigin": [ 0.1, 2.7, 1.5 ],
							"rotationZ": 25.0,
							"faces": {
								"north": { "texture": "#skin", "uv": [ 6.0, 3.5, 8.5, 5.0 ], "rotation": 90 },
								"south": { "texture": "#skin", "uv": [ 1.5, 3.5, 4.0, 5.0 ], "rotation": 270 },
								"west": { "texture": "#skin", "uv": [ 8.5, 9.0, 10.5, 11.5 ], "windMode": [-1,-1,-1,-1] },
								"up": { "texture": "#skin", "uv": [ 4.0, 3.5, 6.0, 5.0 ], "rotation": 270, "windMode": [-1,-1,-1,-1], "windData": [0,0,1,1] },
								"down": { "texture": "#skin", "uv": [ 8.5, 3.5, 10.5, 5.0 ], "rotation": 90 }
							},
							"children": [
								{
									"name": "Neck2",
									"from": [ -0.7, 0.5, 0.4 ],
									"to": [ 0.8, 1.8, 2.0 ],
									"unwrapMode": 6,
									"unwrapRotation": 1,
									"uv": [ 11.0, 17.0 ],
									"rotationOrigin": [ 0.8, 1.8, 1.2 ],
									"rotationZ": -3.0,
									"faces": {
										"north": { "texture": "#skin", "uv": [ 11.0, 18.0, 12.0, 19.5 ], "rotation": 90 },
										"east": { "texture": "#skin", "uv": [ 12.0, 19.5, 13.5, 20.5 ], "rotation": 180 },
										"south": { "texture": "#skin", "uv": [ 13.5, 18.0, 14.5, 19.5 ], "rotation": 270 },
										"west": { "texture": "#skin", "uv": [ 12.0, 17.0, 13.5, 18.0 ] },
										"down": { "texture": "#skin", "uv": [ 12.0, 18.0, 13.5, 19.5 ], "rotation": 90 }
									},
									"children": [
										{
											"name": "Neck fuzz1",
											"from": [ -0.1, 0.8, -0.05 ],
											"to": [ 0.9, 1.8, 1.65 ],
											"unwrapMode": 7,
											"unwrapRotation": 1,
											"uv": [ 3.5, 1.0 ],
											"rotationOrigin": [ -0.1, 1.8, 0.85 ],
											"rotationZ": 5.0,
											"faces": {
												"north": { "texture": "#skin", "uv": [ 6.0, 2.0, 7.0, 3.0 ], "rotation": 90 },
												"south": { "texture": "#skin", "uv": [ 3.5, 2.0, 4.5, 3.0 ], "rotation": 270 },
												"west": { "texture": "#skin", "uv": [ 4.5, 1.0, 6.0, 2.0 ], "rotation": 180 },
												"up": { "texture": "#skin", "uv": [ 4.5, 2.0, 6.0, 3.0 ], "rotation": 270 },
												"down": { "texture": "#skin", "uv": [ 7.0, 2.0, 8.5, 3.0 ], "rotation": 90 }
											}
										},
										{
											"name": "Neck3",
											"from": [ -1.0, 0.7, 0.3 ],
											"to": [ 0.3, 1.7, 1.3 ],
											"unwrapMode": 6,
											"unwrapRotation": 1,
											"uv": [ 11.0, 14.5 ],
											"rotationOrigin": [ 0.0, 0.7, 0.9 ],
											"rotationZ": -7.0,
											"faces": {
												"north": { "texture": "#skin", "uv": [ 11.0, 15.5, 12.0, 16.5 ], "rotation": 90 },
												"south": { "texture": "#skin", "uv": [ 13.0, 15.5, 14.0, 16.5 ], "rotation": 270 },
												"west": { "texture": "#skin", "uv": [ 12.0, 14.5, 13.0, 15.5 ] },
												"up": { "texture": "#skin", "uv": [ 14.0, 15.5, 15.0, 16.5 ], "rotation": 270 },
												"down": { "texture": "#skin", "uv": [ 12.0, 15.5, 13.0, 16.5 ], "rotation": 90 }
											},
											"children": [
												{
													"name": "Neck4",
													"from": [ -0.8, 0.0, 0.1 ],
													"to": [ 0.2, 0.8, 0.9 ],
													"unwrapMode": 6,
													"unwrapRotation": 1,
													"uv": [ 15.0, 16.5 ],
													"rotationOrigin": [ 0.2, 0.1, 0.4 ],
													"rotationZ": -27.0,
													"faces": {
														"north": { "texture": "#skin", "uv": [ 15.0, 17.0, 15.5, 18.0 ], "rotation": 90 },
														"east": { "texture": "#skin", "uv": [ 15.5, 18.0, 16.0, 18.5 ], "rotation": 180 },
														"south": { "texture": "#skin", "uv": [ 16.0, 17.0, 16.5, 18.0 ], "rotation": 270 },
														"west": { "texture": "#skin", "uv": [ 15.5, 16.5, 16.0, 17.0 ] },
														"up": { "texture": "#skin", "uv": [ 16.5, 17.0, 17.0, 18.0 ], "rotation": 270 },
														"down": { "texture": "#skin", "uv": [ 15.5, 17.0, 16.0, 18.0 ], "rotation": 90 }
													},
													"children": [
														{
															"name": "Neck5",
															"from": [ -0.9, 0.0, 0.1 ],
															"to": [ 0.1, 0.8, 0.7 ],
															"unwrapMode": 6,
															"unwrapRotation": 1,
															"uv": [ 16.0, 14.5 ],
															"rotationOrigin": [ 0.1, 0.5, 0.4 ],
															"rotationZ": 7.0,
															"faces": {
																"north": { "texture": "#skin", "uv": [ 16.0, 15.0, 16.5, 16.0 ], "rotation": 90 },
																"east": { "texture": "#skin", "uv": [ 16.5, 16.0, 17.0, 16.5 ], "rotation": 180 },
																"south": { "texture": "#skin", "uv": [ 17.0, 15.0, 17.5, 16.0 ], "rotation": 270 },
																"west": { "texture": "#skin", "uv": [ 16.5, 14.5, 17.0, 15.0 ] },
																"up": { "texture": "#skin", "uv": [ 17.5, 15.0, 18.0, 16.0 ], "rotation": 270 },
																"down": { "texture": "#skin", "uv": [ 16.5, 15.0, 17.0, 16.0 ], "rotation": 90 }
															},
															"children": [
																{
																	"name": "Head",
																	"from": [ -0.1, 0.0, -0.2 ],
																	"to": [ 0.9, 1.0, 0.8 ],
																	"unwrapMode": 6,
																	"unwrapRotation": 1,
																	"uv": [ 13.5, 12.0 ],
																	"rotationOrigin": [ 0.0, 0.7, 0.3 ],
																	"rotationZ": -64.0,
																	"faces": {
																		"north": { "texture": "#skin", "uv": [ 13.5, 13.0, 14.5, 14.0 ], "rotation": 90 },
																		"east": { "texture": "#skin", "uv": [ 14.5, 14.0, 15.5, 15.0 ], "rotation": 180 },
																		"south": { "texture": "#skin", "uv": [ 15.5, 13.0, 16.5, 14.0 ], "rotation": 270 },
																		"west": { "texture": "#skin", "uv": [ 14.5, 12.0, 15.5, 13.0 ] },
																		"up": { "texture": "#skin", "uv": [ 16.5, 13.0, 17.5, 14.0 ], "rotation": 270 },
																		"down": { "texture": "#skin", "uv": [ 14.5, 13.0, 15.5, 14.0 ], "rotation": 90 }
																	},
																	"children": [
																		{
																			"name": "Eye",
																			"from": [ 0.2, 0.1, -0.05 ],
																			"to": [ 0.4, 0.3, 1.05 ],
																			"unwrapMode": 6,
																			"unwrapRotation": 1,
																			"uv": [ 4.0, 20.0 ],
																			"rotationOrigin": [ 0.2, 0.1, -0.05 ],
																			"faces": {
																				"north": { "texture": "#skin", "uv": [ 4.0, 20.5, 4.5, 21.0 ], "rotation": 90 },
																				"east": { "texture": "#skin", "uv": [ 4.5, 21.0, 5.5, 21.5 ], "rotation": 180 },
																				"south": { "texture": "#skin", "uv": [ 5.5, 20.5, 6.0, 21.0 ], "rotation": 270 },
																				"west": { "texture": "#skin", "uv": [ 4.5, 20.0, 5.5, 20.5 ] },
																				"up": { "texture": "#skin", "uv": [ 6.0, 20.5, 7.0, 21.0 ], "rotation": 270 },
																				"down": { "texture": "#skin", "uv": [ 4.5, 20.5, 5.5, 21.0 ], "rotation": 90 }
																			},
																			"children": [
																				{
																					"name": "REyelid",
																					"from": [ 0.0, 0.0, 0.0 ],
																					"to": [ 0.2, 0.2, 0.01 ],
																					"unwrapMode": 2,
																					"unwrapRotation": 1,
																					"uv": [ 11.0, 13.0 ],
																					"faces": {
																						"north": { "texture": "#skin", "uv": [ 11.5, 13.0, 12.0, 13.5 ], "rotation": 90 },
																						"east": { "texture": "#skin", "uv": [ 11.5, 13.5, 12.0, 14.0 ], "rotation": 90 },
																						"west": { "texture": "#skin", "uv": [ 12.5, 13.5, 13.0, 14.0 ], "rotation": 270 },
																						"up": { "texture": "#skin", "uv": [ 11.0, 13.5, 11.5, 14.0 ] },
																						"down": { "texture": "#skin", "uv": [ 12.0, 13.5, 12.5, 14.0 ] }
																					}
																				},
																				{
																					"name": "LEyelid",
																					"from": [ 0.0, 0.0, 0.91 ],
																					"to": [ 0.2, 0.2, 1.01 ],
																					"unwrapMode": 3,
																					"unwrapRotation": 1,
																					"uv": [ 11.0, 9.0 ],
																					"rotationOrigin": [ 0.0, 0.0, 0.91 ],
																					"faces": {
																						"east": { "texture": "#skin", "uv": [ 11.5, 9.0, 12.0, 9.5 ], "rotation": 90 },
																						"south": { "texture": "#skin", "uv": [ 11.5, 9.5, 12.0, 10.0 ], "rotation": 90 },
																						"west": { "texture": "#skin", "uv": [ 11.5, 10.0, 12.0, 10.5 ], "rotation": 90 },
																						"up": { "texture": "#skin", "uv": [ 11.0, 9.5, 11.5, 10.0 ], "rotation": 90 },
																						"down": { "texture": "#skin", "uv": [ 12.0, 9.5, 12.5, 10.0 ], "rotation": 270 }
																					}
																				},
																				{
																					"name": "Pupil",
																					"from": [ 0.05, 0.05, -0.01 ],
																					"to": [ 0.15, 0.15, 1.11 ],
																					"unwrapMode": 6,
																					"unwrapRotation": 1,
																					"uv": [ 0.5, 20.0 ],
																					"rotationOrigin": [ 0.05, 0.05, -0.01 ],
																					"faces": {
																						"north": { "texture": "#skin", "uv": [ 0.5, 20.5, 1.0, 21.0 ], "rotation": 90 },
																						"east": { "texture": "#skin", "uv": [ 1.0, 21.0, 2.0, 21.5 ], "rotation": 180 },
																						"south": { "texture": "#skin", "uv": [ 2.0, 20.5, 2.5, 21.0 ], "rotation": 270 },
																						"west": { "texture": "#skin", "uv": [ 1.0, 20.0, 2.0, 20.5 ] },
																						"up": { "texture": "#skin", "uv": [ 2.5, 20.5, 3.5, 21.0 ], "rotation": 270 },
																						"down": { "texture": "#skin", "uv": [ 1.0, 20.5, 2.0, 21.0 ], "rotation": 90 }
																					}
																				}
																			]
																		},
																		{
																			"name": "Upperbeak",
																			"from": [ 0.2, 0.1, 0.1 ],
																			"to": [ 0.6, 0.3, 0.9 ],
																			"uv": [ 0.0, 0.0 ],
																			"rotationOrigin": [ 0.5, 0.1, 0.1 ],
																			"rotationZ": 98.0,
																			"faces": {
																			},
																			"children": [
																				{
																					"name": "Beak",
																					"from": [ -0.5, 0.0, 0.2 ],
																					"to": [ 0.2, 0.3, 0.6 ],
																					"unwrapMode": 7,
																					"unwrapRotation": 1,
																					"uv": [ 18.5, 16.0 ],
																					"rotationOrigin": [ 0.1, 0.0, 0.2 ],
																					"rotationZ": 6.0,
																					"faces": {
																						"north": { "texture": "#skin", "uv": [ 19.5, 16.5, 20.0, 17.0 ], "rotation": 90 },
																						"south": { "texture": "#skin", "uv": [ 18.5, 16.5, 19.0, 17.0 ], "rotation": 270 },
																						"west": { "texture": "#skin", "uv": [ 19.0, 16.0, 19.5, 16.5 ], "rotation": 180 },
																						"up": { "texture": "#skin", "uv": [ 19.0, 16.5, 19.5, 17.0 ], "rotation": 270 },
																						"down": { "texture": "#skin", "uv": [ 20.0, 16.5, 20.5, 17.0 ], "rotation": 90 }
																					},
																					"children": [
																						{
																							"name": "Beak point",
																							"from": [ -0.2, 0.1, 0.05 ],
																							"to": [ 0.1, 0.3, 0.35 ],
																							"unwrapMode": 7,
																							"unwrapRotation": 1,
																							"uv": [ 18.0, 17.5 ],
																							"rotationOrigin": [ 0.0, 0.3, 0.2 ],
																							"rotationZ": 45.0,
																							"faces": {
																								"north": { "texture": "#skin", "uv": [ 19.0, 18.0, 19.5, 18.5 ], "rotation": 90, "windMode": [-1,-1,-1,-1], "windData": [1,1,1,1] },
																								"south": { "texture": "#skin", "uv": [ 18.0, 18.0, 18.5, 18.5 ], "rotation": 270, "windMode": [-1,-1,-1,-1], "windData": [1,1,1,1] },
																								"west": { "texture": "#skin", "uv": [ 18.5, 17.5, 19.0, 18.0 ], "rotation": 180 },
																								"up": { "texture": "#skin", "uv": [ 18.5, 18.0, 19.0, 18.5 ], "rotation": 270 },
																								"down": { "texture": "#skin", "uv": [ 19.5, 18.0, 20.0, 18.5 ], "rotation": 90 }
																							}
																						}
																					]
																				},
																				{
																					"name": "Nose bridge",
																					"from": [ 0.1, 0.2, 0.2 ],
																					"to": [ 0.4, 0.5, 0.6 ],
																					"unwrapMode": 7,
																					"unwrapRotation": 1,
																					"uv": [ 20.5, 14.5 ],
																					"rotationOrigin": [ 0.1, 0.4, 0.2 ],
																					"rotationZ": -4.0,
																					"faces": {
																						"north": { "texture": "#skin", "uv": [ 21.5, 15.0, 22.0, 15.5 ], "rotation": 90 },
																						"east": { "texture": "#skin", "uv": [ 21.0, 15.5, 21.5, 16.0 ], "windMode": [-1,-1,-1,-1], "windData": [1,1,1,1] },
																						"south": { "texture": "#skin", "uv": [ 20.5, 15.0, 21.0, 15.5 ], "rotation": 270 },
																						"west": { "texture": "#skin", "uv": [ 21.0, 14.5, 21.5, 15.0 ], "rotation": 180, "windMode": [-1,-1,-1,-1], "windData": [1,1,1,1] },
																						"up": { "texture": "#skin", "uv": [ 21.0, 15.0, 21.5, 15.5 ], "rotation": 270, "windMode": [-1,-1,-1,-1], "windData": [1,1,1,1] }
																					}
																				},
																				{
																					"name": "Beak slope",
																					"from": [ -0.5, 0.0, 0.25 ],
																					"to": [ 0.3, 0.3, 0.55 ],
																					"unwrapMode": 7,
																					"unwrapRotation": 1,
																					"uv": [ 20.5, 17.0 ],
																					"rotationOrigin": [ -0.5, 0.3, 0.25 ],
																					"rotationZ": 11.0,
																					"faces": {
																						"north": { "texture": "#skin", "uv": [ 21.5, 17.5, 22.0, 18.0 ], "rotation": 90 },
																						"south": { "texture": "#skin", "uv": [ 20.5, 17.5, 21.0, 18.0 ], "rotation": 270 },
																						"west": { "texture": "#skin", "uv": [ 21.0, 17.0, 21.5, 17.5 ], "rotation": 180, "windMode": [-1,-1,-1,-1], "windData": [1,1,1,1] },
																						"up": { "texture": "#skin", "uv": [ 21.0, 17.5, 21.5, 18.0 ], "rotation": 270 }
																					}
																				},
																				{
																					"name": "Lowerbeak",
																					"from": [ 0.0, -0.3, 0.05 ],
																					"to": [ 0.5, 0.0, 0.75 ],
																					"uv": [ 0.0, 0.0 ],
																					"rotationOrigin": [ 0.5, -0.3, 0.05 ],
																					"rotationZ": -5.0,
																					"faces": {
																					},
																					"children": [
																						{
																							"name": "Lowerbeak slope",
																							"from": [ -0.4, 0.0, 0.15 ],
																							"to": [ 0.3, 0.3, 0.55 ],
																							"unwrapMode": 7,
																							"unwrapRotation": 1,
																							"uv": [ 18.0, 19.0 ],
																							"rotationOrigin": [ 0.1, 0.1, 0.15 ],
																							"rotationZ": 4.0,
																							"faces": {
																								"north": { "texture": "#skin", "uv": [ 19.0, 19.5, 19.5, 20.0 ], "rotation": 90 },
																								"south": { "texture": "#skin", "uv": [ 18.0, 19.5, 18.5, 20.0 ], "rotation": 270 },
																								"west": { "texture": "#skin", "uv": [ 18.5, 19.0, 19.0, 19.5 ], "rotation": 180 },
																								"up": { "texture": "#skin", "uv": [ 18.5, 19.5, 19.0, 20.0 ], "rotation": 270 },
																								"down": { "texture": "#skin", "uv": [ 19.5, 19.5, 20.0, 20.0 ], "rotation": 90 }
																							},
																							"children": [
																								{
																									"name": "Lowerbeak point",
																									"from": [ -0.3, 0.0, 0.1 ],
																									"to": [ 0.0, 0.2, 0.3 ],
																									"unwrapMode": 7,
																									"unwrapRotation": 1,
																									"uv": [ 20.5, 18.5 ],
																									"rotationOrigin": [ 0.0, 0.0, 0.2 ],
																									"rotationZ": -33.0,
																									"faces": {
																										"north": { "texture": "#skin", "uv": [ 21.5, 19.0, 22.0, 19.5 ], "rotation": 90, "windMode": [-1,-1,-1,-1], "windData": [1,1,1,1] },
																										"south": { "texture": "#skin", "uv": [ 20.5, 19.0, 21.0, 19.5 ], "rotation": 270 },
																										"west": { "texture": "#skin", "uv": [ 21.0, 18.5, 21.5, 19.0 ], "rotation": 180 },
																										"up": { "texture": "#skin", "uv": [ 21.0, 19.0, 21.5, 19.5 ], "rotation": 270 },
																										"down": { "texture": "#skin", "uv": [ 22.0, 19.0, 22.5, 19.5 ], "rotation": 90 }
																									}
																								}
																							]
																						},
																						{
																							"name": "Lowerbeak base",
																							"from": [ 0.1, 0.0, 0.05 ],
																							"to": [ 0.7, 0.3, 0.65 ],
																							"unwrapMode": 7,
																							"unwrapRotation": 1,
																							"uv": [ 20.5, 20.0 ],
																							"rotationOrigin": [ 0.4, 0.0, 0.35 ],
																							"rotationY": -45.0,
																							"faces": {
																								"south": { "texture": "#skin", "uv": [ 20.5, 20.5, 21.0, 21.0 ], "rotation": 270, "windMode": [-1,-1,-1,-1], "windData": [1,1,1,1] },
																								"west": { "texture": "#skin", "uv": [ 21.0, 20.0, 21.5, 20.5 ], "rotation": 180, "windMode": [-1,-1,-1,-1], "windData": [1,1,1,1] },
																								"up": { "texture": "#skin", "uv": [ 21.0, 20.5, 21.5, 21.0 ], "rotation": 270 },
																								"down": { "texture": "#skin", "uv": [ 21.5, 20.5, 22.0, 21.0 ], "rotation": 90 }
																							}
																						}
																					]
																				},
																				{
																					"name": "Beak base",
																					"from": [ 0.0, 0.0, 0.1 ],
																					"to": [ 0.5, 0.3, 0.6 ],
																					"unwrapMode": 5,
																					"unwrapRotation": 1,
																					"uv": [ 18.5, 14.5 ],
																					"rotationOrigin": [ 0.3, 0.0, 0.4 ],
																					"rotationY": 45.0,
																					"faces": {
																						"north": { "texture": "#skin", "uv": [ 18.5, 14.5, 19.0, 15.0 ], "rotation": 270, "windMode": [-1,-1,-1,-1], "windData": [1,1,2,1] },
																						"west": { "texture": "#skin", "uv": [ 19.0, 15.0, 19.5, 15.5 ] },
																						"up": { "texture": "#skin", "uv": [ 19.0, 14.5, 19.5, 15.0 ], "rotation": 90 },
																						"down": { "texture": "#skin", "uv": [ 19.5, 14.5, 20.0, 15.0 ], "rotation": 270 }
																					}
																				}
																			]
																		}
																	]
																}
															]
														}
													]
												}
											],
											"attachmentpoints": [
												{
													"code": "rop",
													"posX": "0.0","posY": "0.0","posZ": "0.5",
													"rotationX": "0.0","rotationY": "0.0","rotationZ": "0.0"
												}
											]
										}
									]
								}
							]
						},
						{
							"name": "RWing1",
							"from": [ 0.3, 1.3, -0.5 ],
							"to": [ 0.6, 1.6, 0.5 ],
							"unwrapMode": 2,
							"unwrapRotation": 1,
							"uv": [ 18.5, 21.0 ],
							"rotationOrigin": [ 0.4, 1.4, 0.1 ],
							"rotationX": -86.0,
							"rotationY": -47.0,
							"rotationZ": 80.0,
							"faces": {
								"north": { "texture": "#skin", "uv": [ 19.0, 21.0, 19.5, 21.5 ], "rotation": 90 },
								"east": { "texture": "#skin", "uv": [ 19.0, 21.5, 19.5, 22.5 ], "rotation": 90 },
								"south": { "texture": "#skin", "uv": [ 19.0, 22.5, 19.5, 23.0 ], "rotation": 90 },
								"west": { "texture": "#skin", "uv": [ 20.0, 21.5, 20.5, 22.5 ], "rotation": 270 },
								"up": { "texture": "#skin", "uv": [ 18.5, 21.5, 19.0, 22.5 ] },
								"down": { "texture": "#skin", "uv": [ 19.5, 21.5, 20.0, 22.5 ] }
							},
							"children": [
								{
									"name": "RWing2",
									"from": [ 0.0, 0.0, -0.4 ],
									"to": [ 0.3, 0.3, 0.1 ],
									"unwrapMode": 2,
									"unwrapRotation": 1,
									"uv": [ 16.5, 20.0 ],
									"rotationOrigin": [ 0.0, 0.1, 0.0 ],
									"rotationX": 81.0,
									"rotationZ": 8.0,
									"faces": {
										"north": { "texture": "#skin", "uv": [ 17.0, 20.0, 17.5, 20.5 ], "rotation": 90 },
										"east": { "texture": "#skin", "uv": [ 17.0, 20.5, 17.5, 21.0 ], "rotation": 90 },
										"south": { "texture": "#skin", "uv": [ 17.0, 21.0, 17.5, 21.5 ], "rotation": 90 },
										"west": { "texture": "#skin", "uv": [ 18.0, 20.5, 18.5, 21.0 ], "rotation": 270 },
										"up": { "texture": "#skin", "uv": [ 16.5, 20.5, 17.0, 21.0 ] },
										"down": { "texture": "#skin", "uv": [ 17.5, 20.5, 18.0, 21.0 ] }
									},
									"children": [
										{
											"name": "RWing3",
											"from": [ 0.1, -0.7, -1.3 ],
											"to": [ 0.1, 0.3, 0.2 ],
											"uv": [ 8.0, 21.5 ],
											"rotationOrigin": [ 0.1, 0.3, 0.0 ],
											"rotationX": -73.0,
											"rotationZ": 9.0,
											"faces": {
												"east": { "texture": "#skin", "uv": [ 8.0, 21.5, 9.5, 22.5 ], "windMode": [-1,-1,-1,-1], "windData": [1,1,1,1] }
											}
										},
										{
											"name": "RWing4",
											"from": [ 0.1, -0.7, 0.1 ],
											"to": [ 0.1, 0.3, 1.6 ],
											"uv": [ 10.0, 21.5 ],
											"rotationOrigin": [ 0.1, 0.3, 0.3 ],
											"rotationZ": 5.0,
											"faces": {
												"east": { "texture": "#skin", "uv": [ 10.0, 21.5, 11.5, 22.5 ], "windMode": [-1,-1,-1,-1], "windData": [1,1,1,0] }
											}
										}
									]
								}
							]
						},
						{
							"name": "LWing1",
							"from": [ 0.3, 1.3, 2.5 ],
							"to": [ 0.6, 1.6, 3.5 ],
							"unwrapMode": 2,
							"unwrapRotation": 1,
							"uv": [ 12.0, 21.0 ],
							"rotationOrigin": [ 0.4, 1.4, 2.8 ],
							"rotationX": 86.0,
							"rotationY": 47.0,
							"rotationZ": 80.0,
							"faces": {
								"north": { "texture": "#skin", "uv": [ 12.5, 21.0, 13.0, 21.5 ], "rotation": 90 },
								"east": { "texture": "#skin", "uv": [ 12.5, 21.5, 13.0, 22.5 ], "rotation": 90 },
								"south": { "texture": "#skin", "uv": [ 12.5, 22.5, 13.0, 23.0 ], "rotation": 90 },
								"west": { "texture": "#skin", "uv": [ 13.5, 21.5, 14.0, 22.5 ], "rotation": 270 },
								"up": { "texture": "#skin", "uv": [ 12.0, 21.5, 12.5, 22.5 ] },
								"down": { "texture": "#skin", "uv": [ 13.0, 21.5, 13.5, 22.5 ] }
							},
							"children": [
								{
									"name": "LWing2",
									"from": [ 0.0, 0.0, 0.9 ],
									"to": [ 0.3, 0.3, 1.4 ],
									"unwrapMode": 2,
									"unwrapRotation": 1,
									"uv": [ 14.0, 20.0 ],
									"rotationOrigin": [ 0.0, 0.1, 0.9 ],
									"rotationX": -81.0,
									"rotationZ": 8.0,
									"faces": {
										"north": { "texture": "#skin", "uv": [ 14.5, 20.0, 15.0, 20.5 ], "rotation": 90 },
										"east": { "texture": "#skin", "uv": [ 14.5, 20.5, 15.0, 21.0 ], "rotation": 90 },
										"south": { "texture": "#skin", "uv": [ 14.5, 21.0, 15.0, 21.5 ], "rotation": 90 },
										"west": { "texture": "#skin", "uv": [ 15.5, 20.5, 16.0, 21.0 ], "rotation": 270 },
										"up": { "texture": "#skin", "uv": [ 14.0, 20.5, 14.5, 21.0 ] },
										"down": { "texture": "#skin", "uv": [ 15.0, 20.5, 15.5, 21.0 ] }
									},
									"children": [
										{
											"name": "LWing3",
											"from": [ 0.1, -0.7, 0.4 ],
											"to": [ 0.1, 0.3, 1.9 ],
											"uv": [ 8.0, 20.0 ],
											"rotationOrigin": [ 0.1, 0.3, 0.5 ],
											"rotationX": 73.0,
											"rotationZ": 9.0,
											"faces": {
												"east": { "texture": "#skin", "uv": [ 8.0, 20.0, 9.5, 21.0 ], "windMode": [-1,-1,-1,-1], "windData": [1,1,1,1] }
											}
										},
										{
											"name": "LWing4",
											"from": [ 0.1, -0.7, -1.1 ],
											"to": [ 0.1, 0.3, 0.4 ],
											"uv": [ 10.0, 20.0 ],
											"rotationOrigin": [ 0.1, 0.3, 0.3 ],
											"rotationZ": 5.0,
											"faces": {
												"east": { "texture": "#skin", "uv": [ 10.0, 20.0, 11.5, 21.0 ], "windMode": [-1,-1,-1,-1], "windData": [1,1,1,0] }
											}
										}
									]
								}
							]
						}
					]
				},
				{
					"name": "LThigh",
					"from": [ 0.0, -1.7, 0.65 ],
					"to": [ 1.0, -0.2, 1.65 ],
					"unwrapMode": 3,
					"uv": [ 17.5, 1.0 ],
					"rotationOrigin": [ 0.0, -0.2, 0.65 ],
					"rotationZ": -60.0,
					"faces": {
						"north": { "texture": "#skin", "uv": [ 20.5, 2.0, 21.5, 3.5 ] },
						"east": { "texture": "#skin", "uv": [ 19.5, 2.0, 20.5, 3.5 ] },
						"south": { "texture": "#skin", "uv": [ 18.5, 2.0, 19.5, 3.5 ] },
						"west": { "texture": "#skin", "uv": [ 17.5, 2.0, 18.5, 3.5 ] },
						"up": { "texture": "#skin", "uv": [ 18.5, 1.0, 19.5, 2.0 ] },
						"down": { "texture": "#skin", "uv": [ 18.5, 3.5, 19.5, 4.5 ], "rotation": 180 }
					},
					"children": [
						{
							"name": "LLeg",
							"from": [ 0.0, -2.0, 0.1 ],
							"to": [ 0.9, 0.0, 0.9 ],
							"unwrapMode": 3,
							"uv": [ 18.0, 5.0 ],
							"rotationOrigin": [ 0.0, 0.0, 0.5 ],
							"rotationZ": 55.0,
							"faces": {
								"north": { "texture": "#skin", "uv": [ 19.5, 5.5, 20.0, 7.5 ] },
								"east": { "texture": "#skin", "uv": [ 19.0, 5.5, 19.5, 7.5 ] },
								"south": { "texture": "#skin", "uv": [ 18.5, 5.5, 19.0, 7.5 ] },
								"west": { "texture": "#skin", "uv": [ 18.0, 5.5, 18.5, 7.5 ] },
								"up": { "texture": "#skin", "uv": [ 18.5, 5.0, 19.0, 5.5 ] },
								"down": { "texture": "#skin", "uv": [ 18.5, 7.5, 19.0, 8.0 ], "rotation": 180 }
							},
							"children": [
								{
									"name": "LLowerleg",
									"from": [ 0.3, -2.3, 0.15 ],
									"to": [ 0.9, 0.2, 0.65 ],
									"unwrapMode": 3,
									"uv": [ 18.0, 8.5 ],
									"rotationOrigin": [ 0.8, 0.2, 0.4 ],
									"rotationZ": -55.0,
									"faces": {
										"north": { "texture": "#skin", "uv": [ 19.5, 9.0, 20.0, 11.5 ] },
										"east": { "texture": "#skin", "uv": [ 19.0, 9.0, 19.5, 11.5 ] },
										"south": { "texture": "#skin", "uv": [ 18.5, 9.0, 19.0, 11.5 ] },
										"west": { "texture": "#skin", "uv": [ 18.0, 9.0, 18.5, 11.5 ] },
										"up": { "texture": "#skin", "uv": [ 18.5, 8.5, 19.0, 9.0 ] },
										"down": { "texture": "#skin", "uv": [ 18.5, 11.5, 19.0, 12.0 ], "rotation": 180 }
									},
									"children": [
										{
											"name": "LFoot",
											"from": [ 0.0, 0.0, -0.05 ],
											"to": [ 0.5, 0.4, 0.55 ],
											"unwrapMode": 7,
											"unwrapRotation": 1,
											"uv": [ 20.0, 4.0 ],
											"rotationOrigin": [ 0.5, 0.3, 0.2 ],
											"rotationZ": 55.0,
											"faces": {
												"north": { "texture": "#skin", "uv": [ 21.0, 4.5, 21.5, 5.0 ], "rotation": 90 },
												"east": { "texture": "#skin", "uv": [ 20.5, 5.0, 21.0, 5.5 ] },
												"south": { "texture": "#skin", "uv": [ 20.0, 4.5, 20.5, 5.0 ], "rotation": 270 },
												"west": { "texture": "#skin", "uv": [ 20.5, 4.0, 21.0, 4.5 ], "rotation": 180 },
												"up": { "texture": "#skin", "uv": [ 20.5, 4.5, 21.0, 5.0 ], "rotation": 270 },
												"down": { "texture": "#skin", "uv": [ 21.5, 4.5, 22.0, 5.0 ], "rotation": 90 }
											},
											"children": [
												{
													"name": "LToe 1",
													"from": [ -0.4, 0.0, 0.1 ],
													"to": [ 0.1, 0.3, 0.5 ],
													"unwrapMode": 7,
													"unwrapRotation": 1,
													"uv": [ 20.5, 6.0 ],
													"rotationOrigin": [ 0.0, 0.3, 0.3 ],
													"rotationZ": 37.0,
													"faces": {
														"north": { "texture": "#skin", "uv": [ 21.5, 6.5, 22.0, 7.0 ], "rotation": 90 },
														"east": { "texture": "#skin", "uv": [ 21.0, 7.0, 21.5, 7.5 ] },
														"south": { "texture": "#skin", "uv": [ 20.5, 6.5, 21.0, 7.0 ], "rotation": 270 },
														"west": { "texture": "#skin", "uv": [ 21.0, 6.0, 21.5, 6.5 ], "rotation": 180 },
														"up": { "texture": "#skin", "uv": [ 21.0, 6.5, 21.5, 7.0 ], "rotation": 270 },
														"down": { "texture": "#skin", "uv": [ 22.0, 6.5, 22.5, 7.0 ], "rotation": 90 }
													},
													"children": [
														{
															"name": "LClaw 1",
															"from": [ -0.3, 0.0, 0.1 ],
															"to": [ 0.1, 0.3, 0.3 ],
															"unwrapMode": 7,
															"unwrapRotation": 1,
															"uv": [ 11.0, 11.5 ],
															"rotationOrigin": [ 0.1, 0.3, 0.2 ],
															"rotationZ": 15.0,
															"faces": {
																"north": { "texture": "#skin", "uv": [ 12.0, 12.0, 12.5, 12.5 ], "rotation": 90 },
																"south": { "texture": "#skin", "uv": [ 11.0, 12.0, 11.5, 12.5 ], "rotation": 270 },
																"west": { "texture": "#skin", "uv": [ 11.5, 11.5, 12.0, 12.0 ], "rotation": 180 },
																"up": { "texture": "#skin", "uv": [ 11.5, 12.0, 12.0, 12.5 ], "rotation": 270 },
																"down": { "texture": "#skin", "uv": [ 12.5, 12.0, 13.0, 12.5 ], "rotation": 90 }
															}
														}
													]
												},
												{
													"name": "LToe 2",
													"from": [ -0.1, 0.0, -0.1 ],
													"to": [ 0.3, 0.3, 0.2 ],
													"unwrapMode": 7,
													"unwrapRotation": 1,
													"uv": [ 20.5, 10.0 ],
													"rotationOrigin": [ 0.2, 0.3, 0.1 ],
													"rotationY": -45.0,
													"rotationZ": 41.0,
													"faces": {
														"north": { "texture": "#skin", "uv": [ 21.5, 10.5, 22.0, 11.0 ], "rotation": 90 },
														"east": { "texture": "#skin", "uv": [ 21.0, 11.0, 21.5, 11.5 ] },
														"south": { "texture": "#skin", "uv": [ 20.5, 10.5, 21.0, 11.0 ], "rotation": 270 },
														"west": { "texture": "#skin", "uv": [ 21.0, 10.0, 21.5, 10.5 ], "rotation": 180 },
														"up": { "texture": "#skin", "uv": [ 21.0, 10.5, 21.5, 11.0 ], "rotation": 270 },
														"down": { "texture": "#skin", "uv": [ 22.0, 10.5, 22.5, 11.0 ], "rotation": 90 }
													},
													"children": [
														{
															"name": "LClaw 2",
															"from": [ -0.3, 0.0, 0.05 ],
															"to": [ 0.1, 0.3, 0.25 ],
															"unwrapMode": 7,
															"unwrapRotation": 1,
															"uv": [ 11.0, 11.5 ],
															"rotationOrigin": [ 0.1, 0.3, 0.2 ],
															"rotationZ": 15.0,
															"faces": {
																"north": { "texture": "#skin", "uv": [ 12.0, 12.0, 12.5, 12.5 ], "rotation": 90 },
																"south": { "texture": "#skin", "uv": [ 11.0, 12.0, 11.5, 12.5 ], "rotation": 270 },
																"west": { "texture": "#skin", "uv": [ 11.5, 11.5, 12.0, 12.0 ], "rotation": 180 },
																"up": { "texture": "#skin", "uv": [ 11.5, 12.0, 12.0, 12.5 ], "rotation": 270 },
																"down": { "texture": "#skin", "uv": [ 12.5, 12.0, 13.0, 12.5 ], "rotation": 90 }
															}
														}
													]
												},
												{
													"name": "LToe 3",
													"from": [ -0.2, 0.0, 0.4 ],
													"to": [ 0.3, 0.3, 0.7 ],
													"unwrapMode": 7,
													"unwrapRotation": 1,
													"uv": [ 20.5, 8.0 ],
													"rotationOrigin": [ 0.2, 0.3, 0.6 ],
													"rotationY": 45.0,
													"rotationZ": 41.0,
													"faces": {
														"north": { "texture": "#skin", "uv": [ 21.5, 8.5, 22.0, 9.0 ], "rotation": 90 },
														"east": { "texture": "#skin", "uv": [ 21.0, 9.0, 21.5, 9.5 ] },
														"south": { "texture": "#skin", "uv": [ 20.5, 8.5, 21.0, 9.0 ], "rotation": 270 },
														"west": { "texture": "#skin", "uv": [ 21.0, 8.0, 21.5, 8.5 ], "rotation": 180 },
														"up": { "texture": "#skin", "uv": [ 21.0, 8.5, 21.5, 9.0 ], "rotation": 270 },
														"down": { "texture": "#skin", "uv": [ 22.0, 8.5, 22.5, 9.0 ], "rotation": 90 }
													},
													"children": [
														{
															"name": "LClaw 3",
															"from": [ -0.3, 0.0, 0.05 ],
															"to": [ 0.1, 0.3, 0.25 ],
															"unwrapMode": 7,
															"unwrapRotation": 1,
															"uv": [ 11.0, 11.5 ],
															"rotationOrigin": [ 0.1, 0.3, 0.2 ],
															"rotationZ": 15.0,
															"faces": {
																"north": { "texture": "#skin", "uv": [ 12.0, 12.0, 12.5, 12.5 ], "rotation": 90 },
																"south": { "texture": "#skin", "uv": [ 11.0, 12.0, 11.5, 12.5 ], "rotation": 270 },
																"west": { "texture": "#skin", "uv": [ 11.5, 11.5, 12.0, 12.0 ], "rotation": 180 },
																"up": { "texture": "#skin", "uv": [ 11.5, 12.0, 12.0, 12.5 ], "rotation": 270 },
																"down": { "texture": "#skin", "uv": [ 12.5, 12.0, 13.0, 12.5 ], "rotation": 90 }
															}
														}
													]
												}
											]
										}
									]
								}
							]
						}
					]
				},
				{
					"name": "RThigh",
					"from": [ 0.0, -1.7, -1.65 ],
					"to": [ 1.0, -0.2, -0.65 ],
					"unwrapMode": 1,
					"uv": [ 12.5, 1.0 ],
					"rotationOrigin": [ 0.0, -0.2, -0.65 ],
					"rotationZ": -35.0,
					"faces": {
						"north": { "texture": "#skin", "uv": [ 13.5, 2.0, 14.5, 3.5 ] },
						"east": { "texture": "#skin", "uv": [ 12.5, 2.0, 13.5, 3.5 ] },
						"south": { "texture": "#skin", "uv": [ 15.5, 2.0, 16.5, 3.5 ] },
						"west": { "texture": "#skin", "uv": [ 14.5, 2.0, 15.5, 3.5 ] },
						"up": { "texture": "#skin", "uv": [ 13.5, 1.0, 14.5, 2.0 ], "rotation": 180 },
						"down": { "texture": "#skin", "uv": [ 13.5, 3.5, 14.5, 4.5 ] }
					},
					"children": [
						{
							"name": "RLeg",
							"from": [ 0.0, -2.0, 0.1 ],
							"to": [ 0.9, 0.0, 0.9 ],
							"unwrapMode": 1,
							"uv": [ 13.0, 5.0 ],
							"rotationOrigin": [ 0.0, 0.0, 0.5 ],
							"rotationZ": 55.0,
							"faces": {
								"north": { "texture": "#skin", "uv": [ 13.5, 5.5, 14.0, 7.5 ] },
								"east": { "texture": "#skin", "uv": [ 13.0, 5.5, 13.5, 7.5 ] },
								"south": { "texture": "#skin", "uv": [ 14.5, 5.5, 15.0, 7.5 ] },
								"west": { "texture": "#skin", "uv": [ 14.0, 5.5, 14.5, 7.5 ] },
								"up": { "texture": "#skin", "uv": [ 13.5, 5.0, 14.0, 5.5 ], "rotation": 180 },
								"down": { "texture": "#skin", "uv": [ 13.5, 7.5, 14.0, 8.0 ] }
							},
							"children": [
								{
									"name": "RLowerleg",
									"from": [ 0.3, -2.3, 0.15 ],
									"to": [ 0.9, 0.2, 0.65 ],
									"unwrapMode": 1,
									"uv": [ 13.0, 8.5 ],
									"rotationOrigin": [ 0.8, 0.2, 0.4 ],
									"rotationZ": -30.0,
									"faces": {
										"north": { "texture": "#skin", "uv": [ 13.5, 9.0, 14.0, 11.5 ] },
										"east": { "texture": "#skin", "uv": [ 13.0, 9.0, 13.5, 11.5 ] },
										"south": { "texture": "#skin", "uv": [ 14.5, 9.0, 15.0, 11.5 ] },
										"west": { "texture": "#skin", "uv": [ 14.0, 9.0, 14.5, 11.5 ] },
										"up": { "texture": "#skin", "uv": [ 13.5, 8.5, 14.0, 9.0 ], "rotation": 180 },
										"down": { "texture": "#skin", "uv": [ 13.5, 11.5, 14.0, 12.0 ] }
									},
									"children": [
										{
											"name": "RFoot",
											"from": [ 0.0, -0.1, -0.05 ],
											"to": [ 0.5, 0.3, 0.55 ],
											"unwrapMode": 7,
											"unwrapRotation": 1,
											"uv": [ 15.0, 4.0 ],
											"rotationOrigin": [ 0.5, 0.3, 0.2 ],
											"rotationZ": 19.0,
											"faces": {
												"north": { "texture": "#skin", "uv": [ 16.0, 4.5, 16.5, 5.0 ], "rotation": 90 },
												"east": { "texture": "#skin", "uv": [ 15.5, 5.0, 16.0, 5.5 ] },
												"south": { "texture": "#skin", "uv": [ 15.0, 4.5, 15.5, 5.0 ], "rotation": 270 },
												"west": { "texture": "#skin", "uv": [ 15.5, 4.0, 16.0, 4.5 ], "rotation": 180 },
												"up": { "texture": "#skin", "uv": [ 15.5, 4.5, 16.0, 5.0 ], "rotation": 270 },
												"down": { "texture": "#skin", "uv": [ 16.5, 4.5, 17.0, 5.0 ], "rotation": 90 }
											},
											"children": [
												{
													"name": "RToe 1",
													"from": [ -0.4, 0.0, 0.1 ],
													"to": [ 0.1, 0.3, 0.5 ],
													"unwrapMode": 7,
													"unwrapRotation": 1,
													"uv": [ 15.5, 6.0 ],
													"rotationOrigin": [ 0.0, 0.3, 0.3 ],
													"rotationZ": 1.0,
													"faces": {
														"north": { "texture": "#skin", "uv": [ 16.5, 6.5, 17.0, 7.0 ], "rotation": 90 },
														"east": { "texture": "#skin", "uv": [ 16.0, 7.0, 16.5, 7.5 ] },
														"south": { "texture": "#skin", "uv": [ 15.5, 6.5, 16.0, 7.0 ], "rotation": 270 },
														"west": { "texture": "#skin", "uv": [ 16.0, 6.0, 16.5, 6.5 ], "rotation": 180 },
														"up": { "texture": "#skin", "uv": [ 16.0, 6.5, 16.5, 7.0 ], "rotation": 270 },
														"down": { "texture": "#skin", "uv": [ 17.0, 6.5, 17.5, 7.0 ], "rotation": 90 }
													},
													"children": [
														{
															"name": "RClaw 1",
															"from": [ -0.3, 0.0, 0.1 ],
															"to": [ 0.1, 0.3, 0.3 ],
															"unwrapMode": 7,
															"unwrapRotation": 1,
															"uv": [ 11.0, 11.5 ],
															"rotationOrigin": [ 0.1, 0.3, 0.2 ],
															"rotationZ": 15.0,
															"faces": {
																"north": { "texture": "#skin", "uv": [ 12.0, 12.0, 12.5, 12.5 ], "rotation": 90 },
																"south": { "texture": "#skin", "uv": [ 11.0, 12.0, 11.5, 12.5 ], "rotation": 270 },
																"west": { "texture": "#skin", "uv": [ 11.5, 11.5, 12.0, 12.0 ], "rotation": 180, "windMode": [-1,-1,-1,-1] },
																"up": { "texture": "#skin", "uv": [ 11.5, 12.0, 12.0, 12.5 ], "rotation": 270 },
																"down": { "texture": "#skin", "uv": [ 12.5, 12.0, 13.0, 12.5 ], "rotation": 90 }
															}
														}
													]
												},
												{
													"name": "RToe 2",
													"from": [ -0.1, 0.0, 0.4 ],
													"to": [ 0.3, 0.3, 0.7 ],
													"unwrapMode": 7,
													"unwrapRotation": 1,
													"uv": [ 15.5, 10.0 ],
													"rotationOrigin": [ 0.2, 0.3, 0.6 ],
													"rotationY": 45.0,
													"rotationZ": 1.0,
													"faces": {
														"north": { "texture": "#skin", "uv": [ 16.5, 10.5, 17.0, 11.0 ], "rotation": 90 },
														"east": { "texture": "#skin", "uv": [ 16.0, 11.0, 16.5, 11.5 ] },
														"south": { "texture": "#skin", "uv": [ 15.5, 10.5, 16.0, 11.0 ], "rotation": 270 },
														"west": { "texture": "#skin", "uv": [ 16.0, 10.0, 16.5, 10.5 ], "rotation": 180 },
														"up": { "texture": "#skin", "uv": [ 16.0, 10.5, 16.5, 11.0 ], "rotation": 270 },
														"down": { "texture": "#skin", "uv": [ 17.0, 10.5, 17.5, 11.0 ], "rotation": 90 }
													},
													"children": [
														{
															"name": "RClaw 2",
															"from": [ -0.3, 0.0, 0.05 ],
															"to": [ 0.1, 0.3, 0.25 ],
															"unwrapMode": 7,
															"unwrapRotation": 1,
															"uv": [ 11.0, 11.5 ],
															"rotationOrigin": [ 0.1, 0.3, 0.2 ],
															"rotationZ": 15.0,
															"faces": {
																"north": { "texture": "#skin", "uv": [ 12.0, 12.0, 12.5, 12.5 ], "rotation": 90 },
																"south": { "texture": "#skin", "uv": [ 11.0, 12.0, 11.5, 12.5 ], "rotation": 270 },
																"west": { "texture": "#skin", "uv": [ 11.5, 11.5, 12.0, 12.0 ], "rotation": 180 },
																"up": { "texture": "#skin", "uv": [ 11.5, 12.0, 12.0, 12.5 ], "rotation": 270 },
																"down": { "texture": "#skin", "uv": [ 12.5, 12.0, 13.0, 12.5 ], "rotation": 90 }
															}
														}
													]
												},
												{
													"name": "RToe 3",
													"from": [ -0.2, 0.0, -0.1 ],
													"to": [ 0.3, 0.3, 0.2 ],
													"unwrapMode": 7,
													"unwrapRotation": 1,
													"uv": [ 15.5, 8.0 ],
													"rotationOrigin": [ 0.2, 0.3, 0.1 ],
													"rotationY": -45.0,
													"rotationZ": 1.0,
													"faces": {
														"north": { "texture": "#skin", "uv": [ 16.5, 8.5, 17.0, 9.0 ], "rotation": 90 },
														"east": { "texture": "#skin", "uv": [ 16.0, 9.0, 16.5, 9.5 ] },
														"south": { "texture": "#skin", "uv": [ 15.5, 8.5, 16.0, 9.0 ], "rotation": 270 },
														"west": { "texture": "#skin", "uv": [ 16.0, 8.0, 16.5, 8.5 ], "rotation": 180 },
														"up": { "texture": "#skin", "uv": [ 16.0, 8.5, 16.5, 9.0 ], "rotation": 270 },
														"down": { "texture": "#skin", "uv": [ 17.0, 8.5, 17.5, 9.0 ], "rotation": 90 }
													},
													"children": [
														{
															"name": "RClaw 3",
															"from": [ -0.3, 0.0, 0.05 ],
															"to": [ 0.1, 0.3, 0.25 ],
															"unwrapMode": 7,
															"unwrapRotation": 1,
															"uv": [ 11.0, 11.5 ],
															"rotationOrigin": [ 0.1, 0.3, 0.2 ],
															"rotationZ": 15.0,
															"faces": {
																"north": { "texture": "#skin", "uv": [ 12.0, 12.0, 12.5, 12.5 ], "rotation": 90 },
																"south": { "texture": "#skin", "uv": [ 11.0, 12.0, 11.5, 12.5 ], "rotation": 270 },
																"west": { "texture": "#skin", "uv": [ 11.5, 11.5, 12.0, 12.0 ], "rotation": 180 },
																"up": { "texture": "#skin", "uv": [ 11.5, 12.0, 12.0, 12.5 ], "rotation": 270 },
																"down": { "texture": "#skin", "uv": [ 12.5, 12.0, 13.0, 12.5 ], "rotation": 90 }
															}
														}
													]
												}
											]
										}
									]
								}
							]
						}
					]
				}
			],
			"attachmentpoints": [
				{
					"code": "Center",
					"posX": "0.0","posY": "0.0","posZ": "0.0",
					"rotationX": "0.0","rotationY": "0.0","rotationZ": "0.0"
				}
			]
		}
	]}