[
    {
        "ingredientPattern": "TF,KL",
        "ingredients": {
            "K": { "type": "item", "code": "game:knife-*", "isTool": true },
            "F": { "type": "item", "code": "game:*", "allowedVariants": [ "fat", "resin", "beeswax" ] },
            "L": { "type": "item", "code": "game:leather-normal-*", "quantity": 2, "name": "leathertype" },
            "T": { "type": "item", "code": "game:flaxtwine", "quantity": 2 }
        },
        "width": 2,
        "height": 2,
        "output": { "type": "block", "code": "watercontainer-leather-{leathertype}" }
    },
    {
        "ingredientPattern": "TF,LK",
        "ingredients": {
            "K": { "type": "item", "code": "game:knife-*", "isTool": true },
            "F": { "type": "item", "code": "game:*", "allowedVariants": [ "fat", "resin", "beeswax" ] },
            "L": { "type": "item", "code": "game:leather-normal-*", "quantity": 2, "name": "leathertype" },
            "T": { "type": "item", "code": "game:flaxtwine", "quantity": 2 }
        },
        "width": 2,
        "height": 2,
        "output": { "type": "block", "code": "watercontainer-leather-{leathertype}" }
    },
    {
        "ingredientPattern": "TF,KB",
        "ingredients": {
            "K": { "type": "item", "code": "game:knife-*", "isTool": true },
            "F": { "type": "item", "code": "game:*", "allowedVariants": [ "fat", "resin", "beeswax" ] },
            "B": { "type": "item", "code": "game:bamboostakes", "quantity": 2 },
            "T": { "type": "item", "code": "game:flaxtwine", "quantity": 2 }
        },
        "width": 2,
        "height": 2,
        "output": { "type": "block", "code": "watercontainer-bamboo-yellow" }
    },
	{
        "ingredientPattern": "TF,BK",
        "ingredients": {
            "K": { "type": "item", "code": "game:knife-*", "isTool": true },
            "F": { "type": "item", "code": "game:*", "allowedVariants": [ "fat", "resin", "beeswax" ] },
            "B": { "type": "item", "code": "game:bamboostakes", "quantity": 2 },
            "T": { "type": "item", "code": "game:flaxtwine", "quantity": 2 }
        },
        "width": 2,
        "height": 2,
        "output": { "type": "block", "code": "watercontainer-bamboo-green" }
    },
	
    {
        "ingredientPattern": "TF,BK",
        "ingredients": {
            "K": { "type": "item", "code": "game:knife-*", "isTool": true },
            "F": { "type": "item", "code": "game:*", "allowedVariants": [ "fat", "resin", "beeswax" ] },
            "B": { "type": "block", "code": "game:log-placed-birch-ud", "quantity": 2 },
            "T": { "type": "item", "code": "game:flaxtwine", "quantity": 2 }
        },
        "width": 2,
        "height": 2,
        "output": { "type": "block", "code": "watercontainer-wood-birch" }
    },
	{
        "ingredientPattern": "TF,KB",
        "ingredients": {
            "K": { "type": "item", "code": "game:knife-*", "isTool": true },
            "F": { "type": "item", "code": "game:*", "allowedVariants": [ "fat", "resin", "beeswax" ] },
            "B": { "type": "block", "code": "game:log-placed-birch-ud", "quantity": 2 },
            "T": { "type": "item", "code": "game:flaxtwine", "quantity": 2 }
        },
        "width": 2,
        "height": 2,
        "output": { "type": "block", "code": "watercontainer-wood-birch" }
    }
	
]