[
  { "file": "game:itemtypes/food/vegetable.json",
    "op": "addmerge",
    "path": "/storageFlags",
    "value": 33
  },
  { "file": "game:itemtypes/food/berry.json",
    "op": "addmerge",
    "path": "/storageFlags",
    "value": 33 
  },
  { "file": "game:itemtypes/food/fruit.json",
    "op": "addmerge",
    "path": "/storageFlags",
    "value": 33 
  },
  { "file": "game:blocktypes/plant/mushroom.json",
    "op": "addmerge",
    "path": "/storageFlags",
    "value": 33
  },
  { "file": "game:blocktypes/plant/mushroom-side.json",
    "op": "addmerge",
    "path": "/storageFlags",
    "value": 33
  },
  { "file": "game:itemtypes/resource/seeds.json",
    "op": "addmerge",
    "path": "/storageFlags",
    "value": 33  
  }
]
