{
  "code": "flaxbundle",
  "variantgroups": [
    {
      "code": "type",
      "states": [ "unprocessed", "rippled", "retted", "dried", "broken" ]
    }
  ],
  "shapeByType": {
    "flaxbundle-unprocessed": { "base": "item/resource/flax/unprocessed" },
    "flaxbundle-rippled": { "base": "item/resource/flax/rippled" },
    "flaxbundle-retted": { "base": "item/resource/flax/rippled" },
    "flaxbundle-dried": { "base": "item/resource/flax/rippled" },
    "flaxbundle-broken": { "base": "item/resource/flax/broken" }
  },
  "texturesByType": {
    "flaxbundle-*": {
      "flaxbundle": { "base": "item/resource/flax/{type}" },
      "string": { "base": "game:item/tool/material/string" }
    }
  },
  "creativeinventory": {
    "general": [ "*" ],
    "items": [ "*" ]
  },
  "behaviors": [
    {
      "name": "GroundStorable",
      "properties": {
        "layout": "Quadrants",
        "collisionBox": {
          "x1": 0,
          "y1": 0,
          "z1": 0,
          "x2": 1,
          "y2": 0.125,
          "z2": 1
        }
      }
    }
  ],
  "attributes": {
    "handbook": {
      "groupBy": ["flaxbundle-*"],
      "extraSections": [
        {
          "title": "ageofflax:item-handbooktitle-flaxbundle-{type}",
          "text": "ageofflax:item-handbooktext-flaxbundle-{type}"
        }
      ]
    },
    "displaycaseable": true,
    "shelvable": true,
    "onDisplayTransform": {
      "rotation": {
        "x": 0,
        "y": -90,
        "z": 0
      },
      "origin": {
        "x": 0.5,
        "y": 0,
        "z": 0.5
      },
      "scale": 0.55
    },
    "groundStorageTransform": {
      "rotation": {
        "x": 0,
        "y": 60,
        "z": 0
      },
      "origin": {
        "x": 0.5,
        "y": 0,
        "z": 0.5
      }
    }
  },
  "maxstacksize": 64,
  "materialDensity": 160,
  "transitionablePropsByType": {
    "flaxbundle-retted": [
      {
        "type": "Dry",
        "freshHours": { "avg": 0 },
        "transitionHours": { "avg": 48 },
        "transitionedStack": {
          "type": "item",
          "code": "flaxbundle-dried"
        },
        "transitionRatio": 1
      } 
    ]
  },
  "guiTransform": {
    "translation": {
      "x": 2,
      "y": 2,
      "z": 0
    },
    "rotation": {
      "x": -56,
      "y": -41,
      "z": -180
    },
    "origin": {
      "x": 0.5,
      "y": 0,
      "z": 0.5
    },
    "scale": 2
  },
  "tpHandTransform": {
    "translation": {
      "x": -1,
      "y": -0,
      "z": -0.8
    },
    "rotation": {
      "x": -8,
      "y": -117,
      "z": 3
    },
    "origin": {
      "x": 0.5,
      "y": 0,
      "z": 0.5
    },
    "scale": 0.68
  },
  "groundTransform": {
    "translation": {
      "x": 0,
      "y": 0,
      "z": 0
    },
    "rotation": {
      "x": 0,
      "y": 0,
      "z": 0
    },
    "origin": {
      "x": 0.5,
      "y": 0,
      "z": 0.5
    },
    "scale": 4.5
  }
}