﻿[
  {
    "side": "Server",
    "file": "game:entities/animal/mammal/hooved/pig-adult",
    "op": "add",
    "path": "/client/behaviors/-",
    "value": {
      "code": "CombatOverhaul:ShowStatsBehavior",
      "entriesByType": {
        "*-male": [["Vulnerable to {0} damage", "Piercing"], ["Attacks:<br/>  {0} ({1} tier) of {2} damage", "4", "1", "Blunt"]],
        "*-female": [["Vulnerable to {0} damage", "Piercing"], ["Attacks:<br/>  {0} ({1} tier) of {2} damage", "4", "1", "Blunt"]],
        "*": []
      }
    }
  },
  {
    "side": "Server",
    "file": "game:entities/animal/mammal/hooved/pig-adult",
    "op": "add",
    "path": "/client/behaviors/-",
    "value": {
      "code": "CombatOverhaul:EntityColliders",
      "elements": {
        "Torso": ["body", "L back leg", "R back leg"],
        "Head": ["neck", "head", "cheeks"],
        "Arm": ["R front feet", "L front feet"],
        "Leg": ["L back feet", "R back feet"],
        "Critical": [],
        "Resistant": []
      }
    }
  },
  {
    "side": "Server",
    "file": "game:entities/animal/mammal/hooved/pig-adult",
    "op": "add",
    "path": "/server/behaviors/-",
    "value": {
      "code": "CombatOverhaul:EntityColliders",
      "elements": {
        "Torso": ["body", "L back leg", "R back leg"],
        "Head": ["neck", "head", "cheeks"],
        "Arm": ["R front feet", "L front feet"],
        "Leg": ["L back feet", "R back feet"],
        "Critical": [],
        "Resistant": []
      }
    }
  },
  {
    "side": "Server",
    "file": "game:entities/animal/mammal/hooved/pig-baby",
    "op": "add",
    "path": "/client/behaviors/-",
    "value": {
      "code": "CombatOverhaul:EntityColliders",
      "elements": {"Torso": ["body"], "Head": ["head", "nose"], "Arm": ["R front feet", "L front feet"], "Leg": ["L back feet", "R back feet"], "Critical": [], "Resistant": []}
    }
  },
  {
    "side": "Server",
    "file": "game:entities/animal/mammal/hooved/pig-baby",
    "op": "add",
    "path": "/server/behaviors/-",
    "value": {
      "code": "CombatOverhaul:EntityColliders",
      "elements": {"Torso": ["body"], "Head": ["head", "nose"], "Arm": ["R front feet", "L front feet"], "Leg": ["L back feet", "R back feet"], "Critical": [], "Resistant": []}
    }
  },
  {
    "side": "Server",
    "file": "game:entities/animal/mammal/hooved/pig-adult",
    "op": "add",
    "path": "/server/behaviors/-",
    "value": {
      "code": "CombatOverhaul:EntityDamageModel",
      "damageModel": {
        "TorsoDamageMultiplier": 1,
        "LimbsDamageMultiplier": 0.75,
        "HeadDamageMultiplier": 1.5,
        "CriticalDamageMultiplier": 4,
        "DefaultResists": {"BluntAttack": 4, "SlashingAttack": 2, "PiercingAttack": 1}
      }
    }
  },
  {
    "side": "Server",
    "file": "game:entities/animal/mammal/hooved/pig-adult",
    "op": "add",
    "path": "/client/behaviors/-",
    "value": {
      "code": "CombatOverhaul:EntityDamageModel",
      "damageModel": {
        "TorsoDamageMultiplier": 1,
        "LimbsDamageMultiplier": 0.75,
        "HeadDamageMultiplier": 1.5,
        "CriticalDamageMultiplier": 4,
        "DefaultResists": {"BluntAttack": 4, "SlashingAttack": 2, "PiercingAttack": 1}
      }
    }
  },
  {
    "side": "Server",
    "file": "game:entities/animal/mammal/hooved/pig-baby",
    "op": "add",
    "path": "/server/behaviors/-",
    "value": {
      "code": "CombatOverhaul:EntityDamageModel",
      "damageModel": {
        "TorsoDamageMultiplier": 1,
        "LimbsDamageMultiplier": 1,
        "HeadDamageMultiplier": 1.5,
        "CriticalDamageMultiplier": 4,
        "DefaultResists": {"BluntAttack": 0, "SlashingAttack": 0, "PiercingAttack": 0}
      }
    }
  },
  {
    "side": "Server",
    "file": "game:entities/animal/mammal/hooved/pig-baby",
    "op": "add",
    "path": "/client/behaviors/-",
    "value": {
      "code": "CombatOverhaul:EntityDamageModel",
      "damageModel": {
        "TorsoDamageMultiplier": 1,
        "LimbsDamageMultiplier": 1,
        "HeadDamageMultiplier": 1.5,
        "CriticalDamageMultiplier": 4,
        "DefaultResists": {"BluntAttack": 0, "SlashingAttack": 0, "PiercingAttack": 0}
      }
    }
  },
  {"side": "Server", "file": "game:entities/animal/mammal/hooved/pig-adult", "op": "add", "path": "/server/behaviors/10/aitasks/0/damageType", "value": "BluntAttack"},
  {"side": "Server", "file": "game:entities/animal/mammal/hooved/pig-adult", "op": "replace", "path": "/server/behaviors/10/aitasks/0/damageTier", "value": 1},
  {
    "side": "Server",
    "file": "game:entities/animal/mammal/hooved/pig-adult",
    "op": "replace",
    "path": "/server/behaviors/10/aitasks/0/damageByType",
    "value": {"*-female": 4, "*": 4}
  }
]