{
	"editor": {
		"collapsedPaths": "Root/Origin/Stalka2,Root/Origin/Stalka1,Root/Origin/Rotation point3,Root/Origin/Rotation point2,Root/Origin/Rotation point",
		"allAngles": false,
		"entityTextureMode": false
	},
	"textureWidth": 4,
	"textureHeight": 16,
	"textureSizes": {
	},
	"textures": {
	},
	"elements": [
		{
			"name": "pine",
			"from": [ 6.0, 0.0, 6.0 ],
			"to": [ 10.0, 16.0, 10.0 ],
			"faces": {
				"north": { "texture": "#bark", "uv": [ 0.0, 0.0, 4.0, 16.0 ], "autoUv": false, "windMode": [-1,-1,-1,-1], "windData": [0,1,1,0] },
				"east": { "texture": "#bark", "uv": [ 0.0, 0.0, 4.0, 16.0 ], "autoUv": false, "windMode": [-1,-1,-1,-1], "windData": [0,1,1,0] },
				"south": { "texture": "#bark", "uv": [ 0.0, 0.0, 4.0, 16.0 ], "autoUv": false, "windMode": [-1,-1,-1,-1], "windData": [0,0,1,1] },
				"west": { "texture": "#bark", "uv": [ 0.0, 0.0, 4.0, 16.0 ], "autoUv": false, "windMode": [-1,-1,-1,-1], "windData": [0,0,1,1] },
				"up": { "texture": "#bark", "uv": [ 0.0, 0.0, 4.0, 4.0 ], "autoUv": false, "windMode": [-1,-1,-1,-1], "windData": [1,1,1,1] },
				"down": { "texture": "#bark", "uv": [ 0.0, 0.0, 4.0, 4.0 ], "autoUv": false, "windMode": [-1,-1,-1,-1] }
			}
		}
	]}