[
  {
    "ingredient": {"type": "item", "code": "game:ingot-*", "name": "metal", "allowedVariants": ["copper", "tinbronze", "bismuthbronze", "blackbronze", "iron", "meteoriciron", "steel", "gold", "silver"]},
    "name": "armor",
    "pattern": [[
      "________________",
      "__##________##__",
      "__##________##__",
      "__###______###__",
      "__############__",
      "__############__",
      "__############__",
      "__############__",
      "__############__",
      "__############__",
      "__############__",
      "__############__",
      "__############__",
      "__############__",
      "__############__",
      "________________"
    ]],
    "output": {"type": "item", "code": "armory:part-breastplate-{metal}"}
  },
  {
    "ingredient": {"type": "item", "code": "game:ingot-*", "name": "metal", "allowedVariants": ["copper", "tinbronze", "bismuthbronze", "blackbronze", "iron", "meteoriciron", "steel", "gold", "silver"]},
    "name": "armor",
    "pattern": [[
      "__###########_",
      "__###########_",
      "__###########_",
      "__###########_",
      "__###########_"
    ],[
      "__###########_",
      "______________",
      "______________",
      "______________",
      "__###########_"
    ]],
    "output": {"type": "item", "code": "armory:part-smallarmorplate-{metal}"}
  },
  {
    "ingredient": {"type": "item", "code": "game:ingot-*", "name": "metal", "allowedVariants": ["copper", "tinbronze", "bismuthbronze", "blackbronze", "iron", "meteoriciron", "steel", "gold", "silver"]},
    "name": "armor",
     "pattern": [[
      "___########___",
      "__##########__",
      "__##########__",
      "__##########__",
      "__##########__",
      "__##########__",
      "__##########__",
      "__##########__",
      "__##########__",
      "___########___"
    ],[
      "___########___",
      "__#________#__",
      "__#________#__",
      "__#________#__",
      "__#________#__",
      "__#________#__",
      "__#________#__",
      "__#________#__",
      "__#________#__",
      "___########___"
    ],[
      "___########___",
      "__#________#__",
      "__#________#__",
      "__#________#__",
      "__#________#__",
      "__#________#__",
      "__#________#__",
      "__#________#__",
      "__#________#__",
      "______________"
    ]],
    "output": {"type": "item", "code": "armory:armor-head-plate-{metal}-open"}
  },
  {
    "ingredient": {"type": "item", "code": "game:ingot-*", "name": "metal", "allowedVariants": ["copper", "tinbronze", "bismuthbronze", "blackbronze", "iron", "meteoriciron", "steel"]},
    "name": "armor",
    "pattern": [[
      "___########___",
      "__##########__",
      "__##########__",
      "__##########__",
      "__##########__",
      "__##########__",
      "__##########__",
      "__##########__",
      "__##########__",
      "___########___"
    ],[
      "___########___",
      "__#________#__",
      "__#________#__",
      "__#________#__",
      "__#________#__",
      "__#________#__",
      "__#________#__",
      "__#________#__",
      "__#________#__",
      "___########___"
    ],[
      "___########___",
      "__#________#__",
      "__#________#__",
      "__#________#__",
      "__#________#__",
      "__#________#__",
      "__#________#__",
      "__#________#__",
      "__#________#__",
      "______________"
    ]],
    "output": {"type": "item", "code": "armory:armor-head-plate-{metal}-light"}
  },
  {
    "ingredient": {"type": "item", "code": "game:ingot-*", "name": "metal", "allowedVariants": ["copper", "tinbronze", "bismuthbronze", "blackbronze", "iron", "meteoriciron", "steel", "gold", "silver"]},
    "name": "armor",
    "pattern": [[
      "__##########__",
      "__##########__",
      "__##########__",
      "__##########__",
      "__##########__",
      "__##########__",
      "__##########__",
      "__##########__",
      "__##########__",
      "__##########__"
    ],[
      "__##########__",
      "__#________#__",
      "__#________#__",
      "__#________#__",
      "__#________#__",
      "__#________#__",
      "__#________#__",
      "__#________#__",
      "__#________#__",
      "__##########__"
    ],[
      "__##########__",
      "__#________#__",
      "__#________#__",
      "__#________#__",
      "__#________#__",
      "__#________#__",
      "__#________#__",
      "__#________#__",
      "__#________#__",
      "__##__##__##__"
    ]],
    "output": {"type": "item", "code": "game:armor-head-plate-{metal}"}
  }
]