[
    {
        file: "game:entities/animal/mammal/bear-adult.json",
        op: "add",
        path: "/attributes/adultWeightKgByType",
        value: {
            "bear-black-*": 95.8,
            "bear-brown-*": 236.25,
            "bear-sun-*": 45,
            "bear-panda-*": 107.5,
            "bear-polar-*": 387.5,
        },
        side: "server"
    },
    {
        file: "game:entities/animal/mammal/bear-adult.json",
        op: "add",
        path: "/attributes/weightDimorphismByType",
        value: {
            "bear-black-*": 0.25,
            "bear-brown-*": 0.14,
            "bear-sun-*": 0.05,
            "bear-panda-*": 0.07,
            "bear-polar-*": 0.4,
        },
        side: "server"
    },
    {
        file: "game:entities/animal/mammal/bear-adult.json",
        op: "add",
        path: "/client/behaviors/-",
        value: { code: "agegradually" },
        side: "server"
    },
    {
        file: "game:entities/animal/mammal/bear-adult.json",
        op: "add",
        path: "/server/behaviors/-",
        value: {
            code: "agegradually",
            "_comment": "40% of adult weight at one year old, stays with mother about 2.5 years. Here is years 2.5-5.",
            startAgeMonths: 30,
            monthsToGrow: 30.0,
            initialWeight: 0.7,
            finalWeight: 1.0,
            portionsEatenForTaming: 18,
            maxTameness: 0.5,
        },
        side: "server"
    },
    {
        file: "game:entities/animal/mammal/bear-adult.json",
        op: "replace",
        path: "/server/behaviors/6/drops/0/quantityByType",
        value: {
            "bear-black-*": { avg: 18, var: 1 },
            "bear-brown-*": { avg: 44, var: 3 },
            "bear-sun-*": { avg: 8.3, var: 0.5 },
            "bear-panda-*": { avg: 20, var: 1 },
            "bear-polar-*": { avg: 73, var: 5 },
        },
        side: "server"
    },
    {
        file: "game:entities/animal/mammal/bear-adult.json",
        op: "replace",
        path: "/server/behaviors/6/drops/2/quantityByType",
        value: {
            "bear-black-*": { avg: 5.3, var: 0.1 },
            "bear-brown-*": { avg: 13, var: 0.2 },
            "bear-sun-*": { avg: 2.5, var: 0.1 },
            "bear-panda-*": { avg: 6, var: 0.1 },
            "bear-polar-*": { avg: 22, var: 0.3 },
        },
        side: "server"
    },



    {
        file: "game:entities/animal/mammal/bear-adult.json",
        op: "add",
        path: "/attributes/creatureDiet",
        value: {
            foodCategories: ["Protein", "Dairy", "Fruit", "Grain", "Vegetable"],
            foodTagsByType: {
                "bear-panda-*": ["meat", "egg", "vegetable", "lootableSweet", "sweetBerryBush", "acorn", "foliage", "grass"],
                "*": ["meat", "egg", "vegetable", "lootableSweet", "sweetBerryBush", "acorn"],
            },
        },
        side: "server"
    },
    {
        file: "game:entities/animal/mammal/bear-adult.json",
        op: "addmerge",
        path: "/behaviorConfigs",
        value: { },
        side: "server"
    },
    {
        file: "game:entities/animal/mammal/bear-adult.json",
        op: "addmerge",
        path: "/behaviorConfigs/animalhunger",
        value: { 
            monthsUntilWeaned: 10,
            fiberByType: { "bear-polar-*": 0.02, "bear-panda-*": 0.6, "*": 0.18 },
            sugarByType: { "bear-polar-*": 0.03, "bear-panda-*": 0.12, "bear-sun-*": 0.3, "*": 0.18 },
            fatByType: { "bear-polar-*": 0.3, "bear-panda-*": 0.05, "bear-sun-*": 0.1, "*": 0.17 },
            starchByType: { "bear-polar-*": 0.03, "bear-panda-*": 0.08, "*": 0.15 },
            proteinByType: { "bear-polar-*": 0.6, "bear-panda-*": 0.13, "*": 0.3 },
            water: 1.0,
            minerals: 0.02,
            mineralsMax: 0.1,
            avoidFoodTags: [ "sour" ],
            specialties: [ "bone" ],
            fiberDigestionByType: {
                "bear-panda-*": 0.4,
                "*": 0.1
            },
            grazeMethods: ["nibblegraze", "root"],
            daysUntilHungry: 4,
            eatFromInventoryTask: {
                "_comment": "Bears are not small, but animal-eat sounds like getting hay out of a trough",
                useSound: "creature/animal-eat-small",
                priority: 1.36,
                animation: "eat",
            },
        },
        side: "server"
    },
    {
        file: "game:entities/animal/mammal/bear-adult.json",
        op: "add",
        path: "/server/behaviors/9/aitasks/-",
        value: {
            code: "forage",
            nurseFromEntities: "game:bear-female-{type}",
            mincooldownHours: 0.0,
            maxcooldownHours: 0.05,
            priority: 1.35,
            eatAnimation: "eat",
            animationSpeedByType: {
                "bear-sun-*": 1.1,
                "bear-black-*": 0.8,
                "bear-brown-*": 0.9,
                "bear-panda-*": 1,
                "bear-polar-*": 0.8,
            },
            movespeedByType: {
                "bear-sun-*": 0.01,
                "bear-black-*": 0.015,
                "bear-polar-*": 0.019,
                "bear-brown-*": 0.02,
                "bear-panda-*": 0.015,
            },
        },
        side: "server"
    },
]
