[
    {
        file: "game:entities/animal/mammal/hooved/deer-baby.json",
        op: "addmerge",
        path: "/behaviorConfigs",
        value: { },
        side: "server"
    },
    {
        file: "game:entities/animal/mammal/hooved/deer-baby.json",
        op: "add",
        path: "/behaviorConfigs/agegradually",
        value: {
            portionsEatenForTaming: 12, 
            maxTamenessByType: {
                "*-elk-*": 1.0,
                "*": 0.8,
            },
            monthsToGrow: 12.0,
            initialWeightByType: {
                "*-elk-*": 0.05,
                "*-whitetailed-*": 0.1,
                "*": 0.08,
            },
            finalWeight: 0.7,
            adultEntityCodes: ["game:deer-{type}-adult-{gender}"],
            tameAdultEntityCodesByType: { "deer-elk-*": ["game:semitameddeer-{type}-{gender}-adult"]},
        },
        side: "server"
    },
    {
        file: "game:entities/animal/mammal/hooved/deer-baby.json",
        op: "replace",
        path: "/server/behaviors/9",
        value: { code: "agegradually" },
        side: "server"
    },
    {
        file: "game:entities/animal/mammal/hooved/deer-baby.json",
        op: "add",
        path: "/client/behaviors/-",
        value: { code: "agegradually" },
        side: "server"
    },

    {
        file: "game:entities/animal/mammal/hooved/deer-baby.json",
        op: "replace",
        path: "/server/behaviors/7/drops/0/quantityByType",
        value: {
            "deer-caribou-*": { avg: 25, var: 0 },
            "deer-chital-*": { avg: 12, var: 0 },
            "deer-elk-*": { avg: 53, var: 0 },
            "deer-fallow-*": { avg: 11, var: 0 },
            "deer-guemal-*": { avg: 13, var: 0 },
            "deer-marsh-*": { avg: 18, var: 0 },
            "deer-pampas-*": { avg: 5.1, var: 0 },
            "deer-pudu-*": { avg: 1.8, var: 0 },
            "deer-redbrocket-*": { avg: 4.2, var: 0 },
            "deer-taruca-*": { avg: 11, var: 0 },
            "deer-water-*": { avg: 3.8, var: 0 },
            "deer-whitetail-*": { avg: 11, var: 0 },
        },
        side: "server"
    },
    {
        file: "game:entities/animal/mammal/hooved/deer-baby.json",
        op: "replace",
        path: "/server/behaviors/7/drops/1/quantity/avgByType",
        value: {
            "deer-chital-*": 4,
            "deer-fallow-*": 3.8,
            "deer-guemal-*": 4.3,
            "deer-pampas-*": 2.2,
            "deer-redbrocket-*": 2,
            "deer-taruca-*": 3.6,
            "deer-water-*": 1.8,
            "deer-whitetail-*": 3.7,
            "*": 0,
        },
        side: "server"
    },
    {
        file: "game:entities/animal/mammal/hooved/deer-baby.json",
        op: "add",
        path: "/server/behaviors/7/drops/-",
        value: {
			type: "item",
			code: "hide-raw-large",
			quantity: {
				var: 0,
				avgByType: {
                    "deer-elk-baby-*": 5.4,
                    "*": 0,
				}
			}
		},
        side: "server"
    },
    {
        file: "game:entities/animal/mammal/hooved/deer-baby.json",
        op: "add",
        path: "/server/behaviors/7/drops/-",
        value: {
			type: "item",
			code: "hide-raw-medium",
			quantity: {
				var: 0,
				avgByType: {
                    "deer-caribou-*": 6.5,
                    "deer-marsh-*": 5.2,
                    "*": 0,
				}
			}
		},
        side: "server"
    },
    {
        file: "game:entities/animal/mammal/hooved/deer-baby.json",
        op: "add",
        path: "/server/behaviors/7/drops/-",
        value: {
			type: "item",
			code: "fat",
			quantity: {
				var: 0,
				avgByType: {
                    "deer-caribou-*": 4.2,
                    "deer-chital-*": 2,
                    "deer-elk-*": 8.9,
                    "deer-fallow-*": 1.9,
                    "deer-guemal-*": 2.3,
                    "deer-marsh-*": 3,
                    "deer-pampas-*": 0.9,
                    "deer-pudu-*": 0.2,
                    "deer-redbrocket-*": 0.7,
                    "deer-taruca-*": 1.7,
                    "deer-water-*": 0.6,
                    "deer-whitetail-*": 1.8,
				}
			}
		},
        side: "server"
    },
    {
        file: "game:entities/animal/mammal/hooved/deer-baby.json",
        op: "add",
        path: "/attributes/adultWeightKgByType",
        value: {
            "deer-caribou-*": 135,
            "deer-chital-*": 65,
            "deer-elk-*": 285,
            "deer-fallow-*": 60,
            "deer-guemal-*": 72.5,
            "deer-marsh-*": 95,
            "deer-pampas-*": 27.25,
            "deer-pudu-*": 7.25,
            "deer-redbrocket-*": 22.25,
            "deer-taruca-*": 55,
            "deer-water-*": 20,
            "deer-whitetail-*": 56.5,
        },
        side: "server"
    },
    {
        file: "game:entities/animal/mammal/hooved/deer-baby.json",
        op: "add",
        path: "/attributes/weightDimorphismByType",
        value: {
            "deer-caribou-*": 0.12,
            "deer-chital-*": 0.23,
            "deer-elk-*": 0.19,
            "deer-fallow-*": 0.33,
            "deer-guemal-*": 0.1,
            "deer-marsh-*": 0.05,
            "deer-pampas-*": 0.06,
            "deer-pudu-*": 0.05,
            "deer-redbrocket-*": 0.06,
            "deer-taruca-*": 0.09,
            "deer-water-*": 0.05,
            "deer-whitetail-*": 0.02,
        },
        side: "server"
    },
    {
        file: "game:entities/animal/mammal/hooved/deer-baby.json",
        op: "add",
        path: "/client/sizeByType",
        value: {
            "deer-caribou-*": 1.7,
            "deer-chital-*": 1.5,
            "deer-elk-*": 2,
            "deer-fallow-*": 1.5,
            "deer-guemal-*": 2.2,
            "deer-marsh-*": 1.7,
            "deer-pampas-*": 1.3,
            "deer-pudu-*": 1.2,
            "deer-redbrocket-*": 1.3,
            "deer-taruca-*": 1.8,
            "deer-water-*": 1.3,
            "deer-whitetail-*": 1.7,
        },
        side: "server"
    },


    {
        file: "game:entities/animal/mammal/hooved/deer-baby.json",
        op: "add",
        path: "/attributes/creatureDiet/foodCategories/-",
        value: "Fruit",
        side: "server"
    },
    {
        file: "game:entities/animal/mammal/hooved/deer-baby.json",
        op: "addeach",
        path: "/attributes/creatureDiet/weightedFoodTags/-",
        value: [{ weight:0.6, code:"foliage"}, { weight:0.4, code:"hay"}, { weight:0.3, code:"toughstem"}, { weight:0.2, code:"acorn"}, { weight:0.3, code:"soybean"}],
        side: "server"
    },
    {
        file: "game:entities/animal/mammal/hooved/deer-baby.json",
        op: "replace",
        path: "/attributes/creatureDiet/skipFoodTags",
        value: [ "riceCrop", "parsnipCrop", "onion", "cassava" ],
        side: "server"
    },
    {
        file: "game:entities/animal/mammal/hooved/deer-baby.json",
        op: "addmerge",
        path: "/behaviorConfigs/animalhunger",
        value: {
            monthsUntilWeaned: 4,
            fiber: 0.5,
            sugar: 0.15,
            fat: 0.04,
            fatMax: 0.2,
            starch: 0.15,
            protein: 0.14,
            water: 1.0,
            minerals: 0.02,
            mineralsMax: 0.1,
            avoidFoodTags: [ "sour" ],
            specialties: [ "toughplant" ],
            fiberDigestion: 1.0,
            grazeMethods: ["nibblegraze"],
            eatRateByType: {
                "deer-pudu-*": 0.16,
            },
        },
        side: "server"
    },
    {
        file: "game:entities/animal/mammal/hooved/deer-baby.json",
        op: "replace",
        path: "/server/behaviors/11/aitasks/11/code",
        value: "forage",
        side: "server"
    },
    {
        file: "game:entities/animal/mammal/hooved/deer-baby.json",
        op: "add",
        path: "/server/behaviors/11/aitasks/11/nurseFromEntities",
        value: ["game:deer-{type}-adult-female"],
        side: "server"
    },
    {
        file: "game:entities/animal/mammal/hooved/deer-baby.json",
        op: "replace",
        path: "/server/behaviors/11/aitasks/11/mincooldownHours",
        value: 0.0,
        side: "server"
    },
    {
        file: "game:entities/animal/mammal/hooved/deer-baby.json",
        op: "replace",
        path: "/server/behaviors/11/aitasks/11/maxcooldownHours",
        value: 0.05,
        side: "server"
    },
    {
        file: "game:entities/animal/mammal/hooved/deer-baby.json",
        op: "replace",
        path: "/server/behaviors/11/aitasks/11/priority",
        value: 1.39,
        side: "server"
    },
    {
        file: "game:entities/animal/mammal/hooved/deer-baby.json",
        op: "add",
        path: "/server/behaviors/11/aitasks/7/enabled",
        value: false,
        side: "server"
    },
]
