[
    {
        file: "game:entities/animal/mammal/fox-baby.json",
        op: "replace",
        path: "/client/shape/base",
        value: "game:entity/animal/mammal/fox/fox-baby",
        side: "server"
    },
    {
        file: "game:entities/animal/mammal/fox-baby.json",
        op: "replace",
        path: "/client/texture/base",
        value: "game:entity/animal/mammal/fox/{type}-baby",
        side: "server"
    },



    {
        file: "game:entities/animal/mammal/fox-adult.json",
        op: "add",
        path: "/attributes/adultWeightKgByType",
        value: { "fox-red-*": 7.4, "fox-arctic-*": 3.2 },
        side: "server"
    },
    {
        file: "game:entities/animal/mammal/fox-baby.json",
        op: "add",
        path: "/attributes/adultWeightKgByType",
        value: { "fox-red-*": 7.4, "fox-arctic-*": 3.2 },
        side: "server"
    },
    {
        file: "game:entities/animal/mammal/fox-adult.json",
        op: "add",
        path: "/attributes/weightDimorphism",
        value: 0.1,
        side: "server"
    },
    {
        file: "game:entities/animal/mammal/fox-baby.json",
        op: "add",
        path: "/attributes/weightDimorphism",
        value: 0.1,
        side: "server"
    },
    {
        file: "game:entities/animal/mammal/fox-baby.json",
        op: "replace",
        path: "/server/behaviors/9",
        value: {
            code: "agegradually",
            adultEntityCodesByType: {
                "fox-female-pup-*": [ "game:fox-{type}-adult-female" ],
                "fox-male-pup-*": [ "game:fox-{type}-adult-male" ],
                "*": ["game:fox-{type}-adult-{gender}"]
            },
            monthsToGrow: 6.0,
            initialWeight: 0.08,
            portionsEatenForTaming: 8,
            maxTameness: 0.9,
        },
        side: "server"
    },
    {
        file: "game:entities/animal/mammal/fox-adult.json",
        op: "add",
        path: "/server/behaviors/-",
        value: {
            code: "agegradually",
            monthsToGrow: 6.0,
            startAgeMonths: 6.0,
            initialWeight: 0.7,
            portionsEatenForTaming: 12,
            maxTameness: 0.6,
        },
        side: "server"
    },
    {
        file: "game:entities/animal/mammal/fox-baby.json",
        op: "add",
        path: "/client/behaviors/-",
        value: { code: "agegradually" },
        side: "server"
    },
    {
        file: "game:entities/animal/mammal/fox-adult.json",
        op: "add",
        path: "/client/behaviors/-",
        value: { code: "agegradually" },
        side: "server"
    },
    {
        file: "game:entities/animal/mammal/fox-baby.json",
        op: "add",
        path: "/client/size",
        value: 1.6,
        side: "server"
    },


    {
        file: "game:entities/animal/mammal/fox-adult.json",
        op: "add",
        path: "/server/behaviors/7/drops/0/quantityByType",
        value: {
            "*-red-*": { avg: 1.8, var: 0 },
            "*-arctic-*": { avg: 0.8, var: 0 } 
        },
        side: "server"
    },
    {
        file: "game:entities/animal/mammal/fox-adult.json",
        op: "remove",
        path: "/server/behaviors/7/drops/0/quantity",
        side: "server"
    },
    {
        file: "game:entities/animal/mammal/fox-adult.json",
        op: "add",
        path: "/server/behaviors/7/drops/1/quantityByType",
        value: {
            "*-red-*": { avg: 1, var: 0 },
            "*-arctic-*": { avg: 0.5, var: 0 } 
        },
        side: "server"
    },
    {
        file: "game:entities/animal/mammal/fox-adult.json",
        op: "remove",
        path: "/server/behaviors/7/drops/1/quantity",
        side: "server"
    },
    {
        file: "game:entities/animal/mammal/fox-adult.json",
        op: "add",
        path: "/server/behaviors/7/drops/2/quantityByType",
        value: {
            "*-red-*": { avg: 0.3, var: 0 },
            "*-arctic-*": { avg: 0.1, var: 0 } 
        },
        side: "server"
    },
    {
        file: "game:entities/animal/mammal/fox-adult.json",
        op: "remove",
        path: "/server/behaviors/7/drops/2/quantity",
        side: "server"
    },
    {
        file: "game:entities/animal/mammal/fox-baby.json",
        op: "addmerge",
        path: "/server/behaviors/7/drops",
        value: [
            {
                type: "item", 
                code: "bushmeat-raw", 
                quantityByType: {
                    "*-red-*": { avg: 1.8, var: 0 },
                    "*-arctic-*": { avg: 0.8, var: 0 } 
                }
            },
            {
                type: "item", 
                code: "hide-raw-small", 
                quantityByType: {
                    "*-red-*": { avg: 1, var: 0 },
                    "*-arctic-*": { avg: 0.5, var: 0 } 
                }
            },
            {
                type: "item", 
                code: "fat", 
                quantityByType: {
                    "*-red-*": { avg: 0.3, var: 0 },
                    "*-arctic-*": { avg: 0.1, var: 0 } 
                }
            }
        ],
        side: "server"
    },



    {
        file: "game:entities/animal/mammal/fox-adult.json",
        op: "add",
        path: "/client/behaviors/-",
        value: { code: "genelib.multiply", enabledByType: { "*-male": false }, },
        side: "server"
    },
    {
        file: "game:entities/animal/mammal/fox-adult.json",
        op: "replace",
        path: "/server/behaviors/9",
        value: {
            code: "genelib.multiply",
            enabledByType: { "*-male": false },
            sireCodes: [ "fox-{type}-adult-male" ],
            spawnEntityCodes: [ { "code":"fox-{type}-baby-male" }, { "code": "fox-{type}-baby-female" } ],
            mateTaskPriority: 1.34,
            spawnQuantityMax: 12,
            litterAddChance: 0.4,
            pregnancyMonths: 1.72,
            multiplyCooldownMonthsMin: 8.8,
            multiplyCooldownMonthsMax: 9.2,
            lactationMonths: 5,
            estrousCycleMonths: 0.9,
            daysInHeat: 4.0,
        },
        side: "server",
    },



    {
        file: "game:entities/animal/mammal/fox-adult.json",
        op: "add",
        path: "/attributes/creatureDiet/foodCategories",
        value: ["Protein", "Dairy", "Fruit", "Grain", "Vegetable"],
        side: "server"
    },
    {
        file: "game:entities/animal/mammal/fox-baby.json",
        op: "add",
        path: "/attributes/creatureDiet/foodCategories",
        value: ["Protein", "Dairy", "Fruit", "Grain", "Vegetable"],
        side: "server"
    },
    {
        file: "game:entities/animal/mammal/fox-adult.json",
        op: "add",
        path: "/attributes/creatureDiet/weightedFoodTags/-",
        value: { weight: 0.1, code: "vegetable" },
        side: "server"
    },
    {
        file: "game:entities/animal/mammal/fox-baby.json",
        op: "add",
        path: "/attributes/creatureDiet/weightedFoodTags/-",
        value: { weight: 0.1, code: "vegetable" },
        side: "server"
    },
    {
        file: "game:entities/animal/mammal/fox-adult.json",
        op: "addmerge",
        path: "/behaviorConfigs",
        value: { },
        side: "server"
    },
    {
        file: "game:entities/animal/mammal/fox-baby.json",
        op: "addmerge",
        path: "/behaviorConfigs",
        value: { },
        side: "server"
    },
    {
        file: "game:entities/animal/mammal/fox-adult.json",
        op: "addmerge",
        path: "/behaviorConfigs/animalhunger",
        value: { 
            monthsUntilWeaned: 4,
            fiber: 0.1,
            sugar: 0.08,
            fat: 0.2,
            starch: 0.1,
            protein: 0.5,
            water: 1.0,
            minerals: 0.02,
            mineralsMax: 0.1,
            avoidFoodTags: [ "sour" ],
            specialties: [ "bone" ],
            fiberDigestion: 0.0,
            daysUntilHungry: 3.2,
        },
        side: "server"
    },
    {
        file: "game:entities/animal/mammal/fox-baby.json",
        op: "addmerge",
        path: "/behaviorConfigs/animalhunger",
        value: { 
            monthsUntilWeaned: 4,
            fiber: 0.1,
            sugar: 0.08,
            fat: 0.2,
            starch: 0.1,
            protein: 0.5,
            water: 1.0,
            minerals: 0.02,
            mineralsMax: 0.1,
            avoidFoodTags: [ "sour" ],
            specialties: [ "bone" ],
            fiberDigestion: 0.0,
            daysUntilHungry: 3.2,
        },
        side: "server"
    },
    {
        file: "game:entities/animal/mammal/fox-adult.json",
        op: "add",
        path: "/server/behaviors/11/aitasks/-",
        value: {
            code: "forage",
            nurseFromEntities: "game:fox-{type}-adult-female",
            priority: 1.35,
            movespeed: 0.008,
            animationSpeed: 2,
            eatTime: 2,
            animation: "Walk",
            mincooldownHours: 0.0,
            maxcooldownHours: 0.05,
        },
        side: "server"
    },
    {
        file: "game:entities/animal/mammal/fox-baby.json",
        op: "add",
        path: "/server/behaviors/11/aitasks/-",
        value: {
            code: "forage",
            nurseFromEntities: "game:fox-{type}-adult-female",
            priority: 1.35,
            movespeed: 0.008,
            animationSpeed: 2,
            eatTime: 2,
            animation: "Walk",
            mincooldownHours: 0.0,
            maxcooldownHours: 0.05,
        },
        side: "server"
    },
]
