[
    {
        file: "game:entities/animal/mammal/hooved/goat-adult.json",
        op: "remove",
        path: "/client/behaviors/8/enabledByType",
        side: "server"
    },
    {
        file: "game:entities/animal/mammal/hooved/goat-adult.json",
        op: "replace",
        path: "/server/behaviors/14/variantsByType",
        value: {
            "goat-angora-adult-female": ["01", "02", "03", "04", "05", "06", "07"],
            "goat-angora-*": ["01", "02", "03", "04", "05", "06", "07", "08", "09"],
            "goat-ibexalp-adult-female": ["01", "02", "03", "04"],
            "goat-ibexalp-*": ["01", "02", "03", "04", "05", "06", "07"],
            "goat-ibexnub-adult-female": ["01", "02", "03"],
            "goat-ibexnub-*": ["01", "02", "03", "04", "05", "06", "07", "08", "09"],
            "goat-markhor-adult-female": ["01", "02"],
            "goat-markhor-*": ["01", "02", "03", "04", "05", "06", "07", "08", "09"],
            "goat-mountain-*": ["01", "02", "03"],
            "goat-muskox-*": ["01", "02", "03", "04", "05"],
            "goat-nubian-adult-female": ["01", "02", "03"],
            "goat-nubian-*": ["01", "02", "03", "04"],
            "goat-sirohi-adult-female": ["01", "02", "03"],
            "goat-sirohi-*": ["01", "02", "03", "04"],
            "goat-takingold-*": ["01", "02", "03", "04", "05"],
            "goat-turdag-adult-female": ["01", "02"],
            "goat-turdag-*": ["01", "02", "03", "04", "05", "06", "07"],
            "goat-valais-adult-female": ["01", "02", "03", "04", "05", "06", "07"],
            "goat-valais-*": ["01", "02", "03", "04", "05", "06", "07", "08"],
        },
        side: "server"
    },


    {
        file: "game:entities/animal/mammal/hooved/goat-adult.json",
        op: "add",
        path: "/attributes/adultWeightKgByType",
        value: {
            "goat-ibexalp-*": 58.25,
            "goat-takingold-*": 215,
            "goat-markhor-*": 65,
            "goat-mountain-*": 88,
            "goat-muskox-*": 285,
            "goat-ibexnub-*": 50,
            "goat-turdag-*": 65,
            "goat-angora-*": 60,
            "goat-nubian-*": 60,
            "goat-sirohi-*": 60,
            "goat-valais-*": 60,
        },
        side: "server"
    },
    {
        file: "game:entities/animal/mammal/hooved/goat-adult.json",
        op: "add",
        path: "/attributes/weightDimorphismByType",
        value: {
            "goat-ibexalp-*": 0.58,
            "goat-takingold-*": 0.12,
            "goat-markhor-*": 0.08,
            "goat-mountain-*": 0.14,
            "goat-muskox-*": 0.08,
            "goat-ibexnub-*": 0.2,
            "goat-turdag-*": 0.05,
            "goat-angora-*": 0.12,
            "goat-nubian-*": 0.12,
            "goat-sirohi-*": 0.12,
            "goat-valais-*": 0.12,
        },
        side: "server"
    },
    {
        file: "game:entities/animal/mammal/hooved/deer-adult.json",
        op: "replace",
        path: "/client/sizeByType",
        value: {
            "*": 1,
        },
        side: "server"
    },
    {
        file: "game:entities/animal/mammal/hooved/goat-adult.json",
        op: "add",
        path: "/client/behaviors/-",
        value: { code: "agegradually" },
        side: "server"
    },
    {
        file: "game:entities/animal/mammal/hooved/goat-adult.json",
        op: "add",
        path: "/server/behaviors/-",
        value: {
            code: "agegradually",
            monthsToGrow: 26.0,
            startAgeMonths: 10.0,
            initialWeight: 0.6,
            portionsEatenForTaming: 12,
            maxTameness: 0.6,
        },
        side: "server"
    },
    {
        file: "game:entities/animal/mammal/hooved/goat-adult.json",
        op: "replace",
        path: "/server/behaviors/7/drops/0/quantityByType",
        value: {
            "goat-ibexalp-*": { avg: 11, var: 0 },
            "goat-takingold-*": { avg: 41, var: 0 },
            "goat-markhor-*": { avg: 12, var: 0 },
            "goat-mountain-*": { avg: 17, var: 0 },
            "goat-muskox-*": { avg: 53, var: 0 },
            "goat-ibexnub-*": { avg: 9.4, var: 0 },
            "goat-turdag-*": { avg: 12, var: 0 },
            "goat-angora-*": { avg: 11, var: 0 },
            "goat-nubian-*": { avg: 11, var: 0 },
            "goat-sirohi-*": { avg: 11, var: 0 },
            "goat-valais-*": { avg: 11, var: 0 },
        },
        side: "server"
    },
    {
        file: "game:entities/animal/mammal/hooved/goat-adult.json",
        op: "replace",
        path: "/server/behaviors/7/drops/1/quantityByType",
        value: {
            "goat-ibexalp-*": { avg: 1.25, var: 0 },
            "goat-markhor-*": { avg: 1.4, var: 0 },
            "goat-ibexnub-*": { avg: 1.1, var: 0 },
            "goat-turdag-*": { avg: 1.4, var: 0 },
            "goat-angora-*": { avg: 1.1, var: 0 },
            "goat-nubian-*": { avg: 1.1, var: 0 },
            "goat-sirohi-*": { avg: 1.1, var: 0 },
            "goat-valais-*": { avg: 1.1, var: 0 },
            "*": { avg: 0, var: 0 },
        },
        side: "server"
    },
    {
        file: "game:entities/animal/mammal/hooved/goat-adult.json",
        op: "replace",
        path: "/server/behaviors/7/drops/2/quantityByType",
        value: {
            "*": { avg: 0, var: 0 },
        },
        side: "server"
    },
    {
        file: "game:entities/animal/mammal/hooved/goat-adult.json",
        op: "replace",
        path: "/server/behaviors/7/drops/3/quantityByType",
        value: {
            "goat-ibexalp-*": { avg: 1.8, var: 0 },
            "goat-takingold-*": { avg: 6.7, var: 0.1 },
            "goat-markhor-*": { avg: 2, var: 0 },
            "goat-mountain-*": { avg: 2.7, var: 0 },
            "goat-muskox-*": { avg: 8.9, var: 0 },
            "goat-ibexnub-*": { avg: 1.6, var: 0 },
            "goat-turdag-*": { avg: 2, var: 0 },
            "goat-angora-*": { avg: 2.2, var: 0 },
            "goat-nubian-*": { avg: 2.2, var: 0 },
            "goat-sirohi-*": { avg: 2.2, var: 0 },
            "goat-valais-*": { avg: 2.2, var: 0 },
        },
        side: "server"
    },
    {
        file: "game:entities/animal/mammal/hooved/goat-adult.json",
        op: "add",
        path: "/server/behaviors/7/drops/-",
        value: {
            "type": "item",
            "code": "game:hide-raw-huge",
            category: "pelt",
            "quantityByType": {
                "goat-takingold-*": { avg: 1.8, var: 0 },
                "goat-mountain-*": { avg: 1, var: 0 },
                "goat-muskox-*": { avg: 2.2, var: 0 },
                "*": { avg: 0, var: 0 },
            },
        },
        side: "server"
    },


    {
        file: "game:entities/animal/mammal/hooved/goat-adult.json",
        op: "replace",
        path: "/client/behaviors/5",
        value: { code: "genelib.multiply", enabledByType: { "*-female": true, "*": false } },
        side: "server"
    },
    {
        file: "game:entities/animal/mammal/hooved/goat-adult.json",
        op: "replace",
        path: "/server/behaviors/9",
        value: {
            code: "genelib.multiply",
            enabledByType: { "*-female": true, "*": false },
            mateTaskPriority: 1.37,
            sireCodes: ["game:goat-{type}-adult-male"],
            spawnEntityCodes: [{"code": "game:goat-{type}-baby-male"}, {"code": "game:goat-{type}-baby-female"}],
            spawnQuantityMin: 1,
            spawnQuantityMax: 3,
            litterAddChanceByType: {
                "goat-muskox-*": 0.001,
                "goat-takingold-*": 0.001,
                "*": 0.01
            },
            pregnancyMonthsByType: {
                "goat-ibexalp-*": 5.45,
                "goat-takingold-*": 7,
                "goat-mountain-*": 5.85,
                "goat-muskox-*": 8.5,
                "goat-ibexnub-*": 5.25,
                "goat-turdag-*": 5.15,
                "*": 5,
            },
            multiplyCooldownMonthsMin: 8.8,
            multiplyCooldownMonthsMax: 9.2,
            lactationMonths: 5,
            estrousCycleMonths: 0.7,
            daysInHeat: 3.0,
        },
        side: "server"
    },
    {
        file: "game:entities/animal/mammal/hooved/goat-adult.json",
        op: "add",
        path: "/server/behaviors/-",
        value: {
            code: "genelib.genetics",
            genomeType: "detailedanimals:goat",
            initializersByType: {
                "goat-nubian-*": ["nubian"],
                "goat-sirohi-*": ["sirohi"],
                "*": ["wildtype"],
            },
            enabledByType: {
                "goat-muskox-*": false,
                "goat-mountain-*": false,
                "goat-takingold-*": false,
            }
        },
        side: "server"
    },

    {
        file: "game:entities/animal/mammal/hooved/goat-adult.json",
        op: "addmerge",
        path: "/behaviorConfigs",
        value: { },
        side: "server"
    },
    {
        file: "game:entities/animal/mammal/hooved/goat-adult.json",
        op: "addmerge",
        path: "/behaviorConfigs/animalhunger",
        value: { 
            monthsUntilWeaned: 3.5,
            fiber: 0.5,
            sugar: 0.15,
            fat: 0.04,
            fatMax: 0.2,
            starch: 0.15,
            protein: 0.14,
            proteinMax: 0.25,
            water: 1.0,
            minerals: 0.02,
            mineralsMax: 0.1,
            avoidFoodTags: [ "sour" ],
            specialties: [ "toughplant" ],
            fiberDigestion: 1.0,
            grazeMethodsByType: {
                "goat-muskox-*": ["graze"],
                "*": ["nibblegraze"],
            }
        },
        side: "server"
    },
    {
        file: "game:entities/animal/mammal/hooved/goat-adult.json",
        op: "replace",
        path: "/attributes/creatureDiet/skipFoodTags",
        value: [ "riceCrop", "parsnipCrop", "onion", "cassava" ],
        side: "server"
    },
    {
        file: "game:entities/animal/mammal/hooved/goat-adult.json",
        op: "addeach",
        path: "/attributes/creatureDiet/foodCategories/-",
        value: ["Fruit", "Dairy"],
        side: "server"
    },
    {
        file: "game:entities/animal/mammal/hooved/goat-adult.json",
        op: "addeach",
        path: "/attributes/creatureDiet/weightedFoodTags/-",
        value: [{ weight:0.6, code:"foliage"}, { weight:0.4, code:"hay"}, { weight:0.3, code:"toughstem"}, { weight:0.2, code:"acorn"}, { weight:0.3, code:"peanut"}],
        side: "server"
    },
    {
        file: "game:entities/animal/mammal/hooved/goat-adult.json",
        op: "replace",
        path: "/server/behaviors/12/aitasks/12/code",
        value: "forage",
        side: "server"
    },
    {
        file: "game:entities/animal/mammal/hooved/goat-adult.json",
        op: "replace",
        path: "/server/behaviors/12/aitasks/12/priority",
        value: 1.38,
        side: "server"
    },
    {
        file: "game:entities/animal/mammal/hooved/goat-adult.json",
        op: "add",
        path: "/server/behaviors/12/aitasks/12/nurseFromEntities",
        value: ["game:goat-{type}-female-adult"],
        side: "server"
    },
    {
        file: "game:entities/animal/mammal/hooved/goat-adult.json",
        op: "replace",
        path: "/server/behaviors/12/aitasks/12/mincooldownHours",
        value: 0.0,
        side: "server"
    },
    {
        file: "game:entities/animal/mammal/hooved/goat-adult.json",
        op: "replace",
        path: "/server/behaviors/12/aitasks/12/maxcooldownHours",
        value: 0.05,
        side: "server"
    },
    {
        file: "game:entities/animal/mammal/hooved/goat-adult.json",
        op: "add",
        path: "/server/behaviors/12/aitasks/10/enabled",
        value: false,
        side: "server"
    },
]
