[
    {
        file: "game:entities/animal/mammal/hyena-adult.json",
        op: "addmerge",
        path: "/attributes",
        value: { adultWeightKg: 60, weightDimorphism: -0.03 },
        side: "server"
    },
    {
        file: "game:entities/animal/mammal/hyena-baby.json",
        op: "addmerge",
        path: "/attributes",
        value: { adultWeightKg: 60, weightDimorphism: -0.03 },
        side: "server"
    },
    {
        file: "game:entities/animal/mammal/hyena-baby.json",
        op: "replace",
        path: "/client/texture/base",
        value: "game:entity/animal/mammal/hyena/spotted-baby",
        side: "server"
    },
    {
        file: "game:entities/animal/mammal/hyena-adult.json",
        op: "add",
        path: "/server/behaviors/-",
        value: {
            code: "agegradually",
            monthsToGrow: 12.0,
            startAgeMonths: 6.0,
            initialWeight: 0.7,
            finalWeight: 1.0,
            portionsEatenForTaming: 18,
            maxTameness: 0.5,
        },
        side: "server"
    },
    {
        file: "game:entities/animal/mammal/hyena-baby.json",
        op: "replace",
        path: "/server/behaviors/9",
        value: {
            code: "agegradually",
            adultEntityCodesByType: {
                "*-female-*": [ "game:hyena-spotted-adult-female" ],
                "*-male-*": [ "game:hyena-spotted-adult-male" ],
                "*": [ "game:hyena-{type}-adult-{gender}" ]
            },
            monthsToGrow: 6.0,
            initialWeight: 0.025,
            portionsEatenForTaming: 12,
            maxTameness: 0.8,
        },
        side: "server"
    },
    {
        file: "game:entities/animal/mammal/hyena-adult.json",
        op: "add",
        path: "/client/behaviors/-",
        value: { code: "agegradually" },
        side: "server"
    },
    {
        file: "game:entities/animal/mammal/hyena-baby.json",
        op: "add",
        path: "/client/behaviors/-",
        value: { code: "agegradually" },
        side: "server"
    },
    {
        file: "game:entities/animal/mammal/hyena-baby.json",
        op: "replace",
        path: "/client/size",
        value: 2.5,
        side: "server"
    },


    {
        file: "game:entities/animal/mammal/hyena-baby.json",
        op: "replace",
        path: "/server/behaviors/7/drops/0/quantity",
        value: { avg: 11, var: 0 },
        side: "server"
    },
    {
        file: "game:entities/animal/mammal/hyena-baby.json",
        op: "replace",
        path: "/server/behaviors/7/drops/1/quantity",
        value: { avg: 3.8, var: 0 },
        side: "server"
    },
    {
        file: "game:entities/animal/mammal/hyena-baby.json",
        op: "add",
        path: "/server/behaviors/7/drops/-",
        value: {
            type: "item", 
            category: "fat",
            code: "game:fat", 
            quantity: { avg: 1.9, var: 0 } 
        },
        side: "server"
    },
    {
        file: "game:entities/animal/mammal/hyena-adult.json",
        op: "replace",
        path: "/server/behaviors/7/drops/0/quantity",
        value: { avg: 11, var: 0 },
        side: "server"
    },
    {
        file: "game:entities/animal/mammal/hyena-adult.json",
        op: "replace",
        path: "/server/behaviors/7/drops/1/quantity",
        value: { avg: 1.3, var: 0 },
        side: "server"
    },
    {
        file: "game:entities/animal/mammal/hyena-adult.json",
        op: "replace",
        path: "/server/behaviors/7/drops/2/quantity",
        value: { avg: 1.9, var: 0 },
        side: "server"
    },


    {
        file: "game:entities/animal/mammal/hyena-adult.json",
        op: "add",
        path: "/client/behaviors/-",
        value: { code: "genelib.multiply", enabledByType: { "*-male": false }, },
        side: "server"
    },
    {
        file: "game:entities/animal/mammal/hyena-adult.json",
        op: "replace",
        path: "/server/behaviors/9",
        value: {
            code: "genelib.multiply",
            enabledByType: { "*-male": false },
            mateTaskPriority: 1.37,
            sireCodes: ["game:hyena-male"],
            spawnEntityCodes: [{"code": "game:hyena-spotted-baby-male"}, {"code": "game:hyena-spotted-baby-female"}],
            litterAddChance: 0.21,
            litterAddAttempts: 3,
            pregnancyMonths: 2.05,
            multiplyCooldownMonthsMin: 8.8,
            multiplyCooldownMonthsMax: 9.2,
            lactationMonths: 18.0,
            estrousCycleMonths: 3.0,
            daysInHeat: 3.0,
        },
        side: "server"
    },



    {
        file: "game:entities/animal/mammal/hyena-adult.json",
        op: "replace",
        path: "/attributes/creatureDiet",
        value: {
            foodCategories: ["Protein", "Dairy", "Fruit"],
            weightedFoodTags: [{ weight:2.0, code:"meat"}, { weight:1.5, code:"egg"}, { weight:0.2, code:"bone"}, { weight:0.3, code:"rawhide"}],
        },
        side: "server"
    },
    {
        file: "game:entities/animal/mammal/hyena-baby.json",
        op: "replace",
        path: "/attributes/creatureDiet",
        value: {
            foodCategories: ["Protein", "Dairy", "Fruit"],
            weightedFoodTags: [{ weight:2.0, code:"meat"}, { weight:1.5, code:"egg"}, { weight:0.2, code:"bone"}, { weight:0.3, code:"rawhide"}],
        },
        side: "server"
    },
    {
        file: "game:entities/animal/mammal/hyena-adult.json",
        op: "addmerge",
        path: "/behaviorConfigs",
        value: { },
        side: "server"
    },
    {
        file: "game:entities/animal/mammal/hyena-baby.json",
        op: "addmerge",
        path: "/behaviorConfigs",
        value: { },
        side: "server"
    },
    {
        file: "game:entities/animal/mammal/hyena-adult.json",
        op: "addmerge",
        path: "/behaviorConfigs/animalhunger",
        value: { 
            monthsUntilWeaned: 12,
            fiber: 0.02,
            sugar: 0.03,
            fat: 0.2,
            starch: 0.03,
            protein: 0.7,
            water: 1.0,
            minerals: 0.02,
            mineralsMax: 0.1,
            avoidFoodTags: [ "sour" ],
            specialties: [ "bone" ],
            fiberDigestion: 0.0,
            daysUntilHungry: 4,
        },
        side: "server"
    },
    {
        file: "game:entities/animal/mammal/hyena-baby.json",
        op: "addmerge",
        path: "/behaviorConfigs/animalhunger",
        value: { 
            monthsUntilWeaned: 12,
            fiber: 0.02,
            sugar: 0.03,
            fat: 0.2,
            starch: 0.03,
            protein: 0.7,
            water: 1.0,
            minerals: 0.02,
            mineralsMax: 0.1,
            avoidFoodTags: [ "sour" ],
            specialties: [ "bone" ],
            fiberDigestion: 0.0,
            daysUntilHungry: 4,
        },
        side: "server"
    },
    {
        file: "game:entities/animal/mammal/hyena-adult.json",
        op: "replace",
        path: "/server/behaviors/11/aitasks/7",
        value: {
            code: "forage",
            nurseFromEntities: "game:hyena-female",
            eatSound: "creature/animal-eat1",
            priority: 1.38,
            eatTime: 1.5,
            animation: "Walk",
            mincooldownHours: 0.0,
            maxcooldownHours: 0.05,
        },
        side: "server"
    },
    {
        file: "game:entities/animal/mammal/hyena-baby.json",
        op: "replace",
        path: "/server/behaviors/11/aitasks/5",
        value: {
            code: "forage",
            nurseFromEntities: "game:hyena-female",
            eatSound: "creature/animal-eat-small",
            priority: 1.38,
            movespeed: 0.006,
            animationSpeed: 1.75,
            eatTime: 1.5,
            animation: "Walk",
            mincooldownHours: 0.0,
            maxcooldownHours: 0.05,
        },
        side: "server"
    },
]
