[
    {
        file: "game:entities/animal/mammal/hooved/sheep-baby.json",
        op: "replace",
        path: "/client/texture/base",
        value: "game:entity/animal/mammal/hooved/sheep/bighorn-baby",
        side: "server"
    },
    {
        file: "game:entities/animal/mammal/hooved/sheep-baby.json",
        op: "replace",
        path: "/server/behaviors/6/drops",
        value: [
            {
                type: "item", 
                code: "game:redmeat-raw", 
                category: "meat",
                quantity: { avg: 16, var: 0 } 
            },
            {
                type: "item", 
                code: "game:hide-raw-small", 
                category: "pelt",
                quantity: { avg: 4.7, var: 0 } 
            },
            {
                type: "item", 
                code: "game:fat", 
                category: "fat",
                quantity: { avg: 3, var: 0 },
            }
        ],
        side: "server"
    },
    {
        file: "game:entities/animal/mammal/hooved/sheep-adult.json",
        op: "replace",
        path: "/server/behaviors/6/drops/0/quantity",
        value: { avg: 16, var: 0 },
        side: "server"
    },
    {
        file: "game:entities/animal/mammal/hooved/sheep-adult.json",
        op: "replace",
        path: "/server/behaviors/6/drops/1/quantity",
        value: { avg: 1.6, var: 0 },
        side: "server"
    },
    {
        file: "game:entities/animal/mammal/hooved/sheep-adult.json",
        op: "replace",
        path: "/server/behaviors/6/drops/2/quantity",
        value: { avg: 3, var: 0 },
        side: "server"
    },


    {
        file: "game:entities/animal/mammal/hooved/sheep-baby.json",
        op: "replace",
        path: "/server/behaviors/9",
        value: { 
            code: "agegradually",
            monthsToGrow: 12.0,
            adultEntityCodesByType: {
                "*-male-*": ["game:sheep-bighorn-adult-male"],
                "*-female-*": ["game:sheep-bighorn-adult-female"],
                "*": ["game:sheep-{type}-adult-{gender}"],
            },
            initialWeight: 0.1,
            portionsEatenForTaming: 10,
            maxTameness: 0.9,
        },
        side: "server"
    },
    {
        file: "game:entities/animal/mammal/hooved/sheep-adult.json",
        op: "add",
        path: "/server/behaviors/-",
        value: { 
            code: "agegradually",
            monthsToGrow: 48.0,
            startAgeMonths: 12.0,
            initialWeight: 0.7,
            portionsEatenForTaming: 15,
            maxTameness: 0.6,
        },
        side: "server"
    },
    {
        file: "game:entities/animal/mammal/hooved/sheep-baby.json",
        op: "add",
        path: "/client/behaviors/-",
        value: { code: "agegradually" },
        side: "server"
    },
    {
        file: "game:entities/animal/mammal/hooved/sheep-adult.json",
        op: "add",
        path: "/client/behaviors/-",
        value: { code: "agegradually" },
        side: "server"
    },
    {
        file: "game:entities/animal/mammal/hooved/sheep-baby.json",
        op: "addmerge",
        path: "/attributes",
        value: { adultWeightKg: 83, weightDimorphism: 0.14 },
        side: "server"
    },
    {
        file: "game:entities/animal/mammal/hooved/sheep-adult.json",
        op: "addmerge",
        path: "/attributes",
        value: { adultWeightKg: 83, weightDimorphism: 0.14 },
        side: "server"
    },
    {
        file: "game:entities/animal/mammal/hooved/sheep-baby.json",
        op: "replace",
        path: "/client/size",
        value: 1.8,
        side: "server"
    },


    {
        file: "game:entities/animal/mammal/hooved/sheep-adult.json",
        op: "replace",
        path: "/client/behaviors/4",
        value: { code: "genelib.multiply", enabledByType: { "*-male": false }, },
        side: "server"
    },
    {
        file: "game:entities/animal/mammal/hooved/sheep-adult.json",
        op: "replace",
        path: "/server/behaviors/8",
        value: {
            code: "genelib.multiply",
            enabledByType: { "*-male": false },
            mateTaskPriority: 1.37,
            sireCodes: ["sheep-bighorn-adult-male"],
            spawnEntityCodes: [{"code": "game:sheep-bighorn-baby-male"}, {"code": "game:sheep-bighorn-baby-female"}],
            spawnQuantityMin: 1,
            spawnQuantityMax: 3,
            litterAddChance: 0.01,
            pregnancyMonths: 5.9,
            multiplyCooldownMonthsMin: 3.9,
            multiplyCooldownMonthsMax: 4.1,
            lactationMonths: 6.0,
            estrousCycleMonths: 0.93,
            daysInHeat: 2.0,
        },
        side: "server"
    },


    {
        file: "game:entities/animal/mammal/hooved/sheep-adult.json",
        op: "add",
        path: "/attributes/creatureDiet/foodCategories/-",
        value: "Fruit",
        side: "server"
    },
    {
        file: "game:entities/animal/mammal/hooved/sheep-baby.json",
        op: "add",
        path: "/attributes/creatureDiet/foodCategories/-",
        value: "Fruit",
        side: "server"
    },
    {
        file: "game:entities/animal/mammal/hooved/sheep-adult.json",
        op: "addeach",
        path: "/attributes/creatureDiet/weightedFoodTags/-",
        value: [{ weight:0.6, code:"foliage"}, { weight:0.4, code:"hay"}, { weight:0.3, code:"toughstem"}, { weight:0.2, code:"acorn"}, { weight:0.3, code:"peanut"}],
        side: "server"
    },
    {
        file: "game:entities/animal/mammal/hooved/sheep-baby.json",
        op: "addeach",
        path: "/attributes/creatureDiet/weightedFoodTags/-",
        value: [{ weight:0.6, code:"foliage"}, { weight:0.4, code:"hay"}, { weight:0.3, code:"toughstem"}, { weight:0.2, code:"acorn"}, { weight:0.3, code:"peanut"}],
        side: "server"
    },
    {
        file: "game:entities/animal/mammal/hooved/sheep-adult.json",
        op: "replace",
        path: "/attributes/creatureDiet/skipFoodTags",
        value: [ "riceCrop", "parsnipCrop", "onion", "cassava" ],
        side: "server"
    },
    {
        file: "game:entities/animal/mammal/hooved/sheep-baby.json",
        op: "replace",
        path: "/attributes/creatureDiet/skipFoodTags",
        value: [ "riceCrop", "parsnipCrop", "onion", "cassava" ],
        side: "server"
    },
    {
        file: "game:entities/animal/mammal/hooved/sheep-adult.json",
        op: "addmerge",
        path: "/behaviorConfigs",
        value: { },
        side: "server"
    },
    {
        file: "game:entities/animal/mammal/hooved/sheep-baby.json",
        op: "addmerge",
        path: "/behaviorConfigs",
        value: { },
        side: "server"
    },
    {
        file: "game:entities/animal/mammal/hooved/sheep-adult.json",
        op: "addmerge",
        path: "/behaviorConfigs/animalhunger",
        value: { 
            monthsUntilWeaned: 6.0,
            fiber: 0.52,
            sugar: 0.14,
            fat: 0.04,
            fatMax: 0.2,
            starch: 0.14,
            protein: 0.14,
            water: 1.0,
            minerals: 0.02,
            mineralsMax: 0.1,
            avoidFoodTags: [ "sour" ],
            specialties: [ "toughplant" ],
            fiberDigestion: 1.0,
            grazeMethods: ["graze", "nibblegraze"],
        },
        side: "server"
    },
    {
        file: "game:entities/animal/mammal/hooved/sheep-baby.json",
        op: "addmerge",
        path: "/behaviorConfigs/animalhunger",
        value: { 
            monthsUntilWeaned: 6.0,
            fiber: 0.52,
            sugar: 0.14,
            fat: 0.04,
            fatMax: 0.2,
            starch: 0.14,
            protein: 0.14,
            water: 1.0,
            minerals: 0.02,
            mineralsMax: 0.1,
            avoidFoodTags: [ "sour" ],
            specialties: [ "toughplant" ],
            fiberDigestion: 1.0,
            grazeMethods: ["graze", "nibblegraze"],
        },
        side: "server"
    },
    {
        file: "game:entities/animal/mammal/hooved/sheep-adult.json",
        op: "replace",
        path: "/server/behaviors/10/aitasks/7/code",
        value: "forage",
        side: "server"
    },
    {
        file: "game:entities/animal/mammal/hooved/sheep-adult.json",
        op: "replace",
        path: "/server/behaviors/10/aitasks/7/mincooldownHours",
        value: 0.05,
        side: "server"
    },
    {
        file: "game:entities/animal/mammal/hooved/sheep-adult.json",
        op: "replace",
        path: "/server/behaviors/10/aitasks/7/maxcooldownHours",
        value: 1,
        side: "server"
    },
    {
        file: "game:entities/animal/mammal/hooved/sheep-adult.json",
        op: "replace",
        path: "/server/behaviors/10/aitasks/7/priority",
        value: 1.38,
        side: "server"
    },
    {
        file: "game:entities/animal/mammal/hooved/sheep-adult.json",
        op: "add",
        path: "/server/behaviors/10/aitasks/7/eatAnimationSpeed",
        value: 1.5,
        side: "server"
    },
    {
        file: "game:entities/animal/mammal/hooved/sheep-baby.json",
        op: "replace",
        path: "/server/behaviors/10/aitasks/5/code",
        value: "forage",
        side: "server"
    },
    {
        file: "game:entities/animal/mammal/hooved/sheep-baby.json",
        op: "add",
        path: "/server/behaviors/10/aitasks/5/nurseFromEntities",
        value: ["game:sheep-bighorn-female"],
        side: "server"
    },
    {
        file: "game:entities/animal/mammal/hooved/sheep-baby.json",
        op: "replace",
        path: "/server/behaviors/10/aitasks/5/mincooldownHours",
        value: 0.05,
        side: "server"
    },
    {
        file: "game:entities/animal/mammal/hooved/sheep-baby.json",
        op: "replace",
        path: "/server/behaviors/10/aitasks/5/maxcooldownHours",
        value: 1,
        side: "server"
    },
    {
        file: "game:entities/animal/mammal/hooved/sheep-baby.json",
        op: "replace",
        path: "/server/behaviors/10/aitasks/5/priority",
        value: 1.38,
        side: "server"
    },
    {
        file: "game:entities/animal/mammal/hooved/sheep-baby.json",
        op: "add",
        path: "/server/behaviors/10/aitasks/5/eatAnimationSpeed",
        value: 1.5,
        side: "server"
    },
    {
        file: "game:entities/animal/mammal/hooved/sheep-adult.json",
        op: "add",
        path: "/server/behaviors/10/aitasks/8/enabled",
        value: false,
        side: "server"
    },
    {
        file: "game:entities/animal/mammal/hooved/sheep-baby.json",
        op: "add",
        path: "/server/behaviors/10/aitasks/6/enabled",
        value: false,
        side: "server"
    },
]
