{
	"editor": {
		"allAngles": false,
		"entityTextureMode": false
	},
	"textureWidth": 8,
	"textureHeight": 8,
	"textureSizes": {
		"forestsoil11": [16,16],
		"fat": [16,16]
	},
	"textures": {
		"fat": "game:block/fat",
		"forestsoil11": "game:block/soil/forest/forestsoil11"
	},
	"elements": [
		{
			"name": "origin",
			"from": [ 6.0, 0.0, 8.0 ],
			"to": [ 6.0, 0.0, 8.0 ],
			"rotationOrigin": [ 6.0, 0.0, 8.0 ],
			"rotationY": 67.5,
			"faces": {
			},
			"children": [
				{
					"name": "Center Egg",
					"from": [ -1.0, 0.0, -1.0 ],
					"to": [ 0.75, 2.0, 1.0 ],
					"faces": {
						"north": { "texture": "#fat", "uv": [ 0.0, 1.5, 1.75, 3.5 ] },
						"east": { "texture": "#fat", "uv": [ 0.5, 3.5, 2.5, 5.5 ] },
						"south": { "texture": "#fat", "uv": [ 1.5, 0.5, 3.25, 2.5 ] },
						"west": { "texture": "#fat", "uv": [ 3.5, 0.0, 5.5, 2.0 ] },
						"up": { "texture": "#fat", "uv": [ 2.5, 1.5, 4.25, 3.5 ] },
						"down": { "texture": "#fat", "uv": [ 0.5, 2.5, 2.25, 4.5 ] }
					},
					"attachmentpoints": [
						{
							"code": "Center",
							"posX": "1.7","posY": "2.0","posZ": "2.0",
							"rotationX": "0.0","rotationY": "0.0","rotationZ": "0.0"
						}
					]
				},
				{
					"name": "Center Egg2",
					"from": [ -1.25, 0.15, -0.85 ],
					"to": [ 0.85, 1.85, 0.85 ],
					"rotationOrigin": [ -0.25, 0.15, 0.0 ],
					"faces": {
						"north": { "texture": "#fat", "uv": [ 1.5, 4.5, 3.5, 6.0 ] },
						"east": { "texture": "#fat", "uv": [ 3.5, 2.5, 5.0, 4.0 ] },
						"south": { "texture": "#fat", "uv": [ 2.5, 3.0, 4.5, 4.5 ] },
						"west": { "texture": "#fat", "uv": [ 3.5, 2.5, 5.0, 4.0 ] },
						"up": { "texture": "#fat", "uv": [ 2.0, 2.0, 4.0, 3.5 ] },
						"down": { "texture": "#fat", "uv": [ 1.0, 4.0, 3.0, 5.5 ] }
					},
					"children": [
						{
							"name": "Egg bottom",
							"from": [ -0.2, 0.1, 0.1 ],
							"to": [ 0.3, 1.6, 1.6 ],
							"rotationOrigin": [ -0.2, 0.1, 0.1 ],
							"faces": {
								"north": { "texture": "#fat", "uv": [ 0.0, 4.0, 0.5, 5.5 ] },
								"south": { "texture": "#fat", "uv": [ 3.5, 3.5, 4.0, 5.0 ] },
								"west": { "texture": "#fat", "uv": [ 4.0, 2.0, 5.5, 3.5 ], "windMode": [-1,-1,-1,-1] },
								"up": { "texture": "#fat", "uv": [ 0.0, 0.0, 0.5, 1.5 ] },
								"down": { "texture": "#fat", "uv": [ 5.0, 0.5, 5.5, 2.0 ] }
							}
						},
						{
							"name": "Egg top",
							"from": [ 2.35, 0.0, 0.2 ],
							"to": [ 2.85, 1.3, 1.5 ],
							"rotationOrigin": [ 2.35, 0.0, 0.2 ],
							"rotationY": 67.5,
							"faces": {
								"north": { "texture": "#fat", "uv": [ 5.0, 0.5, 5.5, 1.5 ] },
								"east": { "texture": "#fat", "uv": [ 3.5, 4.5, 4.5, 5.5 ] },
								"south": { "texture": "#fat", "uv": [ 1.5, 2.0, 2.0, 3.0 ] },
								"up": { "texture": "#fat", "uv": [ 0.5, 0.5, 1.0, 1.5 ] },
								"down": { "texture": "#fat", "uv": [ 2.5, 1.5, 3.0, 2.5 ] }
							},
							"children": [
								{
									"name": "Egg tip",
									"from": [ 0.25, 0.15, 0.15 ],
									"to": [ 0.75, 1.15, 1.15 ],
									"rotationOrigin": [ 0.25, 0.15, 0.15 ],
									"faces": {
										"north": { "texture": "#fat", "uv": [ 0.0, 3.0, 0.5, 4.0 ] },
										"east": { "texture": "#fat", "uv": [ 0.5, 4.0, 1.5, 5.0 ] },
										"south": { "texture": "#fat", "uv": [ 4.5, 1.0, 5.0, 2.0 ] },
										"up": { "texture": "#fat", "uv": [ 1.0, 2.0, 1.5, 3.0 ] },
										"down": { "texture": "#fat", "uv": [ 6.0, 5.0, 6.5, 6.0 ] }
									}
								}
							]
						}
					]
				}
			]
		},
		{
			"name": "origin2",
			"from": [ 9.0, 0.0, 7.0 ],
			"to": [ 9.0, 0.0, 7.0 ],
			"rotationOrigin": [ 9.0, 0.0, 7.0 ],
			"rotationY": -67.5,
			"faces": {
			},
			"children": [
				{
					"name": "Center Egg3",
					"from": [ -1.0, 0.0, -1.0 ],
					"to": [ 0.75, 2.0, 1.0 ],
					"faces": {
						"north": { "texture": "#fat", "uv": [ 0.0, 1.5, 1.5, 3.5 ] },
						"east": { "texture": "#fat", "uv": [ 0.5, 3.5, 2.5, 5.5 ] },
						"south": { "texture": "#fat", "uv": [ 1.5, 0.5, 3.0, 2.5 ] },
						"west": { "texture": "#fat", "uv": [ 3.5, 0.0, 5.5, 2.0 ] },
						"up": { "texture": "#fat", "uv": [ 2.5, 1.5, 4.0, 3.5 ] },
						"down": { "texture": "#fat", "uv": [ 0.5, 2.5, 2.0, 4.5 ] }
					}
				},
				{
					"name": "Center Egg4",
					"from": [ -1.25, 0.15, -0.85 ],
					"to": [ 0.75, 1.85, 0.85 ],
					"rotationOrigin": [ -0.25, 0.15, 0.0 ],
					"faces": {
						"north": { "texture": "#fat", "uv": [ 1.5, 4.5, 3.5, 6.0 ] },
						"east": { "texture": "#fat", "uv": [ 3.5, 2.5, 5.0, 4.0 ] },
						"south": { "texture": "#fat", "uv": [ 2.5, 3.0, 4.5, 4.5 ] },
						"west": { "texture": "#fat", "uv": [ 3.5, 2.5, 5.0, 4.0 ] },
						"up": { "texture": "#fat", "uv": [ 2.0, 2.0, 4.0, 3.5 ] },
						"down": { "texture": "#fat", "uv": [ 1.0, 4.0, 3.0, 5.5 ] }
					},
					"children": [
						{
							"name": "Egg bottom2",
							"from": [ -0.2, 0.1, 0.1 ],
							"to": [ 0.3, 1.6, 1.6 ],
							"rotationOrigin": [ -0.2, 0.1, 0.1 ],
							"faces": {
								"north": { "texture": "#fat", "uv": [ 0.0, 4.0, 0.5, 5.5 ] },
								"south": { "texture": "#fat", "uv": [ 3.5, 3.5, 4.0, 5.0 ] },
								"west": { "texture": "#fat", "uv": [ 4.0, 2.0, 5.5, 3.5 ] },
								"up": { "texture": "#fat", "uv": [ 0.0, 0.0, 0.5, 1.5 ] },
								"down": { "texture": "#fat", "uv": [ 5.0, 0.5, 5.5, 2.0 ] }
							}
						},
						{
							"name": "Egg top2",
							"from": [ 2.35, 0.4, 0.2 ],
							"to": [ 2.85, 1.7, 1.5 ],
							"rotationOrigin": [ 2.35, 0.4, 0.2 ],
							"rotationY": 90.0,
							"rotationZ": -90.0,
							"faces": {
								"north": { "texture": "#fat", "uv": [ 5.0, 0.5, 5.5, 1.5 ] },
								"east": { "texture": "#fat", "uv": [ 3.5, 4.5, 4.5, 5.5 ] },
								"south": { "texture": "#fat", "uv": [ 1.5, 2.0, 2.0, 3.0 ] },
								"up": { "texture": "#fat", "uv": [ 0.5, 0.5, 1.0, 1.5 ] },
								"down": { "texture": "#fat", "uv": [ 2.5, 1.5, 3.0, 2.5 ] }
							},
							"children": [
								{
									"name": "Egg tip2",
									"from": [ 0.25, 0.15, 0.15 ],
									"to": [ 0.75, 1.15, 1.15 ],
									"rotationOrigin": [ 0.25, 0.15, 0.15 ],
									"faces": {
										"north": { "texture": "#fat", "uv": [ 0.0, 3.0, 0.5, 4.0 ] },
										"east": { "texture": "#fat", "uv": [ 0.5, 4.0, 1.5, 5.0 ] },
										"south": { "texture": "#fat", "uv": [ 4.5, 1.0, 5.0, 2.0 ] },
										"up": { "texture": "#fat", "uv": [ 1.0, 2.0, 1.5, 3.0 ] },
										"down": { "texture": "#fat", "uv": [ 6.0, 5.0, 6.5, 6.0 ] }
									}
								}
							]
						}
					]
				}
			]
		},
		{
			"name": "Nest base",
			"from": [ 0.0, 0.0, 0.0 ],
			"to": [ 16.0, 0.0, 16.0 ],
			"shade": false,
			"renderPass": 1,
			"faces": {
			},
			"children": [
				{
					"name": "Cube2",
					"from": [ 4.0, 0.0, 1.0 ],
					"to": [ 12.0, 1.0, 4.0 ],
					"rotationOrigin": [ 4.0, 0.0, 1.0 ],
					"rotationX": 15.0,
					"faces": {
						"north": { "texture": "#forestsoil11", "uv": [ 0.0, 0.0, 8.0, 1.0 ] },
						"east": { "texture": "#forestsoil11", "uv": [ 0.0, 0.0, 3.0, 1.0 ] },
						"south": { "texture": "#forestsoil11", "uv": [ 0.0, 0.0, 8.0, 1.0 ] },
						"west": { "texture": "#forestsoil11", "uv": [ 0.0, 0.0, 3.0, 1.0 ] },
						"up": { "texture": "#forestsoil11", "uv": [ 0.0, 0.0, 8.0, 3.0 ] }
					}
				},
				{
					"name": "Cube3",
					"from": [ 10.1213, 0.0, 0.2218 ],
					"to": [ 18.1213, 1.0, 3.2218 ],
					"rotationOrigin": [ 10.1213, 0.0, 0.2218 ],
					"rotationX": 20.754,
					"rotationY": -43.08,
					"rotationZ": 14.511,
					"faces": {
						"north": { "texture": "#forestsoil11", "uv": [ 0.0, 0.0, 8.0, 1.0 ] },
						"east": { "texture": "#forestsoil11", "uv": [ 0.0, 0.0, 3.0, 1.0 ] },
						"south": { "texture": "#forestsoil11", "uv": [ 0.0, 0.0, 8.0, 1.0 ] },
						"west": { "texture": "#forestsoil11", "uv": [ 0.0, 0.0, 3.0, 1.0 ] },
						"up": { "texture": "#forestsoil11", "uv": [ 0.0, 0.0, 8.0, 3.0 ] }
					}
				},
				{
					"name": "Cube4",
					"from": [ 15.7782, 0.0, 10.1213 ],
					"to": [ 23.7782, 1.0, 13.1213 ],
					"rotationOrigin": [ 15.7782, 0.0, 10.1213 ],
					"rotationX": 159.246,
					"rotationY": -43.08,
					"rotationZ": 165.489,
					"faces": {
						"north": { "texture": "#forestsoil11", "uv": [ 0.0, 0.0, 8.0, 1.0 ] },
						"east": { "texture": "#forestsoil11", "uv": [ 0.0, 0.0, 3.0, 1.0 ] },
						"south": { "texture": "#forestsoil11", "uv": [ 0.0, 0.0, 8.0, 1.0 ] },
						"west": { "texture": "#forestsoil11", "uv": [ 0.0, 0.0, 3.0, 1.0 ] },
						"up": { "texture": "#forestsoil11", "uv": [ 0.0, 0.0, 8.0, 3.0 ] }
					}
				},
				{
					"name": "Cube5",
					"from": [ 12.0, 0.0, 15.0 ],
					"to": [ 20.0, 1.0, 18.0 ],
					"rotationOrigin": [ 12.0, 0.0, 15.0 ],
					"rotationX": 165.0,
					"rotationZ": 180.0,
					"faces": {
						"north": { "texture": "#forestsoil11", "uv": [ 0.0, 0.0, 8.0, 1.0 ] },
						"east": { "texture": "#forestsoil11", "uv": [ 0.0, 0.0, 3.0, 1.0 ] },
						"south": { "texture": "#forestsoil11", "uv": [ 0.0, 0.0, 8.0, 1.0 ] },
						"west": { "texture": "#forestsoil11", "uv": [ 0.0, 0.0, 3.0, 1.0 ] },
						"up": { "texture": "#forestsoil11", "uv": [ 0.0, 0.0, 8.0, 3.0 ] }
					}
				},
				{
					"name": "Cube6",
					"from": [ 5.8787, 0.0, 15.7782 ],
					"to": [ 13.8787, 1.0, 18.7782 ],
					"rotationOrigin": [ 5.8787, 0.0, 15.7782 ],
					"rotationX": 159.246,
					"rotationY": 43.08,
					"rotationZ": -165.489,
					"faces": {
						"north": { "texture": "#forestsoil11", "uv": [ 0.0, 0.0, 8.0, 1.0 ] },
						"east": { "texture": "#forestsoil11", "uv": [ 0.0, 0.0, 3.0, 1.0 ] },
						"south": { "texture": "#forestsoil11", "uv": [ 0.0, 0.0, 8.0, 1.0 ] },
						"west": { "texture": "#forestsoil11", "uv": [ 0.0, 0.0, 3.0, 1.0 ] },
						"up": { "texture": "#forestsoil11", "uv": [ 0.0, 0.0, 8.0, 3.0 ] }
					}
				},
				{
					"name": "Cube7",
					"from": [ 0.2218, 0.0, 5.8787 ],
					"to": [ 8.2218, 1.0, 8.8787 ],
					"rotationOrigin": [ 0.2218, 0.0, 5.8787 ],
					"rotationX": 20.754,
					"rotationY": 43.08,
					"rotationZ": -14.511,
					"faces": {
						"north": { "texture": "#forestsoil11", "uv": [ 0.0, 0.0, 8.0, 1.0 ] },
						"east": { "texture": "#forestsoil11", "uv": [ 0.0, 0.0, 3.0, 1.0 ] },
						"south": { "texture": "#forestsoil11", "uv": [ 0.0, 0.0, 8.0, 1.0 ] },
						"west": { "texture": "#forestsoil11", "uv": [ 0.0, 0.0, 3.0, 1.0 ] },
						"up": { "texture": "#forestsoil11", "uv": [ 0.0, 0.0, 8.0, 3.0 ], "windMode": [-1,-1,-1,-1] }
					}
				}
			]
		}
	],
	"animations": [
		{
			"name": "Idle",
			"code": "idle",
			"quantityframes": 2,
			"onActivityStopped": "EaseOut",
			"onAnimationEnd": "Repeat",
			"keyframes": [
				{
					"frame": 0,
					"elements": {
						"Nest base": { "offsetX": 0.0, "offsetY": 0.0, "offsetZ": 0.0 }
					}
				}
			]
		}
	]}