{
	"editor": {
		"allAngles": false,
		"entityTextureMode": false
	},
	"textureWidth": 8,
	"textureHeight": 8,
	"textureSizes": {
		"forestsoil11": [16,16]
	},
	"textures": {
		"forestsoil11": "game:block/soil/forest/forestsoil11"
	},
	"elements": [
		{
			"name": "Nest base",
			"from": [ 0.0, 0.0, 0.0 ],
			"to": [ 16.0, 0.0, 16.0 ],
			"shade": false,
			"renderPass": 1,
			"faces": {
			},
			"children": [
				{
					"name": "Cube2",
					"from": [ 4.0, 0.0, 1.0 ],
					"to": [ 12.0, 1.0, 4.0 ],
					"rotationOrigin": [ 4.0, 0.0, 1.0 ],
					"rotationX": 15.0,
					"faces": {
						"north": { "texture": "#forestsoil11", "uv": [ 0.0, 0.0, 8.0, 1.0 ] },
						"east": { "texture": "#forestsoil11", "uv": [ 0.0, 0.0, 3.0, 1.0 ] },
						"south": { "texture": "#forestsoil11", "uv": [ 0.0, 0.0, 8.0, 1.0 ] },
						"west": { "texture": "#forestsoil11", "uv": [ 0.0, 0.0, 3.0, 1.0 ] },
						"up": { "texture": "#forestsoil11", "uv": [ 0.0, 0.0, 8.0, 3.0 ] }
					}
				},
				{
					"name": "Cube3",
					"from": [ 10.1213, 0.0, 0.2218 ],
					"to": [ 18.1213, 1.0, 3.2218 ],
					"rotationOrigin": [ 10.1213, 0.0, 0.2218 ],
					"rotationX": 20.754,
					"rotationY": -43.08,
					"rotationZ": 14.511,
					"faces": {
						"north": { "texture": "#forestsoil11", "uv": [ 0.0, 0.0, 8.0, 1.0 ] },
						"east": { "texture": "#forestsoil11", "uv": [ 0.0, 0.0, 3.0, 1.0 ] },
						"south": { "texture": "#forestsoil11", "uv": [ 0.0, 0.0, 8.0, 1.0 ] },
						"west": { "texture": "#forestsoil11", "uv": [ 0.0, 0.0, 3.0, 1.0 ] },
						"up": { "texture": "#forestsoil11", "uv": [ 0.0, 0.0, 8.0, 3.0 ] }
					}
				},
				{
					"name": "Cube4",
					"from": [ 15.7782, 0.0, 10.1213 ],
					"to": [ 23.7782, 1.0, 13.1213 ],
					"rotationOrigin": [ 15.7782, 0.0, 10.1213 ],
					"rotationX": 159.246,
					"rotationY": -43.08,
					"rotationZ": 165.489,
					"faces": {
						"north": { "texture": "#forestsoil11", "uv": [ 0.0, 0.0, 8.0, 1.0 ] },
						"east": { "texture": "#forestsoil11", "uv": [ 0.0, 0.0, 3.0, 1.0 ] },
						"south": { "texture": "#forestsoil11", "uv": [ 0.0, 0.0, 8.0, 1.0 ] },
						"west": { "texture": "#forestsoil11", "uv": [ 0.0, 0.0, 3.0, 1.0 ] },
						"up": { "texture": "#forestsoil11", "uv": [ 0.0, 0.0, 8.0, 3.0 ] }
					}
				},
				{
					"name": "Cube5",
					"from": [ 12.0, 0.0, 15.0 ],
					"to": [ 20.0, 1.0, 18.0 ],
					"rotationOrigin": [ 12.0, 0.0, 15.0 ],
					"rotationX": 165.0,
					"rotationZ": 180.0,
					"faces": {
						"north": { "texture": "#forestsoil11", "uv": [ 0.0, 0.0, 8.0, 1.0 ] },
						"east": { "texture": "#forestsoil11", "uv": [ 0.0, 0.0, 3.0, 1.0 ] },
						"south": { "texture": "#forestsoil11", "uv": [ 0.0, 0.0, 8.0, 1.0 ] },
						"west": { "texture": "#forestsoil11", "uv": [ 0.0, 0.0, 3.0, 1.0 ] },
						"up": { "texture": "#forestsoil11", "uv": [ 0.0, 0.0, 8.0, 3.0 ] }
					}
				},
				{
					"name": "Cube6",
					"from": [ 5.8787, 0.0, 15.7782 ],
					"to": [ 13.8787, 1.0, 18.7782 ],
					"rotationOrigin": [ 5.8787, 0.0, 15.7782 ],
					"rotationX": 159.246,
					"rotationY": 43.08,
					"rotationZ": -165.489,
					"faces": {
						"north": { "texture": "#forestsoil11", "uv": [ 0.0, 0.0, 8.0, 1.0 ] },
						"east": { "texture": "#forestsoil11", "uv": [ 0.0, 0.0, 3.0, 1.0 ] },
						"south": { "texture": "#forestsoil11", "uv": [ 0.0, 0.0, 8.0, 1.0 ] },
						"west": { "texture": "#forestsoil11", "uv": [ 0.0, 0.0, 3.0, 1.0 ] },
						"up": { "texture": "#forestsoil11", "uv": [ 0.0, 0.0, 8.0, 3.0 ] }
					}
				},
				{
					"name": "Cube7",
					"from": [ 0.2218, 0.0, 5.8787 ],
					"to": [ 8.2218, 1.0, 8.8787 ],
					"rotationOrigin": [ 0.2218, 0.0, 5.8787 ],
					"rotationX": 20.754,
					"rotationY": 43.08,
					"rotationZ": -14.511,
					"faces": {
						"north": { "texture": "#forestsoil11", "uv": [ 0.0, 0.0, 8.0, 1.0 ] },
						"east": { "texture": "#forestsoil11", "uv": [ 0.0, 0.0, 3.0, 1.0 ] },
						"south": { "texture": "#forestsoil11", "uv": [ 0.0, 0.0, 8.0, 1.0 ] },
						"west": { "texture": "#forestsoil11", "uv": [ 0.0, 0.0, 3.0, 1.0 ] },
						"up": { "texture": "#forestsoil11", "uv": [ 0.0, 0.0, 8.0, 3.0 ], "windMode": [-1,-1,-1,-1] }
					}
				}
			]
		}
	],
	"animations": [
		{
			"name": "Idle",
			"code": "idle",
			"quantityframes": 2,
			"onActivityStopped": "EaseOut",
			"onAnimationEnd": "Repeat",
			"keyframes": [
				{
					"frame": 0,
					"elements": {
						"Nest base": { "offsetX": 0.0, "offsetY": 0.0, "offsetZ": 0.0 }
					}
				}
			]
		}
	]}