[
  {
    "op": "add",
    "path": "/server/behaviors/10/aitasks/13",
    "value": {
      "code": "fleeentity",
      "entityCodes": [
        "skulker-*"
      ],
      "priority": 2,
      "movespeed": 0.03,
      "animationSpeed": 3,
      "seekingRange": 9,
      "fleeDurationMs": 20000,
      "fleeingDistance": 25,
      "animation": "Run",
      "retaliateAttacks": false,
      "whenInEmotionState": "fleeondamage"
    },
    "file": "game:entities/animal/mammal/raccoon-adult.json",
    "side": "Server"
  }
]