[
  {
    "op": "add",
    "path": "/server/behaviors/12/aitasks/14",
    "value": {
      "code": "fleeentity",
      "instafleeOnDamageChance": 1,
      "animation": "Run",
      "entityCodes": [
        "skulker-*"
      ],
      "priority": 1.51,
      "movespeedByType": {
        "goat-muskox-*": 0.065,
        "goat-takingold-*": 0.065,
        "*": 0.06
      },
      "seekingRangeByType": {
        "goat-ibexnub-*": 16,
        "goat-muskox-*": 16,
        "goat-nubian-*": 16,
        "goat-sirohi-*": 16,
        "goat-valais-*": 16,
        "*": 12
      },
      "animationSpeed": 2,
      "soundByType": {
        "goat-muskox-*": "creature/goat/large/{age}-hurt*",
        "goat-takingold-*": "creature/goat/large/{age}-hurt*",
        "*": "creature/goat/bleatweird"
      }
    },
    "file": "game:entities/animal/mammal/hooved/goat-adult.json",
    "side": "Server"
  }
]