{
	"code": "wroamer",
	"class": "EntityAgent",
	"canClimbAnywhere": true,
	"hitboxSize": {
		"x": 1.2,
		"y": 3.5
	},
	"deadHitboxSize": {
		"x": 1.2,
		"y": 3
	},
	"eyeHeight": 1.5,
	"drops": [],
	"variantgroups": [
		{
			"code": "type",
			"states": [ "normal" ]
		}
	],
	"client": {
		"renderer": "Shape",
		"pitchStep": false,
		"shapeByType": {
			"*-normal": { "base": "wrustbound:entity/land/rust/roamer" }
		},
		"behaviors": [
			{ "code": "repulseagents" },
			{
				"code": "controlledphysics",
				"stepHeight": 1.1251
			},
			{
				"code": "floatupwhenstuck",
				"onlyWhenDead": true
			},
			{ "code": "interpolateposition" },
			{ "code": "harvestable" }
		],
		"animations": [
			{
				"code": "hurt",
				"animation": "hurt",
				"animationSpeed": 2.2,
				"weight": 10,
				"blendMode": "AddAverage"
			},
			{
				"code": "leap",
				"animation": "leap",
				"animationSpeed": 1,
				"weight": 10,
				"blendMode": "AddAverage",
				"triggeredBy": { "onControls": [ "jump" ] }
			},
			{
				"code": "die",
				"animation": "die",
				"animationSpeed": 1.25,
				"weight": 10,
				"blendMode": "Average",
				"triggeredBy": { "onControls": [ "dead" ] }
			},
			{
				"code": "idle",
				"animation": "idle",
				"blendMode": "AddAverage",
				"easeOutSpeed": 4,
				"triggeredBy": { "defaultAnim": true }
			}
		]
	},
	"server": {
		"behaviors": [
			{ "code": "repulseagents" },
			{
				"code": "controlledphysics",
				"stepHeight": 1.1251
			},
			{
				"code": "despawn",
				"minPlayerDistance": 8,
				"belowLightLevel": 8,
				"minSeconds": 300
			},
			{
				"code": "health",
				"currenthealthByType": {
					"*-normal": 25
				},
				"maxhealthByType": {
					"*-normal": 25
				}
			},
			{
				"code": "floatupwhenstuck",
				"onlyWhenDead": true
			},
			{
				"code": "despawn",
				"minPlayerDistance": 64,
				"minSeconds": 6
			},
			{
				"code": "deaddecay",
				"hoursToDecay": 2
			},
			{
				"code": "harvestable",
				"duration": 2,
				"dropsByType": {
					"*-normal": [
						{
							"type": "item",
							"code": "gear-rusty",
							"dropModbyStat": "rustyGearDropRate",
							"quantity": {
								"avg": 0.1,
								"var": 0.25
							}
						},
						{
							"type": "item",
							"code": "game:stackrandomizer-lantern",
							"quantity": {
								"avg": 0.02,
								"var": 0
							}
						},
						{
							"type": "item",
							"code": "game:stackrandomizer-resource",
							"quantity": {
								"avg": 0.25,
								"var": 0
							}
						},
						{
							"type": "item",
							"code": "game:stackrandomizer-jonasparts",
							"quantity": {
								"avg": 0.25,
								"var": 1
							}
						}
					]
				}
			},
			{
				"code": "emotionstates",
				"states": [
					{
						"code": "fleeondamage",
						"duration": 60,
						"chance": 0.30,
						"slot": 2,
						"priority": 5,
						"accumType": "max",
						"whenHealthRelBelow": 0.3
					},
					{
						"code": "aggressiveondamage",
						"duration": 30,
						"chance": 1,
						"slot": 2,
						"priority": 2,
						"accumType": "noaccum"
					}
				]
			},
			{
				"code": "taskai",
				"aitasks": [
					{
						"code": "meleeattack",
						"entityCodes": [
							"player",
							"wparasitic-flies",
							"wrotpillar",
							"wrotwalker-*"
						],
						"priority": 2,
						"damage": 3,
						"damageTier": 1,
						"damageType": "SlashingAttack",
						"slot": 1,
						"mincooldown": 1500,
						"maxcooldown": 1500,
						"attackDurationMs": 800,
						"damagePlayerAtMs": 500,
						"minDist": 4,
						"minVerDist": 4,
						"animation": "swordhit",
						"animationSpeed": 1
					},
					{
						"code": "bellalarm",
						"onNearbyEntityCodes": [
							"player",
							"wparasitic_flies",
							"wrotpillar",
							"wrotwalker-*"
						],
						"spawnMobs": [
							"wrustbound:wgolem-normal"
						],
						"spawnMaxQuantity": 10,
						"spawnIntervalMsMin": 2000,
						"spawnIntervalMsMax": 5000,
						"spawnRange": 1,
						"priority": 1.5,
						"seekingRange": 15,
						"animationSpeed": 0.8,
						"animation": "summon"
					},
					{
						"code": "fleeentity",
						"entityCodes": [
							"player",
							"wparasitic_flies",
							"wrotpillar",
							"wrotwalker-*"
						],
						"priority": 1.6,
						"movespeed": 0.040,
						"seekingRange": 15,
						"animation": "walk",
						"animationSpeed": 1,
						"whenInEmotionState": "fleeondamage"
					},
					{
						"code": "seekentity",
						"entityCodes": [
							"player",
							"wparasitic_flies",
							"wrotpillar",
							"wrotwalker-*"
						],
						"priority": 1.49,
						"movespeed": 0.040,
						"seekingRange": 15,
						"animation": "walk",
						"leapChance": 0.01,
						"animationSpeed": 0.8
					},
					{
						"code": "seekentity",
						"entityCodes": [
							"player",
							"parasitic_flies",
							"rotpillar",
							"rotwalker-*"
						],
						"priority": 1.48,
						"movespeed": 0.040,
						"seekingRange": 15,
						"animation": "walk",
						"leapChance": 0.01,
						"animationSpeed": 2,
						"whenInEmotionState": "aggressiveondamage"
					},
					{
						"code": "getoutofwater",
						"priority": 1.4,
						"movespeed": 0.015,
						"animation": "Walk",
						"animationSpeed": 1
					},
					{
						"code": "wander",
						"priority": 1.3,
						"priorityForCancel": 0.040,
						"movespeed": 0.006,
						"animation": "Walk"
					},
					{
						"code": "lookaround",
						"priority": 0.5
					}
				]
			}
		],
		"spawnconditions": {
			"runtime": {
				"group": "hostile",
				"maxQuantityByType": {
					"*-normal": 3
				},
				"chance": 0.0006,
				"maxLightLevel": 4,
				"minLightLevel": 0,
				"lightLevelType": "MaxTimeOfDayLight",
				"groupSize": {
					"dist": "uniform",
					"avg": 1,
					"var": 0
				},
				"insideBlockCodes": [
					"game:air",
					"game:tallgrass-*",
					"game:snowlayer-1"
				],
				"minY": 0.89,
				"maxY": 2,
				"companions": [
					"golem-normal",
					"golem-normal",
					"golem-normal"
				]
			}
		}
	},
	"soundsByType": {
		"*": {
			"hurt": "wrustbound:creature/roamer/hurt",
			"death": "wrustbound:creature/roamer/death",
			"idle": "wrustbound:creature/roamer/idle*"
		}
	}
}