[
	{
		"code": "tea-floral",
		"isFood": true,
		"perishableProps": {
			"type": "Perish",
			"freshHours": {
				"avg": 4
			},
			"transitionHours": {
				"avg": 0.01
			},
			"transitionedStack": {
				"type": "item",
				"code": "simpletea:teaportion-floral-cold"
			},
			"transitionRatio": 1
		},
		"shape": {
			"base": "game:block/food/meal/liquid"
		},
		"ingredients": [
			{
				"code": "water1",
				"validStacks": [
					{
						"type": "item",
						"code": "game:waterportion",
						"shapeElement": "bowl/liquid"
					}
				],
				"minQuantity": 1,
				"maxQuantity": 1,
				"portionSizeLitres": 1
			},
			{
				"code": "flower-floral",
				"validStacks": [
					{
						"type": "block",
						"code": "game:flower-cornflower-free"
					},
					{
						"type": "block",
						"code": "game:flower-orangemallow-free"
					},
					{
						"type": "block",
						"code": "game:flower-goldenpoppy-free"
					},
					{
						"type": "block",
						"code": "game:flower-wilddaisy-free"
					},
					{
						"type": "block",
						"code": "game:herb-saffron"
					},
					{
						"type": "block",
						"code": "game:herb-basil"
					},
					{
						"type": "block",
						"code": "game:flower-catmint-free"
					},
					{
						"type": "block",
						"code": "game:flower-heather-free"
					}
				],
				"minQuantity": 1,
				"maxQuantity": 1
			}
		],
		"cooksInto": {
			"type": "Item",
			"code": "simpletea:teaportion-floral-hot",
			"quantity": 100
		}
	},
	{
		"code": "tea-wild",
		"isFood": true,
		"perishableProps": {
			"type": "Perish",
			"freshHours": {
				"avg": 4
			},
			"transitionHours": {
				"avg": 0.01
			},
			"transitionedStack": {
				"type": "item",
				"code": "simpletea:teaportion-wild-cold"
			},
			"transitionRatio": 1
		},
		"shape": {
			"base": "game:block/food/meal/liquid"
		},
		"ingredients": [
			{
				"code": "water1",
				"validStacks": [
					{
						"type": "item",
						"code": "game:waterportion",
						"shapeElement": "bowl/liquid"
					}
				],
				"minQuantity": 1,
				"maxQuantity": 1,
				"portionSizeLitres": 1
			},
			{
				"code": "flower-wild",
				"validStacks": [
					{
						"type": "block",
						"code": "game:flower-forgetmenot-free"
					},
					{
						"type": "block",
						"code": "game:flower-cowparsley-free"
					},
					{
						"type": "block",
						"code": "game:flower-redtopgrass-free"
					},
					{
						"type": "block",
						"code": "game:herb-cilantro"
					},
					{
						"type": "block",
						"code": "game:herb-marjoram"
					},
					{
						"type": "block",
						"code": "game:herb-mint"
					},
					{
						"type": "block",
						"code": "game:herb-sage"
					},
					{
						"type": "block",
						"code": "game:herb-thyme"
					},
					{
						"type": "block",
						"code": "game:herb-lavender"
					}
				],
				"minQuantity": 1,
				"maxQuantity": 1
			}
		],
		"cooksInto": {
			"type": "Item",
			"code": "simpletea:teaportion-wild-hot",
			"quantity": 100
		}
	},
	{
		"code": "tea-medicinal",
		"isFood": true,
		"perishableProps": {
			"type": "Perish",
			"freshHours": {
				"avg": 4
			},
			"transitionHours": {
				"avg": 0.01
			},
			"transitionedStack": {
				"type": "item",
				"code": "simpletea:teaportion-medicinal-cold"
			},
			"transitionRatio": 1
		},
		"shape": {
			"base": "game:block/food/meal/liquid"
		},
		"ingredients": [
			{
				"code": "water1",
				"validStacks": [
					{
						"type": "item",
						"code": "game:waterportion",
						"shapeElement": "bowl/liquid"
					}
				],
				"minQuantity": 1,
				"maxQuantity": 1,
				"portionSizeLitres": 1
			},
			{
				"code": "flower-medicinal",
				"validStacks": [
					{
						"type": "block",
						"code": "game:flower-horsetail-free"
					},
					{
						"type": "block",
						"code": "game:flower-edelweiss-free"
					},
					{
						"type": "block",
						"code": "game:herb-chamomile"
					}
				],
				"minQuantity": 1,
				"maxQuantity": 1
			}
		],
		"cooksInto": {
			"type": "Item",
			"code": "simpletea:teaportion-medicinal-hot",
			"quantity": 100
		}
	},
	{
		"code": "tea-toxic",
		"isFood": true,
		"perishableProps": {
			"type": "Perish",
			"freshHours": {
				"avg": 4
			},
			"transitionHours": {
				"avg": 0.01
			},
			"transitionedStack": {
				"type": "item",
				"code": "simpletea:teaportion-toxic-cold"
			},
			"transitionRatio": 1
		},
		"shape": {
			"base": "game:block/food/meal/liquid"
		},
		"ingredients": [
			{
				"code": "water1",
				"validStacks": [
					{
						"type": "item",
						"code": "game:waterportion",
						"shapeElement": "bowl/liquid"
					}
				],
				"minQuantity": 1,
				"maxQuantity": 1,
				"portionSizeLitres": 1
			},
			{
				"code": "flower-toxic",
				"validStacks": [
					{
						"type": "block",
						"code": "game:flower-lilyofthevalley-free"
					},
					{
						"type": "block",
						"code": "game:flower-rafflesia-brown"
					},
					{
						"type": "block",
						"code": "game:flower-rafflesia-red"
					},
					{
						"type": "block",
						"code": "game:flower-woad-free"
					},
					{
						"type": "block",
						"code": "game:flower-lupine-blue-free"
					},
					{
						"type": "block",
						"code": "game:flower-lupine-orange-free"
					},
					{
						"type": "block",
						"code": "game:flower-lupine-purple-free"
					},
					{
						"type": "block",
						"code": "game:flower-lupine-red-free"
					},
					{
						"type": "block",
						"code": "game:flower-lupine-white-free"
					},
					{
						"type": "block",
						"code": "game:flower-westerngorse-free"
					}
				],
				"minQuantity": 1,
				"maxQuantity": 1
			}
		],
		"cooksInto": {
			"type": "Item",
			"code": "simpletea:teaportion-toxic-hot",
			"quantity": 100
		}
	}
]