[
	{
		"code": "amosite",
		"triesPerChunk": 0.002,
		"withOreMap": true,
		"handbookPageCode": "item-ore-amosite",
		"generator": "iog-gen",
		"attributes": {
			"inblock": {
				"veintype": "fault",
				"code": "rock-*",
				"name": "rock",
				"allowedVariants": [ "granite", "peridotite", "limestone", "phyllite" ]
			},
			"placeblock": { "code": "ore-amosite-{rock}" },

			"subdeposit": {
				"code": "ore-*-hematite-{rock}",
				"name": "grade",
				"allowedVariantsByInBlock": {
					"rock-granite": [ "poor", "medium", "rich", "bountiful" ],
					"rock-peridotite": [ "poor", "medium", "rich", "bountiful" ],
					"rock-limestone": [ "poor", "medium", "rich" ],
					"rock-phyllite": [ "poor", "medium" ]
				}
			},
			"surfaceBlock": { "code": "looseores-amosite-{rock}-free" },

			"radius": {
				"dist": "uniform",
				"avg": 48,
				"var": 16
			},
			"yPosRel": {
				"dist": "uniform",
				"avg": 0.3,
				"var": 0.2
			},
			"thickness": {
				"dist": "uniform",
				"avg": 2,
				"var": 1
			},
			"branchCount": {
				"dist": "uniform",
				"avg": 0,
				"var": 0
			},
			"branchLength": {
				"dist": "uniform",
				"avg": 0,
				"var": 0
			},
			"OreSpongePercent": 0.3
		}
	},
	{
		"code": "amosite",
		"triesPerChunk": 0.002,
		"withOreMap": true,
		"handbookPageCode": "item-ore-amosite",
		"generator": "iog-gen",
		"attributes": {
			"inblock": {
				"veintype": "fault",
				"code": "rock-*",
				"name": "rock",
				"allowedVariants": [ "andesite", "claystone", "chalk", "conglomerate", "slate" ]
			},
			"surfaceBlock": { "code": "looseores-amosite-{rock}-free" },

			"placeblock": { "code": "ore-amosite-{rock}" },

			"subdeposit": {
				"code": "ore-*-magnetite-{rock}",
				"name": "grade",
				"allowedVariantsByInBlock": {
					"rock-andesite": [ "poor", "medium", "rich" ],
					"rock-claystone": [ "poor", "medium" ],
					"rock-chalk": [ "poor", "medium" ],
					"rock-conglomerate": [ "poor", "medium" ],
					"rock-slate": [ "poor", "medium" ]
				}
			},
			"radius": {
				"dist": "uniform",
				"avg": 48,
				"var": 16
			},
			"yPosRel": {
				"dist": "uniform",
				"avg": 0.3,
				"var": 0.2
			},
			"thickness": {
				"dist": "uniform",
				"avg": 2,
				"var": 1
			},
			"branchCount": {
				"dist": "uniform",
				"avg": 0,
				"var": 0
			},
			"branchLength": {
				"dist": "uniform",
				"avg": 0,
				"var": 0
			},
			"OreSpongePercent": 0.3
		}
	}
]