[
	{
		"code": "tremolite",
		"triesPerChunk": 0.01,
		"withOreMap": true,
		"handbookPageCode": "item-ore-tremolite",
		"generator": "iog-gen",
		"attributes": {
			"inblock": {
				"veintype": "fault",
				"code": "rock-*",
				"name": "rock",
				"allowedVariants": [
					"peridotite",

					"amphibolite",
					"dolostone"
				]
			},
			"surfaceBlock": { "code": "looseores-tremolite-{rock}-free" },

			"placeblock": { "code": "ore-tremolite-{rock}" },
			"subdeposit": {
				"code": "ore-*-crystal_tremolite-{rock}",
				"name": "grade",
				"allowedVariantsByInBlock": {
					"rock-amphibolite": [ "low", "medium", "high" ],
					"rock-peridotite": [ "low" ],
					"rock-dolostone": [ "low", "medium" ]
				}
			},
			"radius": {
				"dist": "uniform",
				"avg": 48,
				"var": 16
			},
			"yPosRel": {
				"dist": "uniform",
				"avg": 0.45,
				"var": 0.4
			},
			"thickness": {
				"dist": "uniform",
				"avg": 2,
				"var": 1
			},
			"branchCount": {
				"dist": "uniform",
				"avg": 20,
				"var": 10
			},
			"branchLength": {
				"dist": "uniform",
				"avg": 3,
				"var": 1.5
			},
			"OreSpongePercent": 0.3
		}
	}
]