{
  "enabled": true,
  "code": "gravecompass",
  "class": "ItemGraveCompass",
  "behaviors": [
    {
      "name": "GroundStorable",
      "properties": {
        "layout": "Quadrants",
        "placeRemoveSound": "sounds/player/build",
        "collisionBox": {
          "x1": 0,
          "y1": 0,
          "z1": 0,
          "x2": 1,
          "y2": 0.3125,
          "z2": 1
        }
      }
    }
  ],
  "shape": { "base": "item/gravecompass" },
  "creativeinventory": {
    "general": [ "*" ],
    "tools": [ "*" ],
    "playergrave": [ "*" ]
  },
  "textures": {
    "compass": { "base": "item/compass" },
    "symbol": { "base": "item/symbol" }
  },

  "attributes": {
    "shelvable": true,
    "onDisplayTransform": {
      "translation": {
        "x": 0,
        "y": -0.16,
        "z": 0
      },
      "scale": 0.66
    },
    "rackable": true,
    "toolrackTransform": {
      "translation": {
        "x": 0,
        "y": -0.55,
        "z": 0
      },
      "rotation": {
        "x": 0,
        "y": -90,
        "z": 180
      }
    },
    "groundStorageTransform": {
      "translation": {
        "x": 0,
        "y": -0.165,
        "z": 0
      },
      "scale": 0.66
    }
  },
  "storageFlags": 257,
  "heldTpUseAnimation": "",
  "guiTransform": {
    "translation": {
      "x": 3,
      "y": 1.2,
      "z": 0
    },
    "rotation": {
      "x": 89,
      "y": 180,
      "z": 0
    },
    "origin": {
      "x": 0.5,
      "y": 0.5,
      "z": 0.5
    },
    "scale": 2.35
  },
  "fpHandTransform": {
    "translation": {
      "x": 0.05,
      "y": 0.1,
      "z": 0.2
    },
    "rotation": {
      "x": 14,
      "y": -8,
      "z": 12
    },
    "scale": 1.36
  },
  "tpHandTransform": {
    "translation": {
      "x": -2.05,
      "y": -1.1,
      "z": -1.5
    },
    "rotation": {
      "x": 2,
      "y": -82,
      "z": -1
    }
  },
  "tpOffHandTransform": {
    "translation": {
      "x": -1.8,
      "y": -1,
      "z": -1.4
    },
    "rotation": {
      "x": -20,
      "y": -95,
      "z": 18
    },
    "scale": 0.33
  },
  "groundTransform": {
    "translation": {
      "x": 0,
      "y": 0.25,
      "z": 0
    },
    "rotation": {
      "x": 0,
      "y": 0,
      "z": 0
    },
    "origin": {
      "x": 0.5,
      "y": 0.5,
      "z": 0.5299
    },
    "scale": 2.39
  }
}
