{
	"editor": {
		"allAngles": true,
		"entityTextureMode": false
	},
	"textureWidth": 16,
	"textureHeight": 16,
	"textureSizes": {
	},
	"textures": {
		"string": "game:block/cloth/burlap/string",
		"linen": "game:block/linen",
		"material": "game:block/metal/ingot/copper",
		"wood-generic": "game:block/wood-generic"
	},
	"elements": [
		{
			"name": "origin",
			"from": [ 8.0, 0.0, 8.0 ],
			"to": [ 8.0, 0.0, 8.0 ],
			"rotationOrigin": [ 8.0, 0.0, 8.0 ],
			"rotationY": 47.0,
			"faces": {
			},
			"children": [
				{
					"name": "spool-bottom",
					"from": [ -0.5, 0.0, -2.5 ],
					"to": [ 2.5, 0.5, 0.5 ],
					"rotationOrigin": [ 1.0, 0.0, -1.0 ],
					"rotationY": 75.0,
					"faces": {
						"north": { "texture": "#wood-generic", "uv": [ 1.0, 6.0, 4.0, 6.5 ] },
						"east": { "texture": "#wood-generic", "uv": [ 6.0, 1.0, 9.0, 1.5 ] },
						"south": { "texture": "#wood-generic", "uv": [ 11.0, 12.5, 14.0, 13.0 ] },
						"west": { "texture": "#wood-generic", "uv": [ 5.0, 13.5, 8.0, 14.0 ] },
						"up": { "texture": "#wood-generic", "uv": [ 2.0, 10.5, 5.0, 13.5 ] },
						"down": { "texture": "#wood-generic", "uv": [ 6.5, 3.0, 9.5, 6.0 ] }
					},
					"children": [
						{
							"name": "spool-twine",
							"from": [ 0.3, 0.5, 0.3 ],
							"to": [ 2.7, 3.5, 2.7 ],
							"rotationOrigin": [ 1.5, 1.5, 1.4 ],
							"faces": {
								"north": { "texture": "#linen", "uv": [ 8.5, 10.0, 11.5, 12.0 ], "rotation": 90 },
								"east": { "texture": "#linen", "uv": [ 10.0, 0.0, 13.0, 2.0 ], "rotation": 90 },
								"south": { "texture": "#linen", "uv": [ 2.0, 6.5, 5.0, 8.5 ], "rotation": 90 },
								"west": { "texture": "#linen", "uv": [ 12.0, 3.5, 15.0, 5.5 ], "rotation": 90 }
							}
						},
						{
							"name": "spool-top",
							"from": [ 0.0, 3.0, 0.0 ],
							"to": [ 3.0, 3.5, 3.0 ],
							"rotationOrigin": [ 1.5, 3.0, 1.5 ],
							"faces": {
								"north": { "texture": "#wood-generic", "uv": [ 8.5, 5.0, 11.5, 5.5 ] },
								"east": { "texture": "#wood-generic", "uv": [ 9.0, 1.5, 12.0, 2.0 ] },
								"south": { "texture": "#wood-generic", "uv": [ 12.0, 14.0, 15.0, 14.5 ] },
								"west": { "texture": "#wood-generic", "uv": [ 2.0, 2.5, 5.0, 3.0 ] },
								"up": { "texture": "#wood-generic", "uv": [ 0.0, 1.0, 3.0, 4.0 ] },
								"down": { "texture": "#wood-generic", "uv": [ 10.5, 9.0, 13.5, 12.0 ] }
							}
						},
						{
							"name": "needle",
							"from": [ 0.4, -0.5, 0.5 ],
							"to": [ 0.8, 4.5, 0.9 ],
							"rotationOrigin": [ 0.6, 2.0, 0.7 ],
							"rotationY": -108.0,
							"rotationZ": 64.0,
							"faces": {
								"north": { "texture": "#material", "uv": [ 3.0, 5.5, 3.5, 10.5 ] },
								"east": { "texture": "#material", "uv": [ 7.0, 1.0, 7.5, 6.0 ] },
								"south": { "texture": "#material", "uv": [ 9.5, 3.0, 10.0, 8.0 ] },
								"west": { "texture": "#material", "uv": [ 2.0, 6.0, 2.5, 11.0 ] },
								"up": { "texture": "#material", "uv": [ 0.5, 3.5, 1.0, 4.0 ] },
								"down": { "texture": "#material", "uv": [ 2.0, 0.0, 2.5, 0.5 ] }
							}
						}
					]
				},
				{
					"name": "patch",
					"from": [ -4.0, 0.4, -1.9 ],
					"to": [ 0.0, 0.9, 2.1 ],
					"rotationOrigin": [ -2.0, 0.4, 0.1 ],
					"rotationX": 11.0,
					"rotationY": -39.0,
					"rotationZ": 11.0,
					"faces": {
						"north": { "texture": "#string", "uv": [ 3.5, 0.5, 7.5, 1.0 ] },
						"east": { "texture": "#string", "uv": [ 4.0, 0.5, 8.0, 1.0 ] },
						"south": { "texture": "#string", "uv": [ 7.5, 0.5, 11.5, 1.0 ] },
						"west": { "texture": "#string", "uv": [ 4.0, 0.0, 8.0, 0.5 ] },
						"up": { "texture": "#string", "uv": [ 10.5, 3.5, 14.5, 7.5 ] },
						"down": { "texture": "#string", "uv": [ 8.0, 9.0, 12.0, 13.0 ] }
					}
				},
				{
					"name": "razor-handle",
					"from": [ 0.6, 3.6, -3.6 ],
					"to": [ 1.1, 4.1, 0.4 ],
					"rotationOrigin": [ 0.6, 3.8, -1.6 ],
					"rotationX": 14.0,
					"rotationY": -90.0,
					"faces": {
						"north": { "texture": "#material", "uv": [ 0.0, 9.0, 0.5, 9.5 ] },
						"east": { "texture": "#material", "uv": [ 8.5, 13.5, 12.5, 14.0 ] },
						"south": { "texture": "#material", "uv": [ 5.5, 15.0, 6.0, 15.5 ] },
						"west": { "texture": "#material", "uv": [ 10.5, 11.5, 14.5, 12.0 ] },
						"up": { "texture": "#material", "uv": [ 15.0, 3.5, 15.5, 7.5 ] },
						"down": { "texture": "#material", "uv": [ 4.0, 2.0, 4.5, 6.0 ] }
					},
					"children": [
						{
							"name": "razor-blade",
							"from": [ 0.3, 0.2, -1.0 ],
							"to": [ 1.3, 0.4, 2.5 ],
							"rotationOrigin": [ 0.3, 0.2, -0.5 ],
							"faces": {
								"north": { "texture": "#material", "uv": [ 6.0, 8.5, 7.0, 9.0 ] },
								"east": { "texture": "#material", "uv": [ 5.0, 9.0, 8.5, 9.5 ] },
								"south": { "texture": "#material", "uv": [ 5.5, 4.5, 6.5, 5.0 ] },
								"west": { "texture": "#material", "uv": [ 1.5, 14.0, 5.0, 14.5 ] },
								"up": { "texture": "#material", "uv": [ 12.0, 6.0, 13.0, 9.5 ] },
								"down": { "texture": "#material", "uv": [ 11.5, 2.0, 12.5, 5.5 ] }
							}
						}
					]
				}
			]
		}
	]}