﻿{
  "crossbow-latch-draw": {
  "Hold": false,
  "PlayerKeyFrames": [
    {
      "EasingTime": 200.0,
      "EasingFunction": "Linear",
      "DetachedAnchor": false,
      "SwitchArms": false,
      "PitchFollow": false,
      "PitchDontFollow": false,
      "FOVMultiplier": 1.0,
      "BobbingAmplitude": 1.0,
      "Elements": {
        "ItemAnchor": [
          0.6,
          1.2,
          1.6,
          -17.0,
          -10.0,
          106.0
        ],
        "LowerArmR": [
          0.0,
          0.0,
          0.0,
          0.0,
          0.0,
          -86.0
        ],
        "UpperArmR": [
          0.0,
          0.0,
          0.0,
          0.0,
          16.0,
          -34.0
        ],
        "ItemAnchorL": [
          3.7,
          1.7,
          -0.6,
          -47.0,
          -16.0,
          100.0
        ],
        "LowerArmL": [
          0.0,
          0.0,
          0.0,
          0.0,
          0.0,
          -77.0
        ],
        "UpperArmL": [
          0.0,
          0.0,
          0.0,
          0.0,
          -6.0,
          -39.0
        ]
      }
    },
    {
      "EasingTime": 300.0,
      "EasingFunction": "Linear",
      "DetachedAnchor": false,
      "SwitchArms": true,
      "PitchFollow": false,
      "PitchDontFollow": false,
      "FOVMultiplier": 1.0,
      "BobbingAmplitude": 1.0,
      "Elements": {
        "ItemAnchor": [
          0.6,
          1.2,
          1.6,
          -17.0,
          -10.0,
          106.0
        ],
        "LowerArmR": [
          0.0,
          0.0,
          0.0,
          0.0,
          0.0,
          -133.0
        ],
        "UpperArmR": [
          0.0,
          0.0,
          0.0,
          36.0,
          20.0,
          8.0
        ],
        "ItemAnchorL": [
          3.7,
          1.7,
          -0.6,
          -47.0,
          -16.0,
          100.0
        ],
        "LowerArmL": [
          0.0,
          0.0,
          0.0,
          0.0,
          0.0,
          -77.0
        ],
        "UpperArmL": [
          0.0,
          0.0,
          0.0,
          0.0,
          -6.0,
          -39.0
        ]
      }
    },
    {
      "EasingTime": 492.0,
      "EasingFunction": "Linear",
      "DetachedAnchor": false,
      "SwitchArms": true,
      "PitchFollow": false,
      "PitchDontFollow": false,
      "FOVMultiplier": 1.0,
      "BobbingAmplitude": 1.0,
      "Elements": {
        "ItemAnchor": [
          0.6,
          1.2,
          1.6,
          -17.0,
          -10.0,
          106.0
        ],
        "LowerArmR": [
          0.0,
          0.0,
          0.0,
          0.0,
          0.0,
          -123.0
        ],
        "UpperArmR": [
          0.0,
          0.0,
          0.0,
          36.0,
          -5.0,
          -35.0
        ],
        "ItemAnchorL": [
          3.7,
          1.7,
          -0.6,
          -47.0,
          -16.0,
          100.0
        ],
        "LowerArmL": [
          0.0,
          0.0,
          0.0,
          0.0,
          0.0,
          -77.0
        ],
        "UpperArmL": [
          0.0,
          0.0,
          0.0,
          0.0,
          -6.0,
          -39.0
        ]
      }
    },
    {
      "EasingTime": 607.0,
      "EasingFunction": "Linear",
      "DetachedAnchor": false,
      "SwitchArms": true,
      "PitchFollow": false,
      "PitchDontFollow": false,
      "FOVMultiplier": 1.0,
      "BobbingAmplitude": 1.0,
      "Elements": {
        "ItemAnchor": [
          0.6,
          1.2,
          1.6,
          -17.0,
          -10.0,
          106.0
        ],
        "LowerArmR": [
          0.0,
          0.0,
          0.0,
          0.0,
          0.0,
          -99.0
        ],
        "UpperArmR": [
          0.0,
          0.0,
          0.0,
          36.0,
          -19.0,
          -71.0
        ],
        "ItemAnchorL": [
          3.7,
          1.7,
          -0.6,
          -47.0,
          -16.0,
          100.0
        ],
        "LowerArmL": [
          0.0,
          0.0,
          0.0,
          0.0,
          0.0,
          -77.0
        ],
        "UpperArmL": [
          0.0,
          0.0,
          0.0,
          0.0,
          -6.0,
          -39.0
        ]
      }
    },
    {
      "EasingTime": 941.0,
      "EasingFunction": "Linear",
      "DetachedAnchor": false,
      "SwitchArms": true,
      "PitchFollow": false,
      "PitchDontFollow": false,
      "FOVMultiplier": 1.0,
      "BobbingAmplitude": 1.0,
      "Elements": {
        "ItemAnchor": [
          0.6,
          1.2,
          1.6,
          -17.0,
          -10.0,
          106.0
        ],
        "LowerArmR": [
          0.0,
          0.0,
          0.0,
          0.0,
          0.0,
          -28.0
        ],
        "UpperArmR": [
          1.5,
          0.0,
          0.0,
          31.0,
          -9.0,
          -122.0
        ],
        "ItemAnchorL": [
          3.7,
          1.7,
          -0.6,
          -47.0,
          -16.0,
          100.0
        ],
        "LowerArmL": [
          0.0,
          0.0,
          0.0,
          0.0,
          0.0,
          -77.0
        ],
        "UpperArmL": [
          0.0,
          0.0,
          0.0,
          0.0,
          -6.0,
          -39.0
        ]
      }
    },
    {
      "EasingTime": 1102.0,
      "EasingFunction": "Linear",
      "DetachedAnchor": false,
      "SwitchArms": true,
      "PitchFollow": false,
      "PitchDontFollow": false,
      "FOVMultiplier": 1.0,
      "BobbingAmplitude": 1.0,
      "Elements": {
        "ItemAnchor": [
          0.6,
          1.2,
          1.6,
          -17.0,
          -10.0,
          106.0
        ],
        "LowerArmR": [
          0.0,
          0.0,
          0.0,
          0.0,
          0.0,
          -28.0
        ],
        "UpperArmR": [
          1.5,
          0.0,
          0.0,
          31.0,
          -9.0,
          -122.0
        ],
        "ItemAnchorL": [
          3.7,
          1.7,
          -0.6,
          -47.0,
          -16.0,
          100.0
        ],
        "LowerArmL": [
          0.0,
          0.0,
          0.0,
          0.0,
          0.0,
          -77.0
        ],
        "UpperArmL": [
          0.0,
          0.0,
          0.0,
          0.0,
          -6.0,
          -39.0
        ]
      }
    },
    {
      "EasingTime": 1387.0,
      "EasingFunction": "Linear",
      "DetachedAnchor": false,
      "SwitchArms": true,
      "PitchFollow": false,
      "PitchDontFollow": false,
      "FOVMultiplier": 1.0,
      "BobbingAmplitude": 1.0,
      "Elements": {
        "ItemAnchor": [
          0.6,
          1.2,
          1.6,
          -17.0,
          -10.0,
          106.0
        ],
        "LowerArmR": [
          0.0,
          0.0,
          0.0,
          0.0,
          0.0,
          -72.0
        ],
        "UpperArmR": [
          1.5,
          0.0,
          0.0,
          31.0,
          -23.0,
          -96.0
        ],
        "ItemAnchorL": [
          3.7,
          1.7,
          -0.6,
          -47.0,
          -16.0,
          100.0
        ],
        "LowerArmL": [
          0.0,
          0.0,
          0.0,
          0.0,
          0.0,
          -77.0
        ],
        "UpperArmL": [
          0.0,
          0.0,
          0.0,
          0.0,
          -6.0,
          -39.0
        ]
      }
    },
    {
      "EasingTime": 1599.0,
      "EasingFunction": "Linear",
      "DetachedAnchor": false,
      "SwitchArms": true,
      "PitchFollow": false,
      "PitchDontFollow": false,
      "FOVMultiplier": 1.0,
      "BobbingAmplitude": 1.0,
      "Elements": {
        "ItemAnchor": [
          0.6,
          1.2,
          1.6,
          -17.0,
          -10.0,
          106.0
        ],
        "LowerArmR": [
          0.0,
          0.0,
          0.0,
          0.0,
          0.0,
          -105.0
        ],
        "UpperArmR": [
          1.5,
          0.0,
          0.0,
          65.0,
          -24.0,
          -48.0
        ],
        "ItemAnchorL": [
          3.7,
          1.7,
          -0.6,
          -47.0,
          -16.0,
          100.0
        ],
        "LowerArmL": [
          0.0,
          0.0,
          0.0,
          0.0,
          0.0,
          -77.0
        ],
        "UpperArmL": [
          0.0,
          0.0,
          0.0,
          0.0,
          -6.0,
          -39.0
        ]
      }
    },
    {
      "EasingTime": 1903.0,
      "EasingFunction": "Linear",
      "DetachedAnchor": false,
      "SwitchArms": true,
      "PitchFollow": false,
      "PitchDontFollow": false,
      "FOVMultiplier": 1.0,
      "BobbingAmplitude": 1.0,
      "Elements": {
        "ItemAnchor": [
          0.6,
          1.2,
          1.6,
          -17.0,
          -10.0,
          106.0
        ],
        "LowerArmR": [
          0.0,
          0.0,
          0.0,
          0.0,
          0.0,
          -119.0
        ],
        "UpperArmR": [
          1.5,
          0.0,
          0.0,
          65.0,
          18.0,
          -12.0
        ],
        "ItemAnchorL": [
          3.7,
          1.7,
          -0.6,
          -47.0,
          -16.0,
          100.0
        ],
        "LowerArmL": [
          0.0,
          0.0,
          0.0,
          0.0,
          0.0,
          -77.0
        ],
        "UpperArmL": [
          0.0,
          0.0,
          0.0,
          0.0,
          -6.0,
          -39.0
        ]
      }
    },
    {
      "EasingTime": 2000.0,
      "EasingFunction": "Linear",
      "DetachedAnchor": false,
      "SwitchArms": true,
      "PitchFollow": false,
      "PitchDontFollow": false,
      "FOVMultiplier": 1.0,
      "BobbingAmplitude": 1.0,
      "Elements": {
        "ItemAnchor": [
          0.6,
          1.2,
          1.6,
          -17.0,
          -10.0,
          106.0
        ],
        "LowerArmR": [
          0.0,
          0.0,
          0.0,
          0.0,
          0.0,
          -86.0
        ],
        "UpperArmR": [
          0.0,
          0.0,
          0.0,
          0.0,
          16.0,
          -34.0
        ],
        "ItemAnchorL": [
          3.7,
          1.7,
          -0.6,
          -47.0,
          -16.0,
          100.0
        ],
        "LowerArmL": [
          0.0,
          0.0,
          0.0,
          0.0,
          0.0,
          -77.0
        ],
        "UpperArmL": [
          0.0,
          0.0,
          0.0,
          0.0,
          -6.0,
          -39.0
        ]
      }
    }
  ],
  "ItemKeyFrames": [
    {
      "DurationFraction": 0.0,
      "EasingFunction": "Linear",
      "Elements": {
        "Bow_right_limb_5": [
          0.0,
          0.0,
          0.0,
          0.0,
          0.0,
          0.0
        ],
        "Stock_front_22": [
          0.0,
          0.0,
          0.0,
          0.0,
          0.0,
          0.0
        ],
        "Bow_right_limb_4": [
          0.0,
          0.0,
          0.0,
          0.0,
          0.0,
          0.0
        ],
        "String": [
          0.0,
          0.0,
          0.0,
          0.0,
          0.0,
          0.0
        ],
        "String_6": [
          0.0,
          0.0,
          0.0,
          0.0,
          0.0,
          0.0
        ],
        "Attachment_bolt": [
          0.0,
          0.0,
          0.0,
          0.0,
          0.0,
          0.0
        ],
        "Bow_right_limb_8": [
          0.0,
          0.0,
          0.0,
          0.0,
          0.0,
          0.0
        ],
        "Bow_right_limb_3": [
          0.0,
          0.0,
          0.0,
          0.0,
          0.0,
          0.0
        ],
        "Trigger": [
          0.0,
          0.0,
          0.0,
          12.0,
          0.0,
          0.0
        ],
        "Latch": [
          0.0,
          0.0,
          0.0,
          0.0,
          0.0,
          0.0
        ],
        "Bow_right_limb_10": [
          0.0,
          0.0,
          0.0,
          0.0,
          0.0,
          0.0
        ],
        "Wheel": [
          0.0,
          0.0,
          0.0,
          -78.0,
          0.0,
          0.0
        ],
        "Bow_right_limb_13": [
          0.0,
          0.0,
          0.0,
          0.0,
          0.0,
          0.0
        ],
        "Bow_right_limb_11": [
          0.0,
          0.0,
          0.0,
          0.0,
          0.0,
          0.0
        ],
        "String_2": [
          0.0,
          0.0,
          0.0,
          0.0,
          0.0,
          0.0
        ],
        "Bow_right_limb_9": [
          0.0,
          0.0,
          0.0,
          0.0,
          0.0,
          0.0
        ],
        "latch_16": [
          0.0,
          0.0,
          0.0,
          -24.0,
          0.0,
          0.0
        ],
        "Trigger_mechanism": [
          0.0,
          0.0,
          0.0,
          0.0,
          0.0,
          0.0
        ],
        "Bow_right_limb_14": [
          0.0,
          0.0,
          0.0,
          0.0,
          0.0,
          0.0
        ],
        "Bow_right_limb_7": [
          0.0,
          0.0,
          0.0,
          0.0,
          0.0,
          0.0
        ],
        "Bow_right_limb_1": [
          0.0,
          0.0,
          0.0,
          0.0,
          0.0,
          0.0
        ],
        "Bow_right_limb_2": [
          0.0,
          0.0,
          0.0,
          0.0,
          0.0,
          0.0
        ]
      }
    },
    {
      "DurationFraction": 0.018867923,
      "EasingFunction": "Linear",
      "Elements": {
        "Bow_right_limb_5": [
          0.0,
          0.0,
          0.0,
          0.0,
          0.0,
          0.0
        ],
        "Stock_front_22": [
          0.0,
          0.0,
          0.1,
          5.0,
          0.0,
          0.0
        ],
        "Bow_right_limb_4": [
          0.0,
          0.0,
          0.0,
          0.0,
          0.0,
          0.0
        ],
        "String": [
          0.0,
          0.0,
          0.0,
          0.0,
          0.0,
          0.0
        ],
        "String_6": [
          0.0,
          0.0,
          0.0,
          0.0,
          0.0,
          0.0
        ],
        "Attachment_bolt": [
          0.0,
          0.0,
          0.0,
          0.0,
          0.0,
          0.0
        ],
        "Bow_right_limb_8": [
          0.0,
          0.0,
          0.0,
          0.0,
          0.0,
          0.0
        ],
        "Bow_right_limb_3": [
          0.0,
          0.0,
          0.0,
          0.0,
          0.0,
          0.0
        ],
        "Trigger": [
          0.0,
          0.0,
          0.0,
          11.933333,
          0.0,
          0.0
        ],
        "Latch": [
          0.0,
          0.0,
          0.0,
          -5.466667,
          0.0,
          0.0
        ],
        "Bow_right_limb_10": [
          0.0,
          0.0,
          0.0,
          0.0,
          0.0,
          0.0
        ],
        "Wheel": [
          0.0,
          0.0,
          0.0,
          -78.0,
          0.0,
          0.0
        ],
        "Bow_right_limb_13": [
          0.0,
          0.0,
          0.0,
          0.0,
          0.0,
          0.0
        ],
        "Bow_right_limb_11": [
          0.0,
          0.0,
          0.0,
          0.0,
          0.0,
          0.0
        ],
        "String_2": [
          0.0,
          0.0,
          0.0,
          0.0,
          0.0,
          0.0
        ],
        "Bow_right_limb_9": [
          0.0,
          0.0,
          0.0,
          0.0,
          0.0,
          0.0
        ],
        "latch_16": [
          0.0,
          0.0,
          0.0,
          -24.0,
          0.0,
          0.0
        ],
        "Trigger_mechanism": [
          0.0,
          0.0,
          0.0,
          3.0333335,
          0.0,
          0.0
        ],
        "Bow_right_limb_14": [
          0.0,
          0.0,
          0.0,
          0.0,
          0.0,
          0.0
        ],
        "Bow_right_limb_7": [
          0.0,
          0.0,
          0.0,
          0.0,
          0.0,
          0.0
        ],
        "Bow_right_limb_1": [
          0.0,
          0.0,
          0.0,
          0.0,
          0.0,
          0.0
        ],
        "Bow_right_limb_2": [
          0.0,
          0.0,
          0.0,
          0.0,
          0.0,
          0.0
        ]
      }
    },
    {
      "DurationFraction": 0.11320754,
      "EasingFunction": "Linear",
      "Elements": {
        "Bow_right_limb_5": [
          0.0,
          0.0,
          0.0,
          0.0,
          0.0,
          0.0
        ],
        "Stock_front_22": [
          0.0,
          0.0,
          0.0,
          0.0,
          0.0,
          0.0
        ],
        "Bow_right_limb_4": [
          0.0,
          0.0,
          0.0,
          0.0,
          0.0,
          0.0
        ],
        "String": [
          0.0,
          0.0,
          0.0,
          0.0,
          0.0,
          0.0
        ],
        "String_6": [
          0.0,
          0.0,
          0.0,
          0.0,
          0.0,
          0.0
        ],
        "Attachment_bolt": [
          0.0,
          0.0,
          0.0,
          0.0,
          0.0,
          0.0
        ],
        "Bow_right_limb_8": [
          0.0,
          0.0,
          0.0,
          0.0,
          0.0,
          0.0
        ],
        "Bow_right_limb_3": [
          0.0,
          0.0,
          0.0,
          0.0,
          0.0,
          0.0
        ],
        "Trigger": [
          0.0,
          0.0,
          0.0,
          11.6,
          0.0,
          0.0
        ],
        "Latch": [
          0.0,
          0.0,
          0.0,
          -32.8,
          0.0,
          0.0
        ],
        "Bow_right_limb_10": [
          0.0,
          0.0,
          0.0,
          0.0,
          0.0,
          0.0
        ],
        "Wheel": [
          0.0,
          0.0,
          0.0,
          -78.0,
          0.0,
          0.0
        ],
        "Bow_right_limb_13": [
          0.0,
          0.0,
          0.0,
          0.0,
          0.0,
          0.0
        ],
        "Bow_right_limb_11": [
          0.0,
          0.0,
          0.0,
          0.0,
          0.0,
          0.0
        ],
        "String_2": [
          0.0,
          0.0,
          0.0,
          0.0,
          0.0,
          0.0
        ],
        "Bow_right_limb_9": [
          0.0,
          0.0,
          0.0,
          0.0,
          0.0,
          0.0
        ],
        "latch_16": [
          0.0,
          0.0,
          0.0,
          -24.0,
          0.0,
          0.0
        ],
        "Trigger_mechanism": [
          0.0,
          0.0,
          0.0,
          18.2,
          0.0,
          0.0
        ],
        "Bow_right_limb_14": [
          0.0,
          0.0,
          0.0,
          0.0,
          0.0,
          0.0
        ],
        "Bow_right_limb_7": [
          0.0,
          0.0,
          0.0,
          0.0,
          0.0,
          0.0
        ],
        "Bow_right_limb_1": [
          0.0,
          0.0,
          0.0,
          0.0,
          0.0,
          0.0
        ],
        "Bow_right_limb_2": [
          0.0,
          0.0,
          0.0,
          0.0,
          0.0,
          0.0
        ]
      }
    },
    {
      "DurationFraction": 0.28301886,
      "EasingFunction": "Linear",
      "Elements": {
        "Bow_right_limb_5": [
          0.0,
          0.0,
          0.0,
          0.0,
          0.0,
          0.0
        ],
        "Stock_front_22": [
          0.0,
          0.0,
          0.0,
          0.0,
          0.0,
          0.0
        ],
        "Bow_right_limb_4": [
          0.0,
          0.0,
          0.0,
          0.0,
          0.0,
          0.0
        ],
        "String": [
          0.0,
          0.0,
          0.0,
          0.0,
          0.0,
          0.0
        ],
        "String_6": [
          0.0,
          0.0,
          0.0,
          0.0,
          0.0,
          0.0
        ],
        "Attachment_bolt": [
          0.0,
          0.0,
          0.0,
          0.0,
          0.0,
          0.0
        ],
        "Bow_right_limb_8": [
          0.0,
          0.0,
          0.0,
          0.0,
          0.0,
          0.0
        ],
        "Bow_right_limb_3": [
          0.0,
          0.0,
          0.0,
          0.0,
          0.0,
          0.0
        ],
        "Trigger": [
          0.0,
          0.0,
          0.0,
          11.0,
          0.0,
          0.0
        ],
        "Latch": [
          0.0,
          0.0,
          0.0,
          -82.0,
          0.0,
          0.0
        ],
        "Bow_right_limb_10": [
          0.0,
          0.0,
          0.0,
          0.0,
          0.0,
          0.0
        ],
        "Wheel": [
          0.0,
          0.0,
          0.0,
          -78.0,
          0.0,
          0.0
        ],
        "Bow_right_limb_13": [
          0.0,
          0.0,
          0.0,
          0.0,
          0.0,
          0.0
        ],
        "Bow_right_limb_11": [
          0.0,
          0.0,
          0.0,
          0.0,
          0.0,
          0.0
        ],
        "String_2": [
          0.0,
          0.0,
          0.0,
          0.0,
          0.0,
          0.0
        ],
        "Bow_right_limb_9": [
          0.0,
          0.0,
          0.0,
          0.0,
          0.0,
          0.0
        ],
        "latch_16": [
          0.0,
          0.0,
          0.0,
          -24.0,
          0.0,
          0.0
        ],
        "Trigger_mechanism": [
          0.0,
          0.0,
          0.0,
          45.5,
          0.0,
          0.0
        ],
        "Bow_right_limb_14": [
          0.0,
          0.0,
          0.0,
          0.0,
          0.0,
          0.0
        ],
        "Bow_right_limb_7": [
          0.0,
          0.0,
          0.0,
          0.0,
          0.0,
          0.0
        ],
        "Bow_right_limb_1": [
          0.0,
          0.0,
          0.0,
          0.0,
          0.0,
          0.0
        ],
        "Bow_right_limb_2": [
          0.0,
          0.0,
          0.0,
          0.0,
          0.0,
          0.0
        ]
      }
    },
    {
      "DurationFraction": 0.37735856,
      "EasingFunction": "Linear",
      "Elements": {
        "Bow_right_limb_5": [
          0.0,
          0.0,
          0.0,
          0.0,
          0.0,
          0.0
        ],
        "Stock_front_22": [
          0.0,
          0.0,
          0.0,
          0.0,
          0.0,
          0.0
        ],
        "Bow_right_limb_4": [
          0.0,
          0.0,
          0.0,
          0.0,
          0.0,
          0.0
        ],
        "String": [
          0.0,
          0.0,
          0.0,
          0.0,
          0.0,
          0.0
        ],
        "String_6": [
          0.0,
          0.0,
          0.0,
          0.0,
          0.0,
          0.0
        ],
        "Attachment_bolt": [
          0.0,
          0.0,
          0.0,
          0.0,
          0.0,
          0.0
        ],
        "Bow_right_limb_8": [
          0.0,
          0.0,
          0.0,
          0.0,
          0.0,
          0.0
        ],
        "Bow_right_limb_3": [
          0.0,
          0.0,
          0.0,
          0.0,
          0.0,
          0.0
        ],
        "Trigger": [
          0.0,
          0.0,
          0.0,
          0.0,
          0.0,
          0.0
        ],
        "Latch": [
          0.0,
          0.0,
          0.0,
          -95.0,
          0.0,
          0.0
        ],
        "Bow_right_limb_10": [
          0.0,
          0.0,
          0.0,
          0.0,
          0.0,
          0.0
        ],
        "Wheel": [
          0.0,
          0.0,
          0.0,
          0.0,
          0.0,
          0.0
        ],
        "Bow_right_limb_13": [
          0.0,
          0.0,
          0.0,
          0.0,
          0.0,
          0.0
        ],
        "Bow_right_limb_11": [
          0.0,
          0.0,
          0.0,
          0.0,
          0.0,
          0.0
        ],
        "String_2": [
          0.0,
          0.0,
          0.0,
          0.0,
          0.0,
          0.0
        ],
        "Bow_right_limb_9": [
          0.0,
          0.0,
          0.0,
          0.0,
          0.0,
          0.0
        ],
        "latch_16": [
          0.0,
          0.0,
          0.0,
          0.0,
          0.0,
          0.0
        ],
        "Trigger_mechanism": [
          0.0,
          0.0,
          0.0,
          53.5,
          0.0,
          0.0
        ],
        "Bow_right_limb_14": [
          0.0,
          0.0,
          0.0,
          0.0,
          0.0,
          0.0
        ],
        "Bow_right_limb_7": [
          0.0,
          0.0,
          0.0,
          0.0,
          0.0,
          0.0
        ],
        "Bow_right_limb_1": [
          0.0,
          0.0,
          0.0,
          0.0,
          0.0,
          0.0
        ],
        "Bow_right_limb_2": [
          0.0,
          0.0,
          0.0,
          0.0,
          0.0,
          0.0
        ]
      }
    },
    {
      "DurationFraction": 0.47169808,
      "EasingFunction": "Linear",
      "Elements": {
        "Bow_right_limb_5": [
          0.0,
          0.0,
          0.0,
          0.0,
          0.0,
          0.0
        ],
        "Stock_front_22": [
          0.0,
          0.0,
          0.0,
          0.0,
          0.0,
          0.0
        ],
        "Bow_right_limb_4": [
          0.0,
          0.0,
          0.0,
          0.0,
          0.0,
          0.0
        ],
        "String": [
          0.0,
          0.0,
          0.0,
          0.0,
          0.0,
          0.0
        ],
        "String_6": [
          0.0,
          0.0,
          0.0,
          0.0,
          0.0,
          0.0
        ],
        "Attachment_bolt": [
          0.0,
          0.0,
          0.0,
          0.0,
          0.0,
          0.0
        ],
        "Bow_right_limb_8": [
          0.0,
          0.0,
          0.0,
          0.0,
          0.0,
          0.0
        ],
        "Bow_right_limb_3": [
          0.0,
          0.0,
          0.0,
          0.0,
          0.0,
          0.0
        ],
        "Trigger": [
          0.0,
          0.0,
          0.0,
          0.0,
          0.0,
          0.0
        ],
        "Latch": [
          0.0,
          0.0,
          0.0,
          -95.0,
          0.0,
          0.0
        ],
        "Bow_right_limb_10": [
          0.0,
          0.0,
          0.0,
          0.0,
          0.0,
          0.0
        ],
        "Wheel": [
          0.0,
          0.0,
          0.0,
          0.0,
          0.0,
          0.0
        ],
        "Bow_right_limb_13": [
          0.0,
          0.0,
          0.0,
          0.0,
          0.0,
          0.0
        ],
        "Bow_right_limb_11": [
          0.0,
          0.0,
          0.0,
          0.0,
          0.0,
          0.0
        ],
        "String_2": [
          0.0,
          0.0,
          0.0,
          0.0,
          0.0,
          0.0
        ],
        "Bow_right_limb_9": [
          0.0,
          0.0,
          0.0,
          0.0,
          0.0,
          0.0
        ],
        "latch_16": [
          0.0,
          0.0,
          0.0,
          0.0,
          0.0,
          0.0
        ],
        "Trigger_mechanism": [
          0.0,
          0.0,
          0.0,
          53.5,
          0.0,
          0.0
        ],
        "Bow_right_limb_14": [
          0.0,
          0.0,
          0.0,
          0.0,
          0.0,
          0.0
        ],
        "Bow_right_limb_7": [
          0.0,
          0.0,
          0.0,
          0.0,
          0.0,
          0.0
        ],
        "Bow_right_limb_1": [
          0.0,
          0.0,
          0.0,
          0.0,
          0.0,
          0.0
        ],
        "Bow_right_limb_2": [
          0.0,
          0.0,
          0.0,
          0.0,
          0.0,
          0.0
        ]
      }
    },
    {
      "DurationFraction": 0.5660377,
      "EasingFunction": "Linear",
      "Elements": {
        "Bow_right_limb_5": [
          0.0,
          0.0,
          0.0,
          0.0,
          -0.6,
          0.0
        ],
        "Stock_front_22": [
          0.0,
          0.0,
          0.0,
          0.0,
          0.0,
          0.0
        ],
        "Bow_right_limb_4": [
          0.0,
          0.0,
          0.0,
          0.0,
          -0.4,
          0.0
        ],
        "String": [
          0.0,
          0.5,
          0.8,
          0.0,
          0.0,
          0.0
        ],
        "String_6": [
          0.0,
          0.0,
          0.0,
          0.0,
          -4.0,
          -3.0
        ],
        "Attachment_bolt": [
          0.0,
          0.0,
          0.0,
          0.0,
          0.0,
          0.0
        ],
        "Bow_right_limb_8": [
          0.0,
          0.0,
          0.0,
          0.0,
          -0.4,
          0.0
        ],
        "Bow_right_limb_3": [
          0.0,
          0.0,
          0.0,
          0.0,
          -0.4,
          0.0
        ],
        "Trigger": [
          0.0,
          0.0,
          0.0,
          0.0,
          0.0,
          0.0
        ],
        "Latch": [
          0.0,
          0.0,
          0.0,
          -75.8,
          0.0,
          0.0
        ],
        "Bow_right_limb_10": [
          0.0,
          0.0,
          0.0,
          0.0,
          -0.4,
          0.0
        ],
        "Wheel": [
          0.0,
          0.0,
          0.0,
          0.0,
          0.0,
          0.0
        ],
        "Bow_right_limb_13": [
          0.0,
          0.0,
          0.0,
          0.0,
          0.0,
          0.0
        ],
        "Bow_right_limb_11": [
          0.0,
          0.0,
          0.0,
          0.0,
          -0.4,
          0.0
        ],
        "String_2": [
          0.0,
          0.0,
          0.0,
          0.0,
          4.0,
          -3.0
        ],
        "Bow_right_limb_9": [
          0.0,
          0.0,
          0.0,
          0.0,
          -0.4,
          0.0
        ],
        "latch_16": [
          0.0,
          0.0,
          0.0,
          0.0,
          0.0,
          0.0
        ],
        "Trigger_mechanism": [
          0.0,
          0.0,
          0.0,
          42.6,
          0.0,
          0.0
        ],
        "Bow_right_limb_14": [
          0.0,
          0.0,
          0.0,
          0.0,
          0.0,
          0.0
        ],
        "Bow_right_limb_7": [
          0.0,
          0.0,
          0.0,
          0.0,
          0.4,
          0.0
        ],
        "Bow_right_limb_1": [
          0.0,
          0.0,
          0.0,
          0.0,
          -0.4,
          0.0
        ],
        "Bow_right_limb_2": [
          0.0,
          0.0,
          0.0,
          0.0,
          -0.4,
          0.0
        ]
      }
    },
    {
      "DurationFraction": 0.6603774,
      "EasingFunction": "Linear",
      "Elements": {
        "Bow_right_limb_5": [
          0.0,
          0.0,
          0.0,
          0.0,
          -1.2,
          0.0
        ],
        "Stock_front_22": [
          0.0,
          0.0,
          0.0,
          0.0,
          0.0,
          0.0
        ],
        "Bow_right_limb_4": [
          0.0,
          0.0,
          0.0,
          0.0,
          -0.8,
          0.0
        ],
        "String": [
          0.0,
          1.0,
          1.7,
          0.0,
          0.0,
          0.0
        ],
        "String_6": [
          0.0,
          0.0,
          0.0,
          0.0,
          -9.0,
          -6.5
        ],
        "Attachment_bolt": [
          0.0,
          0.0,
          0.0,
          0.0,
          0.0,
          0.0
        ],
        "Bow_right_limb_8": [
          0.0,
          0.0,
          0.0,
          0.0,
          -0.8,
          0.0
        ],
        "Bow_right_limb_3": [
          0.0,
          0.0,
          0.0,
          0.0,
          -0.8,
          0.0
        ],
        "Trigger": [
          0.0,
          0.0,
          0.0,
          0.0,
          0.0,
          0.0
        ],
        "Latch": [
          0.0,
          0.0,
          0.0,
          -56.6,
          0.0,
          0.0
        ],
        "Bow_right_limb_10": [
          0.0,
          0.0,
          0.0,
          0.0,
          -0.8,
          0.0
        ],
        "Wheel": [
          0.0,
          0.0,
          0.0,
          0.0,
          0.0,
          0.0
        ],
        "Bow_right_limb_13": [
          0.0,
          0.0,
          0.0,
          0.0,
          0.0,
          0.0
        ],
        "Bow_right_limb_11": [
          0.0,
          0.0,
          0.0,
          0.0,
          -0.8,
          0.0
        ],
        "String_2": [
          0.0,
          0.0,
          0.0,
          0.0,
          9.0,
          -6.5
        ],
        "Bow_right_limb_9": [
          0.0,
          0.0,
          0.0,
          0.0,
          -0.8,
          0.0
        ],
        "latch_16": [
          0.0,
          0.0,
          0.0,
          0.0,
          0.0,
          0.0
        ],
        "Trigger_mechanism": [
          0.0,
          0.0,
          0.0,
          31.699999,
          0.0,
          0.0
        ],
        "Bow_right_limb_14": [
          0.0,
          0.0,
          0.0,
          0.0,
          0.0,
          0.0
        ],
        "Bow_right_limb_7": [
          0.0,
          0.0,
          0.0,
          0.0,
          0.8,
          0.0
        ],
        "Bow_right_limb_1": [
          0.0,
          0.0,
          0.0,
          0.0,
          -0.8,
          0.0
        ],
        "Bow_right_limb_2": [
          0.0,
          0.0,
          0.0,
          0.0,
          -0.8,
          0.0
        ]
      }
    },
    {
      "DurationFraction": 0.754717,
      "EasingFunction": "Linear",
      "Elements": {
        "Bow_right_limb_5": [
          0.0,
          0.0,
          0.0,
          0.0,
          -1.8000001,
          0.0
        ],
        "Stock_front_22": [
          0.0,
          0.0,
          0.0,
          0.0,
          0.0,
          0.0
        ],
        "Bow_right_limb_4": [
          0.0,
          0.0,
          0.0,
          0.0,
          -1.2,
          0.0
        ],
        "String": [
          0.0,
          1.0,
          2.6,
          0.0,
          0.0,
          0.0
        ],
        "String_6": [
          0.0,
          0.0,
          0.0,
          0.0,
          -13.0,
          -6.0
        ],
        "Attachment_bolt": [
          0.0,
          0.0,
          0.0,
          0.0,
          0.0,
          0.0
        ],
        "Bow_right_limb_8": [
          0.0,
          0.0,
          0.0,
          0.0,
          -1.2,
          0.0
        ],
        "Bow_right_limb_3": [
          0.0,
          0.0,
          0.0,
          0.0,
          -1.2,
          0.0
        ],
        "Trigger": [
          0.0,
          0.0,
          0.0,
          0.0,
          0.0,
          0.0
        ],
        "Latch": [
          0.0,
          0.0,
          0.0,
          -37.399998,
          0.0,
          0.0
        ],
        "Bow_right_limb_10": [
          0.0,
          0.0,
          0.0,
          0.0,
          -1.2,
          0.0
        ],
        "Wheel": [
          0.0,
          0.0,
          0.0,
          0.0,
          0.0,
          0.0
        ],
        "Bow_right_limb_13": [
          0.0,
          0.0,
          0.0,
          0.0,
          0.0,
          0.0
        ],
        "Bow_right_limb_11": [
          0.0,
          0.0,
          0.0,
          0.0,
          -1.2,
          0.0
        ],
        "String_2": [
          0.0,
          0.0,
          0.0,
          0.0,
          13.0,
          -6.0
        ],
        "Bow_right_limb_9": [
          0.0,
          0.0,
          0.0,
          0.0,
          -1.2,
          0.0
        ],
        "latch_16": [
          0.0,
          0.0,
          0.0,
          0.0,
          0.0,
          0.0
        ],
        "Trigger_mechanism": [
          0.0,
          0.0,
          0.0,
          20.8,
          0.0,
          0.0
        ],
        "Bow_right_limb_14": [
          0.0,
          0.0,
          0.0,
          0.0,
          0.0,
          0.0
        ],
        "Bow_right_limb_7": [
          0.0,
          0.0,
          0.0,
          0.0,
          1.2,
          0.0
        ],
        "Bow_right_limb_1": [
          0.0,
          0.0,
          0.0,
          0.0,
          -1.2,
          0.0
        ],
        "Bow_right_limb_2": [
          0.0,
          0.0,
          0.0,
          0.0,
          -1.2,
          0.0
        ]
      }
    },
    {
      "DurationFraction": 0.84905666,
      "EasingFunction": "Linear",
      "Elements": {
        "Bow_right_limb_5": [
          0.0,
          0.0,
          0.0,
          0.0,
          -2.4,
          0.0
        ],
        "Stock_front_22": [
          0.0,
          0.0,
          0.0,
          0.0,
          0.0,
          0.0
        ],
        "Bow_right_limb_4": [
          0.0,
          0.0,
          0.0,
          0.0,
          -1.6,
          0.0
        ],
        "String": [
          0.0,
          0.7,
          3.4,
          0.0,
          0.0,
          0.0
        ],
        "String_6": [
          0.0,
          0.0,
          0.0,
          0.0,
          -17.0,
          -4.0
        ],
        "Attachment_bolt": [
          0.0,
          0.0,
          0.0,
          0.0,
          0.0,
          0.0
        ],
        "Bow_right_limb_8": [
          0.0,
          0.0,
          0.0,
          0.0,
          -1.6,
          0.0
        ],
        "Bow_right_limb_3": [
          0.0,
          0.0,
          0.0,
          0.0,
          -1.6,
          0.0
        ],
        "Trigger": [
          0.0,
          0.0,
          0.0,
          0.0,
          0.0,
          0.0
        ],
        "Latch": [
          0.0,
          0.0,
          0.0,
          -18.199997,
          0.0,
          0.0
        ],
        "Bow_right_limb_10": [
          0.0,
          0.0,
          0.0,
          0.0,
          -1.6,
          0.0
        ],
        "Wheel": [
          0.0,
          0.0,
          0.0,
          0.0,
          0.0,
          0.0
        ],
        "Bow_right_limb_13": [
          0.0,
          0.0,
          0.0,
          0.0,
          0.0,
          0.0
        ],
        "Bow_right_limb_11": [
          0.0,
          0.0,
          0.0,
          0.0,
          -1.6,
          0.0
        ],
        "String_2": [
          0.0,
          0.0,
          0.0,
          0.0,
          16.5,
          -3.75
        ],
        "Bow_right_limb_9": [
          0.0,
          0.0,
          0.0,
          0.0,
          -1.6,
          0.0
        ],
        "latch_16": [
          0.0,
          0.0,
          0.0,
          0.0,
          0.0,
          0.0
        ],
        "Trigger_mechanism": [
          0.0,
          0.0,
          0.0,
          9.899998,
          0.0,
          0.0
        ],
        "Bow_right_limb_14": [
          0.0,
          0.0,
          0.0,
          0.0,
          0.0,
          0.0
        ],
        "Bow_right_limb_7": [
          0.0,
          0.0,
          0.0,
          0.0,
          1.6,
          0.0
        ],
        "Bow_right_limb_1": [
          0.0,
          0.0,
          0.0,
          0.0,
          -1.6,
          0.0
        ],
        "Bow_right_limb_2": [
          0.0,
          0.0,
          0.0,
          0.0,
          -1.6,
          0.0
        ]
      }
    },
    {
      "DurationFraction": 0.9245283,
      "EasingFunction": "Linear",
      "Elements": {
        "Bow_right_limb_5": [
          0.0,
          0.0,
          0.0,
          0.0,
          -2.8799999,
          0.0
        ],
        "Stock_front_22": [
          0.0,
          0.0,
          0.0,
          0.0,
          0.0,
          0.0
        ],
        "Bow_right_limb_4": [
          0.0,
          0.0,
          0.0,
          0.0,
          -1.92,
          0.0
        ],
        "String": [
          0.0,
          0.38,
          3.88,
          0.0,
          0.0,
          0.0
        ],
        "String_6": [
          0.0,
          0.0,
          0.0,
          0.0,
          -19.4,
          -2.0
        ],
        "Attachment_bolt": [
          0.0,
          0.0,
          0.0,
          0.0,
          0.0,
          0.0
        ],
        "Bow_right_limb_8": [
          0.0,
          0.0,
          0.0,
          0.0,
          -1.92,
          0.0
        ],
        "Bow_right_limb_3": [
          0.0,
          0.0,
          0.0,
          0.0,
          -1.92,
          0.0
        ],
        "Trigger": [
          0.0,
          0.0,
          0.0,
          0.0,
          0.0,
          0.0
        ],
        "Latch": [
          0.0,
          0.0,
          0.0,
          -2.840004,
          0.0,
          0.0
        ],
        "Bow_right_limb_10": [
          0.0,
          0.0,
          0.0,
          0.0,
          -1.92,
          0.0
        ],
        "Wheel": [
          0.0,
          0.0,
          0.0,
          0.0,
          0.0,
          0.0
        ],
        "Bow_right_limb_13": [
          0.0,
          0.0,
          0.0,
          0.0,
          0.0,
          0.0
        ],
        "Bow_right_limb_11": [
          0.0,
          0.0,
          0.0,
          0.0,
          -1.92,
          0.0
        ],
        "String_2": [
          0.0,
          0.0,
          0.0,
          0.0,
          19.3,
          -1.9500003
        ],
        "Bow_right_limb_9": [
          0.0,
          0.0,
          0.0,
          0.0,
          -1.92,
          0.0
        ],
        "latch_16": [
          0.0,
          0.0,
          0.0,
          0.0,
          0.0,
          0.0
        ],
        "Trigger_mechanism": [
          0.0,
          0.0,
          0.0,
          1.1800003,
          0.0,
          0.0
        ],
        "Bow_right_limb_14": [
          0.0,
          0.0,
          0.0,
          0.0,
          0.0,
          0.0
        ],
        "Bow_right_limb_7": [
          0.0,
          0.0,
          0.0,
          0.0,
          1.92,
          0.0
        ],
        "Bow_right_limb_1": [
          0.0,
          0.0,
          0.0,
          0.0,
          -1.92,
          0.0
        ],
        "Bow_right_limb_2": [
          0.0,
          0.0,
          0.0,
          0.0,
          -1.92,
          0.0
        ]
      }
    },
    {
      "DurationFraction": 0.9433962,
      "EasingFunction": "Linear",
      "Elements": {
        "Bow_right_limb_5": [
          0.0,
          0.0,
          0.0,
          0.0,
          -3.0,
          0.0
        ],
        "Stock_front_22": [
          0.0,
          0.0,
          0.0,
          -36.0,
          0.0,
          0.0
        ],
        "Bow_right_limb_4": [
          0.0,
          0.0,
          0.0,
          0.0,
          -2.0,
          0.0
        ],
        "String": [
          0.0,
          0.3,
          4.0,
          0.0,
          0.0,
          0.0
        ],
        "String_6": [
          0.0,
          0.0,
          0.0,
          0.0,
          -20.0,
          -1.5
        ],
        "Attachment_bolt": [
          0.0,
          0.0,
          0.0,
          0.0,
          0.0,
          0.0
        ],
        "Bow_right_limb_8": [
          0.0,
          0.0,
          0.0,
          0.0,
          -2.0,
          0.0
        ],
        "Bow_right_limb_3": [
          0.0,
          0.0,
          0.0,
          0.0,
          -2.0,
          0.0
        ],
        "Trigger": [
          0.0,
          0.0,
          0.0,
          0.0,
          0.0,
          0.0
        ],
        "Latch": [
          0.0,
          0.0,
          0.0,
          1.0,
          0.0,
          0.0
        ],
        "Bow_right_limb_10": [
          0.0,
          0.0,
          0.0,
          0.0,
          -2.0,
          0.0
        ],
        "Wheel": [
          0.0,
          0.0,
          0.0,
          0.0,
          0.0,
          0.0
        ],
        "Bow_right_limb_13": [
          0.0,
          0.0,
          0.0,
          0.0,
          0.0,
          0.0
        ],
        "Bow_right_limb_11": [
          0.0,
          0.0,
          0.0,
          0.0,
          -2.0,
          0.0
        ],
        "String_2": [
          0.0,
          0.0,
          0.0,
          0.0,
          20.0,
          -1.5
        ],
        "Bow_right_limb_9": [
          0.0,
          0.0,
          0.0,
          0.0,
          -2.0,
          0.0
        ],
        "latch_16": [
          0.0,
          0.0,
          0.0,
          0.0,
          0.0,
          0.0
        ],
        "Trigger_mechanism": [
          0.0,
          0.0,
          0.0,
          -1.0,
          0.0,
          0.0
        ],
        "Bow_right_limb_14": [
          0.0,
          0.0,
          0.0,
          0.0,
          0.0,
          0.0
        ],
        "Bow_right_limb_7": [
          0.0,
          0.0,
          0.0,
          0.0,
          2.0,
          0.0
        ],
        "Bow_right_limb_1": [
          0.0,
          0.0,
          0.0,
          0.0,
          -2.0,
          0.0
        ],
        "Bow_right_limb_2": [
          0.0,
          0.0,
          0.0,
          0.0,
          -2.0,
          0.0
        ]
      }
    },
    {
      "DurationFraction": 1.0,
      "EasingFunction": "Linear",
      "Elements": {
        "Bow_right_limb_5": [
          0.0,
          0.0,
          0.0,
          0.0,
          -3.0,
          0.0
        ],
        "Stock_front_22": [
          0.0,
          0.0,
          0.0,
          0.0,
          0.0,
          0.0
        ],
        "Bow_right_limb_4": [
          0.0,
          0.0,
          0.0,
          0.0,
          -2.0,
          0.0
        ],
        "String": [
          0.0,
          0.3,
          4.0,
          0.0,
          0.0,
          0.0
        ],
        "String_6": [
          0.0,
          0.0,
          0.0,
          0.0,
          -20.0,
          -1.5
        ],
        "Attachment_bolt": [
          0.0,
          0.0,
          0.0,
          0.0,
          0.0,
          0.0
        ],
        "Bow_right_limb_8": [
          0.0,
          0.0,
          0.0,
          0.0,
          -2.0,
          0.0
        ],
        "Bow_right_limb_3": [
          0.0,
          0.0,
          0.0,
          0.0,
          -2.0,
          0.0
        ],
        "Trigger": [
          0.0,
          0.0,
          0.0,
          0.0,
          0.0,
          0.0
        ],
        "Latch": [
          0.0,
          0.0,
          0.0,
          0.0,
          0.0,
          0.0
        ],
        "Bow_right_limb_10": [
          0.0,
          0.0,
          0.0,
          0.0,
          -2.0,
          0.0
        ],
        "Wheel": [
          0.0,
          0.0,
          0.0,
          0.0,
          0.0,
          0.0
        ],
        "Bow_right_limb_13": [
          0.0,
          0.0,
          0.0,
          0.0,
          0.0,
          0.0
        ],
        "Bow_right_limb_11": [
          0.0,
          0.0,
          0.0,
          0.0,
          -2.0,
          0.0
        ],
        "String_2": [
          0.0,
          0.0,
          0.0,
          0.0,
          20.0,
          -1.5
        ],
        "Bow_right_limb_9": [
          0.0,
          0.0,
          0.0,
          0.0,
          -2.0,
          0.0
        ],
        "latch_16": [
          0.0,
          0.0,
          0.0,
          0.0,
          0.0,
          0.0
        ],
        "Trigger_mechanism": [
          0.0,
          0.0,
          0.0,
          0.0,
          0.0,
          0.0
        ],
        "Bow_right_limb_14": [
          0.0,
          0.0,
          0.0,
          0.0,
          0.0,
          0.0
        ],
        "Bow_right_limb_7": [
          0.0,
          0.0,
          0.0,
          0.0,
          2.0,
          0.0
        ],
        "Bow_right_limb_1": [
          0.0,
          0.0,
          0.0,
          0.0,
          -2.0,
          0.0
        ],
        "Bow_right_limb_2": [
          0.0,
          0.0,
          0.0,
          0.0,
          -2.0,
          0.0
        ]
      }
    }
  ],
  "SoundFrames": [],
  "ParticlesFrames": [],
  "CallbackFrames": [],
  "ItemAnimationStart": 300,
  "ItemAnimationEnd": 2000
},
  "crossbow-latch-drawn": {
    "Hold": false,
    "PlayerKeyFrames": [
      {
        "EasingTime": 300,
        "EasingFunction": "Linear",
        "DetachedAnchor": false,
        "SwitchArms": false,
        "PitchFollow": false,
        "FOVMultiplier": 1,
        "BobbingAmplitude": 1,
        "Elements": {
          "ItemAnchor": [0, 0, 0, 0, 0, 0],
          "LowerArmR": [0, 0, 0, 0, 0, 0],
          "UpperArmR": [0, 0, 0, 0, 0, 0],
          "ItemAnchorL": [0, 0, 0, 0, 0, 0],
          "LowerArmL": [0, 0, 0, 0, 0, 0],
          "UpperArmL": [0, 0, 0, 0, 0, 0],
          "UpperTorso": [0, 0, 0, 0, 0, 0],
          "DetachedAnchor": [0, 0, 0, 0, 0, 0]
        }
      }
    ],
    "ItemKeyFrames": [
      {
        "DurationFraction": 0,
        "EasingFunction": "Linear",
        "Elements": {
          "Bow_right_limb_5": [0, 0, 0, 0, -3, 0],
          "Stock_front_22": [0, 0, 0, 0, 0, 0],
          "Bow_right_limb_4": [0, 0, 0, 0, -2, 0],
          "String": [0, 0.3, 4, 0, 0, 0],
          "String_6": [0, 0, 0, 0, -20, -1.5],
          "Attachment_bolt": [0, 0, 0, 0, 0, 0],
          "Bow_right_limb_8": [0, 0, 0, 0, -2, 0],
          "Bow_right_limb_3": [0, 0, 0, 0, -2, 0],
          "Trigger": [0, 0, 0, 0, 0, 0],
          "Latch": [0, 0, 0, 0, 0, 0],
          "Bow_right_limb_10": [0, 0, 0, 0, -2, 0],
          "Wheel": [0, 0, 0, 0, 0, 0],
          "Bow_right_limb_13": [0, 0, 0, 0, 0, 0],
          "Bow_right_limb_11": [0, 0, 0, 0, -2, 0],
          "String_2": [0, 0, 0, 0, 20, -1.5],
          "Bow_right_limb_9": [0, 0, 0, 0, -2, 0],
          "latch_16": [0, 0, 0, 0, 0, 0],
          "Trigger_mechanism": [0, 0, 0, 0, 0, 0],
          "Bow_right_limb_14": [0, 0, 0, 0, 0, 0],
          "Bow_right_limb_7": [0, 0, 0, 0, 2, 0],
          "Bow_right_limb_1": [0, 0, 0, 0, -2, 0],
          "Bow_right_limb_2": [0, 0, 0, 0, -2, 0]
        }
      },
      {
        "DurationFraction": 1,
        "EasingFunction": "Linear",
        "Elements": {
          "Bow_right_limb_5": [0, 0, 0, 0, -3, 0],
          "Stock_front_22": [0, 0, 0, 0, 0, 0],
          "Bow_right_limb_4": [0, 0, 0, 0, -2, 0],
          "String": [0, 0.3, 4, 0, 0, 0],
          "String_6": [0, 0, 0, 0, -20, -1.5],
          "Attachment_bolt": [0, 0, 0, 0, 0, 0],
          "Bow_right_limb_8": [0, 0, 0, 0, -2, 0],
          "Bow_right_limb_3": [0, 0, 0, 0, -2, 0],
          "Trigger": [0, 0, 0, 0, 0, 0],
          "Latch": [0, 0, 0, 0, 0, 0],
          "Bow_right_limb_10": [0, 0, 0, 0, -2, 0],
          "Wheel": [0, 0, 0, 0, 0, 0],
          "Bow_right_limb_13": [0, 0, 0, 0, 0, 0],
          "Bow_right_limb_11": [0, 0, 0, 0, -2, 0],
          "String_2": [0, 0, 0, 0, 20, -1.5],
          "Bow_right_limb_9": [0, 0, 0, 0, -2, 0],
          "latch_16": [0, 0, 0, 0, 0, 0],
          "Trigger_mechanism": [0, 0, 0, 0, 0, 0],
          "Bow_right_limb_14": [0, 0, 0, 0, 0, 0],
          "Bow_right_limb_7": [0, 0, 0, 0, 2, 0],
          "Bow_right_limb_1": [0, 0, 0, 0, -2, 0],
          "Bow_right_limb_2": [0, 0, 0, 0, -2, 0]
        }
      }
    ],
    "SoundFrames": [],
    "ItemAnimationStart": 0,
    "ItemAnimationEnd": 300
  },
  "crossbow-latch-aim": {
    "Hold": true,
    "PlayerKeyFrames": [
      {
        "EasingTime": 500,
        "EasingFunction": "Sin",
        "DetachedAnchor": false,
        "SwitchArms": false,
        "PitchFollow": true,
        "PitchDontFollow": false,
        "FOVMultiplier": 0.95,
        "BobbingAmplitude": 0.65,
        "Elements": {
          "ItemAnchor": [1.5, 0, 1.29, 15.5, 6, 128.9],
          "LowerArmR": [0, 0, 0, 0, 0, -80],
          "UpperArmR": [0, 0, 0, 0, 11, -50],
          "ItemAnchorL": [0, 0, 0, 0, 0, 0],
          "LowerArmL": [0, 0, 0, 0, 0, -9],
          "UpperArmL": [0, 0, 0, 0, -10, -85],
          "UpperTorso": [0, 0, 0, 0, 0, 0],
          "DetachedAnchor": [0, 0, 0, 0, 0, 0]
        }
      }
    ],
    "ItemKeyFrames": [
      {
        "DurationFraction": 1,
        "EasingFunction": "Linear",
        "Elements": {
          "Bow_right_limb_13": [0, 0, 0, 0, 0, 0],
          "Attachment_bolt": [0, 0, 0, 0, 0, 0],
          "Bow_right_limb_1": [0, 0, 0, 0, -2, 0],
          "latch_16": [0, 0, 0, -8, 0, 0],
          "Trigger_mechanism": [0, 0, 0, 0, 0, 0],
          "String_6": [0, 0, 0, 0, -20, -1.5],
          "Bow_right_limb_5": [0, 0, 0, 0, -3, 0],
          "Bow_right_limb_4": [0, 0, 0, 0, -2, 0],
          "Trigger": [0, 0, 0, 0, 0, 0],
          "Bow_right_limb_3": [0, 0, 0, 0, -2, 0],
          "Bow_right_limb_8": [0, 0, 0, 0, -2, 0],
          "Bow_right_limb_10": [0, 0, 0, 0, -2, 0],
          "Stock_front_22": [0, 0, 0, 0, 0, 0],
          "String": [0, 0.3, 4, 0, 0, 0],
          "Latch": [0, 0, 0, 0, 0, 0],
          "Bow_right_limb_2": [0, 0, 0, 0, -2, 0],
          "Wheel": [0, 0, 0, 0, 0, 0],
          "Bow_right_limb_11": [0, 0, 0, 0, -2, 0],
          "Bow_right_limb_7": [0, 0, 0, 0, 2, 0],
          "Bow_right_limb_14": [0, 0, 0, 0, 0, 0],
          "String_2": [0, 0, 0, 0, 20, -1.5],
          "Bow_right_limb_9": [0, 0, 0, 0, -2, 0]
        }
      }
    ],
    "SoundFrames": [],
    "ParticlesFrames": [],
    "CallbackFrames": [],
    "ItemAnimationStart": 0,
    "ItemAnimationEnd": 500
  },
  "crossbow-latch-release": {
    "Hold": true,
    "PlayerKeyFrames": [
      {
        "EasingTime": 200,
        "EasingFunction": "Quadratic",
        "DetachedAnchor": false,
        "SwitchArms": false,
        "PitchFollow": true,
        "PitchDontFollow": false,
        "FOVMultiplier": 0.95,
        "BobbingAmplitude": 0.65,
        "Elements": {
          "ItemAnchor": [1.5, 0, 1.29, 15.5, 6, 128.9],
          "LowerArmR": [0, 0, 0, 0, 0, -80],
          "UpperArmR": [0, 0, 0, 0, 11, -50],
          "ItemAnchorL": [0, 0, 0, 0, 0, 0],
          "LowerArmL": [0, 0, 0, 0, 0, -9],
          "UpperArmL": [0, 0, 0, 0, -10, -85],
          "UpperTorso": [0, 0, 0, 0, 0, 0],
          "DetachedAnchor": [0, 0, 0, 0, 0, 0]
        }
      },
      {
        "EasingTime": 300,
        "EasingFunction": "Sin",
        "DetachedAnchor": false,
        "SwitchArms": false,
        "PitchFollow": true,
        "PitchDontFollow": false,
        "FOVMultiplier": 0.95,
        "BobbingAmplitude": 0.65,
        "Elements": {
          "ItemAnchor": [1.5, 0, 1.29, 15.5, 6, 128.9],
          "LowerArmR": [0, 0, 0, 0, 0, -80],
          "UpperArmR": [0, 0, 0, 0, 11, -50],
          "ItemAnchorL": [0, 0, 0, 0, 0, 0],
          "LowerArmL": [0, 0, 0, 0, 0, -9],
          "UpperArmL": [0, 0, 0, 0, -10, -85],
          "UpperTorso": [0, 0, 0, 0, 0, 0],
          "DetachedAnchor": [0, 0, 0, 0, 0, 0]
        }
      }
    ],
    "ItemKeyFrames": [
      {
        "DurationFraction": 0,
        "EasingFunction": "Linear",
        "Elements": {
          "Bow_right_limb_13": [0, 0, 0, 0, 0, 0],
          "Attachment_bolt": [0, 0, 0, 0, 0, 0],
          "Bow_right_limb_1": [0, 0, 0, 0, -2, 0],
          "latch_16": [0, 0, 0, -8, 0, 0],
          "Trigger_mechanism": [0, 0, 0, 0, 0, 0],
          "String_6": [0, 0, 0, 0, -20, -1.5],
          "Bow_right_limb_5": [0, 0, 0, 0, -3, 0],
          "Bow_right_limb_4": [0, 0, 0, 0, -2, 0],
          "Trigger": [0, 0, 0, 0, 0, 0],
          "Bow_right_limb_3": [0, 0, 0, 0, -2, 0],
          "Bow_right_limb_8": [0, 0, 0, 0, -2, 0],
          "Bow_right_limb_10": [0, 0, 0, 0, -2, 0],
          "Stock_front_22": [0, 0, 0, 0, 0, 0],
          "String": [0, 0.3, 4, 0, 0, 0],
          "Latch": [0, 0, 0, 0, 0, 0],
          "Bow_right_limb_2": [0, 0, 0, 0, -2, 0],
          "Wheel": [0, 0, 0, 0, 0, 0],
          "Bow_right_limb_11": [0, 0, 0, 0, -2, 0],
          "Bow_right_limb_7": [0, 0, 0, 0, 2, 0],
          "Bow_right_limb_14": [0, 0, 0, 0, 0, 0],
          "String_2": [0, 0, 0, 0, 20, -1.5],
          "Bow_right_limb_9": [0, 0, 0, 0, -2, 0]
        }
      },
      {
        "DurationFraction": 0.33333334,
        "EasingFunction": "Linear",
        "Elements": {
          "Bow_right_limb_13": [0, 0, 0, 0, 0, 0],
          "Attachment_bolt": [0, 0, 0, 0, 0, 0],
          "Bow_right_limb_1": [0, 0, 0, 0, -2, 0],
          "latch_16": [0, 0, 0, -8, 0, 0],
          "Trigger_mechanism": [0, 0, 0, 0, 0, 0],
          "String_6": [0, 0, 0, 0, -20, -1.5],
          "Bow_right_limb_5": [0, 0, 0, 0, -3, 0],
          "Bow_right_limb_4": [0, 0, 0, 0, -2, 0],
          "Trigger": [0, 0, 0, 4, 0, 0],
          "Bow_right_limb_3": [0, 0, 0, 0, -2, 0],
          "Bow_right_limb_8": [0, 0, 0, 0, -2, 0],
          "Bow_right_limb_10": [0, 0, 0, 0, -2, 0],
          "Stock_front_22": [0, 0, 0, 0, 0, 0],
          "String": [0, 0.3, 4, 0, 0, 0],
          "Latch": [0, 0, 0, 0, 0, 0],
          "Bow_right_limb_2": [0, 0, 0, 0, -2, 0],
          "Wheel": [0, 0, 0, 0, 0, 0],
          "Bow_right_limb_11": [0, 0, 0, 0, -2, 0],
          "Bow_right_limb_7": [0, 0, 0, 0, 2, 0],
          "Bow_right_limb_14": [0, 0, 0, 0, 0, 0],
          "String_2": [0, 0, 0, 0, 20, -1.5],
          "Bow_right_limb_9": [0, 0, 0, 0, -2, 0]
        }
      },
      {
        "DurationFraction": 0.53333336,
        "EasingFunction": "Linear",
        "Elements": {
          "Bow_right_limb_13": [0, 0, 0, 0, 0, 0],
          "Attachment_bolt": [0, 0, -2, 0, 0, 0],
          "Bow_right_limb_1": [0, 0, 0, 0, -0.79999995, 0],
          "latch_16": [0, 0, 0, -42, 0, 0],
          "Trigger_mechanism": [0, 0, 0, 0, 0, 0],
          "String_6": [0, 0, 0, 0, -8, -1.2],
          "Bow_right_limb_5": [0, 0, 0, 0, -0.5999999, 0],
          "Bow_right_limb_4": [0, 0, 0, 0, -0.19999993, 0],
          "Trigger": [0, 0, 0, 20, 0, 0],
          "Bow_right_limb_3": [0, 0, 0, 0, -0.19999993, 0],
          "Bow_right_limb_8": [0, 0, 0, 0, -0.19999993, 0],
          "Bow_right_limb_10": [0, 0, 0, 0, -0.19999993, 0],
          "Stock_front_22": [0, 0, 0, 0, 0, 0],
          "String": [0, 0.120000005, 1.3599999, 0, 0, 0],
          "Latch": [0, 0, 0, 0, 0, 0],
          "Bow_right_limb_2": [0, 0, 0, 0, -0.19999993, 0],
          "Wheel": [0, 0, 0, -90, 0, 0],
          "Bow_right_limb_11": [0, 0, 0, 0, -0.19999993, 0],
          "Bow_right_limb_7": [0, 0, 0, 0, 0.79999995, 0],
          "Bow_right_limb_14": [0, 0, 0, 0, 0, 0],
          "String_2": [0, 0, 0, 0, 8, -1.2],
          "Bow_right_limb_9": [0, 0, 0, 0, -0.19999993, 0]
        }
      },
      {
        "DurationFraction": 0.6666667,
        "EasingFunction": "Linear",
        "Elements": {
          "Bow_right_limb_13": [0, 0, 0, 0, 0, 0],
          "Attachment_bolt": [0, 0, -4, 0, 0, 0],
          "Bow_right_limb_1": [0, 0, 0, 0, 0, 0],
          "latch_16": [0, 0, 0, -24, 0, 0],
          "Trigger_mechanism": [0, 0, 0, 0, 0, 0],
          "String_6": [0, 0, 0, 0, 0, -1],
          "Bow_right_limb_5": [0, 0, 0, 0, 1, 0],
          "Bow_right_limb_4": [0, 0, 0, 0, 1, 0],
          "Trigger": [0, 0, 0, 12, 0, 0],
          "Bow_right_limb_3": [0, 0, 0, 0, 1, 0],
          "Bow_right_limb_8": [0, 0, 0, 0, 1, 0],
          "Bow_right_limb_10": [0, 0, 0, 0, 1, 0],
          "Stock_front_22": [0, 0, 0, 0, 0, 0],
          "String": [0, 0, -0.4, 0, 0, 0],
          "Latch": [0, 0, 0, 0, 0, 0],
          "Bow_right_limb_2": [0, 0, 0, 0, 1, 0],
          "Wheel": [0, 0, 0, -78, 0, 0],
          "Bow_right_limb_11": [0, 0, 0, 0, 1, 0],
          "Bow_right_limb_7": [0, 0, 0, 0, 0, 0],
          "Bow_right_limb_14": [0, 0, 0, 0, 0, 0],
          "String_2": [0, 0, 0, 0, 0, -1],
          "Bow_right_limb_9": [0, 0, 0, 0, 1, 0]
        }
      },
      {
        "DurationFraction": 1,
        "EasingFunction": "Linear",
        "Elements": {
          "Bow_right_limb_13": [0, 0, 0, 0, 0, 0],
          "Attachment_bolt": [0, 0, -25, 0, 0, 0],
          "Bow_right_limb_1": [0, 0, 0, 0, 0, 0],
          "latch_16": [0, 0, 0, -24, 0, 0],
          "Trigger_mechanism": [0, 0, 0, 0, 0, 0],
          "String_6": [0, 0, 0, 0, 0, 0],
          "Bow_right_limb_5": [0, 0, 0, 0, 0, 0],
          "Bow_right_limb_4": [0, 0, 0, 0, 0, 0],
          "Trigger": [0, 0, 0, 12, 0, 0],
          "Bow_right_limb_3": [0, 0, 0, 0, 0, 0],
          "Bow_right_limb_8": [0, 0, 0, 0, 0, 0],
          "Bow_right_limb_10": [0, 0, 0, 0, 0, 0],
          "Stock_front_22": [0, 0, 0, 0, 0, 0],
          "String": [0, 0, 0, 0, 0, 0],
          "Latch": [0, 0, 0, 0, 0, 0],
          "Bow_right_limb_2": [0, 0, 0, 0, 0, 0],
          "Wheel": [0, 0, 0, -78, 0, 0],
          "Bow_right_limb_11": [0, 0, 0, 0, 0, 0],
          "Bow_right_limb_7": [0, 0, 0, 0, 0, 0],
          "Bow_right_limb_14": [0, 0, 0, 0, 0, 0],
          "String_2": [0, 0, 0, 0, 0, 0],
          "Bow_right_limb_9": [0, 0, 0, 0, 0, 0]
        }
      }
    ],
    "SoundFrames": [
      {
        "Code": [
          "maltiezcrossbows:sounds/release/stirrup-0",
          "maltiezcrossbows:sounds/release/stirrup-1",
          "maltiezcrossbows:sounds/release/stirrup-2",
          "maltiezcrossbows:sounds/release/stirrup-3",
          "maltiezcrossbows:sounds/release/stirrup-4",
          "maltiezcrossbows:sounds/release/stirrup-5",
          "maltiezcrossbows:sounds/release/stirrup-6"
        ],
        "DurationFraction": 0.16666667,
        "RandomizePitch": false,
        "Range": 32,
        "Volume": 1,
        "Synchronize": true
      }
    ],
    "ParticlesFrames": [],
    "CallbackFrames": [{"Code": "shoot", "DurationFraction": 0.6666667}],
    "ItemAnimationStart": 0,
    "ItemAnimationEnd": 300
  },
  "crossbow-latch-load": {
    "Hold": false,
    "PlayerKeyFrames": [
      {
        "EasingTime": 300,
        "EasingFunction": "Linear",
        "DetachedAnchor": false,
        "SwitchArms": false,
        "PitchFollow": true,
        "PitchDontFollow": false,
        "FOVMultiplier": 1,
        "BobbingAmplitude": 1,
        "Elements": {
          "ItemAnchor": [3.6, 1.3, 0.4, 18, -3, 86],
          "LowerArmR": [0, 0, 0, 0, 0, -34],
          "UpperArmR": [0, 0, 0, 0, 11, -67],
          "ItemAnchorL": [0, 0, 0, 0, 0, 0],
          "LowerArmL": [0, 0, 0, 0, 0, -29],
          "UpperArmL": [0, 0, 0, -45, -38, -51]
        }
      },
      {
        "EasingTime": 672,
        "EasingFunction": "Linear",
        "DetachedAnchor": false,
        "SwitchArms": false,
        "PitchFollow": true,
        "PitchDontFollow": false,
        "FOVMultiplier": 1,
        "BobbingAmplitude": 1,
        "Elements": {
          "ItemAnchor": [3.6, 1.3, 0.4, 18, -3, 86],
          "LowerArmR": [0, 0, 0, 0, 0, -34],
          "UpperArmR": [0, 0, 0, 0, 11, -67],
          "ItemAnchorL": [0, 0, 0, 0, 0, 0],
          "LowerArmL": [0, 0, 0, 0, 0, -90],
          "UpperArmL": [0, 0, 0, -45, 6, -41]
        }
      },
      {
        "EasingTime": 920,
        "EasingFunction": "Linear",
        "DetachedAnchor": false,
        "SwitchArms": false,
        "PitchFollow": true,
        "PitchDontFollow": false,
        "FOVMultiplier": 1,
        "BobbingAmplitude": 1,
        "Elements": {
          "ItemAnchor": [3.6, 1.3, 0.4, 18, -3, 86],
          "LowerArmR": [0, 0, 0, 0, 0, -34],
          "UpperArmR": [0, 0, 0, 0, 11, -67],
          "ItemAnchorL": [0, 0, 0, 0, 0, 0],
          "LowerArmL": [0, 0, 0, 0, 0, -15],
          "UpperArmL": [0, 0, 0, -45, 11, -103]
        }
      },
      {
        "EasingTime": 1200,
        "EasingFunction": "Linear",
        "DetachedAnchor": false,
        "SwitchArms": false,
        "PitchFollow": true,
        "PitchDontFollow": false,
        "FOVMultiplier": 1,
        "BobbingAmplitude": 1,
        "Elements": {
          "ItemAnchor": [3.6, 1.3, 0.4, 18, -3, 86],
          "LowerArmR": [0, 0, 0, 0, 0, -34],
          "UpperArmR": [0, 0, 0, 0, 11, -67],
          "ItemAnchorL": [0, 0, 0, 0, 0, 0],
          "LowerArmL": [0, 0, 0, 0, 0, -15],
          "UpperArmL": [0, 0, 0, -47, -3, -92]
        }
      }
    ],
    "ItemKeyFrames": [
      {
        "DurationFraction": 0,
        "EasingFunction": "Linear",
        "Elements": {
          "Attachment_bolt": [-4, -12, 6, 0, 0, 0],
          "latch_16": [0, 0, 0, -8, 0, 0],
          "Bow_right_limb_5": [0, 0, 0, 0, -3, 0],
          "Trigger_mechanism": [0, 0, 0, 0, 0, 0],
          "String": [0, 0.3, 4, 0, 0, 0],
          "Bow_right_limb_4": [0, 0, 0, 0, -2, 0],
          "Trigger": [0, 0, 0, 0, 0, 0],
          "Bow_right_limb_3": [0, 0, 0, 0, -2, 0],
          "Wheel": [0, 0, 0, 0, 0, 0],
          "String_2": [0, 0, 0, 0, 20, -1.5],
          "Bow_right_limb_11": [0, 0, 0, 0, -2, 0],
          "Bow_right_limb_13": [0, 0, 0, 0, 0, 0],
          "Bow_right_limb_8": [0, 0, 0, 0, -2, 0],
          "Bow_right_limb_1": [0, 0, 0, 0, -2, 0],
          "Stock_front_22": [0, 0, 0, 0, 0, 0],
          "Bow_right_limb_10": [0, 0, 0, 0, -2, 0],
          "Bow_right_limb_9": [0, 0, 0, 0, -2, 0],
          "Latch": [0, 0, 0, 0, 0, 0],
          "Bow_right_limb_14": [0, 0, 0, 0, 0, 0],
          "Bow_right_limb_7": [0, 0, 0, 0, 2, 0],
          "String_6": [0, 0, 0, 0, -20, -1.5],
          "Bow_right_limb_2": [0, 0, 0, 0, -2, 0]
        }
      },
      {
        "DurationFraction": 0.41379312,
        "EasingFunction": "Linear",
        "Elements": {
          "Attachment_bolt": [-4, 3, 6, 0, 0, 0],
          "latch_16": [0, 0, 0, -8, 0, 0],
          "Bow_right_limb_5": [0, 0, 0, 0, -3, 0],
          "Trigger_mechanism": [0, 0, 0, 0, 0, 0],
          "String": [0, 0.3, 4, 0, 0, 0],
          "Bow_right_limb_4": [0, 0, 0, 0, -2, 0],
          "Trigger": [0, 0, 0, 0, 0, 0],
          "Bow_right_limb_3": [0, 0, 0, 0, -2, 0],
          "Wheel": [0, 0, 0, 0, 0, 0],
          "String_2": [0, 0, 0, 0, 20, -1.5],
          "Bow_right_limb_11": [0, 0, 0, 0, -2, 0],
          "Bow_right_limb_13": [0, 0, 0, 0, 0, 0],
          "Bow_right_limb_8": [0, 0, 0, 0, -2, 0],
          "Bow_right_limb_1": [0, 0, 0, 0, -2, 0],
          "Stock_front_22": [0, 0, 0, 0, 0, 0],
          "Bow_right_limb_10": [0, 0, 0, 0, -2, 0],
          "Bow_right_limb_9": [0, 0, 0, 0, -2, 0],
          "Latch": [0, 0, 0, 0, 0, 0],
          "Bow_right_limb_14": [0, 0, 0, 0, 0, 0],
          "Bow_right_limb_7": [0, 0, 0, 0, 2, 0],
          "String_6": [0, 0, 0, 0, -20, -1.5],
          "Bow_right_limb_2": [0, 0, 0, 0, -2, 0]
        }
      },
      {
        "DurationFraction": 0.6896551,
        "EasingFunction": "Linear",
        "Elements": {
          "Attachment_bolt": [0, 3, -2, 28, 0, 0],
          "latch_16": [0, 0, 0, -8, 0, 0],
          "Bow_right_limb_5": [0, 0, 0, 0, -3, 0],
          "Trigger_mechanism": [0, 0, 0, 0, 0, 0],
          "String": [0, 0.3, 4, 0, 0, 0],
          "Bow_right_limb_4": [0, 0, 0, 0, -2, 0],
          "Trigger": [0, 0, 0, 0, 0, 0],
          "Bow_right_limb_3": [0, 0, 0, 0, -2, 0],
          "Wheel": [0, 0, 0, 0, 0, 0],
          "String_2": [0, 0, 0, 0, 20, -1.5],
          "Bow_right_limb_11": [0, 0, 0, 0, -2, 0],
          "Bow_right_limb_13": [0, 0, 0, 0, 0, 0],
          "Bow_right_limb_8": [0, 0, 0, 0, -2, 0],
          "Bow_right_limb_1": [0, 0, 0, 0, -2, 0],
          "Stock_front_22": [0, 0, 0, 0, 0, 0],
          "Bow_right_limb_10": [0, 0, 0, 0, -2, 0],
          "Bow_right_limb_9": [0, 0, 0, 0, -2, 0],
          "Latch": [0, 0, 0, 0, 0, 0],
          "Bow_right_limb_14": [0, 0, 0, 0, 0, 0],
          "Bow_right_limb_7": [0, 0, 0, 0, 2, 0],
          "String_6": [0, 0, 0, 0, -20, -1.5],
          "Bow_right_limb_2": [0, 0, 0, 0, -2, 0]
        }
      },
      {
        "DurationFraction": 1,
        "EasingFunction": "Linear",
        "Elements": {
          "Attachment_bolt": [0, 0, 0, 0, 0, 0],
          "latch_16": [0, 0, 0, -8, 0, 0],
          "Bow_right_limb_5": [0, 0, 0, 0, -3, 0],
          "Trigger_mechanism": [0, 0, 0, 0, 0, 0],
          "String": [0, 0.3, 4, 0, 0, 0],
          "Bow_right_limb_4": [0, 0, 0, 0, -2, 0],
          "Trigger": [0, 0, 0, 0, 0, 0],
          "Bow_right_limb_3": [0, 0, 0, 0, -2, 0],
          "Wheel": [0, 0, 0, 0, 0, 0],
          "String_2": [0, 0, 0, 0, 20, -1.5],
          "Bow_right_limb_11": [0, 0, 0, 0, -2, 0],
          "Bow_right_limb_13": [0, 0, 0, 0, 0, 0],
          "Bow_right_limb_8": [0, 0, 0, 0, -2, 0],
          "Bow_right_limb_1": [0, 0, 0, 0, -2, 0],
          "Stock_front_22": [0, 0, 0, 0, 0, 0],
          "Bow_right_limb_10": [0, 0, 0, 0, -2, 0],
          "Bow_right_limb_9": [0, 0, 0, 0, -2, 0],
          "Latch": [0, 0, 0, 0, 0, 0],
          "Bow_right_limb_14": [0, 0, 0, 0, 0, 0],
          "Bow_right_limb_7": [0, 0, 0, 0, 2, 0],
          "String_6": [0, 0, 0, 0, -20, -1.5],
          "Bow_right_limb_2": [0, 0, 0, 0, -2, 0]
        }
      }
    ],
    "SoundFrames": [],
    "ParticlesFrames": [],
    "CallbackFrames": [],
    "ItemAnimationStart": 300,
    "ItemAnimationEnd": 1200
  },
  "crossbow-latch-loaded": {
    "Hold": true,
    "PlayerKeyFrames": [
      {"EasingTime": 1, "EasingFunction": "Linear", "DetachedAnchor": false, "SwitchArms": false, "PitchFollow": false, "FOVMultiplier": 1, "BobbingAmplitude": 1, "Elements": {}}
    ],
    "ItemKeyFrames": [
      {
        "DurationFraction": 0,
        "EasingFunction": "Linear",
        "Elements": {
          "Attachment_bolt": [0, 0, 0, 0, 0, 0],
          "latch_16": [0, 0, 0, -8, 0, 0],
          "Bow_right_limb_5": [0, 0, 0, 0, -3, 0],
          "Trigger_mechanism": [0, 0, 0, 0, 0, 0],
          "String": [0, 0.3, 4, 0, 0, 0],
          "Bow_right_limb_4": [0, 0, 0, 0, -2, 0],
          "Trigger": [0, 0, 0, 0, 0, 0],
          "Bow_right_limb_3": [0, 0, 0, 0, -2, 0],
          "Wheel": [0, 0, 0, 0, 0, 0],
          "String_2": [0, 0, 0, 0, 20, -1.5],
          "Bow_right_limb_11": [0, 0, 0, 0, -2, 0],
          "Bow_right_limb_13": [0, 0, 0, 0, 0, 0],
          "Bow_right_limb_8": [0, 0, 0, 0, -2, 0],
          "Bow_right_limb_1": [0, 0, 0, 0, -2, 0],
          "Stock_front_22": [0, 0, 0, 0, 0, 0],
          "Bow_right_limb_10": [0, 0, 0, 0, -2, 0],
          "Bow_right_limb_9": [0, 0, 0, 0, -2, 0],
          "Latch": [0, 0, 0, 0, 0, 0],
          "Bow_right_limb_14": [0, 0, 0, 0, 0, 0],
          "Bow_right_limb_7": [0, 0, 0, 0, 2, 0],
          "String_6": [0, 0, 0, 0, -20, -1.5],
          "Bow_right_limb_2": [0, 0, 0, 0, -2, 0]
        }
      },
      {
        "DurationFraction": 1,
        "EasingFunction": "Linear",
        "Elements": {
          "Attachment_bolt": [0, 0, 0, 0, 0, 0],
          "latch_16": [0, 0, 0, -8, 0, 0],
          "Bow_right_limb_5": [0, 0, 0, 0, -3, 0],
          "Trigger_mechanism": [0, 0, 0, 0, 0, 0],
          "String": [0, 0.3, 4, 0, 0, 0],
          "Bow_right_limb_4": [0, 0, 0, 0, -2, 0],
          "Trigger": [0, 0, 0, 0, 0, 0],
          "Bow_right_limb_3": [0, 0, 0, 0, -2, 0],
          "Wheel": [0, 0, 0, 0, 0, 0],
          "String_2": [0, 0, 0, 0, 20, -1.5],
          "Bow_right_limb_11": [0, 0, 0, 0, -2, 0],
          "Bow_right_limb_13": [0, 0, 0, 0, 0, 0],
          "Bow_right_limb_8": [0, 0, 0, 0, -2, 0],
          "Bow_right_limb_1": [0, 0, 0, 0, -2, 0],
          "Stock_front_22": [0, 0, 0, 0, 0, 0],
          "Bow_right_limb_10": [0, 0, 0, 0, -2, 0],
          "Bow_right_limb_9": [0, 0, 0, 0, -2, 0],
          "Latch": [0, 0, 0, 0, 0, 0],
          "Bow_right_limb_14": [0, 0, 0, 0, 0, 0],
          "Bow_right_limb_7": [0, 0, 0, 0, 2, 0],
          "String_6": [0, 0, 0, 0, -20, -1.5],
          "Bow_right_limb_2": [0, 0, 0, 0, -2, 0]
        }
      }
    ],
    "SoundFrames": [],
    "ItemAnimationStart": 0,
    "ItemAnimationEnd": 1
  }
}