{
	"editor": {
		"allAngles": false,
		"entityTextureMode": false
	},
	"textureWidth": 16,
	"textureHeight": 16,
	"textureSizes": {
	},
	"textures": {
		"bamboobottle": "block/bamboobottle",
		"blue": "game:block/cloth/linen/blue"
	},
	"elements": [
		{
			"name": "BambooBottle",
			"from": [ 6.5, 0.0, 6.5 ], 
			"to": [ 9.5, 8.5, 9.5 ], 
			"rotationOrigin": [ 6.5, 0.0, 6.5 ],
			"faces": {
				"north": { "texture": "#bamboobottle", "uv": [ 0.0, 0.0, 3.0, 8.5 ] },
				"east": { "texture": "#bamboobottle", "uv": [ 0.0, 0.0, 3.0, 8.5 ] },
				"south": { "texture": "#bamboobottle", "uv": [ 0.0, 0.0, 3.0, 8.5 ] },
				"west": { "texture": "#bamboobottle", "uv": [ 0.0, 0.0, 3.0, 8.5 ] },
				"up": { "texture": "#bamboobottle", "uv": [ 8.0, 11.0, 11.0, 14.0 ] },
				"down": { "texture": "#bamboobottle", "uv": [ 8.0, 11.0, 11.0, 14.0 ] }
			},
			"children": [
				{
					"name": "BambooBottleLid",
					"from": [ 0.9, 8.5, 0.9 ], 
					"to": [ 2.1, 9.7, 2.1 ], 
					"rotationOrigin": [ 0.9, 8.5, 0.9 ],
					"faces": {
						"north": { "texture": "#bamboobottle", "uv": [ 8.5, 14.0, 9.5, 15.0 ] },
						"east": { "texture": "#bamboobottle", "uv": [ 8.5, 14.0, 9.5, 15.0 ] },
						"south": { "texture": "#bamboobottle", "uv": [ 8.5, 14.0, 9.5, 15.0 ] },
						"west": { "texture": "#bamboobottle", "uv": [ 8.5, 14.0, 9.5, 15.0 ] },
						"up": { "texture": "#bamboobottle", "uv": [ 9.5, 10.5, 10.5, 11.5 ] },
						"down": { "texture": "#bamboobottle", "uv": [ 8.5, 14.5, 9.5, 15.5 ], "enabled": false }
					}
				},
				{
					"name": "BottleRopeTop",
					"from": [ -0.3, 6.5, -0.3 ], 
					"to": [ 3.3, 7.3, 3.3 ], 
					"rotationOrigin": [ -0.3, 6.5, -0.3 ],
					"faces": {
						"north": { "texture": "#blue", "uv": [ 0.0, 0.0, 4.0, 1.0 ], "autoUv": false },
						"east": { "texture": "#blue", "uv": [ 8.0, 0.0, 12.0, 1.0 ], "autoUv": false },
						"south": { "texture": "#blue", "uv": [ 12.0, 0.0, 16.0, 1.0 ], "autoUv": false },
						"west": { "texture": "#blue", "uv": [ 4.0, 0.0, 8.0, 1.0 ], "autoUv": false },
						"up": { "texture": "#blue", "uv": [ 0.0, 0.0, 4.0, 4.0 ], "autoUv": false },
						"down": { "texture": "#blue", "uv": [ 12.0, 12.0, 16.0, 16.0 ], "autoUv": false }
					},
					"children": [
						{
							"name": "BottleRopeTopKnot",
							"from": [ 1.3, -0.1, 3.0 ], 
							"to": [ 2.3, 0.9, 4.0 ], 
							"rotationOrigin": [ 1.8, 0.4, 3.0 ],
							"faces": {
								"north": { "texture": "#blue", "uv": [ 0.0, 0.0, 1.0, 1.0 ], "enabled": false },
								"east": { "texture": "#blue", "uv": [ 0.0, 15.0, 1.0, 16.0 ] },
								"south": { "texture": "#blue", "uv": [ 15.0, 0.0, 16.0, 1.0 ] },
								"west": { "texture": "#blue", "uv": [ 10.5, 0.0, 11.5, 1.0 ] },
								"up": { "texture": "#blue", "uv": [ 2.5, 15.0, 3.5, 16.0 ] },
								"down": { "texture": "#blue", "uv": [ 8.5, 15.0, 9.5, 16.0 ] }
							},
							"children": [
								{
									"name": "BottleRope6",
									"from": [ 0.21, 0.1, 0.7 ], 
									"to": [ 0.81, 0.7, 3.7 ], 
									"rotationOrigin": [ 0.5, 0.4, 0.7 ],
									"rotationX": 60.0,
									"faces": {
										"north": { "texture": "#blue", "uv": [ 0.0, 0.0, 0.5, 0.5 ], "enabled": false },
										"east": { "texture": "#blue", "uv": [ 9.0, 0.0, 12.0, 0.5 ] },
										"south": { "texture": "#blue", "uv": [ 3.5, 0.0, 4.0, 0.5 ] },
										"west": { "texture": "#blue", "uv": [ 13.0, 0.0, 16.0, 0.5 ] },
										"up": { "texture": "#blue", "uv": [ 0.0, 3.0, 0.5, 6.0 ] },
										"down": { "texture": "#blue", "uv": [ 0.0, 11.0, 0.5, 14.0 ] }
									},
									"children": [
										{
											"name": "BottleRope7",
											"from": [ -0.01, -0.05, 2.85 ], 
											"to": [ 0.59, 0.55, 4.85 ], 
											"rotationOrigin": [ 0.3, 0.2, 2.8 ],
											"rotationX": -15.0,
											"faces": {
												"north": { "texture": "#blue", "uv": [ 0.0, 0.0, 0.5, 0.5 ], "enabled": false },
												"east": { "texture": "#blue", "uv": [ 2.5, 0.0, 4.5, 0.5 ] },
												"south": { "texture": "#blue", "uv": [ 2.5, 0.0, 3.0, 0.5 ] },
												"west": { "texture": "#blue", "uv": [ 2.5, 0.0, 4.5, 0.5 ] },
												"up": { "texture": "#blue", "uv": [ 0.0, 2.0, 0.5, 4.0 ] },
												"down": { "texture": "#blue", "uv": [ 0.0, 12.5, 0.5, 14.5 ] }
											},
											"children": [
												{
													"name": "BottleRope8",
													"from": [ 0.01, -0.05, 1.9 ], 
													"to": [ 0.61, 0.55, 3.9 ], 
													"rotationOrigin": [ 0.31, 0.15, 1.85 ],
													"rotationX": -35.0,
													"faces": {
														"north": { "texture": "#blue", "uv": [ 0.0, 0.0, 0.5, 0.5 ], "enabled": false },
														"east": { "texture": "#blue", "uv": [ 11.0, 0.0, 13.0, 0.5 ] },
														"south": { "texture": "#blue", "uv": [ 0.0, 4.5, 0.5, 5.0 ] },
														"west": { "texture": "#blue", "uv": [ 11.0, 0.0, 13.0, 0.5 ] },
														"up": { "texture": "#blue", "uv": [ 0.0, 6.5, 0.5, 8.5 ] },
														"down": { "texture": "#blue", "uv": [ 0.0, 2.5, 0.5, 4.5 ] }
													},
													"children": [
														{
															"name": "BottleRope9",
															"from": [ -0.01, 0.0, 1.9 ], 
															"to": [ 0.59, 0.6, 2.9 ], 
															"rotationOrigin": [ 0.3, 0.3, 1.75 ],
															"rotationX": 5.0,
															"faces": {
																"north": { "texture": "#blue", "uv": [ 0.0, 0.0, 0.5, 0.5 ], "enabled": false },
																"east": { "texture": "#blue", "uv": [ 12.5, 15.5, 13.5, 16.0 ] },
																"south": { "texture": "#blue", "uv": [ 0.0, 7.5, 0.5, 8.0 ], "enabled": false },
																"west": { "texture": "#blue", "uv": [ 10.0, 0.0, 11.0, 0.5 ] },
																"up": { "texture": "#blue", "uv": [ 15.5, 13.0, 16.0, 14.0 ] },
																"down": { "texture": "#blue", "uv": [ 0.0, 6.0, 0.5, 7.0 ] }
															},
															"children": [
																{
																	"name": "BottleRope10",
																	"from": [ 0.01, 0.0, 0.85 ], 
																	"to": [ 0.61, 0.6, 1.85 ], 
																	"rotationOrigin": [ 0.31, 0.25, 0.95 ],
																	"rotationX": 15.0,
																	"faces": {
																		"north": { "texture": "#blue", "uv": [ 0.0, 0.0, 0.5, 0.5 ], "enabled": false },
																		"east": { "texture": "#blue", "uv": [ 3.0, 15.5, 4.0, 16.0 ] },
																		"south": { "texture": "#blue", "uv": [ 15.5, 6.5, 16.0, 7.0 ], "enabled": false },
																		"west": { "texture": "#blue", "uv": [ 6.5, 0.0, 7.5, 0.5 ] },
																		"up": { "texture": "#blue", "uv": [ 15.5, 2.5, 16.0, 3.5 ] },
																		"down": { "texture": "#blue", "uv": [ 15.5, 12.0, 16.0, 13.0 ] }
																	},
																	"children": [
																		{
																			"name": "BottleRope11",
																			"from": [ -0.01, -0.1, 0.8 ], 
																			"to": [ 0.59, 0.5, 1.95 ], 
																			"rotationOrigin": [ 0.3, 0.25, 1.1 ],
																			"rotationX": 32.0,
																			"faces": {
																				"north": { "texture": "#blue", "uv": [ 0.0, 0.0, 0.5, 0.5 ], "enabled": false },
																				"east": { "texture": "#blue", "uv": [ 3.0, 15.5, 4.0, 16.0 ] },
																				"south": { "texture": "#blue", "uv": [ 15.5, 6.5, 16.0, 7.0 ], "enabled": false },
																				"west": { "texture": "#blue", "uv": [ 6.5, 0.0, 7.5, 0.5 ] },
																				"up": { "texture": "#blue", "uv": [ 15.5, 2.5, 16.0, 3.5 ] },
																				"down": { "texture": "#blue", "uv": [ 15.5, 12.0, 16.0, 13.0 ] }
																			}
																		}
																	]
																}
															]
														}
													]
												}
											]
										}
									]
								}
							]
						}
					]
				},
				{
					"name": "BottleRopeBottom",
					"from": [ -0.3, 1.2, -0.3 ], 
					"to": [ 3.3, 2.0, 3.3 ], 
					"rotationOrigin": [ -0.3, 1.2, -0.3 ],
					"faces": {
						"north": { "texture": "#blue", "uv": [ 0.0, 0.0, 4.0, 1.0 ], "autoUv": false },
						"east": { "texture": "#blue", "uv": [ 8.0, 0.0, 12.0, 1.0 ], "autoUv": false },
						"south": { "texture": "#blue", "uv": [ 12.0, 0.0, 16.0, 1.0 ], "autoUv": false },
						"west": { "texture": "#blue", "uv": [ 4.0, 0.0, 8.0, 1.0 ], "autoUv": false },
						"up": { "texture": "#blue", "uv": [ 0.0, 0.0, 4.0, 4.0 ], "autoUv": false },
						"down": { "texture": "#blue", "uv": [ 12.0, 12.0, 16.0, 16.0 ], "autoUv": false }
					},
					"children": [
						{
							"name": "BottleRopeBottomKnot",
							"from": [ 1.3, -0.1, 3.0 ], 
							"to": [ 2.3, 0.9, 4.0 ], 
							"rotationOrigin": [ 1.8, 0.4, 3.0 ],
							"faces": {
								"north": { "texture": "#blue", "uv": [ 0.0, 0.0, 1.0, 1.0 ], "enabled": false },
								"east": { "texture": "#blue", "uv": [ 0.0, 15.0, 1.0, 16.0 ] },
								"south": { "texture": "#blue", "uv": [ 15.0, 0.0, 16.0, 1.0 ] },
								"west": { "texture": "#blue", "uv": [ 10.5, 0.0, 11.5, 1.0 ] },
								"up": { "texture": "#blue", "uv": [ 2.5, 15.0, 3.5, 16.0 ] },
								"down": { "texture": "#blue", "uv": [ 8.5, 15.0, 9.5, 16.0 ] }
							},
							"children": [
								{
									"name": "BottleRope1",
									"from": [ 0.21, 0.1, 0.7 ], 
									"to": [ 0.81, 0.7, 1.7 ], 
									"rotationOrigin": [ 0.5, 0.4, 0.7 ],
									"rotationX": 60.0,
									"faces": {
										"north": { "texture": "#blue", "uv": [ 0.0, 0.0, 0.5, 0.5 ], "enabled": false },
										"east": { "texture": "#blue", "uv": [ 9.0, 0.0, 10.0, 0.5 ] },
										"south": { "texture": "#blue", "uv": [ 3.5, 0.0, 4.0, 0.5 ] },
										"west": { "texture": "#blue", "uv": [ 13.0, 0.0, 14.0, 0.5 ] },
										"up": { "texture": "#blue", "uv": [ 0.0, 3.0, 0.5, 4.0 ] },
										"down": { "texture": "#blue", "uv": [ 0.0, 11.0, 0.5, 12.0 ] }
									},
									"children": [
										{
											"name": "BottleRope2",
											"from": [ -0.01, -0.05, 0.85 ], 
											"to": [ 0.59, 0.55, 1.85 ], 
											"rotationOrigin": [ 0.3, 0.2, 0.8 ],
											"rotationX": -30.0,
											"faces": {
												"north": { "texture": "#blue", "uv": [ 0.0, 0.0, 0.5, 0.5 ], "enabled": false },
												"east": { "texture": "#blue", "uv": [ 2.5, 0.0, 3.5, 0.5 ] },
												"south": { "texture": "#blue", "uv": [ 2.5, 0.0, 3.0, 0.5 ] },
												"west": { "texture": "#blue", "uv": [ 2.5, 0.0, 3.5, 0.5 ] },
												"up": { "texture": "#blue", "uv": [ 0.0, 2.0, 0.5, 3.0 ] },
												"down": { "texture": "#blue", "uv": [ 0.0, 12.5, 0.5, 13.5 ] }
											},
											"children": [
												{
													"name": "BottleRope3",
													"from": [ 0.01, -0.05, 0.9 ], 
													"to": [ 0.61, 0.55, 3.9 ], 
													"rotationOrigin": [ 0.31, 0.15, 0.85 ],
													"rotationX": -30.0,
													"faces": {
														"north": { "texture": "#blue", "uv": [ 0.0, 0.0, 0.5, 0.5 ], "enabled": false },
														"east": { "texture": "#blue", "uv": [ 5.0, 0.0, 8.0, 0.5 ] },
														"south": { "texture": "#blue", "uv": [ 0.0, 4.5, 0.5, 5.0 ], "enabled": false },
														"west": { "texture": "#blue", "uv": [ 8.5, 0.0, 11.5, 0.5 ] },
														"up": { "texture": "#blue", "uv": [ 0.0, 3.0, 0.5, 6.0 ] },
														"down": { "texture": "#blue", "uv": [ 0.0, 8.5, 0.5, 11.5 ] }
													},
													"children": [
														{
															"name": "BottleRope4",
															"from": [ -0.01, 0.0, 2.95 ], 
															"to": [ 0.59, 0.6, 4.95 ], 
															"rotationOrigin": [ 0.3, 0.2, 2.95 ],
															"rotationX": -10.0,
															"faces": {
																"north": { "texture": "#blue", "uv": [ 0.0, 0.0, 0.5, 0.5 ], "enabled": false },
																"east": { "texture": "#blue", "uv": [ 12.0, 0.0, 14.0, 0.5 ] },
																"south": { "texture": "#blue", "uv": [ 0.0, 9.0, 0.5, 9.5 ], "enabled": false },
																"west": { "texture": "#blue", "uv": [ 6.0, 0.0, 8.0, 0.5 ] },
																"up": { "texture": "#blue", "uv": [ 0.0, 0.5, 0.5, 2.5 ] },
																"down": { "texture": "#blue", "uv": [ 0.0, 8.5, 0.5, 10.5 ] }
															},
															"children": [
																{
																	"name": "BottleRope5",
																	"from": [ 0.01, 0.0, 1.85 ], 
																	"to": [ 0.61, 0.6, 3.1 ], 
																	"rotationOrigin": [ 0.32, 0.2, 1.95 ],
																	"rotationX": -35.0,
																	"faces": {
																		"north": { "texture": "#blue", "uv": [ 0.0, 0.0, 0.5, 0.5 ], "enabled": false },
																		"east": { "texture": "#blue", "uv": [ 11.0, 0.0, 12.0, 0.5 ] },
																		"south": { "texture": "#blue", "uv": [ 0.0, 4.5, 0.5, 5.0 ] },
																		"west": { "texture": "#blue", "uv": [ 11.0, 0.0, 12.0, 0.5 ] },
																		"up": { "texture": "#blue", "uv": [ 0.0, 6.5, 0.5, 7.5 ] },
																		"down": { "texture": "#blue", "uv": [ 0.0, 2.5, 0.5, 3.5 ] }
																	}
																}
															]
														}
													]
												}
											]
										}
									]
								}
							]
						}
					]
				}
			]
		}
	]}