{
	"editor": {
		"allAngles": false,
		"entityTextureMode": false
	},
	"textureWidth": 16,
	"textureHeight": 16,
	"textureSizes": {
	},
	"textures": {
		"patternlinen": "block/patternlinen",
		"ceramic": "game:block/clay/ceramic",
		"plain": "game:block/cloth/linen/plain",
		"tinbronze": "game:block/metal/plate/tinbronze",
		"leadsolder": "game:block/metal/ingot/leadsolder",
		"gold1": "game:block/metal/sheet-plain/gold1"
	},
	"elements": [
		{
			"name": "MetalBottle",
			"from": [ 5.5, 0.0, 6.5 ],
			"to": [ 10.5, 7.5, 9.5 ],
			"rotationOrigin": [ 5.5, 0.0, 6.5 ],
			"faces": {
				"north": { "texture": "#tinbronze", "uv": [ 4.0, 0.0, 9.0, 7.5 ] },
				"east": { "texture": "#tinbronze", "uv": [ 4.0, 0.0, 7.0, 7.5 ] },
				"south": { "texture": "#tinbronze", "uv": [ 5.0, 0.0, 10.0, 7.5 ] },
				"west": { "texture": "#tinbronze", "uv": [ 5.0, 0.0, 8.0, 7.5 ] },
				"up": { "texture": "#tinbronze", "uv": [ 6.0, 6.0, 11.0, 9.0 ] },
				"down": { "texture": "#tinbronze", "uv": [ 6.0, 6.0, 11.0, 9.0 ] }
			},
			"children": [
				{
					"name": "MetalBottleLid",
					"from": [ 1.9, 8.5, 0.9 ],
					"to": [ 3.1, 9.7, 2.1 ],
					"rotationOrigin": [ 1.9, 8.5, 0.9 ],
					"faces": {
						"north": { "texture": "#ceramic", "uv": [ 8.5, 14.0, 9.5, 15.0 ] },
						"east": { "texture": "#ceramic", "uv": [ 8.5, 14.0, 9.5, 15.0 ] },
						"south": { "texture": "#ceramic", "uv": [ 8.5, 14.0, 9.5, 15.0 ] },
						"west": { "texture": "#ceramic", "uv": [ 8.5, 14.0, 9.5, 15.0 ] },
						"up": { "texture": "#ceramic", "uv": [ 9.0, 10.5, 10.0, 11.5 ] }
					}
				},
				{
					"name": "BottleRopeTop",
					"from": [ -0.1, 6.0, -0.1 ],
					"to": [ 5.1, 6.8, 3.1 ],
					"rotationOrigin": [ -0.1, 6.0, -0.1 ],
					"faces": {
						"north": { "texture": "#patternlinen", "uv": [ 0.0, 4.0, 6.0, 5.0 ], "autoUv": false },
						"east": { "texture": "#patternlinen", "uv": [ 8.0, 4.0, 12.0, 5.0 ], "autoUv": false },
						"south": { "texture": "#patternlinen", "uv": [ 10.0, 4.0, 16.0, 5.0 ], "autoUv": false },
						"west": { "texture": "#patternlinen", "uv": [ 4.0, 4.0, 8.0, 5.0 ], "autoUv": false },
						"down": { "texture": "#plain", "uv": [ 0.0, 8.0, 4.0, 12.0 ], "autoUv": false }
					},
					"children": [
						{
							"name": "BottleRopeTopKnot",
							"from": [ 2.1, -0.1, 3.0 ],
							"to": [ 3.1, 0.9, 4.0 ],
							"rotationOrigin": [ 2.6, 0.4, 3.0 ],
							"faces": {
								"east": { "texture": "#patternlinen", "uv": [ 1.5, 4.0, 2.5, 5.0 ] },
								"south": { "texture": "#patternlinen", "uv": [ 3.5, 4.0, 4.5, 5.0 ] },
								"west": { "texture": "#patternlinen", "uv": [ 0.5, 4.0, 1.5, 5.0 ] },
								"up": { "texture": "#patternlinen", "uv": [ 1.5, 4.0, 2.5, 5.0 ] },
								"down": { "texture": "#patternlinen", "uv": [ 13.5, 4.0, 14.5, 5.0 ] }
							},
							"children": [
								{
									"name": "BottleRope6",
									"from": [ 0.21, 0.1, 0.7 ],
									"to": [ 0.81, 0.7, 3.7 ],
									"rotationOrigin": [ 0.5, 0.4, 0.7 ],
									"rotationX": 55.0,
									"faces": {
										"east": { "texture": "#patternlinen", "uv": [ 13.0, 4.5, 16.0, 5.0 ] },
										"south": { "texture": "#patternlinen", "uv": [ 3.5, 4.0, 4.0, 4.5 ] },
										"west": { "texture": "#patternlinen", "uv": [ 9.0, 4.0, 12.0, 4.5 ] },
										"up": { "texture": "#patternlinen", "uv": [ 0.0, 4.0, 3.0, 4.5 ], "rotation": 90 },
										"down": { "texture": "#patternlinen", "uv": [ 4.0, 5.0, 7.0, 5.5 ], "rotation": 90 }
									},
									"children": [
										{
											"name": "BottleRope7",
											"from": [ -0.01, -0.05, 2.85 ],
											"to": [ 0.59, 0.55, 4.85 ],
											"rotationOrigin": [ 0.3, 0.2, 2.8 ],
											"rotationX": -15.0,
											"faces": {
												"east": { "texture": "#patternlinen", "uv": [ 2.0, 5.0, 4.0, 5.5 ] },
												"south": { "texture": "#patternlinen", "uv": [ 2.5, 3.5, 3.0, 4.0 ] },
												"west": { "texture": "#patternlinen", "uv": [ 2.0, 5.0, 4.0, 5.5 ] },
												"up": { "texture": "#patternlinen", "uv": [ 3.0, 5.0, 5.0, 5.5 ], "rotation": 90 },
												"down": { "texture": "#patternlinen", "uv": [ 7.0, 4.5, 9.0, 5.0 ], "rotation": 90 }
											},
											"children": [
												{
													"name": "BottleRope8",
													"from": [ 0.01, -0.05, 1.9 ],
													"to": [ 0.61, 0.55, 3.9 ],
													"rotationOrigin": [ 0.31, 0.15, 1.85 ],
													"rotationX": -35.0,
													"faces": {
														"east": { "texture": "#patternlinen", "uv": [ 11.0, 5.0, 13.0, 5.5 ] },
														"south": { "texture": "#patternlinen", "uv": [ 0.0, 2.5, 0.5, 3.0 ] },
														"west": { "texture": "#patternlinen", "uv": [ 11.0, 4.5, 13.0, 5.0 ] },
														"up": { "texture": "#patternlinen", "uv": [ 8.0, 4.5, 10.0, 5.0 ], "rotation": 90 },
														"down": { "texture": "#patternlinen", "uv": [ 6.0, 4.5, 8.0, 5.0 ], "rotation": 90 }
													},
													"children": [
														{
															"name": "BottleRope9",
															"from": [ -0.01, 0.0, 1.9 ],
															"to": [ 0.59, 0.6, 2.9 ],
															"rotationOrigin": [ 0.3, 0.3, 1.75 ],
															"rotationX": 10.0,
															"faces": {
																"east": { "texture": "#patternlinen", "uv": [ 9.0, 4.5, 10.0, 5.0 ] },
																"west": { "texture": "#patternlinen", "uv": [ 9.0, 5.5, 10.0, 6.0 ] },
																"up": { "texture": "#patternlinen", "uv": [ 8.0, 4.5, 9.0, 5.0 ], "rotation": 90 },
																"down": { "texture": "#patternlinen", "uv": [ 8.0, 5.5, 9.0, 6.0 ], "rotation": 90 }
															},
															"children": [
																{
																	"name": "BottleRope10",
																	"from": [ 0.01, 0.0, 0.85 ],
																	"to": [ 0.61, 0.6, 1.85 ],
																	"rotationOrigin": [ 0.31, 0.25, 0.95 ],
																	"rotationX": 28.0,
																	"faces": {
																		"east": { "texture": "#patternlinen", "uv": [ 8.0, 5.5, 9.0, 6.0 ] },
																		"west": { "texture": "#patternlinen", "uv": [ 8.0, 4.5, 9.0, 5.0 ] },
																		"up": { "texture": "#patternlinen", "uv": [ 11.0, 4.5, 12.0, 5.0 ], "rotation": 90 },
																		"down": { "texture": "#patternlinen", "uv": [ 11.0, 5.5, 12.0, 6.0 ], "rotation": 90 }
																	},
																	"children": [
																		{
																			"name": "BottleRope11",
																			"from": [ -0.01, -0.1, 0.8 ],
																			"to": [ 0.59, 0.5, 1.95 ],
																			"rotationOrigin": [ 0.3, 0.25, 1.1 ],
																			"rotationX": 40.0,
																			"faces": {
																				"east": { "texture": "#patternlinen", "uv": [ 7.0, 5.5, 8.0, 6.0 ] },
																				"west": { "texture": "#patternlinen", "uv": [ 7.0, 4.5, 8.0, 5.0 ] },
																				"up": { "texture": "#patternlinen", "uv": [ 12.0, 4.5, 13.0, 5.0 ], "rotation": 90 },
																				"down": { "texture": "#patternlinen", "uv": [ 10.0, 4.5, 11.0, 5.0 ], "rotation": 90 }
																			}
																		}
																	]
																}
															]
														}
													]
												}
											]
										}
									]
								}
							]
						}
					]
				},
				{
					"name": "BottleRopeBottom",
					"from": [ -0.1, 0.7, -0.1 ],
					"to": [ 5.1, 1.5, 3.1 ],
					"rotationOrigin": [ -0.1, 0.7, -0.1 ],
					"faces": {
						"north": { "texture": "#patternlinen", "uv": [ 0.0, 4.0, 6.0, 5.0 ], "autoUv": false },
						"east": { "texture": "#patternlinen", "uv": [ 8.0, 4.0, 12.0, 5.0 ], "autoUv": false },
						"south": { "texture": "#patternlinen", "uv": [ 10.0, 4.0, 16.0, 5.0 ], "autoUv": false },
						"west": { "texture": "#patternlinen", "uv": [ 4.0, 4.0, 8.0, 5.0 ], "autoUv": false },
						"up": { "texture": "#plain", "uv": [ 0.0, 8.0, 4.0, 12.0 ], "autoUv": false }
					},
					"children": [
						{
							"name": "BottleRopeBottomKnot",
							"from": [ 2.1, -0.1, 3.0 ],
							"to": [ 3.1, 0.9, 4.0 ],
							"rotationOrigin": [ 2.6, 0.4, 3.0 ],
							"faces": {
								"east": { "texture": "#patternlinen", "uv": [ 2.5, 4.0, 3.5, 5.0 ] },
								"south": { "texture": "#patternlinen", "uv": [ 9.5, 4.0, 10.5, 5.0 ] },
								"west": { "texture": "#patternlinen", "uv": [ 8.5, 4.0, 9.5, 5.0 ] },
								"up": { "texture": "#patternlinen", "uv": [ 5.5, 4.0, 6.5, 5.0 ] },
								"down": { "texture": "#patternlinen", "uv": [ 13.5, 4.0, 14.5, 5.0 ] }
							},
							"children": [
								{
									"name": "BottleRope1",
									"from": [ 0.21, 0.1, 0.7 ],
									"to": [ 0.81, 0.7, 1.7 ],
									"rotationOrigin": [ 0.5, 0.4, 0.7 ],
									"rotationX": 60.0,
									"faces": {
										"east": { "texture": "#patternlinen", "uv": [ 6.0, 4.0, 7.0, 4.5 ] },
										"south": { "texture": "#patternlinen", "uv": [ 3.5, 4.0, 4.0, 4.5 ] },
										"west": { "texture": "#patternlinen", "uv": [ 10.0, 4.0, 11.0, 4.5 ] },
										"up": { "texture": "#patternlinen", "uv": [ 9.0, 4.0, 10.0, 4.5 ], "rotation": 90 },
										"down": { "texture": "#patternlinen", "uv": [ 7.0, 5.5, 8.0, 6.0 ], "rotation": 90 }
									},
									"children": [
										{
											"name": "BottleRope2",
											"from": [ -0.01, -0.05, 0.85 ],
											"to": [ 0.59, 0.55, 1.85 ],
											"rotationOrigin": [ 0.3, 0.2, 0.8 ],
											"rotationX": -30.0,
											"faces": {
												"east": { "texture": "#patternlinen", "uv": [ 5.0, 5.0, 6.0, 5.5 ] },
												"south": { "texture": "#patternlinen", "uv": [ 2.5, 3.5, 3.0, 4.0 ] },
												"west": { "texture": "#patternlinen", "uv": [ 5.0, 5.0, 6.0, 5.5 ] },
												"up": { "texture": "#patternlinen", "uv": [ 4.0, 4.0, 5.0, 4.5 ], "rotation": 90 },
												"down": { "texture": "#patternlinen", "uv": [ 6.0, 5.0, 7.0, 5.5 ], "rotation": 90 }
											},
											"children": [
												{
													"name": "BottleRope3",
													"from": [ 0.01, -0.05, 0.9 ],
													"to": [ 0.61, 0.55, 3.9 ],
													"rotationOrigin": [ 0.31, 0.15, 0.85 ],
													"rotationX": -30.0,
													"faces": {
														"east": { "texture": "#patternlinen", "uv": [ 8.0, 4.5, 11.0, 5.0 ] },
														"west": { "texture": "#patternlinen", "uv": [ 6.0, 5.0, 9.0, 5.5 ] },
														"up": { "texture": "#patternlinen", "uv": [ 3.0, 5.0, 6.0, 5.5 ], "rotation": 90 },
														"down": { "texture": "#patternlinen", "uv": [ 7.0, 4.5, 10.0, 5.0 ], "rotation": 90 }
													},
													"children": [
														{
															"name": "BottleRope4",
															"from": [ -0.01, 0.0, 2.95 ],
															"to": [ 0.59, 0.6, 4.95 ],
															"rotationOrigin": [ 0.3, 0.2, 2.95 ],
															"rotationX": -10.0,
															"faces": {
																"east": { "texture": "#patternlinen", "uv": [ 4.0, 4.5, 6.0, 5.0 ] },
																"west": { "texture": "#patternlinen", "uv": [ 8.0, 4.5, 10.0, 5.0 ] },
																"up": { "texture": "#patternlinen", "uv": [ 4.0, 4.0, 6.0, 4.5 ], "rotation": 90 },
																"down": { "texture": "#patternlinen", "uv": [ 3.0, 4.5, 5.0, 5.0 ], "rotation": 90 }
															},
															"children": [
																{
																	"name": "BottleRope5",
																	"from": [ 0.01, 0.0, 1.85 ],
																	"to": [ 0.61, 0.6, 3.1 ],
																	"rotationOrigin": [ 0.32, 0.2, 1.95 ],
																	"rotationX": -40.0,
																	"faces": {
																		"east": { "texture": "#patternlinen", "uv": [ 12.0, 4.5, 13.0, 5.0 ] },
																		"south": { "texture": "#patternlinen", "uv": [ 1.0, 4.0, 1.5, 4.5 ] },
																		"west": { "texture": "#patternlinen", "uv": [ 10.0, 4.5, 11.0, 5.0 ] },
																		"up": { "texture": "#patternlinen", "uv": [ 3.0, 4.5, 4.0, 5.0 ], "rotation": 90 },
																		"down": { "texture": "#patternlinen", "uv": [ 2.0, 5.0, 3.0, 5.5 ], "rotation": 90 }
																	}
																}
															]
														}
													]
												}
											]
										}
									]
								}
							]
						}
					]
				},
				{
					"name": "BottleNeck",
					"from": [ 1.5, 7.5, 0.5 ],
					"to": [ 3.5, 8.5, 2.5 ],
					"rotationOrigin": [ 1.5, 7.5, 0.5 ],
					"faces": {
						"north": { "texture": "#tinbronze", "uv": [ 9.5, 5.0, 11.5, 6.0 ] },
						"east": { "texture": "#tinbronze", "uv": [ 6.5, 2.5, 8.5, 3.5 ] },
						"south": { "texture": "#tinbronze", "uv": [ 3.0, 2.5, 5.0, 3.5 ] },
						"west": { "texture": "#tinbronze", "uv": [ 3.5, 0.0, 5.5, 1.0 ] },
						"up": { "texture": "#tinbronze", "uv": [ 0.0, 0.0, 2.0, 2.0 ] }
					},
					"children": [
						{
							"name": "NeckGilding",
							"from": [ -0.01, 0.77, -0.01 ],
							"to": [ 2.01, 0.97, 2.01 ],
							"rotationOrigin": [ 0.0, 0.8, 0.0 ],
							"faces": {
								"north": { "texture": "#gold1", "uv": [ 6.0, 5.5, 8.0, 6.0 ] },
								"east": { "texture": "#gold1", "uv": [ 0.0, 0.0, 2.0, 0.5 ] },
								"south": { "texture": "#gold1", "uv": [ 0.0, 0.0, 2.0, 0.5 ] },
								"west": { "texture": "#gold1", "uv": [ 0.0, 0.0, 2.0, 0.5 ] }
							}
						}
					]
				},
				{
					"name": "BottleSeam1",
					"from": [ -0.2, 0.1, -0.2 ],
					"to": [ 5.2, 0.7, 3.2 ],
					"rotationOrigin": [ -0.2, 0.1, -0.2 ],
					"faces": {
						"north": { "texture": "#tinbronze", "uv": [ 0.0, 0.0, 5.0, 0.5 ] },
						"east": { "texture": "#tinbronze", "uv": [ 0.0, 0.0, 3.0, 0.5 ] },
						"south": { "texture": "#tinbronze", "uv": [ 0.0, 0.0, 5.0, 0.5 ] },
						"west": { "texture": "#tinbronze", "uv": [ 0.0, 0.0, 3.0, 0.5 ] },
						"up": { "texture": "#tinbronze", "uv": [ 0.0, 0.0, 5.0, 3.0 ] },
						"down": { "texture": "#tinbronze", "uv": [ 0.0, 0.0, 5.0, 3.0 ] }
					},
					"children": [
						{
							"name": "Seam1Gilding2",
							"from": [ -0.01, 0.35, -0.01 ],
							"to": [ 5.41, 0.55, 3.41 ],
							"rotationOrigin": [ 0.0, 0.4, 0.0 ],
							"faces": {
								"north": { "texture": "#gold1", "uv": [ 10.5, 9.0, 15.5, 9.5 ] },
								"east": { "texture": "#gold1", "uv": [ 10.5, 10.5, 13.5, 11.0 ] },
								"south": { "texture": "#gold1", "uv": [ 5.5, 3.5, 10.5, 4.0 ] },
								"west": { "texture": "#gold1", "uv": [ 7.5, 10.0, 10.5, 10.5 ] }
							}
						},
						{
							"name": "Seam1Gilding1",
							"from": [ -0.01, 0.05, -0.01 ],
							"to": [ 5.41, 0.25, 3.41 ],
							"rotationOrigin": [ 0.0, 0.1, 0.0 ],
							"faces": {
								"north": { "texture": "#gold1", "uv": [ 10.5, 9.0, 15.5, 9.5 ] },
								"east": { "texture": "#gold1", "uv": [ 10.5, 10.5, 13.5, 11.0 ] },
								"south": { "texture": "#gold1", "uv": [ 5.5, 3.5, 10.5, 4.0 ] },
								"west": { "texture": "#gold1", "uv": [ 7.5, 10.0, 10.5, 10.5 ] }
							}
						}
					]
				},
				{
					"name": "BottleSeam2",
					"from": [ -0.2, 6.8, -0.2 ],
					"to": [ 5.2, 7.4, 3.2 ],
					"rotationOrigin": [ -0.2, 6.8, -0.2 ],
					"faces": {
						"north": { "texture": "#tinbronze", "uv": [ 0.0, 0.0, 5.0, 0.5 ] },
						"east": { "texture": "#tinbronze", "uv": [ 0.0, 0.0, 3.0, 0.5 ] },
						"south": { "texture": "#tinbronze", "uv": [ 0.0, 0.0, 5.0, 0.5 ] },
						"west": { "texture": "#tinbronze", "uv": [ 0.0, 0.0, 3.0, 0.5 ] },
						"up": { "texture": "#tinbronze", "uv": [ 0.0, 0.0, 5.0, 3.0 ] },
						"down": { "texture": "#tinbronze", "uv": [ 0.0, 0.0, 5.0, 3.0 ] }
					},
					"children": [
						{
							"name": "Seam2Gilding1",
							"from": [ -0.01, 0.05, -0.01 ],
							"to": [ 5.41, 0.25, 3.41 ],
							"rotationOrigin": [ 0.0, 0.1, 0.0 ],
							"faces": {
								"north": { "texture": "#gold1", "uv": [ 10.5, 9.0, 15.5, 9.5 ] },
								"east": { "texture": "#gold1", "uv": [ 10.5, 10.5, 13.5, 11.0 ] },
								"south": { "texture": "#gold1", "uv": [ 5.5, 3.5, 10.5, 4.0 ] },
								"west": { "texture": "#gold1", "uv": [ 7.5, 10.0, 10.5, 10.5 ] }
							}
						},
						{
							"name": "Seam2Gilding2",
							"from": [ -0.01, 0.35, -0.01 ],
							"to": [ 5.41, 0.55, 3.41 ],
							"rotationOrigin": [ 0.0, 0.4, 0.0 ],
							"faces": {
								"north": { "texture": "#gold1", "uv": [ 9.5, 9.5, 14.5, 10.0 ] },
								"east": { "texture": "#gold1", "uv": [ 8.5, 6.0, 11.5, 6.5 ] },
								"south": { "texture": "#gold1", "uv": [ 0.0, 8.5, 5.0, 9.0 ] },
								"west": { "texture": "#gold1", "uv": [ 7.0, 3.0, 10.0, 3.5 ] }
							}
						}
					]
				},
				{
					"name": "DecorationRoot",
					"from": [ 2.5, 2.85, 0.0 ],
					"to": [ 2.5, 2.85, 0.0 ],
					"rotationOrigin": [ 2.5, 2.85, 0.0 ],
					"faces": {
					},
					"children": [
						{
							"name": "Goldface3",
							"from": [ -0.5, 0.0, -0.19 ],
							"to": [ 0.5, 0.25, 0.01 ],
							"rotationOrigin": [ 0.2, 0.0, 0.0 ],
							"faces": {
								"north": { "texture": "#gold1", "uv": [ 2.5, 5.0, 5.5, 5.5 ], "autoUv": false },
								"east": { "texture": "#gold1", "uv": [ 3.0, 2.5, 3.5, 3.0 ] },
								"west": { "texture": "#gold1", "uv": [ 3.0, 2.0, 3.5, 2.5 ] },
								"up": { "texture": "#gold1", "uv": [ 2.0, 4.5, 5.0, 5.0 ], "autoUv": false },
								"down": { "texture": "#gold1", "uv": [ 2.0, 3.0, 5.0, 3.5 ], "autoUv": false }
							},
							"children": [
								{
									"name": "Goldface4",
									"from": [ 0.1, 0.2, 0.06 ],
									"to": [ 0.3, 0.7, 0.2 ],
									"rotationOrigin": [ 0.2, 0.2, -0.01 ],
									"rotationZ": 32.0,
									"faces": {
										"north": { "texture": "#gold1", "uv": [ 4.0, 5.5, 4.5, 6.0 ] },
										"east": { "texture": "#gold1", "uv": [ 5.5, 5.5, 6.0, 6.0 ] },
										"west": { "texture": "#gold1", "uv": [ 7.5, 8.0, 8.0, 8.5 ] }
									},
									"children": [
										{
											"name": "Goldface14",
											"from": [ -0.1, 0.25, -0.01 ],
											"to": [ 0.25, 0.45, 0.14 ],
											"rotationOrigin": [ 0.05, 0.45, -0.01 ],
											"rotationZ": 10.0,
											"faces": {
												"north": { "texture": "#gold1", "uv": [ 4.0, 5.5, 4.5, 6.0 ] },
												"east": { "texture": "#gold1", "uv": [ 5.5, 5.5, 6.0, 6.0 ] },
												"west": { "texture": "#gold1", "uv": [ 7.5, 8.0, 8.0, 8.5 ] },
												"down": { "texture": "#gold1", "uv": [ 0.0, 0.0, 0.5, 0.5 ] }
											},
											"children": [
												{
													"name": "Goldface5",
													"from": [ 0.0, 0.1464, -0.01 ],
													"to": [ 0.4, 0.3964, 0.15 ],
													"rotationOrigin": [ 0.2659, 0.1464, -0.01 ],
													"rotationZ": 10.0,
													"faces": {
														"north": { "texture": "#gold1", "uv": [ 7.0, 3.0, 8.0, 3.5 ], "autoUv": false },
														"east": { "texture": "#gold1", "uv": [ 6.0, 5.5, 6.5, 6.0 ] },
														"west": { "texture": "#gold1", "uv": [ 8.5, 8.0, 9.0, 8.5 ] },
														"down": { "texture": "#gold1", "uv": [ 5.5, 3.0, 6.0, 3.5 ] }
													},
													"children": [
														{
															"name": "Goldface6",
															"from": [ -0.02, 0.15, -0.01 ],
															"to": [ 0.53, 0.35, 0.16 ],
															"rotationOrigin": [ 0.35, 0.15, -0.01 ],
															"rotationZ": 10.0,
															"faces": {
																"north": { "texture": "#gold1", "uv": [ 2.0, 8.5, 3.0, 9.0 ], "autoUv": false },
																"east": { "texture": "#gold1", "uv": [ 5.5, 5.5, 6.0, 6.0 ] },
																"west": { "texture": "#gold1", "uv": [ 7.5, 8.0, 8.0, 8.5 ] },
																"down": { "texture": "#gold1", "uv": [ 0.0, 0.0, 0.5, 0.5 ] }
															},
															"children": [
																{
																	"name": "Goldface7",
																	"from": [ 0.0, 0.15, -0.01 ],
																	"to": [ 0.7, 0.45, 0.17 ],
																	"rotationOrigin": [ 0.5, 0.2, -0.01 ],
																	"rotationZ": 10.0,
																	"faces": {
																		"north": { "texture": "#gold1", "uv": [ 3.5, 3.0, 4.5, 3.5 ], "autoUv": false },
																		"east": { "texture": "#gold1", "uv": [ 5.5, 5.5, 6.0, 6.0 ], "autoUv": false },
																		"west": { "texture": "#gold1", "uv": [ 7.5, 8.0, 8.0, 8.5 ] },
																		"down": { "texture": "#gold1", "uv": [ 0.0, 0.0, 0.5, 0.5 ] }
																	},
																	"children": [
																		{
																			"name": "Goldface8",
																			"from": [ 0.05, 0.1, -0.01 ],
																			"to": [ 0.85, 0.5, 0.18 ],
																			"rotationOrigin": [ 0.35, 0.1, -0.01 ],
																			"rotationZ": 15.0,
																			"faces": {
																				"north": { "texture": "#gold1", "uv": [ 4.0, 3.0, 5.0, 3.5 ], "autoUv": false },
																				"east": { "texture": "#gold1", "uv": [ 5.5, 5.5, 6.0, 6.0 ], "autoUv": false },
																				"west": { "texture": "#gold1", "uv": [ 7.5, 8.0, 8.0, 8.5 ] },
																				"up": { "texture": "#gold1", "uv": [ 2.5, 2.0, 3.0, 2.5 ] },
																				"down": { "texture": "#gold1", "uv": [ 0.0, 0.0, 0.5, 0.5 ] }
																			},
																			"children": [
																				{
																					"name": "Goldface9",
																					"from": [ 0.07, 0.27, 0.01 ],
																					"to": [ 0.77, 0.67, 0.19 ],
																					"rotationOrigin": [ 0.42, 0.325, -0.01 ],
																					"rotationZ": 20.0,
																					"faces": {
																						"north": { "texture": "#gold1", "uv": [ 8.0, 12.0, 9.0, 12.5 ], "autoUv": false },
																						"east": { "texture": "#gold1", "uv": [ 6.5, 6.0, 7.0, 6.5 ] },
																						"west": { "texture": "#gold1", "uv": [ 13.5, 3.0, 14.0, 3.5 ] },
																						"up": { "texture": "#gold1", "uv": [ 5.5, 4.5, 6.0, 5.0 ] },
																						"down": { "texture": "#gold1", "uv": [ 9.0, 3.0, 9.5, 3.5 ] }
																					},
																					"children": [
																						{
																							"name": "Goldface10",
																							"from": [ 0.1, 0.325, 0.01 ],
																							"to": [ 0.653, 0.625, 0.18 ],
																							"rotationOrigin": [ 0.3, 0.25, -0.01 ],
																							"rotationZ": 15.0,
																							"faces": {
																								"north": { "texture": "#gold1", "uv": [ 8.5, 13.5, 9.5, 14.0 ], "autoUv": false },
																								"east": { "texture": "#gold1", "uv": [ 14.0, 0.5, 14.5, 1.0 ] },
																								"west": { "texture": "#gold1", "uv": [ 13.5, 3.0, 14.0, 3.5 ] },
																								"up": { "texture": "#gold1", "uv": [ 4.5, 10.5, 5.0, 11.0 ] }
																							},
																							"children": [
																								{
																									"name": "Goldface11",
																									"from": [ 0.07, 0.2, 0.01 ],
																									"to": [ 0.47, 0.5, 0.17 ],
																									"rotationOrigin": [ 0.25, 0.2, -0.01 ],
																									"rotationZ": 15.0,
																									"faces": {
																										"north": { "texture": "#gold1", "uv": [ 0.5, 12.0, 1.5, 12.5 ], "autoUv": false },
																										"east": { "texture": "#gold1", "uv": [ 3.0, 4.5, 3.5, 5.0 ] },
																										"west": { "texture": "#gold1", "uv": [ 11.0, 9.5, 11.5, 10.0 ] },
																										"up": { "texture": "#gold1", "uv": [ 3.5, 4.5, 4.0, 5.0 ] }
																									},
																									"children": [
																										{
																											"name": "Goldface16",
																											"from": [ 0.075, 0.25, 0.01 ],
																											"to": [ 0.325, 0.55, 0.16 ],
																											"rotationOrigin": [ 0.175, 0.2544, -0.01 ],
																											"rotationZ": 15.0,
																											"faces": {
																												"north": { "texture": "#gold1", "uv": [ 5.5, 8.0, 6.0, 8.5 ] },
																												"east": { "texture": "#gold1", "uv": [ 5.5, 5.5, 6.0, 6.0 ] },
																												"west": { "texture": "#gold1", "uv": [ 7.0, 7.0, 7.5, 7.5 ], "autoUv": false },
																												"up": { "texture": "#gold1", "uv": [ 10.0, 6.0, 10.5, 6.5 ] }
																											},
																											"children": [
																												{
																													"name": "Goldface17",
																													"from": [ 0.05, 0.25, 0.01 ],
																													"to": [ 0.175, 0.45, 0.15 ],
																													"rotationOrigin": [ 0.1, 0.25, -0.01 ],
																													"rotationZ": 15.0,
																													"faces": {
																														"north": { "texture": "#gold1", "uv": [ 7.5, 12.0, 8.0, 12.5 ] },
																														"east": { "texture": "#gold1", "uv": [ 6.0, 5.0, 6.5, 5.5 ] },
																														"west": { "texture": "#gold1", "uv": [ 6.5, 5.0, 7.0, 5.5 ] },
																														"up": { "texture": "#gold1", "uv": [ 13.5, 3.0, 14.0, 3.5 ] }
																													}
																												}
																											]
																										}
																									]
																								}
																							]
																						}
																					]
																				}
																			]
																		}
																	]
																}
															]
														}
													]
												}
											]
										}
									]
								},
								{
									"name": "Goldface15",
									"from": [ 0.4, -0.25, 0.06 ],
									"to": [ 0.6, 0.5, 0.2 ],
									"rotationOrigin": [ 0.5, -0.25, -0.01 ],
									"faces": {
										"north": { "texture": "#gold1", "uv": [ 1.5, 2.5, 2.0, 4.0 ], "autoUv": false },
										"east": { "texture": "#gold1", "uv": [ 5.5, 5.5, 6.0, 6.0 ] },
										"west": { "texture": "#gold1", "uv": [ 7.5, 8.0, 8.0, 8.5 ] }
									},
									"children": [
										{
											"name": "Goldface2",
											"from": [ -0.1, 0.75, -0.04 ],
											"to": [ 0.3, 2.85, 0.12 ],
											"rotationOrigin": [ 0.15, 0.75, -0.07 ],
											"faces": {
												"north": { "texture": "#gold1", "uv": [ 0.0, 4.5, 0.5, 7.0 ], "autoUv": false },
												"east": { "texture": "#gold1", "uv": [ 5.5, 5.5, 6.0, 7.5 ] },
												"west": { "texture": "#gold1", "uv": [ 6.0, 7.5, 6.5, 9.5 ] },
												"up": { "texture": "#gold1", "uv": [ 2.5, 2.0, 3.0, 2.5 ] },
												"down": { "texture": "#gold1", "uv": [ 0.0, 0.0, 0.5, 0.5 ] }
											},
											"children": [
												{
													"name": "Goldface12",
													"from": [ -0.2, 0.6, -0.02 ],
													"to": [ 0.6, 1.9, 0.16 ],
													"rotationOrigin": [ 0.2, 0.6, -0.01 ],
													"faces": {
														"north": { "texture": "#gold1", "uv": [ 3.0, 5.0, 4.0, 6.6 ], "autoUv": false },
														"east": { "texture": "#gold1", "uv": [ 5.5, 5.5, 6.0, 6.5 ] },
														"west": { "texture": "#gold1", "uv": [ 7.5, 8.0, 8.0, 9.0 ] },
														"up": { "texture": "#gold1", "uv": [ 2.5, 2.0, 3.0, 2.5 ] },
														"down": { "texture": "#gold1", "uv": [ 0.0, 0.0, 0.5, 0.5 ] }
													},
													"children": [
														{
															"name": "Goldface1",
															"from": [ -0.1, 0.3, -0.01 ],
															"to": [ 0.9, 1.05, 0.19 ],
															"rotationOrigin": [ 0.4, 0.25, -0.01 ],
															"faces": {
																"north": { "texture": "#gold1", "uv": [ 2.0, 6.0, 3.5, 7.0 ], "autoUv": false },
																"east": { "texture": "#gold1", "uv": [ 0.0, 0.0, 0.5, 0.5 ] },
																"west": { "texture": "#gold1", "uv": [ 0.0, 0.0, 0.5, 0.5 ] },
																"up": { "texture": "#gold1", "uv": [ 0.0, 0.0, 1.0, 0.5 ] },
																"down": { "texture": "#gold1", "uv": [ 0.0, 0.0, 1.0, 0.5 ] }
															},
															"children": [
																{
																	"name": "Goldface13",
																	"from": [ 0.4, 1.2, 0.06 ],
																	"to": [ 0.6, 1.5, 0.2 ],
																	"rotationOrigin": [ 0.5, 1.2, 0.1 ],
																	"faces": {
																		"north": { "texture": "#gold1", "uv": [ 2.5, 5.5, 3.0, 6.0 ] },
																		"east": { "texture": "#gold1", "uv": [ 0.0, 0.0, 0.5, 0.5 ] },
																		"west": { "texture": "#gold1", "uv": [ 0.0, 0.0, 0.5, 0.5 ] },
																		"up": { "texture": "#gold1", "uv": [ 2.0, 3.0, 2.5, 3.5 ] }
																	}
																}
															]
														}
													]
												}
											]
										},
										{
											"name": "Goldface18",
											"from": [ -0.1, -0.45, -0.01 ],
											"to": [ 0.3, 0.0, 0.13 ],
											"rotationOrigin": [ 0.1, 0.1, 0.13 ],
											"faces": {
												"north": { "texture": "#gold1", "uv": [ 4.0, 5.5, 4.5, 6.0 ] },
												"east": { "texture": "#gold1", "uv": [ 5.5, 5.5, 6.0, 6.0 ] },
												"west": { "texture": "#gold1", "uv": [ 7.5, 8.0, 8.0, 8.5 ] },
												"up": { "texture": "#gold1", "uv": [ 2.5, 2.0, 3.0, 2.5 ] }
											},
											"children": [
												{
													"name": "Goldface19",
													"from": [ -0.05, 0.1, -0.01 ],
													"to": [ 0.45, 0.35, 0.14 ],
													"rotationOrigin": [ 0.2, 0.3, 0.15 ],
													"faces": {
														"north": { "texture": "#gold1", "uv": [ 3.5, 5.0, 4.5, 5.5 ], "autoUv": false },
														"east": { "texture": "#gold1", "uv": [ 5.5, 5.5, 6.0, 6.0 ] },
														"west": { "texture": "#gold1", "uv": [ 7.5, 8.0, 8.0, 8.5 ] },
														"up": { "texture": "#gold1", "uv": [ 2.5, 2.0, 3.0, 2.5 ], "windMode": [-1,-1,-1,-1] },
														"down": { "texture": "#gold1", "uv": [ 0.0, 0.0, 0.5, 0.5 ], "windMode": [-1,-1,-1,-1] }
													},
													"children": [
														{
															"name": "Goldface20",
															"from": [ 0.1, -0.35, 0.0 ],
															"to": [ 0.4, 0.0, 0.15 ],
															"rotationOrigin": [ 0.25, 0.0, 0.15 ],
															"faces": {
																"north": { "texture": "#gold1", "uv": [ 6.5, 6.5, 7.0, 7.5 ], "autoUv": false },
																"east": { "texture": "#gold1", "uv": [ 5.5, 5.5, 6.0, 6.0 ] },
																"west": { "texture": "#gold1", "uv": [ 7.5, 8.0, 8.0, 8.5 ] },
																"down": { "texture": "#gold1", "uv": [ 0.0, 0.0, 0.5, 0.5 ] }
															},
															"children": [
																{
																	"name": "Goldface21",
																	"from": [ 0.07, -0.25, 0.0 ],
																	"to": [ 0.22, 0.0, 0.15 ],
																	"rotationOrigin": [ 0.15, 0.0, 0.15 ],
																	"faces": {
																		"north": { "texture": "#gold1", "uv": [ 4.0, 5.5, 4.5, 6.0 ] },
																		"east": { "texture": "#gold1", "uv": [ 5.5, 5.5, 6.0, 6.0 ] },
																		"west": { "texture": "#gold1", "uv": [ 7.5, 8.0, 8.0, 8.5 ] },
																		"down": { "texture": "#gold1", "uv": [ 0.0, 0.0, 0.5, 0.5 ] }
																	}
																},
																{
																	"name": "Goldface22",
																	"from": [ 0.0, 0.45, 0.03 ],
																	"to": [ 0.25, 0.95, 0.15 ],
																	"rotationOrigin": [ 0.13, 0.95, 0.15 ],
																	"rotationZ": 50.0,
																	"faces": {
																		"north": { "texture": "#gold1", "uv": [ 2.5, 6.0, 3.0, 7.0 ], "autoUv": false },
																		"east": { "texture": "#gold1", "uv": [ 5.5, 5.5, 6.0, 6.0 ] },
																		"west": { "texture": "#gold1", "uv": [ 7.5, 8.0, 8.0, 8.5 ] },
																		"down": { "texture": "#gold1", "uv": [ 0.0, 0.0, 0.5, 0.5 ] }
																	},
																	"children": [
																		{
																			"name": "Goldface24",
																			"from": [ 0.05, -0.3, 0.01 ],
																			"to": [ 0.2, 0.05, 0.12 ],
																			"rotationOrigin": [ 0.13, 0.05, 0.13 ],
																			"rotationZ": 20.0,
																			"faces": {
																				"north": { "texture": "#gold1", "uv": [ 4.0, 5.5, 4.5, 6.0 ] },
																				"east": { "texture": "#gold1", "uv": [ 5.5, 5.5, 6.0, 6.0 ] },
																				"west": { "texture": "#gold1", "uv": [ 7.5, 8.0, 8.0, 8.5 ] },
																				"down": { "texture": "#gold1", "uv": [ 0.0, 0.0, 0.5, 0.5 ] }
																			}
																		}
																	]
																},
																{
																	"name": "Goldface23",
																	"from": [ 0.0, 0.45, 0.03 ],
																	"to": [ 0.25, 0.95, 0.15 ],
																	"rotationOrigin": [ 0.13, 0.95, 0.15 ],
																	"rotationZ": -50.0,
																	"faces": {
																		"north": { "texture": "#gold1", "uv": [ 2.5, 6.0, 3.0, 7.0 ], "autoUv": false },
																		"east": { "texture": "#gold1", "uv": [ 5.5, 5.5, 6.0, 6.0 ] },
																		"west": { "texture": "#gold1", "uv": [ 7.5, 8.0, 8.0, 8.5 ] },
																		"down": { "texture": "#gold1", "uv": [ 0.0, 0.0, 0.5, 0.5 ] }
																	},
																	"children": [
																		{
																			"name": "Goldface25",
																			"from": [ 0.05, -0.3, 0.01 ],
																			"to": [ 0.2, 0.05, 0.12 ],
																			"rotationOrigin": [ 0.13, 0.05, 0.13 ],
																			"rotationZ": -20.0,
																			"faces": {
																				"north": { "texture": "#gold1", "uv": [ 4.0, 5.5, 4.5, 6.0 ] },
																				"east": { "texture": "#gold1", "uv": [ 5.5, 5.5, 6.0, 6.0 ] },
																				"west": { "texture": "#gold1", "uv": [ 7.5, 8.0, 8.0, 8.5 ] },
																				"down": { "texture": "#gold1", "uv": [ 0.0, 0.0, 0.5, 0.5 ] }
																			}
																		}
																	]
																}
															]
														}
													]
												}
											]
										}
									]
								},
								{
									"name": "Goldface29",
									"from": [ 0.7, 0.2, 0.06 ],
									"to": [ 0.9, 0.7, 0.2 ],
									"rotationOrigin": [ 0.8, 0.2, 0.11 ],
									"rotationZ": -32.0,
									"faces": {
										"north": { "texture": "#gold1", "uv": [ 4.0, 5.5, 4.5, 6.0 ], "windMode": [-1,-1,-1,-1] },
										"east": { "texture": "#gold1", "uv": [ 5.5, 5.5, 6.0, 6.0 ] },
										"south": { "texture": "#gold1", "uv": [ 0.0, 0.0, 0.5, 0.5 ], "windMode": [-1,-1,-1,-1] },
										"west": { "texture": "#gold1", "uv": [ 7.5, 8.0, 8.0, 8.5 ] }
									},
									"children": [
										{
											"name": "Goldface30",
											"from": [ -0.05, 0.25, -0.01 ],
											"to": [ 0.3, 0.45, 0.14 ],
											"rotationOrigin": [ 0.1, 0.45, 0.2 ],
											"rotationZ": -10.0,
											"faces": {
												"north": { "texture": "#gold1", "uv": [ 11.0, 3.0, 11.5, 3.5 ], "autoUv": false, "windMode": [-1,-1,-1,-1] },
												"east": { "texture": "#gold1", "uv": [ 5.5, 5.5, 6.0, 6.0 ] },
												"west": { "texture": "#gold1", "uv": [ 7.5, 8.0, 8.0, 8.5 ] },
												"down": { "texture": "#gold1", "uv": [ 6.0, 0.0, 6.5, 0.5 ] }
											},
											"children": [
												{
													"name": "Goldface31",
													"from": [ -0.05, 0.1464, -0.01 ],
													"to": [ 0.35, 0.3964, 0.15 ],
													"rotationOrigin": [ 0.0341, 0.1464, 0.2 ],
													"rotationZ": -10.0,
													"faces": {
														"north": { "texture": "#gold1", "uv": [ 4.0, 3.0, 5.0, 3.5 ], "autoUv": false, "windMode": [-1,-1,-1,-1] },
														"east": { "texture": "#gold1", "uv": [ 5.5, 5.5, 6.0, 6.0 ] },
														"west": { "texture": "#gold1", "uv": [ 7.5, 8.0, 8.0, 8.5 ] },
														"down": { "texture": "#gold1", "uv": [ 0.0, 0.0, 0.5, 0.5 ] }
													},
													"children": [
														{
															"name": "Goldface32",
															"from": [ -0.13, 0.15, -0.01 ],
															"to": [ 0.42, 0.35, 0.16 ],
															"rotationOrigin": [ 0.05, 0.15, 0.2 ],
															"rotationZ": -10.0,
															"faces": {
																"north": { "texture": "#gold1", "uv": [ 8.0, 3.5, 9.0, 4.0 ], "autoUv": false, "windMode": [-1,-1,-1,-1] },
																"east": { "texture": "#gold1", "uv": [ 5.5, 5.5, 6.0, 6.0 ] },
																"west": { "texture": "#gold1", "uv": [ 7.5, 8.0, 8.0, 8.5 ] },
																"down": { "texture": "#gold1", "uv": [ 0.0, 0.0, 0.5, 0.5 ] }
															},
															"children": [
																{
																	"name": "Goldface33",
																	"from": [ -0.15, 0.15, -0.01 ],
																	"to": [ 0.55, 0.45, 0.17 ],
																	"rotationOrigin": [ 0.05, 0.2, 0.2 ],
																	"rotationZ": -10.0,
																	"faces": {
																		"north": { "texture": "#gold1", "uv": [ 7.0, 4.5, 8.0, 5.0 ], "autoUv": false, "windMode": [-1,-1,-1,-1] },
																		"east": { "texture": "#gold1", "uv": [ 6.5, 5.0, 7.0, 5.5 ] },
																		"west": { "texture": "#gold1", "uv": [ 8.0, 6.5, 8.5, 7.0 ] },
																		"down": { "texture": "#gold1", "uv": [ 10.0, 7.0, 10.5, 7.5 ] }
																	},
																	"children": [
																		{
																			"name": "Goldface34",
																			"from": [ -0.15, 0.1, -0.01 ],
																			"to": [ 0.65, 0.5, 0.18 ],
																			"rotationOrigin": [ 0.35, 0.1, 0.2 ],
																			"rotationZ": -15.0,
																			"faces": {
																				"north": { "texture": "#gold1", "uv": [ 6.5, 5.0, 7.5, 5.5 ], "autoUv": false, "windMode": [-1,-1,-1,-1] },
																				"east": { "texture": "#gold1", "uv": [ 7.0, 6.5, 7.5, 7.0 ] },
																				"west": { "texture": "#gold1", "uv": [ 9.0, 7.5, 9.5, 8.0 ] },
																				"up": { "texture": "#gold1", "uv": [ 9.5, 10.5, 10.0, 11.0 ] },
																				"down": { "texture": "#gold1", "uv": [ 13.0, 2.5, 13.5, 3.0 ] }
																			},
																			"children": [
																				{
																					"name": "Goldface35",
																					"from": [ 0.03, 0.27, 0.01 ],
																					"to": [ 0.73, 0.67, 0.19 ],
																					"rotationOrigin": [ 0.38, 0.325, 0.2 ],
																					"rotationZ": -20.0,
																					"faces": {
																						"north": { "texture": "#gold1", "uv": [ 10.0, 6.5, 11.0, 7.0 ], "autoUv": false, "windMode": [-1,-1,-1,-1] },
																						"east": { "texture": "#gold1", "uv": [ 13.5, 2.5, 14.0, 3.0 ] },
																						"west": { "texture": "#gold1", "uv": [ 10.5, 6.5, 11.0, 7.0 ] },
																						"up": { "texture": "#gold1", "uv": [ 0.0, 3.5, 0.5, 4.0 ] }
																					},
																					"children": [
																						{
																							"name": "Goldface36",
																							"from": [ 0.05, 0.31, 0.01 ],
																							"to": [ 0.603, 0.61, 0.18 ],
																							"rotationOrigin": [ 0.4, 0.25, 0.2 ],
																							"rotationZ": -15.0,
																							"faces": {
																								"north": { "texture": "#gold1", "uv": [ 6.0, 5.0, 7.0, 5.5 ], "autoUv": false, "windMode": [-1,-1,-1,-1] },
																								"east": { "texture": "#gold1", "uv": [ 3.0, 4.5, 3.5, 5.0 ] },
																								"west": { "texture": "#gold1", "uv": [ 9.0, 6.0, 9.5, 6.5 ] },
																								"up": { "texture": "#gold1", "uv": [ 5.0, 4.0, 5.5, 4.5 ] }
																							},
																							"children": [
																								{
																									"name": "Goldface37",
																									"from": [ 0.083, 0.2, 0.01 ],
																									"to": [ 0.483, 0.5, 0.17 ],
																									"rotationOrigin": [ 0.303, 0.2, 0.2 ],
																									"rotationZ": -15.0,
																									"faces": {
																										"north": { "texture": "#gold1", "uv": [ 7.0, 12.0, 8.0, 12.5 ], "autoUv": false, "windMode": [-1,-1,-1,-1] },
																										"east": { "texture": "#gold1", "uv": [ 5.5, 5.5, 6.0, 6.0 ] },
																										"west": { "texture": "#gold1", "uv": [ 7.5, 8.0, 8.0, 8.5 ] },
																										"up": { "texture": "#gold1", "uv": [ 2.5, 2.0, 3.0, 2.5 ] }
																									},
																									"children": [
																										{
																											"name": "Goldface38",
																											"from": [ 0.075, 0.25, 0.01 ],
																											"to": [ 0.325, 0.55, 0.16 ],
																											"rotationOrigin": [ 0.225, 0.2544, 0.2 ],
																											"rotationZ": -15.0,
																											"faces": {
																												"north": { "texture": "#gold1", "uv": [ 10.0, 7.0, 10.5, 7.5 ], "windMode": [-1,-1,-1,-1] },
																												"east": { "texture": "#gold1", "uv": [ 2.5, 6.0, 3.0, 6.5 ] },
																												"west": { "texture": "#gold1", "uv": [ 12.5, 2.5, 13.0, 3.0 ] },
																												"up": { "texture": "#gold1", "uv": [ 2.5, 2.0, 3.0, 2.5 ] }
																											},
																											"children": [
																												{
																													"name": "Goldface39",
																													"from": [ 0.075, 0.25, 0.01 ],
																													"to": [ 0.2, 0.45, 0.15 ],
																													"rotationOrigin": [ 0.15, 0.25, 0.2 ],
																													"rotationZ": -15.0,
																													"faces": {
																														"north": { "texture": "#gold1", "uv": [ 6.0, 3.5, 6.5, 4.0 ], "windMode": [-1,-1,-1,-1] },
																														"east": { "texture": "#gold1", "uv": [ 5.5, 5.5, 6.0, 6.0 ] },
																														"west": { "texture": "#gold1", "uv": [ 7.5, 8.0, 8.0, 8.5 ] },
																														"up": { "texture": "#gold1", "uv": [ 2.5, 2.0, 3.0, 2.5 ] }
																													}
																												}
																											]
																										}
																									]
																								}
																							]
																						}
																					]
																				}
																			]
																		}
																	]
																}
															]
														}
													]
												}
											]
										}
									]
								}
							]
						}
					]
				},
				{
					"name": "CornerGilding1",
					"from": [ -0.01, 1.5, -0.01 ],
					"to": [ 0.19, 6.0, 0.19 ],
					"rotationOrigin": [ -0.1, 1.5, -0.1 ],
					"faces": {
						"north": { "texture": "#gold1", "uv": [ 2.0, 5.5, 2.5, 10.0 ] },
						"west": { "texture": "#gold1", "uv": [ 2.0, 5.0, 2.5, 9.5 ] }
					}
				},
				{
					"name": "CornerGilding3",
					"from": [ 4.81, 1.5, -0.01 ],
					"to": [ 5.01, 6.0, 0.19 ],
					"rotationOrigin": [ 4.7, 1.5, -0.1 ],
					"faces": {
						"north": { "texture": "#gold1", "uv": [ 2.0, 5.5, 2.5, 10.0 ] },
						"east": { "texture": "#gold1", "uv": [ 10.0, 4.0, 10.5, 8.5 ], "windMode": [-1,-1,-1,-1] }
					}
				},
				{
					"name": "CornerGilding2",
					"from": [ -0.01, 1.5, 2.81 ],
					"to": [ 0.19, 6.0, 3.01 ],
					"rotationOrigin": [ -0.1, 1.5, 2.6 ],
					"faces": {
						"south": { "texture": "#gold1", "uv": [ 0.0, 0.0, 0.5, 4.5 ], "windMode": [-1,-1,-1,-1] },
						"west": { "texture": "#gold1", "uv": [ 2.0, 5.0, 2.5, 9.5 ] }
					}
				},
				{
					"name": "CornerGilding4",
					"from": [ 4.81, 1.5, 2.81 ],
					"to": [ 5.01, 6.0, 3.01 ],
					"rotationOrigin": [ 4.72, 1.5, 2.6 ],
					"faces": {
						"east": { "texture": "#gold1", "uv": [ 0.0, 0.0, 0.5, 4.5 ], "windMode": [-1,-1,-1,-1] },
						"south": { "texture": "#gold1", "uv": [ 0.0, 0.0, 0.5, 4.5 ] }
					}
				},
				{
					"name": "SolderSeam",
					"from": [ 2.2, 1.5, 3.0 ],
					"to": [ 2.7, 6.0, 3.02 ],
					"rotationOrigin": [ 2.45, 1.5, 3.0 ],
					"faces": {
						"south": { "texture": "#leadsolder", "uv": [ 0.0, 6.5, 1.0, 11.0 ], "autoUv": false }
					}
				}
			]
		}
	]}