{
	"editor": {
		"allAngles": false,
		"entityTextureMode": false
	},
	"textureWidth": 16,
	"textureHeight": 16,
	"textureSizes": {
	},
	"textures": {
		"patternlinen": "block/patternlinen",
		"ceramic": "game:block/clay/ceramic",
		"plain": "game:block/cloth/linen/plain",
		"leadsolder": "game:block/metal/ingot/leadsolder",
		"tin": "game:block/metal/plate/tin"
	},
	"elements": [
		{
			"name": "MetalBottle",
			"from": [ 5.5, 0.0, 6.5 ],
			"to": [ 10.5, 7.5, 9.5 ],
			"rotationOrigin": [ 5.5, 0.0, 6.5 ],
			"faces": {
				"north": { "texture": "#tin", "uv": [ 4.0, 0.0, 9.0, 7.5 ] },
				"east": { "texture": "#tin", "uv": [ 4.0, 0.0, 7.0, 7.5 ] },
				"south": { "texture": "#tin", "uv": [ 5.0, 0.0, 10.0, 7.5 ] },
				"west": { "texture": "#tin", "uv": [ 5.0, 0.0, 8.0, 7.5 ] },
				"up": { "texture": "#tin", "uv": [ 6.0, 6.0, 11.0, 9.0 ] },
				"down": { "texture": "#tin", "uv": [ 6.0, 6.0, 11.0, 9.0 ] }
			},
			"children": [
				{
					"name": "MetalBottleLid",
					"from": [ 1.9, 8.5, 0.9 ],
					"to": [ 3.1, 9.7, 2.1 ],
					"rotationOrigin": [ 1.9, 8.5, 0.9 ],
					"faces": {
						"north": { "texture": "#ceramic", "uv": [ 8.5, 14.0, 9.5, 15.0 ] },
						"east": { "texture": "#ceramic", "uv": [ 8.5, 14.0, 9.5, 15.0 ] },
						"south": { "texture": "#ceramic", "uv": [ 8.5, 14.0, 9.5, 15.0 ] },
						"west": { "texture": "#ceramic", "uv": [ 8.5, 14.0, 9.5, 15.0 ] },
						"up": { "texture": "#ceramic", "uv": [ 9.0, 10.5, 10.0, 11.5 ] }
					}
				},
				{
					"name": "BottleRopeTop",
					"from": [ -0.1, 6.0, -0.1 ],
					"to": [ 5.1, 6.8, 3.1 ],
					"rotationOrigin": [ -0.1, 6.0, -0.1 ],
					"faces": {
						"north": { "texture": "#patternlinen", "uv": [ 1.0, 8.0, 7.0, 9.0 ], "autoUv": false },
						"east": { "texture": "#patternlinen", "uv": [ 9.0, 8.0, 13.0, 9.0 ], "autoUv": false },
						"south": { "texture": "#patternlinen", "uv": [ 9.0, 8.5, 15.0, 9.5 ], "autoUv": false },
						"west": { "texture": "#patternlinen", "uv": [ 5.0, 8.0, 9.0, 9.0 ], "autoUv": false },
						"up": { "texture": "#plain", "uv": [ 0.0, 8.0, 4.0, 12.0 ], "autoUv": false },
						"down": { "texture": "#plain", "uv": [ 0.0, 8.0, 4.0, 12.0 ], "autoUv": false }
					},
					"children": [
						{
							"name": "BottleRopeTopKnot",
							"from": [ 2.1, -0.1, 3.0 ],
							"to": [ 3.1, 0.9, 4.0 ],
							"rotationOrigin": [ 2.6, 0.4, 3.0 ],
							"faces": {
								"east": { "texture": "#patternlinen", "uv": [ 2.5, 8.0, 3.5, 9.0 ] },
								"south": { "texture": "#patternlinen", "uv": [ 4.5, 8.5, 5.5, 9.5 ] },
								"west": { "texture": "#patternlinen", "uv": [ 1.5, 8.5, 2.5, 9.5 ] },
								"up": { "texture": "#patternlinen", "uv": [ 2.5, 8.0, 3.5, 9.0 ] },
								"down": { "texture": "#patternlinen", "uv": [ 13.5, 8.5, 14.5, 9.5 ] }
							},
							"children": [
								{
									"name": "BottleRope6",
									"from": [ 0.21, 0.1, 0.7 ],
									"to": [ 0.81, 0.7, 3.7 ],
									"rotationOrigin": [ 0.5, 0.4, 0.7 ],
									"rotationX": 55.0,
									"faces": {
										"east": { "texture": "#patternlinen", "uv": [ 12.0, 8.5, 15.0, 9.0 ] },
										"south": { "texture": "#patternlinen", "uv": [ 3.5, 2.0, 4.0, 2.5 ] },
										"west": { "texture": "#patternlinen", "uv": [ 10.0, 8.5, 13.0, 9.0 ] },
										"up": { "texture": "#patternlinen", "uv": [ 1.0, 8.5, 4.0, 9.0 ], "rotation": 90 },
										"down": { "texture": "#patternlinen", "uv": [ 5.0, 8.5, 8.0, 9.0 ], "rotation": 90 }
									},
									"children": [
										{
											"name": "BottleRope7",
											"from": [ -0.01, -0.05, 2.85 ],
											"to": [ 0.59, 0.55, 4.85 ],
											"rotationOrigin": [ 0.3, 0.2, 2.8 ],
											"rotationX": -15.0,
											"faces": {
												"east": { "texture": "#patternlinen", "uv": [ 4.0, 8.5, 6.0, 9.0 ] },
												"south": { "texture": "#patternlinen", "uv": [ 2.0, 8.5, 2.5, 9.0 ] },
												"west": { "texture": "#patternlinen", "uv": [ 2.0, 9.0, 4.0, 9.5 ] },
												"up": { "texture": "#patternlinen", "uv": [ 4.0, 8.5, 6.0, 9.0 ], "rotation": 90 },
												"down": { "texture": "#patternlinen", "uv": [ 8.0, 9.5, 10.0, 10.0 ], "rotation": 90 }
											},
											"children": [
												{
													"name": "BottleRope8",
													"from": [ 0.01, -0.05, 1.9 ],
													"to": [ 0.61, 0.55, 3.9 ],
													"rotationOrigin": [ 0.31, 0.15, 1.85 ],
													"rotationX": -35.0,
													"faces": {
														"east": { "texture": "#patternlinen", "uv": [ 10.0, 8.5, 12.0, 9.0 ] },
														"south": { "texture": "#patternlinen", "uv": [ 0.0, 8.5, 0.5, 9.0 ] },
														"west": { "texture": "#patternlinen", "uv": [ 10.0, 9.0, 12.0, 9.5 ] },
														"up": { "texture": "#patternlinen", "uv": [ 9.0, 8.0, 11.0, 8.5 ], "rotation": 90 },
														"down": { "texture": "#patternlinen", "uv": [ 7.0, 9.0, 9.0, 9.5 ], "rotation": 90 }
													},
													"children": [
														{
															"name": "BottleRope9",
															"from": [ -0.01, 0.0, 1.9 ],
															"to": [ 0.59, 0.6, 2.9 ],
															"rotationOrigin": [ 0.3, 0.3, 1.75 ],
															"rotationX": 10.0,
															"faces": {
																"east": { "texture": "#patternlinen", "uv": [ 10.0, 9.0, 11.0, 9.5 ] },
																"west": { "texture": "#patternlinen", "uv": [ 10.0, 8.0, 11.0, 8.5 ] },
																"up": { "texture": "#patternlinen", "uv": [ 9.0, 8.0, 10.0, 8.5 ], "rotation": 90 },
																"down": { "texture": "#patternlinen", "uv": [ 9.0, 9.0, 10.0, 9.5 ], "rotation": 90 }
															},
															"children": [
																{
																	"name": "BottleRope10",
																	"from": [ 0.01, 0.0, 0.85 ],
																	"to": [ 0.61, 0.6, 1.85 ],
																	"rotationOrigin": [ 0.31, 0.25, 0.95 ],
																	"rotationX": 28.0,
																	"faces": {
																		"east": { "texture": "#patternlinen", "uv": [ 5.0, 8.0, 6.0, 8.5 ] },
																		"west": { "texture": "#patternlinen", "uv": [ 7.0, 9.0, 8.0, 9.5 ] },
																		"up": { "texture": "#patternlinen", "uv": [ 12.0, 8.0, 13.0, 8.5 ], "rotation": 90 },
																		"down": { "texture": "#patternlinen", "uv": [ 12.0, 9.0, 13.0, 9.5 ], "rotation": 90 }
																	},
																	"children": [
																		{
																			"name": "BottleRope11",
																			"from": [ -0.01, -0.1, 0.8 ],
																			"to": [ 0.59, 0.5, 1.95 ],
																			"rotationOrigin": [ 0.3, 0.25, 1.1 ],
																			"rotationX": 40.0,
																			"faces": {
																				"east": { "texture": "#patternlinen", "uv": [ 9.0, 9.5, 10.0, 10.0 ] },
																				"west": { "texture": "#patternlinen", "uv": [ 6.0, 9.0, 7.0, 9.5 ] },
																				"up": { "texture": "#patternlinen", "uv": [ 11.0, 8.0, 12.0, 8.5 ], "rotation": 90 },
																				"down": { "texture": "#patternlinen", "uv": [ 11.0, 9.0, 12.0, 9.5 ], "rotation": 90 }
																			}
																		}
																	]
																}
															]
														}
													]
												}
											]
										}
									]
								}
							]
						}
					]
				},
				{
					"name": "BottleRopeBottom",
					"from": [ -0.1, 0.7, -0.1 ],
					"to": [ 5.1, 1.5, 3.1 ],
					"rotationOrigin": [ -0.1, 0.7, -0.1 ],
					"faces": {
						"north": { "texture": "#patternlinen", "uv": [ 0.0, 8.0, 6.0, 9.0 ], "autoUv": false },
						"east": { "texture": "#patternlinen", "uv": [ 8.0, 8.0, 12.0, 9.0 ], "autoUv": false },
						"south": { "texture": "#patternlinen", "uv": [ 10.0, 8.0, 16.0, 9.0 ], "autoUv": false },
						"west": { "texture": "#patternlinen", "uv": [ 3.0, 8.5, 7.0, 9.5 ], "autoUv": false },
						"up": { "texture": "#plain", "uv": [ 0.0, 8.0, 4.0, 12.0 ], "autoUv": false },
						"down": { "texture": "#plain", "uv": [ 0.0, 8.0, 4.0, 12.0 ], "autoUv": false }
					},
					"children": [
						{
							"name": "BottleRopeBottomKnot",
							"from": [ 2.1, -0.1, 3.0 ],
							"to": [ 3.1, 0.9, 4.0 ],
							"rotationOrigin": [ 2.6, 0.4, 3.0 ],
							"faces": {
								"east": { "texture": "#patternlinen", "uv": [ 2.5, 8.0, 3.5, 9.0 ] },
								"south": { "texture": "#patternlinen", "uv": [ 9.5, 8.0, 10.5, 9.0 ] },
								"west": { "texture": "#patternlinen", "uv": [ 8.5, 8.0, 9.5, 9.0 ] },
								"up": { "texture": "#patternlinen", "uv": [ 5.5, 8.5, 6.5, 9.5 ] },
								"down": { "texture": "#patternlinen", "uv": [ 13.5, 8.0, 14.5, 9.0 ] }
							},
							"children": [
								{
									"name": "BottleRope1",
									"from": [ 0.21, 0.1, 0.7 ],
									"to": [ 0.81, 0.7, 1.7 ],
									"rotationOrigin": [ 0.5, 0.4, 0.7 ],
									"rotationX": 60.0,
									"faces": {
										"east": { "texture": "#patternlinen", "uv": [ 6.0, 9.0, 7.0, 9.5 ] },
										"south": { "texture": "#patternlinen", "uv": [ 3.0, 9.0, 3.5, 9.5 ] },
										"west": { "texture": "#patternlinen", "uv": [ 10.0, 8.0, 11.0, 8.5 ] },
										"up": { "texture": "#patternlinen", "uv": [ 9.0, 9.0, 10.0, 9.5 ], "rotation": 90 },
										"down": { "texture": "#patternlinen", "uv": [ 7.0, 9.0, 8.0, 9.5 ], "rotation": 90 }
									},
									"children": [
										{
											"name": "BottleRope2",
											"from": [ -0.01, -0.05, 0.85 ],
											"to": [ 0.59, 0.55, 1.85 ],
											"rotationOrigin": [ 0.3, 0.2, 0.8 ],
											"rotationX": -30.0,
											"faces": {
												"east": { "texture": "#patternlinen", "uv": [ 5.0, 9.0, 6.0, 9.5 ] },
												"south": { "texture": "#patternlinen", "uv": [ 2.5, 8.5, 3.0, 9.0 ] },
												"west": { "texture": "#patternlinen", "uv": [ 5.0, 9.0, 6.0, 9.5 ] },
												"up": { "texture": "#patternlinen", "uv": [ 4.0, 8.0, 5.0, 8.5 ], "rotation": 90 },
												"down": { "texture": "#patternlinen", "uv": [ 6.0, 9.0, 7.0, 9.5 ], "rotation": 90 }
											},
											"children": [
												{
													"name": "BottleRope3",
													"from": [ 0.01, -0.05, 0.9 ],
													"to": [ 0.61, 0.55, 3.9 ],
													"rotationOrigin": [ 0.31, 0.15, 0.85 ],
													"rotationX": -30.0,
													"faces": {
														"east": { "texture": "#patternlinen", "uv": [ 8.0, 9.0, 11.0, 9.5 ] },
														"west": { "texture": "#patternlinen", "uv": [ 6.0, 9.0, 9.0, 9.5 ] },
														"up": { "texture": "#patternlinen", "uv": [ 3.0, 8.0, 6.0, 8.5 ], "rotation": 90 },
														"down": { "texture": "#patternlinen", "uv": [ 7.0, 8.0, 10.0, 8.5 ], "rotation": 90 }
													},
													"children": [
														{
															"name": "BottleRope4",
															"from": [ -0.01, 0.0, 2.95 ],
															"to": [ 0.59, 0.6, 4.95 ],
															"rotationOrigin": [ 0.3, 0.2, 2.95 ],
															"rotationX": -10.0,
															"faces": {
																"east": { "texture": "#patternlinen", "uv": [ 5.0, 8.5, 7.0, 9.0 ] },
																"west": { "texture": "#patternlinen", "uv": [ 7.0, 9.0, 9.0, 9.5 ] },
																"up": { "texture": "#patternlinen", "uv": [ 5.0, 8.5, 7.0, 9.0 ], "rotation": 90 },
																"down": { "texture": "#patternlinen", "uv": [ 4.0, 8.0, 6.0, 8.5 ], "rotation": 90 }
															},
															"children": [
																{
																	"name": "BottleRope5",
																	"from": [ 0.01, 0.0, 1.85 ],
																	"to": [ 0.61, 0.6, 3.1 ],
																	"rotationOrigin": [ 0.32, 0.2, 1.95 ],
																	"rotationX": -40.0,
																	"faces": {
																		"east": { "texture": "#patternlinen", "uv": [ 11.0, 8.0, 12.0, 8.5 ] },
																		"south": { "texture": "#patternlinen", "uv": [ 1.0, 8.0, 1.5, 8.5 ] },
																		"west": { "texture": "#patternlinen", "uv": [ 10.0, 8.5, 11.0, 9.0 ] },
																		"up": { "texture": "#patternlinen", "uv": [ 4.0, 9.0, 5.0, 9.5 ], "rotation": 90 },
																		"down": { "texture": "#patternlinen", "uv": [ 2.0, 9.0, 3.0, 9.5 ], "rotation": 90 }
																	}
																}
															]
														}
													]
												}
											]
										}
									]
								}
							]
						}
					]
				},
				{
					"name": "BottleNeck",
					"from": [ 1.5, 7.5, 0.5 ],
					"to": [ 3.5, 8.5, 2.5 ],
					"rotationOrigin": [ 1.5, 7.5, 0.5 ],
					"faces": {
						"north": { "texture": "#tin", "uv": [ 9.5, 5.0, 11.5, 6.0 ] },
						"east": { "texture": "#tin", "uv": [ 6.5, 2.5, 8.5, 3.5 ] },
						"south": { "texture": "#tin", "uv": [ 3.0, 2.5, 5.0, 3.5 ] },
						"west": { "texture": "#tin", "uv": [ 3.5, 0.0, 5.5, 1.0 ] },
						"up": { "texture": "#tin", "uv": [ 0.0, 0.0, 2.0, 2.0 ] }
					}
				},
				{
					"name": "BottleSeam1",
					"from": [ -0.2, 0.1, -0.2 ],
					"to": [ 5.2, 0.7, 3.2 ],
					"rotationOrigin": [ -0.2, 0.1, -0.2 ],
					"faces": {
						"north": { "texture": "#tin", "uv": [ 0.0, 0.0, 5.0, 0.5 ] },
						"east": { "texture": "#tin", "uv": [ 0.0, 0.0, 3.0, 0.5 ] },
						"south": { "texture": "#tin", "uv": [ 0.0, 0.0, 5.0, 0.5 ] },
						"west": { "texture": "#tin", "uv": [ 0.0, 0.0, 3.0, 0.5 ] },
						"up": { "texture": "#tin", "uv": [ 0.0, 0.0, 5.0, 3.0 ] },
						"down": { "texture": "#tin", "uv": [ 0.0, 0.0, 5.0, 3.0 ] }
					}
				},
				{
					"name": "BottleSeam2",
					"from": [ -0.2, 6.8, -0.2 ],
					"to": [ 5.2, 7.4, 3.2 ],
					"rotationOrigin": [ -0.2, 6.8, -0.2 ],
					"faces": {
						"north": { "texture": "#tin", "uv": [ 0.0, 0.0, 5.0, 0.5 ] },
						"east": { "texture": "#tin", "uv": [ 0.0, 0.0, 3.0, 0.5 ] },
						"south": { "texture": "#tin", "uv": [ 0.0, 0.0, 5.0, 0.5 ] },
						"west": { "texture": "#tin", "uv": [ 0.0, 0.0, 3.0, 0.5 ] },
						"up": { "texture": "#tin", "uv": [ 0.0, 0.0, 5.0, 3.0 ] },
						"down": { "texture": "#tin", "uv": [ 0.0, 0.0, 5.0, 3.0 ] }
					}
				},
				{
					"name": "SolderSeam",
					"from": [ 2.2, 1.5, 3.0 ],
					"to": [ 2.7, 6.0, 3.02 ],
					"rotationOrigin": [ 2.45, 1.5, 3.0 ],
					"faces": {
						"south": { "texture": "#leadsolder", "uv": [ 0.0, 6.5, 1.0, 11.0 ], "autoUv": false }
					}
				}
			]
		}
	]}