[
{
    "code": "tropicalstorm",
    "weight": 0.001,
    "precType": "rain",
    "particleSize": {
      "avg": 1.3,
      "var": 0.3
    },
    "windStrength": {
      "avg": 1.0,
      "var": 0.3
    },
    "fogDensity": {
      "avg": 0.8,
      "var": 0.2
    },
    "lightning": {
      "minTemperature": 20,
      "nearRate": 0.5,
      "distantRate": 1.0,
      "lightningRate": 1.5
    },
    "weightFunction": "TestRainTemp",
    "minRain": 0.6,
    "minTemp": 25
  }
]
