[
    {
        "file": "alchemy:itemtypes/potionportion.json",
        "op": "remove",
        "path": "/variantgroups/1/states/1",
        "value": false,
        "condition": {
            "when": "AllowStrongPotions",
            "isValue": "false"
        }
    },
    // {
    //     "file": "alchemy:itemtypes/flowercutting.json",
    //     "op": "addmerge",
    //     "path": "/enabled",
    //     "value": false,
    //     "condition": {
    //         "when": "AllowCuttings",
    //         "isValue": "false"
    //     }
    // },
    // {
    //     "file": "alchemy:recipes/grid/ingredient/cuttings.json",
    //     "op": "addmerge",
    //     "path": "/0/enabled",
    //     "value": false,
    //     "condition": {
    //         "when": "AllowCuttings",
    //         "isValue": "false"
    //     }
    // },
    // {
    //     "file": "alchemy:recipes/grid/ingredient/archerbase.json",
    //     "op": "addmerge",
    //     "path": "/1/enabled",
    //     "value": false,
    //     "condition": {
    //         "when": "AllowCuttings",
    //         "isValue": "false"
    //     }
    // },
    {
        "file": "alchemy:recipes/grid/ingredient/archerbase.json",
        "op": "addmerge",
        "path": "/1/enabled",
        "value": false,
        "condition": {
            "when": "AllowCuttings",
            "isValue": "false"
        }
    },

    {
        "file": "alchemy:itemtypes/potionportion.json",
        "op": "remove",
        "path": "/variantgroups/1/states/0",
        "value": false,
        "condition": {
            "when": "AllowMediumPotions",
            "isValue": "false"
        }
    },

    {
        "file": "alchemy:itemtypes/herbball.json",
        "op": "addmerge",
        "path": "/enabled",
        "value": false,
        "condition": {
            "when": "AllowHerbballs",
            "isValue": "false"
        }
    }
]