{
	"editor": {
		"allAngles": false,
		"entityTextureMode": false
	},
	"textureWidth": 12,
	"textureHeight": 24,
	"textureSizes": {
	},
	"textures": {
	},
	"elements": [
		{
			"name": "origin",
			"from": [ 8.0, 0.0, 8.0 ],
			"to": [ 8.0, 0.0, 8.0 ],
			"rotationOrigin": [ 8.0, 0.0, 8.0 ],
			"faces": {
			},
			"children": [
				{
					"name": "Flower1",
					"from": [ -6.0, 0.0, 0.0 ],
					"to": [ 6.0, 24.0, 0.0 ],
					"shade": false,
					"renderPass": 1,
					"faces": {
						"north": { "texture": "#flower", "uv": [ 0.0, 0.0, 12.0, 24.0 ], "windMode": [0,4,4,0], "windData": [0,1,1,0] }
					},
					"children": [
						{
							"name": "ULflower1",
							"from": [ 0.5, 18.0, 0.0 ],
							"to": [ 4.0, 21.5, 0.0 ],
							"shade": false,
							"renderPass": 1,
							"rotationOrigin": [ 2.25, 21.5, 0.0 ],
							"rotationY": 60.0,
							"faces": {
								"north": { "texture": "#flower", "uv": [ 8.0, 2.5, 11.5, 6.0 ], "windMode": [4,4,4,4], "windData": [1,1,1,1] }
							}
						},
						{
							"name": "ULflowerb1",
							"from": [ 0.5, 18.0, 0.0 ],
							"to": [ 4.0, 21.5, 0.0 ],
							"shade": false,
							"renderPass": 1,
							"rotationOrigin": [ 2.25, 21.0, 0.0 ],
							"rotationY": -60.0,
							"faces": {
								"north": { "texture": "#flower", "uv": [ 8.0, 2.5, 11.5, 6.0 ], "windMode": [4,4,4,4], "windData": [1,1,1,1] }
							}
						},
						{
							"name": "LRflower1",
							"from": [ 8.0, 13.0, 0.0 ],
							"to": [ 11.5, 17.0, 0.0 ],
							"shade": false,
							"renderPass": 1,
							"rotationOrigin": [ 9.75, 17.0, 0.0 ],
							"rotationY": 60.0,
							"faces": {
								"north": { "texture": "#flower", "uv": [ 0.5, 7.0, 4.0, 11.0 ], "windMode": [4,4,4,4], "windData": [0,1,1,0] }
							}
						},
						{
							"name": "LRflowerb1",
							"from": [ 8.0, 13.0, 0.0 ],
							"to": [ 11.5, 17.0, 0.0 ],
							"shade": false,
							"renderPass": 1,
							"rotationOrigin": [ 9.75, 17.0, 0.0 ],
							"rotationY": -60.0,
							"faces": {
								"north": { "texture": "#flower", "uv": [ 0.5, 7.0, 4.0, 11.0 ], "windMode": [4,4,4,4], "windData": [0,1,1,0] }
							}
						}
					]
				},
				{
					"name": "Flower2",
					"from": [ -6.2, 0.0, 0.0 ],
					"to": [ 5.8, 24.0, 0.0 ],
					"shade": false,
					"renderPass": 1,
					"rotationOrigin": [ 0.0, 0.0, 0.0 ],
					"rotationY": 120.0,
					"faces": {
						"north": { "texture": "#flower", "uv": [ 0.0, 0.0, 12.0, 24.0 ], "windMode": [0,4,4,0], "windData": [0,1,1,0] }
					},
					"children": [
						{
							"name": "ULflower2",
							"from": [ 0.5, 18.0, 0.0 ],
							"to": [ 4.0, 21.5, 0.0 ],
							"shade": false,
							"renderPass": 1,
							"rotationOrigin": [ 2.25, 21.5, 0.0 ],
							"rotationY": 60.0,
							"faces": {
								"north": { "texture": "#flower", "uv": [ 8.0, 2.5, 11.5, 6.0 ], "windMode": [4,4,4,4], "windData": [1,1,1,1] }
							}
						},
						{
							"name": "ULflowerb2",
							"from": [ 0.5, 18.0, 0.0 ],
							"to": [ 4.0, 21.5, 0.0 ],
							"shade": false,
							"renderPass": 1,
							"rotationOrigin": [ 2.25, 21.0, 0.0 ],
							"rotationY": -60.0,
							"faces": {
								"north": { "texture": "#flower", "uv": [ 8.0, 2.5, 11.5, 6.0 ], "windMode": [4,4,4,4], "windData": [1,1,1,1] }
							}
						},
						{
							"name": "LRflower2",
							"from": [ 8.0, 13.0, 0.0 ],
							"to": [ 11.5, 17.0, 0.0 ],
							"shade": false,
							"renderPass": 1,
							"rotationOrigin": [ 9.75, 17.0, 0.0 ],
							"rotationY": 60.0,
							"faces": {
								"north": { "texture": "#flower", "uv": [ 0.5, 7.0, 4.0, 11.0 ], "windMode": [4,4,4,4], "windData": [0,1,1,0] }
							}
						},
						{
							"name": "LRflowerb2",
							"from": [ 8.0, 13.0, 0.0 ],
							"to": [ 11.5, 17.0, 0.0 ],
							"shade": false,
							"renderPass": 1,
							"rotationOrigin": [ 9.75, 17.0, 0.0 ],
							"rotationY": -60.0,
							"faces": {
								"north": { "texture": "#flower", "uv": [ 0.5, 7.0, 4.0, 11.0 ], "windMode": [4,4,4,4], "windData": [0,1,1,0] }
							}
						}
					]
				},
				{
					"name": "Flower3",
					"from": [ -6.2, 0.0, 0.0 ],
					"to": [ 5.8, 24.0, 0.0 ],
					"shade": false,
					"renderPass": 1,
					"rotationOrigin": [ 0.0, 0.0, 0.0 ],
					"rotationY": -120.0,
					"faces": {
						"north": { "texture": "#flower", "uv": [ 0.0, 0.0, 12.0, 24.0 ], "windMode": [0,4,4,0], "windData": [0,1,1,0] }
					},
					"children": [
						{
							"name": "ULflower3",
							"from": [ 0.5, 18.0, 0.0 ],
							"to": [ 4.0, 21.5, 0.0 ],
							"shade": false,
							"renderPass": 1,
							"rotationOrigin": [ 2.25, 21.5, 0.0 ],
							"rotationY": 60.0,
							"faces": {
								"north": { "texture": "#flower", "uv": [ 8.0, 2.5, 11.5, 6.0 ], "windMode": [4,4,4,4], "windData": [1,1,1,1] }
							}
						},
						{
							"name": "ULflowerb3",
							"from": [ 0.5, 18.0, 0.0 ],
							"to": [ 4.0, 21.5, 0.0 ],
							"shade": false,
							"renderPass": 1,
							"rotationOrigin": [ 2.25, 21.0, 0.0 ],
							"rotationY": -60.0,
							"faces": {
								"north": { "texture": "#flower", "uv": [ 8.0, 2.5, 11.5, 6.0 ], "windMode": [4,4,4,4], "windData": [1,1,1,1] }
							}
						},
						{
							"name": "LRflower3",
							"from": [ 8.0, 13.0, 0.0 ],
							"to": [ 11.5, 17.0, 0.0 ],
							"shade": false,
							"renderPass": 1,
							"rotationOrigin": [ 9.75, 17.0, 0.0 ],
							"rotationY": 60.0,
							"faces": {
								"north": { "texture": "#flower", "uv": [ 0.5, 7.0, 4.0, 11.0 ], "windMode": [4,4,4,4], "windData": [0,1,1,0] }
							}
						},
						{
							"name": "LRflowerb3",
							"from": [ 8.0, 13.0, 0.0 ],
							"to": [ 11.5, 17.0, 0.0 ],
							"shade": false,
							"renderPass": 1,
							"rotationOrigin": [ 9.75, 17.0, 0.0 ],
							"rotationY": -60.0,
							"faces": {
								"north": { "texture": "#flower", "uv": [ 0.5, 7.0, 4.0, 11.0 ], "windMode": [4,4,4,4], "windData": [0,1,1,0] }
							}
						}
					]
				}
			]
		}
	]}