[
    {
        "op": "add",
        "path": "/allowedVariants/-",
        "value": "ore-amosite-*",
        "file": "game:blocktypes/stone/ore-ungraded.json",
        "side": "Server"
    },
    {
        "op": "add",
        "path": "/requiredMiningTierByType/ore-amosite-*",
        "value": 3,
        "file": "game:blocktypes/stone/ore-ungraded.json",
        "side": "Server"
    },
    {
        "op": "add",
        "path": "/allowedVariants/-",
        "value": "looseores-amosite-*-free",
        "file": "game:blocktypes/stone/looseores.json"
    },

    { "op": "move", "frompath": "/dropsByType/*", "path": "/temp", "file": "game:blocktypes/stone/looseores.json" },

    {
        "op": "add",
        "path": "/dropsByType/looseores-amosite-*",
        "value": [
            {
                "type": "item",
                "code": "ore-amosite"
            }
        ],
        "file": "game:blocktypes/stone/looseores.json"
    },


    { "op": "move", "frompath": "/temp", "path": "/dropsByType/*", "file": "game:blocktypes/stone/looseores.json" }
]