[
  {
    "op": "add",
    "path": "/allowedVariants/1",
    "value": "pulp-asbestos",
    "file": "game:itemtypes/resource/pulp.json",
    "side": "Server"
  },
  {
    "op": "add",
    "path": "/texturesbyType/*-asbestos",
    "value": {
      "slakedlime": {
        "base": "block/asbestos"
      }
    },
    "file": "game:itemtypes/resource/pulp.json",
    "side": "Server"
  },
  {
    "op": "add",
    "path": "/variantgroups/0/states/2",
    "value": "asbestos",
    "file": "game:itemtypes/resource/pulp.json",
    "side": "Server"
  }
]