[
    {
        "op": "addeach",
        "path": "/allowedVariants/-",
        "value": [
            "ore-crocidolite-peridotite",
            "ore-crocidolite-phyllite",
            "ore-crocidolite-andesite",
            "ore-crocidolite-slate",
            "ore-crocidolite-basalt"
        ],
        "file": "game:blocktypes/stone/ore-ungraded.json",
        "side": "Server"
    },
    {
        "op": "add",
        "path": "/requiredMiningTierByType/ore-crocidolite-*",
        "value": 4,
        "file": "game:blocktypes/stone/ore-ungraded.json",
        "side": "Server"
    },
    {
        "op": "addeach",
        "path": "/allowedVariants/-",
        "value": [
            "looseores-crocidolite-peridotite-free",
            "looseores-crocidolite-phyllite-free",
            "looseores-crocidolite-andesite-free",
            "looseores-crocidolite-slate-free",
            "looseores-crocidolite-basalt-free"
        ],
        "file": "game:blocktypes/stone/looseores.json"
    },

    { "op": "move", "frompath": "/dropsByType/*", "path": "/temp", "file": "game:blocktypes/stone/looseores.json" },

    {
        "op": "add",
        "path": "/dropsByType/looseores-crocidolite-*",
        "value": [
            {
                "type": "item",
                "code": "ore-crocidolite"
            }
        ],
        "file": "game:blocktypes/stone/looseores.json"
    },


    { "op": "move", "frompath": "/temp", "path": "/dropsByType/*", "file": "game:blocktypes/stone/looseores.json" }
]