[
    {
        "op": "add",
        "path": "/allowedVariants/1",
        "value": "ore-anthophyllite-soapstone",
        "file": "game:blocktypes/stone/ore-ungraded.json",
        "side": "Server"
    },
    {
        "op": "add",
        "path": "/requiredMiningTierByType/ore-anthophyllite-*",
        "value": 2,
        "file": "game:blocktypes/stone/ore-ungraded.json",
        "side": "Server"
    },
    {
        "op": "add",
        "path": "/allowedVariants/-",
        "value": "looseores-anthophyllite-soapstone-free",
        "file": "game:blocktypes/stone/looseores.json"
    },

    { "op": "move", "frompath": "/dropsByType/*", "path": "/temp", "file": "game:blocktypes/stone/looseores.json" },

    {
        "op": "add",
        "path": "/dropsByType/looseores-anthophyllite-*",
        "value": [
            {
                "type": "item",
                "code": "ore-anthophyllite"
            }
        ],
        "file": "game:blocktypes/stone/looseores.json"
    },

    { "op": "move", "frompath": "/temp", "path": "/dropsByType/*", "file": "game:blocktypes/stone/looseores.json" }
]