[
    {
        "op": "addeach",
        "path": "/allowedVariants/1",
        "value": [
            "ore-actinolite-vermiculite",
            "ore-actinolite-granite",
            "ore-actinolite-peridotite",
            "ore-actinolite-limestone",
            "ore-actinolite-phyllite",
            "ore-actinolite-andesite",
            "ore-actinolite-claystone",
            "ore-actinolite-chalk",
            "ore-actinolite-conglomerate",
            "ore-actinolite-slate",
            "ore-actinolite-basalt"
        ],
        "file": "game:blocktypes/stone/ore-ungraded.json",
        "side": "Server"
    },
    {
        "op": "add",
        "path": "/requiredMiningTierByType/ore-actinolite-*",
        "value": 3,
        "file": "game:blocktypes/stone/ore-ungraded.json",
        "side": "Server"
    },
    {
        "op": "addeach",
        "path": "/allowedVariants/-",
        "value": [
            "looseores-actinolite-vermiculite-free",
            "looseores-actinolite-granite-free",
            "looseores-actinolite-peridotite-free",
            "looseores-actinolite-limestone-free",
            "looseores-actinolite-phyllite-free",
            "looseores-actinolite-andesite-free",
            "looseores-actinolite-claystone-free",
            "looseores-actinolite-chalk-free",
            "looseores-actinolite-conglomerate-free",
            "looseores-actinolite-slate-free",
            "looseores-actinolite-basalt-free"
        ],
        "file": "game:blocktypes/stone/looseores.json"
    },

    { "op": "move", "frompath": "/dropsByType/*", "path": "/temp", "file": "game:blocktypes/stone/looseores.json" },

    {
        "op": "add",
        "path": "/dropsByType/looseores-actinolite-*",
        "value": [
            {
                "type": "item",
                "code": "ore-actinolite"
            }
        ],
        "file": "game:blocktypes/stone/looseores.json"
    },

    { "op": "move", "frompath": "/temp", "path": "/dropsByType/*", "file": "game:blocktypes/stone/looseores.json" }
]