[
    {
        "op": "add",
        "path": "/grindingPropsByType/*-chrysotile",
        "value": {
            "groundStack": {
                "type": "item",
                "code": "powder-asbestos-white",
                "stacksize": 2
            }
        },
        "file": "game:itemtypes/resource/ore-ungraded.json",
        "side": "Server"
    },
    {
        "op": "add",
        "path": "/grindingPropsByType/*-amosite",
        "value": {
            "groundStack": {
                "type": "item",
                "code": "powder-asbestos-brown",
                "stacksize": 2
            }
        },
        "file": "game:itemtypes/resource/ore-ungraded.json",
        "side": "Server"
    },
    {
        "op": "add",
        "path": "/grindingPropsByType/*-tremolite",
        "value": {
            "groundStack": {
                "type": "item",
                "code": "powder-asbestos-white",
                "stacksize": 2
            }
        },
        "file": "game:itemtypes/resource/ore-ungraded.json",
        "side": "Server"
    },
    {
        "op": "add",
        "path": "/grindingPropsByType/*-anthophyllite",
        "value": {
            "groundStack": {
                "type": "item",
                "code": "powder-asbestos-brown",
                "stacksize": 2
            }
        },
        "file": "game:itemtypes/resource/ore-ungraded.json",
        "side": "Server"
    },
    {
        "op": "add",
        "path": "/grindingPropsByType/*-actinolite",
        "value": {
            "groundStack": {
                "type": "item",
                "code": "powder-asbestos-brown",
                "stacksize": 2
            }
        },
        "file": "game:itemtypes/resource/ore-ungraded.json",
        "side": "Server"
    },
    {
        "op": "add",
        "path": "/grindingPropsByType/*-crocidolite",
        "value": {
            "groundStack": {
                "type": "item",
                "code": "powder-asbestos-blue",
                "stacksize": 2
            }
        },
        "file": "game:itemtypes/resource/ore-ungraded.json",
        "side": "Server"
    },
    {
        "op": "add",
        "path": "/variantgroups/0/states/8",
        "value": "asbestos-white",
        "file": "game:itemtypes/resource/crushed/powder.json",
        "side": "Server"
    },
    {
        "op": "add",
        "path": "/variantgroups/0/states/8",
        "value": "asbestos-brown",
        "file": "game:itemtypes/resource/crushed/powder.json",
        "side": "Server"
    },
    {
        "op": "add",
        "path": "/variantgroups/0/states/8",
        "value": "asbestos-blue",
        "file": "game:itemtypes/resource/crushed/powder.json",
        "side": "Server"
    }
]