[
    {
        "op": "add",
        "path": "/variants/-",
        "value": {
            "Code": "vermiculite",
            "Weight": "65",
            "SoilpH": "6.5",
            "WeatheringFactor": "0.8",
            "RockGroup": "igneous_extrusive"
        },
        "file": "game:worldproperties/block/rockwithdeposit.json"
    },

    {
        "op": "add",
        "path": "/skipVariants/-",
        "value": "*-vermiculite",
        "file": "game:blocktypes/stone/cobble/cobblestone.json",
        "side": "Server"
    },
    {
        "op": "add",
        "path": "/skipVariants/-",
        "value": "*-vermiculite-*",
        "file": "game:blocktypes/stone/cobble/cobblestonestairs.json",
        "side": "Server"
    },
    {
        "op": "add",
        "path": "/skipVariants/-",
        "value": "*-vermiculite-*",
        "file": "game:blocktypes/stone/cobble/cobbleslab.json",
        "side": "Server"
    },

    {
        "op": "add",
        "path": "/skipVariants/-",
        "value": "*-vermiculite",
        "file": "game:blocktypes/stone/drystone.json",
        "side": "Server"
    },
    {
        "op": "add",
        "path": "/skipVariants/-",
        "value": "*-vermiculite-*",
        "file": "game:blocktypes/stone/drystonefence-free.json",
        "side": "Server"
    },
    {
        "op": "add",
        "path": "/skipVariants/-",
        "value": "*-vermiculite-*",
        "file": "game:blocktypes/stone/drystonefence-snow.json",
        "side": "Server"
    },
    {
        "op": "add",
        "path": "/skipVariants/-",
        "value": "ore-flint-vermiculite",
        "file": "game:blocktypes/stone/ore-ungraded.json",
        "side": "Server"
    },

    {
        "op": "add",
        "path": "/skipVariants/-",
        "value": "ore-vermiculite-flint",
        "file": "game:blocktypes/stone/ore-ungraded.json",
        "side": "Server"
    }


]