[
	{
		"dependsOn": [
			{ "modid": "usefultraders" }
		],
		"file": "game:entities/humanoid/usefultrader-chef.json",
		"op": "addmerge",
		"path": "/attributes/tradeProps/buying/list",
		"value": [
			{
				"code": "floralzonesmediterraneanregion:fruit-vitisvinifera-blue",
				"type": "item",
				"stacksize": 16,
				"stock": {
					"avg": 8,
					"var": 2
				},
				"price": {
					"avg": 1,
					"var": 0
				}
			},
			{
				"code": "floralzonesmediterraneanregion:fruit-vitisvinifera-purple",
				"type": "item",
				"stacksize": 16,
				"stock": {
					"avg": 8,
					"var": 2
				},
				"price": {
					"avg": 2,
					"var": 0
				}
			},
			{
				"code": "floralzonesmediterraneanregion:fruit-vitisvinifera-red",
				"type": "item",
				"stacksize": 32,
				"stock": {
					"avg": 8,
					"var": 2
				},
				"price": {
					"avg": 4,
					"var": 1
				}
			},
			{
				"code": "floralzonesmediterraneanregion:fruit-vitisvinifera-black",
				"type": "item",
				"stacksize": 32,
				"stock": {
					"avg": 8,
					"var": 2
				},
				"price": {
					"avg": 4,
					"var": 1
				}
			},
			{
				"code": "floralzonesmediterraneanregion:fruit-vitisvinifera-yellow",
				"type": "item",
				"stacksize": 32,
				"stock": {
					"avg": 8,
					"var": 2
				},
				"price": {
					"avg": 4,
					"var": 2
				}
			},
			{
				"code": "floralzonesmediterraneanregion:fruit-vitisvinifera-green",
				"type": "item",
				"stacksize": 32,
				"stock": {
					"avg": 8,
					"var": 2
				},
				"price": {
					"avg": 5,
					"var": 1
				}
			},
			{
				"code": "floralzonesmediterraneanregion:fruit-vitisvinifera-white",
				"type": "item",
				"stacksize": 32,
				"stock": {
					"avg": 8,
					"var": 2
				},
				"price": {
					"avg": 6,
					"var": 1
				}
			},
			{
				"code": "floralzonesmediterraneanregion:vegetable-armoraciarusticana",
				"type": "item",
				"stacksize": 8,
				"stock": {
					"avg": 4,
					"var": 1
				},
				"price": {
					"avg": 1,
					"var": 0
				}
			},
			{
				"code": "floralzonesmediterraneanregion:vegetable-cynaracardunculusscolymus",
				"type": "item",
				"stacksize": 8,
				"stock": {
					"avg": 4,
					"var": 2
				},
				"price": {
					"avg": 1,
					"var": 0
				}
			}
		]
	}
]