[
	{
		"dependsOn": [
			{ "modid": "usefultraders" }
		],
		"file": "game:entities/humanoid/usefultrader-painter.json",
		"op": "addmerge",
		"path": "/attributes/tradeProps/buying/list",
		"value": [
			{
				"code": "floralzonesmediterraneanregion:fruit-vitisvinifera-black",
				"type": "item",
				"stacksize": 16,
				"stock": {
					"avg": 4,
					"var": 1
				},
				"price": {
					"avg": 2,
					"var": 1
				}
			},
			{
				"code": "floralzonesmediterraneanregion:tallplant-spartiumjunceum-land-harvested-free",
				"type": "block",
				"stacksize": 10,
				"stock": {
					"avg": 4,
					"var": 1
				},
				"price": {
					"avg": 1,
					"var": 0
				}
			},
			{
				"code": "floralzonesmediterraneanregion:flower-ulexeuropaeus-free",
				"type": "block",
				"stacksize": 10,
				"stock": {
					"avg": 4,
					"var": 1
				},
				"price": {
					"avg": 1,
					"var": 0
				}
			}
		]
	}
]