[
	{
	"code": "zincsulfate",
	"comment": "powdered zinc has a conversion temperature and thus cannot be used in cooking recipes...",
	"perishableProps": {
		"type": "None",
		"freshHours": { "avg": 72 },
		"transitionHours": { "avg": 72 },
		"transitionRatio": 1,
		"transitionedStack": { "type": "item", "code": "game:sulfate-full-zinc" }
	},
	"shape": { "base": "game:block/food/meal/liquid" },
	"ingredients": [
		{
		"code": "copper", "minQuantity": 3, "maxQuantity": 3,
		"validStacks": [ { "type": "item", "code": "em:powdered-ore-zincoxide" } ]
		},
		{
		"code": "sulphuricacid", "minQuantity": 1, "maxQuantity": 1,
		"validStacks": [ { "type": "item", "code": "game:acid-full-sulfuric", "shapeElement": "bowl/water" } ],
		"portionSizeLitres": 1
		}
	],
	"cooksInto": { "type": "item", "code": "game:sulfate-full-zinc", "quantity": 100 }
	}
]
