{
	code: "dogwearable",
	classByType: {
		"*-neck*": "ItemMedallion"
	},
	variantgroups: [
		{ code: "category",  states: [
			"neck"
		] },
		{ code: "type", states: [
			"neck1"
		] }
	],
	allowedVariants: [
		"dogwearable-neck-neck*"
	],
	attributes: {
		attachableToEntity: {
			categoryCodeByType: {
				"dogwearable-neck-neck*": "collar"
			},
			attachedShapeBySlotCodeByType: {
				"*-neck*": {
					"*": { base: "item/wearable/dogs/neck/{type}-dog" }
				}
			}
		}
	},
	shapeByType: {
		"*-neck*": { base: "item/wearable/dogs/neck/{type}-inventory" }
	},
	texturesByType: {
		"*": {
			"hide": { base: "game:block/transparent" },
			"leather": { base: "game:block/leather/plain" },
			"brass": { base: "game:block/metal/plate/brass"},
			"aged": { base: "game:block/wood/debarked/aged"},
			"rope": { base: "game:item/resource/rope"}
		}
	},
	maxStackSize: 1,
	creativeinventory: { "general": ["*"], "items": ["*"], "clothing": ["*"] },
	renderAlphaTest: 0.25,
	guiTransformByType: {
		"dogwearables-neck-neck*": {
			translation: { x: 0, y: 0, z: 0 },
			rotation: { x: -40, y: -54, z: -180 },
			origin: { x: 0.5, y: 0.05, z: 0.5 },
			scale: 5.83
		},
		"elephantwearable-head-bridle*": {
			translation: { x: 0, y: 0, z: 0 },
			rotation: { x: -45, y: -70, z: -180 },
			origin: { x: 0.5, y: -0, z: 0.5 },
			scale: 2.17
		}
	},
	tpHandTransformByType: {
		"*-neck*": {
			translation: { x: -0.48, y: -0.03, z: -0.49 },
			rotation: { x: -53, y: -10, z: 18 },
			origin: { x: 0.5, y: 0.1, z: 0.5 },
			scale: 1.2
		}
	}
}
