[
	{
		"code": "strongtannin",
		"sealHours": 24,
		"ingredients": [
			{ "type": "block", "code": "floralzonesneozeylandicregion:log-placed-nothofagusmenziesii-ud",  "quantity": 1 },
			{"type": "item", "code": "game:weaktanninportion",  "litres": 10 }
		],
		"output": { "type": "item", "code": "game:strongtanninportion", "litres": 10 }
	},
	{
		"code": "strongtannin",
		"sealHours": 24,
		"ingredients": [
			{ "type": "block", "code": "floralzonesneozeylandicregion:logsection-placed-nothofagusmenziesii-ne-ud",  "quantity": 1 },
			{"type": "item", "code": "game:weaktanninportion",  "litres": 10 }
		],
		"output": { "type": "item", "code": "game:strongtanninportion", "litres": 10 }
	}
]