{
	"editor": {
		"collapsedPaths": "Root/origin",
		"allAngles": false,
		"entityTextureMode": false
	},
	"textureWidth": 32,
	"textureHeight": 32,
	"textureSizes": {
		"leaves": [32,32],
		"flower": [32,32],
		"stem": [32,32]
	},
	"textures": {
	},
	"elements": [
		{
			"name": "stemorigin",
			"from": [ 0.0, 0.0, 0.0 ],
			"to": [ 0.0, 0.0, 0.0 ],
			"rotationOrigin": [ 8.0, 0.0, 8.0 ],
			"faces": {
			},
			"children": [
				{
					"name": "North",
					"from": [ -8.0, 0.0, 8.0 ],
					"to": [ 24.0, 32.0, 8.0 ],
					"shade": false,
					"renderPass": 2,
					"rotationOrigin": [ 8.0, 0.0, 8.0 ],
					"rotationY": -45.0,
					"faces": {
						"north": { "texture": "#stem", "uv": [ 0.0, 0.0, 32.0, 32.0 ], "windMode": [0,9,9,0], "windData": [0,2,2,0] }
					}
				},
				{
					"name": "South",
					"from": [ -8.0, 0.0, 8.0 ],
					"to": [ 24.0, 32.0, 8.0 ],
					"shade": false,
					"renderPass": 2,
					"rotationOrigin": [ 8.0, 0.0, 8.0 ],
					"rotationY": 45.0,
					"faces": {
						"south": { "texture": "#stem", "uv": [ 0.0, 0.0, 32.0, 32.0 ], "windMode": [0,0,9,9], "windData": [0,0,2,2] }
					}
				},
				{
					"name": "face1",
					"from": [ -8.0, 0.0, 8.0 ],
					"to": [ 24.0, 32.0, 8.0 ],
					"shade": false,
					"renderPass": 2,
					"rotationOrigin": [ 8.0, 0.0, 8.0 ],
					"rotationY": -75.0,
					"faces": {
						"north": { "texture": "#stem", "uv": [ 0.0, 0.0, 32.0, 32.0 ], "windMode": [0,9,9,0], "windData": [0,2,2,0] }
					}
				},
				{
					"name": "face2",
					"from": [ -8.0, 0.0, 8.0 ],
					"to": [ 24.0, 32.0, 8.0 ],
					"shade": false,
					"renderPass": 2,
					"rotationOrigin": [ 8.0, 0.0, 8.0 ],
					"rotationY": -22.0,
					"faces": {
						"north": { "texture": "#stem", "uv": [ 0.0, 0.0, 32.0, 32.0 ], "windMode": [0,9,9,0], "windData": [0,2,2,0] }
					}
				},
				{
					"name": "face5",
					"from": [ -8.0, 0.0, 8.0 ],
					"to": [ 24.0, 32.0, 8.0 ],
					"shade": false,
					"renderPass": 2,
					"rotationOrigin": [ 8.0, 0.0, 8.0 ],
					"rotationX": 90.0,
					"rotationY": -67.5,
					"rotationZ": 90.0,
					"faces": {
						"north": { "texture": "#stem", "uv": [ 0.0, 0.0, 32.0, 32.0 ], "windMode": [0,9,9,0], "windData": [0,1,1,0] }
					}
				},
				{
					"name": "face6",
					"from": [ -8.0, 0.0, 8.0 ],
					"to": [ 24.0, 32.0, 8.0 ],
					"shade": false,
					"renderPass": 2,
					"rotationOrigin": [ 8.0, 0.0, 8.0 ],
					"rotationX": -90.0,
					"rotationY": -67.5,
					"rotationZ": -90.0,
					"faces": {
						"north": { "texture": "#stem", "uv": [ 0.0, 0.0, 32.0, 32.0 ], "windMode": [0,9,9,0], "windData": [0,1,1,0] }
					}
				}
			]
		},
		{
			"name": "flower origin",
			"from": [ 8.0, 0.0, 8.0 ],
			"to": [ 8.0, 0.0, 8.0 ],
			"rotationOrigin": [ 8.0, 0.0, 8.0 ],
			"faces": {
			},
			"children": [
				{
					"name": "Flowerclump1",
					"from": [ 0.0, 17.0, 0.0 ],
					"to": [ 0.0, 17.0, 0.0 ],
					"rotationOrigin": [ 0.0, 17.0, 0.0 ],
					"faces": {
					},
					"children": [
						{
							"name": "leavesa",
							"from": [ -16.0, 0.0, 0.0 ],
							"to": [ 16.0, 32.0, 0.0 ],
							"shade": false,
							"renderPass": 1,
							"faces": {
								"north": { "texture": "#leaves", "uv": [ 0.0, 0.0, 32.0, 32.0 ], "windMode": [9,9,9,9], "windData": [1,3,3,1] }
							}
						},
						{
							"name": "leavesb",
							"from": [ -16.0, 0.0, 0.0 ],
							"to": [ 16.0, 32.0, 0.0 ],
							"shade": false,
							"renderPass": 1,
							"rotationOrigin": [ 0.0, 0.0, 0.0 ],
							"rotationX": -180.0,
							"rotationY": 60.0,
							"rotationZ": -180.0,
							"faces": {
								"north": { "texture": "#leaves", "uv": [ 0.0, 0.0, 32.0, 32.0 ], "windMode": [9,9,9,9], "windData": [1,3,3,1] }
							}
						},
						{
							"name": "leavesc",
							"from": [ -16.0, 0.0, 0.0 ],
							"to": [ 16.0, 32.0, 0.0 ],
							"shade": false,
							"renderPass": 1,
							"rotationOrigin": [ 0.0, 0.0, 0.0 ],
							"rotationX": -180.0,
							"rotationY": -60.0,
							"rotationZ": -180.0,
							"faces": {
								"north": { "texture": "#leaves", "uv": [ 0.0, 0.0, 32.0, 32.0 ], "windMode": [9,9,9,9], "windData": [1,3,3,1] }
							}
						}
					]
				},
				{
					"name": "Flowerclump2",
					"from": [ 14.0, 7.0, 0.0 ],
					"to": [ 14.0, 7.0, 0.0 ],
					"rotationOrigin": [ 14.0, 7.0, 0.0 ],
					"rotationY": 5.0,
					"rotationZ": -15.0,
					"faces": {
					},
					"children": [
						{
							"name": "leavesa2",
							"from": [ -16.0, 0.0, 0.0 ],
							"to": [ 16.0, 32.0, 0.0 ],
							"shade": false,
							"renderPass": 1,
							"faces": {
								"north": { "texture": "#leaves", "uv": [ 0.0, 0.0, 32.0, 32.0 ], "windMode": [9,9,9,9], "windData": [1,3,2,0] }
							}
						},
						{
							"name": "leavesb2",
							"from": [ -16.0, 0.0, 0.0 ],
							"to": [ 16.0, 32.0, 0.0 ],
							"shade": false,
							"renderPass": 1,
							"rotationOrigin": [ 0.0, 0.0, 0.0 ],
							"rotationX": -180.0,
							"rotationY": 60.0,
							"rotationZ": -180.0,
							"faces": {
								"north": { "texture": "#leaves", "uv": [ 0.0, 0.0, 32.0, 32.0 ], "windMode": [9,9,9,9], "windData": [0,2,2,0] }
							}
						},
						{
							"name": "leavesc2",
							"from": [ -16.0, 0.0, 0.0 ],
							"to": [ 16.0, 32.0, 0.0 ],
							"shade": false,
							"renderPass": 1,
							"rotationOrigin": [ 0.0, 0.0, 0.0 ],
							"rotationX": -180.0,
							"rotationY": -60.0,
							"rotationZ": -180.0,
							"faces": {
								"north": { "texture": "#leaves", "uv": [ 0.0, 0.0, 32.0, 32.0 ], "windMode": [9,9,9,9], "windData": [0,2,2,0] }
							}
						}
					]
				},
				{
					"name": "Flowerclump3",
					"from": [ -12.0, 7.0, 0.0 ],
					"to": [ -12.0, 7.0, 0.0 ],
					"rotationOrigin": [ -12.0, 7.0, 0.0 ],
					"rotationY": -5.0,
					"rotationZ": 15.0,
					"faces": {
					},
					"children": [
						{
							"name": "leavesa3",
							"from": [ -16.0, 0.0, 0.0 ],
							"to": [ 16.0, 32.0, 0.0 ],
							"shade": false,
							"renderPass": 1,
							"faces": {
								"north": { "texture": "#leaves", "uv": [ 0.0, 0.0, 32.0, 32.0 ], "windMode": [9,9,9,9], "windData": [0,2,3,1] }
							}
						},
						{
							"name": "leavesb3",
							"from": [ -16.0, 0.0, 0.0 ],
							"to": [ 16.0, 32.0, 0.0 ],
							"shade": false,
							"renderPass": 1,
							"rotationOrigin": [ 0.0, 0.0, 0.0 ],
							"rotationX": -180.0,
							"rotationY": 60.0,
							"rotationZ": -180.0,
							"faces": {
								"north": { "texture": "#leaves", "uv": [ 0.0, 0.0, 32.0, 32.0 ], "windMode": [9,9,9,9], "windData": [0,2,2,0] }
							}
						},
						{
							"name": "leavesc3",
							"from": [ -16.0, 0.0, 0.0 ],
							"to": [ 16.0, 32.0, 0.0 ],
							"shade": false,
							"renderPass": 1,
							"rotationOrigin": [ 0.0, 0.0, 0.0 ],
							"rotationX": -180.0,
							"rotationY": -60.0,
							"rotationZ": -180.0,
							"faces": {
								"north": { "texture": "#leaves", "uv": [ 0.0, 0.0, 32.0, 32.0 ], "windMode": [9,9,9,9], "windData": [0,2,2,0] }
							}
						}
					]
				},
				{
					"name": "Flowerclump4",
					"from": [ 0.0, 7.0, 0.0 ],
					"to": [ 0.0, 7.0, 0.0 ],
					"rotationOrigin": [ 0.0, 7.0, 0.0 ],
					"rotationY": -15.0,
					"rotationZ": 15.0,
					"faces": {
					},
					"children": [
						{
							"name": "leavesa4",
							"from": [ -16.0, 0.0, 0.0 ],
							"to": [ 16.0, 32.0, 0.0 ],
							"shade": false,
							"renderPass": 1,
							"faces": {
								"north": { "texture": "#leaves", "uv": [ 0.0, 0.0, 32.0, 32.0 ], "windMode": [9,9,9,9], "windData": [0,2,3,1] }
							}
						},
						{
							"name": "leavesb4",
							"from": [ -16.0, 0.0, 0.0 ],
							"to": [ 16.0, 32.0, 0.0 ],
							"shade": false,
							"renderPass": 1,
							"rotationOrigin": [ 0.0, 0.0, 0.0 ],
							"rotationX": -180.0,
							"rotationY": 60.0,
							"rotationZ": -180.0,
							"faces": {
								"north": { "texture": "#leaves", "uv": [ 0.0, 0.0, 32.0, 32.0 ], "windMode": [9,9,9,9], "windData": [0,2,2,0] }
							}
						},
						{
							"name": "leavesc4",
							"from": [ -16.0, 0.0, 0.0 ],
							"to": [ 16.0, 32.0, 0.0 ],
							"shade": false,
							"renderPass": 1,
							"rotationOrigin": [ 0.0, 0.0, 0.0 ],
							"rotationX": -180.0,
							"rotationY": -60.0,
							"rotationZ": -180.0,
							"faces": {
								"north": { "texture": "#leaves", "uv": [ 0.0, 0.0, 32.0, 32.0 ], "windMode": [9,9,9,9], "windData": [0,2,2,0] }
							}
						}
					]
				},
				{
					"name": "Flowerclump5",
					"from": [ 6.0, 13.0, 0.0 ],
					"to": [ 6.0, 13.0, 0.0 ],
					"rotationOrigin": [ 6.0, 13.0, 0.0 ],
					"rotationY": 18.0,
					"rotationZ": -19.0,
					"faces": {
					},
					"children": [
						{
							"name": "leavesa5",
							"from": [ -16.0, 0.0, 0.0 ],
							"to": [ 16.0, 32.0, 0.0 ],
							"shade": false,
							"renderPass": 1,
							"faces": {
								"north": { "texture": "#leaves", "uv": [ 0.0, 0.0, 32.0, 32.0 ], "windMode": [9,9,9,9], "windData": [1,3,2,0] }
							}
						},
						{
							"name": "leavesb5",
							"from": [ -16.0, 0.0, 0.0 ],
							"to": [ 16.0, 32.0, 0.0 ],
							"shade": false,
							"renderPass": 1,
							"rotationOrigin": [ 0.0, 0.0, 0.0 ],
							"rotationX": -180.0,
							"rotationY": 60.0,
							"rotationZ": -180.0,
							"faces": {
								"north": { "texture": "#leaves", "uv": [ 0.0, 0.0, 32.0, 32.0 ], "windMode": [9,9,9,9], "windData": [1,2,3,1] }
							}
						},
						{
							"name": "leavesc5",
							"from": [ -16.0, 0.0, 0.0 ],
							"to": [ 16.0, 32.0, 0.0 ],
							"shade": false,
							"renderPass": 1,
							"rotationOrigin": [ 0.0, 0.0, 0.0 ],
							"rotationX": -180.0,
							"rotationY": -60.0,
							"rotationZ": -180.0,
							"faces": {
								"north": { "texture": "#leaves", "uv": [ 0.0, 0.0, 32.0, 32.0 ], "windMode": [9,9,9,9], "windData": [1,2,3,1] }
							}
						}
					]
				},
				{
					"name": "Flowerclump9",
					"from": [ 0.0, 15.0, -5.0 ],
					"to": [ 0.0, 15.0, -5.0 ],
					"rotationOrigin": [ 0.0, 15.0, -5.0 ],
					"rotationX": -25.0,
					"rotationY": -45.0,
					"faces": {
					},
					"children": [
						{
							"name": "leavesa9",
							"from": [ -16.0, 0.0, 0.0 ],
							"to": [ 16.0, 32.0, 0.0 ],
							"shade": false,
							"renderPass": 1,
							"faces": {
								"north": { "texture": "#leaves", "uv": [ 0.0, 0.0, 32.0, 32.0 ], "windMode": [9,9,9,9], "windData": [1,2,3,1] }
							}
						},
						{
							"name": "leavesb9",
							"from": [ -16.0, 0.0, 0.0 ],
							"to": [ 16.0, 32.0, 0.0 ],
							"shade": false,
							"renderPass": 1,
							"rotationOrigin": [ 0.0, 0.0, 0.0 ],
							"rotationX": -180.0,
							"rotationY": 60.0,
							"rotationZ": -180.0,
							"faces": {
								"north": { "texture": "#leaves", "uv": [ 0.0, 0.0, 32.0, 32.0 ], "windMode": [9,9,9,9], "windData": [1,3,2,1] }
							}
						},
						{
							"name": "leavesc9",
							"from": [ -16.0, 0.0, 0.0 ],
							"to": [ 16.0, 32.0, 0.0 ],
							"shade": false,
							"renderPass": 1,
							"rotationOrigin": [ 0.0, 0.0, 0.0 ],
							"rotationX": -180.0,
							"rotationY": -60.0,
							"rotationZ": -180.0,
							"faces": {
								"north": { "texture": "#leaves", "uv": [ 0.0, 0.0, 32.0, 32.0 ], "windMode": [9,9,9,9], "windData": [1,3,3,1] }
							}
						}
					]
				},
				{
					"name": "Flowerclump10",
					"from": [ 0.0, 15.0, 7.0 ],
					"to": [ 0.0, 15.0, 7.0 ],
					"rotationOrigin": [ 0.0, 15.0, 7.0 ],
					"rotationX": 25.0,
					"rotationY": 45.0,
					"faces": {
					},
					"children": [
						{
							"name": "leavesa10",
							"from": [ -16.0, 0.0, 0.0 ],
							"to": [ 16.0, 32.0, 0.0 ],
							"shade": false,
							"renderPass": 1,
							"faces": {
								"north": { "texture": "#leaves", "uv": [ 0.0, 0.0, 32.0, 32.0 ], "windMode": [9,9,9,9], "windData": [1,2,3,1] }
							}
						},
						{
							"name": "leavesb10",
							"from": [ -16.0, 0.0, 0.0 ],
							"to": [ 16.0, 32.0, 0.0 ],
							"shade": false,
							"renderPass": 1,
							"rotationOrigin": [ 0.0, 0.0, 0.0 ],
							"rotationX": -180.0,
							"rotationY": 60.0,
							"rotationZ": -180.0,
							"faces": {
								"north": { "texture": "#leaves", "uv": [ 0.0, 0.0, 32.0, 32.0 ], "windMode": [9,9,9,9], "windData": [1,3,3,1] }
							}
						},
						{
							"name": "leavesc10",
							"from": [ -16.0, 0.0, 0.0 ],
							"to": [ 16.0, 32.0, 0.0 ],
							"shade": false,
							"renderPass": 1,
							"rotationOrigin": [ 0.0, 0.0, 0.0 ],
							"rotationX": -180.0,
							"rotationY": -60.0,
							"rotationZ": -180.0,
							"faces": {
								"north": { "texture": "#leaves", "uv": [ 0.0, 0.0, 32.0, 32.0 ], "windMode": [9,9,9,9], "windData": [1,3,2,1] }
							}
						}
					]
				}
			]
		}
	]}