{
	"code": "flower",
	"class": "BlockPlant",
	"behaviors": [ { "name": "DropNotSnowCovered" } ],
	"variantgroups": [
		{ "code": "type", "states": ["amaryllisbelladonna","disapurpurescens","droseraregia","elegiafenestrata","elytropappusrhinocerotis","ericacruenta","ericaericoides","eriocephalusafricanus","euphorbiamauritanica","geissorhizaradians","leucadendronsalignum","metalasiaaurea","proteacynaroides","serruriazeyheri","triboliumuniolae","zantedeschiaaethiopica"] },
		{ "code": "cover", "states": ["free", "snow"] }
	],
	"attributes": {
		"butterflyFeed": true,
		"beeFeed": true,
		"reinforcable": true,
		"plantContainable": {
			"smallContainerByType": {
				"*-amaryllisbelladonna-*": {"shape": {"base": "block/plant/flower/amaryllisbelladonna"},"textures": {"flower2": { "base": "block/plant/flower/petal/{type}2" },"flower3": { "base": "block/plant/flower/petal/{type}3" }}},
				"*-disapurpurescens-*": {"shape": {"base": "block/plant/flower/disa"},"textures": {"north1": { "base": "block/plant/flower/petal/{type}" },"south1": { "base": "block/plant/flower/petal/{type}" },"flower2": { "base": "block/plant/flower/petal/{type}" }}},
				"*-droseraregia-*": {"shape": { "base": "block/plant/flower/droseraregia" },"textures": {"droseraregia": { "base": "block/plant/flower/petal/{type}" }}},
				"*-elytropappusrhinocerotis-*": {"shape": {"base": "block/plant/flower/1patch-dense-shadeless-32x32"},"textures": {"north1": { "base": "block/plant/flower/petal/{type}" },"south1": { "base": "block/plant/flower/petal/{type}" },"flower2": { "base": "block/plant/flower/petal/{type}" }}},
				"*-ericacruenta-*": {"shape": {"base": "block/plant/flower/ericacruenta"},"textures": {"flower1": { "base": "block/plant/flower/petal/{type}1" },"flower2": { "base": "block/plant/flower/petal/{type}2" }}},
				"*-ericaericoides-*": {"shape": {"base": "block/plant/flower/1patch-3faces-8x8"},"textures": {"north1": { "base": "block/plant/flower/petal/{type}" },"south1": { "base": "block/plant/flower/petal/{type}" },"northTinted1": { "base": "block/plant/flower/stem/{type}" },"southTinted1": { "base": "block/plant/flower/stem/{type}" },"north2": { "base": "block/plant/flower/petal/{type}" },"south2": { "base": "block/plant/flower/petal/{type}" },"northTinted2": { "base": "block/plant/flower/stem/{type}" },"southTinted2": { "base": "block/plant/flower/stem/{type}" },"north3": { "base": "block/plant/flower/petal/{type}" },"south3": { "base": "block/plant/flower/petal/{type}" },"northTinted3": { "base": "block/plant/flower/stem/{type}" },"southTinted3": { "base": "block/plant/flower/stem/{type}" }}},
				"*-eriocephalusafricanus-*": {"shape": { "base": "block/plant/flower/1patch-3faces-shadeless-16x16" },"textures": {"north1": { "base": "block/plant/flower/petal/{type}" },"south1": { "base": "block/plant/flower/petal/{type}" },"north2": { "base": "block/plant/flower/petal/{type}" },"south2": { "base": "block/plant/flower/petal/{type}" },"north3": { "base": "block/plant/flower/petal/{type}" },"south3": { "base": "block/plant/flower/petal/{type}" }}},
				"*-euphorbiamauritanica-*": {"shape": {"base": "block/plant/flower/1patch-dense-shadeless-24x24"},"textures": {"north1": { "base": "block/plant/flower/petal/{type}" },"south1": { "base": "block/plant/flower/petal/{type}" },"flower2": { "base": "block/plant/flower/petal/{type}" }}},
				"*-geissorhizaradians-*": {"shape": {"base": "block/plant/flower/geissorhizaradians-potted"},"textures": {"north1": { "base": "block/plant/flower/petal/{type}" },"tinted": { "base": "block/plant/flower/stem/{type}" }}},
				"*-leucadendronsalignum-*": {"shape": { "base": "block/plant/flower/1patch-dense-shadeless-32x32" },"textures": {"north1": { "base": "block/plant/flower/petal/{type}" },"south1": { "base": "block/plant/flower/petal/{type}" },"flower2": { "base": "block/plant/flower/petal/{type}" }}},
				"*-proteacynaroides-*": {"shape": {"base": "block/plant/flower/1patch-dense-shadeless-24x24"},"textures": {"north1": { "base": "block/plant/flower/petal/{type}2" },"south1": { "base": "block/plant/flower/petal/{type}2" },"flower2": { "base": "block/plant/flower/petal/{type}2" }}},
				"*-serruriazeyheri-*": {"shape": {"base": "block/plant/flower/serruriazeyheri"},"textures": {"flower": { "base": "block/plant/flower/petal/{type}" },"stem": { "base": "block/plant/flower/stem/{type}" }}},
				"*-triboliumuniolae-*": {"shape": {"base": "block/plant/flower/1patch-3faces-12x12"},"textures": {"north1": { "base": "block/plant/flower/petal/{type}" },"south1": { "base": "block/plant/flower/petal/{type}" },"northTinted1": { "base": "block/plant/flower/stem/{type}" },"southTinted1": { "base": "block/plant/flower/stem/{type}" },"north2": { "base": "block/plant/flower/petal/{type}" },"south2": { "base": "block/plant/flower/petal/{type}" },"northTinted2": { "base": "block/plant/flower/stem/{type}" },"southTinted2": { "base": "block/plant/flower/stem/{type}" },"north3": { "base": "block/plant/flower/petal/{type}" },"south3": { "base": "block/plant/flower/petal/{type}" },"northTinted3": { "base": "block/plant/flower/stem/{type}" },"southTinted3": { "base": "block/plant/flower/stem/{type}" }}},
				"*-zantedeschiaaethiopica-*": {"shape": { "base": "block/plant/flower/zantedeschiaaethiopica-potted" },"textures": {"bottom": { "base": "block/plant/flower/petal/zantedeschiaaethiopica-bottom" },"flower": { "base": "block/plant/flower/petal/zantedeschiaaethiopica-flower" },"leaves": { "base": "block/plant/flower/petal/zantedeschiaaethiopica-leaves" },"stem": { "base": "block/plant/flower/petal/zantedeschiaaethiopica-stem" }}}
			},
			"largeContainerByType": {
				"*-amaryllisbelladonna-*": {"shape": {"base": "block/plant/flower/amaryllisbelladonna"},"textures": {"flower2": { "base": "block/plant/flower/petal/{type}2" },"flower3": { "base": "block/plant/flower/petal/{type}3" }}},
				"*-disapurpurescens-*": {"shape": {"base": "block/plant/flower/1patch-3faces-shadeless-8x8"},"textures": {"north1": { "base": "block/plant/flower/petal/{type}" },"south1": { "base": "block/plant/flower/petal/{type}" },"flower2": { "base": "block/plant/flower/petal/{type}" }}},				
				"*-droseraregia-*": {"shape": { "base": "block/plant/flower/droseraregia" },"textures": {"droseraregia": { "base": "block/plant/flower/petal/{type}" }}},				
				"*-elegiafenestrata-*": {"shape": {"base": "block/plant/flower/1patch-3faces-32x32"},"textures": {"north1": { "base": "block/plant/flower/petal/{type}" },"south1": { "base": "block/plant/flower/petal/{type}" },"northTinted1": { "base": "block/plant/flower/stem/{type}" },"southTinted1": { "base": "block/plant/flower/stem/{type}" },"flower2": { "base": "block/plant/flower/petal/{type}" },"flower2Tinted": { "base": "block/plant/flower/stem/{type}" }}},
				"*-elytropappusrhinocerotis-*": {"shape": {"base": "block/plant/flower/1patch-dense-shadeless-32x32"},"textures": {"north1": { "base": "block/plant/flower/petal/{type}" },"south1": { "base": "block/plant/flower/petal/{type}" },"flower2": { "base": "block/plant/flower/petal/{type}" }}},
				"*-ericacruenta-*": {"shape": {"base": "block/plant/flower/ericacruenta"},"textures": {"flower1": { "base": "block/plant/flower/petal/{type}1" },"flower2": { "base": "block/plant/flower/petal/{type}2" }}},
				"*-ericaericoides-*": {"shape": {"base": "block/plant/flower/3patches-3faces-8x8"},"textures": {"north1": { "base": "block/plant/flower/petal/{type}" },"south1": { "base": "block/plant/flower/petal/{type}" },"northTinted1": { "base": "block/plant/flower/stem/{type}" },"southTinted1": { "base": "block/plant/flower/stem/{type}" },"north2": { "base": "block/plant/flower/petal/{type}" },"south2": { "base": "block/plant/flower/petal/{type}" },"northTinted2": { "base": "block/plant/flower/stem/{type}" },"southTinted2": { "base": "block/plant/flower/stem/{type}" },"north3": { "base": "block/plant/flower/petal/{type}" },"south3": { "base": "block/plant/flower/petal/{type}" },"northTinted3": { "base": "block/plant/flower/stem/{type}" },"southTinted3": { "base": "block/plant/flower/stem/{type}" }}},
				"*-eriocephalusafricanus-*": {"shape": { "base": "block/plant/flower/3patches-3faces-shadeless-16x16" },"textures": {"north1": { "base": "block/plant/flower/petal/{type}" },"south1": { "base": "block/plant/flower/petal/{type}" },"north2": { "base": "block/plant/flower/petal/{type}" },"south2": { "base": "block/plant/flower/petal/{type}" },"north3": { "base": "block/plant/flower/petal/{type}" },"south3": { "base": "block/plant/flower/petal/{type}" }}},
				"*-euphorbiamauritanica-*": {"shape": {"base": "block/plant/flower/1patch-dense-shadeless-24x24"},"textures": {"north1": { "base": "block/plant/flower/petal/{type}" },"south1": { "base": "block/plant/flower/petal/{type}" },"flower2": { "base": "block/plant/flower/petal/{type}" }}},
				"*-geissorhizaradians-*": {"shape": {"base": "block/plant/flower/1patch-3faces-16x8"},"textures": {"north1": { "base": "block/plant/flower/petal/{type}" },"south1": { "base": "block/plant/flower/petal/{type}" },"northTinted1": { "base": "block/plant/flower/stem/{type}" },"southTinted1": { "base": "block/plant/flower/stem/{type}" },"flower2": { "base": "block/plant/flower/petal/{type}" },"flower2Tinted": { "base": "block/plant/flower/stem/{type}" }}},
				"*-leucadendronsalignum-*": {"shape": { "base": "block/plant/flower/1patch-dense-shadeless-32x32" },"textures": {"north1": { "base": "block/plant/flower/petal/{type}" },"south1": { "base": "block/plant/flower/petal/{type}" },"flower2": { "base": "block/plant/flower/petal/{type}" }}},
			  "*-metalasiaaurea-*": {"shape": {"base": "block/plant/flower/1patch-dense-shadeless-32x24"},"textures": {"north1": { "base": "block/plant/flower/petal/{type}" },"south1": { "base": "block/plant/flower/petal/{type}" },"flower2": { "base": "block/plant/flower/petal/{type}" }}},
				"*-proteacynaroides-*": {"shape": {"base": "block/plant/flower/1patch-dense-shadeless-24x24"},"textures": {"north1": { "base": "block/plant/flower/petal/{type}1" },"south1": { "base": "block/plant/flower/petal/{type}1" },"flower2": { "base": "block/plant/flower/petal/{type}1" }}},
				"*-serruriazeyheri-*": {"shape": {"base": "block/plant/flower/serruriazeyheri"},"textures": {"flower": { "base": "block/plant/flower/petal/{type}" },"stem": { "base": "block/plant/flower/stem/{type}" }}},
				"*-triboliumuniolae-*": {"shape": {"base": "block/plant/flower/3patches-3faces-12x12"},"textures": {"north1": { "base": "block/plant/flower/petal/{type}" },"south1": { "base": "block/plant/flower/petal/{type}" },"northTinted1": { "base": "block/plant/flower/stem/{type}" },"southTinted1": { "base": "block/plant/flower/stem/{type}" },"north2": { "base": "block/plant/flower/petal/{type}" },"south2": { "base": "block/plant/flower/petal/{type}" },"northTinted2": { "base": "block/plant/flower/stem/{type}" },"southTinted2": { "base": "block/plant/flower/stem/{type}" },"north3": { "base": "block/plant/flower/petal/{type}" },"south3": { "base": "block/plant/flower/petal/{type}" },"northTinted3": { "base": "block/plant/flower/stem/{type}" },"southTinted3": { "base": "block/plant/flower/stem/{type}" }}},
				"*-zantedeschiaaethiopica-*": {"shape": { "base": "block/plant/flower/zantedeschiaaethiopica" },"textures": {"bottom": { "base": "block/plant/flower/petal/zantedeschiaaethiopica-bottom" },"flower": { "base": "block/plant/flower/petal/zantedeschiaaethiopica-flower" },"leaves": { "base": "block/plant/flower/petal/zantedeschiaaethiopica-leaves" },"stem": { "base": "block/plant/flower/petal/zantedeschiaaethiopica-stem" }}}
			}
		}
	},
	"creativeinventory": { "general": ["*-free"], "flora": ["*-free"] },
	"renderpass": "OpaqueNoCull",
	"drawtypeByType": {
		"*-snow": "JSONAndSnowLayer",
		"*": "JSON"
	},
	"shapeByType": {
		"@.*-(amaryllisbelladonna)-.*":{"base": "block/plant/flower/1patch-3faces-shadeless-16x16"},
		"@.*-(eriocephalusafricanus)-.*":{"base": "block/plant/flower/3patches-3faces-shadeless-16x16"},
		"*-disapurpurescens-*":{"base": "block/plant/flower/1patch-3faces-shadeless-8x8"},
		"*-droseraregia-*":{"base": "block/plant/flower/droseraregia"},
		"*-elegiafenestrata-*":{"base": "block/plant/flower/1patch-3faces-32x32"},
	  "@.*-(elytropappusrhinocerotis|leucadendronsalignum)-.*":{"base": "block/plant/flower/1patch-dense-shadeless-32x32"},
		"*-ericacruenta-*":{"base": "block/plant/flower/ericacruenta"},
		"*-ericaericoides-*":{"base": "block/plant/flower/3patches-3faces-8x8"},
		"@.*-(euphorbiamauritanica|proteacynaroides)-.*":{"base": "block/plant/flower/1patch-dense-shadeless-24x24"},
		"*-geissorhizaradians-*":{"base": "block/plant/flower/1patch-3faces-16x8"},
		"*-metalasiaaurea-*":{"base": "block/plant/flower/1patch-dense-shadeless-32x24"},
		"*-serruriazeyheri-*":{"base": "block/plant/flower/serruriazeyheri"},
		"*-triboliumuniolae-*":{"base": "block/plant/flower/3patches-3faces-12x12"},
		"*-zantedeschiaaethiopica-*":{"base": "block/plant/flower/zantedeschiaaethiopica"}

	},
	"randomDrawOffset": true,
	"texturesByType": {
		"@.*-(amaryllisbelladonna)-.*": {
			"north1": { "base": "block/plant/flower/petal/{type}1","alternates": [ { "base": "block/plant/flower/petal/{type}2"},{ "base": "block/plant/flower/petal/{type}3"},{ "base": "block/plant/flower/petal/{type}*"} ]},
			"south1": { "base": "block/plant/flower/petal/{type}2","alternates": [ { "base": "block/plant/flower/petal/{type}3"},{ "base": "block/plant/flower/petal/{type}*"},{ "base": "block/plant/flower/petal/{type}1"} ] }
		},
		"*-ericacruenta-*": {
			"flower1": { "base": "block/plant/flower/petal/ericacruenta1" },
			"flower2": { "base": "block/plant/flower/petal/ericacruenta2" }
		},
		"@.*-(eriocephalusafricanus)-.*": {
			"north1": { "base": "block/plant/flower/petal/{type}" },
			"south1": { "base": "block/plant/flower/petal/{type}" },
			"north2": { "base": "block/plant/flower/petal/{type}" },
			"south2": { "base": "block/plant/flower/petal/{type}" },
			"north3": { "base": "block/plant/flower/petal/{type}" },
			"south3": { "base": "block/plant/flower/petal/{type}" }
		},
		"@.*-(disapurpurescens|elytropappusrhinocerotis|euphorbiamauritanica|leucadendronsalignum|metalasiaaurea)-.*": {
		 "north1": { "base": "block/plant/flower/petal/{type}" },
		 "south1": { "base": "block/plant/flower/petal/{type}" },
		 "flower2": { "base": "block/plant/flower/petal/{type}" }
		},
		"*-droseraregia-*": {
		"droseraregia": { "base": "block/plant/flower/petal/{type}" }
		},
		"@.*-(elegiafenestrata|geissorhizaradians)-.*": {
			"north1": { "base": "block/plant/flower/petal/{type}" },
			"south1": { "base": "block/plant/flower/petal/{type}" },
			"northTinted1": { "base": "block/plant/flower/stem/{type}" },
			"southTinted1": { "base": "block/plant/flower/stem/{type}" },
			"flower2": { "base": "block/plant/flower/petal/{type}" },
			"flower2Tinted": { "base": "block/plant/flower/stem/{type}" }
		},
		"@.*-(ericaericoides|triboliumuniolae)-.*": {
			"north1": { "base": "block/plant/flower/petal/{type}" },
			"south1": { "base": "block/plant/flower/petal/{type}" },
			"northTinted1": { "base": "block/plant/flower/stem/{type}" },
			"southTinted1": { "base": "block/plant/flower/stem/{type}" },
			"north2": { "base": "block/plant/flower/petal/{type}" },
			"south2": { "base": "block/plant/flower/petal/{type}" },
			"northTinted2": { "base": "block/plant/flower/stem/{type}" },
			"southTinted2": { "base": "block/plant/flower/stem/{type}" },
			"north3": { "base": "block/plant/flower/petal/{type}" },
			"south3": { "base": "block/plant/flower/petal/{type}" },
			"northTinted3": { "base": "block/plant/flower/stem/{type}" },
			"southTinted3": { "base": "block/plant/flower/stem/{type}" }
		},
		"@.*-(proteacynaroides)-.*": {
		 "north1": { "base": "block/plant/flower/petal/{type}*" },
		 "south1": { "base": "block/plant/flower/petal/{type}*" },
		 "flower2": { "base": "block/plant/flower/petal/{type}*" }
		},
		"*-serruriazeyheri-*": {
			"flower": { "base": "block/plant/flower/petal/{type}" },
			"stem": { "base": "block/plant/flower/stem/{type}" }

		},
		"*-zantedeschiaaethiopica-*": {
			"bottom": { "base": "block/plant/flower/petal/zantedeschiaaethiopica-bottom" },
			"flower": { "base": "block/plant/flower/petal/zantedeschiaaethiopica-flower" },
			"leaves": { "base": "block/plant/flower/petal/zantedeschiaaethiopica-leaves" },
			"stem": { "base": "block/plant/flower/petal/zantedeschiaaethiopica-stem" }
		}

		
	},
	"randomizeRotations": true,
	"randomSizeAdjust": 0.1,
	"blockmaterialByType": {
		"*-free": "Plant",
		"*": "Snow"
	},
	"faceCullModeByType": {
		"*-free": "Default",
		"*": "MergeSnowLayer"
	},
	"sideopaqueByType": {
		"*-snow": { "all": false, "down": true },
		"*": { "all": false }
	},
	"sidesolid": {
		"all": false
	},
	"replaceable": 3000,
	"lightAbsorption": 0,
	"resistance": 0.5,
	"collisionbox": null,
	"selectionbox": {
		"x1": 0.125, "y1": 0, "z1": 0.125,
		"x2": 0.875, "y2": 0.5, "z2": 0.875
	},
	"soundsByType": {
		"@.*-(elegiafenestrata|elytropappusrhinocerotis|eriocephalusafricanus|ericacruenta|euphorbiamauritanica|leucadendronsalignum|metalasiaaurea|proteacynaroides)-.*" : {"place": "game:block/plant","break": "game:block/plant","hit": "game:block/plant","inside": "game:walk/inside/leafy/bushrustle*"},
		"*" : {"place": "game:block/plant","break": "game:block/plant","hit": "game:block/plant","walk": "game:walk/grass"}},
	"rainPermeable": false,
	"materialDensity": 200,
	"combustibleProps": {
		"burnTemperature": 600,
		"burnDuration": 10
	},
	"frostable": true,
	"guiTransformByType": {
		"*-elegiafenestrata-*": { "origin": { "x": 0.5, "y": 1.0, "z": 0.5},"scale": 0.65},
		"*-elytropappusrhinocerotis-*": { "origin": { "x": 0.5, "y": 0.75, "z": 0.5},"scale": 0.75},
		"*-euphorbiamauritanica-*": { "origin": { "x": 0.5, "y": 0.75, "z": 0.5},"scale": 1.0},
		"*-leucadendronsalignum-*": { "origin": { "x": 0.5, "y": 1.0, "z": 0.5},"scale": 0.65},
		"*-proteacynaroides-*": { "origin": { "x": 0.5, "y": 0.75, "z": 0.5},"scale": 1.0},
		"*": { "scale": 1.5}
	}
}