[
  {
    "side": "Server",
    "file": "wrustbound:entities/land/rustbound/bugnest",
    "op": "add",
    "path": "/client/behaviors/-",
    "value": {
      "code": "CombatOverhaul:EntityColliders",
      "elements": {
        "Torso": [
          "Nest A",
          "Nest A1",
          "Nest A2",
          "Nest A3",
          "Nest A4",
          "Nest A5",
          "Nest A6",
          "Nest A7",
          "Nest A8",
          "Nest B",
          "Nest B1",
          "Nest B2",
          "Nest B3",
          "Nest B4",
          "Nest B5",
          "Nest B6",
          "Nest B7",
          "Nest B8",
          "Nest C",
          "Nest C1",
          "Nest C2",
          "Nest C3",
          "Nest C4",
          "Nest C5",
          "Nest C6",
          "Nest C7",
          "Nest C8",
          "Element1",
          "Element2",
          "Element3",
          "Element4",
          "Element5",
          "Element6",
          "Element7",
          "Element8",
          "Mouth",
          "Cube2",
          "Cube3",
          "Cube4",
          "Cube5",
          "Cube6",
          "Cube7",
          "Cube8",
          "Cube9",
          "Cube10",
          "Cube11"
        ],
        "Head": [  ],
        "Arm": [  ],
        "Leg": [  ],
        "Critical": [ ],
        "Resistant": [ ]
      }
    },
    "dependsOn": [ { "modid": "combatoverhaul" } ]
  },
  {
    "side": "Server",
    "file": "wrustbound:entities/land/rustbound/bugnest",
    "op": "add",
    "path": "/server/behaviors/-",
    "value": {
      "code": "CombatOverhaul:EntityColliders",
      "elements": {
        "Torso": [
          "Nest A",
          "Nest A1",
          "Nest A2",
          "Nest A3",
          "Nest A4",
          "Nest A5",
          "Nest A6",
          "Nest A7",
          "Nest A8",
          "Nest B",
          "Nest B1",
          "Nest B2",
          "Nest B3",
          "Nest B4",
          "Nest B5",
          "Nest B6",
          "Nest B7",
          "Nest B8",
          "Nest C",
          "Nest C1",
          "Nest C2",
          "Nest C3",
          "Nest C4",
          "Nest C5",
          "Nest C6",
          "Nest C7",
          "Nest C8",
          "Element1",
          "Element2",
          "Element3",
          "Element4",
          "Element5",
          "Element6",
          "Element7",
          "Element8",
          "Mouth",
          "Cube2",
          "Cube3",
          "Cube4",
          "Cube5",
          "Cube6",
          "Cube7",
          "Cube8",
          "Cube9",
          "Cube10",
          "Cube11"
        ],
        "Head": [ ],
        "Arm": [],
        "Leg": [],
        "Critical": [ ],
        "Resistant": [ ]
      }
    },
    "dependsOn": [ { "modid": "combatoverhaul" } ]
  },
  {
    "side": "Server",
    "file": "wrustbound:entities/land/rustbound/bugnest",
    "op": "add",
    "path": "/server/behaviors/-",
    "value": {
      "code": "CombatOverhaul:EntityDamageModel",
      "damageModel": {
        "TorsoDamageMultiplier": 1,
        "LimbsDamageMultiplier": 0.75,
        "HeadDamageMultiplier": 1.25,
        "CriticalDamageMultiplier": 2,
        "DefaultResistsByType": {
          "*": {
            "BluntAttack": 0,
            "SlashingAttack": 5,
            "PiercingAttack": 3
          }
        }
      }
    },
    "dependsOn": [ { "modid": "combatoverhaul" } ]
  },
  {
    "side": "Server",
    "file": "wrustbound:entities/land/rustbound/bugnest",
    "op": "add",
    "path": "/client/behaviors/-",
    "value": {
      "code": "CombatOverhaul:EntityDamageModel",
      "damageModel": {
        "TorsoDamageMultiplier": 1,
        "LimbsDamageMultiplier": 0.75,
        "HeadDamageMultiplier": 1.25,
        "CriticalDamageMultiplier": 2,
        "DefaultResistsByType": {
          "*": {
            "BluntAttack": 0,
            "SlashingAttack": 5,
            "PiercingAttack": 3
          }
        }
      }
    },
    "dependsOn": [ { "modid": "combatoverhaul" } ]
  }
]