{
	"editor": {
		"allAngles": false,
		"entityTextureMode": false
	},
	"textureWidth": 8,
	"textureHeight": 16,
	"textureSizes": {
		"agavechiapensis-stem": [4,16],
		"agavechiapensis-center": [4,4],
		"agavechiapensis-leaf": [4,8]
	},
	"textures": {
	},
	"elements": [
		{
			"name": "origin",
			"from": [ 0.0, 0.0, 0.0 ],
			"to": [ 0.0, 0.0, 0.0 ],
			"rotationOrigin": [ 8.0, 0.0, 8.0 ],
			"faces": {
			},
			"children": [
				{
					"name": "Leaf 1",
					"from": [ 6.0, 0.0, 8.0 ],
					"to": [ 10.0, 6.0, 8.0 ],
					"shade": false,
					"climateColorMap": "",
					"seasonColorMap": "",
					"renderPass": 1,
					"rotationOrigin": [ 8.0, 0.0, 8.0 ],
					"rotationX": 22.5,
					"faces": {
						"north": { "texture": "#agavechiapensis-leaf", "uv": [ 0.0, 0.0, 4.0, 8.0 ], "autoUv": false, "windMode": [0,7,7,0] }
					}
				}
			]
		},
		{
			"name": "origin2",
			"from": [ 0.0, 0.0, 0.0 ],
			"to": [ 0.0, 0.0, 0.0 ],
			"rotationOrigin": [ 8.0, 0.0, 8.0 ],
			"rotationY": -90.0,
			"faces": {
			},
			"children": [
				{
					"name": "Leaf 2",
					"from": [ 6.0, 0.0, 8.5 ],
					"to": [ 10.0, 6.0, 8.5 ],
					"shade": false,
					"climateColorMap": "",
					"seasonColorMap": "",
					"renderPass": 1,
					"rotationOrigin": [ 8.0, 0.0, 8.5 ],
					"rotationX": 22.5,
					"faces": {
						"north": { "texture": "#agavechiapensis-leaf", "uv": [ 0.0, 0.0, 4.0, 8.0 ], "autoUv": false, "windMode": [0,7,7,0] }
					}
				}
			]
		},
		{
			"name": "origin3",
			"from": [ 0.0, 0.0, 0.0 ],
			"to": [ 0.0, 0.0, 0.0 ],
			"rotationOrigin": [ 8.0, 0.0, 8.0 ],
			"rotationY": -157.5,
			"faces": {
			},
			"children": [
				{
					"name": "Leaf 3",
					"from": [ 6.0, 0.0, 8.8 ],
					"to": [ 10.0, 6.0, 8.8 ],
					"shade": false,
					"climateColorMap": "",
					"seasonColorMap": "",
					"renderPass": 1,
					"rotationOrigin": [ 8.0, 0.0, 8.8 ],
					"rotationX": 22.5,
					"faces": {
						"north": { "texture": "#agavechiapensis-leaf", "uv": [ 0.0, 0.0, 4.0, 8.0 ], "autoUv": false, "windMode": [0,7,7,0] }
					}
				}
			]
		},
		{
			"name": "origin4",
			"from": [ 0.0, 0.0, 0.0 ],
			"to": [ 0.0, 0.0, 0.0 ],
			"rotationOrigin": [ 8.0, 0.0, 8.0 ],
			"rotationY": 135.0,
			"faces": {
			},
			"children": [
				{
					"name": "Leaf 4",
					"from": [ 6.0, 0.0, 8.8 ],
					"to": [ 10.0, 6.0, 8.8 ],
					"shade": false,
					"climateColorMap": "",
					"seasonColorMap": "",
					"renderPass": 1,
					"rotationOrigin": [ 8.0, 0.0, 8.8 ],
					"rotationX": 22.5,
					"faces": {
						"north": { "texture": "#agavechiapensis-leaf", "uv": [ 0.0, 0.0, 4.0, 8.0 ], "autoUv": false, "windMode": [0,7,7,0] }
					}
				}
			]
		},
		{
			"name": "origin5",
			"from": [ 0.0, 0.0, 0.0 ],
			"to": [ 0.0, 0.0, 0.0 ],
			"rotationOrigin": [ 8.0, 0.0, 8.0 ],
			"rotationY": 67.5,
			"faces": {
			},
			"children": [
				{
					"name": "Leaf 5",
					"from": [ 6.0, 0.0, 9.1 ],
					"to": [ 10.0, 6.0, 9.1 ],
					"shade": false,
					"climateColorMap": "",
					"seasonColorMap": "",
					"renderPass": 1,
					"rotationOrigin": [ 8.0, 0.0, 9.1 ],
					"rotationX": 22.5,
					"faces": {
						"north": { "texture": "#agavechiapensis-leaf", "uv": [ 0.0, 0.0, 4.0, 8.0 ], "autoUv": false, "windMode": [0,7,7,0] }
					}
				}
			]
		},
		{
			"name": "origin6",
			"from": [ 0.0, 0.0, 0.0 ],
			"to": [ 0.0, 0.0, 0.0 ],
			"rotationOrigin": [ 8.0, 0.0, 8.0 ],
			"rotationY": -45.0,
			"faces": {
			},
			"children": [
				{
					"name": "Leaf 6",
					"from": [ 6.0, 0.0, 9.4 ],
					"to": [ 10.0, 6.0, 9.4 ],
					"shade": false,
					"climateColorMap": "",
					"seasonColorMap": "",
					"renderPass": 1,
					"rotationOrigin": [ 8.0, 0.0, 9.4 ],
					"rotationX": 22.5,
					"faces": {
						"north": { "texture": "#agavechiapensis-leaf", "uv": [ 0.0, 0.0, 4.0, 8.0 ], "autoUv": false, "windMode": [0,7,7,0] }
					}
				}
			]
		},
		{
			"name": "origin7",
			"from": [ 0.0, 0.0, 0.0 ],
			"to": [ 0.0, 0.0, 0.0 ],
			"rotationOrigin": [ 8.0, 0.0, 8.0 ],
			"rotationY": -135.0,
			"faces": {
			},
			"children": [
				{
					"name": "Leaf 7",
					"from": [ 6.5, 0.0, 9.35 ],
					"to": [ 9.5, 6.0, 9.35 ],
					"shade": false,
					"climateColorMap": "",
					"seasonColorMap": "",
					"renderPass": 1,
					"rotationOrigin": [ 8.0, 0.0, 9.35 ],
					"rotationX": 45.0,
					"faces": {
						"north": { "texture": "#agavechiapensis-leaf", "uv": [ 0.0, 0.0, 4.0, 8.0 ], "autoUv": false, "windMode": [0,7,7,0] }
					}
				}
			]
		},
		{
			"name": "origin8",
			"from": [ 0.0, 0.0, 0.0 ],
			"to": [ 0.0, 0.0, 0.0 ],
			"rotationOrigin": [ 8.0, 0.0, 8.0 ],
			"rotationY": 157.5,
			"faces": {
			},
			"children": [
				{
					"name": "Leaf 8",
					"from": [ 6.5, 0.0, 9.35 ],
					"to": [ 9.5, 6.0, 9.35 ],
					"shade": false,
					"climateColorMap": "",
					"seasonColorMap": "",
					"renderPass": 1,
					"rotationOrigin": [ 8.0, 0.0, 9.35 ],
					"rotationX": 45.0,
					"faces": {
						"north": { "texture": "#agavechiapensis-leaf", "uv": [ 0.0, 0.0, 4.0, 8.0 ], "autoUv": false, "windMode": [0,7,7,0] }
					}
				}
			]
		},
		{
			"name": "origin9",
			"from": [ 0.0, 0.0, 0.0 ],
			"to": [ 0.0, 0.0, 0.0 ],
			"rotationOrigin": [ 8.0, 0.0, 8.0 ],
			"rotationY": 90.0,
			"faces": {
			},
			"children": [
				{
					"name": "Leaf 9",
					"from": [ 6.5, 0.0, 9.35 ],
					"to": [ 9.5, 6.0, 9.35 ],
					"shade": false,
					"climateColorMap": "",
					"seasonColorMap": "",
					"renderPass": 1,
					"rotationOrigin": [ 8.0, 0.0, 9.35 ],
					"rotationX": 45.0,
					"faces": {
						"north": { "texture": "#agavechiapensis-leaf", "uv": [ 0.0, 0.0, 4.0, 8.0 ], "autoUv": false, "windMode": [0,7,7,0] }
					}
				}
			]
		},
		{
			"name": "origin10",
			"from": [ 0.0, 0.0, 0.0 ],
			"to": [ 0.0, 0.0, 0.0 ],
			"rotationOrigin": [ 8.0, 0.0, 8.0 ],
			"rotationY": 22.5,
			"faces": {
			},
			"children": [
				{
					"name": "Leaf 10",
					"from": [ 6.5, 0.0, 9.35 ],
					"to": [ 9.5, 6.0, 9.35 ],
					"shade": false,
					"climateColorMap": "",
					"seasonColorMap": "",
					"renderPass": 1,
					"rotationOrigin": [ 8.0, 0.0, 9.35 ],
					"rotationX": 45.0,
					"faces": {
						"north": { "texture": "#agavechiapensis-leaf", "uv": [ 0.0, 0.0, 4.0, 8.0 ], "autoUv": false, "windMode": [0,7,7,0] }
					}
				}
			]
		},
		{
			"name": "origin11",
			"from": [ 0.0, 0.0, 0.0 ],
			"to": [ 0.0, 0.0, 0.0 ],
			"rotationOrigin": [ 8.0, 0.0, 8.0 ],
			"rotationY": -45.0,
			"faces": {
			},
			"children": [
				{
					"name": "Leaf 11",
					"from": [ 6.5, 0.0, 9.35 ],
					"to": [ 9.5, 6.0, 9.35 ],
					"shade": false,
					"climateColorMap": "",
					"seasonColorMap": "",
					"renderPass": 1,
					"rotationOrigin": [ 8.0, 0.0, 9.35 ],
					"rotationX": 45.0,
					"faces": {
						"north": { "texture": "#agavechiapensis-leaf", "uv": [ 0.0, 0.0, 4.0, 8.0 ], "autoUv": false, "windMode": [0,7,7,0] }
					}
				}
			]
		},
		{
			"name": "origin12",
			"from": [ 0.0, 0.0, 0.0 ],
			"to": [ 0.0, 0.0, 0.0 ],
			"rotationOrigin": [ 8.0, 0.0, 8.0 ],
			"rotationY": -90.0,
			"faces": {
			},
			"children": [
				{
					"name": "Leaf 12",
					"from": [ 6.5, 0.0, 9.35 ],
					"to": [ 9.5, 6.0, 9.35 ],
					"shade": false,
					"climateColorMap": "",
					"seasonColorMap": "",
					"renderPass": 1,
					"rotationOrigin": [ 8.0, 0.0, 9.35 ],
					"rotationX": 45.0,
					"faces": {
						"north": { "texture": "#agavechiapensis-leaf", "uv": [ 0.0, 0.0, 4.0, 8.0 ], "autoUv": false, "windMode": [0,7,7,0] }
					}
				}
			]
		}
	]}