{
	"editor": {
		"allAngles": false,
		"entityTextureMode": false
	},
	"textureWidth": 8,
	"textureHeight": 8,
	"textureSizes": {
		"flower": [8,8]
	},
	"textures": {
	},
	"elements": [
		{
			"name": "origin",
			"from": [ 0.0, 0.0, 0.0 ],
			"to": [ 0.0, 0.0, 0.0 ],
			"rotationOrigin": [ 8.0, 0.0, 8.0 ],
			"faces": {
			},
			"children": [
				{
					"name": "Leaf 1",
					"from": [ 7.0, 0.0, 8.0 ],
					"to": [ 9.0, 4.0, 8.0 ],
					"shade": false,
					"climateColorMap": "",
					"seasonColorMap": "",
					"renderPass": 1,
					"rotationOrigin": [ 8.0, 0.0, 8.0 ],
					"rotationX": 75.0,
					"faces": {
						"north": { "texture": "#flower", "uv": [ 0.0, 0.0, 3.0, 4.0 ], "autoUv": false, "windMode": [0,0,0,0] }
					}
				},
				{
					"name": "Leaf 2",
					"from": [ 7.0, 0.0, 8.0 ],
					"to": [ 9.0, 4.0, 8.0 ],
					"shade": false,
					"climateColorMap": "",
					"seasonColorMap": "",
					"renderPass": 1,
					"rotationOrigin": [ 8.0, 0.0, 8.0 ],
					"rotationX": 88.467,
					"rotationY": 3.695,
					"rotationZ": -67.451,
					"faces": {
						"north": { "texture": "#flower", "uv": [ 0.0, 4.0, 3.0, 8.0 ], "rotation": 180, "autoUv": false, "windMode": [0,0,0,0] }
					}
				},
				{
					"name": "Leaf 3",
					"from": [ 7.0, 0.0, 8.0 ],
					"to": [ 9.0, 4.0, 8.0 ],
					"shade": false,
					"climateColorMap": "",
					"seasonColorMap": "",
					"renderPass": 1,
					"rotationOrigin": [ 8.0, 0.0, 8.0 ],
					"rotationX": 88.467,
					"rotationY": -3.695,
					"rotationZ": 67.451,
					"faces": {
						"north": { "texture": "#flower", "uv": [ 0.0, 4.0, 3.0, 8.0 ], "rotation": 180, "autoUv": false, "windMode": [0,0,0,0] }
					}
				},
				{
					"name": "Leaf 4",
					"from": [ 7.0, 0.0, 8.0 ],
					"to": [ 9.0, 4.0, 8.0 ],
					"shade": false,
					"climateColorMap": "",
					"seasonColorMap": "",
					"renderPass": 1,
					"rotationOrigin": [ 8.0, 0.0, 8.0 ],
					"rotationX": 92.831,
					"rotationY": 2.827,
					"rotationZ": -135.07,
					"faces": {
						"north": { "texture": "#flower", "uv": [ 0.0, 4.0, 3.0, 8.0 ], "rotation": 180, "autoUv": false, "windMode": [0,0,0,0] }
					}
				},
				{
					"name": "Leaf 5",
					"from": [ 7.0, 0.0, 8.0 ],
					"to": [ 9.0, 4.0, 8.0 ],
					"shade": false,
					"climateColorMap": "",
					"seasonColorMap": "",
					"renderPass": 1,
					"rotationOrigin": [ 8.0, 0.0, 8.0 ],
					"rotationX": 99.272,
					"rotationY": -9.153,
					"rotationZ": 135.744,
					"faces": {
						"north": { "texture": "#flower", "uv": [ 0.0, 4.0, 3.0, 8.0 ], "rotation": 180, "autoUv": false, "windMode": [0,0,0,0] }
					}
				},
				{
					"name": "Leaf 6",
					"from": [ 7.0, 0.0, 8.0 ],
					"to": [ 9.0, 4.0, 8.0 ],
					"shade": false,
					"climateColorMap": "",
					"seasonColorMap": "",
					"renderPass": 1,
					"rotationOrigin": [ 8.0, 0.0, 8.0 ],
					"rotationX": 82.602,
					"rotationY": -3.053,
					"rotationZ": 22.303,
					"faces": {
						"north": { "texture": "#flower", "uv": [ 0.0, 4.0, 3.0, 8.0 ], "rotation": 180, "autoUv": false, "windMode": [0,0,0,0] }
					}
				},
				{
					"name": "Leaf 7",
					"from": [ 7.0, 0.0, 8.0 ],
					"to": [ 9.0, 4.0, 8.0 ],
					"shade": false,
					"climateColorMap": "",
					"seasonColorMap": "",
					"renderPass": 1,
					"rotationOrigin": [ 8.0, 0.0, 8.0 ],
					"rotationX": 90.0,
					"rotationY": -18.0,
					"rotationZ": 90.0,
					"faces": {
						"north": { "texture": "#flower", "uv": [ 0.0, 0.0, 3.0, 4.0 ], "autoUv": false, "windMode": [0,0,0,0] }
					}
				},
				{
					"name": "Leaf 8",
					"from": [ 7.0, 0.0, 8.0 ],
					"to": [ 9.0, 4.0, 8.0 ],
					"shade": false,
					"climateColorMap": "",
					"seasonColorMap": "",
					"renderPass": 1,
					"rotationOrigin": [ 8.0, 0.0, 8.0 ],
					"rotationX": 108.0,
					"rotationZ": 180.0,
					"faces": {
						"north": { "texture": "#flower", "uv": [ 0.0, 0.0, 3.0, 4.0 ], "autoUv": false, "windMode": [0,0,0,0] }
					}
				},
				{
					"name": "Leaf 9",
					"from": [ 7.0, 0.0, 8.0 ],
					"to": [ 9.0, 4.0, 8.0 ],
					"shade": false,
					"climateColorMap": "",
					"seasonColorMap": "",
					"renderPass": 1,
					"rotationOrigin": [ 8.0, 0.0, 8.0 ],
					"rotationX": 90.0,
					"rotationY": 18.0,
					"rotationZ": -90.0,
					"faces": {
						"north": { "texture": "#flower", "uv": [ 0.0, 0.0, 3.0, 4.0 ], "autoUv": false, "windMode": [0,0,0,0] }
					}
				},
				{
					"name": "Leaf 10",
					"from": [ 7.0, 0.2, 8.0 ],
					"to": [ 9.0, 2.2, 8.0 ],
					"shade": false,
					"climateColorMap": "",
					"seasonColorMap": "",
					"renderPass": 1,
					"rotationOrigin": [ 8.0, 0.2, 8.0 ],
					"rotationX": 81.029,
					"rotationY": 20.171,
					"rotationZ": -65.401,
					"faces": {
						"north": { "texture": "#flower", "uv": [ 4.5, 6.0, 7.5, 8.0 ], "autoUv": false, "windMode": [0,0,0,0] }
					}
				},
				{
					"name": "Leaf 11",
					"from": [ 7.0, 0.1, 8.0 ],
					"to": [ 9.0, 2.1, 8.0 ],
					"shade": false,
					"climateColorMap": "",
					"seasonColorMap": "",
					"renderPass": 1,
					"rotationOrigin": [ 8.0, 0.1, 8.0 ],
					"rotationX": 110.469,
					"rotationY": -8.242,
					"rotationZ": 158.991,
					"faces": {
						"north": { "texture": "#flower", "uv": [ 4.5, 4.0, 7.5, 6.0 ], "autoUv": false, "windMode": [0,0,0,0] }
					}
				},
				{
					"name": "Leaf 12",
					"from": [ 7.0, 0.1, 8.0 ],
					"to": [ 9.0, 2.1, 8.0 ],
					"shade": false,
					"climateColorMap": "",
					"seasonColorMap": "",
					"renderPass": 1,
					"rotationOrigin": [ 8.0, 0.1, 8.0 ],
					"rotationX": 74.056,
					"rotationY": -15.36,
					"rotationZ": 42.836,
					"faces": {
						"north": { "texture": "#flower", "uv": [ 4.5, 4.0, 7.5, 6.0 ], "autoUv": false, "windMode": [0,0,0,0] }
					}
				}
			]
		}
	]}