{
  "code": "wellwater",
  "variantgroups": [
    {
      "code": "type",
      "states": [ "fresh", "salt" ]
    },
    {
      "code": "pollution",
      "states": [ "clean", "muddy", "tainted", "poisoned" ]
    },
    {
      "code": "createdBy",
      "states": [ "natural", "spreading" ]
    },
    {
      "code": "flow",
      "states": [ "n", "ne", "e", "se", "s", "sw", "w", "nw", "d", "still" ]
    },
    {
      "code": "height",
      "states": [ "1", "2", "3", "4", "5", "6", "7" ]
    }
  ],
  "class": "BlockWaterflowing",
  "classByType": {
    "*-d-*": "BlockWaterfall",
    "*-still-*": "BlockWater"
  },
  "entityClassByType": {
    "*-natural-*": "HoD:BlockEntityWellWaterSentinel"
  },
  "behaviors": [
    {
      "name": "HoD:BlockBehaviorWellWaterFinite",
      "properties": {
        "spreadDelay": 125,
        "liquidCollisionSound": "sizzle",
        "sourceReplacementCode": "rock-obsidian",
        "flowingReplacementCode": "rock-basalt",
        "collidesWith": "lava"
      }
    }
  ],
  "attributes": {
    "freezable": false,
    "smothersFire": true,
    "pushVectorByType": {
      "*-n-*": { "x": 0, "y": 0, "z": -0.0015 },
      "*-ne-*": { "x": 0.0015, "y": 0, "z": -0.0015 },
      "*-e-*": { "x": 0.0015, "y": 0, "z": 0 },
      "*-se-*": { "x": 0.0015, "y": 0, "z": 0.0015 },
      "*-s-*": { "x": 0, "y": 0, "z": 0.0015 },
      "*-sw-*": { "x": -0.0015, "y": 0, "z": 0.0015 },
      "*-w-*": { "x": -0.0015, "y": 0, "z": 0 },
      "*-nw-*": { "x": -0.0015, "y": 0, "z": -0.0015 },
      "*-d-*": { "x": 0, "y": -0.003, "z": 0 }
    },
    "waterTightContainerProps": {
      "containable": true,
      "itemsPerLitre": 70.0,
      "whenFilled": {
        "stack": {
          "type": "item",
          "code": "hydrateordiedrate:waterportion-{type}-well-{pollution}"
        }
      }
    }
  },
  "shape": {
    "base": "game:block/basic/cube"
  },
  "drawtype": "liquid",
  "renderpass": "liquid",
  "matterstate": "liquid",
  "blockmaterial": "liquid",
  "faceCullMode": "liquid",
  "liquidCode": "water",
  "snowCoverage": false,
  "materialdensity": 1000,
  "creativeinventory": {
    "general": [
      "wellwater-{type}-{pollution}-natural-still-7"
    ],
    "terrain": [
      "wellwater-{type}-{pollution}-natural-still-7"
    ]
  },
  "replaceable": 9500,
  "lightAbsorption": 2,
  "climateColorMap": "climateWaterTint",
  "drops": [],
  "liquidLevelByType": {
    "*-1": 1,
    "*-2": 2,
    "*-3": 3,
    "*-4": 4,
    "*-5": 5,
    "*-6": 6,
    "*-7": 7
  },
  "textures": {
    "all": {
      "base": "game:block/liquid/water"
    },
    "specialSecondTexture": {
      "base": "game:block/liquid/water2"
    }
  },
  "texturesByType": {
    "*-muddy-*": {
      "all": {
        "base": "hydrateordiedrate:watermuddy"
      },
      "specialSecondTexture": {
        "base": "hydrateordiedrate:water2muddy"
      }
    },
    "*-tainted-*": {
      "all": {
        "base": "hydrateordiedrate:watertainted"
      },
      "specialSecondTexture": {
        "base": "hydrateordiedrate:water2tainted"
      }
    }
  },
  "sidesolid": {
    "all": false
  },
  "sideopaque": {
    "all": false
  },
  "collisionbox": null,
  "selectionbox": null,
  "soundsByType": {
    "*-still-*": {
      "place": "game:block/water",
      "inside": "game:walk/water",
      "ambient": "game:environment/waterwaves",
      "ambientBlockCount": 50
    },
    "*-d-*": {
      "place": "game:block/water",
      "inside": "game:walk/water",
      "ambient": "game:environment/waterfall"
    },
    "*": {
      "place": "game:block/water",
      "inside": "game:walk/water",
      "ambient": "game:environment/creek"
    }
  },
  "particlePropertiesByType": {
    "*-still-*": [],
    "*-d-*": [
      {
        "comment": "North side",
        "hsvaColor": [
          {
            "avg": 110,
            "var": 0
          },
          {
            "avg": 80,
            "var": 40
          },
          {
            "avg": 210,
            "var": 30
          },
          {
            "avg": 150,
            "var": 25
          }
        ],
        "opacityEvolve": {
          "transform": "quadratic",
          "factor": -16
        },
        "gravityEffect": {
          "avg": 0.5,
          "var": 0
        },
        "posOffset": [
          {
            "avg": -0.1,
            "var": 0.5
          },
          {
            "avg": 0.8,
            "var": 0.2
          },
          {
            "avg": -0.55,
            "var": 0.05
          }
        ],
        "velocity": [
          {
            "avg": 0,
            "var": 0.1
          },
          {
            "avg": 0,
            "var": 0
          },
          {
            "avg": 0,
            "var": 0.1
          }
        ],
        "quantity": {
          "avg": 0.2
        },
        "lifeLength": {
          "avg": 0.33
        },
        "size": {
          "avg": 0.4,
          "var": 0.05
        },
        "sizeEvolve": {
          "transform": "linear",
          "factor": 0.7
        },
        "particleModel": "Quad"
      },
      {
        "comment": "East side",
        "hsvaColor": [
          {
            "avg": 110,
            "var": 0
          },
          {
            "avg": 80,
            "var": 40
          },
          {
            "avg": 210,
            "var": 30
          },
          {
            "avg": 150,
            "var": 25
          }
        ],
        "opacityEvolve": {
          "transform": "quadratic",
          "factor": -16
        },
        "gravityEffect": {
          "avg": 0.5,
          "var": 0
        },
        "posOffset": [
          {
            "avg": 0.55,
            "var": 0.05
          },
          {
            "avg": 0.8,
            "var": 0.2
          },
          {
            "avg": 0,
            "var": 0.5
          }
        ],
        "velocity": [
          {
            "avg": 0,
            "var": 0.1
          },
          {
            "avg": 0,
            "var": 0
          },
          {
            "avg": 0,
            "var": 0.1
          }
        ],
        "quantity": {
          "avg": 0.2
        },
        "lifeLength": {
          "avg": 0.33
        },
        "size": {
          "avg": 0.4,
          "var": 0.05
        },
        "sizeEvolve": {
          "transform": "linear",
          "factor": 0.7
        },
        "particleModel": "Quad"
      },
      {
        "comment": "South side",
        "hsvaColor": [
          {
            "avg": 110,
            "var": 0
          },
          {
            "avg": 80,
            "var": 40
          },
          {
            "avg": 210,
            "var": 30
          },
          {
            "avg": 150,
            "var": 25
          }
        ],
        "opacityEvolve": {
          "transform": "quadratic",
          "factor": -16
        },
        "gravityEffect": {
          "avg": 0.5,
          "var": 0
        },
        "posOffset": [
          {
            "avg": 0,
            "var": 0.5
          },
          {
            "avg": 0.8,
            "var": 0.2
          },
          {
            "avg": 0.55,
            "var": 0.05
          }
        ],
        "velocity": [
          {
            "avg": 0,
            "var": 0.1
          },
          {
            "avg": 0,
            "var": 0
          },
          {
            "avg": 0,
            "var": 0.1
          }
        ],
        "quantity": {
          "avg": 0.2
        },
        "lifeLength": {
          "avg": 0.33
        },
        "size": {
          "avg": 0.4,
          "var": 0.05
        },
        "sizeEvolve": {
          "transform": "linear",
          "factor": 0.7
        },
        "particleModel": "Quad"
      },
      {
        "comment": "West side",
        "hsvaColor": [
          {
            "avg": 110,
            "var": 0
          },
          {
            "avg": 80,
            "var": 40
          },
          {
            "avg": 210,
            "var": 30
          },
          {
            "avg": 150,
            "var": 25
          }
        ],
        "opacityEvolve": {
          "transform": "quadratic",
          "factor": -16
        },
        "gravityEffect": {
          "avg": 0.5,
          "var": 0
        },
        "posOffset": [
          {
            "avg": -0.55,
            "var": 0.05
          },
          {
            "avg": 0.8,
            "var": 0.2
          },
          {
            "avg": 0,
            "var": 0.5
          }
        ],
        "velocity": [
          {
            "avg": 0,
            "var": 0.1
          },
          {
            "avg": 0,
            "var": 0
          },
          {
            "avg": 0,
            "var": 0.1
          }
        ],
        "quantity": {
          "avg": 0.2
        },
        "lifeLength": {
          "avg": 0.33
        },
        "size": {
          "avg": 0.4,
          "var": 0.05
        },
        "sizeEvolve": {
          "transform": "linear",
          "factor": 0.7
        },
        "particleModel": "Quad"
      }
    ],
    "*": [
      {
        "comment": "Up side",
        "hsvaColor": [
          {
            "avg": 110,
            "var": 0
          },
          {
            "avg": 80,
            "var": 40
          },
          {
            "avg": 210,
            "var": 30
          },
          {
            "avg": 150,
            "var": 25
          }
        ],
        "opacityEvolve": {
          "transform": "quadratic",
          "factor": -16
        },
        "gravityEffect": {
          "avg": 0.2,
          "var": 0
        },
        "posOffset": [
          {
            "avg": 0.5,
            "var": 0.5
          },
          {
            "avg": 0.7,
            "var": 0.2
          },
          {
            "avg": 0.5,
            "var": 0.5
          }
        ],
        "velocity": [
          {
            "avg": 0,
            "var": 0.1
          },
          {
            "avg": 0,
            "var": 0
          },
          {
            "avg": 0,
            "var": 0.1
          }
        ],
        "quantity": {
          "avg": 0.2
        },
        "lifeLength": {
          "avg": 0.33
        },
        "size": {
          "avg": 0.4,
          "var": 0.15
        },
        "sizeEvolve": {
          "transform": "linear",
          "factor": 0.4
        },
        "particleModel": "Quad"
      }
    ]
  },
  "heldTpIdleAnimation": "holdbothhandslarge",
  "heldRightReadyAnimation": "heldblockready",
  "heldTpUseAnimation": "twohandplaceblock",
  "tpHandTransform": {
    "translation": {
      "x": -1.23,
      "y": -0.91,
      "z": -0.8
    },
    "rotation": {
      "x": -2,
      "y": 25,
      "z": -78
    },
    "scale": 0.4
  }
}