{
  "code": "enchantedstone",
  "classByType": {
    "*-rock-*": "BlockEnchantedStoneRM",
    "*-polished-*": "BlockEnchantedStoneRM",
    "*-cobblestone-*": "BlockEnchantedStoneRM",
    "*-ashlar-*": "BlockEnchantedStoneRM",
    "*-engraved-*": "BlockEnchantedStoneRM",
    "*-ornate-*": "BlockEnchantedStoneRM",
    "*-chiseled-*": "BlockEnchantedStoneRM"
  },
  "enabled": true,

  "storageFlags": 131077,

  "variantgroups": [
    {
      "code": "variant",
      "states": [ "rock", "polished", "cobblestone", "ashlar", "engraved", "ornate", "chiseled" ]
    },
    {
      "code": "element",
      "loadFromProperties": "rustboundmagic:abstract/elements"
    }
  ],
  "skipVariants": [ "*-fire", "*-water", "*-wind", "*-earth", "*-lightning", "*-frost", "*-nature", "*-arcane" ],

  "attributes": {
    //"canChisel": false,
    "shelvable": true,
    "onshelfTransform": {
      "translation": {
        "x": -0,
        "y": -0.375,
        "z": 0
      },
      "scale": 0.25
    },
    "displaycaseable": true,
    "onDisplayTransform": {
      "translation": {
        "x": -0,
        "y": -0.375,
        "z": 0
      },
      "scale": 0.25
    },
    "handbookByType": {
      "*-rock-*": {
        "groupbyByType": {
          "*": [ "enchantedstone-*" ]
        }
      },
      "*-polished-*": {
        "groupbyByType": {
          "*": [ "enchantedstone-*" ]
        }
      },
      "*-cobblestone-*": {
        "groupbyByType": {
          "*": [ "enchantedstone-*" ]
        }
      },
      "*-ashlar-*": {
        "groupbyByType": {
          "*": [ "enchantedstone-*" ]
        }
      },
      "*-engraved-*": {
        "groupbyByType": {
          "*": [ "enchantedstone-*" ]
        }//,
        //"extraSections": [
        //  {
        //    "title": "game:Created by",
        //    "text": "rustboundmagic:handbook-thaumicworkbenchonlytier1-text"
        //  }
        //]
      },
      "*-ornate-*": {
        "groupbyByType": {
          "*": [ "enchantedstone-*" ]
        }//,
        //"extraSections": [
        //  {
        //    "title": "game:Created by",
        //    "text": "rustboundmagic:handbook-thaumicworkbenchonlytier1-text"
        //  }
        //]
      },
      "*-chiseled-*": {
        "groupbyByType": {
          "*": [ "enchantedstone-*" ]
        }//,
        //"extraSections": [
        //  {
        //    "title": "game:Created by",
        //    "text": "rustboundmagic:handbook-thaumicworkbenchonlytier1-text"
        //  }
        //]
      }
    }
  },

  "shapeByType": {
    "*": { "base": "game:block/basic/cube" }
  },
  "texturesByType": {
    "*-rock-*": {
      "all": { "base": "blocks/resources/enchantedstone/{element}/enchantedstone-{variant}*" }
    },
    "*-polished-*": {
      "all": { "base": "blocks/resources/enchantedstone/{element}/enchantedstone-{variant}*" }
    },
    "*-cobblestone-*": {
      "all": { "base": "blocks/resources/enchantedstone/{element}/enchantedstone-{variant}*" }
    },
    "*-ashlar-*": {
      "all": { "base": "blocks/resources/enchantedstone/{element}/enchantedstone-{variant}*" }
    },
    "*-engraved-*": {
      "all": { "base": "blocks/resources/enchantedstone/{element}/enchantedstone-{variant}*" }
    },
    "*-ornate-*": {
      "all": { "base": "blocks/resources/enchantedstone/{element}/enchantedstone-{variant}-side*" },
      "up": { "base": "blocks/resources/enchantedstone/{element}/enchantedstone-{variant}-top*" },
      "down": { "base": "blocks/resources/enchantedstone/{element}/enchantedstone-{variant}-top*" }
    },
    "*-chiseled-*": {
      "all": { "base": "blocks/resources/enchantedstone/{element}/enchantedstone-{variant}*" }
    }
  },

  "creativeinventory": {
    "general": [ "*" ],
    "terrain": [ "*" ],
    "rustboundmagic": [ "*" ]
  },

  "drawtype": "json",
  "blockmaterial": "Stone",
  "replaceable": 200,
  "resistance": 4,
  "lightAbsorption": 99,
  "maxStackSize": 64,
  "materialDensity": 700,

  "heldTpIdleAnimation": "holdbothhandslarge",
  "heldTpUseAnimation": "twohandplaceblock",

  "sounds": {
    "walk": "game:walk/stone",
    "byTool": {
      "Pickaxe": {
        "hit": "game:block/rock-hit-pickaxe",
        "break": "game:block/rock-break-pickaxe"
      }
    }
  },

  "tpHandTransform": {
    "translation": {
      "x": -1.23,
      "y": -0.91,
      "z": -0.8
    },
    "rotation": {
      "x": -2,
      "y": 25,
      "z": -78
    },
    "scale": 0.4
  }
}