{
  "code": "slab",
  "classByType": {
    "*": "BlockSlabSnowRemove"
  },
  "enabled": true,

  "storageFlags": 131077,

  "behaviors": [
    {
      "name": "OmniRotatable",
      "properties": {
        "rotateSides": true,
        "facing": "block"
      }
    },
    {
      "name": "WrenchOrientable",
      "properties": { "baseCode": "slab-{rock}-{type}-*-{cover}" }
    }
  ],
  "variantgroups": [
    {
      "code": "rock",
      "states": [ "enchantedstone", "astralith", "xegonite", "netherite", "abysium" ]
    },
    {
      "code": "type",
      "states": [ "cobblestone", "polished" ]
    },
    {
      "code": "rot",
      "states": [ "north", "east", "south", "west", "up", "down" ]
    },
    {
      "code": "cover",
      "states": [ "free", "snow" ]
    }
  ],

  "skipVariants": [ "*-up-snow" ],
  "attributes": {
    "canChisel": true,
    "chiselShapeFromCollisionBox": true,
    "handbook": {
      "groupBy": [ "slab-*" ]
    },
    "partialAttachableByType": {
      "*-down": true,
      "*-up": true
    },
    "liquidBarrierOnSidesByType": {
      "*-down-*": [ 0.5, 0.5, 0.5, 0.5 ]
    }
  },

  "creativeinventory": {
    "general": [ "*-down-free" ],
    "construction": [ "*-down-free" ],
    "rustboundmagic": [ "*-down-free" ]
  },
  "drops": [ { "code": "slab-{rock}-{type}-down-free" } ],
  "shapeByType": {
    "*-snow": { "base": "game:block/basic/slab/snow-slab-{rot}" },
    "*": { "base": "game:block/basic/slab/slab-{rot}" }
  },
  "texturesByType": {
    "*-enchantedstone-*": {
      "sides": { "base": "blocks/resources/enchantedstone/none/slab/enchantedstone-{type}*" },
      "up": { "base": "blocks/resources/enchantedstone/none/enchantedstone-{type}*" },
      "down": { "base": "blocks/resources/enchantedstone/none/enchantedstone-{type}*" }
    },
    "*-astralith-*": {
      "sides": { "base": "blocks/resources/astralith/slab/astralith-{type}*" }
      //"up": { "base": "blocks/resources/astralith/astralith-{type}*" },
      //"down": { "base": "blocks/resources/astralith/astralith-{type}*" }
    },
    "*-xegonite-*": {
      "sides": { "base": "blocks/resources/xegonite/slab/xegonite-{type}*" }
      //"up": { "base": "blocks/resources/xegonite/xegonite-{type}*" },
      //"down": { "base": "blocks/resources/xegonite/xegonite-{type}*" }
    },
    "*-netherite-*": {
      "sides": { "base": "blocks/resources/netherite/slab/netherite-{type}*" }
      //"up": { "base": "blocks/resources/netherite/netherite-{type}*" },
      //"down": { "base": "blocks/resources/netherite/netherite-{type}*" }
    },
    "*-abysium-*": {
      "sides": { "base": "blocks/resources/abysium/slab/abysium-{type}*" }
      //"up": { "base": "blocks/resources/abysium/abysium-{type}*" },
      //"down": { "base": "blocks/resources/abysium/abysium-{type}*" }
    }
  },

  "drawtype": "json",
  "blockmaterial": "Stone",
  "replaceable": 200,
  "resistance": 4,
  "lightAbsorption": 99,

  "sideSolidOpaqueAoByType": {
    "*-north-*": {
      "all": false,
      "north": true
    },
    "*-east-*": {
      "all": false,
      "east": true
    },
    "*-south-*": {
      "all": false,
      "south": true
    },
    "*-west-*": {
      "all": false,
      "west": true
    },
    "*-up-*": {
      "all": false,
      "up": true
    },
    "*-down-*": {
      "all": false,
      "down": true
    }
  },
  "__comment": "Tyron 19dec.2020, i'm not sure anymore why sideao was disabled for slabs, lets see what happens if we turn it on again ¯\\_(ツ)_/¯",
  "sideAo": { "all": true },
  "emitSideAoByType": {
    "*-up-*": {
      "all": false,
      "up": true
    },
    "*-down-*": {
      "all": false,
      "down": true
    },
    "*": { "all": false }
  },
  "collisionbox": {
    "x1": 0,
    "y1": 0,
    "z1": 0,
    "x2": 1,
    "y2": 0.5,
    "z2": 1,
    "rotateXByType": {
      "*-north-*": 90,
      "*-south-*": 270,
      "*-up-*": 180,
      "*-down-*": 0
    },
    "rotateZByType": {
      "*-east-*": 90,
      "*-west-*": 270
    }
  },
  "selectionbox": {
    "x1": 0,
    "y1": 0,
    "z1": 0,
    "x2": 1,
    "y2": 0.5,
    "z2": 1,
    "rotateXByType": {
      "*-north-*": 90,
      "*-south-*": 270,
      "*-up-*": 180,
      "*-down-*": 0
    },
    "rotateZByType": {
      "*-east-*": 90,
      "*-west-*": 270
    }
  },
  "heldTpIdleAnimation": "holdbothhandslarge",
  "heldRightReadyAnimation": "heldblockready",
  "heldTpUseAnimation": "twohandplaceblock",

  "sounds": {
    "walk": "game:walk/stone",
    "byTool": {
      "Pickaxe": {
        "hit": "game:block/rock-hit-pickaxe",
        "break": "game:block/rock-break-pickaxe"
      }
    }
  },

  "guiTransform": {
    "translation": {
      "x": 0,
      "y": 2,
      "z": 0
    },
    "origin": {
      "x": 0.5,
      "y": 0.25,
      "z": 0.5
    }
  },
  "tpHandTransform": {
    "translation": {
      "x": -1.23,
      "y": -0.91,
      "z": -0.8
    },
    "rotation": {
      "x": -2,
      "y": 25,
      "z": -78
    },
    "scale": 0.4
  }
}