{
	"code": "caninae-canina-carcass",
	"class": "EntityAgent",
	"tags": ["carcass", "huntable", "habitat-land"],
	"collisionBoxSizeByType": {
		"*": {	"x": 1.1,"y": 0.95}
	},
	"deadCollisionBoxSizeByType": {
		"*": {"x": 1.1,"y": 0.5}
	},
	"selectionBoxSizeByType": {
		"*": {"x": 1.5,"y": 1.8}
	},
	"deadSelectionBoxSizeByType": {
		"*": {"x": 1.2,"y": 1.0}
	},
	"knockbackResistanceByType": {
		"*": 10.0
	},	
	"eyeHeight": 0.6,
	"weightByType": {
		"*": 10
	},	
	"attributes": {
	},
	"client": {
		"renderer": "Shape",
		"shapeByType": {"*": { "base": "entity/carcass-medium" }},
		"sizeByType": {
			"*": 1.0
		},
		"behaviors": [
			{ "code": "repulseagents" },
			{
				"code": "controlledphysics",
				"stepHeight": 0
			},
			{ "code": "interpolateposition" },
			{
				"code": "despawn",
				"minPlayerDistance": 8,
				"belowLightLevel": 0,
				"minSeconds": 300
			},
			{
				"code": "floatupwhenstuck",
				"onlyWhenDead": true
			},
			{ "code": "harvestable","quantitySlots": 8 }

		],
		"animations": [
			{"code": "die","animation": "Die","animationSpeed": 2.00,"weight": 10,"blendMode": "Average","triggeredBy": { "onControls": [ "dead" ] }},
			{"code": "idle","animation": "Idle","blendMode": "Average","easeOutSpeed": 1,"triggeredBy": { "defaultAnim": true }},
			{"code": "sleep","animation": "Sleep","easeInSpeed": 4,"easeOutSpeed": 4,"blendMode": "Average"}
		]
	},
	"server": {
		"attributes": {
		},
		"behaviors": [
			{ "code": "repulseagents" },
			{
				"code": "controlledphysics",
				"stepHeight": 0
			},
			{
				"code": "health",
				"maxhealthByType": {
					"*": 4
				}
			},
			{
				"code": "deaddecay",
				"hoursToDecay": 96,
				"decayedBlock": "carcass-medium"
			},
			{
				"code": "floatupwhenstuck",
				"onlyWhenDead": true
			},
			{
				"code": "harvestable","quantitySlots": 8,
				"drops": [
					{
						"type": "item",
						"code": "game:bushmeat-raw",
						"quantityByType": {
							"*": {"avg": 3,"var": 1}
						}
					}
				]
			},
			{
				"code": "taskai",
				"aitasks": [
						//Flies going quiet in the dark
					{
						"code": "idle-r",
						"priority": 1.5,
						"mindurationMS": 20000,
						"maxdurationMS": 80000,
						"animation": "Sleep",
						"animationSpeed": 1.0,
						"EntityLightLevels": [1,18],
						"EntityLightLevelType": "TimeOfDaySunLight",
						"stopOnHurt": true
					},
						//Flies buzzing during the day
					{
						"code": "idle-r",
						"priority": 0.6,
						"animation": "Idle",
						"animationSpeed": 1.0,
						"sound": "caninae:creature/carcass",
						"soundRange": 20,
						"soundrepeatMS": 3000,
						"soundVolume": 0.75
					}
				]
			}

		],
		"spawnconditions": {
			"runtime": {
				"group": "neutral",
				"tryOnlySurface": true,
				"maxQuantity": 1,
				"maxQuantityByGroup": {
					"code": "caninae-canina-*",
					"maxQuantity": 2
				},
				"chanceByType": {
					"caninae-canina-carcass": 0.00001
				},
				"mindistancetoplayer": 100,
				"maxLightLevel": 1,
				"lightLevelType": "onlyBlockLight",	
				"spawnCapPlayerScaling": 0.0,
				"groupSizeByType": {
					"*": { "dist": "uniform", "avg": 2.0, "var": 2.0 },
				},
				"insideBlockCodes": [ "game:air", "game:tallgrass-*", "game:snowlayer-1", "game:gravel-*" ],
				"minYByType": {
					"*": 0.9
				},
				"maxYByType": {
					"*": 1.9
				},
				"minTempByType": {
					"*": -30
				},
				"maxTempByType": {
					"*": 44
				},
				"minForestByType": {
					"*": 0.0
				},
				"maxForestByType": {
					"*": 1.0
				},
				"minPrecipitationByType": {
					"*": 0.0
				},
				"maxPrecipitationByType": {
					"*": 1.0
				},
				"companions": []
			}
		}
	}
}