{
	"code": "caninae-canina",
	"class": "EntityAgent",
	"tags": ["animal","huntable","habitat-land","caninatag"],
	"fallDamageMultiplier": 0.5,
	"variantgroups": [
    {"code": "age","states": [ "baby"]},
    {"code": "gender","states": [ "female","male"]},
    {"code": "genus","states": [ "aenocyon","canis","cuon","cynotherium","lupulella","lycaon"]},
    {"code": "species","states": [ "dirus","aureus","familiaris","latrans","lupastor","lupus","lupusarctos","lupusdingo","lycaon","rufus","simensis","alpinus","sardous","adusta","mesomelas","pictus"]}
	],
	"allowedVariants": [
		"*-aenocyon-dirus",
		"*-canis-aureus",
		"*-canis-familiaris",
		"*-canis-latrans",
		"*-canis-lupastor",
		"*-canis-lupus",
		"*-canis-lupusarctos",
		"*-canis-lupusdingo",
		"*-canis-lycaon",
		"*-canis-rufus",
		"*-canis-simensis",
		"*-cuon-alpinus",
		"*-cynotherium-sardous",
		"*-lupulella-adusta",
		"*-lupulella-mesomelas",
		"*-lycaon-pictus"
	],
	"collisionBoxSizeByType": {
		"*-aenocyon-dirus": {	"x": 0.2,"y": 0.2},
		"*-canis-aureus": {	"x": 0.1,"y": 0.1},
		"*-canis-familiaris": {	"x": 0.2,"y": 0.2},
		"*-canis-latrans": {	"x": 0.12,"y": 0.12},
		"*-canis-lupastor": {	"x": 0.1,"y": 0.1},
		"*-canis-lupus": {	"x": 0.2,"y": 0.2},
		"*-canis-lupusarctos": {	"x": 0.2,"y": 0.2},
		"*-canis-lupusdingo": {	"x": 0.12,"y": 0.12},
		"*-canis-lycaon": {	"x": 0.2,"y": 0.2},
		"*-canis-rufus": {	"x": 0.12,"y": 0.12},
		"*-canis-simensis": {	"x": 0.12,"y": 0.12},
		"*-cuon-alpinus": {	"x": 0.1,"y": 0.1},
		"*-cynotherium-sardous": {	"x": 0.1,"y": 0.1},
		"*-lupulella-adusta": {	"x": 0.1,"y": 0.1},
		"*-lupulella-mesomelas": {	"x": 0.1,"y": 0.1},
		"*-lycaon-pictus": { "x": 0.2,"y": 0.2}
	},
	"deadCollisionBoxSizeByType": {
		"*-aenocyon-dirus": {	"x": 0.2,"y": 0.1},
		"*-canis-aureus": {	"x": 0.1,"y": 0.05},
		"*-canis-familiaris": {	"x": 0.2,"y": 0.1},
		"*-canis-latrans": {	"x": 0.12,"y": 0.05},
		"*-canis-lupastor": {	"x": 0.1,"y": 0.05},
		"*-canis-lupus": {	"x": 0.2,"y": 0.1},
		"*-canis-lupusarctos": {	"x": 0.2,"y": 0.1},
		"*-canis-lupusdingo": {	"x": 0.12,"y": 0.05},
		"*-canis-lycaon": {	"x": 0.2,"y": 0.1},
		"*-canis-rufus": {	"x": 0.12,"y": 0.05},
		"*-canis-simensis": {	"x": 0.12,"y": 0.05},
		"*-cuon-alpinus": {	"x": 0.1,"y": 0.05},
		"*-cynotherium-sardous": {	"x": 0.1,"y": 0.05},
		"*-lupulella-adusta": {	"x": 0.1,"y": 0.05},
		"*-lupulella-mesomelas": {	"x": 0.1,"y": 0.05},
		"*-lycaon-pictus": { "x": 0.2,"y": 0.075 }
	},
	"eyeHeightByType": {
		"*-aenocyon-dirus": 0.25,
		"*-canis-aureus": 0.125,
		"*-canis-familiaris": 0.25,
		"*-canis-latrans": 0.15,
		"*-canis-lupastor": 0.125,
		"*-canis-lupus": 0.25,
		"*-canis-lupusarctos": 0.25,
		"*-canis-lupusdingo": 0.15,
		"*-canis-lycaon": 0.3,
		"*-canis-rufus": 0.15,
		"*-canis-simensis": 0.15,
		"*-cuon-alpinus": 0.125,
		"*-cynotherium-sardous": 0.125,
		"*-lupulella-adusta": 0.125,
		"*-lupulella-mesomelas": 0.125,
		"*-lycaon-pictus": 0.25
	},
	"weightByType": {
		"*-aenocyon-dirus": 10,
		"*-canis-aureus": 1,
		"*-canis-familiaris": 5,
		"*-canis-latrans": 1,
		"*-canis-lupastor": 1,
		"*-canis-lupus": 5,
		"*-canis-lupusarctos": 5,
		"*-canis-lupusdingo": 2,
		"*-canis-lycaon": 5,
		"*-canis-rufus": 5,
		"*-canis-simensis": 4,
		"*-cuon-alpinus": 4,
		"*-cynotherium-sardous": 1,
		"*-lupulella-adusta": 3,
		"*-lupulella-mesomelas": 3,
		"*-lycaon-pictus": 2
	},
	"attributes": {
		"trappableByType": {
			"*-cuon*": {
				"small": { "trapChance": 0.3,	"trapDestroyChance": 0.05 },
				"large": { "trapChance": 0.9,	"trapDestroyChance": 0 }
			},
			"*-cynotherium*": {
				"small": { "trapChance": 0.3,	"trapDestroyChance": 0.05 },
				"large": { "trapChance": 0.9,	"trapDestroyChance": 0 }
			},
			"*-lupulella*": {
				"small": { "trapChance": 0.3,	"trapDestroyChance": 0.05 },
				"large": { "trapChance": 0.9,	"trapDestroyChance": 0 }
			},
			"*": {
				"small": { "trapChance": 0.25,	"trapDestroyChance": 0.07 },
				"large": { "trapChance": 0.95,	"trapDestroyChance": 0.0 }
			}
		},
		"creatureDietByType": {
			"*-canis-aureus":{
			"foodCategories": ["Vegetable"],
			"weightedFoodTags": [
				{ "weight": 1, "code": "egg" },
				{ "weight": 0.6, "code": "fish" },
				{ "weight": 0.1, "code": "fruit" },
				{ "weight": 0.1, "code": "fruitmash" },
				{ "weight": 0.1, "code": "grass" },
				{ "weight": 0.7, "code": "insect" },
				{ "weight": 0.9, "code": "meat" },
				{ "weight": 0.1, "code": "nibbleCrop" },
				{ "weight": 0.1, "code": "sweetBerryBush" },
				{ "weight": 0.1, "code": "tastyvegetable" }
			]
		},
			"*-canis-familiaris":{
			"foodCategories": ["Grain"],
			"weightedFoodTags": [
				{ "weight": 1, "code": "egg" },
				{ "weight": 0.6, "code": "fish" },
				{ "weight": 0.1, "code": "fruit" },
				{ "weight": 0.1, "code": "fruitmash" },
				{ "weight": 0.1, "code": "grain" },
				{ "weight": 0.1, "code": "grass" },
				{ "weight": 0.7, "code": "insect" },
				{ "weight": 0.9, "code": "meat" },
				{ "weight": 0.1, "code": "sweetBerryBush" }
			]
		},
			"*-canis-latrans":{
			"foodCategories": ["Grain","Vegetable"],
			"weightedFoodTags": [
				{ "weight": 1, "code": "egg" },
				{ "weight": 0.6, "code": "fish" },
				{ "weight": 0.1, "code": "fruit" },
				{ "weight": 0.1, "code": "fruitmash" },
				{ "weight": 0.1, "code": "grain" },
				{ "weight": 0.1, "code": "grass" },
				{ "weight": 0.7, "code": "insect" },
				{ "weight": 0.9, "code": "meat" },
				{ "weight": 0.1, "code": "nibbleCrop" },
				{ "weight": 0.2, "code": "peanut" },
				{ "weight": 0.1, "code": "sweetBerryBush" },
				{ "weight": 0.1, "code": "tastyvegetable" }
			]
		},
			"*-canis-lupus":{
			"foodCategories": ["Grain"],
			"weightedFoodTags": [
				{ "weight": 1, "code": "egg" },
				{ "weight": 0.6, "code": "fish" },
				{ "weight": 0.1, "code": "fruit" },
				{ "weight": 0.1, "code": "fruitmash" },
				{ "weight": 0.1, "code": "grain" },
				{ "weight": 0.1, "code": "grass" },
				{ "weight": 0.7, "code": "insect" },
				{ "weight": 0.9, "code": "meat" },
				{ "weight": 0.1, "code": "sweetBerryBush" }
			]
		},
			"*-canis-lupusarctos":{
			"weightedFoodTags": [
				{ "weight": 1, "code": "egg" },
				{ "weight": 0.6, "code": "fish" },
				{ "weight": 0.7, "code": "insect" },
				{ "weight": 0.9, "code": "meat" }
			]
		},
			"*-canis-lupusdingo":{
			"weightedFoodTags": [
				{ "weight": 1, "code": "egg" },
				{ "weight": 0.6, "code": "fish" },
				{ "weight": 0.7, "code": "insect" },
				{ "weight": 0.9, "code": "meat" }
			]
		},
			"*-canis-lupastor":{
			"weightedFoodTags": [
				{ "weight": 1, "code": "egg" },
				{ "weight": 0.7, "code": "insect" },
				{ "weight": 0.9, "code": "meat" }
			]
		},
			"*-canis-lycaon":{
			"foodCategories": ["Fruit"],
			"weightedFoodTags": [
				{ "weight": 1, "code": "egg" },
				{ "weight": 0.1, "code": "fruit" },
				{ "weight": 0.1, "code": "fruitmash" },
				{ "weight": 0.9, "code": "meat" },
				{ "weight": 0.1, "code": "sweetBerryBush" }
			]
		},
			"*-canis-rufus":{
			"weightedFoodTags": [
				{ "weight": 1, "code": "egg" },
				{ "weight": 0.6, "code": "fish" },
				{ "weight": 0.7, "code": "insect" },
				{ "weight": 0.9, "code": "meat" }
			]
		},
			"*-canis-simensis":{
			"weightedFoodTags": [
				{ "weight": 1, "code": "egg" },
				{ "weight": 0.1, "code": "grass" },
				{ "weight": 0.9, "code": "meat" }
			]
		},
			"*-cuon*":{
			"foodCategories": ["Vegetable"],
			"weightedFoodTags": [
				{ "weight": 1, "code": "egg" },
				{ "weight": 0.6, "code": "fish" },
				{ "weight": 0.1, "code": "fruit" },
				{ "weight": 0.1, "code": "fruitmash" },
				{ "weight": 0.1, "code": "grass" },
				{ "weight": 0.7, "code": "insect" },
				{ "weight": 0.9, "code": "meat" },
				{ "weight": 0.1, "code": "nibbleCrop" },
				{ "weight": 0.1, "code": "sweetBerryBush" },
				{ "weight": 0.1, "code": "tastyvegetable" }
			]
		},
			"*-cynotherium*":{
			"foodCategories": ["Vegetable"],
			"weightedFoodTags": [
				{ "weight": 1, "code": "egg" },
				{ "weight": 0.6, "code": "fish" },
				{ "weight": 0.1, "code": "fruit" },
				{ "weight": 0.1, "code": "fruitmash" },
				{ "weight": 0.1, "code": "grass" },
				{ "weight": 0.7, "code": "insect" },
				{ "weight": 0.9, "code": "meat" },
				{ "weight": 0.1, "code": "nibbleCrop" },
				{ "weight": 0.1, "code": "sweetBerryBush" },
				{ "weight": 0.1, "code": "tastyvegetable" }
			]
		},
			"*-lupulella*":{
			"weightedFoodTags": [
				{ "weight": 1, "code": "egg" },
				{ "weight": 0.6, "code": "fish" },
				{ "weight": 0.1, "code": "fruit" },
				{ "weight": 0.1, "code": "fruitmash" },
				{ "weight": 0.7, "code": "insect" },
				{ "weight": 0.9, "code": "meat" },
				{ "weight": 0.1, "code": "sweetBerryBush" }
			]
		},
			"*":{
			"weightedFoodTags": [
				{ "weight": 0.9, "code": "meat" },
				{ "weight": 1, "code": "egg" }
			]
		}},
		"handbook": {"groupcode": "creaturegroup-canina"}},
	"drops": [],
	"client": {
		"renderer": "Shape",
		"shapeByType": {
			"*-aenocyon-dirus": { "base": "entity/animal/mammal/canina/lupus-baby" },
		"*-canis-aureus": { "base": "entity/animal/mammal/canina/lupus-baby" },
		"*-canis-familiaris": { "base": "entity/animal/mammal/canina/lupus-baby" },
		"*-canis-latrans": { "base": "entity/animal/mammal/canina/lupus-baby" },
		"*-canis-lupastor": { "base": "entity/animal/mammal/canina/lupus-baby" },
		"*-canis-lupus": { "base": "entity/animal/mammal/canina/lupus-baby" },
		"*-canis-lupusarctos": { "base": "entity/animal/mammal/canina/lupus-baby" },
		"*-canis-lupusdingo": { "base": "entity/animal/mammal/canina/lupus-baby" },
		"*-canis-lycaon": { "base": "entity/animal/mammal/canina/lupus-baby" },
		"*-canis-rufus": { "base": "entity/animal/mammal/canina/lupus-baby" },
		"*-canis-simensis": { "base": "entity/animal/mammal/canina/lupus-baby" },
		"*-cuon-alpinus": { "base": "entity/animal/mammal/canina/lupus-baby" },
		"*-cynotherium-sardous": { "base": "entity/animal/mammal/canina/lupus-baby" },
		"*-lupulella-adusta": { "base": "entity/animal/mammal/canina/lupus-baby" },
		"*-lupulella-mesomelas": { "base": "entity/animal/mammal/canina/lupus-baby" },
		"*-lycaon-pictus": { "base": "entity/animal/mammal/canina/lupus-baby" }
		},
		"textureByType": {
			"*-aenocyon-dirus": { "base": "entity/animal/mammal/aenocyon/dirus-baby" },
			"*-canis-aureus": { "base": "entity/animal/mammal/canis/aureus-baby" },
			"*-canis-familiaris": { "base": "entity/animal/mammal/canis/latrans-baby"}, 
			"*-canis-latrans": { "base": "entity/animal/mammal/canis/latrans-baby" },
			"*-canis-lupastor": { "base": "entity/animal/mammal/canis/aureus-baby" },
			"*-canis-lupus": { "base": "entity/animal/mammal/canis/latrans-baby" },
			"*-canis-lupusarctos": { "base": "entity/animal/mammal/canis/lupusarctos-baby" },
			"*-canis-lupusdingo": { "base": "entity/animal/mammal/canis/lupusdingo-baby" },
			"*-canis-lycaon": { "base": "entity/animal/mammal/canis/latrans-baby" },
			"*-canis-rufus": { "base": "entity/animal/mammal/canis/latrans-baby" },
			"*-canis-simensis": { "base": "entity/animal/mammal/canis/simensis-baby" },
			"*-cuon-alpinus": { "base": "entity/animal/mammal/canis/simensis-baby" },
			"*-cynotherium-sardous": { "base": "entity/animal/mammal/canis/lupusdingo-baby" },
			"*-lupulella-adusta": { "base": "entity/animal/mammal/aenocyon/dirus-baby" },
			"*-lupulella-mesomelas": { "base": "entity/animal/mammal/aenocyon/dirus-baby" },
			"*-lycaon-pictus": { "base": "entity/animal/mammal/lycaon/pictus-baby" }
		},
		"sizeByType": {
		"*-aenocyon-dirus": 0.5,
		"*-canis-aureus": 0.25,
		"*-canis-familiaris": 0.5,
		"*-canis-latrans": 0.3,
		"*-canis-lupastor": 0.25,
		"*-canis-lupus": 0.5,
		"*-canis-lupusarctos": 0.5,
		"*-canis-lupusdingo": 0.3,
		"*-canis-lycaon": 0.45,
		"*-canis-rufus": 0.3,
		"*-canis-simensis": 0.3,
		"*-cuon-alpinus": 0.25,
		"*-cynotherium-sardous": 0.25,
		"*-lupulella-adusta": 0.25,
		"*-lupulella-mesomelas": 0.25,
		"*-lycaon-pictus": 0.5
		},
		"sizeGrowthFactor": 0.2,
		"behaviors": [
			{"code": "repulseagents" },
			{"code": "controlledphysics","stepHeight": 1.1251},
			{"code": "floatupwhenstuck","onlyWhenDead": true},
			{"code": "interpolateposition" },
			{"code": "harvestable","quantitySlots": 8},{"code": "despawn","minPlayerDistance": 8,"belowLightLevel": 8,"minSeconds": 300},
			{"code": "ropetieable","minGeneration": 1}
		],
		"animations": [
			{"code": "hurt","animation": "Hurt","animationSpeed": 2.2,"weight": 10,"blendMode": "AddAverage"},
			{"code": "die","animation": "Death","animationSpeed": 1.25,"weight": 10,"blendMode": "Average","triggeredBy": { "onControls": [ "dead" ] }},
			{"code": "idle","animation": "Idle","blendMode": "AddAverage","easeOutSpeed": 4,"triggeredBy": { "defaultAnim": true }},
			{"code": "sleep","animation": "Sleep","easeInSpeed": 4,"easeOutSpeed": 4,"blendMode": "Average"},
			{"code": "sit","animation": "Sit","easeInSpeed": 4,"easeOutSpeed": 4,"blendMode": "Average"},
			{"code": "lie","animation": "Lie","easeInSpeed": 4,"easeOutSpeed": 4,"blendMode": "Average"},
			{"code": "swim","animation": "Swim","supressDefaultAnimation": true,"blendMode": "Average"},
			{"code": "walk","animation": "Walk","supressDefaultAnimation": true,"blendMode": "Average"},
			{"code": "trot","animation": "Trot","supressDefaultAnimation": true,"blendMode": "Average"},
			{"code": "canter","animation": "Canter","supressDefaultAnimation": true,"blendMode": "Average"},
			{"code": "gallop","animation": "Gallop","supressDefaultAnimation": true,"blendMode": "Average"}
		]
	},
	"server": {
		"attributes": {
			"pathfinder": {
				"minTurnAnglePerSec": 90,
				"maxTurnAnglePerSec": 270
			}
		},
		"behaviors": [
			{ "code": "repulseagents" },
			{"code": "controlledphysics","stepHeight": 1.1251},
			{"code": "despawn","minPlayerDistance": 8,"belowLightLevel": 8,"minSeconds": 300},
			{"code": "health",
				"maxhealthByType": {
				"*-aenocyon-dirus": 5,
				"*-canis-aureus": 3,
				"*-canis-familiaris": 4,
				"*-canis-latrans": 3,
				"*-canis-lupastor": 3,
				"*-canis-lupus": 4,
				"*-canis-lupusarctos": 4,
				"*-canis-lupusdingo": 3,
				"*-canis-lycaon": 4,
				"*-canis-rufus": 4,
				"*-canis-simensis": 3,
				"*-cuon-alpinus": 3,
				"*-cynotherium-sardous": 3,
				"*-lupulella-adusta": 3,
				"*-lupulella-mesomelas": 3,
				"*-lycaon-pictus":3
				}
			},
			{"code": "deaddecay",
				"hoursToDecay": 96,
				"decayedBlockByType": {
				"*-canina-*": "carcass-tiny"
				}
			},
			{"code": "floatupwhenstuck","onlyWhenDead": true},
			{"code": "harvestable",
				"quantitySlots": 8,
				"drops": [
					{
						"type": "item",
						"code": "caninae:pelt-raw-canina-baby-{genus}-{species}",
						"quantityByType": {
							"*": { "offset": 1, "avg": 0, "var": 0 }
						}
					}
				]
			},
			{"code": "breathe" },
			{"code": "emotionstates",
				"states": [
					{"code": "fleeondamage","duration": 120,"chance": 1,"slot": 2,"priority": 5,"accumType": "max","whenHealthRelBelow": 0.99},
					{"code": "fleeondamage","duration": 60,"chance": 1,"slot": 2,"priority": 1,"accumType": "max"},
					{"code": "alarmherdondamage","chance": 1,"slot": 1,"priority": 1,"accumType": "max"},
					{"code": "saturated","duration": 1440,"chance": 1,"slot": 0,"priority": 1,"accumType": "sum"}
				]
			},
			{"code": "grow",
				"hoursToGrowByType": {
					"*-aenocyon-dirus": 525,
					"*-canis-aureus": 160,
					"*-canis-familiaris": 345,
					"*-canis-latrans": 116,
					"*-canis-lupastor": 160,
					"*-canis-lupus": 525,
					"*-canis-lupusarctos": 525,
					"*-canis-lupusdingo": 345,
					"*-canis-lycaon": 345,
					"*-canis-rufus": 345,
					"*-canis-simensis": 345,
					"*-cuon-alpinus": 116,
					"*-cynotherium-sardous": 116,
					"*-lupulella-adusta": 160,
					"*-lupulella-mesomelas": 160,
					"*-lycaon-pictus": 345
				},
				"orPortionsEatenForGrowingByType": {"*-lupus": 7,"*-familiaris": 7},
				"fedAdultEntityCodesByType": {
					"*-lupus": ["caninae:caninae-canina-adult-{gender}-{genus}-{species}-semitamed"],
					"*-familiaris": ["caninae:caninae-canina-adult-{gender}-{genus}-{species}-semitamed"]
				},
				"adultEntityCodesByType": {"*-familiaris": [ "caninae:caninae-canina-adult-{gender}-{genus}-{species}-semitamed" ],"*": [ "caninae:caninae-canina-adult-{gender}-{genus}-{species}" ]}
			},
			{
				"code": "taskai",
				"aiCreatureType": "LandCreature",
				"aitasks": [
					//-------------------------Movement Speed tests-------------------------//
						//wandering run at any time
					{
						"code": "wander-r",
						"enabled":  false,
						"priority": 10.8,
						"priorityForCancel": 12.0,
						"animation": "Gallop",
						"mindurationMs": 80000,
						"movespeedByType": {
							"*-aenocyon-dirus": 0.03,
							"*-canis-aureus":0.015,
							"*-canis-familiaris":0.03,
							"*-canis-latrans":0.018,
							"*-canis-lupastor":0.015,
							"*-canis-lupus":0.032,
							"*-canis-lupusarctos":0.032,
							"*-canis-lupusdingo":0.018,
							"*-canis-lycaon":0.03,
							"*-canis-rufus":0.02,
							"*-canis-simensis":0.02,
							"*-cuon-alpinus":0.015,
							"*-cynotherium-sardous":0.015,
							"*-lupulella-adusta":0.015,
							"*-lupulella-mesomelas":0.015,
							"*-lycaon-pictus":0.024
						},
						"animationSpeed": 2,
						"stopOnHurt": true,
						"whenSwimming": false,
						"DontExecuteIfRecentlyAttacked": true,
						"tagsAppliedToEntity": ["state-moving"],
						"whenNotInEmotionState": ["aggressiveondamage","fleeondamage"]
					},
						//wandering canter at any time
					{
						"code": "wander-r",
						"enabled":  false,
						"priority": 10.8,
						"priorityForCancel": 12.0,
						"animation": "Canter",
						"mindurationMs": 80000,
						"movespeedByType": {
							"*-aenocyon-dirus": 0.015,
							"*-canis-aureus":0.0075,
							"*-canis-familiaris":0.015,
							"*-canis-latrans":0.009,
							"*-canis-lupastor":0.0075,
							"*-canis-lupus":0.016,
							"*-canis-lupusarctos":0.016,
							"*-canis-lupusdingo":0.009,
							"*-canis-lycaon":0.015,
							"*-canis-rufus":0.01,
							"*-canis-simensis":0.01,
							"*-cuon-alpinus":0.0075,
							"*-cynotherium-sardous":0.0075,
							"*-lupulella-adusta":0.0075,
							"*-lupulella-mesomelas":0.0075,
							"*-lycaon-pictus":0.012
						},
						"animationSpeed": 2,
						"stopOnHurt": true,
						"whenSwimming": false,
						"DontExecuteIfRecentlyAttacked": true,
						"tagsAppliedToEntity": ["state-moving"],
						"whenNotInEmotionState": ["aggressiveondamage","fleeondamage"]
					},
						//wandering trot at any time
					{
						"code": "wander-r",
						"enabled":  false,
						"priority": 10.8,
						"priorityForCancel": 12.0,
						"animation": "Trot",
						"mindurationMs": 80000,
						"movespeedByType": {
							"*-aenocyon-dirus": 0.003,
							"*-canis-aureus":0.0015,
							"*-canis-familiaris":0.003,
							"*-canis-latrans":0.0018,
							"*-canis-lupastor":0.0015,
							"*-canis-lupus":0.0032,
							"*-canis-lupusarctos":0.0032,
							"*-canis-lupusdingo":0.0018,
							"*-canis-lycaon":0.003,
							"*-canis-rufus":0.002,
							"*-canis-simensis":0.002,
							"*-cuon-alpinus":0.0015,
							"*-cynotherium-sardous":0.0015,
							"*-lupulella-adusta":0.0015,
							"*-lupulella-mesomelas":0.0015,
							"*-lycaon-pictus":0.0024
						},
						"animationSpeed": 2,
						"stopOnHurt": true,
						"whenSwimming": false,
						"DontExecuteIfRecentlyAttacked": true,
						"tagsAppliedToEntity": ["state-moving"],
						"whenNotInEmotionState": ["aggressiveondamage","fleeondamage"]
					},
						//wandering walk at any time
					{
						"code": "wander-r",
						"enabled":  false,
						"priority": 10.8,
						"priorityForCancel": 12.0,
						"animation": "Walk",
						"mindurationMs": 80000,
						"movespeedByType": {
							"*-aenocyon-dirus": 0.0015,
							"*-canis-aureus":0.00075,
							"*-canis-familiaris":0.0015,
							"*-canis-latrans":0.0009,
							"*-canis-lupastor":0.00075,
							"*-canis-lupus":0.0016,
							"*-canis-lupusarctos":0.0016,
							"*-canis-lupusdingo":0.0009,
							"*-canis-lycaon":0.0015,
							"*-canis-rufus":0.001,
							"*-canis-simensis":0.001,
							"*-cuon-alpinus":0.00075,
							"*-cynotherium-sardous":0.00075,
							"*-lupulella-adusta":0.00075,
							"*-lupulella-mesomelas":0.00075,
							"*-lycaon-pictus":0.0012
						},
						"animationSpeed": 1,
						"stopOnHurt": true,
						"whenSwimming": false,
						"DontExecuteIfRecentlyAttacked": true,
						"tagsAppliedToEntity": ["state-moving"],
						"whenNotInEmotionState": ["aggressiveondamage","fleeondamage"]
					},
					//-------------------------Leave Deadly Conditions-------------------------//
						//fleeing when injured
					{
						"code": "fleeentity",
						"priority": 9.41,
						"priorityForCancel": 9.41,
						"animation": "Gallop",
						"entityCodes": [],
						"skipEntityTags": [["carcass","egg","nest","state-burrowed","state-sneaking"]],
						"targetLightLevels": [3, 16, 22, 28],
						"movespeedByType": {
							"*-aenocyon-dirus": 0.03,
							"*-canis-aureus":0.015,
							"*-canis-familiaris":0.03,
							"*-canis-latrans":0.018,
							"*-canis-lupastor":0.015,
							"*-canis-lupus":0.032,
							"*-canis-lupusarctos":0.032,
							"*-canis-lupusdingo":0.018,
							"*-canis-lycaon":0.03,
							"*-canis-rufus":0.02,
							"*-canis-simensis":0.02,
							"*-cuon-alpinus":0.015,
							"*-cynotherium-sardous":0.015,
							"*-lupulella-adusta":0.015,
							"*-lupulella-mesomelas":0.015,
							"*-lycaon-pictus":0.024
						},
						"animationSpeed": 2,
						"seekingRange": 20,
						"fleeingDistance" : 50,
						"fleeDurationWhenTargetLost": 20000,
						"whenInEmotionState": "fleeondamage",
						"tagsAppliedToEntity": ["state-moving","state-sprinting"],
						"whenSwimming": false

					},
						//fleeing when injured in water
					{
						"code": "fleeentity-r",
						"priority": 9.41,
						"priorityForCancel": 9.41,
						"animation": "Swim",
						"entityCodes": [],
						"targetLightLevels": [3, 16, 22, 28],
						"movespeedByType": {
							"*-aenocyon-dirus": 0.06,
							"*-canis-aureus": 0.03,
							"*-canis-familiaris":0.06,
							"*-canis-latrans":0.035,
							"*-canis-lupastor":0.024,
							"*-canis-lupus":0.06,
							"*-canis-lupusarctos":0.06,
							"*-canis-lupusdingo":0.035,
							"*-canis-lycaon":0.054,
							"*-canis-rufus":0.045,
							"*-canis-simensis":0.035,
							"*-cuon-alpinus":0.03,
							"*-cynotherium-sardous":0.027,
							"*-lupulella-adusta": 0.03,
							"*-lupulella-mesomelas": 0.03,
							"*-lycaon-pictus": 0.054
						},
						"animationSpeed": 1,
						"seekingRange": 120,
						"fleeingDistance" : 180,
						"fleeDurationWhenTargetLost": 60000,
						"whenSwimming": true,
						"whenInEmotionState": ["fleeondamage"],
						"tagsAppliedToEntity": ["state-feet-in-liquid","state-moving","state-swimming"]

					},
						//fleeing when injured slower to finish flee on damage emotion state
					{
						"code": "fleeentity",
						"priority": 9.4,
						"priorityForCancel": 9.4,
						"animation": "Canter",
						"entityCodes": [],
						"skipEntityTags": [["carcass","egg","nest","state-burrowed","state-sneaking"]],
						"targetLightLevels": [3, 16, 22, 28],
						"movespeedByType": {
							"*-aenocyon-dirus": 0.015,
							"*-canis-aureus":0.0075,
							"*-canis-familiaris":0.015,
							"*-canis-latrans":0.009,
							"*-canis-lupastor":0.0075,
							"*-canis-lupus":0.016,
							"*-canis-lupusarctos":0.016,
							"*-canis-lupusdingo":0.009,
							"*-canis-lycaon":0.015,
							"*-canis-rufus":0.01,
							"*-canis-simensis":0.01,
							"*-cuon-alpinus":0.0075,
							"*-cynotherium-sardous":0.0075,
							"*-lupulella-adusta":0.0075,
							"*-lupulella-mesomelas":0.0075,
							"*-lycaon-pictus":0.012
						},
						"animationSpeed": 2,
						"seekingRange": 120,
						"fleeingDistance" : 180,
						"fleeDurationWhenTargetLost": 60000,
						"whenInEmotionState": "fleeondamage",
						"tagsAppliedToEntity": ["state-moving","state-sprinting"],
						"whenSwimming": false
					},
					//-------------------------Avoid Dangerous Entities-------------------------//
						//fleeing due to dangerous threat display
					{
						"code": "fleeentity",
						"priority": 5.8,
						"priorityForCancel": 6.0,
						"animation": "Canter",
						"minTargetWeight": 0.01,
						"maxTargetWeight": 1,
						"entityTags": [["predator","huntable"],["venomous","ferocious","defended","state-armed","has-open-fire"]],
						"skipEntityTags": [["carcass","egg","nest","state-burrowed","state-sneaking","caninatag"]],
						"skipEntityCodes": ["caninae-canina-adult-female-{genus}-{species}","caninae-canina-adult-male-{genus}-{species}","caninae-canina-baby-female-{genus}-{species}","caninae-canina-baby-male-{genus}-{species}"],
						"targetLightLevels": [1, 14, 22, 28],
						"movespeedByType": {
							"*-aenocyon-dirus": 0.015,
							"*-canis-aureus":0.0075,
							"*-canis-familiaris":0.015,
							"*-canis-latrans":0.009,
							"*-canis-lupastor":0.0075,
							"*-canis-lupus":0.016,
							"*-canis-lupusarctos":0.016,
							"*-canis-lupusdingo":0.009,
							"*-canis-lycaon":0.015,
							"*-canis-rufus":0.01,
							"*-canis-simensis":0.01,
							"*-cuon-alpinus":0.0075,
							"*-cynotherium-sardous":0.0075,
							"*-lupulella-adusta":0.0075,
							"*-lupulella-mesomelas":0.0075,
							"*-lycaon-pictus":0.012
						},
						"animationSpeed": 2,
						"seekingRange": 6,
						"fleeingDistance" : 50,
						"fleeDurationWhenTargetLost": 20000,
						"tagsAppliedToEntity": ["ferocious","state-moving","state-sprinting"],
						"whenSwimming": false,
						"whenNotInEmotionState": "aggressiveondamage|fleeondamage"

					},
						//fleeing due to passive threat display
					{
						"code": "fleeentity",
						"priority": 5.8,
						"priorityForCancel": 6.0,
						"animation": "Trot",
						"minTargetWeight": 0.01,
						"maxTargetWeight": 1,
						"entityTags": [["huntable"],["prickly","defended","shelled","state-armed","has-open-fire"]],
						"skipEntityTags": [["carcass","egg","nest","state-burrowed","state-sneaking","caninatag"]],
						"skipEntityCodes": ["caninae-canina-adult-female-{genus}-{species}","caninae-canina-adult-male-{genus}-{species}","caninae-canina-baby-female-{genus}-{species}","caninae-canina-baby-male-{genus}-{species}"],
						"targetLightLevels": [1, 14, 22, 28],
						"movespeedByType": {
							"*-aenocyon-dirus": 0.003,
							"*-canis-aureus":0.0015,
							"*-canis-familiaris":0.003,
							"*-canis-latrans":0.0018,
							"*-canis-lupastor":0.0015,
							"*-canis-lupus":0.0032,
							"*-canis-lupusarctos":0.0032,
							"*-canis-lupusdingo":0.0018,
							"*-canis-lycaon":0.003,
							"*-canis-rufus":0.002,
							"*-canis-simensis":0.002,
							"*-cuon-alpinus":0.0015,
							"*-cynotherium-sardous":0.0015,
							"*-lupulella-adusta":0.0015,
							"*-lupulella-mesomelas":0.0015,
							"*-lycaon-pictus":0.0024
						},
						"animationSpeed": 2,
						"seekingRange": 6,
						"fleeingDistance" : 16,
						"fleeDurationWhenTargetLost": 20000,
						"tagsAppliedToEntity": ["ferocious","state-moving","state-sprinting"],
						"whenSwimming": false,
						"whenNotInEmotionState": "aggressiveondamage|fleeondamage"
					},
						//dart away from projectiles/vehicles
					{
						"code": "fleeentity",
						"priority": 5.6,
						"priorityForCancel": 6.0,
						"animation": "Canter",
						"entityTags": [["projectile","vehicle"]],
						"targetLightLevels": [1, 14, 22, 28],
						"movespeedByType": {
							"*-aenocyon-dirus": 0.015,
							"*-canis-aureus":0.0075,
							"*-canis-familiaris":0.015,
							"*-canis-latrans":0.009,
							"*-canis-lupastor":0.0075,
							"*-canis-lupus":0.016,
							"*-canis-lupusarctos":0.016,
							"*-canis-lupusdingo":0.009,
							"*-canis-lycaon":0.015,
							"*-canis-rufus":0.01,
							"*-canis-simensis":0.01,
							"*-cuon-alpinus":0.0075,
							"*-cynotherium-sardous":0.0075,
							"*-lupulella-adusta":0.0075,
							"*-lupulella-mesomelas":0.0075,
							"*-lycaon-pictus":0.012
						},
						"animationSpeed": 2,
						"soundByType": {"*":"game:creature/wolf/pup-flop"},
						"fleeDurationMS": 500,
						"seekingRange": 5,
						"fleeingDistance": 2,
						"stopOnHurt": true,
						"whenSwimming": false,
						"tagsAppliedToEntity": ["state-moving","state-sprinting"]
					},
						//avoid dangerous entities at close range
					{
						"code": "fleeentity",
						"priority": 5.6,
						"priorityForCancel": 6.0,
						"animation": "Canter",
						"minTargetWeight": 0.125,
						"maxTargetWeight": 999,
						"entityTags": [["ferocious","mechanical","predator","rust-creature","swarm","venomous"]],
						"skipEntityTags": [["carcass","nest","state-burrowed","state-sneaking","caninatag"]],
						"skipEntityCodes": ["caninae-canina-adult-female-{genus}-{species}","caninae-canina-adult-male-{genus}-{species}","caninae-canina-baby-female-{genus}-{species}","caninae-canina-baby-male-{genus}-{species}"],
						"targetLightLevels": [1, 14, 22, 28],
						"movespeedByType": {
							"*-aenocyon-dirus": 0.015,
							"*-canis-aureus":0.0075,
							"*-canis-familiaris":0.015,
							"*-canis-latrans":0.009,
							"*-canis-lupastor":0.0075,
							"*-canis-lupus":0.016,
							"*-canis-lupusarctos":0.016,
							"*-canis-lupusdingo":0.009,
							"*-canis-lycaon":0.015,
							"*-canis-rufus":0.01,
							"*-canis-simensis":0.01,
							"*-cuon-alpinus":0.0075,
							"*-cynotherium-sardous":0.0075,
							"*-lupulella-adusta":0.0075,
							"*-lupulella-mesomelas":0.0075,
							"*-lycaon-pictus":0.012
						},
						"animationSpeed": 2,
						"fleeDurationWhenTargetLost": 20000,
						"seekingRange": 10,
						"fleeingDistance": 40,
						"stopOnHurt": true,
						"whenSwimming": false,
						"tagsAppliedToEntity": ["state-moving","state-sprinting"]
					},
						//avoid dangerous entities at close range
					{
						"code": "fleeentity",
						"priority": 5.6,
						"priorityForCancel": 6.0,
						"animation": "Canter",
						"entityTags": [["boss","mechanical","rust-creature","swarm","venomous"]],
						"skipEntityTags": [["state-burrowed","state-sneaking"]],
						"targetLightLevels": [1, 14, 22, 28],
						"movespeedByType": {
							"*-aenocyon-dirus": 0.015,
							"*-canis-aureus":0.0075,
							"*-canis-familiaris":0.015,
							"*-canis-latrans":0.009,
							"*-canis-lupastor":0.0075,
							"*-canis-lupus":0.016,
							"*-canis-lupusarctos":0.016,
							"*-canis-lupusdingo":0.009,
							"*-canis-lycaon":0.015,
							"*-canis-rufus":0.01,
							"*-canis-simensis":0.01,
							"*-cuon-alpinus":0.0075,
							"*-cynotherium-sardous":0.0075,
							"*-lupulella-adusta":0.0075,
							"*-lupulella-mesomelas":0.0075,
							"*-lycaon-pictus":0.012
						},
						"animationSpeed": 2,
						"fleeDurationWhenTargetLost": 20000,
						"seekingRange": 10,
						"fleeingDistance": 40,
						"stopOnHurt": true,
						"whenSwimming": false,
						"tagsAppliedToEntity": ["state-moving","state-sprinting"]
					},
						//avoid large dangerous entities at mid range
					{
						"code": "fleeentity",
						"priority": 5.2,
						"priorityForCancel": 5.4,
						"animation": "Trot",
						"minTargetWeight": 5,
						"maxTargetWeight": 9999,
						"entityTags": [["ferocious","boss","huntable","mechanical","predator","rust-creature","has-open-fire"]],
						"skipEntityCodes": ["caninae-canina-adult-female-{genus}-{species}","caninae-canina-adult-male-{genus}-{species}","caninae-canina-baby-female-{genus}-{species}","caninae-canina-baby-male-{genus}-{species}"],
						"skipEntityTags": [["state-burrowed","state-sneaking","caninatag"]],
						"targetLightLevels": [1, 14, 22, 28],
						"movespeedByType": {
							"*-aenocyon-dirus": 0.003,
							"*-canis-aureus":0.0015,
							"*-canis-familiaris":0.003,
							"*-canis-latrans":0.0018,
							"*-canis-lupastor":0.0015,
							"*-canis-lupus":0.0032,
							"*-canis-lupusarctos":0.0032,
							"*-canis-lupusdingo":0.0018,
							"*-canis-lycaon":0.003,
							"*-canis-rufus":0.002,
							"*-canis-simensis":0.002,
							"*-cuon-alpinus":0.0015,
							"*-cynotherium-sardous":0.0015,
							"*-lupulella-adusta":0.0015,
							"*-lupulella-mesomelas":0.0015,
							"*-lycaon-pictus":0.0024
						},
						"animationSpeed": 2,
						"fleeDurationWhenTargetLost": 10000,
						"seekingRange": 15,
						"fleeingDistance": 40,
						"stopOnHurt": true,
						"whenSwimming": false,
						"tagsAppliedToEntity": ["state-moving"]
					},
						//avoid large dangerous entities at long range
					{
						"code": "fleeentity",
						"priority": 5.0,
						"priorityForCancel": 5.2,
						"animation": "Trot",
						"minTargetWeight": 1,
						"entityTags": [["boss","rust-creature"]],
						"skipEntityTags": [["state-burrowed","state-sneaking","caninatag"]],
						"targetLightLevels": [1, 14, 22, 28],
						"movespeedByType": {
							"*-aenocyon-dirus": 0.003,
							"*-canis-aureus":0.0015,
							"*-canis-familiaris":0.003,
							"*-canis-latrans":0.0018,
							"*-canis-lupastor":0.0015,
							"*-canis-lupus":0.0032,
							"*-canis-lupusarctos":0.0032,
							"*-canis-lupusdingo":0.0018,
							"*-canis-lycaon":0.003,
							"*-canis-rufus":0.002,
							"*-canis-simensis":0.002,
							"*-cuon-alpinus":0.0015,
							"*-cynotherium-sardous":0.0015,
							"*-lupulella-adusta":0.0015,
							"*-lupulella-mesomelas":0.0015,
							"*-lycaon-pictus":0.0024
						},
						"animationSpeed": 2,
						"stopOnHurt": true,
						"whenSwimming": false,
						"seekingRange": 50,
						"fleeingDistance": 60,
						"tagsAppliedToEntity": ["state-moving"]
					},
						//avoid large entities when not hungry
					{
						"code": "fleeentity",
						"priority": 5.0,
						"priorityForCancel": 5.2,
						"animation": "Trot",
						"minTargetWeight": 1,
						"maxTargetWeight": 99999,
						"entityTags": [["animal","humanoid","huntable"]],
						"skipEntityTags": [["carcass","nest","state-burrowed","state-sneaking","caninatag"]],
						"skipEntityCodes": ["caninae-canina-adult-female-{genus}-{species}","caninae-canina-adult-male-{genus}-{species}","caninae-canina-baby-female-{genus}-{species}","caninae-canina-baby-male-{genus}-{species}"],
						"targetLightLevels": [1, 14, 22, 28],
						"movespeedByType": {
							"*-aenocyon-dirus": 0.003,
							"*-canis-aureus":0.0015,
							"*-canis-familiaris":0.003,
							"*-canis-latrans":0.0018,
							"*-canis-lupastor":0.0015,
							"*-canis-lupus":0.0032,
							"*-canis-lupusarctos":0.0032,
							"*-canis-lupusdingo":0.0018,
							"*-canis-lycaon":0.003,
							"*-canis-rufus":0.002,
							"*-canis-simensis":0.002,
							"*-cuon-alpinus":0.0015,
							"*-cynotherium-sardous":0.0015,
							"*-lupulella-adusta":0.0015,
							"*-lupulella-mesomelas":0.0015,
							"*-lycaon-pictus":0.0024
						},
						"animationSpeed": 2,
						"stopOnHurt": true,
						"whenSwimming": false,
						"seekingRange": 10,
						"fleeingDistance": 60,
						"tagsAppliedToEntity": ["state-moving"],
						"whenNotInEmotionState": "saturated"
					},
						//avoid giant entities at long range
					{
						"code": "fleeentity",
						"priority": 5.0,
						"priorityForCancel": 5.2,
						"animation": "Trot",
						"minTargetWeight": 10,
						"entityTags": [["animal","humanoid","huntable"]],
						"skipEntityTags": [["carcass","nest","state-burrowed","state-sneaking","caninatag"]],
						"skipEntityCodes": ["caninae-canina-adult-female-{genus}-{species}","caninae-canina-adult-male-{genus}-{species}","caninae-canina-baby-female-{genus}-{species}","caninae-canina-baby-male-{genus}-{species}"],
						"targetLightLevels": [1, 14, 22, 28],
						"movespeedByType": {
							"*-aenocyon-dirus": 0.003,
							"*-canis-aureus":0.0015,
							"*-canis-familiaris":0.003,
							"*-canis-latrans":0.0018,
							"*-canis-lupastor":0.0015,
							"*-canis-lupus":0.0032,
							"*-canis-lupusarctos":0.0032,
							"*-canis-lupusdingo":0.0018,
							"*-canis-lycaon":0.003,
							"*-canis-rufus":0.002,
							"*-canis-simensis":0.002,
							"*-cuon-alpinus":0.0015,
							"*-cynotherium-sardous":0.0015,
							"*-lupulella-adusta":0.0015,
							"*-lupulella-mesomelas":0.0015,
							"*-lycaon-pictus":0.0024
						},
						"animationSpeed": 2,
						"soundByType": {"*":"game:creature/wolf/pup-flop"},
						"soundVolume": 0.5,
						"soundRangeByType": {"*": 20},
						"stopOnHurt": true,
						"whenSwimming": false,
						"seekingRange": 20,
						"fleeingDistance": 60,
						"tagsAppliedToEntity": ["state-moving"]
					},
					//-------------------------Food Seeking-------------------------//
						//if hungry eat favorite foods from POI
					{
						"code": "seekfoodandeat",
						"priority": 4.7,
						"priorityForCancel": 5.0,
						"animation": "Trot",
						"eatAnimation": "Eat",
						"eatAnimationLooseItems": "Eat",
						"movespeedByType": {
							"*-aenocyon-dirus": 0.003,
							"*-canis-aureus":0.0015,
							"*-canis-familiaris":0.003,
							"*-canis-latrans":0.0018,
							"*-canis-lupastor":0.0015,
							"*-canis-lupus":0.0032,
							"*-canis-lupusarctos":0.0032,
							"*-canis-lupusdingo":0.0018,
							"*-canis-lycaon":0.003,
							"*-canis-rufus":0.002,
							"*-canis-simensis":0.002,
							"*-cuon-alpinus":0.0015,
							"*-cynotherium-sardous":0.0015,
							"*-lupulella-adusta":0.0015,
							"*-lupulella-mesomelas":0.0015,
							"*-lycaon-pictus":0.0024
						},
						"animationSpeed": 2,
						"minduration": 4000,
						"maxduration": 4000,
						"eatTime": 2,
						"eatLooseItems": true,
						"eatSound" : "game:creature/animal-eat1",
						"stopOnHurt": true,
						"whenSwimming": false,
						"tagsAppliedToEntity": ["state-moving"],
						"whenNotInEmotionState": "aggressiveondamage|fleeondamage"
					},
					//-------------------------Leave Hazardous condtions-------------------------//
						//getting out of water
					{
						"code": "getoutofwater",
						"priority": 3.61,
						"priorityForCancel": 5.0,
						"animation": "Swim",
						"movespeedByType": {
							"*-aenocyon-dirus": 0.06,
							"*-canis-aureus": 0.03,
							"*-canis-familiaris":0.06,
							"*-canis-latrans":0.035,
							"*-canis-lupastor":0.024,
							"*-canis-lupus":0.06,
							"*-canis-lupusarctos":0.06,
							"*-canis-lupusdingo":0.035,
							"*-canis-lycaon":0.054,
							"*-canis-rufus":0.045,
							"*-canis-simensis":0.035,
							"*-cuon-alpinus":0.03,
							"*-cynotherium-sardous":0.027,
							"*-lupulella-adusta": 0.03,
							"*-lupulella-mesomelas": 0.03,
							"*-lycaon-pictus": 0.054},
						"animationSpeed": 1,
						"rangeSearchAttemptsFactor": 2.5,
						"whenSwimming": true,
						"tagsAppliedToEntity": ["state-moving","state-swimming"]
					},		
						//swim wandering to find the shore			
					{
						"code": "wander-r",
						"priority": 3.6,
						"priorityForCancel": 5.0,
						"animation": "Swim",
						"movespeedByType": {
							"*-aenocyon-dirus": 0.06,
							"*-canis-aureus": 0.03,
							"*-canis-familiaris":0.06,
							"*-canis-latrans":0.035,
							"*-canis-lupastor":0.024,
							"*-canis-lupus":0.06,
							"*-canis-lupusarctos":0.06,
							"*-canis-lupusdingo":0.035,
							"*-canis-lycaon":0.054,
							"*-canis-rufus":0.045,
							"*-canis-simensis":0.035,
							"*-cuon-alpinus":0.03,
							"*-cynotherium-sardous":0.027,
							"*-lupulella-adusta": 0.03,
							"*-lupulella-mesomelas": 0.03,
							"*-lycaon-pictus": 0.054},
						"animationSpeed": 1,
						"stopOnHurt": true,
						"whenSwimming": true,
						"tagsAppliedToEntity": ["state-moving","state-swimming"],
						"whenNotInEmotionState": ["aggressiveondamage","fleeondamage"]
					},	
						//stay close to family night				
					{
						"code": "stayclosetoentity",
						"priority": 3.51,
						"priorityForCancel": 5.0,
						"animation": "Trot",
						"entityCode": "caninae-canina-adult-female-{genus}-{species}",
						"movespeedByType": {
							"*-aenocyon-dirus": 0.003,
							"*-canis-aureus":0.0015,
							"*-canis-familiaris":0.003,
							"*-canis-latrans":0.0018,
							"*-canis-lupastor":0.0015,
							"*-canis-lupus":0.0032,
							"*-canis-lupusarctos":0.0032,
							"*-canis-lupusdingo":0.0018,
							"*-canis-lycaon":0.003,
							"*-canis-rufus":0.002,
							"*-canis-simensis":0.002,
							"*-cuon-alpinus":0.0015,
							"*-cynotherium-sardous":0.0015,
							"*-lupulella-adusta":0.0015,
							"*-lupulella-mesomelas":0.0015,
							"*-lycaon-pictus":0.0024
						},
						"animationSpeed": 2,
						"range": 240,
						"maxDistance": 3,
						"minSeekSeconds": 240, 
						"duringDayTimeFrames": [{"fromHour": 18,"toHour": 24},{"fromHour": 24,"toHour": 6}],
						"soundByType": {"*":"game:creature/wolf/pup-flop"},
						"stopOnHurt": true,
						"whenSwimming": false,
						"tagsAppliedToEntity": ["state-moving"],
						"whenNotInEmotionState": "aggressiveondamage|fleeondamage"
					},	
						//stay close to family day		
					{
						"code": "stayclosetoentity",
						"priority": 3.5,
						"priorityForCancel": 5.0,
						"animation": "Trot",
						"entityCodeByType": {
							"*-female-*": "caninae-canina-baby-male-{genus}-{species}",
							"*-male-*": "caninae-canina-baby-female-{genus}-{species}"
						},
						"movespeedByType": {
							"*-aenocyon-dirus": 0.003,
							"*-canis-aureus":0.0015,
							"*-canis-familiaris":0.003,
							"*-canis-latrans":0.0018,
							"*-canis-lupastor":0.0015,
							"*-canis-lupus":0.0032,
							"*-canis-lupusarctos":0.0032,
							"*-canis-lupusdingo":0.0018,
							"*-canis-lycaon":0.003,
							"*-canis-rufus":0.002,
							"*-canis-simensis":0.002,
							"*-cuon-alpinus":0.0015,
							"*-cynotherium-sardous":0.0015,
							"*-lupulella-adusta":0.0015,
							"*-lupulella-mesomelas":0.0015,
							"*-lycaon-pictus":0.0024
						},
						"animationSpeed": 2,
						"range": 240,
						"maxDistance": 5,
						"minSeekSeconds": 240, 
						"duringDayTimeFrames": [{"fromHour": 6,"toHour": 18}],
						"stopOnHurt": true,
						"whenSwimming": false,
						"DontExecuteIfRecentlyAttacked": true,
						"tagsAppliedToEntity": ["state-moving"],
						"whenNotInEmotionState": "aggressiveondamage|fleeondamage"
					},		
					//-------------------------Domestic Behaviors-------------------------//
						//follow lead holder
					{
						"code": "followleadholder",
						"priority": 2.5,
						"priorityForCancel": 3.0,
						"animation": "Trot",
						"movespeedByType": {
							"*-aenocyon-dirus": 0.003,
							"*-canis-aureus":0.0015,
							"*-canis-familiaris":0.003,
							"*-canis-latrans":0.0018,
							"*-canis-lupastor":0.0015,
							"*-canis-lupus":0.0032,
							"*-canis-lupusarctos":0.0032,
							"*-canis-lupusdingo":0.0018,
							"*-canis-lycaon":0.003,
							"*-canis-rufus":0.002,
							"*-canis-simensis":0.002,
							"*-cuon-alpinus":0.0015,
							"*-cynotherium-sardous":0.0015,
							"*-lupulella-adusta":0.0015,
							"*-lupulella-mesomelas":0.0015,
							"*-lycaon-pictus":0.0024
						},
						"animationSpeed": 2,
						"minGeneration": 2,
						"stopOnHurt": true,
						"tagsAppliedToEntity": ["state-moving"],
						"whenNotInEmotionState": ["aggressiveondamage","fleeondamage"]
					},
					//-------------------------Conditional Down Time-------------------------//
					//sleeping times
					{
						"code": "idle",
						"priority": 1.5,
						"priorityForCancel": 6,
						"animation": "Sleep",
						"minduration": 60000000,
						"maxduration": 480000000,
						"animationSpeed": 0.3,
						"chance": 0.125,
						"duringDayTimeFramesByType": {
							"*-aenocyon-dirus":[{"fromHour": 11,"toHour": 15},{"fromHour": 22,"toHour": 24},{"fromHour": 0,"toHour": 4}],
							"*-canis-aureus":[{"fromHour": 10,"toHour": 13},{"fromHour": 21,"toHour": 24},{"fromHour": 0,"toHour": 5}],
							"*-canis-familiaris":[{"fromHour": 21,"toHour": 24},{"fromHour": 0,"toHour": 9}],
							"*-canis-latrans":[{"fromHour": 22,"toHour": 24},{"fromHour": 0,"toHour": 6},{"fromHour": 12,"toHour": 14}],
							"*-canis-lupastor":[{"fromHour": 11,"toHour": 13},{"fromHour": 20,"toHour": 24},{"fromHour": 0,"toHour": 7}],
							"*-canis-lupus":[{"fromHour": 9,"toHour": 18}],
							"*-canis-lupusarctos":[{"fromHour": 11,"toHour": 14},{"fromHour": 21,"toHour": 24},{"fromHour": 0,"toHour": 4}],
							"*-canis-lupusdingo":[{"fromHour": 22,"toHour": 24},{"fromHour": 0,"toHour": 6},{"fromHour": 12,"toHour": 14}],
							"*-canis-lycaon":[{"fromHour": 10,"toHour": 19}],
							"*-canis-rufus":[{"fromHour": 22,"toHour": 24},{"fromHour": 0,"toHour": 6},{"fromHour": 11,"toHour": 16}],
							"*-canis-simensis":[{"fromHour": 18,"toHour": 24},{"fromHour": 0,"toHour": 6}],
							"*-cuon-alpinus":[{"fromHour": 12,"toHour": 16},{"fromHour": 20,"toHour": 24},{"fromHour": 0,"toHour": 6}],
							"*-cynotherium-sardous":[{"fromHour": 12,"toHour": 16},{"fromHour": 20,"toHour": 24},{"fromHour": 0,"toHour": 6}],
							"*-lupulella-adusta":[{"fromHour": 11,"toHour": 13},{"fromHour": 21,"toHour": 24},{"fromHour": 0,"toHour": 4}],
							"*-lupulella-mesomelas":[{"fromHour": 12,"toHour": 15},{"fromHour": 22,"toHour": 24},{"fromHour": 0,"toHour": 5}],
							"*-lycaon-pictus":[{"fromHour": 16,"toHour": 24},{"fromHour": 0,"toHour": 8}]},
						"stopOnHurt": true,
						"whenSwimming": false,
						"tagsAppliedToEntity": ["state-sneaking"],
						"whenNotInEmotionState": "aggressiveondamage|fleeondamage"
					},
						//calls at specific time of day
					{
						"code": "idle",
						"priority": 1.41,
						"priorityForCancel": 2.0,
						"animation": "Howl",
						"chance": 0.0125,
						"minduration": 2000,
						"maxduration": 20000,
						"animationSpeed": 3,
						"duringDayTimeFramesByType": {
							"*-aenocyon-dirus":[{"fromHour": 19,"toHour": 20}],
							"*-canis-aureus":[{"fromHour": 18,"toHour": 19}],
							"*-canis-familiaris":[{"fromHour": 0,"toHour": 1}],
							"*-canis-latrans":[{"fromHour": 18,"toHour": 22}],
							"*-canis-lupastor":[{"fromHour": 9,"toHour": 10},{"fromHour": 14,"toHour": 15}],
							"*-canis-lupus":[{"fromHour": 22,"toHour": 23}],
							"*-canis-lupusarctos":[{"fromHour": 14,"toHour": 15},{"fromHour": 5,"toHour": 6}],
							"*-canis-lupusdingo":[{"fromHour": 17,"toHour": 18},{"fromHour": 6,"toHour": 7}],
							"*-canis-lycaon":[{"fromHour": 21,"toHour": 22}],
							"*-canis-rufus":[{"fromHour": 20,"toHour": 21}],
							"*-canis-simensis":[{"fromHour": 17,"toHour": 18}],
							"*-cuon-alpinus":[{"fromHour": 8,"toHour": 9},{"fromHour": 14,"toHour": 15}],
							"*-cynotherium-sardous":[{"fromHour": 9,"toHour": 10},{"fromHour": 13,"toHour": 14}],
							"*-lupulella-adusta":[{"fromHour": 19,"toHour": 20}],
							"*-lupulella-mesomelas":[{"fromHour": 20,"toHour": 21},{"fromHour": 6,"toHour": 7}],
							"*-lycaon-pictus":[{"fromHour": 9,"toHour": 10},{"fromHour": 13,"toHour": 14}]},
						"soundByType": {"*":"game:creature/wolf/pup-howl"},
						"soundrepeatMS": 3000,
						"soundVolume": 0.95,
						"soundRangeByType": {"*": 30},
						"whenNotInEmotionState": "aggressiveondamage|fleeondamage"
					},
						//rare chance of bark all day
					{
						"code": "idle",
						"priority": 1.41,
						"priorityForCancel": 2.0,
						"animation": "Bark",
						"chance": 0.0125,
						"minduration": 4000,
						"maxduration": 20000,
						"animationSpeed": 3,
						"soundByType": {"*":"game:creature/wolf/pup-bark"},					
						"soundrepeatMS": 4000,
						"soundVolume": 0.95,
						"soundRangeByType": {"*": 20},
						"whenNotInEmotionState": "aggressiveondamage|fleeondamage"
					},
						//rare chance of call all day
					{
						"code": "idle",
						"priority": 1.41,
						"priorityForCancel": 2.0,
						"animation": "Howl",
						"chance": 0.00125,
						"minduration": 2000,
						"maxduration": 20000,
						"animationSpeed": 3,
						"soundByType": {"*":"game:creature/wolf/pup-howl"},
						"soundrepeatMS": 3000,
						"soundVolume": 0.95,
						"soundRangeByType": {"*": 30},
						"whenNotInEmotionState": "aggressiveondamage|fleeondamage"
					},
					//-------------------------Down Time-------------------------//
						//wandering canter or stot at any time
					{
						"code": "wander",
						"priority": 0.8,
						"priorityForCancel": 2.0,
						"animation": "Canter",
						"minduration": 8000,
						"wanderChance": 0.005,
						"movespeedByType": {
							"*-aenocyon-dirus": 0.015,
							"*-canis-aureus":0.0075,
							"*-canis-familiaris":0.015,
							"*-canis-latrans":0.009,
							"*-canis-lupastor":0.0075,
							"*-canis-lupus":0.016,
							"*-canis-lupusarctos":0.016,
							"*-canis-lupusdingo":0.009,
							"*-canis-lycaon":0.015,
							"*-canis-rufus":0.01,
							"*-canis-simensis":0.01,
							"*-cuon-alpinus":0.0075,
							"*-cynotherium-sardous":0.0075,
							"*-lupulella-adusta":0.0075,
							"*-lupulella-mesomelas":0.0075,
							"*-lycaon-pictus":0.012
						},
						"animationSpeed": 2,
						"stopOnHurt": true,
						"whenSwimming": false,
						"tagsAppliedToEntity": ["state-moving"],						
						"whenNotInEmotionState": "aggressiveondamage|fleeondamage"
					},
						//wandering trot at any time
					{
						"code": "wander",
						"priority": 0.8,
						"priorityForCancel": 2.0,
						"animation": "Trot",
						"minduration": 8000,
						"wanderChance": 0.05,
						"movespeedByType": {
							"*-aenocyon-dirus": 0.003,
							"*-canis-aureus":0.0015,
							"*-canis-familiaris":0.003,
							"*-canis-latrans":0.0018,
							"*-canis-lupastor":0.0015,
							"*-canis-lupus":0.0032,
							"*-canis-lupusarctos":0.0032,
							"*-canis-lupusdingo":0.0018,
							"*-canis-lycaon":0.003,
							"*-canis-rufus":0.002,
							"*-canis-simensis":0.002,
							"*-cuon-alpinus":0.0015,
							"*-cynotherium-sardous":0.0015,
							"*-lupulella-adusta":0.0015,
							"*-lupulella-mesomelas":0.0015,
							"*-lycaon-pictus":0.0024
						},
						"animationSpeed": 2,
						"stopOnHurt": true,
						"whenSwimming": false,
						"tagsAppliedToEntity": ["state-moving"],						
						"whenNotInEmotionState": "aggressiveondamage|fleeondamage"
					},
						//wandering walk at any time
					{
						"code": "wander",
						"priority": 0.8,
						"priorityForCancel": 2.0,
						"animation": "Walk",
						"minduration": 8000,
						"wanderChance": 0.5,
						"movespeedByType": {
							"*-aenocyon-dirus": 0.0015,
							"*-canis-aureus":0.00075,
							"*-canis-familiaris":0.0015,
							"*-canis-latrans":0.0009,
							"*-canis-lupastor":0.00075,
							"*-canis-lupus":0.0016,
							"*-canis-lupusarctos":0.0016,
							"*-canis-lupusdingo":0.0009,
							"*-canis-lycaon":0.0015,
							"*-canis-rufus":0.001,
							"*-canis-simensis":0.001,
							"*-cuon-alpinus":0.00075,
							"*-cynotherium-sardous":0.00075,
							"*-lupulella-adusta":0.00075,
							"*-lupulella-mesomelas":0.00075,
							"*-lycaon-pictus":0.0012
						},
						"animationSpeed": 1,
						"stopOnHurt": true,
						"whenSwimming": false,
						"tagsAppliedToEntity": ["state-moving"],
						"whenNotInEmotionState": "aggressiveondamage|fleeondamage"
					},
						//sitting at any time
					{
						"code": "idle",
						"priority": 0.7,
						"priorityForCancel": 2.0,
						"animation": "Sit",
						"minduration": 12000,
						"maxduration": 120000,
						"chance": 0.25,
						"minCooldown": 12000,
						"maxCooldown": 120000,
						"stopOnHurt": true,
						"whenSwimming": false,
						"whenNotInEmotionState": "aggressiveondamage|fleeondamage"
					},
						//laying at any time
					{
						"code": "idle",
						"priority": 0.7,
						"priorityForCancel": 2.0,
						"animation": "Lie",
						"minduration": 12000,
						"maxduration": 120000,
						"chance": 0.25,
						"minCooldown": 12000,
						"maxCooldown": 120000,
						"stopOnHurt": true,
						"whenSwimming": false,
						"whenNotInEmotionState": "aggressiveondamage|fleeondamage"
					},
						//sniffing at any time
					{
						"code": "idle",
						"priority": 0.7,
						"priorityForCancel": 1.0,
						"animation": "Sniff",
						"minduration": 2500,
						"maxduration": 2500,
						"mincooldown": 6000,
						"maxcooldown": 20000,
						"stopOnHurt": true,
						"whenSwimming": false,
						"whenNotInEmotionState": "aggressiveondamage|fleeondamage"
					},
						//standing at any time
					{
						"code": "idle",
						"priority": 0.7,
						"priorityForCancel": 2.0,
						"animation": "Idle",
						"minduration": 2000,
						"maxduration": 12000,
						"minCooldown": 12000,
						"maxCooldown": 120000,
						"stopOnHurt": true,
						"whenSwimming": false,
						"DontExecuteIfRecentlyAttacked": false,
						"whenNotInEmotionState": "aggressiveondamage|fleeondamage"
					},
						//looking around
					{
						"code": "lookaround",
						"priority": 0.5,
						"stopOnHurt": true,
						"whenNotInEmotionState": "aggressiveondamage|fleeondamage"
					}
				]
			},
			{"code": "ropetieable","minGeneration": 1},
			{"code": "pettable","minGeneration": 1},
			{ "code": "entitystatetags" }],
		"spawnconditions": {
			"runtime": {
				"group": "neutral",
				"maxQuantity": 1,
				"maxQuantityByGroup": {"code": "caninae-canina-*","maxQuantity": 2},
				"tryOnlySurface": true,
				"chanceByType": {"*": 0.0}
			}
		}
	},
	"soundsByType": {
"*":{"hurt": "game:creature/wolf/pup-hurt","death": "game:creature/wolf/pup-hurt","idle": "game:creature/wolf/pup-bark"}
	},
	"idleSoundChance": 0.05
}