{
	"code": "caninae-canina",
	"class": "EntityAgent",
	"tags": ["animal", "huntable", "adult", "predator","caninatag","domesticated","semitamed","habitat-land"],
	"variantgroups": [
    {"code": "age","states": [ "adult"]},
    {"code": "gender","states": [ "female","male"]},
    {"code": "genus","states": [ "canis"]},
    {"code": "species","states": [ "familiaris","lupus"]},
		{"code": "behavior","states": ["semitamed"]}
	],
	"allowedVariants": [
		"*-canis-familiaris-*",
		"*-canis-lupus-*"
	],
	"collisionBoxSizeByType": {
		"*-female-canis-familiaris-*": {	"x": 0.8,"y": 0.75},"*-male-canis-familiaris-*": {	"x": 0.9,"y": 0.8},
		"*-female-canis-lupus-*": {	"x": 0.8,"y": 0.8},"*-male-canis-lupus-*": {	"x": 0.9,"y": 0.9}
	},
	"deadCollisionBoxSizeByType": {
		"*-female-canis-familiaris-*": {	"x": 0.8,"y": 0.4},"*-male-canis-familiaris-*": {	"x": 0.9,"y": 0.4},
		"*-female-canis-lupus-*": {	"x": 0.8,"y": 0.4},"*-male-canis-lupus-*": {	"x": 0.9,"y": 0.4}
	},
	"eyeHeightByType": {
		"*-canis-familiaris-*": 1.1,
		"*-canis-lupus-*": 1.1
	},
	"weightByType": {
		"*-female-canis-familiaris-*": 36,"*-male-canis-familiaris-*": 40,
		"*-female-canis-lupus-*": 36,"*-male-canis-lupus-*": 40
	},
	"attributes": {
		"trappableByType": {
			"*": {
				"small": { "trapChance": 0.0,	"trapDestroyChance": 0.7 },
				"large": { "trapChance": 0.25,	"trapDestroyChance": 0.05 }
			}
		},
		"creatureDietByType": {
			"*-canis-familiaris-*":{
			"foodCategories": ["Grain"],
			"weightedFoodTags": [
				{ "weight": 1, "code": "egg" },
				{ "weight": 0.6, "code": "fish" },
				{ "weight": 0.1, "code": "fruit" },
				{ "weight": 0.1, "code": "fruitmash" },
				{ "weight": 0.1, "code": "grain" },
				{ "weight": 0.1, "code": "grass" },
				{ "weight": 0.7, "code": "insect" },
				{ "weight": 0.9, "code": "meat" },
				{ "weight": 0.1, "code": "sweetBerryBush" }
			]
		},
			"*-canis-lupus-*":{
			"foodCategories": ["Grain"],
			"weightedFoodTags": [
				{ "weight": 1, "code": "egg" },
				{ "weight": 0.6, "code": "fish" },
				{ "weight": 0.1, "code": "fruit" },
				{ "weight": 0.1, "code": "fruitmash" },
				{ "weight": 0.1, "code": "grain" },
				{ "weight": 0.1, "code": "grass" },
				{ "weight": 0.7, "code": "insect" },
				{ "weight": 0.9, "code": "meat" },
				{ "weight": 0.1, "code": "sweetBerryBush" }
			]
		}},
		"minGenerationToAllowHealing": 0,
		"handbook": {"groupcode": "creaturegroup-canina"},
		"killedByInfoText": "deadcreature-eaten-large"},
	"drops": [],
	"behaviorConfigs": {
		"controlledphysics": { 
			"stepHeight": 3.1251,
			"stepUpSpeed": 0.1
		},
		"floatupwhenstuck": { "onlyWhenDead": true },
		"rideableaccessories": {
			"wearableSlots": [
				{ "code": "neck-dog", "forCategoryCodes": ["collar"], "attachmentPointCode": "NeckAP" }
			]},
		"selectionboxes": {
			"selectionBoxes": ["NeckAP"]
		},
		"ownable": {
			"groupCode": "companionanimal"
		}
	},
	"client": {
		"renderer": "Shape",
		"shapeByType": {
		"*-canis-familiaris-*": { "base": "entity/animal/mammal/canina/lupus-male" },
		"*-canis-lupus-*": { "base": "entity/animal/mammal/canina/lupus-male" }
		},
		"textureByType": {
			"*-canis-familiaris-*": { "base": "entity/animal/mammal/canis/familiaris-adult"}, 
			"*-canis-lupus-*": { "base": "entity/animal/mammal/canis/lupus-adult" }
		},
		"sizeByType": {
		"*-female-canis-familiaris-*": 0.82,"*-male-canis-familiaris-*": 0.88,
		"*-female-canis-lupus-*": 0.93,"*-male-canis-lupus-*": 1.02
		},
		"behaviors": [
			{"code": "repulseagents" },
			{"code": "controlledphysics","stepHeight": 2.1251},
			{"code": "floatupwhenstuck","onlyWhenDead": true},
			{ "code": "multiply","enabledByType": {"*-adult-female-*": true,"*": false} },
			{"code": "interpolateposition" },
			{"code": "harvestable","quantitySlots": 8},
			{ "code": "selectionboxes" },
			{ "code": "ownable" },
			{ "code": "rideableaccessories" },
			{"code": "ropetieable","minGeneration": 0}
		],
		"animations": [
			{"code": "hurt","animation": "Hurt","animationSpeed": 2.2,"weight": 10,"blendMode": "AddAverage"},
			{"code": "die","animation": "Death","animationSpeed": 1.25,"weight": 10,"blendMode": "Average","triggeredBy": { "onControls": [ "dead" ] }},
			{"code": "idle","animation": "Idle","blendMode": "AddAverage","easeOutSpeed": 4,"triggeredBy": { "defaultAnim": true }},
			{"code": "sleep","animation": "Sleep","easeInSpeed": 4,"easeOutSpeed": 4,"blendMode": "Average"},
			{"code": "sit","animation": "Sit","easeInSpeed": 4,"easeOutSpeed": 4,"blendMode": "Average"},
			{"code": "lie","animation": "Lie","easeInSpeed": 4,"easeOutSpeed": 4,"blendMode": "Average"},
			{"code": "swim","animation": "Swim","supressDefaultAnimation": true,"blendMode": "Average"},
			{"code": "walk","animation": "Walk","supressDefaultAnimation": true,"blendMode": "Average"},
			{"code": "trot","animation": "Trot","supressDefaultAnimation": true,"blendMode": "Average"},
			{"code": "canter","animation": "Canter","supressDefaultAnimation": true,"blendMode": "Average"},
			{"code": "gallop","animation": "Gallop","supressDefaultAnimation": true,"blendMode": "Average"}
		]
	},
	"server": {
		"attributes": {
			"pathfinder": {
				"minTurnAnglePerSec": 90,
				"maxTurnAnglePerSec": 270
			}
		},
		"behaviors": [
			{ "code": "repulseagents" },
			{"code": "controlledphysics","stepHeight": 2.1251},
			{"code": "health",
				"maxhealthByType": {
				"*-canis-familiaris-*": 15,
				"*-female-canis-lupus-*": 15,"*-male-canis-lupus-*": 15
				}
			},
			{"code": "deaddecay",
				"hoursToDecay": 96,
				"decayedBlockByType": {
				"*": "carcass-medium"
				}
			},
			{"code": "floatupwhenstuck","onlyWhenDead": true},
			{"code": "harvestable",
				"quantitySlots": 8,
				"drops": [
					{
						"type": "item",
						"code": "game:bushmeat-raw",
						"quantityByType": {
							"*-canis-familiaris-*": {"avg": 3,"var": 0.5},
							"*-canis-lupus-*": {"avg": 3,"var": 0.5}
						}
					},
					{
						"type": "item",
						"code": "game:fat",
						"quantityByType": {
							"*-canis-familiaris-*": {"avg": 1,"var": 0.6},
							"*-canis-lupus-*": {"avg": 1,"var": 0.6}
						}
					},
					{
						"type": "item",
						"code": "caninae:pelt-raw-canina-{gender}-{genus}-{species}",
						"quantityByType": {
							"*": { "offset": 1, "avg": 0, "var": 0 }
						}
					}
				]
			},
			{"code": "breathe" },
			{"code": "multiply",
				"enabledByType": {"*-adult-female-*": true,"*": false},
				"spawnEntityCodesByType": {
				"*-lupus-*": [ { "code":"caninae:caninae-canina-baby-female-{genus}-{species}"}, {"code": "caninae:caninae-canina-baby-male-{genus}-{species}"},{ "code":"caninae:caninae-canina-baby-female-{genus}-{species}"}, {"code": "caninae:caninae-canina-baby-male-{genus}-{species}"},{ "code":"caninae:caninae-canina-baby-female-{genus}-{species}"}, {"code": "caninae:caninae-canina-baby-male-{genus}-{species}"},{ "code":"caninae:caninae-canina-baby-female-{genus}-{species}"}, {"code": "caninae:caninae-canina-baby-male-{genus}-{species}"},{ "code":"caninae:caninae-canina-baby-female-{genus}-familiaris-*"}, {"code": "caninae:caninae-canina-baby-male-{genus}-familiaris-*"} ],
				"*": [ { "code":"caninae:caninae-canina-baby-female-{genus}-{species}"}, {"code": "caninae:caninae-canina-baby-male-{genus}-{species}"} ]
				},
				"requiresNearbyEntityCodeByType": {
					"*": "caninae:caninae-canina-adult-male-{genus}-*"
				},
				"requiresNearbyEntityRange": 5,
				"spawnQuantityMin": 1,
				"spawnQuantityMaxByType": {"*-familiaris-*": 14,"*-lupus-*": 14},
				"pregnancyDaysByType": {"*-familiaris-*": 13,"*-lupus-*": 13},
				"multiplyCooldownDaysMinByType": {"*-familiaris-*": 9,"*-lupus-*": 9},
				"multiplyCooldownDaysMaxByType": {"*-familiaris-*": 18,"*-lupus-*": 18},
				"portionsEatenForMultiplyByType": {"*-familiaris-*": 7,"*-lupus-*": 7}
			},
			{ "code": "selectionboxes" },
			{ "code": "ownable" },
			{ "code": "rideableaccessories" },
			{"code": "emotionstates",
				"states": [
					{"code": "fleeondamage","duration": 120,
						"chanceByType": {
							"*-familiaris-*": 0.25,
							"*": 0.75
						},
						"slot": 0,"priority": 5,"accumType": "max","whenHealthRelBelow": 0.75},
					{"code": "fleeondamage","duration": 120,
						"chanceByType": {"*": 1},
						"slot": 0,"priority": 6,"accumType": "max","whenHealthRelBelow": 0.5},
					{"code": "aggressiveondamage","duration": 30,
						"chanceByType": {
							"*-canis-simensis": 0.5,
							"*": 1.0
						},
						"slot": 2,"priority": 2,"accumType": "noaccum"},
					{"code": "fleeondamage","duration": 60,"chance": 1,"slot": 2,"priority": 1,"accumType": "max"},
					{"code": "alarmherdondamage","chance": 1,"slot": 1,"priority": 1,"accumType": "max"},
					{"code": "saturated","duration": 2880,"chance": 1,"slot": 0,"priority": 1,"accumType": "sum"},
					{ "code": "aggressivearoundentities", "duration": 10, "slot": 2, "priority": 2, "entityCodes": ["caninae:caninae-canina-adult-male-{genus}-{species}","caninae:caninae-canina-adult-female-{genus}-{species}","caninae:caninae-canina-baby-male-{genus}-{species}","caninae:caninae-canina-baby-female-{genus}-{species}"], "maxGeneration": 2 }
				]
			},
			{
				"code": "taskai",
				"aiCreatureType": "LandCreature",
				"aitasks": [
					//-------------------------Movement Speed tests-------------------------//
						//wandering run at any time
					{
						"code": "wander-r",
						"enabled":  false,
						"priority": 10.8,
						"priorityForCancel": 12.0,
						"animation": "Gallop",
						"mindurationMs": 80000,
						"movespeedByType": {
							"*-female-canis-familiaris-*": 0.12,"*-male-canis-familiaris-*": 0.132,
							"*-female-canis-lupus-*": 0.128,"*-male-canis-lupus-*": 0.144
						},
						"animationSpeed": 4,
						"stopOnHurt": true,
						"whenSwimming": false,
						"DontExecuteIfRecentlyAttacked": true,
						"tagsAppliedToEntity": ["state-moving"],
						"whenNotInEmotionState": ["aggressiveondamage","fleeondamage"]
					},
						//wandering canter at any time
					{
						"code": "wander-r",
						"enabled":  false,
						"priority": 10.8,
						"priorityForCancel": 12.0,
						"animation": "Canter",
						"mindurationMs": 80000,
						"movespeedByType": {
							"*-female-canis-familiaris-*": 0.06,"*-male-canis-familiaris-*": 0.066,
							"*-female-canis-lupus-*": 0.064,"*-male-canis-lupus-*": 0.072
						},
						"animationSpeed": 2,
						"stopOnHurt": true,
						"whenSwimming": false,
						"DontExecuteIfRecentlyAttacked": true,
						"tagsAppliedToEntity": ["state-moving"],
						"whenNotInEmotionState": ["aggressiveondamage","fleeondamage"]
					},
						//wandering trot at any time
					{
						"code": "wander-r",
						"enabled":  false,
						"priority": 10.8,
						"priorityForCancel": 12.0,
						"animation": "Trot",
						"mindurationMs": 80000,
						"movespeedByType": {
							"*-female-canis-familiaris-*": 0.012,"*-male-canis-familiaris-*": 0.0132,
							"*-female-canis-lupus-*": 0.0128,"*-male-canis-lupus-*": 0.0144
						},
						"animationSpeed": 2,
						"stopOnHurt": true,
						"whenSwimming": false,
						"DontExecuteIfRecentlyAttacked": true,
						"tagsAppliedToEntity": ["state-moving"],
						"whenNotInEmotionState": ["aggressiveondamage","fleeondamage"]
					},
						//wandering walk at any time
					{
						"code": "wander-r",
						"enabled":  false,
						"priority": 10.8,
						"priorityForCancel": 12.0,
						"animation": "Walk",
						"mindurationMs": 80000,
						"movespeedByType": {
							"*-female-canis-familiaris-*": 0.006,"*-male-canis-familiaris-*": 0.0066,
							"*-female-canis-lupus-*": 0.0064,"*-male-canis-lupus-*": 0.0072
						},
						"animationSpeed": 1,
						"stopOnHurt": true,
						"whenSwimming": false,
						"DontExecuteIfRecentlyAttacked": true,
						"tagsAppliedToEntity": ["state-moving"],
						"whenNotInEmotionState": ["aggressiveondamage","fleeondamage"]
					},
					//-------------------------Leave Deadly Conditions-------------------------//
						//fleeing when injured
					{
						"code": "fleeentity",
						"priority": 9.41,
						"priorityForCancel": 9.41,
						"animation": "Gallop",
						"entityCodes": [],
						"skipEntityTags": [["carcass","egg","nest","state-burrowed", "state-sneaking","player"]],
						"targetLightLevels": [1, 14, 22, 28],
						"movespeedByType": {
							"*-female-canis-familiaris-*": 0.12,"*-male-canis-familiaris-*": 0.132,
							"*-female-canis-lupus-*": 0.128,"*-male-canis-lupus-*": 0.144
						},
						"animationSpeed": 4,
						"seekingRange": 20,
						"fleeingDistance" : 50,
						"fleeDurationWhenTargetLost": 20000,
						"whenInEmotionState": "fleeondamage",
						"tagsAppliedToEntity": ["state-moving","state-sprinting"],
						"whenSwimming": false

					},
						//fleeing when injured in water
					{
						"code": "fleeentity-r",
						"priority": 9.41,
						"priorityForCancel": 9.41,
						"animation": "Swim",
						"entityCodes": [],
						"skipEntityTags": [["carcass","egg","nest","state-burrowed", "state-sneaking","player"]],
						"targetLightLevels": [1, 14, 22, 28],
						"movespeedByType": {
							"*-canis-familiaris-*":0.06,
							"*-canis-lupus-*":0.06
						},
						"animationSpeed": 1,
						"seekingRange": 120,
						"fleeingDistance" : 180,
						"fleeDurationWhenTargetLost": 60000,
						"whenSwimming": true,
						"whenInEmotionState": ["fleeondamage"],
						"tagsAppliedToEntity": ["state-feet-in-liquid","state-moving","state-swimming"]

					},
						//fleeing when injured slower to finish flee on damage emotion state
					{
						"code": "fleeentity",
						"priority": 9.4,
						"priorityForCancel": 9.4,
						"animation": "Canter",
						"entityCodes": [],
						"skipEntityTags": [["carcass","egg","nest","state-burrowed", "state-sneaking","player"]],
						"targetLightLevels": [1, 14, 22, 28],
						"movespeedByType": {
							"*-female-canis-familiaris-*": 0.06,"*-male-canis-familiaris-*": 0.066,
							"*-female-canis-lupus-*": 0.064,"*-male-canis-lupus-*": 0.072
						},
						"animationSpeed": 2,
						"seekingRange": 120,
						"fleeingDistance" : 180,
						"fleeDurationWhenTargetLost": 60000,
						"whenInEmotionState": "fleeondamage",
						"tagsAppliedToEntity": ["state-moving","state-sprinting"],
						"whenSwimming": false

					},
					//-------------------------Combat-------------------------//
						//standard attack, hunting food
					{
						"code": "meleeattack",
						"priority": 7.6,
						"priorityForCancel": 8.0,
						"animation": "Attack",
						"minTargetWeightByType": {"*":0.0001},
						"maxTargetWeightByType": {"*lupus-*":15,"*":10},
						"entityTags": [["huntable"]],
						"skipEntityTags": [["ferocious","poisonous","egg","nest","state-burrowed","state-sneaking","caninatag","semitamed","tamed","domesticated","player"]],
						"entityCodes": ["placeholder"],
						"skipEntityCodes": ["caninae-canina-adult-female-{genus}-{species}-*","caninae-canina-adult-male-{genus}-{species}-*","caninae-canina-baby-female-{genus}-{species}","caninae-canina-baby-male-{genus}-{species}"],
						"targetLightLevels": [1, 14, 22, 28],
						"animationSpeed": 2,
						"damageByType": {
							"*-canis-familiaris-*": 6,
							"*-canis-lupus-*": 6
						},
						"damageType": "PiercingAttack",
						"minDistByType": {"*-familiaris-*":1.1,"*-lupus-*":1.1,"*":1},
						"damageTierByType": {"*":1},
						"mincooldown": 500,
						"maxcooldown": 500,
						"attackDurationMs": 800,
						"damageWindowMs": [250,660],
						"tamingGenerations": 2,
						"alarmHerd": true,
						"EatAfterKill" : true,
						"playerIsMeal" : true,
						"soundByType": {"*":"game:creature/wolf/attack"},
						"stopOnHurt": true,
						"DontExecuteIfRecentlyAttacked": true,
						"tagsAppliedToEntity": ["ferocious"],
						"whenNotInEmotionState": "aggressiveondamage|fleeondamage|saturated"
					},
						//standard attack, when aggressive
					{
						"code": "meleeattack",
						"priority": 7.5,
						"priorityForCancel": 8.0,
						"animation": "Attack",
						"minTargetWeightByType": {"*":0.01},
						"maxTargetWeightByType": {"*":5},
						"entityTags": [],
						"skipEntityTags": [["ferocious","poisonous","carcass","egg","nest","state-burrowed","state-sneaking","caninatag","semitamed","tamed","domesticated","player"]],
						"entityCodes": ["placeholder"],
						"skipEntityCodes": ["caninae-canina-adult-female-{genus}-{species}-*","caninae-canina-adult-male-{genus}-{species}-*","caninae-canina-baby-female-{genus}-{species}","caninae-canina-baby-male-{genus}-{species}"],
						"targetLightLevels": [1, 14, 22, 28],
						"animationSpeed": 2,
						"damageByType": {
							"*-canis-familiaris-*": 6,
							"*-canis-lupus-*": 6
						},
						"damageType": "PiercingAttack",
						"minDistByType": {"*-familiaris-*":1.1,"*-lupus-*":1.1,"*":1},
						"damageTierByType": {"*":1},
						"mincooldown": 500,
						"maxcooldown": 500,
						"attackDurationMs": 800,
						"damageWindowMs": [250,660],
						"tamingGenerations": 2,
						"alarmHerd": true,
						"EatAfterKill" : true,
						"playerIsMeal" : true,
						"soundByType": {"*":"game:creature/wolf/attack"},
						"tagsAppliedToEntity": ["ferocious"],
						"whenInEmotionState": "aggressiveondamage|aggressivearoundentities",
						"whenNotInEmotionState": "fleeondamage"
					},
						//low damage, ferocious vs ferocious fight
					{
						"code": "meleeattack",
						"priority": 7.4,
						"priorityForCancel": 8.0,
						"animation": "Attack",
						"minTargetWeight": 0.001,
						"maxTargetWeight": 40,
						"entityTags": [["ferocious"]],
						"skipEntityTags": [["state-burrowed","state-sneaking","caninatag","semitamed","tamed","domesticated","player"]],
						"entityCodes": ["placeholder"],
						"skipEntityCodes": ["caninae-canina-adult-female-{genus}-{species}-*","caninae-canina-adult-male-{genus}-{species}-*","caninae-canina-baby-female-{genus}-{species}","caninae-canina-baby-male-{genus}-{species}"],
						"targetLightLevels": [1, 14, 22, 28],
						"animationSpeed": 2,
						"damageByType": {
							"*-canis-familiaris-*": 1.2,
							"*-canis-lupus-*": 1.2
						},
						"damageType": "PiercingAttack",
						"minDistByType": {"*-familiaris-*":1.1,"*-lupus-*":1.1,"*":1},
						"damageTierByType": {"*":1},
						"mincooldown": 500,
						"maxcooldown": 1500,
						"attackDurationMs": 800,
						"damageWindowMs": [250,660],
						"alarmHerd": true,
						"EatAfterKill" : false,
						"playerIsMeal" : false,
						"soundByType": {"*":"game:creature/wolf/attack"},
						"stopOnHurt": false,
						"DontExecuteIfRecentlyAttacked": false,
						"tagsAppliedToEntity": ["ferocious"],
						"whenNotInEmotionState": "fleeondamage"
					},
						//protect pup seek
					{
						"code": "seekentity",
						"priority": 7.21,
						"priorityForCancel": 8.0,
						"animation": "Gallop",
						"minTargetWeightByType": {"*":0.001},
						"maxTargetWeightByType": {"*":5},
						"entityTags": [["ferocious","humanoid","predator"]],
						"skipEntityTags": [["carcass","egg","nest","state-burrowed","state-sneaking","caninatag","semitamed","tamed","domesticated","player"]],
						"entityCodes": ["placeholder"],
						"skipEntityCodes": ["caninae-canina-adult-female-{genus}-{species}-*","caninae-canina-adult-male-{genus}-{species}-*","caninae-canina-baby-female-{genus}-{species}","caninae-canina-baby-male-{genus}-{species}"],
						"targetLightLevels": [1, 14, 22, 28],
						"alarmHerd": true,
						"herdAlarmRange": 30,
						"maxFollowTimeSec": 240, 
						"movespeedByType": {
							"*-female-canis-familiaris-*": 0.12,"*-male-canis-familiaris-*": 0.132,
							"*-female-canis-lupus-*": 0.128,"*-male-canis-lupus-*": 0.144
						},
						"animationSpeed": 2,
						"seekingRange": 25,
						"jumpAtTarget": false,
						"soundByType": {"*":"game:creature/wolf/attack"},
						"stopOnHurt": false,
						"whenSwimming": false,
						"DontExecuteIfRecentlyAttacked": false,
						"tagsAppliedToEntity": ["ferocious","state-moving"],
						"whenInEmotionState": "aggressivearoundentities",
						"whenNotInEmotionState": "fleeondamage"
					},
					//stay in fight
					{
						"code": "seekentity",
						"priority": 7.2,
						"priorityForCancel": 8.0,
						"animation": "Gallop",
						"minTargetWeightByType": {"*":0.001},
						"maxTargetWeightByType": {"*":2},
						"entityTags": [[]],
						"skipEntityTags": [["poisonous","carcass","egg","nest","state-burrowed", "state-sneaking","caninatag","semitamed","tamed","domesticated","player"]],
						"entityCodes": ["placeholder"],
						"skipEntityCodes": ["caninae-canina-adult-female-{genus}-{species}-*","caninae-canina-adult-male-{genus}-{species}-*","caninae-canina-baby-female-{genus}-{species}","caninae-canina-baby-male-{genus}-{species}"],
						"targetLightLevels": [1, 14, 22, 28],
						"alarmHerd": true,
						"herdAlarmRange": 30,
						"maxFollowTimeSec": 240, 
						"movespeedByType": {
							"*-female-canis-familiaris-*": 0.12,"*-male-canis-familiaris-*": 0.132,
							"*-female-canis-lupus-*": 0.128,"*-male-canis-lupus-*": 0.144
						},
						"animationSpeed": 4,
						"seekingRange": 5,
						"jumpAtTarget": false,
						"soundByType": {"*":"game:creature/wolf/attack"},
						"stopOnHurt": false,
						"whenSwimming": false,
						"DontExecuteIfRecentlyAttacked": false,
						"tagsAppliedToEntity": ["ferocious","state-moving"],
						"whenInEmotionState": "aggressiveondamage",
						"whenNotInEmotionState": "fleeondamage"
					},
						//low damage against helpless target
					{
						"code": "meleeattack",
						"priority": 7.1,
						"priorityForCancel": 8.0,
						"animation": "Eat",
						"minTargetWeight": 0.0001,
						"maxTargetWeight": 0.05,
						"entityTags": [["carcass","egg","nest","animal"],["huntable"]],
						"entityCodes": ["placeholder"],
						"skipEntityTags": [["state-burrowed", "state-sneaking","caninatag","player"]],
						"skipEntityCodes": ["caninae-canina-adult-female-{genus}-{species}-*","caninae-canina-adult-male-{genus}-{species}-*","caninae-canina-baby-female-{genus}-{species}","caninae-canina-baby-male-{genus}-{species}"],
						"targetLightLevels": [1, 14, 22, 28],
						"animationSpeed": 1,
						"damageByType": {
							"*-canis-familiaris-*": 1.2,
							"*-canis-lupus-*": 1.2
						},
						"damageType": "PiercingAttack",
						"minDistByType": {"*-familiaris-*":1.1,"*-lupus-*":1.1,"*":1},
						"damageTierByType": {"*":1},
						"mincooldown": 500,
						"maxcooldown": 1500,
						"attackDurationMs": 1800,
						"damageWindowMs": [830,1000],
						"EatAfterKill" : true,
						"playerIsMeal" : false,
						"soundByType": {
							"*": "game:creature/animal-eat1"							
						},
						"stopOnHurt": false,
						"DontExecuteIfRecentlyAttacked": true,
						"tagsAppliedToEntity": ["ferocious"],
						"whenNotInEmotionState": "aggressiveondamage|aggressivearoundentities|fleeondamage|saturated"
					},
						//low damage against dead target
					{
						"code": "meleeattack",
						"priority": 7.1,
						"priorityForCancel": 8.0,
						"animation": "Eat",
						"minTargetWeight": 0.25,
						"maxTargetWeight": 9999,
						"entityTags": [["huntable"]],
						"skipEntityTags": [["boss","mechanical","rust-creature","poisonous","state-alive","caninatag","player"]],
						"entityCodes": ["placeholder"],
						"IgnoreDeadEntities": false,
						"targetLightLevels": [1, 14, 22, 28],
						"animationSpeed": 1,
						"damageByType": {
							"*-canis-familiaris-*": 2.4,
							"*-canis-lupus-*": 2.4
						},
						"damageType": "PiercingAttack",
						"minDistByType": {"*-familiaris-*":1.1,"*-lupus-*":1.1,"*":1},
						"damageTierByType": {"*":1},
						"mincooldown": 500,
						"maxcooldown": 1500,
						"attackDurationMs": 1800,
						"damageWindowMs": [830,1000],
						"EatAfterKill" : true,
						"playerIsMeal" : true,
						"soundByType": {
							"*": "game:creature/animal-eat1"							
						},
						"stopOnHurt": false,
						"DontExecuteIfRecentlyAttacked": true,
						"tagsAppliedToEntity": ["ferocious"],
						"whenNotInEmotionState": "aggressiveondamage|fleeondamage|saturated"
					},
						//low damage, play fight
					{
						"code": "meleeattack",
						"priority": 7.0,
						"priorityForCancel": 8.0,
						"animation": "Attack",
						"minTargetWeight": 0.001,
						"maxTargetWeight": 2,
						"entityTags": [["huntable"]],
						"skipEntityTags": [["state-burrowed","state-sneaking","caninatag","semitamed","tamed","domesticated","player"]],
						"entityCodes": ["placeholder"],
						"skipEntityCodes": ["caninae-canina-adult-female-{genus}-{species}-*","caninae-canina-adult-male-{genus}-{species}-*","caninae-canina-baby-female-{genus}-{species}","caninae-canina-baby-male-{genus}-{species}"],
						"targetLightLevels": [1, 14, 22, 28],
						"animationSpeed": 2,
						"executionChance": 0.1,
						"damageByType": {
							"*-canis-familiaris-*": 1.2,
							"*-canis-lupus-*": 1.2
						},
						"damageType": "PiercingAttack",
						"minDistByType": {"*-familiaris-*":1.1,"*-lupus-*":1.1,"*":1},
						"damageTierByType": {"*":1},
						"mincooldown": 500,
						"maxcooldown": 1500,
						"attackDurationMs": 800,
						"damageWindowMs": [250,660],
						"EatAfterKill" : false,
						"playerIsMeal" : false,
						"soundByType": {"*":"game:creature/wolf/attack"},
						"tamingGenerations": 10,
						"stopOnHurt": true,
						"DontExecuteIfRecentlyAttacked": true,
						"tagsAppliedToEntity": ["ferocious"],
						"whenNotInEmotionState": "aggressiveondamage|fleeondamage"
					},
						//attack to have damage on UI
					{
						"code": "meleeattack",
						"priority": 7.0,
						"animation": "Attack",
						"entityCodes": ["placeholder"],
						"skipEntityTags": [["caninatag","player"]],
						"animationSpeed": 2,
						"damageByType": {
							"*-canis-familiaris-*": 6,
							"*-canis-lupus-*": 6
						},
						"damageType": "PiercingAttack",
						"minDistByType": {"*-familiaris-*":1.1,"*-lupus-*":1.1,"*":1},
						"damageTierByType": {"*":1}
					},
					//-------------------------Come To Owner-------------------------//
				{
					"code": "cometoowner-r",
					"priority": 6.5,
					"priorityForCancel": 7.0,
					"animation": "Canter",
						"movespeedByType": {
							"*-female-canis-familiaris-*": 0.06,"*-male-canis-familiaris-*": 0.066,
							"*-female-canis-lupus-*": 0.064,"*-male-canis-lupus-*": 0.072
						},
						"animationSpeed": 2,
					"allowTeleport": true,
					"teleportMaxRange": 1000,
					"teleportAfterRange": 200,
					"teleportToRange": 25,
					"ExtraMinDistanceToTarget": 5,
					"extraTargetDistance": 5,
					"randomTargetOffset" : 3
				},		
					//-------------------------Domestic Behaviors-------------------------//
						//follow lead holder
					{
						"code": "followleadholder",
						"priority": 5.6,
						"priorityForCancel": 5.0,
						"animation": "Trot",
						"movespeedByType": {
							"*-female-canis-familiaris-*": 0.012,"*-male-canis-familiaris-*": 0.0132,
							"*-female-canis-lupus-*": 0.0128,"*-male-canis-lupus-*": 0.0144
						},
						"animationSpeed": 2,
						"minGeneration": 0,
						"stopOnHurt": true,
						"tagsAppliedToEntity": ["state-moving"],
						"whenNotInEmotionState": "aggressiveondamage|fleeondamage"
					},
					//-------------------------Avoid Dangerous Entities-------------------------//
						//threat display due to ferocious predator
					{
						"code": "lookatentity",
						"enabled": false,
						"priority": 5.83,
						"priorityForCancel": 6.0,
						"animation": "Yip",
						"minDurationMs": 500,
						"MaxDurationMs": 24000,
						"minCooldownMs": 1000,
						"maxCoolDownMs": 10000,
						"minTargetWeight": 0.001,
						"maxTargetWeight": 1.125,
						"entityTags": [["ferocious"],["predator"]],
						"skipEntityTags": [["state-burrowed","state-sneaking","caninatag","semitamed","tamed","domesticated","player"]],
						"entityCodes": ["placeholder"],
						"skipEntityCodes": ["caninae-canina-adult-female-{genus}-{species}-*","caninae-canina-adult-male-{genus}-{species}-*","caninae-canina-baby-female-{genus}-{species}","caninae-canina-baby-male-{genus}-{species}"],
						"targetLightLevels": [1, 14, 22, 28],
						"animationSpeed": 0.75,
						"seekingRange": 5,
						"soundByType": {
							"*-familiaris-*":"caninae:creature/canis/dingo-whimper",
							"*":"game:creature/wolf/hurt"},
						"soundStartMs": 500,
						"soundRepeatMs": 7000,
						"soundVolume": 0.75,
						"soundRangeByType": {"*": 60},
						"stopOnHurt": true,
						"whenSwimming": false,
						"DontExecuteIfRecentlyAttacked": true,
						"tagsAppliedToEntity": ["ferocious"],
						"whenNotInEmotionState": "aggressiveondamage|fleeondamage"
					},
						//stare at animal doing threat display
					{
						"code": "lookatentity",
						"enabled": false,
						"priority": 5.82,
						"priorityForCancel": 6.0,
						"animation": "Idle",
						"minDurationMs": 2500,
						"MaxDurationMs": 24000,
						"minCooldownMs": 1000,
						"maxCoolDownMs": 10000,
						"minTargetWeight": 0.03,
						"maxTargetWeight": 1.125,
						"entityTags": [["huntable","predator"],["defended","ferocious","poisonous","prickly","shelled","venomous","state-armed","has-open-fire"]],
						"skipEntityTags": [["state-burrowed", "state-sneaking","caninatag","semitamed","tamed","domesticated","player"]],
						"entityCodes": ["placeholder"],
						"skipEntityCodes": ["caninae-canina-adult-female-{genus}-{species}-*","caninae-canina-adult-male-{genus}-{species}-*","caninae-canina-baby-female-{genus}-{species}","caninae-canina-baby-male-{genus}-{species}"],
						"targetLightLevels": [1, 14, 22, 28],
						"animationSpeed": 0.01,
						"seekingRange": 5,
						"stopOnHurt": true,
						"whenSwimming": false,
						"DontExecuteIfRecentlyAttacked": true,
						"tagsAppliedToEntity": ["ferocious"],
						"whenNotInEmotionState": "aggressiveondamage|fleeondamage"
					},
						//be aggressive due to ferocious threat display of smaller animal
					{
						"code": "seekentity",
						"priority": 5.81,
						"priorityForCancel": 6.0,
						"animation": "Canter",
						"minTargetWeight": 0.003,
						"maxTargetWeight": 0.5,
						"entityTags": [["predator","huntable"],["ferocious","defended","state-armed"]],
						"skipEntityTags": [["carcass","egg","nest","state-burrowed", "state-sneaking","caninatag","semitamed","tamed","domesticated","player"]],
						"entityCodes": ["placeholder"],
						"skipEntityCodes": ["caninae-canina-adult-female-{genus}-{species}-*","caninae-canina-adult-male-{genus}-{species}-*","caninae-canina-baby-female-{genus}-{species}","caninae-canina-baby-male-{genus}-{species}"],
						"targetLightLevels": [1, 14, 22, 28],
						"alarmHerd": true,
						"herdAlarmRange": 30,
						"maxFollowTimeSec": 60, 
						"executionChance": 0.55,
						"movespeedByType": {
							"*-female-canis-familiaris-*": 0.06,"*-male-canis-familiaris-*": 0.066,
							"*-female-canis-lupus-*": 0.064,"*-male-canis-lupus-*": 0.072
						},
						"animationSpeed": 2,
						"seekingRange": 6,
						"jumpAtTarget": false,
						"jumpAnimationCode": null,
						"stopOnHurt": false,
						"whenSwimming": false,
						"DontExecuteIfRecentlyAttacked": false,
						"tagsAppliedToEntity": ["ferocious","state-moving"],
						"whenNotInEmotionState": "fleeondamage"
					},
						//be aggressive due to ferocious threat display of larger animal
					{
						"code": "seekentity",
						"priority": 5.81,
						"priorityForCancel": 6.0,
						"animation": "Canter",
						"minTargetWeight": 0.5,
						"maxTargetWeight": 1.125,
						"entityTags": [["predator","huntable"],["ferocious","defended","state-armed"]],
						"skipEntityTags": [["carcass","egg","nest","state-burrowed", "state-sneaking","caninatag","semitamed","tamed","domesticated","player"]],
						"entityCodes": ["placeholder"],
						"skipEntityCodes": ["caninae-canina-adult-female-{genus}-{species}-*","caninae-canina-adult-male-{genus}-{species}-*","caninae-canina-baby-female-{genus}-{species}","caninae-canina-baby-male-{genus}-{species}"],
						"targetLightLevels": [1, 14, 22, 28],
						"alarmHerd": true,
						"herdAlarmRange": 30,
						"maxFollowTimeSec": 60, 
						"executionChance": 0.125,
						"movespeedByType": {
							"*-female-canis-familiaris-*": 0.06,"*-male-canis-familiaris-*": 0.066,
							"*-female-canis-lupus-*": 0.064,"*-male-canis-lupus-*": 0.072
						},
						"animationSpeed": 2,
						"seekingRange": 6,
						"jumpAtTarget": false,
						"jumpAnimationCode": null,
						"stopOnHurt": false,
						"whenSwimming": false,
						"DontExecuteIfRecentlyAttacked": false,
						"tagsAppliedToEntity": ["ferocious","state-moving"],
						"whenNotInEmotionState": "fleeondamage"
					},
						//be aggressive due to toxic threat display
					{
						"code": "seekentity",
						"priority": 5.81,
						"priorityForCancel": 6.0,
						"animation": "Trot",
						"minTargetWeight": 0.01,
						"maxTargetWeight": 10,
						"entityTags": [["huntable"],["poisonous","venomous"]],
						"skipEntityTags": [["carcass","egg","nest","state-burrowed", "state-sneaking","caninatag","semitamed","tamed","domesticated","player"]],
						"entityCodes": ["placeholder"],
						"skipEntityCodes": ["caninae-canina-adult-female-{genus}-{species}-*","caninae-canina-adult-male-{genus}-{species}-*","caninae-canina-baby-female-{genus}-{species}","caninae-canina-baby-male-{genus}-{species}"],
						"targetLightLevels": [1, 14, 22, 28],
						"alarmHerd": true,
						"herdAlarmRange": 30,
						"maxFollowTimeSec": 60, 
						"executionChance": 0.015,
						"movespeedByType": {
							"*-female-canis-familiaris-*": 0.012,"*-male-canis-familiaris-*": 0.0132,
							"*-female-canis-lupus-*": 0.0128,"*-male-canis-lupus-*": 0.0144
						},
						"animationSpeed": 2,
						"seekingRange": 6,
						"jumpAtTarget": false,
						"jumpAnimationCode": null,
						"stopOnHurt": false,
						"whenSwimming": false,
						"DontExecuteIfRecentlyAttacked": false,
						"tagsAppliedToEntity": ["ferocious","state-moving"],
						"whenNotInEmotionState": "fleeondamage"
					},
						//be aggressive due to dangerous threat display
					{
						"code": "seekentity",
						"priority": 5.81,
						"priorityForCancel": 6.0,
						"animation": "Trot",
						"minTargetWeight": 0.01,
						"maxTargetWeight": 1,
						"entityTags": [["huntable"],["defended","prickly","shelled","has-open-fire"]],
						"skipEntityTags": [["carcass","egg","nest","state-burrowed", "state-sneaking","caninatag","semitamed","tamed","domesticated","player"]],
						"entityCodes": ["placeholder"],
						"skipEntityCodes": ["caninae-canina-adult-female-{genus}-{species}-*","caninae-canina-adult-male-{genus}-{species}-*","caninae-canina-baby-female-{genus}-{species}","caninae-canina-baby-male-{genus}-{species}"],
						"targetLightLevels": [1, 14, 22, 28],
						"alarmHerd": true,
						"herdAlarmRange": 30,
						"maxFollowTimeSec": 60, 
						"executionChance": 0.125,
						"movespeedByType": {
							"*-female-canis-familiaris-*": 0.012,"*-male-canis-familiaris-*": 0.0132,
							"*-female-canis-lupus-*": 0.0128,"*-male-canis-lupus-*": 0.0144
						},
						"animationSpeed": 2,
						"seekingRange": 6,
						"jumpAtTarget": false,
						"jumpAnimationCode": null,
						"stopOnHurt": false,
						"whenSwimming": false,
						"DontExecuteIfRecentlyAttacked": false,
						"tagsAppliedToEntity": ["ferocious","state-moving"],
						"whenNotInEmotionState": "fleeondamage"
					},
						//fleeing due to dangerous threat display
					{
						"code": "fleeentity",
						"priority": 5.8,
						"priorityForCancel": 6.0,
						"animation": "Canter",
						"minTargetWeight": 0.01,
						"maxTargetWeight": 1,
						"entityTags": [["predator","huntable"],["venomous","ferocious","defended","state-armed","has-open-fire"]],
						"skipEntityTags": [["carcass","egg","nest","state-burrowed","state-sneaking","caninatag","semitamed","tamed","domesticated","player"]],
						"skipEntityCodes": ["caninae-canina-adult-female-{genus}-{species}-*","caninae-canina-adult-male-{genus}-{species}-*","caninae-canina-baby-female-{genus}-{species}","caninae-canina-baby-male-{genus}-{species}"],
						"entityCodes": ["placeholder"],
						"targetLightLevels": [1, 14, 22, 28],
						"movespeedByType": {
							"*-female-canis-familiaris-*": 0.06,"*-male-canis-familiaris-*": 0.066,
							"*-female-canis-lupus-*": 0.064,"*-male-canis-lupus-*": 0.072
						},
						"animationSpeed": 2,
						"seekingRange": 6,
						"fleeingDistance" : 50,
						"fleeDurationWhenTargetLost": 20000,
						"tagsAppliedToEntity": ["ferocious","state-moving","state-sprinting"],
						"whenSwimming": false,
						"whenNotInEmotionState": "aggressiveondamage|fleeondamage"

					},
						//fleeing due to passive threat display
					{
						"code": "fleeentity",
						"priority": 5.8,
						"priorityForCancel": 6.0,
						"animation": "Trot",
						"minTargetWeight": 0.01,
						"maxTargetWeight": 1,
						"entityTags": [["huntable"],["prickly","defended","shelled","state-armed","has-open-fire"]],
						"skipEntityTags": [["carcass","egg","nest","state-burrowed", "state-sneaking","caninatag","semitamed","tamed","domesticated","player"]],
						"skipEntityCodes": ["caninae-canina-adult-female-{genus}-{species}-*","caninae-canina-adult-male-{genus}-{species}-*","caninae-canina-baby-female-{genus}-{species}","caninae-canina-baby-male-{genus}-{species}"],
						"entityCodes": ["placeholder"],
						"targetLightLevels": [1, 14, 22, 28],
						"movespeedByType": {
							"*-female-canis-familiaris-*": 0.012,"*-male-canis-familiaris-*": 0.0132,
							"*-female-canis-lupus-*": 0.0128,"*-male-canis-lupus-*": 0.0144
						},
						"animationSpeed": 2,
						"seekingRange": 6,
						"fleeingDistance" : 16,
						"fleeDurationWhenTargetLost": 20000,
						"tagsAppliedToEntity": ["ferocious","state-moving","state-sprinting"],
						"whenSwimming": false,
						"whenNotInEmotionState": "aggressiveondamage|fleeondamage"
					},
						//dart away from projectiles/vehicles
					{
						"code": "fleeentity",
						"priority": 5.6,
						"priorityForCancel": 6.0,
						"animation": "Canter",
						"entityTags": [["projectile","vehicle"]],
						"skipEntityTags": [["player"]],
						"entityCodes": ["placeholder"],
						"targetLightLevels": [1, 14, 22, 28],
						"movespeedByType": {
							"*-female-canis-familiaris-*": 0.06,"*-male-canis-familiaris-*": 0.066,
							"*-female-canis-lupus-*": 0.064,"*-male-canis-lupus-*": 0.072
						},
						"animationSpeed": 2,
						"fleeDurationMS": 500,
						"seekingRange": 5,
						"fleeingDistance": 2,
						"stopOnHurt": true,
						"whenSwimming": false,
						"tagsAppliedToEntity": ["state-moving","state-sprinting"]
					},
						//avoid large dangerous entities at close range
					{
						"code": "fleeentity",
						"priority": 5.6,
						"priorityForCancel": 6.0,
						"animation": "Canter",
						"minTargetWeight": 1,
						"maxTargetWeight": 999,
						"entityTags": [["ferocious","mechanical","predator","rust-creature","swarm","venomous"]],
						"skipEntityTags": [["carcass","nest","state-burrowed", "state-sneaking","caninatag","semitamed","tamed","domesticated","player"]],
						"skipEntityCodes": ["caninae-canina-adult-female-{genus}-{species}-*","caninae-canina-adult-male-{genus}-{species}-*","caninae-canina-baby-female-{genus}-{species}","caninae-canina-baby-male-{genus}-{species}"],
						"entityCodes": ["placeholder"],
						"targetLightLevels": [1, 14, 22, 28],
						"movespeedByType": {
							"*-female-canis-familiaris-*": 0.06,"*-male-canis-familiaris-*": 0.066,
							"*-female-canis-lupus-*": 0.064,"*-male-canis-lupus-*": 0.072
						},
						"animationSpeed": 2,
						"fleeDurationWhenTargetLost": 20000,
						"seekingRange": 10,
						"fleeingDistance": 40,
						"stopOnHurt": true,
						"whenSwimming": false,
						"tagsAppliedToEntity": ["state-moving","state-sprinting"]
					},
						//avoid dangerous entities at close range
					{
						"code": "fleeentity",
						"priority": 5.6,
						"priorityForCancel": 6.0,
						"animation": "Canter",
						"entityTags": [["boss","mechanical","rust-creature","swarm","venomous"]],
						"skipEntityTags": [["state-burrowed","state-sneaking","player"]],
						"entityCodes": ["placeholder"],
						"targetLightLevels": [1, 14, 22, 28],
						"movespeedByType": {
							"*-female-canis-familiaris-*": 0.06,"*-male-canis-familiaris-*": 0.066,
							"*-female-canis-lupus-*": 0.064,"*-male-canis-lupus-*": 0.072
						},
						"animationSpeed": 2,
						"fleeDurationWhenTargetLost": 20000,
						"soundByType": {
							"*-familiaris-*":"caninae:creature/canis/dingo-whimper",
							"*":"game:creature/wolf/hurt"},
						"seekingRange": 10,
						"fleeingDistance": 40,
						"stopOnHurt": true,
						"whenSwimming": false,
						"tagsAppliedToEntity": ["state-moving","state-sprinting"]
					},
						//avoid large dangerous entities at mid range
					{
						"code": "fleeentity",
						"priority": 5.2,
						"priorityForCancel": 5.4,
						"animation": "Trot",
						"minTargetWeightByType": {"*dirus":15,"*lupus-*":15,"*lupusarctos":15,"*lupusdingo":20,"*lycaon":10,"*rufus":10,"*alpinus":40,"*pictus":10,"*":5},
						"maxTargetWeight": 9999,
						"entityTags": [["ferocious","boss","huntable","mechanical","rust-creature","has-open-fire"]],
						"skipEntityTags": [["state-burrowed", "state-sneaking","caninatag","semitamed","tamed","domesticated","player"]],
						"skipEntityCodes": ["caninae-canina-adult-female-{genus}-{species}-*","caninae-canina-adult-male-{genus}-{species}-*","caninae-canina-baby-female-{genus}-{species}","caninae-canina-baby-male-{genus}-{species}"],
						"entityCodes": ["placeholder"],
						"targetLightLevels": [1, 14, 22, 28],
						"movespeedByType": {
							"*-female-canis-familiaris-*": 0.012,"*-male-canis-familiaris-*": 0.0132,
							"*-female-canis-lupus-*": 0.0128,"*-male-canis-lupus-*": 0.0144
						},
						"animationSpeed": 2,
						"fleeDurationWhenTargetLost": 10000,
						"seekingRange": 15,
						"fleeingDistance": 40,
						"stopOnHurt": true,
						"whenSwimming": false,
						"tagsAppliedToEntity": ["state-moving"]
					},
						//avoid large dangerous entities at long range
					{
						"code": "fleeentity",
						"priority": 5.0,
						"priorityForCancel": 5.2,
						"animation": "Trot",
						"minTargetWeight": 1,
						"entityTags": [["boss","rust-creature"]],
						"skipEntityTags": [["state-burrowed", "state-sneaking","player"]],
						"entityCodes": ["placeholder"],
						"targetLightLevels": [1, 14, 22, 28],
						"movespeedByType": {
							"*-female-canis-familiaris-*": 0.012,"*-male-canis-familiaris-*": 0.0132,
							"*-female-canis-lupus-*": 0.0128,"*-male-canis-lupus-*": 0.0144
						},
						"animationSpeed": 2,
						"stopOnHurt": true,
						"whenSwimming": false,
						"seekingRange": 30,
						"fleeingDistance": 60,
						"tagsAppliedToEntity": ["state-moving"]
					},
						//avoid large entities when not hungry
					{
						"code": "fleeentity",
						"priority": 5.0,
						"priorityForCancel": 5.2,
						"animation": "Trot",
						"minTargetWeight": 1,
						"maxTargetWeight": 99999,
						"entityTags": [["animal","humanoid","huntable"]],
						"skipEntityTags": [["carcass","nest","state-burrowed","state-sneaking","caninatag","semitamed","tamed","domesticated","player"]],
						"skipEntityCodes": ["caninae-canina-adult-female-{genus}-{species}-*","caninae-canina-adult-male-{genus}-{species}-*","caninae-canina-baby-female-{genus}-{species}","caninae-canina-baby-male-{genus}-{species}"],
						"entityCodes": ["placeholder"],
						"targetLightLevels": [1, 14, 22, 28],
						"movespeedByType": {
							"*-female-canis-familiaris-*": 0.012,"*-male-canis-familiaris-*": 0.0132,
							"*-female-canis-lupus-*": 0.0128,"*-male-canis-lupus-*": 0.0144
						},
						"animationSpeed": 2,
						"soundByType": {
							"*-familiaris-*":"caninae:creature/canis/dingo-whimper",
							"*":"game:creature/wolf/hurt"},
						"tamingGenerations": 2,
						"stopOnHurt": true,
						"whenSwimming": false,
						"seekingRange": 10,
						"fleeingDistance": 60,
						"tagsAppliedToEntity": ["state-moving"],
						"whenInEmotionState": "saturated"
					},
						//avoid giant entities at long range
					{
						"code": "fleeentity",
						"priority": 5.0,
						"priorityForCancel": 5.2,
						"animation": "Trot",
						"minTargetWeightByType": {"*lupus-*":15,"*":10},
						"entityTags": [["animal","humanoid","huntable"]],
						"skipEntityTags": [["carcass","nest","state-burrowed","state-sneaking","caninatag","semitamed","tamed","domesticated","player"]],
						"skipEntityCodes": ["caninae-canina-adult-female-{genus}-{species}-*","caninae-canina-adult-male-{genus}-{species}-*","caninae-canina-baby-female-{genus}-{species}","caninae-canina-baby-male-{genus}-{species}"],
						"entityCodes": ["placeholder"],
						"targetLightLevels": [1, 14, 22, 28],
						"movespeedByType": {
							"*-female-canis-familiaris-*": 0.012,"*-male-canis-familiaris-*": 0.0132,
							"*-female-canis-lupus-*": 0.0128,"*-male-canis-lupus-*": 0.0144
						},
						"animationSpeed": 2,
						"soundByType": {
							"*-familiaris-*":"caninae:creature/canis/dingo-whimper",
							"*":"game:creature/wolf/hurt"},
						"tamingGenerations": 2,
						"soundRangeByType": {"*": 60},
						"stopOnHurt": true,
						"whenSwimming": false,
						"seekingRange": 20,
						"fleeingDistance": 60,
						"tagsAppliedToEntity": ["state-moving"]
					},
					//-------------------------Food Seeking-------------------------//
						//if hungry eat favorite foods from POI
					{
						"code": "seekfoodandeat",
						"priority": 4.7,
						"priorityForCancel": 5.0,
						"animation": "Trot",
						"eatAnimation": "Eat",
						"eatAnimationLooseItems": "Eat",
						"movespeedByType": {
							"*-female-canis-familiaris-*": 0.012,"*-male-canis-familiaris-*": 0.0132,
							"*-female-canis-lupus-*": 0.0128,"*-male-canis-lupus-*": 0.0144
						},
						"animationSpeed": 2,
						"minduration": 4000,
						"maxduration": 4000,
						"eatTime": 2,
						"eatLooseItems": true,
						"eatSound" : "game:creature/animal-eat1",
						"stopOnHurt": true,
						"whenSwimming": false,
						"tagsAppliedToEntity": ["state-moving"],
						"whenNotInEmotionState": "aggressiveondamage|fleeondamage"
					},
						//rush final distance due to preferred prey bolting
					{
						"code": "seekentity",
						"priority": 4.54,
						"priorityForCancel": 4.55,
						"animation": "Gallop",
						"minTargetWeightByType": {"*lupus-*":0.5,"*":0.005},
						"maxTargetWeightByType": {"*lupus-*":10,"*":0.5},
						"entityTags": [["huntable"],["state-sprinting"]],
						"entityCodes": ["placeholder"],
						"skipEntityTags": [["ferocious","predator","poisonous","caninatag","semitamed","tamed","domesticated","player"]],
						"skipEntityCodes": ["caninae-canina-adult-female-{genus}-{species}-*","caninae-canina-adult-male-{genus}-{species}-*","caninae-canina-baby-female-{genus}-{species}","caninae-canina-baby-male-{genus}-{species}"],
						"targetLightLevels": [1, 14, 22, 28],
						"movespeedByType": {
							"*-female-canis-familiaris-*": 0.12,"*-male-canis-familiaris-*": 0.132,
							"*-female-canis-lupus-*": 0.128,"*-male-canis-lupus-*": 0.144
						},
						"animationSpeed": 4,
						"seekingRange": 30,
						"jumpAtTarget": true,
						"jumpAnimationCode": null,
						"DistanceToTargetToJump": [0.5,4],
						"JumpHeightFactor": 0.5,
						"AfterJumpSpeedReduction": 0.125,
						"soundByType": {"*":"game:creature/wolf/hurt"},
						"stopOnHurt": true,
						"whenSwimming": false,
						"DontExecuteIfRecentlyAttacked": true,
						"tagsAppliedToEntity": ["ferocious","state-moving","state-sprinting"],
						"whenNotInEmotionState": "aggressiveondamage|fleeondamage|saturated"
					},
						//rush final distance due to proximity favored prey
					{
						"code": "seekentity",
						"priority": 4.53,
						"priorityForCancel": 4.54,
						"animation": "Canter",
						"minTargetWeightByType": {"*lupus-*":0.5,"*":0.005},
						"maxTargetWeightByType": {"*lupus-*":10,"*":0.5},
						"entityTags": [["huntable"]],
						"skipEntityTags": [["carcass","defended","ferocious","humanoid","nest","poisonous","predator","prickly","shelled","venomous","state-burrowed","state-flying","state-burrowed", "state-sneaking","state-swimming","caninatag","semitamed","tamed","domesticated","player"]],
						"entityCodes": ["placeholder"],
						"skipEntityCodes": ["caninae-canina-adult-female-{genus}-{species}-*","caninae-canina-adult-male-{genus}-{species}-*","caninae-canina-baby-female-{genus}-{species}","caninae-canina-baby-male-{genus}-{species}"],
						"tamingGenerations": 2,
						"targetLightLevels": [1, 14, 22, 28],
						"herdAlarmRange": 30,
						"movespeedByType": {
							"*-female-canis-familiaris-*": 0.06,"*-male-canis-familiaris-*": 0.066,
							"*-female-canis-lupus-*": 0.064,"*-male-canis-lupus-*": 0.072
						},
						"animationSpeed": 2,
						"seekingRangeByType": {"*":40},
						"jumpAtTarget": true,
						"jumpAnimationCode": null,
						"DistanceToTargetToJump": [0.5,8],
						"JumpHeightFactor": 0.5,
						"AfterJumpSpeedReduction": 0.125,
						"soundByType": {"*":"game:creature/wolf/hurt"},
						"stopOnHurt": true,
						"whenSwimming": false,
						"DontExecuteIfRecentlyAttacked": true,
						"tagsAppliedToEntity": ["ferocious","state-moving","state-sprinting"],
						"whenNotInEmotionState": "aggressiveondamage|fleeondamage|saturated"
					},
						//long distance hunt for preferred prey
					{
						"code": "seekentity",
						"priority": 4.4,
						"priorityForCancel": 4.5,
						"animation": "Trot",
						"minTargetWeightByType": {"*lupus-*":0.5,"*":0.005},
						"maxTargetWeightByType": {"*lupus-*":10,"*":0.5},
						"entityTags": [["huntable"]],
						"skipEntityTags": [["carcass","defended","ferocious","humanoid","nest","poisonous","predator","prickly","shelled","venomous","state-burrowed","state-flying","state-burrowed", "state-sneaking","state-swimming","caninatag","semitamed","tamed","domesticated","player"]],
						"entityCodes": ["placeholder"],
						"skipEntityCodes": ["caninae-canina-adult-female-{genus}-{species}-*","caninae-canina-adult-male-{genus}-{species}-*","caninae-canina-baby-female-{genus}-{species}","caninae-canina-baby-male-{genus}-{species}"],
						"IgnoreDeadEntities": false,
						"tamingGenerations": 2,
						"targetLightLevels": [1, 14, 22, 28],
						"alarmHerd": true,
						"herdAlarmRange": 30,
						"maxFollowTimeSec": 240, 
						"movespeedByType": {
							"*-female-canis-familiaris-*": 0.012,"*-male-canis-familiaris-*": 0.0132,
							"*-female-canis-lupus-*": 0.0128,"*-male-canis-lupus-*": 0.0144
						},
						"animationSpeed": 2,
						"mincooldownHours": 0.025,
						"maxcooldownhours": 1,
						"seekingRange": 120,
						"extraTargetDistance": 10,
						"jumpAtTarget": false,
						"jumpAnimationCode": null,
						"soundByType": {"*":"game:creature/wolf/hurt"},
						"stopOnHurt": true,
						"whenSwimming": false,
						"DontExecuteIfRecentlyAttacked": true,
						"tagsAppliedToEntity": ["state-moving"],
						"whenNotInEmotionState": "aggressiveondamage|fleeondamage|saturated"
					},
						//sprint final distance due to prey running
					{
						"code": "seekentity",
						"priority": 4.14,
						"priorityForCancel": 4.15,
						"animation": "Gallop",
						"minTargetWeightByType": {"*":0.0001},
						"maxTargetWeightByType": {"*lupus-*":15,"*":10},
						"entityTags": [["huntable"],["state-sprinting"]],
						"skipEntityTags": [["ferocious","defended","poisonous","venomous","prickly","shelled","state-burrowed","caninatag","semitamed","tamed","domesticated","player"]],
						"entityCodes": [],
						"skipEntityCodes": ["caninae-canina-adult-female-{genus}-{species}-*","caninae-canina-adult-male-{genus}-{species}-*","caninae-canina-baby-female-{genus}-{species}","caninae-canina-baby-male-{genus}-{species}"],
						"targetLightLevels": [1, 14, 22, 28],
						"movespeedByType": {
							"*-female-canis-familiaris-*": 0.12,"*-male-canis-familiaris-*": 0.132,
							"*-female-canis-lupus-*": 0.128,"*-male-canis-lupus-*": 0.144
						},
						"animationSpeed": 2,
						"seekingRange": 10,
						"jumpAtTarget": true,
						"jumpAnimationCode": null,
						"JumpHeightFactor": 0.5,
						"soundByType": {"*":"game:creature/wolf/hurt"},
						"stopOnHurt": true,
						"whenSwimming": false,
						"DontExecuteIfRecentlyAttacked": true,
						"tagsAppliedToEntity": ["ferocious","state-moving","state-sprinting"],
						"whenNotInEmotionState": "aggressiveondamage|fleeondamage"
					},
						//rush final distance due to proximity desperate prey
					{
						"code": "seekentity",
						"priority": 4.13,
						"priorityForCancel": 4.14,
						"animation": "Canter",
						"minTargetWeightByType": {"*":0.0001},
						"maxTargetWeightByType": {"*lupus-*":15,"*":10},
						"entityTags": [["huntable"]],
						"skipEntityTags": [["ferocious","defended","poisonous","venomous","prickly","shelled","nest","state-burrowed","state-flying","state-burrowed", "state-sneaking","state-swimming","caninatag","semitamed","tamed","domesticated","player"]],
						"entityCodes": ["placeholder"],
						"skipEntityCodes": ["caninae-canina-adult-female-{genus}-{species}-*","caninae-canina-adult-male-{genus}-{species}-*","caninae-canina-baby-female-{genus}-{species}","caninae-canina-baby-male-{genus}-{species}"],
						"tamingGenerations": 2,
						"targetLightLevels": [1, 14, 22, 28],
						"herdAlarmRange": 30,
						"movespeedByType": {
							"*-female-canis-familiaris-*": 0.06,"*-male-canis-familiaris-*": 0.066,
							"*-female-canis-lupus-*": 0.064,"*-male-canis-lupus-*": 0.072
						},
						"animationSpeed": 2,
						"seekingRangeByType": {"*":40},
						"jumpAtTarget": true,
						"jumpAnimationCode": null,
						"JumpHeightFactor": 0.5,
						"soundByType": {"*":"game:creature/wolf/hurt"},
						"stopOnHurt": true,
						"whenSwimming": false,
						"DontExecuteIfRecentlyAttacked": true,
						"tagsAppliedToEntity": ["ferocious","state-moving","state-sprinting"],
						"whenNotInEmotionState": "aggressiveondamage|fleeondamage|saturated"
					},
						//long distance hunt for desperate prey
					{
						"code": "seekentity",
						"priority": 4.0,
						"priorityForCancel": 4.1,
						"animation": "Trot", 
						"minTargetWeightByType": {"*":0.0001},
						"maxTargetWeightByType": {"*lupus-*":15,"*":10},
						"entityTags": [["huntable"]],
						"skipEntityTags": [["ferocious","poisonous","state-burrowed","state-sneaking","caninatag","semitamed","tamed","domesticated","player"]],
						"IgnoreDeadEntities": false,
						"entityCodes": ["placeholder"],
						"skipEntityCodes": ["caninae-canina-adult-female-{genus}-{species}-*","caninae-canina-adult-male-{genus}-{species}-*","caninae-canina-baby-female-{genus}-{species}","caninae-canina-baby-male-{genus}-{species}"],
						"tamingGenerations": 2,
						"targetLightLevels": [1, 14, 22, 28],
						"alarmHerd": true,
						"herdAlarmRange": 30,
						"maxFollowTimeSec": 240, 
						"movespeedByType": {
							"*-female-canis-familiaris-*": 0.012,"*-male-canis-familiaris-*": 0.0132,
							"*-female-canis-lupus-*": 0.0128,"*-male-canis-lupus-*": 0.0144
						},
						"animationSpeed": 2,
						"mincooldownHours": 0.025,
						"maxcooldownhours": 1,
						"seekingRange": 120,
						"jumpAtTarget": false,
						"jumpAnimationCode": null,
						"soundByType": {"*":"game:creature/wolf/hurt"},
						"stopOnHurt": true,
						"whenSwimming": false,
						"DontExecuteIfRecentlyAttacked": true,
						"tagsAppliedToEntity": ["state-moving"],
						"whenNotInEmotionState": "aggressiveondamage|fleeondamage|saturated"
					},
					//-------------------------Leave Hazardous condtions-------------------------//
						//getting out of water
					{
						"code": "getoutofwater",
						"priority": 3.61,
						"priorityForCancel": 5.0,
						"animation": "Swim",
						"movespeedByType": {
							"*-canis-familiaris-*":0.06,
							"*-canis-lupus-*":0.06},
						"animationSpeed": 1,
						"rangeSearchAttemptsFactor": 2.5,
						"whenSwimming": true,
						"tagsAppliedToEntity": ["state-moving","state-swimming"]
					},		
						//swim wandering to find the shore			
					{
						"code": "wander-r",
						"priority": 3.6,
						"priorityForCancel": 5.0,
						"animation": "Swim",
						"movespeedByType": {
							"*-canis-familiaris-*":0.06,
							"*-canis-lupus-*":0.06},
						"animationSpeed": 1,
						"stopOnHurt": true,
						"whenSwimming": true,
						"tagsAppliedToEntity": ["state-moving","state-swimming"],
						"whenNotInEmotionState": ["aggressiveondamage","fleeondamage"]
					},	
						//stay close to family night				
					{
						"code": "stayclosetoentity",
						"priority": 3.51,
						"priorityForCancel": 5.0,
						"animation": "Trot",
						"entityCodeByType": {
							"*-female-*": "caninae-canina-baby-male-{genus}-{species}",
							"*-male-*": "caninae-canina-baby-female-{genus}-{species}"
						},
						"movespeedByType": {
							"*-female-canis-familiaris-*": 0.012,"*-male-canis-familiaris-*": 0.0132,
							"*-female-canis-lupus-*": 0.0128,"*-male-canis-lupus-*": 0.0144
						},
						"animationSpeed": 2,
						"range": 240,
						"maxDistance": 5,
						"minSeekSeconds": 240, 
						"duringDayTimeFrames": [{"fromHour": 18,"toHour": 24},{"fromHour": 0,"toHour": 6}],
						"stopOnHurt": true,
						"whenSwimming": false,
						"tagsAppliedToEntity": ["state-moving"],
						"whenNotInEmotionState": "aggressiveondamage|fleeondamage"
					},	
						//stay close to owner night				
					{
						"code": "stayclosetoentity",
						"priority": 3.5,
						"priorityForCancel": 5.0,
						"animation": "Trot",
						"entityCodeByType": {
							"*": "player"
						},
						"movespeedByType": {
							"*-female-canis-familiaris-*": 0.012,"*-male-canis-familiaris-*": 0.0132,
							"*-female-canis-lupus-*": 0.0128,"*-male-canis-lupus-*": 0.0144
						},
						"animationSpeed": 2,
						"range": 240,
						"maxDistance": 5,
						"minSeekSeconds": 240, 
						"duringDayTimeFrames": [{"fromHour": 18,"toHour": 24},{"fromHour": 0,"toHour": 6}],
						"stopOnHurt": true,
						"whenSwimming": false,
						"tagsAppliedToEntity": ["state-moving"],
						"whenNotInEmotionState": "aggressiveondamage|fleeondamage"
					},	
						//stay close to player day		
					{
						"code": "stayclosetoentity",
						"priority": 3.5,
						"priorityForCancel": 5.0,
						"animation": "Trot",
						"entityCodeByType": {
							"*": "player"
						},
						"movespeedByType": {
							"*-female-canis-familiaris-*": 0.012,"*-male-canis-familiaris-*": 0.0132,
							"*-female-canis-lupus-*": 0.0128,"*-male-canis-lupus-*": 0.0144
						},
						"animationSpeed": 2,
						"range": 240,
						"maxDistance": 15,
						"minSeekSeconds": 240, 
						"duringDayTimeFrames": [{"fromHour": 6,"toHour": 18}],
						"stopOnHurt": true,
						"whenSwimming": false,
						"DontExecuteIfRecentlyAttacked": true,
						"tagsAppliedToEntity": ["state-moving"],
						"whenNotInEmotionState": "aggressiveondamage|fleeondamage"
					},
					//-------------------------Conditional Down Time-------------------------//
					//sleeping times
					{
						"code": "idle",
						"priority": 1.5,
						"priorityForCancel": 6,
						"animation": "Sleep",
						"minduration": 60000000,
						"maxduration": 480000000,
						"animationSpeed": 0.3,
						"chance": 0.125,
						"duringDayTimeFramesByType": {
							"*-canis-familiaris-*":[{"fromHour": 21,"toHour": 24},{"fromHour": 0,"toHour": 9}],
							"*-canis-lupus-*":[{"fromHour": 9,"toHour": 18}]},
						"stopOnHurt": true,
						"whenSwimming": false,
						"tagsAppliedToEntity": ["state-sneaking"],
						"whenNotInEmotionState": "aggressiveondamage|fleeondamage"
					},
						//calls at specific time of day
					{
						"code": "idle",
						"priority": 1.41,
						"priorityForCancel": 2.0,
						"animation": "Howl",
						"chance": 0.0125,
						"minduration": 2000,
						"maxduration": 20000,
						"animationSpeed": 3,
						"duringDayTimeFramesByType": {
							"*-canis-familiaris-*":[{"fromHour": 0,"toHour": 1}],
							"*-canis-lupus-*":[{"fromHour": 22,"toHour": 23}]},
						"soundByType": {
							"*-familiaris-*":"caninae:creature/canis/dingo-howl",
							"*":"game:creature/wolf/howl*"},
						"soundrepeatMS": 3000,
						"soundVolume": 0.95,
						"soundRangeByType": {"*": 120},
						"whenNotInEmotionState": "aggressiveondamage|fleeondamage"
					},
						//rare chance of bark all day
					{
						"code": "idle",
						"priority": 1.41,
						"priorityForCancel": 2.0,
						"animation": "Bark",
						"chance": 0.0125,
						"minduration": 4000,
						"maxduration": 20000,
						"animationSpeed": 3,
						"soundByType": {
							"*-familiaris-*":"caninae:creature/canis/dingo-bark",
							"*":"game:creature/wolf/hurt"},						
						"soundrepeatMS": 4000,
						"soundVolume": 0.95,
						"soundRangeByType": {"*": 90},
						"whenNotInEmotionState": "aggressiveondamage|fleeondamage"
					},
						//rare chance of call all day
					{
						"code": "idle",
						"priority": 1.41,
						"priorityForCancel": 2.0,
						"animation": "Howl",
						"chance": 0.00125,
						"minduration": 2000,
						"maxduration": 20000,
						"animationSpeed": 3,
						"soundByType": {
							"*-familiaris-*":"caninae:creature/canis/dingo-howl",
							"*":"game:creature/wolf/howl*"},
						"soundrepeatMS": 3000,
						"soundVolume": 0.95,
						"soundRangeByType": {"*": 120},
						"whenNotInEmotionState": "aggressiveondamage|fleeondamage"
					},
					//-------------------------Down Time-------------------------//
						//wandering canter at any time
					{
						"code": "wander",
						"priority": 0.8,
						"priorityForCancel": 2.0,
						"animation": "Canter",
						"minduration": 8000,
						"wanderChance": 0.005,
						"movespeedByType": {
							"*-female-canis-familiaris-*": 0.06,"*-male-canis-familiaris-*": 0.066,
							"*-female-canis-lupus-*": 0.064,"*-male-canis-lupus-*": 0.072
						},
						"animationSpeed": 2,
						"stopOnHurt": true,
						"whenSwimming": false,
						"tagsAppliedToEntity": ["state-moving"],						
						"whenNotInEmotionState": "aggressiveondamage|fleeondamage"
					},
						//wandering trot at any time
					{
						"code": "wander",
						"priority": 0.8,
						"priorityForCancel": 2.0,
						"animation": "Trot",
						"minduration": 8000,
						"wanderChance": 0.05,
						"movespeedByType": {
							"*-female-canis-familiaris-*": 0.012,"*-male-canis-familiaris-*": 0.0132,
							"*-female-canis-lupus-*": 0.0128,"*-male-canis-lupus-*": 0.0144
						},
						"animationSpeed": 2,
						"stopOnHurt": true,
						"whenSwimming": false,
						"tagsAppliedToEntity": ["state-moving"],						
						"whenNotInEmotionState": "aggressiveondamage|fleeondamage"
					},
						//wandering walk at any time
					{
						"code": "wander",
						"priority": 0.8,
						"priorityForCancel": 2.0,
						"animation": "Walk",
						"minduration": 8000,
						"wanderChance": 0.5,
						"movespeedByType": {
							"*-female-canis-familiaris-*": 0.006,"*-male-canis-familiaris-*": 0.0066,
							"*-female-canis-lupus-*": 0.0064,"*-male-canis-lupus-*": 0.0072
						},
						"animationSpeed": 1,
						"stopOnHurt": true,
						"whenSwimming": false,
						"tagsAppliedToEntity": ["state-moving"],
						"whenNotInEmotionState": "aggressiveondamage|fleeondamage"
					},
						//sitting at any time
					{
						"code": "idle",
						"priority": 0.7,
						"priorityForCancel": 2.0,
						"animation": "Sit",
						"minduration": 12000,
						"maxduration": 120000,
						"chance": 0.25,
						"minCooldown": 12000,
						"maxCooldown": 120000,
						"stopOnHurt": true,
						"whenSwimming": false,
						"whenNotInEmotionState": "aggressiveondamage|fleeondamage"
					},
						//laying at any time
					{
						"code": "idle",
						"priority": 0.7,
						"priorityForCancel": 2.0,
						"animation": "Lie",
						"minduration": 12000,
						"maxduration": 120000,
						"chance": 0.25,
						"minCooldown": 12000,
						"maxCooldown": 120000,
						"stopOnHurt": true,
						"whenSwimming": false,
						"whenNotInEmotionState": "aggressiveondamage|fleeondamage"
					},
						//sniffing at any time
					{
						"code": "idle",
						"priority": 0.7,
						"priorityForCancel": 1.0,
						"animation": "Sniff",
						"minduration": 2500,
						"maxduration": 2500,
						"mincooldown": 6000,
						"maxcooldown": 20000,
						"stopOnHurt": true,
						"whenSwimming": false,
						"whenNotInEmotionState": "aggressiveondamage|fleeondamage"
					},
						//standing at any time
					{
						"code": "idle",
						"priority": 0.7,
						"priorityForCancel": 2.0,
						"animation": "Idle",
						"minduration": 2000,
						"maxduration": 12000,
						"minCooldown": 12000,
						"maxCooldown": 120000,
						"stopOnHurt": true,
						"whenSwimming": false,
						"DontExecuteIfRecentlyAttacked": false,
						"whenNotInEmotionState": "aggressiveondamage|fleeondamage"
					},
						//looking around
					{
						"code": "lookaround",
						"priority": 0.5,
						"stopOnHurt": true,
						"whenNotInEmotionState": "aggressiveondamage|fleeondamage"
					}
				]
			},
			{"code": "ropetieable","minGeneration": 0},
			{"code": "pettable","minGeneration": 1},
			{ "code": "entitystatetags" }
		],
		"spawnconditions": {
			"runtime": {
				"group": "neutral",
				"maxQuantity": 1,
				"maxQuantityByGroup": {"code": "caninae-canina-*","maxQuantity": 2},
				"tryOnlySurface": true,
				"chanceByType": {
					"*": 0.0
				},
				"spawnCapPlayerScaling": 0.0
			}
		}
	},
	"soundsByType": {
"*-familiaris-*":{"hurt": "caninae:creature/canis/dingo-hurt","death": "caninae:creature/canis/dingo-whimper","idle": "caninae:creature/canis/dingo-bark"},
"*":{"hurt": "game:creature/wolf/hurt","death": "game:creature/wolf/hurt","idle": "caninae:creature/aenocyon/bark"}
	},
	"idleSoundChanceByType": {"*-lycaon-pictus":0.2,"*":0.01}
}