{
	"code": "caninae-urocyonini",
	"class": "EntityAgent",
	"tags": ["animal", "huntable", "adult", "predator","habitat-land","urocyoninitag"],
	"canClimb": true,
	"fallDamageMultiplier": 0.25,
	"variantgroups": [
    {"code": "age","states": [ "adult"]},
    {"code": "gender","states": [ "female","male"]},
    {"code": "genus","states": [ "urocyon"]},
    {"code": "species","states": [ "cinereoargenteus","littoralis"]}
	],
	"allowedVariants": [
		"*-urocyon-cinereoargenteus",
		"*-urocyon-littoralis"
	],
	"collisionBoxSizeByType": {
		"*-urocyon-cinereoargenteus": {	"x": 0.8,"y": 0.45},
		"*-urocyon-littoralis": {	"x": 0.6,"y": 0.35}
	},
	"deadCollisionBoxSizeByType": {
		"*-urocyon-cinereoargenteus": {	"x": 0.8,"y": 0.2},
		"*-urocyon-littoralis": {	"x": 0.6,"y": 0.2}
	},
	"eyeHeightByType": {
		"*-urocyon-cinereoargenteus": 0.5,
		"*-urocyon-littoralis": 0.3
	},
	"weightByType": {
		"*-urocyon-cinereoargenteus": 6,
		"*-urocyon-littoralis": 2.5
	},
	"attributes": {
		"trappableByType": {
			"*": {
				"small": { "trapChance": 0.4,	"trapDestroyChance": 0.05 },
				"large": { "trapChance": 0.95,	"trapDestroyChance": 0.0 }
			}
		},
		"creatureDietByType": {
			"*":{
			"foodCategories": ["Fruit","Grain","Protein"],
			"weightedFoodTags": [
				{ "weight": 1, "code": "egg" },
				{ "weight": 0.6, "code": "fish" },
				{ "weight": 0.9, "code": "fruit" },
				{ "weight": 0.9, "code": "fruitmash" },
				{ "weight": 0.1, "code": "grain" },
				{ "weight": 0.9, "code": "insect" },
				{ "weight": 0.7, "code": "meat" },
				{ "weight": 0.2, "code": "peanut" },
				{ "weight": 0.9, "code": "sweetBerryBush" },
				{ "weight": 1, "code": "tastyvegetable" }
			]
		}},
		"handbook": {"groupcode": "creaturegroup-urocyonini"},
	"killedByInfoText": "deadcreature-eaten"},
	"drops": [],
	"client": {
		"renderer": "Shape",
		"shapeByType": {
			"*-urocyon-cinereoargenteus": { "base": "entity/animal/mammal/urocyonini/cinereoargenteus-male" },
			"*-urocyon-littoralis": { "base": "entity/animal/mammal/urocyonini/littoralis-male" }
		},
		"textureByType": {
			"*-urocyon-cinereoargenteus": { "base": "entity/animal/mammal/urocyon/cinereoargenteus-adult" },
			"*-urocyon-littoralis": { "base": "entity/animal/mammal/urocyon/littoralis-adult" }
		},
		"sizeByType": {
		"*-female-urocyon-cinereoargenteus": 0.87,"*-male-urocyon-cinereoargenteus": 0.92,
		"*-female-urocyon-littoralis": 0.67,"*-male-urocyon-littoralis": 0.7
		},
		"behaviors": [
			{"code": "repulseagents" },
			{"code": "controlledphysics","stepHeight": 1.1251},
			{"code": "floatupwhenstuck","onlyWhenDead": true},
			{ "code": "multiply","enabledByType": {"*-adult-female-*": true,"*": false}, },
			{"code": "interpolateposition" },
			{"code": "harvestable","quantitySlots": 8},
			{"code": "despawn","minPlayerDistance": 8,"belowLightLevel": 8,"minSeconds": 300},
			{"code": "ropetieable","minGeneration": 2}
		],
		"animations": [
			{"code": "hurt","animation": "Hurt","animationSpeed": 2.2,"weight": 10,"blendMode": "AddAverage"},
			{"code": "die","animation": "Death","animationSpeed": 1.25,"weight": 10,"blendMode": "Average","triggeredBy": { "onControls": [ "dead" ] }},
			{"code": "idle","animation": "Idle","blendMode": "AddAverage","easeOutSpeed": 4,"triggeredBy": { "defaultAnim": true }},
			{"code": "sleep","animation": "Sleep","easeInSpeed": 4,"easeOutSpeed": 4,"blendMode": "Average"},
			{"code": "sit","animation": "Sit","easeInSpeed": 4,"easeOutSpeed": 4,"blendMode": "Average"},
			{"code": "lie","animation": "Lie","easeInSpeed": 4,"easeOutSpeed": 4,"blendMode": "Average"},
			{"code": "swim","animation": "Swim","supressDefaultAnimation": true,"blendMode": "Average"},
			{"code": "walk","animation": "Walk","supressDefaultAnimation": true,"blendMode": "Average"},
			{"code": "trot","animation": "Trot","supressDefaultAnimation": true,"blendMode": "Average"},
			{"code": "canter","animation": "Canter","supressDefaultAnimation": true,"blendMode": "Average"},
			{"code": "gallop","animation": "Gallop","supressDefaultAnimation": true,"blendMode": "Average"}
		]
	},
	"server": {
		"attributes": {
			"pathfinder": {
				"minTurnAnglePerSec": 90,
				"maxTurnAnglePerSec": 360
			}
		},
		"behaviors": [
			{ "code": "repulseagents" },
			{"code": "controlledphysics","stepHeight": 1.1251},
			{"code": "despawn","minPlayerDistance": 8,"belowLightLevel": 8,"minSeconds": 300},
			{"code": "health",
				"maxhealthByType": {
				"*-urocyon-cinereoargenteus": 4,
				"*-urocyon-littoralis": 3
				}
			},
			{"code": "deaddecay",
				"hoursToDecay": 96,
				"decayedBlockByType": {
				"*-urocyon-*": "carcass-tiny"
				}
			},
			{"code": "floatupwhenstuck","onlyWhenDead": true},
			{"code": "harvestable",
				"quantitySlots": 8,
				"drops": [
					{
						"type": "item",
						"code": "game:bushmeat-raw",
						"quantityByType": {
							"*-urocyon-cinereoargenteus": {"avg": 1,"var": 0.3},
							"*-urocyon-littoralis": {"avg": 1,"var": 0.3}
						}
					},
					{
						"type": "item",
						"code": "game:fat",
						"quantityByType": {
							"*-urocyon-cinereoargenteus": {"avg": 0,"var": 0.3},
							"*-urocyon-littoralis": {"avg": 0,"var": 0.1}
						}
					},
					{
						"type": "item",
						"code": "caninae:pelt-raw-urocyonini-{gender}-{genus}-{species}",
						"quantityByType": {
							"*": { "offset": 1, "avg": 0, "var": 0 }
						}
					}
				]
			},
			{"code": "breathe" },
			{"code": "multiply",
				"enabledByType": {"*-adult-female-*": true,"*": false},
				"spawnEntityCodesByType": {
				"*": [ { "code":"caninae:caninae-urocyonini-baby-female-{genus}-{species}"}, {"code": "caninae:caninae-urocyonini-baby-male-{genus}-{species}"} ]
				},
				"requiresNearbyEntityCodeByType": {
					"*": "caninae:caninae-urocyonini-adult-male-{genus}-{species}"
				},
				"requiresNearbyEntityRange": 5,
				"spawnQuantityMin": 1,
				"spawnQuantityMaxByType": {"*-urocyon-cinereoargenteus": 7,"*-urocyon-littoralis": 5},
				"pregnancyDaysByType": {"*-urocyon-cinereoargenteus": 11,"*-urocyon-littoralis": 11},
				"multiplyCooldownDaysMinByType": {"*-urocyon-cinereoargenteus": 2,"*-urocyon-littoralis": 2},
				"multiplyCooldownDaysMaxByType": {"*-urocyon-cinereoargenteus": 12,"*-urocyon-littoralis": 12},
				"portionsEatenForMultiplyByType": {"*-urocyon-cinereoargenteus": 4,"*-urocyon-littoralis": 3}
			},
			{"code": "emotionstates",
				"states": [
					{"code": "fleeondamage","duration": 120,
						"chanceByType": {
							"*-urocyon-*": 0.95
						},
						"slot": 2,"priority": 5,"accumType": "max","whenHealthRelBelow": 0.75},
					{"code": "aggressiveondamage","duration": 30,
						"chanceByType": {
							"*-urocyon-*": 0.05
						},
						"slot": 2,"priority": 2,"accumType": "noaccum"},
					{"code": "fleeondamage","duration": 60,"chance": 1,"slot": 2,"priority": 1,"accumType": "max"},
					{"code": "alarmherdondamage","chance": 1,"slot": 1,"priority": 1,"accumType": "max"},
					{"code": "saturated","duration": 2880,"chance": 1,"slot": 0,"priority": 1,"accumType": "sum"},
					{ "code": "aggressivearoundentities", "duration": 60, "chance": 1, "slot": 2, "priority": 4, "entityCodes": ["caninae:caninae-urocyonini-baby-female-{genus}-{species}","caninae:caninae-urocyonini-baby-male-{genus}-{species}"], "maxGeneration": 2 }
				]
			},
			{
				"code": "taskai",
				"aiCreatureType": "LandCreature",
				"aitasks": [
					//-------------------------Movement Speed tests-------------------------//
						//wandering run at any time
					{
						"code": "wander-r",
						"enabled":  false,
						"priority": 10.8,
						"priorityForCancel": 12.0,
						"animation": "Gallop",
						"mindurationMs": 80000,
						"movespeedByType": {
							"*-female-urocyon-cinereoargenteus": 0.104,"*-male-urocyon-cinereoargenteus": 0.112,
							"*-female-urocyon-littoralis": 0.082,"*-male-urocyon-littoralis": 0.088
						},
						"animationSpeed": 4,
						"stopOnHurt": true,
						"whenSwimming": false,
						"DontExecuteIfRecentlyAttacked": true,
						"tagsAppliedToEntity": ["state-moving"],
						"whenNotInEmotionState": ["aggressiveondamage","fleeondamage"]
					},
						//wandering canter at any time
					{
						"code": "wander-r",
						"enabled":  false,
						"priority": 10.8,
						"priorityForCancel": 12.0,
						"animation": "Canter",
						"mindurationMs": 80000,
						"movespeedByType": {
							"*-female-urocyon-cinereoargenteus": 0.026,"*-male-urocyon-cinereoargenteus": 0.028,
							"*-female-urocyon-littoralis": 0.021,"*-male-urocyon-littoralis": 0.022
						},
						"animationSpeed": 2,
						"stopOnHurt": true,
						"whenSwimming": false,
						"DontExecuteIfRecentlyAttacked": true,
						"tagsAppliedToEntity": ["state-moving"],
						"whenNotInEmotionState": ["aggressiveondamage","fleeondamage"]
					},
						//wandering trot at any time
					{
						"code": "wander-r",
						"enabled":  false,
						"priority": 10.8,
						"priorityForCancel": 12.0,
						"animation": "Trot",
						"mindurationMs": 80000,
						"movespeedByType": {
							"*-female-urocyon-cinereoargenteus": 0.0052,"*-male-urocyon-cinereoargenteus": 0.0056,
							"*-female-urocyon-littoralis": 0.0042,"*-male-urocyon-littoralis": 0.0044
						},
						"animationSpeed": 2,
						"stopOnHurt": true,
						"whenSwimming": false,
						"DontExecuteIfRecentlyAttacked": true,
						"tagsAppliedToEntity": ["state-moving"],
						"whenNotInEmotionState": ["aggressiveondamage","fleeondamage"]
					},
						//wandering walk at any time
					{
						"code": "wander-r",
						"enabled":  false,
						"priority": 10.8,
						"priorityForCancel": 12.0,
						"animation": "Walk",
						"mindurationMs": 80000,
						"movespeedByType": {
							"*-female-urocyon-cinereoargenteus": 0.0026,"*-male-urocyon-cinereoargenteus": 0.0028,
							"*-female-urocyon-littoralis": 0.0021,"*-male-urocyon-littoralis": 0.0022
						},
						"animationSpeed": 1,
						"stopOnHurt": true,
						"whenSwimming": false,
						"DontExecuteIfRecentlyAttacked": true,
						"tagsAppliedToEntity": ["state-moving"],
						"whenNotInEmotionState": ["aggressiveondamage","fleeondamage"]
					},
					//-------------------------Leave Deadly Conditions-------------------------//
						//fleeing when injured
					{
						"code": "fleeentity-r",
						"priority": 9.41,
						"priorityForCancel": 9.41,
						"animation": "Gallop",
						"entityCodes": [],
						"skipEntityTags": [["carcass","egg","nest","state-burrowed", "state-sneaking"]],
						"targetLightLevels": [1, 14, 22, 28],
						"movespeedByType": {
							"*-female-urocyon-cinereoargenteus": 0.104,"*-male-urocyon-cinereoargenteus": 0.112,
							"*-female-urocyon-littoralis": 0.082,"*-male-urocyon-littoralis": 0.088
						},
						"animationSpeed": 4,
						"seekingRange": 20,
						"fleeingDistance" : 50,
						"fleeDurationWhenTargetLost": 20000,
						"whenInEmotionState": ["fleeondamage"],
						"tagsAppliedToEntity": ["state-moving","state-sprinting"],
						"whenSwimming": false

					},
						//fleeing when injured in water
					{
						"code": "fleeentity-r",
						"priority": 9.41,
						"priorityForCancel": 9.41,
						"animation": "Swim",
						"entityCodes": [],
						"skipEntityTags": [["carcass","egg","nest","state-burrowed", "state-sneaking"]],
						"targetLightLevels": [1, 14, 22, 28],
						"movespeedByType": {
							"*-urocyon-cinereoargenteus": 0.036,
							"*-urocyon-littoralis":0.024
						},
						"animationSpeed": 1,
						"seekingRange": 120,
						"fleeingDistance" : 180,
						"fleeDurationWhenTargetLost": 60000,
						"whenSwimming": true,
						"whenInEmotionState": ["fleeondamage"],
						"tagsAppliedToEntity": ["state-feet-in-liquid","state-moving","state-swimming"]

					},
						//fleeing when injured slower to finish flee on damage emotion state
					{
						"code": "fleeentity-r",
						"priority": 9.4,
						"priorityForCancel": 9.4,
						"animation": "Canter",
						"entityCodes": [],
						"skipEntityTags": [["carcass","egg","nest","state-burrowed", "state-sneaking"]],
						"targetLightLevels": [1, 14, 22, 28],
						"movespeedByType": {
							"*-female-urocyon-cinereoargenteus": 0.026,"*-male-urocyon-cinereoargenteus": 0.028,
							"*-female-urocyon-littoralis": 0.021,"*-male-urocyon-littoralis": 0.022
						},
						"animationSpeed": 2,
						"seekingRange": 120,
						"fleeingDistance" : 180,
						"fleeDurationWhenTargetLost": 60000,
						"whenInEmotionState": ["fleeondamage"],
						"tagsAppliedToEntity": ["state-moving","state-sprinting"],
						"whenSwimming": false

					},
					//-------------------------Combat-------------------------//
						//standard attack, hunting food
					{
						"code": "meleeattack-r",
						"priority": 7.6,
						"priorityForCancel": 8.0,
						"animation": "Attack",
						"minTargetWeight": 0.01,
						"maxTargetWeight": 1,
						"entityTags": [["huntable"]],
						"skipEntityTags": [["ferocious","poisonous","carcass","egg","nest","state-burrowed", "state-sneaking","urocyoninitag"]],
						"entityCodes": ["placeholder"],
						"skipEntityCodes": ["caninae-urocyonini-adult-female-{genus}-{species}","caninae-urocyonini-adult-male-{genus}-{species}","caninae-urocyonini-baby-female-{genus}-{species}","caninae-urocyonini-baby-male-{genus}-{species}"],
						"targetLightLevels": [1, 14, 22, 28],
						"animationSpeed": 2,
						"damageByType": {
							"*-cinereoargenteus": 3,
							"*-littoralis": 1
						},
						"damageType": "PiercingAttack",
						"maxAttackDistanceByType": {"*-cinereoargenteus":1.0,"*-littoralis":0.8},
						"damageTier": 1,
						"mincooldownMs": 500,
						"maxcooldownMs": 500,
						"attackDurationMs": 800,
						"damageWindowMs": [250,660],
						"tamingGenerations": 2,
						"alarmHerd": true,
						"EatAfterKill" : true,
						"playerIsMeal" : true,
						"soundByType": {"*-urocyon-*":"caninae:creature/urocyon/attack"},
						"stopOnHurt": true,
						"DontExecuteIfRecentlyAttacked": true,
						"tagsAppliedToEntity": ["ferocious"],
						"whenNotInEmotionState": ["aggressiveondamage","fleeondamage","saturated"]
					},
						//standard attack, when aggressive
					{
						"code": "meleeattack-r",
						"priority": 7.5,
						"priorityForCancel": 8.0,
						"animation": "Attack",
						"minTargetWeight": 0.01,
						"maxTargetWeight": 2,
						"entityTags": [],
						"skipEntityTags": [["ferocious","poisonous","carcass","egg","nest","state-burrowed", "state-sneaking","urocyoninitag"]],
						"entityCodes": ["placeholder"],
						"skipEntityCodes": ["caninae-urocyonini-adult-female-{genus}-{species}","caninae-urocyonini-adult-male-{genus}-{species}","caninae-urocyonini-baby-female-{genus}-{species}","caninae-urocyonini-baby-male-{genus}-{species}"],
						"targetLightLevels": [1, 14, 22, 28],
						"animationSpeed": 2,
						"damageByType": {
							"*-cinereoargenteus": 3,
							"*-littoralis": 1
						},
						"damageType": "PiercingAttack",
						"maxAttackDistanceByType": {"*-cinereoargenteus":1.0,"*-littoralis":0.8},
						"damageTier": 1,
						"mincooldownMs": 500,
						"maxcooldownMs": 500,
						"attackDurationMs": 800,
						"damageWindowMs": [250,660],
						"tamingGenerations": 2,
						"alarmHerd": true,
						"EatAfterKill" : true,
						"playerIsMeal" : true,
						"soundByType": {"*-urocyon-*":"caninae:creature/urocyon/attack"},
						"tagsAppliedToEntity": ["ferocious"],
						"whenInEmotionState": ["aggressiveondamage","aggressivearoundentities"],
						"whenNotInEmotionState": ["fleeondamage"]
					},
						//low damage, ferocious vs ferocious fight
					{
						"code": "meleeattack-r",
						"priority": 7.4,
						"priorityForCancel": 8.0,
						"animation": "Attack",
						"minTargetWeight": 0.01,
						"maxTargetWeight": 1.5,
						"entityTags": [["ferocious"]],
						"skipEntityTags": [["state-burrowed", "state-sneaking","urocyoninitag"]],
						"entityCodes": ["placeholder"],
						"skipEntityCodes": ["caninae-urocyonini-adult-female-{genus}-{species}","caninae-urocyonini-adult-male-{genus}-{species}","caninae-urocyonini-baby-female-{genus}-{species}","caninae-urocyonini-baby-male-{genus}-{species}"],
						"targetLightLevels": [1, 14, 22, 28],
						"animationSpeed": 2,
						"damageByType": {
							"*-cinereoargenteus": 0.6,
							"*-littoralis": 0.2
						},
						"damageType": "PiercingAttack",
						"maxAttackDistanceByType": {"*-cinereoargenteus":1.0,"*-littoralis":0.8},
						"damageTier": 1,
						"mincooldownMs": 500,
						"maxcooldownMs": 1500,
						"attackDurationMs": 800,
						"damageWindowMs": [250,660],
						"alarmHerd": true,
						"EatAfterKill" : false,
						"playerIsMeal" : false,
						"soundByType": {"*-urocyon-*":"caninae:creature/urocyon/attack"},
						"stopOnHurt": false,
						"DontExecuteIfRecentlyAttacked": false,
						"tagsAppliedToEntity": ["ferocious"],
						"whenNotInEmotionState": ["fleeondamage"]
					},
						//protect pup seek
					{
						"code": "seekentity",
						"priority": 7.21,
						"priorityForCancel": 8.0,
						"animation": "Gallop",
						"minTargetWeight": 0.01,
						"maxTargetWeight": 1.5,
						"entityTags": [["ferocious","predator"]],
						"skipEntityTags": [["carcass","egg","nest","state-burrowed", "state-sneaking","urocyoninitag"]],
						"entityCodes": ["placeholder"],
						"skipEntityCodes": ["caninae-urocyonini-adult-female-{genus}-{species}","caninae-urocyonini-adult-male-{genus}-{species}","caninae-urocyonini-baby-female-{genus}-{species}","caninae-urocyonini-baby-male-{genus}-{species}"],
						"targetLightLevels": [1, 14, 22, 28],
						"alarmHerd": true,
						"herdAlarmRange": 30,
						"maxFollowTimeSec": 240, 
						"movespeedByType": {
							"*-female-urocyon-cinereoargenteus": 0.104,"*-male-urocyon-cinereoargenteus": 0.112,
							"*-female-urocyon-littoralis": 0.082,"*-male-urocyon-littoralis": 0.088
						},
						"animationSpeed": 2,
						"seekingRange": 25,
						"jumpAtTarget": false,
						"soundByType": {"*-urocyon-*":"caninae:creature/urocyon/hurt"},
						"stopOnHurt": false,
						"whenSwimming": false,
						"DontExecuteIfRecentlyAttacked": false,
						"tagsAppliedToEntity": ["ferocious","state-moving"],
						"whenInEmotionState": "aggressivearoundentities",
						"whenNotInEmotionState": "fleeondamage"
					},
					//stay in fight
					{
						"code": "seekentity",
						"priority": 7.2,
						"priorityForCancel": 8.0,
						"animation": "Gallop",
						"minTargetWeight": 0.01,
						"maxTargetWeight": 2,
						"entityTags": [[]],
						"skipEntityTags": [["poisonous","carcass","egg","nest","state-burrowed", "state-sneaking","urocyoninitag"]],
						"entityCodes": ["placeholder"],
						"skipEntityCodes": ["caninae-urocyonini-adult-female-{genus}-{species}","caninae-urocyonini-adult-male-{genus}-{species}","caninae-urocyonini-baby-female-{genus}-{species}","caninae-urocyonini-baby-male-{genus}-{species}"],
						"targetLightLevels": [1, 14, 22, 28],
						"alarmHerd": true,
						"herdAlarmRange": 30,
						"maxFollowTimeSec": 240, 
						"movespeedByType": {
							"*-female-urocyon-cinereoargenteus": 0.104,"*-male-urocyon-cinereoargenteus": 0.112,
							"*-female-urocyon-littoralis": 0.082,"*-male-urocyon-littoralis": 0.088
						},
						"animationSpeed": 2,
						"seekingRange": 5,
						"jumpAtTarget": false,
						"soundByType": {"*-urocyon-*":"caninae:creature/urocyon/hurt"},
						"stopOnHurt": false,
						"whenSwimming": false,
						"DontExecuteIfRecentlyAttacked": false,
						"tagsAppliedToEntity": ["ferocious","state-moving"],
						"whenInEmotionState": "aggressiveondamage",
						"whenNotInEmotionState": "fleeondamage"
					},
						//low damage against helpless target
					{
						"code": "meleeattack-r",
						"priority": 7.1,
						"priorityForCancel": 8.0,
						"animation": "Eat",
						"minTargetWeight": 0.0001,
						"maxTargetWeight": 0.1,
						"entityTags": [["carcass","egg","nest","animal"],["huntable"]],
						"entityCodes": ["placeholder"],
						"skipEntityTags": [["state-burrowed", "state-sneaking","urocyoninitag"]],
						"skipEntityCodes": ["caninae-urocyonini-adult-female-{genus}-{species}","caninae-urocyonini-adult-male-{genus}-{species}","caninae-urocyonini-baby-female-{genus}-{species}","caninae-urocyonini-baby-male-{genus}-{species}"],
						"targetLightLevels": [1, 14, 22, 28],
						"animationSpeed": 1,
						"damageByType": {
							"*-cinereoargenteus": 1.2,
							"*-littoralis": 0.4
						},
						"damageType": "PiercingAttack",
						"maxAttackDistanceByType": {"*-cinereoargenteus":1.0,"*-littoralis":0.8},
						"damageTier": 1,
						"mincooldownMs": 500,
						"maxcooldownMs": 1500,
						"attackDurationMs": 1800,
						"damageWindowMs": [830,1000],
						"EatAfterKill" : true,
						"playerIsMeal" : false,
						"soundByType": {
							"*": "game:creature/animal-eat1"							
						},
						"stopOnHurt": false,
						"DontExecuteIfRecentlyAttacked": true,
						"tagsAppliedToEntity": ["ferocious"],
						"whenNotInEmotionState": ["aggressiveondamage","aggressivearoundentities","fleeondamage","saturated"]
					},
						//low damage against dead target
					{
						"code": "meleeattack-r",
						"priority": 7.1,
						"priorityForCancel": 8.0,
						"animation": "Eat",
						"minTargetWeight": 0.25,
						"maxTargetWeight": 9999,
						"entityTags": [["huntable"]],
						"skipEntityTags": [["boss","mechanical","rust-creature","poisonous","state-alive","urocyoninitag"]],
						"entityCodes": ["placeholder"],
						"IgnoreDeadEntities": false,
						"targetLightLevels": [1, 14, 22, 28],
						"animationSpeed": 1,
						"damageByType": {
							"*-cinereoargenteus": 1.2,
							"*-littoralis": 0.4
						},
						"damageType": "PiercingAttack",
						"maxAttackDistanceByType": {"*-cinereoargenteus":1.0,"*-littoralis":0.8},
						"damageTier": 1,
						"mincooldownMs": 500,
						"maxcooldownMs": 1500,
						"attackDurationMs": 1800,
						"damageWindowMs": [830,1000],
						"EatAfterKill" : true,
						"playerIsMeal" : true,
						"soundByType": {
							"*": "game:creature/animal-eat1"							
						},
						"stopOnHurt": false,
						"DontExecuteIfRecentlyAttacked": true,
						"tagsAppliedToEntity": ["ferocious"],
						"whenNotInEmotionState": ["aggressiveondamage","fleeondamage","saturated"]
					},
						//low damage, play fight
					{
						"code": "meleeattack-r",
						"priority": 7.0,
						"priorityForCancel": 8.0,
						"animation": "Attack",
						"minTargetWeight": 0.001,
						"maxTargetWeight": 2,
						"entityTags": [["huntable"]],
						"skipEntityTags": [["state-burrowed","state-sneaking","urocyoninitag"]],
						"entityCodes": ["placeholder"],
						"skipEntityCodes": ["caninae-urocyonini-adult-female-{genus}-{species}","caninae-urocyonini-adult-male-{genus}-{species}","caninae-urocyonini-baby-female-{genus}-{species}","caninae-urocyonini-baby-male-{genus}-{species}"],
						"targetLightLevels": [1, 14, 22, 28],
						"animationSpeed": 2,
						"executionChance": 0.1,
						"damageByType": {
							"*-cinereoargenteus": 0.6,
							"*-littoralis": 0.2
						},
						"damageType": "PiercingAttack",
						"maxAttackDistanceByType": {"*-cinereoargenteus":1.0,"*-littoralis":0.8},
						"damageTier": 1,
						"mincooldownMs": 500,
						"maxcooldownMs": 1500,
						"attackDurationMs": 800,
						"damageWindowMs": [250,660],
						"EatAfterKill" : false,
						"playerIsMeal" : false,
						"soundByType": {"*-urocyon-*":"caninae:creature/urocyon/attack"},
						"tamingGenerations": 10,
						"stopOnHurt": true,
						"DontExecuteIfRecentlyAttacked": true,
						"tagsAppliedToEntity": ["ferocious"],
						"whenNotInEmotionState": ["aggressiveondamage","fleeondamage"]
					},
						//attack to have damage on UI
					{
						"code": "meleeattack-r",
						"priority": 7.0,
						"animation": "Attack",
						"entityCodes": ["placeholder"],
						"skipEntityTags": [["urocyoninitag"]],
						"animationSpeed": 2,
						"damageByType": {
							"*-cinereoargenteus": 3,
							"*-littoralis": 1
						},
						"damageType": "PiercingAttack",
						"maxAttackDistanceByType": {"*-cinereoargenteus":1.0,"*-littoralis":0.8},
						"damageTier": 1
					},
					//-------------------------Avoid Dangerous Entities-------------------------//
						//threat display due to ferocious predator
					{
						"code": "lookatentity",
						"enabled": false,
						"priority": 5.83,
						"priorityForCancel": 6.0,
						"animation": "Yip",
						"minDurationMs": 500,
						"MaxDurationMs": 24000,
						"minCooldownMs": 1000,
						"maxCoolDownMs": 10000,
						"minTargetWeight": 0.001,
						"maxTargetWeight": 1.125,
						"entityTags": [["ferocious"],["predator"]],
						"skipEntityTags": [["state-burrowed", "state-sneaking","urocyoninitag"]],
						"entityCodes": ["placeholder"],
						"skipEntityCodes": ["caninae-urocyonini-adult-female-{genus}-{species}","caninae-urocyonini-adult-male-{genus}-{species}","caninae-urocyonini-baby-female-{genus}-{species}","caninae-urocyonini-baby-male-{genus}-{species}"],
						"targetLightLevels": [1, 14, 22, 28],
						"animationSpeed": 0.75,
						"seekingRange": 5,
						"soundByType": {"*-urocyon-*":"caninae:creature/urocyon/attack"},
						"soundStartMs": 500,
						"soundRepeatMs": 7000,
						"soundVolume": 0.75,
						"soundRangeByType": {"*": 30},
						"stopOnHurt": true,
						"whenSwimming": false,
						"DontExecuteIfRecentlyAttacked": true,
						"tagsAppliedToEntity": ["ferocious"],
						"whenNotInEmotionState": "aggressiveondamage|fleeondamage"
					},
						//stare at animal doing threat display
					{
						"code": "lookatentity",
						"enabled": false,
						"priority": 5.82,
						"priorityForCancel": 6.0,
						"animation": "Idle",
						"minDurationMs": 2500,
						"MaxDurationMs": 24000,
						"minCooldownMs": 1000,
						"maxCoolDownMs": 10000,
						"minTargetWeight": 0.03,
						"maxTargetWeight": 1.125,
						"entityTags": [["huntable","predator"],["defended","ferocious","poisonous","prickly","shelled","venomous","state-armed","has-open-fire"]],
						"skipEntityTags": [["state-burrowed", "state-sneaking","urocyoninitag"]],
						"entityCodes": ["placeholder"],
						"skipEntityCodes": ["caninae-urocyonini-adult-female-{genus}-{species}","caninae-urocyonini-adult-male-{genus}-{species}","caninae-urocyonini-baby-female-{genus}-{species}","caninae-urocyonini-baby-male-{genus}-{species}"],
						"targetLightLevels": [1, 14, 22, 28],
						"animationSpeed": 0.01,
						"seekingRange": 5,
						"stopOnHurt": true,
						"whenSwimming": false,
						"DontExecuteIfRecentlyAttacked": true,
						"tagsAppliedToEntity": ["ferocious"],
						"whenNotInEmotionState": "aggressiveondamage|fleeondamage"
					},
						//be aggressive due to ferocious threat display of smaller animal
					{
						"code": "seekentity",
						"priority": 5.81,
						"priorityForCancel": 6.0,
						"animation": "Canter",
						"minTargetWeight": 0.003,
						"maxTargetWeight": 0.5,
						"entityTags": [["predator","huntable"],["ferocious","defended","state-armed"]],
						"skipEntityTags": [["carcass","egg","nest","state-burrowed", "state-sneaking","urocyoninitag"]],
						"entityCodes": ["placeholder"],
						"skipEntityCodes": ["caninae-urocyonini-adult-female-{genus}-{species}","caninae-urocyonini-adult-male-{genus}-{species}","caninae-urocyonini-baby-female-{genus}-{species}","caninae-urocyonini-baby-male-{genus}-{species}"],
						"targetLightLevels": [1, 14, 22, 28],
						"alarmHerd": true,
						"herdAlarmRange": 30,
						"maxFollowTimeSec": 60, 
						"executionChance": 0.55,
						"movespeedByType": {
							"*-female-urocyon-cinereoargenteus": 0.026,"*-male-urocyon-cinereoargenteus": 0.028,
							"*-female-urocyon-littoralis": 0.021,"*-male-urocyon-littoralis": 0.022
						},
						"animationSpeed": 2,
						"seekingRange": 6,
						"jumpAtTarget": false,
						"jumpAnimationCode": null,
						"soundByType": {"*-urocyon-*":"caninae:creature/urocyon/attack"},
						"soundVolume": 0.75,
						"soundRangeByType": {"*": 60},
						"stopOnHurt": false,
						"whenSwimming": false,
						"DontExecuteIfRecentlyAttacked": false,
						"tagsAppliedToEntity": ["ferocious","state-moving"],
						"whenNotInEmotionState": "fleeondamage"
					},
						//be aggressive due to ferocious threat display of larger animal
					{
						"code": "seekentity",
						"priority": 5.81,
						"priorityForCancel": 6.0,
						"animation": "Canter",
						"minTargetWeight": 0.5,
						"maxTargetWeight": 1.125,
						"entityTags": [["predator","huntable"],["ferocious","defended","state-armed"]],
						"skipEntityTags": [["carcass","egg","nest","state-burrowed", "state-sneaking","urocyoninitag"]],
						"entityCodes": ["placeholder"],
						"skipEntityCodes": ["caninae-urocyonini-adult-female-{genus}-{species}","caninae-urocyonini-adult-male-{genus}-{species}","caninae-urocyonini-baby-female-{genus}-{species}","caninae-urocyonini-baby-male-{genus}-{species}"],
						"targetLightLevels": [1, 14, 22, 28],
						"alarmHerd": true,
						"herdAlarmRange": 30,
						"maxFollowTimeSec": 60, 
						"executionChance": 0.125,
						"movespeedByType": {
							"*-female-urocyon-cinereoargenteus": 0.026,"*-male-urocyon-cinereoargenteus": 0.028,
							"*-female-urocyon-littoralis": 0.021,"*-male-urocyon-littoralis": 0.022
						},
						"animationSpeed": 2,
						"seekingRange": 6,
						"jumpAtTarget": false,
						"jumpAnimationCode": null,
						"soundByType": {"*-urocyon-*":"caninae:creature/urocyon/attack"},
						"soundVolume": 0.75,
						"soundRangeByType": {"*": 60},
						"stopOnHurt": false,
						"whenSwimming": false,
						"DontExecuteIfRecentlyAttacked": false,
						"tagsAppliedToEntity": ["ferocious","state-moving"],
						"whenNotInEmotionState": "fleeondamage"
					},
						//be aggressive due to toxic threat display
					{
						"code": "seekentity",
						"priority": 5.81,
						"priorityForCancel": 6.0,
						"animation": "Trot",
						"minTargetWeight": 0.01,
						"maxTargetWeight": 10,
						"entityTags": [["huntable"],["poisonous","venomous"]],
						"skipEntityTags": [["carcass","egg","nest","state-burrowed", "state-sneaking","urocyoninitag"]],
						"entityCodes": ["placeholder"],
						"skipEntityCodes": ["caninae-urocyonini-adult-female-{genus}-{species}","caninae-urocyonini-adult-male-{genus}-{species}","caninae-urocyonini-baby-female-{genus}-{species}","caninae-urocyonini-baby-male-{genus}-{species}"],
						"targetLightLevels": [1, 14, 22, 28],
						"alarmHerd": true,
						"herdAlarmRange": 30,
						"maxFollowTimeSec": 60, 
						"executionChance": 0.015,
						"movespeedByType": {
							"*-female-urocyon-cinereoargenteus": 0.0052,"*-male-urocyon-cinereoargenteus": 0.0056,
							"*-female-urocyon-littoralis": 0.0042,"*-male-urocyon-littoralis": 0.0044
						},
						"animationSpeed": 2,
						"seekingRange": 6,
						"jumpAtTarget": false,
						"jumpAnimationCode": null,
						"soundByType": {"*-urocyon-*":"caninae:creature/urocyon/hurt"},
						"soundVolume": 0.75,
						"soundRangeByType": {"*": 60},
						"stopOnHurt": false,
						"whenSwimming": false,
						"DontExecuteIfRecentlyAttacked": false,
						"tagsAppliedToEntity": ["ferocious","state-moving"],
						"whenNotInEmotionState": "fleeondamage"
					},
						//be aggressive due to dangerous threat display
					{
						"code": "seekentity",
						"priority": 5.81,
						"priorityForCancel": 6.0,
						"animation": "Trot",
						"minTargetWeight": 0.01,
						"maxTargetWeight": 1,
						"entityTags": [["huntable"],["defended","prickly","shelled","has-open-fire"]],
						"skipEntityTags": [["carcass","egg","nest","state-burrowed", "state-sneaking","urocyoninitag"]],
						"entityCodes": ["placeholder"],
						"skipEntityCodes": ["caninae-urocyonini-adult-female-{genus}-{species}","caninae-urocyonini-adult-male-{genus}-{species}","caninae-urocyonini-baby-female-{genus}-{species}","caninae-urocyonini-baby-male-{genus}-{species}"],
						"targetLightLevels": [1, 14, 22, 28],
						"alarmHerd": true,
						"herdAlarmRange": 30,
						"maxFollowTimeSec": 60, 
						"executionChance": 0.125,
						"movespeedByType": {
							"*-female-urocyon-cinereoargenteus": 0.0052,"*-male-urocyon-cinereoargenteus": 0.0056,
							"*-female-urocyon-littoralis": 0.0042,"*-male-urocyon-littoralis": 0.0044
						},
						"animationSpeed": 2,
						"seekingRange": 6,
						"jumpAtTarget": false,
						"jumpAnimationCode": null,
						"soundByType": {"*-urocyon-*":"caninae:creature/urocyon/hurt"},
						"soundVolume": 0.75,
						"soundRangeByType": {"*": 60},
						"stopOnHurt": false,
						"whenSwimming": false,
						"DontExecuteIfRecentlyAttacked": false,
						"tagsAppliedToEntity": ["ferocious","state-moving"],
						"whenNotInEmotionState": "fleeondamage"
					},
						//fleeing due to dangerous threat display
					{
						"code": "fleeentity-r",
						"priority": 5.8,
						"priorityForCancel": 6.0,
						"animation": "Canter",
						"minTargetWeight": 0.01,
						"maxTargetWeight": 1,
						"entityTags": [["predator","huntable"],["venomous","ferocious","defended","state-armed","has-open-fire"]],
						"skipEntityTags": [["carcass","egg","nest","state-burrowed", "state-sneaking","urocyoninitag"]],
						"skipEntityCodes": ["caninae-urocyonini-adult-female-{genus}-{species}","caninae-urocyonini-adult-male-{genus}-{species}","caninae-urocyonini-baby-female-{genus}-{species}","caninae-urocyonini-baby-male-{genus}-{species}"],
						"targetLightLevels": [1, 14, 22, 28],
						"movespeedByType": {
							"*-female-urocyon-cinereoargenteus": 0.026,"*-male-urocyon-cinereoargenteus": 0.028,
							"*-female-urocyon-littoralis": 0.021,"*-male-urocyon-littoralis": 0.022
						},
						"animationSpeed": 2,
						"seekingRange": 6,
						"fleeingDistance" : 50,
						"fleeDurationWhenTargetLost": 20000,
						"tagsAppliedToEntity": ["ferocious","state-moving","state-sprinting"],
						"whenSwimming": false,
						"whenNotInEmotionState": ["aggressiveondamage","fleeondamage"]

					},
						//fleeing due to passive threat display
					{
						"code": "fleeentity-r",
						"priority": 5.8,
						"priorityForCancel": 6.0,
						"animation": "Trot",
						"minTargetWeight": 0.01,
						"maxTargetWeight": 1,
						"entityTags": [["huntable"],["prickly","defended","shelled","state-armed","has-open-fire"]],
						"skipEntityTags": [["carcass","egg","nest","state-burrowed", "state-sneaking","urocyoninitag"]],
						"skipEntityCodes": ["caninae-urocyonini-adult-female-{genus}-{species}","caninae-urocyonini-adult-male-{genus}-{species}","caninae-urocyonini-baby-female-{genus}-{species}","caninae-urocyonini-baby-male-{genus}-{species}"],
						"targetLightLevels": [1, 14, 22, 28],
						"movespeedByType": {
							"*-female-urocyon-cinereoargenteus": 0.0052,"*-male-urocyon-cinereoargenteus": 0.0056,
							"*-female-urocyon-littoralis": 0.0042,"*-male-urocyon-littoralis": 0.0044
						},
						"animationSpeed": 2,
						"seekingRange": 6,
						"fleeingDistance" : 16,
						"fleeDurationWhenTargetLost": 20000,
						"tagsAppliedToEntity": ["ferocious","state-moving","state-sprinting"],
						"whenSwimming": false,
						"whenNotInEmotionState": ["aggressiveondamage","fleeondamage"]
					},
						//dart away from projectiles/vehicles
					{
						"code": "fleeentity-r",
						"priority": 5.6,
						"priorityForCancel": 6.0,
						"animation": "Canter",
						"entityTags": [["projectile","vehicle"]],
						"targetLightLevels": [1, 14, 22, 28],
						"movespeedByType": {
							"*-female-urocyon-cinereoargenteus": 0.026,"*-male-urocyon-cinereoargenteus": 0.028,
							"*-female-urocyon-littoralis": 0.021,"*-male-urocyon-littoralis": 0.022
						},
						"animationSpeed": 2,
						"fleeDurationMS": 500,
						"seekingRange": 5,
						"fleeingDistance": 2,
						"stopOnHurt": true,
						"whenSwimming": false,
						"tagsAppliedToEntity": ["state-moving","state-sprinting"]
					},
						//avoid large dangerous entities at close range
					{
						"code": "fleeentity-r",
						"priority": 5.6,
						"priorityForCancel": 6.0,
						"animation": "Canter",
						"minTargetWeight": 1,
						"maxTargetWeight": 999,
						"entityTags": [["ferocious","mechanical","predator","rust-creature","swarm","venomous"]],
						"skipEntityTags": [["carcass","nest","state-burrowed", "state-sneaking","urocyoninitag"]],
						"skipEntityCodes": ["caninae-urocyonini-adult-female-{genus}-{species}","caninae-urocyonini-adult-male-{genus}-{species}","caninae-urocyonini-baby-female-{genus}-{species}","caninae-urocyonini-baby-male-{genus}-{species}"],
						"targetLightLevels": [1, 14, 22, 28],
						"movespeedByType": {
							"*-female-urocyon-cinereoargenteus": 0.026,"*-male-urocyon-cinereoargenteus": 0.028,
							"*-female-urocyon-littoralis": 0.021,"*-male-urocyon-littoralis": 0.022
						},
						"animationSpeed": 2,
						"fleeDurationWhenTargetLost": 20000,
						"seekingRange": 10,
						"fleeingDistance": 40,
						"stopOnHurt": true,
						"whenSwimming": false,
						"tagsAppliedToEntity": ["state-moving","state-sprinting"]
					},
						//avoid dangerous entities at close range
					{
						"code": "fleeentity-r",
						"priority": 5.6,
						"priorityForCancel": 6.0,
						"animation": "Canter",
						"entityTags": [["boss","mechanical","rust-creature","swarm","venomous"]],
						"skipEntityTags": [["state-burrowed", "state-sneaking"]],
						"targetLightLevels": [1, 14, 22, 28],
						"movespeedByType": {
							"*-female-urocyon-cinereoargenteus": 0.026,"*-male-urocyon-cinereoargenteus": 0.028,
							"*-female-urocyon-littoralis": 0.021,"*-male-urocyon-littoralis": 0.022
						},
						"animationSpeed": 2,
						"fleeDurationWhenTargetLost": 20000,
						"seekingRange": 10,
						"fleeingDistance": 40,
						"stopOnHurt": true,
						"whenSwimming": false,
						"tagsAppliedToEntity": ["state-moving","state-sprinting"]
					},
						//avoid large dangerous entities at mid range
					{
						"code": "fleeentity-r",
						"priority": 5.2,
						"priorityForCancel": 5.4,
						"animation": "Trot",
						"minTargetWeight": 5,
						"maxTargetWeight": 9999,
						"entityTags": [["ferocious","boss","huntable","mechanical","rust-creature","has-open-fire"]],
						"skipEntityTagsByType": {"*-littoralis":[["humanoid","state-burrowed","state-sneaking","urocyoninitag"]],"*":[["state-burrowed","state-sneaking","urocyoninitag"]]},
						"skipEntityCodes": ["caninae-urocyonini-adult-female-{genus}-{species}","caninae-urocyonini-adult-male-{genus}-{species}","caninae-urocyonini-baby-female-{genus}-{species}","caninae-urocyonini-baby-male-{genus}-{species}"],
						"targetLightLevels": [1, 14, 22, 28],
						"movespeedByType": {
							"*-female-urocyon-cinereoargenteus": 0.0052,"*-male-urocyon-cinereoargenteus": 0.0056,
							"*-female-urocyon-littoralis": 0.0042,"*-male-urocyon-littoralis": 0.0044
						},
						"animationSpeed": 2,
						"fleeDurationWhenTargetLost": 10000,
						"seekingRange": 15,
						"fleeingDistance": 40,
						"soundByType": {"*-urocyon-*":"caninae:creature/urocyon/hurt"},
						"soundVolume": 0.75,
						"soundRangeByType": {"*": 60},
						"stopOnHurt": true,
						"whenSwimming": false,
						"tagsAppliedToEntity": ["state-moving"]
					},
						//avoid large dangerous entities at long range
					{
						"code": "fleeentity-r",
						"priority": 5.0,
						"priorityForCancel": 5.2,
						"animation": "Trot",
						"minTargetWeight": 1,
						"entityTags": [["boss","rust-creature"]],
						"skipEntityTags": [["state-burrowed", "state-sneaking"]],
						"targetLightLevels": [1, 14, 22, 28],
						"movespeedByType": {
							"*-female-urocyon-cinereoargenteus": 0.0052,"*-male-urocyon-cinereoargenteus": 0.0056,
							"*-female-urocyon-littoralis": 0.0042,"*-male-urocyon-littoralis": 0.0044
						},
						"animationSpeed": 2,
						"stopOnHurt": true,
						"whenSwimming": false,
						"seekingRange": 30,
						"fleeingDistance": 60,
						"tagsAppliedToEntity": ["state-moving"]
					},
						//avoid large entities when not hungry
					{
						"code": "fleeentity-r",
						"priority": 5.0,
						"priorityForCancel": 5.2,
						"animation": "Trot",
						"minTargetWeight": 1,
						"maxTargetWeight": 99999,
						"entityTags": [["animal","humanoid","huntable"]],
						"skipEntityTagsByType": {"*-littoralis":[["carcass","humanoid","nest","state-burrowed","state-sneaking","urocyoninitag"]],"*":[["carcass","nest","state-burrowed","state-sneaking","urocyoninitag"]]},
						"skipEntityCodes": ["caninae-urocyonini-adult-female-{genus}-{species}","caninae-urocyonini-adult-male-{genus}-{species}","caninae-urocyonini-baby-female-{genus}-{species}","caninae-urocyonini-baby-male-{genus}-{species}"],
						"targetLightLevels": [1, 14, 22, 28],
						"movespeedByType": {
							"*-female-urocyon-cinereoargenteus": 0.0052,"*-male-urocyon-cinereoargenteus": 0.0056,
							"*-female-urocyon-littoralis": 0.0042,"*-male-urocyon-littoralis": 0.0044
						},
						"animationSpeed": 2,
						"stopOnHurt": true,
						"whenSwimming": false,
						"seekingRange": 10,
						"fleeingDistance": 60,
						"tagsAppliedToEntity": ["state-moving"],
						"whenInEmotionState": ["saturated"]
					},
						//avoid giant entities at long range
					{
						"code": "fleeentity-r",
						"priority": 5.0,
						"priorityForCancel": 5.2,
						"animation": "Trot",
						"minTargetWeight": 10,
						"entityTags": [["animal","humanoid","huntable"]],
						"skipEntityTagsByType": {"*-littoralis":[["carcass","humanoid","nest","state-burrowed","state-sneaking","urocyoninitag"]],"*":[["carcass","nest","state-burrowed","state-sneaking","urocyoninitag"]]},
						"skipEntityCodes": ["caninae-urocyonini-adult-female-{genus}-{species}","caninae-urocyonini-adult-male-{genus}-{species}","caninae-urocyonini-baby-female-{genus}-{species}","caninae-urocyonini-baby-male-{genus}-{species}"],
						"targetLightLevels": [1, 14, 22, 28],
						"movespeedByType": {
							"*-female-urocyon-cinereoargenteus": 0.0052,"*-male-urocyon-cinereoargenteus": 0.0056,
							"*-female-urocyon-littoralis": 0.0042,"*-male-urocyon-littoralis": 0.0044
						},
						"animationSpeed": 2,
						"soundByType": {"*-urocyon-*":"caninae:creature/urocyon/hurt"},
						"soundVolume": 0.75,
						"soundRangeByType": {"*": 60},
						"stopOnHurt": true,
						"whenSwimming": false,
						"seekingRange": 20,
						"fleeingDistance": 60,
						"tagsAppliedToEntity": ["state-moving"]
					},
					//-------------------------Food Seeking-------------------------//
						//if hungry eat favorite foods from POI
					{
						"code": "seekfoodandeat-r",
						"priority": 4.7,
						"priorityForCancel": 5.0,
						"animation": "Trot",
						"eatAnimation": "Eat",
						"eatAnimationLooseItems": "Eat",
						"movespeedByType": {
							"*-female-urocyon-cinereoargenteus": 0.0052,"*-male-urocyon-cinereoargenteus": 0.0056,
							"*-female-urocyon-littoralis": 0.0042,"*-male-urocyon-littoralis": 0.0044
						},
						"animationSpeed": 2,
						"mindurationMS": 4000,
						"maxdurationMS": 4000,
						"mincooldownHours": 1,
						"maxcooldownHours": 4,
						"eatTime": 2,
						"eatLooseItems": true,
						"eatSound" : "game:creature/animal-eat1",
						"stopOnHurt": true,
						"whenSwimming": false,
						"DontExecuteIfRecentlyAttacked": true,
						"tagsAppliedToEntity": ["state-moving"],
						"whenNotInEmotionState": ["aggressiveondamage","fleeondamage"]
					},
						//rush final distance due to preferred prey bolting
					{
						"code": "seekentity",
						"priority": 4.54,
						"priorityForCancel": 4.55,
						"animation": "Gallop",
						"minTargetWeight": 0.01,
						"maxTargetWeight": 0.35,
						"entityTags": [["huntable"],["state-sprinting"]],
						"entityCodes": ["placeholder"],
						"skipEntityTags": [["ferocious","predator","poisonous","urocyoninitag"]],
						"skipEntityCodes": ["caninae-urocyonini-adult-female-{genus}-{species}","caninae-urocyonini-adult-male-{genus}-{species}","caninae-urocyonini-baby-female-{genus}-{species}","caninae-urocyonini-baby-male-{genus}-{species}"],
						"targetLightLevels": [1, 14, 22, 28],
						"movespeedByType": {
							"*-female-urocyon-cinereoargenteus": 0.104,"*-male-urocyon-cinereoargenteus": 0.112,
							"*-female-urocyon-littoralis": 0.082,"*-male-urocyon-littoralis": 0.088
						},
						"animationSpeed": 4,
						"seekingRange": 10,
						"jumpAtTarget": true,
						"jumpAnimationCode": null,
						"DistanceToTargetToJump": [0.5,4],
						"JumpHeightFactor": 0.5,
						"AfterJumpSpeedReduction": 0.125,
						"stopOnHurt": true,
						"whenSwimming": false,
						"DontExecuteIfRecentlyAttacked": true,
						"tagsAppliedToEntity": ["ferocious","state-moving","state-sprinting"],
						"whenNotInEmotionState": "aggressiveondamage|fleeondamage|saturated"
					},
						//rush final distance due to proximity favored prey
					{
						"code": "seekentity",
						"priority": 4.53,
						"priorityForCancel": 4.54,
						"animation": "Canter",
						"minTargetWeight": 0.01,
						"maxTargetWeight": 0.35,
						"entityTags": [["huntable"]],
						"skipEntityTags": [["carcass","defended","ferocious","humanoid","nest","poisonous","predator","prickly","shelled","venomous","state-burrowed","state-flying","state-burrowed", "state-sneaking","state-swimming","urocyoninitag"]],
						"entityCodes": ["placeholder"],
						"skipEntityCodes": ["caninae-urocyonini-adult-female-{genus}-{species}","caninae-urocyonini-adult-male-{genus}-{species}","caninae-urocyonini-baby-female-{genus}-{species}","caninae-urocyonini-baby-male-{genus}-{species}"],
						"tamingGenerations": 2,
						"targetLightLevels": [1, 14, 22, 28],
						"alarmHerd": true,
						"herdAlarmRange": 30,
						"movespeedByType": {
							"*-female-urocyon-cinereoargenteus": 0.026,"*-male-urocyon-cinereoargenteus": 0.028,
							"*-female-urocyon-littoralis": 0.021,"*-male-urocyon-littoralis": 0.022
						},
						"animationSpeed": 2,
						"seekingRange": 20,
						"jumpAtTarget": true,
						"jumpAnimationCode": null,
						"DistanceToTargetToJump": [0.5,8],
						"JumpHeightFactor": 0.5,
						"AfterJumpSpeedReduction": 0.125,
						"stopOnHurt": true,
						"whenSwimming": false,
						"DontExecuteIfRecentlyAttacked": true,
						"tagsAppliedToEntity": ["ferocious","state-moving","state-sprinting"],
						"whenNotInEmotionState": "aggressiveondamage|fleeondamage|saturated"
					},
						//long distance hunt for preferred prey
					{
						"code": "seekentity",
						"priority": 4.4,
						"priorityForCancel": 4.5,
						"animation": "Trot",
						"minTargetWeight": 0.01,
						"maxTargetWeight": 0.35,
						"entityTags": [["huntable"]],
						"skipEntityTags": [["carcass","defended","ferocious","humanoid","nest","poisonous","predator","prickly","shelled","venomous","state-burrowed","state-flying","state-burrowed", "state-sneaking","state-swimming","urocyoninitag"]],
						"entityCodes": ["placeholder"],
						"skipEntityCodes": ["caninae-urocyonini-adult-female-{genus}-{species}","caninae-urocyonini-adult-male-{genus}-{species}","caninae-urocyonini-baby-female-{genus}-{species}","caninae-urocyonini-baby-male-{genus}-{species}"],
						"IgnoreDeadEntities": false,
						"tamingGenerations": 2,
						"targetLightLevels": [1, 14, 22, 28],
						"alarmHerd": true,
						"herdAlarmRange": 30,
						"maxFollowTimeSec": 240, 
						"movespeedByType": {
							"*-female-urocyon-cinereoargenteus": 0.0052,"*-male-urocyon-cinereoargenteus": 0.0056,
							"*-female-urocyon-littoralis": 0.0042,"*-male-urocyon-littoralis": 0.0044
						},
						"animationSpeed": 2,
						"mincooldownHours": 0.025,
						"maxcooldownhours": 1,
						"seekingRange": 120,
						"extraTargetDistance": 10,
						"jumpAtTarget": false,
						"jumpAnimationCode": null,
						"stopOnHurt": true,
						"whenSwimming": false,
						"DontExecuteIfRecentlyAttacked": true,
						"tagsAppliedToEntity": ["state-moving","state-sneaking"],
						"whenNotInEmotionState": "aggressiveondamage|fleeondamage|saturated"
					},
						//rush final distance due to desperate prey bolting
					{
						"code": "seekentity",
						"priority": 4.14,
						"priorityForCancel": 4.15,
						"animation": "Gallop",
						"minTargetWeight": 0.001,
						"maxTargetWeight": 0.5,
						"entityTags": [["huntable"],["state-sprinting"]],
						"skipEntityTags": [["ferocious","defended","poisonous","venomous","prickly","shelled","state-burrowed","urocyoninitag"]],
						"entityCodes": [],
						"skipEntityCodes": ["caninae-urocyonini-adult-female-{genus}-{species}","caninae-urocyonini-adult-male-{genus}-{species}","caninae-urocyonini-baby-female-{genus}-{species}","caninae-urocyonini-baby-male-{genus}-{species}"],
						"targetLightLevels": [1, 14, 22, 28],
						"movespeedByType": {
							"*-female-urocyon-cinereoargenteus": 0.104,"*-male-urocyon-cinereoargenteus": 0.112,
							"*-female-urocyon-littoralis": 0.082,"*-male-urocyon-littoralis": 0.088
						},
						"animationSpeed": 2,
						"seekingRange": 10,
						"jumpAtTarget": true,
						"jumpAnimationCode": null,
						"JumpHeightFactor": 0.5,
						"stopOnHurt": true,
						"whenSwimming": false,
						"DontExecuteIfRecentlyAttacked": true,
						"tagsAppliedToEntity": ["ferocious","state-moving","state-sprinting"],
						"whenNotInEmotionState": "aggressiveondamage|fleeondamage"
					},
						//rush final distance due to proximity desperate prey
					{
						"code": "seekentity",
						"priority": 4.13,
						"priorityForCancel": 4.14,
						"animation": "Canter",
						"minTargetWeight": 0.001,
						"maxTargetWeight": 0.5,
						"entityTags": [["huntable"]],
						"skipEntityTags": [["ferocious","defended","poisonous","venomous","prickly","shelled","carcass","nest","state-burrowed","state-flying","state-burrowed", "state-sneaking","state-swimming","urocyoninitag"]],
						"entityCodes": ["placeholder"],
						"skipEntityCodes": ["caninae-urocyonini-adult-female-{genus}-{species}","caninae-urocyonini-adult-male-{genus}-{species}","caninae-urocyonini-baby-female-{genus}-{species}","caninae-urocyonini-baby-male-{genus}-{species}"],
						"tamingGenerations": 2,
						"targetLightLevels": [1, 14, 22, 28],
						"alarmHerd": true,
						"herdAlarmRange": 30,
						"movespeedByType": {
							"*-female-urocyon-cinereoargenteus": 0.026,"*-male-urocyon-cinereoargenteus": 0.028,
							"*-female-urocyon-littoralis": 0.021,"*-male-urocyon-littoralis": 0.022
						},
						"animationSpeed": 2,
						"seekingRange": 20,
						"jumpAtTarget": true,
						"jumpAnimationCode": null,
						"JumpHeightFactor": 0.5,
						"stopOnHurt": true,
						"whenSwimming": false,
						"DontExecuteIfRecentlyAttacked": true,
						"tagsAppliedToEntity": ["ferocious","state-moving","state-sprinting"],
						"whenNotInEmotionState": "aggressiveondamage|fleeondamage|saturated"
					},
						//long distance hunt for desperate prey
					{
						"code": "seekentity",
						"priority": 4.0,
						"priorityForCancel": 4.1,
						"animation": "Trot", 
						"minTargetWeight": 0.001,
						"maxTargetWeight": 0.5,
						"entityTags": [["huntable"]],
						"skipEntityTags": [["ferocious","poisonous","state-burrowed","state-sneaking","urocyoninitag"]],
						"IgnoreDeadEntities": false,
						"entityCodes": ["placeholder"],
						"skipEntityCodes": ["caninae-urocyonini-adult-female-{genus}-{species}","caninae-urocyonini-adult-male-{genus}-{species}","caninae-urocyonini-baby-female-{genus}-{species}","caninae-urocyonini-baby-male-{genus}-{species}"],
						"tamingGenerations": 2,
						"targetLightLevels": [1, 14, 22, 28],
						"alarmHerd": true,
						"herdAlarmRange": 30,
						"maxFollowTimeSec": 240, 
						"movespeedByType": {
							"*-female-urocyon-cinereoargenteus": 0.0052,"*-male-urocyon-cinereoargenteus": 0.0056,
							"*-female-urocyon-littoralis": 0.0042,"*-male-urocyon-littoralis": 0.0044
						},
						"animationSpeed": 2,
						"mincooldownHours": 0.025,
						"maxcooldownhours": 1,
						"seekingRange": 120,
						"jumpAtTarget": false,
						"jumpAnimationCode": null,
						"stopOnHurt": true,
						"whenSwimming": false,
						"DontExecuteIfRecentlyAttacked": true,
						"tagsAppliedToEntity": ["state-moving","state-sneaking"],
						"whenNotInEmotionState": "aggressiveondamage|fleeondamage|saturated"
					},
					//-------------------------Leave Hazardous condtions-------------------------//
						//getting out of water
					{
						"code": "getoutofwater-r",
						"priority": 3.61,
						"priorityForCancel": 5.0,
						"animation": "Swim",
						"movespeedByType": {
							"*-urocyon-cinereoargenteus": 0.036,
							"*-urocyon-littoralis":0.024
						},
						"animationSpeed": 1,
						"rangeSearchAttemptsFactor": 2.5,
						"whenSwimming": true,
						"tagsAppliedToEntity": ["state-moving","state-swimming"]
					},		
						//swim wandering to find the shore			
					{
						"code": "wander-r",
						"priority": 3.6,
						"priorityForCancel": 5.0,
						"animation": "Swim",
						"movespeedByType": {
							"*-urocyon-cinereoargenteus": 0.036,
							"*-urocyon-littoralis":0.024
						},
						"animationSpeed": 1,
						"stopOnHurt": true,
						"whenSwimming": true,
						"DontExecuteIfRecentlyAttacked": true,
						"tagsAppliedToEntity": ["state-moving","state-swimming"],
						"whenNotInEmotionState": ["aggressiveondamage","fleeondamage"]
					},	
						//stay close to family outside hunting times dark side				
					{
						"code": "stayclosetoentity-r",
						"priority": 3.51,
						"priorityForCancel": 5.0,
						"animation": "Trot",
						"entityCodes": ["caninae-urocyonini-baby-female-{genus}-{species}","caninae-urocyonini-baby-male-{genus}-{species}"],
						"IgnoreDeadEntities": false,
						"targetLightLevels": [1, 14, 22, 28],
						"movespeedByType": {
							"*-female-urocyon-cinereoargenteus": 0.0052,"*-male-urocyon-cinereoargenteus": 0.0056,
							"*-female-urocyon-littoralis": 0.0042,"*-male-urocyon-littoralis": 0.0044
						},
						"animationSpeed": 2,
						"seekingRange": 240,
						"TargetEntitiesWithSameHerdId": true,
						"ExtraMinDistanceToTarget": 2,
						"extraTargetDistance": 1,
						"randomTargetOffset" : 1,
						"maxFollowTimeSec": 240, 
						"EntityLightLevels": [0,14],
						"EntityLightLevelType": "TimeOfDaySunLight",
						"stopOnHurt": true,
						"whenSwimming": false,
						"DontExecuteIfRecentlyAttacked": true,
						"tagsAppliedToEntity": ["state-moving"],
						"whenNotInEmotionState": ["aggressiveondamage","fleeondamage","saturated"]
					},	
						//stay close to family outside hunting times light side		
					{
						"code": "stayclosetoentity-r",
						"priority": 3.5,
						"priorityForCancel": 5.0,
						"animation": "Trot",
						"entityCodes": ["caninae-urocyonini-adult-female-{genus}-{species}","caninae-urocyonini-adult-male-{genus}-{species}","caninae-urocyonini-baby-female-{genus}-{species}","caninae-urocyonini-baby-male-{genus}-{species}"],
						"IgnoreDeadEntities": false,
						"targetLightLevels": [1, 14, 22, 28],
						"movespeedByType": {
							"*-female-urocyon-cinereoargenteus": 0.0052,"*-male-urocyon-cinereoargenteus": 0.0056,
							"*-female-urocyon-littoralis": 0.0042,"*-male-urocyon-littoralis": 0.0044
						},
						"animationSpeed": 2,
						"seekingRange": 240,
						"TargetEntitiesWithSameHerdId": true,
						"ExtraMinDistanceToTarget": 5,
						"extraTargetDistance": 1,
						"randomTargetOffset" : 3,
						"maxFollowTimeSec": 240, 
						"EntityLightLevels": [18,32],
						"EntityLightLevelType": "TimeOfDaySunLight",
						"stopOnHurt": true,
						"whenSwimming": false,
						"DontExecuteIfRecentlyAttacked": true,
						"tagsAppliedToEntity": ["state-moving"],
						"whenNotInEmotionState": ["aggressiveondamage","fleeondamage","saturated"]
					},				
						//wander out of darkness		
					{
						"code": "wander-r",
						"priority": 3.42,
						"priorityForCancel": 5.0,
						"animation": "Walk",
						"mindurationMs": 12000,
						"movespeedByType": {
							"*-female-urocyon-cinereoargenteus": 0.0026,"*-male-urocyon-cinereoargenteus": 0.0028,
							"*-female-urocyon-littoralis": 0.0021,"*-male-urocyon-littoralis": 0.0022
						},
						"animationSpeed": 1,
						"EntityLightLevels": [0,8],
						"EntityLightLevelType": "MaxLight",
						"PreferredLightLevel": 32,
						"PreferredLightLevelType": "MaxLight",
						"MaxBlocksChecked" : 27,
						"wanderVerticalRangeMax": 3,
						"stopOnHurt": true,
						"whenSwimming": false,
						"DontExecuteIfRecentlyAttacked": true,
						"tagsAppliedToEntity": ["state-moving"],
						"whenNotInEmotionState": ["aggressiveondamage","fleeondamage"]
					},			
						//wander into shelter in cold
					{
						"code": "wander-r",
						"priority": 3.41,
						"priorityForCancel": 5.0,
						"animation": "Trot",
						"mindurationMs": 12000,
						"mincooldownHours": 0.5,
						"maxcooldownhours": 1,
						"movespeedByType": {
							"*-female-urocyon-cinereoargenteus": 0.0052,"*-male-urocyon-cinereoargenteus": 0.0056,
							"*-female-urocyon-littoralis": 0.0042,"*-male-urocyon-littoralis": 0.0044
						},
						"animationSpeed": 2,
						"TemperatureRangeByType": {
							"*cinereoargenteus":[-99,12],
							"*littoralis":[-99,6]
						},
						"EntityLightLevels": [22,32],
						"EntityLightLevelType": "MaxTimeOfDayLight",
						"PreferredLightLevel": 16,
						"PreferredLightLevelType": "MaxTimeOfDayLight",
						"MaxBlocksChecked" : 27,
						"stopOnHurt": true,
						"whenSwimming": false,
						"DontExecuteIfRecentlyAttacked": true,
						"tagsAppliedToEntity": ["state-moving"],
						"whenNotInEmotionState": ["aggressiveondamage","fleeondamage"]
					},
					//-------------------------Domestic Behaviors-------------------------//
						//follow lead holder
					{
						"code": "followleadholder",
						"priority": 2.5,
						"priorityForCancel": 3.0,
						"animation": "Trot",
						"movespeedByType": {
							"*-female-urocyon-cinereoargenteus": 0.0052,"*-male-urocyon-cinereoargenteus": 0.0056,
							"*-female-urocyon-littoralis": 0.0042,"*-male-urocyon-littoralis": 0.0044
						},
						"animationSpeed": 2,
						"minGeneration": 2,
						"stopOnHurt": true,
						"tagsAppliedToEntity": ["state-moving"],
						"whenNotInEmotionState": ["aggressiveondamage","fleeondamage"]
					},
					//-------------------------Conditional Down Time-------------------------//
						//wander into shade during sleep times
					{
						"code": "wander-r",
						"priority": 1.51,
						"priorityForCancel": 2,
						"animation": "Trot",
						"mincooldownHours": 0.125,
						"maxcooldownhours": 0.25,
						"mindurationMs": 12000,
						"movespeedByType": {
							"*-female-urocyon-cinereoargenteus": 0.0052,"*-male-urocyon-cinereoargenteus": 0.0056,
							"*-female-urocyon-littoralis": 0.0042,"*-male-urocyon-littoralis": 0.0044
						},
						"animationSpeed": 2,
						"duringDayTimeFramesHoursByType": {
							"*-urocyon-*":[[10,17]]},
						"EntityLightLevels": [22,32],
						"EntityLightLevelType": "MaxTimeOfDayLight",
						"PreferredLightLevel": 18,
						"PreferredLightLevelType": "MaxTimeOfDayLight",
						"MaxBlocksChecked" : 27,
						"stopOnHurt": true,
						"whenSwimming": false,
						"DontExecuteIfRecentlyAttacked": true,
						"tagsAppliedToEntity": ["state-moving"],
						"whenNotInEmotionState": ["aggressiveondamage","fleeondamage"]
					},
					//sleeping times in shade
					{
						"code": "idle-r",
						"priority": 1.5,
						"priorityForCancel": 6,
						"animation": "Sleep",
						"mindurationMs": 60000000,
						"maxdurationMs": 480000000,
						"mincooldownHours": 0.5,
						"maxcooldownHours": 3,
						"animationSpeed": 0.3,
						"executionChance": 0.125,
						"duringDayTimeFramesHoursByType": {
							"*-urocyon-*":[[11,18]]},
				  	"DayTimeFrameInaccuracy": 0.75,
						"stopIfOutOfDayTimeFrames": true,
						"PreferredLightLevel": 18,
						"PreferredLightLevelType": "MaxTimeOfDayLight",
						"stopOnHurt": true,
						"whenSwimming": false,
						"whenFeetInLiquid": false,
						"DontExecuteIfRecentlyAttacked": true,
						"tagsAppliedToEntity": ["state-sneaking"],
						"whenNotInEmotionState": ["aggressiveondamage","fleeondamage"]
					},
						//rare chance of call all day
					{
						"code": "idle-r",
						"priority": 1.41,
						"priorityForCancel": 2.0,
						"animation": "Yip",
						"executionChance": 0.00125,
						"mindurationMs": 2000,
						"maxdurationMs": 20000,
						"mincooldownHours": 0.125,
						"maxcooldownHours": 2,
						"animationSpeed": 3,
						"soundByType": {
							"*":"caninae:creature/urocyon/yip*"},
						"soundrepeatMS": 3000,
						"soundVolume": 0.95,
						"soundRangeByType": {"*": 60},
						"whenNotInEmotionState": ["aggressiveondamage","fleeondamage"]
					},
						//laying when in shade over certain temp
					{
						"code": "idle-r",
						"priority": 1.41,
						"priorityForCancel": 2.0,
						"animation": "Lie",
						"mindurationMs": 60000,
						"maxdurationMs": 480000,
						"TemperatureRangeByType": {
							"*cinereoargenteus":[32,99],
							"*littoralis":[30,99]
						},
						"EntityLightLevels": [17,21],
						"EntityLightLevelType": "MaxTimeOfDayLight",
						"duringDayTimeFramesHours": [[9,18]],
				  	"DayTimeFrameInaccuracy": 0.75,
						"StopIfOutOfDayTimeFrames" : true,
						"stopOnHurt": true,
						"whenSwimming": false,
						"whenFeetInLiquid": false,
						"DontExecuteIfRecentlyAttacked": false,
						"whenNotInEmotionState": ["aggressiveondamage","fleeondamage"]
					},	
						//dive onto snow
					{
						"code": "idle-r",
						"priority": 1.4,
						"priorityForCancel": 2.0,
						"animation": "Dive",
						"mindurationMs": 2400,
						"maxdurationMs": 2400,
						"mincooldownHours": 0.125,
						"maxcooldownHours": 2,
						"animationSpeed": 1.25,
						"sound": "game:walk/deepsnow1",
						"soundStartMs": 950,
						"soundVolume": 0.75,
						"soundRangeByType": {"*": 30},
						"allowedBlockBelowCode": "game:snowblock",
						"whenNotInEmotionState": ["aggressiveondamage","fleeondamage"]
					},	
						//wander into shade during heat
					{
						"code": "wander-r",
						"priority": 1.3,
						"priorityForCancel": 1.4,
						"animation": "Trot",
						"mincooldownHours": 0.125,
						"maxcooldownhours": 1.25,
						"mindurationMs": 12000,
						"movespeedByType": {
							"*-female-urocyon-cinereoargenteus": 0.0052,"*-male-urocyon-cinereoargenteus": 0.0056,
							"*-female-urocyon-littoralis": 0.0042,"*-male-urocyon-littoralis": 0.0044
						},
						"animationSpeed": 2,
						"TemperatureRangeByType": {
							"*cinereoargenteus":[32,99],
							"*littoralis":[30,99]
						},
						"EntityLightLevels": [22,32],
						"EntityLightLevelType": "MaxTimeOfDayLight",
						"PreferredLightLevel": 18,
						"PreferredLightLevelType": "MaxTimeOfDayLight",
						"MaxBlocksChecked" : 27,
						"stopOnHurt": true,
						"whenSwimming": false,
						"DontExecuteIfRecentlyAttacked": true,
						"tagsAppliedToEntity": ["state-moving"],
						"whenNotInEmotionState": ["aggressiveondamage","fleeondamage"]
					},
						//wander at peak light levels
					{
						"code": "wander-r",
						"priority": 1.3,
						"priorityForCancel": 2.0,
						"animation": "Trot",
						"mindurationMs": 4000,
						"mincooldownHours": 0.125,
						"maxcooldownhours": 1.25,
						"movespeedByType": {
							"*-female-urocyon-cinereoargenteus": 0.0052,"*-male-urocyon-cinereoargenteus": 0.0056,
							"*-female-urocyon-littoralis": 0.0042,"*-male-urocyon-littoralis": 0.0044
						},
						"animationSpeed": 2,
						"EntityLightLevelsByType": {
							"*":[14,18]
						},
						"EntityLightLevelType": "TimeOfDaySunLight",
						"stopOnHurt": true,
						"whenSwimming": false,
						"DontExecuteIfRecentlyAttacked": true,
						"tagsAppliedToEntity": ["state-moving"],
						"whenNotInEmotionState": ["aggressiveondamage","fleeondamage"]
					},
					//-------------------------Down Time-------------------------//
						//wandering canter or stot at any time
					{
						"code": "wander-r",
						"priority": 0.8,
						"priorityForCancel": 2.0,
						"animation": "Canter",
						"mindurationMs": 8000,
						"executionChance": 0.005,
						"movespeedByType": {
							"*-female-urocyon-cinereoargenteus": 0.026,"*-male-urocyon-cinereoargenteus": 0.028,
							"*-female-urocyon-littoralis": 0.021,"*-male-urocyon-littoralis": 0.022
						},
						"animationSpeed": 2,
						"stopOnHurt": true,
						"whenSwimming": false,
						"DontExecuteIfRecentlyAttacked": true,
						"tagsAppliedToEntity": ["state-moving"],
						"whenNotInEmotionState": ["aggressiveondamage","fleeondamage"]
					},
						//wandering trot at any time
					{
						"code": "wander-r",
						"priority": 0.8,
						"priorityForCancel": 2.0,
						"animation": "Trot",
						"mindurationMs": 8000,
						"executionChance": 0.05,
						"movespeedByType": {
							"*-female-urocyon-cinereoargenteus": 0.0052,"*-male-urocyon-cinereoargenteus": 0.0056,
							"*-female-urocyon-littoralis": 0.0042,"*-male-urocyon-littoralis": 0.0044
						},
						"animationSpeed": 2,
						"stopOnHurt": true,
						"whenSwimming": false,
						"DontExecuteIfRecentlyAttacked": true,
						"tagsAppliedToEntity": ["state-moving"],
						"whenNotInEmotionState": ["aggressiveondamage","fleeondamage"]
					},
						//wandering walk at any time
					{
						"code": "wander-r",
						"priority": 0.8,
						"priorityForCancel": 2.0,
						"animation": "Walk",
						"mindurationMs": 8000,
						"executionChance": 0.5,
						"movespeedByType": {
							"*-female-urocyon-cinereoargenteus": 0.0026,"*-male-urocyon-cinereoargenteus": 0.0028,
							"*-female-urocyon-littoralis": 0.0021,"*-male-urocyon-littoralis": 0.0022
						},
						"animationSpeed": 1,
						"stopOnHurt": true,
						"whenSwimming": false,
						"DontExecuteIfRecentlyAttacked": true,
						"tagsAppliedToEntity": ["state-moving"],
						"whenNotInEmotionState": ["aggressiveondamage","fleeondamage"]
					},
						//sitting at any time
					{
						"code": "idle-r",
						"priority": 0.7,
						"priorityForCancel": 2.0,
						"animation": "Sit",
						"mindurationMs": 12000,
						"maxdurationMs": 120000,
						"executionChance": 0.25,
						"minCooldownMs": 12000,
						"maxCooldownMs": 120000,
						"stopOnHurt": true,
						"whenSwimming": false,
						"whenFeetInLiquid": false,
						"DontExecuteIfRecentlyAttacked": false,
						"whenNotInEmotionState": ["aggressiveondamage","fleeondamage"]
					},
						//sitting at any time
					{
						"code": "idle-r",
						"priority": 0.7,
						"priorityForCancel": 2.0,
						"animation": "Lie",
						"mindurationMs": 12000,
						"maxdurationMs": 120000,
						"executionChance": 0.25,
						"minCooldownMs": 12000,
						"maxCooldownMs": 120000,
						"stopOnHurt": true,
						"whenSwimming": false,
						"whenFeetInLiquid": false,
						"DontExecuteIfRecentlyAttacked": false,
						"whenNotInEmotionState": ["aggressiveondamage","fleeondamage"]
					},
						//sniffing at any time
					{
						"code": "idle-r",
						"priority": 0.7,
						"priorityForCancel": 1.0,
						"animation": "Sniff",
						"mindurationMs": 2500,
						"maxdurationMs": 2500,
						"minCooldownMs": 6000,
						"maxCooldownMs": 20000,
						"soundByType": {
							"*":"caninae:creature/nyctereutes/sniff"
						},
						"stopOnHurt": true,
						"whenSwimming": false,
						"whenFeetInLiquid": false,
						"DontExecuteIfRecentlyAttacked": false,
						"whenNotInEmotionState": ["aggressiveondamage","fleeondamage"]
					},
						//standing at any time
					{
						"code": "idle-r",
						"priority": 0.7,
						"priorityForCancel": 2.0,
						"animation": "Idle",
						"mindurationMs": 2000,
						"maxdurationMs": 12000,
						"minCooldownMs": 12000,
						"maxCooldownMs": 120000,
						"stopOnHurt": true,
						"whenSwimming": false,
						"whenFeetInLiquid": false,
						"DontExecuteIfRecentlyAttacked": false,
						"whenNotInEmotionState": ["aggressiveondamage","fleeondamage"]
					},
						//looking around
					{
						"code": "lookaround-r",
						"priority": 0.5,
						"priorityForCancel": 2.0,
						"stopOnHurt": true,
						"whenNotInEmotionState": ["aggressiveondamage","fleeondamage"],
						"turnAngleFactor": 0.5
					}
				]
			},
			{"code": "ropetieable","minGeneration": 2},
			{"code": "pettable","minGeneration": 1},
			{ "code": "entitystatetags" }
			],
		"spawnconditions": {
			"worldgen": {
			"tryOnlySurface": true,	
				"triesPerChunk": { "avg": 0, "var": 0 },
			"groupSizeByType": {
					"*-adult-*": { "dist": "uniform", "avg": 1.5, "var": 0.5 }
			},
			"insideBlockCodes":["game:air", "game:gravel-*","game:leaves-*", "game:sand-*", "game:snow-*","game:soil-*","game:tallgrass-*"],
			"companionsByType": {
				"*":["caninae:caninae-urocyonini-adult-female-{genus}-{species}","caninae:caninae-urocyonini-adult-male-{genus}-{species}"]}
		},
			"runtime": {
				"group": "neutral",
				"maxQuantity": 1,
				"maxQuantityByGroup": {"code": "caninae-urocyonini-*","maxQuantity": 2},
				"tryOnlySurface": true,
				"chanceByType": {
					"*-urocyon-cinereoargenteus": 0.0001,
					"*-urocyon-littoralis": 0.0001
				},
				"maxLightLevel": 1,
				"lightLevelType": "onlyBlockLight",	
				"spawnCapPlayerScaling": 0.0,	
				"mindistancetoplayer": 50,
				"groupSizeByType": {
					"*-adult-*": { "dist": "uniform", "avg": 1.5, "var": 0.5 }
				},
				"insideBlockCodes": [ "game:air","game:gravel-*", "game:sand-*", "game:snowlayer-1", "game:soil-*","game:tallgrass-*" ],
				"companionsByType": {
				"*":["caninae:caninae-urocyonini-adult-female-{genus}-{species}","caninae:caninae-urocyonini-adult-male-{genus}-{species}"]}
			}
		},
		"spawnconditionsByType": {
			"caninae-urocyonini-adult-*-urocyon-cinereoargenteus": {
				"climate": {
					"minTemp": 6,
					"maxTemp": 36,
					"minRain": 0.0,
					"maxRain": 1.0,
					"minForestOrShrubs": 0.0,
					"maxForest": 1.0,
					"maxShrubs": 1.0,
					"minY": 1.0,
					"maxY": 1.7				
				},
				"worldgen": {
					"triesPerChunk": { "avg": 0.001, "var": 0}
				}
			},
			"caninae-urocyonini-adult-*-urocyon-littoralis": {
				"climate": {
					"minTemp": 12,
					"maxTemp": 15,
					"minRain": 0.5,
					"maxRain": 0.7,
					"minForestOrShrubs": 0.0,
					"maxForest": 0.6,
					"maxShrubs": 1.0,
					"minY": 1.0,
					"maxY": 1.1				
				},
				"worldgen": {
					"triesPerChunk": { "avg": 0.001, "var": 0}
				}
			}
		}
	},
	"soundsByType": {
"*-urocyon-*":{"hurt": "caninae:creature/urocyon/hurt","death": "caninae:creature/urocyon/hurt","idle": "caninae:creature/urocyon/idle"}
	},
	"idleSoundChance": 0.05
}