{
	"code": "caninae-vulpini",
	"class": "EntityAgent",
	"tags": ["animal", "huntable","habitat-land","vulpinitag"],
	"fallDamageMultiplier": 0.25,
	"variantgroups": [
    {"code": "age","states": [ "baby"]},
    {"code": "gender","states": [ "female","male"]},
    {"code": "genus","states": [ "nyctereutes","otocyon","vulpes"]},
    {"code": "species","states": [ "procyonoides","viverrinus","megalotis","bengalensis","cana","chama","corsac","ferrilata","lagopus","macrotis","pallida","rueppellii","velox","vulpes","zerda"]}
	],
	"allowedVariants": [
		"*-nyctereutes-procyonoides",
		"*-nyctereutes-viverrinus",
		"*-otocyon-megalotis",
		"*-vulpes-bengalensis",
		"*-vulpes-cana",
		"*-vulpes-chama",
		"*-vulpes-corsac",
		"*-vulpes-ferrilata",
		"*-vulpes-lagopus",
		"*-vulpes-macrotis",
		"*-vulpes-pallida",
		"*-vulpes-rueppellii",
		"*-vulpes-velox",
		"*-vulpes-vulpes",
		"*-vulpes-zerda"
	],
	"collisionBoxSizeByType": {
		"*-nyctereutes-procyonoides": {	"x": 0.3,"y": 0.2},
		"*-nyctereutes-viverrinus": {	"x": 0.3,"y": 0.2},
		"*-otocyon-megalotis": {	"x": 0.3,"y": 0.2},
		"*-vulpes-bengalensis": {	"x": 0.3,"y": 0.2},
		"*-vulpes-cana": {	"x": 0.3,"y": 0.2},
		"*-vulpes-chama": {	"x": 0.3,"y": 0.2},
		"*-vulpes-corsac": {	"x": 0.3,"y": 0.2},
		"*-vulpes-ferrilata": {	"x": 0.3,"y": 0.2},
		"*-vulpes-lagopus": {	"x": 0.3,"y": 0.2},
		"*-vulpes-macrotis": {	"x": 0.3,"y": 0.2},
		"*-vulpes-pallida": {	"x": 0.3,"y": 0.2},
		"*-vulpes-rueppellii": {	"x": 0.3,"y": 0.2},
		"*-vulpes-velox": {	"x": 0.3,"y": 0.2},
		"*-vulpes-vulpes": {	"x": 0.4,"y": 0.25},
		"*-vulpes-zerda": {	"x": 0.2,"y": 0.125}
	},
	"deadCollisionBoxSizeByType": {
		"*-nyctereutes-procyonoides": {	"x": 0.3,"y": 0.1},
		"*-nyctereutes-viverrinus": {	"x": 0.3,"y": 0.1},
		"*-otocyon-megalotis": {	"x": 0.3,"y": 0.1},
		"*-vulpes-bengalensis": {	"x": 0.3,"y": 0.1},
		"*-vulpes-cana": {	"x": 0.3,"y": 0.1},
		"*-vulpes-chama": {	"x": 0.3,"y": 0.1},
		"*-vulpes-corsac": {	"x": 0.3,"y": 0.1},
		"*-vulpes-ferrilata": {	"x": 0.3,"y": 0.1},
		"*-vulpes-lagopus": {	"x": 0.3,"y": 0.1},
		"*-vulpes-macrotis": {	"x": 0.3,"y": 0.1},
		"*-vulpes-pallida": {	"x": 0.3,"y": 0.1},
		"*-vulpes-rueppellii": {	"x": 0.2,"y": 0.1},
		"*-vulpes-velox": {	"x": 0.3,"y": 0.1},
		"*-vulpes-vulpes": {	"x": 0.4,"y": 0.1},
		"*-vulpes-zerda": {	"x": 0.2,"y": 0.1}
	},
	"eyeHeightByType": {
		"*-nyctereutes-procyonoides": 0.5,
		"*-nyctereutes-viverrinus": 0.5,
		"*-otocyon-megalotis": 0.5,
		"*-vulpes-bengalensis": 0.5,
		"*-vulpes-cana": 0.5,
		"*-vulpes-chama": 0.5,
		"*-vulpes-corsac": 0.5,
		"*-vulpes-ferrilata": 0.5,
		"*-vulpes-lagopus": 0.5,
		"*-vulpes-macrotis": 0.5,
		"*-vulpes-pallida": 0.5,
		"*-vulpes-rueppellii": 0.5,
		"*-vulpes-velox": 0.5,
		"*-vulpes-vulpes": 0.5,
		"*-vulpes-zerda": 0.5
	},
	"weightByType": {
		"*-nyctereutes-procyonoides": 0.5,
		"*-nyctereutes-viverrinus": 0.5,
		"*-otocyon-megalotis": 0.5,
		"*-vulpes-bengalensis": 0.3,
		"*-vulpes-cana": 0.1,
		"*-vulpes-chama": 0.3,
		"*-vulpes-corsac": 0.2,
		"*-vulpes-ferrilata": 0.5,
		"*-vulpes-lagopus": 0.2,
		"*-vulpes-macrotis": 0.2,
		"*-vulpes-pallida": 0.3,
		"*-vulpes-rueppellii": 0.2,
		"*-vulpes-velox": 0.3,
		"*-vulpes-vulpes": 1,
		"*-vulpes-zerda": 0.1
	},
	"attributes": {
		"trappableByType": {
			"*": {
				"small": { "trapChance": 0.8,	"trapDestroyChance": 0.0 },
				"large": { "trapChance": 0.95,	"trapDestroyChance": 0.0 }
			}
		},
		"creatureDietByType": {
			"*-otocyon-*":{
			"weightedFoodTags": [
				{ "weight": 0.2, "code": "egg" },
				{ "weight": 0.1, "code": "fish" },
				{ "weight": 0.1, "code": "fruit" },
				{ "weight": 0.1, "code": "fruitmash" },
				{ "weight": 1, "code": "insect" },
				{ "weight": 0.2, "code": "meat" },
				{ "weight": 0.1, "code": "sweetBerryBush" }
			]
		},
			"*":{
			"foodCategories": ["Grain","Protein","Vegetable"],
			"weightedFoodTags": [
				{ "weight": 1, "code": "egg" },
				{ "weight": 0.6, "code": "fish" },
				{ "weight": 0.1, "code": "fruit" },
				{ "weight": 0.1, "code": "fruitmash" },
				{ "weight": 0.1, "code": "grain" },
				{ "weight": 0.1, "code": "grass" },
				{ "weight": 0.7, "code": "insect" },
				{ "weight": 0.9, "code": "meat" },
				{ "weight": 0.1, "code": "nibbleCrop" },
				{ "weight": 0.2, "code": "peanut" },
				{ "weight": 0.1, "code": "sweetBerryBush" },
				{ "weight": 0.1, "code": "tastyvegetable" }
			]
		}},
		"handbook": {"groupcode": "creaturegroup-vulpini"},
	"killedByInfoText": "deadcreature-eaten"
	},
	"drops": [],
	"client": {
		"renderer": "Shape",
		"shapeByType": {
			"*-nyctereutes-procyonoides": { "base": "entity/animal/mammal/vulpini/procyonoides-baby" },
		"*-nyctereutes-viverrinus": { "base": "entity/animal/mammal/vulpini/procyonoides-baby" },
		"*-otocyon-megalotis": { "base": "entity/animal/mammal/vulpini/megalotis-baby" },
		"*-vulpes-bengalensis": { "base": "entity/animal/mammal/vulpini/vulpes-baby" },
		"*-vulpes-cana": { "base": "entity/animal/mammal/vulpini/vulpes-baby" },
		"*-vulpes-chama": { "base": "entity/animal/mammal/vulpini/vulpes-baby" },
		"*-vulpes-corsac": { "base": "entity/animal/mammal/vulpini/vulpes-baby" },
		"*-vulpes-ferrilata": { "base": "entity/animal/mammal/vulpini/vulpes-baby" },
		"*-vulpes-lagopus": { "base": "entity/animal/mammal/vulpini/vulpes-baby" },
		"*-vulpes-macrotis": { "base": "entity/animal/mammal/vulpini/vulpes-baby" },
		"*-vulpes-pallida": { "base": "entity/animal/mammal/vulpini/vulpes-baby" },
		"*-vulpes-rueppellii": { "base": "entity/animal/mammal/vulpini/vulpes-baby" },
		"*-vulpes-velox": { "base": "entity/animal/mammal/vulpini/vulpes-baby" },
		"*-vulpes-vulpes": { "base": "entity/animal/mammal/vulpini/vulpes-baby" },
		"*-vulpes-zerda": { "base": "entity/animal/mammal/vulpini/zerda-baby" }
		},
		"textureByType": {
			"*-nyctereutes-procyonoides": { "base": "entity/animal/mammal/nyctereutes/procyonoides-baby" },
			"*-nyctereutes-viverrinus": { "base": "entity/animal/mammal/nyctereutes/procyonoides-baby" },
			"*-otocyon-megalotis": { "base": "entity/animal/mammal/otocyon/megalotis-baby"}, 
			"*-vulpes-bengalensis": { "base": "entity/animal/mammal/vulpes/bengalensis-baby" },
			"*-vulpes-cana": { "base": "entity/animal/mammal/vulpes/bengalensis-baby" },
			"*-vulpes-chama": { "base": "entity/animal/mammal/vulpes/chama-baby" },
			"*-vulpes-corsac": { "base": "entity/animal/mammal/vulpes/corsac-baby" },
			"*-vulpes-ferrilata": { "base": "entity/animal/mammal/vulpes/macrotis-baby" },
			"*-vulpes-lagopus": { "base": "entity/animal/mammal/vulpes/lagopus-baby" },
			"*-vulpes-macrotis": { "base": "entity/animal/mammal/vulpes/macrotis-baby" },
			"*-vulpes-pallida": { "base": "entity/animal/mammal/vulpes/pallida-baby" },
			"*-vulpes-rueppellii": { "base": "entity/animal/mammal/vulpes/pallida-baby" },
			"*-vulpes-velox": { "base": "entity/animal/mammal/vulpes/corsac-baby" },
			"*-vulpes-vulpes": { "base": "entity/animal/mammal/vulpes/vulpes-baby" },
			"*-vulpes-zerda": { "base": "entity/animal/mammal/vulpes/zerda-baby" }
		},
		"sizeByType": {
		"*-nyctereutes-procyonoides": 0.35,
		"*-nyctereutes-viverrinus": 0.3,
		"*-otocyon-megalotis": 0.35,
		"*-vulpes-bengalensis": 0.35,
		"*-vulpes-cana": 0.3,
		"*-vulpes-chama": 0.35,
		"*-vulpes-corsac": 0.35,
		"*-vulpes-ferrilata": 0.35,
		"*-vulpes-lagopus": 0.3,
		"*-vulpes-macrotis": 0.3,
		"*-vulpes-pallida": 0.3,
		"*-vulpes-rueppellii": 0.25,
		"*-vulpes-velox": 0.3,
		"*-vulpes-vulpes": 0.5,
		"*-vulpes-zerda": 0.25
		},
		"sizeGrowthFactor": 0.2,
		"behaviors": [
			{"code": "repulseagents" },
			{"code": "controlledphysics","stepHeight": 1.1251},
			{"code": "floatupwhenstuck","onlyWhenDead": true},
			{"code": "interpolateposition" },
			{"code": "harvestable","quantitySlots": 8},
			{"code": "despawn","minPlayerDistance": 8,"belowLightLevel": 8,"minSeconds": 300},
			{"code": "ropetieable","minGeneration": 2}
		],
		"animations": [
			{"code": "hurt","animation": "Hurt","animationSpeed": 2.2,"weight": 10,"blendMode": "AddAverage"},
			{"code": "die","animation": "Death","animationSpeed": 1.25,"weight": 10,"blendMode": "Average","triggeredBy": { "onControls": [ "dead" ] }},
			{"code": "idle","animation": "Idle","blendMode": "AddAverage","easeOutSpeed": 4,"triggeredBy": { "defaultAnim": true }},
			{"code": "sleep","animation": "Sleep","easeInSpeed": 4,"easeOutSpeed": 4,"blendMode": "Average"},
			{"code": "burrow","animation": "Burrow","easeInSpeed": 4,"easeOutSpeed": 4,"blendMode": "Average"},
			{"code": "sit","animation": "Sit","easeInSpeed": 4,"easeOutSpeed": 4,"blendMode": "Average"},
			{"code": "lie","animation": "Lie","easeInSpeed": 4,"easeOutSpeed": 4,"blendMode": "Average"},
			{"code": "swim","animation": "Swim","supressDefaultAnimation": true,"blendMode": "Average"},
			{"code": "walk","animation": "Walk","supressDefaultAnimation": true,"blendMode": "Average"},
			{"code": "trot","animation": "Trot","supressDefaultAnimation": true,"blendMode": "Average"},
			{"code": "canter","animation": "Canter","supressDefaultAnimation": true,"blendMode": "Average"},
			{"code": "gallop","animation": "Gallop","supressDefaultAnimation": true,"blendMode": "Average"}
		]
	},
	"server": {
		"attributes": {
			"pathfinder": {
				"minTurnAnglePerSec": 90,
				"maxTurnAnglePerSec": 360
			}
		},
		"behaviors": [
			{ "code": "repulseagents" },
			{"code": "controlledphysics","stepHeight": 1.1251},
			{"code": "despawn","minPlayerDistance": 8,"belowLightLevel": 8,"minSeconds": 300},
			{"code": "health",
				"maxhealthByType": {
				"*-nyctereutes-procyonoides": 2,
				"*-nyctereutes-viverrinus": 2,
				"*-otocyon-megalotis": 2,
				"*-vulpes-bengalensis": 2,
				"*-vulpes-cana": 1,
				"*-vulpes-chama": 2,
				"*-vulpes-corsac": 2,
				"*-vulpes-ferrilata": 2,
				"*-vulpes-lagopus": 2,
				"*-vulpes-macrotis": 2,
				"*-vulpes-pallida": 2,
				"*-vulpes-rueppellii": 2,
				"*-vulpes-velox": 2,
				"*-vulpes-vulpes": 3,
				"*-vulpes-zerda": 1
				}
			},
			{"code": "deaddecay",
				"hoursToDecay": 96,
				"decayedBlockByType": {
				"*-vulpini-*": "carcass-tiny"
				}
			},
			{"code": "floatupwhenstuck","onlyWhenDead": true},
			{"code": "harvestable",
				"quantitySlots": 8,
				"drops": [
					{
						"type": "item",
						"code": "caninae:pelt-raw-vulpini-baby-{genus}-{species}",
						"quantityByType": {
							"*": { "offset": 1, "avg": 0, "var": 0 }
						}
					}
				]
			},
			{"code": "breathe" },
			{"code": "emotionstates",
				"states": [
					{"code": "fleeondamage","duration": 120,
						"chanceByType": {
							"*-vulpini-*": 0.99
						},
						"slot": 2,"priority": 5,"accumType": "max","whenHealthRelBelow": 0.99},
					{"code": "fleeondamage","duration": 60,"chance": 1,"slot": 2,"priority": 1,"accumType": "max"},
					{"code": "alarmherdondamage","chance": 1,"slot": 1,"priority": 1,"accumType": "max"},
					{"code": "saturated","duration": 1440,"chance": 1,"slot": 0,"priority": 1,"accumType": "sum"}
				]
			},
			{"code": "grow",
				"hoursToGrowByType": {
					"*-nyctereutes-procyonoides": 116,
					"*-nyctereutes-viverrinus": 116,
					"*-otocyon-megalotis": 116,
					"*-vulpes-bengalensis": 130,
					"*-vulpes-cana": 145,
					"*-vulpes-chama": 130,
					"*-vulpes-corsac": 130,
					"*-vulpes-ferrilata": 145,
					"*-vulpes-lagopus": 175,
					"*-vulpes-macrotis": 145,
					"*-vulpes-pallida": 130,
					"*-vulpes-rueppellii": 116,
					"*-vulpes-velox": 175,
					"*-vulpes-vulpes": 145,
					"*-vulpes-zerda": 130
				},
				"adultEntityCodes": [ "caninae:caninae-vulpini-adult-{gender}-{genus}-{species}" ]
			},
			{
				"code": "taskai",
				"aiCreatureType": "LandCreature",
				"aitasks": [
					//-------------------------Movement Speed tests-------------------------//
						//wandering run at any time
					{
						"code": "wander-r",
						"enabled":  false,
						"priority": 10.8,
						"priorityForCancel": 12.0,
						"animation": "Gallop",
						"mindurationMs": 80000,
						"movespeedByType": {
							"*-nyctereutes-procyonoides": 0.024,
							"*-nyctereutes-viverrinus": 0.02,
							"*-otocyon-megalotis": 0.024,
							"*-vulpes-bengalensis": 0.024,
							"*-vulpes-cana": 0.02,
							"*-vulpes-chama": 0.024,
							"*-vulpes-corsac": 0.024,
							"*-vulpes-ferrilata": 0.024,
							"*-vulpes-lagopus": 0.02,
							"*-vulpes-macrotis": 0.02,
							"*-vulpes-pallida": 0.02,
							"*-vulpes-rueppellii": 0.016,
							"*-vulpes-velox": 0.02,
							"*-vulpes-vulpes": 0.032,
							"*-vulpes-zerda": 0.016
						},
						"animationSpeed": 2,
						"stopOnHurt": true,
						"whenSwimming": false,
						"DontExecuteIfRecentlyAttacked": true,
						"tagsAppliedToEntity": ["state-moving"],
						"whenNotInEmotionState": ["aggressiveondamage","fleeondamage"]
					},
						//wandering canter at any time
					{
						"code": "wander-r",
						"enabled":  false,
						"priority": 10.8,
						"priorityForCancel": 12.0,
						"animation": "Canter",
						"mindurationMs": 80000,
						"movespeedByType": {
							"*-nyctereutes-procyonoides": 0.012,
							"*-nyctereutes-viverrinus": 0.01,
							"*-otocyon-megalotis": 0.012,
							"*-vulpes-bengalensis": 0.012,
							"*-vulpes-cana": 0.01,
							"*-vulpes-chama": 0.012,
							"*-vulpes-corsac": 0.012,
							"*-vulpes-ferrilata": 0.012,
							"*-vulpes-lagopus": 0.01,
							"*-vulpes-macrotis": 0.01,
							"*-vulpes-pallida": 0.01,
							"*-vulpes-rueppellii": 0.008,
							"*-vulpes-velox": 0.01,
							"*-vulpes-vulpes": 0.016,
							"*-vulpes-zerda": 0.008
						},
						"animationSpeed": 2,
						"stopOnHurt": true,
						"whenSwimming": false,
						"DontExecuteIfRecentlyAttacked": true,
						"tagsAppliedToEntity": ["state-moving"],
						"whenNotInEmotionState": ["aggressiveondamage","fleeondamage"]
					},
						//wandering trot at any time
					{
						"code": "wander-r",
						"enabled":  false,
						"priority": 10.8,
						"priorityForCancel": 12.0,
						"animation": "Trot",
						"mindurationMs": 80000,
						"movespeedByType": {
							"*-nyctereutes-procyonoides": 0.0024,
							"*-nyctereutes-viverrinus": 0.002,
							"*-otocyon-megalotis": 0.0024,
							"*-vulpes-bengalensis": 0.0024,
							"*-vulpes-cana": 0.002,
							"*-vulpes-chama": 0.0024,
							"*-vulpes-corsac": 0.0024,
							"*-vulpes-ferrilata": 0.0024,
							"*-vulpes-lagopus": 0.002,
							"*-vulpes-macrotis": 0.002,
							"*-vulpes-pallida": 0.002,
							"*-vulpes-rueppellii": 0.0016,
							"*-vulpes-velox": 0.002,
							"*-vulpes-vulpes": 0.0032,
							"*-vulpes-zerda": 0.0016
						},
						"animationSpeed": 2,
						"stopOnHurt": true,
						"whenSwimming": false,
						"DontExecuteIfRecentlyAttacked": true,
						"tagsAppliedToEntity": ["state-moving"],
						"whenNotInEmotionState": ["aggressiveondamage","fleeondamage"]
					},
						//wandering walk at any time
					{
						"code": "wander-r",
						"enabled":  false,
						"priority": 10.8,
						"priorityForCancel": 12.0,
						"animation": "Walk",
						"mindurationMs": 80000,
						"movespeedByType": {
							"*-nyctereutes-procyonoides": 0.0012,
							"*-nyctereutes-viverrinus": 0.001,
							"*-otocyon-megalotis": 0.0012,
							"*-vulpes-bengalensis": 0.0012,
							"*-vulpes-cana": 0.001,
							"*-vulpes-chama": 0.0012,
							"*-vulpes-corsac": 0.0012,
							"*-vulpes-ferrilata": 0.0012,
							"*-vulpes-lagopus": 0.001,
							"*-vulpes-macrotis": 0.001,
							"*-vulpes-pallida": 0.001,
							"*-vulpes-rueppellii": 0.0008,
							"*-vulpes-velox": 0.001,
							"*-vulpes-vulpes": 0.0016,
							"*-vulpes-zerda": 0.0008
						},
						"animationSpeed": 1,
						"stopOnHurt": true,
						"whenSwimming": false,
						"DontExecuteIfRecentlyAttacked": true,
						"tagsAppliedToEntity": ["state-moving"],
						"whenNotInEmotionState": ["aggressiveondamage","fleeondamage"]
					},
					//-------------------------Leave Deadly Conditions-------------------------//
						//fleeing when injured
					{
						"code": "fleeentity-r",
						"priority": 9.41,
						"priorityForCancel": 9.41,
						"animation": "Gallop",
						"entityCodes": [],
						"skipEntityTags": [["carcass","egg","nest","state-burrowed","state-sneaking"]],
						"targetLightLevels": [3, 16, 22, 28],
						"movespeedByType": {
							"*-nyctereutes-procyonoides": 0.024,
							"*-nyctereutes-viverrinus": 0.02,
							"*-otocyon-megalotis": 0.024,
							"*-vulpes-bengalensis": 0.024,
							"*-vulpes-cana": 0.02,
							"*-vulpes-chama": 0.024,
							"*-vulpes-corsac": 0.024,
							"*-vulpes-ferrilata": 0.024,
							"*-vulpes-lagopus": 0.02,
							"*-vulpes-macrotis": 0.02,
							"*-vulpes-pallida": 0.02,
							"*-vulpes-rueppellii": 0.016,
							"*-vulpes-velox": 0.02,
							"*-vulpes-vulpes": 0.032,
							"*-vulpes-zerda": 0.016
						},
						"animationSpeed": 4,
						"seekingRange": 20,
						"fleeingDistance" : 50,
						"fleeDurationWhenTargetLost": 20000,
						"whenInEmotionState": ["fleeondamage"],
						"tagsAppliedToEntity": ["state-moving","state-sprinting"],
						"whenSwimming": false

					},
						//fleeing when injured in water
					{
						"code": "fleeentity-r",
						"priority": 9.41,
						"priorityForCancel": 9.41,
						"animation": "Swim",
						"entityCodes": [],
						"targetLightLevels": [3, 16, 22, 28],
						"movespeedByType": {
							"*-nyctereutes-*": 0.015,
							"*-otocyon-*":0.015,
							"*-vulpes-bengalensis":0.012,
							"*-vulpes-cana":0.012,
							"*-vulpes-chama":0.015,
							"*-vulpes-corsac":0.015,
							"*-vulpes-ferrilata":0.015,
							"*-vulpes-lagopus":0.012,
							"*-vulpes-macrotis":0.012,
							"*-vulpes-pallida":0.012,
							"*-vulpes-rueppellii":0.012,
							"*-vulpes-velox":0.012,
							"*-vulpes-vulpes":0.018,
							"*-vulpes-zerda":0.009,
							"*": 0.04
						},
						"animationSpeed": 1,
						"seekingRange": 120,
						"fleeingDistance" : 180,
						"fleeDurationWhenTargetLost": 60000,
						"whenSwimming": true,
						"whenInEmotionState": ["fleeondamage"],
						"tagsAppliedToEntity": ["state-feet-in-liquid","state-moving","state-swimming"]

					},
						//fleeing when injured slower to finish flee on damage emotion state
					{
						"code": "fleeentity-r",
						"priority": 9.4,
						"priorityForCancel": 9.4,
						"animation": "Canter",
						"entityCodes": [],
						"skipEntityTags": [["carcass","egg","nest","state-burrowed","state-sneaking"]],
						"targetLightLevels": [3, 16, 22, 28],
						"movespeedByType": {
							"*-nyctereutes-procyonoides": 0.012,
							"*-nyctereutes-viverrinus": 0.01,
							"*-otocyon-megalotis": 0.012,
							"*-vulpes-bengalensis": 0.012,
							"*-vulpes-cana": 0.01,
							"*-vulpes-chama": 0.012,
							"*-vulpes-corsac": 0.012,
							"*-vulpes-ferrilata": 0.012,
							"*-vulpes-lagopus": 0.01,
							"*-vulpes-macrotis": 0.01,
							"*-vulpes-pallida": 0.01,
							"*-vulpes-rueppellii": 0.008,
							"*-vulpes-velox": 0.01,
							"*-vulpes-vulpes": 0.016,
							"*-vulpes-zerda": 0.008
						},
						"animationSpeed": 2,
						"seekingRange": 120,
						"fleeingDistance" : 180,
						"fleeDurationWhenTargetLost": 60000,
						"whenInEmotionState": ["fleeondamage"],
						"tagsAppliedToEntity": ["state-moving","state-sprinting"],
						"whenSwimming": false

					},
					//-------------------------Avoid Dangerous Entities-------------------------//
						//fleeing due to dangerous threat display
					{
						"code": "fleeentity-r",
						"priority": 5.8,
						"priorityForCancel": 6.0,
						"animation": "Canter",
						"minTargetWeight": 0.01,
						"maxTargetWeight": 1,
						"entityTags": [["predator","huntable"],["venomous","ferocious","defended","state-armed","has-open-fire"]],
						"skipEntityTags": [["carcass","egg","nest","state-burrowed","state-sneaking","vulpinitag"]],
						"skipEntityCodes": ["caninae-vulpini-adult-female-{genus}-{species}","caninae-vulpini-adult-male-{genus}-{species}","caninae-vulpini-baby-female-{genus}-{species}","caninae-vulpini-baby-male-{genus}-{species}"],
						"targetLightLevels": [1, 14, 22, 28],
						"movespeedByType": {
							"*-nyctereutes-procyonoides": 0.012,
							"*-nyctereutes-viverrinus": 0.01,
							"*-otocyon-megalotis": 0.012,
							"*-vulpes-bengalensis": 0.012,
							"*-vulpes-cana": 0.01,
							"*-vulpes-chama": 0.012,
							"*-vulpes-corsac": 0.012,
							"*-vulpes-ferrilata": 0.012,
							"*-vulpes-lagopus": 0.01,
							"*-vulpes-macrotis": 0.01,
							"*-vulpes-pallida": 0.01,
							"*-vulpes-rueppellii": 0.008,
							"*-vulpes-velox": 0.01,
							"*-vulpes-vulpes": 0.016,
							"*-vulpes-zerda": 0.008
						},
						"animationSpeed": 2,
						"seekingRange": 6,
						"fleeingDistance" : 50,
						"fleeDurationWhenTargetLost": 20000,
						"tagsAppliedToEntity": ["ferocious","state-moving","state-sprinting"],
						"whenSwimming": false,
						"whenNotInEmotionState": ["aggressiveondamage","fleeondamage"]

					},
						//fleeing due to passive threat display
					{
						"code": "fleeentity-r",
						"priority": 5.8,
						"priorityForCancel": 6.0,
						"animation": "Trot",
						"minTargetWeight": 0.01,
						"maxTargetWeight": 1,
						"entityTags": [["huntable"],["prickly","defended","shelled","state-armed","has-open-fire"]],
						"skipEntityTags": [["carcass","egg","nest","state-burrowed","state-sneaking","vulpinitag"]],
						"skipEntityCodes": ["caninae-vulpini-adult-female-{genus}-{species}","caninae-vulpini-adult-male-{genus}-{species}","caninae-vulpini-baby-female-{genus}-{species}","caninae-vulpini-baby-male-{genus}-{species}"],
						"targetLightLevels": [1, 14, 22, 28],
						"movespeedByType": {
							"*-nyctereutes-procyonoides": 0.0024,
							"*-nyctereutes-viverrinus": 0.002,
							"*-otocyon-megalotis": 0.0024,
							"*-vulpes-bengalensis": 0.0024,
							"*-vulpes-cana": 0.002,
							"*-vulpes-chama": 0.0024,
							"*-vulpes-corsac": 0.0024,
							"*-vulpes-ferrilata": 0.0024,
							"*-vulpes-lagopus": 0.002,
							"*-vulpes-macrotis": 0.002,
							"*-vulpes-pallida": 0.002,
							"*-vulpes-rueppellii": 0.0016,
							"*-vulpes-velox": 0.002,
							"*-vulpes-vulpes": 0.0032,
							"*-vulpes-zerda": 0.0016
						},
						"animationSpeed": 2,
						"seekingRange": 6,
						"fleeingDistance" : 16,
						"fleeDurationWhenTargetLost": 20000,
						"tagsAppliedToEntity": ["ferocious","state-moving","state-sprinting"],
						"whenSwimming": false,
						"whenNotInEmotionState": ["aggressiveondamage","fleeondamage"]
					},
						//dart away from projectiles/vehicles
					{
						"code": "fleeentity-r",
						"priority": 5.6,
						"priorityForCancel": 6.0,
						"animation": "Canter",
						"entityTags": [["projectile","vehicle"]],
						"targetLightLevels": [1, 14, 22, 28],
						"movespeedByType": {
							"*-nyctereutes-procyonoides": 0.012,
							"*-nyctereutes-viverrinus": 0.01,
							"*-otocyon-megalotis": 0.012,
							"*-vulpes-bengalensis": 0.012,
							"*-vulpes-cana": 0.01,
							"*-vulpes-chama": 0.012,
							"*-vulpes-corsac": 0.012,
							"*-vulpes-ferrilata": 0.012,
							"*-vulpes-lagopus": 0.01,
							"*-vulpes-macrotis": 0.01,
							"*-vulpes-pallida": 0.01,
							"*-vulpes-rueppellii": 0.008,
							"*-vulpes-velox": 0.01,
							"*-vulpes-vulpes": 0.016,
							"*-vulpes-zerda": 0.008
						},
						"animationSpeed": 2,
						"fleeDurationMS": 500,
						"seekingRange": 5,
						"fleeingDistance": 2,
						"stopOnHurt": true,
						"whenSwimming": false,
						"tagsAppliedToEntity": ["state-moving","state-sprinting"]
					},
						//avoid dangerous entities at close range
					{
						"code": "fleeentity-r",
						"priority": 5.6,
						"priorityForCancel": 6.0,
						"animation": "Canter",
						"minTargetWeight": 0.125,
						"maxTargetWeight": 999,
						"entityTags": [["ferocious","mechanical","predator","rust-creature","swarm","venomous"]],
						"skipEntityTags": [["carcass","nest","state-burrowed","state-sneaking","vulpinitag"]],
						"skipEntityCodes": ["caninae-vulpini-adult-female-{genus}-{species}","caninae-vulpini-adult-male-{genus}-{species}","caninae-vulpini-baby-female-{genus}-{species}","caninae-vulpini-baby-male-{genus}-{species}"],
						"targetLightLevels": [1, 14, 22, 28],
						"movespeedByType": {
							"*-nyctereutes-procyonoides": 0.012,
							"*-nyctereutes-viverrinus": 0.01,
							"*-otocyon-megalotis": 0.012,
							"*-vulpes-bengalensis": 0.012,
							"*-vulpes-cana": 0.01,
							"*-vulpes-chama": 0.012,
							"*-vulpes-corsac": 0.012,
							"*-vulpes-ferrilata": 0.012,
							"*-vulpes-lagopus": 0.01,
							"*-vulpes-macrotis": 0.01,
							"*-vulpes-pallida": 0.01,
							"*-vulpes-rueppellii": 0.008,
							"*-vulpes-velox": 0.01,
							"*-vulpes-vulpes": 0.016,
							"*-vulpes-zerda": 0.008
						},
						"animationSpeed": 2,
						"fleeDurationWhenTargetLost": 20000,
						"seekingRange": 10,
						"fleeingDistance": 40,
						"stopOnHurt": true,
						"whenSwimming": false,
						"tagsAppliedToEntity": ["state-moving","state-sprinting"]
					},
						//avoid dangerous entities at close range
					{
						"code": "fleeentity-r",
						"priority": 5.6,
						"priorityForCancel": 6.0,
						"animation": "Canter",
						"entityTags": [["boss","mechanical","rust-creature","swarm","venomous"]],
						"skipEntityTags": [["state-burrowed","state-sneaking"]],
						"targetLightLevels": [1, 14, 22, 28],
						"movespeedByType": {
							"*-nyctereutes-procyonoides": 0.012,
							"*-nyctereutes-viverrinus": 0.01,
							"*-otocyon-megalotis": 0.012,
							"*-vulpes-bengalensis": 0.012,
							"*-vulpes-cana": 0.01,
							"*-vulpes-chama": 0.012,
							"*-vulpes-corsac": 0.012,
							"*-vulpes-ferrilata": 0.012,
							"*-vulpes-lagopus": 0.01,
							"*-vulpes-macrotis": 0.01,
							"*-vulpes-pallida": 0.01,
							"*-vulpes-rueppellii": 0.008,
							"*-vulpes-velox": 0.01,
							"*-vulpes-vulpes": 0.016,
							"*-vulpes-zerda": 0.008
						},
						"animationSpeed": 2,
						"fleeDurationWhenTargetLost": 20000,
						"seekingRange": 10,
						"fleeingDistance": 40,
						"stopOnHurt": true,
						"whenSwimming": false,
						"tagsAppliedToEntity": ["state-moving","state-sprinting"]
					},
						//avoid large dangerous entities at mid range
					{
						"code": "fleeentity-r",
						"priority": 5.2,
						"priorityForCancel": 5.4,
						"animation": "Trot",
						"minTargetWeight": 5,
						"maxTargetWeight": 9999,
						"entityTags": [["ferocious","boss","huntable","mechanical","predator","rust-creature","has-open-fire"]],
						"skipEntityTags": [["state-burrowed","state-sneaking","vulpinitag"]],
						"skipEntityCodes": ["caninae-vulpini-adult-female-{genus}-{species}","caninae-vulpini-adult-male-{genus}-{species}","caninae-vulpini-baby-female-{genus}-{species}","caninae-vulpini-baby-male-{genus}-{species}"],
						"targetLightLevels": [1, 14, 22, 28],
						"movespeedByType": {
							"*-nyctereutes-procyonoides": 0.0024,
							"*-nyctereutes-viverrinus": 0.002,
							"*-otocyon-megalotis": 0.0024,
							"*-vulpes-bengalensis": 0.0024,
							"*-vulpes-cana": 0.002,
							"*-vulpes-chama": 0.0024,
							"*-vulpes-corsac": 0.0024,
							"*-vulpes-ferrilata": 0.0024,
							"*-vulpes-lagopus": 0.002,
							"*-vulpes-macrotis": 0.002,
							"*-vulpes-pallida": 0.002,
							"*-vulpes-rueppellii": 0.0016,
							"*-vulpes-velox": 0.002,
							"*-vulpes-vulpes": 0.0032,
							"*-vulpes-zerda": 0.0016
						},
						"animationSpeed": 2,
						"fleeDurationWhenTargetLost": 10000,
						"seekingRange": 15,
						"fleeingDistance": 40,
						"stopOnHurt": true,
						"whenSwimming": false,
						"tagsAppliedToEntity": ["state-moving"]
					},
						//avoid large dangerous entities at long range
					{
						"code": "fleeentity-r",
						"priority": 5.0,
						"priorityForCancel": 5.2,
						"animation": "Trot",
						"minTargetWeight": 1,
						"entityTags": [["boss","rust-creature"]],
						"skipEntityTags": [["state-burrowed","state-sneaking","vulpinitag"]],
						"targetLightLevels": [1, 14, 22, 28],
						"movespeedByType": {
							"*-nyctereutes-procyonoides": 0.0024,
							"*-nyctereutes-viverrinus": 0.002,
							"*-otocyon-megalotis": 0.0024,
							"*-vulpes-bengalensis": 0.0024,
							"*-vulpes-cana": 0.002,
							"*-vulpes-chama": 0.0024,
							"*-vulpes-corsac": 0.0024,
							"*-vulpes-ferrilata": 0.0024,
							"*-vulpes-lagopus": 0.002,
							"*-vulpes-macrotis": 0.002,
							"*-vulpes-pallida": 0.002,
							"*-vulpes-rueppellii": 0.0016,
							"*-vulpes-velox": 0.002,
							"*-vulpes-vulpes": 0.0032,
							"*-vulpes-zerda": 0.0016
						},
						"animationSpeed": 2,
						"stopOnHurt": true,
						"whenSwimming": false,
						"seekingRange": 50,
						"fleeingDistance": 60,
						"tagsAppliedToEntity": ["state-moving"]
					},
						//avoid large entities when not hungry
					{
						"code": "fleeentity-r",
						"priority": 5.0,
						"priorityForCancel": 5.2,
						"animation": "Trot",
						"minTargetWeight": 1,
						"maxTargetWeight": 99999,
						"entityTags": [["animal","humanoid","huntable"]],
						"skipEntityTags": [["carcass","nest","state-burrowed","state-sneaking","vulpinitag"]],
						"skipEntityCodes": ["caninae-vulpini-adult-female-{genus}-{species}","caninae-vulpini-adult-male-{genus}-{species}","caninae-vulpini-baby-female-{genus}-{species}","caninae-vulpini-baby-male-{genus}-{species}"],
						"targetLightLevels": [1, 14, 22, 28],
						"movespeedByType": {
							"*-nyctereutes-procyonoides": 0.0024,
							"*-nyctereutes-viverrinus": 0.002,
							"*-otocyon-megalotis": 0.0024,
							"*-vulpes-bengalensis": 0.0024,
							"*-vulpes-cana": 0.002,
							"*-vulpes-chama": 0.0024,
							"*-vulpes-corsac": 0.0024,
							"*-vulpes-ferrilata": 0.0024,
							"*-vulpes-lagopus": 0.002,
							"*-vulpes-macrotis": 0.002,
							"*-vulpes-pallida": 0.002,
							"*-vulpes-rueppellii": 0.0016,
							"*-vulpes-velox": 0.002,
							"*-vulpes-vulpes": 0.0032,
							"*-vulpes-zerda": 0.0016
						},
						"animationSpeed": 2,
						"stopOnHurt": true,
						"whenSwimming": false,
						"seekingRange": 10,
						"fleeingDistance": 60,
						"tagsAppliedToEntity": ["state-moving"],
						"whenNotInEmotionState": ["saturated"]
					},
						//avoid giant entities at long range
					{
						"code": "fleeentity-r",
						"priority": 5.0,
						"priorityForCancel": 5.2,
						"animation": "Trot",
						"minTargetWeight": 10,
						"entityTags": [["animal","humanoid","huntable"]],
						"skipEntityTags": [["carcass","nest","state-burrowed","state-sneaking","vulpinitag"]],
						"skipEntityCodes": ["caninae-vulpini-adult-female-{genus}-{species}","caninae-vulpini-adult-male-{genus}-{species}","caninae-vulpini-baby-female-{genus}-{species}","caninae-vulpini-baby-male-{genus}-{species}"],
						"targetLightLevels": [1, 14, 22, 28],
						"movespeedByType": {
							"*-nyctereutes-procyonoides": 0.0024,
							"*-nyctereutes-viverrinus": 0.002,
							"*-otocyon-megalotis": 0.0024,
							"*-vulpes-bengalensis": 0.0024,
							"*-vulpes-cana": 0.002,
							"*-vulpes-chama": 0.0024,
							"*-vulpes-corsac": 0.0024,
							"*-vulpes-ferrilata": 0.0024,
							"*-vulpes-lagopus": 0.002,
							"*-vulpes-macrotis": 0.002,
							"*-vulpes-pallida": 0.002,
							"*-vulpes-rueppellii": 0.0016,
							"*-vulpes-velox": 0.002,
							"*-vulpes-vulpes": 0.0032,
							"*-vulpes-zerda": 0.0016
						},
						"animationSpeed": 2,
						"stopOnHurt": true,
						"whenSwimming": false,
						"seekingRange": 20,
						"fleeingDistance": 60,
						"tagsAppliedToEntity": ["state-moving"]
					},
					//-------------------------Food Seeking-------------------------//
						//if hungry eat favorite foods from POI
					{
						"code": "seekfoodandeat-r",
						"priority": 4.7,
						"priorityForCancel": 5.0,
						"animation": "Trot",
						"eatAnimation": "Eat",
						"eatAnimationLooseItems": "Eat",
						"movespeedByType": {
							"*-nyctereutes-procyonoides": 0.0024,
							"*-nyctereutes-viverrinus": 0.002,
							"*-otocyon-megalotis": 0.0024,
							"*-vulpes-bengalensis": 0.0024,
							"*-vulpes-cana": 0.002,
							"*-vulpes-chama": 0.0024,
							"*-vulpes-corsac": 0.0024,
							"*-vulpes-ferrilata": 0.0024,
							"*-vulpes-lagopus": 0.002,
							"*-vulpes-macrotis": 0.002,
							"*-vulpes-pallida": 0.002,
							"*-vulpes-rueppellii": 0.0016,
							"*-vulpes-velox": 0.002,
							"*-vulpes-vulpes": 0.0032,
							"*-vulpes-zerda": 0.0016
						},
						"animationSpeed": 2,
						"mindurationMS": 4000,
						"maxdurationMS": 4000,
						"mincooldownHours": 1,
						"maxcooldownHours": 4,
						"eatTime": 2,
						"eatLooseItems": true,
						"eatSound" : "game:creature/animal-eat1",
						"stopOnHurt": true,
						"whenSwimming": false,
						"DontExecuteIfRecentlyAttacked": true,
						"tagsAppliedToEntity": ["state-moving"],
						"whenNotInEmotionState": ["aggressiveondamage","fleeondamage"]
					},
					//-------------------------Leave Hazardous condtions-------------------------//
						//getting out of water
					{
						"code": "getoutofwater-r",
						"priority": 3.61,
						"priorityForCancel": 5.0,
						"animation": "Swim",
						"movespeedByType": {
							"*-nyctereutes-*": 0.015,
							"*-otocyon-*":0.015,
							"*-vulpes-bengalensis":0.012,
							"*-vulpes-cana":0.012,
							"*-vulpes-chama":0.015,
							"*-vulpes-corsac":0.015,
							"*-vulpes-ferrilata":0.015,
							"*-vulpes-lagopus":0.012,
							"*-vulpes-macrotis":0.012,
							"*-vulpes-pallida":0.012,
							"*-vulpes-rueppellii":0.012,
							"*-vulpes-velox":0.012,
							"*-vulpes-vulpes":0.018,
							"*-vulpes-zerda":0.009,
							"*": 0.04
						},
						"animationSpeed": 1,
						"rangeSearchAttemptsFactor": 2.5,
						"whenSwimming": true,
						"tagsAppliedToEntity": ["state-moving","state-swimming"]
					},		
						//swim wandering to find the shore			
					{
						"code": "wander-r",
						"priority": 3.6,
						"priorityForCancel": 5.0,
						"animation": "Swim",
						"movespeedByType": {
							"*-nyctereutes-*": 0.015,
							"*-otocyon-*":0.015,
							"*-vulpes-bengalensis":0.012,
							"*-vulpes-cana":0.012,
							"*-vulpes-chama":0.015,
							"*-vulpes-corsac":0.015,
							"*-vulpes-ferrilata":0.015,
							"*-vulpes-lagopus":0.012,
							"*-vulpes-macrotis":0.012,
							"*-vulpes-pallida":0.012,
							"*-vulpes-rueppellii":0.012,
							"*-vulpes-velox":0.012,
							"*-vulpes-vulpes":0.018,
							"*-vulpes-zerda":0.009,
							"*": 0.04
						},
						"animationSpeed": 1,
						"stopOnHurt": true,
						"whenSwimming": true,
						"DontExecuteIfRecentlyAttacked": true,
						"tagsAppliedToEntity": ["state-moving","state-swimming"],
						"whenNotInEmotionState": ["aggressiveondamage","fleeondamage"]
					},	
						//stay close to family outside hunting times dark side				
					{
						"code": "stayclosetoentity-r",
						"priority": 3.51,
						"priorityForCancel": 5.0,
						"animation": "Canter",
						"entityCodes": ["caninae-vulpini-adult-female-{genus}-{species}"],
						"IgnoreDeadEntities": false,
						"targetLightLevels": [1, 14, 22, 28],
						"movespeedByType": {
							"*-nyctereutes-procyonoides": 0.012,
							"*-nyctereutes-viverrinus": 0.01,
							"*-otocyon-megalotis": 0.012,
							"*-vulpes-bengalensis": 0.012,
							"*-vulpes-cana": 0.01,
							"*-vulpes-chama": 0.012,
							"*-vulpes-corsac": 0.012,
							"*-vulpes-ferrilata": 0.012,
							"*-vulpes-lagopus": 0.01,
							"*-vulpes-macrotis": 0.01,
							"*-vulpes-pallida": 0.01,
							"*-vulpes-rueppellii": 0.008,
							"*-vulpes-velox": 0.01,
							"*-vulpes-vulpes": 0.016,
							"*-vulpes-zerda": 0.008
						},
						"animationSpeed": 2,
						"seekingRange": 240,
						"TargetEntitiesWithSameHerdId": true,
						"ExtraMinDistanceToTarget": 1,
						"extraTargetDistance": 0.25,
						"randomTargetOffset" : 1,
						"maxFollowTimeSec": 240, 
						"EntityLightLevels": [0,14],
						"EntityLightLevelType": "TimeOfDaySunLight",
						"stopOnHurt": true,
						"whenSwimming": false,
						"DontExecuteIfRecentlyAttacked": true,
						"tagsAppliedToEntity": ["state-moving"],
						"whenNotInEmotionState": ["aggressiveondamage","fleeondamage","saturated"]
					},	
						//stay close to family outside hunting times light side		
					{
						"code": "stayclosetoentity-r",
						"priority": 3.5,
						"priorityForCancel": 5.0,
						"animation": "Canter",
						"entityCodes": ["caninae-vulpini-adult-female-{genus}-{species}","caninae-vulpini-adult-male-{genus}-{species}","caninae-vulpini-baby-female-{genus}-{species}","caninae-vulpini-baby-male-{genus}-{species}"],
						"IgnoreDeadEntities": false,
						"targetLightLevels": [1, 14, 22, 28],
						"movespeedByType": {
							"*-nyctereutes-procyonoides": 0.012,
							"*-nyctereutes-viverrinus": 0.01,
							"*-otocyon-megalotis": 0.012,
							"*-vulpes-bengalensis": 0.012,
							"*-vulpes-cana": 0.01,
							"*-vulpes-chama": 0.012,
							"*-vulpes-corsac": 0.012,
							"*-vulpes-ferrilata": 0.012,
							"*-vulpes-lagopus": 0.01,
							"*-vulpes-macrotis": 0.01,
							"*-vulpes-pallida": 0.01,
							"*-vulpes-rueppellii": 0.008,
							"*-vulpes-velox": 0.01,
							"*-vulpes-vulpes": 0.016,
							"*-vulpes-zerda": 0.008
						},
						"animationSpeed": 2,
						"seekingRange": 240,
						"TargetEntitiesWithSameHerdId": true,
						"ExtraMinDistanceToTarget": 1,
						"extraTargetDistance": 1,
						"randomTargetOffset" : 1,
						"maxFollowTimeSec": 240, 
						"EntityLightLevels": [18,32],
						"EntityLightLevelType": "TimeOfDaySunLight",
						"stopOnHurt": true,
						"whenSwimming": false,
						"DontExecuteIfRecentlyAttacked": true,
						"tagsAppliedToEntity": ["state-moving"],
						"whenNotInEmotionState": ["aggressiveondamage","fleeondamage","saturated"]
					},				
						//wander out of darkness		
					{
						"code": "wander-r",
						"priority": 3.42,
						"priorityForCancel": 5.0,
						"animation": "Walk",
						"mindurationMs": 12000,
						"movespeedByType": {
							"*-nyctereutes-procyonoides": 0.0012,
							"*-nyctereutes-viverrinus": 0.001,
							"*-otocyon-megalotis": 0.0012,
							"*-vulpes-bengalensis": 0.0012,
							"*-vulpes-cana": 0.001,
							"*-vulpes-chama": 0.0012,
							"*-vulpes-corsac": 0.0012,
							"*-vulpes-ferrilata": 0.0012,
							"*-vulpes-lagopus": 0.001,
							"*-vulpes-macrotis": 0.001,
							"*-vulpes-pallida": 0.001,
							"*-vulpes-rueppellii": 0.0008,
							"*-vulpes-velox": 0.001,
							"*-vulpes-vulpes": 0.0016,
							"*-vulpes-zerda": 0.0008
						},
						"animationSpeed": 1,
						"EntityLightLevels": [0,8],
						"EntityLightLevelType": "MaxLight",
						"PreferredLightLevel": 32,
						"PreferredLightLevelType": "MaxLight",
						"MaxBlocksChecked" : 27,
						"wanderVerticalRangeMax": 3,
						"stopOnHurt": true,
						"whenSwimming": false,
						"DontExecuteIfRecentlyAttacked": true,
						"tagsAppliedToEntity": ["state-moving"],
						"whenNotInEmotionState": ["aggressiveondamage","fleeondamage"]
					},			
						//wander into shelter in cold
					{
						"code": "wander-r",
						"priority": 3.41,
						"priorityForCancel": 5.0,
						"animation": "Trot",
						"mindurationMs": 12000,
						"mincooldownHours": 0.5,
						"maxcooldownhours": 1,
						"movespeedByType": {
							"*-nyctereutes-procyonoides": 0.0024,
							"*-nyctereutes-viverrinus": 0.002,
							"*-otocyon-megalotis": 0.0024,
							"*-vulpes-bengalensis": 0.0024,
							"*-vulpes-cana": 0.002,
							"*-vulpes-chama": 0.0024,
							"*-vulpes-corsac": 0.0024,
							"*-vulpes-ferrilata": 0.0024,
							"*-vulpes-lagopus": 0.002,
							"*-vulpes-macrotis": 0.002,
							"*-vulpes-pallida": 0.002,
							"*-vulpes-rueppellii": 0.0016,
							"*-vulpes-velox": 0.002,
							"*-vulpes-vulpes": 0.0032,
							"*-vulpes-zerda": 0.0016
						},
						"animationSpeed": 2,
						"TemperatureRangeByType": {
							"*procyonoides":[-40,-12],
							"*viverrinus":[-40,-6],
							"*megalotis":[-40,12],
							"*bengalensis":[-40,18],
							"*cana":[-40,14],
							"*chama":[-40,12],
							"*corsac":[-40,-8],
							"*ferrilata":[-40,-12],
							"*lagopus":[-40,-30],
							"*macrotis":[-40,10],
							"*pallida":[-40,22],
							"*rueppellii":[-40,18],
							"*velox":[-40,4],
							"*vulpes":[-40,-18],
							"*zerda":[-40,18]
						},
						"EntityLightLevels": [22,32],
						"EntityLightLevelType": "MaxTimeOfDayLight",
						"PreferredLightLevel": 16,
						"PreferredLightLevelType": "MaxTimeOfDayLight",
						"MaxBlocksChecked" : 27,
						"stopOnHurt": true,
						"whenSwimming": false,
						"DontExecuteIfRecentlyAttacked": true,
						"tagsAppliedToEntity": ["state-moving"],
						"whenNotInEmotionState": ["aggressiveondamage","fleeondamage"]
					},		
						//wander into shade during heat
					{
						"code": "wander-r",
						"priority": 3.4,
						"priorityForCancel": 5.0,
						"animation": "Trot",
						"mindurationMs": 12000,
						"movespeedByType": {
							"*-nyctereutes-procyonoides": 0.0024,
							"*-nyctereutes-viverrinus": 0.002,
							"*-otocyon-megalotis": 0.0024,
							"*-vulpes-bengalensis": 0.0024,
							"*-vulpes-cana": 0.002,
							"*-vulpes-chama": 0.0024,
							"*-vulpes-corsac": 0.0024,
							"*-vulpes-ferrilata": 0.0024,
							"*-vulpes-lagopus": 0.002,
							"*-vulpes-macrotis": 0.002,
							"*-vulpes-pallida": 0.002,
							"*-vulpes-rueppellii": 0.0016,
							"*-vulpes-velox": 0.002,
							"*-vulpes-vulpes": 0.0032,
							"*-vulpes-zerda": 0.0016
						},
						"animationSpeed": 2,
						"TemperatureRangeByType": {
							"*procyonoides":[32,99],
							"*viverrinus":[30,99],
							"*megalotis":[34,99],
							"*bengalensis":[32,99],
							"*cana":[32,99],
							"*chama":[32,99],
							"*corsac":[32,99],
							"*ferrilata":[32,99],
							"*lagopus":[14,99],
							"*macrotis":[32,99],
							"*pallida":[32,99],
							"*rueppellii":[32,99],
							"*velox":[32,99],
							"*vulpes":[32,99],
							"*zerda":[32,99]
						},
						"EntityLightLevels": [22,32],
						"EntityLightLevelType": "MaxTimeOfDayLight",
						"PreferredLightLevel": 16,
						"PreferredLightLevelType": "MaxTimeOfDayLight",
						"MaxBlocksChecked" : 27,
						"stopOnHurt": true,
						"whenSwimming": false,
						"DontExecuteIfRecentlyAttacked": true,
						"tagsAppliedToEntity": ["state-moving"],
						"whenNotInEmotionState": ["aggressiveondamage","fleeondamage"]
					},
					//-------------------------Domestic Behaviors-------------------------//
						//follow lead holder
					{
						"code": "followleadholder",
						"priority": 2.5,
						"priorityForCancel": 3.0,
						"animation": "Trot",
						"movespeedByType": {
							"*-nyctereutes-procyonoides": 0.0024,
							"*-nyctereutes-viverrinus": 0.002,
							"*-otocyon-megalotis": 0.0024,
							"*-vulpes-bengalensis": 0.0024,
							"*-vulpes-cana": 0.002,
							"*-vulpes-chama": 0.0024,
							"*-vulpes-corsac": 0.0024,
							"*-vulpes-ferrilata": 0.0024,
							"*-vulpes-lagopus": 0.002,
							"*-vulpes-macrotis": 0.002,
							"*-vulpes-pallida": 0.002,
							"*-vulpes-rueppellii": 0.0016,
							"*-vulpes-velox": 0.002,
							"*-vulpes-vulpes": 0.0032,
							"*-vulpes-zerda": 0.0016
						},
						"animationSpeed": 2,
						"minGeneration": 2,
						"stopOnHurt": true,
						"tagsAppliedToEntity": ["state-moving"],
						"whenNotInEmotionState": ["aggressiveondamage","fleeondamage"]
					},
					//-------------------------Conditional Down Time-------------------------//
					//sleeping times
					{
						"code": "idle-r",
						"priority": 1.51,
						"priorityForCancel": 6,
						"animation": "Sleep",
						"mindurationMs": 60000000,
						"maxdurationMs": 480000000,
						"mincooldownHours": 0.5,
						"maxcooldownHours": 3,
						"animationSpeed": 0.3,
						"executionChance": 0.125,
						"duringDayTimeFramesHoursByType": {
							"*-nyctereutes-*":[[11,14],[16,18]],
							"*-otocyon-*":[[11,18]],
							"*-vulpes-bengalensis":[[11,18]],
							"*-vulpes-cana":[[11,18]],
							"*-vulpes-chama":[[11,18]],
							"*-vulpes-corsac":[[11,18]],
							"*-vulpes-ferrilata":[[18,24],[0,6]],
							"*-vulpes-lagopus":[[18,24],[0,6]],
							"*-vulpes-macrotis":[[11,18]],
							"*-vulpes-pallida":[[11,18]],
							"*-vulpes-rueppellii":[[11,18]],
							"*-vulpes-velox":[[11,18]],
							"*-vulpes-vulpes":[[11,18]],
							"*-vulpes-zerda":[[11,18]]},
				  	"DayTimeFrameInaccuracy": 0.75,
						"stopIfOutOfDayTimeFrames": true,
						"stopOnHurt": true,
						"whenSwimming": false,
						"whenFeetInLiquid": false,
						"DontExecuteIfRecentlyAttacked": true,
						"tagsAppliedToEntity": ["state-sneaking"],
						"whenNotInEmotionState": ["aggressiveondamage","fleeondamage"]
					},
					//burrow times in sand
					{
						"code": "idle-r",
						"priority": 1.5,
						"priorityForCancel": 8,
						"animation": "Burrow",
						"mindurationMs": 1440000,
						"maxdurationMs": 2880000,
						"animationSpeed": 0.3,
						"executionChance": 0.725,
						"EntityLightLevelsByType": {
							"@.*-(ferrilata)":[8,19],
							"*":[18,24]
						},
						"EntityLightLevelType": "TimeOfDaySunLight",
						"stopIfOutOfDayTimeFrames": true,
						"allowedBlockBelowCode": "game:sand-*",
						"stopOnHurt": true,
						"whenSwimming": false,
						"whenFeetInLiquid": false,
						"DontExecuteIfRecentlyAttacked": true,
						"tagsAppliedToEntity": ["state-burrowed","state-sneaking"],
						"whenNotInEmotionState": ["aggressiveondamage","fleeondamage"]
					},
					//burrow times in soil
					{
						"code": "idle-r",
						"priority": 1.5,
						"priorityForCancel": 8,
						"animation": "Burrow",
						"mindurationMs": 1440000,
						"maxdurationMs": 2880000,
						"animationSpeed": 0.3,
						"executionChance": 0.725,
						"EntityLightLevelsByType": {
							"@.*-(ferrilata)":[8,19],
							"*":[18,24]
						},
						"EntityLightLevelType": "TimeOfDaySunLight",
						"stopIfOutOfDayTimeFrames": true,
						"allowedBlockBelowCode": "game:soil-*",
						"stopOnHurt": true,
						"whenSwimming": false,
						"whenFeetInLiquid": false,
						"DontExecuteIfRecentlyAttacked": true,
						"tagsAppliedToEntity": ["state-burrowed","state-sneaking"],
						"whenNotInEmotionState": ["aggressiveondamage","fleeondamage"]
					},
						//rare chance of call all day
					{
						"code": "idle-r",
						"priority": 1.41,
						"priorityForCancel": 2.0,
						"animation": "Yip",
						"executionChance": 0.00125,
						"mindurationMs": 2000,
						"maxdurationMs": 20000,
						"mincooldownHours": 0.125,
						"maxcooldownHours": 2,
						"animationSpeed": 3,
						"soundByType": {
							"*":"caninae:creature/vulpes/whimper"},
						"soundrepeatMS": 3000,
						"soundVolume": 0.75,
						"soundRangeByType": {"*": 15},
						"whenNotInEmotionState": ["aggressiveondamage","fleeondamage"]
					},
						//laying when in shade over certain temp
					{
						"code": "idle-r",
						"priority": 1.41,
						"priorityForCancel": 2.0,
						"animation": "Lie",
						"mindurationMs": 60000,
						"maxdurationMs": 480000,
						"TemperatureRangeByType": {
							"*procyonoides":[32,99],
							"*viverrinus":[30,99],
							"*megalotis":[34,99],
							"*bengalensis":[32,99],
							"*cana":[32,99],
							"*chama":[32,99],
							"*corsac":[32,99],
							"*ferrilata":[32,99],
							"*lagopus":[14,99],
							"*macrotis":[32,99],
							"*pallida":[32,99],
							"*rueppellii":[32,99],
							"*velox":[32,99],
							"*vulpes":[32,99],
							"*zerda":[32,99]
						},
						"EntityLightLevels": [17,21],
						"EntityLightLevelType": "MaxTimeOfDayLight",
						"duringDayTimeFramesHours": [[9,18]],
				  	"DayTimeFrameInaccuracy": 0.75,
						"StopIfOutOfDayTimeFrames" : true,
						"stopOnHurt": true,
						"whenSwimming": false,
						"whenFeetInLiquid": false,
						"DontExecuteIfRecentlyAttacked": false,
						"whenNotInEmotionState": ["aggressiveondamage","fleeondamage"]
					},	
						//wander at peak light levels
					{
						"code": "wander-r",
						"priority": 1.3,
						"priorityForCancel": 2.0,
						"animation": "Trot",
						"mindurationMs": 4000,
						"mincooldownHours": 0.125,
						"maxcooldownhours": 1.25,
						"movespeedByType": {
							"*-nyctereutes-procyonoides": 0.0024,
							"*-nyctereutes-viverrinus": 0.002,
							"*-otocyon-megalotis": 0.0024,
							"*-vulpes-bengalensis": 0.0024,
							"*-vulpes-cana": 0.002,
							"*-vulpes-chama": 0.0024,
							"*-vulpes-corsac": 0.0024,
							"*-vulpes-ferrilata": 0.0024,
							"*-vulpes-lagopus": 0.002,
							"*-vulpes-macrotis": 0.002,
							"*-vulpes-pallida": 0.002,
							"*-vulpes-rueppellii": 0.0016,
							"*-vulpes-velox": 0.002,
							"*-vulpes-vulpes": 0.0032,
							"*-vulpes-zerda": 0.0016
						},
						"animationSpeed": 2,
						"EntityLightLevelsByType": {
							"@.*-(ferrilata)":[22,22],
							"*":[14,18]
						},
						"EntityLightLevelType": "TimeOfDaySunLight",
						"stopOnHurt": true,
						"whenSwimming": false,
						"DontExecuteIfRecentlyAttacked": true,
						"tagsAppliedToEntity": ["state-moving"],
						"whenNotInEmotionState": ["aggressiveondamage","fleeondamage"]
					},
					//-------------------------Down Time-------------------------//
						//wandering canter or stot at any time
					{
						"code": "wander-r",
						"priority": 0.8,
						"priorityForCancel": 2.0,
						"animation": "Canter",
						"mindurationMs": 8000,
						"executionChance": 0.005,
						"movespeedByType": {
							"*-nyctereutes-procyonoides": 0.012,
							"*-nyctereutes-viverrinus": 0.01,
							"*-otocyon-megalotis": 0.012,
							"*-vulpes-bengalensis": 0.012,
							"*-vulpes-cana": 0.01,
							"*-vulpes-chama": 0.012,
							"*-vulpes-corsac": 0.012,
							"*-vulpes-ferrilata": 0.012,
							"*-vulpes-lagopus": 0.01,
							"*-vulpes-macrotis": 0.01,
							"*-vulpes-pallida": 0.01,
							"*-vulpes-rueppellii": 0.008,
							"*-vulpes-velox": 0.01,
							"*-vulpes-vulpes": 0.016,
							"*-vulpes-zerda": 0.008
						},
						"animationSpeed": 2,
						"stopOnHurt": true,
						"whenSwimming": false,
						"DontExecuteIfRecentlyAttacked": true,
						"tagsAppliedToEntity": ["state-moving"],
						"whenNotInEmotionState": ["aggressiveondamage","fleeondamage"]
					},
						//wandering trot at any time
					{
						"code": "wander-r",
						"priority": 0.8,
						"priorityForCancel": 2.0,
						"animation": "Trot",
						"mindurationMs": 8000,
						"executionChance": 0.05,
						"movespeedByType": {
							"*-nyctereutes-procyonoides": 0.0024,
							"*-nyctereutes-viverrinus": 0.002,
							"*-otocyon-megalotis": 0.0024,
							"*-vulpes-bengalensis": 0.0024,
							"*-vulpes-cana": 0.002,
							"*-vulpes-chama": 0.0024,
							"*-vulpes-corsac": 0.0024,
							"*-vulpes-ferrilata": 0.0024,
							"*-vulpes-lagopus": 0.002,
							"*-vulpes-macrotis": 0.002,
							"*-vulpes-pallida": 0.002,
							"*-vulpes-rueppellii": 0.0016,
							"*-vulpes-velox": 0.002,
							"*-vulpes-vulpes": 0.0032,
							"*-vulpes-zerda": 0.0016
						},
						"animationSpeed": 2,
						"stopOnHurt": true,
						"whenSwimming": false,
						"DontExecuteIfRecentlyAttacked": true,
						"tagsAppliedToEntity": ["state-moving"],
						"whenNotInEmotionState": ["aggressiveondamage","fleeondamage"]
					},
						//wandering walk at any time
					{
						"code": "wander-r",
						"priority": 0.8,
						"priorityForCancel": 2.0,
						"animation": "Walk",
						"mindurationMs": 8000,
						"executionChance": 0.5,
						"movespeedByType": {
							"*-nyctereutes-procyonoides": 0.0012,
							"*-nyctereutes-viverrinus": 0.001,
							"*-otocyon-megalotis": 0.0012,
							"*-vulpes-bengalensis": 0.0012,
							"*-vulpes-cana": 0.001,
							"*-vulpes-chama": 0.0012,
							"*-vulpes-corsac": 0.0012,
							"*-vulpes-ferrilata": 0.0012,
							"*-vulpes-lagopus": 0.001,
							"*-vulpes-macrotis": 0.001,
							"*-vulpes-pallida": 0.001,
							"*-vulpes-rueppellii": 0.0008,
							"*-vulpes-velox": 0.001,
							"*-vulpes-vulpes": 0.0016,
							"*-vulpes-zerda": 0.0008
						},
						"animationSpeed": 1,
						"stopOnHurt": true,
						"whenSwimming": false,
						"DontExecuteIfRecentlyAttacked": true,
						"tagsAppliedToEntity": ["state-moving"],
						"whenNotInEmotionState": ["aggressiveondamage","fleeondamage"]
					},
						//sitting at any time
					{
						"code": "idle-r",
						"priority": 0.7,
						"priorityForCancel": 2.0,
						"animation": "Sit",
						"mindurationMs": 12000,
						"maxdurationMs": 120000,
						"executionChance": 0.25,
						"minCooldownMs": 12000,
						"maxCooldownMs": 120000,
						"stopOnHurt": true,
						"whenSwimming": false,
						"whenFeetInLiquid": false,
						"DontExecuteIfRecentlyAttacked": false,
						"whenNotInEmotionState": ["aggressiveondamage","fleeondamage"]
					},
						//sitting at any time
					{
						"code": "idle-r",
						"priority": 0.7,
						"priorityForCancel": 2.0,
						"animation": "Lie",
						"mindurationMs": 12000,
						"maxdurationMs": 120000,
						"executionChance": 0.25,
						"minCooldownMs": 12000,
						"maxCooldownMs": 120000,
						"stopOnHurt": true,
						"whenSwimming": false,
						"whenFeetInLiquid": false,
						"DontExecuteIfRecentlyAttacked": false,
						"whenNotInEmotionState": ["aggressiveondamage","fleeondamage"]
					},
						//sniffing at any time
					{
						"code": "idle-r",
						"priority": 0.7,
						"priorityForCancel": 1.0,
						"animation": "Sniff",
						"mindurationMs": 2500,
						"maxdurationMs": 2500,
						"minCooldownMs": 6000,
						"maxCooldownMs": 20000,
						"soundByType": {
							"*":"caninae:creature/nyctereutes/sniff"
						},
						"stopOnHurt": true,
						"whenSwimming": false,
						"whenFeetInLiquid": false,
						"DontExecuteIfRecentlyAttacked": false,
						"whenNotInEmotionState": ["aggressiveondamage","fleeondamage"]
					},
						//standing at any time
					{
						"code": "idle-r",
						"priority": 0.7,
						"priorityForCancel": 2.0,
						"animation": "Idle",
						"mindurationMs": 2000,
						"maxdurationMs": 12000,
						"minCooldownMs": 12000,
						"maxCooldownMs": 120000,
						"stopOnHurt": true,
						"whenSwimming": false,
						"whenFeetInLiquid": false,
						"DontExecuteIfRecentlyAttacked": false,
						"whenNotInEmotionState": ["aggressiveondamage","fleeondamage"]
					},
						//looking around
					{
						"code": "lookaround-r",
						"priority": 0.5,
						"priorityForCancel": 2.0,
						"stopOnHurt": true,
						"whenNotInEmotionState": ["aggressiveondamage","fleeondamage"],
						"turnAngleFactor": 0.5
					}
				]
			},
			{"code": "ropetieable","minGeneration": 2},
			{"code": "pettable","minGeneration": 1},
			{ "code": "entitystatetags" }],
		"spawnconditions": {
			"runtime": {
				"group": "neutral",
				"maxQuantity": 1,
				"maxQuantityByGroup": {"code": "caninae-vulpini-*","maxQuantity": 4},
				"tryOnlySurface": true,
				"chanceByType": {"*": 0.0}
			}
		}
	},
	"soundsByType": {
"*-nyctereutes-*":{"hurt": "caninae:creature/nyctereutes/hurt","death": "caninae:creature/nyctereutes/hurt","idle": "caninae:creature/nyctereutes/sniff"},
"*-otocyon-*":{"hurt": "game:creature/wolf/pup-flop","death": "game:creature/wolf/pup-flop","idle": "caninae:creature/nyctereutes/sniff"},
"*-vulpes-zerda":{"hurt": "caninae:creature/vulpes/zerda-chrip","death": "caninae:creature/vulpes/zerda-chirp","idle": "caninae:creature/vulpes/zerda-bark"},
"*-vulpes-*":{"hurt": "caninae:creature/vulpes/baby-hurt","death": "game:creature/wolf/pup-flop","idle": "caninae:creature/nyctereutes/sniff"}
	},
	"idleSoundChance": 0.05
}