{
	"code": "bellspire_aged_type3",
	"class": "EntityGlowingAgent",
	"canClimb": false,
	"immobile": true,
	"knockbackResistance": 10,
	"attributes": {
		"lightHsv": [ 4, 7, 12 ],
		"onlyWhenAggroed": false
	},
	"hitboxSize": {
		"x": 2,
		"y": 1
	},
	"deadHitboxSize": {
		"x": 2,
		"y": 1
	},
	"eyeHeight": 1.6,
	"drops": [],
	"client": {
		"renderer": "Shape",
		"shape": { "base": "wrustbound:entity/land/bellspire/bellspire_aged" },
		"behaviors": [
			{
				"code": "repulseagents",
				"moveable": false
			},
			{ "code": "riftParticles" },
			{
				"code": "controlledphysics",
				"stepHeight": 1.1251
			},
			{
				"code": "interpolateposition"
			},
			{
				"code": "harvestable"
			}
		],
		"animations": [
			{
				"code": "die",
				"animation": "dead",
				"animationSpeed": 1,
				"weight": 10,
				"blendMode": "Average",
				"triggeredBy": { "onControls": [ "dead" ] }
			},
			{
				"code": "idle",
				"animation": "idle",
				"blendMode": "AddAverage",
				"easeOutSpeed": 4,
				"triggeredBy": { "defaultAnim": true }
			}
		]
	},
	"server": {
		"behaviors": [
			{
				"code": "repulseagents",
				"moveable": false
			},
			{
				"code": "controlledphysics",
				"stepHeight": 1.1251
			},
			{ "code": "breathe" },
			{
				"code": "health",
				"currenthealth": 525,
				"maxhealth": 525
			},
			{
				"code": "deaddecay",
				"hoursToDecay": 0.2
			},
			{
				"code": "despawn",
				"minPlayerDistance": 501,
				"minSeconds": 6
			},
			{
				"code": "harvestable",
				"duration": 2,
				"drops": [
					{
						"type": "item",
						"code": "game:gear-temporal",
						"quantity": {
							"avg": 0.75,
							"var": 0
						}
					}
				]
			},
			{
				"code": "emotionstates",
				"states": [
					{
						"code": "aggressiveondamage",
						"duration": 30,
						"whenHealthRelBelow": 0.8,
						"chance": 0.8,
						"slot": 0,
						"priority": 2,
						"accumType": "noaccum"
					}
				]
			},
			{
				"code": "grow",
				"hoursToGrow": 168,
				"adultEntityCodes": [
					"wrustbound:bellspire_aged"
				]
			},
			{
				"code": "taskai",
				"aitasks": [
					{
						"code": "bellalarm",
						"onNearbyEntityCodes": [
							"player",
							"witinerant-*"
						],
						"spawnMobs": [
							"wrustbound:rustborn-tier1",
							"wrustbound:rustborn-tier3",
							"wrustbound:rustborn-tier5",
							"wrustbound:rustborn-tier7",
							"wrustbound:rustborn-tier8",
							"wrustbound:rustborn-tier9",
							"game:shiver-deepsplit",
							"wrustbound:caretaker-ramhorned"
						],
						"spawnMaxQuantity": 6,
						"spawnIntervalMsMin": 1500,
						"spawnIntervalMsMax": 5000,
						"spawnRange": 25,
						"seekingRange": 30,
						"priority": 2,
						"animation": "alarm",
						"animationSpeed": 1,
						"repeatSound": "game:creature/bell/alarm",
						"whenNotInEmotionState": "aggressiveondamage"
					},
					{
						"code": "bellalarm",
						"onNearbyEntityCodes": [
							"player",
							"witinerant-*"
						],
						"spawnMobs": [
							"wrustbound:rustborn-tier1",
							"wrustbound:rustborn-tier3",
							"wrustbound:rustborn-tier5",
							"wrustbound:rustborn-tier7",
							"game:bowtorn-gearfoot",
							"game:shiver-deepsplit",
							"wrustbound:caretaker-ramhorned"
						],
						"spawnMaxQuantity": 6,
						"spawnIntervalMsMin": 500,
						"spawnIntervalMsMax": 2000,
						"spawnRange": 45,
						"seekingRange": 47,
						"priority": 2,
						"animation": "alarm",
						"animationSpeed": 1,
						"repeatSound": "game:creature/bell/alarm",
						"whenInEmotionState": "aggressiveondamage"
					},
					{
						"code": "idle",
						"id": "listen",
						"priority": 1.6,
						"priorityForCancel": 1.35,
						"minduration": 4000,
						"maxduration": 6000,
						"initialMinCoolDown": 2000,
						"initialMaxCoolDown": 10000,
						"mincooldown": 2000,
						"maxcooldown": 10000,
						"animation": "idle",
						"animationSpeed": 1
					}
				]
			}
		]
	},
	"sounds": {
		"hurt": "wrustbound:creature/skulker/skulker-hurt",
		"death": "wrustbound:creature/skulker/skulker-death",
		"idle": "wrustbound:creature/skulker/skulker-idle4"
	},
	"idleSoundChance": 0.05

}