{
	"code": "bellspire_mature_type2",
	"class": "EntityBell",
	"canClimb": false,
	"immobile": true,
	"hitboxSize": {
		"x": 2,
		"y": 1
	},
	"deadHitboxSize": {
		"x": 2,
		"y": 1
	},
	"eyeHeight": 1.6,
	"knockbackResistance": 10,
	"drops": [],
	"client": {
		"renderer": "Shape",
		"shape": { "base": "wrustbound:entity/land/bellspire/bellspire_mature" },
		"behaviors": [
			{
				"code": "repulseagents",
				"movable": false
			},
			{
				"code": "controlledphysics",
				"stepHeight": 1.1251
			},
			{
				"code": "interpolateposition"
			},
			{ "code": "harvestable" }
		],
		"animations": [
			{
				"code": "die",
				"animation": "dead",
				"animationSpeed": 1,
				"weight": 10,
				"blendMode": "Average",
				"triggeredBy": { "onControls": [ "dead" ] }
			},
			{
				"code": "idle",
				"animation": "idle",
				"blendMode": "AddAverage",
				"easeOutSpeed": 4,
				"triggeredBy": { "defaultAnim": true }
			}
		]
	},
	"server": {
		"behaviors": [
			{
				"code": "repulseagents",
				"movable": false
			},
			{
				"code": "controlledphysics",
				"stepHeight": 1.1251
			},
			{ "code": "breathe" },
			{
				"code": "health",
				"currenthealth": 375,
				"maxhealth": 375
			},
			{
				"code": "deaddecay",
				"hoursToDecay": 2
			},
			{
				"code": "harvestable",
				"duration": 2,
				"drops": [
					{
						"type": "item",
						"code": "game:gear-temporal",
						"quantity": {
							"avg": 0.3,
							"var": 0
						}
					}
				]
			},
			{
				"code": "emotionstates",
				"states": [
					{
						"code": "aggressiveondamage",
						"duration": 30,
						"whenHealthRelBelow": 0.8,
						"chance": 0.8,
						"slot": 0,
						"priority": 2,
						"accumType": "noaccum"
					}
				]
			},
			{
				"code": "grow",
				"hoursToGrow": 168,
				"adultEntityCodes": [
					"wrustbound:bellspire_mature"
				]
			},
			{
				"code": "taskai",
				"aitasks": [
					{
						"code": "bellalarm",
						"onNearbyEntityCodes": [
							"player",
							"itinerant-*"
						],
						"spawnMobs": [
							"wrustbound:rustborn-tier2",
							"wrustbound:rustborn-tier3",
							"wrustbound:rustborn-tier6",
							"wrustbound:skulker-mature",
							"game:shiver-tainted",
							"game:bowtorn-tainted",
							"wrustbound:caretaker-deerhorned"
						],
						"spawnMaxQuantity": 6,
						"spawnIntervalMsMin": 1800,
						"spawnIntervalMsMax": 8000,
						"spawnRange": 25,
						"seekingRange": 30,
						"priority": 2,
						"animation": "alarm",
						"animationSpeed": 1,
						"repeatSound": "game:creature/bell/alarm",
						"whenNotInEmotionState": "aggressiveondamage"
					},
					{
						"code": "bellalarm",
						"onNearbyEntityCodes": [
							"player",
							"itinerant-*"
						],
						"spawnMobs": [
							"wrustbound:rustborn-tier3",
							"wrustbound:rustborn-tier5",
							"wrustbound:rustborn-tier7",
							"game:shiver-tainted",
							"game:shiver-tainted",
							"game:bowtorn-tainted",
							"wrustbound:caretaker-deerhorned"
						],
						"spawnMaxQuantity": 6,
						"spawnIntervalMsMin": 750,
						"spawnIntervalMsMax": 1200,
						"spawnRange": 45,
						"seekingRange": 47,
						"priority": 2,
						"animation": "alarm",
						"animationSpeed": 1,
						"repeatSound": "game:creature/bell/alarm",
						"whenInEmotionState": "aggressiveondamage"
					},
					{
						"code": "idle",
						"id": "listen",
						"priority": 1.6,
						"priorityForCancel": 1.35,
						"minduration": 4000,
						"maxduration": 6000,
						"initialMinCoolDown": 2000,
						"initialMaxCoolDown": 10000,
						"mincooldown": 2000,
						"maxcooldown": 10000,
						"animation": "idle",
						"animationSpeed": 1
					}
				]
			}
		]
	},
	"sounds": {
		"hurt": "wrustbound:creature/skulker/skulker-hurt",
		"death": "wrustbound:creature/skulker/skulker-death",
		"idle": "wrustbound:creature/skulker/skulker-idle4"
	},
	"idleSoundChance": 0.05

}