{
	"textureWidth": 16,
	"textureHeight": 16,
	"textures": {
		"stem": "block/plant/bamboo/phyllostachysnigra"
	},
	"elements": [
		{
			"name": "StalkTopSE",
			"from": [ 9.5, 0.0, 9.5 ], 
			"to": [ 11.5, 16.0, 11.5 ], 
			"windMode": 4,
			"faces": {
				"north": { "windMode":[5,5,5,5], "texture": "#stem", "uv": [ 4.0, 0.0, 6.0, 16.0 ] },
				"east": { "windMode":[5,5,5,5], "texture": "#stem", "uv": [ 3.0, 0.0, 5.0, 16.0 ] },
				"south": { "windMode":[5,5,5,5], "texture": "#stem", "uv": [ 1.0, 0.0, 3.0, 16.0 ] },
				"west": { "windMode":[5,5,5,5], "texture": "#stem", "uv": [ 1.0, 0.0, 3.0, 16.0 ] },
				"up": { "windMode":[5,5,5,5], "texture": "#stem", "uv": [ 8.0, 14.0, 10.0, 16.0 ] },
				"down": { "windMode":[5,5,5,5], "texture": "#stem", "uv": [ 8.0, 14.0, 10.0, 16.0 ] }
			}
		},
		{
			"name": "StlakTopNW",
			"from": [ 5.5, 0.0, 5.5 ], 
			"to": [ 7.5, 16.0, 7.5 ], 
			"windMode": 4,
			"faces": {
				"north": { "windMode":[5,5,5,5], "texture": "#stem", "uv": [ 5.0, 0.0, 7.0, 16.0 ] },
				"east": { "windMode":[5,5,5,5], "texture": "#stem", "uv": [ 6.0, 0.0, 8.0, 16.0 ] },
				"south": { "windMode":[5,5,5,5], "texture": "#stem", "uv": [ 6.0, 0.0, 8.0, 16.0 ] },
				"west": { "windMode":[5,5,5,5], "texture": "#stem", "uv": [ 3.0, 0.0, 5.0, 16.0 ] },
				"up": { "windMode":[5,5,5,5], "texture": "#stem", "uv": [ 8.0, 14.0, 10.0, 16.0 ] },
				"down": { "windMode":[5,5,5,5], "texture": "#stem", "uv": [ 8.0, 14.0, 10.0, 16.0 ] }
			}
		}
	]}