[
{
	file : "game:entities/humanoid/player",
	op : "Add",
	path : "/client/animations/-",
	value : {
				code: "immersiveaxechopvertical",
				animation: "immersiveaxechopvertical", 
				blendMode: "Add",
				animationSpeed: 1.5,
				holdEyePosAfterEasein: 0.3,
				elementWeight: {
					"UpperArmR": 25,
					"LowerArmR": 25,
					"UpperArmL": 25,
					"LowerArmL": 25
				},
				elementBlendMode: {
					"UpperArmR": "AddAverage",
					"LowerArmR": "AddAverage",
					"UpperArmL": "AddAverage",
					"LowerArmL": "AddAverage"
				}
			}
},

{
	file : "game:shapes/entity/humanoid/seraph-faceless",
	op : "Add",
	path : "/animations/-",
	value : 
	{
			"name": "ImmersiveAxeChopVertical",
			"code": "immersiveaxechopvertical",
			"quantityframes": 34,
			"onActivityStopped": "Rewind",
			"onAnimationEnd": "Repeat",
			"keyframes": [
				{
					"frame": 0,
					"elements": {
						"LowerArmR": { "rotationX": 0.0, "rotationY": 0.0, "rotationZ": 0.0 },
						"UpperArmR": { "rotationX": 0.0, "rotationY": 0.0, "rotationZ": 0.0 },
						"UpperArmL": { "rotationX": 0.0, "rotationY": 0.0, "rotationZ": 0.0 },
						"LowerArmL": { "rotationX": 0.0, "rotationY": 0.0, "rotationZ": 0.0 },
						"LowerTorso": { "rotationX": 0.0, "rotationY": 0.0, "rotationZ": 0.0 },
						"UpperFootL": { "rotationX": 0.0, "rotationY": 0.0, "rotationZ": 0.0 },
						"UpperFootR": { "rotationX": 0.0, "rotationY": 0.0, "rotationZ": 0.0 },
						"UpperTorso": { "rotationX": 0.0, "rotationY": 0.0, "rotationZ": 0.0 },
						"ItemAnchor": { "rotationX": 0.0, "rotationY": 0.0, "rotationZ": 0.0 }
					}
				},
				{
					"frame": 8,
					"elements": {
						"UpperArmL": { "rotationX": 10.0, "rotationY": -10.0, "rotationZ": -63.0 },
						"UpperArmR": { "rotationX": -10.0, "rotationY": 10.0, "rotationZ": -75.0 },
						"LowerArmR": { "rotationX": 0.0, "rotationY": 0.0, "rotationZ": 0.0 },
						"LowerArmL": { "rotationX": 0.0, "rotationY": 0.0, "rotationZ": 0.0 },
						"UpperFootR": { "rotationX": 0.0, "rotationY": 0.0, "rotationZ": 0.0 },
						"UpperFootL": { "rotationX": 0.0, "rotationY": 0.0, "rotationZ": 0.0 },
						"LowerTorso": { "rotationX": 0.0, "rotationY": 0.0, "rotationZ": 0.0 },
						"UpperTorso": { "rotationX": 0.0, "rotationY": 0.0, "rotationZ": 5.0 },
						"ItemAnchor": { "offsetX": -8.0, "offsetY": 0.0, "offsetZ": 0.0, "rotationX": 18.0, "rotationY": 0.0, "rotationZ": 0.0 }
					}
				},
				{
					"frame": 10,
					"elements": {
						"UpperArmL": { "rotationX": 7.0, "rotationY": -10.0, "rotationZ": -82.0 },
						"UpperArmR": { "rotationX": -4.0, "rotationY": 10.0, "rotationZ": -94.0 },
						"ItemAnchor": { "offsetX": -8.0, "offsetY": 0.0, "offsetZ": 0.0}
					}
				},
				{
					"frame": 13,
					"elements": {
						"UpperArmR": { "rotationX": 0.0, "rotationY": 5.0, "rotationZ": -122.0 },
						"UpperArmL": { "rotationX": 0.0, "rotationY": -5.0, "rotationZ": -110.0 },
						"ItemAnchor": { "offsetX": -8.0, "offsetY": 0.0, "offsetZ": 0.0}
					}
				},
				{
					"frame": 16,
					"elements": {
						"UpperArmR": { "rotationX": -5.0, "rotationY": 0.0, "rotationZ": -147.0 },
						"UpperArmL": { "rotationX": 3.0, "rotationY": 0.0, "rotationZ": -138.0 },
						"LowerArmL": { "rotationX": -10.0, "rotationY": -14.0, "rotationZ": -53.0 },
						"LowerArmR": { "rotationX": -2.0, "rotationY": 19.0, "rotationZ": -60.0 },
						"UpperTorso": { "rotationX": 0.0, "rotationY": 0.0, "rotationZ": -10.0 },
						"LowerTorso": { "rotationX": 0.0, "rotationY": 0.0, "rotationZ": 0.0 },
						"UpperFootL": { "rotationX": 0.0, "rotationY": 0.0, "rotationZ": 0.0 },
						"UpperFootR": { "rotationX": 0.0, "rotationY": 0.0, "rotationZ": 0.0 },
						"ItemAnchor": { "offsetX": -8.0, "offsetY": 0.0, "offsetZ": 0.0, "rotationX": 26.0, "rotationY": 0.0, "rotationZ": 0.0 }
					}
				},
				{
					"frame": 22,
					"elements": {
						"LowerArmL": { "rotationX": 25.0, "rotationY": 0.0, "rotationZ": -10.0 },
						"LowerArmR": { "rotationX": -25.0, "rotationY": 0.0, "rotationZ": -10.0 },
						"UpperArmR": { "rotationX": -4.0, "rotationY": 0.0, "rotationZ": -46.0 },
						"UpperArmL": { "rotationX": 5.0, "rotationY": 0.0, "rotationZ": -34.0 },
						"UpperTorso": { "rotationX": 0.0, "rotationY": 0.0, "rotationZ": 20.0 },
						"LowerTorso": { "rotationX": 0.0, "rotationY": 0.0, "rotationZ": 20.0 },
						"UpperFootL": { "rotationX": 0.0, "rotationY": 0.0, "rotationZ": -20.0 },
						"UpperFootR": { "rotationX": 0.0, "rotationY": 0.0, "rotationZ": -20.0 },
						"ItemAnchor": { "offsetX": -8.0, "offsetY": 0.0, "offsetZ": 0.0, "rotationX": 28.0, "rotationY": 5.0, "rotationZ": 0.0 }
					}
				}
			]
		}
}]