[
	{
	"code": "darkblue-leather",
	"sealHours": 16,
	"ingredients": [
		{ "type": "item", "code": "game:dye-woad", "litres": 1, "consumeLitres": 1 },
		{ "type": "item", "code": "game:leather-normal-blue", "quantity": 1 }
	],
	"output": { "type": "item", "code": "tailorsdelight:leather-darkblue", "stackSize": 1 }
	},

	{
	"code": "darkbrown-leather",
	"sealHours": 24,
	"ingredients": [
		{ "type": "item", "code": "game:strongtanninportion", "litres": 1, "consumeLitres": 1 },
		{ "type": "item", "code": "game:leather-normal-plain", "quantity": 1 }
	],
	"output": { "type": "item", "code": "tailorsdelight:leather-darkbrown", "stackSize": 1 }
	},

	{
	"code": "darkgreen-leather",
	"sealHours": 16,
	"ingredients": [
		{ "type": "item", "code": "game:dye-black", "litres": 1, "consumeLitres": 1 },
		{ "type": "item", "code": "game:leather-normal-green", "quantity": 1 }
	],
	"output": { "type": "item", "code": "tailorsdelight:leather-darkgreen", "stackSize": 1 }
	},

	{
	"code": "darkred-leather",
	"sealHours": 24,
	"ingredients": [
		{ "type": "item", "code": "game:strongtanninportion", "litres": 1, "consumeLitres": 1 },
		{ "type": "item", "code": "game:leather-normal-red", "quantity": 1 }
	],
	"output": { "type": "item", "code": "tailorsdelight:leather-darkred", "stackSize": 1 }
	}
]
