{
  "ingredient": { "type": "item", "code": "game:ingot-*", "name": "metal", "allowedVariants": ["copper", "lead"] },
  "pattern": [[
    "###",
    "###",
    "###",
    "###",
    "###",
    "###",
    "###",
    "###",
    "###"
    ], [
    "__#",
    "__#",
    "__#",
    "__#",
    "__#",
    "__#",
    "__#",
    "__#",
    "__#"
  ], [
    "__#",
    "__#",
    "__#",
    "__#",
    "__#",
    "__#",
    "__#",
    "__#",
    "__#"
  ], [
    "__#",
    "__#",
    "__#",
    "__#",
    "__#",
    "__#",
    "__#",
    "__#",
    "__#"
  ]],
  "name": "pipe",
  "output": { "type": "item", "code": "hydrateordiedrate:pipesection-{metal}"  }
}