{
	"editor": {
		"allAngles": true,
		"entityTextureMode": false
	},
	"textureWidth": 8,
	"textureHeight": 24,
	"textureSizes": {
		"roystonearegia": [16,24]
	},
	"textures": {
		"roystonearegia": "block/plant/fern/roystonearegia"
	},
	"elements": [
		{
			"name": "Frond origin 4",
			"from": [ 8.75, -0.05, 8.75 ],
			"to": [ 8.75, -0.05, 8.75 ],
			"rotationOrigin": [ 8.75, -0.05, 8.75 ],
			"rotationY": 22.0,
			"faces": {
			},
			"children": [
				{
					"name": "Frond Stem 4",
					"from": [ 0.0, 0.0, -0.375 ],
					"to": [ 0.75, 12.0, 0.375 ],
					"shade": false,
					"climateColorMap": "climatePlantTint",
					"seasonColorMap": "tropicalKapok",
					"renderPass": 1,
					"rotationOrigin": [ 0.0, 0.0, 0.0 ],
					"rotationZ": 30.0,
					"faces": {
						"north": { "texture": "#roystonearegia", "uv": [ 0.0, 0.0, 1.0, 16.0 ], "autoUv": false, "windMode": [0,5,5,0] },
						"south": { "texture": "#roystonearegia", "uv": [ 0.0, 0.0, 1.0, 16.0 ], "autoUv": false, "windMode": [0,0,5,5] },
						"west": { "texture": "#roystonearegia", "uv": [ 0.0, 0.0, 1.0, 16.0 ], "autoUv": false, "windMode": [0,0,5,5] }
					},
					"children": [
						{
							"name": "Frond Segment 1 4",
							"from": [ 0.0, 12.0, 0.1875 ],
							"to": [ 0.0, 12.0, 0.1875 ],
							"rotationOrigin": [ 0.0, 12.0, 0.1875 ],
							"rotationZ": 8.0,
							"faces": {
							},
							"children": [
								{
									"name": "Frond BaseL4",
									"from": [ 0.0, 0.0, 0.0 ],
									"to": [ 0.0, 6.0, 5.625 ],
									"shade": false,
									"climateColorMap": "climatePlantTint",
									"seasonColorMap": "tropicalKapok",
									"renderPass": 1,
									"rotationOrigin": [ 0.0, 0.0, 0.0 ],
									"rotationY": 12.0,
									"faces": {
										"west": { "texture": "#roystonearegia", "uv": [ 1.0, 8.0, 16.0, 24.0 ], "autoUv": false, "windMode": [5,5,5,5] }
									}
								},
								{
									"name": "Frond BaseR 4",
									"from": [ 0.0, 0.0, -5.625 ],
									"to": [ 0.0, 6.0, 0.0 ],
									"shade": false,
									"climateColorMap": "climatePlantTint",
									"seasonColorMap": "tropicalKapok",
									"renderPass": 1,
									"rotationOrigin": [ 0.0, 0.0, 0.0 ],
									"rotationY": -12.0,
									"faces": {
										"east": { "texture": "#roystonearegia", "uv": [ 1.0, 8.0, 16.0, 24.0 ], "autoUv": false, "windMode": [5,5,5,5] }
									}
								},
								{
									"name": "Frond LBaseL4",
									"from": [ 0.0, 0.0, 0.0 ],
									"to": [ 0.0, 6.0, 5.625 ],
									"shade": false,
									"climateColorMap": "climatePlantTint",
									"seasonColorMap": "tropicalKapok",
									"renderPass": 1,
									"rotationOrigin": [ 0.0, 0.0, 0.0 ],
									"rotationY": -32.0,
									"faces": {
										"west": { "texture": "#roystonearegia", "uv": [ 1.0, 8.0, 16.0, 24.0 ], "autoUv": false, "windMode": [5,5,5,5] }
									}
								},
								{
									"name": "Frond RBaseR 4",
									"from": [ 0.0, 0.0, -5.625 ],
									"to": [ 0.0, 6.0, 0.0 ],
									"shade": false,
									"climateColorMap": "climatePlantTint",
									"seasonColorMap": "tropicalKapok",
									"renderPass": 1,
									"rotationOrigin": [ 0.0, 0.0, 0.0 ],
									"rotationY": 32.0,
									"faces": {
										"east": { "texture": "#roystonearegia", "uv": [ 1.0, 8.0, 16.0, 24.0 ], "autoUv": false, "windMode": [5,5,5,5] }
									}
								},
								{
									"name": "Frond Segment 2 4",
									"from": [ 0.0, 6.0, 0.0 ],
									"to": [ 0.0, 6.0, 0.0 ],
									"rotationOrigin": [ 0.0, 6.0, 0.0 ],
									"rotationZ": 8.0,
									"faces": {
									},
									"children": [
										{
											"name": "Frond SecondL 4",
											"from": [ 0.0, 0.0, 0.0 ],
											"to": [ 0.0, 6.0, 5.625 ],
											"shade": false,
											"climateColorMap": "climatePlantTint",
											"seasonColorMap": "tropicalKapok",
											"renderPass": 1,
											"rotationOrigin": [ 0.0, 0.0, 0.0 ],
											"rotationY": 12.0,
											"faces": {
												"west": { "texture": "#roystonearegia", "uv": [ 1.0, 6.0, 16.0, 22.0 ], "autoUv": false, "windMode": [5,5,5,5], "windData": [0,0,1,1] }
											}
										},
										{
											"name": "Frond SecondR 4",
											"from": [ 0.0, 0.0, -5.625 ],
											"to": [ 0.0, 6.0, 0.0 ],
											"shade": false,
											"climateColorMap": "climatePlantTint",
											"seasonColorMap": "tropicalKapok",
											"renderPass": 1,
											"rotationOrigin": [ 0.0, 0.0, 0.0 ],
											"rotationY": -12.0,
											"faces": {
												"east": { "texture": "#roystonearegia", "uv": [ 1.0, 6.0, 16.0, 22.0 ], "autoUv": false, "windMode": [5,5,5,5], "windData": [0,1,1,0] }
											}
										},
										{
											"name": "Frond LSecondL 4",
											"from": [ 0.0, 0.0, 0.0 ],
											"to": [ 0.0, 6.0, 5.625 ],
											"shade": false,
											"climateColorMap": "climatePlantTint",
											"seasonColorMap": "tropicalKapok",
											"renderPass": 1,
											"rotationOrigin": [ 0.0, 0.0, 0.0 ],
											"rotationY": -32.0,
											"faces": {
												"west": { "texture": "#roystonearegia", "uv": [ 1.0, 6.0, 16.0, 22.0 ], "autoUv": false, "windMode": [5,5,5,5], "windData": [0,0,1,1] }
											}
										},
										{
											"name": "Frond RSecondR 4",
											"from": [ 0.0, 0.0, -5.625 ],
											"to": [ 0.0, 6.0, 0.0 ],
											"shade": false,
											"climateColorMap": "climatePlantTint",
											"seasonColorMap": "tropicalKapok",
											"renderPass": 1,
											"rotationOrigin": [ 0.0, 0.0, 0.0 ],
											"rotationY": 32.0,
											"faces": {
												"east": { "texture": "#roystonearegia", "uv": [ 1.0, 6.5, 16.0, 22.5 ], "autoUv": false, "windMode": [5,5,5,5], "windData": [0,1,1,0] }
											}
										},
										{
											"name": "Frond Segment 3 4",
											"from": [ 0.0, 6.0, 0.0 ],
											"to": [ 0.0, 6.0, 0.0 ],
											"rotationOrigin": [ 0.0, 6.0, 0.0 ],
											"rotationZ": 8.0,
											"faces": {
											},
											"children": [
												{
													"name": "Frond ThirdL 4",
													"from": [ 0.0, 0.0, 0.0 ],
													"to": [ 0.0, 6.0, 5.625 ],
													"shade": false,
													"climateColorMap": "climatePlantTint",
													"seasonColorMap": "tropicalKapok",
													"renderPass": 1,
													"rotationOrigin": [ 0.0, 0.0, 0.0 ],
													"rotationY": 12.0,
													"faces": {
														"west": { "texture": "#roystonearegia", "uv": [ 1.0, 5.5, 16.0, 21.5 ], "autoUv": false, "windMode": [5,5,5,5], "windData": [1,1,1,1] }
													}
												},
												{
													"name": "Frond ThirdR 4",
													"from": [ 0.0, 0.0, -5.625 ],
													"to": [ 0.0, 6.0, 0.0 ],
													"shade": false,
													"climateColorMap": "climatePlantTint",
													"seasonColorMap": "tropicalKapok",
													"renderPass": 1,
													"rotationOrigin": [ 0.0, 0.0, 0.0 ],
													"rotationY": -12.0,
													"faces": {
														"east": { "texture": "#roystonearegia", "uv": [ 1.0, 5.5, 16.0, 21.5 ], "autoUv": false, "windMode": [5,5,5,5], "windData": [1,1,1,1] }
													}
												},
												{
													"name": "Frond LThirdL 4",
													"from": [ 0.0, 0.0, 0.0 ],
													"to": [ 0.0, 6.0, 5.625 ],
													"shade": false,
													"climateColorMap": "climatePlantTint",
													"seasonColorMap": "tropicalKapok",
													"renderPass": 1,
													"rotationOrigin": [ 0.0, 0.0, 0.0 ],
													"rotationY": -32.0,
													"faces": {
														"west": { "texture": "#roystonearegia", "uv": [ 1.0, 6.0, 16.0, 22.0 ], "autoUv": false, "windMode": [5,5,5,5], "windData": [1,1,1,1] }
													}
												},
												{
													"name": "Frond RThirdR 4",
													"from": [ 0.0, 0.0, -5.625 ],
													"to": [ 0.0, 6.0, 0.0 ],
													"shade": false,
													"climateColorMap": "climatePlantTint",
													"seasonColorMap": "tropicalKapok",
													"renderPass": 1,
													"rotationOrigin": [ 0.0, 0.0, 0.0 ],
													"rotationY": 32.0,
													"faces": {
														"east": { "texture": "#roystonearegia", "uv": [ 1.0, 5.0, 16.0, 21.0 ], "autoUv": false, "windMode": [5,5,5,5], "windData": [1,1,1,1] }
													}
												},
												{
													"name": "Frond Segment 4 4",
													"from": [ 0.0, 6.0, 0.0 ],
													"to": [ 0.0, 6.0, 0.0 ],
													"rotationOrigin": [ 0.0, 6.0, 0.0 ],
													"rotationZ": 8.0,
													"faces": {
													},
													"children": [
														{
															"name": "Frond EndL 4",
															"from": [ 0.0, 0.0, 0.0 ],
															"to": [ 0.0, 6.0, 5.625 ],
															"shade": false,
															"climateColorMap": "climatePlantTint",
															"seasonColorMap": "tropicalKapok",
															"renderPass": 1,
															"rotationOrigin": [ 0.0, 0.0, 0.0 ],
															"rotationY": 12.0,
															"faces": {
																"west": { "texture": "#roystonearegia", "uv": [ 1.0, 0.0, 16.0, 16.0 ], "autoUv": false, "windMode": [5,5,5,5], "windData": [1,1,1,1] }
															}
														},
														{
															"name": "Frond EndR 4",
															"from": [ 0.0, 0.0, -5.625 ],
															"to": [ 0.0, 6.0, 0.0 ],
															"shade": false,
															"climateColorMap": "climatePlantTint",
															"seasonColorMap": "tropicalKapok",
															"renderPass": 1,
															"rotationOrigin": [ 0.0, 0.0, 0.0 ],
															"rotationY": -12.0,
															"faces": {
																"east": { "texture": "#roystonearegia", "uv": [ 1.0, 0.0, 16.0, 16.0 ], "autoUv": false, "windMode": [5,5,5,5], "windData": [1,1,1,1] }
															}
														},
														{
															"name": "Frond LEndL 4",
															"from": [ 0.0, 0.0, 0.0 ],
															"to": [ 0.0, 6.0, 5.625 ],
															"shade": false,
															"climateColorMap": "climatePlantTint",
															"seasonColorMap": "tropicalKapok",
															"renderPass": 1,
															"rotationOrigin": [ 0.0, 0.0, 0.0 ],
															"rotationY": -32.0,
															"faces": {
																"west": { "texture": "#roystonearegia", "uv": [ 1.0, 1.0, 16.0, 17.0 ], "autoUv": false, "windMode": [5,5,5,5], "windData": [1,1,1,1] }
															}
														},
														{
															"name": "Frond REndR 4",
															"from": [ 0.0, 0.0, -5.625 ],
															"to": [ 0.0, 6.0, 0.0 ],
															"shade": false,
															"climateColorMap": "climatePlantTint",
															"seasonColorMap": "tropicalKapok",
															"renderPass": 1,
															"rotationOrigin": [ 0.0, 0.0, 0.0 ],
															"rotationY": 32.0,
															"faces": {
																"east": { "texture": "#roystonearegia", "uv": [ 1.0, 1.0, 16.0, 17.0 ], "autoUv": false, "windMode": [5,5,5,5], "windData": [1,1,1,1] }
															}
														}
													]
												}
											]
										}
									]
								}
							]
						}
					]
				}
			]
		},
		{
			"name": "Frond origin 3",
			"from": [ 8.75, 0.0, 8.75 ],
			"to": [ 8.75, 0.0, 8.75 ],
			"rotationOrigin": [ 8.75, 0.0, 8.75 ],
			"rotationX": 180.0,
			"rotationY": 53.0,
			"rotationZ": 180.0,
			"faces": {
			},
			"children": [
				{
					"name": "Frond Stem 3",
					"from": [ 0.0, 0.0, -0.375 ],
					"to": [ 0.75, 12.0, 0.375 ],
					"shade": false,
					"climateColorMap": "climatePlantTint",
					"seasonColorMap": "tropicalKapok",
					"renderPass": 1,
					"rotationOrigin": [ 0.0, 0.0, 0.0 ],
					"rotationZ": 15.0,
					"faces": {
						"north": { "texture": "#roystonearegia", "uv": [ 0.0, 0.0, 1.0, 16.0 ], "autoUv": false, "windMode": [0,5,5,0] },
						"south": { "texture": "#roystonearegia", "uv": [ 0.0, 0.0, 1.0, 16.0 ], "autoUv": false, "windMode": [0,0,5,5] },
						"west": { "texture": "#roystonearegia", "uv": [ 0.0, 0.0, 1.0, 16.0 ], "autoUv": false, "windMode": [0,0,5,5] }
					},
					"children": [
						{
							"name": "Frond Segment 1 3",
							"from": [ 0.0, 12.0, 0.1875 ],
							"to": [ 0.0, 12.0, 0.1875 ],
							"rotationOrigin": [ 0.0, 12.0, 0.1875 ],
							"rotationZ": 9.0,
							"faces": {
							},
							"children": [
								{
									"name": "Frond BaseL3",
									"from": [ 0.0, 0.0, 0.0 ],
									"to": [ 0.0, 6.0, 5.625 ],
									"shade": false,
									"climateColorMap": "climatePlantTint",
									"seasonColorMap": "tropicalKapok",
									"renderPass": 1,
									"rotationOrigin": [ 0.0, 0.0, 0.0 ],
									"rotationY": 12.0,
									"faces": {
										"west": { "texture": "#roystonearegia", "uv": [ 1.0, 8.0, 16.0, 24.0 ], "autoUv": false, "windMode": [5,5,5,5], "windData": [0,0,1,1] }
									}
								},
								{
									"name": "Frond BaseR 3",
									"from": [ 0.0, 0.0, -5.625 ],
									"to": [ 0.0, 6.0, 0.0 ],
									"shade": false,
									"climateColorMap": "climatePlantTint",
									"seasonColorMap": "tropicalKapok",
									"renderPass": 1,
									"rotationOrigin": [ 0.0, 0.0, 0.0 ],
									"rotationY": -12.0,
									"faces": {
										"east": { "texture": "#roystonearegia", "uv": [ 1.0, 8.0, 16.0, 24.0 ], "autoUv": false, "windMode": [5,5,5,5], "windData": [0,1,1,0] }
									}
								},
								{
									"name": "Frond LBaseL3",
									"from": [ 0.0, 0.0, 0.0 ],
									"to": [ 0.0, 6.0, 5.625 ],
									"shade": false,
									"climateColorMap": "climatePlantTint",
									"seasonColorMap": "tropicalKapok",
									"renderPass": 1,
									"rotationOrigin": [ 0.0, 0.0, 0.0 ],
									"rotationY": -32.0,
									"faces": {
										"west": { "texture": "#roystonearegia", "uv": [ 1.0, 8.0, 16.0, 24.0 ], "autoUv": false, "windMode": [5,5,5,5], "windData": [0,0,0,1] }
									}
								},
								{
									"name": "Frond RBaseR 3",
									"from": [ 0.0, 0.0, -5.625 ],
									"to": [ 0.0, 6.0, 0.0 ],
									"shade": false,
									"climateColorMap": "climatePlantTint",
									"seasonColorMap": "tropicalKapok",
									"renderPass": 1,
									"rotationOrigin": [ 0.0, 0.0, 0.0 ],
									"rotationY": 32.0,
									"faces": {
										"east": { "texture": "#roystonearegia", "uv": [ 1.0, 8.0, 16.0, 24.0 ], "autoUv": false, "windMode": [5,5,5,5], "windData": [0,0,1,0] }
									}
								},
								{
									"name": "Frond Segment 2 3",
									"from": [ 0.0, 6.0, 0.0 ],
									"to": [ 0.0, 6.0, 0.0 ],
									"rotationOrigin": [ 0.0, 6.0, 0.0 ],
									"rotationZ": 11.0,
									"faces": {
									},
									"children": [
										{
											"name": "Frond SecondL 3",
											"from": [ 0.0, 0.0, 0.0 ],
											"to": [ 0.0, 6.0, 5.625 ],
											"shade": false,
											"climateColorMap": "climatePlantTint",
											"seasonColorMap": "tropicalKapok",
											"renderPass": 1,
											"rotationOrigin": [ 0.0, 0.0, 0.0 ],
											"rotationY": 12.0,
											"faces": {
												"west": { "texture": "#roystonearegia", "uv": [ 1.0, 6.0, 16.0, 22.0 ], "autoUv": false, "windMode": [5,5,5,5], "windData": [1,1,1,1] }
											}
										},
										{
											"name": "Frond SecondR 3",
											"from": [ 0.0, 0.0, -5.625 ],
											"to": [ 0.0, 6.0, 0.0 ],
											"shade": false,
											"climateColorMap": "climatePlantTint",
											"seasonColorMap": "tropicalKapok",
											"renderPass": 1,
											"rotationOrigin": [ 0.0, 0.0, 0.0 ],
											"rotationY": -12.0,
											"faces": {
												"east": { "texture": "#roystonearegia", "uv": [ 1.0, 6.0, 16.0, 22.0 ], "autoUv": false, "windMode": [5,5,5,5], "windData": [1,1,1,1] }
											}
										},
										{
											"name": "Frond LSecondL 3",
											"from": [ 0.0, 0.0, 0.0 ],
											"to": [ 0.0, 6.0, 5.625 ],
											"shade": false,
											"climateColorMap": "climatePlantTint",
											"seasonColorMap": "tropicalKapok",
											"renderPass": 1,
											"rotationOrigin": [ 0.0, 0.0, 0.0 ],
											"rotationY": -32.0,
											"faces": {
												"west": { "texture": "#roystonearegia", "uv": [ 1.0, 6.0, 16.0, 22.0 ], "autoUv": false, "windMode": [5,5,5,5], "windData": [1,0,1,1] }
											}
										},
										{
											"name": "Frond RSecondR 3",
											"from": [ 0.0, 0.0, -5.625 ],
											"to": [ 0.0, 6.0, 0.0 ],
											"shade": false,
											"climateColorMap": "climatePlantTint",
											"seasonColorMap": "tropicalKapok",
											"renderPass": 1,
											"rotationOrigin": [ 0.0, 0.0, 0.0 ],
											"rotationY": 32.0,
											"faces": {
												"east": { "texture": "#roystonearegia", "uv": [ 1.0, 6.5, 16.0, 22.5 ], "autoUv": false, "windMode": [5,5,5,5], "windData": [0,1,1,1] }
											}
										},
										{
											"name": "Frond Segment 3 3",
											"from": [ 0.0, 6.0, 0.0 ],
											"to": [ 0.0, 6.0, 0.0 ],
											"rotationOrigin": [ 0.0, 6.0, 0.0 ],
											"rotationZ": 14.0,
											"faces": {
											},
											"children": [
												{
													"name": "Frond ThirdL 3",
													"from": [ 0.0, 0.0, 0.0 ],
													"to": [ 0.0, 6.0, 5.625 ],
													"shade": false,
													"climateColorMap": "climatePlantTint",
													"seasonColorMap": "tropicalKapok",
													"renderPass": 1,
													"rotationOrigin": [ 0.0, 0.0, 0.0 ],
													"rotationY": 12.0,
													"faces": {
														"west": { "texture": "#roystonearegia", "uv": [ 1.0, 5.5, 16.0, 21.5 ], "autoUv": false, "windMode": [5,5,5,5], "windData": [1,1,1,1] }
													}
												},
												{
													"name": "Frond ThirdR 3",
													"from": [ 0.0, 0.0, -5.625 ],
													"to": [ 0.0, 6.0, 0.0 ],
													"shade": false,
													"climateColorMap": "climatePlantTint",
													"seasonColorMap": "tropicalKapok",
													"renderPass": 1,
													"rotationOrigin": [ 0.0, 0.0, 0.0 ],
													"rotationY": -12.0,
													"faces": {
														"east": { "texture": "#roystonearegia", "uv": [ 1.0, 5.5, 16.0, 21.5 ], "autoUv": false, "windMode": [5,5,5,5], "windData": [1,1,1,1] }
													}
												},
												{
													"name": "Frond LThirdL 3",
													"from": [ 0.0, 0.0, 0.0 ],
													"to": [ 0.0, 6.0, 5.625 ],
													"shade": false,
													"climateColorMap": "climatePlantTint",
													"seasonColorMap": "tropicalKapok",
													"renderPass": 1,
													"rotationOrigin": [ 0.0, 0.0, 0.0 ],
													"rotationY": -32.0,
													"faces": {
														"west": { "texture": "#roystonearegia", "uv": [ 1.0, 6.0, 16.0, 22.0 ], "autoUv": false, "windMode": [5,5,5,5], "windData": [1,1,1,1] }
													}
												},
												{
													"name": "Frond RThirdR 3",
													"from": [ 0.0, 0.0, -5.625 ],
													"to": [ 0.0, 6.0, 0.0 ],
													"shade": false,
													"climateColorMap": "climatePlantTint",
													"seasonColorMap": "tropicalKapok",
													"renderPass": 1,
													"rotationOrigin": [ 0.0, 0.0, 0.0 ],
													"rotationY": 32.0,
													"faces": {
														"east": { "texture": "#roystonearegia", "uv": [ 1.0, 5.0, 16.0, 21.0 ], "autoUv": false, "windMode": [5,5,5,5], "windData": [1,1,1,1] }
													}
												},
												{
													"name": "Frond Segment 4 3",
													"from": [ 0.0, 6.0, 0.0 ],
													"to": [ 0.0, 6.0, 0.0 ],
													"rotationOrigin": [ 0.0, 6.0, 0.0 ],
													"rotationZ": 18.0,
													"faces": {
													},
													"children": [
														{
															"name": "Frond EndL 3",
															"from": [ 0.0, 0.0, 0.0 ],
															"to": [ 0.0, 6.0, 5.625 ],
															"shade": false,
															"climateColorMap": "climatePlantTint",
															"seasonColorMap": "tropicalKapok",
															"renderPass": 1,
															"rotationOrigin": [ 0.0, 0.0, 0.0 ],
															"rotationY": 12.0,
															"faces": {
																"west": { "texture": "#roystonearegia", "uv": [ 1.0, 0.0, 16.0, 16.0 ], "autoUv": false, "windMode": [5,5,5,5], "windData": [1,1,1,1] }
															}
														},
														{
															"name": "Frond EndR 3",
															"from": [ 0.0, 0.0, -5.625 ],
															"to": [ 0.0, 6.0, 0.0 ],
															"shade": false,
															"climateColorMap": "climatePlantTint",
															"seasonColorMap": "tropicalKapok",
															"renderPass": 1,
															"rotationOrigin": [ 0.0, 0.0, 0.0 ],
															"rotationY": -12.0,
															"faces": {
																"east": { "texture": "#roystonearegia", "uv": [ 1.0, 0.0, 16.0, 16.0 ], "autoUv": false, "windMode": [5,5,5,5], "windData": [1,1,1,1] }
															}
														},
														{
															"name": "Frond LEndL 3",
															"from": [ 0.0, 0.0, 0.0 ],
															"to": [ 0.0, 6.0, 5.625 ],
															"shade": false,
															"climateColorMap": "climatePlantTint",
															"seasonColorMap": "tropicalKapok",
															"renderPass": 1,
															"rotationOrigin": [ 0.0, 0.0, 0.0 ],
															"rotationY": -32.0,
															"faces": {
																"west": { "texture": "#roystonearegia", "uv": [ 1.0, 1.0, 16.0, 17.0 ], "autoUv": false, "windMode": [5,5,5,5], "windData": [1,1,1,1] }
															}
														},
														{
															"name": "Frond REndR 3",
															"from": [ 0.0, 0.0, -5.625 ],
															"to": [ 0.0, 6.0, 0.0 ],
															"shade": false,
															"climateColorMap": "climatePlantTint",
															"seasonColorMap": "tropicalKapok",
															"renderPass": 1,
															"rotationOrigin": [ 0.0, 0.0, 0.0 ],
															"rotationY": 32.0,
															"faces": {
																"east": { "texture": "#roystonearegia", "uv": [ 1.0, 1.0, 16.0, 17.0 ], "autoUv": false, "windMode": [5,5,5,5], "windData": [1,1,1,1] }
															}
														}
													]
												}
											]
										}
									]
								}
							]
						}
					]
				}
			]
		},
		{
			"name": "Frond origin 2",
			"from": [ 8.75, 0.05, 7.25 ],
			"to": [ 8.75, 0.05, 7.25 ],
			"rotationOrigin": [ 8.75, 0.05, 7.25 ],
			"rotationX": 180.0,
			"rotationY": -64.0,
			"rotationZ": 180.0,
			"faces": {
			},
			"children": [
				{
					"name": "Frond Stem 2",
					"from": [ 0.0, 0.0, -0.375 ],
					"to": [ 0.75, 12.0, 0.375 ],
					"shade": false,
					"climateColorMap": "climatePlantTint",
					"seasonColorMap": "tropicalKapok",
					"renderPass": 1,
					"rotationOrigin": [ 0.0, 0.0, 0.0 ],
					"rotationZ": 17.0,
					"faces": {
						"north": { "texture": "#roystonearegia", "uv": [ 0.0, 0.0, 1.0, 16.0 ], "autoUv": false, "windMode": [0,5,5,0] },
						"south": { "texture": "#roystonearegia", "uv": [ 0.0, 0.0, 1.0, 16.0 ], "autoUv": false, "windMode": [0,0,5,5] },
						"west": { "texture": "#roystonearegia", "uv": [ 0.0, 0.0, 1.0, 16.0 ], "autoUv": false, "windMode": [0,0,5,5] }
					},
					"children": [
						{
							"name": "Frond Segment 1 2",
							"from": [ 0.0, 12.0, 0.1875 ],
							"to": [ 0.0, 12.0, 0.1875 ],
							"rotationOrigin": [ 0.0, 12.0, 0.1875 ],
							"rotationZ": 8.0,
							"faces": {
							},
							"children": [
								{
									"name": "Frond BaseL2",
									"from": [ 0.0, 0.0, 0.0 ],
									"to": [ 0.0, 6.0, 5.625 ],
									"shade": false,
									"climateColorMap": "climatePlantTint",
									"seasonColorMap": "tropicalKapok",
									"renderPass": 1,
									"rotationOrigin": [ 0.0, 0.0, 0.0 ],
									"rotationY": 12.0,
									"faces": {
										"west": { "texture": "#roystonearegia", "uv": [ 1.0, 8.0, 16.0, 24.0 ], "autoUv": false, "windMode": [5,5,5,5], "windData": [0,0,1,1] }
									}
								},
								{
									"name": "Frond BaseR 2",
									"from": [ 0.0, 0.0, -5.625 ],
									"to": [ 0.0, 6.0, 0.0 ],
									"shade": false,
									"climateColorMap": "climatePlantTint",
									"seasonColorMap": "tropicalKapok",
									"renderPass": 1,
									"rotationOrigin": [ 0.0, 0.0, 0.0 ],
									"rotationY": -12.0,
									"faces": {
										"east": { "texture": "#roystonearegia", "uv": [ 1.0, 8.0, 16.0, 24.0 ], "autoUv": false, "windMode": [5,5,5,5], "windData": [0,1,1,0] }
									}
								},
								{
									"name": "Frond LBaseL2",
									"from": [ 0.0, 0.0, 0.0 ],
									"to": [ 0.0, 6.0, 5.625 ],
									"shade": false,
									"climateColorMap": "climatePlantTint",
									"seasonColorMap": "tropicalKapok",
									"renderPass": 1,
									"rotationOrigin": [ 0.0, 0.0, 0.0 ],
									"rotationY": -32.0,
									"faces": {
										"west": { "texture": "#roystonearegia", "uv": [ 1.0, 8.0, 16.0, 24.0 ], "autoUv": false, "windMode": [5,5,5,5], "windData": [0,0,0,1] }
									}
								},
								{
									"name": "Frond RBaseR 2",
									"from": [ 0.0, 0.0, -5.625 ],
									"to": [ 0.0, 6.0, 0.0 ],
									"shade": false,
									"climateColorMap": "climatePlantTint",
									"seasonColorMap": "tropicalKapok",
									"renderPass": 1,
									"rotationOrigin": [ 0.0, 0.0, 0.0 ],
									"rotationY": 32.0,
									"faces": {
										"east": { "texture": "#roystonearegia", "uv": [ 1.0, 8.0, 16.0, 24.0 ], "autoUv": false, "windMode": [5,5,5,5], "windData": [0,0,1,0] }
									}
								},
								{
									"name": "Frond Segment 2 2",
									"from": [ 0.0, 6.0, 0.0 ],
									"to": [ 0.0, 6.0, 0.0 ],
									"rotationOrigin": [ 0.0, 6.0, 0.0 ],
									"rotationZ": 12.0,
									"faces": {
									},
									"children": [
										{
											"name": "Frond SecondL 2",
											"from": [ 0.0, 0.0, 0.0 ],
											"to": [ 0.0, 6.0, 5.625 ],
											"shade": false,
											"climateColorMap": "climatePlantTint",
											"seasonColorMap": "tropicalKapok",
											"renderPass": 1,
											"rotationOrigin": [ 0.0, 0.0, 0.0 ],
											"rotationY": 12.0,
											"faces": {
												"west": { "texture": "#roystonearegia", "uv": [ 1.0, 6.0, 16.0, 22.0 ], "autoUv": false, "windMode": [5,5,5,5], "windData": [1,1,1,1] }
											}
										},
										{
											"name": "Frond SecondR 2",
											"from": [ 0.0, 0.0, -5.625 ],
											"to": [ 0.0, 6.0, 0.0 ],
											"shade": false,
											"climateColorMap": "climatePlantTint",
											"seasonColorMap": "tropicalKapok",
											"renderPass": 1,
											"rotationOrigin": [ 0.0, 0.0, 0.0 ],
											"rotationY": -12.0,
											"faces": {
												"east": { "texture": "#roystonearegia", "uv": [ 1.0, 6.0, 16.0, 22.0 ], "autoUv": false, "windMode": [5,5,5,5], "windData": [1,1,1,1] }
											}
										},
										{
											"name": "Frond LSecondL 2",
											"from": [ 0.0, 0.0, 0.0 ],
											"to": [ 0.0, 6.0, 5.625 ],
											"shade": false,
											"climateColorMap": "climatePlantTint",
											"seasonColorMap": "tropicalKapok",
											"renderPass": 1,
											"rotationOrigin": [ 0.0, 0.0, 0.0 ],
											"rotationY": -32.0,
											"faces": {
												"west": { "texture": "#roystonearegia", "uv": [ 1.0, 6.0, 16.0, 22.0 ], "autoUv": false, "windMode": [5,5,5,5], "windData": [1,0,1,1] }
											}
										},
										{
											"name": "Frond RSecondR 2",
											"from": [ 0.0, 0.0, -5.625 ],
											"to": [ 0.0, 6.0, 0.0 ],
											"shade": false,
											"climateColorMap": "climatePlantTint",
											"seasonColorMap": "tropicalKapok",
											"renderPass": 1,
											"rotationOrigin": [ 0.0, 0.0, 0.0 ],
											"rotationY": 32.0,
											"faces": {
												"east": { "texture": "#roystonearegia", "uv": [ 1.0, 6.5, 16.0, 22.5 ], "autoUv": false, "windMode": [5,5,5,5], "windData": [0,1,1,1] }
											}
										},
										{
											"name": "Frond Segment 3 2",
											"from": [ 0.0, 6.0, 0.0 ],
											"to": [ 0.0, 6.0, 0.0 ],
											"rotationOrigin": [ 0.0, 6.0, 0.0 ],
											"rotationZ": 16.0,
											"faces": {
											},
											"children": [
												{
													"name": "Frond ThirdL 2",
													"from": [ 0.0, 0.0, 0.0 ],
													"to": [ 0.0, 6.0, 5.625 ],
													"shade": false,
													"climateColorMap": "climatePlantTint",
													"seasonColorMap": "tropicalKapok",
													"renderPass": 1,
													"rotationOrigin": [ 0.0, 0.0, 0.0 ],
													"rotationY": 12.0,
													"faces": {
														"west": { "texture": "#roystonearegia", "uv": [ 1.0, 5.5, 16.0, 21.5 ], "autoUv": false, "windMode": [5,5,5,5], "windData": [1,1,1,1] }
													}
												},
												{
													"name": "Frond ThirdR 2",
													"from": [ 0.0, 0.0, -5.625 ],
													"to": [ 0.0, 6.0, 0.0 ],
													"shade": false,
													"climateColorMap": "climatePlantTint",
													"seasonColorMap": "tropicalKapok",
													"renderPass": 1,
													"rotationOrigin": [ 0.0, 0.0, 0.0 ],
													"rotationY": -12.0,
													"faces": {
														"east": { "texture": "#roystonearegia", "uv": [ 1.0, 5.5, 16.0, 21.5 ], "autoUv": false, "windMode": [5,5,5,5], "windData": [1,1,1,1] }
													}
												},
												{
													"name": "Frond LThirdL 2",
													"from": [ 0.0, 0.0, 0.0 ],
													"to": [ 0.0, 6.0, 5.625 ],
													"shade": false,
													"climateColorMap": "climatePlantTint",
													"seasonColorMap": "tropicalKapok",
													"renderPass": 1,
													"rotationOrigin": [ 0.0, 0.0, 0.0 ],
													"rotationY": -32.0,
													"faces": {
														"west": { "texture": "#roystonearegia", "uv": [ 1.0, 6.0, 16.0, 22.0 ], "autoUv": false, "windMode": [5,5,5,5], "windData": [1,1,1,1] }
													}
												},
												{
													"name": "Frond RThirdR 2",
													"from": [ 0.0, 0.0, -5.625 ],
													"to": [ 0.0, 6.0, 0.0 ],
													"shade": false,
													"climateColorMap": "climatePlantTint",
													"seasonColorMap": "tropicalKapok",
													"renderPass": 1,
													"rotationOrigin": [ 0.0, 0.0, 0.0 ],
													"rotationY": 32.0,
													"faces": {
														"east": { "texture": "#roystonearegia", "uv": [ 1.0, 5.0, 16.0, 21.0 ], "autoUv": false, "windMode": [5,5,5,5], "windData": [1,1,1,1] }
													}
												},
												{
													"name": "Frond Segment 4 2",
													"from": [ 0.0, 6.0, 0.0 ],
													"to": [ 0.0, 6.0, 0.0 ],
													"rotationOrigin": [ 0.0, 6.0, 0.0 ],
													"rotationZ": 20.0,
													"faces": {
													},
													"children": [
														{
															"name": "Frond EndL 2",
															"from": [ 0.0, 0.0, 0.0 ],
															"to": [ 0.0, 6.0, 5.625 ],
															"shade": false,
															"climateColorMap": "climatePlantTint",
															"seasonColorMap": "tropicalKapok",
															"renderPass": 1,
															"rotationOrigin": [ 0.0, 0.0, 0.0 ],
															"rotationY": 12.0,
															"faces": {
																"west": { "texture": "#roystonearegia", "uv": [ 1.0, 0.0, 16.0, 16.0 ], "autoUv": false, "windMode": [5,5,5,5], "windData": [1,1,1,1] }
															}
														},
														{
															"name": "Frond EndR 2",
															"from": [ 0.0, 0.0, -5.625 ],
															"to": [ 0.0, 6.0, 0.0 ],
															"shade": false,
															"climateColorMap": "climatePlantTint",
															"seasonColorMap": "tropicalKapok",
															"renderPass": 1,
															"rotationOrigin": [ 0.0, 0.0, 0.0 ],
															"rotationY": -12.0,
															"faces": {
																"east": { "texture": "#roystonearegia", "uv": [ 1.0, 0.0, 16.0, 16.0 ], "autoUv": false, "windMode": [5,5,5,5], "windData": [1,1,1,1] }
															}
														},
														{
															"name": "Frond LEndL 2",
															"from": [ 0.0, 0.0, 0.0 ],
															"to": [ 0.0, 6.0, 5.625 ],
															"shade": false,
															"climateColorMap": "climatePlantTint",
															"seasonColorMap": "tropicalKapok",
															"renderPass": 1,
															"rotationOrigin": [ 0.0, 0.0, 0.0 ],
															"rotationY": -32.0,
															"faces": {
																"west": { "texture": "#roystonearegia", "uv": [ 1.0, 1.0, 16.0, 17.0 ], "autoUv": false, "windMode": [5,5,5,5], "windData": [1,1,1,1] }
															}
														},
														{
															"name": "Frond REndR 2",
															"from": [ 0.0, 0.0, -5.625 ],
															"to": [ 0.0, 6.0, 0.0 ],
															"shade": false,
															"climateColorMap": "climatePlantTint",
															"seasonColorMap": "tropicalKapok",
															"renderPass": 1,
															"rotationOrigin": [ 0.0, 0.0, 0.0 ],
															"rotationY": 32.0,
															"faces": {
																"east": { "texture": "#roystonearegia", "uv": [ 1.0, 1.0, 16.0, 17.0 ], "autoUv": false, "windMode": [5,5,5,5], "windData": [1,1,1,1] }
															}
														}
													]
												}
											]
										}
									]
								}
							]
						}
					]
				}
			]
		},
		{
			"name": "Frond origin 1",
			"from": [ 8.0, 0.0, 8.0 ],
			"to": [ 8.0, 0.0, 8.0 ],
			"rotationOrigin": [ 8.0, 0.0, 8.0 ],
			"faces": {
			},
			"children": [
				{
					"name": "Frond Stem 1",
					"from": [ 0.0, 0.0, -0.375 ],
					"to": [ 0.75, 12.0, 0.375 ],
					"shade": false,
					"climateColorMap": "climatePlantTint",
					"seasonColorMap": "tropicalKapok",
					"renderPass": 1,
					"rotationOrigin": [ 0.0, 0.0, 0.0 ],
					"rotationZ": 5.0,
					"faces": {
						"north": { "texture": "#roystonearegia", "uv": [ 0.0, 0.0, 1.0, 16.0 ], "autoUv": false, "windMode": [0,5,5,0] },
						"south": { "texture": "#roystonearegia", "uv": [ 0.0, 0.0, 1.0, 16.0 ], "autoUv": false, "windMode": [0,0,5,5] },
						"west": { "texture": "#roystonearegia", "uv": [ 0.0, 0.0, 1.0, 16.0 ], "autoUv": false, "windMode": [0,0,5,5] }
					},
					"children": [
						{
							"name": "Frond Segment 1 1",
							"from": [ 0.0, 12.0, 0.1875 ],
							"to": [ 0.0, 12.0, 0.1875 ],
							"rotationOrigin": [ 0.0, 12.0, 0.1875 ],
							"rotationZ": 8.0,
							"faces": {
							},
							"children": [
								{
									"name": "Frond BaseL1",
									"from": [ 0.0, 0.0, 0.0 ],
									"to": [ 0.0, 6.0, 5.625 ],
									"shade": false,
									"climateColorMap": "climatePlantTint",
									"seasonColorMap": "tropicalKapok",
									"renderPass": 1,
									"rotationOrigin": [ 0.0, 0.0, 0.0 ],
									"rotationY": 12.0,
									"faces": {
										"west": { "texture": "#roystonearegia", "uv": [ 1.0, 8.0, 16.0, 24.0 ], "autoUv": false, "windMode": [5,5,5,5], "windData": [0,0,1,1] }
									}
								},
								{
									"name": "Frond BaseR 1",
									"from": [ 0.0, 0.0, -5.625 ],
									"to": [ 0.0, 6.0, 0.0 ],
									"shade": false,
									"climateColorMap": "climatePlantTint",
									"seasonColorMap": "tropicalKapok",
									"renderPass": 1,
									"rotationOrigin": [ 0.0, 0.0, 0.0 ],
									"rotationY": -12.0,
									"faces": {
										"east": { "texture": "#roystonearegia", "uv": [ 1.0, 8.0, 16.0, 24.0 ], "autoUv": false, "windMode": [5,5,5,5], "windData": [0,1,1,0] }
									}
								},
								{
									"name": "Frond LBaseL1",
									"from": [ 0.0, 0.0, 0.0 ],
									"to": [ 0.0, 6.0, 5.625 ],
									"shade": false,
									"climateColorMap": "climatePlantTint",
									"seasonColorMap": "tropicalKapok",
									"renderPass": 1,
									"rotationOrigin": [ 0.0, 0.0, 0.0 ],
									"rotationY": -32.0,
									"faces": {
										"west": { "texture": "#roystonearegia", "uv": [ 1.0, 8.0, 16.0, 24.0 ], "autoUv": false, "windMode": [5,5,5,5], "windData": [0,0,1,1] }
									}
								},
								{
									"name": "Frond RBaseR 1",
									"from": [ 0.0, 0.0, -5.625 ],
									"to": [ 0.0, 6.0, 0.0 ],
									"shade": false,
									"climateColorMap": "climatePlantTint",
									"seasonColorMap": "tropicalKapok",
									"renderPass": 1,
									"rotationOrigin": [ 0.0, 0.0, 0.0 ],
									"rotationY": 32.0,
									"faces": {
										"east": { "texture": "#roystonearegia", "uv": [ 1.0, 8.0, 16.0, 24.0 ], "autoUv": false, "windMode": [5,5,5,5], "windData": [0,1,1,0] }
									}
								},
								{
									"name": "Frond Segment 2 1",
									"from": [ 0.0, 6.0, 0.0 ],
									"to": [ 0.0, 6.0, 0.0 ],
									"rotationOrigin": [ 0.0, 6.0, 0.0 ],
									"rotationZ": 8.0,
									"faces": {
									},
									"children": [
										{
											"name": "Frond SecondL 1",
											"from": [ 0.0, 0.0, 0.0 ],
											"to": [ 0.0, 6.0, 5.625 ],
											"shade": false,
											"climateColorMap": "climatePlantTint",
											"seasonColorMap": "tropicalKapok",
											"renderPass": 1,
											"rotationOrigin": [ 0.0, 0.0, 0.0 ],
											"rotationY": 12.0,
											"faces": {
												"west": { "texture": "#roystonearegia", "uv": [ 1.0, 6.0, 16.0, 22.0 ], "autoUv": false, "windMode": [5,5,5,5], "windData": [1,1,1,1] }
											}
										},
										{
											"name": "Frond SecondR 1",
											"from": [ 0.0, 0.0, -5.625 ],
											"to": [ 0.0, 6.0, 0.0 ],
											"shade": false,
											"climateColorMap": "climatePlantTint",
											"seasonColorMap": "tropicalKapok",
											"renderPass": 1,
											"rotationOrigin": [ 0.0, 0.0, 0.0 ],
											"rotationY": -12.0,
											"faces": {
												"east": { "texture": "#roystonearegia", "uv": [ 1.0, 6.0, 16.0, 22.0 ], "autoUv": false, "windMode": [5,5,5,5], "windData": [1,1,1,1] }
											}
										},
										{
											"name": "Frond LSecondL 1",
											"from": [ 0.0, 0.0, 0.0 ],
											"to": [ 0.0, 6.0, 5.625 ],
											"shade": false,
											"climateColorMap": "climatePlantTint",
											"seasonColorMap": "tropicalKapok",
											"renderPass": 1,
											"rotationOrigin": [ 0.0, 0.0, 0.0 ],
											"rotationY": -32.0,
											"faces": {
												"west": { "texture": "#roystonearegia", "uv": [ 1.0, 6.0, 16.0, 22.0 ], "autoUv": false, "windMode": [5,5,5,5], "windData": [1,1,1,1] }
											}
										},
										{
											"name": "Frond RSecondR 1",
											"from": [ 0.0, 0.0, -5.625 ],
											"to": [ 0.0, 6.0, 0.0 ],
											"shade": false,
											"climateColorMap": "climatePlantTint",
											"seasonColorMap": "tropicalKapok",
											"renderPass": 1,
											"rotationOrigin": [ 0.0, 0.0, 0.0 ],
											"rotationY": 32.0,
											"faces": {
												"east": { "texture": "#roystonearegia", "uv": [ 1.0, 6.5, 16.0, 22.5 ], "autoUv": false, "windMode": [5,5,5,5], "windData": [1,1,1,1] }
											}
										},
										{
											"name": "Frond Segment 3 1",
											"from": [ 0.0, 6.0, 0.0 ],
											"to": [ 0.0, 6.0, 0.0 ],
											"rotationOrigin": [ 0.0, 6.0, 0.0 ],
											"rotationZ": 8.0,
											"faces": {
											},
											"children": [
												{
													"name": "Frond ThirdL 1",
													"from": [ 0.0, 0.0, 0.0 ],
													"to": [ 0.0, 6.0, 5.625 ],
													"shade": false,
													"climateColorMap": "climatePlantTint",
													"seasonColorMap": "tropicalKapok",
													"renderPass": 1,
													"rotationOrigin": [ 0.0, 0.0, 0.0 ],
													"rotationY": 12.0,
													"faces": {
														"west": { "texture": "#roystonearegia", "uv": [ 1.0, 5.5, 16.0, 21.5 ], "autoUv": false, "windMode": [5,5,5,5], "windData": [1,1,1,1] }
													}
												},
												{
													"name": "Frond ThirdR 1",
													"from": [ 0.0, 0.0, -5.625 ],
													"to": [ 0.0, 6.0, 0.0 ],
													"shade": false,
													"climateColorMap": "climatePlantTint",
													"seasonColorMap": "tropicalKapok",
													"renderPass": 1,
													"rotationOrigin": [ 0.0, 0.0, 0.0 ],
													"rotationY": -12.0,
													"faces": {
														"east": { "texture": "#roystonearegia", "uv": [ 1.0, 5.5, 16.0, 21.5 ], "autoUv": false, "windMode": [5,5,5,5], "windData": [1,1,1,1] }
													}
												},
												{
													"name": "Frond LThirdL 1",
													"from": [ 0.0, 0.0, 0.0 ],
													"to": [ 0.0, 6.0, 5.625 ],
													"shade": false,
													"climateColorMap": "climatePlantTint",
													"seasonColorMap": "tropicalKapok",
													"renderPass": 1,
													"rotationOrigin": [ 0.0, 0.0, 0.0 ],
													"rotationY": -32.0,
													"faces": {
														"west": { "texture": "#roystonearegia", "uv": [ 1.0, 6.0, 16.0, 22.0 ], "autoUv": false, "windMode": [5,5,5,5], "windData": [1,1,1,1] }
													}
												},
												{
													"name": "Frond RThirdR 1",
													"from": [ 0.0, 0.0, -5.625 ],
													"to": [ 0.0, 6.0, 0.0 ],
													"shade": false,
													"climateColorMap": "climatePlantTint",
													"seasonColorMap": "tropicalKapok",
													"renderPass": 1,
													"rotationOrigin": [ 0.0, 0.0, 0.0 ],
													"rotationY": 32.0,
													"faces": {
														"east": { "texture": "#roystonearegia", "uv": [ 1.0, 5.0, 16.0, 21.0 ], "autoUv": false, "windMode": [5,5,5,5], "windData": [1,1,1,1] }
													}
												},
												{
													"name": "Frond Segment 4 1",
													"from": [ 0.0, 6.0, 0.0 ],
													"to": [ 0.0, 6.0, 0.0 ],
													"rotationOrigin": [ 0.0, 6.0, 0.0 ],
													"rotationZ": 8.0,
													"faces": {
													},
													"children": [
														{
															"name": "Frond EndL 1",
															"from": [ 0.0, 0.0, 0.0 ],
															"to": [ 0.0, 6.0, 5.625 ],
															"shade": false,
															"climateColorMap": "climatePlantTint",
															"seasonColorMap": "tropicalKapok",
															"renderPass": 1,
															"rotationOrigin": [ 0.0, 0.0, 0.0 ],
															"rotationY": 12.0,
															"faces": {
																"west": { "texture": "#roystonearegia", "uv": [ 1.0, 0.0, 16.0, 16.0 ], "autoUv": false, "windMode": [5,5,5,5], "windData": [1,1,2,2] }
															}
														},
														{
															"name": "Frond EndR 1",
															"from": [ 0.0, 0.0, -5.625 ],
															"to": [ 0.0, 6.0, 0.0 ],
															"shade": false,
															"climateColorMap": "climatePlantTint",
															"seasonColorMap": "tropicalKapok",
															"renderPass": 1,
															"rotationOrigin": [ 0.0, 0.0, 0.0 ],
															"rotationY": -12.0,
															"faces": {
																"east": { "texture": "#roystonearegia", "uv": [ 1.0, 0.0, 16.0, 16.0 ], "autoUv": false, "windMode": [5,5,5,5], "windData": [1,2,2,1] }
															}
														},
														{
															"name": "Frond LEndL 1",
															"from": [ 0.0, 0.0, 0.0 ],
															"to": [ 0.0, 6.0, 5.625 ],
															"shade": false,
															"climateColorMap": "climatePlantTint",
															"seasonColorMap": "tropicalKapok",
															"renderPass": 1,
															"rotationOrigin": [ 0.0, 0.0, 0.0 ],
															"rotationY": -32.0,
															"faces": {
																"west": { "texture": "#roystonearegia", "uv": [ 1.0, 1.0, 16.0, 17.0 ], "autoUv": false, "windMode": [5,5,5,5], "windData": [1,1,1,2] }
															}
														},
														{
															"name": "Frond REndR 1",
															"from": [ 0.0, 0.0, -5.625 ],
															"to": [ 0.0, 6.0, 0.0 ],
															"shade": false,
															"climateColorMap": "climatePlantTint",
															"seasonColorMap": "tropicalKapok",
															"renderPass": 1,
															"rotationOrigin": [ 0.0, 0.0, 0.0 ],
															"rotationY": 32.0,
															"faces": {
																"east": { "texture": "#roystonearegia", "uv": [ 1.0, 1.0, 16.0, 17.0 ], "autoUv": false, "windMode": [5,5,5,5], "windData": [1,1,2,1] }
															}
														}
													]
												}
											]
										}
									]
								}
							]
						}
					]
				}
			]
		}
	]}