{
    "editor": {
        "backDropShape": "entity/humanoid/seraph-hairless",
        "allAngles": true,
        "entityTextureMode": true
    },
    "textureWidth": 32,
    "textureHeight": 36,
    "textureSizes": {
        "pants": [ 32, 36 ]
    },
    "textures": {
        "pants": "aldiclasses:clothing/lumberjack-pants"
    },
    "elements": [
        {
            "name": "LowertorsoWparented",
            "stepParentName": "LowerTorso",
            "from": [ -0.01, -0.01, -0.01 ],
            "to": [ 0.49, 3.49, 6.01 ],
            "unwrapMode": 4,
            "autoUnwrap": false,
            "uv": [ 12.9, 2.5 ],
            "rotationOrigin": [ -0.01, 3.5, -0.05 ],
            "faces": {
                "north": {
                    "texture": "#pants",
                    "uv": [ 13.0, 2.5, 13.5, 6.0 ],
                    "windMode": [ -1, -1, -1, -1 ],
                    "windData": [ 0, 1, 1, 0 ]
                },
                "east": {
                    "texture": "#pants",
                    "uv": [ 9.5, 7.0, 15.5, 10.5 ]
                },
                "south": {
                    "texture": "#pants",
                    "uv": [ 19.5, 2.5, 20.0, 6.0 ]
                },
                "west": {
                    "texture": "#pants",
                    "uv": [ 13.5, 2.5, 19.5, 6.0 ]
                },
                "up": {
                    "texture": "#pants",
                    "uv": [ 13.5, 2.0, 19.5, 2.5 ],
                    "rotation": 90
                }
            },
            "children": [
                {
                    "name": "LowertorsoN",
                    "from": [ 0.5, 0.0, 0.0 ],
                    "to": [ 4.52, 3.5, 0.5 ],
                    "unwrapMode": 1,
                    "autoUnwrap": false,
                    "uv": [ 9.0, 2.0 ],
                    "rotationOrigin": [ 0.5, 3.55, 0.0 ],
                    "faces": {
                        "north": {
                            "texture": "#pants",
                            "uv": [ 9.0, 2.5, 13.0, 6.0 ]
                        },
                        "south": {
                            "texture": "#pants",
                            "uv": [ 10.5, 7.0, 14.5, 10.5 ]
                        },
                        "up": {
                            "texture": "#pants",
                            "uv": [ 9.0, 2.0, 13.0, 2.5 ],
                            "rotation": 180
                        }
                    }
                },
                {
                    "name": "LowertorsoS",
                    "from": [ 0.5, 0.0, 5.52 ],
                    "to": [ 4.52, 3.5, 6.02 ],
                    "unwrapMode": 3,
                    "autoUnwrap": false,
                    "uv": [ 20.0, 2.0 ],
                    "rotationOrigin": [ 0.5, 5.0, 5.5 ],
                    "faces": {
                        "north": {
                            "texture": "#pants",
                            "uv": [ 14.5, 7.0, 18.5, 10.5 ]
                        },
                        "south": {
                            "texture": "#pants",
                            "uv": [ 20.0, 2.5, 24.0, 6.0 ]
                        },
                        "up": {
                            "texture": "#pants",
                            "uv": [ 20.0, 2.0, 24.0, 2.5 ]
                        }
                    }
                },
                {
                    "name": "LowertorsoE",
                    "from": [ 4.52, 0.0, 0.0 ],
                    "to": [ 5.02, 3.5, 6.02 ],
                    "unwrapMode": 2,
                    "autoUnwrap": false,
                    "uv": [ 23.9, 2.0 ],
                    "rotationOrigin": [ 4.52, 5.0, 0.0 ],
                    "faces": {
                        "north": {
                            "texture": "#pants",
                            "uv": [ 30.5, 2.5, 31.0, 6.0 ]
                        },
                        "east": {
                            "texture": "#pants",
                            "uv": [ 24.5, 2.5, 30.5, 6.0 ]
                        },
                        "south": {
                            "texture": "#pants",
                            "uv": [ 24.0, 2.5, 24.5, 6.0 ]
                        },
                        "west": {
                            "texture": "#pants",
                            "uv": [ 13.5, 7.0, 19.5, 10.5 ]
                        },
                        "up": {
                            "texture": "#pants",
                            "uv": [ 24.5, 2.0, 30.5, 2.5 ],
                            "rotation": 270
                        }
                    }
                },
                {
                    "name": "LowertorsoD",
                    "from": [ -0.01, 0.0, -0.01 ],
                    "to": [ 5.09, 2.0, 6.01 ],
                    "unwrapMode": 6,
                    "unwrapRotation": 1,
                    "autoUnwrap": false,
                    "uv": [ 1.5, 1.0 ],
                    "faces": {
                        "down": {
                            "texture": "#pants",
                            "uv": [ 1.5, 1.0, 7.5, 6.0 ],
                            "rotation": 90
                        }
                    }
                },
                {
                    "name": "SuspenderLFrontLower",
                    "from": [ -0.005, 2.0, 4.5 ],
                    "to": [ 0.195, 5.0, 5.5 ],
                    "unwrapMode": 4,
                    "unwrapRotation": 1,
                    "uv": [ 23.5, 29.0 ],
                    "rotationOrigin": [ 0.0, 2.0, 4.5 ],
                    "faces": {
                        "north": {
                            "texture": "#pants",
                            "uv": [ 24.0, 30.5, 27.0, 31.0 ],
                            "rotation": 90
                        },
                        "east": {
                            "texture": "#pants",
                            "uv": [ 27.5, 29.5, 30.5, 30.5 ],
                            "rotation": 270
                        },
                        "south": {
                            "texture": "#pants",
                            "uv": [ 24.0, 29.0, 27.0, 29.5 ],
                            "rotation": 90
                        },
                        "west": {
                            "texture": "#pants",
                            "uv": [ 24.0, 29.5, 27.0, 30.5 ],
                            "rotation": 90
                        },
                        "up": {
                            "texture": "#pants",
                            "uv": [ 23.5, 29.5, 24.0, 30.5 ],
                            "rotation": 180
                        },
                        "down": {
                            "texture": "#pants",
                            "uv": [ 27.0, 29.5, 27.5, 30.5 ],
                            "rotation": 180
                        }
                    },
                    "children": [
                        {
                            "name": "SuspenderLRearLower2",
                            "from": [ 4.83, 0.0, -0.5 ],
                            "to": [ 5.03, 3.5, 0.5 ],
                            "unwrapMode": 4,
                            "unwrapRotation": 1,
                            "uv": [ 22.5, 29.0 ],
                            "rotationOrigin": [ 4.81, 0.0, -0.5 ],
                            "faces": {
                                "north": {
                                    "texture": "#pants",
                                    "uv": [ 23.0, 30.5, 26.5, 31.0 ],
                                    "rotation": 90
                                },
                                "east": {
                                    "texture": "#pants",
                                    "uv": [ 27.0, 29.5, 30.5, 30.5 ],
                                    "rotation": 270
                                },
                                "south": {
                                    "texture": "#pants",
                                    "uv": [ 23.0, 29.0, 26.5, 29.5 ],
                                    "rotation": 90
                                },
                                "west": {
                                    "texture": "#pants",
                                    "uv": [ 23.0, 29.5, 26.5, 30.5 ],
                                    "rotation": 90
                                },
                                "up": {
                                    "texture": "#pants",
                                    "uv": [ 22.5, 29.5, 23.0, 30.5 ],
                                    "rotation": 180
                                },
                                "down": {
                                    "texture": "#pants",
                                    "uv": [ 26.5, 29.5, 27.0, 30.5 ],
                                    "rotation": 180
                                }
                            },
                            "children": [
                                {
                                    "name": "button",
                                    "from": [ 0.101, 0.25, 0.25 ],
                                    "to": [ 0.201, 0.75, 0.75 ],
                                    "uv": [ 21.5, 0.5 ],
                                    "rotationOrigin": [ 0.1, 0.25, 0.25 ],
                                    "faces": {
                                        "north": {
                                            "texture": "#pants",
                                            "uv": [ 21.5, 1.0, 22.0, 1.5 ]
                                        },
                                        "east": {
                                            "texture": "#pants",
                                            "uv": [ 22.0, 1.0, 22.5, 1.5 ]
                                        },
                                        "south": {
                                            "texture": "#pants",
                                            "uv": [ 22.5, 1.0, 23.0, 1.5 ]
                                        },
                                        "up": {
                                            "texture": "#pants",
                                            "uv": [ 21.5, 0.5, 22.0, 1.0 ]
                                        },
                                        "down": {
                                            "texture": "#pants",
                                            "uv": [ 22.0, 0.5, 22.5, 1.0 ]
                                        }
                                    }
                                },
                                {
                                    "name": "SuspenderLRearLower4",
                                    "from": [ 0.0, 0.0, -3.0 ],
                                    "to": [ 0.2, 3.5, -2.0 ],
                                    "unwrapMode": 4,
                                    "uv": [ 11.0, 25.5 ],
                                    "rotationOrigin": [ -0.055, 0.0, -3.0 ],
                                    "faces": {
                                        "north": {
                                            "texture": "#pants",
                                            "uv": [ 11.0, 26.0, 11.5, 29.5 ]
                                        },
                                        "east": {
                                            "texture": "#pants",
                                            "uv": [ 13.0, 26.0, 14.0, 29.5 ]
                                        },
                                        "south": {
                                            "texture": "#pants",
                                            "uv": [ 12.5, 26.0, 13.0, 29.5 ]
                                        },
                                        "west": {
                                            "texture": "#pants",
                                            "uv": [ 11.5, 26.0, 12.5, 29.5 ]
                                        },
                                        "up": {
                                            "texture": "#pants",
                                            "uv": [ 11.5, 25.5, 12.5, 26.0 ],
                                            "rotation": 90
                                        },
                                        "down": {
                                            "texture": "#pants",
                                            "uv": [ 11.5, 29.5, 12.5, 30.0 ],
                                            "rotation": 90
                                        }
                                    },
                                    "children": [
                                        {
                                            "name": "button2",
                                            "from": [ 0.101, 0.25, 0.25 ],
                                            "to": [ 0.201, 0.75, 0.75 ],
                                            "uv": [ 21.5, 0.5 ],
                                            "rotationOrigin": [ 0.2, 0.25, 0.25 ],
                                            "faces": {
                                                "north": {
                                                    "texture": "#pants",
                                                    "uv": [ 21.5, 1.0, 22.0, 1.5 ]
                                                },
                                                "east": {
                                                    "texture": "#pants",
                                                    "uv": [ 22.0, 1.0, 22.5, 1.5 ]
                                                },
                                                "south": {
                                                    "texture": "#pants",
                                                    "uv": [ 22.5, 1.0, 23.0, 1.5 ]
                                                },
                                                "up": {
                                                    "texture": "#pants",
                                                    "uv": [ 21.5, 0.5, 22.0, 1.0 ]
                                                },
                                                "down": {
                                                    "texture": "#pants",
                                                    "uv": [ 22.0, 0.5, 22.5, 1.0 ]
                                                }
                                            }
                                        }
                                    ]
                                }
                            ]
                        },
                        {
                            "name": "button3",
                            "from": [ -0.001, 0.25, 0.25 ],
                            "to": [ 0.099, 0.75, 0.75 ],
                            "uv": [ 21.5, 0.5 ],
                            "rotationOrigin": [ 0.04, 0.25, 0.25 ],
                            "faces": {
                                "north": {
                                    "texture": "#pants",
                                    "uv": [ 21.5, 1.0, 22.0, 1.5 ]
                                },
                                "east": {
                                    "texture": "#pants",
                                    "uv": [ 22.0, 1.0, 22.5, 1.5 ]
                                },
                                "south": {
                                    "texture": "#pants",
                                    "uv": [ 22.5, 1.0, 23.0, 1.5 ]
                                },
                                "west": {
                                    "texture": "#pants",
                                    "uv": [ 23.0, 1.0, 23.5, 1.5 ]
                                },
                                "up": {
                                    "texture": "#pants",
                                    "uv": [ 21.5, 0.5, 22.0, 1.0 ]
                                },
                                "down": {
                                    "texture": "#pants",
                                    "uv": [ 22.0, 0.5, 22.5, 1.0 ]
                                }
                            }
                        },
                        {
                            "name": "SuspenderLFrontLower3",
                            "from": [ 0.0, 0.0, -4.0 ],
                            "to": [ 0.2, 3.0, -3.0 ],
                            "unwrapMode": 4,
                            "unwrapRotation": 1,
                            "uv": [ 8.5, 29.0 ],
                            "rotationOrigin": [ 0.025, 0.0, -4.0 ],
                            "faces": {
                                "north": {
                                    "texture": "#pants",
                                    "uv": [ 9.0, 30.5, 12.0, 31.0 ],
                                    "rotation": 90
                                },
                                "east": {
                                    "texture": "#pants",
                                    "uv": [ 12.5, 29.5, 15.5, 30.5 ],
                                    "rotation": 270
                                },
                                "south": {
                                    "texture": "#pants",
                                    "uv": [ 9.0, 29.0, 12.0, 29.5 ],
                                    "rotation": 90
                                },
                                "west": {
                                    "texture": "#pants",
                                    "uv": [ 9.0, 29.5, 12.0, 30.5 ],
                                    "rotation": 90
                                },
                                "up": {
                                    "texture": "#pants",
                                    "uv": [ 8.5, 29.5, 9.0, 30.5 ],
                                    "rotation": 180
                                },
                                "down": {
                                    "texture": "#pants",
                                    "uv": [ 12.0, 29.5, 12.5, 30.5 ],
                                    "rotation": 180
                                }
                            },
                            "children": [
                                {
                                    "name": "button4",
                                    "from": [ -0.001, 0.25, 0.25 ],
                                    "to": [ 0.099, 0.75, 0.75 ],
                                    "uv": [ 21.5, 0.5 ],
                                    "rotationOrigin": [ 0.04, 0.25, 0.25 ],
                                    "faces": {
                                        "north": {
                                            "texture": "#pants",
                                            "uv": [ 21.5, 1.0, 22.0, 1.5 ]
                                        },
                                        "east": {
                                            "texture": "#pants",
                                            "uv": [ 22.0, 1.0, 22.5, 1.5 ]
                                        },
                                        "south": {
                                            "texture": "#pants",
                                            "uv": [ 22.5, 1.0, 23.0, 1.5 ]
                                        },
                                        "west": {
                                            "texture": "#pants",
                                            "uv": [ 23.0, 1.0, 23.5, 1.5 ]
                                        },
                                        "up": {
                                            "texture": "#pants",
                                            "uv": [ 21.5, 0.5, 22.0, 1.0 ]
                                        },
                                        "down": {
                                            "texture": "#pants",
                                            "uv": [ 22.0, 0.5, 22.5, 1.0 ]
                                        }
                                    }
                                }
                            ]
                        }
                    ]
                }
            ]
        },
        {
            "name": "upper foot R",
            "stepParentName": "UpperFootR",
            "from": [ -0.01, -0.01, -0.01 ],
            "to": [ 4.21, 9.01, 3.21 ],
            "unwrapMode": 4,
            "uv": [ 1.5, 8.5 ],
            "rotationOrigin": [ 0.0, 9.0, 0.0 ],
            "faces": {
                "north": {
                    "texture": "#pants",
                    "uv": [ 1.5, 12.5, 5.5, 21.5 ]
                },
                "east": {
                    "texture": "#pants",
                    "uv": [ 12.5, 12.5, 15.5, 21.5 ]
                },
                "south": {
                    "texture": "#pants",
                    "uv": [ 8.5, 12.5, 12.5, 21.5 ],
                    "windMode": [ -1, -1, -1, -1 ]
                },
                "west": {
                    "texture": "#pants",
                    "uv": [ 5.5, 12.5, 8.5, 21.5 ]
                },
                "up": {
                    "texture": "#pants",
                    "uv": [ 5.5, 8.5, 8.5, 12.5 ],
                    "rotation": 90,
                    "windMode": [ -1, -1, -1, -1 ],
                    "windData": [ 1, 1, 1, 1 ]
                },
                "down": {
                    "texture": "#pants",
                    "uv": [ 5.5, 21.5, 8.5, 25.5 ],
                    "rotation": 90,
                    "windMode": [ -1, -1, -1, -1 ]
                }
            }
        },
        {
            "name": "upper foot L",
            "stepParentName": "UpperFootL",
            "from": [ -0.01, -0.01, -0.01 ],
            "to": [ 4.21, 9.01, 3.21 ],
            "unwrapMode": 4,
            "uv": [ 16.5, 8.5 ],
            "rotationOrigin": [ 0.0, 9.0, 3.0 ],
            "faces": {
                "north": {
                    "texture": "#pants",
                    "uv": [ 16.5, 12.5, 20.5, 21.5 ]
                },
                "east": {
                    "texture": "#pants",
                    "uv": [ 27.5, 12.5, 30.5, 21.5 ]
                },
                "south": {
                    "texture": "#pants",
                    "uv": [ 23.5, 12.5, 27.5, 21.5 ]
                },
                "west": {
                    "texture": "#pants",
                    "uv": [ 20.5, 12.5, 23.5, 21.5 ]
                },
                "up": {
                    "texture": "#pants",
                    "uv": [ 20.5, 8.5, 23.5, 12.5 ],
                    "rotation": 90,
                    "windMode": [ -1, -1, -1, -1 ],
                    "windData": [ 1, 1, 1, 1 ]
                },
                "down": {
                    "texture": "#pants",
                    "uv": [ 20.5, 21.5, 23.5, 25.5 ],
                    "rotation": 90,
                    "windMode": [ -1, -1, -1, -1 ]
                }
            }
        },
        {
            "name": "lower foot R",
            "stepParentName": "LowerFootR",
            "from": [ -0.01, -0.01, -0.01 ],
            "to": [ 4.01, 10.01, 3.01 ],
            "unwrapMode": 4,
            "uv": [ 1.5, 21.5 ],
            "rotationOrigin": [ 0.0, 0.0, -0.1 ],
            "faces": {
                "north": {
                    "texture": "#pants",
                    "uv": [ 1.5, 25.5, 5.5, 35.5 ]
                },
                "east": {
                    "texture": "#pants",
                    "uv": [ 12.5, 25.5, 15.5, 35.5 ]
                },
                "south": {
                    "texture": "#pants",
                    "uv": [ 8.5, 25.5, 12.5, 35.5 ]
                },
                "west": {
                    "texture": "#pants",
                    "uv": [ 5.5, 25.5, 8.5, 35.5 ]
                },
                "up": {
                    "texture": "#pants",
                    "uv": [ 5.5, 21.5, 8.5, 25.5 ],
                    "rotation": 90,
                    "windMode": [ -1, -1, -1, -1 ]
                }
            }
        },
        {
            "name": "lower foot L",
            "stepParentName": "LowerFootL",
            "from": [ -0.01, -0.01, -0.01 ],
            "to": [ 4.01, 10.01, 3.01 ],
            "unwrapMode": 4,
            "uv": [ 16.5, 21.5 ],
            "faces": {
                "north": {
                    "texture": "#pants",
                    "uv": [ 16.5, 25.5, 20.5, 35.5 ]
                },
                "east": {
                    "texture": "#pants",
                    "uv": [ 27.5, 25.5, 30.5, 35.5 ]
                },
                "south": {
                    "texture": "#pants",
                    "uv": [ 23.5, 25.5, 27.5, 35.5 ]
                },
                "west": {
                    "texture": "#pants",
                    "uv": [ 20.5, 25.5, 23.5, 35.5 ]
                },
                "up": {
                    "texture": "#pants",
                    "uv": [ 20.5, 21.5, 23.5, 25.5 ],
                    "rotation": 90,
                    "windMode": [ -1, -1, -1, -1 ]
                }
            }
        },
        {
            "name": "SuspenderLFrontUpper",
            "stepParentName": "UpperTorso",
            "from": [ -0.015, 0.0, 4.6 ],
            "to": [ 0.185, 5.01, 5.6 ],
            "unwrapMode": 4,
            "unwrapRotation": 1,
            "uv": [ 16.5, 30.5 ],
            "rotationOrigin": [ 0.0, 0.0, 4.6 ],
            "faces": {
                "north": {
                    "texture": "#pants",
                    "uv": [ 17.0, 32.0, 22.0, 32.5 ],
                    "rotation": 90
                },
                "east": {
                    "texture": "#pants",
                    "uv": [ 22.5, 31.0, 27.5, 32.0 ],
                    "rotation": 270
                },
                "south": {
                    "texture": "#pants",
                    "uv": [ 17.0, 30.5, 22.0, 31.0 ],
                    "rotation": 90
                },
                "west": {
                    "texture": "#pants",
                    "uv": [ 17.0, 31.0, 22.0, 32.0 ],
                    "rotation": 90
                },
                "up": {
                    "texture": "#pants",
                    "uv": [ 16.5, 31.0, 17.0, 32.0 ],
                    "rotation": 180
                },
                "down": {
                    "texture": "#pants",
                    "uv": [ 22.0, 31.0, 22.5, 32.0 ],
                    "rotation": 180
                }
            },
            "children": [
                {
                    "name": "SuspenderLFrontUpper2",
                    "from": [ 0.2, 4.81, 0.0 ],
                    "to": [ 4.82, 5.01, 1.0 ],
                    "unwrapMode": 5,
                    "uv": [ 19.0, 28.5 ],
                    "rotationOrigin": [ 0.21, 4.8, 0.0 ],
                    "faces": {
                        "north": {
                            "texture": "#pants",
                            "uv": [ 19.5, 28.5, 24.0, 29.0 ],
                            "rotation": 180
                        },
                        "east": {
                            "texture": "#pants",
                            "uv": [ 24.0, 29.0, 24.5, 30.0 ],
                            "rotation": 90
                        },
                        "south": {
                            "texture": "#pants",
                            "uv": [ 19.5, 30.0, 24.0, 30.5 ]
                        },
                        "west": {
                            "texture": "#pants",
                            "uv": [ 19.0, 29.0, 19.5, 30.0 ],
                            "rotation": 270
                        },
                        "up": {
                            "texture": "#pants",
                            "uv": [ 19.5, 29.0, 24.0, 30.0 ]
                        },
                        "down": {
                            "texture": "#pants",
                            "uv": [ 24.5, 29.0, 29.0, 30.0 ]
                        }
                    }
                },
                {
                    "name": "SuspenderLFrontUpper3",
                    "from": [ 4.82, 0.0, 0.0 ],
                    "to": [ 5.02, 5.01, 1.0 ],
                    "unwrapMode": 4,
                    "unwrapRotation": 1,
                    "uv": [ 16.5, 30.5 ],
                    "rotationOrigin": [ 4.81, 0.0, 0.0 ],
                    "faces": {
                        "north": {
                            "texture": "#pants",
                            "uv": [ 17.0, 32.0, 22.0, 32.5 ],
                            "rotation": 90
                        },
                        "east": {
                            "texture": "#pants",
                            "uv": [ 22.5, 31.0, 27.5, 32.0 ],
                            "rotation": 270
                        },
                        "south": {
                            "texture": "#pants",
                            "uv": [ 17.0, 30.5, 22.0, 31.0 ],
                            "rotation": 90
                        },
                        "west": {
                            "texture": "#pants",
                            "uv": [ 17.0, 31.0, 22.0, 32.0 ],
                            "rotation": 90
                        },
                        "up": {
                            "texture": "#pants",
                            "uv": [ 16.5, 31.0, 17.0, 32.0 ],
                            "rotation": 180
                        },
                        "down": {
                            "texture": "#pants",
                            "uv": [ 22.0, 31.0, 22.5, 32.0 ],
                            "rotation": 180
                        }
                    }
                },
                {
                    "name": "SuspenderLFrontUpper4",
                    "from": [ 0.0, 0.0, -4.0 ],
                    "to": [ 0.2, 5.01, -3.0 ],
                    "unwrapMode": 4,
                    "unwrapRotation": 1,
                    "uv": [ 1.5, 30.5 ],
                    "rotationOrigin": [ 0.01, 0.0, -4.0 ],
                    "faces": {
                        "north": {
                            "texture": "#pants",
                            "uv": [ 2.0, 32.0, 7.0, 32.5 ],
                            "rotation": 90
                        },
                        "east": {
                            "texture": "#pants",
                            "uv": [ 7.5, 31.0, 12.5, 32.0 ],
                            "rotation": 270
                        },
                        "south": {
                            "texture": "#pants",
                            "uv": [ 2.0, 30.5, 7.0, 31.0 ],
                            "rotation": 90
                        },
                        "west": {
                            "texture": "#pants",
                            "uv": [ 2.0, 31.0, 7.0, 32.0 ],
                            "rotation": 90
                        },
                        "up": {
                            "texture": "#pants",
                            "uv": [ 1.5, 31.0, 2.0, 32.0 ],
                            "rotation": 180
                        },
                        "down": {
                            "texture": "#pants",
                            "uv": [ 7.0, 31.0, 7.5, 32.0 ],
                            "rotation": 180
                        }
                    },
                    "children": [
                        {
                            "name": "SuspenderLFrontUpper5",
                            "from": [ 0.2, 4.81, 0.0 ],
                            "to": [ 4.82, 5.01, 1.0 ],
                            "unwrapMode": 5,
                            "uv": [ 5.5, 30.5 ],
                            "rotationOrigin": [ 0.21, 4.8, 0.0 ],
                            "faces": {
                                "north": {
                                    "texture": "#pants",
                                    "uv": [ 6.0, 30.5, 10.5, 31.0 ],
                                    "rotation": 180
                                },
                                "east": {
                                    "texture": "#pants",
                                    "uv": [ 10.5, 31.0, 11.0, 32.0 ],
                                    "rotation": 90
                                },
                                "south": {
                                    "texture": "#pants",
                                    "uv": [ 6.0, 32.0, 10.5, 32.5 ]
                                },
                                "west": {
                                    "texture": "#pants",
                                    "uv": [ 5.5, 31.0, 6.0, 32.0 ],
                                    "rotation": 270
                                },
                                "up": {
                                    "texture": "#pants",
                                    "uv": [ 6.0, 31.0, 10.5, 32.0 ]
                                },
                                "down": {
                                    "texture": "#pants",
                                    "uv": [ 11.0, 31.0, 15.5, 32.0 ]
                                }
                            }
                        },
                        {
                            "name": "SuspenderLFrontUpper6",
                            "from": [ 4.82, 0.0, 0.0 ],
                            "to": [ 5.02, 5.01, 1.0 ],
                            "unwrapMode": 4,
                            "unwrapRotation": 1,
                            "uv": [ 2.5, 30.5 ],
                            "rotationOrigin": [ 4.81, 0.0, 0.0 ],
                            "faces": {
                                "north": {
                                    "texture": "#pants",
                                    "uv": [ 3.0, 32.0, 8.0, 32.5 ],
                                    "rotation": 90
                                },
                                "east": {
                                    "texture": "#pants",
                                    "uv": [ 8.5, 31.0, 13.5, 32.0 ],
                                    "rotation": 270
                                },
                                "south": {
                                    "texture": "#pants",
                                    "uv": [ 3.0, 30.5, 8.0, 31.0 ],
                                    "rotation": 90
                                },
                                "west": {
                                    "texture": "#pants",
                                    "uv": [ 3.0, 31.0, 8.0, 32.0 ],
                                    "rotation": 90
                                },
                                "up": {
                                    "texture": "#pants",
                                    "uv": [ 2.5, 31.0, 3.0, 32.0 ],
                                    "rotation": 180
                                },
                                "down": {
                                    "texture": "#pants",
                                    "uv": [ 8.0, 31.0, 8.5, 32.0 ],
                                    "rotation": 180
                                }
                            }
                        }
                    ]
                }
            ]
        }
    ]
}