[
	{
		"dependsOn": [
			{ "modid": "usefultraders" }
		],
		"file": "game:config/tradelists/trader-survivalgoods.json",
		"op": "addmerge",
		"path": "/buying/list",
		"value": [
			{
				"code": "floralzoneseastasiaticregion:palmleaf-trachycarpusfortunei",
				"type": "item",
				"stacksize": 64,
				"stock": {
					"avg": 2,
					"var": 0.5
				},
				"price": {
					"avg": 1,
					"var": 0
				}
			},
			{
				"code": "floralzoneseastasiaticregion:bread-puerariamontana-perfect",
				"type": "item",
				"stacksize": 8,
				"stock": {
					"avg": 5,
					"var": 1.25
				},
				"price": {
					"avg": 2,
					"var": 1
				}
			}
		]
	}
]