{
	"editor": {
		"allAngles": false,
		"entityTextureMode": false
	},
	"textureWidth": 16,
	"textureHeight": 16,
	"textureSizes": {
		"soil-substrate": [32,32],
		"top": [16,16],
		"bottom": [16,16],
		"soilsubstrate": [32,32],
		"wood": [32,32]
	},
	"textures": {
		"soil-substrate": "block/growbed/soil-substrate",
		"wood": "block/growbed/wood"
	},
	"elements": [
		{
			"name": "Table Top",
			"from": [ 16.0, 15.0, 16.0 ],
			"to": [ 16.0, 15.0, 16.0 ],
			"shade": false,
			"rotationOrigin": [ 16.0, 15.0, 16.0 ],
			"faces": {
			},
			"children": [
				{
					"name": "Bed",
					"from": [ -15.0, -10.0, -15.0 ],
					"to": [ 15.0, 0.0, 15.0 ],
					"rotationOrigin": [ -15.0, -23.0, -15.0 ],
					"faces": {
						"up": { "texture": "#soil-substrate", "uv": [ 0.5, 1.0, 30.5, 31.0 ], "windMode": [-1,-1,-1,-1], "windData": [1,1,1,1] },
						"down": { "texture": "#wood", "uv": [ 1.0, 1.0, 31.0, 31.0 ] }
					}
				},
				{
					"name": "East Guard",
					"from": [ 15.0, -10.0, -15.0 ],
					"to": [ 16.0, 1.0, 15.0 ],
					"rotationOrigin": [ -16.0, -10.0, -17.0 ],
					"faces": {
						"east": { "texture": "#wood", "uv": [ 20.0, 1.5, 31.0, 31.5 ], "rotation": 90 },
						"west": { "texture": "#wood", "uv": [ 13.0, 0.5, 24.0, 30.5 ], "rotation": 90 },
						"up": { "texture": "#wood", "uv": [ 17.5, 1.5, 18.5, 31.5 ] },
						"down": { "texture": "#wood", "uv": [ 18.5, 1.0, 19.5, 31.0 ] }
					}
				},
				{
					"name": "North Guard",
					"from": [ -16.0, -10.0, -16.0 ],
					"to": [ 16.0, 1.0, -15.0 ],
					"rotationOrigin": [ -16.0, -10.0, -17.0 ],
					"faces": {
						"north": { "texture": "#wood", "uv": [ 17.0, 0.0, 28.0, 32.0 ], "rotation": 90 },
						"east": { "texture": "#wood", "uv": [ 1.0, 20.0, 2.0, 31.0 ] },
						"south": { "texture": "#wood", "uv": [ 13.5, 0.0, 24.5, 32.0 ], "rotation": 90 },
						"west": { "texture": "#wood", "uv": [ 16.0, 6.0, 17.0, 17.0 ], "windMode": [-1,-1,-1,-1], "windData": [0,0,1,1] },
						"up": { "texture": "#wood", "uv": [ 23.0, 0.0, 24.0, 32.0 ], "rotation": 90, "windMode": [-1,-1,-1,-1], "windData": [1,1,1,1] },
						"down": { "texture": "#wood", "uv": [ 5.0, 0.0, 6.0, 32.0 ], "rotation": 90, "windMode": [-1,-1,-1,-1] }
					}
				},
				{
					"name": "West Guard",
					"from": [ -16.0, -10.0, -15.0 ],
					"to": [ -15.0, 1.0, 15.0 ],
					"rotationOrigin": [ -16.0, -10.0, -17.0 ],
					"faces": {
						"east": { "texture": "#wood", "uv": [ 9.5, 1.0, 20.5, 31.0 ], "rotation": 90 },
						"west": { "texture": "#wood", "uv": [ 9.5, 1.0, 20.5, 31.0 ], "rotation": 90 },
						"up": { "texture": "#wood", "uv": [ 12.0, 0.0, 13.0, 30.0 ] },
						"down": { "texture": "#wood", "uv": [ 27.5, 1.5, 28.5, 31.5 ] }
					}
				},
				{
					"name": "South Guard",
					"from": [ -16.0, -10.0, 15.0 ],
					"to": [ 16.0, 1.0, 16.0 ],
					"rotationOrigin": [ -16.0, -10.0, -17.0 ],
					"faces": {
						"north": { "texture": "#wood", "uv": [ 18.0, 0.0, 29.0, 32.0 ], "rotation": 90 },
						"east": { "texture": "#wood", "uv": [ 29.5, 16.5, 30.5, 27.5 ] },
						"south": { "texture": "#wood", "uv": [ 3.0, 0.0, 14.0, 32.0 ], "rotation": 90 },
						"west": { "texture": "#wood", "uv": [ 8.5, 10.0, 9.5, 21.0 ], "windMode": [-1,-1,-1,-1], "windData": [0,0,1,1] },
						"up": { "texture": "#wood", "uv": [ 1.5, 0.0, 2.5, 32.0 ], "rotation": 90, "windMode": [-1,-1,-1,-1], "windData": [1,1,1,1] },
						"down": { "texture": "#wood", "uv": [ 15.0, 0.0, 16.0, 32.0 ], "rotation": 90, "windMode": [-1,-1,-1,-1] }
					}
				}
			]
		},
		{
			"name": "Legs",
			"from": [ 16.0, 8.0, 16.0 ],
			"to": [ 16.0, 8.0, 16.0 ],
			"shade": false,
			"rotationOrigin": [ 16.0, 8.0, 16.0 ],
			"faces": {
			},
			"children": [
				{
					"name": "Cube3",
					"from": [ -16.0, -8.0, -16.0 ],
					"to": [ -13.0, -1.0, -13.0 ],
					"rotationOrigin": [ -16.0, -8.0, -16.0 ],
					"rotationX": 5.0,
					"rotationZ": -5.0,
					"faces": {
						"north": { "texture": "#wood", "uv": [ 13.5, 4.5, 16.5, 11.5 ], "windMode": [-1,-1,-1,-1] },
						"east": { "texture": "#wood", "uv": [ 15.5, 10.5, 18.5, 17.5 ], "windMode": [-1,-1,-1,-1] },
						"south": { "texture": "#wood", "uv": [ 0.5, 14.0, 3.5, 21.0 ], "windMode": [-1,-1,-1,-1] },
						"west": { "texture": "#wood", "uv": [ 25.0, 9.5, 28.0, 16.5 ], "windMode": [-1,-1,-1,-1] },
						"down": { "texture": "#wood", "uv": [ 0.0, 27.0, 3.0, 30.0 ], "windMode": [-1,-1,-1,-1] }
					}
				},
				{
					"name": "Cube4",
					"from": [ 13.0, -8.0, -16.0 ],
					"to": [ 16.0, -1.0, -13.0 ],
					"rotationOrigin": [ 16.0, -8.0, -16.0 ],
					"rotationX": 5.0,
					"rotationZ": 5.0,
					"faces": {
						"north": { "texture": "#wood", "uv": [ 5.0, 11.0, 8.0, 18.0 ] },
						"east": { "texture": "#wood", "uv": [ 17.0, 15.5, 20.0, 22.5 ], "windMode": [-1,-1,-1,-1] },
						"south": { "texture": "#wood", "uv": [ 8.0, 9.0, 11.0, 16.0 ], "windMode": [-1,-1,-1,-1] },
						"west": { "texture": "#wood", "uv": [ 8.5, 8.5, 11.5, 15.5 ], "windMode": [-1,-1,-1,-1] },
						"down": { "texture": "#wood", "uv": [ 18.5, 17.0, 21.5, 20.0 ], "windMode": [-1,-1,-1,-1] }
					}
				},
				{
					"name": "Cube5",
					"from": [ 13.0, -8.0, 13.0 ],
					"to": [ 16.0, -1.0, 16.0 ],
					"rotationOrigin": [ 16.0, -8.0, 16.0 ],
					"rotationX": -5.0,
					"rotationZ": 5.0,
					"faces": {
						"north": { "texture": "#wood", "uv": [ 13.0, 15.5, 16.0, 22.5 ] },
						"east": { "texture": "#wood", "uv": [ 9.0, 6.0, 12.0, 13.0 ], "windMode": [-1,-1,-1,-1] },
						"south": { "texture": "#wood", "uv": [ 27.5, 9.0, 30.5, 16.0 ], "windMode": [-1,-1,-1,-1] },
						"west": { "texture": "#wood", "uv": [ 23.0, 0.5, 26.0, 7.5 ], "windMode": [-1,-1,-1,-1] },
						"down": { "texture": "#wood", "uv": [ 14.0, 20.0, 17.0, 23.0 ], "windMode": [-1,-1,-1,-1] }
					}
				},
				{
					"name": "Cube6",
					"from": [ -16.0, -8.0, 13.0 ],
					"to": [ -13.0, -1.0, 16.0 ],
					"rotationOrigin": [ -16.0, -8.0, 16.0 ],
					"rotationX": -5.0,
					"rotationZ": -5.0,
					"faces": {
						"north": { "texture": "#wood", "uv": [ 5.5, 15.5, 8.5, 22.5 ] },
						"east": { "texture": "#wood", "uv": [ 11.0, 9.5, 14.0, 16.5 ], "windMode": [-1,-1,-1,-1] },
						"south": { "texture": "#wood", "uv": [ 8.5, 13.5, 11.5, 20.5 ], "windMode": [-1,-1,-1,-1] },
						"west": { "texture": "#wood", "uv": [ 19.0, 5.5, 22.0, 12.5 ], "windMode": [-1,-1,-1,-1] },
						"down": { "texture": "#wood", "uv": [ 9.0, 1.0, 12.0, 4.0 ], "windMode": [-1,-1,-1,-1] }
					}
				},
				{
					"name": "Cube7",
					"from": [ -14.0, -7.0, -13.0 ],
					"to": [ -13.0, -6.0, -5.0 ],
					"rotationOrigin": [ -14.0, -7.0, -13.0 ],
					"rotationX": -45.0,
					"faces": {
						"north": { "texture": "#wood", "uv": [ 13.0, 21.5, 14.0, 22.5 ], "windMode": [-1,-1,-1,-1] },
						"east": { "texture": "#wood", "uv": [ 12.5, 8.0, 13.5, 16.0 ], "rotation": 90, "windMode": [-1,-1,-1,-1] },
						"south": { "texture": "#wood", "uv": [ 24.0, 25.5, 25.0, 26.5 ], "windMode": [-1,-1,-1,-1] },
						"west": { "texture": "#wood", "uv": [ 17.0, 17.5, 18.0, 25.5 ], "rotation": 90, "windMode": [-1,-1,-1,-1] },
						"up": { "texture": "#wood", "uv": [ 25.0, 11.0, 26.0, 19.0 ], "windMode": [-1,-1,-1,-1] },
						"down": { "texture": "#wood", "uv": [ 30.0, 14.5, 31.0, 22.5 ], "windMode": [-1,-1,-1,-1] }
					}
				},
				{
					"name": "Cube8",
					"from": [ -14.0, -8.0, 13.0 ],
					"to": [ -13.0, -7.0, 21.0 ],
					"rotationOrigin": [ -14.0, -7.0, 13.0 ],
					"rotationX": -135.0,
					"faces": {
						"north": { "texture": "#wood", "uv": [ 30.5, 10.5, 31.5, 11.5 ] },
						"east": { "texture": "#wood", "uv": [ 30.5, 23.0, 31.5, 31.0 ], "rotation": 90, "windMode": [-1,-1,-1,-1] },
						"south": { "texture": "#wood", "uv": [ 26.0, 30.5, 27.0, 31.5 ], "windMode": [-1,-1,-1,-1] },
						"west": { "texture": "#wood", "uv": [ 30.5, 6.5, 31.5, 14.5 ], "rotation": 90, "windMode": [-1,-1,-1,-1] },
						"up": { "texture": "#wood", "uv": [ 0.0, 7.0, 1.0, 15.0 ], "windMode": [-1,-1,-1,-1] },
						"down": { "texture": "#wood", "uv": [ 28.5, 3.0, 29.5, 11.0 ], "windMode": [-1,-1,-1,-1] }
					}
				},
				{
					"name": "Cube9",
					"from": [ 13.0, -7.0, -13.0 ],
					"to": [ 14.0, -6.0, -5.0 ],
					"rotationOrigin": [ 13.0, -7.0, -13.0 ],
					"rotationX": -45.0,
					"faces": {
						"north": { "texture": "#wood", "uv": [ 13.5, 7.5, 14.5, 8.5 ] },
						"east": { "texture": "#wood", "uv": [ 30.0, 3.5, 31.0, 11.5 ], "rotation": 90, "windMode": [-1,-1,-1,-1] },
						"south": { "texture": "#wood", "uv": [ 20.0, 26.0, 21.0, 27.0 ], "windMode": [-1,-1,-1,-1] },
						"west": { "texture": "#wood", "uv": [ 22.5, 14.0, 23.5, 22.0 ], "rotation": 90, "windMode": [-1,-1,-1,-1] },
						"up": { "texture": "#wood", "uv": [ 15.0, 21.5, 16.0, 29.5 ], "windMode": [-1,-1,-1,-1] },
						"down": { "texture": "#wood", "uv": [ 8.5, 15.5, 9.5, 23.5 ], "windMode": [-1,-1,-1,-1] }
					}
				},
				{
					"name": "Cube10",
					"from": [ 13.0, -8.0, 13.0 ],
					"to": [ 14.0, -7.0, 21.0 ],
					"rotationOrigin": [ 13.0, -7.0, 13.0 ],
					"rotationX": -135.0,
					"faces": {
						"north": { "texture": "#wood", "uv": [ 26.5, 1.0, 27.5, 2.0 ] },
						"east": { "texture": "#wood", "uv": [ 21.5, 9.0, 22.5, 17.0 ], "rotation": 90, "windMode": [-1,-1,-1,-1] },
						"south": { "texture": "#wood", "uv": [ 23.0, 5.0, 24.0, 6.0 ], "windMode": [-1,-1,-1,-1] },
						"west": { "texture": "#wood", "uv": [ 29.0, 4.5, 30.0, 12.5 ], "rotation": 90, "windMode": [-1,-1,-1,-1] },
						"up": { "texture": "#wood", "uv": [ 19.5, 17.0, 20.5, 25.0 ], "windMode": [-1,-1,-1,-1] },
						"down": { "texture": "#wood", "uv": [ 21.0, 10.5, 22.0, 18.5 ], "windMode": [-1,-1,-1,-1] }
					}
				},
				{
					"name": "Cube11",
					"from": [ -13.0, -7.0, -14.0 ],
					"to": [ -5.0, -6.0, -13.0 ],
					"rotationOrigin": [ -13.0, -7.0, -13.0 ],
					"rotationZ": 45.0,
					"faces": {
						"north": { "texture": "#wood", "uv": [ 5.0, 14.5, 6.0, 22.5 ], "rotation": 90, "windMode": [-1,-1,-1,-1] },
						"east": { "texture": "#wood", "uv": [ 26.5, 29.5, 27.5, 30.5 ], "windMode": [-1,-1,-1,-1] },
						"south": { "texture": "#wood", "uv": [ 13.0, 4.0, 14.0, 12.0 ], "rotation": 90, "windMode": [-1,-1,-1,-1] },
						"west": { "texture": "#wood", "uv": [ 11.0, 22.0, 12.0, 23.0 ], "windMode": [-1,-1,-1,-1] },
						"up": { "texture": "#wood", "uv": [ 10.0, 16.0, 11.0, 24.0 ], "rotation": 90, "windMode": [-1,-1,-1,-1] },
						"down": { "texture": "#wood", "uv": [ 16.0, 0.5, 17.0, 8.5 ], "rotation": 90, "windMode": [-1,-1,-1,-1] }
					}
				},
				{
					"name": "Cube12",
					"from": [ -13.0, -7.0, 13.0 ],
					"to": [ -5.0, -6.0, 14.0 ],
					"rotationOrigin": [ -13.0, -7.0, 14.0 ],
					"rotationZ": 45.0,
					"faces": {
						"north": { "texture": "#wood", "uv": [ 1.0, 15.5, 2.0, 23.5 ], "rotation": 90 },
						"east": { "texture": "#wood", "uv": [ 28.5, 10.5, 29.5, 11.5 ], "windMode": [-1,-1,-1,-1] },
						"south": { "texture": "#wood", "uv": [ 16.0, 11.5, 17.0, 19.5 ], "rotation": 90, "windMode": [-1,-1,-1,-1] },
						"west": { "texture": "#wood", "uv": [ 13.0, 7.0, 14.0, 8.0 ], "windMode": [-1,-1,-1,-1] },
						"up": { "texture": "#wood", "uv": [ 30.5, 7.5, 31.5, 15.5 ], "rotation": 90, "windMode": [-1,-1,-1,-1] },
						"down": { "texture": "#wood", "uv": [ 25.5, 7.0, 26.5, 15.0 ], "rotation": 90, "windMode": [-1,-1,-1,-1] }
					}
				},
				{
					"name": "Cube13",
					"from": [ 13.0, -8.0, 13.0 ],
					"to": [ 21.0, -7.0, 14.0 ],
					"rotationOrigin": [ 13.0, -7.0, 14.0 ],
					"rotationZ": 135.0,
					"faces": {
						"north": { "texture": "#wood", "uv": [ 23.0, 12.5, 24.0, 20.5 ], "rotation": 90 },
						"east": { "texture": "#wood", "uv": [ 14.5, 13.0, 15.5, 14.0 ], "windMode": [-1,-1,-1,-1] },
						"south": { "texture": "#wood", "uv": [ 27.5, 17.0, 28.5, 25.0 ], "rotation": 90, "windMode": [-1,-1,-1,-1] },
						"west": { "texture": "#wood", "uv": [ 21.5, 8.0, 22.5, 9.0 ], "windMode": [-1,-1,-1,-1] },
						"up": { "texture": "#wood", "uv": [ 25.5, 11.0, 26.5, 19.0 ], "rotation": 90, "windMode": [-1,-1,-1,-1] },
						"down": { "texture": "#wood", "uv": [ 2.5, 21.5, 3.5, 29.5 ], "rotation": 90, "windMode": [-1,-1,-1,-1] }
					}
				},
				{
					"name": "Cube14",
					"from": [ 13.0, -8.0, -14.0 ],
					"to": [ 21.0, -7.0, -13.0 ],
					"rotationOrigin": [ 13.0, -7.0, -13.0 ],
					"rotationZ": 135.0,
					"faces": {
						"north": { "texture": "#wood", "uv": [ 20.0, 13.0, 21.0, 21.0 ], "rotation": 90 },
						"east": { "texture": "#wood", "uv": [ 15.0, 4.5, 16.0, 5.5 ], "windMode": [-1,-1,-1,-1] },
						"south": { "texture": "#wood", "uv": [ 23.0, 15.0, 24.0, 23.0 ], "rotation": 90, "windMode": [-1,-1,-1,-1] },
						"west": { "texture": "#wood", "uv": [ 17.5, 29.0, 18.5, 30.0 ], "windMode": [-1,-1,-1,-1] },
						"up": { "texture": "#wood", "uv": [ 28.5, 5.5, 29.5, 13.5 ], "rotation": 90, "windMode": [-1,-1,-1,-1] },
						"down": { "texture": "#wood", "uv": [ 20.0, 14.0, 21.0, 22.0 ], "rotation": 90, "windMode": [-1,-1,-1,-1] }
					}
				}
			]
		}
	]}