[
	{
	"ingredientPattern": "S,K,B",
	"ingredients": {
		"S": { "type": "item", "code": "game:stone-*", "name": "stone", "allowedVariants": [ "andesite", "basalt", "bauxite", "chert", "granite", "obsidian", "peridotite" ] },
		"K": { "type": "item", "code": "game:knife-generic-*", "isTool": true, "toolDurabilityCost": 3 },
		"B": { "type": "item", "code": "game:bone" }
	},
	"width": 1,
	"height": 3,
	"output": { "type": "item", "code": "tailorsdelight:awl-bone" }
	},

	{
	"ingredientPattern": "S,K,H",
	"name": "awl-horn",
	"ingredients": {
		"S": { "type": "item", "code": "game:stone-*", "name": "stone", "allowedVariants": [ "andesite", "basalt", "bauxite", "chert", "granite", "obsidian", "peridotite" ] },
		"K": { "type": "item", "code": "game:knife-generic-*", "isTool": true, "toolDurabilityCost": 12 },
		"H": { "type": "item", "code": "game:antler-*-09" }
	},
	"width": 1,
	"height": 3,
	"output": { "type": "item", "code": "tailorsdelight:awl-horn", "quantity": 4 }
	},

	{
	"ingredientPattern": "S,K,H",
	"name": "awl-horn",
	"ingredients": {
		"S": { "type": "item", "code": "game:stone-*", "name": "stone", "allowedVariants": [ "andesite", "basalt", "bauxite", "chert", "granite", "obsidian", "peridotite" ] },
		"K": { "type": "item", "code": "game:knife-generic-*", "isTool": true, "toolDurabilityCost": 9 },
		"H": { "type": "item", "code": "game:antler-*-08" }
	},
	"width": 1,
	"height": 3,
	"output": { "type": "item", "code": "tailorsdelight:awl-horn", "quantity": 3 }
	},

	{
	"ingredientPattern": "S,K,H",
	"name": "awl-horn",
	"ingredients": {
		"S": { "type": "item", "code": "game:stone-*", "name": "stone", "allowedVariants": [ "andesite", "basalt", "bauxite", "chert", "granite", "obsidian", "peridotite" ] },
		"K": { "type": "item", "code": "game:knife-generic-*", "isTool": true, "toolDurabilityCost": 6 },
		"H": { "type": "item", "code": "game:antler-*-07" }
	},
	"width": 1,
	"height": 3,
	"output": { "type": "item", "code": "tailorsdelight:awl-horn", "quantity": 2 }
	},

	{
	"ingredientPattern": "S,K,H",
	"name": "awl-horn",
	"ingredients": {
		"S": { "type": "item", "code": "game:stone-*", "name": "stone", "allowedVariants": [ "andesite", "basalt", "bauxite", "chert", "granite", "obsidian", "peridotite" ] },
		"K": { "type": "item", "code": "game:knife-generic-*", "isTool": true, "toolDurabilityCost": 6 },
		"H": { "type": "item", "code": "game:antler-*-06" }
	},
	"width": 1,
	"height": 3,
	"output": { "type": "item", "code": "tailorsdelight:awl-horn", "quantity": 2 }
	},

	{
	"ingredientPattern": "S,K,H",
	"name": "awl-horn",
	"ingredients": {
		"S": { "type": "item", "code": "game:stone-*", "name": "stone", "allowedVariants": [ "andesite", "basalt", "bauxite", "chert", "granite", "obsidian", "peridotite" ] },
		"K": { "type": "item", "code": "game:knife-generic-*", "isTool": true, "toolDurabilityCost": 6 },
		"H": { "type": "item", "code": "game:antler-*-05" }
	},
	"width": 1,
	"height": 3,
	"output": { "type": "item", "code": "tailorsdelight:awl-horn", "quantity": 2 }
	},

	{
	"ingredientPattern": "S,K,H",
	"name": "awl-horn",
	"ingredients": {
		"S": { "type": "item", "code": "game:stone-*", "name": "stone", "allowedVariants": [ "andesite", "basalt", "bauxite", "chert", "granite", "obsidian", "peridotite" ] },
		"K": { "type": "item", "code": "game:knife-generic-*", "isTool": true, "toolDurabilityCost": 3 },
		"H": { "type": "item", "code": "game:antler-*" }
	},
	"width": 1,
	"height": 3,
	"output": { "type": "item", "code": "tailorsdelight:awl-horn" }
	},

	{
	"ingredientPattern": "M,S",
	"ingredients": {
		"M": { "type": "item", "code": "tailorsdelight:awlthorn-*", "name": "metal", "allowedVariants": [ "copper", "cupronickel", "electrum", "gold", "silver", "tinbronze", "bismuthbronze", "blackbronze", "iron", "meteoriciron", "steel" ] },
		"S": { "type": "item", "code": "game:stick" }
	},
	"width": 1,
	"height": 2,
	"output": { "type": "item", "code": "tailorsdelight:awl-{metal}" }
	}
]
