[
  {
    "file": "spheniscidae:entities/land/spheniscidae.json",
    "op": "addmerge",
    "path": "/attributesByType",
    "side": "Server",
    "value": {
      "*-aptenodytesforsteri": {
        "biorealm": [
         "pacific neotropic",
         "atlantic neotropic",
         "atlantic afrotropic",
         "eastern afrotropic",
         "australasian",
         "oceanic"
        ]
      },
      "*-aptenodytespatagonicus": {
        "biorealm": [
         "atlantic neotropic",
         "atlantic afrotropic",
         "eastern afrotropic",
         "oceanic"
        ]
      },
      "*-eudypteschrysocome": {
        "biorealm": [
         "pacific neotropic",
         "atlantic neotropic",
         "australasian",
         "oceanic"
        ]
      },
      "*-eudypteschrysolophus": {
        "biorealm": [
         "pacific neotropic",
         "atlantic neotropic",
         "atlantic afrotropic",
         "eastern afrotropic"
        ]
      },
      "*-eudyptesmoseleyi": {
        "biorealm": [
         "atlantic afrotropic",
         "eastern afrotropic"
        ]
      },
      "*-eudyptespachyrhynchus": {
        "biorealm": [
         "oceanic"
        ]
      },
      "*-eudyptesrobustus": {
        "biorealm": [
         "oceanic"
        ]
      },
      "*-eudyptessclateri": {
        "biorealm": [
         "oceanic"
        ]
      },
      "*-eudyptesschlegeli": {
        "biorealm": [
         "oceanic"
        ]
      },
      "*-eudypteswarhami": {
        "biorealm": [
         "oceanic"
        ]
      },
      "*-eudyptulaminor": {
        "biorealm": [
         "oceanic"
        ]
      },
      "*-eudyptulanovaehollandiae": {
        "biorealm": [
         "australasian",
         "oceanic"
        ]
      },
      "*-megadyptesantipodes": {
        "biorealm": [
         "oceanic"
        ]
      },
      "*-pygoscelisadeliae": {
        "biorealm": [
         "pacific neotropic",
         "atlantic neotropic",
         "atlantic afrotropic",
         "eastern afrotropic",
         "australasian",
         "oceanic"
        ]
      },
      "*-pygoscelisantarcticus": {
        "biorealm": [
         "pacific neotropic",
         "atlantic neotropic",
         "atlantic afrotropic",
         "eastern afrotropic",
         "australasian",
         "oceanic"
        ]
      },
      "*-pygoscelispapua": {
        "biorealm": [
         "pacific neotropic",
         "atlantic neotropic"
        ]
      },
      "*-spheniscusdemersus": {
        "biorealm": [
         "atlantic afrotropic",
         "eastern afrotropic"
        ]
      },
      "*-spheniscushumboldti": {
        "biorealm": [
         "pacific neotropic"
        ]
      },
      "*-spheniscusmagellanicus": {
        "biorealm": [
         "pacific neotropic",
         "atlantic neotropic"
        ]
      },
      "*-spheniscusmendiculus": {
        "biorealm": [
         "pacific neotropic"
        ]
      }
    },
    "dependsOn": [
      {
        "modid": "biomes"
      }
    ]
  }
]