{
	"editor": {
		"allAngles": false,
		"entityTextureMode": false
	},
	"textureWidth": 16,
	"textureHeight": 16,
	"textureSizes": {
	},
	"textures": {
		"bark": "block/wood/bark/pine",
		"cut": "block/wood/debarked/pine"
	},
	"elements": [
		{
			"name": "pine",
			"from": [ 4.0, 0.0, 4.0 ], 
			"to": [ 12.0, 16.0, 12.0 ], 
			"faces": {
				"north": { "texture": "#bark", "uv": [ 4.0, 0.0, 12.0, 16.0 ] },
				"east": { "texture": "#bark", "uv": [ 4.0, 0.0, 12.0, 16.0 ] },
				"south": { "texture": "#bark", "uv": [ 4.0, 0.0, 12.0, 16.0 ] },
				"west": { "texture": "#bark", "uv": [ 4.0, 0.0, 12.0, 16.0 ] },
				"up": { "texture": "#cut", "uv": [ 4.0, 4.0, 12.0, 12.0 ] },
				"down": { "texture": "#cut", "uv": [ 4.0, 4.0, 12.0, 12.0 ] }
			}
		}
	]}