{
	"ingredient": { "type": "item", "code": "game:clay-*", "name": "color", "allowedVariants": [ "lavender", "paleblue", "palegreen", "palered", "peach", "sunflower", "white" ] },
	"pattern": [[
		"########",
		"########",
		"##____##",
		"##____##",
		"##____##",
		"##____##",
		"########",
		"########"
	],
	[
		"########",
		"########",
		"##____##",
		"##____##",
		"##____##",
		"##____##",
		"########",
		"########"
	],
	[
		"########",
		"########",
		"##____##",
		"##____##",
		"##____##",
		"##____##",
		"########",
		"########"
	]],
	"name": "recipe-clayforming-colored-storagevesselring",
	"output": { "type": "block", "code": "bricklayers:vesselcoloredring-raw-{color}" }
}
