{
	"editor": {
		"backDropShape": "game:entity/humanoid/seraph",
		"allAngles": true,
		"entityTextureMode": false
	},
	"textureWidth": 8,
	"textureHeight": 8,
	"textureSizes": {
		"ocoteabullata": [4,4]
	},
	"textures": {
		"reedrope": "game:block/cloth/ropedcloth",
		"ocoteabullata": "item/resource/seeds/ocoteabullata"
	},
	"elements": [
		{
			"name": "hideme",
			"stepParentName": "UpperTorso",
			"from": [ 2.0, 5.0, 3.0 ],
			"to": [ 2.0, 5.0, 3.0 ],
			"rotationOrigin": [ 2.0, 5.0, 3.0 ],
			"faces": {
			},
			"children": [
				{
					"name": "string back",
					"from": [ 2.2, 0.2, -1.4 ],
					"to": [ 2.4, 0.4, 1.6 ],
					"rotationOrigin": [ 2.3, 0.3, 0.1 ],
					"rotationZ": 45.0,
					"faces": {
						"north": { "texture": "#reedrope", "uv": [ 0.0, 0.0, 0.25, 0.25 ] },
						"east": { "texture": "#reedrope", "uv": [ 0.0, 0.0, 3.0, 0.25 ] },
						"south": { "texture": "#reedrope", "uv": [ 0.0, 0.0, 0.25, 0.25 ] },
						"west": { "texture": "#reedrope", "uv": [ 0.0, 0.0, 3.0, 0.25 ] },
						"up": { "texture": "#reedrope", "uv": [ 0.0, 0.0, 0.25, 3.0 ] },
						"down": { "texture": "#reedrope", "uv": [ 0.0, 0.0, 0.25, 3.0 ] }
					}
				},
				{
					"name": "string R2",
					"from": [ -1.0, 0.2, -1.5 ],
					"to": [ 2.3, 0.4, -1.3 ],
					"rotationOrigin": [ 0.4, 0.3, -1.4 ],
					"rotationX": 45.0,
					"faces": {
						"north": { "texture": "#reedrope", "uv": [ 0.0, 0.0, 3.25, 0.25 ] },
						"east": { "texture": "#reedrope", "uv": [ 0.0, 0.0, 0.25, 0.25 ] },
						"south": { "texture": "#reedrope", "uv": [ 0.0, 0.0, 3.25, 0.25 ] },
						"west": { "texture": "#reedrope", "uv": [ 0.0, 0.0, 0.25, 0.25 ] },
						"up": { "texture": "#reedrope", "uv": [ 0.0, 0.0, 3.25, 0.25 ] },
						"down": { "texture": "#reedrope", "uv": [ 0.0, 0.0, 3.25, 0.25 ] }
					}
				},
				{
					"name": "string L2",
					"from": [ -1.0, 0.2, 1.5 ],
					"to": [ 2.3, 0.4, 1.7 ],
					"rotationOrigin": [ 0.4, 0.3, 1.6 ],
					"rotationX": 45.0,
					"faces": {
						"north": { "texture": "#reedrope", "uv": [ 0.0, 0.0, 3.25, 0.25 ] },
						"east": { "texture": "#reedrope", "uv": [ 0.0, 0.0, 0.25, 0.25 ] },
						"south": { "texture": "#reedrope", "uv": [ 0.0, 0.0, 3.25, 0.25 ] },
						"west": { "texture": "#reedrope", "uv": [ 0.0, 0.0, 0.25, 0.25 ] },
						"up": { "texture": "#reedrope", "uv": [ 0.0, 0.0, 3.25, 0.25 ] },
						"down": { "texture": "#reedrope", "uv": [ 0.0, 0.0, 3.25, 0.25 ] }
					}
				},
				{
					"name": "string R3",
					"from": [ -2.3, -0.1, -1.0 ],
					"to": [ -0.8, 0.1, -0.8 ],
					"rotationOrigin": [ -1.8, 0.0, -0.9 ],
					"rotationY": 33.0,
					"rotationZ": 17.0,
					"faces": {
						"north": { "texture": "#reedrope", "uv": [ 0.0, 0.0, 1.5, 0.25 ] },
						"east": { "texture": "#reedrope", "uv": [ 0.0, 0.0, 0.25, 0.25 ] },
						"south": { "texture": "#reedrope", "uv": [ 0.0, 0.0, 1.5, 0.25 ] },
						"west": { "texture": "#reedrope", "uv": [ 0.0, 0.0, 0.25, 0.25 ] },
						"up": { "texture": "#reedrope", "uv": [ 0.0, 0.0, 1.5, 0.25 ] },
						"down": { "texture": "#reedrope", "uv": [ 0.0, 0.0, 1.5, 0.25 ] }
					}
				},
				{
					"name": "string L",
					"from": [ -2.3, -0.1, 1.0 ],
					"to": [ -0.8, 0.1, 1.2 ],
					"rotationOrigin": [ -1.8, 0.0, 1.1 ],
					"rotationY": -33.0,
					"rotationZ": 17.0,
					"faces": {
						"north": { "texture": "#reedrope", "uv": [ 0.0, 0.0, 1.5, 0.25 ] },
						"east": { "texture": "#reedrope", "uv": [ 0.0, 0.0, 0.25, 0.25 ] },
						"south": { "texture": "#reedrope", "uv": [ 0.0, 0.0, 1.5, 0.25 ] },
						"west": { "texture": "#reedrope", "uv": [ 0.0, 0.0, 0.25, 0.25 ] },
						"up": { "texture": "#reedrope", "uv": [ 0.0, 0.0, 1.5, 0.25 ] },
						"down": { "texture": "#reedrope", "uv": [ 0.0, 0.0, 1.5, 0.25 ] }
					}
				},
				{
					"name": "breasts",
					"from": [ -2.0, -2.0, -1.0 ],
					"to": [ -2.0, 0.0, 1.0 ],
					"rotationOrigin": [ -2.0, 0.0, 0.0 ],
					"faces": {
					},
					"children": [
						{
							"name": "seedbase",
							"from": [ -0.8, -1.0, 0.7 ],
							"to": [ 0.0, 0.5, 1.5 ],
							"rotationOrigin": [ -0.4, 0.5, 1.1 ],
							"rotationX": -9.0,
							"rotationY": -45.0,
							"rotationZ": -10.0,
							"faces": {
							},
							"children": [
								{
									"name": "string R1",
									"from": [ 0.2, 1.5, 0.1 ],
									"to": [ 0.4, 3.0, 0.3 ],
									"rotationOrigin": [ 0.3, 1.5, 0.2 ],
									"rotationX": -15.0,
									"rotationZ": 15.0,
									"faces": {
										"north": { "texture": "#reedrope", "uv": [ 0.0, 0.0, 0.25, 1.5 ] },
										"east": { "texture": "#reedrope", "uv": [ 0.0, 0.0, 0.25, 1.5 ] },
										"south": { "texture": "#reedrope", "uv": [ 0.0, 0.0, 0.25, 1.5 ] },
										"west": { "texture": "#reedrope", "uv": [ 0.0, 0.0, 0.25, 1.5 ] }
									}
								},
								{
									"name": "string L1",
									"from": [ 0.5, 1.5, 0.5 ],
									"to": [ 0.7, 3.0, 0.7 ],
									"rotationOrigin": [ 0.6, 1.5, 0.6 ],
									"rotationX": 15.0,
									"rotationZ": -15.0,
									"faces": {
										"north": { "texture": "#reedrope", "uv": [ 0.0, 0.0, 0.25, 1.5 ] },
										"east": { "texture": "#reedrope", "uv": [ 0.0, 0.0, 0.25, 1.5 ] },
										"south": { "texture": "#reedrope", "uv": [ 0.0, 0.0, 0.25, 1.5 ] },
										"west": { "texture": "#reedrope", "uv": [ 0.0, 0.0, 0.25, 1.5 ] }
									}
								},
								{
									"name": "Seed",
									"from": [ 0.4, 0.25, 0.1 ],
									"to": [ 0.9, 0.75, 0.6 ],
									"rotationOrigin": [ 0.45, 0.5, 0.35 ],
									"rotationZ": -90.0,
									"faces": {
										"north": { "texture": "#ocoteabullata", "uv": [ 0.0, 2.0, 2.0, 4.0 ], "autoUv": false },
										"east": { "texture": "#ocoteabullata", "uv": [ 0.0, 2.0, 2.0, 4.0 ], "autoUv": false },
										"south": { "texture": "#ocoteabullata", "uv": [ 0.0, 2.0, 2.0, 4.0 ], "autoUv": false },
										"up": { "texture": "#ocoteabullata", "uv": [ 0.0, 2.0, 2.0, 4.0 ], "autoUv": false },
										"down": { "texture": "#ocoteabullata", "uv": [ 0.0, 2.0, 2.0, 4.0 ], "autoUv": false }
									},
									"children": [
										{
											"name": "Tip",
											"from": [ 0.5, 0.125, 0.125 ],
											"to": [ 0.625, 0.375, 0.375 ],
											"rotationOrigin": [ 0.5, 0.125, 0.125 ],
											"faces": {
												"north": { "texture": "#ocoteabullata", "uv": [ 1.0, 3.0, 1.5, 4.0 ], "autoUv": false },
												"east": { "texture": "#ocoteabullata", "uv": [ 0.5, 3.0, 1.5, 4.0 ], "autoUv": false },
												"south": { "texture": "#ocoteabullata", "uv": [ 0.5, 2.5, 1.0, 3.5 ], "autoUv": false },
												"up": { "texture": "#ocoteabullata", "uv": [ 0.0, 2.5, 0.5, 3.5 ], "autoUv": false },
												"down": { "texture": "#ocoteabullata", "uv": [ 1.0, 2.5, 1.5, 3.5 ], "autoUv": false }
											}
										},
										{
											"name": "Cap",
											"from": [ -0.225, -0.025, -0.025 ],
											"to": [ 0.025, 0.525, 0.525 ],
											"rotationOrigin": [ -0.225, -0.025, -0.025 ],
											"faces": {
												"north": { "texture": "#ocoteabullata", "uv": [ 2.0, 0.0, 4.0, 1.0 ], "rotation": 90, "autoUv": false },
												"east": { "texture": "#ocoteabullata", "uv": [ 0.0, 0.0, 2.0, 2.0 ], "autoUv": false },
												"south": { "texture": "#ocoteabullata", "uv": [ 2.0, 0.0, 4.0, 1.0 ], "rotation": 270, "autoUv": false },
												"west": { "texture": "#ocoteabullata", "uv": [ 0.0, 0.0, 2.0, 2.0 ], "autoUv": false },
												"up": { "texture": "#ocoteabullata", "uv": [ 2.0, 0.0, 4.0, 1.0 ], "rotation": 270, "autoUv": false },
												"down": { "texture": "#ocoteabullata", "uv": [ 2.0, 0.0, 4.0, 1.0 ], "rotation": 90, "autoUv": false }
											},
											"children": [
												{
													"name": "Stem",
													"from": [ -0.5, 0.05, 0.15 ],
													"to": [ 0.0, 0.3, 0.4 ],
													"rotationOrigin": [ 0.0, 0.05, 0.15 ],
													"rotationX": 1.0,
													"rotationZ": -10.0,
													"faces": {
														"north": { "texture": "#ocoteabullata", "uv": [ 2.0, 2.5, 4.0, 3.5 ], "autoUv": false },
														"south": { "texture": "#ocoteabullata", "uv": [ 2.0, 2.0, 4.0, 3.0 ], "autoUv": false },
														"west": { "texture": "#ocoteabullata", "uv": [ 2.0, 2.0, 3.0, 3.0 ], "autoUv": false },
														"down": { "texture": "#ocoteabullata", "uv": [ 2.0, 2.5, 4.0, 3.5 ], "autoUv": false }
													},
													"children": [
														{
															"name": "Stem tip",
															"from": [ -0.5, 0.05, 0.025 ],
															"to": [ 0.0, 0.25, 0.225 ],
															"rotationOrigin": [ 0.0, 0.05, 0.025 ],
															"faces": {
																"north": { "texture": "#ocoteabullata", "uv": [ 2.0, 2.5, 4.0, 3.0 ], "autoUv": false },
																"south": { "texture": "#ocoteabullata", "uv": [ 2.0, 3.0, 4.0, 3.5 ], "autoUv": false },
																"west": { "texture": "#ocoteabullata", "uv": [ 2.5, 2.5, 3.0, 3.0 ], "autoUv": false },
																"up": { "texture": "#ocoteabullata", "uv": [ 2.0, 2.5, 4.0, 3.0 ], "autoUv": false },
																"down": { "texture": "#ocoteabullata", "uv": [ 2.0, 3.0, 4.0, 3.5 ], "autoUv": false }
															}
														}
													]
												},
												{
													"name": "Stem2",
													"from": [ -0.5, 0.275, 0.15 ],
													"to": [ 0.0, 0.525, 0.4 ],
													"rotationOrigin": [ 0.0, 0.525, 0.15 ],
													"rotationX": 1.0,
													"rotationZ": 10.0,
													"faces": {
														"north": { "texture": "#ocoteabullata", "uv": [ 2.0, 2.5, 4.0, 3.5 ], "autoUv": false },
														"south": { "texture": "#ocoteabullata", "uv": [ 2.0, 2.5, 4.0, 3.5 ], "autoUv": false },
														"west": { "texture": "#ocoteabullata", "uv": [ 2.0, 3.0, 3.0, 4.0 ], "autoUv": false },
														"up": { "texture": "#ocoteabullata", "uv": [ 2.0, 2.5, 4.0, 3.5 ], "autoUv": false }
													}
												},
												{
													"name": "Stem3",
													"from": [ -0.5, 0.15, 0.05 ],
													"to": [ 0.0, 0.4, 0.3 ],
													"rotationOrigin": [ 0.0, 0.15, 0.05 ],
													"rotationX": 1.0,
													"rotationY": 10.0,
													"faces": {
														"north": { "texture": "#ocoteabullata", "uv": [ 2.0, 2.5, 4.0, 3.5 ], "autoUv": false },
														"west": { "texture": "#ocoteabullata", "uv": [ 2.5, 2.0, 3.5, 3.0 ], "autoUv": false },
														"up": { "texture": "#ocoteabullata", "uv": [ 2.0, 3.0, 4.0, 4.0 ], "autoUv": false },
														"down": { "texture": "#ocoteabullata", "uv": [ 2.0, 2.5, 4.0, 3.5 ], "autoUv": false }
													}
												},
												{
													"name": "Stem4",
													"from": [ -0.5, 0.15, 0.25 ],
													"to": [ 0.0, 0.4, 0.5 ],
													"rotationOrigin": [ 0.0, 0.15, 0.5 ],
													"rotationX": 1.0,
													"rotationY": -10.0,
													"faces": {
														"south": { "texture": "#ocoteabullata", "uv": [ 2.0, 2.5, 4.0, 3.5 ], "autoUv": false },
														"west": { "texture": "#ocoteabullata", "uv": [ 2.5, 3.0, 3.5, 4.0 ], "autoUv": false },
														"up": { "texture": "#ocoteabullata", "uv": [ 2.0, 2.5, 4.0, 3.5 ], "autoUv": false },
														"down": { "texture": "#ocoteabullata", "uv": [ 2.0, 2.5, 4.0, 3.5 ], "autoUv": false }
													}
												}
											]
										}
									]
								}
							]
						}
					]
				}
			]
		}
	]}