{
	"editor": {
		"allAngles": true,
		"entityTextureMode": true
	},
	"textureWidth": 48,
	"textureHeight": 48,
	"textureSizes": {
		"skin": [48,48]
	},
	"textures": {
	},
	"elements": [
		{
			"name": "Hip point",
			"from": [ 14.0, 8.0, 8.0 ],
			"to": [ 14.0, 8.0, 8.0 ],
			"uv": [ 1.0, 1.0 ],
			"rotationOrigin": [ 14.0, 8.0, 8.0 ],
			"faces": {
			},
			"children": [
				{
					"name": "Hip",
					"from": [ -2.0, -8.1, -3.0 ],
					"to": [ 2.5, -7.1, 3.0 ],
					"unwrapMode": 7,
					"unwrapRotation": 1,
					"autoUnwrap": false,
					"uv": [ 6.0, 20.0 ],
					"rotationOrigin": [ 2.0, -6.6, 0.0 ],
					"rotationZ": -1.0,
					"faces": {
						"north": { "texture": "#skin", "uv": [ 13.0, 22.0, 14.0, 26.5 ], "rotation": 90 },
						"east": { "texture": "#skin", "uv": [ 7.0, 26.5, 13.0, 27.5 ], "windMode": [-1,-1,-1,-1] },
						"south": { "texture": "#skin", "uv": [ 6.0, 22.0, 7.0, 26.5 ], "rotation": 270 },
						"up": { "texture": "#skin", "uv": [ 7.0, 22.0, 13.0, 26.5 ], "rotation": 270 },
						"down": { "texture": "#skin", "uv": [ 17.5, 22.0, 23.5, 26.5 ], "rotation": 90 }
					},
					"children": [
						{
							"name": "Body",
							"from": [ -6.0, 0.1, -0.1 ],
							"to": [ 0.0, 1.1, 6.1 ],
							"unwrapMode": 7,
							"unwrapRotation": 1,
							"autoUnwrap": false,
							"uv": [ 1.0, 9.5 ],
							"rotationOrigin": [ 0.0, 1.1, 3.0 ],
							"rotationZ": 1.0,
							"faces": {
								"north": { "texture": "#skin", "uv": [ 13.0, 15.5, 14.0, 21.5 ], "rotation": 90 },
								"east": { "texture": "#skin", "uv": [ 17.5, 27.5, 23.5, 28.5 ] },
								"south": { "texture": "#skin", "uv": [ 6.0, 15.5, 7.0, 21.5 ], "rotation": 270 },
								"west": { "texture": "#skin", "uv": [ 24.0, 27.5, 30.0, 28.5 ] },
								"up": { "texture": "#skin", "uv": [ 7.0, 15.5, 13.0, 21.5 ], "rotation": 270 },
								"down": { "texture": "#skin", "uv": [ 19.0, 15.5, 25.0, 21.5 ], "rotation": 90 }
							},
							"children": [
								{
									"name": "Body2",
									"from": [ -5.0, 0.1, 0.1 ],
									"to": [ 0.2, 1.1, 6.1 ],
									"unwrapMode": 7,
									"unwrapRotation": 1,
									"autoUnwrap": false,
									"uv": [ 1.5, 4.5 ],
									"rotationOrigin": [ 0.0, 0.6, 3.1 ],
									"rotationZ": 1.0,
									"faces": {
										"north": { "texture": "#skin", "uv": [ 13.0, 10.0, 14.0, 15.0 ], "rotation": 90 },
										"east": { "texture": "#skin", "uv": [ 17.5, 34.5, 23.5, 35.5 ], "windMode": [-1,-1,-1,-1] },
										"south": { "texture": "#skin", "uv": [ 6.0, 10.0, 7.0, 15.0 ], "rotation": 270 },
										"west": { "texture": "#skin", "uv": [ 24.0, 34.5, 30.0, 35.5 ] },
										"up": { "texture": "#skin", "uv": [ 7.0, 10.0, 13.0, 15.0 ], "rotation": 270 },
										"down": { "texture": "#skin", "uv": [ 18.5, 10.0, 24.5, 15.0 ], "rotation": 90 }
									},
									"children": [
										{
											"name": "Neck1",
											"from": [ -1.0, 0.0, 1.0 ],
											"to": [ 1.4, 1.0, 5.0 ],
											"unwrapMode": 7,
											"unwrapRotation": 1,
											"autoUnwrap": false,
											"uv": [ 3.5, 3.0 ],
											"rotationOrigin": [ 0.6, 0.0, 3.0 ],
											"rotationZ": 1.0,
											"faces": {
												"north": { "texture": "#skin", "uv": [ 12.0, 7.5, 13.0, 9.5 ], "rotation": 90 },
												"south": { "texture": "#skin", "uv": [ 7.0, 7.5, 8.0, 9.5 ], "rotation": 270 },
												"west": { "texture": "#skin", "uv": [ 24.5, 22.5, 28.5, 23.5 ] },
												"up": { "texture": "#skin", "uv": [ 8.0, 7.5, 12.0, 9.5 ], "rotation": 270 },
												"down": { "texture": "#skin", "uv": [ 16.5, 7.5, 20.5, 9.5 ], "rotation": 90 }
											},
											"children": [
												{
													"name": "Neck2",
													"from": [ -0.8, 0.0, 0.5 ],
													"to": [ 0.7, 1.0, 3.5 ],
													"unwrapMode": 7,
													"unwrapRotation": 1,
													"autoUnwrap": false,
													"uv": [ 4.0, 1.0 ],
													"rotationOrigin": [ 0.6, 0.7, 2.0 ],
													"rotationZ": -1.0,
													"faces": {
														"north": { "texture": "#skin", "uv": [ 11.5, 5.5, 12.5, 7.0 ], "rotation": 90 },
														"east": { "texture": "#skin", "uv": [ 21.5, 4.5, 24.5, 5.5 ] },
														"south": { "texture": "#skin", "uv": [ 7.5, 5.5, 8.5, 7.0 ], "rotation": 270 },
														"west": { "texture": "#skin", "uv": [ 8.5, 4.5, 11.5, 5.5 ], "rotation": 180 },
														"up": { "texture": "#skin", "uv": [ 8.5, 5.5, 11.5, 7.0 ], "rotation": 270 },
														"down": { "texture": "#skin", "uv": [ 15.5, 5.5, 18.5, 7.0 ], "rotation": 90 }
													},
													"attachmentpoints": [
														{
															"code": "rope",
															"posX": "1.0","posY": "0.0","posZ": "1.5",
															"rotationX": "0.0","rotationY": "0.0","rotationZ": "0.0"
														}
													]
												}
											]
										},
										{
											"name": "R Shoulder",
											"from": [ 0.3, -0.8, 0.3 ],
											"to": [ 2.8, 0.2, 1.7 ],
											"unwrapMode": 1,
											"unwrapRotation": 1,
											"autoUnwrap": false,
											"uv": [ 41.5, 17.0 ],
											"rotationOrigin": [ 2.8, 0.2, 1.0 ],
											"rotationX": 90.0,
											"faces": {
												"north": { "texture": "#skin", "uv": [ 41.5, 18.0, 42.5, 20.5 ], "rotation": 90 },
												"east": { "texture": "#skin", "uv": [ 41.5, 20.5, 42.5, 21.5 ], "rotation": 90 },
												"west": { "texture": "#skin", "uv": [ 41.5, 17.0, 42.5, 18.0 ], "rotation": 90 },
												"up": { "texture": "#skin", "uv": [ 42.5, 18.0, 43.5, 20.5 ], "rotation": 270, "windMode": [-1,-1,-1,-1] }
											},
											"children": [
												{
													"name": "R Arm",
													"from": [ 0.0, -2.7, -0.1 ],
													"to": [ 2.0, 1.0, 1.5 ],
													"unwrapMode": 1,
													"uv": [ 37.5, 20.5 ],
													"rotationOrigin": [ 0.0, 1.0, 0.7 ],
													"rotationY": -1.0,
													"rotationZ": 50.0,
													"faces": {
														"north": { "texture": "#skin", "uv": [ 39.0, 22.0, 41.0, 25.5 ] },
														"east": { "texture": "#skin", "uv": [ 37.5, 22.0, 39.0, 25.5 ] },
														"south": { "texture": "#skin", "uv": [ 42.5, 22.0, 44.5, 25.5 ] },
														"west": { "texture": "#skin", "uv": [ 41.0, 22.0, 42.5, 25.5 ] },
														"up": { "texture": "#skin", "uv": [ 39.0, 20.5, 41.0, 22.0 ], "rotation": 180 },
														"down": { "texture": "#skin", "uv": [ 39.0, 25.5, 41.0, 27.0 ] }
													}
												}
											]
										},
										{
											"name": "L Shoulder",
											"from": [ 0.3, -0.8, 4.3 ],
											"to": [ 2.8, 0.2, 5.7 ],
											"unwrapMode": 3,
											"unwrapRotation": 1,
											"autoUnwrap": false,
											"uv": [ 33.5, 17.0 ],
											"rotationOrigin": [ 2.8, 0.2, 5.0 ],
											"rotationX": -90.0,
											"faces": {
												"east": { "texture": "#skin", "uv": [ 33.5, 17.0, 34.5, 18.0 ], "rotation": 90 },
												"south": { "texture": "#skin", "uv": [ 33.5, 18.0, 34.5, 20.5 ], "rotation": 90 },
												"west": { "texture": "#skin", "uv": [ 33.5, 20.5, 34.5, 21.5 ], "rotation": 90 },
												"up": { "texture": "#skin", "uv": [ 34.5, 18.0, 35.5, 20.5 ], "rotation": 90, "windMode": [-1,-1,-1,-1] }
											},
											"children": [
												{
													"name": "L Arm",
													"from": [ 0.0, -2.7, -0.1 ],
													"to": [ 2.0, 1.0, 1.5 ],
													"unwrapMode": 3,
													"uv": [ 29.5, 20.5 ],
													"rotationOrigin": [ 0.0, 1.0, 0.7 ],
													"rotationY": 1.0,
													"rotationZ": 50.0,
													"faces": {
														"north": { "texture": "#skin", "uv": [ 34.5, 22.0, 36.5, 25.5 ] },
														"east": { "texture": "#skin", "uv": [ 33.0, 22.0, 34.5, 25.5 ] },
														"south": { "texture": "#skin", "uv": [ 31.0, 22.0, 33.0, 25.5 ] },
														"west": { "texture": "#skin", "uv": [ 29.5, 22.0, 31.0, 25.5 ] },
														"up": { "texture": "#skin", "uv": [ 31.0, 20.5, 33.0, 22.0 ] },
														"down": { "texture": "#skin", "uv": [ 31.0, 25.5, 33.0, 27.0 ], "rotation": 180 }
													}
												}
											]
										}
									]
								}
							]
						},
						{
							"name": "Tail01",
							"from": [ 4.1, 0.0, 2.5 ],
							"to": [ 5.4, 1.0, 3.5 ],
							"unwrapMode": 7,
							"uv": [ 2.0, 27.5 ],
							"rotationOrigin": [ 4.4, 1.0, 3.0 ],
							"rotationZ": 1.0,
							"faces": {
								"north": { "texture": "#skin", "uv": [ 4.0, 27.5, 5.0, 28.5 ] },
								"east": { "texture": "#skin", "uv": [ 3.0, 28.5, 4.0, 29.5 ], "rotation": 270, "windMode": [-1,-1,-1,-1] },
								"south": { "texture": "#skin", "uv": [ 2.0, 27.5, 3.0, 28.5 ], "rotation": 180 },
								"up": { "texture": "#skin", "uv": [ 3.0, 27.5, 4.0, 28.5 ], "rotation": 180 },
								"down": { "texture": "#skin", "uv": [ 5.0, 27.5, 6.0, 28.5 ] }
							}
						},
						{
							"name": "R Thigh",
							"from": [ 2.0, -2.6, -0.1 ],
							"to": [ 4.0, 0.9, 0.9 ],
							"unwrapMode": 1,
							"uv": [ 35.5, 2.0 ],
							"rotationOrigin": [ 3.0, 0.4, 0.4 ],
							"rotationX": 88.0,
							"rotationZ": 53.0,
							"faces": {
								"north": { "texture": "#skin", "uv": [ 36.5, 3.0, 38.5, 6.5 ] },
								"east": { "texture": "#skin", "uv": [ 35.5, 3.0, 36.5, 6.5 ] },
								"south": { "texture": "#skin", "uv": [ 39.5, 3.0, 41.5, 6.5 ] },
								"west": { "texture": "#skin", "uv": [ 38.5, 3.0, 39.5, 6.5 ] },
								"up": { "texture": "#skin", "uv": [ 36.5, 2.0, 38.5, 3.0 ], "rotation": 180 },
								"down": { "texture": "#skin", "uv": [ 36.5, 6.5, 38.5, 7.5 ] }
							}
						},
						{
							"name": "L Thigh",
							"from": [ 2.0, -2.6, 5.1 ],
							"to": [ 4.0, 0.9, 6.1 ],
							"unwrapMode": 3,
							"uv": [ 26.5, 2.0 ],
							"rotationOrigin": [ 3.0, 0.4, 5.6 ],
							"rotationX": -89.0,
							"rotationZ": 53.0,
							"faces": {
								"north": { "texture": "#skin", "uv": [ 30.5, 3.0, 32.5, 6.5 ] },
								"east": { "texture": "#skin", "uv": [ 29.5, 3.0, 30.5, 6.5 ] },
								"south": { "texture": "#skin", "uv": [ 27.5, 3.0, 29.5, 6.5 ] },
								"west": { "texture": "#skin", "uv": [ 26.5, 3.0, 27.5, 6.5 ] },
								"up": { "texture": "#skin", "uv": [ 27.5, 2.0, 29.5, 3.0 ] },
								"down": { "texture": "#skin", "uv": [ 27.5, 6.5, 29.5, 7.5 ], "rotation": 180 }
							}
						},
						{
							"name": "Butt fuzz",
							"from": [ 4.5, 0.0, -0.1 ],
							"to": [ 6.5, 1.0, 6.1 ],
							"unwrapMode": 7,
							"unwrapRotation": 1,
							"uv": [ 6.0, 31.5 ],
							"rotationOrigin": [ 4.5, 0.5, -0.1 ],
							"rotationZ": 1.0,
							"faces": {
								"north": { "texture": "#skin", "uv": [ 13.0, 31.5, 14.0, 33.5 ], "rotation": 90 },
								"south": { "texture": "#skin", "uv": [ 6.0, 31.5, 7.0, 33.5 ], "rotation": 270 },
								"up": { "texture": "#skin", "uv": [ 7.0, 31.5, 13.0, 33.5 ], "rotation": 270 }
							}
						}
					]
				}
			],
			"attachmentpoints": [
				{
					"code": "center",
					"posX": "-6.0","posY": "-3.0","posZ": "0.0",
					"rotationX": "0.0","rotationY": "0.0","rotationZ": "0.0"
				}
			]
		}
	]}