[
  {
    "op": "addmerge",
    "path": "/variantgroups/0/states/11",
    "value": "amber",
    "file": "game:itemtypes/liquid/dye.json",
    "side": "Server"
  },
  {
    "op": "addmerge",
    "path": "/variantgroups/0/states/12",
    "value": "brown",
    "file": "game:itemtypes/liquid/dye.json",
    "side": "Server"
  },
  {
    "op": "addmerge",
    "path": "/variantgroups/0/states/12",
    "value": "brownlight",
    "file": "game:itemtypes/liquid/dye.json",
    "side": "Server"
  },
  {
    "op": "addmerge",
    "path": "/variantgroups/0/states/12",
    "value": "browndark",
    "file": "game:itemtypes/liquid/dye.json",
    "side": "Server"
  },
  {
    "op": "addmerge",
    "path": "/variantgroups/0/states/13",
    "value": "chartreuse",
    "file": "game:itemtypes/liquid/dye.json",
    "side": "Server"
  },
  {
    "op": "addmerge",
    "path": "/variantgroups/0/states/14",
    "value": "cyan",
    "file": "game:itemtypes/liquid/dye.json",
    "side": "Server"
  },
  {
    "op": "addmerge",
    "path": "/variantgroups/0/states/15",
    "value": "indigo",
    "file": "game:itemtypes/liquid/dye.json",
    "side": "Server"
  },
  {
    "op": "addmerge",
    "path": "/variantgroups/0/states/16",
    "value": "magenta",
    "file": "game:itemtypes/liquid/dye.json",
    "side": "Server"
  },
  {
    "op": "addmerge",
    "path": "/variantgroups/0/states/17",
    "value": "vermilion",
    "file": "game:itemtypes/liquid/dye.json",
    "side": "Server"
  }
]