[
	{
	"ingredientPattern": "CLP,BWF,CLP",
	"ingredients": {
                "C": { "type": "item", "code": "em:crushed-ore-corundum" },
                "P": { "type": "item", "code": "em:powdered-ore-corundum" },
                "B": { "type": "item", "code": "game:beeswax" },
                "F": { "type": "item", "code": "game:fat" },
                "L": { "type": "item", "code": "game:leather-normal-plain" },
                "W": { "type": "item", "code": "wildcrafttree:plank-*", "name": "wood",
			"allowedVariants": [ "banyan", "bearnut", "beech", "bluemahoe", "catalpa", "cedar", "chlorociboria", "dalbergia", "douglasfir", "elm", "empresstree", "eucalyptus", "ghostgum", "ginkgo", "guajacum", "honeylocust", "jacaranda", "kauri", "mahogany", "ohia", "poplar", "redcedar", "sal", "satinash", "saxaul", "spruce", "sycamore", "tuja", "umnini", "willow", "yew" ] }
        },
	"width": 3,
        "height": 3,
        "output": { "type": "item", "code": "bricklayers:polishingset-{wood}" }
	}
]
