[
{"ingredientPattern": "LK","ingredients": {"K": { "type": "item", "code": "game:knife-*", "isTool": true },"L": { "type": "item", "code": "iniidae:pelt-*", "allowedVariants": ["baby-lipotesvexillifer"] }},"width": 2,"height": 1,"output": { "type": "item", "code": "game:hide-raw-medium", "quantity": 1  }},

{"ingredientPattern": "LK","ingredients": {"K": { "type": "item", "code": "game:knife-*", "isTool": true },"L": { "type": "item", "code": "iniidae:pelt-*", "allowedVariants": ["female-lipotesvexillifer","male-lipotesvexillifer"] }},"width": 2,"height": 1,"output": { "type": "item", "code": "game:hide-raw-large", "quantity": 2  }}
]