{
    "alwaysUseDefaultConfig": true,
    "mustBeBelowHpInPercent": 0.5,
    "smallCatchableEntities": [
        {
            "name": "*-baby*",
            "scale": 0.85
        },
        {
            "name": "*-calf*",
            "scale": 0.85
        },
        {
            "name": "*-pup*",
            "scale": 0.85
        },
        {
            "name": "*-lamb*",
            "scale": 0.85
        },
        {
            "name": "*-chick*",
            "scale": 0.85
        },
        {
            "name": "*-piglet*",
            "scale": 0.85
        },
        {
            "name": "*-cub*",
            "scale": 0.85
        },
        {
            "name": "chicken-*",
            "scale": 1.0
        },
        {
            "name": "capercaillie-*",
            "scale": 1.0
        },
        {
            "name": "goldenpheasant-*",
            "scale": 1.0
        },
        {
            "name": "pheasant-*",
            "scale": 1.0
        },
        {
            "name": "wildturkey-*",
            "scale": 1.0
        },
        {
            "name": "hare-*",
            "scale": 1.0
        },
        {
            "name": "raccoon-*",
            "scale": 1.0
        },
        {
            "name": "cat-*",
            "scale": 1.0
        }
    ],
    "mediumCatchableEntities": [
        {
            "name": "*-adult*",
            "scale": 0.85
        },
        {
            "name": "*-juvenile*",
            "scale": 0.85
        },
        {
            "name": "*-adolescent*",
            "scale": 0.85
        },
        {
            "name": "dog-*",
            "scale": 1.0
        }
    ]
}