{
	"editor": {
		"allAngles": false,
		"entityTextureMode": false
	},
	"textureWidth": 32,
	"textureHeight": 32,
	"textureSizes": {
		"smallleaves": [16,16],
		"largeleaves": [32,32],
		"branch": [16,16]
	},
	"textures": {
	},
	"elements": [
		{
			"name": "Cube1",
			"from": [ 0.0, 3.0, 0.0 ],
			"to": [ 16.0, 3.0, 16.0 ],
			"shade": false,			"gradientShade": true,
			"gradientShade": true,
			"climateColorMap": "climatePlantTint",
			"seasonColorMap": "seasonalNeedles",
			"renderPass": 1,
			"rotationOrigin": [ 0.0, 3.0, 0.0 ],
			"faces": {
				"up": { "texture": "#smallleaves", "uv": [ 0.0, 0.0, 16.0, 16.0 ], "windMode": [-1,-1,-1,-1] }
			},
			"children": [
				{
					"name": "Cube6",
					"from": [ -8.0, -11.0, 8.0 ],
					"to": [ 24.0, 21.0, 8.0 ],
					"shade": false,					"gradientShade": true,
					"gradientShade": true,
					"climateColorMap": "climatePlantTint",
					"seasonColorMap": "seasonalNeedles",
					"rotationOrigin": [ 8.0, 5.0, 8.0 ],
					"rotationX": 0.57,
					"rotationY": -112.5,
					"rotationZ": -0.32,
					"faces": {
						"south": { "texture": "#largeleaves", "uv": [ 0.0, 0.0, 32.0, 32.0 ] }
					},
					"children": [
						{
							"name": "Cube2",
							"from": [ 6.0, 13.0, 0.0 ],
							"to": [ 22.0, 13.0, 16.0 ],
							"shade": false,
							"climateColorMap": "climatePlantTint",
							"seasonColorMap": "seasonalNeedles",
							"renderPass": 1,
							"rotationOrigin": [ 6.0, 13.0, 0.0 ],
							"rotationY": 45.0,
							"faces": {
								"up": { "texture": "#smallleaves", "uv": [ 0.0, 0.0, 16.0, 16.0 ] }
							}
						}
					]
				},
				{
					"name": "Cube7",
					"from": [ -8.0, -11.0, 8.0 ],
					"to": [ 24.0, 21.0, 8.0 ],
					"shade": false,					"gradientShade": true,
					"gradientShade": true,
					"climateColorMap": "climatePlantTint",
					"seasonColorMap": "seasonalNeedles",
					"rotationOrigin": [ 8.0, 5.0, 8.0 ],
					"rotationX": 0.21,
					"rotationY": -22.5,
					"rotationZ": -0.63,
					"faces": {
						"south": { "texture": "#largeleaves", "uv": [ 0.0, 0.0, 32.0, 32.0 ] }
					},
					"children": [
						{
							"name": "Cube3",
							"from": [ 6.0, 12.0, 0.0 ],
							"to": [ 22.0, 12.0, 16.0 ],
							"shade": false,
							"climateColorMap": "climatePlantTint",
							"seasonColorMap": "seasonalNeedles",
							"renderPass": 1,
							"rotationOrigin": [ 6.0, 12.0, 0.0 ],
							"rotationY": 45.0,
							"faces": {
								"up": { "texture": "#smallleaves", "uv": [ 0.0, 0.0, 16.0, 16.0 ] }
							}
						}
					]
				}
			]
		}
	]}