[
	{
		"dependsOn": [
			{ "modid": "usefultraders" }
		],
		"file": "game:entities/humanoid/usefultrader-forester.json",
		"op": "addmerge",
		"path": "/attributes/tradeProps/selling/list",
		"value": [
			{
				"code": "floralzonescaribbeanregion:treeseed-lysilomalatisiliquum",
				"type": "item",
				"stacksize": 2,
				"stock": {
					"avg": 4,
					"var": 1
				},
				"price": {
					"avg": 4,
					"var": 1
				}
			},
			{
				"code": "floralzonescaribbeanregion:treeseed-quercuscostaricensis",
				"type": "item",
				"stacksize": 2,
				"stock": {
					"avg": 4,
					"var": 1
				},
				"price": {
					"avg": 4,
					"var": 1
				}
			},
			{
				"code": "floralzonescaribbeanregion:treeseed-roystonearegia",
				"type": "item",
				"stacksize": 2,
				"stock": {
					"avg": 2,
					"var": 1
				},
				"price": {
					"avg": 8,
					"var": 1
				}
			},
			{
				"code": "floralzonescaribbeanregion:treeseed-sabalpalmetto",
				"type": "item",
				"stacksize": 2,
				"stock": {
					"avg": 4,
					"var": 1
				},
				"price": {
					"avg": 8,
					"var": 1
				}
			},
			{
				"code": "floralzonescaribbeanregion:smallberrybush-monsteradeliciosa-empty",
				"type": "block",
				"stacksize": 2,
				"stock": {
					"avg": 4,
					"var": 1
				},
				"price": {
					"avg": 8,
					"var": 1
				}
			},
			{
				"code": "floralzonescaribbeanregion:smallberrybush-selenicereuscostaricensis-empty",
				"type": "block",
				"stacksize": 2,
				"stock": {
					"avg": 4,
					"var": 1
				},
				"price": {
					"avg": 6,
					"var": 1
				}
			},
			{
				"code": "floralzonescaribbeanregion:tallplant-xanthosomasagittifolium-land-harvested-free",
				"type": "block",
				"stacksize": 2,
				"stock": {
					"avg": 2,
					"var": 0
				},
				"price": {
					"avg": 6,
					"var": 1
				}
			}
		]
	}
]