{
	"editor": {
		"collapsedPaths": ",Root/Web9,Root/origin 1/centerd,Root/origin 1,Root/origin 3c,Root/origin,Root/origin 2,Root/Web5",
		"allAngles": false,
		"entityTextureMode": false
	},
	"textureWidth": 16,
	"textureHeight": 16,
	"textureSizes": {
		"normal4": [16,16],
		"thorns": [16,16]
	},
	"textures": {
	},
	"elements": [
		{
			"name": "node",
			"from": [ 0.0, 0.0, 0.0 ],
			"to": [ 0.75, 0.75, 0.75 ],
			"faces": {
				"north": { "texture": "#null", "uv": [ 0.0, 0.0, 1.0, 1.0 ], "autoUv": false, "enabled": false },
				"east": { "texture": "#null", "uv": [ 0.0, 0.0, 1.0, 1.0 ], "autoUv": false, "windMode": [-1,-1,-1,-1], "enabled": false },
				"south": { "texture": "#null", "uv": [ 0.0, 0.0, 1.0, 1.0 ], "autoUv": false, "windMode": [-1,-1,-1,-1], "enabled": false },
				"west": { "texture": "#null", "uv": [ 0.0, 0.0, 1.0, 1.0 ], "autoUv": false, "windMode": [-1,-1,-1,-1], "enabled": false },
				"up": { "texture": "#null", "uv": [ 0.0, 0.0, 1.0, 1.0 ], "autoUv": false, "windMode": [-1,-1,-1,-1], "enabled": false },
				"down": { "texture": "#null", "uv": [ 0.0, 0.0, 1.0, 1.0 ], "autoUv": false, "windMode": [-1,-1,-1,-1], "enabled": false }
			},
			"children": [
				{
					"name": "origin",
					"from": [ 10.5, 0.0, 2.25 ],
					"to": [ 10.5, 0.0, 2.25 ],
					"rotationOrigin": [ 10.5, 0.0, 2.25 ],
					"rotationY": -16.0,
					"faces": {
						"north": { "texture": "#null", "uv": [ 0.0, 0.0, 0.5, 0.5 ], "autoUv": false, "enabled": false },
						"east": { "texture": "#null", "uv": [ 0.0, 0.0, 0.5, 0.5 ], "autoUv": false, "enabled": false },
						"south": { "texture": "#null", "uv": [ 0.0, 0.0, 0.5, 0.5 ], "autoUv": false, "enabled": false },
						"west": { "texture": "#null", "uv": [ 0.0, 0.0, 0.5, 0.5 ], "autoUv": false, "enabled": false },
						"up": { "texture": "#null", "uv": [ 0.0, 0.0, 0.5, 0.5 ], "autoUv": false, "enabled": false },
						"down": { "texture": "#null", "uv": [ 0.0, 0.0, 0.5, 0.5 ], "autoUv": false, "enabled": false }
					},
					"children": [
						{
							"name": "spike1",
							"from": [ -2.25, -0.675, 3.75 ],
							"to": [ 0.75, 7.575, 6.75 ],
							"rotationOrigin": [ -1.5, -0.675, 4.5 ],
							"rotationX": -39.0,
							"rotationZ": -17.0,
							"faces": {
								"north": { "texture": "#thorns", "uv": [ 7.5, 1.0, 11.5, 12.0 ], "autoUv": false },
								"east": { "texture": "#thorns", "uv": [ 6.0, 2.5, 10.0, 13.5 ], "autoUv": false },
								"south": { "texture": "#thorns", "uv": [ 6.0, 1.0, 10.0, 12.0 ], "autoUv": false },
								"west": { "texture": "#thorns", "uv": [ 6.0, 4.0, 10.0, 15.0 ], "autoUv": false },
								"up": { "texture": "#thorns", "uv": [ 4.5, 1.5, 8.5, 5.5 ], "autoUv": false },
								"down": { "texture": "#thorns", "uv": [ 10.5, 10.0, 14.5, 14.0 ], "autoUv": false }
							},
							"children": [
								{
									"name": "Cube2",
									"from": [ 0.225, 7.725, 0.375 ],
									"to": [ 2.85, 12.975, 3.0 ],
									"rotationOrigin": [ 0.7875, 8.1, 0.8625 ],
									"rotationX": 6.0,
									"rotationZ": -14.0,
									"faces": {
										"north": { "texture": "#thorns", "uv": [ 11.0, 2.0, 14.5, 9.0 ], "autoUv": false },
										"east": { "texture": "#thorns", "uv": [ 1.5, 6.0, 5.0, 13.0 ], "autoUv": false },
										"south": { "texture": "#thorns", "uv": [ 5.0, 2.0, 8.5, 9.0 ], "autoUv": false },
										"west": { "texture": "#thorns", "uv": [ 4.5, 1.5, 8.0, 8.5 ], "autoUv": false },
										"up": { "texture": "#thorns", "uv": [ 9.0, 9.0, 12.5, 12.5 ], "autoUv": false },
										"down": { "texture": "#null", "uv": [ 0.0, 0.0, 3.5, 3.5 ], "autoUv": false, "enabled": false }
									},
									"children": [
										{
											"name": "Cube3",
											"from": [ 0.3, 5.025, 0.15 ],
											"to": [ 2.55, 15.525, 2.4 ],
											"rotationOrigin": [ 0.675, 5.25, 0.525 ],
											"rotationZ": 17.0,
											"faces": {
												"north": { "texture": "#thorns", "uv": [ 11.0, 1.0, 14.0, 15.0 ], "autoUv": false },
												"east": { "texture": "#thorns", "uv": [ 10.0, 1.5, 13.0, 15.5 ], "autoUv": false },
												"south": { "texture": "#thorns", "uv": [ 5.5, 1.5, 8.5, 15.5 ], "autoUv": false },
												"west": { "texture": "#thorns", "uv": [ 4.5, 0.5, 7.5, 14.5 ], "autoUv": false },
												"up": { "texture": "#thorns", "uv": [ 4.0, 10.5, 7.0, 13.5 ], "autoUv": false },
												"down": { "texture": "#null", "uv": [ 0.0, 0.0, 3.0, 3.0 ], "autoUv": false, "enabled": false }
											}
										},
										{
											"name": "thorn3",
											"from": [ 0.375, 3.0, 0.0 ],
											"to": [ 2.625, 6.75, 2.25 ],
											"rotationOrigin": [ 0.75, 3.0, 0.375 ],
											"rotationX": -28.0,
											"rotationY": 6.0,
											"rotationZ": -14.0,
											"faces": {
												"north": { "texture": "#thorns", "uv": [ 12.5, 6.0, 15.5, 11.0 ], "autoUv": false },
												"east": { "texture": "#thorns", "uv": [ 9.5, 5.5, 12.5, 10.5 ], "autoUv": false },
												"south": { "texture": "#thorns", "uv": [ 4.0, 3.0, 7.0, 8.0 ], "autoUv": false },
												"west": { "texture": "#thorns", "uv": [ 0.0, 4.5, 3.0, 9.5 ], "autoUv": false },
												"up": { "texture": "#thorns", "uv": [ 11.0, 6.5, 14.0, 9.5 ], "autoUv": false },
												"down": { "texture": "#null", "uv": [ 0.0, 0.0, 3.0, 3.0 ], "autoUv": false, "enabled": false }
											}
										}
									]
								},
								{
									"name": "thorn1",
									"from": [ 0.675, 4.5, 0.0 ],
									"to": [ 2.175, 10.5, 1.5 ],
									"rotationOrigin": [ 1.05, 4.5, 0.375 ],
									"rotationY": -53.0,
									"rotationZ": 36.0,
									"faces": {
										"north": { "texture": "#thorns", "uv": [ 12.5, 6.5, 14.5, 14.5 ], "autoUv": false },
										"east": { "texture": "#thorns", "uv": [ 8.5, 4.0, 10.5, 12.0 ], "autoUv": false },
										"south": { "texture": "#thorns", "uv": [ 4.0, 2.5, 6.0, 10.5 ], "autoUv": false },
										"west": { "texture": "#thorns", "uv": [ 4.0, 0.0, 6.0, 8.0 ], "autoUv": false },
										"up": { "texture": "#thorns", "uv": [ 9.5, 13.0, 11.5, 15.0 ], "autoUv": false },
										"down": { "texture": "#null", "uv": [ 0.0, 0.0, 2.0, 2.0 ], "autoUv": false, "enabled": false }
									}
								},
								{
									"name": "thorn2",
									"from": [ 0.75, 2.25, 0.75 ],
									"to": [ 3.0, 6.0, 3.0 ],
									"rotationOrigin": [ 1.125, 2.25, 1.125 ],
									"rotationX": 30.0,
									"rotationY": -36.0,
									"rotationZ": -11.0,
									"faces": {
										"north": { "texture": "#thorns", "uv": [ 8.0, 0.5, 11.0, 5.5 ], "autoUv": false },
										"east": { "texture": "#thorns", "uv": [ 10.5, 5.5, 13.5, 10.5 ], "autoUv": false },
										"south": { "texture": "#thorns", "uv": [ 11.5, 7.0, 14.5, 12.0 ], "autoUv": false },
										"west": { "texture": "#thorns", "uv": [ 6.0, 1.5, 9.0, 6.5 ], "autoUv": false },
										"up": { "texture": "#thorns", "uv": [ 1.0, 8.5, 4.0, 11.5 ], "autoUv": false },
										"down": { "texture": "#null", "uv": [ 0.0, 0.0, 3.0, 3.0 ], "autoUv": false, "enabled": false }
									}
								}
							]
						},
						{
							"name": "spike2",
							"from": [ 3.375, -0.675, 1.125 ],
							"to": [ 6.0, 11.325, 3.75 ],
							"rotationOrigin": [ 3.75, -0.675, 1.5 ],
							"rotationX": -58.0,
							"rotationY": -24.0,
							"rotationZ": -20.0,
							"faces": {
								"north": { "texture": "#thorns", "uv": [ 8.5, 0.0, 12.0, 16.0 ], "autoUv": false },
								"east": { "texture": "#thorns", "uv": [ 8.5, 0.0, 12.0, 16.0 ], "autoUv": false },
								"south": { "texture": "#thorns", "uv": [ 5.5, 0.0, 9.0, 16.0 ], "autoUv": false },
								"west": { "texture": "#thorns", "uv": [ 0.0, 0.0, 3.5, 16.0 ], "autoUv": false },
								"up": { "texture": "#thorns", "uv": [ 6.0, 3.0, 9.5, 6.5 ], "autoUv": false },
								"down": { "texture": "#thorns", "uv": [ 0.5, 4.0, 4.0, 7.5 ], "autoUv": false }
							}
						},
						{
							"name": "spike3",
							"from": [ -4.125, -0.375, -2.625 ],
							"to": [ -1.875, 7.875, -0.375 ],
							"rotationOrigin": [ -3.75, -0.375, -2.25 ],
							"rotationX": -58.0,
							"rotationY": -11.0,
							"rotationZ": -47.0,
							"faces": {
								"north": { "texture": "#thorns", "uv": [ 0.0, 1.0, 3.0, 12.0 ], "autoUv": false },
								"east": { "texture": "#thorns", "uv": [ 5.0, 1.0, 8.0, 12.0 ], "autoUv": false },
								"south": { "texture": "#thorns", "uv": [ 0.5, 2.5, 3.5, 13.5 ], "autoUv": false },
								"west": { "texture": "#thorns", "uv": [ 6.0, 1.0, 9.0, 12.0 ], "autoUv": false },
								"up": { "texture": "#thorns", "uv": [ 10.0, 2.0, 13.0, 5.0 ], "autoUv": false },
								"down": { "texture": "#thorns", "uv": [ 3.0, 6.0, 6.0, 9.0 ], "autoUv": false }
							}
						},
						{
							"name": "spike4",
							"from": [ -5.625, -0.675, 4.875 ],
							"to": [ -3.0, 11.325, 7.5 ],
							"rotationOrigin": [ -5.25, -0.675, 5.25 ],
							"rotationX": -58.0,
							"rotationY": -11.0,
							"rotationZ": -5.0,
							"faces": {
								"north": { "texture": "#thorns", "uv": [ 0.0, 0.0, 3.5, 16.0 ], "autoUv": false },
								"east": { "texture": "#thorns", "uv": [ 2.0, 0.0, 5.5, 16.0 ], "autoUv": false },
								"south": { "texture": "#thorns", "uv": [ 11.5, 0.0, 15.0, 16.0 ], "autoUv": false },
								"west": { "texture": "#thorns", "uv": [ 1.5, 0.0, 5.0, 16.0 ], "autoUv": false },
								"up": { "texture": "#thorns", "uv": [ 1.0, 4.5, 4.5, 8.0 ], "autoUv": false },
								"down": { "texture": "#thorns", "uv": [ 1.0, 1.0, 4.5, 4.5 ], "autoUv": false }
							},
							"children": [
								{
									"name": "thorn4",
									"from": [ 0.225, 11.625, 0.0 ],
									"to": [ 2.475, 19.875, 2.25 ],
									"rotationOrigin": [ 0.6, 11.625, 0.375 ],
									"rotationX": 28.0,
									"rotationZ": 17.0,
									"faces": {
										"north": { "texture": "#thorns", "uv": [ 4.0, 0.5, 7.0, 11.5 ], "autoUv": false },
										"east": { "texture": "#thorns", "uv": [ 11.5, 0.5, 14.5, 11.5 ], "autoUv": false },
										"south": { "texture": "#thorns", "uv": [ 11.0, 4.0, 14.0, 15.0 ], "autoUv": false },
										"west": { "texture": "#thorns", "uv": [ 2.5, 0.5, 5.5, 11.5 ], "autoUv": false },
										"up": { "texture": "#thorns", "uv": [ 0.0, 0.0, 3.0, 3.0 ], "autoUv": false },
										"down": { "texture": "#null", "uv": [ 0.0, 0.0, 3.0, 3.0 ], "autoUv": false, "enabled": false }
									}
								}
							]
						}
					]
				},
				{
					"name": "origin2",
					"from": [ 3.0, 0.0, 9.0 ],
					"to": [ 3.0, 0.0, 9.0 ],
					"rotationOrigin": [ 3.0, 0.0, 9.0 ],
					"rotationX": -180.0,
					"rotationY": 53.0,
					"rotationZ": -180.0,
					"faces": {
						"north": { "texture": "#null", "uv": [ 0.0, 0.0, 0.5, 0.5 ], "autoUv": false, "enabled": false },
						"east": { "texture": "#null", "uv": [ 0.0, 0.0, 0.5, 0.5 ], "autoUv": false, "enabled": false },
						"south": { "texture": "#null", "uv": [ 0.0, 0.0, 0.5, 0.5 ], "autoUv": false, "enabled": false },
						"west": { "texture": "#null", "uv": [ 0.0, 0.0, 0.5, 0.5 ], "autoUv": false, "enabled": false },
						"up": { "texture": "#null", "uv": [ 0.0, 0.0, 0.5, 0.5 ], "autoUv": false, "enabled": false },
						"down": { "texture": "#null", "uv": [ 0.0, 0.0, 0.5, 0.5 ], "autoUv": false, "enabled": false }
					},
					"children": [
						{
							"name": "spike5",
							"from": [ -2.25, -0.675, 3.75 ],
							"to": [ 0.75, 7.575, 6.75 ],
							"rotationOrigin": [ -1.5, -0.675, 4.5 ],
							"rotationX": -39.0,
							"rotationZ": -17.0,
							"faces": {
								"north": { "texture": "#thorns", "uv": [ 7.5, 1.0, 11.5, 12.0 ], "autoUv": false },
								"east": { "texture": "#thorns", "uv": [ 6.0, 2.5, 10.0, 13.5 ], "autoUv": false },
								"south": { "texture": "#thorns", "uv": [ 6.0, 1.0, 10.0, 12.0 ], "autoUv": false },
								"west": { "texture": "#thorns", "uv": [ 6.0, 4.0, 10.0, 15.0 ], "autoUv": false },
								"up": { "texture": "#thorns", "uv": [ 4.5, 1.5, 8.5, 5.5 ], "autoUv": false },
								"down": { "texture": "#thorns", "uv": [ 10.5, 10.0, 14.5, 14.0 ], "autoUv": false }
							},
							"children": [
								{
									"name": "Cube4",
									"from": [ 0.225, 7.725, 0.375 ],
									"to": [ 2.85, 12.975, 3.0 ],
									"rotationOrigin": [ 0.7875, 8.1, 0.8625 ],
									"rotationX": 6.0,
									"rotationZ": -14.0,
									"faces": {
										"north": { "texture": "#thorns", "uv": [ 11.0, 2.0, 14.5, 9.0 ], "autoUv": false },
										"east": { "texture": "#thorns", "uv": [ 1.5, 6.0, 5.0, 13.0 ], "autoUv": false },
										"south": { "texture": "#thorns", "uv": [ 5.0, 2.0, 8.5, 9.0 ], "autoUv": false },
										"west": { "texture": "#thorns", "uv": [ 4.5, 1.5, 8.0, 8.5 ], "autoUv": false },
										"up": { "texture": "#thorns", "uv": [ 9.0, 9.0, 12.5, 12.5 ], "autoUv": false },
										"down": { "texture": "#null", "uv": [ 0.0, 0.0, 3.5, 3.5 ], "autoUv": false, "enabled": false }
									},
									"children": [
										{
											"name": "Cube5",
											"from": [ 0.3, 5.025, 0.15 ],
											"to": [ 2.55, 15.525, 2.4 ],
											"rotationOrigin": [ 0.675, 5.25, 0.525 ],
											"rotationZ": 17.0,
											"faces": {
												"north": { "texture": "#thorns", "uv": [ 11.0, 1.0, 14.0, 15.0 ], "autoUv": false },
												"east": { "texture": "#thorns", "uv": [ 10.0, 1.5, 13.0, 15.5 ], "autoUv": false },
												"south": { "texture": "#thorns", "uv": [ 5.5, 1.5, 8.5, 15.5 ], "autoUv": false },
												"west": { "texture": "#thorns", "uv": [ 4.5, 0.5, 7.5, 14.5 ], "autoUv": false },
												"up": { "texture": "#thorns", "uv": [ 4.0, 10.5, 7.0, 13.5 ], "autoUv": false },
												"down": { "texture": "#null", "uv": [ 0.0, 0.0, 3.0, 3.0 ], "autoUv": false, "enabled": false }
											}
										},
										{
											"name": "thorn5",
											"from": [ 0.375, 3.0, 0.0 ],
											"to": [ 2.625, 6.75, 2.25 ],
											"rotationOrigin": [ 0.75, 3.0, 0.375 ],
											"rotationX": -28.0,
											"rotationY": 6.0,
											"rotationZ": -14.0,
											"faces": {
												"north": { "texture": "#thorns", "uv": [ 12.5, 6.0, 15.5, 11.0 ], "autoUv": false },
												"east": { "texture": "#thorns", "uv": [ 9.5, 5.5, 12.5, 10.5 ], "autoUv": false },
												"south": { "texture": "#thorns", "uv": [ 4.0, 3.0, 7.0, 8.0 ], "autoUv": false },
												"west": { "texture": "#thorns", "uv": [ 0.0, 4.5, 3.0, 9.5 ], "autoUv": false },
												"up": { "texture": "#thorns", "uv": [ 11.0, 6.5, 14.0, 9.5 ], "autoUv": false },
												"down": { "texture": "#null", "uv": [ 0.0, 0.0, 3.0, 3.0 ], "autoUv": false, "enabled": false }
											}
										}
									]
								},
								{
									"name": "thorn6",
									"from": [ 0.675, 4.5, 0.0 ],
									"to": [ 2.175, 10.5, 1.5 ],
									"rotationOrigin": [ 1.05, 4.5, 0.375 ],
									"rotationY": -53.0,
									"rotationZ": 36.0,
									"faces": {
										"north": { "texture": "#thorns", "uv": [ 12.5, 6.5, 14.5, 14.5 ], "autoUv": false },
										"east": { "texture": "#thorns", "uv": [ 8.5, 4.0, 10.5, 12.0 ], "autoUv": false },
										"south": { "texture": "#thorns", "uv": [ 4.0, 2.5, 6.0, 10.5 ], "autoUv": false },
										"west": { "texture": "#thorns", "uv": [ 4.0, 0.0, 6.0, 8.0 ], "autoUv": false },
										"up": { "texture": "#thorns", "uv": [ 9.5, 13.0, 11.5, 15.0 ], "autoUv": false },
										"down": { "texture": "#null", "uv": [ 0.0, 0.0, 2.0, 2.0 ], "autoUv": false, "enabled": false }
									}
								},
								{
									"name": "thorn7",
									"from": [ 0.75, 2.25, 0.75 ],
									"to": [ 3.0, 6.0, 3.0 ],
									"rotationOrigin": [ 1.125, 2.25, 1.125 ],
									"rotationX": 30.0,
									"rotationY": -36.0,
									"rotationZ": -11.0,
									"faces": {
										"north": { "texture": "#thorns", "uv": [ 8.0, 0.5, 11.0, 5.5 ], "autoUv": false },
										"east": { "texture": "#thorns", "uv": [ 10.5, 5.5, 13.5, 10.5 ], "autoUv": false },
										"south": { "texture": "#thorns", "uv": [ 11.5, 7.0, 14.5, 12.0 ], "autoUv": false },
										"west": { "texture": "#thorns", "uv": [ 6.0, 1.5, 9.0, 6.5 ], "autoUv": false },
										"up": { "texture": "#thorns", "uv": [ 1.0, 8.5, 4.0, 11.5 ], "autoUv": false },
										"down": { "texture": "#null", "uv": [ 0.0, 0.0, 3.0, 3.0 ], "autoUv": false, "enabled": false }
									}
								}
							]
						},
						{
							"name": "spike6",
							"from": [ 3.375, -0.675, 1.125 ],
							"to": [ 6.0, 11.325, 3.75 ],
							"rotationOrigin": [ 3.75, -0.675, 1.5 ],
							"rotationX": -58.0,
							"rotationY": -24.0,
							"rotationZ": -20.0,
							"faces": {
								"north": { "texture": "#thorns", "uv": [ 8.5, 0.0, 12.0, 16.0 ], "autoUv": false },
								"east": { "texture": "#thorns", "uv": [ 8.5, 0.0, 12.0, 16.0 ], "autoUv": false },
								"south": { "texture": "#thorns", "uv": [ 5.5, 0.0, 9.0, 16.0 ], "autoUv": false },
								"west": { "texture": "#thorns", "uv": [ 0.0, 0.0, 3.5, 16.0 ], "autoUv": false },
								"up": { "texture": "#thorns", "uv": [ 6.0, 3.0, 9.5, 6.5 ], "autoUv": false },
								"down": { "texture": "#thorns", "uv": [ 0.5, 4.0, 4.0, 7.5 ], "autoUv": false }
							}
						},
						{
							"name": "spike7",
							"from": [ -4.125, -0.375, -2.625 ],
							"to": [ -1.875, 7.875, -0.375 ],
							"rotationOrigin": [ -3.75, -0.375, -2.25 ],
							"rotationX": -58.0,
							"rotationY": -11.0,
							"rotationZ": -47.0,
							"faces": {
								"north": { "texture": "#thorns", "uv": [ 0.0, 1.0, 3.0, 12.0 ], "autoUv": false },
								"east": { "texture": "#thorns", "uv": [ 5.0, 1.0, 8.0, 12.0 ], "autoUv": false },
								"south": { "texture": "#thorns", "uv": [ 0.5, 2.5, 3.5, 13.5 ], "autoUv": false },
								"west": { "texture": "#thorns", "uv": [ 6.0, 1.0, 9.0, 12.0 ], "autoUv": false },
								"up": { "texture": "#thorns", "uv": [ 10.0, 2.0, 13.0, 5.0 ], "autoUv": false },
								"down": { "texture": "#thorns", "uv": [ 3.0, 6.0, 6.0, 9.0 ], "autoUv": false }
							}
						},
						{
							"name": "spike8",
							"from": [ -5.625, -0.675, 4.875 ],
							"to": [ -3.0, 11.325, 7.5 ],
							"rotationOrigin": [ -5.25, -0.675, 5.25 ],
							"rotationX": -58.0,
							"rotationY": -11.0,
							"rotationZ": -5.0,
							"faces": {
								"north": { "texture": "#thorns", "uv": [ 0.0, 0.0, 3.5, 16.0 ], "autoUv": false },
								"east": { "texture": "#thorns", "uv": [ 2.0, 0.0, 5.5, 16.0 ], "autoUv": false },
								"south": { "texture": "#thorns", "uv": [ 11.5, 0.0, 15.0, 16.0 ], "autoUv": false },
								"west": { "texture": "#thorns", "uv": [ 1.5, 0.0, 5.0, 16.0 ], "autoUv": false },
								"up": { "texture": "#thorns", "uv": [ 1.0, 4.5, 4.5, 8.0 ], "autoUv": false },
								"down": { "texture": "#thorns", "uv": [ 1.0, 1.0, 4.5, 4.5 ], "autoUv": false }
							},
							"children": [
								{
									"name": "thorn8",
									"from": [ 0.225, 11.625, 0.0 ],
									"to": [ 2.475, 19.875, 2.25 ],
									"rotationOrigin": [ 0.6, 11.625, 0.375 ],
									"rotationX": 28.0,
									"rotationZ": 17.0,
									"faces": {
										"north": { "texture": "#thorns", "uv": [ 4.0, 0.5, 7.0, 11.5 ], "autoUv": false },
										"east": { "texture": "#thorns", "uv": [ 11.5, 0.5, 14.5, 11.5 ], "autoUv": false },
										"south": { "texture": "#thorns", "uv": [ 11.0, 4.0, 14.0, 15.0 ], "autoUv": false },
										"west": { "texture": "#thorns", "uv": [ 2.5, 0.5, 5.5, 11.5 ], "autoUv": false },
										"up": { "texture": "#thorns", "uv": [ 0.0, 0.0, 3.0, 3.0 ], "autoUv": false },
										"down": { "texture": "#null", "uv": [ 0.0, 0.0, 3.0, 3.0 ], "autoUv": false, "enabled": false }
									}
								}
							]
						}
					]
				},
				{
					"name": "Riftbeam1",
					"from": [ 3.75, 11.25, 6.0 ],
					"to": [ 8.25, 26.025, 6.0 ],
					"rotationOrigin": [ 6.0, 11.25, 6.0 ],
					"faces": {
						"north": { "texture": "#riftlight", "uv": [ 4.75, 1.875, 11.45, 13.875 ], "glow": 175, "autoUv": false },
						"east": { "texture": "#null", "uv": [ 0.0, 0.0, 0.5, 19.5 ], "autoUv": false, "enabled": false },
						"south": { "texture": "#null", "uv": [ 0.0, 0.0, 6.0, 19.5 ], "autoUv": false, "enabled": false },
						"west": { "texture": "#null", "uv": [ 0.0, 0.0, 0.5, 19.5 ], "autoUv": false, "enabled": false },
						"up": { "texture": "#null", "uv": [ 0.0, 0.0, 6.0, 0.5 ], "autoUv": false, "enabled": false },
						"down": { "texture": "#null", "uv": [ 0.0, 0.0, 6.0, 0.5 ], "autoUv": false, "enabled": false }
					},
					"children": [
						{
							"name": "Riftbeam1b",
							"from": [ 0.0021, 0.0, -0.0013 ],
							"to": [ 4.5021, 14.775, -0.0013 ],
							"rotationOrigin": [ 2.25, 0.0, 0.0 ],
							"rotationY": 89.9802,
							"faces": {
								"north": { "texture": "#riftlight", "uv": [ 4.75, 1.875, 11.45, 13.875 ], "glow": 175, "autoUv": false },
								"east": { "texture": "#null", "uv": [ 0.0, 0.0, 0.5, 19.5 ], "autoUv": false, "enabled": false },
								"south": { "texture": "#null", "uv": [ 0.0, 0.0, 6.0, 19.5 ], "autoUv": false, "enabled": false },
								"west": { "texture": "#null", "uv": [ 0.0, 0.0, 0.5, 19.5 ], "autoUv": false, "enabled": false },
								"up": { "texture": "#null", "uv": [ 0.0, 0.0, 6.0, 0.5 ], "autoUv": false, "enabled": false },
								"down": { "texture": "#null", "uv": [ 0.0, 0.0, 6.0, 0.5 ], "autoUv": false, "enabled": false }
							},
							"children": [
								{
									"name": "Riftbeam2",
									"from": [ -0.0021, 0.0, 0.0013 ],
									"to": [ 4.4979, 14.775, 0.0013 ],
									"rotationOrigin": [ 2.2479, 0.0, 0.0013 ],
									"rotationY": -44.9802,
									"faces": {
										"north": { "texture": "#riftlight", "uv": [ 4.75, 1.875, 11.45, 13.875 ], "glow": 175, "autoUv": false },
										"east": { "texture": "#null", "uv": [ 0.0, 0.0, 0.5, 19.5 ], "autoUv": false, "enabled": false },
										"south": { "texture": "#null", "uv": [ 0.0, 0.0, 6.0, 19.5 ], "autoUv": false, "enabled": false },
										"west": { "texture": "#null", "uv": [ 0.0, 0.0, 0.5, 19.5 ], "autoUv": false, "enabled": false },
										"up": { "texture": "#null", "uv": [ 0.0, 0.0, 6.0, 0.5 ], "autoUv": false, "enabled": false },
										"down": { "texture": "#null", "uv": [ 0.0, 0.0, 6.0, 0.5 ], "autoUv": false, "enabled": false }
									},
									"children": [
										{
											"name": "Riftbeam1b2",
											"from": [ 0.0021, 0.0, -0.0013 ],
											"to": [ 4.5021, 14.775, -0.0013 ],
											"rotationOrigin": [ 2.25, 0.0, 0.0 ],
											"rotationY": 89.9802,
											"faces": {
												"north": { "texture": "#riftlight", "uv": [ 4.75, 1.875, 11.45, 13.875 ], "glow": 175, "autoUv": false },
												"east": { "texture": "#null", "uv": [ 0.0, 0.0, 0.5, 19.5 ], "autoUv": false, "enabled": false },
												"south": { "texture": "#null", "uv": [ 0.0, 0.0, 6.0, 19.5 ], "autoUv": false, "enabled": false },
												"west": { "texture": "#null", "uv": [ 0.0, 0.0, 0.5, 19.5 ], "autoUv": false, "enabled": false },
												"up": { "texture": "#null", "uv": [ 0.0, 0.0, 6.0, 0.5 ], "autoUv": false, "enabled": false },
												"down": { "texture": "#null", "uv": [ 0.0, 0.0, 6.0, 0.5 ], "autoUv": false, "enabled": false }
											}
										}
									]
								}
							]
						}
					]
				}
			]
		}
	],
	"animations": [
		{
			"name": "idle",
			"code": "idle",
			"quantityframes": 30,
			"onActivityStopped": "Rewind",
			"onAnimationEnd": "Repeat",
			"keyframes": [
				{
					"frame": 0,
					"elements": {
						"Riftbeam1": { "rotationX": 0.0, "rotationY": 0.0, "rotationZ": 0.0 }
					}
				},
				{
					"frame": 15,
					"elements": {
						"Riftbeam1": { "rotationX": 0.0, "rotationY": 180.0, "rotationZ": 0.0 }
					}
				},
				{
					"frame": 29,
					"elements": {
						"Riftbeam1": { "rotationX": 0.0, "rotationY": 359.0, "rotationZ": 0.0 }
					}
				}
			]
		}
	]
}