{
	"editor": {
		"collapsedPaths": ",Root/Web9,Root/origin 1/centerd,Root/origin 1,Root/origin 3c,Root/origin,Root/origin 2,Root/Web5",
		"allAngles": false,
		"entityTextureMode": false
	},
	"textureWidth": 16,
	"textureHeight": 16,
	"textureSizes": {
		"normal4": [16,16],
		"thorns": [16,16]
	},
	"textures": {
	},
	"elements": [
		{
			"name": "Riftbeam1",
			"from": [ 5.0, 15.0, 8.0 ],
			"to": [ 11.0, 34.7, 8.0 ],
			"rotationOrigin": [ 8.0, 15.0, 8.0 ],
			"faces": {
				"north": { "texture": "#riftlight", "uv": [ 4.75, 1.875, 11.45, 13.875 ], "glow": 175, "autoUv": false },
				"east": { "texture": "#null", "uv": [ 0.0, 0.0, 0.5, 19.5 ], "enabled": false },
				"south": { "texture": "#null", "uv": [ 0.0, 0.0, 6.0, 19.5 ], "enabled": false },
				"west": { "texture": "#null", "uv": [ 0.0, 0.0, 0.5, 19.5 ], "enabled": false },
				"up": { "texture": "#null", "uv": [ 0.0, 0.0, 6.0, 0.5 ], "enabled": false },
				"down": { "texture": "#null", "uv": [ 0.0, 0.0, 6.0, 0.5 ], "enabled": false }
			},
			"children": [
				{
					"name": "Riftbeam1b",
					"from": [ 0.0028, 0.0, -0.0017 ],
					"to": [ 6.0028, 19.7, -0.0017 ],
					"rotationOrigin": [ 3.0, 0.0, 0.0 ],
					"rotationY": 89.9802,
					"faces": {
						"north": { "texture": "#riftlight", "uv": [ 4.75, 1.875, 11.45, 13.875 ], "glow": 175, "autoUv": false },
						"east": { "texture": "#null", "uv": [ 0.0, 0.0, 0.5, 19.5 ], "enabled": false },
						"south": { "texture": "#null", "uv": [ 0.0, 0.0, 6.0, 19.5 ], "enabled": false },
						"west": { "texture": "#null", "uv": [ 0.0, 0.0, 0.5, 19.5 ], "enabled": false },
						"up": { "texture": "#null", "uv": [ 0.0, 0.0, 6.0, 0.5 ], "enabled": false },
						"down": { "texture": "#null", "uv": [ 0.0, 0.0, 6.0, 0.5 ], "enabled": false }
					},
					"children": [
						{
							"name": "Riftbeam2",
							"from": [ -0.0028, 0.0, 0.0017 ],
							"to": [ 5.9972, 19.7, 0.0017 ],
							"rotationOrigin": [ 2.9972, 0.0, 0.0017 ],
							"rotationY": -44.9802,
							"faces": {
								"north": { "texture": "#riftlight", "uv": [ 4.75, 1.875, 11.45, 13.875 ], "glow": 175, "autoUv": false },
								"east": { "texture": "#null", "uv": [ 0.0, 0.0, 0.5, 19.5 ], "enabled": false },
								"south": { "texture": "#null", "uv": [ 0.0, 0.0, 6.0, 19.5 ], "enabled": false },
								"west": { "texture": "#null", "uv": [ 0.0, 0.0, 0.5, 19.5 ], "enabled": false },
								"up": { "texture": "#null", "uv": [ 0.0, 0.0, 6.0, 0.5 ], "enabled": false },
								"down": { "texture": "#null", "uv": [ 0.0, 0.0, 6.0, 0.5 ], "enabled": false }
							},
							"children": [
								{
									"name": "Riftbeam1b2",
									"from": [ 0.0028, 0.0, -0.0017 ],
									"to": [ 6.0028, 19.7, -0.0017 ],
									"rotationOrigin": [ 3.0, 0.0, 0.0 ],
									"rotationY": 89.9802,
									"faces": {
										"north": { "texture": "#riftlight", "uv": [ 4.75, 1.875, 11.45, 13.875 ], "glow": 175, "autoUv": false },
										"east": { "texture": "#null", "uv": [ 0.0, 0.0, 0.5, 19.5 ], "enabled": false },
										"south": { "texture": "#null", "uv": [ 0.0, 0.0, 6.0, 19.5 ], "enabled": false },
										"west": { "texture": "#null", "uv": [ 0.0, 0.0, 0.5, 19.5 ], "enabled": false },
										"up": { "texture": "#null", "uv": [ 0.0, 0.0, 6.0, 0.5 ], "enabled": false },
										"down": { "texture": "#null", "uv": [ 0.0, 0.0, 6.0, 0.5 ], "enabled": false }
									}
								}
							]
						}
					]
				}
			]
		},
		{
			"name": "origin",
			"from": [ 14.0, 0.0, 3.0 ],
			"to": [ 14.0, 0.0, 3.0 ],
			"rotationOrigin": [ 14.0, 0.0, 3.0 ],
			"rotationY": -16.0,
			"faces": {
				"north": { "texture": "#null", "uv": [ 0.0, 0.0, 0.5, 0.5 ], "enabled": false },
				"east": { "texture": "#null", "uv": [ 0.0, 0.0, 0.5, 0.5 ], "enabled": false },
				"south": { "texture": "#null", "uv": [ 0.0, 0.0, 0.5, 0.5 ], "enabled": false },
				"west": { "texture": "#null", "uv": [ 0.0, 0.0, 0.5, 0.5 ], "enabled": false },
				"up": { "texture": "#null", "uv": [ 0.0, 0.0, 0.5, 0.5 ], "enabled": false },
				"down": { "texture": "#null", "uv": [ 0.0, 0.0, 0.5, 0.5 ], "enabled": false }
			},
			"children": [
				{
					"name": "spike1",
					"from": [ -3.0, -0.9, 5.0 ],
					"to": [ 1.0, 10.1, 9.0 ],
					"rotationOrigin": [ -2.0, -0.9, 6.0 ],
					"rotationX": -39.0,
					"rotationZ": -17.0,
					"faces": {
						"north": { "texture": "#thorns", "uv": [ 7.5, 1.0, 11.5, 12.0 ] },
						"east": { "texture": "#thorns", "uv": [ 6.0, 2.5, 10.0, 13.5 ] },
						"south": { "texture": "#thorns", "uv": [ 6.0, 1.0, 10.0, 12.0 ] },
						"west": { "texture": "#thorns", "uv": [ 6.0, 4.0, 10.0, 15.0 ] },
						"up": { "texture": "#thorns", "uv": [ 4.5, 1.5, 8.5, 5.5 ] },
						"down": { "texture": "#thorns", "uv": [ 10.5, 10.0, 14.5, 14.0 ] }
					},
					"children": [
						{
							"name": "Cube2",
							"from": [ 0.3, 10.3, 0.5 ],
							"to": [ 3.8, 17.3, 4.0 ],
							"rotationOrigin": [ 1.05, 10.8, 1.15 ],
							"rotationX": 6.0,
							"rotationZ": -14.0,
							"faces": {
								"north": { "texture": "#thorns", "uv": [ 11.0, 2.0, 14.5, 9.0 ] },
								"east": { "texture": "#thorns", "uv": [ 1.5, 6.0, 5.0, 13.0 ] },
								"south": { "texture": "#thorns", "uv": [ 5.0, 2.0, 8.5, 9.0 ] },
								"west": { "texture": "#thorns", "uv": [ 4.5, 1.5, 8.0, 8.5 ] },
								"up": { "texture": "#thorns", "uv": [ 9.0, 9.0, 12.5, 12.5 ] },
								"down": { "texture": "#null", "uv": [ 0.0, 0.0, 3.5, 3.5 ], "enabled": false }
							},
							"children": [
								{
									"name": "Cube3",
									"from": [ 0.4, 6.7, 0.2 ],
									"to": [ 3.4, 20.7, 3.2 ],
									"rotationOrigin": [ 0.9, 7.0, 0.7 ],
									"rotationZ": 17.0,
									"faces": {
										"north": { "texture": "#thorns", "uv": [ 11.0, 1.0, 14.0, 15.0 ] },
										"east": { "texture": "#thorns", "uv": [ 10.0, 1.5, 13.0, 15.5 ] },
										"south": { "texture": "#thorns", "uv": [ 5.5, 1.5, 8.5, 15.5 ] },
										"west": { "texture": "#thorns", "uv": [ 4.5, 0.5, 7.5, 14.5 ] },
										"up": { "texture": "#thorns", "uv": [ 4.0, 10.5, 7.0, 13.5 ] },
										"down": { "texture": "#null", "uv": [ 0.0, 0.0, 3.0, 3.0 ], "enabled": false }
									}
								},
								{
									"name": "thorn3",
									"from": [ 0.5, 4.0, 0.0 ],
									"to": [ 3.5, 9.0, 3.0 ],
									"rotationOrigin": [ 1.0, 4.0, 0.5 ],
									"rotationX": -28.0,
									"rotationY": 6.0,
									"rotationZ": -14.0,
									"faces": {
										"north": { "texture": "#thorns", "uv": [ 12.5, 6.0, 15.5, 11.0 ] },
										"east": { "texture": "#thorns", "uv": [ 9.5, 5.5, 12.5, 10.5 ] },
										"south": { "texture": "#thorns", "uv": [ 4.0, 3.0, 7.0, 8.0 ] },
										"west": { "texture": "#thorns", "uv": [ 0.0, 4.5, 3.0, 9.5 ] },
										"up": { "texture": "#thorns", "uv": [ 11.0, 6.5, 14.0, 9.5 ] },
										"down": { "texture": "#null", "uv": [ 0.0, 0.0, 3.0, 3.0 ], "enabled": false }
									}
								}
							]
						},
						{
							"name": "thorn1",
							"from": [ 0.9, 6.0, 0.0 ],
							"to": [ 2.9, 14.0, 2.0 ],
							"rotationOrigin": [ 1.4, 6.0, 0.5 ],
							"rotationY": -53.0,
							"rotationZ": 36.0,
							"faces": {
								"north": { "texture": "#thorns", "uv": [ 12.5, 6.5, 14.5, 14.5 ] },
								"east": { "texture": "#thorns", "uv": [ 8.5, 4.0, 10.5, 12.0 ] },
								"south": { "texture": "#thorns", "uv": [ 4.0, 2.5, 6.0, 10.5 ] },
								"west": { "texture": "#thorns", "uv": [ 4.0, 0.0, 6.0, 8.0 ] },
								"up": { "texture": "#thorns", "uv": [ 9.5, 13.0, 11.5, 15.0 ] },
								"down": { "texture": "#null", "uv": [ 0.0, 0.0, 2.0, 2.0 ], "enabled": false }
							}
						},
						{
							"name": "thorn2",
							"from": [ 1.0, 3.0, 1.0 ],
							"to": [ 4.0, 8.0, 4.0 ],
							"rotationOrigin": [ 1.5, 3.0, 1.5 ],
							"rotationX": 30.0,
							"rotationY": -36.0,
							"rotationZ": -11.0,
							"faces": {
								"north": { "texture": "#thorns", "uv": [ 8.0, 0.5, 11.0, 5.5 ] },
								"east": { "texture": "#thorns", "uv": [ 10.5, 5.5, 13.5, 10.5 ] },
								"south": { "texture": "#thorns", "uv": [ 11.5, 7.0, 14.5, 12.0 ] },
								"west": { "texture": "#thorns", "uv": [ 6.0, 1.5, 9.0, 6.5 ] },
								"up": { "texture": "#thorns", "uv": [ 1.0, 8.5, 4.0, 11.5 ] },
								"down": { "texture": "#null", "uv": [ 0.0, 0.0, 3.0, 3.0 ], "enabled": false }
							}
						}
					]
				},
				{
					"name": "spike2",
					"from": [ 4.5, -0.9, 1.5 ],
					"to": [ 8.0, 15.1, 5.0 ],
					"rotationOrigin": [ 5.0, -0.9, 2.0 ],
					"rotationX": -58.0,
					"rotationY": -24.0,
					"rotationZ": -20.0,
					"faces": {
						"north": { "texture": "#thorns", "uv": [ 8.5, 0.0, 12.0, 16.0 ] },
						"east": { "texture": "#thorns", "uv": [ 8.5, 0.0, 12.0, 16.0 ] },
						"south": { "texture": "#thorns", "uv": [ 5.5, 0.0, 9.0, 16.0 ] },
						"west": { "texture": "#thorns", "uv": [ 0.0, 0.0, 3.5, 16.0 ] },
						"up": { "texture": "#thorns", "uv": [ 6.0, 3.0, 9.5, 6.5 ] },
						"down": { "texture": "#thorns", "uv": [ 0.5, 4.0, 4.0, 7.5 ] }
					}
				},
				{
					"name": "spike3",
					"from": [ -5.5, -0.5, -3.5 ],
					"to": [ -2.5, 10.5, -0.5 ],
					"rotationOrigin": [ -5.0, -0.5, -3.0 ],
					"rotationX": -58.0,
					"rotationY": -11.0,
					"rotationZ": -47.0,
					"faces": {
						"north": { "texture": "#thorns", "uv": [ 0.0, 1.0, 3.0, 12.0 ] },
						"east": { "texture": "#thorns", "uv": [ 5.0, 1.0, 8.0, 12.0 ] },
						"south": { "texture": "#thorns", "uv": [ 0.5, 2.5, 3.5, 13.5 ] },
						"west": { "texture": "#thorns", "uv": [ 6.0, 1.0, 9.0, 12.0 ] },
						"up": { "texture": "#thorns", "uv": [ 10.0, 2.0, 13.0, 5.0 ] },
						"down": { "texture": "#thorns", "uv": [ 3.0, 6.0, 6.0, 9.0 ] }
					}
				},
				{
					"name": "spike4",
					"from": [ -7.5, -0.9, 6.5 ],
					"to": [ -4.0, 15.1, 10.0 ],
					"rotationOrigin": [ -7.0, -0.9, 7.0 ],
					"rotationX": -58.0,
					"rotationY": -11.0,
					"rotationZ": -5.0,
					"faces": {
						"north": { "texture": "#thorns", "uv": [ 0.0, 0.0, 3.5, 16.0 ] },
						"east": { "texture": "#thorns", "uv": [ 2.0, 0.0, 5.5, 16.0 ] },
						"south": { "texture": "#thorns", "uv": [ 11.5, 0.0, 15.0, 16.0 ] },
						"west": { "texture": "#thorns", "uv": [ 1.5, 0.0, 5.0, 16.0 ] },
						"up": { "texture": "#thorns", "uv": [ 1.0, 4.5, 4.5, 8.0 ] },
						"down": { "texture": "#thorns", "uv": [ 1.0, 1.0, 4.5, 4.5 ] }
					},
					"children": [
						{
							"name": "thorn4",
							"from": [ 0.3, 15.5, 0.0 ],
							"to": [ 3.3, 26.5, 3.0 ],
							"rotationOrigin": [ 0.8, 15.5, 0.5 ],
							"rotationX": 28.0,
							"rotationZ": 17.0,
							"faces": {
								"north": { "texture": "#thorns", "uv": [ 4.0, 0.5, 7.0, 11.5 ] },
								"east": { "texture": "#thorns", "uv": [ 11.5, 0.5, 14.5, 11.5 ] },
								"south": { "texture": "#thorns", "uv": [ 11.0, 4.0, 14.0, 15.0 ] },
								"west": { "texture": "#thorns", "uv": [ 2.5, 0.5, 5.5, 11.5 ] },
								"up": { "texture": "#thorns", "uv": [ 0.0, 0.0, 3.0, 3.0 ] },
								"down": { "texture": "#null", "uv": [ 0.0, 0.0, 3.0, 3.0 ], "enabled": false }
							}
						}
					]
				}
			]
		},
		{
			"name": "origin2",
			"from": [ 4.0, 0.0, 12.0 ],
			"to": [ 4.0, 0.0, 12.0 ],
			"rotationOrigin": [ 4.0, 0.0, 12.0 ],
			"rotationY": 127.0,
			"faces": {
				"north": { "texture": "#null", "uv": [ 0.0, 0.0, 0.5, 0.5 ], "enabled": false },
				"east": { "texture": "#null", "uv": [ 0.0, 0.0, 0.5, 0.5 ], "enabled": false },
				"south": { "texture": "#null", "uv": [ 0.0, 0.0, 0.5, 0.5 ], "enabled": false },
				"west": { "texture": "#null", "uv": [ 0.0, 0.0, 0.5, 0.5 ], "enabled": false },
				"up": { "texture": "#null", "uv": [ 0.0, 0.0, 0.5, 0.5 ], "enabled": false },
				"down": { "texture": "#null", "uv": [ 0.0, 0.0, 0.5, 0.5 ], "enabled": false }
			},
			"children": [
				{
					"name": "spike5",
					"from": [ -3.0, -0.9, 5.0 ],
					"to": [ 1.0, 10.1, 9.0 ],
					"rotationOrigin": [ -2.0, -0.9, 6.0 ],
					"rotationX": -39.0,
					"rotationZ": -17.0,
					"faces": {
						"north": { "texture": "#thorns", "uv": [ 7.5, 1.0, 11.5, 12.0 ] },
						"east": { "texture": "#thorns", "uv": [ 6.0, 2.5, 10.0, 13.5 ] },
						"south": { "texture": "#thorns", "uv": [ 6.0, 1.0, 10.0, 12.0 ] },
						"west": { "texture": "#thorns", "uv": [ 6.0, 4.0, 10.0, 15.0 ] },
						"up": { "texture": "#thorns", "uv": [ 4.5, 1.5, 8.5, 5.5 ] },
						"down": { "texture": "#thorns", "uv": [ 10.5, 10.0, 14.5, 14.0 ] }
					},
					"children": [
						{
							"name": "Cube4",
							"from": [ 0.3, 10.3, 0.5 ],
							"to": [ 3.8, 17.3, 4.0 ],
							"rotationOrigin": [ 1.05, 10.8, 1.15 ],
							"rotationX": 6.0,
							"rotationZ": -14.0,
							"faces": {
								"north": { "texture": "#thorns", "uv": [ 11.0, 2.0, 14.5, 9.0 ] },
								"east": { "texture": "#thorns", "uv": [ 1.5, 6.0, 5.0, 13.0 ] },
								"south": { "texture": "#thorns", "uv": [ 5.0, 2.0, 8.5, 9.0 ] },
								"west": { "texture": "#thorns", "uv": [ 4.5, 1.5, 8.0, 8.5 ] },
								"up": { "texture": "#thorns", "uv": [ 9.0, 9.0, 12.5, 12.5 ] },
								"down": { "texture": "#null", "uv": [ 0.0, 0.0, 3.5, 3.5 ], "enabled": false }
							},
							"children": [
								{
									"name": "Cube5",
									"from": [ 0.4, 6.7, 0.2 ],
									"to": [ 3.4, 20.7, 3.2 ],
									"rotationOrigin": [ 0.9, 7.0, 0.7 ],
									"rotationZ": 17.0,
									"faces": {
										"north": { "texture": "#thorns", "uv": [ 11.0, 1.0, 14.0, 15.0 ] },
										"east": { "texture": "#thorns", "uv": [ 10.0, 1.5, 13.0, 15.5 ] },
										"south": { "texture": "#thorns", "uv": [ 5.5, 1.5, 8.5, 15.5 ] },
										"west": { "texture": "#thorns", "uv": [ 4.5, 0.5, 7.5, 14.5 ] },
										"up": { "texture": "#thorns", "uv": [ 4.0, 10.5, 7.0, 13.5 ] },
										"down": { "texture": "#null", "uv": [ 0.0, 0.0, 3.0, 3.0 ], "enabled": false }
									}
								},
								{
									"name": "thorn5",
									"from": [ 0.5, 4.0, 0.0 ],
									"to": [ 3.5, 9.0, 3.0 ],
									"rotationOrigin": [ 1.0, 4.0, 0.5 ],
									"rotationX": -28.0,
									"rotationY": 6.0,
									"rotationZ": -14.0,
									"faces": {
										"north": { "texture": "#thorns", "uv": [ 12.5, 6.0, 15.5, 11.0 ] },
										"east": { "texture": "#thorns", "uv": [ 9.5, 5.5, 12.5, 10.5 ] },
										"south": { "texture": "#thorns", "uv": [ 4.0, 3.0, 7.0, 8.0 ] },
										"west": { "texture": "#thorns", "uv": [ 0.0, 4.5, 3.0, 9.5 ] },
										"up": { "texture": "#thorns", "uv": [ 11.0, 6.5, 14.0, 9.5 ] },
										"down": { "texture": "#null", "uv": [ 0.0, 0.0, 3.0, 3.0 ], "enabled": false }
									}
								}
							]
						},
						{
							"name": "thorn6",
							"from": [ 0.9, 6.0, 0.0 ],
							"to": [ 2.9, 14.0, 2.0 ],
							"rotationOrigin": [ 1.4, 6.0, 0.5 ],
							"rotationY": -53.0,
							"rotationZ": 36.0,
							"faces": {
								"north": { "texture": "#thorns", "uv": [ 12.5, 6.5, 14.5, 14.5 ] },
								"east": { "texture": "#thorns", "uv": [ 8.5, 4.0, 10.5, 12.0 ] },
								"south": { "texture": "#thorns", "uv": [ 4.0, 2.5, 6.0, 10.5 ] },
								"west": { "texture": "#thorns", "uv": [ 4.0, 0.0, 6.0, 8.0 ] },
								"up": { "texture": "#thorns", "uv": [ 9.5, 13.0, 11.5, 15.0 ] },
								"down": { "texture": "#null", "uv": [ 0.0, 0.0, 2.0, 2.0 ], "enabled": false }
							}
						},
						{
							"name": "thorn7",
							"from": [ 1.0, 3.0, 1.0 ],
							"to": [ 4.0, 8.0, 4.0 ],
							"rotationOrigin": [ 1.5, 3.0, 1.5 ],
							"rotationX": 30.0,
							"rotationY": -36.0,
							"rotationZ": -11.0,
							"faces": {
								"north": { "texture": "#thorns", "uv": [ 8.0, 0.5, 11.0, 5.5 ] },
								"east": { "texture": "#thorns", "uv": [ 10.5, 5.5, 13.5, 10.5 ] },
								"south": { "texture": "#thorns", "uv": [ 11.5, 7.0, 14.5, 12.0 ] },
								"west": { "texture": "#thorns", "uv": [ 6.0, 1.5, 9.0, 6.5 ] },
								"up": { "texture": "#thorns", "uv": [ 1.0, 8.5, 4.0, 11.5 ] },
								"down": { "texture": "#null", "uv": [ 0.0, 0.0, 3.0, 3.0 ], "enabled": false }
							}
						}
					]
				},
				{
					"name": "spike6",
					"from": [ 4.5, -0.9, 1.5 ],
					"to": [ 8.0, 15.1, 5.0 ],
					"rotationOrigin": [ 5.0, -0.9, 2.0 ],
					"rotationX": -58.0,
					"rotationY": -24.0,
					"rotationZ": -20.0,
					"faces": {
						"north": { "texture": "#thorns", "uv": [ 8.5, 0.0, 12.0, 16.0 ] },
						"east": { "texture": "#thorns", "uv": [ 8.5, 0.0, 12.0, 16.0 ] },
						"south": { "texture": "#thorns", "uv": [ 5.5, 0.0, 9.0, 16.0 ] },
						"west": { "texture": "#thorns", "uv": [ 0.0, 0.0, 3.5, 16.0 ] },
						"up": { "texture": "#thorns", "uv": [ 6.0, 3.0, 9.5, 6.5 ] },
						"down": { "texture": "#thorns", "uv": [ 0.5, 4.0, 4.0, 7.5 ] }
					}
				},
				{
					"name": "spike7",
					"from": [ -5.5, -0.5, -3.5 ],
					"to": [ -2.5, 10.5, -0.5 ],
					"rotationOrigin": [ -5.0, -0.5, -3.0 ],
					"rotationX": -58.0,
					"rotationY": -11.0,
					"rotationZ": -47.0,
					"faces": {
						"north": { "texture": "#thorns", "uv": [ 0.0, 1.0, 3.0, 12.0 ] },
						"east": { "texture": "#thorns", "uv": [ 5.0, 1.0, 8.0, 12.0 ] },
						"south": { "texture": "#thorns", "uv": [ 0.5, 2.5, 3.5, 13.5 ] },
						"west": { "texture": "#thorns", "uv": [ 6.0, 1.0, 9.0, 12.0 ] },
						"up": { "texture": "#thorns", "uv": [ 10.0, 2.0, 13.0, 5.0 ] },
						"down": { "texture": "#thorns", "uv": [ 3.0, 6.0, 6.0, 9.0 ] }
					}
				},
				{
					"name": "spike8",
					"from": [ -7.5, -0.9, 6.5 ],
					"to": [ -4.0, 15.1, 10.0 ],
					"rotationOrigin": [ -7.0, -0.9, 7.0 ],
					"rotationX": -58.0,
					"rotationY": -11.0,
					"rotationZ": -5.0,
					"faces": {
						"north": { "texture": "#thorns", "uv": [ 0.0, 0.0, 3.5, 16.0 ] },
						"east": { "texture": "#thorns", "uv": [ 2.0, 0.0, 5.5, 16.0 ] },
						"south": { "texture": "#thorns", "uv": [ 11.5, 0.0, 15.0, 16.0 ] },
						"west": { "texture": "#thorns", "uv": [ 1.5, 0.0, 5.0, 16.0 ] },
						"up": { "texture": "#thorns", "uv": [ 1.0, 4.5, 4.5, 8.0 ] },
						"down": { "texture": "#thorns", "uv": [ 1.0, 1.0, 4.5, 4.5 ] }
					},
					"children": [
						{
							"name": "thorn8",
							"from": [ 0.3, 15.5, 0.0 ],
							"to": [ 3.3, 26.5, 3.0 ],
							"rotationOrigin": [ 0.8, 15.5, 0.5 ],
							"rotationX": 28.0,
							"rotationZ": 17.0,
							"faces": {
								"north": { "texture": "#thorns", "uv": [ 4.0, 0.5, 7.0, 11.5 ] },
								"east": { "texture": "#thorns", "uv": [ 11.5, 0.5, 14.5, 11.5 ] },
								"south": { "texture": "#thorns", "uv": [ 11.0, 4.0, 14.0, 15.0 ] },
								"west": { "texture": "#thorns", "uv": [ 2.5, 0.5, 5.5, 11.5 ] },
								"up": { "texture": "#thorns", "uv": [ 0.0, 0.0, 3.0, 3.0 ] },
								"down": { "texture": "#null", "uv": [ 0.0, 0.0, 3.0, 3.0 ], "enabled": false }
							}
						}
					]
				}
			]
		}
	],
	"animations": [
		{
			"name": "idle",
			"code": "idle",
			"quantityframes": 30,
			"onActivityStopped": "Rewind",
			"onAnimationEnd": "Repeat",
			"keyframes": [
				{
					"frame": 0,
					"elements": {
						"Riftbeam1": { "rotationX": 0.0, "rotationY": 0.0, "rotationZ": 0.0 }
					}
				},
				{
					"frame": 15,
					"elements": {
						"Riftbeam1": { "rotationX": 0.0, "rotationY": 180.0, "rotationZ": 0.0 }
					}
				},
				{
					"frame": 29,
					"elements": {
						"Riftbeam1": { "rotationX": 0.0, "rotationY": 359.0, "rotationZ": 0.0 }
					}
				}
			]
		}
	]
}