{
  "type": "content",
  "modid": "wrustbound",
  "name": "Wilderlands-Rustbound",
  "authors": [ "Thalius" ],
  "description": "Wilderlands Rustbound is a challenging Vintage Story mod that overhauls drifters and other creatures, making the world more dangerous with new hostile entities, evolving nests and spires, and no easy loot farming. ",
  "RequiredOnClient": true,
  "RequiredOnServer": true,
  "version": "2.0.3",
  "dependencies": {
    "game": "",
    "wlunarbound": "",
    "wilderlandsbehaviors": "1.0.6"
  }
}