{
	"editor": {
		"allAngles": false,
		"entityTextureMode": false
	},
	"textureWidth": 16,
	"textureHeight": 16,
	"textureSizes": {
	},
	"elements": [
		{
			"name": "base",
			"from": [ 4.25, 0.0, 3.0 ], 
			"to": [ 11.75, 7.5, 13.0 ], 
			"rotationOrigin": [ 7.95, 0.0, 8.0 ],
			"rotationY": 90.0,
			"faces": {
				"north": { "texture": "#cloth", "uv": [ 4.0, 8.5, 11.5, 16.0 ] },
				"east": { "texture": "#cloth", "uv": [ 3.0, 8.5, 13.0, 16.0 ] },
				"south": { "texture": "#cloth", "uv": [ 4.5, 8.5, 12.0, 16.0 ] },
				"west": { "texture": "#cloth", "uv": [ 3.0, 8.5, 13.0, 16.0 ] },
				"up": { "texture": "#cloth", "uv": [ 2.5, 1.5, 12.5, 9.0 ], "rotation": 90 },
				"down": { "texture": "#cloth", "uv": [ 3.0, 1.0, 13.0, 8.5 ], "rotation": 90 }
			},
			"children": [
				{
					"name": "baseE",
					"from": [ 7.5, 0.0, 1.25 ], 
					"to": [ 8.75, 7.5, 8.75 ], 
					"rotationOrigin": [ 12.5, 0.0, 6.25 ],
					"faces": {
						"north": { "texture": "#cloth", "uv": [ 6.5, 8.5, 7.5, 16.0 ] },
						"east": { "texture": "#cloth", "uv": [ 4.0, 8.5, 11.5, 16.0 ] },
						"south": { "texture": "#cloth", "uv": [ 6.0, 8.5, 7.0, 16.0 ] },
						"up": { "texture": "#cloth", "uv": [ 4.0, 1.5, 11.5, 2.5 ], "rotation": 90 },
						"down": { "texture": "#cloth", "uv": [ 4.0, 3.0, 11.5, 4.0 ], "rotation": 90 }
					}
				},
				{
					"name": "baseW",
					"from": [ -1.25, 0.0, 1.25 ], 
					"to": [ 0.0, 7.5, 8.75 ], 
					"rotationOrigin": [ 3.75, 0.0, 6.25 ],
					"faces": {
						"north": { "texture": "#cloth", "uv": [ 5.0, 8.5, 6.0, 16.0 ] },
						"south": { "texture": "#cloth", "uv": [ 5.0, 8.5, 6.0, 16.0 ] },
						"west": { "texture": "#cloth", "uv": [ 3.5, 8.5, 11.0, 16.0 ] },
						"up": { "texture": "#cloth", "uv": [ 3.0, 3.5, 10.5, 4.5 ], "rotation": 90 },
						"down": { "texture": "#cloth", "uv": [ 4.5, 2.5, 12.0, 3.5 ], "rotation": 90 }
					}
				},
				{
					"name": "baseU",
					"from": [ 0.0, 7.5, 1.25 ], 
					"to": [ 7.5, 8.75, 8.75 ], 
					"rotationOrigin": [ 5.0, 7.5, 6.25 ],
					"faces": {
						"north": { "texture": "#cloth", "uv": [ 2.0, 1.0, 9.5, 2.0 ] },
						"east": { "texture": "#cloth", "uv": [ 3.5, 2.5, 11.0, 3.5 ] },
						"south": { "texture": "#cloth", "uv": [ 5.0, 2.0, 12.5, 3.0 ] },
						"west": { "texture": "#cloth", "uv": [ 4.0, 2.5, 11.5, 3.5 ] },
						"up": { "texture": "#cloth", "uv": [ 5.0, 2.0, 12.5, 9.5 ] },
						"down": { "texture": "#cloth", "uv": [ 3.0, 1.0, 10.5, 8.5 ] }
					}
				}
			]
		},
		{
			"name": "neck1",
			"from": [ 5.5, 7.6, 5.4 ], 
			"to": [ 10.1, 10.3, 10.0 ], 
			"rotationOrigin": [ 7.8, 7.605, 7.7 ],
			"rotationX": 15.0,
			"rotationY": -22.5,
			"faces": {
				"north": { "texture": "#cloth", "uv": [ 2.0, 1.0, 6.5, 3.5 ] },
				"east": { "texture": "#cloth", "uv": [ 1.0, 1.0, 5.5, 3.5 ] },
				"south": { "texture": "#cloth", "uv": [ 1.0, 2.0, 5.5, 4.5 ] },
				"west": { "texture": "#cloth", "uv": [ 0.0, 1.0, 4.5, 3.5 ] },
				"up": { "texture": "#cloth", "uv": [ 2.0, 2.0, 6.5, 6.5 ] }
			},
			"children": [
				{
					"name": "neck2",
					"from": [ 0.575, 1.85, 0.47 ], 
					"to": [ 4.025, 3.3, 3.92 ], 
					"rotationOrigin": [ 2.3, 1.85, 2.2 ],
					"rotationX": 15.0,
					"rotationY": 22.5,
					"faces": {
						"north": { "texture": "#cloth", "uv": [ 2.0, 1.0, 5.0, 2.0 ] },
						"east": { "texture": "#cloth", "uv": [ 2.0, 1.0, 5.0, 2.0 ] },
						"south": { "texture": "#cloth", "uv": [ 2.0, 2.0, 5.0, 3.0 ] },
						"west": { "texture": "#cloth", "uv": [ 5.0, 1.0, 8.0, 2.0 ] },
						"up": { "texture": "#cloth", "uv": [ 5.0, 6.0, 8.0, 9.0 ] }
					},
					"children": [
						{
							"name": "neck3",
							"from": [ 0.46, 1.05, 0.46 ], 
							"to": [ 2.76, 2.3, 2.76 ], 
							"rotationOrigin": [ 1.725, 1.05, 1.725 ],
							"rotationX": 15.0,
							"rotationY": 22.5,
							"faces": {
								"north": { "texture": "#cloth", "uv": [ 3.0, 1.0, 5.0, 2.0 ] },
								"east": { "texture": "#cloth", "uv": [ 8.0, 1.0, 10.0, 2.0 ] },
								"south": { "texture": "#cloth", "uv": [ 7.0, 2.0, 9.0, 3.0 ] },
								"west": { "texture": "#cloth", "uv": [ 6.0, 1.0, 8.0, 2.0 ] },
								"up": { "texture": "#cloth", "uv": [ 2.0, 7.0, 4.0, 9.0 ] }
							},
							"children": [
								{
									"name": "mouth1",
									"from": [ 0.23, 1.15, 0.23 ], 
									"to": [ 0.805, 3.45, 2.07 ], 
									"rotationOrigin": [ 0.805, 1.15, 1.15 ],
									"rotationY": 10.0,
									"rotationZ": 15.0,
									"faces": {
										"north": { "texture": "#cloth", "uv": [ 1.0, 1.0, 1.575, 3.3 ] },
										"east": { "texture": "#cloth", "uv": [ 1.0, 1.0, 2.725, 3.3 ] },
										"south": { "texture": "#cloth", "uv": [ 1.0, 2.0, 1.575, 4.3 ] },
										"west": { "texture": "#cloth", "uv": [ 1.0, 1.0, 2.725, 3.3 ] },
										"up": { "texture": "#cloth", "uv": [ 2.0, 1.0, 2.575, 2.725 ] }
									}
								},
								{
									"name": "mouth2",
									"from": [ 0.575, 1.15, 0.575 ], 
									"to": [ 1.15, 3.45, 2.415 ], 
									"rotationOrigin": [ 1.15, 1.15, 1.495 ],
									"rotationY": 100.0,
									"rotationZ": 15.0,
									"faces": {
										"north": { "texture": "#cloth", "uv": [ 2.0, 1.0, 2.575, 3.3 ] },
										"east": { "texture": "#cloth", "uv": [ 3.0, 1.0, 4.725, 3.3 ] },
										"south": { "texture": "#cloth", "uv": [ 3.0, 2.0, 3.575, 4.3 ] },
										"west": { "texture": "#cloth", "uv": [ 4.0, 1.0, 5.725, 3.3 ] },
										"up": { "texture": "#cloth", "uv": [ 4.0, 0.0, 4.575, 1.725 ] }
									}
								},
								{
									"name": "mouth3",
									"from": [ 0.805, 1.15, 0.23 ], 
									"to": [ 1.38, 3.45, 2.07 ], 
									"rotationOrigin": [ 1.38, 1.15, 1.15 ],
									"rotationY": 190.0,
									"rotationZ": 15.0,
									"faces": {
										"north": { "texture": "#cloth", "uv": [ 3.0, 1.0, 3.575, 3.3 ] },
										"east": { "texture": "#cloth", "uv": [ 1.0, 1.0, 2.725, 3.3 ] },
										"south": { "texture": "#cloth", "uv": [ 7.0, 2.0, 7.575, 4.3 ] },
										"west": { "texture": "#cloth", "uv": [ 4.0, 1.0, 5.725, 3.3 ] },
										"up": { "texture": "#cloth", "uv": [ 4.0, 4.0, 4.575, 5.725 ] }
									}
								},
								{
									"name": "mouth4",
									"from": [ 0.46, 1.15, -0.115 ], 
									"to": [ 1.035, 3.45, 1.725 ], 
									"rotationOrigin": [ 1.035, 1.15, 0.805 ],
									"rotationY": 280.0,
									"rotationZ": 15.0,
									"faces": {
										"north": { "texture": "#cloth", "uv": [ 5.0, 2.0, 5.575, 4.3 ] },
										"east": { "texture": "#cloth", "uv": [ 4.0, 6.0, 5.725, 8.3 ] },
										"south": { "texture": "#cloth", "uv": [ 3.0, 7.0, 3.575, 9.3 ] },
										"west": { "texture": "#cloth", "uv": [ 5.0, 6.0, 6.725, 8.3 ] },
										"up": { "texture": "#cloth", "uv": [ 3.0, 5.0, 3.575, 6.725 ] }
									}
								}
							]
						}
					]
				}
			]
		}
	]
}