[
	{
		"dependsOn": [
			{ "modid": "geoaddons" }
		],
		"side": "Server",
		"file": "interestingoregen:worldgen/deposits/mineralore/garnetgossular.json",
		"op": "addmerge",
		"path": "/-",
		"value": {
			"code": "garnetgrossular",
			"enabled": false,
			"triesPerChunk": 0.1,
			"withOreMap": true,
			"handbookPageCode": "item-gem-garnetgrossular-rough",
			"generator": "iog-gen",
			"attributes": {
				"inblock": {
					"veintype": "fault",
					"code": "rock-*",
					"name": "rock",
					"allowedVariants": [
						"slate",
						"phyllite",
						"schist",
						"gneiss",
						"migmatite",
						"amphibolite"
					]
				},
				"placeblock": {
					"code": "ore-*-garnetgrossular-{rock}",
					"name": "potential",
					"allowedVariants": [
						"low",
						"medium",
						"high"
					]
				},
				"radius": {
					"dist": "uniform",
					"avg": 32,
					"var": 16
				},
				"yPosRel": {
					"dist": "uniform",
					"avg": 0.45,
					"var": 0.4
				},
				"thickness": {
					"dist": "uniform",
					"avg": 0.1,
					"var": 0.5
				},
				"branchCount": {
					"dist": "uniform",
					"avg": 1,
					"var": 0
				},
				"branchLength": {
					"dist": "uniform",
					"avg": 3,
					"var": 1.5
				},
				"OreSpongePercent": 0.85
			}
		}
	},
]