[
	{
		"dependsOn": [
			{ "modid": "geoaddons" }
		],
		"side": "Server",
		"file": "interestingoregen:worldgen/deposits/mineralore/tourmalinewatermelon.json",
		"op": "addmerge",
		"path": "/-",
		"value": {
			"code": "tourmalinewatermelon",
			"enabled": false,
			"triesPerChunk": 0.1,
			"withOreMap": true,
			"handbookPageCode": "item-gem-tourmalinewatermelon-rough",
			"generator": "iog-gen",
			"attributes": {
				"inblock": {
					"veintype": "chimney",
					"code": "rock-*",
					"name": "rock",
					"allowedVariants": [
						"granite",
						"phyllite",
						"schist",
						"gneiss",
						"migmatite"
					]
				},
				"placeblock": {
					"code": "ore-*-tourmalinewatermelon-{rock}",
					"name": "potential",
					"allowedVariants": [
						"low",
						"medium",
						"high"
					]
				},
				"radius": {
					"dist": "uniform",
					"avg": 3,
					"var": 1
				},
				"yPosRel": {
					"dist": "uniform",
					"avg": 0.45,
					"var": 0.4
				},
				"thickness": {
					"dist": "uniform",
					"avg": 10,
					"var": 1
				},
				"branchCount": {
					"dist": "uniform",
					"avg": 2,
					"var": 1
				},
				"branchLength": {
					"dist": "uniform",
					"avg": 48,
					"var": 16
				},
				"OreSpongePercent": 0.6
			}
		}
	},
]