[
  {
    "file": "sortablestorage:blocktypes/wood/chestsortable.json",
    "side": "server",
    "op": "add",
    "path": "/behaviors/-",
    "value": {
      "name": "Carryable",
      "properties": {
        "translation": [0.0625, 0, 0],
        "rotation": [0, 180, 0],
        "slots": {
          "Hands": {},
          "Back": {}
        }
      }
    },
    "dependsOn": [{ "modid": "carryon" }]
  },
  {
    "file": "sortablestorage:blocktypes/wood/chestsortable-labeled.json",
    "side": "server",
    "op": "add",
    "path": "/behaviors/-",
    "value": {
      "name": "Carryable",
      "properties": {
        "translation": [0.0625, 0, 0],
        "rotation": [0, 180, 0],
        "slots": {
          "Hands": {},
          "Back": {}
        }
      }
    },
    "dependsOn": [{ "modid": "carryon" }]
  },
  {
    "file": "sortablestorage:blocktypes/stationarybasketsortable.json",
    "side": "server",
    "op": "add",
    "path": "/behaviors/-",
    "value": {
      "name": "Carryable",
      "properties": {
        "interactDelay": 0.4,
        "slots": {
          "Hands": {
            "animation": "carryon:holdlight",
            "walkSpeedModifier": -0.15
          },
          "Back": {
            "walkSpeedModifier": 0.0,
            "translation": [0.09375, 0, 0.03125],
            "rotation": [0, 0, -90],
            "scale": 0.6
          }
        }
      }
    },
    "dependsOn": [{ "modid": "carryon" }]
  },
  {
    "file": "sortablestorage:blocktypes/clay/storagevesselsortable.json",
    "side": "server",
    "op": "add",
    "path": "/behaviors/-",
    "value": {
      "name": "Carryable",
      "properties": {
        "translation": [-0.125, 0, 0],
        "slots": {
          "Hands": {},
          "Back": {}
        }
      }
    },
    "dependsOn": [{ "modid": "carryon" }]
  },
  {
    "file": "sortablestorage:blocktypes/clay/storagevesselcoloredsortable.json",
    "side": "server",
    "op": "add",
    "path": "/behaviors/-",
    "value": {
      "name": "Carryable",
      "properties": {
        "translation": [-0.125, 0, 0],
        "slots": {
          "Hands": {},
          "Back": {}
        }
      }
    },
    "dependsOn": [{ "modid": "carryon" }]
  },
  {
    "file": "sortablestorage:blocktypes/deepstorechestsortable.json",
    "side": "server",
    "op": "add",
    "path": "/behaviors/-",
    "value": {
      "name": "Carryable",
      "properties": {
        "translation": [0.0625, 0, 0],
        "rotation": [0, 0, 0],
        "slots": {
          "Hands": {},
          "Back": {}
        }
      }
    },
    "dependsOn": [{ "modid": "carryon" }]
  }
]
