[
	{
		"ingredientPattern": "P_P	PPP",
		"ingredients": {
			"P": { "type": "item", "code": "palmleaf-palmetto", "quantity": 1 }
		},
		"name": "basket",
		"width": 3,
		"height": 2,
		"output": { "type": "item", "code": "basket-normal-palm"  }
	},
	{
		"ingredientPattern": "P_P	PPP",
		"ingredients": {
			"P": { "type": "item", "code": "palmleaf-roystonearegia", "quantity": 1 }
		},
		"name": "basket",
		"width": 3,
		"height": 2,
		"output": { "type": "item", "code": "basket-normal-palm"  }
	}
]