[
  {
    "op": "remove",
    "path": "/sidesolid/all",
    "file": "game:blocktypes/chiseled/chiseledblock-snowcovered.json",
    "side": "Server"
  },
  {
    "op": "add",
    "path": "/sidesolid/down",
    "value": true,
    "file": "game:blocktypes/chiseled/chiseledblock-snowcovered.json",
    "side": "Server"
  },
  {
    "op": "add",
    "path": "/sidesolid/east",
    "value": true,
    "file": "game:blocktypes/chiseled/chiseledblock-snowcovered.json",
    "side": "Server"
  },
  {
    "op": "add",
    "path": "/sidesolid/north",
    "value": true,
    "file": "game:blocktypes/chiseled/chiseledblock-snowcovered.json",
    "side": "Server"
  },
  {
    "op": "add",
    "path": "/sidesolid/south",
    "value": true,
    "file": "game:blocktypes/chiseled/chiseledblock-snowcovered.json",
    "side": "Server"
  },
  {
    "op": "add",
    "path": "/sidesolid/up",
    "value": false,
    "file": "game:blocktypes/chiseled/chiseledblock-snowcovered.json",
    "side": "Server"
  },
  {
    "op": "add",
    "path": "/sidesolid/west",
    "value": true,
    "file": "game:blocktypes/chiseled/chiseledblock-snowcovered.json",
    "side": "Server"
  }
]