{
	"code": "creature",
	"class": "ItemCreature",
	"maxstacksize": 64,
	"variantgroups": [
		{
			"code": "type",
			"states": [
				"diprotodontidae-adult-female-zygomaturustrilobus","diprotodontidae-adult-male-zygomaturustrilobus","diprotodontidae-baby-female-zygomaturustrilobus", "diprotodontidae-baby-male-zygomaturustrilobus",
				"thylacoleonidae-adult-female-thylacoleocarnifex","thylacoleonidae-adult-male-thylacoleocarnifex","thylacoleonidae-baby-female-thylacoleocarnifex", "thylacoleonidae-baby-male-thylacoleocarnifex",
				"vombatidae-adult-female-lasiorhinuskrefftii","vombatidae-adult-male-lasiorhinuskrefftii","vombatidae-baby-female-lasiorhinuskrefftii", "vombatidae-baby-male-lasiorhinuskrefftii",
				"vombatidae-adult-female-lasiorhinuslatifrons","vombatidae-adult-male-lasiorhinuslatifrons","vombatidae-baby-female-lasiorhinuslatifrons", "vombatidae-baby-male-lasiorhinuslatifrons",
				"vombatidae-adult-female-phascolonusgigas","vombatidae-adult-male-phascolonusgigas","vombatidae-baby-female-phascolonusgigas", "vombatidae-baby-male-phascolonusgigas",
				"vombatidae-adult-female-vombatushacketti","vombatidae-adult-male-vombatushacketti","vombatidae-baby-female-vombatushacketti", "vombatidae-baby-male-vombatushacketti",
				"vombatidae-adult-female-vombatusursinus","vombatidae-adult-male-vombatusursinus","vombatidae-baby-female-vombatusursinus", "vombatidae-baby-male-vombatusursinus"

			]
		}
		
		],

	"shapeByType": {
		"*-adult-male-zygomaturustrilobus": {"base": "entity/land/diprotodontidae/zygomaturustrilobus-adult"},
		"*-adult-female-zygomaturustrilobus": {"base": "entity/land/diprotodontidae/zygomaturustrilobus-adult"},
		"*-baby-female-zygomaturustrilobus": {"base": "entity/land/diprotodontidae/zygomaturustrilobus-baby"},
		"*-baby-male-zygomaturustrilobus": {"base": "entity/land/diprotodontidae/zygomaturustrilobus-baby"},

		"*-adult-male-thylacoleocarnifex": {"base": "entity/land/thylacoleonidae/thylacoleocarnifex-adult"},
		"*-adult-female-thylacoleocarnifex": {"base": "entity/land/thylacoleonidae/thylacoleocarnifex-adult"},
		"*-baby-female-thylacoleocarnifex": {"base": "entity/land/thylacoleonidae/thylacoleocarnifex-baby"},
		"*-baby-male-thylacoleocarnifex": {"base": "entity/land/thylacoleonidae/thylacoleocarnifex-baby"},

		"*-adult-male-lasiorhinuskrefftii": {"base": "entity/land/vombatidae/lasiorhinuskrefftii-adult"},
		"*-adult-female-lasiorhinuskrefftii": {"base": "entity/land/vombatidae/lasiorhinuskrefftii-adult"},
		"*-baby-female-lasiorhinuskrefftii": {"base": "entity/land/vombatidae/lasiorhinuskrefftii-baby"},
		"*-baby-male-lasiorhinuskrefftii": {"base": "entity/land/vombatidae/lasiorhinuskrefftii-baby"},

		"*-adult-male-lasiorhinuslatifrons": {"base": "entity/land/vombatidae/lasiorhinuslatifrons-adult"},
		"*-adult-female-lasiorhinuslatifrons": {"base": "entity/land/vombatidae/lasiorhinuslatifrons-adult"},
		"*-baby-female-lasiorhinuslatifrons": {"base": "entity/land/vombatidae/lasiorhinuskrefftii-baby"},
		"*-baby-male-lasiorhinuslatifrons": {"base": "entity/land/vombatidae/lasiorhinuskrefftii-baby"},

		"*-adult-male-phascolonusgigas": {"base": "entity/land/vombatidae/phascolonusgigas-adult"},
		"*-adult-female-phascolonusgigas": {"base": "entity/land/vombatidae/phascolonusgigas-adult"},
		"*-baby-female-phascolonusgigas": {"base": "entity/land/vombatidae/phascolonusgigas-baby"},
		"*-baby-male-phascolonusgigas": {"base": "entity/land/vombatidae/phascolonusgigas-baby"},		

		"*-adult-male-vombatushacketti": {"base": "entity/land/vombatidae/vombatushacketti-adult"},
		"*-adult-female-vombatushacketti": {"base": "entity/land/vombatidae/vombatushacketti-adult"},
		"*-baby-female-vombatushacketti": {"base": "entity/land/vombatidae/vombatusursinus-baby"},
		"*-baby-male-vombatushacketti": {"base": "entity/land/vombatidae/vombatusursinus-baby"},

		"*-adult-male-vombatusursinus": {"base": "entity/land/vombatidae/vombatusursinus-adult"},
		"*-adult-female-vombatusursinus": {"base": "entity/land/vombatidae/vombatusursinus-adult"},
		"*-baby-female-vombatusursinus": {"base": "entity/land/vombatidae/vombatusursinus-baby"},
		"*-baby-male-vombatusursinus": {"base": "entity/land/vombatidae/vombatusursinus-baby"}
	},
	"texturesByType": {
		"*adult-male-zygomaturustrilobus": {"skin": { "base": "entity/diprotodontidae/zygomaturustrilobus-adult" }},
		"*adult-female-zygomaturustrilobus": {"skin": { "base": "entity/diprotodontidae/zygomaturustrilobus-adult" }},
		"*-baby-female-zygomaturustrilobus": {"skin": { "base": "entity/diprotodontidae/zygomaturustrilobus-baby" }},
		"*-baby-male-zygomaturustrilobus": {"skin": { "base": "entity/diprotodontidae/zygomaturustrilobus-baby" }},

		"*adult-male-thylacoleocarnifex": {"skin": { "base": "entity/thylacoleonidae/thylacoleocarnifex-adult" }},
		"*adult-female-thylacoleocarnifex": {"skin": { "base": "entity/thylacoleonidae/thylacoleocarnifex-adult" }},
		"*-baby-female-thylacoleocarnifex": {"skin": { "base": "entity/thylacoleonidae/thylacoleocarnifex-baby" }},
		"*-baby-male-thylacoleocarnifex": {"skin": { "base": "entity/thylacoleonidae/thylacoleocarnifex-baby" }},

		"*adult-male-lasiorhinuskrefftii": {"skin": { "base": "entity/vombatidae/lasiorhinuskrefftii-adult1" }},
		"*adult-female-lasiorhinuskrefftii": {"skin": { "base": "entity/vombatidae/lasiorhinuskrefftii-adult1" }},
		"*-baby-female-lasiorhinuskrefftii": {"skin": { "base": "entity/vombatidae/lasiorhinuskrefftii-baby" }},
		"*-baby-male-lasiorhinuskrefftii": {"skin": { "base": "entity/vombatidae/lasiorhinuskrefftii-baby" }},
		
		"*adult-male-lasiorhinuslatifrons": {"skin": { "base": "entity/vombatidae/lasiorhinuslatifrons-adult1" }},
		"*adult-female-lasiorhinuslatifrons": {"skin": { "base": "entity/vombatidae/lasiorhinuslatifrons-adult1" }}, 
		"*-baby-female-lasiorhinuslatifrons": {"skin": { "base": "entity/vombatidae/lasiorhinuskrefftii-baby" }},
		"*-baby-male-lasiorhinuslatifrons": {"skin": { "base": "entity/vombatidae/lasiorhinuskrefftii-baby" }},
		
		"*adult-male-phascolonusgigas": {"skin": { "base": "entity/vombatidae/phascolonusgigas-adult1" }},
		"*adult-female-phascolonusgigas": {"skin": { "base": "entity/vombatidae/phascolonusgigas-adult1" }}, 
		"*-baby-female-phascolonusgigas": {"skin": { "base": "entity/vombatidae/phascolonusgigas-baby" }},
		"*-baby-male-phascolonusgigas": {"skin": { "base": "entity/vombatidae/phascolonusgigas-baby" }},
		
		"*adult-male-vombatushacketti": {"skin": { "base": "entity/vombatidae/vombatushacketti-adult1" }},
		"*adult-female-vombatushacketti": {"skin": { "base": "entity/vombatidae/vombatushacketti-adult1" }}, 
		"*-baby-female-vombatushacketti": {"skin": { "base": "entity/vombatidae/vombatusursinus-baby" }},
		"*-baby-male-vombatushacketti": {"skin": { "base": "entity/vombatidae/vombatusursinus-baby" }},

		"*adult-male-vombatusursinus": {"skin": { "base": "entity/vombatidae/vombatusursinus-adult1" }},
		"*adult-female-vombatusursinus": {"skin": { "base": "entity/vombatidae/vombatusursinus-adult1" }}, 
		"*-baby-female-vombatusursinus": {"skin": { "base": "entity/vombatidae/vombatusursinus-baby" }},
		"*-baby-male-vombatusursinus": {"skin": { "base": "entity/vombatidae/vombatusursinus-baby" }}
	},
	
	
	
	
	"creativeinventory": { "general": ["*"], "items": ["*"], "creatures": ["*"] },
	"materialDensity": 600,
	"guiTransformByType": {

		
		"creature-diprotodontidae-*": {
			"rotate": true,
			"translation": { "x": 0, "y": 0, "z": 0 },
			"rotation": { "x": -11, "y": -52, "z": -180 },
			"origin": { "x": 0.5, "y": 0.5, "z": 0.5 },
			"scale": 0.75
		},	
		"creature-thylacoleonidae-*": {
			"rotate": true,
			"translation": { "x": 0, "y": 0, "z": 0 },
			"rotation": { "x": -11, "y": -52, "z": -180 },
			"origin": { "x": 0.5, "y": 0.4, "z": 0.5 },
			"scale": 1.0
		},		
		"creature-vombatidae-*": {
			"rotate": true,
			"translation": { "x": 0, "y": 0, "z": 0 },
			"rotation": { "x": -11, "y": -52, "z": -180 },
			"origin": { "x": 0.5, "y": 0.25, "z": 0.5 },
			"scale": 2.0
		}				
	},
	
	"tpHandTransformByType": {
		"*": {
			"translation": { "x": -0.8, "y": -0.5, "z": -0.5 },
			"rotation": { "x": -180, "y": 0, "z": -156 },
			"origin": { "x": 0.5, "y": 0.5, "z": 0.5 },
			"scale": 1.0
		}
	},
	
	"fpHandTransformByType": {
		"*": {
			"translation": { "x": 0.1, "y": 0, "z": 0 },
			"rotation": { "x": -8, "y": -63, "z": -7 },
			"origin": { "x": 0.5, "y": 0.25, "z": 0.5 }
		}
	}}
	

	
	
	
	




