﻿[
    // viverridae
    {
        "side": "server",
        "file": "viverridae:entities/land/nandiniidae",
        "op": "add",
        "path": "/server/behaviors/-",
        "value": {
            "code": "EntityFootprintsBehaviorSync",
            "attributes": {
                "texture": "cat",
                "stepDistance": 0.2
            }
        }
    },
    {
        "side": "server",
        "file": "viverridae:entities/land/nandiniidae",
        "op": "add",
        "path": "/client/behaviors/-",
        "value": {
            "code": "EntityFootprintsBehavior",
            "attributes": {
                "texture": "cat",
                "stepDistance": 0.2
            }
        }
    },
    {
        "side": "server",
        "file": "viverridae:entities/land/viverridae",
        "op": "add",
        "path": "/server/behaviors/-",
        "value": {
            "code": "EntityFootprintsBehaviorSync",
            "attributes": {
                "texture": "cat",
                "stepDistance": 0.2
            }
        }
    },
    {
        "side": "server",
        "file": "viverridae:entities/land/viverridae",
        "op": "add",
        "path": "/client/behaviors/-",
        "value": {
            "code": "EntityFootprintsBehavior",
            "attributes": {
                "texture": "cat",
                "stepDistance": 0.2
            }
        }
    }
]