[
  {
    "op": "addmerge",
    "path": "/skipVariants",
    "value": [ "*-darkaged" ],
    "file": "game:itemtypes/resource/plank.json",
    "side": "Server"
  },
  {
    "op": "addmerge",
    "path": "/skipVariants",
    "value": [ "*-*-lightaged", "*-*-darkaged" ],
    "file": "game:itemtypes/tool/oar.json",
    "side": "Server"
  },
  {
    "op": "addmerge",
    "path": "/skipVariants",
    "value": [ "*-*-lightaged", "*-*-darkaged" ],
    "file": "game:itemtypes/utility/boat.json",
    "side": "Server"
  },
  {
    "op": "addmerge",
    "path": "/skipVariants",
    "value": [ "*-lightaged", "*-darkaged" ],
    "file": "game:itemtypes/wearable/boatseat.json",
    "side": "Server"
  },
  {
    "op": "addmerge",
    "path": "/skipVariants",
    "value": [ "*-lightaged-*", "*-darkaged-*" ],
    "file": "game:blocktypes/wood/woodtyped/path.json",
    "side": "Server"
  },
  {
    "op": "addmerge",
    "path": "/skipVariants",
    "value": [ "*-darkaged-*-*-*" ],
    "file": "game:blocktypes/wood/woodtyped/plankstairs.json",
    "side": "Server"
  },
  {
    "op": "addmerge",
    "path": "/skipVariants",
    "value": [ "*-*-lightaged", "*-*-darkaged" ],
    "file": "game:blocktypes/plant/leaves/normal.json",
    "side": "Server"
  },
  {
    "op": "addmerge",
    "path": "/skipVariants",
    "value": [ "*-*-lightaged", "*-*-darkaged" ],
    "file": "game:blocktypes/plant/leaves/branchy.json",
    "side": "Server"
  },
  {
    "op": "addmerge",
    "path": "/skipVariants",
    "value": [ "*-lightaged-*", "*-darkaged-*" ],
    "file": "game:blocktypes/plant/plaintreesapling.json",
    "side": "Server"
  },
  {
    "op": "addmerge",
    "path": "/skipVariants",
    "value": [ "*-lightaged-*", "*-darkaged-*" ],
    "file": "game:blocktypes/wood/woodtyped/log-debarked.json",
    "side": "Server"
  },
  {
    "op": "addmerge",
    "path": "/skipVariants",
    "value": [ "*-darkaged-*" ],
    "file": "game:blocktypes/wood/woodtyped/planks.json",
    "side": "Server"
  },
  {
    "op": "addmerge",
    "path": "/skipVariants",
    "value": [ "*-darkaged-*-*" ],
    "file": "game:blocktypes/wood/woodtyped/plankslab.json",
    "side": "Server"
  },
  {
    "op": "addmerge",
    "path": "/skipVariants",
    "value": [ "*-darkaged-*-*-*-*" ],
    "file": "game:blocktypes/wood/woodtyped/fencegate.json",
    "side": "Server"
  },
  {
    "op": "addmerge",
    "path": "/skipVariants",
    "value": [ "*-lightaged", "*-darkaged" ],
    "file": "game:blocktypes/wood/woodtyped/suppportbeam.json",
    "side": "Server"
  },
  {
    "op": "addmerge",
    "path": "/skipVariants",
    "value": [ "*-darkaged-*-*" ],
    "file": "game:blocktypes/wood/woodtyped/fence-free.json",
    "side": "Server"
  },
  {
    "op": "addmerge",
    "path": "/skipVariants",
    "value": [ "*-*-lightaged", "*-*-darkaged" ],
    "file": "game:blocktypes/wax/wildbeehive-inlog.json",
    "side": "Server"
  },
  {
    "op": "addmerge",
    "path": "/skipVariants",
    "value": [ "*-*-lightaged-*", "*-*-darkaged-*" ],
    "file": "game:blocktypes/glass/pane.json",
    "side": "Server"
  },
  {
    "op": "addmerge",
    "path": "/skipVariants",
    "value": [ "*-lightaged", "*-darkaged" ],
    "file": "game:blocktypes/wood/woodtyped/antlermount.json",
    "side": "Server"
  },
]