{
	"editor": {
		"allAngles": true,
		"entityTextureMode": true
	},
	"textureWidth": 28,
	"textureHeight": 28,
	"textureSizes": {
		"skin": [28,28]
	},
	"textures": {
	},
	"elements": [
		{
			"name": "Hip",
			"from": [ 5.0, 0.0, 6.8 ],
			"to": [ 6.8, 1.0, 9.2 ],
			"unwrapMode": 7,
			"unwrapRotation": 1,
			"autoUnwrap": false,
			"uv": [ 1.62, 55.38 ],
			"rotationOrigin": [ 5.0, 0.0, 8.0 ],
			"rotationZ": -1.0,
			"faces": {
				"north": { "texture": "#skin", "uv": [ 6.5, 14.0, 7.5, 15.5 ], "rotation": 90 },
				"east": { "texture": "#skin", "uv": [ 3.5, 15.5, 5.5, 16.5 ] },
				"south": { "texture": "#skin", "uv": [ 1.5, 14.0, 2.5, 15.5 ], "rotation": 270 },
				"west": { "texture": "#skin", "uv": [ 1.0, 16.0, 3.0, 17.0 ] },
				"up": { "texture": "#skin", "uv": [ 3.5, 14.0, 5.5, 15.5 ], "rotation": 270 },
				"down": { "texture": "#skin", "uv": [ 7.5, 14.0, 9.5, 15.5 ], "rotation": 90 }
			},
			"children": [
				{
					"name": "Tail 1",
					"from": [ 1.6, -0.4, 0.45 ],
					"to": [ 2.6, 1.1, 1.95 ],
					"unwrapMode": 7,
					"unwrapRotation": 1,
					"uv": [ 12.5, 0.75 ],
					"rotationOrigin": [ 1.6, 0.8, 1.2 ],
					"rotationZ": -2.0,
					"faces": {
						"north": { "texture": "#skin", "uv": [ 15.5, 2.5, 17.0, 3.5 ], "rotation": 90 },
						"east": { "texture": "#skin", "uv": [ 14.0, 3.5, 15.5, 5.0 ] },
						"south": { "texture": "#skin", "uv": [ 12.5, 2.5, 14.0, 3.5 ], "rotation": 270 },
						"west": { "texture": "#skin", "uv": [ 14.0, 1.0, 15.5, 2.5 ], "rotation": 180 },
						"up": { "texture": "#skin", "uv": [ 14.0, 2.5, 15.5, 3.5 ], "rotation": 270 },
						"down": { "texture": "#skin", "uv": [ 17.0, 2.5, 18.5, 3.5 ], "rotation": 90 }
					},
					"children": [
						{
							"name": "Tail 3",
							"from": [ 0.8, 0.2, 0.1 ],
							"to": [ 1.8, 1.4, 1.3 ],
							"unwrapMode": 7,
							"unwrapRotation": 1,
							"uv": [ 11.5, 4.38 ],
							"rotationOrigin": [ 1.0, 1.1, 0.7 ],
							"faces": {
								"north": { "texture": "#skin", "uv": [ 13.5, 5.5, 14.5, 6.5 ], "rotation": 90 },
								"east": { "texture": "#skin", "uv": [ 12.5, 6.5, 13.5, 7.5 ] },
								"south": { "texture": "#skin", "uv": [ 11.5, 5.5, 12.5, 6.5 ], "rotation": 270 },
								"west": { "texture": "#skin", "uv": [ 12.5, 4.5, 13.5, 5.5 ], "rotation": 180 },
								"up": { "texture": "#skin", "uv": [ 12.5, 5.5, 13.5, 6.5 ], "rotation": 270 },
								"down": { "texture": "#skin", "uv": [ 14.5, 5.5, 15.5, 6.5 ], "rotation": 90 }
							},
							"children": [
								{
									"name": "Tail 5",
									"from": [ 0.8, 0.1, 0.1 ],
									"to": [ 1.8, 1.1, 1.1 ],
									"unwrapMode": 7,
									"unwrapRotation": 1,
									"uv": [ 11.5, 7.88 ],
									"rotationOrigin": [ 1.0, 0.8, 0.6 ],
									"rotationZ": 1.0,
									"faces": {
										"north": { "texture": "#skin", "uv": [ 13.5, 9.0, 14.5, 10.0 ], "rotation": 90 },
										"east": { "texture": "#skin", "uv": [ 12.5, 10.0, 13.5, 11.0 ] },
										"south": { "texture": "#skin", "uv": [ 11.5, 9.0, 12.5, 10.0 ], "rotation": 270 },
										"west": { "texture": "#skin", "uv": [ 12.5, 8.0, 13.5, 9.0 ], "rotation": 180 },
										"up": { "texture": "#skin", "uv": [ 12.5, 9.0, 13.5, 10.0 ], "rotation": 270 },
										"down": { "texture": "#skin", "uv": [ 14.5, 9.0, 15.5, 10.0 ], "rotation": 90 }
									},
									"children": [
										{
											"name": "Tail 6",
											"from": [ 0.8, 0.05, 0.05 ],
											"to": [ 1.8, 0.95, 0.95 ],
											"unwrapMode": 7,
											"unwrapRotation": 1,
											"uv": [ 12.0, 11.38 ],
											"rotationOrigin": [ 1.0, 0.75, 0.5 ],
											"rotationZ": 1.0,
											"faces": {
												"north": { "texture": "#skin", "uv": [ 13.0, 12.0, 13.5, 13.0 ], "rotation": 90 },
												"east": { "texture": "#skin", "uv": [ 12.5, 13.0, 13.0, 13.5 ] },
												"south": { "texture": "#skin", "uv": [ 12.0, 12.0, 12.5, 13.0 ], "rotation": 270 },
												"west": { "texture": "#skin", "uv": [ 12.5, 11.5, 13.0, 12.0 ], "rotation": 180 },
												"up": { "texture": "#skin", "uv": [ 12.5, 12.0, 13.0, 13.0 ], "rotation": 270 },
												"down": { "texture": "#skin", "uv": [ 13.5, 12.0, 14.0, 13.0 ], "rotation": 90 }
											},
											"children": [
												{
													"name": "Tail 10",
													"from": [ 0.8, 0.1, 0.1 ],
													"to": [ 1.8, 0.8, 0.8 ],
													"unwrapMode": 7,
													"unwrapRotation": 1,
													"uv": [ 16.0, 8.38 ],
													"rotationOrigin": [ 1.0, 0.5, 0.35 ],
													"rotationZ": 1.0,
													"faces": {
														"north": { "texture": "#skin", "uv": [ 17.0, 9.0, 17.5, 10.0 ], "rotation": 90 },
														"east": { "texture": "#skin", "uv": [ 16.5, 10.0, 17.0, 10.5 ] },
														"south": { "texture": "#skin", "uv": [ 16.0, 9.0, 16.5, 10.0 ], "rotation": 270 },
														"west": { "texture": "#skin", "uv": [ 16.5, 8.5, 17.0, 9.0 ], "rotation": 180 },
														"up": { "texture": "#skin", "uv": [ 16.5, 9.0, 17.0, 10.0 ], "rotation": 270 },
														"down": { "texture": "#skin", "uv": [ 17.5, 9.0, 18.0, 10.0 ], "rotation": 90 }
													}
												}
											]
										}
									]
								}
							]
						}
					]
				},
				{
					"name": "Abdomen",
					"from": [ -3.0, 0.0, -0.05 ],
					"to": [ 0.1, 1.0, 2.45 ],
					"unwrapMode": 7,
					"unwrapRotation": 1,
					"autoUnwrap": false,
					"uv": [ 0.75, 46.0 ],
					"rotationOrigin": [ -0.2, 0.0, 1.2 ],
					"rotationZ": 1.0,
					"faces": {
						"north": { "texture": "#skin", "uv": [ 7.5, 10.5, 8.5, 13.5 ], "rotation": 90 },
						"east": { "texture": "#skin", "uv": [ 9.5, 16.0, 12.0, 17.0 ] },
						"south": { "texture": "#skin", "uv": [ 1.0, 10.5, 2.0, 13.5 ], "rotation": 270 },
						"west": { "texture": "#skin", "uv": [ 6.5, 16.0, 9.0, 17.0 ], "windMode": [-1,-1,-1,-1], "windData": [0,0,1,1] },
						"up": { "texture": "#skin", "uv": [ 3.5, 10.5, 6.0, 13.5 ], "rotation": 270 },
						"down": { "texture": "#skin", "uv": [ 8.5, 10.5, 11.0, 13.5 ], "rotation": 90 }
					},
					"children": [
						{
							"name": "Body",
							"from": [ -1.5, 0.0, 0.05 ],
							"to": [ 0.5, 1.0, 2.45 ],
							"unwrapMode": 7,
							"unwrapRotation": 1,
							"autoUnwrap": false,
							"uv": [ 0.62, 37.62 ],
							"rotationOrigin": [ 0.2, 0.0, 1.25 ],
							"rotationZ": 1.0,
							"faces": {
								"north": { "texture": "#skin", "uv": [ 7.0, 8.0, 8.0, 10.0 ], "rotation": 90 },
								"east": { "texture": "#skin", "uv": [ 1.0, 18.5, 3.0, 19.5 ], "windMode": [-1,-1,-1,-1] },
								"south": { "texture": "#skin", "uv": [ 1.0, 8.0, 2.0, 10.0 ], "rotation": 270, "windMode": [-1,-1,-1,-1], "windData": [0,0,0,1] },
								"west": { "texture": "#skin", "uv": [ 3.5, 17.5, 5.5, 18.5 ], "windMode": [-1,-1,-1,-1], "windData": [0,0,1,1] },
								"up": { "texture": "#skin", "uv": [ 3.5, 8.0, 5.5, 10.0 ], "rotation": 270, "windMode": [-1,-1,-1,-1], "windData": [1,1,0,0] },
								"down": { "texture": "#skin", "uv": [ 8.0, 8.0, 10.0, 10.0 ], "rotation": 90, "windMode": [-1,-1,-1,-1] }
							},
							"children": [
								{
									"name": "Neck",
									"from": [ -1.2, 0.0, 0.4 ],
									"to": [ 0.8, 1.0, 2.0 ],
									"unwrapMode": 7,
									"unwrapRotation": 1,
									"autoUnwrap": false,
									"uv": [ 3.75, 4.25 ],
									"rotationOrigin": [ 0.5, 0.0, 1.2 ],
									"rotationZ": -1.0,
									"faces": {
										"north": { "texture": "#skin", "uv": [ 6.0, 5.5, 7.0, 7.5 ], "rotation": 90 },
										"east": { "texture": "#skin", "uv": [ 8.0, 3.0, 9.5, 4.0 ] },
										"south": { "texture": "#skin", "uv": [ 1.5, 5.5, 2.5, 7.5 ], "rotation": 270 },
										"west": { "texture": "#skin", "uv": [ 10.0, 3.0, 11.5, 4.0 ] },
										"up": { "texture": "#skin", "uv": [ 3.5, 5.5, 5.0, 7.5 ], "rotation": 270 },
										"down": { "texture": "#skin", "uv": [ 7.0, 5.5, 8.5, 7.5 ], "rotation": 90 }
									},
									"attachmentpoints": [
										{
											"code": "rope",
											"posX": "0.0","posY": "0.0","posZ": "0.8",
											"rotationX": "0.0","rotationY": "0.0","rotationZ": "0.0"
										}
									]
								}
							],
							"attachmentpoints": [
								{
									"code": "Center",
									"posX": "2.0","posY": "2.0","posZ": "1.2",
									"rotationX": "0.0","rotationY": "0.0","rotationZ": "0.0"
								}
							]
						}
					]
				}
			]
		}
	]}