[
		{
			"op": "add",
			"path": "/treegens/-",
			"value": {
				"Generator": "laurusnobilis",
				"MinSize": 0.3,
				"MaxSize": 0.8,
				"Weight": 0.1,
				"SuitabilitySizeBonus": 0.25,
				"MinTemp": 6,
				"MaxTemp": 16,
				"MinRain": 88,
				"MaxRain": 209,
				"MinFert": 0,
				"MaxFert": 255,
				"MinForest": 0,
				"MaxForest": 255,
				"MinHeight": 0,
				"MaxHeight": 0.4
			},
			"file": "game:worldgen/treengenproperties.json",
			"side": "server"
		},
		{
			"op": "add",
			"path": "/shrubgens/-",
			"value": {
				"Generator": "laurusnobilis",
				"MinSize": 0.05,
				"MaxSize": 0.2,
				"Weight": 3,
				"SuitabilitySizeBonus": 0.45,
				"MinTemp": 6,
				"MaxTemp": 16,
				"MinRain": 88,
				"MaxRain": 209,
				"MinFert": 0,
				"MaxFert": 255,
				"MinForest": 0,
				"MaxForest": 255,
				"MinHeight": 0,
				"MaxHeight": 0.4
			},
			"file": "game:worldgen/treengenproperties.json",
			"side": "server",
		},
		{
			"op": "add",
			"path": "/treegens/-",
			"value": {
				"Generator": "pinushalepensis",
				"MinSize": 0.5,
				"MaxSize": 1,
				"Weight": 8,
				"SuitabilitySizeBonus": 0.5,
				"MinTemp": 10,
				"MaxTemp": 18,
				"MinRain": 31,
				"MaxRain": 140,
				"MinFert": 0,
				"MaxFert": 204,
				"MinForest": 0,
				"MaxForest": 255,
				"MinHeight": 0,
				"MaxHeight": 0.56
			},
			"file": "game:worldgen/treengenproperties.json",
			"side": "server",
		},
		{
			"op": "add",
			"path": "/shrubgens/-",
			"value": {
				"Generator": "pinushalepensisshrub",
				"MinSize": 0.1,
				"MaxSize": 1,
				"Weight": 50,
				"SuitabilitySizeBonus": 0.3,
				"MinTemp": 10,
				"MaxTemp": 18,
				"MinRain": 31,
				"MaxRain": 140,
				"MinFert": 0,
				"MaxFert": 204,
				"MinForest": 0,
				"MaxForest": 255,
				"MinHeight": 0,
				"MaxHeight": 0.56
			},
			"file": "game:worldgen/treengenproperties.json",
			"side": "server",
		},
		{
			"op": "add",
			"path": "/treegens/-",
			"value": {
				"Generator": "populusalba",
				"MinSize": 0.4,
				"MaxSize": 1,
				"Weight": 12,
				"SuitabilitySizeBonus": 0.6,
				"MinTemp": 4,
				"MaxTemp": 14,
				"MinRain": 36,
				"MaxRain": 216,
				"MinFert": 0,
				"MaxFert": 255,
				"MinForest": 0,
				"MaxForest": 220,
				"MinHeight": 0,
				"MaxHeight": 0.64
			},
			"file": "game:worldgen/treengenproperties.json",
			"side": "server",
		},
		{
			"op": "add",
			"path": "/treegens/-",
			"value": {
				"Generator": "oldpopulusalba",
				"MinSize": 0.4,
				"MaxSize": 1,
				"Weight": 3,
				"SuitabilitySizeBonus": 0.6,
				"MinTemp": 4,
				"MaxTemp": 14,
				"MinRain": 36,
				"MaxRain": 216,
				"MinFert": 0,
				"MaxFert": 255,
				"MinForest": 0,
				"MaxForest": 255,
				"MinHeight": 0,
				"MaxHeight": 0.64
			},
			"file": "game:worldgen/treengenproperties.json",
			"side": "server"
		},
		{
			"op": "add",
			"path": "/treegens/-",
			"value": {
				"Generator": "quercusilex",
				"MinSize": 0.7,
				"MaxSize": 1,
				"Weight": 10,
				"SuitabilitySizeBonus": 0.2,
				"MinTemp": 8,
				"MaxTemp": 16,
				"MinRain": 51,
				"MaxRain": 216,
				"MinFert": 0,
				"MaxFert": 255,
				"MinForest": 127,
				"MaxForest": 255,
				"MinHeight": 0,
				"MaxHeight": 0.82
			},
			"file": "game:worldgen/treengenproperties.json",
			"side": "server",
		},
		{
			"op": "add",
			"path": "/treegens/-",
			"value": {
				"Generator": "oldquercusilex",
				"MinSize": 0.7,
				"MaxSize": 1,
				"Weight": 2,
				"SuitabilitySizeBonus": 0.2,
				"MinTemp": 8,
				"MaxTemp": 16,
				"MinRain": 51,
				"MaxRain": 216,
				"MinFert": 0,
				"MaxFert": 255,
				"MinForest": 127,
				"MaxForest": 255,
				"MinHeight": 0,
				"MaxHeight": 0.82
			},
			"file": "game:worldgen/treengenproperties.json",
			"side": "server",
		},
		{
			"op": "add",
			"path": "/treegens/-",
			"value": {
				"Generator": "taxusbaccata",
				"MinSize": 0.3,
				"MaxSize": 1,
				"Weight": 10,
				"SuitabilitySizeBonus": 0.8,
				"MinTemp": 1,
				"MaxTemp": 14,
				"MinRain": 61,
				"MaxRain": 209,
				"MinFert": 0,
				"MaxFert": 204,
				"MinForest": 0,
				"MaxForest": 255,
				"MinHeight": 0.05,
				"MaxHeight": 0.7
			},
			"file": "game:worldgen/treengenproperties.json",
			"side": "server",
		},
		{
			"op": "add",
			"path": "/treegens/-",
			"value": {
				"Generator": "oldtaxusbaccata",
				"MinSize": 0.3,
				"MaxSize": 1,
				"Weight": 1,
				"SuitabilitySizeBonus": 0.8,
				"MinTemp": 1,
				"MaxTemp": 14,
				"MinRain": 61,
				"MaxRain": 209,
				"MinFert": 0,
				"MaxFert": 204,
				"MinForest": 0,
				"MaxForest": 255,
				"MinHeight": 0.05,
				"MaxHeight": 0.7
			},
			"file": "game:worldgen/treengenproperties.json",
			"side": "server",
		},
]