{
	"editor": {
		"collapsedPaths": "Root/origin/handle,Root/Spear/Head/Blade/Cube12,Root/Spear/Dec/Cube27,Root/Spear/Head/Blade/blade_13,Root/origin/Large gear 2,Root/origin/Large gear 1,Root/Sowrd/Blade/Guard,Root/Spear/Dec/Cube10/Cube12,Root/Spear/Head/Blade/blade_2/blade_8,Root/Sowrd/Metal/Blade/blade_11/blade_15,Root/Spear/Head/Blade/blade_2/blade_3,Root/Spear/Head/Blade/blade_2/blade_14,Root/Spear/Head/Blade/Cube7,Root/Spear/Head/Blade/Cube5,Root/Spear/Head/Blade/Cube4,Root/origin,Root/Spear/Dec/Cube35,Root/Spear/Head/Blade/blade_2,Root/Sowrd/Blade/blade_3,Root/Sowrd/Blade/tong,Root/Sowrd/Blade/blade_1,Root/origin/segment end,Root/Sowrd/Blade/blade_6",
		"allAngles": false,
		"entityTextureMode": false
	},
	"textureWidth": 16,
	"textureHeight": 16,
	"textureSizes": {
	},
	"textures": {
		"blue": "game:block/cloth/linen/blue",
		"gold": "game:block/metal/ingot/gold",
		"tinbronze": "game:block/metal/ingot/tinbronze",
		"blade": "game:block/metal/plate/meteoriciron",
		"temporalgear": "game:item/resource/temporalgear"
	},
	"elements": [
		{
			"name": "Sowrd",
			"from": [ 4.0, 0.0, 8.0 ],
			"to": [ 4.0, 0.0, 8.0 ],
			"rotationOrigin": [ 4.0, 0.0, 8.0 ],
			"rotationY": -90.0,
			"faces": {
				"north": { "texture": "#blade", "uv": [ 0.0, 0.0, 0.5, 0.5 ] },
				"east": { "texture": "#blade", "uv": [ 0.0, 0.0, 0.5, 0.5 ] },
				"south": { "texture": "#blade", "uv": [ 0.0, 0.0, 0.5, 0.5 ] },
				"west": { "texture": "#blade", "uv": [ 0.0, 0.0, 0.5, 0.5 ] },
				"up": { "texture": "#blade", "uv": [ 0.0, 0.0, 0.5, 0.5 ] },
				"down": { "texture": "#blade", "uv": [ 0.0, 0.0, 0.5, 0.5 ] }
			},
			"children": [
				{
					"name": "Metal",
					"from": [ 0.0, 0.0, 0.0 ],
					"to": [ 0.0, 0.0, 0.0 ],
					"faces": {
						"north": { "texture": "#blade", "uv": [ 0.0, 0.0, 0.5, 0.5 ] },
						"east": { "texture": "#blade", "uv": [ 0.0, 0.0, 0.5, 0.5 ] },
						"south": { "texture": "#blade", "uv": [ 0.0, 0.0, 0.5, 0.5 ] },
						"west": { "texture": "#blade", "uv": [ 0.0, 0.0, 0.5, 0.5 ] },
						"up": { "texture": "#blade", "uv": [ 0.0, 0.0, 0.5, 0.5 ] },
						"down": { "texture": "#blade", "uv": [ 0.0, 0.0, 0.5, 0.5 ] }
					},
					"children": [
						{
							"name": "tong",
							"from": [ -0.6, -0.4, 0.0 ],
							"to": [ -0.6, -0.4, 0.0 ],
							"rotationOrigin": [ -0.6, -0.4, 0.0 ],
							"faces": {
								"north": { "texture": "#tinbronze", "uv": [ 8.0, 5.0, 8.5, 5.5 ] },
								"east": { "texture": "#tinbronze", "uv": [ 3.0, 5.5, 3.5, 6.0 ] },
								"south": { "texture": "#tinbronze", "uv": [ 8.0, 5.5, 8.5, 6.0 ] },
								"west": { "texture": "#tinbronze", "uv": [ 3.5, 5.5, 4.0, 6.0 ] },
								"up": { "texture": "#tinbronze", "uv": [ 7.5, 0.5, 8.0, 1.0 ] },
								"down": { "texture": "#tinbronze", "uv": [ 7.5, 0.5, 8.0, 1.0 ] }
							},
							"children": [
								{
									"name": "tong2",
									"from": [ -0.4, -0.4, 5.5 ],
									"to": [ 1.6, 1.2, 6.5 ],
									"rotationOrigin": [ -0.4, -0.4, 5.5 ],
									"faces": {
										"north": { "texture": "#tinbronze", "uv": [ 3.5, 5.5, 5.5, 7.0 ] },
										"east": { "texture": "#tinbronze", "uv": [ 4.0, 5.0, 5.0, 6.5 ] },
										"south": { "texture": "#tinbronze", "uv": [ 3.0, 5.5, 5.0, 7.0 ] },
										"west": { "texture": "#tinbronze", "uv": [ 3.0, 6.5, 4.0, 8.0 ] },
										"up": { "texture": "#tinbronze", "uv": [ 3.0, 5.5, 5.0, 6.5 ] },
										"down": { "texture": "#tinbronze", "uv": [ 2.5, 4.5, 4.5, 5.5 ] }
									}
								},
								{
									"name": "tong3",
									"from": [ 0.1, -0.1, 6.8 ],
									"to": [ 1.1, 0.9, 7.1 ],
									"rotationOrigin": [ 0.1, -0.1, 6.8 ],
									"faces": {
										"north": { "texture": "#temporalgear", "uv": [ 8.5, 9.5, 9.5, 10.5 ] },
										"east": { "texture": "#temporalgear", "uv": [ 8.5, 9.0, 9.0, 10.0 ] },
										"south": { "texture": "#temporalgear", "uv": [ 2.5, 7.0, 3.5, 8.0 ], "autoUv": false },
										"west": { "texture": "#temporalgear", "uv": [ 8.0, 9.5, 8.5, 10.5 ] },
										"up": { "texture": "#temporalgear", "uv": [ 8.5, 9.5, 9.5, 10.0 ] },
										"down": { "texture": "#temporalgear", "uv": [ 8.5, 9.5, 9.5, 10.0 ] }
									}
								},
								{
									"name": "tong4",
									"from": [ -0.1, -0.3, 6.5 ],
									"to": [ 1.3, 1.1, 6.8 ],
									"rotationOrigin": [ -0.1, -0.3, 6.5 ],
									"faces": {
										"north": { "texture": "#gold", "uv": [ 8.5, 9.5, 9.5, 10.5 ] },
										"east": { "texture": "#gold", "uv": [ 8.5, 9.0, 9.0, 10.0 ] },
										"south": { "texture": "#gold", "uv": [ 8.0, 8.5, 9.0, 9.5 ] },
										"west": { "texture": "#gold", "uv": [ 8.0, 9.5, 8.5, 10.5 ] },
										"up": { "texture": "#gold", "uv": [ 8.5, 9.5, 9.5, 10.0 ] },
										"down": { "texture": "#gold", "uv": [ 8.5, 9.5, 9.5, 10.0 ] }
									}
								}
							]
						},
						{
							"name": "Guard",
							"from": [ -1.0, -0.7, -1.0 ],
							"to": [ 1.0, 0.7, 0.05 ],
							"rotationOrigin": [ -1.0, -0.7, -1.0 ],
							"faces": {
								"north": { "texture": "#tinbronze", "uv": [ 9.0, 12.0, 11.0, 13.0 ] },
								"east": { "texture": "#tinbronze", "uv": [ 7.5, 9.0, 8.5, 10.0 ] },
								"south": { "texture": "#tinbronze", "uv": [ 8.0, 8.5, 10.0, 9.5 ] },
								"west": { "texture": "#tinbronze", "uv": [ 2.5, 5.0, 3.5, 6.0 ] },
								"up": { "texture": "#tinbronze", "uv": [ 14.0, 5.5, 16.0, 6.5 ] },
								"down": { "texture": "#tinbronze", "uv": [ 8.0, 9.0, 10.0, 10.0 ] }
							},
							"children": [
								{
									"name": "guard_2",
									"from": [ 2.0, 0.4, 0.1 ],
									"to": [ 4.0, 1.0, 0.9 ],
									"rotationOrigin": [ 2.0, 0.4, 1.0 ],
									"rotationY": 45.0,
									"faces": {
										"north": { "texture": "#tinbronze", "uv": [ 0.0, 0.0, 2.0, 0.5 ] },
										"east": { "texture": "#tinbronze", "uv": [ 0.0, 0.0, 0.5, 0.5 ] },
										"south": { "texture": "#tinbronze", "uv": [ 3.0, 6.0, 5.0, 6.5 ] },
										"west": { "texture": "#tinbronze", "uv": [ 0.0, 0.0, 0.5, 0.5 ] },
										"up": { "texture": "#tinbronze", "uv": [ 0.0, 0.0, 2.0, 0.5 ] },
										"down": { "texture": "#tinbronze", "uv": [ 0.0, 0.0, 2.0, 0.5 ] }
									},
									"children": [
										{
											"name": "guard_1",
											"from": [ 0.0, 0.6, -0.1 ],
											"to": [ 3.0, 1.0, 0.9 ],
											"rotationOrigin": [ 0.0, 1.0, -0.1 ],
											"rotationZ": -8.4,
											"faces": {
												"north": { "texture": "#tinbronze", "uv": [ 8.5, 9.5, 11.5, 10.0 ] },
												"east": { "texture": "#tinbronze", "uv": [ 9.0, 9.0, 10.0, 9.5 ] },
												"south": { "texture": "#tinbronze", "uv": [ 8.0, 9.0, 11.0, 9.5 ] },
												"west": { "texture": "#tinbronze", "uv": [ 0.0, 0.0, 1.0, 0.5 ] },
												"up": { "texture": "#tinbronze", "uv": [ 7.5, 9.0, 10.5, 10.0 ] },
												"down": { "texture": "#tinbronze", "uv": [ 8.0, 8.5, 11.0, 9.5 ] }
											}
										},
										{
											"name": "guard_0",
											"from": [ 0.0, -0.4, -0.11 ],
											"to": [ 3.0, 0.0, 0.89 ],
											"rotationOrigin": [ 0.0, -0.4, -0.1 ],
											"rotationZ": 8.4,
											"faces": {
												"north": { "texture": "#tinbronze", "uv": [ 3.0, 6.0, 6.0, 6.5 ] },
												"east": { "texture": "#tinbronze", "uv": [ 1.5, 1.0, 2.5, 1.5 ] },
												"south": { "texture": "#tinbronze", "uv": [ 8.0, 9.0, 11.0, 9.5 ] },
												"west": { "texture": "#tinbronze", "uv": [ 0.0, 0.0, 1.0, 0.5 ] },
												"up": { "texture": "#tinbronze", "uv": [ 8.0, 9.0, 11.0, 10.0 ] },
												"down": { "texture": "#tinbronze", "uv": [ 8.0, 9.0, 11.0, 10.0 ] }
											}
										}
									]
								},
								{
									"name": "guard_3",
									"from": [ 0.0, 0.6, 0.1 ],
									"to": [ 2.0, 1.2, 0.9 ],
									"rotationOrigin": [ 0.0, 0.8, 1.0 ],
									"rotationY": -45.0,
									"rotationZ": 180.0,
									"faces": {
										"north": { "texture": "#tinbronze", "uv": [ 0.0, 0.0, 2.0, 0.5 ] },
										"east": { "texture": "#tinbronze", "uv": [ 0.0, 0.0, 0.5, 0.5 ] },
										"south": { "texture": "#tinbronze", "uv": [ 2.0, 5.0, 4.0, 5.5 ] },
										"west": { "texture": "#tinbronze", "uv": [ 0.0, 0.0, 0.5, 0.5 ] },
										"up": { "texture": "#tinbronze", "uv": [ 0.0, 0.0, 2.0, 0.5 ] },
										"down": { "texture": "#tinbronze", "uv": [ 0.0, 0.0, 2.0, 0.5 ] }
									},
									"children": [
										{
											"name": "guard_4",
											"from": [ 0.0, 0.6, -0.1 ],
											"to": [ 3.0, 1.0, 0.9 ],
											"rotationOrigin": [ 0.0, 1.0, -0.1 ],
											"rotationZ": -8.4,
											"faces": {
												"north": { "texture": "#tinbronze", "uv": [ 2.0, 5.5, 5.0, 6.0 ] },
												"east": { "texture": "#tinbronze", "uv": [ 3.0, 2.0, 4.0, 2.5 ] },
												"south": { "texture": "#tinbronze", "uv": [ 8.0, 8.5, 11.0, 9.0 ] },
												"west": { "texture": "#tinbronze", "uv": [ 0.0, 0.0, 1.0, 0.5 ] },
												"up": { "texture": "#tinbronze", "uv": [ 8.0, 8.5, 11.0, 9.5 ] },
												"down": { "texture": "#tinbronze", "uv": [ 8.0, 9.0, 11.0, 10.0 ] }
											}
										},
										{
											"name": "guard_5",
											"from": [ 0.0, -0.4, -0.11 ],
											"to": [ 3.0, 0.0, 0.89 ],
											"rotationOrigin": [ 0.0, -0.4, -0.1 ],
											"rotationZ": 8.4,
											"faces": {
												"north": { "texture": "#tinbronze", "uv": [ 8.5, 9.0, 11.5, 9.5 ] },
												"east": { "texture": "#tinbronze", "uv": [ 9.0, 9.5, 10.0, 10.0 ] },
												"south": { "texture": "#tinbronze", "uv": [ 8.0, 9.0, 11.0, 9.5 ] },
												"west": { "texture": "#tinbronze", "uv": [ 8.5, 9.0, 9.5, 9.5 ] },
												"up": { "texture": "#tinbronze", "uv": [ 8.5, 9.0, 11.5, 10.0 ] },
												"down": { "texture": "#tinbronze", "uv": [ 8.0, 9.0, 11.0, 10.0 ] }
											}
										}
									]
								}
							]
						},
						{
							"name": "Blade",
							"from": [ -0.3, -0.3, -1.0 ],
							"to": [ -0.3, -0.3, -1.0 ],
							"rotationOrigin": [ -0.3, -0.3, -1.0 ],
							"faces": {
								"north": { "texture": "#blade", "uv": [ 0.0, 0.0, 0.5, 0.5 ] },
								"east": { "texture": "#blade", "uv": [ 0.0, 0.0, 0.5, 0.5 ] },
								"south": { "texture": "#blade", "uv": [ 0.0, 0.0, 0.5, 0.5 ] },
								"west": { "texture": "#blade", "uv": [ 0.0, 0.0, 0.5, 0.5 ] },
								"up": { "texture": "#blade", "uv": [ 0.0, 0.0, 0.5, 0.5 ] },
								"down": { "texture": "#blade", "uv": [ 0.0, 0.0, 0.5, 0.5 ] }
							},
							"children": [
								{
									"name": "blade_6",
									"from": [ -1.1, 0.2, -16.0 ],
									"to": [ 0.3, 0.4, 0.0 ],
									"rotationOrigin": [ -1.1, 0.2, 0.0 ],
									"rotationY": -1.7,
									"faces": {
										"north": { "texture": "#blade", "uv": [ 0.0, 0.0, 1.0, 0.5 ] },
										"east": { "texture": "#blade", "uv": [ 0.0, 0.0, 16.0, 0.5 ] },
										"south": { "texture": "#blade", "uv": [ 0.0, 0.0, 1.0, 0.5 ] },
										"west": { "texture": "#blade", "uv": [ 0.0, 0.0, 16.0, 0.5 ] },
										"up": { "texture": "#blade", "uv": [ 0.0, 0.0, 1.0, 16.0 ] },
										"down": { "texture": "#blade", "uv": [ 0.0, 0.0, 1.0, 16.0 ] }
									},
									"children": [
										{
											"name": "blade_9",
											"from": [ 0.0, 0.01, -10.0 ],
											"to": [ 0.8, 0.21, 0.0 ],
											"rotationOrigin": [ 0.0, 0.0, 0.0 ],
											"rotationY": -1.0,
											"faces": {
												"north": { "texture": "#blade", "uv": [ 0.0, 0.0, 0.5, 0.5 ] },
												"east": { "texture": "#blade", "uv": [ 0.0, 1.0, 10.0, 1.5 ] },
												"south": { "texture": "#blade", "uv": [ 1.0, 0.5, 1.5, 1.0 ] },
												"west": { "texture": "#blade", "uv": [ 0.5, 1.0, 10.5, 1.5 ] },
												"up": { "texture": "#blade", "uv": [ 1.5, 3.0, 2.0, 13.0 ] },
												"down": { "texture": "#blade", "uv": [ 2.5, 0.0, 3.0, 10.0 ] }
											},
											"children": [
												{
													"name": "blade_8",
													"from": [ 0.0, 0.0, -2.03 ],
													"to": [ 0.5, 0.2, 0.0 ],
													"rotationOrigin": [ 0.0, 0.0, 0.0 ],
													"rotationY": -2.5,
													"faces": {
														"north": { "texture": "#blade", "uv": [ 0.0, 0.0, 0.5, 0.5 ] },
														"east": { "texture": "#blade", "uv": [ 0.0, 0.0, 2.0, 0.5 ] },
														"south": { "texture": "#blade", "uv": [ 0.0, 0.0, 0.5, 0.5 ] },
														"west": { "texture": "#blade", "uv": [ 0.0, 0.0, 2.0, 0.5 ] },
														"up": { "texture": "#blade", "uv": [ 0.0, 0.0, 0.5, 2.0 ] },
														"down": { "texture": "#blade", "uv": [ 0.0, 0.0, 0.5, 2.0 ] }
													}
												}
											]
										},
										{
											"name": "rib_2",
											"from": [ 0.5, -0.2, 0.0 ],
											"to": [ 1.1, 0.4, 16.0 ],
											"rotationOrigin": [ 0.8, 0.1, 16.0 ],
											"rotationZ": 45.0,
											"faces": {
												"north": { "texture": "#blade", "uv": [ 0.0, 0.0, 0.5, 0.5 ] },
												"east": { "texture": "#blade", "uv": [ 0.0, 11.5, 16.0, 12.0 ] },
												"south": { "texture": "#blade", "uv": [ 0.0, 0.0, 0.5, 0.5 ] },
												"west": { "texture": "#blade", "uv": [ 0.0, 8.5, 16.0, 9.0 ] },
												"up": { "texture": "#blade", "uv": [ 7.5, 0.0, 8.0, 16.0 ] },
												"down": { "texture": "#blade", "uv": [ 10.5, 0.0, 11.0, 16.0 ] }
											},
											"children": [
												{
													"name": "rib_3",
													"from": [ 0.0, 0.0, -4.2 ],
													"to": [ 0.6, 0.6, 0.0 ],
													"rotationOrigin": [ 0.2, 0.2, -4.2 ],
													"faces": {
														"north": { "texture": "#blade", "uv": [ 0.0, 0.0, 0.5, 0.5 ] },
														"east": { "texture": "#blade", "uv": [ 3.5, 4.5, 7.5, 5.0 ] },
														"south": { "texture": "#blade", "uv": [ 0.5, 0.0, 1.0, 0.5 ] },
														"west": { "texture": "#blade", "uv": [ 4.0, 4.5, 8.0, 5.0 ] },
														"up": { "texture": "#blade", "uv": [ 6.5, 4.0, 7.0, 8.0 ] },
														"down": { "texture": "#blade", "uv": [ 7.0, 2.5, 7.5, 6.5 ] }
													}
												}
											]
										}
									]
								},
								{
									"name": "blade_3",
									"from": [ -0.2, 0.2, -16.0 ],
									"to": [ 0.8, 0.4, 0.0 ],
									"rotationOrigin": [ -0.2, 0.2, 0.0 ],
									"faces": {
										"north": { "texture": "#blade", "uv": [ 0.0, 0.0, 1.0, 0.5 ] },
										"east": { "texture": "#blade", "uv": [ 0.0, 0.0, 16.0, 0.5 ] },
										"south": { "texture": "#blade", "uv": [ 0.0, 0.0, 1.0, 0.5 ] },
										"west": { "texture": "#blade", "uv": [ 0.0, 0.0, 16.0, 0.5 ] },
										"up": { "texture": "#blade", "uv": [ 0.0, 0.0, 1.0, 16.0 ] },
										"down": { "texture": "#blade", "uv": [ 0.0, 0.0, 1.0, 16.0 ] }
									},
									"children": [
										{
											"name": "blade_4",
											"from": [ 0.1, 0.01, -10.0 ],
											"to": [ 0.9, 0.19, -1.0 ],
											"rotationOrigin": [ 0.1, 0.0, 4.0 ],
											"faces": {
												"north": { "texture": "#blade", "uv": [ 0.0, 0.0, 0.5, 0.5 ] },
												"east": { "texture": "#blade", "uv": [ 0.0, 0.0, 9.0, 0.5 ] },
												"south": { "texture": "#blade", "uv": [ 0.0, 0.0, 0.5, 0.5 ] },
												"west": { "texture": "#blade", "uv": [ 0.0, 0.0, 9.0, 0.5 ] },
												"up": { "texture": "#blade", "uv": [ 0.0, 0.0, 0.5, 9.0 ] },
												"down": { "texture": "#blade", "uv": [ 0.0, 0.0, 0.5, 9.0 ] }
											}
										},
										{
											"name": "blade_10",
											"from": [ 0.3, -0.01, -12.04 ],
											"to": [ 0.3, -0.01, -12.04 ],
											"rotationOrigin": [ 0.5, -0.2, -12.0 ],
											"faces": {
											},
											"children": [
												{
													"name": "blade_13",
													"from": [ 0.0, 0.0, -0.16 ],
													"to": [ 0.38, 0.22, 0.22 ],
													"rotationOrigin": [ 0.2, -0.19, 0.02 ],
													"rotationY": 45.0,
													"faces": {
														"north": { "texture": "#blade", "uv": [ 0.0, 0.0, 0.5, 0.5 ] },
														"east": { "texture": "#blade", "uv": [ 0.0, 0.0, 0.5, 0.5 ] },
														"south": { "texture": "#blade", "uv": [ 0.0, 0.0, 0.5, 0.5 ] },
														"west": { "texture": "#blade", "uv": [ 0.0, 0.0, 0.5, 0.5 ] },
														"up": { "texture": "#blade", "uv": [ 0.0, 0.0, 0.5, 0.5 ] },
														"down": { "texture": "#blade", "uv": [ 0.0, 0.0, 0.5, 0.5 ] }
													}
												}
											]
										},
										{
											"name": "rib_8",
											"from": [ 0.2, -0.2, 0.0 ],
											"to": [ 0.8, 0.4, 16.0 ],
											"rotationOrigin": [ 0.4981, 0.1, 16.0 ],
											"rotationZ": 45.0,
											"faces": {
												"north": { "texture": "#blade", "uv": [ 0.0, 0.0, 0.5, 0.5 ] },
												"east": { "texture": "#blade", "uv": [ 0.0, 8.5, 16.0, 9.0 ] },
												"south": { "texture": "#blade", "uv": [ 0.0, 0.0, 0.5, 0.5 ] },
												"west": { "texture": "#blade", "uv": [ 0.0, 10.0, 16.0, 10.5 ] },
												"up": { "texture": "#blade", "uv": [ 9.0, 0.0, 9.5, 16.0 ] },
												"down": { "texture": "#blade", "uv": [ 11.0, 0.0, 11.5, 16.0 ] }
											},
											"children": [
												{
													"name": "rib_9",
													"from": [ 0.0, 0.0, -4.2 ],
													"to": [ 0.6, 0.6, 0.0 ],
													"rotationOrigin": [ 0.2981, 0.3, 11.8 ],
													"faces": {
														"north": { "texture": "#blade", "uv": [ 0.0, 0.0, 0.5, 0.5 ] },
														"east": { "texture": "#blade", "uv": [ 0.0, 8.5, 4.0, 9.0 ] },
														"south": { "texture": "#blade", "uv": [ 0.0, 0.0, 0.5, 0.5 ] },
														"west": { "texture": "#blade", "uv": [ 0.0, 10.0, 4.0, 10.5 ] },
														"up": { "texture": "#blade", "uv": [ 9.0, 0.0, 9.5, 4.0 ] },
														"down": { "texture": "#blade", "uv": [ 11.0, 0.0, 11.5, 4.0 ] }
													}
												}
											]
										}
									]
								},
								{
									"name": "blade_11",
									"from": [ 0.3, 0.2, -16.0 ],
									"to": [ 1.7, 0.4, 0.0 ],
									"rotationOrigin": [ 1.7, 0.2, 0.0 ],
									"rotationY": 1.7,
									"faces": {
										"north": { "texture": "#blade", "uv": [ 0.0, 0.0, 1.0, 0.5 ] },
										"east": { "texture": "#blade", "uv": [ 0.0, 0.0, 16.0, 0.5 ] },
										"south": { "texture": "#blade", "uv": [ 0.0, 0.0, 1.0, 0.5 ] },
										"west": { "texture": "#blade", "uv": [ 0.0, 0.0, 16.0, 0.5 ] },
										"up": { "texture": "#blade", "uv": [ 0.0, 0.0, 1.0, 16.0 ] },
										"down": { "texture": "#blade", "uv": [ 0.0, 0.0, 1.0, 16.0 ] }
									},
									"children": [
										{
											"name": "blade_12",
											"from": [ 0.6, 0.0, -10.0 ],
											"to": [ 1.4, 0.2, 0.0 ],
											"rotationOrigin": [ 1.2, 0.0, 0.0 ],
											"rotationY": 1.0,
											"faces": {
												"north": { "texture": "#blade", "uv": [ 0.0, 0.0, 0.5, 0.5 ] },
												"east": { "texture": "#blade", "uv": [ 0.0, 0.0, 10.0, 0.5 ] },
												"south": { "texture": "#blade", "uv": [ 0.0, 0.0, 0.5, 0.5 ] },
												"west": { "texture": "#blade", "uv": [ 0.0, 0.0, 10.0, 0.5 ] },
												"up": { "texture": "#blade", "uv": [ 0.0, 0.0, 0.5, 10.0 ] },
												"down": { "texture": "#blade", "uv": [ 0.0, 0.0, 0.5, 10.0 ] }
											},
											"children": [
												{
													"name": "blade_14",
													"from": [ 0.3, 0.0, -2.03 ],
													"to": [ 0.8, 0.2, 0.0 ],
													"rotationOrigin": [ 0.8, 0.0, 0.0 ],
													"rotationY": 2.5,
													"faces": {
														"north": { "texture": "#blade", "uv": [ 1.0, 1.0, 1.5, 1.5 ] },
														"east": { "texture": "#blade", "uv": [ 0.5, 1.0, 2.5, 1.5 ] },
														"south": { "texture": "#blade", "uv": [ 0.0, 0.0, 0.5, 0.5 ] },
														"west": { "texture": "#blade", "uv": [ 0.5, 1.0, 2.5, 1.5 ] },
														"up": { "texture": "#blade", "uv": [ 1.5, 1.0, 2.0, 3.0 ] },
														"down": { "texture": "#blade", "uv": [ 1.0, 1.5, 1.5, 3.5 ] }
													}
												}
											]
										},
										{
											"name": "rib_0",
											"from": [ 0.3, -0.2, 0.0 ],
											"to": [ 0.9, 0.4, 16.0 ],
											"rotationOrigin": [ 0.6, 0.1, 0.0 ],
											"rotationZ": 45.0,
											"faces": {
												"north": { "texture": "#blade", "uv": [ 0.0, 0.0, 0.5, 0.5 ] },
												"east": { "texture": "#blade", "uv": [ 0.0, 9.0, 16.0, 9.5 ] },
												"south": { "texture": "#blade", "uv": [ 0.0, 0.0, 0.5, 0.5 ] },
												"west": { "texture": "#blade", "uv": [ 0.0, 9.5, 16.0, 10.0 ] },
												"up": { "texture": "#blade", "uv": [ 9.0, 0.0, 9.5, 16.0 ] },
												"down": { "texture": "#blade", "uv": [ 11.5, 0.0, 12.0, 16.0 ] }
											},
											"children": [
												{
													"name": "rib_1",
													"from": [ 0.0, 0.0, -4.2 ],
													"to": [ 0.6, 0.6, 0.0 ],
													"rotationOrigin": [ 0.2, 0.2, -4.2 ],
													"faces": {
														"north": { "texture": "#blade", "uv": [ 0.0, 0.0, 0.5, 0.5 ] },
														"east": { "texture": "#blade", "uv": [ 1.0, 4.0, 5.0, 4.5 ] },
														"south": { "texture": "#blade", "uv": [ 0.5, 0.0, 1.0, 0.5 ] },
														"west": { "texture": "#blade", "uv": [ 2.5, 4.0, 6.5, 4.5 ] },
														"up": { "texture": "#blade", "uv": [ 5.5, 2.5, 6.0, 6.5 ] },
														"down": { "texture": "#blade", "uv": [ 5.5, 2.0, 6.0, 6.0 ] }
													}
												}
											]
										}
									]
								}
							]
						}
					]
				},
				{
					"name": "Handle",
					"from": [ 0.0, 0.0, 0.0 ],
					"to": [ 0.0, 0.0, 1.0 ],
					"faces": {
						"north": { "texture": "#blade", "uv": [ 0.0, 0.0, 0.5, 0.5 ] },
						"east": { "texture": "#blade", "uv": [ 0.0, 0.0, 1.0, 0.5 ] },
						"south": { "texture": "#blade", "uv": [ 0.0, 0.0, 0.5, 0.5 ] },
						"west": { "texture": "#blade", "uv": [ 0.0, 0.0, 1.0, 0.5 ] },
						"up": { "texture": "#blade", "uv": [ 0.0, 0.0, 0.5, 1.0 ] },
						"down": { "texture": "#blade", "uv": [ 0.0, 0.0, 0.5, 1.0 ] }
					},
					"children": [
						{
							"name": "handle_0",
							"from": [ -0.8, -0.5, 0.5 ],
							"to": [ 0.8, 0.5, 2.5 ],
							"rotationOrigin": [ -0.8, -0.5, 0.5 ],
							"faces": {
								"north": { "texture": "#blue", "uv": [ 0.0, 0.0, 1.5, 1.0 ] },
								"east": { "texture": "#blue", "uv": [ 0.0, 0.0, 2.0, 1.0 ] },
								"south": { "texture": "#blue", "uv": [ 0.0, 0.0, 1.5, 1.0 ] },
								"west": { "texture": "#blue", "uv": [ 0.0, 0.0, 2.0, 1.0 ] },
								"up": { "texture": "#blue", "uv": [ 0.0, 0.0, 1.5, 2.0 ] },
								"down": { "texture": "#blue", "uv": [ 0.0, 0.0, 1.5, 2.0 ] }
							}
						},
						{
							"name": "handle_1",
							"from": [ -0.8, -0.5, 0.0 ],
							"to": [ 0.8, 0.5, 0.5 ],
							"rotationOrigin": [ -0.8, -0.5, 0.0 ],
							"faces": {
								"north": { "texture": "#blade", "uv": [ 0.0, 0.0, 1.5, 1.0 ] },
								"east": { "texture": "#blade", "uv": [ 0.0, 0.0, 0.5, 1.0 ] },
								"south": { "texture": "#blade", "uv": [ 0.0, 0.0, 1.5, 1.0 ] },
								"west": { "texture": "#blade", "uv": [ 0.0, 0.0, 0.5, 1.0 ] },
								"up": { "texture": "#blade", "uv": [ 0.0, 0.0, 1.5, 0.5 ] },
								"down": { "texture": "#blade", "uv": [ 0.0, 0.0, 1.5, 0.5 ] }
							}
						},
						{
							"name": "handle_2",
							"from": [ -0.8, -0.5, 5.0 ],
							"to": [ 0.8, 0.5, 5.5 ],
							"rotationOrigin": [ -0.8, -0.5, 5.0 ],
							"faces": {
								"north": { "texture": "#blade", "uv": [ 0.0, 0.0, 1.5, 1.0 ] },
								"east": { "texture": "#blade", "uv": [ 0.0, 0.0, 0.5, 1.0 ] },
								"south": { "texture": "#blade", "uv": [ 0.0, 0.0, 1.5, 1.0 ] },
								"west": { "texture": "#blade", "uv": [ 0.0, 0.0, 0.5, 1.0 ] },
								"up": { "texture": "#blade", "uv": [ 0.0, 0.0, 1.5, 0.5 ] },
								"down": { "texture": "#blade", "uv": [ 0.0, 0.0, 1.5, 0.5 ] }
							}
						},
						{
							"name": "handle_3",
							"from": [ -0.8, -0.5, 2.5 ],
							"to": [ 0.8, 0.5, 3.0 ],
							"rotationOrigin": [ -0.8, -0.5, 2.5 ],
							"faces": {
								"north": { "texture": "#blade", "uv": [ 0.0, 0.0, 1.5, 1.0 ] },
								"east": { "texture": "#blade", "uv": [ 0.0, 0.0, 0.5, 1.0 ] },
								"south": { "texture": "#blade", "uv": [ 0.0, 0.0, 1.5, 1.0 ] },
								"west": { "texture": "#blade", "uv": [ 0.0, 0.0, 0.5, 1.0 ] },
								"up": { "texture": "#blade", "uv": [ 0.0, 0.0, 1.5, 0.5 ] },
								"down": { "texture": "#blade", "uv": [ 0.0, 0.0, 1.5, 0.5 ] }
							}
						},
						{
							"name": "handle_4",
							"from": [ -0.8, -0.5, 3.0 ],
							"to": [ 0.8, 0.5, 5.0 ],
							"rotationOrigin": [ -0.8, -0.5, 3.0 ],
							"faces": {
								"north": { "texture": "#blue", "uv": [ 0.0, 0.0, 1.5, 1.0 ] },
								"east": { "texture": "#blue", "uv": [ 0.0, 0.0, 2.0, 1.0 ] },
								"south": { "texture": "#blue", "uv": [ 0.0, 0.0, 1.5, 1.0 ] },
								"west": { "texture": "#blue", "uv": [ 0.0, 0.0, 2.0, 1.0 ] },
								"up": { "texture": "#blue", "uv": [ 0.0, 0.0, 1.5, 2.0 ] },
								"down": { "texture": "#blue", "uv": [ 0.0, 0.0, 1.5, 2.0 ] }
							}
						}
					]
				}
			]
		}
	]}