{
	"editor": {
		"collapsedPaths": "Root/origin/handle,Root/Spear/Head/Blade/Cube12,Root/Spear/Dec/Cube27,Root/Spear/Head/Blade/blade_13,Root/origin/Large gear 2,Root/origin/Large gear 1,Root/Sowrd/Blade/Guard,Root/Spear/Dec/Cube10/Cube12,Root/Spear/Head/Blade/blade_2/blade_8,Root/Sowrd/Metal/Blade/blade_11/blade_15,Root/Spear/Head/Blade/blade_2/blade_3,Root/Spear/Head/Blade/blade_2/blade_14,Root/Spear/Head/Blade/Cube7,Root/Spear/Head/Blade/Cube5,Root/Spear/Head/Blade/Cube4,Root/origin,Root/Spear/Dec/Cube35,Root/Spear/Head/Blade/blade_2,Root/Sowrd/Blade/blade_3,Root/Sowrd/Blade/tong,Root/Sowrd/Blade/blade_1,Root/origin/segment end,Root/Sowrd/Blade/blade_6",
		"allAngles": false,
		"entityTextureMode": false
	},
	"textureWidth": 16,
	"textureHeight": 16,
	"textureSizes": {
	},
	"textures": {
		"blade": "game:block/metal/plate/copper",
		"handle": "game:block/wood/debarked/ebony"
	},
	"elements": [
		{
			"name": "Sword",
			"from": [ 8.0, 0.0, 8.0 ],
			"to": [ 8.0, 0.0, 8.0 ],
			"rotationOrigin": [ 8.0, 0.0, 8.0 ],
			"rotationY": -90.0,
			"rotationZ": -90.0,
			"faces": {
				"north": { "texture": "#blade", "uv": [ 0.0, 0.0, 0.5, 0.5 ] },
				"east": { "texture": "#blade", "uv": [ 0.0, 0.0, 0.5, 0.5 ] },
				"south": { "texture": "#blade", "uv": [ 0.0, 0.0, 0.5, 0.5 ] },
				"west": { "texture": "#blade", "uv": [ 0.0, 0.0, 0.5, 0.5 ] },
				"up": { "texture": "#blade", "uv": [ 0.0, 0.0, 0.5, 0.5 ] },
				"down": { "texture": "#blade", "uv": [ 0.0, 0.0, 0.5, 0.5 ] }
			},
			"children": [
				{
					"name": "Metal",
					"from": [ 0.0, 0.0, 0.0 ],
					"to": [ 0.0, 0.0, 0.0 ],
					"faces": {
						"north": { "texture": "#blade", "uv": [ 0.0, 0.0, 0.5, 0.5 ] },
						"east": { "texture": "#blade", "uv": [ 0.0, 0.0, 0.5, 0.5 ] },
						"south": { "texture": "#blade", "uv": [ 0.0, 0.0, 0.5, 0.5 ] },
						"west": { "texture": "#blade", "uv": [ 0.0, 0.0, 0.5, 0.5 ] },
						"up": { "texture": "#blade", "uv": [ 0.0, 0.0, 0.5, 0.5 ] },
						"down": { "texture": "#blade", "uv": [ 0.0, 0.0, 0.5, 0.5 ] }
					},
					"children": [
						{
							"name": "tong",
							"from": [ -0.6, -0.4, 0.0 ],
							"to": [ 0.6, 0.4, 3.0 ],
							"rotationOrigin": [ -0.6, -0.4, 0.0 ],
							"faces": {
								"north": { "texture": "#blade", "uv": [ 0.0, 0.0, 1.0, 0.5 ] },
								"east": { "texture": "#blade", "uv": [ 0.0, 0.0, 3.0, 0.5 ] },
								"south": { "texture": "#blade", "uv": [ 0.0, 0.0, 1.0, 0.5 ] },
								"west": { "texture": "#blade", "uv": [ 0.0, 0.0, 3.0, 0.5 ] },
								"up": { "texture": "#blade", "uv": [ 0.0, 0.0, 1.0, 3.0 ] },
								"down": { "texture": "#blade", "uv": [ 0.0, 0.0, 1.0, 3.0 ] }
							}
						},
						{
							"name": "Blade",
							"from": [ -0.3, -0.3, 11.0 ],
							"to": [ -0.3, -0.3, 11.0 ],
							"rotationOrigin": [ -0.3, -0.3, -1.0 ],
							"faces": {
								"north": { "texture": "#blade", "uv": [ 0.0, 0.0, 0.5, 0.5 ] },
								"east": { "texture": "#blade", "uv": [ 0.0, 0.0, 0.5, 0.5 ] },
								"south": { "texture": "#blade", "uv": [ 0.0, 0.0, 0.5, 0.5 ] },
								"west": { "texture": "#blade", "uv": [ 0.0, 0.0, 0.5, 0.5 ] },
								"up": { "texture": "#blade", "uv": [ 0.0, 0.0, 0.5, 0.5 ] },
								"down": { "texture": "#blade", "uv": [ 0.0, 0.0, 0.5, 0.5 ] }
							},
							"children": [
								{
									"name": "blade_6",
									"from": [ -0.8, 0.2, -16.0 ],
									"to": [ 0.2, 0.4, -12.0 ],
									"rotationOrigin": [ -0.8, 0.2, 0.0 ],
									"faces": {
										"north": { "texture": "#blade", "uv": [ 0.0, 0.0, 1.0, 0.5 ] },
										"east": { "texture": "#blade", "uv": [ 0.0, 0.0, 4.0, 0.5 ] },
										"south": { "texture": "#blade", "uv": [ 0.0, 0.0, 1.0, 0.5 ] },
										"west": { "texture": "#blade", "uv": [ 0.0, 0.0, 4.0, 0.5 ] },
										"up": { "texture": "#blade", "uv": [ 0.0, 0.0, 1.0, 4.0 ] },
										"down": { "texture": "#blade", "uv": [ 0.0, 0.0, 1.0, 4.0 ] }
									},
									"children": [
										{
											"name": "blade_9",
											"from": [ 0.0, 0.0, -10.0 ],
											"to": [ 0.7, 0.2, 0.0 ],
											"rotationOrigin": [ 0.0, 0.0, 0.0 ],
											"rotationY": 3.0,
											"faces": {
												"north": { "texture": "#blade", "uv": [ 0.0, 0.0, 0.5, 0.5 ] },
												"east": { "texture": "#blade", "uv": [ 0.0, 0.0, 10.0, 0.5 ] },
												"south": { "texture": "#blade", "uv": [ 0.0, 0.0, 0.5, 0.5 ] },
												"west": { "texture": "#blade", "uv": [ 0.0, 0.0, 10.0, 0.5 ] },
												"up": { "texture": "#blade", "uv": [ 0.0, 0.0, 0.5, 10.0 ] },
												"down": { "texture": "#blade", "uv": [ 0.0, 0.0, 0.5, 10.0 ] }
											},
											"children": [
												{
													"name": "blade_8",
													"from": [ 0.0, 0.0, -8.0 ],
													"to": [ 0.7, 0.2, 0.0 ],
													"rotationOrigin": [ 0.0, 0.0, 0.0 ],
													"rotationY": -11.0,
													"faces": {
														"north": { "texture": "#blade", "uv": [ 0.0, 0.0, 0.5, 0.5 ] },
														"east": { "texture": "#blade", "uv": [ 0.0, 0.0, 8.0, 0.5 ] },
														"south": { "texture": "#blade", "uv": [ 0.0, 0.0, 0.5, 0.5 ] },
														"west": { "texture": "#blade", "uv": [ 0.0, 0.0, 8.0, 0.5 ] },
														"up": { "texture": "#blade", "uv": [ 0.0, 0.0, 0.5, 8.0 ] },
														"down": { "texture": "#blade", "uv": [ 0.0, 0.0, 0.5, 8.0 ] }
													},
													"children": [
														{
															"name": "blade_16",
															"from": [ 0.0, 0.0, -1.0 ],
															"to": [ 0.6, 0.2, 0.0 ],
															"rotationOrigin": [ 0.0, 0.0, 0.0 ],
															"rotationY": -5.0,
															"faces": {
																"north": { "texture": "#blade", "uv": [ 0.0, 0.0, 0.5, 0.5 ] },
																"east": { "texture": "#blade", "uv": [ 0.0, 0.0, 1.0, 0.5 ] },
																"south": { "texture": "#blade", "uv": [ 0.0, 0.0, 0.5, 0.5 ] },
																"west": { "texture": "#blade", "uv": [ 0.0, 0.0, 1.0, 0.5 ] },
																"up": { "texture": "#blade", "uv": [ 0.0, 0.0, 0.5, 1.0 ] },
																"down": { "texture": "#blade", "uv": [ 0.0, 0.0, 0.5, 1.0 ] }
															}
														}
													]
												}
											]
										}
									]
								},
								{
									"name": "blade_3",
									"from": [ -0.2, 0.1, -14.0 ],
									"to": [ -0.2, 0.1, -14.0 ],
									"rotationOrigin": [ -0.2, 0.1, 2.0 ],
									"faces": {
										"north": { "texture": "#blade", "uv": [ 0.0, 0.0, 0.5, 0.5 ] },
										"east": { "texture": "#blade", "uv": [ 0.0, 0.0, 0.5, 0.5 ] },
										"south": { "texture": "#blade", "uv": [ 0.0, 0.0, 0.5, 0.5 ] },
										"west": { "texture": "#blade", "uv": [ 0.0, 0.0, 0.5, 0.5 ] },
										"up": { "texture": "#blade", "uv": [ 0.0, 0.0, 0.5, 0.5 ] },
										"down": { "texture": "#blade", "uv": [ 0.0, 0.0, 0.5, 0.5 ] }
									},
									"children": [
										{
											"name": "blade_4",
											"from": [ -0.4, -0.09, -12.0 ],
											"to": [ 0.6, 0.51, -2.0 ],
											"rotationOrigin": [ 0.5, 0.0, -2.0 ],
											"rotationY": 2.0,
											"faces": {
												"north": { "texture": "#blade", "uv": [ 0.0, 0.0, 1.0, 0.5 ] },
												"east": { "texture": "#blade", "uv": [ 0.0, 0.0, 10.0, 0.5 ] },
												"south": { "texture": "#blade", "uv": [ 0.0, 0.0, 1.0, 0.5 ] },
												"west": { "texture": "#blade", "uv": [ 0.0, 0.0, 10.0, 0.5 ] },
												"up": { "texture": "#blade", "uv": [ 0.0, 0.0, 1.0, 10.0 ] },
												"down": { "texture": "#blade", "uv": [ 0.0, 0.0, 1.0, 10.0 ] }
											},
											"children": [
												{
													"name": "blade_5",
													"from": [ 0.0, 0.0, -7.8 ],
													"to": [ 0.4, 0.6, 0.0 ],
													"rotationOrigin": [ 0.0, 0.4, 0.0 ],
													"rotationY": -9.0,
													"faces": {
														"north": { "texture": "#blade", "uv": [ 0.0, 0.0, 0.5, 0.5 ] },
														"east": { "texture": "#blade", "uv": [ 0.0, 0.0, 7.5, 0.5 ] },
														"south": { "texture": "#blade", "uv": [ 0.0, 0.0, 0.5, 0.5 ] },
														"west": { "texture": "#blade", "uv": [ 0.0, 0.0, 7.5, 0.5 ] },
														"up": { "texture": "#blade", "uv": [ 0.0, 0.0, 0.5, 7.5 ] },
														"down": { "texture": "#blade", "uv": [ 0.0, 0.0, 0.5, 7.5 ] }
													}
												}
											]
										},
										{
											"name": "blade_17",
											"from": [ -0.4, -0.09, -2.0 ],
											"to": [ 1.4, 0.51, 2.0 ],
											"rotationOrigin": [ -0.4, 0.0, 12.8 ],
											"faces": {
												"north": { "texture": "#blade", "uv": [ 0.0, 0.0, 1.5, 0.5 ] },
												"east": { "texture": "#blade", "uv": [ 0.0, 0.0, 4.0, 0.5 ] },
												"south": { "texture": "#blade", "uv": [ 0.0, 0.0, 1.5, 0.5 ] },
												"west": { "texture": "#blade", "uv": [ 0.0, 0.0, 4.0, 0.5 ] },
												"up": { "texture": "#blade", "uv": [ 0.0, 0.0, 1.5, 4.0 ] },
												"down": { "texture": "#blade", "uv": [ 0.0, 0.0, 1.5, 4.0 ] }
											}
										},
										{
											"name": "blade_18",
											"from": [ 0.0, -0.3, -14.0 ],
											"to": [ 1.0, 0.7, 2.0 ],
											"rotationOrigin": [ 0.5, 0.2, -14.0 ],
											"rotationZ": 45.0,
											"faces": {
												"north": { "texture": "#blade", "uv": [ 0.0, 0.0, 1.0, 1.0 ] },
												"east": { "texture": "#blade", "uv": [ 0.0, 0.0, 16.0, 1.0 ] },
												"south": { "texture": "#blade", "uv": [ 0.0, 0.0, 1.0, 1.0 ] },
												"west": { "texture": "#blade", "uv": [ 0.0, 0.0, 16.0, 1.0 ] },
												"up": { "texture": "#blade", "uv": [ 0.0, 0.0, 1.0, 16.0 ] },
												"down": { "texture": "#blade", "uv": [ 0.0, 0.0, 1.0, 16.0 ] }
											}
										},
										{
											"name": "blade_21",
											"from": [ 0.4, -0.09, -12.0 ],
											"to": [ 1.4, 0.51, -2.0 ],
											"rotationOrigin": [ 0.4, 0.0, -2.0 ],
											"rotationY": -2.0,
											"faces": {
												"north": { "texture": "#blade", "uv": [ 0.0, 0.0, 1.0, 0.5 ] },
												"east": { "texture": "#blade", "uv": [ 0.0, 0.0, 10.0, 0.5 ] },
												"south": { "texture": "#blade", "uv": [ 0.0, 0.0, 1.0, 0.5 ] },
												"west": { "texture": "#blade", "uv": [ 0.0, 0.0, 10.0, 0.5 ] },
												"up": { "texture": "#blade", "uv": [ 0.0, 0.0, 1.0, 10.0 ] },
												"down": { "texture": "#blade", "uv": [ 0.0, 0.0, 1.0, 10.0 ] }
											},
											"children": [
												{
													"name": "blade_23",
													"from": [ 0.6, 0.0, -7.8 ],
													"to": [ 1.0, 0.6, 0.0 ],
													"rotationOrigin": [ 1.0, 0.4, 0.0 ],
													"rotationY": 9.0,
													"faces": {
														"north": { "texture": "#blade", "uv": [ 0.0, 0.0, 0.5, 0.5 ] },
														"east": { "texture": "#blade", "uv": [ 0.0, 0.0, 7.5, 0.5 ] },
														"south": { "texture": "#blade", "uv": [ 0.0, 0.0, 0.5, 0.5 ] },
														"west": { "texture": "#blade", "uv": [ 0.0, 0.0, 7.5, 0.5 ] },
														"up": { "texture": "#blade", "uv": [ 0.0, 0.0, 0.5, 7.5 ] },
														"down": { "texture": "#blade", "uv": [ 0.0, 0.0, 0.5, 7.5 ] }
													}
												}
											]
										},
										{
											"name": "blade_20",
											"from": [ 0.3, 0.09, -21.1 ],
											"to": [ 0.7, 0.31, -20.7 ],
											"rotationOrigin": [ 0.5, 0.3, -20.9 ],
											"rotationY": 47.0,
											"faces": {
												"north": { "texture": "#blade", "uv": [ 0.0, 0.0, 0.5, 0.5 ] },
												"east": { "texture": "#blade", "uv": [ 0.0, 0.0, 0.5, 0.5 ] },
												"south": { "texture": "#blade", "uv": [ 0.0, 0.0, 0.5, 0.5 ] },
												"west": { "texture": "#blade", "uv": [ 0.0, 0.0, 0.5, 0.5 ] },
												"up": { "texture": "#blade", "uv": [ 0.0, 0.0, 0.5, 0.5 ] },
												"down": { "texture": "#blade", "uv": [ 0.0, 0.0, 0.5, 0.5 ] }
											}
										},
										{
											"name": "blade_10",
											"from": [ -0.4, -0.08, -14.3 ],
											"to": [ 1.4, 0.5, -11.9 ],
											"rotationOrigin": [ -0.4, 0.0, 0.5 ],
											"faces": {
												"north": { "texture": "#blade", "uv": [ 0.0, 0.0, 1.5, 0.5 ] },
												"east": { "texture": "#blade", "uv": [ 0.0, 0.0, 2.0, 0.5 ] },
												"south": { "texture": "#blade", "uv": [ 0.0, 0.0, 1.5, 0.5 ] },
												"west": { "texture": "#blade", "uv": [ 0.0, 0.0, 2.0, 0.5 ] },
												"up": { "texture": "#blade", "uv": [ 0.0, 0.0, 1.5, 2.0 ] },
												"down": { "texture": "#blade", "uv": [ 0.0, 0.0, 1.5, 2.0 ] }
											},
											"children": [
												{
													"name": "blade_13",
													"from": [ 0.3, 0.0, -2.8 ],
													"to": [ 1.5, 0.58, 0.0 ],
													"rotationOrigin": [ 0.3, 0.08, 12.0 ],
													"faces": {
														"north": { "texture": "#blade", "uv": [ 0.0, 0.0, 1.0, 0.5 ] },
														"east": { "texture": "#blade", "uv": [ 0.0, 0.0, 2.5, 0.5 ] },
														"south": { "texture": "#blade", "uv": [ 0.0, 0.0, 1.0, 0.5 ] },
														"west": { "texture": "#blade", "uv": [ 0.0, 0.0, 2.5, 0.5 ] },
														"up": { "texture": "#blade", "uv": [ 0.0, 0.0, 1.0, 2.5 ] },
														"down": { "texture": "#blade", "uv": [ 0.0, 0.0, 1.0, 2.5 ] }
													}
												},
												{
													"name": "blade_22",
													"from": [ 0.6, 0.0, -4.5 ],
													"to": [ 1.2, 0.58, -2.8 ],
													"rotationOrigin": [ 0.6, 0.08, 10.3 ],
													"faces": {
														"north": { "texture": "#blade", "uv": [ 0.0, 0.0, 0.5, 0.5 ] },
														"east": { "texture": "#blade", "uv": [ 0.0, 0.0, 1.5, 0.5 ] },
														"south": { "texture": "#blade", "uv": [ 0.0, 0.0, 0.5, 0.5 ] },
														"west": { "texture": "#blade", "uv": [ 0.0, 0.0, 1.5, 0.5 ] },
														"up": { "texture": "#blade", "uv": [ 0.0, 0.0, 0.5, 1.5 ] },
														"down": { "texture": "#blade", "uv": [ 0.0, 0.0, 0.5, 1.5 ] }
													}
												}
											]
										}
									]
								},
								{
									"name": "blade_11",
									"from": [ 0.3, 0.2, -16.0 ],
									"to": [ 1.4, 0.4, -12.0 ],
									"rotationOrigin": [ 1.6, 0.2, 0.0 ],
									"faces": {
										"north": { "texture": "#blade", "uv": [ 0.0, 0.0, 1.0, 0.5 ] },
										"east": { "texture": "#blade", "uv": [ 0.0, 0.0, 4.0, 0.5 ] },
										"south": { "texture": "#blade", "uv": [ 0.0, 0.0, 1.0, 0.5 ] },
										"west": { "texture": "#blade", "uv": [ 0.0, 0.0, 4.0, 0.5 ] },
										"up": { "texture": "#blade", "uv": [ 0.0, 0.0, 1.0, 4.0 ] },
										"down": { "texture": "#blade", "uv": [ 0.0, 0.0, 1.0, 4.0 ] }
									},
									"children": [
										{
											"name": "blade_12",
											"from": [ 0.4, 0.0, -10.0 ],
											"to": [ 1.1, 0.2, 0.0 ],
											"rotationOrigin": [ 1.1, 0.0, 0.0 ],
											"rotationY": -3.0,
											"faces": {
												"north": { "texture": "#blade", "uv": [ 0.0, 0.0, 0.5, 0.5 ] },
												"east": { "texture": "#blade", "uv": [ 0.0, 0.0, 10.0, 0.5 ] },
												"south": { "texture": "#blade", "uv": [ 0.0, 0.0, 0.5, 0.5 ] },
												"west": { "texture": "#blade", "uv": [ 0.0, 0.0, 10.0, 0.5 ] },
												"up": { "texture": "#blade", "uv": [ 0.0, 0.0, 0.5, 10.0 ] },
												"down": { "texture": "#blade", "uv": [ 0.0, 0.0, 0.5, 10.0 ] }
											},
											"children": [
												{
													"name": "blade_14",
													"from": [ 0.0, 0.0, -8.0 ],
													"to": [ 0.7, 0.2, 0.0 ],
													"rotationOrigin": [ 0.7, 0.0, 0.0 ],
													"rotationY": 11.0,
													"faces": {
														"north": { "texture": "#blade", "uv": [ 0.0, 0.0, 0.5, 0.5 ] },
														"east": { "texture": "#blade", "uv": [ 0.0, 0.0, 8.0, 0.5 ] },
														"south": { "texture": "#blade", "uv": [ 0.0, 0.0, 0.5, 0.5 ] },
														"west": { "texture": "#blade", "uv": [ 0.0, 0.0, 8.0, 0.5 ] },
														"up": { "texture": "#blade", "uv": [ 0.0, 0.0, 0.5, 8.0 ] },
														"down": { "texture": "#blade", "uv": [ 0.0, 0.0, 0.5, 8.0 ] }
													},
													"children": [
														{
															"name": "blade_15",
															"from": [ 0.1, 0.0, -1.0 ],
															"to": [ 0.7, 0.2, 0.0 ],
															"rotationOrigin": [ 0.7, 0.0, 0.0 ],
															"rotationY": 5.0,
															"faces": {
																"north": { "texture": "#blade", "uv": [ 0.0, 0.0, 0.5, 0.5 ] },
																"east": { "texture": "#blade", "uv": [ 0.0, 0.0, 1.0, 0.5 ] },
																"south": { "texture": "#blade", "uv": [ 0.0, 0.0, 0.5, 0.5 ] },
																"west": { "texture": "#blade", "uv": [ 0.0, 0.0, 1.0, 0.5 ] },
																"up": { "texture": "#blade", "uv": [ 0.0, 0.0, 0.5, 1.0 ] },
																"down": { "texture": "#blade", "uv": [ 0.0, 0.0, 0.5, 1.0 ] }
															}
														}
													]
												}
											]
										}
									]
								}
							]
						},
						{
							"name": "Guard2",
							"from": [ -1.0, -0.9, -1.0 ],
							"to": [ 1.0, 0.9, 0.02 ],
							"rotationOrigin": [ 0.0, -0.9, -1.0 ],
							"rotationY": -45.0,
							"faces": {
								"north": { "texture": "#handle", "uv": [ 0.0, 0.0, 2.0, 1.5 ] },
								"east": { "texture": "#handle", "uv": [ 0.0, 0.0, 1.0, 1.5 ] },
								"south": { "texture": "#handle", "uv": [ 0.0, 0.0, 2.0, 1.5 ] },
								"west": { "texture": "#handle", "uv": [ 0.0, 0.0, 1.0, 1.5 ] },
								"up": { "texture": "#handle", "uv": [ 0.0, 0.0, 2.0, 1.0 ] },
								"down": { "texture": "#handle", "uv": [ 0.0, 0.0, 2.0, 1.0 ] }
							},
							"children": [
								{
									"name": "guard_9",
									"from": [ 0.0, 0.9, 0.11 ],
									"to": [ 1.0, 1.7, 0.91 ],
									"rotationOrigin": [ 0.0, 1.1, 0.1 ],
									"rotationZ": 180.0,
									"faces": {
										"north": { "texture": "#handle", "uv": [ 0.0, 0.0, 1.0, 0.5 ] },
										"east": { "texture": "#handle", "uv": [ 0.0, 0.0, 0.5, 0.5 ] },
										"south": { "texture": "#handle", "uv": [ 0.0, 0.0, 1.0, 0.5 ] },
										"west": { "texture": "#handle", "uv": [ 0.0, 0.0, 0.5, 0.5 ] },
										"up": { "texture": "#handle", "uv": [ 0.0, 0.0, 1.0, 0.5 ] },
										"down": { "texture": "#handle", "uv": [ 0.0, 0.0, 1.0, 0.5 ] }
									},
									"children": [
										{
											"name": "guard_10",
											"from": [ 0.0, 0.6, -0.11 ],
											"to": [ 1.1, 1.3, 0.89 ],
											"rotationOrigin": [ 0.0, 1.3, -0.1 ],
											"rotationZ": -24.0,
											"faces": {
												"north": { "texture": "#handle", "uv": [ 0.0, 0.0, 1.0, 0.5 ] },
												"east": { "texture": "#handle", "uv": [ 0.0, 0.0, 1.0, 0.5 ] },
												"south": { "texture": "#handle", "uv": [ 0.0, 0.0, 1.0, 0.5 ] },
												"west": { "texture": "#handle", "uv": [ 0.0, 0.0, 1.0, 0.5 ] },
												"up": { "texture": "#handle", "uv": [ 0.0, 0.0, 1.0, 1.0 ] },
												"down": { "texture": "#handle", "uv": [ 0.0, 0.0, 1.0, 1.0 ] }
											}
										},
										{
											"name": "guard_11",
											"from": [ 0.0, -0.5, -0.1 ],
											"to": [ 1.1, 0.2, 0.9 ],
											"rotationOrigin": [ 0.0, -0.5, -0.1 ],
											"rotationZ": 24.0,
											"faces": {
												"north": { "texture": "#handle", "uv": [ 0.0, 0.0, 1.0, 0.5 ] },
												"east": { "texture": "#handle", "uv": [ 0.0, 0.0, 1.0, 0.5 ] },
												"south": { "texture": "#handle", "uv": [ 0.0, 0.0, 1.0, 0.5 ] },
												"west": { "texture": "#handle", "uv": [ 0.0, 0.0, 1.0, 0.5 ] },
												"up": { "texture": "#handle", "uv": [ 0.0, 0.0, 1.0, 1.0 ] },
												"down": { "texture": "#handle", "uv": [ 0.0, 0.0, 1.0, 1.0 ] }
											}
										}
									]
								},
								{
									"name": "Cube2",
									"from": [ 1.2, -0.1, 0.2 ],
									"to": [ 1.8, 1.9, 0.8 ],
									"rotationOrigin": [ 1.2, -0.1, 0.2 ],
									"faces": {
										"north": { "texture": "#blade", "uv": [ 0.0, 0.0, 0.5, 2.0 ] },
										"east": { "texture": "#blade", "uv": [ 0.0, 0.0, 0.5, 2.0 ] },
										"south": { "texture": "#blade", "uv": [ 0.0, 0.0, 0.5, 2.0 ] },
										"west": { "texture": "#blade", "uv": [ 0.0, 0.0, 0.5, 2.0 ] },
										"up": { "texture": "#blade", "uv": [ 0.0, 0.0, 0.5, 0.5 ] },
										"down": { "texture": "#blade", "uv": [ 0.0, 0.0, 0.5, 0.5 ] }
									}
								}
							]
						},
						{
							"name": "Guard3",
							"from": [ -1.0, -0.91, -1.0 ],
							"to": [ 1.0, 0.89, 0.02 ],
							"rotationOrigin": [ 0.0, -0.9, -1.0 ],
							"rotationY": 45.0,
							"faces": {
								"north": { "texture": "#handle", "uv": [ 0.0, 0.0, 2.0, 1.5 ] },
								"east": { "texture": "#handle", "uv": [ 0.0, 0.0, 1.0, 1.5 ] },
								"south": { "texture": "#handle", "uv": [ 0.0, 0.0, 2.0, 1.5 ] },
								"west": { "texture": "#handle", "uv": [ 0.0, 0.0, 1.0, 1.5 ] },
								"up": { "texture": "#handle", "uv": [ 0.0, 0.0, 2.0, 1.0 ] },
								"down": { "texture": "#handle", "uv": [ 0.0, 0.0, 2.0, 1.0 ] }
							},
							"children": [
								{
									"name": "guard_12",
									"from": [ 2.0, 0.5, 0.11 ],
									"to": [ 3.0, 1.3, 0.91 ],
									"rotationOrigin": [ 2.0, 0.7, 0.1 ],
									"faces": {
										"north": { "texture": "#handle", "uv": [ 0.0, 0.0, 1.0, 0.5 ] },
										"east": { "texture": "#handle", "uv": [ 0.0, 0.0, 0.5, 0.5 ] },
										"south": { "texture": "#handle", "uv": [ 0.0, 0.0, 1.0, 0.5 ] },
										"west": { "texture": "#handle", "uv": [ 0.0, 0.0, 0.5, 0.5 ] },
										"up": { "texture": "#handle", "uv": [ 0.0, 0.0, 1.0, 0.5 ] },
										"down": { "texture": "#handle", "uv": [ 0.0, 0.0, 1.0, 0.5 ] }
									},
									"children": [
										{
											"name": "guard_13",
											"from": [ 0.0, 0.6, -0.11 ],
											"to": [ 1.1, 1.3, 0.89 ],
											"rotationOrigin": [ 0.0, 1.3, 0.9 ],
											"rotationZ": -24.0,
											"faces": {
												"north": { "texture": "#handle", "uv": [ 0.0, 0.0, 1.0, 0.5 ] },
												"east": { "texture": "#handle", "uv": [ 0.0, 0.0, 1.0, 0.5 ] },
												"south": { "texture": "#handle", "uv": [ 0.0, 0.0, 1.0, 0.5 ] },
												"west": { "texture": "#handle", "uv": [ 0.0, 0.0, 1.0, 0.5 ] },
												"up": { "texture": "#handle", "uv": [ 0.0, 0.0, 1.0, 1.0 ] },
												"down": { "texture": "#handle", "uv": [ 0.0, 0.0, 1.0, 1.0 ] }
											}
										},
										{
											"name": "guard_14",
											"from": [ 0.0, -0.5, -0.1 ],
											"to": [ 1.1, 0.2, 0.9 ],
											"rotationOrigin": [ 0.0, -0.5, -0.1 ],
											"rotationZ": 24.0,
											"faces": {
												"north": { "texture": "#handle", "uv": [ 0.0, 0.0, 1.0, 0.5 ] },
												"east": { "texture": "#handle", "uv": [ 0.0, 0.0, 1.0, 0.5 ] },
												"south": { "texture": "#handle", "uv": [ 0.0, 0.0, 1.0, 0.5 ] },
												"west": { "texture": "#handle", "uv": [ 0.0, 0.0, 1.0, 0.5 ] },
												"up": { "texture": "#handle", "uv": [ 0.0, 0.0, 1.0, 1.0 ] },
												"down": { "texture": "#handle", "uv": [ 0.0, 0.0, 1.0, 1.0 ] }
											}
										}
									]
								}
							]
						}
					]
				},
				{
					"name": "Handle",
					"from": [ 0.0, 0.0, 0.0 ],
					"to": [ 0.0, 0.0, 1.0 ],
					"faces": {
						"north": { "texture": "#blade", "uv": [ 0.0, 0.0, 0.5, 0.5 ] },
						"east": { "texture": "#blade", "uv": [ 0.0, 0.0, 1.0, 0.5 ] },
						"south": { "texture": "#blade", "uv": [ 0.0, 0.0, 0.5, 0.5 ] },
						"west": { "texture": "#blade", "uv": [ 0.0, 0.0, 1.0, 0.5 ] },
						"up": { "texture": "#blade", "uv": [ 0.0, 0.0, 0.5, 1.0 ] },
						"down": { "texture": "#blade", "uv": [ 0.0, 0.0, 0.5, 1.0 ] }
					},
					"children": [
						{
							"name": "handle_0",
							"from": [ -0.8, -0.5, -1.0 ],
							"to": [ 0.8, 0.5, 4.0 ],
							"rotationOrigin": [ -0.8, -0.5, -1.0 ],
							"faces": {
								"north": { "texture": "#handle", "uv": [ 0.0, 0.0, 1.5, 1.0 ] },
								"east": { "texture": "#handle", "uv": [ 6.5, 9.0, 11.5, 10.0 ] },
								"south": { "texture": "#handle", "uv": [ 0.0, 0.0, 1.5, 1.0 ] },
								"west": { "texture": "#handle", "uv": [ 5.5, 9.0, 10.5, 10.0 ] },
								"up": { "texture": "#handle", "uv": [ 1.0, 9.0, 6.0, 10.5 ], "rotation": 90 },
								"down": { "texture": "#handle", "uv": [ 0.0, 9.0, 5.0, 10.5 ], "rotation": 90 }
							}
						},
						{
							"name": "tong2",
							"from": [ -1.3, -0.9, 4.0 ],
							"to": [ 1.3, 0.9, 5.0 ],
							"rotationOrigin": [ -1.3, -0.9, 4.0 ],
							"faces": {
								"north": { "texture": "#handle", "uv": [ 5.0, 5.0, 7.5, 6.5 ] },
								"east": { "texture": "#handle", "uv": [ 10.0, 0.0, 11.0, 1.5 ] },
								"south": { "texture": "#handle", "uv": [ 5.5, 5.5, 8.0, 7.0 ] },
								"west": { "texture": "#handle", "uv": [ 9.5, 0.0, 10.5, 1.5 ] },
								"up": { "texture": "#handle", "uv": [ 6.5, 0.5, 9.0, 1.5 ] },
								"down": { "texture": "#handle", "uv": [ 7.0, 0.0, 9.5, 1.0 ] }
							}
						},
						{
							"name": "tong3",
							"from": [ -0.9, -0.4, 5.0 ],
							"to": [ 0.9, 0.4, 5.5 ],
							"rotationOrigin": [ -0.9, -0.4, 5.0 ],
							"faces": {
								"north": { "texture": "#blade", "uv": [ 8.5, 9.5, 10.0, 10.0 ] },
								"east": { "texture": "#blade", "uv": [ 8.5, 9.0, 9.0, 9.5 ] },
								"south": { "texture": "#blade", "uv": [ 8.0, 8.5, 9.5, 9.0 ] },
								"west": { "texture": "#blade", "uv": [ 8.0, 9.5, 8.5, 10.0 ] },
								"up": { "texture": "#blade", "uv": [ 8.5, 9.5, 10.0, 10.0 ] },
								"down": { "texture": "#blade", "uv": [ 8.5, 9.5, 10.0, 10.0 ] }
							}
						}
					]
				}
			]
		}
	]}