{
	"editor": {
		"collapsedPaths": "Root/origin/handle,Root/Spear/Head/Blade/Cube12,Root/Spear/Dec/Cube27,Root/Spear/Head/Blade/blade_13,Root/origin/Large gear 2,Root/origin/Large gear 1,Root/Sowrd/Blade/Guard,Root/Spear/Dec/Cube10/Cube12,Root/Spear/Head/Blade/blade_2/blade_8,Root/Sowrd/Metal/Blade/blade_11/blade_15,Root/Spear/Head/Blade/blade_2/blade_3,Root/Spear/Head/Blade/blade_2/blade_14,Root/Spear/Head/Blade/Cube7,Root/Spear/Head/Blade/Cube5,Root/Spear/Head/Blade/Cube4,Root/origin,Root/Spear/Dec/Cube35,Root/Spear/Head/Blade/blade_2,Root/Sowrd/Blade/blade_3,Root/Sowrd/Blade/tong,Root/Sowrd/Blade/blade_1,Root/origin/segment end,Root/Sowrd/Blade/blade_6",
		"allAngles": false,
		"entityTextureMode": false
	},
	"textureWidth": 16,
	"textureHeight": 16,
	"textureSizes": {
	},
	"textures": {
		"handle": "game:block/leather/black",
		"blade": "game:block/metal/plate/steel"
	},
	"elements": [
		{
			"name": "Sword",
			"from": [ 8.0, 0.0, 8.0 ],
			"to": [ 8.0, 0.0, 8.0 ],
			"rotationOrigin": [ 8.0, 0.0, 8.0 ],
			"rotationY": -90.0,
			"rotationZ": 90.0,
			"faces": {
				"north": { "texture": "#blade", "uv": [ 0.0, 0.0, 0.5, 0.5 ] },
				"east": { "texture": "#blade", "uv": [ 0.0, 0.0, 0.5, 0.5 ] },
				"south": { "texture": "#blade", "uv": [ 0.0, 0.0, 0.5, 0.5 ] },
				"west": { "texture": "#blade", "uv": [ 0.0, 0.0, 0.5, 0.5 ] },
				"up": { "texture": "#blade", "uv": [ 0.0, 0.0, 0.5, 0.5 ] },
				"down": { "texture": "#blade", "uv": [ 0.0, 0.0, 0.5, 0.5 ] }
			},
			"children": [
				{
					"name": "Metal",
					"from": [ 0.0, 0.0, 0.0 ],
					"to": [ 0.0, 0.0, 0.0 ],
					"faces": {
						"north": { "texture": "#blade", "uv": [ 0.0, 0.0, 0.5, 0.5 ] },
						"east": { "texture": "#blade", "uv": [ 0.0, 0.0, 0.5, 0.5 ] },
						"south": { "texture": "#blade", "uv": [ 0.0, 0.0, 0.5, 0.5 ] },
						"west": { "texture": "#blade", "uv": [ 0.0, 0.0, 0.5, 0.5 ] },
						"up": { "texture": "#blade", "uv": [ 0.0, 0.0, 0.5, 0.5 ] },
						"down": { "texture": "#blade", "uv": [ 0.0, 0.0, 0.5, 0.5 ] }
					},
					"children": [
						{
							"name": "tong",
							"from": [ -0.6, -0.3, 0.0 ],
							"to": [ 0.6, 0.3, 4.2 ],
							"rotationOrigin": [ -0.6, -0.3, 0.0 ],
							"faces": {
								"north": { "texture": "#blade", "uv": [ 0.0, 0.0, 1.0, 0.5 ] },
								"east": { "texture": "#blade", "uv": [ 0.0, 0.0, 4.0, 0.5 ] },
								"south": { "texture": "#blade", "uv": [ 0.0, 0.0, 1.0, 0.5 ] },
								"west": { "texture": "#blade", "uv": [ 0.0, 0.0, 4.0, 0.5 ] },
								"up": { "texture": "#blade", "uv": [ 0.0, 0.0, 1.0, 4.0 ] },
								"down": { "texture": "#blade", "uv": [ 0.0, 0.0, 1.0, 4.0 ] }
							}
						},
						{
							"name": "Guard",
							"from": [ -1.0, -0.5, -0.5 ],
							"to": [ 1.0, 0.5, 0.0 ],
							"rotationOrigin": [ -1.0, -0.5, -0.5 ],
							"faces": {
								"north": { "texture": "#blade", "uv": [ 8.5, 9.5, 10.5, 10.5 ] },
								"east": { "texture": "#blade", "uv": [ 9.0, 9.5, 9.5, 10.5 ] },
								"south": { "texture": "#blade", "uv": [ 8.0, 9.5, 10.0, 10.5 ] },
								"west": { "texture": "#blade", "uv": [ 8.5, 9.5, 9.0, 10.5 ] },
								"up": { "texture": "#blade", "uv": [ 8.0, 9.5, 10.0, 10.0 ] },
								"down": { "texture": "#blade", "uv": [ 8.5, 9.5, 10.5, 10.0 ] }
							},
							"children": [
								{
									"name": "guard_2",
									"from": [ 2.0, 0.3, 0.02 ],
									"to": [ 5.0, 0.7, 0.5 ],
									"rotationOrigin": [ 2.0, 0.5, 0.5 ],
									"rotationY": 12.0,
									"faces": {
										"north": { "texture": "#blade", "uv": [ 0.0, 0.0, 3.0, 0.5 ] },
										"east": { "texture": "#blade", "uv": [ 0.0, 0.0, 0.5, 0.5 ] },
										"south": { "texture": "#blade", "uv": [ 0.0, 0.0, 3.0, 0.5 ] },
										"west": { "texture": "#blade", "uv": [ 0.0, 0.0, 0.5, 0.5 ] },
										"up": { "texture": "#blade", "uv": [ 0.0, 0.0, 3.0, 0.5 ] },
										"down": { "texture": "#blade", "uv": [ 0.0, 0.0, 3.0, 0.5 ] }
									},
									"children": [
										{
											"name": "guard_1",
											"from": [ 0.0, 0.2, -0.01 ],
											"to": [ 3.0, 0.7, 0.49 ],
											"rotationOrigin": [ 0.0, 0.7, 0.0 ],
											"rotationZ": -4.0,
											"faces": {
												"north": { "texture": "#blade", "uv": [ 0.0, 0.0, 3.0, 0.5 ] },
												"east": { "texture": "#blade", "uv": [ 9.0, 9.5, 9.5, 10.0 ] },
												"south": { "texture": "#blade", "uv": [ 0.0, 0.0, 3.0, 0.5 ] },
												"west": { "texture": "#blade", "uv": [ 8.5, 9.5, 9.0, 10.0 ] },
												"up": { "texture": "#blade", "uv": [ 8.5, 9.5, 11.5, 10.0 ] },
												"down": { "texture": "#blade", "uv": [ 8.0, 9.5, 11.0, 10.0 ] }
											}
										},
										{
											"name": "guard_0",
											"from": [ 0.0, -0.3, -0.01 ],
											"to": [ 3.0, 0.2, 0.49 ],
											"rotationOrigin": [ 0.0, -0.3, 0.0 ],
											"rotationZ": 4.0,
											"faces": {
												"north": { "texture": "#blade", "uv": [ 0.0, 0.0, 3.0, 0.5 ] },
												"east": { "texture": "#blade", "uv": [ 0.0, 0.0, 0.5, 0.5 ] },
												"south": { "texture": "#blade", "uv": [ 0.0, 0.0, 3.0, 0.5 ] },
												"west": { "texture": "#blade", "uv": [ 0.0, 0.0, 0.5, 0.5 ] },
												"up": { "texture": "#blade", "uv": [ 0.0, 0.0, 3.0, 0.5 ] },
												"down": { "texture": "#blade", "uv": [ 0.0, 0.0, 3.0, 0.5 ] }
											}
										}
									]
								},
								{
									"name": "guard_3",
									"from": [ 0.0, 0.3, 0.02 ],
									"to": [ 3.0, 0.7, 0.5 ],
									"rotationOrigin": [ 0.0, 0.5, 0.5 ],
									"rotationY": -12.0,
									"rotationZ": 180.0,
									"faces": {
										"north": { "texture": "#blade", "uv": [ 0.0, 0.0, 3.0, 0.5 ] },
										"east": { "texture": "#blade", "uv": [ 0.0, 0.0, 0.5, 0.5 ] },
										"south": { "texture": "#blade", "uv": [ 0.0, 0.0, 3.0, 0.5 ] },
										"west": { "texture": "#blade", "uv": [ 0.0, 0.0, 0.5, 0.5 ] },
										"up": { "texture": "#blade", "uv": [ 0.0, 0.0, 3.0, 0.5 ] },
										"down": { "texture": "#blade", "uv": [ 0.0, 0.0, 3.0, 0.5 ] }
									},
									"children": [
										{
											"name": "guard_4",
											"from": [ 0.0, 0.2, -0.01 ],
											"to": [ 3.0, 0.7, 0.49 ],
											"rotationOrigin": [ 0.0, 0.7, 0.0 ],
											"rotationZ": -4.0,
											"faces": {
												"north": { "texture": "#blade", "uv": [ 0.0, 0.0, 3.0, 0.5 ] },
												"east": { "texture": "#blade", "uv": [ 0.0, 0.0, 0.5, 0.5 ] },
												"south": { "texture": "#blade", "uv": [ 0.0, 0.0, 3.0, 0.5 ] },
												"west": { "texture": "#blade", "uv": [ 0.0, 0.0, 0.5, 0.5 ] },
												"up": { "texture": "#blade", "uv": [ 0.0, 0.0, 3.0, 0.5 ] },
												"down": { "texture": "#blade", "uv": [ 0.0, 0.0, 3.0, 0.5 ] }
											}
										},
										{
											"name": "guard_5",
											"from": [ 0.0, -0.3, -0.01 ],
											"to": [ 3.0, 0.2, 0.49 ],
											"rotationOrigin": [ 0.0, -0.3, 0.0 ],
											"rotationZ": 4.0,
											"faces": {
												"north": { "texture": "#blade", "uv": [ 0.0, 0.0, 3.0, 0.5 ] },
												"east": { "texture": "#blade", "uv": [ 8.5, 10.0, 9.0, 10.5 ] },
												"south": { "texture": "#blade", "uv": [ 0.0, 0.0, 3.0, 0.5 ] },
												"west": { "texture": "#blade", "uv": [ 9.0, 9.5, 9.5, 10.0 ] },
												"up": { "texture": "#blade", "uv": [ 8.0, 9.5, 11.0, 10.0 ] },
												"down": { "texture": "#blade", "uv": [ 8.5, 9.5, 11.5, 10.0 ] }
											}
										}
									]
								}
							]
						},
						{
							"name": "Blade",
							"from": [ -0.25, -0.25, -0.5 ],
							"to": [ -0.25, -0.25, -0.5 ],
							"rotationOrigin": [ -0.25, -0.25, -0.5 ],
							"faces": {
								"north": { "texture": "#blade", "uv": [ 0.0, 0.0, 0.5, 0.5 ] },
								"east": { "texture": "#blade", "uv": [ 0.0, 0.0, 0.5, 0.5 ] },
								"south": { "texture": "#blade", "uv": [ 0.0, 0.0, 0.5, 0.5 ] },
								"west": { "texture": "#blade", "uv": [ 0.0, 0.0, 0.5, 0.5 ] },
								"up": { "texture": "#blade", "uv": [ 0.0, 0.0, 0.5, 0.5 ] },
								"down": { "texture": "#blade", "uv": [ 0.0, 0.0, 0.5, 0.5 ] }
							},
							"children": [
								{
									"name": "blade_6",
									"from": [ -1.1, 0.15, -16.0 ],
									"to": [ -0.3, 0.35, 0.0 ],
									"rotationOrigin": [ -1.1, 0.1, 0.0 ],
									"rotationY": -0.8,
									"faces": {
										"north": { "texture": "#blade", "uv": [ 0.0, 0.0, 0.5, 0.5 ] },
										"east": { "texture": "#blade", "uv": [ 0.0, 5.5, 16.0, 6.0 ] },
										"south": { "texture": "#blade", "uv": [ 0.0, 0.0, 0.5, 0.5 ] },
										"west": { "texture": "#blade", "uv": [ 0.0, 5.5, 16.0, 6.0 ] },
										"up": { "texture": "#blade", "uv": [ 9.5, 0.0, 10.0, 16.0 ] },
										"down": { "texture": "#blade", "uv": [ 9.0, 0.0, 9.5, 16.0 ] }
									},
									"children": [
										{
											"name": "blade_9",
											"from": [ 0.0, 0.0, -12.0 ],
											"to": [ 0.8, 0.2, 0.0 ],
											"faces": {
												"north": { "texture": "#blade", "uv": [ 0.0, 0.0, 0.5, 0.5 ] },
												"east": { "texture": "#blade", "uv": [ 1.0, 1.5, 13.0, 2.0 ] },
												"south": { "texture": "#blade", "uv": [ 1.0, 1.5, 1.5, 2.0 ] },
												"west": { "texture": "#blade", "uv": [ 1.5, 1.0, 13.5, 1.5 ] },
												"up": { "texture": "#blade", "uv": [ 3.5, 0.5, 4.0, 12.5 ] },
												"down": { "texture": "#blade", "uv": [ 9.5, 0.5, 10.0, 12.5 ] }
											},
											"children": [
												{
													"name": "blade_13",
													"from": [ 0.0, 0.0, -8.0 ],
													"to": [ 0.8, 0.2, 0.0 ],
													"rotationOrigin": [ 0.0, 0.0, 0.0 ],
													"rotationY": -1.0,
													"faces": {
														"north": { "texture": "#blade", "uv": [ 0.0, 0.0, 0.5, 0.5 ] },
														"east": { "texture": "#blade", "uv": [ 0.0, 2.0, 8.0, 2.5 ] },
														"south": { "texture": "#blade", "uv": [ 0.0, 0.0, 0.5, 0.5 ] },
														"west": { "texture": "#blade", "uv": [ 0.0, 2.0, 8.0, 2.5 ] },
														"up": { "texture": "#blade", "uv": [ 3.5, 0.5, 4.0, 8.5 ] },
														"down": { "texture": "#blade", "uv": [ 10.5, 0.0, 11.0, 8.0 ] }
													},
													"children": [
														{
															"name": "blade_16",
															"from": [ 0.0, 0.01, -2.0 ],
															"to": [ 0.7, 0.19, 0.0 ],
															"rotationOrigin": [ 0.0, 0.0, 0.0 ],
															"rotationY": -8.3,
															"faces": {
																"north": { "texture": "#blade", "uv": [ 2.5, 1.0, 3.0, 1.5 ] },
																"east": { "texture": "#blade", "uv": [ 1.0, 1.0, 3.0, 1.5 ] },
																"south": { "texture": "#blade", "uv": [ 2.0, 1.0, 2.5, 1.5 ] },
																"west": { "texture": "#blade", "uv": [ 1.0, 0.5, 3.0, 1.0 ] },
																"up": { "texture": "#blade", "uv": [ 2.0, 3.0, 2.5, 5.0 ] },
																"down": { "texture": "#blade", "uv": [ 1.5, 1.5, 2.0, 3.5 ] }
															},
															"children": [
																{
																	"name": "blade_17",
																	"from": [ 0.0, 0.0, -0.5 ],
																	"to": [ 0.5, 0.18, 0.0 ],
																	"rotationOrigin": [ 0.0, -0.01, 0.0 ],
																	"rotationY": -35.0,
																	"faces": {
																		"north": { "texture": "#blade", "uv": [ 0.0, 0.0, 0.5, 0.5 ] },
																		"east": { "texture": "#blade", "uv": [ 0.0, 0.0, 0.5, 0.5 ] },
																		"south": { "texture": "#blade", "uv": [ 0.0, 0.0, 0.5, 0.5 ] },
																		"west": { "texture": "#blade", "uv": [ 0.0, 0.0, 0.5, 0.5 ] },
																		"up": { "texture": "#blade", "uv": [ 0.0, 0.0, 0.5, 0.5 ] },
																		"down": { "texture": "#blade", "uv": [ 0.0, 0.0, 0.5, 0.5 ] }
																	}
																}
															]
														}
													]
												}
											]
										}
									]
								},
								{
									"name": "blade_3",
									"from": [ -0.2, 0.1, -16.0 ],
									"to": [ -0.2, 0.1, -16.0 ],
									"rotationOrigin": [ -0.2, 0.1, 0.0 ],
									"faces": {
										"north": { "texture": "#blade", "uv": [ 0.0, 0.0, 0.5, 0.5 ] },
										"east": { "texture": "#blade", "uv": [ 0.0, 0.0, 0.5, 0.5 ] },
										"south": { "texture": "#blade", "uv": [ 0.0, 0.0, 0.5, 0.5 ] },
										"west": { "texture": "#blade", "uv": [ 0.0, 0.0, 0.5, 0.5 ] },
										"up": { "texture": "#blade", "uv": [ 0.0, 0.0, 0.5, 0.5 ] },
										"down": { "texture": "#blade", "uv": [ 0.0, 0.0, 0.5, 0.5 ] }
									},
									"children": [
										{
											"name": "blade_18",
											"from": [ -0.3, 0.1, 0.0 ],
											"to": [ 1.2, 0.2, 16.0 ],
											"rotationOrigin": [ -0.3, 0.2, 0.0 ],
											"faces": {
												"up": { "texture": "#blade", "uv": [ 9.0, 0.0, 10.5, 16.0 ] },
												"down": { "texture": "#blade", "uv": [ 9.0, 0.0, 10.5, 16.0 ], "windMode": [-1,-1,-1,-1] }
											},
											"children": [
												{
													"name": "blade_4",
													"from": [ 0.0, 0.0, -16.0 ],
													"to": [ 1.5, 0.1, 0.0 ],
													"rotationOrigin": [ 0.0, 0.1, -16.0 ],
													"faces": {
														"up": { "texture": "#blade", "uv": [ 1.5, 0.0, 3.0, 16.0 ] },
														"down": { "texture": "#blade", "uv": [ 1.5, 0.0, 3.0, 16.0 ], "windMode": [-1,-1,-1,-1] }
													},
													"children": [
														{
															"name": "blade_5",
															"from": [ 0.0, 0.0, -1.0 ],
															"to": [ 1.5, 0.1, 0.0 ],
															"rotationOrigin": [ 0.0, 0.1, -1.0 ],
															"faces": {
																"up": { "texture": "#blade", "uv": [ 1.5, 0.0, 3.0, 1.0 ] },
																"down": { "texture": "#blade", "uv": [ 1.5, 0.0, 3.0, 1.0 ], "windMode": [-1,-1,-1,-1] }
															}
														}
													]
												}
											]
										}
									]
								},
								{
									"name": "blade_11",
									"from": [ 0.8, 0.15, -16.0 ],
									"to": [ 1.6, 0.35, 0.0 ],
									"rotationOrigin": [ 1.6, 0.1, 0.0 ],
									"rotationY": 0.8,
									"faces": {
										"north": { "texture": "#blade", "uv": [ 0.0, 0.0, 0.5, 0.5 ] },
										"east": { "texture": "#blade", "uv": [ 0.0, 6.5, 16.0, 7.0 ] },
										"south": { "texture": "#blade", "uv": [ 0.0, 0.0, 0.5, 0.5 ] },
										"west": { "texture": "#blade", "uv": [ 0.0, 7.0, 16.0, 7.5 ] },
										"up": { "texture": "#blade", "uv": [ 11.0, 0.0, 11.5, 16.0 ] },
										"down": { "texture": "#blade", "uv": [ 10.5, 0.0, 11.0, 16.0 ] }
									},
									"children": [
										{
											"name": "blade_12",
											"from": [ 0.0, 0.0, -12.0 ],
											"to": [ 0.8, 0.2, 0.0 ],
											"rotationOrigin": [ 0.7, 0.0, 0.0 ],
											"faces": {
												"north": { "texture": "#blade", "uv": [ 0.0, 0.0, 0.5, 0.5 ] },
												"east": { "texture": "#blade", "uv": [ 0.0, 0.0, 12.0, 0.5 ] },
												"south": { "texture": "#blade", "uv": [ 0.0, 0.0, 0.5, 0.5 ] },
												"west": { "texture": "#blade", "uv": [ 0.0, 0.0, 12.0, 0.5 ] },
												"up": { "texture": "#blade", "uv": [ 13.0, 0.0, 13.5, 12.0 ] },
												"down": { "texture": "#blade", "uv": [ 9.5, 0.0, 10.0, 12.0 ] }
											},
											"children": [
												{
													"name": "blade_19",
													"from": [ 0.0, 0.0, -8.0 ],
													"to": [ 0.8, 0.2, 0.0 ],
													"rotationOrigin": [ 0.7, 0.0, 0.0 ],
													"rotationY": 1.0,
													"faces": {
														"north": { "texture": "#blade", "uv": [ 0.0, 0.0, 0.5, 0.5 ] },
														"east": { "texture": "#blade", "uv": [ 0.0, 0.0, 8.0, 0.5 ] },
														"south": { "texture": "#blade", "uv": [ 0.0, 0.0, 0.5, 0.5 ] },
														"west": { "texture": "#blade", "uv": [ 0.0, 0.0, 8.0, 0.5 ] },
														"up": { "texture": "#blade", "uv": [ 13.0, 0.0, 13.5, 8.0 ] },
														"down": { "texture": "#blade", "uv": [ 9.5, 0.0, 10.0, 8.0 ] }
													},
													"children": [
														{
															"name": "blade_20",
															"from": [ 0.1, 0.01, -2.0 ],
															"to": [ 0.8, 0.19, 0.0 ],
															"rotationOrigin": [ 0.8, 0.0, 0.0 ],
															"rotationY": 8.5,
															"faces": {
																"north": { "texture": "#blade", "uv": [ 0.0, 0.0, 0.5, 0.5 ] },
																"east": { "texture": "#blade", "uv": [ 0.0, 0.0, 2.0, 0.5 ] },
																"south": { "texture": "#blade", "uv": [ 0.0, 0.0, 0.5, 0.5 ] },
																"west": { "texture": "#blade", "uv": [ 0.0, 0.0, 2.0, 0.5 ] },
																"up": { "texture": "#blade", "uv": [ 0.0, 0.0, 0.5, 2.0 ] },
																"down": { "texture": "#blade", "uv": [ 0.0, 0.0, 0.5, 2.0 ] }
															}
														}
													]
												}
											]
										}
									]
								}
							]
						},
						{
							"name": "Guard5",
							"from": [ -0.8, -0.4, 5.5 ],
							"to": [ 0.8, 0.4, 6.5 ],
							"rotationOrigin": [ 0.2, 0.2, 6.5 ],
							"faces": {
								"north": { "texture": "#blade", "uv": [ 8.5, 9.5, 10.0, 10.0 ] },
								"east": { "texture": "#blade", "uv": [ 9.0, 9.5, 10.0, 10.0 ] },
								"south": { "texture": "#blade", "uv": [ 8.0, 9.5, 9.5, 10.0 ] },
								"west": { "texture": "#blade", "uv": [ 8.5, 9.5, 9.5, 10.0 ] },
								"up": { "texture": "#blade", "uv": [ 12.5, 9.0, 14.0, 10.0 ] },
								"down": { "texture": "#blade", "uv": [ 12.5, 9.0, 14.0, 10.0 ] }
							},
							"children": [
								{
									"name": "Guard3",
									"from": [ -0.2, -0.1, 0.1 ],
									"to": [ 1.8, 0.9, 2.1 ],
									"rotationOrigin": [ 0.8, 0.5, 1.1 ],
									"rotationY": 45.0,
									"faces": {
										"north": { "texture": "#blade", "uv": [ 8.5, 9.5, 10.5, 10.5 ] },
										"east": { "texture": "#blade", "uv": [ 9.0, 9.5, 11.0, 10.5 ] },
										"south": { "texture": "#blade", "uv": [ 8.0, 9.5, 10.0, 10.5 ] },
										"west": { "texture": "#blade", "uv": [ 8.5, 9.5, 10.5, 10.5 ] },
										"up": { "texture": "#blade", "uv": [ 4.5, 9.5, 6.5, 11.5 ] },
										"down": { "texture": "#blade", "uv": [ 5.0, 10.0, 7.0, 12.0 ] }
									},
									"children": [
										{
											"name": "Guard4",
											"from": [ 0.5, -0.1, 0.5 ],
											"to": [ 1.5, 1.1, 1.5 ],
											"rotationOrigin": [ 1.0, 0.5, 1.0 ],
											"rotationY": -45.0,
											"faces": {
												"north": { "texture": "#blade", "uv": [ 8.5, 9.5, 9.5, 10.5 ] },
												"east": { "texture": "#blade", "uv": [ 9.0, 9.5, 10.0, 10.5 ] },
												"south": { "texture": "#blade", "uv": [ 8.0, 9.5, 9.0, 10.5 ] },
												"west": { "texture": "#blade", "uv": [ 8.5, 9.5, 9.5, 10.5 ] },
												"up": { "texture": "#blade", "uv": [ 11.5, 8.5, 12.5, 9.5 ] },
												"down": { "texture": "#blade", "uv": [ 11.5, 8.5, 12.5, 9.5 ] }
											}
										}
									]
								}
							]
						}
					]
				},
				{
					"name": "Handle",
					"from": [ 0.0, 0.0, 0.0 ],
					"to": [ 0.0, 0.0, 1.0 ],
					"faces": {
						"north": { "texture": "#blade", "uv": [ 0.0, 0.0, 0.5, 0.5 ] },
						"east": { "texture": "#blade", "uv": [ 0.0, 0.0, 1.0, 0.5 ] },
						"south": { "texture": "#blade", "uv": [ 0.0, 0.0, 0.5, 0.5 ] },
						"west": { "texture": "#blade", "uv": [ 0.0, 0.0, 1.0, 0.5 ] },
						"up": { "texture": "#blade", "uv": [ 0.0, 0.0, 0.5, 1.0 ] },
						"down": { "texture": "#blade", "uv": [ 0.0, 0.0, 0.5, 1.0 ] }
					},
					"children": [
						{
							"name": "handle_0",
							"from": [ -0.8, -0.4, 0.0 ],
							"to": [ 0.8, 0.4, 5.5 ],
							"rotationOrigin": [ -0.8, -0.4, 0.0 ],
							"faces": {
								"north": { "texture": "#handle", "uv": [ 9.0, 9.0, 10.5, 9.5 ] },
								"east": { "texture": "#handle", "uv": [ 0.0, 13.5, 5.5, 14.5 ], "autoUv": false },
								"south": { "texture": "#handle", "uv": [ 2.0, 14.5, 3.5, 15.0 ] },
								"west": { "texture": "#handle", "uv": [ 0.0, 13.5, 5.5, 14.5 ], "autoUv": false },
								"up": { "texture": "#handle", "uv": [ 2.5, 11.0, 8.0, 12.5 ], "rotation": 90 },
								"down": { "texture": "#handle", "uv": [ 1.5, 11.0, 7.0, 12.5 ], "rotation": 90 }
							}
						}
					]
				}
			]
		}
	]}