[
	{
		"file": "game:itemtypes/resource/ore-graded",
		"op": "add",
		"path": "/allowedVariants/-",
		"value": "ore-poor-magnetite-andesite"
	},
	{
		"file": "game:itemtypes/resource/ore-graded",
		"op": "add",
		"path": "/allowedVariants/-",
		"value": "ore-poor-magnetite-granite"
	},
	{
		"file": "game:itemtypes/resource/ore-graded",
		"op": "add",
		"path": "/allowedVariants/-",
		"value": "ore-medium-magnetite-granite"
	},
	{
		"file": "game:itemtypes/resource/ore-graded",
		"op": "add",
		"path": "/allowedVariants/-",
		"value": "ore-poor-magnetite-basalt"
	},
	{
		"file": "game:itemtypes/resource/ore-graded",
		"op": "add",
		"path": "/allowedVariants/-",
		"value": "ore-medium-magnetite-basalt"
	},
	{
		"file": "game:itemtypes/resource/ore-graded",
		"op": "add",
		"path": "/allowedVariants/-",
		"value": "ore-rich-magnetite-basalt"
	},
	{
		"file": "game:itemtypes/resource/ore-graded",
		"op": "add",
		"path": "/allowedVariants/-",
		"value": "ore-poor-magnetite-peridotite"
	},
	{
		"file": "game:itemtypes/resource/ore-graded",
		"op": "add",
		"path": "/allowedVariants/-",
		"value": "ore-medium-magnetite-peridotite"
	},
	{
		"file": "game:itemtypes/resource/ore-graded",
		"op": "add",
		"path": "/allowedVariants/-",
		"value": "ore-poor-quartz_nativesilver-limestone"
	},
	{
		"file": "game:itemtypes/resource/ore-graded",
		"op": "add",
		"path": "/allowedVariants/-",
		"value": "ore-medium-quartz_nativesilver-limestone"
	},
	{
		"file": "game:itemtypes/resource/ore-graded",
		"op": "add",
		"path": "/allowedVariants/-",
		"value": "ore-poor-hematite-claystone"
	},
	{
		"file": "game:itemtypes/resource/ore-graded",
		"op": "add",
		"path": "/allowedVariants/-",
		"value": "ore-medium-hematite-claystone"
	},
	{
		"file": "game:itemtypes/resource/ore-graded",
		"op": "add",
		"path": "/allowedVariants/-",
		"value": "ore-poor-hematite-chalk"
	},
	{
		"file": "game:itemtypes/resource/ore-graded",
		"op": "add",
		"path": "/allowedVariants/-",
		"value": "ore-medium-hematite-chalk"
	},
	{
		"file": "game:itemtypes/resource/ore-graded",
		"op": "add",
		"path": "/allowedVariants/-",
		"value": "ore-poor-hematite-conglomerate"
	},
	{
		"file": "game:itemtypes/resource/ore-graded",
		"op": "add",
		"path": "/allowedVariants/-",
		"value": "ore-medium-hematite-conglomerate"
	},
	{
		"file": "game:itemtypes/resource/ore-graded",
		"op": "add",
		"path": "/allowedVariants/-",
		"value": "ore-poor-hematite-slate"
	},
	{
		"file": "game:itemtypes/resource/ore-graded",
		"op": "add",
		"path": "/allowedVariants/-",
		"value": "ore-medium-hematite-slate"
	}
]