{
  "ingredient": { "type": "item", "code": "game:clay-*", "name": "color", "allowedVariants": ["blue", "fire", "red"] },
  "pattern": [
    [
      "##############",
      "##############",
      "##############",
      "##############",
      "##############",
      "##############",
      "##############",
      "##############",
      "##############",
      "##############",
      "##############",
      "##############",
      "##############",
      "##############"
    ],
    [
      "##############",
      "##############",
      "#_###_##_###_#",
      "#__#__##__#__#",
      "##_#_####_#_##",
      "#__#__##__#__#",
      "##############",
      "##############",
      "#__#__##__#__#",
      "##_#_####_#_##",
      "#__#__##__#__#",
      "#_###_##_###_#",
      "##############",
      "##############"
    ]
  ],
  "name": "herb rack hook mold",
  "output": { "type": "block", "code": "alchemy:herbrackmold-{color}-raw-herbrackhook", "stacksize": 1 }
}

