[
	{
    "op": "add",
    "path": "/server/behaviors/6/drops/-",
    "value": {
      "type": "item",
      "code": "ancienttools:brain",
      "quantityByType": {
			"*-female-smilodon-fatalis": {"avg": 0.7,"var": 0.1},
			"*-male-smilodon-fatalis": {"avg": 1,"var": 0.2},
            "*-female-smilodon-populator": {"avg": 1,"var": 0.2},
			"*-male-smilodon-populator": {"avg": 1.1,"var": 0.2},
            "*-female-homotherium-serum": {"avg": 0.65,"var": 0.1},
			"*-male-homotherium-serum": {"avg": 0.85,"var": 0.2}
			}
		},
    "file": "machairodontinae:entities/animal/mammal/machairodontinae-adult.json",
    "dependsOn": [{ "modid": "ancienttools" }],
    "side": "Server"
	}
]