{
	"editor": {
		"allAngles": true,
		"entityTextureMode": true
	},
	"textureWidth": 64,
	"textureHeight": 64,
	"textureSizes": {
	},
	"textures": {
		"material": "entity/humanoid/serapharmor/chain/gold"
	},
	"elements": [
		{
			"name": "ArmorHelmet",
			"stepParentName": "Head",
			"from": [ 0.14, -0.2, -0.55 ],
			"to": [ 5.86, 5.42, 5.55 ],
			"unwrapMode": 1,
			"uv": [ 36.0, 17.5 ],
			"rotationOrigin": [ 0.1, -0.2, -0.6 ],
			"faces": {
				"north": { "texture": "#material", "uv": [ 42.0, 23.5, 47.5, 29.0 ] },
				"east": { "texture": "#material", "uv": [ 36.0, 23.5, 42.0, 29.0 ] },
				"south": { "texture": "#material", "uv": [ 55.5, 23.5, 61.0, 29.0 ] },
				"west": { "texture": "#material", "uv": [ 48.5, 23.5, 54.5, 29.0 ] },
				"up": { "texture": "#material", "uv": [ 42.0, 17.5, 47.5, 23.5 ], "rotation": 180 },
				"down": { "texture": "#material", "uv": [ 42.0, 29.0, 47.5, 35.0 ] }
			},
			"children": [
				{
					"name": "ArmorHelmetFace",
					"from": [ -0.32, 3.3, 0.0 ],
					"to": [ 0.0, 5.62, 6.1 ],
					"unwrapMode": 1,
					"uv": [ 32.0, 36.0 ],
					"rotationOrigin": [ -0.5, 3.3, 0.0 ],
					"faces": {
						"north": { "texture": "#material", "uv": [ 32.0, 42.0, 32.5, 44.0 ] },
						"south": { "texture": "#material", "uv": [ 38.5, 42.0, 39.0, 44.0 ] },
						"west": { "texture": "#material", "uv": [ 32.5, 42.0, 38.5, 44.0 ] },
						"up": { "texture": "#material", "uv": [ 32.0, 36.0, 32.5, 42.0 ], "rotation": 180 },
						"down": { "texture": "#material", "uv": [ 32.0, 44.0, 32.5, 50.0 ] }
					}
				}
			]
		}
	]}