{
	"code": "triodiascariosabundle",
	"behaviors": [
		{ "name": "GroundStorable", 
			"properties": {
				"layout": 'Stacking',
				"placeRemoveSound": 'game:sounds/block/plant',
				"stackingModel": 'item/resource/triodiascariosa-bundle-pile',
				"upSolid": false,
				"modelItemsToStackSizeRatio": 29,
				"stackingCapacity": 12,
				"transferQuantity": 1,
				"bulkTransferQuantity": 4,
				"collisionBox": { x1: 0, y1: 0, z1: 0, x2: 1, y2: 0.2, z2: 1 },
				"cbScaleYByLayer": 0.2
			}
		}
	],
	"attributes": {
		"foodTags": ["grass"],
		"placeSound": "game:block/plant",
		"inTrapTransform": {
			"small": {
				"translation": { "x": -0.1, "y": -0.1, "z": 0 },
				"rotation": { x: 0, y: 90, z: 0 },
				"scale": 0.8
			},
			"large": {
				"translation": { "x": -0.3, "y": 0.5, "z": 0 },
				"rotation": { "x": 0, "y": 90, "z": 0 },
				"scale": 0.8
			}
		}
	},
	"shape": { "base": "item/resource/triodiascariosa-bundle" },
	"texture": { "base": "block/plant/flower/petal/triodiascariosa" },
	"creativeinventory": { "general": ["*"], "items": ["*"] },
	"maxstacksize": 64,
	"guiTransform": {
		"rotation": { "x": -105, "y": 40, "z": 18 },
		"origin": { "x": 0.5, "y": 0, "z": 0.5 },
		"scale": 1.27
	},
	"fpHandTransform": {
		"translation": { "x": 0.25, "y": -0.4, "z": 0 },
		"rotation": { "x": -3, "y": 65, "z": 88 },
		"scale": 1.28
	},
	"tpHandTransform": {
		"translation": { "x": -0.7, "y": -1.2, "z": -0.7 },
		"rotation": { "x": 180, "y": 3, "z": 3 },
		"scale": 0.68
	},
	"groundTransform": {
		"translation": { "x": 0, "y": 0, "z": 0 },
		"rotation": { "x": -180, "y": 2, "z": 3 },
		"origin": { "x": 0.5, "y": 0.1, "z": 0.5 },
		"scale": 4
	},
	"combustibleProps": {
		"burnTemperature": 600,
		"burnDuration": 4,
	},
	"materialDensity": 100,
}