{
	"editor": {
		"allAngles": true,
		"entityTextureMode": true
	},
	"textureWidth": 60,
	"textureHeight": 76,
	"textureSizes": {
		"skin": [60,76]
	},
	"textures": {
	},
	"elements": [
		{
			"name": "Body",
			"from": [ 6.7, -0.1, 4.6 ],
			"to": [ 14.4, 0.9, 11.2 ],
			"unwrapMode": 7,
			"unwrapRotation": 1,
			"autoUnwrap": false,
			"uv": [ 0.62, 37.62 ],
			"rotationOrigin": [ 14.4, 0.0, 8.0 ],
			"faces": {
				"north": { "texture": "#skin", "uv": [ 19.5, 14.0, 20.5, 21.5 ], "rotation": 90 },
				"east": { "texture": "#skin", "uv": [ 1.0, 39.5, 7.5, 40.5 ], "windMode": [-1,-1,-1,-1] },
				"south": { "texture": "#skin", "uv": [ 1.0, 14.0, 2.0, 21.5 ], "rotation": 270, "windMode": [-1,-1,-1,-1], "windData": [0,0,0,1] },
				"west": { "texture": "#skin", "uv": [ 8.0, 39.5, 14.5, 40.5 ], "windMode": [-1,-1,-1,-1], "windData": [0,0,1,1] },
				"up": { "texture": "#skin", "uv": [ 7.5, 14.0, 14.0, 21.5 ], "rotation": 270, "windMode": [-1,-1,-1,-1], "windData": [1,1,0,0] },
				"down": { "texture": "#skin", "uv": [ 20.5, 14.0, 27.0, 21.5 ], "rotation": 90, "windMode": [-1,-1,-1,-1] }
			},
			"children": [
				{
					"name": "Abdomen",
					"from": [ 6.6, 0.1, 0.1 ],
					"to": [ 12.7, 0.9, 6.4 ],
					"unwrapMode": 7,
					"unwrapRotation": 1,
					"autoUnwrap": false,
					"uv": [ 0.75, 46.0 ],
					"rotationOrigin": [ 7.7, 0.7, 3.3 ],
					"rotationZ": -2.0,
					"faces": {
						"north": { "texture": "#skin", "uv": [ 19.5, 22.0, 20.0, 28.0 ], "rotation": 90 },
						"east": { "texture": "#skin", "uv": [ 21.5, 39.5, 27.5, 40.0 ] },
						"south": { "texture": "#skin", "uv": [ 1.0, 22.0, 1.5, 28.0 ], "rotation": 270 },
						"west": { "texture": "#skin", "uv": [ 15.0, 39.5, 21.0, 40.0 ], "windMode": [-1,-1,-1,-1], "windData": [0,0,1,1] },
						"up": { "texture": "#skin", "uv": [ 7.5, 22.0, 13.5, 28.0 ], "rotation": 270 },
						"down": { "texture": "#skin", "uv": [ 20.0, 22.0, 26.0, 28.0 ], "rotation": 90 }
					},
					"children": [
						{
							"name": "Hip",
							"from": [ 5.8, 0.1, 0.1 ],
							"to": [ 10.3, 0.8, 6.1 ],
							"unwrapMode": 7,
							"unwrapRotation": 1,
							"autoUnwrap": false,
							"uv": [ 1.62, 55.38 ],
							"rotationOrigin": [ 5.8, 0.6, 3.8 ],
							"rotationZ": -1.0,
							"faces": {
								"north": { "texture": "#skin", "uv": [ 18.5, 28.5, 19.0, 33.0 ], "rotation": 90 },
								"east": { "texture": "#skin", "uv": [ 7.5, 33.0, 13.5, 33.5 ] },
								"south": { "texture": "#skin", "uv": [ 2.0, 28.5, 2.5, 33.0 ], "rotation": 270 },
								"west": { "texture": "#skin", "uv": [ 1.0, 33.5, 7.0, 34.0 ], "rotation": 180 },
								"up": { "texture": "#skin", "uv": [ 7.5, 28.5, 13.5, 33.0 ], "rotation": 270 },
								"down": { "texture": "#skin", "uv": [ 19.0, 28.5, 25.0, 33.0 ], "rotation": 90 }
							},
							"children": [
								{
									"name": "Tail 1",
									"from": [ 4.1, -0.1, 2.3 ],
									"to": [ 6.1, 1.1, 3.5 ],
									"unwrapMode": 7,
									"unwrapRotation": 1,
									"uv": [ 28.0, 0.75 ],
									"rotationOrigin": [ 4.1, 0.4, 2.8 ],
									"faces": {
										"north": { "texture": "#skin", "uv": [ 30.0, 2.0, 31.0, 4.0 ], "rotation": 90 },
										"east": { "texture": "#skin", "uv": [ 29.0, 4.0, 30.0, 5.0 ] },
										"south": { "texture": "#skin", "uv": [ 28.0, 2.0, 29.0, 4.0 ], "rotation": 270 },
										"west": { "texture": "#skin", "uv": [ 29.0, 1.0, 30.0, 2.0 ], "rotation": 180 },
										"up": { "texture": "#skin", "uv": [ 29.0, 2.0, 30.0, 4.0 ], "rotation": 270 },
										"down": { "texture": "#skin", "uv": [ 31.0, 2.0, 32.0, 4.0 ], "rotation": 90 }
									},
									"children": [
										{
											"name": "Tail 2",
											"from": [ 1.7, 0.0, -0.05 ],
											"to": [ 3.7, 1.3, 1.25 ],
											"unwrapMode": 7,
											"unwrapRotation": 1,
											"uv": [ 28.0, 5.38 ],
											"rotationOrigin": [ 1.7, 1.2, 0.55 ],
											"faces": {
												"north": { "texture": "#skin", "uv": [ 30.0, 6.5, 31.0, 8.5 ], "rotation": 90 },
												"east": { "texture": "#skin", "uv": [ 29.0, 8.5, 30.0, 9.5 ] },
												"south": { "texture": "#skin", "uv": [ 28.0, 6.5, 29.0, 8.5 ], "rotation": 270 },
												"west": { "texture": "#skin", "uv": [ 29.0, 5.5, 30.0, 6.5 ], "rotation": 180 },
												"up": { "texture": "#skin", "uv": [ 29.0, 6.5, 30.0, 8.5 ], "rotation": 270 },
												"down": { "texture": "#skin", "uv": [ 31.0, 6.5, 32.0, 8.5 ], "rotation": 90 }
											},
											"children": [
												{
													"name": "Tail 3",
													"from": [ 1.6, 0.05, -0.05 ],
													"to": [ 6.6, 1.35, 1.35 ],
													"unwrapMode": 7,
													"unwrapRotation": 1,
													"uv": [ 28.0, 9.88 ],
													"rotationOrigin": [ 1.6, 0.7, 0.7 ],
													"faces": {
														"north": { "texture": "#skin", "uv": [ 30.0, 11.0, 31.0, 16.0 ], "rotation": 90 },
														"east": { "texture": "#skin", "uv": [ 29.0, 16.0, 30.0, 17.0 ], "windMode": [-1,-1,-1,-1] },
														"south": { "texture": "#skin", "uv": [ 28.0, 11.0, 29.0, 16.0 ], "rotation": 270 },
														"west": { "texture": "#skin", "uv": [ 29.0, 10.0, 30.0, 11.0 ], "rotation": 180, "windMode": [-1,-1,-1,-1] },
														"up": { "texture": "#skin", "uv": [ 29.0, 11.0, 30.0, 16.0 ], "rotation": 270 },
														"down": { "texture": "#skin", "uv": [ 31.0, 11.0, 32.0, 16.0 ], "rotation": 90 }
													}
												}
											]
										}
									]
								},
								{
									"name": "Right Upper Leg",
									"from": [ -2.6, -5.9, 1.4 ],
									"to": [ 1.7, 0.1, 2.4 ],
									"unwrapMode": 1,
									"uv": [ 46.5, 45.5 ],
									"rotationOrigin": [ 0.3, -0.2, 2.2 ],
									"rotationX": 90.0,
									"rotationZ": 75.0,
									"faces": {
										"north": { "texture": "#skin", "uv": [ 47.5, 46.5, 51.5, 52.5 ] },
										"east": { "texture": "#skin", "uv": [ 46.5, 46.5, 47.5, 52.5 ] },
										"south": { "texture": "#skin", "uv": [ 52.5, 46.5, 56.5, 52.5 ] },
										"west": { "texture": "#skin", "uv": [ 51.5, 46.5, 52.5, 52.5 ] },
										"up": { "texture": "#skin", "uv": [ 47.5, 45.5, 51.5, 46.5 ], "rotation": 180 },
										"down": { "texture": "#skin", "uv": [ 47.5, 52.5, 51.5, 53.5 ] }
									}
								},
								{
									"name": "Left Upper Leg",
									"from": [ -2.6, -5.0, 2.6 ],
									"to": [ 1.7, 1.0, 3.6 ],
									"unwrapMode": 3,
									"uv": [ 33.5, 45.5 ],
									"rotationOrigin": [ 0.3, 0.7, 3.7 ],
									"rotationX": -90.0,
									"rotationZ": 75.0,
									"faces": {
										"north": { "texture": "#skin", "uv": [ 39.5, 46.5, 43.5, 52.5 ] },
										"east": { "texture": "#skin", "uv": [ 38.5, 46.5, 39.5, 52.5 ] },
										"south": { "texture": "#skin", "uv": [ 34.5, 46.5, 38.5, 52.5 ] },
										"west": { "texture": "#skin", "uv": [ 33.5, 46.5, 34.5, 52.5 ] },
										"up": { "texture": "#skin", "uv": [ 34.5, 45.5, 38.5, 46.5 ] },
										"down": { "texture": "#skin", "uv": [ 34.5, 52.5, 38.5, 53.5 ], "rotation": 180 }
									}
								}
							]
						}
					]
				},
				{
					"name": "Neck",
					"from": [ -2.3, 0.2, 1.1 ],
					"to": [ 2.2, 1.2, 5.5 ],
					"unwrapMode": 7,
					"unwrapRotation": 1,
					"autoUnwrap": false,
					"uv": [ 3.75, 4.25 ],
					"rotationOrigin": [ 0.2, 0.1, 3.3 ],
					"rotationZ": 2.0,
					"faces": {
						"north": { "texture": "#skin", "uv": [ 16.0, 9.0, 17.0, 13.5 ], "rotation": 90 },
						"east": { "texture": "#skin", "uv": [ 23.0, 6.0, 27.0, 7.0 ] },
						"south": { "texture": "#skin", "uv": [ 4.0, 9.0, 5.0, 13.5 ], "rotation": 270 },
						"west": { "texture": "#skin", "uv": [ 23.0, 1.0, 27.0, 2.0 ] },
						"up": { "texture": "#skin", "uv": [ 8.5, 9.0, 12.5, 13.5 ], "rotation": 270 },
						"down": { "texture": "#skin", "uv": [ 17.0, 9.0, 21.0, 13.5 ], "rotation": 90 }
					},
					"children": [
						{
							"name": "Neck Upper",
							"from": [ -1.6, 0.1, 0.2 ],
							"to": [ 1.9, 1.1, 4.1 ],
							"unwrapMode": 7,
							"unwrapRotation": 1,
							"autoUnwrap": false,
							"uv": [ 4.25, 0.88 ],
							"rotationOrigin": [ 0.1, 0.2, 2.1 ],
							"rotationZ": 5.0,
							"faces": {
								"north": { "texture": "#skin", "uv": [ 15.0, 5.0, 16.0, 8.5 ], "rotation": 90 },
								"east": { "texture": "#skin", "uv": [ 28.0, 17.5, 31.5, 18.5 ] },
								"south": { "texture": "#skin", "uv": [ 4.5, 5.0, 5.5, 8.5 ], "rotation": 270 },
								"west": { "texture": "#skin", "uv": [ 8.5, 1.0, 12.0, 2.0 ], "rotation": 180 },
								"up": { "texture": "#skin", "uv": [ 8.5, 5.0, 12.0, 8.5 ], "rotation": 270 },
								"down": { "texture": "#skin", "uv": [ 16.0, 5.0, 19.5, 8.5 ], "rotation": 90 }
							},
							"children": [
								{
									"name": "Head",
									"from": [ -2.0, -1.5, -0.25 ],
									"to": [ 0.2, 1.0, 4.25 ],
									"unwrapMode": 4,
									"autoUnwrap": false,
									"uv": [ 2.5, 48.5 ],
									"rotationOrigin": [ 0.0, 0.8, 2.0 ],
									"rotationZ": -36.0,
									"faces": {
										"north": { "texture": "#skin", "uv": [ 2.5, 49.5, 4.5, 52.0 ] },
										"east": { "texture": "#skin", "uv": [ 11.0, 49.5, 15.5, 52.0 ], "windMode": [-1,-1,-1,-1], "windData": [1,2,2,1] },
										"south": { "texture": "#skin", "uv": [ 9.0, 49.5, 11.0, 52.0 ] },
										"west": { "texture": "#skin", "uv": [ 4.5, 49.5, 9.0, 52.0 ] },
										"up": { "texture": "#skin", "uv": [ 4.5, 47.5, 9.0, 49.5 ], "rotation": 90 },
										"down": { "texture": "#skin", "uv": [ 4.5, 53.0, 9.0, 55.0 ], "rotation": 90 }
									},
									"children": [
										{
											"name": "Forehead",
											"from": [ -2.0, 0.7, 0.45 ],
											"to": [ 0.0, 2.5, 4.05 ],
											"unwrapMode": 5,
											"unwrapRotation": 1,
											"autoUnwrap": false,
											"uv": [ 2.38, 48.88 ],
											"rotationOrigin": [ 0.0, 2.5, 2.25 ],
											"rotationZ": 36.0,
											"faces": {
												"north": { "texture": "#skin", "uv": [ 2.5, 57.5, 4.5, 59.0 ], "windMode": [-1,-1,-1,-1], "windData": [2,2,2,2] },
												"south": { "texture": "#skin", "uv": [ 8.0, 57.5, 10.0, 59.0 ] },
												"west": { "texture": "#skin", "uv": [ 4.5, 57.5, 8.0, 59.0 ] },
												"up": { "texture": "#skin", "uv": [ 4.5, 55.5, 8.0, 57.5 ], "rotation": 90 }
											},
											"children": [
												{
													"name": "Nose Bridge",
													"from": [ -1.1, 0.73, 1.3 ],
													"to": [ 0.0, 1.73, 2.3 ],
													"unwrapMode": 5,
													"unwrapRotation": 1,
													"uv": [ 11.38, 46.88 ],
													"rotationOrigin": [ 0.0, 1.7349, 1.8 ],
													"rotationZ": 34.0,
													"faces": {
														"north": { "texture": "#skin", "uv": [ 11.5, 47.0, 12.5, 48.0 ], "rotation": 270, "windMode": [-1,-1,-1,-1], "windData": [2,2,2,2] },
														"south": { "texture": "#skin", "uv": [ 13.5, 47.0, 14.5, 48.0 ], "rotation": 90 },
														"west": { "texture": "#skin", "uv": [ 12.5, 48.0, 13.5, 49.0 ] },
														"up": { "texture": "#skin", "uv": [ 12.5, 47.0, 13.5, 48.0 ], "rotation": 90 }
													}
												},
												{
													"name": "Upper mouth",
													"from": [ -1.4231, -0.17, 1.25 ],
													"to": [ 0.2769, 1.03, 2.35 ],
													"unwrapMode": 5,
													"unwrapRotation": 1,
													"uv": [ 15.5, 47.0 ],
													"rotationOrigin": [ 0.0769, 0.4934, 1.8 ],
													"rotationZ": -5.0,
													"faces": {
														"north": { "texture": "#skin", "uv": [ 15.5, 47.0, 16.5, 48.5 ], "rotation": 270, "windMode": [-1,-1,-1,-1] },
														"south": { "texture": "#skin", "uv": [ 17.5, 47.0, 18.5, 48.5 ], "rotation": 90, "windMode": [-1,-1,-1,-1] },
														"west": { "texture": "#skin", "uv": [ 16.5, 48.5, 17.5, 49.5 ], "windMode": [-1,-1,-1,-1], "windData": [0,0,1,1] },
														"up": { "texture": "#skin", "uv": [ 16.5, 47.0, 17.5, 48.5 ], "rotation": 90, "windMode": [-1,-1,-1,-1] }
													},
													"children": [
														{
															"name": "Right jaw",
															"from": [ -0.1, -0.1, -0.55 ],
															"to": [ 1.9, 1.0, 0.55 ],
															"unwrapMode": 7,
															"unwrapRotation": 1,
															"uv": [ 10.5, 55.0 ],
															"rotationOrigin": [ -0.1, -0.1, 0.55 ],
															"rotationX": -5.0,
															"faces": {
																"north": { "texture": "#skin", "uv": [ 12.5, 56.0, 13.5, 58.0 ], "rotation": 90 },
																"south": { "texture": "#skin", "uv": [ 10.5, 56.0, 11.5, 58.0 ], "rotation": 270 },
																"west": { "texture": "#skin", "uv": [ 11.5, 55.0, 12.5, 56.0 ], "rotation": 180 },
																"up": { "texture": "#skin", "uv": [ 11.5, 56.0, 12.5, 58.0 ], "rotation": 270 },
																"down": { "texture": "#skin", "uv": [ 13.5, 56.0, 14.5, 58.0 ], "rotation": 90 }
															},
															"children": [
																{
																	"name": "Right Whiskers",
																	"from": [ 1.1, -0.11, -2.146 ],
																	"to": [ 1.1, 1.39, 0.054 ],
																	"autoUnwrap": false,
																	"uv": [ 51.0, 28.5 ],
																	"rotationOrigin": [ 1.1, -0.1085, 0.054 ],
																	"rotationX": 15.0,
																	"rotationZ": 45.0,
																	"faces": {
																		"west": { "texture": "#skin", "uv": [ 18.5, 1.0, 22.5, 4.0 ], "autoUv": false }
																	}
																},
																{
																	"name": "R fang upper",
																	"from": [ 0.45, -0.4, 0.2486 ],
																	"to": [ 0.75, 0.3, 0.5486 ],
																	"unwrapMode": 5,
																	"uv": [ 26.0, 54.5 ],
																	"rotationOrigin": [ 0.7518, 0.2, 0.5486 ],
																	"rotationX": 5.0,
																	"rotationZ": 5.0,
																	"faces": {
																		"north": { "texture": "#skin", "uv": [ 26.5, 54.5, 27.0, 55.0 ], "rotation": 180 },
																		"east": { "texture": "#skin", "uv": [ 27.0, 55.0, 27.5, 55.5 ], "rotation": 90 },
																		"south": { "texture": "#skin", "uv": [ 26.5, 55.5, 27.0, 56.0 ] },
																		"west": { "texture": "#skin", "uv": [ 26.0, 55.0, 26.5, 55.5 ], "rotation": 270 },
																		"up": { "texture": "#skin", "uv": [ 26.5, 55.0, 27.0, 55.5 ] },
																		"down": { "texture": "#skin", "uv": [ 27.5, 55.0, 28.0, 55.5 ] }
																	}
																}
															]
														},
														{
															"name": "Left jaw",
															"from": [ -0.1, -0.1, 0.55 ],
															"to": [ 1.9, 1.0, 1.65 ],
															"unwrapMode": 7,
															"unwrapRotation": 1,
															"uv": [ 17.5, 55.0 ],
															"rotationOrigin": [ -0.1, -0.1, 0.55 ],
															"rotationX": 5.0,
															"faces": {
																"north": { "texture": "#skin", "uv": [ 19.5, 56.0, 20.5, 58.0 ], "rotation": 90 },
																"south": { "texture": "#skin", "uv": [ 17.5, 56.0, 18.5, 58.0 ], "rotation": 270 },
																"west": { "texture": "#skin", "uv": [ 18.5, 55.0, 19.5, 56.0 ], "rotation": 180 },
																"up": { "texture": "#skin", "uv": [ 18.5, 56.0, 19.5, 58.0 ], "rotation": 270 },
																"down": { "texture": "#skin", "uv": [ 20.5, 56.0, 21.5, 58.0 ], "rotation": 90 }
															},
															"children": [
																{
																	"name": "Left Whiskers",
																	"from": [ 1.1, -0.12, 0.9464 ],
																	"to": [ 1.1, 1.38, 3.1464 ],
																	"autoUnwrap": false,
																	"uv": [ 30.5, 32.5 ],
																	"rotationOrigin": [ 1.1, -0.1172, 0.9464 ],
																	"rotationX": -15.0,
																	"rotationZ": 45.0,
																	"faces": {
																		"east": { "texture": "#skin", "uv": [ 14.0, 1.0, 18.0, 4.0 ], "autoUv": false, "windMode": [-1,-1,-1,-1], "windData": [0,1,1,0] }
																	}
																},
																{
																	"name": "L fang upper",
																	"from": [ 0.45, -0.4, 0.6423 ],
																	"to": [ 0.75, 0.3, 0.9423 ],
																	"unwrapMode": 5,
																	"uv": [ 23.5, 54.5 ],
																	"rotationOrigin": [ 0.752, 0.2, 0.6423 ],
																	"rotationX": -5.0,
																	"rotationZ": 5.0,
																	"faces": {
																		"north": { "texture": "#skin", "uv": [ 24.0, 54.5, 24.5, 55.0 ], "rotation": 180 },
																		"east": { "texture": "#skin", "uv": [ 24.5, 55.0, 25.0, 55.5 ], "rotation": 90 },
																		"south": { "texture": "#skin", "uv": [ 24.0, 55.5, 24.5, 56.0 ] },
																		"west": { "texture": "#skin", "uv": [ 23.5, 55.0, 24.0, 55.5 ], "rotation": 270 },
																		"up": { "texture": "#skin", "uv": [ 24.0, 55.0, 24.5, 55.5 ] },
																		"down": { "texture": "#skin", "uv": [ 25.0, 55.0, 25.5, 55.5 ] }
																	}
																}
															]
														},
														{
															"name": "Upper teeth",
															"from": [ 0.2, -0.1, 0.1 ],
															"to": [ 0.6, 0.3, 1.1 ],
															"unwrapMode": 2,
															"uv": [ 28.5, 55.0 ],
															"rotationOrigin": [ 0.2, -0.1, 0.1 ],
															"rotationZ": -45.0,
															"faces": {
																"north": { "texture": "#skin", "uv": [ 30.0, 55.0, 30.5, 55.5 ] },
																"east": { "texture": "#skin", "uv": [ 29.0, 55.0, 30.0, 55.5 ] },
																"south": { "texture": "#skin", "uv": [ 28.5, 55.0, 29.0, 55.5 ] },
																"down": { "texture": "#skin", "uv": [ 29.0, 55.5, 30.0, 56.0 ], "rotation": 270 }
															}
														},
														{
															"name": "Nose",
															"from": [ -0.3, 0.9, 0.05 ],
															"to": [ 0.1, 1.2, 1.05 ],
															"unwrapMode": 4,
															"uv": [ 16.0, 59.5 ],
															"rotationOrigin": [ 0.1, 1.2, 0.05 ],
															"rotationZ": 6.0,
															"faces": {
																"north": { "texture": "#skin", "uv": [ 16.0, 60.0, 16.5, 60.5 ] },
																"east": { "texture": "#skin", "uv": [ 18.0, 60.0, 19.0, 60.5 ] },
																"south": { "texture": "#skin", "uv": [ 17.5, 60.0, 18.0, 60.5 ] },
																"west": { "texture": "#skin", "uv": [ 16.5, 60.0, 17.5, 60.5 ] },
																"up": { "texture": "#skin", "uv": [ 16.5, 59.5, 17.5, 60.0 ], "rotation": 90 },
																"down": { "texture": "#skin", "uv": [ 16.5, 60.5, 17.5, 61.0 ], "rotation": 90 }
															},
															"children": [
																{
																	"name": "Nose lower",
																	"from": [ 0.0, -0.4, 0.2 ],
																	"to": [ 0.4, 0.0, 0.8 ],
																	"unwrapMode": 4,
																	"uv": [ 16.0, 61.5 ],
																	"rotationOrigin": [ 0.0, 0.0, 0.2 ],
																	"rotationZ": 14.0,
																	"faces": {
																		"north": { "texture": "#skin", "uv": [ 16.0, 61.5, 16.5, 62.0 ] },
																		"south": { "texture": "#skin", "uv": [ 17.0, 61.5, 17.5, 62.0 ] },
																		"west": { "texture": "#skin", "uv": [ 16.5, 61.5, 17.0, 62.0 ] },
																		"down": { "texture": "#skin", "uv": [ 16.5, 62.0, 17.0, 62.5 ], "rotation": 90 }
																	}
																}
															]
														}
													]
												}
											]
										},
										{
											"name": "Right Ear",
											"from": [ 1.4, 1.7, -0.3 ],
											"to": [ 1.7, 2.7, 1.7 ],
											"unwrapMode": 4,
											"uv": [ 2.5, 64.5 ],
											"rotationOrigin": [ 1.5, 1.7, 0.7 ],
											"rotationX": -30.0,
											"faces": {
												"north": { "texture": "#skin", "uv": [ 2.5, 65.0, 3.0, 66.0 ] },
												"east": { "texture": "#skin", "uv": [ 5.5, 65.0, 7.5, 66.0 ] },
												"south": { "texture": "#skin", "uv": [ 5.0, 65.0, 5.5, 66.0 ] },
												"west": { "texture": "#skin", "uv": [ 3.0, 65.0, 5.0, 66.0 ] },
												"up": { "texture": "#skin", "uv": [ 3.0, 64.5, 5.0, 65.0 ], "rotation": 90 },
												"down": { "texture": "#skin", "uv": [ 3.0, 66.0, 5.0, 66.5 ], "rotation": 90 }
											},
											"children": [
												{
													"name": "R EarTipInner",
													"from": [ 0.0, 1.0, 1.0 ],
													"to": [ 0.3, 3.0, 2.0 ],
													"unwrapMode": 4,
													"uv": [ 5.0, 61.0 ],
													"rotationOrigin": [ 0.0, 1.0, 2.0 ],
													"rotationX": -22.5,
													"rotationY": -1.0,
													"faces": {
														"north": { "texture": "#skin", "uv": [ 5.0, 61.5, 5.5, 63.5 ] },
														"east": { "texture": "#skin", "uv": [ 7.0, 61.5, 8.0, 63.5 ] },
														"south": { "texture": "#skin", "uv": [ 6.5, 61.5, 7.0, 63.5 ] },
														"west": { "texture": "#skin", "uv": [ 5.5, 61.5, 6.5, 63.5 ] },
														"up": { "texture": "#skin", "uv": [ 5.5, 61.0, 6.5, 61.5 ], "rotation": 90 },
														"down": { "texture": "#skin", "uv": [ 5.5, 63.5, 6.5, 64.0 ], "rotation": 90 }
													},
													"children": [
														{
															"name": "R Ear Tuft",
															"from": [ 0.2, 2.0, 0.0 ],
															"to": [ 0.2, 3.5, 1.0 ],
															"uv": [ 1.0, 59.5 ],
															"rotationOrigin": [ 0.2, 2.0, 0.0 ],
															"faces": {
																"west": { "texture": "#skin", "uv": [ 1.0, 59.5, 2.0, 61.0 ], "windMode": [-1,-1,-1,-1], "windData": [1,1,1,1] }
															}
														}
													]
												},
												{
													"name": "R Ear TipOuter",
													"from": [ 0.0, 1.0, 0.0 ],
													"to": [ 0.3, 2.5, 1.0 ],
													"unwrapMode": 4,
													"uv": [ 1.5, 61.5 ],
													"rotationOrigin": [ 0.0, 1.0, 0.0 ],
													"rotationX": 12.0,
													"rotationY": 2.0,
													"faces": {
														"north": { "texture": "#skin", "uv": [ 1.5, 62.0, 2.0, 63.5 ] },
														"east": { "texture": "#skin", "uv": [ 3.5, 62.0, 4.5, 63.5 ] },
														"south": { "texture": "#skin", "uv": [ 3.0, 62.0, 3.5, 63.5 ] },
														"west": { "texture": "#skin", "uv": [ 2.0, 62.0, 3.0, 63.5 ] },
														"up": { "texture": "#skin", "uv": [ 2.0, 61.5, 3.0, 62.0 ], "rotation": 90 },
														"down": { "texture": "#skin", "uv": [ 2.0, 63.5, 3.0, 64.0 ], "rotation": 90 }
													}
												}
											]
										},
										{
											"name": "Left Ear",
											"from": [ 1.4, 1.7, 2.8 ],
											"to": [ 1.7, 2.7, 4.8 ],
											"unwrapMode": 4,
											"uv": [ 10.0, 64.5 ],
											"rotationOrigin": [ 1.5, 1.7, 3.8 ],
											"rotationX": 30.0,
											"faces": {
												"north": { "texture": "#skin", "uv": [ 10.0, 65.0, 10.5, 66.0 ] },
												"east": { "texture": "#skin", "uv": [ 13.0, 65.0, 15.0, 66.0 ] },
												"south": { "texture": "#skin", "uv": [ 12.5, 65.0, 13.0, 66.0 ] },
												"west": { "texture": "#skin", "uv": [ 10.5, 65.0, 12.5, 66.0 ] },
												"up": { "texture": "#skin", "uv": [ 10.5, 64.5, 12.5, 65.0 ], "rotation": 90 },
												"down": { "texture": "#skin", "uv": [ 10.5, 66.0, 12.5, 66.5 ], "rotation": 90 }
											},
											"children": [
												{
													"name": "L Ear TipInner",
													"from": [ 0.0, 1.0, 0.0 ],
													"to": [ 0.3, 3.0, 1.0 ],
													"unwrapMode": 4,
													"uv": [ 8.5, 61.0 ],
													"rotationOrigin": [ 0.0, 1.0, 0.0 ],
													"rotationX": 22.5,
													"rotationY": 1.0,
													"faces": {
														"north": { "texture": "#skin", "uv": [ 8.5, 61.5, 9.0, 63.5 ] },
														"east": { "texture": "#skin", "uv": [ 10.5, 61.5, 11.5, 63.5 ] },
														"south": { "texture": "#skin", "uv": [ 10.0, 61.5, 10.5, 63.5 ] },
														"west": { "texture": "#skin", "uv": [ 9.0, 61.5, 10.0, 63.5 ] },
														"up": { "texture": "#skin", "uv": [ 9.0, 61.0, 10.0, 61.5 ], "rotation": 90 },
														"down": { "texture": "#skin", "uv": [ 9.0, 63.5, 10.0, 64.0 ], "rotation": 90 }
													},
													"children": [
														{
															"name": "L Ear Tuft",
															"from": [ 0.2, 2.0, 0.0 ],
															"to": [ 0.2, 3.5, 1.0 ],
															"shade": false,
															"renderPass": 1,
															"uv": [ 10.5, 59.5 ],
															"rotationOrigin": [ 0.2, 2.0, 0.0 ],
															"faces": {
																"west": { "texture": "#skin", "uv": [ 10.5, 59.5, 11.5, 61.0 ], "windMode": [-1,-1,-1,-1], "windData": [1,1,1,1] }
															}
														}
													]
												},
												{
													"name": "L Ear TipOuter",
													"from": [ 0.0, 1.0, 1.0 ],
													"to": [ 0.3, 2.5, 2.0 ],
													"unwrapMode": 4,
													"uv": [ 12.0, 61.5 ],
													"rotationOrigin": [ 0.0, 1.0, 2.0 ],
													"rotationX": -12.0,
													"rotationY": -2.0,
													"faces": {
														"north": { "texture": "#skin", "uv": [ 12.0, 62.0, 12.5, 63.5 ] },
														"east": { "texture": "#skin", "uv": [ 14.0, 62.0, 15.0, 63.5 ] },
														"south": { "texture": "#skin", "uv": [ 13.5, 62.0, 14.0, 63.5 ] },
														"west": { "texture": "#skin", "uv": [ 12.5, 62.0, 13.5, 63.5 ] },
														"up": { "texture": "#skin", "uv": [ 12.5, 61.5, 13.5, 62.0 ], "rotation": 90 },
														"down": { "texture": "#skin", "uv": [ 12.5, 63.5, 13.5, 64.0 ], "rotation": 90 }
													}
												}
											]
										},
										{
											"name": "R Eye",
											"from": [ -1.25, 0.2, 0.85 ],
											"to": [ -0.75, 1.0, 1.65 ],
											"unwrapMode": 4,
											"uv": [ 20.5, 59.5 ],
											"rotationOrigin": [ -1.25, 0.6, 1.25 ],
											"rotationX": 4.0,
											"rotationZ": 15.0,
											"faces": {
												"north": { "texture": "#skin", "uv": [ 20.5, 60.0, 21.0, 60.5 ] },
												"south": { "texture": "#skin", "uv": [ 21.5, 60.0, 22.0, 60.5 ] },
												"west": { "texture": "#skin", "uv": [ 21.0, 60.0, 21.5, 60.5 ] },
												"up": { "texture": "#skin", "uv": [ 21.0, 59.5, 21.5, 60.0 ], "rotation": 90 },
												"down": { "texture": "#skin", "uv": [ 21.0, 60.5, 21.5, 61.0 ], "rotation": 90 }
											},
											"children": [
												{
													"name": "R pupil",
													"from": [ -0.01, 0.2, 0.2 ],
													"to": [ 0.49, 0.6, 0.6 ],
													"unwrapMode": 4,
													"uv": [ 23.0, 61.5 ],
													"rotationOrigin": [ -0.01, 0.2, 0.2 ],
													"faces": {
														"north": { "texture": "#skin", "uv": [ 23.0, 62.0, 23.5, 62.5 ] },
														"south": { "texture": "#skin", "uv": [ 24.0, 62.0, 24.5, 62.5 ] },
														"west": { "texture": "#skin", "uv": [ 23.5, 62.0, 24.0, 62.5 ] },
														"up": { "texture": "#skin", "uv": [ 23.5, 61.5, 24.0, 62.0 ], "rotation": 90 },
														"down": { "texture": "#skin", "uv": [ 23.5, 62.5, 24.0, 63.0 ], "rotation": 90 }
													}
												},
												{
													"name": "R Eyelid",
													"from": [ -0.25, 0.7, -0.1 ],
													"to": [ 0.25, 1.2, 0.9 ],
													"unwrapMode": 4,
													"uv": [ 20.0, 63.5 ],
													"rotationOrigin": [ -0.25, 0.7, 0.4 ],
													"rotationX": -2.0,
													"faces": {
														"north": { "texture": "#skin", "uv": [ 20.0, 64.0, 20.5, 64.5 ] },
														"south": { "texture": "#skin", "uv": [ 21.5, 64.0, 22.0, 64.5 ] },
														"west": { "texture": "#skin", "uv": [ 20.5, 64.0, 21.5, 64.5 ] },
														"up": { "texture": "#skin", "uv": [ 20.5, 63.5, 21.5, 64.0 ], "rotation": 90 },
														"down": { "texture": "#skin", "uv": [ 20.5, 64.5, 21.5, 65.0 ], "rotation": 90 }
													}
												},
												{
													"name": "R Eyelid2",
													"from": [ -0.05, -0.4, -0.1 ],
													"to": [ 1.45, 0.1, 0.9 ],
													"unwrapMode": 5,
													"unwrapRotation": 1,
													"uv": [ 18.5, 65.5 ],
													"rotationOrigin": [ -0.05, 0.1, 0.4 ],
													"rotationX": 15.0,
													"faces": {
														"north": { "texture": "#skin", "uv": [ 18.5, 65.5, 19.0, 67.0 ], "rotation": 270 },
														"south": { "texture": "#skin", "uv": [ 20.0, 65.5, 20.5, 67.0 ], "rotation": 90 },
														"west": { "texture": "#skin", "uv": [ 19.0, 67.0, 20.0, 67.5 ] },
														"up": { "texture": "#skin", "uv": [ 19.0, 65.5, 20.0, 67.0 ], "rotation": 90 },
														"down": { "texture": "#skin", "uv": [ 20.5, 65.5, 21.5, 67.0 ], "rotation": 270 }
													}
												}
											]
										},
										{
											"name": "L Eye",
											"from": [ -1.25, 0.2, 2.85 ],
											"to": [ -0.75, 1.0, 3.65 ],
											"unwrapMode": 4,
											"uv": [ 23.0, 59.5 ],
											"rotationOrigin": [ -1.25, 0.6, 3.25 ],
											"rotationX": -4.0,
											"rotationZ": 15.0,
											"faces": {
												"north": { "texture": "#skin", "uv": [ 23.0, 60.0, 23.5, 60.5 ] },
												"south": { "texture": "#skin", "uv": [ 24.0, 60.0, 24.5, 60.5 ] },
												"west": { "texture": "#skin", "uv": [ 23.5, 60.0, 24.0, 60.5 ] },
												"up": { "texture": "#skin", "uv": [ 23.5, 59.5, 24.0, 60.0 ], "rotation": 90 },
												"down": { "texture": "#skin", "uv": [ 23.5, 60.5, 24.0, 61.0 ], "rotation": 90 }
											},
											"children": [
												{
													"name": "L pupil",
													"from": [ -0.01, 0.2, 0.2 ],
													"to": [ 0.49, 0.6, 0.6 ],
													"unwrapMode": 4,
													"uv": [ 20.5, 61.5 ],
													"rotationOrigin": [ -0.01, 0.2, 0.2 ],
													"faces": {
														"north": { "texture": "#skin", "uv": [ 20.5, 62.0, 21.0, 62.5 ] },
														"south": { "texture": "#skin", "uv": [ 21.5, 62.0, 22.0, 62.5 ] },
														"west": { "texture": "#skin", "uv": [ 21.0, 62.0, 21.5, 62.5 ] },
														"up": { "texture": "#skin", "uv": [ 21.0, 61.5, 21.5, 62.0 ], "rotation": 90 },
														"down": { "texture": "#skin", "uv": [ 21.0, 62.5, 21.5, 63.0 ], "rotation": 90 }
													}
												},
												{
													"name": "L Eyelid",
													"from": [ -0.25, 0.7, -0.1 ],
													"to": [ 0.25, 1.2, 0.9 ],
													"unwrapMode": 4,
													"uv": [ 22.5, 63.5 ],
													"rotationOrigin": [ -0.25, 0.7, 0.4 ],
													"rotationX": 2.0,
													"faces": {
														"north": { "texture": "#skin", "uv": [ 22.5, 64.0, 23.0, 64.5 ] },
														"south": { "texture": "#skin", "uv": [ 24.0, 64.0, 24.5, 64.5 ] },
														"west": { "texture": "#skin", "uv": [ 23.0, 64.0, 24.0, 64.5 ] },
														"up": { "texture": "#skin", "uv": [ 23.0, 63.5, 24.0, 64.0 ], "rotation": 90 },
														"down": { "texture": "#skin", "uv": [ 23.0, 64.5, 24.0, 65.0 ], "rotation": 90 }
													}
												},
												{
													"name": "L Eyelid2",
													"from": [ -0.05, -0.4, -0.1 ],
													"to": [ 1.45, 0.1, 0.9 ],
													"unwrapMode": 5,
													"unwrapRotation": 1,
													"uv": [ 22.5, 65.5 ],
													"rotationOrigin": [ -0.05, 0.1, 0.4 ],
													"rotationX": -15.0,
													"faces": {
														"north": { "texture": "#skin", "uv": [ 22.5, 65.5, 23.0, 67.0 ], "rotation": 270 },
														"south": { "texture": "#skin", "uv": [ 24.0, 65.5, 24.5, 67.0 ], "rotation": 90 },
														"west": { "texture": "#skin", "uv": [ 23.0, 67.0, 24.0, 67.5 ] },
														"up": { "texture": "#skin", "uv": [ 23.0, 65.5, 24.0, 67.0 ], "rotation": 90 },
														"down": { "texture": "#skin", "uv": [ 24.5, 65.5, 25.5, 67.0 ], "rotation": 270 }
													}
												}
											]
										}
									]
								}
							]
						}
					]
				},
				{
					"name": "Right Shoulder",
					"from": [ -0.1, -3.1, 0.5 ],
					"to": [ 2.9, 0.9, 1.5 ],
					"unwrapMode": 1,
					"uv": [ 47.38, 2.0 ],
					"rotationOrigin": [ 2.1, 0.2, 1.1 ],
					"rotationX": 90.0,
					"rotationY": -1.0,
					"rotationZ": 74.0,
					"faces": {
						"north": { "texture": "#skin", "uv": [ 48.5, 3.0, 51.5, 7.0 ] },
						"east": { "texture": "#skin", "uv": [ 47.5, 3.0, 48.5, 7.0 ] },
						"south": { "texture": "#skin", "uv": [ 52.5, 3.0, 55.5, 7.0 ] },
						"west": { "texture": "#skin", "uv": [ 51.5, 3.0, 52.5, 7.0 ] },
						"up": { "texture": "#skin", "uv": [ 48.5, 2.0, 51.5, 3.0 ], "rotation": 180 },
						"down": { "texture": "#skin", "uv": [ 48.5, 7.0, 51.5, 8.0 ] }
					},
					"children": [
						{
							"name": "Right Upper Arm",
							"from": [ 0.0, -4.5, -0.1 ],
							"to": [ 3.0, 0.0, 0.9 ],
							"unwrapMode": 1,
							"autoUnwrap": false,
							"uv": [ 46.25, 9.88 ],
							"rotationOrigin": [ 0.0, 0.0, 1.0 ],
							"rotationZ": 22.5,
							"faces": {
								"north": { "texture": "#skin", "uv": [ 48.5, 12.0, 51.5, 16.5 ] },
								"east": { "texture": "#skin", "uv": [ 46.5, 12.0, 47.5, 16.5 ] },
								"south": { "texture": "#skin", "uv": [ 53.5, 12.0, 56.5, 16.5 ] },
								"west": { "texture": "#skin", "uv": [ 51.5, 12.0, 52.5, 16.5 ] },
								"up": { "texture": "#skin", "uv": [ 48.5, 10.0, 51.5, 11.0 ], "rotation": 180 },
								"down": { "texture": "#skin", "uv": [ 48.5, 16.5, 51.5, 17.5 ] }
							}
						}
					]
				},
				{
					"name": "Left Shoulder",
					"from": [ -0.1, -3.4, 5.5 ],
					"to": [ 2.9, 0.6, 6.5 ],
					"unwrapMode": 3,
					"uv": [ 34.25, 1.88 ],
					"rotationOrigin": [ 2.1, -0.1, 5.6 ],
					"rotationX": -90.0,
					"rotationY": -1.0,
					"rotationZ": 74.0,
					"faces": {
						"north": { "texture": "#skin", "uv": [ 39.5, 3.0, 42.5, 7.0 ] },
						"east": { "texture": "#skin", "uv": [ 38.5, 3.0, 39.5, 7.0 ] },
						"south": { "texture": "#skin", "uv": [ 35.5, 3.0, 38.5, 7.0 ] },
						"west": { "texture": "#skin", "uv": [ 34.5, 3.0, 35.5, 7.0 ] },
						"up": { "texture": "#skin", "uv": [ 35.5, 2.0, 38.5, 3.0 ] },
						"down": { "texture": "#skin", "uv": [ 35.5, 7.0, 38.5, 8.0 ], "rotation": 180 }
					},
					"children": [
						{
							"name": "Left Upper Arm",
							"from": [ 0.0, -4.5, -0.1 ],
							"to": [ 3.0, 0.0, 0.9 ],
							"unwrapMode": 3,
							"autoUnwrap": false,
							"uv": [ 33.5, 10.0 ],
							"rotationOrigin": [ 0.0, 0.0, 0.95 ],
							"rotationZ": 22.5,
							"faces": {
								"north": { "texture": "#skin", "uv": [ 40.5, 12.0, 43.5, 16.5 ] },
								"east": { "texture": "#skin", "uv": [ 38.5, 12.0, 39.5, 16.5 ] },
								"south": { "texture": "#skin", "uv": [ 35.5, 12.0, 38.5, 16.5 ] },
								"west": { "texture": "#skin", "uv": [ 33.5, 12.0, 34.5, 16.5 ] },
								"up": { "texture": "#skin", "uv": [ 35.5, 10.0, 38.5, 11.0 ] },
								"down": { "texture": "#skin", "uv": [ 35.5, 16.5, 38.5, 17.5 ], "rotation": 180 }
							}
						}
					]
				}
			],
			"attachmentpoints": [
				{
					"code": "Center",
					"posX": "8.0","posY": "4.0","posZ": "3.2",
					"rotationX": "0.0","rotationY": "0.0","rotationZ": "0.0"
				}
			]
		}
	]}