[
  {
    "op": "addmerge",
    "path": "/server/behaviors/11/aitasks/1/entityCodes/-",
    "value": "anatidae-*",
    "file": "game:entities/animal/mammal/hyena-adult.json",
    "side": "Server"
  },
  {
    "op": "addmerge",
    "path": "/server/behaviors/11/aitasks/1/entityCodes/-",
    "value": "casuariidae-*",
    "file": "game:entities/animal/mammal/hyena-adult.json",
    "side": "Server"
  },
  {
    "op": "addmerge",
    "path": "/server/behaviors/11/aitasks/1/entityCodes/-",
    "value": "dromornithidae-*",
    "file": "game:entities/animal/mammal/hyena-adult.json",
    "side": "Server"
  },
  {
    "op": "addmerge",
    "path": "/server/behaviors/11/aitasks/1/entityCodes/-",
    "value": "rallidae-*",
    "file": "game:entities/animal/mammal/hyena-adult.json",
    "side": "Server"
  },
  {
    "op": "addmerge",
    "path": "/server/behaviors/11/aitasks/3/entityCodes/-",
    "value": "anatidae-*",
    "file": "game:entities/animal/mammal/hyena-adult.json",
    "side": "Server"
  },
  {
    "op": "addmerge",
    "path": "/server/behaviors/11/aitasks/3/entityCodes/-",
    "value": "casuariidae-*",
    "file": "game:entities/animal/mammal/hyena-adult.json",
    "side": "Server"
  },
  {
    "op": "addmerge",
    "path": "/server/behaviors/11/aitasks/3/entityCodes/-",
    "value": "dromornithidae-*",
    "file": "game:entities/animal/mammal/hyena-adult.json",
    "side": "Server"
  },
  {
    "op": "addmerge",
    "path": "/server/behaviors/11/aitasks/3/entityCodes/-",
    "value": "rallidae-*",
    "file": "game:entities/animal/mammal/hyena-adult.json",
    "side": "Server"
  }
]