{
	"editor": {
		"allAngles": false,
		"entityTextureMode": false
	},
	"textureWidth": 16,
	"textureHeight": 16,
	"textureSizes": {
		"devilbolete": [ 16, 16 ],
		"pores": [ 16, 16 ]
	},
	"textures": {
		"devilbolete": "aldiclasses:item/shrooms/dried/devilbolete/devilbolete",
		"pores": "game:block/plant/mushroom/pores"
	},
	"elements": [
		{
			"name": "origin",
			"from": [ 8.0, 0.0, 8.0 ],
			"to": [ 8.0, 0.0, 8.0 ],
			"rotationOrigin": [ 8.0, 0.0, 8.0 ],
			"faces": {
				"north": {
					"texture": "#null",
					"uv": [ 0.0, 0.0, 0.5, 0.5 ],
					"enabled": false
				},
				"east": {
					"texture": "#null",
					"uv": [ 0.0, 0.0, 0.5, 0.5 ],
					"enabled": false
				},
				"south": {
					"texture": "#null",
					"uv": [ 0.0, 0.0, 0.5, 0.5 ],
					"enabled": false
				},
				"west": {
					"texture": "#null",
					"uv": [ 0.0, 0.0, 0.5, 0.5 ],
					"enabled": false
				},
				"up": {
					"texture": "#null",
					"uv": [ 0.0, 0.0, 0.5, 0.5 ],
					"enabled": false
				},
				"down": {
					"texture": "#null",
					"uv": [ 0.0, 0.0, 0.5, 0.5 ],
					"enabled": false
				}
			},
			"children": [
				{
					"name": "large",
					"from": [ -1.5, 0.0, -1.5 ],
					"to": [ 1.5, 2.5, 1.5 ],
					"rotationOrigin": [ 0.0, 0.0, 0.0 ],
					"rotationY": -45.0,
					"faces": {
						"north": {
							"texture": "#devilbolete",
							"uv": [ 2.0, 12.0, 5.0, 14.5 ]
						},
						"east": {
							"texture": "#devilbolete",
							"uv": [ 5.5, 13.0, 8.5, 15.5 ]
						},
						"south": {
							"texture": "#devilbolete",
							"uv": [ 11.5, 13.5, 14.5, 16.0 ]
						},
						"west": {
							"texture": "#devilbolete",
							"uv": [ 3.0, 13.0, 6.0, 15.5 ]
						},
						"up": {
							"texture": "#devilbolete",
							"uv": [ 11.0, 0.0, 14.0, 3.0 ],
							"enabled": false
						},
						"down": {
							"texture": "#devilbolete",
							"uv": [ 0.0, 13.0, 3.0, 16.0 ]
						}
					},
					"children": [
						{
							"name": "Cube16",
							"from": [ -0.8, 2.5, -0.8 ],
							"to": [ 3.7, 5.0, 3.7 ],
							"faces": {
								"north": {
									"texture": "#devilbolete",
									"uv": [ 9.5, 5.0, 14.0, 7.5 ]
								},
								"east": {
									"texture": "#devilbolete",
									"uv": [ 10.5, 4.0, 15.0, 6.5 ]
								},
								"south": {
									"texture": "#devilbolete",
									"uv": [ 9.0, 4.5, 13.5, 7.0 ]
								},
								"west": {
									"texture": "#devilbolete",
									"uv": [ 9.5, 5.5, 14.0, 8.0 ]
								},
								"up": {
									"texture": "#devilbolete",
									"uv": [ 9.0, 1.0, 13.5, 5.5 ]
								},
								"down": {
									"texture": "#pores",
									"uv": [ 11.5, 11.0, 16.0, 15.5 ]
								}
							},
							"children": [
								{
									"name": "Cube23",
									"from": [ 0.5, 2.5, 0.5 ],
									"to": [ 4.0, 3.0, 4.0 ],
									"faces": {
										"north": {
											"texture": "#devilbolete",
											"uv": [ 10.0, 4.5, 13.5, 5.0 ]
										},
										"east": {
											"texture": "#devilbolete",
											"uv": [ 10.0, 6.5, 13.5, 7.0 ]
										},
										"south": {
											"texture": "#devilbolete",
											"uv": [ 9.5, 0.5, 13.0, 1.0 ]
										},
										"west": {
											"texture": "#devilbolete",
											"uv": [ 11.0, 5.5, 14.5, 6.0 ]
										},
										"up": {
											"texture": "#devilbolete",
											"uv": [ 10.5, 2.5, 14.0, 6.0 ]
										},
										"down": {
											"texture": "#devilbolete",
											"uv": [ 7.0, 12.0, 10.5, 15.5 ],
											"enabled": false
										}
									},
									"children": [
										{
											"name": "Cube24",
											"from": [ 0.5, 0.5, 0.5 ],
											"to": [ 3.0, 1.0, 3.0 ],
											"faces": {
												"north": {
													"texture": "#devilbolete",
													"uv": [ 11.0, 4.0, 13.5, 4.5 ]
												},
												"east": {
													"texture": "#devilbolete",
													"uv": [ 11.5, 3.0, 14.0, 3.5 ]
												},
												"south": {
													"texture": "#devilbolete",
													"uv": [ 13.0, 3.5, 15.5, 4.0 ]
												},
												"west": {
													"texture": "#devilbolete",
													"uv": [ 10.0, 4.5, 12.5, 5.0 ]
												},
												"up": {
													"texture": "#devilbolete",
													"uv": [ 11.5, 2.0, 14.0, 4.5 ]
												},
												"down": {
													"texture": "#devilbolete",
													"uv": [ 0.0, 0.0, 2.5, 2.5 ],
													"enabled": false
												}
											}
										}
									]
								}
							]
						}
					]
				}
			]
		}
	]
}