{
	"editor": {
		"allAngles": false,
		"entityTextureMode": false
	},
	"textureWidth": 16,
	"textureHeight": 16,
	"textureSizes": {
	},
	"textures": {
		"golddropmilkcap": "aldiclasses:item/shrooms/dried/golddropmilkcap/golddropmilkcap",
		"pores": "game:block/plant/mushroom/pores"
	},
	"elements": [
		{
			"name": "origin",
			"from": [ 8.0, 0.0, 8.0 ], 
			"to": [ 8.0, 0.0, 8.0 ], 
			"rotationOrigin": [ 8.0, 0.0, 8.0 ],
			"faces": {
				"north": { "texture": "#golddropmilkcap", "uv": [ 0.0, 0.0, 0.5, 0.5 ], "enabled": false },
				"east": { "texture": "#golddropmilkcap", "uv": [ 0.0, 0.0, 0.5, 0.5 ], "enabled": false },
				"south": { "texture": "#golddropmilkcap", "uv": [ 0.0, 0.0, 0.5, 0.5 ], "enabled": false },
				"west": { "texture": "#golddropmilkcap", "uv": [ 0.0, 0.0, 0.5, 0.5 ], "enabled": false },
				"up": { "texture": "#golddropmilkcap", "uv": [ 0.0, 0.0, 0.5, 0.5 ], "enabled": false },
				"down": { "texture": "#golddropmilkcap", "uv": [ 0.0, 0.0, 0.5, 0.5 ], "enabled": false }
			},
			"children": [
				{
					"name": "stem1",
					"from": [ -0.5, 0.0, -0.5 ], 
					"to": [ 0.5, 2.5, 0.5 ], 
					"faces": {
						"north": { "texture": "#golddropmilkcap", "uv": [ 1.0, 10.0, 2.0, 12.5 ] },
						"east": { "texture": "#golddropmilkcap", "uv": [ 1.5, 11.0, 2.5, 13.5 ] },
						"south": { "texture": "#golddropmilkcap", "uv": [ 1.0, 11.0, 2.0, 13.5 ] },
						"west": { "texture": "#golddropmilkcap", "uv": [ 1.0, 11.0, 2.0, 13.5 ] },
						"up": { "texture": "#golddropmilkcap", "uv": [ 0.0, 0.0, 1.0, 1.0 ], "enabled": false },
						"down": { "texture": "#golddropmilkcap", "uv": [ 0.5, 14.5, 1.5, 15.5 ] }
					},
					"children": [
						{
							"name": "Cap1",
							"from": [ -1.5, 4.0, -1.5 ], 
							"to": [ 2.5, 5.0, 2.5 ], 
							"rotationOrigin": [ 0.5, 4.0, 0.5 ],
							"faces": {
								"north": { "texture": "#golddropmilkcap", "uv": [ 4.5, 10.5, 8.5, 11.5 ] },
								"east": { "texture": "#golddropmilkcap", "uv": [ 5.5, 10.5, 9.5, 11.5 ] },
								"south": { "texture": "#golddropmilkcap", "uv": [ 5.0, 9.5, 9.0, 10.5 ] },
								"west": { "texture": "#golddropmilkcap", "uv": [ 6.0, 10.5, 10.0, 11.5 ] },
								"up": { "texture": "#golddropmilkcap", "uv": [ 5.5, 1.0, 9.5, 5.0 ] },
								"down": { "texture": "#pores", "uv": [ 3.0, 10.5, 7.0, 14.5 ] }
							}
						},
						{
							"name": "gillsE",
							"from": [ 0.6, 2.6, 0.0 ], 
							"to": [ 2.6, 3.1, 1.0 ], 
							"rotationOrigin": [ 0.6, 2.6, 0.5 ],
							"rotationZ": 45.0,
							"faces": {
								"north": { "texture": "#pores", "uv": [ 4.0, 13.0, 6.0, 13.5 ] },
								"east": { "texture": "#pores", "uv": [ 8.5, 10.5, 9.5, 11.0 ], "enabled": false },
								"south": { "texture": "#pores", "uv": [ 5.0, 11.0, 7.0, 11.5 ] },
								"west": { "texture": "#pores", "uv": [ 11.5, 11.5, 12.5, 12.0 ], "enabled": false },
								"up": { "texture": "#pores", "uv": [ 10.0, 10.0, 12.0, 11.0 ], "enabled": false },
								"down": { "texture": "#pores", "uv": [ 3.5, 11.0, 5.5, 12.0 ] }
							}
						},
						{
							"name": "gillsW",
							"from": [ -1.6, 2.6, 0.0 ], 
							"to": [ 0.4, 3.1, 1.0 ], 
							"rotationOrigin": [ 0.4, 2.6, 0.5 ],
							"rotationZ": -45.0,
							"faces": {
								"north": { "texture": "#pores", "uv": [ 4.0, 14.0, 6.0, 14.5 ] },
								"east": { "texture": "#pores", "uv": [ 10.5, 10.5, 11.5, 11.0 ], "enabled": false },
								"south": { "texture": "#pores", "uv": [ 4.0, 11.0, 6.0, 11.5 ] },
								"west": { "texture": "#pores", "uv": [ 9.0, 10.5, 10.0, 11.0 ], "enabled": false },
								"up": { "texture": "#pores", "uv": [ 10.0, 11.0, 12.0, 12.0 ], "enabled": false },
								"down": { "texture": "#pores", "uv": [ 3.5, 12.5, 5.5, 13.5 ] }
							}
						},
						{
							"name": "gillsS",
							"from": [ 0.0, 2.6, 0.6 ], 
							"to": [ 1.0, 3.1, 2.6 ], 
							"rotationOrigin": [ 0.5, 2.6, 0.6 ],
							"rotationX": -45.0,
							"faces": {
								"north": { "texture": "#pores", "uv": [ 10.0, 9.0, 11.0, 9.5 ], "enabled": false },
								"east": { "texture": "#pores", "uv": [ 4.0, 10.0, 6.0, 10.5 ] },
								"south": { "texture": "#pores", "uv": [ 5.5, 6.0, 6.5, 6.5 ], "enabled": false },
								"west": { "texture": "#pores", "uv": [ 4.5, 11.5, 6.5, 12.0 ] },
								"up": { "texture": "#pores", "uv": [ 0.0, 0.0, 1.0, 2.0 ], "enabled": false },
								"down": { "texture": "#pores", "uv": [ 5.5, 10.5, 6.5, 12.5 ] }
							}
						},
						{
							"name": "gillsN",
							"from": [ 0.0, 2.6, -1.6 ], 
							"to": [ 1.0, 3.1, 0.4 ], 
							"rotationOrigin": [ 0.5, 2.6, 0.4 ],
							"rotationX": 45.0,
							"faces": {
								"north": { "texture": "#pores", "uv": [ 0.0, 0.0, 1.0, 0.5 ], "enabled": false },
								"east": { "texture": "#pores", "uv": [ 4.0, 12.0, 6.0, 12.5 ] },
								"south": { "texture": "#pores", "uv": [ 0.0, 0.0, 1.0, 0.5 ], "enabled": false },
								"west": { "texture": "#pores", "uv": [ 4.5, 12.0, 6.5, 12.5 ] },
								"up": { "texture": "#pores", "uv": [ 5.5, 1.5, 6.5, 3.5 ], "enabled": false },
								"down": { "texture": "#pores", "uv": [ 3.0, 8.5, 4.0, 10.5 ] }
							}
						},
						{
							"name": "ring1",
							"from": [ -0.1, 2.5, -0.1 ], 
							"to": [ 1.1, 4.0, 1.1 ], 
							"rotationOrigin": [ 0.5, 2.5, 0.5 ],
							"faces": {
								"north": { "texture": "#golddropmilkcap", "uv": [ 0.5, 7.5, 1.5, 9.0 ] },
								"east": { "texture": "#golddropmilkcap", "uv": [ 1.0, 8.0, 2.0, 9.5 ] },
								"south": { "texture": "#golddropmilkcap", "uv": [ 1.5, 7.0, 2.5, 8.5 ] },
								"west": { "texture": "#golddropmilkcap", "uv": [ 0.5, 5.0, 1.5, 6.5 ] },
								"up": { "texture": "#golddropmilkcap", "uv": [ 0.0, 0.0, 1.0, 1.0 ], "enabled": false },
								"down": { "texture": "#golddropmilkcap", "uv": [ 0.0, 0.0, 1.0, 1.0 ] }
							}
						}
					]
				}
			]
		}
	]}