{
	"code": "manidae",
	"class": "EntityAgent",
	"tagsByType": {"*-baby-*":["animal","huntable","habitat-land"],"*":["animal","huntable","adult","shelled","habitat-land"]},
	"canClimb": true,
	"canClimbAnywhereByType": {"*-crassicaudata":false,"*-gigantea":false,"*-temminckii":false,"*":true},
	"climbTouchDistance": 0.05,
	"rotateModelOnClimb": true,
	"fallDamageMultiplierByType": { "*-baby-*" :0.1,"*-adult-*" :0.2},
	"variantgroups": [
		{"code": "age","states": [ "adult","baby" ]},
		{"code": "gender","states": [ "female","male"]},
		{"code": "type","states": [ "crassicaudata","culionensis","gigantea","javanica","mysteria","pentadactyla","temminckii","tetradactyla","tricuspis"]}
	],
	"hitBoxSizeByType": {
		"*-adult-female-crassicaudata": {	"x": 0.5,"y": 0.32},
		"*-adult-male-crassicaudata": {	"x": 0.6,"y": 0.4},
		"*-adult-female-culionensis": {	"x": 0.6,"y": 0.4},
		"*-adult-male-culionensis": {	"x": 0.75,"y": 0.45},
		"*-adult-female-gigantea": {	"x": 0.8,"y": 0.5},
		"*-adult-male-gigantea": {	"x": 1.0,"y": 0.6},
		"*-adult-female-javanica": {	"x": 0.56,"y": 0.24},
		"*-adult-male-javanica": {	"x": 0.7,"y": 0.3},
		"*-adult-female-mysteria": {	"x": 0.56,"y": 0.24},
		"*-adult-male-mysteria": {	"x": 0.7,"y": 0.3},
		"*-adult-female-pentadactyla": {	"x": 0.5,"y": 0.32},
		"*-adult-male-pentadactyla": {	"x": 0.6,"y": 0.4},
		"*-adult-female-temminckii": {	"x": 0.4,"y": 0.32},
		"*-adult-male-temminckii": {	"x": 0.5,"y": 0.4},
		"*-adult-female-tetradactyla": {	"x": 0.5,"y": 0.24},
		"*-adult-male-tetradactyla": {	"x": 0.6,"y": 0.3},
		"*-adult-female-tricuspis": {	"x": 0.5,"y": 0.24},
		"*-adult-male-tricuspis": {	"x": 0.6,"y": 0.3},
		"*-baby-*-crassicaudata": {	"x": 0.25,"y": 0.12},
		"*-baby-*-culionensis": {	"x": 0.22,"y": 0.15},
		"*-baby-*-gigantea": {	"x": 0.3,"y": 0.2},
		"*-baby-*-javanica": {	"x": 0.22,"y": 0.12},
		"*-baby-*-mysteria": {	"x": 0.22,"y": 0.12},
		"*-baby-*-pentadactyla": {	"x": 0.25,"y": 0.12},
		"*-baby-*-temminckii": {	"x": 0.22,"y": 0.1},
		"*-baby-*-tetradactyla": {	"x": 0.2,"y": 0.1},
		"*-baby-*-tricuspis": {	"x": 0.22,"y": 0.1}
	},
	"deadhitBoxSizeByType": {
		"*-adult-female-crassicaudata": {	"x": 0.5,"y": 0.32},
		"*-adult-male-crassicaudata": {	"x": 0.6,"y": 0.4},
		"*-adult-female-culionensis": {	"x": 0.6,"y": 0.4},
		"*-adult-male-culionensis": {	"x": 0.75,"y": 0.45},
		"*-adult-female-gigantea": {	"x": 0.8,"y": 0.5},
		"*-adult-male-gigantea": {	"x": 1.0,"y": 0.6},
		"*-adult-female-javanica": {	"x": 0.56,"y": 0.4},
		"*-adult-male-javanica": {	"x": 0.7,"y": 0.5},
		"*-adult-female-mysteria": {	"x": 0.56,"y": 0.4},
		"*-adult-male-mysteria": {	"x": 0.7,"y": 0.5},
		"*-adult-female-pentadactyla": {	"x": 0.5,"y": 0.32},
		"*-adult-male-pentadactyla": {	"x": 0.6,"y": 0.4},
		"*-adult-female-temminckii": {	"x": 0.4,"y": 0.24},
		"*-adult-male-temminckii": {	"x": 0.5,"y": 0.4},
		"*-adult-female-tetradactyla": {	"x": 0.5,"y": 0.2},
		"*-adult-male-tetradactyla": {	"x": 0.6,"y": 0.24},
		"*-adult-female-tricuspis": {	"x": 0.5,"y": 0.24},
		"*-adult-male-tricuspis": {	"x": 0.6,"y": 0.3},
		"*-baby-*-crassicaudata": {	"x": 0.25,"y": 0.12},
		"*-baby-*-culionensis": {	"x": 0.22,"y": 0.15},
		"*-baby-*-gigantea": {	"x": 0.3,"y": 0.2},
		"*-baby-*-javanica": {	"x": 0.22,"y": 0.12},
		"*-baby-*-mysteria": {	"x": 0.22,"y": 0.12},
		"*-baby-*-pentadactyla": {	"x": 0.25,"y": 0.12},
		"*-baby-*-temminckii": {	"x": 0.22,"y": 0.1},
		"*-baby-*-tetradactyla": {	"x": 0.2,"y": 0.1},
		"*-baby-*-tricuspis": {	"x": 0.22,"y": 0.1}
	},
	"eyeHeightByType": {
		"*-adult-*-crassicaudata": 0.4,
		"*-adult-*-culionensis": 0.45,
		"*-adult-*-gigantea": 0.6,
		"*-adult-*-javanica": 0.5,
		"*-adult-*-mysteria": 0.5,
		"*-adult-*-pentadactyla": 0.4,
		"*-adult-*-temminckii": 0.4,
		"*-adult-*-tetradactyla": 0.24,
		"*-adult-*-tricuspis": 0.3,
		"*-baby-*-crassicaudata": 0.12,
		"*-baby-*-culionensis": 0.15,
		"*-baby-*-gigantea": 0.2,
		"*-baby-*-javanica": 0.12,
		"*-baby-*-mysteria": 0.12,
		"*-baby-*-pentadactyla": 0.12,
		"*-baby-*-temminckii": 0.1,
		"*-baby-*-tetradactyla": 0.1,
		"*-baby-*-tricuspis": 0.1
	},
	"weightByType": {
		"*-adult-female-crassicaudata": 10,
		"*-adult-male-crassicaudata": 14,
		"*-baby-*-crassicaudata": 1,
		"*-adult-female-culionensis": 5,
		"*-adult-male-culionensis": 6,
		"*-baby-*-culionensis": 0.5,
		"*-adult-female-gigantea": 600,
		"*-adult-male-gigantea": 800,
		"*-baby-*-gigantea": 100,
		"*-adult-female-javanica": 1100,
		"*-adult-male-javanica": 1400,
		"*-baby-*-javanica": 150,
		"*-adult-female-mysteria": 1100,
		"*-adult-male-mysteria": 1400,
		"*-baby-*-mysteria": 150,
		"*-adult-female-pentadactyla": 1600,
		"*-adult-male-pentadactyla": 2100,
		"*-baby-*-pentadactyla": 200
	},	
	"knockbackResistanceByType": {
		"*-adult-*": 0.2,
		"*-baby-*": 0.1	},	
	"attributes": {
		"killedByInfoText": "deadcreature-killed",
			"trappableByType": {
			"*-adult-*": {
				"small": { "trapChance": 0.5,	"trapDestroyChance": 0.2 },
				"large": { "trapChance": 0.9,	"trapDestroyChance": 0 }
			},
			"*": {
				"small": { "trapChance": 0.8,	"trapDestroyChance": 0.05 },
				"large": { "trapChance": 0.95,	"trapDestroyChance": 0 }
			}
		},
		"creatureDiet": {
			"weightedFoodTags": [
				{ "weight": 1, "code": "insect" }
			]},
		"handbook": {
			"groupcode": "creaturegroup-manidae"
		}
	},
	"drops": [],
	"client": {
		"renderer": "Shape",
		"shapeByType": {
			"*-adult-*-culionensis": { "base": "entity/land/manidae/javanica-adult" },
			"*-adult-*-mysteria": { "base": "entity/land/manidae/javanica-adult" },
			"*-adult-*": { "base": "entity/land/manidae/{type}-adult" },
			"*-baby-*": { "base": "entity/land/manidae/tricuspis-baby" }
		},
		"textureByType": {
			"*-adult-*": { "base": "entity/manidae/{type}-adult" },
			"*-baby-*": { "base": "entity/manidae/tricuspis-baby" }
		},
		"sizeByType": {
			"*-adult-male-crassicaudata": 0.64,
			"*-adult-female-crassicaudata": 0.51,
			"*-baby-*-crassicaudata": 0.25,
			"*-adult-male-culionensis": 0.77,
			"*-adult-female-culionensis": 0.64,
			"*-baby-*-culionensis": 0.32,
			"*-adult-male-javanica": 0.71,
			"*-adult-female-javanica": 0.59,
			"*-baby-*-javanica": 0.3,
			"*-adult-male-mysteria": 0.71,
			"*-adult-female-mysteria": 0.59,
			"*-baby-*-mysteria": 0.3,
			"*-adult-male-pentadactyla": 0.65,
			"*-adult-female-pentadactyla": 0.52,
			"*-baby-*-pentadactyla": 0.26,
			"*-adult-male-temminckii": 0.66,
			"*-adult-female-temminckii": 0.44,
			"*-baby-*-temminckii": 0.22,
			"*-adult-male-tetradactyla": 0.53,
			"*-adult-female-tetradactyla": 0.43,
			"*-baby-*-tetradactyla": 0.21,
			"*-adult-male-tricuspis": 0.6,
			"*-adult-female-tricuspis": 0.45,
			"*-baby-*-tricuspis": 0.22,
			"*-adult-female-*": 0.8,
			"*-adult-male-*": 1.0,
			"*-baby-*": 0.4
		},
		"behaviors": [
			{"code": "repulseagents" },
			{"code": "controlledphysics","stepHeightByType": {"*-crassicaudata":1.1251,"*-gigantea":1.1251,"*-temminckii":1.1251,"*":0},"climbUpSpeed": 0.0,"climbDownSpeed": 0.0},
			{"code": "floatupwhenstuck","onlyWhenDead": true},
			{"code": "interpolateposition" },
			{"code": "harvestable","quantitySlots": 8},
			{ "code": "multiply", "enabledByType": { "*-adult-female-*": true, "*": false } },
			{"code": "despawn","minPlayerDistance": 8,"belowLightLevel": 8,"minSeconds": 300},
			{"code": "ropetieable","minGeneration": 2}
		],
		"animations": [
			{"code": "attack","animation": "Attack","animationSpeed": 1.2,"weight": 10,"blendMode": "AddAverage"},
			{"code": "die","animation": "Die","easeInSpeed": 3,"animationSpeed": 1,"weight": 10,"blendMode": "Average","triggeredBy": { "onControls": [ "dead" ] }},
			{"code": "eat","animation": "Eat","easeInSpeed": 2,"easeOutSpeed": 2,"blendMode": "Average"},
			{"code": "hurt","animation": "Hurt","animationSpeed": 2.2,"weight": 10,"blendMode": "AddAverage"},
			{"code": "idle","animation": "Idle","animationSpeed": 0.5,"blendMode": "AddAverage","easeOutSpeed": 4,"triggeredBy": { "defaultAnim": true }},
			{"code": "look","animation": "Look", "blendMode": "AddAverage","easeOutSpeed": 0.25},
			{"code": "yawn","animation": "Yawn","easeInSpeed": 1.5,"easeOutSpeed": 1.5,"weight": 10,"blendMode": "AddAverage"},
			{"code": "sit","animation": "Sit","easeInSpeed": 2,"easeOutSpeed": 5,"blendMode": "Average"},
			{"code": "sleep","animation": "Sleep","easeInSpeed": 2,"easeOutSpeed": 5,"weight": 5,"blendMode": "Average"},
			{"code": "swim","animation": "Swim","supressDefaultAnimation": true,"blendMode": "Average"},
			{"code": "crawl","animation": "Crawl","easeInSpeed": 10,"supressDefaultAnimation": true,"blendMode": "Average"},
			{"code": "walk","animation": "Walk","easeInSpeed": 10,"supressDefaultAnimation": true,"blendMode": "Average"}
		]
	},
	"server": {
		"attributes": {
			"pathfinder": {
				"minTurnAnglePerSec": 0,
				"maxTurnAnglePerSecByType": { "*-adult-*": 360, "*-baby-*": 240}
			}
		},
		"behaviors": [
			{ "code": "repulseagents" },
			{"code": "controlledphysics","stepHeightByType": {"*-crassicaudata":1.1251,"*-gigantea":1.1251,"*-temminckii":1.1251,"*":0},"climbUpSpeed": 0.0,"climbDownSpeed": 0.0},
			{"code": "despawn","minPlayerDistance": 8,"belowLightLevel": 8,"minSeconds": 300},
			{"code": "health",
				"maxhealthByType": {
					"*-adult-*-crassicaudata": 5,"*-baby-*-crassicaudata": 3,
					"*-adult-*-culionensis": 4,"*-baby-*-culionensis": 2,
					"*-adult-female-gigantea": 8,"*-adult-male-gigantea": 10,"*-baby-*-gigantea": 3,
					"*-adult-female-javanica": 4,"*-adult-male-javanica": 5,"*-baby-*-javanica": 3,
					"*-adult-female-mysteria": 4,"*-adult-male-mysteria": 5,"*-baby-*-mysteria": 3,
					"*-adult-female-pentadactyla": 3,"*-adult-male-pentadactyla": 4,"*-baby-*-pentadactyla": 2,
					"*-adult-female-temminckii": 4,"*-adult-male-temminckii": 5,"*-baby-*-temminckii": 3,
					"*-adult-*-tetradactyla": 3,"*-baby-*-tetradactyla": 2,
					"*-adult-*-tricuspis": 3,"*-baby-*-tricuspis": 2
				}
			},
			{"code": "deaddecay",
				"hoursToDecay": 96,
				"decayedBlockByType": {
				"*-adult-*": "carcass-small",
				"*-baby-*": "carcass-tiny"
				}
			},
			{"code": "floatupwhenstuck","onlyWhenDead": true},
			{"code": "harvestable",
				"quantitySlots": 8,
				"drops": [
					{
						"type": "item",
						"code": "game:bushmeat-raw",
						"quantityByType": {
							"*-adult-*-crassicaudata": {"avg": 1,"var": 0.5},
							"*-adult-*-culionensis": {"avg": 1,"var": 0.5},
							"*-adult-female-gigantea": {"avg": 2.5,"var": 0.5},
							"*-adult-male-gigantea": {"avg": 4,"var": 0.5},
							"*-adult-*-javanica": {"avg": 1,"var": 0.5},
							"*-adult-*-mysteria": {"avg": 1,"var": 0.5},
							"*-adult-*-pentadactyla": {"avg": 1,"var": 0.3},
							"*-adult-*-temminckii": {"avg": 1,"var": 0.5},
							"*-adult-*-tetradactyla": {"avg": 1,"var": 0.3},
							"*-adult-*-tricuspis": {"avg": 1,"var": 0.3},
							"*-baby-*": {"avg": 0,"var": 0.3}
						}
					},
					{
						"type": "item",
						"code": "manidae:pelt-{gender}-{type}",
						"quantityByType": {
							"*-adult-*": { "offset": 1, "avg": 0, "var": 0 },
							"*": {"avg": 0.0,"var": 0.0}
						}
					}
				]
			},
			{"code": "breathe" },
			{"code": "multiply",
				"enabledByType": {
					"*-adult-female-*": true,
					"*": false
				},
				"spawnEntityCodesByType": {
				"*-adult-female-*": [ { "code":"manidae:manidae-baby-female-{type}"}, {"code": "manidae:manidae-baby-male-{type}"} ]},
				"requiresNearbyEntityCodeByType": {
					"*-adult-female-*": "manidae:manidae-adult-male-{type}"},
				"requiresNearbyEntityRange": 10,
				"spawnQuantityMin": 1,
				"spawnQuantityMaxByType": {"*-gigantea": 1,"*-temminckii": 1,"*-tetradactyla": 1,"*-tricuspis": 1,"*": 3},
				"pregnancyDaysByType": {"*-crassicaudata": 14,"*-culionensis": 25,"*-gigantea": 28,"*-javanica": 25,"*-mysteria": 25,"*-pentadactyla": 14,"*": 28},
				"multiplyCooldownDaysMinByType": {"*": 4},
				"multiplyCooldownDaysMaxByType": {"*": 11},
				"portionsEatenForMultiplyByType": {"*-gigantea": 6,"*-tetradactyla": 3,"*-tricuspis": 3,"*": 4}
			},
			{"code": "grow",
					"enabledByType": {
					"*-baby-*": true,
					"*": false
				},
				"hoursToGrowByType": {"*-culionensis": 87,"*-javanica": 87,"*-mysteria": 87,"*": 350},
				"adultEntityCodesByType": {
					"*-baby-male-*": ["manidae:manidae-adult-male-{type}"],
					"*-baby-female-*": ["manidae:manidae-adult-female-{type}"]
				}
			},
			{"code": "emotionstates",
				"states": [
					{"code": "fleeondamage","duration": 60,
						"chanceByType": {
							"*-adult-*": 1,
							"*-baby-*": 1
						},
						"slot": 2,"priority": 4,"accumType": "max","whenHealthRelBelow": 0.5},
					{"code": "aggressiveondamage","duration": 300,
						"chanceByType": {
							"*-adult-female-*": 0.8,
							"*-adult-male-*": 0.9,
							"*-baby-*": 0.0
						},
						"slot": 2,"priority": 3,"accumType": "noaccum"},
					{"code": "fleeondamage","duration": 60,"slot": 2,"chanceByType": {"*-adult-*": 0.75,"*-baby-*": 1},"priority": 1,"accumType": "max"},
					{"code": "alarmherdondamage","chance": 1,"slot": 1,"priority": 1.5,"accumType": "max"},
					{"code": "saturated","duration": 1200,"chance": 1,"slot": 0,"priority": 1,"accumType": "sum"}
				]
			},
			{
				"code": "taskai",
				"aiCreatureType": "LandCreature",
				"aitasks": [
					{
						"code": "meleeattack",
						"animation": "Attack",
						"enabledByType": {
							"*-baby-*": false,
							"*": true},
						"entityCodesByType": {
							"*-adult-*": [ "player","bear-*","bell-*","drifter-*","hyena-*","locust-*", "wolf-*", "caninae-canina-adult-*","dasyuridae-adult-*","felinae-adult-*", "machairodontinae-adult-*", "pantherinae-neofelis-adult-*", "pantherinae-panthera-adult-*","thylacoleonidae-adult-*"  ]},
						"priority": 1.9,
						"slot": 1,
						"damageByType": {
							"*-adult-*-crassicaudata":4,
							"*-adult-*-culionensis":2,
							"*-adult-*-gigantea":5,
							"*-adult-*-javanica":3,
							"*-adult-*-mysteria":3,
							"*-adult-*-pentadactyla":2,
							"*-adult-*-temminckii":3,
							"*-adult-*-tetradactyla":1,
							"*-adult-*-tricuspis":1
						},
						"knockbackStrengthByType": {"*":0.2},
						"damageTierByType": {"*":1},
						"mincooldown": 1500,
						"maxcooldown": 2500,
						"attackDurationMs": 1250,
						"damagePlayerAtMs": 400,
						"animationSpeed": 1.25,
						"whenInEmotionState": "aggressiveondamage"
					},
					{
						"code": "fleeentity",
						"animation": "Walk",
						"entityCodesByType": {
							"*":["player","bear-*","bell-*","bowtorn-*","drifter-*","hyena-*","locust-*","shiver-*", "wolf-*", "caninae-canina-adult-*","caninae-cerdocyonina-adult-*","dasyuridae-adult-*","felinae-adult-*", "machairodontinae-adult-*","pantherinae-neofelis-adult-*", "pantherinae-panthera-adult-*","thylacoleonidae-adult-*" ,"viverridae-*"  ]
						},
						"priority": 1.8,
						"movespeedByType": {
							"*-adult-male-crassicaudata": 0.0072,
							"*-adult-female-crassicaudata": 0.0058,
							"*-baby-*-crassicaudata": 0.002,
							"*-adult-male-culionensis": 0.009,
							"*-adult-female-culionensis": 0.0072,
							"*-baby-*-culionensis": 0.0026,
							"*-adult-male-gigantea": 0.0118,
							"*-adult-female-gigantea": 0.009,
							"*-baby-*-gigantea": 0.003,
							"*-adult-male-javanica": 0.008,
							"*-adult-female-javanica": 0.0066,
							"*-baby-*-javanica": 0.0024,
							"*-adult-male-mysteria": 0.008,
							"*-adult-female-mysteria": 0.0066,
							"*-baby-*-mysteria": 0.0024,
							"*-adult-male-pentadactyla": 0.0072,
							"*-adult-female-pentadactyla": 0.0058,
							"*-baby-*-pentadactyla": 0.002,
							"*-adult-male-temminckii": 0.007,
							"*-adult-female-temminckii": 0.0056,
							"*-baby-*-temminckii": 0.0018,
							"*-adult-male-tetradactyla": 0.0058,
							"*-adult-female-tetradactyla": 0.0046,
							"*-baby-*-tetradactyla": 0.0014,
							"*-adult-male-tricuspis": 0.0066,
							"*-adult-female-tricuspis": 0.0054,
							"*-baby-*-tricuspis": 0.0018
						},
						"seekingRange": 15,
						"animationSpeedByType": {
							"*-adult-female-*": 2,
							"*-adult-male-*": 2,
							"*-baby-*": 2
						}
					},
					{
						"code": "seekentity",
						"animation": "Alert",
						"entityCodesByType": {
							"*": [ "player","bear-*","bell-*","bowtorn-*","drifter-*","hyena-*","locust-*","shiver-*", "wolf-*", "caninae-canina-adult-*","caninae-cerdocyonina-adult-*","dasyuridae-adult-*","felinae-adult-*", "machairodontinae-adult-*","pantherinae-neofelis-adult-*", "pantherinae-panthera-adult-*","thylacoleonidae-adult-*"   ]
						},
						"priority": 1.5,
						"priorityForCancel": 1.51,
						"seekingRange": 15,
						"movespeedByType": {
							"*": 0.0
						},
						"animationSpeed": 1.0,
						"whenNotInEmotionState": "aggressiveondamage|fleeondamage"
					},
					{
						"code": "fleeentity",
						"animation": "Sleep",
						"entityCodesByType": {
							"*": [  "player","bear-*","bell-*","bowtorn-*","drifter-*","hyena-*","locust-*","shiver-*","wolf-*","bovinae-adult-*","caninae-canina-adult-*","caninae-cerdocyonina-adult-*","elephantidae-*","dasyuridae-adult-*","diprotodontidae-adult-*","felinae-adult-*", "machairodontinae-adult-*","pantherinae-neofelis-adult-*", "pantherinae-panthera-adult-*","rhinocerotidae-adult-*","thylacoleonidae-adult-*" ]
						},
						"priority": 2.1,
						"movespeedByType": {
							"*": 0.0
						},
						"seekingRange": 10,
						"animationSpeedByType": {
							"*": 5
						}
					},
					{
						"code": "getoutofwater",
						"animation": "Swim",
						"priority": 1.4,
						"movespeedByType": {
							"*-adult-male-crassicaudata": 0.0036,
							"*-adult-female-crassicaudata": 0.0029,
							"*-baby-*-crassicaudata": 0.001,
							"*-adult-male-culionensis": 0.0045,
							"*-adult-female-culionensis": 0.0036,
							"*-baby-*-culionensis": 0.0013,
							"*-adult-male-gigantea": 0.0056,
							"*-adult-female-gigantea": 0.0045,
							"*-baby-*-gigantea": 0.0015,
							"*-adult-male-javanica": 0.004,
							"*-adult-female-javanica": 0.0033,
							"*-baby-*-javanica": 0.0012,
							"*-adult-male-mysteria": 0.004,
							"*-adult-female-mysteria": 0.0033,
							"*-baby-*-mysteria": 0.0012,
							"*-adult-male-pentadactyla": 0.0036,
							"*-adult-female-pentadactyla": 0.0029,
							"*-baby-*-pentadactyla": 0.001,
							"*-adult-male-temminckii": 0.0035,
							"*-adult-female-temminckii": 0.0028,
							"*-baby-*-temminckii": 0.0009,
							"*-adult-male-tetradactyla": 0.0029,
							"*-adult-female-tetradactyla": 0.0023,
							"*-baby-*-tetradactyla": 0.0007,
							"*-adult-male-tricuspis": 0.0033,
							"*-adult-female-tricuspis": 0.0027,
							"*-baby-*-tricuspis": 0.0009
						},
						"animationSpeed": 1.0
					},
					{
						"code": "stayclosetoentity",
						"animation": "Walk",
						"enabledByType": {
							"*": true
						},
						"priority": 1.81,
						"entityCodeByType": {
							"*-baby-*": "manidae-adult-female-{type}"},
						"movespeedByType": {
							"*-adult-male-crassicaudata": 0.0036,
							"*-adult-female-crassicaudata": 0.0029,
							"*-baby-*-crassicaudata": 0.002,
							"*-adult-male-culionensis": 0.0045,
							"*-adult-female-culionensis": 0.0036,
							"*-baby-*-culionensis": 0.0026,
							"*-adult-male-gigantea": 0.0056,
							"*-adult-female-gigantea": 0.0045,
							"*-baby-*-gigantea": 0.003,
							"*-adult-male-javanica": 0.004,
							"*-adult-female-javanica": 0.0033,
							"*-baby-*-javanica": 0.0024,
							"*-adult-male-mysteria": 0.004,
							"*-adult-female-mysteria": 0.0033,
							"*-baby-*-mysteria": 0.0024,
							"*-adult-male-pentadactyla": 0.0036,
							"*-adult-female-pentadactyla": 0.0029,
							"*-baby-*-pentadactyla": 0.002,
							"*-adult-male-temminckii": 0.0035,
							"*-adult-female-temminckii": 0.0028,
							"*-baby-*-temminckii": 0.0018,
							"*-adult-male-tetradactyla": 0.0029,
							"*-adult-female-tetradactyla": 0.0023,
							"*-baby-*-tetradactyla": 0.0014,
							"*-adult-male-tricuspis": 0.0033,
							"*-adult-female-tricuspis": 0.0027,
							"*-baby-*-tricuspis": 0.0018
							},
						"maxDistanceByType": {"*-baby-*": 1},
						"searchRange": 15,
						"animationSpeedByType": {
							"*-baby-*": 2
						}
					},
					{
						"code": "idle",
						"animation": "Sit",
						"priority": 1.2,
						"minduration": 20000,
						"maxduration": 240000,
						"mincooldown": 6000,
						"maxcooldown": 12000,
						"priorityForCancel": 1.28,
						"duringDayTimeFramesByType": {
							"*-tetradactyla":[{"fromHour": 17,"toHour": 24},{"fromHour": 0,"toHour": 4}],
							"*":[{"fromHour": 6,"toHour": 17}]},
						"stopOnNearbyEntityCodes": [  "player","bear-*","bell-*","drifter-*","hyena-*","locust-*", "wolf-*", "caninae-canina-adult-*","caninae-cerdocyonina-adult-*","felinae-adult-*", "machairodontinae-adult-*","pantherinae-neofelis-adult-*", "pantherinae-panthera-adult-*","thylacoleonidae-adult-*"   ],
						"stopRange": 10,
						"animationSpeedByType": {
							"*-baby-*": 0.6,
							"*": 0.5
						},
						"stopOnHurt": true,
						"whenNotInEmotionState": "aggressiveondamage|fleeondamage"
					},
					{
						"code": "idle",
						"animation": "Sleep",
						"priority": 1.25,
						"minduration": 200000,
						"maxduration": 800000,
						"mincooldown": 1000,
						"maxcooldown": 3000,
						"animationSpeed": 0.3,
						"whenNotInEmotionState": "aggressiveondamage|fleeondamage",
						"duringDayTimeFramesByType": {
							"*-tetradactyla":[{"fromHour": 18,"toHour": 24},{"fromHour": 0,"toHour": 3}],
							"*":[{"fromHour": 7,"toHour": 16}]},
						"stopOnNearbyEntityCodes": [ "player" ],
						"stopRange": 1,
						"stopOnHurt": true
					},
					{
						"code": "seekfoodandeat",
						"animation": "Walk",
						"eatAnimation": "Eat",
						"movespeedByType": {
							"*-adult-male-crassicaudata": 0.0036,
							"*-adult-female-crassicaudata": 0.0029,
							"*-baby-*-crassicaudata": 0.001,
							"*-adult-male-culionensis": 0.0045,
							"*-adult-female-culionensis": 0.0036,
							"*-baby-*-culionensis": 0.0013,
							"*-adult-male-gigantea": 0.0056,
							"*-adult-female-gigantea": 0.0045,
							"*-baby-*-gigantea": 0.0015,
							"*-adult-male-javanica": 0.004,
							"*-adult-female-javanica": 0.0033,
							"*-baby-*-javanica": 0.0012,
							"*-adult-male-mysteria": 0.004,
							"*-adult-female-mysteria": 0.0033,
							"*-baby-*-mysteria": 0.0012,
							"*-adult-male-pentadactyla": 0.0036,
							"*-adult-female-pentadactyla": 0.0029,
							"*-baby-*-pentadactyla": 0.001,
							"*-adult-male-temminckii": 0.0035,
							"*-adult-female-temminckii": 0.0028,
							"*-baby-*-temminckii": 0.0009,
							"*-adult-male-tetradactyla": 0.0029,
							"*-adult-female-tetradactyla": 0.0023,
							"*-baby-*-tetradactyla": 0.0007,
							"*-adult-male-tricuspis": 0.0033,
							"*-adult-female-tricuspis": 0.0027,
							"*-baby-*-tricuspis": 0.0009
						},
						"priority": 1.24,
						"eatSoundByType": {
							"*":"game:creature/animal-eat-small"},
						"eatTime": 1.5,
						"eatLooseItems": true,
						"animationSpeedByType": {
							"*": 1
						},
						"mincooldownHours": 1,
						"maxcooldownHours": 4,
						"whenNotInEmotionState": "aggressiveondamage|fleeondamage"
					},
					{
						"code": "idle",
						"animation": "Eat",
						"onBlockBelowCode": "game:termitemound-*",
						"priority": 1.2,
						"priorityForCancel": 1.35,
						"minduration": 2667,
						"maxduration": 2667,
						"mincooldown": 6000,
						"maxcooldown": 20000,
						"animationSpeed": 0.75,
						"soundByType": {"*":"game:creature/animal-eat-small"},
						"whenNotInEmotionState": "aggressiveondamage|fleeondamage"
					},
					{
						"code": "idle",
						"animation": "Yawn",
						"priority": 1.0,
						"priorityForCancel": 1.35,
						"minduration": 4667,
						"maxduration": 4667,
						"chanceByType": {"*":0.2},
						"mincooldown": 8000,
						"maxcooldown": 50000,
						"animationSpeed": 0.5,
						"whenNotInEmotionState": "aggressiveondamage|fleeondamage"
					},
					{
						"code": "wander",
						"animation": "Walk",
						"priority": 1.0,
						"priorityForCancel": 1.35,
						"movespeedByType": {
							"*-adult-male-crassicaudata": 0.0036,
							"*-adult-female-crassicaudata": 0.0029,
							"*-baby-*-crassicaudata": 0.001,
							"*-adult-male-culionensis": 0.0045,
							"*-adult-female-culionensis": 0.0036,
							"*-baby-*-culionensis": 0.0013,
							"*-adult-male-gigantea": 0.0056,
							"*-adult-female-gigantea": 0.0045,
							"*-baby-*-gigantea": 0.0015,
							"*-adult-male-javanica": 0.004,
							"*-adult-female-javanica": 0.0033,
							"*-baby-*-javanica": 0.0012,
							"*-adult-male-mysteria": 0.004,
							"*-adult-female-mysteria": 0.0033,
							"*-baby-*-mysteria": 0.0012,
							"*-adult-male-pentadactyla": 0.0036,
							"*-adult-female-pentadactyla": 0.0029,
							"*-baby-*-pentadactyla": 0.001,
							"*-adult-male-temminckii": 0.0035,
							"*-adult-female-temminckii": 0.0028,
							"*-baby-*-temminckii": 0.0009,
							"*-adult-male-tetradactyla": 0.0029,
							"*-adult-female-tetradactyla": 0.0023,
							"*-baby-*-tetradactyla": 0.0007,
							"*-adult-male-tricuspis": 0.0033,
							"*-adult-female-tricuspis": 0.0027,
							"*-baby-*-tricuspis": 0.0009
						},
						"animationSpeedByType": {
							"*": 1
						},
						"preferredLightLevel": 14,
						"whenNotInEmotionState": "aggressiveondamage|fleeondamage"
					},
					{
						"code": "lookaround",
						"animation": "Look",
						"priority": 0.5,
						"animationSpeed": 0.75,
						"whenNotInEmotionState": "aggressiveondamage|fleeondamage"
					}
				]
			},
			{"code": "ropetieable","minGeneration": 2},
			{"code": "pettable","minGeneration": 1}
		],
		"spawnconditions": {
			"worldgen": {
			"tryOnlySurface": true,	
			"groupSizeByType": {
					"manidae-adult-female-*": { "dist": "uniform", "avg": 1.05, "var": 0.05 },
					"manidae-adult-male-culionensis": { "dist": "uniform", "avg": 1.5, "var": 0.5 },
					"manidae-adult-male-*": { "dist": "uniform", "avg": 1.0, "var": 0.0 }
			},
			"insideBlockCodes": [ "game:air", "game:soil-*","game:leaves-*","game:gravel-*", "game:tallgrass-*", "game:snowlayer-1", "game:sand-*"],
			"companionsByType": {
				"*-adult-female-*":["manidae:manidae-baby-female-{type}","manidae:manidae-baby-male-{type}"],
				"*-adult-male-culionensis":["manidae:manidae-adult-female-{type}"]}
		},
			"runtime": {
				"group": "neutral",
				"tryOnlySurface": true,
				"maxQuantityByGroup": { "code": "manidae-*", "maxQuantity": 12 },
				"chanceByType": {
					"*-adult-female-crassicaudata": 0.0001,"*-adult-male-crassicaudata": 0.0001,
					"*-adult-female-culionensis": 0.0001,"*-adult-male-culionensis": 0.0001,
					"*-adult-female-gigantea": 0.0001,"*-adult-male-gigantea": 0.0001,
					"*-adult-female-javanica": 0.0001,"*-adult-male-javanica": 0.0001,
					"*-adult-female-mysteria": 0.0001,"*-adult-male-mysteria": 0.0001,
					"*-adult-female-pentadactyla": 0.0001,"*-adult-male-pentadactyla": 0.0001,
					"*-adult-female-temminckii": 0.0001,"*-adult-male-temminckii": 0.0001,
					"*-adult-female-tetradactyla": 0.0001,"*-adult-male-tetradactyla": 0.0001,
					"*-adult-female-tricuspis": 0.0001,"*-adult-male-tricuspis": 0.0001,
					"*": 0.0
				},
				"mindistancetoplayer": 50,
				"maxLightLevel": 7,
				"lightLevelType": "onlyBlockLight",	
				"spawnCapPlayerScaling": 0.0,	
				"groupSizeByType": {
					"manidae-adult-female-*": { "dist": "uniform", "avg": 1.05, "var": 0.05 },
					"manidae-adult-male-culionensis": { "dist": "uniform", "avg": 1.5, "var": 0.5 },
					"manidae-adult-male-*": { "dist": "uniform", "avg": 1.0, "var": 0.0 }
				},
				"insideBlockCodes": [ "game:air", "game:gravel-*","game:leaves-*", "game:sand-*","game:soil-*","game:tallgrass-*" ],
				"companionsByType": {
				"*-adult-female-*":["manidae:manidae-baby-female-{type}","manidae:manidae-baby-male-{type}"],
				"*-adult-male-culionensis":["manidae:manidae-adult-female-{type}"]}
			}
		},
		"spawnconditionsByType": {
			"manidae-adult-*-crassicaudata": {
				"climate": {
					"minTemp": 16,
					"maxTemp": 48,
					"minRain": 0.15,
					"maxRain": 1.0,
					"minForestOrShrubs": 0.0,
					"maxForest": 1.0,
					"maxShrubs": 1.0,
					"minY": 1.0,
					"maxY": 1.63				
				},
				"worldgen": {
					"triesPerChunk": { "avg": 0.005, "var": 0}
				},
				"runtime": {
					"maxQuantityByGroup": { "code": "manidae-*", "maxQuantity": 12 }
				}
			},
			"manidae-adult-*-culionensis": {
				"climate": {
					"minTemp": 24,
					"maxTemp": 38,
					"minRain": 0.75,
					"maxRain": 0.95,
					"minForest": 0.75,
					"maxForest": 1.0,
					"maxShrubs": 1.0,
					"minY": 1.0,
					"maxY": 1.6		
				},
				"worldgen": {
					"triesPerChunk": { "avg": 0.005, "var": 0}
				},
				"runtime": {
					"maxQuantityByGroup": { "code": "manidae-*", "maxQuantity": 12 }
				}
			},
			"manidae-adult-*-gigantea": {
				"climate": {
					"minTemp": 18,
					"maxTemp": 44,
					"minRain": 0.65,
					"maxRain": 0.9,
					"minForestOrShrubs": 0.25,
					"maxForest": 1.0,
					"maxShrubs": 1.0,
					"minY": 1.0,
					"maxY": 1.6				
				},
				"worldgen": {
					"triesPerChunk": { "avg": 0.005, "var": 0}
				},
				"runtime": {
					"maxQuantityByGroup": { "code": "manidae-*", "maxQuantity": 12 }
				}
			},
			"manidae-adult-*-javanica": {
				"climate": {
					"minTemp": 22,
					"maxTemp": 40,
					"minRain": 0.65,
					"maxRain": 1.0,
					"minForest": 0.75,
					"maxForest": 1.0,
					"maxShrubs": 1.0,
					"minY": 1.0,
					"maxY": 1.6				
				},
				"worldgen": {
					"triesPerChunk": { "avg": 0.005, "var": 0}
				},
				"runtime": {
					"maxQuantityByGroup": { "code": "manidae-*", "maxQuantity": 12 }
				}
			},
			"manidae-adult-*-mysteria": {
				"climate": {
					"minTemp": 19,
					"maxTemp": 40,
					"minRain": 0.65,
					"maxRain": 1.0,
					"minForest": 0.75,
					"maxForest": 1.0,
					"maxShrubs": 1.0,
					"minY": 1.0,
					"maxY": 1.6			
				},
				"worldgen": {
					"triesPerChunk": { "avg": 0.005, "var": 0}
				},
				"runtime": {
					"maxQuantityByGroup": { "code": "manidae-*", "maxQuantity": 12 }
				}
			},
			"manidae-adult-*-pentadactyla": {
				"climate": {
					"minTemp": 8,
					"maxTemp": 26,
					"minRain": 0.65,
					"maxRain": 0.85,
					"minForestOrShrubs": 0.0,
					"maxForest": 1.0,
					"maxShrubs": 1.0,
					"minY": 1.0,
					"maxY": 1.7				
				},
				"worldgen": {
					"triesPerChunk": { "avg": 0.005, "var": 0}
				},
				"runtime": {
					"maxQuantityByGroup": { "code": "manidae-*", "maxQuantity": 12 }
				}
			},
			"manidae-adult-*-temminckii": {
				"climate": {
					"minTemp": 14,
					"maxTemp": 44,
					"minRain": 0.15,
					"maxRain": 0.75,
					"minForestOrShrubs": 0.25,
					"maxForest": 1.0,
					"maxShrubs": 1.0,
					"minY": 1.0,
					"maxY": 1.5				
				},
				"worldgen": {
					"triesPerChunk": { "avg": 0.005, "var": 0}
				},
				"runtime": {
					"maxQuantityByGroup": { "code": "manidae-*", "maxQuantity": 12 }
				}
			},
			"manidae-adult-*-tetradactyla": {
				"climate": {
					"minTemp": 18,
					"maxTemp": 38,
					"minRain": 0.65,
					"maxRain": 1.0,
					"minForest": 0.75,
					"maxForest": 1.0,
					"maxShrubs": 1.0,
					"minY": 1.0,
					"maxY": 1.5				
				},
				"worldgen": {
					"triesPerChunk": { "avg": 0.005, "var": 0}
				},
				"runtime": {
					"maxQuantityByGroup": { "code": "manidae-*", "maxQuantity": 12 }
				}
			},
			"manidae-adult-*-tricuspis": {
				"climate": {
					"minTemp": 16,
					"maxTemp": 42,
					"minRain": 0.62,
					"maxRain": 1.0,
					"minForest": 0.6,
					"maxForest": 1.0,
					"maxShrubs": 1.0,
					"minY": 1.0,
					"maxY": 1.5				
				},
				"worldgen": {
					"triesPerChunk": { "avg": 0.005, "var": 0}
				},
				"runtime": {
					"maxQuantityByGroup": { "code": "manidae-*", "maxQuantity": 12 }
				}
			}
		}
	},
	"soundsByType": {}
}