[
	{
		"ingredientPattern": "__K,PP_,PP_",
		"ingredients": {
			"K": { "type": "item", "code": "game:knife-*", "isTool": true },
			"P": { "type": "item", "code": "phormiumtenaxbundle", "quantity": 2 }
		},
		"width": 3,
		"height": 3,
		"output": { "type": "block", "code": "game:rushmat"  }
	},
	{
		"ingredientPattern": "__K,PP_,PP_",
		"ingredients": {
			"K": { "type": "item", "code": "game:knife-*", "isTool": true },
			"P": { "type": "item", "code": "palmleaf-rhopalostylissapida"}
		},
		"width": 3,
		"height": 3,
		"output": { "type": "block", "code": "game:rushmat"  }
	}
]