[
	{
		"ingredientPattern": "L	S",
		"ingredients": {
			"L": { "type": "item", "code": "phormiumtenaxbundle", "quantity": 1 },
			"S": { "type": "item", "code": "game:stick" }
		},
		"width": 1,
		"height": 2,
		"recipeGroup": 1,
		"output": { "type": "block", "code": "game:torch-basic-extinct-up", "quantity": 1  }
	},
	{
		"ingredientPattern": "L	S",
		"ingredients": {
			"L": { "type": "item", "code": "palmleaf-rhopalostylissapida", "quantity": 1 },
			"S": { "type": "item", "code": "game:stick" }
		},
		"width": 1,
		"height": 2,
		"recipeGroup": 1,
		"output": { "type": "block", "code": "game:torch-basic-extinct-up", "quantity": 1  }
	}
]
