[
	{
		"ingredientPattern": "AAB,AA_",
		"ingredients": {
			"A": { "type": "item", "code": "game:flaxfibers", "quantity": 1 },
			"B": { "type": "item", "code": "game:metalnailsandstrips-copper", "quantity": 1 }
		},
		"width": 3,
		"height": 2,
		"output": { "type": "item", "code": "combatoverhaul:sewingkit-armor-improvised-copper", "quantity": 1  }
	},
	{
		"ingredientPattern": "AAB,AA_",
		"ingredients": {
			"A": { "type": "item", "code": "game:flaxfibers", "quantity": 1 },
			"B": { "type": "item", "code": "game:bone-tiny", "quantity": 1 }
		},
		"width": 3,
		"height": 2,
		"requiresTrait": "clothier",
		"output": { "type": "item", "code": "combatoverhaul:sewingkit-armor-improvised-bone", "quantity": 1  }
	},
	{
		"ingredientPattern": "AAB,AA_",
		"ingredients": {
			"A": { "type": "item", "code": "game:flaxtwine", "quantity": 1 },
			"B": { "type": "item", "code": "game:metalnailsandstrips-iron", "quantity": 1 }
		},
		"width": 3,
		"height": 2,
		"output": { "type": "item", "code": "combatoverhaul:sewingkit-armor-sewing-iron", "quantity": 1  }
	},
	{
		"ingredientPattern": "AAB,AA_",
		"ingredients": {
			"A": { "type": "item", "code": "game:flaxtwine", "quantity": 1 },
			"B": { "type": "item", "code": "game:metalnailsandstrips-tinbronze", "quantity": 1 }
		},
		"width": 3,
		"height": 2,
		"requiresTrait": "clothier",
		"output": { "type": "item", "code": "combatoverhaul:sewingkit-armor-sewing-tinbronze", "quantity": 1  }
	},
	{
		"ingredientPattern": "AAB,AA_",
		"ingredients": {
			"A": { "type": "item", "code": "game:flaxtwine", "quantity": 1 },
			"B": { "type": "item", "code": "game:metalnailsandstrips-blackbronze", "quantity": 1 }
		},
		"width": 3,
		"height": 2,
		"requiresTrait": "clothier",
		"output": { "type": "item", "code": "combatoverhaul:sewingkit-armor-sewing-blackbronze", "quantity": 1  }
	},
	{
		"ingredientPattern": "AAB,AA_",
		"ingredients": {
			"A": { "type": "item", "code": "game:flaxtwine", "quantity": 1 },
			"B": { "type": "item", "code": "game:metalnailsandstrips-bismuthbronze", "quantity": 1 }
		},
		"width": 3,
		"height": 2,
		"requiresTrait": "clothier",
		"output": { "type": "item", "code": "combatoverhaul:sewingkit-armor-sewing-bismuthbronze", "quantity": 1  }
	},
	{
		"ingredientPattern": "AAB,AA_",
		"ingredients": {
			"A": { "type": "item", "code": "game:flaxtwine", "quantity": 1 },
			"B": { "type": "item", "code": "game:metalnailsandstrips-steel", "quantity": 1 }
		},
		"width": 3,
		"height": 2,
		"output": { "type": "item", "code": "combatoverhaul:sewingkit-armor-tailor-steel", "quantity": 1  }
	},
	{
		"ingredientPattern": "AAB,AA_",
		"ingredients": {
			"A": { "type": "item", "code": "game:flaxtwine", "quantity": 1 },
			"B": { "type": "item", "code": "game:metalnailsandstrips-meteoriciron", "quantity": 1 }
		},
		"width": 3,
		"height": 2,
		"requiresTrait": "clothier",
		"output": { "type": "item", "code": "combatoverhaul:sewingkit-armor-tailor-meteoriciron", "quantity": 1  }
	}
]