{
	"editor": {
		"allAngles": false,
		"entityTextureMode": false
	},
	"textureWidth": 16,
	"textureHeight": 16,
	"textureSizes": {
		"skin": [16,16],
		"flat": [16,16]
	},
	"textures": {
	},
	"elements": [
		{
			"name": "Moss",
			"from": [ 0.0, 0.1, 0.0 ],
			"to": [ 16.0, 0.1, 16.0 ],
			"shade": false,
			"renderPass": 1,
			"rotationOrigin": [ 0.0, 0.1, 0.0 ],
			"rotationZ": 5.0,
			"faces": {
				"up": { "texture": "#flat", "uv": [ 0.0, 0.0, 16.0, 16.0 ], "windMode": [-1,-1,-1,-1] }
			}
		},
		{
			"name": "Moss2",
			"from": [ 0.0, 1.5, 0.0 ],
			"to": [ 16.0, 1.5, 16.0 ],
			"shade": false,
			"renderPass": 1,
			"rotationOrigin": [ 0.0, 1.5, 0.0 ],
			"rotationZ": -5.0,
			"faces": {
				"up": { "texture": "#flat", "uv": [ 0.0, 0.0, 16.0, 16.0 ], "rotation": 270 }
			}
		},
		{
			"name": "Moss3",
			"from": [ 0.0, 0.1, 0.0 ],
			"to": [ 16.0, 0.1, 16.0 ],
			"shade": false,
			"renderPass": 1,
			"rotationOrigin": [ 0.0, 0.1, 0.0 ],
			"rotationX": -5.0,
			"faces": {
				"up": { "texture": "#flat", "uv": [ 0.0, 0.0, 16.0, 16.0 ], "rotation": 180 }
			}
		},
		{
			"name": "Moss4",
			"from": [ 0.0, 1.5, 0.0 ],
			"to": [ 16.0, 1.5, 16.0 ],
			"shade": false,
			"renderPass": 1,
			"rotationOrigin": [ 0.0, 1.5, 0.0 ],
			"rotationX": 5.0,
			"faces": {
				"up": { "texture": "#flat", "uv": [ 0.0, 0.0, 16.0, 16.0 ], "rotation": 90 }
			}
		},
		{
			"name": "origin",
			"from": [ 6.0, 0.0, 8.0 ],
			"to": [ 6.0, 0.0, 8.0 ],
			"rotationOrigin": [ 6.0, 0.0, 8.0 ],
			"rotationY": -22.5,
			"faces": {
			},
			"children": [
				{
					"name": "Center Egg",
					"from": [ -2.0, 0.0, -2.0 ],
					"to": [ 1.5, 4.0, 2.0 ],
					"faces": {
						"north": { "texture": "#skin", "uv": [ 0.0, 1.5, 3.5, 5.5 ] },
						"east": { "texture": "#skin", "uv": [ 0.5, 3.5, 4.5, 7.5 ] },
						"south": { "texture": "#skin", "uv": [ 1.5, 0.5, 5.0, 4.5 ] },
						"west": { "texture": "#skin", "uv": [ 3.5, 0.0, 7.5, 4.0 ] },
						"up": { "texture": "#skin", "uv": [ 2.5, 1.5, 6.0, 5.5 ] },
						"down": { "texture": "#skin", "uv": [ 0.5, 2.5, 4.0, 6.5 ] }
					},
					"attachmentpoints": [
						{
							"code": "Center",
							"posX": "1.7","posY": "2.0","posZ": "2.0",
							"rotationX": "0.0","rotationY": "0.0","rotationZ": "0.0"
						}
					]
				},
				{
					"name": "Center Egg2",
					"from": [ -2.5, 0.3, -1.7 ],
					"to": [ 2.5, 3.7, 1.7 ],
					"rotationOrigin": [ -0.5, 0.3, 0.0 ],
					"faces": {
						"north": { "texture": "#skin", "uv": [ 1.5, 4.5, 6.5, 7.5 ] },
						"east": { "texture": "#skin", "uv": [ 3.5, 2.5, 6.5, 5.5 ] },
						"south": { "texture": "#skin", "uv": [ 2.5, 3.0, 7.5, 6.0 ] },
						"west": { "texture": "#skin", "uv": [ 3.5, 2.5, 6.5, 5.5 ] },
						"up": { "texture": "#skin", "uv": [ 2.0, 2.0, 7.0, 5.0 ] },
						"down": { "texture": "#skin", "uv": [ 1.0, 4.0, 6.0, 7.0 ] }
					},
					"children": [
						{
							"name": "Egg bottom",
							"from": [ -0.4, 0.2, 0.2 ],
							"to": [ 0.6, 3.2, 3.2 ],
							"rotationOrigin": [ -0.4, 0.2, 0.2 ],
							"faces": {
								"north": { "texture": "#skin", "uv": [ 0.0, 4.0, 1.0, 7.0 ] },
								"south": { "texture": "#skin", "uv": [ 3.5, 3.5, 4.5, 6.5 ] },
								"west": { "texture": "#skin", "uv": [ 4.0, 2.0, 7.0, 5.0 ], "windMode": [-1,-1,-1,-1] },
								"up": { "texture": "#skin", "uv": [ 0.0, 0.0, 1.0, 3.0 ] },
								"down": { "texture": "#skin", "uv": [ 5.0, 0.5, 6.0, 3.5 ] }
							}
						},
						{
							"name": "Egg top",
							"from": [ 4.7, 0.4, 0.4 ],
							"to": [ 5.7, 3.0, 3.0 ],
							"rotationOrigin": [ 4.7, 0.4, 0.4 ],
							"faces": {
								"north": { "texture": "#skin", "uv": [ 5.0, 0.5, 6.0, 3.0 ] },
								"east": { "texture": "#skin", "uv": [ 3.5, 4.5, 6.0, 7.0 ] },
								"south": { "texture": "#skin", "uv": [ 1.5, 2.0, 2.5, 4.5 ] },
								"up": { "texture": "#skin", "uv": [ 0.5, 0.5, 1.5, 3.0 ] },
								"down": { "texture": "#skin", "uv": [ 2.5, 1.5, 3.5, 4.0 ] }
							},
							"children": [
								{
									"name": "Egg tip",
									"from": [ 0.5, 0.3, 0.3 ],
									"to": [ 1.5, 2.3, 2.3 ],
									"rotationOrigin": [ 0.5, 0.3, 0.3 ],
									"faces": {
										"north": { "texture": "#skin", "uv": [ 0.0, 3.0, 1.0, 5.0 ] },
										"east": { "texture": "#skin", "uv": [ 0.5, 4.0, 2.5, 6.0 ] },
										"south": { "texture": "#skin", "uv": [ 4.5, 1.0, 5.5, 3.0 ] },
										"up": { "texture": "#skin", "uv": [ 1.0, 2.0, 2.0, 4.0 ] },
										"down": { "texture": "#skin", "uv": [ 6.0, 5.0, 7.0, 7.0 ] }
									}
								}
							]
						}
					]
				}
			]
		},
		{
			"name": "origin2",
			"from": [ 8.0, 0.0, 13.0 ],
			"to": [ 8.0, 0.0, 13.0 ],
			"rotationOrigin": [ 8.0, 0.0, 13.0 ],
			"rotationY": 22.5,
			"faces": {
			},
			"children": [
				{
					"name": "Center Egg3",
					"from": [ -2.0, 0.0, -2.0 ],
					"to": [ 1.5, 4.0, 2.0 ],
					"faces": {
						"north": { "texture": "#skin", "uv": [ 0.0, 1.5, 3.5, 5.5 ] },
						"east": { "texture": "#skin", "uv": [ 0.5, 3.5, 4.5, 7.5 ] },
						"south": { "texture": "#skin", "uv": [ 1.5, 0.5, 5.0, 4.5 ] },
						"west": { "texture": "#skin", "uv": [ 3.5, 0.0, 7.5, 4.0 ] },
						"up": { "texture": "#skin", "uv": [ 2.5, 1.5, 6.0, 5.5 ] },
						"down": { "texture": "#skin", "uv": [ 0.5, 2.5, 4.0, 6.5 ] }
					}
				},
				{
					"name": "Center Egg4",
					"from": [ -2.5, 0.3, -1.7 ],
					"to": [ 2.5, 3.7, 1.7 ],
					"rotationOrigin": [ -0.5, 0.3, 0.0 ],
					"faces": {
						"north": { "texture": "#skin", "uv": [ 1.5, 4.5, 6.5, 7.5 ] },
						"east": { "texture": "#skin", "uv": [ 3.5, 2.5, 6.5, 5.5 ] },
						"south": { "texture": "#skin", "uv": [ 2.5, 3.0, 7.5, 6.0 ] },
						"west": { "texture": "#skin", "uv": [ 3.5, 2.5, 6.5, 5.5 ] },
						"up": { "texture": "#skin", "uv": [ 2.0, 2.0, 7.0, 5.0 ] },
						"down": { "texture": "#skin", "uv": [ 1.0, 4.0, 6.0, 7.0 ] }
					},
					"children": [
						{
							"name": "Egg bottom2",
							"from": [ -0.4, 0.2, 0.2 ],
							"to": [ 0.6, 3.2, 3.2 ],
							"rotationOrigin": [ -0.4, 0.2, 0.2 ],
							"faces": {
								"north": { "texture": "#skin", "uv": [ 0.0, 4.0, 1.0, 7.0 ] },
								"south": { "texture": "#skin", "uv": [ 3.5, 3.5, 4.5, 6.5 ] },
								"west": { "texture": "#skin", "uv": [ 4.0, 2.0, 7.0, 5.0 ] },
								"up": { "texture": "#skin", "uv": [ 0.0, 0.0, 1.0, 3.0 ] },
								"down": { "texture": "#skin", "uv": [ 5.0, 0.5, 6.0, 3.5 ] }
							}
						},
						{
							"name": "Egg top2",
							"from": [ 4.7, 0.4, 0.4 ],
							"to": [ 5.7, 3.0, 3.0 ],
							"rotationOrigin": [ 4.7, 0.4, 0.4 ],
							"faces": {
								"north": { "texture": "#skin", "uv": [ 5.0, 0.5, 6.0, 3.0 ] },
								"east": { "texture": "#skin", "uv": [ 3.5, 4.5, 6.0, 7.0 ] },
								"south": { "texture": "#skin", "uv": [ 1.5, 2.0, 2.5, 4.5 ] },
								"up": { "texture": "#skin", "uv": [ 0.5, 0.5, 1.5, 3.0 ] },
								"down": { "texture": "#skin", "uv": [ 2.5, 1.5, 3.5, 4.0 ] }
							},
							"children": [
								{
									"name": "Egg tip2",
									"from": [ 0.5, 0.3, 0.3 ],
									"to": [ 1.5, 2.3, 2.3 ],
									"rotationOrigin": [ 0.5, 0.3, 0.3 ],
									"faces": {
										"north": { "texture": "#skin", "uv": [ 0.0, 3.0, 1.0, 5.0 ] },
										"east": { "texture": "#skin", "uv": [ 0.5, 4.0, 2.5, 6.0 ] },
										"south": { "texture": "#skin", "uv": [ 4.5, 1.0, 5.5, 3.0 ] },
										"up": { "texture": "#skin", "uv": [ 1.0, 2.0, 2.0, 4.0 ] },
										"down": { "texture": "#skin", "uv": [ 6.0, 5.0, 7.0, 7.0 ] }
									}
								}
							]
						}
					]
				}
			]
		},
		{
			"name": "origin3",
			"from": [ 8.0, 0.0, 4.0 ],
			"to": [ 8.0, 0.0, 4.0 ],
			"rotationOrigin": [ 8.0, 0.0, 4.0 ],
			"rotationY": -45.0,
			"faces": {
			},
			"children": [
				{
					"name": "Center Egg5",
					"from": [ -2.0, 0.0, -2.0 ],
					"to": [ 1.5, 4.0, 2.0 ],
					"faces": {
						"north": { "texture": "#skin", "uv": [ 0.0, 1.5, 3.5, 5.5 ] },
						"east": { "texture": "#skin", "uv": [ 0.5, 3.5, 4.5, 7.5 ] },
						"south": { "texture": "#skin", "uv": [ 1.5, 0.5, 5.0, 4.5 ] },
						"west": { "texture": "#skin", "uv": [ 3.5, 0.0, 7.5, 4.0 ] },
						"up": { "texture": "#skin", "uv": [ 2.5, 1.5, 6.0, 5.5 ] },
						"down": { "texture": "#skin", "uv": [ 0.5, 2.5, 4.0, 6.5 ] }
					}
				},
				{
					"name": "Center Egg6",
					"from": [ -2.5, 0.3, -1.7 ],
					"to": [ 2.5, 3.7, 1.7 ],
					"rotationOrigin": [ -0.5, 0.3, 0.0 ],
					"faces": {
						"north": { "texture": "#skin", "uv": [ 1.5, 4.5, 6.5, 7.5 ] },
						"east": { "texture": "#skin", "uv": [ 3.5, 2.5, 6.5, 5.5 ] },
						"south": { "texture": "#skin", "uv": [ 2.5, 3.0, 7.5, 6.0 ] },
						"west": { "texture": "#skin", "uv": [ 3.5, 2.5, 6.5, 5.5 ] },
						"up": { "texture": "#skin", "uv": [ 2.0, 2.0, 7.0, 5.0 ] },
						"down": { "texture": "#skin", "uv": [ 1.0, 4.0, 6.0, 7.0 ] }
					},
					"children": [
						{
							"name": "Egg bottom3",
							"from": [ -0.4, 0.2, 0.2 ],
							"to": [ 0.6, 3.2, 3.2 ],
							"rotationOrigin": [ -0.4, 0.2, 0.2 ],
							"faces": {
								"north": { "texture": "#skin", "uv": [ 0.0, 4.0, 1.0, 7.0 ] },
								"south": { "texture": "#skin", "uv": [ 3.5, 3.5, 4.5, 6.5 ] },
								"west": { "texture": "#skin", "uv": [ 4.0, 2.0, 7.0, 5.0 ] },
								"up": { "texture": "#skin", "uv": [ 0.0, 0.0, 1.0, 3.0 ] },
								"down": { "texture": "#skin", "uv": [ 5.0, 0.5, 6.0, 3.5 ] }
							}
						},
						{
							"name": "Egg top3",
							"from": [ 4.7, 0.4, 0.4 ],
							"to": [ 5.7, 3.0, 3.0 ],
							"rotationOrigin": [ 4.7, 0.4, 0.4 ],
							"faces": {
								"north": { "texture": "#skin", "uv": [ 5.0, 0.5, 6.0, 3.0 ] },
								"east": { "texture": "#skin", "uv": [ 3.5, 4.5, 6.0, 7.0 ] },
								"south": { "texture": "#skin", "uv": [ 1.5, 2.0, 2.5, 4.5 ] },
								"up": { "texture": "#skin", "uv": [ 0.5, 0.5, 1.5, 3.0 ] },
								"down": { "texture": "#skin", "uv": [ 2.5, 1.5, 3.5, 4.0 ] }
							},
							"children": [
								{
									"name": "Egg tip3",
									"from": [ 0.5, 0.3, 0.3 ],
									"to": [ 1.5, 2.3, 2.3 ],
									"rotationOrigin": [ 0.5, 0.3, 0.3 ],
									"faces": {
										"north": { "texture": "#skin", "uv": [ 0.0, 3.0, 1.0, 5.0 ] },
										"east": { "texture": "#skin", "uv": [ 0.5, 4.0, 2.5, 6.0 ] },
										"south": { "texture": "#skin", "uv": [ 4.5, 1.0, 5.5, 3.0 ] },
										"up": { "texture": "#skin", "uv": [ 1.0, 2.0, 2.0, 4.0 ] },
										"down": { "texture": "#skin", "uv": [ 6.0, 5.0, 7.0, 7.0 ] }
									}
								}
							]
						}
					]
				}
			]
		},
		{
			"name": "origin4",
			"from": [ 1.0, 0.0, 4.0 ],
			"to": [ 1.0, 0.0, 4.0 ],
			"rotationOrigin": [ 1.0, 0.0, 4.0 ],
			"rotationY": 22.5,
			"faces": {
			},
			"children": [
				{
					"name": "Center Egg7",
					"from": [ -2.0, 0.0, -2.0 ],
					"to": [ 1.5, 4.0, 2.0 ],
					"faces": {
						"north": { "texture": "#skin", "uv": [ 0.0, 1.5, 3.5, 5.5 ] },
						"east": { "texture": "#skin", "uv": [ 0.5, 3.5, 4.5, 7.5 ] },
						"south": { "texture": "#skin", "uv": [ 1.5, 0.5, 5.0, 4.5 ] },
						"west": { "texture": "#skin", "uv": [ 3.5, 0.0, 7.5, 4.0 ] },
						"up": { "texture": "#skin", "uv": [ 2.5, 1.5, 6.0, 5.5 ] },
						"down": { "texture": "#skin", "uv": [ 0.5, 2.5, 4.0, 6.5 ] }
					}
				},
				{
					"name": "Center Egg8",
					"from": [ -2.5, 0.3, -1.7 ],
					"to": [ 2.5, 3.7, 1.7 ],
					"rotationOrigin": [ -0.5, 0.3, 0.0 ],
					"faces": {
						"north": { "texture": "#skin", "uv": [ 1.5, 4.5, 6.5, 7.5 ] },
						"east": { "texture": "#skin", "uv": [ 3.5, 2.5, 6.5, 5.5 ] },
						"south": { "texture": "#skin", "uv": [ 2.5, 3.0, 7.5, 6.0 ] },
						"west": { "texture": "#skin", "uv": [ 3.5, 2.5, 6.5, 5.5 ] },
						"up": { "texture": "#skin", "uv": [ 2.0, 2.0, 7.0, 5.0 ] },
						"down": { "texture": "#skin", "uv": [ 1.0, 4.0, 6.0, 7.0 ] }
					},
					"children": [
						{
							"name": "Egg bottom4",
							"from": [ -0.4, 0.2, 0.2 ],
							"to": [ 0.6, 3.2, 3.2 ],
							"rotationOrigin": [ -0.4, 0.2, 0.2 ],
							"faces": {
								"north": { "texture": "#skin", "uv": [ 0.0, 4.0, 1.0, 7.0 ] },
								"south": { "texture": "#skin", "uv": [ 3.5, 3.5, 4.5, 6.5 ] },
								"west": { "texture": "#skin", "uv": [ 4.0, 2.0, 7.0, 5.0 ] },
								"up": { "texture": "#skin", "uv": [ 0.0, 0.0, 1.0, 3.0 ] },
								"down": { "texture": "#skin", "uv": [ 5.0, 0.5, 6.0, 3.5 ] }
							}
						},
						{
							"name": "Egg top4",
							"from": [ 4.7, 0.4, 0.4 ],
							"to": [ 5.7, 3.0, 3.0 ],
							"rotationOrigin": [ 4.7, 0.4, 0.4 ],
							"faces": {
								"north": { "texture": "#skin", "uv": [ 5.0, 0.5, 6.0, 3.0 ] },
								"east": { "texture": "#skin", "uv": [ 3.5, 4.5, 6.0, 7.0 ] },
								"south": { "texture": "#skin", "uv": [ 1.5, 2.0, 2.5, 4.5 ] },
								"up": { "texture": "#skin", "uv": [ 0.5, 0.5, 1.5, 3.0 ] },
								"down": { "texture": "#skin", "uv": [ 2.5, 1.5, 3.5, 4.0 ] }
							},
							"children": [
								{
									"name": "Egg tip4",
									"from": [ 0.5, 0.3, 0.3 ],
									"to": [ 1.5, 2.3, 2.3 ],
									"rotationOrigin": [ 0.5, 0.3, 0.3 ],
									"faces": {
										"north": { "texture": "#skin", "uv": [ 0.0, 3.0, 1.0, 5.0 ] },
										"east": { "texture": "#skin", "uv": [ 0.5, 4.0, 2.5, 6.0 ] },
										"south": { "texture": "#skin", "uv": [ 4.5, 1.0, 5.5, 3.0 ] },
										"up": { "texture": "#skin", "uv": [ 1.0, 2.0, 2.0, 4.0 ] },
										"down": { "texture": "#skin", "uv": [ 6.0, 5.0, 7.0, 7.0 ] }
									}
								}
							]
						}
					]
				}
			]
		},
		{
			"name": "origin5",
			"from": [ 1.0, 0.0, 12.0 ],
			"to": [ 1.0, 0.0, 12.0 ],
			"rotationOrigin": [ 1.0, 0.0, 12.0 ],
			"rotationY": 22.5,
			"faces": {
			},
			"children": [
				{
					"name": "Center Egg9",
					"from": [ -2.0, 0.0, -2.0 ],
					"to": [ 1.5, 4.0, 2.0 ],
					"faces": {
						"north": { "texture": "#skin", "uv": [ 0.0, 1.5, 3.5, 5.5 ] },
						"east": { "texture": "#skin", "uv": [ 0.5, 3.5, 4.5, 7.5 ] },
						"south": { "texture": "#skin", "uv": [ 1.5, 0.5, 5.0, 4.5 ] },
						"west": { "texture": "#skin", "uv": [ 3.5, 0.0, 7.5, 4.0 ] },
						"up": { "texture": "#skin", "uv": [ 2.5, 1.5, 6.0, 5.5 ] },
						"down": { "texture": "#skin", "uv": [ 0.5, 2.5, 4.0, 6.5 ] }
					}
				},
				{
					"name": "Center Egg10",
					"from": [ -2.5, 0.3, -1.7 ],
					"to": [ 2.5, 3.7, 1.7 ],
					"rotationOrigin": [ -0.5, 0.3, 0.0 ],
					"faces": {
						"north": { "texture": "#skin", "uv": [ 1.5, 4.5, 6.5, 7.5 ] },
						"east": { "texture": "#skin", "uv": [ 3.5, 2.5, 6.5, 5.5 ] },
						"south": { "texture": "#skin", "uv": [ 2.5, 3.0, 7.5, 6.0 ] },
						"west": { "texture": "#skin", "uv": [ 3.5, 2.5, 6.5, 5.5 ] },
						"up": { "texture": "#skin", "uv": [ 2.0, 2.0, 7.0, 5.0 ] },
						"down": { "texture": "#skin", "uv": [ 1.0, 4.0, 6.0, 7.0 ] }
					},
					"children": [
						{
							"name": "Egg bottom5",
							"from": [ -0.4, 0.2, 0.2 ],
							"to": [ 0.6, 3.2, 3.2 ],
							"rotationOrigin": [ -0.4, 0.2, 0.2 ],
							"faces": {
								"north": { "texture": "#skin", "uv": [ 0.0, 4.0, 1.0, 7.0 ] },
								"south": { "texture": "#skin", "uv": [ 3.5, 3.5, 4.5, 6.5 ] },
								"west": { "texture": "#skin", "uv": [ 4.0, 2.0, 7.0, 5.0 ] },
								"up": { "texture": "#skin", "uv": [ 0.0, 0.0, 1.0, 3.0 ] },
								"down": { "texture": "#skin", "uv": [ 5.0, 0.5, 6.0, 3.5 ] }
							}
						},
						{
							"name": "Egg top5",
							"from": [ 4.7, 0.4, 0.4 ],
							"to": [ 5.7, 3.0, 3.0 ],
							"rotationOrigin": [ 4.7, 0.4, 0.4 ],
							"faces": {
								"north": { "texture": "#skin", "uv": [ 5.0, 0.5, 6.0, 3.0 ] },
								"east": { "texture": "#skin", "uv": [ 3.5, 4.5, 6.0, 7.0 ] },
								"south": { "texture": "#skin", "uv": [ 1.5, 2.0, 2.5, 4.5 ] },
								"up": { "texture": "#skin", "uv": [ 0.5, 0.5, 1.5, 3.0 ] },
								"down": { "texture": "#skin", "uv": [ 2.5, 1.5, 3.5, 4.0 ] }
							},
							"children": [
								{
									"name": "Egg tip5",
									"from": [ 0.5, 0.3, 0.3 ],
									"to": [ 1.5, 2.3, 2.3 ],
									"rotationOrigin": [ 0.5, 0.3, 0.3 ],
									"faces": {
										"north": { "texture": "#skin", "uv": [ 0.0, 3.0, 1.0, 5.0 ] },
										"east": { "texture": "#skin", "uv": [ 0.5, 4.0, 2.5, 6.0 ] },
										"south": { "texture": "#skin", "uv": [ 4.5, 1.0, 5.5, 3.0 ] },
										"up": { "texture": "#skin", "uv": [ 1.0, 2.0, 2.0, 4.0 ] },
										"down": { "texture": "#skin", "uv": [ 6.0, 5.0, 7.0, 7.0 ] }
									}
								}
							]
						}
					]
				}
			]
		},
		{
			"name": "origin6",
			"from": [ 13.0, 0.0, 8.0 ],
			"to": [ 13.0, 0.0, 8.0 ],
			"rotationOrigin": [ 13.0, 0.0, 8.0 ],
			"rotationY": 90.0,
			"faces": {
			},
			"children": [
				{
					"name": "Center Egg11",
					"from": [ -2.0, 0.0, -2.0 ],
					"to": [ 1.5, 4.0, 2.0 ],
					"faces": {
						"north": { "texture": "#skin", "uv": [ 0.0, 1.5, 3.5, 5.5 ] },
						"east": { "texture": "#skin", "uv": [ 0.5, 3.5, 4.5, 7.5 ] },
						"south": { "texture": "#skin", "uv": [ 1.5, 0.5, 5.0, 4.5 ] },
						"west": { "texture": "#skin", "uv": [ 3.5, 0.0, 7.5, 4.0 ] },
						"up": { "texture": "#skin", "uv": [ 2.5, 1.5, 6.0, 5.5 ] },
						"down": { "texture": "#skin", "uv": [ 0.5, 2.5, 4.0, 6.5 ] }
					}
				},
				{
					"name": "Center Egg12",
					"from": [ -2.5, 0.3, -1.7 ],
					"to": [ 2.5, 3.7, 1.7 ],
					"rotationOrigin": [ -0.5, 0.3, 0.0 ],
					"faces": {
						"north": { "texture": "#skin", "uv": [ 1.5, 4.5, 6.5, 7.5 ] },
						"east": { "texture": "#skin", "uv": [ 3.5, 2.5, 6.5, 5.5 ] },
						"south": { "texture": "#skin", "uv": [ 2.5, 3.0, 7.5, 6.0 ] },
						"west": { "texture": "#skin", "uv": [ 3.5, 2.5, 6.5, 5.5 ] },
						"up": { "texture": "#skin", "uv": [ 2.0, 2.0, 7.0, 5.0 ] },
						"down": { "texture": "#skin", "uv": [ 1.0, 4.0, 6.0, 7.0 ] }
					},
					"children": [
						{
							"name": "Egg bottom6",
							"from": [ -0.4, 0.2, 0.2 ],
							"to": [ 0.6, 3.2, 3.2 ],
							"rotationOrigin": [ -0.4, 0.2, 0.2 ],
							"faces": {
								"north": { "texture": "#skin", "uv": [ 0.0, 4.0, 1.0, 7.0 ] },
								"south": { "texture": "#skin", "uv": [ 3.5, 3.5, 4.5, 6.5 ] },
								"west": { "texture": "#skin", "uv": [ 4.0, 2.0, 7.0, 5.0 ] },
								"up": { "texture": "#skin", "uv": [ 0.0, 0.0, 1.0, 3.0 ] },
								"down": { "texture": "#skin", "uv": [ 5.0, 0.5, 6.0, 3.5 ] }
							}
						},
						{
							"name": "Egg top6",
							"from": [ 4.7, 0.4, 0.4 ],
							"to": [ 5.7, 3.0, 3.0 ],
							"rotationOrigin": [ 4.7, 0.4, 0.4 ],
							"faces": {
								"north": { "texture": "#skin", "uv": [ 5.0, 0.5, 6.0, 3.0 ] },
								"east": { "texture": "#skin", "uv": [ 3.5, 4.5, 6.0, 7.0 ] },
								"south": { "texture": "#skin", "uv": [ 1.5, 2.0, 2.5, 4.5 ] },
								"up": { "texture": "#skin", "uv": [ 0.5, 0.5, 1.5, 3.0 ] },
								"down": { "texture": "#skin", "uv": [ 2.5, 1.5, 3.5, 4.0 ] }
							},
							"children": [
								{
									"name": "Egg tip6",
									"from": [ 0.5, 0.3, 0.3 ],
									"to": [ 1.5, 2.3, 2.3 ],
									"rotationOrigin": [ 0.5, 0.3, 0.3 ],
									"faces": {
										"north": { "texture": "#skin", "uv": [ 0.0, 3.0, 1.0, 5.0 ] },
										"east": { "texture": "#skin", "uv": [ 0.5, 4.0, 2.5, 6.0 ] },
										"south": { "texture": "#skin", "uv": [ 4.5, 1.0, 5.5, 3.0 ] },
										"up": { "texture": "#skin", "uv": [ 1.0, 2.0, 2.0, 4.0 ] },
										"down": { "texture": "#skin", "uv": [ 6.0, 5.0, 7.0, 7.0 ] }
									}
								}
							]
						}
					]
				}
			]
		}
	],
	"animations": [
		{
			"name": "Idle",
			"code": "idle",
			"quantityframes": 2,
			"onActivityStopped": "EaseOut",
			"onAnimationEnd": "Repeat",
			"keyframes": [
				{
					"frame": 0,
					"elements": {
						"Moss": { "offsetX": 0.0, "offsetY": 0.0, "offsetZ": 0.0 }
					}
				}
			]
		}
	]}