{
    code: "egg-ceramic",
    variantgroups: [
        { code: "type", states: [ "raw" ] },
        { code: "color", states: [ "blue", "fire", "red" ] },
    ],
    behaviors: [
        { name: "GroundStorable", properties: { layout: 'Quadrants', collisionBox: { x1: 0, y1: 0, z1: 0, x2: 1, y2: 0.125, z2: 1 } } }
    ],
    shape: { base: "item/egg" },
    texture: { base: "game:block/clay/{color}clay" },
    creativeinventory: { "general": ["*"], "items": ["*"] },
    attributes: {
        displaycaseable: true,
        shelvable: true,
        bookshelveable: true,
        eggShelfCheck: true,
        beehiveKilnByType: {
            "*-blue": {
				"0": { "type": "block", "code": "egg-ceramic-fired-cream" },
				"1": { "type": "block", "code": "egg-ceramic-fired-gray" },
				"2": { "type": "block", "code": "egg-ceramic-fired-blue" },
				"3": { "type": "block", "code": "egg-ceramic-fired-black" }
			},
            "*-fire": {
				"0": { "type": "block", "code": "egg-ceramic-fired-fire" },
				"1": { "type": "block", "code": "egg-ceramic-fired-fire" },
				"2": { "type": "block", "code": "egg-ceramic-fired-fire" },
				"3": { "type": "block", "code": "egg-ceramic-fired-fire" }
			},
            "*-red": {
				"0": { "type": "block", "code": "egg-ceramic-fired-tan" },
				"1": { "type": "block", "code": "egg-ceramic-fired-orange" },
				"2": { "type": "block", "code": "egg-ceramic-fired-red" },
				"3": { "type": "block", "code": "egg-ceramic-fired-brown" }
			}
        }
    },
    combustibleProps: {
        meltingPoint: 600,
        meltingDuration: 45,
        smeltedRatio: 1,
        smeltingType: "fire",
        smeltedStack: { type: "item", code: "egg-ceramic-fired-{color}" },
        requiresContainer: false
    },
    maxstacksize: 128,
    materialDensity: 200,
    guiTransform: {
        translation: { x: 0, y: 0, z: 0 },
        rotation: { x: -110, y: 0, z: 30 },
        origin: { x: 0.49, y: 0.02, z: 0.5 },
        scale: 5.95
    },
    tpHandTransform: {
        translation: { x: -0.8, y: -0.25, z: -0.6 },
        scale: 0.71
    },
    fpHandTransform: {
        translation: { x: 0, y: -0.1, z: 0 },
        rotation: { x: 180, y: 90, z: 22 }
    },
    groundTransform: {
        translation: { x: 0, y: 0, z: 0 },
        rotation: { x: 0, y: 0, z: 0 },
        origin: { x: 0.5, y: 0, z: 0.5 },
        scale: 5
    },
}
