{
    code: "egg",
    class: "ItemGeneticEgg",
    variantgroups: [
		{ code: "source", states: ["chicken" ] },
        { code: "size", states: [ "peewee", "small", "medium", "large", "jumbo" ] },
        { code: "state", states: [ "raw", "boiled", "blown", "pickled", "lime" ] },
    ],
    behaviors: [
        { name: "GroundStorable", properties: { layout: 'Quadrants', collisionBox: { x1: 0, y1: 0, z1: 0, x2: 1, y2: 0.125, z2: 1 } } }
    ],
    shape: { base: "item/egg" },
    texture: { base: "item/egg/white" },
    creativeinventory: { "general": ["*"], "items": ["*"] },
    attributes: {
        displaycaseableByType: { "*-blown": true},
        shelvable: true,
        bookshelveable: true,
        nestitemByType: {
            "*-raw": true,
        },
        eggShelfCheck: true,
        weightKgByType: {
            "egg-chicken-peewee-raw": 0.035,
            "egg-chicken-small-raw": 0.044,
            "egg-chicken-medium-raw": 0.051,
            "egg-chicken-large-raw": 0.058,
            "egg-chicken-jumbo-raw": 0.07,
        },
        nutritionPropsWhenInMealByType: {
            "@*-peewee-(raw|boiled|lime)": { saturation: 120, foodCategory: "Protein" },
            "*-peewee-pickled": { saturation: 105, foodCategory: "Protein" },
            "@*-small-(raw|boiled|lime)": { saturation: 150, foodCategory: "Protein" },
            "*-small-pickled": { saturation: 131, foodCategory: "Protein" },
            "@*-medium-(raw|boiled|lime)": { saturation: 176, foodCategory: "Protein" },
            "*-medium-pickled": { saturation: 154, foodCategory: "Protein" },
            "@*-large-(raw|boiled|lime)": { saturation: 200, foodCategory: "Protein" },
            "*-large-pickled": { saturation: 175, foodCategory: "Protein" },
            "@*-jumbo-(raw|boiled|lime)": { saturation: 240, foodCategory: "Protein" },
            "*-jumbo-pickled": { saturation: 210, foodCategory: "Protein" },
        },
        foodTagsByType: {
            "*-raw": [ "egg", "rawegg" ],
            "*-boiled": [ "egg" ],
            "*-lime": [ "egg", "rawegg" ],
            "*-pickled": [ "egg", "pickledegg" ],
        },
        onDisplayTransform: {
            scaleByType: {
                "*-peewee-*": 0.84,
                "*-small-*": 0.9,
                "*-medium-*": 0.95,
                "*-large-*": 1.0,
                "*-jumbo-*": 1.06,
            },
        }
    },
    nutritionPropsByType: {
        "*-peewee-boiled": { saturation: 96, foodCategory: "Protein" },
        "*-small-boiled": { saturation: 120, foodCategory: "Protein" },
        "*-medium-boiled": { saturation: 140, foodCategory: "Protein" },
        "*-large-boiled": { saturation: 160, foodCategory: "Protein" },
        "*-jumbo-boiled": { saturation: 192, foodCategory: "Protein" },
        "*-peewee-pickled": { saturation: 84, foodCategory: "Protein" },
        "*-small-pickled": { saturation: 105, foodCategory: "Protein" },
        "*-medium-pickled": { saturation: 123, foodCategory: "Protein" },
        "*-large-pickled": { saturation: 140, foodCategory: "Protein" },
        "*-jumbo-pickled": { saturation: 168, foodCategory: "Protein" },
    },
    dropsByType: {
        "*-broken": { type: "item", code: "aculinaryartillery:eggshell", quantity: { avg: 1 } },
    },
    maxstacksize: 32,
    materialDensity: 200,
    transitionablePropsByType: {
        "*-raw": [{
            type: "Perish",
            freshHours: { avg: 300 },
            transitionHours: { avg: 24 },
            transitionedStack: { type: "item", code: "game:rot" },
            transitionRatio: 0.5
        }],
        "*-lime": [{
            type: "Perish",
            freshHours: { avg: 300 },
            transitionHours: { avg: 24 },
            transitionedStack: { type: "item", code: "game:rot" },
            transitionRatio: 0.5
        }],
        "*-boiled": [{
            type: "Perish",
            freshHours: { avg: 120 },
            transitionHours: { avg: 24 },
            transitionedStack: { type: "item", code: "game:rot" },
            transitionRatio: 0.5
        }],
        "*-pickled": [{
            type: "Perish",
            freshHours: { avg: 600 },
            transitionHours: { avg: 72 },
            transitionedStack: { type: "item", code: "game:rot" },
            transitionRatio: 0.5
        }],
    },
    guiTransform: {
        translation: { x: 0, y: 0, z: 0 },
        rotation: { x: -110, y: 0, z: 30 },
        origin: { x: 0.49, y: 0.02, z: 0.5 },
        scaleByType: {
            "*-peewee-*": 5,
            "*-small-*": 5.36,
            "*-medium-*": 5.65,
            "*-large-*": 5.95,
            "*-jumbo-*": 6.31,
        },
    },
    tpHandTransform: {
        translation: { x: -0.8, y: -0.25, z: -0.6 },
        scaleByType: {
            "*-peewee-*": 0.5964,
            "*-small-*": 0.639,
            "*-medium-*": 0.6745,
            "*-large-*": 0.71,
            "*-jumbo-*": 0.7526,
        },
    },
    fpHandTransform: {
        translation: { x: 0, y: -0.1, z: 0 },
        rotation: { x: 180, y: 90, z: 22 },
        scaleByType: {
            "*-peewee-*": 0.84,
            "*-small-*": 0.9,
            "*-medium-*": 0.95,
            "*-large-*": 1.0,
            "*-jumbo-*": 1.06,
        },
    },
    groundTransform: {
        translation: { x: 0, y: 0, z: 0 },
        rotation: { x: 0, y: 0, z: 0 },
        origin: { x: 0.5, y: 0, z: 0.5 },
        scaleByType: {
            "*-peewee-*": 4.2,
            "*-small-*": 4.5,
            "*-medium-*": 4.75,
            "*-large-*": 5.0,
            "*-jumbo-*": 5.3,
        },
    },
}
