[
  {
    "ingredientPattern": "M,T",
    "ingredients": {
      "M": { "type": "item", "code": "game:ore-cinnabar" },
      "T": { "type": "item", "code": "alchemy:mortarpestle-*", "isTool": true }
    },
    "shapeless": true,
    "width": 1,
    "height": 2,
    "output": { "type": "item", "code": "alchemy:utilitypotionbase-glow" }
  },
  {
    "ingredientPattern": "M,T",
    "ingredients": {
      "M": { "type": "item", "code": "game:crushed-cinnabar" },
      "T": { "type": "item", "code": "alchemy:mortarpestle-*", "isTool": true }
    },
    "shapeless": true,
    "width": 1,
    "height": 2,
    "output": { "type": "item", "code": "alchemy:utilitypotionbase-glow" }
  }
]

