[
  {
    "ingredientPattern": "H,F,T",
    "ingredients": {
      "H": { "type": "block", "code": "game:flower-lilyofthevalley-*" },
      "F": { "type": "block", "code": "game:flower-catmint-*" },
      "T": { "type": "item", "code": "alchemy:mortarpestle-*", "isTool": true }
    },
    "shapeless": true,
    "width": 1,
    "height": 3,
    "output": { "type": "item", "code": "alchemy:potionbase-regen-weak" }
  },
  {
    "ingredientPattern": "H,F,T",
    "ingredients": {
      "H": { "type": "item", "code": "alchemy:cuttings-lilyofthevalley-cooked" },
      "F": { "type": "item", "code": "alchemy:cuttings-catmint-cooked" },
      "T": { "type": "item", "code": "alchemy:mortarpestle-*", "isTool": true }
    },
    "shapeless": true,
    "width": 1,
    "height": 3,
    "output": { "type": "item", "code": "alchemy:potionbase-regen-strong" }
  }
]

