{
  "code": "caretaker",
  "class": "EntityAgent",
  "canClimb": true,
  "canClimbAnywhere": false,
  "climbTouchDistance": 0.1,
  "rotateModelOnClimb": true,
  "fallDamage": true,
  "hitboxSizeByType": {
    "*-spikehorned": {
      "x": 0.9,
      "y": 2.1
    },
    "*-deerhorned": {
      "x": 0.75,
      "y": 1.6
    },
    "*-ramhorned": {
      "x": 1.1,
      "y": 2.8
    }
  },
  "deadHitboxSizeByType": {
    "*-spikehorned": {
      "x": 0.75,
      "y": 2
    },
    "*-deerhorned": {
      "x": 0.65,
      "y": 1.25
    },
    "*-ramhorned": {
      "x": 0.8,
      "y": 2
    }
  },
  "knockbackResistanceByType": {
    "*-spikehorned": 0.45,
    "*-deerhorned": 0.65,
    "*-ramhorned": 0.75
  },
  "eyeHeightByType": {
    "*-spikehorned": 2.2,
    "*-deerhorned": 1.6,
    "*-ramhorned": 2.7
  },
  "drops": [],
  "attributes": {
    "killedByInfoText": "deadcreature-vile",
    "glitchAffected": true,
    "glitchFlicker": true,
    "reckless": true,
    "extraSplashParticlesMul": 4,
    "spawnCloserDuringLowStability": true,
    "onDeathStabilityRecoveryByType": {
      "*-spikehorned": 0.1,
      "*-deerhorned": 0.12,
      "*-ramhorned": 0.13
    }
  },
  "variantgroups": [
    {
      "code": "type",
      "states": [
        "spikehorned",
        "deerhorned",
        "ramhorned"
      ]
    }
  ],
  "client": {
    "renderer": "Shape",
    "pitchStep": false,
    "shapeByType": {
      "*-spikehorned": {
        "base": "wrustbound:entity/land/caretaker/spikehorned"
      },
      "*-deerhorned": {
        "base": "wrustbound:entity/land/caretaker/deerhorned"
      },
      "*-ramhorned": {
        "base": "wrustbound:entity/land/caretaker/ramhorned"
      }
    },
    "texturesByType": {
      "*-spikehorned": {
        "skin": {
          "base": "wrustbound:entity/land/caretaker/caretaker1"
        }
      },
      "*-deerhorned": {
        "skin": {
          "base": "wrustbound:entity/land/caretaker/caretaker2"
        }
      },
      "*-ramhorned": {
        "skin": {
          "base": "wrustbound:entity/land/caretaker/caretaker3"
        }
      }
    },
    "behaviors": [
      {
        "code": "repulseagents"
      },
      {
        "code": "controlledphysics",
        "stepHeight": 1.1251
      },
      {
        "code": "interpolateposition"
      }
    ],
    "animations": [
      {
        "code": "hurt",
        "animation": "Hurt",
        "animationSpeed": 2,
        "weight": 10,
        "blendMode": "AddAverage"
      },
      {
        "code": "die",
        "animation": "Die",
        "animationSpeed": 0.7,
        "weight": 10,
        "blendMode": "Average",
        "triggeredBy": {
          "onControls": [
            "dead"
          ]
        }
      },
      {
        "code": "crawlhurt",
        "animation": "Hurt",
        "animationSpeed": 2,
        "weight": 10,
        "blendMode": "AddAverage"
      },
      {
        "code": "crawldie",
        "enabledByType": {
          "*": true
        },
        "animation": "Die",
        "animationSpeed": 0.7,
        "weight": 10,
        "blendMode": "Average",
        "triggeredBy": {
          "onControls": [
            "dead"
          ]
        }
      },
      {
        "code": "crawlidle",
        "enabledByType": {
          "*": true
        },
        "animation": "Twitch",
        "blendMode": "Average",
        "weight": 0.1,
        "easeoutSpeed": 10
      },
      {
        "code": "standwalk",
        "animation": "Walk",
        "blendMode": "AddAverage"
      },
      {
        "code": "standrun",
        "animation": "Run",
        "blendMode": "AddAverage"
      },
      {
        "code": "crawlwalk",
        "animation": "Walk",
        "blendMode": "AddAverage"
      },
      {
        "code": "crawlrun",
        "animation": "Run",
        "blendMode": "AddAverage"
      },
      {
        "code": "crawlemote",
        "animation": "Twitch"
      },
      {
        "code": "idle",
        "animation": "idle",
        "blendMode": "Average",
        "triggeredBy": {
          "defaultAnim": true
        },
        "soundsByType": {
          "caretaker-spikehorned": "game:creature/drifter-aggro*",
          "caretaker-deerhorned": "game:creature/drifter-aggro*",
          "caretaker-ramhorned": "game:creature/drifter-aggro*"
        }
      }
    ]
  },
  "server": {
    "behaviors": [
      {
        "code": "repulseagents"
      },
      {
        "code": "mobspawning",
        "spawnRangeByType": {
          "caretaker-spikehorned": 5,
          "caretaker-deerhorned": 5,
          "caretaker-ramhorned": 5
        },
        "spawnIntervalByType": {
          "caretaker-spikehorned": 7000,
          "caretaker-deerhorned": 5000,
          "caretaker-ramhorned": 3000
        },
        "maxMobsByType": {
          "caretaker-spikehorned": 5,
          "caretaker-deerhorned": 5,
          "caretaker-ramhorned": 5
        },
        "spawnMobsByType": {
          "caretaker-spikehorned": [
            "wrustbound:skulker-young",
            "wrustbound:skulker-adolescent"
          ],
          "caretaker-deerhorned": [
            "wrustbound:skulker-young",
            "wrustbound:skulker-adolescent",
            "wrustbound:skulker-mature"
          ],
          "caretaker-ramhorned": [
            "wrustbound:skulker-adolescent",
            "wrustbound:skulker-adolescent",
            "wrustbound:skulker-young",
            "wrustbound:skulker-mature",
            "wrustbound:skulker-mature",
            "wrustbound:blightworm-queen"
          ]
        }
      },
      {
        "code": "controlledphysics",
        "stepHeight": 1.1251
      },
      {
        "code": "health",
        "currenthealthByType": {
          "*-spikehorned": 37,
          "*-deerhorned": 52,
          "*-ramhorned": 65
        },
        "maxhealthByType": {
          "*-spikehorned": 37,
          "*-deerhorned": 52,
          "*-ramhorned": 65
        }
      },
      {
        "code": "deaddecay",
        "hoursToDecay": 0.3
      },
      {
        "code": "despawn",
        "minPlayerDistance": 64,
        "minSeconds": 360
      },
      {
        "code": "emotionstates",
        "states": [
          {
            "code": "fleeondamage",
            "duration": 10,
            "chanceByType": {
              "*-spikehorned": 0.2,
              "*-deerhorned": 0.2,
              "*-ramhorned": 0.2
            },
            "slot": 0,
            "priority": 1,
            "accumType": "max",
            "whenHealthRelBelowByType": {
              "*-spikehorned": 0.3,
              "*-deerhorned": 0.2,
              "*-ramhorned": 0.2
            }
          },
          {
            "code": "aggressiveondamage",
            "duration": 30,
            "chanceByType": {
              "*-spikehorned": 0.15,
              "*-deerhorned": 0.25,
              "*-ramhorned": 0.35
            },
            "slot": 0,
            "priority": 2,
            "accumType": "noaccum"
          }
        ]
      },
      {
        "code": "taskai",
        "aitasks": [
          {
            "code": "meleeattack",
            "entityCodes": [
              "player",
              "witinerant-*"
            ],
            "priority": 2.5,
            "damageByType": {
              "*-spikehorned": 5,
              "*-deerhorned": 7,
              "*-ramhorned": 9
            },
            "damageTierByType": {
              "*-spikehorned": 2,
              "*-deerhorned": 3,
              "*-ramhorned": 3
            },
            "damageTypeByType": {
              "*-spikehorned": "SlashingAttack",
              "*-deerhorned": "SlashingAttack",
              "*-ramhorned": "SlashingAttack"
            },
            "mincooldownByType": {
              "*-spikehorned": 4000,
              "*-deerhorned": 4000,
              "*-ramhorned": 4000
            },
            "maxcooldownByType": {
              "*-spikehorned": 6800,
              "*-deerhorned": 5800,
              "*-ramhorned": 4900
            },
            "damagePlayerAtMsByType": {
              "*-spikehorned": 325,
              "*-deerhorned": 325,
              "*-ramhorned": 325
            },
            "attackDurationMsByType": {
              "*-spikehorned": 700,
              "*-deerhorned": 650,
              "*-ramhorned": 700
            },
            "animationByType": {
              "*-spikehorned": "Attack",
              "*-deerhorned": "Attack",
              "*-ramhorned": "Attack"
            },
            "animationSpeedByType": {
              "*-spikehorned": 1.5,
              "*-deerhorned": 1.6,
              "*-ramhorned": 1.6
            },
            "minDistByType": {
              "*-spikehorned": 1.25,
              "*-deerhorned": 1.5,
              "*-ramhorned": 1.75
            },
            "minVerDistByType": {
              "*-spikehorned": 2.25,
              "*-deerhorned": 2.25,
              "*-ramhorned": 2.65
            },
            "sound": "game:creature/drifter-hit",
            "soundStartMs": 375
          },
          {
            "code": "meleeattack",
            "entityCodes": [
              "player",
              "witinerant-*"
            ],
            "priority": 2.4,
            "damageByType": {
              "*-spikehorned": 4,
              "*-deerhorned": 6,
              "*-ramhorned": 8
            },
            "damageTierByType": {
              "*-spikehorned": 1,
              "*-deerhorned": 2,
              "*-ramhorned": 3
            },
            "damageTypeByType": {
              "*-spikehorned": "BluntAttack",
              "*-deerhorned": "BluntAttack",
              "*-ramhorned": "BluntAttack"
            },
            "knockbackStrengthByType": {
              "*-spikehorned": 5,
              "*-deerhorned": 6,
              "*-ramhorned": 7
            },
            "mincooldownByType": {
              "*-spikehorned": 1800,
              "*-deerhorned": 1700,
              "*-ramhorned": 1800
            },
            "maxcooldownByType": {
              "*-spikehorned": 4000,
              "*-deerhorned": 2900,
              "*-ramhorned": 3000
            },
            "damagePlayerAtMsByType": {
              "*-spikehorned": 300,
              "*-deerhorned": 300,
              "*-ramhorned": 300
            },
            "attackDurationMsByType": {
              "*-spikehorned": 600,
              "*-deerhorned": 550,
              "*-ramhorned": 500
            },
            "animationByType": {
              "*-spikehorned": "bashattack",
              "*-deerhorned": "bashattack",
              "*-ramhorned": "bashattack"
            },
            "animationSpeedByType": {
              "*-spikehorned": 1.3,
              "*-deerhorned": 1.2,
              "*-ramhorned": 1.2
            },
            "minDistByType": {
              "*-spikehorned": 2.25,
              "*-deerhorned": 2.50,
              "*-ramhorned": 2.75
            },
            "sound": "game:creature/drifter-hit",
            "soundStartMs": 300
          },
          {
            "code": "seekentity",
            "entityCodes": [
              "player",
              "witinerant-*"
            ],
            "priority": 2.75,
            "mincooldown": 400,
            "maxcooldown": 800,
            "movespeedByType": {
              "*-spikehorned": 0.027,
              "*-deerhorned": 0.029,
              "*-ramhorned": 0.028
            },
            "seekingRangeByType": {
              "*-spikehorned": 19,
              "*-deerhorned": 23,
              "*-ramhorned": 27
            },
            "animationSpeedByType": {
              "*-spikehorned": 3.5,
              "*-deerhorned": 3.47,
              "*-ramhorned": 3.52
            },
            "animationByType": {
              "*-spikehorned": "Run",
              "*-deerhorned": "Run",
              "*-ramhorned": "Run"
            },
            "soundsByType": {
              "caretaker-spikehorned": "wrustbound:creature/chittering",
              "caretaker-deerhorned": "wrustbound:creature/chittering",
              "caretaker-ramhorned": "wrustbound:creature/chittering"
            }
          },
          {
            "code": "fleeentity",
            "entityCodes": [
              "player",
              "witinerant-*"
            ],
            "priority": 1.25,
            "movespeed": 0.033,
            "seekingRange": 20,
            "animation": "Run",
            "animationSpeed": 2.3,
            "whenInEmotionState": "fleeondamage"
          },
          {
            "code": "wander",
            "enabled": true,
            "priority": 1.0,
            "movespeed": 0.013,
            "animationSpeed": 1.5,
            "animation": "Walk",
            "preferredLightLevel": 5,
            "whenNotInEmotionState": "aggressiveondamage"
          },
          {
            "code": "wander",
            "priority": 0.99,
            "priorityForCancel": 1.1,
            "movespeed": 0.008,
            "animationSpeed": 1.5,
            "animation": "Walk",
            "preferredLightLevel": 5,
            "whenNotInEmotionState": "aggressiveondamage"
          },
          {
            "code": "getoutofwater",
            "priority": 9,
            "movespeed": 0.015,
            "animation": "Walk",
            "animationSpeed": 1.65
          },
          {
            "code": "lookaround",
            "priority": 0.5
          }
        ]
      }
    ],
    "spawnconditions": {
      "runtime": {
        "group": "hostile",
        "maxQuantity": 1,
        "chance": 0.0001,
        "maxLightLevel": 4,
        "lightLevelType": "MaxTimeOfDayLight",
        "groupSize": {
          "dist": "invexp",
          "avg": 1,
          "var": 0
        },
        "insideBlockCodes": [ "game:air", "game:tallgrass-*" ],
        "minY": 0.75
      }
    }
  },
  "bellalarmSoundRange": 60,
  "idleSoundRange": 125,
  "seekentitySoundRange": 45,
  "sounds": {
    "hurt": "game:creature/drifter-hurt",
    "death": "game:creature/drifter-death",
    "idle": "game:creature/drifter-idle*"
  }
}