[
    {
        "side": "server",
        "file": "game:config/tradelists/trader-commodities.json",
        "op": "addeach",
        "path": "/buying/list/-",
        "value": [
            {
                "code": "crystal-tremolite-rough",
                "type": "item",
                "stacksize": 1,
                "stock": {
                    "avg": 6,
                    "var": 2
                },
                "price": {
                    "avg": 6,
                    "var": 1
                }
            }
        ]
    }
]