{
	"editor": {
		"collapsedPaths": "",
		"allAngles": false,
		"entityTextureMode": false
	},
	"textureWidth": 32,
	"textureHeight": 16,
	"textureSizes": {
		"anthophyllite": [32,16]
	},
	"textures": {
		"anthophyllite": "item/resource/ungraded/anthophyllite"
	},
	"elements": [
		{
			"name": "origin",
			"from": [ 6.4, -0.5, 6.2 ],
			"to": [ 6.4, -0.5, 6.2 ],
			"rotationOrigin": [ 8.0, 0.0, 8.0 ],
			"faces": {
			},
			"children": [
				{
					"name": "Center",
					"from": [ 0.6, 0.5, 0.8 ],
					"to": [ 2.6, 4.5, 2.8 ],
					"renderPass": 3,
					"rotationOrigin": [ 1.6, 0.5, 1.8 ],
					"faces": {
						"north": { "texture": "#anthophyllite", "uv": [ 4.5, 9.0, 6.5, 13.0 ] },
						"east": { "texture": "#anthophyllite", "uv": [ 5.5, 9.0, 7.5, 13.0 ] },
						"south": { "texture": "#anthophyllite", "uv": [ 4.0, 6.0, 6.0, 10.0 ] },
						"west": { "texture": "#anthophyllite", "uv": [ 7.0, 6.5, 9.0, 10.5 ] },
						"up": { "texture": "#anthophyllite", "uv": [ 7.0, 1.5, 9.0, 3.5 ] },
						"down": { "texture": "#anthophyllite", "uv": [ 5.0, 7.0, 7.0, 9.0 ] }
					}
				},
				{
					"name": "E-N",
					"from": [ 1.6, 1.0, 0.4 ],
					"to": [ 3.1, 4.0, 2.4 ],
					"renderPass": 3,
					"rotationOrigin": [ -0.9, 1.4, -0.1 ],
					"faces": {
						"north": { "texture": "#anthophyllite", "uv": [ 6.0, 8.0, 7.5, 11.0 ] },
						"east": { "texture": "#anthophyllite", "uv": [ 6.5, 5.5, 8.5, 8.5 ] },
						"south": { "texture": "#anthophyllite", "uv": [ 7.5, 5.5, 9.0, 8.5 ] },
						"west": { "texture": "#anthophyllite", "uv": [ 4.0, 8.0, 6.0, 11.0 ] },
						"up": { "texture": "#anthophyllite", "uv": [ 8.0, 2.5, 9.5, 4.5 ] },
						"down": { "texture": "#anthophyllite", "uv": [ 7.0, 8.0, 8.5, 10.0 ] }
					}
				},
				{
					"name": "E",
					"from": [ 2.4, 0.6, 0.9 ],
					"to": [ 3.4, 3.1, 1.9 ],
					"renderPass": 3,
					"rotationOrigin": [ 1.4, -1.9, -1.6 ],
					"faces": {
						"north": { "texture": "#anthophyllite", "uv": [ 5.5, 7.0, 6.5, 9.5 ] },
						"east": { "texture": "#anthophyllite", "uv": [ 7.0, 6.5, 8.0, 9.0 ] },
						"south": { "texture": "#anthophyllite", "uv": [ 7.0, 6.5, 8.0, 9.0 ] },
						"west": { "texture": "#anthophyllite", "uv": [ 6.0, 7.5, 7.0, 10.0 ] },
						"up": { "texture": "#anthophyllite", "uv": [ 7.0, 6.0, 8.0, 7.0 ] },
						"down": { "texture": "#anthophyllite", "uv": [ 7.5, 7.0, 8.5, 8.0 ] }
					}
				},
				{
					"name": "S",
					"from": [ 1.1, 0.5, 2.8 ],
					"to": [ 2.1, 4.0, 3.3 ],
					"renderPass": 3,
					"renderInEditor": false,
					"rotationOrigin": [ 1.1, 0.5, 2.8 ],
					"faces": {
						"east": { "texture": "#anthophyllite", "uv": [ 7.0, 12.0, 7.5, 15.5 ] },
						"south": { "texture": "#anthophyllite", "uv": [ 10.0, 5.0, 11.0, 8.5 ] },
						"west": { "texture": "#anthophyllite", "uv": [ 6.5, 3.0, 7.0, 6.5 ] },
						"up": { "texture": "#anthophyllite", "uv": [ 6.5, 10.0, 7.5, 10.5 ] },
						"down": { "texture": "#anthophyllite", "uv": [ 11.5, 6.0, 12.5, 6.5 ] }
					}
				},
				{
					"name": "W",
					"from": [ 0.1, 0.5, 1.3 ],
					"to": [ 0.6, 3.0, 2.3 ],
					"renderPass": 3,
					"rotationOrigin": [ 0.1, 1.0, 1.3 ],
					"faces": {
						"north": { "texture": "#anthophyllite", "uv": [ 8.0, 5.0, 8.5, 7.5 ] },
						"south": { "texture": "#anthophyllite", "uv": [ 8.5, 6.0, 9.0, 8.5 ] },
						"west": { "texture": "#anthophyllite", "uv": [ 6.0, 6.0, 7.0, 8.5 ] },
						"up": { "texture": "#anthophyllite", "uv": [ 8.5, 5.5, 9.0, 6.5 ] },
						"down": { "texture": "#anthophyllite", "uv": [ 7.0, 4.5, 7.5, 5.5 ] }
					}
				},
				{
					"name": "S2",
					"from": [ 0.9, 0.8, 2.8 ],
					"to": [ 1.7, 2.8, 3.5 ],
					"renderPass": 3,
					"rotationOrigin": [ 1.4, 0.8, 2.8 ],
					"faces": {
						"east": { "texture": "#anthophyllite", "uv": [ 7.0, 4.0, 7.5, 6.0 ] },
						"south": { "texture": "#anthophyllite", "uv": [ 7.5, 1.0, 8.0, 3.0 ] },
						"west": { "texture": "#anthophyllite", "uv": [ 0.0, 9.0, 0.5, 11.0 ] },
						"up": { "texture": "#anthophyllite", "uv": [ 2.0, 6.5, 2.5, 7.0 ] },
						"down": { "texture": "#anthophyllite", "uv": [ 6.5, 1.5, 7.0, 2.0 ] }
					}
				},
				{
					"name": "N",
					"from": [ 1.0, 0.5, 0.2 ],
					"to": [ 2.0, 2.5, 0.8 ],
					"renderPass": 3,
					"rotationOrigin": [ 1.0, 1.0, 0.2 ],
					"faces": {
						"north": { "texture": "#anthophyllite", "uv": [ 4.5, 9.0, 5.5, 11.0 ] },
						"east": { "texture": "#anthophyllite", "uv": [ 5.5, 9.0, 6.0, 11.0 ] },
						"west": { "texture": "#anthophyllite", "uv": [ 7.0, 6.5, 7.5, 8.5 ] },
						"up": { "texture": "#anthophyllite", "uv": [ 7.5, 5.5, 8.5, 6.0 ] },
						"down": { "texture": "#anthophyllite", "uv": [ 5.0, 7.0, 6.0, 7.5 ] }
					}
				},
				{
					"name": "Center2",
					"from": [ 0.5, 0.5, 0.7 ],
					"to": [ 2.7, 4.6, 2.9 ],
					"renderPass": 3,
					"rotationOrigin": [ 1.6, 0.5, 1.8 ],
					"faces": {
						"north": { "texture": "#anthophyllite", "uv": [ 25.0, 3.0, 27.0, 7.0 ] },
						"east": { "texture": "#anthophyllite", "uv": [ 27.0, 5.0, 29.0, 9.0 ] },
						"south": { "texture": "#anthophyllite", "uv": [ 21.5, 5.5, 23.5, 9.5 ] },
						"west": { "texture": "#anthophyllite", "uv": [ 23.0, 6.0, 25.0, 10.0 ] }
					}
				},
				{
					"name": "Center3",
					"from": [ 0.9, 0.5, 0.3 ],
					"to": [ 3.2, 4.1, 2.6 ],
					"renderPass": 3,
					"rotationOrigin": [ 2.6, 0.5, 2.8 ],
					"faces": {
						"north": { "texture": "#anthophyllite", "uv": [ 25.5, 3.5, 27.5, 7.0 ] },
						"east": { "texture": "#anthophyllite", "uv": [ 28.5, 3.5, 30.5, 7.0 ] },
						"south": { "texture": "#anthophyllite", "uv": [ 27.5, 4.5, 29.5, 8.0 ] },
						"west": { "texture": "#anthophyllite", "uv": [ 23.5, 6.5, 25.5, 10.0 ] }
					}
				},
				{
					"name": "Center4",
					"from": [ 1.8, 0.5, 0.2 ],
					"to": [ 1.8, 4.6, 3.2 ],
					"renderPass": 3,
					"renderInEditor": false,
					"rotationOrigin": [ 2.6, 0.5, 1.8 ],
					"faces": {
						"west": { "texture": "#anthophyllite", "uv": [ 23.0, 6.0, 26.0, 10.0 ] }
					}
				}
			]
		}
	]}