{
  "ingredient": {
      "type": "item",
      "code": "game:clay-*",
      "name": "color",
      "allowedVariants": ["blue", "fire", "red"]
  },
	"pattern": [
		[
			"######_######",
			"######_######",
			"######_######",
			"######_######",
			"######_######",
			"######_######"
		],
		[
			"######_######",
			"#____#_#____#",
			"#____#_#____#",
			"#____#_#____#",
			"#____#_#____#",
			"######_######"
		],
		[
			"######_######",
			"#____#_#____#",
			"#____#_#____#",
			"#____#_#____#",
			"#____#_#____#",
			"######_######"
		],
		[
			"######_######",
			"#____#_#____#",
			"#____#_#____#",
			"#____#_#____#",
			"#____#_#____#",
			"######_######"
		],
		[
			"######_######",
			"#____#_#____#",
			"#____#_#____#",
			"#____#_#____#",
			"#____#_#____#",
			"######_######"
		],
		[
			"######_######",
			"#____#_#____#",
			"#____#_#____#",
			"#____#_#____#",
			"#____#_#____#",
			"######_######"
		],
		[
			"######_######",
			"#____#_#____#",
			"#____#_#____#",
			"#____#_#____#",
			"#____#_#____#",
			"######_######"
		],
		[
			"_____________",
			"_####___####_",
			"_####___####_",
			"_####___####_",
			"_####___####_",
			"_____________"
		],
		[
			"_____________",
			"_____________",
			"__##_____##__",
			"__##_____##__",
			"_____________",
			"_____________"
		],
		[
			"_____________",
			"_____________",
			"__##_____##__",
			"__##_____##__",
			"_____________",
			"_____________"
		]
	],
	"name": "Jug",
	"output": {
		"type": "block",
		"code": "game:jug-{color}-raw",
		"stacksize": 2
	}
}