{
  "ingredient": {
      "type": "item",
      "code": "game:clay-*",
      "name": "color",
      "allowedVariants": ["blue", "fire", "red"]
  },
	"pattern": [
		[
			"#########______",
			"#########______",
			"#########______",
			"#########_#####",
			"#########_#####",
			"__________#####",
			"__________#####",
			"#########_#####",
			"#########_#####",
			"#########_#####",
			"#########_#####",
			"#########_#####"
		],
		[
			"#########______",
			"#_______#______",
			"#_______#______",
			"#_______#_#####",
			"#########_#___#",
			"__________#___#",
			"__________#___#",
			"#########_#___#",
			"#_______#_#___#",
			"#_______#_#___#",
			"#_______#_#___#",
			"#########_#####"
		],
		[
			"#########______",
			"#_______#______",
			"#_______#______",
			"#_______#_#####",
			"#########_#___#",
			"__________#___#",
			"__________#___#",
			"#########_#___#",
			"#_______#_#___#",
			"#_______#_#___#",
			"#_______#_#___#",
			"#########_#####"
		]
	],
	"name": "Ingot Mold",
	"output": {
		"type": "block",
		"code": "game:ingotmold-{color}-raw",
		"stacksize": 3
	}
}