{
  "ingredient": {
      "type": "item",
      "code": "game:clay-*",
      "name": "color",
      "allowedVariants": ["blue", "fire", "red"]
  },
	"pattern": [
		[
			"#####_____#####",
			"#####_____#####",
			"#####_____#####",
			"#####_____#####",
			"#####_____#####",
			"_____#####_____",
			"_____#####_____",
			"_____#####_____",
			"_____#####_____",
			"_____#####_____",
			"#####_____#####",
			"#####_____#####",
			"#####_____#####",
			"#####_____#####",
			"#####_____#####"
		],
		[
			"#####_____#####",
			"#___#_____#___#",
			"#___#_____#___#",
			"#___#_____#___#",
			"#####_____#####",
			"_____#####_____",
			"_____#___#_____",
			"_____#___#_____",
			"_____#___#_____",
			"_____#####_____",
			"#####_____#####",
			"#___#_____#___#",
			"#___#_____#___#",
			"#___#_____#___#",
			"#####_____#####"
		],
		[
			"#####_____#####",
			"#___#_____#___#",
			"#___#_____#___#",
			"#___#_____#___#",
			"#####_____#####",
			"_____#####_____",
			"_____#___#_____",
			"_____#___#_____",
			"_____#___#_____",
			"_____#####_____",
			"#####_____#####",
			"#___#_____#___#",
			"#___#_____#___#",
			"#___#_____#___#",
			"#####_____#####"
		],
		[
			"#####_____#####",
			"#___#_____#___#",
			"#___#_____#___#",
			"#___#_____#___#",
			"#####_____#####",
			"_____#####_____",
			"_____#___#_____",
			"_____#___#_____",
			"_____#___#_____",
			"_____#####_____",
			"#####_____#####",
			"#___#_____#___#",
			"#___#_____#___#",
			"#___#_____#___#",
			"#####_____#####"
		],
		[
			"#####_____#####",
			"#___#_____#___#",
			"#___#_____#___#",
			"#___#_____#___#",
			"#####_____#####",
			"_____#####_____",
			"_____#___#_____",
			"_____#___#_____",
			"_____#___#_____",
			"_____#####_____",
			"#####_____#####",
			"#___#_____#___#",
			"#___#_____#___#",
			"#___#_____#___#",
			"#####_____#####"
		],
		[
			"_______________",
			"_###_______###_",
			"_#_#_______#_#_",
			"_###_______###_",
			"_______________",
			"_______________",
			"______###______",
			"______#_#______",
			"______###______",
			"_______________",
			"_______________",
			"_###_______###_",
			"_#_#_______#_#_",
			"_###_______###_",
			"_______________"
		]
	],
	"name": "Crucible",
	"output": {
		"type": "block",
		"code": "game:crucible-{color}-raw",
		"stacksize": 5
	}
}