{
	"editor": {
		"collapsedPaths": "Root/Section26/rope_section26,Root/Section11/rope_section11,Root/Section31/rope_section31,Root/rope section30,Root/rope section31,Root/rope section14/frayed ends53,Root/Section1/rope_section1,Root/Section6/rope_section6,Root/Section18/rope_section18,Root/rope section6,Root/rope section7,Root/rope section4,Root/rope section5,Root/rope section8,Root/rope section9,Root/rope section2,Root/rope section3,Root/Section23/rope_section23,Root/rope section1,Root/Section17/rope_section17,Root/rope_section7,Root/rope_section8,Root/rope_section5,Root/rope_section19,Root/rope_section6,Root/rope_section18,Root/rope_section17,Root/rope_section16,Root/rope_section9,Root/rope_section15,Root/rope_section14,Root/rope_section13,Root/rope_section12,Root/rope_section11,Root/rope_section10,Root/rope section28/frayed ends109,Root/Section3/rope_section3,Root/rope_section3,Root/Section15/rope_section15,Root/rope_section4,Root/rope_section1,Root/rope_section2,Root/Section13/rope_section13,Root/rope section13/frayed ends49,Root/rope section6/frayed ends21,Root/Section4/rope_section4,Root/Section28/rope_section28,Root/Section5/rope_section5,Root/rope section2/frayed ends5,Root/Section16/rope_section16,Root/rope_section31,Root/rope_section30,Root/Section19/rope_section19,Root/rope section15/frayed ends57,Root/Section21/rope_section21,Root/Section30/rope_section30,Root/rope_section29,Root/rope_section28,Root/Section24/rope_section24,Root/rope_section27,Root/rope_section26,Root/rope_section25,Root/rope_section24,Root/rope_section23,Root/rope_section22,Root/rope_section21,Root/rope_section20,Root/rope section1/frayed ends1,Root/rope section4/frayed ends13,Root/Section2/rope_section2,Root/Section22/rope_section22,Root/Section7/rope_section7,Root/rope section3/frayed ends9,Root/Section27/rope_section27,Root/rope section19,Root/Section25/rope_section25,Root/rope section15,Root/rope section16,Root/rope section17,Root/Section10/rope_section10,Root/rope section18,Root/rope section11,Root/rope section12,Root/rope section13,Root/rope section14,Root/rope section10,Root/rope section9/frayed ends33,Root/Section29/rope_section29,Root/Section20/rope_section20,Root/rope section29/frayed ends113,Root/Section14/rope_section14,Root/Section9/rope_section9,Root/rope section10/frayed ends37,Root/Section8/rope_section8,Root/Section12/rope_section12,Root/rope section26,Root/rope section27,Root/rope section28,Root/rope section29,Root/rope section22,Root/rope section23,Root/rope section24,Root/rope section25,Root/rope section20,Root/rope section21",
		"allAngles": false,
		"entityTextureMode": false
	},
	"textureWidth": 16,
	"textureHeight": 16,
	"textureSizes": {
	},
	"textures": {
		"tall-north": "game:block/plant/tallgrass/free/tall-north",
		"rock": "game:block/stone/rock/andesite1",
		"rope": "game:item/resource/rope"
	},
	"elements": [
		{
			"name": "stone",
			"from": [ 7.25, 0.0, 7.25 ],
			"to": [ 8.75, 2.0, 8.75 ],
			"rotationOrigin": [ 8.0, 0.0, 8.0 ],
			"rotationY": -40.0,
			"faces": {
				"north": { "texture": "#rock", "uv": [ 0.0, 0.0, 4.0, 4.0 ], "autoUv": false },
				"east": { "texture": "#rock", "uv": [ 0.0, 0.0, 4.0, 4.0 ], "autoUv": false },
				"south": { "texture": "#rock", "uv": [ 0.0, 0.0, 4.0, 4.0 ], "autoUv": false },
				"west": { "texture": "#rock", "uv": [ 0.0, 0.0, 4.0, 4.0 ], "autoUv": false },
				"up": { "texture": "#rock", "uv": [ 0.0, 0.0, 4.0, 4.0 ], "autoUv": false },
				"down": { "texture": "#rock", "uv": [ 0.0, 0.0, 4.0, 4.0 ], "autoUv": false }
			},
			"children": [
				{
					"name": "rope ring",
					"from": [ -0.3, 0.5, -0.3 ],
					"to": [ 1.8, 1.5, 1.8 ],
					"faces": {
						"north": { "texture": "#rope", "uv": [ 0.0, 0.0, 2.0, 1.0 ] },
						"east": { "texture": "#rope", "uv": [ 0.0, 0.0, 2.0, 1.0 ] },
						"south": { "texture": "#rope", "uv": [ 0.0, 0.0, 2.0, 1.0 ] },
						"west": { "texture": "#rope", "uv": [ 0.0, 0.0, 2.0, 1.0 ] },
						"up": { "texture": "#rope", "uv": [ 0.0, 0.0, 2.0, 2.0 ] },
						"down": { "texture": "#rope", "uv": [ 0.0, 0.0, 2.0, 2.0 ] }
					}
				},
				{
					"name": "ropestart",
					"from": [ 0.0, 0.5, 1.0 ],
					"to": [ 2.0, 1.5, 2.0 ],
					"rotationOrigin": [ 0.0, 0.0, 1.0 ],
					"rotationX": 180.0,
					"rotationY": 67.5,
					"rotationZ": 170.0,
					"faces": {
						"north": { "texture": "#rope", "uv": [ 0.0, 0.0, 2.0, 1.0 ] },
						"east": { "texture": "#rope", "uv": [ 0.0, 0.0, 1.0, 1.0 ] },
						"south": { "texture": "#rope", "uv": [ 0.0, 0.0, 2.0, 1.0 ] },
						"west": { "texture": "#rope", "uv": [ 0.0, 0.0, 1.0, 1.0 ] },
						"up": { "texture": "#rope", "uv": [ 0.0, 0.0, 2.0, 1.0 ] },
						"down": { "texture": "#rope", "uv": [ 0.0, 0.0, 2.0, 1.0 ] }
					},
					"attachmentpoints": [
						{
							"code": "RopeConnect0",
							"posX": "1.5","posY": "0.0","posZ": "1.0",
							"rotationX": "0.0","rotationY": "0.0","rotationZ": "0.0"
						}
					]
				}
			]
		},
		{
			"name": "rope_section1",
			"from": [ 6.5, 0.0, 5.5 ],
			"to": [ 8.7, 1.0, 6.5 ],
			"renderInEditor": false,
			"rotationOrigin": [ 5.9358, 0.0, 5.4288 ],
			"faces": {
				"north": { "texture": "#rope", "uv": [ 0.0, 0.0, 2.0, 1.0 ] },
				"east": { "texture": "#rope", "uv": [ 0.0, 0.0, 1.0, 1.0 ] },
				"south": { "texture": "#rope", "uv": [ 0.0, 0.0, 2.0, 1.0 ] },
				"west": { "texture": "#rope", "uv": [ 0.0, 0.0, 1.0, 1.0 ] },
				"up": { "texture": "#rope", "uv": [ 0.0, 0.0, 2.0, 1.0 ] },
				"down": { "texture": "#rope", "uv": [ 0.0, 0.0, 2.0, 1.0 ] }
			},
			"children": [
				{
					"name": "frayed_end1",
					"from": [ -2.0, 0.5, -0.25 ],
					"to": [ 0.0, 0.5, 1.25 ],
					"shade": false,
					"renderPass": 1,
					"renderInEditor": false,
					"rotationOrigin": [ -2.0, 0.0, 0.0 ],
					"faces": {
						"down": { "texture": "#tall-north", "uv": [ 11.3333, 3.0, 6.0, 16.0 ], "rotation": 90, "autoUv": false }
					},
					"children": [
						{
							"name": "frayed ends2",
							"from": [ 0.0, 0.0, 0.0 ],
							"to": [ 2.0, 0.0, 1.5 ],
							"shade": false,
							"renderPass": 1,
							"rotationOrigin": [ 2.0, 0.0, 0.75 ],
							"rotationX": 45.0,
							"faces": {
								"down": { "texture": "#tall-north", "uv": [ 11.3333, 3.0, 6.0, 16.0 ], "rotation": 90, "autoUv": false }
							}
						},
						{
							"name": "frayed ends3",
							"from": [ 0.0, 0.0, 0.0 ],
							"to": [ 2.0, 0.0, 1.5 ],
							"shade": false,
							"renderPass": 1,
							"rotationOrigin": [ 2.0, 0.0, 0.75 ],
							"rotationX": -45.0,
							"faces": {
								"down": { "texture": "#tall-north", "uv": [ 11.3333, 3.0, 6.0, 16.0 ], "rotation": 90, "autoUv": false }
							}
						},
						{
							"name": "frayed ends4",
							"from": [ 0.0, 0.0, 0.0 ],
							"to": [ 2.0, 0.0, 1.5 ],
							"shade": false,
							"renderPass": 1,
							"rotationOrigin": [ 2.0, 0.0, 0.75 ],
							"rotationX": 90.0,
							"faces": {
								"down": { "texture": "#tall-north", "uv": [ 11.3333, 3.0, 6.0, 16.0 ], "rotation": 90, "autoUv": false }
							}
						}
					]
				}
			],
			"attachmentpoints": [
				{
					"code": "RopeConnect1",
					"posX": "0.5","posY": "0.5","posZ": "0.5",
					"rotationX": "0.0","rotationY": "0.0","rotationZ": "0.0"
				}
			]
		},
		{
			"name": "rope_section2",
			"from": [ 5.9984, 0.0, 5.0021 ],
			"to": [ 10.9984, 1.0, 6.0021 ],
			"renderInEditor": false,
			"rotationOrigin": [ 6.0, 0.5, 5.5 ],
			"rotationY": -89.9802,
			"faces": {
				"north": { "texture": "#rope", "uv": [ 0.0, 0.0, 5.0, 1.0 ] },
				"east": { "texture": "#rope", "uv": [ 0.0, 0.0, 1.0, 1.0 ] },
				"south": { "texture": "#rope", "uv": [ 0.0, 0.0, 5.0, 1.0 ] },
				"west": { "texture": "#rope", "uv": [ 0.0, 0.0, 1.0, 1.0 ] },
				"up": { "texture": "#rope", "uv": [ 0.0, 0.0, 5.0, 1.0 ] },
				"down": { "texture": "#rope", "uv": [ 0.0, 0.0, 5.0, 1.0 ] }
			},
			"children": [
				{
					"name": "frayed_end2",
					"from": [ 5.0, 0.5, -0.25 ],
					"to": [ 7.0, 0.5, 1.25 ],
					"shade": false,
					"renderPass": 1,
					"renderInEditor": false,
					"rotationOrigin": [ 5.0, 0.5, 0.5 ],
					"faces": {
						"down": { "texture": "#tall-north", "uv": [ 11.3333, 3.0, 6.0, 16.0 ], "rotation": 270, "autoUv": false }
					},
					"children": [
						{
							"name": "frayed ends6",
							"from": [ 0.0, 0.0, 0.0 ],
							"to": [ 2.0, 0.0, 1.5 ],
							"shade": false,
							"renderPass": 1,
							"rotationOrigin": [ 2.0, 0.0, 0.75 ],
							"rotationX": 45.0,
							"faces": {
								"down": { "texture": "#tall-north", "uv": [ 11.3333, 3.0, 6.0, 16.0 ], "rotation": 270, "autoUv": false }
							}
						},
						{
							"name": "frayed ends7",
							"from": [ 0.0, 0.0, 0.0 ],
							"to": [ 2.0, 0.0, 1.5 ],
							"shade": false,
							"renderPass": 1,
							"rotationOrigin": [ 2.0, 0.0, 0.75 ],
							"rotationX": -45.0,
							"faces": {
								"down": { "texture": "#tall-north", "uv": [ 11.3333, 3.0, 6.0, 16.0 ], "rotation": 270, "autoUv": false }
							}
						},
						{
							"name": "frayed ends8",
							"from": [ 0.0, 0.0, 0.0 ],
							"to": [ 2.0, 0.0, 1.5 ],
							"shade": false,
							"renderPass": 1,
							"rotationOrigin": [ 2.0, 0.0, 0.75 ],
							"rotationX": 90.0,
							"faces": {
								"down": { "texture": "#tall-north", "uv": [ 11.3333, 3.0, 6.0, 16.0 ], "rotation": 270, "autoUv": false }
							}
						}
					]
				}
			],
			"attachmentpoints": [
				{
					"code": "RopeConnect2",
					"posX": "4.5","posY": "0.5","posZ": "0.5",
					"rotationX": "0.0","rotationY": "0.0","rotationZ": "0.0"
				}
			]
		},
		{
			"name": "rope_section3",
			"from": [ 6.5, 0.0, 9.5 ],
			"to": [ 10.5, 1.0, 10.5 ],
			"renderInEditor": false,
			"rotationOrigin": [ 5.9358, 0.0, 9.4288 ],
			"faces": {
				"north": { "texture": "#rope", "uv": [ 0.0, 0.0, 4.0, 1.0 ] },
				"east": { "texture": "#rope", "uv": [ 0.0, 0.0, 1.0, 1.0 ] },
				"south": { "texture": "#rope", "uv": [ 0.0, 0.0, 4.0, 1.0 ] },
				"west": { "texture": "#rope", "uv": [ 0.0, 0.0, 1.0, 1.0 ] },
				"up": { "texture": "#rope", "uv": [ 0.0, 0.0, 4.0, 1.0 ] },
				"down": { "texture": "#rope", "uv": [ 0.0, 0.0, 4.0, 1.0 ] }
			},
			"children": [
				{
					"name": "frayed_end3",
					"from": [ 4.0, 0.5, -0.25 ],
					"to": [ 6.0, 0.5, 1.25 ],
					"shade": false,
					"renderPass": 1,
					"renderInEditor": false,
					"faces": {
						"down": { "texture": "#tall-north", "uv": [ 11.3333, 3.0, 6.0, 16.0 ], "rotation": 270, "autoUv": false }
					},
					"children": [
						{
							"name": "frayed ends10",
							"from": [ 0.0, 0.0, 0.0 ],
							"to": [ 2.0, 0.0, 1.5 ],
							"shade": false,
							"renderPass": 1,
							"rotationOrigin": [ 2.0, 0.0, 0.75 ],
							"rotationX": 45.0,
							"faces": {
								"down": { "texture": "#tall-north", "uv": [ 11.3333, 3.0, 6.0, 16.0 ], "rotation": 270, "autoUv": false }
							}
						},
						{
							"name": "frayed ends11",
							"from": [ 0.0, 0.0, 0.0 ],
							"to": [ 2.0, 0.0, 1.5 ],
							"shade": false,
							"renderPass": 1,
							"rotationOrigin": [ 2.0, 0.0, 0.75 ],
							"rotationX": -45.0,
							"faces": {
								"down": { "texture": "#tall-north", "uv": [ 11.3333, 3.0, 6.0, 16.0 ], "rotation": 270, "autoUv": false }
							}
						},
						{
							"name": "frayed ends12",
							"from": [ 0.0, 0.0, 0.0 ],
							"to": [ 2.0, 0.0, 1.5 ],
							"shade": false,
							"renderPass": 1,
							"rotationOrigin": [ 2.0, 0.0, 0.75 ],
							"rotationX": 90.0,
							"faces": {
								"down": { "texture": "#tall-north", "uv": [ 11.3333, 3.0, 6.0, 16.0 ], "rotation": 270, "autoUv": false }
							}
						}
					]
				}
			],
			"attachmentpoints": [
				{
					"code": "RopeConnect3",
					"posX": "3.5","posY": "0.5","posZ": "0.5",
					"rotationX": "0.0","rotationY": "0.0","rotationZ": "0.0"
				}
			]
		},
		{
			"name": "rope_section4",
			"from": [ 10.0029, 0.0, 8.9965 ],
			"to": [ 15.1029, 1.0, 9.9965 ],
			"renderInEditor": false,
			"rotationOrigin": [ 10.0, 0.0, 9.5 ],
			"rotationY": 89.9802,
			"faces": {
				"north": { "texture": "#rope", "uv": [ 0.0, 0.0, 5.0, 1.0 ] },
				"east": { "texture": "#rope", "uv": [ 0.0, 0.0, 1.0, 1.0 ] },
				"south": { "texture": "#rope", "uv": [ 0.0, 0.0, 5.0, 1.0 ] },
				"west": { "texture": "#rope", "uv": [ 0.0, 0.0, 1.0, 1.0 ] },
				"up": { "texture": "#rope", "uv": [ 0.0, 0.0, 5.0, 1.0 ] },
				"down": { "texture": "#rope", "uv": [ 0.0, 0.0, 5.0, 1.0 ] }
			},
			"children": [
				{
					"name": "frayed_end4",
					"from": [ 5.1, 0.5, -0.25 ],
					"to": [ 7.1, 0.5, 1.25 ],
					"shade": false,
					"renderPass": 1,
					"renderInEditor": false,
					"rotationOrigin": [ 5.0, 0.0, 0.0 ],
					"faces": {
						"down": { "texture": "#tall-north", "uv": [ 11.3333, 3.0, 6.0, 16.0 ], "rotation": 270, "autoUv": false }
					},
					"children": [
						{
							"name": "frayed ends14",
							"from": [ 0.0, 0.0, 0.0 ],
							"to": [ 2.0, 0.0, 1.5 ],
							"shade": false,
							"renderPass": 1,
							"rotationOrigin": [ 2.0, 0.0, 0.75 ],
							"rotationX": 45.0,
							"faces": {
								"down": { "texture": "#tall-north", "uv": [ 11.3333, 3.0, 6.0, 16.0 ], "rotation": 270, "autoUv": false }
							}
						},
						{
							"name": "frayed ends15",
							"from": [ 0.0, 0.0, 0.0 ],
							"to": [ 2.0, 0.0, 1.5 ],
							"shade": false,
							"renderPass": 1,
							"rotationOrigin": [ 2.0, 0.0, 0.75 ],
							"rotationX": -45.0,
							"faces": {
								"down": { "texture": "#tall-north", "uv": [ 11.3333, 3.0, 6.0, 16.0 ], "rotation": 270, "autoUv": false }
							}
						},
						{
							"name": "frayed ends16",
							"from": [ 0.0, 0.0, 0.0 ],
							"to": [ 2.0, 0.0, 1.5 ],
							"shade": false,
							"renderPass": 1,
							"rotationOrigin": [ 2.0, 0.0, 0.75 ],
							"rotationX": 90.0,
							"faces": {
								"down": { "texture": "#tall-north", "uv": [ 11.3333, 3.0, 6.0, 16.0 ], "rotation": 270, "autoUv": false }
							}
						}
					]
				}
			],
			"attachmentpoints": [
				{
					"code": "RopeConnect4",
					"posX": "4.6","posY": "0.5","posZ": "0.5",
					"rotationX": "0.0","rotationY": "0.0","rotationZ": "0.0"
				}
			]
		},
		{
			"name": "rope_section5",
			"from": [ 4.3, 0.0, 4.4 ],
			"to": [ 9.5, 1.0, 5.4 ],
			"renderInEditor": false,
			"rotationOrigin": [ 9.5, 0.0, 5.3 ],
			"faces": {
				"north": { "texture": "#rope", "uv": [ 0.0, 0.0, 5.0, 1.0 ] },
				"east": { "texture": "#rope", "uv": [ 0.0, 0.0, 1.0, 1.0 ] },
				"south": { "texture": "#rope", "uv": [ 0.0, 0.0, 5.0, 1.0 ] },
				"west": { "texture": "#rope", "uv": [ 0.0, 0.0, 1.0, 1.0 ] },
				"up": { "texture": "#rope", "uv": [ 0.0, 0.0, 5.0, 1.0 ] },
				"down": { "texture": "#rope", "uv": [ 0.0, 0.0, 5.0, 1.0 ] }
			},
			"children": [
				{
					"name": "frayed_end5",
					"from": [ 0.0, 0.5, -1.25 ],
					"to": [ 2.0, 0.5, 0.25 ],
					"shade": false,
					"renderPass": 1,
					"renderInEditor": false,
					"rotationOrigin": [ 0.0, 0.0, 0.0 ],
					"rotationY": 180.0,
					"faces": {
						"down": { "texture": "#tall-north", "uv": [ 11.3333, 3.0, 6.0, 16.0 ], "rotation": 270, "autoUv": false }
					},
					"children": [
						{
							"name": "frayed ends18",
							"from": [ 0.0, 0.0, 0.0 ],
							"to": [ 2.0, 0.0, 1.5 ],
							"shade": false,
							"renderPass": 1,
							"rotationOrigin": [ 2.0, 0.0, 0.75 ],
							"rotationX": 45.0,
							"faces": {
								"down": { "texture": "#tall-north", "uv": [ 11.3333, 3.0, 6.0, 16.0 ], "rotation": 270, "autoUv": false }
							}
						},
						{
							"name": "frayed ends19",
							"from": [ 0.0, 0.0, 0.0 ],
							"to": [ 2.0, 0.0, 1.5 ],
							"shade": false,
							"renderPass": 1,
							"rotationOrigin": [ 2.0, 0.0, 0.75 ],
							"rotationX": -45.0,
							"faces": {
								"down": { "texture": "#tall-north", "uv": [ 11.3333, 3.0, 6.0, 16.0 ], "rotation": 270, "autoUv": false }
							}
						},
						{
							"name": "frayed ends20",
							"from": [ 0.0, 0.0, 0.0 ],
							"to": [ 2.0, 0.0, 1.5 ],
							"shade": false,
							"renderPass": 1,
							"rotationOrigin": [ 2.0, 0.0, 0.75 ],
							"rotationX": 90.0,
							"faces": {
								"down": { "texture": "#tall-north", "uv": [ 11.3333, 3.0, 6.0, 16.0 ], "rotation": 270, "autoUv": false }
							}
						}
					]
				}
			],
			"attachmentpoints": [
				{
					"code": "RopeConnect5",
					"posX": "0.5","posY": "0.5","posZ": "0.5",
					"rotationX": "0.0","rotationY": "0.0","rotationZ": "0.0"
				}
			]
		},
		{
			"name": "rope_section6",
			"from": [ 4.3, 0.0, 5.4 ],
			"to": [ 5.3, 1.0, 8.4 ],
			"renderInEditor": false,
			"rotationOrigin": [ 4.9358, 0.0, 5.4288 ],
			"faces": {
				"north": { "texture": "#rope", "uv": [ 0.0, 0.0, 1.0, 1.0 ] },
				"east": { "texture": "#rope", "uv": [ 0.0, 0.0, 3.0, 1.0 ] },
				"south": { "texture": "#rope", "uv": [ 0.0, 0.0, 1.0, 1.0 ] },
				"west": { "texture": "#rope", "uv": [ 0.0, 0.0, 3.0, 1.0 ] },
				"up": { "texture": "#rope", "uv": [ 0.0, 0.0, 1.0, 3.0 ] },
				"down": { "texture": "#rope", "uv": [ 0.0, 0.0, 1.0, 3.0 ] }
			},
			"children": [
				{
					"name": "frayed_end6",
					"from": [ 1.0, 0.5, 2.75 ],
					"to": [ 3.0, 0.5, 4.25 ],
					"shade": false,
					"renderPass": 1,
					"renderInEditor": false,
					"rotationOrigin": [ 1.0, 0.0, 3.0 ],
					"rotationY": -90.0,
					"faces": {
						"down": { "texture": "#tall-north", "uv": [ 11.3333, 3.0, 6.0, 16.0 ], "rotation": 270, "autoUv": false }
					},
					"children": [
						{
							"name": "frayed ends22",
							"from": [ 0.0, 0.0, 0.0 ],
							"to": [ 2.0, 0.0, 1.5 ],
							"shade": false,
							"renderPass": 1,
							"rotationOrigin": [ 2.0, 0.0, 0.75 ],
							"rotationX": 45.0,
							"faces": {
								"down": { "texture": "#tall-north", "uv": [ 11.3333, 3.0, 6.0, 16.0 ], "rotation": 270, "autoUv": false }
							}
						},
						{
							"name": "frayed ends23",
							"from": [ 0.0, 0.0, 0.0 ],
							"to": [ 2.0, 0.0, 1.5 ],
							"shade": false,
							"renderPass": 1,
							"rotationOrigin": [ 2.0, 0.0, 0.75 ],
							"rotationX": -45.0,
							"faces": {
								"down": { "texture": "#tall-north", "uv": [ 11.3333, 3.0, 6.0, 16.0 ], "rotation": 270, "autoUv": false }
							}
						},
						{
							"name": "frayed ends24",
							"from": [ 0.0, 0.0, 0.0 ],
							"to": [ 2.0, 0.0, 1.5 ],
							"shade": false,
							"renderPass": 1,
							"rotationOrigin": [ 2.0, 0.0, 0.75 ],
							"rotationX": 90.0,
							"faces": {
								"down": { "texture": "#tall-north", "uv": [ 11.3333, 3.0, 6.0, 16.0 ], "rotation": 270, "autoUv": false }
							}
						}
					]
				}
			],
			"attachmentpoints": [
				{
					"code": "RopeConnect6",
					"posX": "0.5","posY": "0.5","posZ": "2.5",
					"rotationX": "0.0","rotationY": "0.0","rotationZ": "0.0"
				}
			]
		},
		{
			"name": "rope_section7",
			"from": [ 4.3, 0.0, 8.4 ],
			"to": [ 5.3, 1.0, 11.6 ],
			"renderInEditor": false,
			"rotationOrigin": [ 5.0, 0.0, 8.5 ],
			"faces": {
				"north": { "texture": "#rope", "uv": [ 0.0, 0.0, 1.0, 1.0 ] },
				"east": { "texture": "#rope", "uv": [ 0.0, 0.0, 3.0, 1.0 ] },
				"south": { "texture": "#rope", "uv": [ 0.0, 0.0, 1.0, 1.0 ] },
				"west": { "texture": "#rope", "uv": [ 0.0, 0.0, 3.0, 1.0 ] },
				"up": { "texture": "#rope", "uv": [ 0.0, 0.0, 1.0, 3.0 ] },
				"down": { "texture": "#rope", "uv": [ 0.0, 0.0, 1.0, 3.0 ] }
			},
			"children": [
				{
					"name": "frayed_end7",
					"from": [ 1.2, 0.5, 2.75 ],
					"to": [ 3.2, 0.5, 4.25 ],
					"shade": false,
					"renderPass": 1,
					"renderInEditor": false,
					"rotationOrigin": [ 1.0, 0.0, 3.0 ],
					"rotationY": -90.0,
					"faces": {
						"down": { "texture": "#tall-north", "uv": [ 11.3333, 3.0, 6.0, 16.0 ], "rotation": 270, "autoUv": false }
					},
					"children": [
						{
							"name": "frayed ends26",
							"from": [ 0.0, 0.0, 0.0 ],
							"to": [ 2.0, 0.0, 1.5 ],
							"shade": false,
							"renderPass": 1,
							"rotationOrigin": [ 2.0, 0.0, 0.75 ],
							"rotationX": 45.0,
							"faces": {
								"down": { "texture": "#tall-north", "uv": [ 11.3333, 3.0, 6.0, 16.0 ], "rotation": 270, "autoUv": false }
							}
						},
						{
							"name": "frayed ends27",
							"from": [ 0.0, 0.0, 0.0 ],
							"to": [ 2.0, 0.0, 1.5 ],
							"shade": false,
							"renderPass": 1,
							"rotationOrigin": [ 2.0, 0.0, 0.75 ],
							"rotationX": -45.0,
							"faces": {
								"down": { "texture": "#tall-north", "uv": [ 11.3333, 3.0, 6.0, 16.0 ], "rotation": 270, "autoUv": false }
							}
						},
						{
							"name": "frayed ends28",
							"from": [ 0.0, 0.0, 0.0 ],
							"to": [ 2.0, 0.0, 1.5 ],
							"shade": false,
							"renderPass": 1,
							"rotationOrigin": [ 2.0, 0.0, 0.75 ],
							"rotationX": 90.0,
							"faces": {
								"down": { "texture": "#tall-north", "uv": [ 11.3333, 3.0, 6.0, 16.0 ], "rotation": 270, "autoUv": false }
							}
						}
					],
					"attachmentpoints": [
						{
							"code": "RopeConnect7",
							"posX": "0.0","posY": "0.5","posZ": "-0.5",
							"rotationX": "0.0","rotationY": "0.0","rotationZ": "0.0"
						}
					]
				}
			],
			"attachmentpoints": [
				{
					"code": "RopeConnect7",
					"posX": "0.5","posY": "0.5","posZ": "2.7",
					"rotationX": "0.0","rotationY": "0.0","rotationZ": "0.0"
				}
			]
		},
		{
			"name": "rope_section8",
			"from": [ 5.3, 0.0, 10.6 ],
			"to": [ 8.3, 1.0, 11.6 ],
			"renderInEditor": false,
			"rotationOrigin": [ 6.0, 0.0, 11.5 ],
			"faces": {
				"north": { "texture": "#rope", "uv": [ 0.0, 0.0, 3.0, 1.0 ] },
				"east": { "texture": "#rope", "uv": [ 0.0, 0.0, 1.0, 1.0 ] },
				"south": { "texture": "#rope", "uv": [ 0.0, 0.0, 3.0, 1.0 ] },
				"west": { "texture": "#rope", "uv": [ 0.0, 0.0, 1.0, 1.0 ] },
				"up": { "texture": "#rope", "uv": [ 0.0, 0.0, 3.0, 1.0 ] },
				"down": { "texture": "#rope", "uv": [ 0.0, 0.0, 3.0, 1.0 ] }
			},
			"children": [
				{
					"name": "frayed_end8",
					"from": [ 3.0, 0.5, -0.25 ],
					"to": [ 5.0, 0.5, 1.25 ],
					"shade": false,
					"renderPass": 1,
					"renderInEditor": false,
					"rotationOrigin": [ 3.0, 0.0, 0.0 ],
					"faces": {
						"down": { "texture": "#tall-north", "uv": [ 11.3333, 3.0, 6.0, 16.0 ], "rotation": 270, "autoUv": false }
					},
					"children": [
						{
							"name": "frayed ends30",
							"from": [ 0.0, 0.0, 0.0 ],
							"to": [ 2.0, 0.0, 1.5 ],
							"shade": false,
							"renderPass": 1,
							"rotationOrigin": [ 2.0, 0.0, 0.75 ],
							"rotationX": 45.0,
							"faces": {
								"down": { "texture": "#tall-north", "uv": [ 11.3333, 3.0, 6.0, 16.0 ], "rotation": 270, "autoUv": false }
							}
						},
						{
							"name": "frayed ends31",
							"from": [ 0.0, 0.0, 0.0 ],
							"to": [ 2.0, 0.0, 1.5 ],
							"shade": false,
							"renderPass": 1,
							"rotationOrigin": [ 2.0, 0.0, 0.75 ],
							"rotationX": -45.0,
							"faces": {
								"down": { "texture": "#tall-north", "uv": [ 11.3333, 3.0, 6.0, 16.0 ], "rotation": 270, "autoUv": false }
							}
						},
						{
							"name": "frayed ends32",
							"from": [ 0.0, 0.0, 0.0 ],
							"to": [ 2.0, 0.0, 1.5 ],
							"shade": false,
							"renderPass": 1,
							"rotationOrigin": [ 2.0, 0.0, 0.75 ],
							"rotationX": 90.0,
							"faces": {
								"down": { "texture": "#tall-north", "uv": [ 11.3333, 3.0, 6.0, 16.0 ], "rotation": 270, "autoUv": false }
							}
						}
					]
				}
			],
			"attachmentpoints": [
				{
					"code": "RopeConnect8",
					"posX": "2.5","posY": "0.5","posZ": "0.5",
					"rotationX": "0.0","rotationY": "0.0","rotationZ": "0.0"
				}
			]
		},
		{
			"name": "rope_section9",
			"from": [ 8.3, 0.0, 10.6 ],
			"to": [ 11.6, 1.0, 11.6 ],
			"renderInEditor": false,
			"rotationOrigin": [ 9.0, 0.0, 11.5 ],
			"faces": {
				"north": { "texture": "#rope", "uv": [ 0.0, 0.0, 3.0, 1.0 ] },
				"east": { "texture": "#rope", "uv": [ 0.0, 0.0, 1.0, 1.0 ] },
				"south": { "texture": "#rope", "uv": [ 0.0, 0.0, 3.0, 1.0 ] },
				"west": { "texture": "#rope", "uv": [ 0.0, 0.0, 1.0, 1.0 ] },
				"up": { "texture": "#rope", "uv": [ 0.0, 0.0, 3.0, 1.0 ] },
				"down": { "texture": "#rope", "uv": [ 0.0, 0.0, 3.0, 1.0 ] }
			},
			"children": [
				{
					"name": "frayed_end9",
					"from": [ 3.3, 0.5, -0.25 ],
					"to": [ 5.3, 0.5, 1.25 ],
					"shade": false,
					"renderPass": 1,
					"renderInEditor": false,
					"rotationOrigin": [ 3.0, 0.0, 0.0 ],
					"faces": {
						"down": { "texture": "#tall-north", "uv": [ 11.3333, 3.0, 6.0, 16.0 ], "rotation": 270, "autoUv": false }
					},
					"children": [
						{
							"name": "frayed ends34",
							"from": [ 0.0, 0.0, 0.0 ],
							"to": [ 2.0, 0.0, 1.5 ],
							"shade": false,
							"renderPass": 1,
							"rotationOrigin": [ 2.0, 0.0, 0.75 ],
							"rotationX": 45.0,
							"faces": {
								"down": { "texture": "#tall-north", "uv": [ 11.3333, 3.0, 6.0, 16.0 ], "rotation": 270, "autoUv": false }
							}
						},
						{
							"name": "frayed ends35",
							"from": [ 0.0, 0.0, 0.0 ],
							"to": [ 2.0, 0.0, 1.5 ],
							"shade": false,
							"renderPass": 1,
							"rotationOrigin": [ 2.0, 0.0, 0.75 ],
							"rotationX": -45.0,
							"faces": {
								"down": { "texture": "#tall-north", "uv": [ 11.3333, 3.0, 6.0, 16.0 ], "rotation": 270, "autoUv": false }
							}
						},
						{
							"name": "frayed ends36",
							"from": [ 0.0, 0.0, 0.0 ],
							"to": [ 2.0, 0.0, 1.5 ],
							"shade": false,
							"renderPass": 1,
							"rotationOrigin": [ 2.0, 0.0, 0.75 ],
							"rotationX": 90.0,
							"faces": {
								"down": { "texture": "#tall-north", "uv": [ 11.3333, 3.0, 6.0, 16.0 ], "rotation": 270, "autoUv": false }
							}
						}
					]
				}
			],
			"attachmentpoints": [
				{
					"code": "RopeConnect9",
					"posX": "2.7","posY": "0.5","posZ": "0.5",
					"rotationX": "0.0","rotationY": "0.0","rotationZ": "0.0"
				}
			]
		},
		{
			"name": "rope_section10",
			"from": [ 10.6, 0.0, 6.6 ],
			"to": [ 11.6, 1.0, 10.6 ],
			"renderInEditor": false,
			"rotationOrigin": [ 11.0, 0.0, 7.5 ],
			"faces": {
				"north": { "texture": "#rope", "uv": [ 0.0, 0.0, 1.0, 1.0 ] },
				"east": { "texture": "#rope", "uv": [ 0.0, 0.0, 4.0, 1.0 ] },
				"south": { "texture": "#rope", "uv": [ 0.0, 0.0, 1.0, 1.0 ] },
				"west": { "texture": "#rope", "uv": [ 0.0, 0.0, 4.0, 1.0 ] },
				"up": { "texture": "#rope", "uv": [ 0.0, 0.0, 1.0, 4.0 ] },
				"down": { "texture": "#rope", "uv": [ 0.0, 0.0, 1.0, 4.0 ] }
			},
			"children": [
				{
					"name": "frayed_end10",
					"from": [ 0.0, 0.5, -0.25 ],
					"to": [ 2.0, 0.5, 1.25 ],
					"shade": false,
					"renderPass": 1,
					"renderInEditor": false,
					"rotationOrigin": [ 0.0, 0.0, 0.0 ],
					"rotationY": 90.0,
					"faces": {
						"down": { "texture": "#tall-north", "uv": [ 11.3333, 3.0, 6.0, 16.0 ], "rotation": 270, "autoUv": false }
					},
					"children": [
						{
							"name": "frayed ends38",
							"from": [ 0.0, 0.0, 0.0 ],
							"to": [ 2.0, 0.0, 1.5 ],
							"shade": false,
							"renderPass": 1,
							"rotationOrigin": [ 2.0, 0.0, 0.75 ],
							"rotationX": 45.0,
							"faces": {
								"down": { "texture": "#tall-north", "uv": [ 11.3333, 3.0, 6.0, 16.0 ], "rotation": 270, "autoUv": false }
							}
						},
						{
							"name": "frayed ends39",
							"from": [ 0.0, 0.0, 0.0 ],
							"to": [ 2.0, 0.0, 1.5 ],
							"shade": false,
							"renderPass": 1,
							"rotationOrigin": [ 2.0, 0.0, 0.75 ],
							"rotationX": -45.0,
							"faces": {
								"down": { "texture": "#tall-north", "uv": [ 11.3333, 3.0, 6.0, 16.0 ], "rotation": 270, "autoUv": false }
							}
						},
						{
							"name": "frayed ends40",
							"from": [ 0.0, 0.0, 0.0 ],
							"to": [ 2.0, 0.0, 1.5 ],
							"shade": false,
							"renderPass": 1,
							"rotationOrigin": [ 2.0, 0.0, 0.75 ],
							"rotationX": 90.0,
							"faces": {
								"down": { "texture": "#tall-north", "uv": [ 11.3333, 3.0, 6.0, 16.0 ], "rotation": 270, "autoUv": false }
							}
						}
					]
				}
			],
			"attachmentpoints": [
				{
					"code": "RopeConnect10",
					"posX": "0.5","posY": "0.5","posZ": "0.5",
					"rotationX": "0.0","rotationY": "0.0","rotationZ": "0.0"
				}
			]
		},
		{
			"name": "rope_section11",
			"from": [ 10.6, 0.0, 3.3 ],
			"to": [ 11.6, 1.0, 6.6 ],
			"renderInEditor": false,
			"rotationOrigin": [ 11.0, 0.0, 4.5 ],
			"faces": {
				"north": { "texture": "#rope", "uv": [ 0.0, 0.0, 1.0, 1.0 ] },
				"east": { "texture": "#rope", "uv": [ 0.0, 0.0, 3.0, 1.0 ] },
				"south": { "texture": "#rope", "uv": [ 0.0, 0.0, 1.0, 1.0 ] },
				"west": { "texture": "#rope", "uv": [ 0.0, 0.0, 3.0, 1.0 ] },
				"up": { "texture": "#rope", "uv": [ 0.0, 0.0, 1.0, 3.0 ] },
				"down": { "texture": "#rope", "uv": [ 0.0, 0.0, 1.0, 3.0 ] }
			},
			"children": [
				{
					"name": "frayed_end11",
					"from": [ 0.0, 0.5, -0.25 ],
					"to": [ 2.0, 0.5, 1.25 ],
					"shade": false,
					"renderPass": 1,
					"renderInEditor": false,
					"rotationOrigin": [ 0.0, 0.0, 0.0 ],
					"rotationY": 90.0,
					"faces": {
						"down": { "texture": "#tall-north", "uv": [ 11.3333, 3.0, 6.0, 16.0 ], "rotation": 270, "autoUv": false }
					},
					"children": [
						{
							"name": "frayed ends42",
							"from": [ 0.0, 0.0, 0.0 ],
							"to": [ 2.0, 0.0, 1.5 ],
							"shade": false,
							"renderPass": 1,
							"rotationOrigin": [ 2.0, 0.0, 0.75 ],
							"rotationX": 45.0,
							"faces": {
								"down": { "texture": "#tall-north", "uv": [ 11.3333, 3.0, 6.0, 16.0 ], "rotation": 270, "autoUv": false }
							}
						},
						{
							"name": "frayed ends43",
							"from": [ 0.0, 0.0, 0.0 ],
							"to": [ 2.0, 0.0, 1.5 ],
							"shade": false,
							"renderPass": 1,
							"rotationOrigin": [ 2.0, 0.0, 0.75 ],
							"rotationX": -45.0,
							"faces": {
								"down": { "texture": "#tall-north", "uv": [ 11.3333, 3.0, 6.0, 16.0 ], "rotation": 270, "autoUv": false }
							}
						},
						{
							"name": "frayed ends44",
							"from": [ 0.0, 0.0, 0.0 ],
							"to": [ 2.0, 0.0, 1.5 ],
							"shade": false,
							"renderPass": 1,
							"rotationOrigin": [ 2.0, 0.0, 0.75 ],
							"rotationX": 90.0,
							"faces": {
								"down": { "texture": "#tall-north", "uv": [ 11.3333, 3.0, 6.0, 16.0 ], "rotation": 270, "autoUv": false }
							}
						}
					]
				}
			],
			"attachmentpoints": [
				{
					"code": "RopeConnect11",
					"posX": "0.5","posY": "0.5","posZ": "0.5",
					"rotationX": "0.0","rotationY": "0.0","rotationZ": "0.0"
				}
			]
		},
		{
			"name": "rope_section12",
			"from": [ 6.6, 0.0, 3.3 ],
			"to": [ 10.6, 1.0, 4.3 ],
			"renderInEditor": false,
			"rotationOrigin": [ 7.0, 0.0, 4.5 ],
			"faces": {
				"north": { "texture": "#rope", "uv": [ 0.0, 0.0, 4.0, 1.0 ] },
				"east": { "texture": "#rope", "uv": [ 0.0, 0.0, 1.0, 1.0 ] },
				"south": { "texture": "#rope", "uv": [ 0.0, 0.0, 4.0, 1.0 ] },
				"west": { "texture": "#rope", "uv": [ 0.0, 0.0, 1.0, 1.0 ] },
				"up": { "texture": "#rope", "uv": [ 0.0, 0.0, 4.0, 1.0 ] },
				"down": { "texture": "#rope", "uv": [ 0.0, 0.0, 4.0, 1.0 ] }
			},
			"children": [
				{
					"name": "frayed_end12",
					"from": [ 0.0, 0.5, -1.25 ],
					"to": [ 2.0, 0.5, 0.25 ],
					"shade": false,
					"renderPass": 1,
					"renderInEditor": false,
					"rotationOrigin": [ 0.0, 0.0, 0.0 ],
					"rotationY": 180.0,
					"faces": {
						"down": { "texture": "#tall-north", "uv": [ 11.3333, 3.0, 6.0, 16.0 ], "rotation": 270, "autoUv": false }
					},
					"children": [
						{
							"name": "frayed ends46",
							"from": [ 0.0, 0.0, 0.0 ],
							"to": [ 2.0, 0.0, 1.5 ],
							"shade": false,
							"renderPass": 1,
							"rotationOrigin": [ 2.0, 0.0, 0.75 ],
							"rotationX": 45.0,
							"faces": {
								"down": { "texture": "#tall-north", "uv": [ 11.3333, 3.0, 6.0, 16.0 ], "rotation": 270, "autoUv": false }
							}
						},
						{
							"name": "frayed ends47",
							"from": [ 0.0, 0.0, 0.0 ],
							"to": [ 2.0, 0.0, 1.5 ],
							"shade": false,
							"renderPass": 1,
							"rotationOrigin": [ 2.0, 0.0, 0.75 ],
							"rotationX": -45.0,
							"faces": {
								"down": { "texture": "#tall-north", "uv": [ 11.3333, 3.0, 6.0, 16.0 ], "rotation": 270, "autoUv": false }
							}
						},
						{
							"name": "frayed ends48",
							"from": [ 0.0, 0.0, 0.0 ],
							"to": [ 2.0, 0.0, 1.5 ],
							"shade": false,
							"renderPass": 1,
							"rotationOrigin": [ 2.0, 0.0, 0.75 ],
							"rotationX": 90.0,
							"faces": {
								"down": { "texture": "#tall-north", "uv": [ 11.3333, 3.0, 6.0, 16.0 ], "rotation": 270, "autoUv": false }
							}
						}
					]
				}
			],
			"attachmentpoints": [
				{
					"code": "RopeConnect12",
					"posX": "0.5","posY": "0.5","posZ": "0.5",
					"rotationX": "0.0","rotationY": "0.0","rotationZ": "0.0"
				}
			]
		},
		{
			"name": "rope_section13",
			"from": [ 3.2, 0.0, 3.3 ],
			"to": [ 6.6, 1.0, 4.3 ],
			"renderInEditor": false,
			"rotationOrigin": [ 4.0, 0.0, 4.5 ],
			"faces": {
				"north": { "texture": "#rope", "uv": [ 0.0, 0.0, 3.0, 1.0 ] },
				"east": { "texture": "#rope", "uv": [ 0.0, 0.0, 1.0, 1.0 ] },
				"south": { "texture": "#rope", "uv": [ 0.0, 0.0, 3.0, 1.0 ] },
				"west": { "texture": "#rope", "uv": [ 0.0, 0.0, 1.0, 1.0 ] },
				"up": { "texture": "#rope", "uv": [ 0.0, 0.0, 3.0, 1.0 ] },
				"down": { "texture": "#rope", "uv": [ 0.0, 0.0, 3.0, 1.0 ] }
			},
			"children": [
				{
					"name": "frayed_end13",
					"from": [ 0.0, 0.5, 0.75 ],
					"to": [ 2.0, 0.5, 2.25 ],
					"shade": false,
					"renderPass": 1,
					"renderInEditor": false,
					"rotationOrigin": [ 0.0, 0.0, 1.0 ],
					"rotationY": 180.0,
					"faces": {
						"down": { "texture": "#tall-north", "uv": [ 11.3333, 3.0, 6.0, 16.0 ], "rotation": 270, "autoUv": false }
					},
					"children": [
						{
							"name": "frayed ends50",
							"from": [ 0.0, 0.0, 0.0 ],
							"to": [ 2.0, 0.0, 1.5 ],
							"shade": false,
							"renderPass": 1,
							"rotationOrigin": [ 2.0, 0.0, 0.75 ],
							"rotationX": 45.0,
							"faces": {
								"down": { "texture": "#tall-north", "uv": [ 11.3333, 3.0, 6.0, 16.0 ], "rotation": 270, "autoUv": false }
							}
						},
						{
							"name": "frayed ends51",
							"from": [ 0.0, 0.0, 0.0 ],
							"to": [ 2.0, 0.0, 1.5 ],
							"shade": false,
							"renderPass": 1,
							"rotationOrigin": [ 2.0, 0.0, 0.75 ],
							"rotationX": -45.0,
							"faces": {
								"down": { "texture": "#tall-north", "uv": [ 11.3333, 3.0, 6.0, 16.0 ], "rotation": 270, "autoUv": false }
							}
						},
						{
							"name": "frayed ends52",
							"from": [ 0.0, 0.0, 0.0 ],
							"to": [ 2.0, 0.0, 1.5 ],
							"shade": false,
							"renderPass": 1,
							"rotationOrigin": [ 2.0, 0.0, 0.75 ],
							"rotationX": 90.0,
							"faces": {
								"down": { "texture": "#tall-north", "uv": [ 11.3333, 3.0, 6.0, 16.0 ], "rotation": 270, "autoUv": false }
							}
						}
					]
				}
			],
			"attachmentpoints": [
				{
					"code": "RopeConnect13",
					"posX": "0.5","posY": "0.5","posZ": "0.5",
					"rotationX": "0.0","rotationY": "0.0","rotationZ": "0.0"
				}
			]
		},
		{
			"name": "rope_section14",
			"from": [ 3.2, 0.0, 4.3 ],
			"to": [ 4.2, 1.0, 8.3 ],
			"renderInEditor": false,
			"rotationOrigin": [ 4.0, 0.0, 5.5 ],
			"faces": {
				"north": { "texture": "#rope", "uv": [ 0.0, 0.0, 1.0, 1.0 ] },
				"east": { "texture": "#rope", "uv": [ 0.0, 0.0, 4.0, 1.0 ] },
				"south": { "texture": "#rope", "uv": [ 0.0, 0.0, 1.0, 1.0 ] },
				"west": { "texture": "#rope", "uv": [ 0.0, 0.0, 4.0, 1.0 ] },
				"up": { "texture": "#rope", "uv": [ 0.0, 0.0, 1.0, 4.0 ] },
				"down": { "texture": "#rope", "uv": [ 0.0, 0.0, 1.0, 4.0 ] }
			},
			"children": [
				{
					"name": "frayed_end14",
					"from": [ 1.0, 0.5, 3.75 ],
					"to": [ 3.0, 0.5, 5.25 ],
					"shade": false,
					"renderPass": 1,
					"renderInEditor": false,
					"rotationOrigin": [ 1.0, 0.0, 4.0 ],
					"rotationY": -90.0,
					"faces": {
						"down": { "texture": "#tall-north", "uv": [ 11.3333, 3.0, 6.0, 16.0 ], "rotation": 270, "autoUv": false }
					},
					"children": [
						{
							"name": "frayed ends54",
							"from": [ 0.0, 0.0, 0.0 ],
							"to": [ 2.0, 0.0, 1.5 ],
							"shade": false,
							"renderPass": 1,
							"rotationOrigin": [ 2.0, 0.0, 0.75 ],
							"rotationX": 45.0,
							"faces": {
								"down": { "texture": "#tall-north", "uv": [ 11.3333, 3.0, 6.0, 16.0 ], "rotation": 270, "autoUv": false }
							}
						},
						{
							"name": "frayed ends55",
							"from": [ 0.0, 0.0, 0.0 ],
							"to": [ 2.0, 0.0, 1.5 ],
							"shade": false,
							"renderPass": 1,
							"rotationOrigin": [ 2.0, 0.0, 0.75 ],
							"rotationX": -45.0,
							"faces": {
								"down": { "texture": "#tall-north", "uv": [ 11.3333, 3.0, 6.0, 16.0 ], "rotation": 270, "autoUv": false }
							}
						},
						{
							"name": "frayed ends56",
							"from": [ 0.0, 0.0, 0.0 ],
							"to": [ 2.0, 0.0, 1.5 ],
							"shade": false,
							"renderPass": 1,
							"rotationOrigin": [ 2.0, 0.0, 0.75 ],
							"rotationX": 90.0,
							"faces": {
								"down": { "texture": "#tall-north", "uv": [ 11.3333, 3.0, 6.0, 16.0 ], "rotation": 270, "autoUv": false }
							}
						}
					]
				}
			],
			"attachmentpoints": [
				{
					"code": "RopeConnect14",
					"posX": "0.5","posY": "0.5","posZ": "3.5",
					"rotationX": "0.0","rotationY": "0.0","rotationZ": "0.0"
				}
			]
		},
		{
			"name": "rope_section15",
			"from": [ 3.2, 0.0, 8.3 ],
			"to": [ 4.2, 1.0, 12.7 ],
			"renderInEditor": false,
			"rotationOrigin": [ 4.0, 0.0, 9.5 ],
			"faces": {
				"north": { "texture": "#rope", "uv": [ 0.0, 0.0, 1.0, 1.0 ] },
				"east": { "texture": "#rope", "uv": [ 0.0, 0.0, 4.0, 1.0 ] },
				"south": { "texture": "#rope", "uv": [ 0.0, 0.0, 1.0, 1.0 ] },
				"west": { "texture": "#rope", "uv": [ 0.0, 0.0, 4.0, 1.0 ] },
				"up": { "texture": "#rope", "uv": [ 0.0, 0.0, 1.0, 4.0 ] },
				"down": { "texture": "#rope", "uv": [ 0.0, 0.0, 1.0, 4.0 ] }
			},
			"children": [
				{
					"name": "frayed_end15",
					"from": [ 1.4, 0.5, 3.75 ],
					"to": [ 3.4, 0.5, 5.25 ],
					"shade": false,
					"renderPass": 1,
					"renderInEditor": false,
					"rotationOrigin": [ 1.0, 0.0, 4.0 ],
					"rotationY": -89.9802,
					"faces": {
						"down": { "texture": "#tall-north", "uv": [ 11.3333, 3.0, 6.0, 16.0 ], "rotation": 270, "autoUv": false }
					},
					"children": [
						{
							"name": "frayed ends58",
							"from": [ 0.0, 0.0, 0.0 ],
							"to": [ 2.0, 0.0, 1.5 ],
							"shade": false,
							"renderPass": 1,
							"rotationOrigin": [ 2.0, 0.0, 0.75 ],
							"rotationX": 45.0,
							"faces": {
								"down": { "texture": "#tall-north", "uv": [ 11.3333, 3.0, 6.0, 16.0 ], "rotation": 270, "autoUv": false }
							}
						},
						{
							"name": "frayed ends59",
							"from": [ 0.0, 0.0, 0.0 ],
							"to": [ 2.0, 0.0, 1.5 ],
							"shade": false,
							"renderPass": 1,
							"rotationOrigin": [ 2.0, 0.0, 0.75 ],
							"rotationX": -45.0,
							"faces": {
								"down": { "texture": "#tall-north", "uv": [ 11.3333, 3.0, 6.0, 16.0 ], "rotation": 270, "autoUv": false }
							}
						},
						{
							"name": "frayed ends60",
							"from": [ 0.0, 0.0, 0.0 ],
							"to": [ 2.0, 0.0, 1.5 ],
							"shade": false,
							"renderPass": 1,
							"rotationOrigin": [ 2.0, 0.0, 0.75 ],
							"rotationX": 90.0,
							"faces": {
								"down": { "texture": "#tall-north", "uv": [ 11.3333, 3.0, 6.0, 16.0 ], "rotation": 270, "autoUv": false }
							}
						}
					]
				}
			],
			"attachmentpoints": [
				{
					"code": "RopeConnect15",
					"posX": "0.5","posY": "0.5","posZ": "3.8",
					"rotationX": "0.0","rotationY": "0.0","rotationZ": "0.0"
				}
			]
		},
		{
			"name": "rope_section16",
			"from": [ 4.2, 0.0, 11.7 ],
			"to": [ 8.2, 1.0, 12.7 ],
			"renderInEditor": false,
			"rotationOrigin": [ 5.0, 0.0, 13.5 ],
			"faces": {
				"north": { "texture": "#rope", "uv": [ 0.0, 0.0, 4.0, 1.0 ] },
				"east": { "texture": "#rope", "uv": [ 0.0, 0.0, 1.0, 1.0 ] },
				"south": { "texture": "#rope", "uv": [ 0.0, 0.0, 4.0, 1.0 ] },
				"west": { "texture": "#rope", "uv": [ 0.0, 0.0, 1.0, 1.0 ] },
				"up": { "texture": "#rope", "uv": [ 0.0, 0.0, 4.0, 1.0 ] },
				"down": { "texture": "#rope", "uv": [ 0.0, 0.0, 4.0, 1.0 ] }
			},
			"children": [
				{
					"name": "frayed_end16",
					"from": [ 4.0, 0.5, -0.25 ],
					"to": [ 6.0, 0.5, 1.25 ],
					"shade": false,
					"renderPass": 1,
					"renderInEditor": false,
					"rotationOrigin": [ 4.0, 0.0, 0.0 ],
					"faces": {
						"down": { "texture": "#tall-north", "uv": [ 11.3333, 3.0, 6.0, 16.0 ], "rotation": 270, "autoUv": false }
					},
					"children": [
						{
							"name": "frayed ends62",
							"from": [ 0.0, 0.0, 0.0 ],
							"to": [ 2.0, 0.0, 1.5 ],
							"shade": false,
							"renderPass": 1,
							"rotationOrigin": [ 2.0, 0.0, 0.75 ],
							"rotationX": 45.0,
							"faces": {
								"down": { "texture": "#tall-north", "uv": [ 11.3333, 3.0, 6.0, 16.0 ], "rotation": 270, "autoUv": false }
							}
						},
						{
							"name": "frayed ends63",
							"from": [ 0.0, 0.0, 0.0 ],
							"to": [ 2.0, 0.0, 1.5 ],
							"shade": false,
							"renderPass": 1,
							"rotationOrigin": [ 2.0, 0.0, 0.75 ],
							"rotationX": -45.0,
							"faces": {
								"down": { "texture": "#tall-north", "uv": [ 11.3333, 3.0, 6.0, 16.0 ], "rotation": 270, "autoUv": false }
							}
						},
						{
							"name": "frayed ends64",
							"from": [ 0.0, 0.0, 0.0 ],
							"to": [ 2.0, 0.0, 1.5 ],
							"shade": false,
							"renderPass": 1,
							"rotationOrigin": [ 2.0, 0.0, 0.75 ],
							"rotationX": 90.0,
							"faces": {
								"down": { "texture": "#tall-north", "uv": [ 11.3333, 3.0, 6.0, 16.0 ], "rotation": 270, "autoUv": false }
							}
						}
					]
				}
			],
			"attachmentpoints": [
				{
					"code": "RopeConnect16",
					"posX": "3.5","posY": "0.5","posZ": "0.5",
					"rotationX": "0.0","rotationY": "0.0","rotationZ": "0.0"
				}
			]
		},
		{
			"name": "rope_section17",
			"from": [ 8.2, 0.0, 11.7 ],
			"to": [ 12.7, 1.0, 12.7 ],
			"renderInEditor": false,
			"rotationOrigin": [ 9.0, 0.0, 13.5 ],
			"faces": {
				"north": { "texture": "#rope", "uv": [ 0.0, 0.0, 4.5, 1.0 ] },
				"east": { "texture": "#rope", "uv": [ 0.0, 0.0, 1.0, 1.0 ] },
				"south": { "texture": "#rope", "uv": [ 0.0, 0.0, 4.5, 1.0 ] },
				"west": { "texture": "#rope", "uv": [ 0.0, 0.0, 1.0, 1.0 ] },
				"up": { "texture": "#rope", "uv": [ 0.0, 0.0, 4.5, 1.0 ] },
				"down": { "texture": "#rope", "uv": [ 0.0, 0.0, 4.5, 1.0 ] }
			},
			"children": [
				{
					"name": "frayed_end17",
					"from": [ 4.5, 0.5, -0.25 ],
					"to": [ 6.5, 0.5, 1.25 ],
					"shade": false,
					"renderPass": 1,
					"renderInEditor": false,
					"rotationOrigin": [ 4.0, 0.0, 0.0 ],
					"faces": {
						"down": { "texture": "#tall-north", "uv": [ 11.3333, 3.0, 6.0, 16.0 ], "rotation": 270, "autoUv": false }
					},
					"children": [
						{
							"name": "frayed ends66",
							"from": [ 0.0, 0.0, 0.0 ],
							"to": [ 2.0, 0.0, 1.5 ],
							"shade": false,
							"renderPass": 1,
							"rotationOrigin": [ 2.0, 0.0, 0.75 ],
							"rotationX": 45.0,
							"faces": {
								"down": { "texture": "#tall-north", "uv": [ 11.3333, 3.0, 6.0, 16.0 ], "rotation": 270, "autoUv": false }
							}
						},
						{
							"name": "frayed ends67",
							"from": [ 0.0, 0.0, 0.0 ],
							"to": [ 2.0, 0.0, 1.5 ],
							"shade": false,
							"renderPass": 1,
							"rotationOrigin": [ 2.0, 0.0, 0.75 ],
							"rotationX": -45.0,
							"faces": {
								"down": { "texture": "#tall-north", "uv": [ 11.3333, 3.0, 6.0, 16.0 ], "rotation": 270, "autoUv": false }
							}
						},
						{
							"name": "frayed ends68",
							"from": [ 0.0, 0.0, 0.0 ],
							"to": [ 2.0, 0.0, 1.5 ],
							"shade": false,
							"renderPass": 1,
							"rotationOrigin": [ 2.0, 0.0, 0.75 ],
							"rotationX": 90.0,
							"faces": {
								"down": { "texture": "#tall-north", "uv": [ 11.3333, 3.0, 6.0, 16.0 ], "rotation": 270, "autoUv": false }
							}
						}
					]
				}
			],
			"attachmentpoints": [
				{
					"code": "RopeConnect17",
					"posX": "4.0","posY": "0.5","posZ": "0.5",
					"rotationX": "0.0","rotationY": "0.0","rotationZ": "0.0"
				}
			]
		},
		{
			"name": "rope_section18",
			"from": [ 11.7, 0.0, 7.7 ],
			"to": [ 12.7, 1.0, 11.7 ],
			"renderInEditor": false,
			"rotationOrigin": [ 13.0, 0.0, 9.5 ],
			"faces": {
				"north": { "texture": "#rope", "uv": [ 0.0, 0.0, 1.0, 1.0 ] },
				"east": { "texture": "#rope", "uv": [ 0.0, 0.0, 4.0, 1.0 ] },
				"south": { "texture": "#rope", "uv": [ 0.0, 0.0, 1.0, 1.0 ] },
				"west": { "texture": "#rope", "uv": [ 0.0, 0.0, 4.0, 1.0 ] },
				"up": { "texture": "#rope", "uv": [ 0.0, 0.0, 1.0, 4.0 ] },
				"down": { "texture": "#rope", "uv": [ 0.0, 0.0, 1.0, 4.0 ] }
			},
			"children": [
				{
					"name": "frayed_end18",
					"from": [ 0.0, 0.5, -0.25 ],
					"to": [ 2.0, 0.5, 1.25 ],
					"shade": false,
					"renderPass": 1,
					"renderInEditor": false,
					"rotationOrigin": [ 0.0, 0.0, 0.0 ],
					"rotationY": 90.0,
					"faces": {
						"down": { "texture": "#tall-north", "uv": [ 11.3333, 3.0, 6.0, 16.0 ], "rotation": 270, "autoUv": false }
					},
					"children": [
						{
							"name": "frayed ends70",
							"from": [ 0.0, 0.0, 0.0 ],
							"to": [ 2.0, 0.0, 1.5 ],
							"shade": false,
							"renderPass": 1,
							"rotationOrigin": [ 2.0, 0.0, 0.75 ],
							"rotationX": 45.0,
							"faces": {
								"down": { "texture": "#tall-north", "uv": [ 11.3333, 3.0, 6.0, 16.0 ], "rotation": 270, "autoUv": false }
							}
						},
						{
							"name": "frayed ends71",
							"from": [ 0.0, 0.0, 0.0 ],
							"to": [ 2.0, 0.0, 1.5 ],
							"shade": false,
							"renderPass": 1,
							"rotationOrigin": [ 2.0, 0.0, 0.75 ],
							"rotationX": -45.0,
							"faces": {
								"down": { "texture": "#tall-north", "uv": [ 11.3333, 3.0, 6.0, 16.0 ], "rotation": 270, "autoUv": false }
							}
						},
						{
							"name": "frayed ends72",
							"from": [ 0.0, 0.0, 0.0 ],
							"to": [ 2.0, 0.0, 1.5 ],
							"shade": false,
							"renderPass": 1,
							"rotationOrigin": [ 2.0, 0.0, 0.75 ],
							"rotationX": 90.0,
							"faces": {
								"down": { "texture": "#tall-north", "uv": [ 11.3333, 3.0, 6.0, 16.0 ], "rotation": 270, "autoUv": false }
							}
						}
					]
				}
			],
			"attachmentpoints": [
				{
					"code": "RopeConnect18",
					"posX": "0.5","posY": "0.5","posZ": "0.5",
					"rotationX": "0.0","rotationY": "0.0","rotationZ": "0.0"
				}
			]
		},
		{
			"name": "rope_section19",
			"from": [ 11.7, 0.0, 3.7 ],
			"to": [ 12.7, 1.0, 7.7 ],
			"renderInEditor": false,
			"rotationOrigin": [ 13.0, 0.0, 5.5 ],
			"faces": {
				"north": { "texture": "#rope", "uv": [ 0.0, 0.0, 1.0, 1.0 ] },
				"east": { "texture": "#rope", "uv": [ 0.0, 0.0, 4.0, 1.0 ] },
				"south": { "texture": "#rope", "uv": [ 0.0, 0.0, 1.0, 1.0 ] },
				"west": { "texture": "#rope", "uv": [ 0.0, 0.0, 4.0, 1.0 ] },
				"up": { "texture": "#rope", "uv": [ 0.0, 0.0, 1.0, 4.0 ] },
				"down": { "texture": "#rope", "uv": [ 0.0, 0.0, 1.0, 4.0 ] }
			},
			"children": [
				{
					"name": "frayed_end19",
					"from": [ 0.0, 0.5, -0.25 ],
					"to": [ 2.0, 0.5, 1.25 ],
					"shade": false,
					"renderPass": 1,
					"renderInEditor": false,
					"rotationOrigin": [ 0.0, 0.0, 0.0 ],
					"rotationY": 90.0,
					"faces": {
						"down": { "texture": "#tall-north", "uv": [ 11.3333, 3.0, 6.0, 16.0 ], "rotation": 270, "autoUv": false }
					},
					"children": [
						{
							"name": "frayed ends74",
							"from": [ 0.0, 0.0, 0.0 ],
							"to": [ 2.0, 0.0, 1.5 ],
							"shade": false,
							"renderPass": 1,
							"rotationOrigin": [ 2.0, 0.0, 0.75 ],
							"rotationX": 45.0,
							"faces": {
								"down": { "texture": "#tall-north", "uv": [ 11.3333, 3.0, 6.0, 16.0 ], "rotation": 270, "autoUv": false }
							}
						},
						{
							"name": "frayed ends75",
							"from": [ 0.0, 0.0, 0.0 ],
							"to": [ 2.0, 0.0, 1.5 ],
							"shade": false,
							"renderPass": 1,
							"rotationOrigin": [ 2.0, 0.0, 0.75 ],
							"rotationX": -45.0,
							"faces": {
								"down": { "texture": "#tall-north", "uv": [ 11.3333, 3.0, 6.0, 16.0 ], "rotation": 270, "autoUv": false }
							}
						},
						{
							"name": "frayed ends76",
							"from": [ 0.0, 0.0, 0.0 ],
							"to": [ 2.0, 0.0, 1.5 ],
							"shade": false,
							"renderPass": 1,
							"rotationOrigin": [ 2.0, 0.0, 0.75 ],
							"rotationX": 90.0,
							"faces": {
								"down": { "texture": "#tall-north", "uv": [ 11.3333, 3.0, 6.0, 16.0 ], "rotation": 270, "autoUv": false }
							}
						}
					]
				}
			],
			"attachmentpoints": [
				{
					"code": "RopeConnect19",
					"posX": "0.5","posY": "0.5","posZ": "0.5",
					"rotationX": "0.0","rotationY": "0.0","rotationZ": "0.0"
				}
			]
		},
		{
			"name": "rope_section20",
			"from": [ 7.7, 1.0, 3.7 ],
			"to": [ 12.7, 2.0, 4.7 ],
			"renderInEditor": false,
			"rotationOrigin": [ 9.0, 1.0, 5.5 ],
			"faces": {
				"north": { "texture": "#rope", "uv": [ 0.0, 0.0, 5.0, 1.0 ] },
				"east": { "texture": "#rope", "uv": [ 0.0, 0.0, 1.0, 1.0 ] },
				"south": { "texture": "#rope", "uv": [ 0.0, 0.0, 5.0, 1.0 ] },
				"west": { "texture": "#rope", "uv": [ 0.0, 0.0, 1.0, 1.0 ] },
				"up": { "texture": "#rope", "uv": [ 0.0, 0.0, 5.0, 1.0 ] },
				"down": { "texture": "#rope", "uv": [ 0.0, 0.0, 5.0, 1.0 ] }
			},
			"children": [
				{
					"name": "frayed_end20",
					"from": [ 0.0, 0.5, 0.75 ],
					"to": [ 2.0, 0.5, 2.25 ],
					"shade": false,
					"renderPass": 1,
					"renderInEditor": false,
					"rotationOrigin": [ 0.0, 0.0, 1.0 ],
					"rotationY": 180.0,
					"faces": {
						"down": { "texture": "#tall-north", "uv": [ 11.3333, 3.0, 6.0, 16.0 ], "rotation": 270, "autoUv": false }
					},
					"children": [
						{
							"name": "frayed ends78",
							"from": [ 0.0, 0.0, 0.0 ],
							"to": [ 2.0, 0.0, 1.5 ],
							"shade": false,
							"renderPass": 1,
							"rotationOrigin": [ 2.0, 0.0, 0.75 ],
							"rotationX": 45.0,
							"faces": {
								"down": { "texture": "#tall-north", "uv": [ 11.3333, 3.0, 6.0, 16.0 ], "rotation": 270, "autoUv": false }
							}
						},
						{
							"name": "frayed ends79",
							"from": [ 0.0, 0.0, 0.0 ],
							"to": [ 2.0, 0.0, 1.5 ],
							"shade": false,
							"renderPass": 1,
							"rotationOrigin": [ 2.0, 0.0, 0.75 ],
							"rotationX": -45.0,
							"faces": {
								"down": { "texture": "#tall-north", "uv": [ 11.3333, 3.0, 6.0, 16.0 ], "rotation": 270, "autoUv": false }
							}
						},
						{
							"name": "frayed ends80",
							"from": [ 0.0, 0.0, 0.0 ],
							"to": [ 2.0, 0.0, 1.5 ],
							"shade": false,
							"renderPass": 1,
							"rotationOrigin": [ 2.0, 0.0, 0.75 ],
							"rotationX": 90.0,
							"faces": {
								"down": { "texture": "#tall-north", "uv": [ 11.3333, 3.0, 6.0, 16.0 ], "rotation": 270, "autoUv": false }
							}
						}
					]
				}
			],
			"attachmentpoints": [
				{
					"code": "RopeConnect20",
					"posX": "0.5","posY": "0.5","posZ": "0.5",
					"rotationX": "0.0","rotationY": "0.0","rotationZ": "0.0"
				}
			]
		},
		{
			"name": "rope_section21",
			"from": [ 3.7, 1.0, 3.7 ],
			"to": [ 7.7, 2.0, 4.7 ],
			"renderInEditor": false,
			"rotationOrigin": [ 5.0, 1.0, 5.5 ],
			"faces": {
				"north": { "texture": "#rope", "uv": [ 0.0, 0.0, 4.0, 1.0 ] },
				"east": { "texture": "#rope", "uv": [ 0.0, 0.0, 1.0, 1.0 ] },
				"south": { "texture": "#rope", "uv": [ 0.0, 0.0, 4.0, 1.0 ] },
				"west": { "texture": "#rope", "uv": [ 0.0, 0.0, 1.0, 1.0 ] },
				"up": { "texture": "#rope", "uv": [ 0.0, 0.0, 4.0, 1.0 ] },
				"down": { "texture": "#rope", "uv": [ 0.0, 0.0, 4.0, 1.0 ] }
			},
			"children": [
				{
					"name": "frayed_end21",
					"from": [ 0.0, 0.5, 0.75 ],
					"to": [ 2.0, 0.5, 2.25 ],
					"shade": false,
					"renderPass": 1,
					"renderInEditor": false,
					"rotationOrigin": [ 0.0, 0.0, 1.0 ],
					"rotationY": 180.0,
					"faces": {
						"down": { "texture": "#tall-north", "uv": [ 11.3333, 3.0, 6.0, 16.0 ], "rotation": 270, "autoUv": false }
					},
					"children": [
						{
							"name": "frayed ends82",
							"from": [ 0.0, 0.0, 0.0 ],
							"to": [ 2.0, 0.0, 1.5 ],
							"shade": false,
							"renderPass": 1,
							"rotationOrigin": [ 2.0, 0.0, 0.75 ],
							"rotationX": 45.0,
							"faces": {
								"down": { "texture": "#tall-north", "uv": [ 11.3333, 3.0, 6.0, 16.0 ], "rotation": 270, "autoUv": false }
							}
						},
						{
							"name": "frayed ends83",
							"from": [ 0.0, 0.0, 0.0 ],
							"to": [ 2.0, 0.0, 1.5 ],
							"shade": false,
							"renderPass": 1,
							"rotationOrigin": [ 2.0, 0.0, 0.75 ],
							"rotationX": -45.0,
							"faces": {
								"down": { "texture": "#tall-north", "uv": [ 11.3333, 3.0, 6.0, 16.0 ], "rotation": 270, "autoUv": false }
							}
						},
						{
							"name": "frayed ends84",
							"from": [ 0.0, 0.0, 0.0 ],
							"to": [ 2.0, 0.0, 1.5 ],
							"shade": false,
							"renderPass": 1,
							"rotationOrigin": [ 2.0, 0.0, 0.75 ],
							"rotationX": 90.0,
							"faces": {
								"down": { "texture": "#tall-north", "uv": [ 11.3333, 3.0, 6.0, 16.0 ], "rotation": 270, "autoUv": false }
							}
						}
					]
				}
			],
			"attachmentpoints": [
				{
					"code": "RopeConnect21",
					"posX": "0.5","posY": "0.5","posZ": "0.5",
					"rotationX": "0.0","rotationY": "0.0","rotationZ": "0.0"
				}
			]
		},
		{
			"name": "rope_section22",
			"from": [ 3.7, 1.0, 4.7 ],
			"to": [ 4.7, 2.0, 8.7 ],
			"renderInEditor": false,
			"rotationOrigin": [ 5.0, 1.0, 6.5 ],
			"faces": {
				"north": { "texture": "#rope", "uv": [ 0.0, 0.0, 1.0, 1.0 ] },
				"east": { "texture": "#rope", "uv": [ 0.0, 0.0, 4.0, 1.0 ] },
				"south": { "texture": "#rope", "uv": [ 0.0, 0.0, 1.0, 1.0 ] },
				"west": { "texture": "#rope", "uv": [ 0.0, 0.0, 4.0, 1.0 ] },
				"up": { "texture": "#rope", "uv": [ 0.0, 0.0, 1.0, 4.0 ] },
				"down": { "texture": "#rope", "uv": [ 0.0, 0.0, 1.0, 4.0 ] }
			},
			"children": [
				{
					"name": "frayed_end22",
					"from": [ 0.0, 0.5, 2.75 ],
					"to": [ 2.0, 0.5, 4.25 ],
					"shade": false,
					"renderPass": 1,
					"renderInEditor": false,
					"rotationOrigin": [ 0.0, 0.0, 4.0 ],
					"rotationY": -90.0,
					"faces": {
						"down": { "texture": "#tall-north", "uv": [ 11.3333, 3.0, 6.0, 16.0 ], "rotation": 270, "autoUv": false }
					},
					"children": [
						{
							"name": "frayed ends86",
							"from": [ 0.0, 0.0, 0.0 ],
							"to": [ 2.0, 0.0, 1.5 ],
							"shade": false,
							"renderPass": 1,
							"rotationOrigin": [ 2.0, 0.0, 0.75 ],
							"rotationX": 45.0,
							"faces": {
								"down": { "texture": "#tall-north", "uv": [ 11.3333, 3.0, 6.0, 16.0 ], "rotation": 270, "autoUv": false }
							}
						},
						{
							"name": "frayed ends87",
							"from": [ 0.0, 0.0, 0.0 ],
							"to": [ 2.0, 0.0, 1.5 ],
							"shade": false,
							"renderPass": 1,
							"rotationOrigin": [ 2.0, 0.0, 0.75 ],
							"rotationX": -45.0,
							"faces": {
								"down": { "texture": "#tall-north", "uv": [ 11.3333, 3.0, 6.0, 16.0 ], "rotation": 270, "autoUv": false }
							}
						},
						{
							"name": "frayed ends88",
							"from": [ 0.0, 0.0, 0.0 ],
							"to": [ 2.0, 0.0, 1.5 ],
							"shade": false,
							"renderPass": 1,
							"rotationOrigin": [ 2.0, 0.0, 0.75 ],
							"rotationX": 90.0,
							"faces": {
								"down": { "texture": "#tall-north", "uv": [ 11.3333, 3.0, 6.0, 16.0 ], "rotation": 270, "autoUv": false }
							}
						}
					]
				}
			],
			"attachmentpoints": [
				{
					"code": "RopeConnect22",
					"posX": "0.5","posY": "0.5","posZ": "3.5",
					"rotationX": "0.0","rotationY": "0.0","rotationZ": "0.0"
				}
			]
		},
		{
			"name": "rope_section23",
			"from": [ 3.7, 1.0, 8.7 ],
			"to": [ 4.7, 2.0, 12.2 ],
			"renderInEditor": false,
			"rotationOrigin": [ 5.0, 1.0, 10.5 ],
			"faces": {
				"north": { "texture": "#rope", "uv": [ 0.0, 0.0, 1.0, 1.0 ] },
				"east": { "texture": "#rope", "uv": [ 0.0, 0.0, 3.5, 1.0 ] },
				"south": { "texture": "#rope", "uv": [ 0.0, 0.0, 1.0, 1.0 ] },
				"west": { "texture": "#rope", "uv": [ 0.0, 0.0, 3.5, 1.0 ] },
				"up": { "texture": "#rope", "uv": [ 0.0, 0.0, 1.0, 3.5 ] },
				"down": { "texture": "#rope", "uv": [ 0.0, 0.0, 1.0, 3.5 ] }
			},
			"children": [
				{
					"name": "frayed_end23",
					"from": [ 1.5, 0.5, 2.75 ],
					"to": [ 3.5, 0.5, 4.25 ],
					"shade": false,
					"renderPass": 1,
					"renderInEditor": false,
					"rotationOrigin": [ 1.0, 0.0, 3.0 ],
					"rotationY": -90.0,
					"faces": {
						"down": { "texture": "#tall-north", "uv": [ 11.3333, 3.0, 6.0, 16.0 ], "rotation": 270, "autoUv": false }
					},
					"children": [
						{
							"name": "frayed ends90",
							"from": [ 0.0, 0.0, 0.0 ],
							"to": [ 2.0, 0.0, 1.5 ],
							"shade": false,
							"renderPass": 1,
							"rotationOrigin": [ 2.0, 0.0, 0.75 ],
							"rotationX": 45.0,
							"faces": {
								"down": { "texture": "#tall-north", "uv": [ 11.3333, 3.0, 6.0, 16.0 ], "rotation": 270, "autoUv": false }
							}
						},
						{
							"name": "frayed ends91",
							"from": [ 0.0, 0.0, 0.0 ],
							"to": [ 2.0, 0.0, 1.5 ],
							"shade": false,
							"renderPass": 1,
							"rotationOrigin": [ 2.0, 0.0, 0.75 ],
							"rotationX": -45.0,
							"faces": {
								"down": { "texture": "#tall-north", "uv": [ 11.3333, 3.0, 6.0, 16.0 ], "rotation": 270, "autoUv": false }
							}
						},
						{
							"name": "frayed ends92",
							"from": [ 0.0, 0.0, 0.0 ],
							"to": [ 2.0, 0.0, 1.5 ],
							"shade": false,
							"renderPass": 1,
							"rotationOrigin": [ 2.0, 0.0, 0.75 ],
							"rotationX": 90.0,
							"faces": {
								"down": { "texture": "#tall-north", "uv": [ 11.3333, 3.0, 6.0, 16.0 ], "rotation": 270, "autoUv": false }
							}
						}
					]
				}
			],
			"attachmentpoints": [
				{
					"code": "RopeConnect23",
					"posX": "0.5","posY": "0.5","posZ": "3.0",
					"rotationX": "0.0","rotationY": "0.0","rotationZ": "0.0"
				}
			]
		},
		{
			"name": "rope_section24",
			"from": [ 4.7, 1.0, 11.2 ],
			"to": [ 8.7, 2.0, 12.2 ],
			"renderInEditor": false,
			"rotationOrigin": [ 6.0, 1.0, 12.5 ],
			"faces": {
				"north": { "texture": "#rope", "uv": [ 0.0, 0.0, 4.0, 1.0 ] },
				"east": { "texture": "#rope", "uv": [ 0.0, 0.0, 1.0, 1.0 ] },
				"south": { "texture": "#rope", "uv": [ 0.0, 0.0, 4.0, 1.0 ] },
				"west": { "texture": "#rope", "uv": [ 0.0, 0.0, 1.0, 1.0 ] },
				"up": { "texture": "#rope", "uv": [ 0.0, 0.0, 4.0, 1.0 ] },
				"down": { "texture": "#rope", "uv": [ 0.0, 0.0, 4.0, 1.0 ] }
			},
			"children": [
				{
					"name": "frayed_end24",
					"from": [ 4.0, 0.5, -0.25 ],
					"to": [ 6.0, 0.5, 1.25 ],
					"shade": false,
					"renderPass": 1,
					"renderInEditor": false,
					"rotationOrigin": [ 4.0, 0.0, 0.0 ],
					"faces": {
						"down": { "texture": "#tall-north", "uv": [ 11.3333, 3.0, 6.0, 16.0 ], "rotation": 270, "autoUv": false }
					},
					"children": [
						{
							"name": "frayed ends94",
							"from": [ 0.0, 0.0, 0.0 ],
							"to": [ 2.0, 0.0, 1.5 ],
							"shade": false,
							"renderPass": 1,
							"rotationOrigin": [ 2.0, 0.0, 0.75 ],
							"rotationX": 45.0,
							"faces": {
								"down": { "texture": "#tall-north", "uv": [ 11.3333, 3.0, 6.0, 16.0 ], "rotation": 270, "autoUv": false }
							}
						},
						{
							"name": "frayed ends95",
							"from": [ 0.0, 0.0, 0.0 ],
							"to": [ 2.0, 0.0, 1.5 ],
							"shade": false,
							"renderPass": 1,
							"rotationOrigin": [ 2.0, 0.0, 0.75 ],
							"rotationX": -45.0,
							"faces": {
								"down": { "texture": "#tall-north", "uv": [ 11.3333, 3.0, 6.0, 16.0 ], "rotation": 270, "autoUv": false }
							}
						},
						{
							"name": "frayed ends96",
							"from": [ 0.0, 0.0, 0.0 ],
							"to": [ 2.0, 0.0, 1.5 ],
							"shade": false,
							"renderPass": 1,
							"rotationOrigin": [ 2.0, 0.0, 0.75 ],
							"rotationX": 90.0,
							"faces": {
								"down": { "texture": "#tall-north", "uv": [ 11.3333, 3.0, 6.0, 16.0 ], "rotation": 270, "autoUv": false }
							}
						}
					]
				}
			],
			"attachmentpoints": [
				{
					"code": "RopeConnect24",
					"posX": "3.5","posY": "0.5","posZ": "0.5",
					"rotationX": "0.0","rotationY": "0.0","rotationZ": "0.0"
				}
			]
		},
		{
			"name": "rope_section25",
			"from": [ 8.7, 1.0, 11.2 ],
			"to": [ 12.2, 2.0, 12.2 ],
			"renderInEditor": false,
			"rotationOrigin": [ 10.0, 1.0, 12.5 ],
			"faces": {
				"north": { "texture": "#rope", "uv": [ 0.0, 0.0, 3.5, 1.0 ] },
				"east": { "texture": "#rope", "uv": [ 0.0, 0.0, 1.0, 1.0 ] },
				"south": { "texture": "#rope", "uv": [ 0.0, 0.0, 3.5, 1.0 ] },
				"west": { "texture": "#rope", "uv": [ 0.0, 0.0, 1.0, 1.0 ] },
				"up": { "texture": "#rope", "uv": [ 0.0, 0.0, 3.5, 1.0 ] },
				"down": { "texture": "#rope", "uv": [ 0.0, 0.0, 3.5, 1.0 ] }
			},
			"children": [
				{
					"name": "frayed_end25",
					"from": [ 3.5, 0.5, -0.25 ],
					"to": [ 5.5, 0.5, 1.25 ],
					"shade": false,
					"renderPass": 1,
					"renderInEditor": false,
					"rotationOrigin": [ 3.0, 0.0, 0.0 ],
					"faces": {
						"down": { "texture": "#tall-north", "uv": [ 11.3333, 3.0, 6.0, 16.0 ], "rotation": 270, "autoUv": false }
					},
					"children": [
						{
							"name": "frayed ends98",
							"from": [ 0.0, 0.0, 0.0 ],
							"to": [ 2.0, 0.0, 1.5 ],
							"shade": false,
							"renderPass": 1,
							"rotationOrigin": [ 2.0, 0.0, 0.75 ],
							"rotationX": 45.0,
							"faces": {
								"down": { "texture": "#tall-north", "uv": [ 11.3333, 3.0, 6.0, 16.0 ], "rotation": 270, "autoUv": false }
							}
						},
						{
							"name": "frayed ends99",
							"from": [ 0.0, 0.0, 0.0 ],
							"to": [ 2.0, 0.0, 1.5 ],
							"shade": false,
							"renderPass": 1,
							"rotationOrigin": [ 2.0, 0.0, 0.75 ],
							"rotationX": -45.0,
							"faces": {
								"down": { "texture": "#tall-north", "uv": [ 11.3333, 3.0, 6.0, 16.0 ], "rotation": 270, "autoUv": false }
							}
						},
						{
							"name": "frayed ends100",
							"from": [ 0.0, 0.0, 0.0 ],
							"to": [ 2.0, 0.0, 1.5 ],
							"shade": false,
							"renderPass": 1,
							"rotationOrigin": [ 2.0, 0.0, 0.75 ],
							"rotationX": 90.0,
							"faces": {
								"down": { "texture": "#tall-north", "uv": [ 11.3333, 3.0, 6.0, 16.0 ], "rotation": 270, "autoUv": false }
							}
						}
					]
				}
			],
			"attachmentpoints": [
				{
					"code": "RopeConnect25",
					"posX": "3.0","posY": "0.5","posZ": "0.5",
					"rotationX": "0.0","rotationY": "0.0","rotationZ": "0.0"
				}
			]
		},
		{
			"name": "rope_section26",
			"from": [ 11.2, 1.0, 8.2 ],
			"to": [ 12.2, 2.0, 11.2 ],
			"renderInEditor": false,
			"rotationOrigin": [ 12.0, 1.0, 9.5 ],
			"faces": {
				"north": { "texture": "#rope", "uv": [ 0.0, 0.0, 1.0, 1.0 ] },
				"east": { "texture": "#rope", "uv": [ 0.0, 0.0, 3.0, 1.0 ] },
				"south": { "texture": "#rope", "uv": [ 0.0, 0.0, 1.0, 1.0 ] },
				"west": { "texture": "#rope", "uv": [ 0.0, 0.0, 3.0, 1.0 ] },
				"up": { "texture": "#rope", "uv": [ 0.0, 0.0, 1.0, 3.0 ] },
				"down": { "texture": "#rope", "uv": [ 0.0, 0.0, 1.0, 3.0 ] }
			},
			"children": [
				{
					"name": "frayed_end26",
					"from": [ 0.0, 0.5, -0.25 ],
					"to": [ 2.0, 0.5, 1.25 ],
					"shade": false,
					"renderPass": 1,
					"renderInEditor": false,
					"rotationOrigin": [ 0.0, 0.0, 0.0 ],
					"rotationY": 90.0,
					"faces": {
						"down": { "texture": "#tall-north", "uv": [ 11.3333, 3.0, 6.0, 16.0 ], "rotation": 270, "autoUv": false }
					},
					"children": [
						{
							"name": "frayed ends102",
							"from": [ 0.0, 0.0, 0.0 ],
							"to": [ 2.0, 0.0, 1.5 ],
							"shade": false,
							"renderPass": 1,
							"rotationOrigin": [ 2.0, 0.0, 0.75 ],
							"rotationX": 45.0,
							"faces": {
								"down": { "texture": "#tall-north", "uv": [ 11.3333, 3.0, 6.0, 16.0 ], "rotation": 270, "autoUv": false }
							}
						},
						{
							"name": "frayed ends103",
							"from": [ 0.0, 0.0, 0.0 ],
							"to": [ 2.0, 0.0, 1.5 ],
							"shade": false,
							"renderPass": 1,
							"rotationOrigin": [ 2.0, 0.0, 0.75 ],
							"rotationX": -45.0,
							"faces": {
								"down": { "texture": "#tall-north", "uv": [ 11.3333, 3.0, 6.0, 16.0 ], "rotation": 270, "autoUv": false }
							}
						},
						{
							"name": "frayed ends104",
							"from": [ 0.0, 0.0, 0.0 ],
							"to": [ 2.0, 0.0, 1.5 ],
							"shade": false,
							"renderPass": 1,
							"rotationOrigin": [ 2.0, 0.0, 0.75 ],
							"rotationX": 90.0,
							"faces": {
								"down": { "texture": "#tall-north", "uv": [ 11.3333, 3.0, 6.0, 16.0 ], "rotation": 270, "autoUv": false }
							}
						}
					]
				}
			],
			"attachmentpoints": [
				{
					"code": "RopeConnect26",
					"posX": "0.5","posY": "0.5","posZ": "0.5",
					"rotationX": "0.0","rotationY": "0.0","rotationZ": "0.0"
				}
			]
		},
		{
			"name": "rope_section27",
			"from": [ 11.2, 1.0, 4.8 ],
			"to": [ 12.2, 2.0, 8.2 ],
			"renderInEditor": false,
			"rotationOrigin": [ 12.0, 1.0, 6.5 ],
			"faces": {
				"north": { "texture": "#rope", "uv": [ 0.0, 0.0, 1.0, 1.0 ] },
				"east": { "texture": "#rope", "uv": [ 0.0, 0.0, 3.0, 1.0 ] },
				"south": { "texture": "#rope", "uv": [ 0.0, 0.0, 1.0, 1.0 ] },
				"west": { "texture": "#rope", "uv": [ 0.0, 0.0, 3.0, 1.0 ] },
				"up": { "texture": "#rope", "uv": [ 0.0, 0.0, 1.0, 3.0 ] },
				"down": { "texture": "#rope", "uv": [ 0.0, 0.0, 1.0, 3.0 ] }
			},
			"children": [
				{
					"name": "frayed_end27",
					"from": [ 0.0, 0.5, 0.75 ],
					"to": [ 2.0, 0.5, 2.25 ],
					"shade": false,
					"renderPass": 1,
					"renderInEditor": false,
					"rotationOrigin": [ 0.0, 0.0, 1.0 ],
					"rotationY": 180.0,
					"faces": {
						"down": { "texture": "#tall-north", "uv": [ 11.3333, 3.0, 6.0, 16.0 ], "rotation": 270, "autoUv": false }
					},
					"children": [
						{
							"name": "frayed ends106",
							"from": [ 0.0, 0.0, 0.0 ],
							"to": [ 2.0, 0.0, 1.5 ],
							"shade": false,
							"renderPass": 1,
							"rotationOrigin": [ 2.0, 0.0, 0.75 ],
							"rotationX": 45.0,
							"faces": {
								"down": { "texture": "#tall-north", "uv": [ 11.3333, 3.0, 6.0, 16.0 ], "rotation": 270, "autoUv": false }
							}
						},
						{
							"name": "frayed ends107",
							"from": [ 0.0, 0.0, 0.0 ],
							"to": [ 2.0, 0.0, 1.5 ],
							"shade": false,
							"renderPass": 1,
							"rotationOrigin": [ 2.0, 0.0, 0.75 ],
							"rotationX": -45.0,
							"faces": {
								"down": { "texture": "#tall-north", "uv": [ 11.3333, 3.0, 6.0, 16.0 ], "rotation": 270, "autoUv": false }
							}
						},
						{
							"name": "frayed ends108",
							"from": [ 0.0, 0.0, 0.0 ],
							"to": [ 2.0, 0.0, 1.5 ],
							"shade": false,
							"renderPass": 1,
							"rotationOrigin": [ 2.0, 0.0, 0.75 ],
							"rotationX": 90.0,
							"faces": {
								"down": { "texture": "#tall-north", "uv": [ 11.3333, 3.0, 6.0, 16.0 ], "rotation": 270, "autoUv": false }
							}
						}
					]
				}
			],
			"attachmentpoints": [
				{
					"code": "RopeConnect27",
					"posX": "0.5","posY": "0.0","posZ": "0.5",
					"rotationX": "0.0","rotationY": "0.0","rotationZ": "0.0"
				}
			]
		},
		{
			"name": "rope_section28",
			"from": [ 8.2, 1.0, 4.8 ],
			"to": [ 11.2, 2.0, 5.8 ],
			"renderInEditor": false,
			"rotationOrigin": [ 9.0, 1.0, 6.5 ],
			"faces": {
				"north": { "texture": "#rope", "uv": [ 0.0, 0.0, 3.0, 1.0 ] },
				"east": { "texture": "#rope", "uv": [ 0.0, 0.0, 1.0, 1.0 ] },
				"south": { "texture": "#rope", "uv": [ 0.0, 0.0, 3.0, 1.0 ] },
				"west": { "texture": "#rope", "uv": [ 0.0, 0.0, 1.0, 1.0 ] },
				"up": { "texture": "#rope", "uv": [ 0.0, 0.0, 3.0, 1.0 ] },
				"down": { "texture": "#rope", "uv": [ 0.0, 0.0, 3.0, 1.0 ] }
			},
			"children": [
				{
					"name": "frayed_end28",
					"from": [ 0.0, 0.5, 0.75 ],
					"to": [ 2.0, 0.5, 2.25 ],
					"shade": false,
					"renderPass": 1,
					"renderInEditor": false,
					"rotationOrigin": [ 0.0, 0.0, 1.0 ],
					"rotationY": 180.0,
					"faces": {
						"down": { "texture": "#tall-north", "uv": [ 11.3333, 3.0, 6.0, 16.0 ], "rotation": 270, "autoUv": false }
					},
					"children": [
						{
							"name": "frayed ends110",
							"from": [ 0.0, 0.0, 0.0 ],
							"to": [ 2.0, 0.0, 1.5 ],
							"shade": false,
							"renderPass": 1,
							"rotationOrigin": [ 2.0, 0.0, 0.75 ],
							"rotationX": 45.0,
							"faces": {
								"down": { "texture": "#tall-north", "uv": [ 11.3333, 3.0, 6.0, 16.0 ], "rotation": 270, "autoUv": false }
							}
						},
						{
							"name": "frayed ends111",
							"from": [ 0.0, 0.0, 0.0 ],
							"to": [ 2.0, 0.0, 1.5 ],
							"shade": false,
							"renderPass": 1,
							"rotationOrigin": [ 2.0, 0.0, 0.75 ],
							"rotationX": -45.0,
							"faces": {
								"down": { "texture": "#tall-north", "uv": [ 11.3333, 3.0, 6.0, 16.0 ], "rotation": 270, "autoUv": false }
							}
						},
						{
							"name": "frayed ends112",
							"from": [ 0.0, 0.0, 0.0 ],
							"to": [ 2.0, 0.0, 1.5 ],
							"shade": false,
							"renderPass": 1,
							"rotationOrigin": [ 2.0, 0.0, 0.75 ],
							"rotationX": 90.0,
							"faces": {
								"down": { "texture": "#tall-north", "uv": [ 11.3333, 3.0, 6.0, 16.0 ], "rotation": 270, "autoUv": false }
							}
						}
					]
				}
			],
			"attachmentpoints": [
				{
					"code": "RopeConnect28",
					"posX": "0.5","posY": "0.5","posZ": "0.5",
					"rotationX": "0.0","rotationY": "0.0","rotationZ": "0.0"
				}
			]
		},
		{
			"name": "rope_section29",
			"from": [ 4.8, 1.0, 4.8 ],
			"to": [ 8.2, 2.0, 5.8 ],
			"renderInEditor": false,
			"rotationOrigin": [ 6.0, 1.0, 6.5 ],
			"faces": {
				"north": { "texture": "#rope", "uv": [ 0.0, 0.0, 3.0, 1.0 ] },
				"east": { "texture": "#rope", "uv": [ 0.0, 0.0, 1.0, 1.0 ] },
				"south": { "texture": "#rope", "uv": [ 0.0, 0.0, 3.0, 1.0 ] },
				"west": { "texture": "#rope", "uv": [ 0.0, 0.0, 1.0, 1.0 ] },
				"up": { "texture": "#rope", "uv": [ 0.0, 0.0, 3.0, 1.0 ] },
				"down": { "texture": "#rope", "uv": [ 0.0, 0.0, 3.0, 1.0 ] }
			},
			"children": [
				{
					"name": "frayed_end29",
					"from": [ 1.0, 0.5, 0.75 ],
					"to": [ 3.0, 0.5, 2.25 ],
					"shade": false,
					"renderPass": 1,
					"renderInEditor": false,
					"rotationOrigin": [ 1.0, 0.0, 1.0 ],
					"rotationY": -90.0,
					"faces": {
						"down": { "texture": "#tall-north", "uv": [ 11.3333, 3.0, 6.0, 16.0 ], "rotation": 270, "autoUv": false }
					},
					"children": [
						{
							"name": "frayed ends114",
							"from": [ 0.0, 0.0, 0.0 ],
							"to": [ 2.0, 0.0, 1.5 ],
							"shade": false,
							"renderPass": 1,
							"rotationOrigin": [ 2.0, 0.0, 0.75 ],
							"rotationX": 45.0,
							"faces": {
								"down": { "texture": "#tall-north", "uv": [ 11.3333, 3.0, 6.0, 16.0 ], "rotation": 270, "autoUv": false }
							}
						},
						{
							"name": "frayed ends115",
							"from": [ 0.0, 0.0, 0.0 ],
							"to": [ 2.0, 0.0, 1.5 ],
							"shade": false,
							"renderPass": 1,
							"rotationOrigin": [ 2.0, 0.0, 0.75 ],
							"rotationX": -45.0,
							"faces": {
								"down": { "texture": "#tall-north", "uv": [ 11.3333, 3.0, 6.0, 16.0 ], "rotation": 270, "autoUv": false }
							}
						},
						{
							"name": "frayed ends116",
							"from": [ 0.0, 0.0, 0.0 ],
							"to": [ 2.0, 0.0, 1.5 ],
							"shade": false,
							"renderPass": 1,
							"rotationOrigin": [ 2.0, 0.0, 0.75 ],
							"rotationX": 90.0,
							"faces": {
								"down": { "texture": "#tall-north", "uv": [ 11.3333, 3.0, 6.0, 16.0 ], "rotation": 270, "autoUv": false }
							}
						}
					]
				}
			],
			"attachmentpoints": [
				{
					"code": "RopeConnect29",
					"posX": "0.5","posY": "0.5","posZ": "0.5",
					"rotationX": "0.0","rotationY": "0.0","rotationZ": "0.0"
				}
			]
		},
		{
			"name": "rope_section30",
			"from": [ 4.8, 1.0, 5.8 ],
			"to": [ 5.8, 2.0, 10.1 ],
			"renderInEditor": false,
			"rotationOrigin": [ 6.0, 1.0, 7.5 ],
			"faces": {
				"north": { "texture": "#rope", "uv": [ 0.0, 0.0, 1.0, 1.0 ] },
				"east": { "texture": "#rope", "uv": [ 0.0, 0.0, 4.0, 1.0 ] },
				"south": { "texture": "#rope", "uv": [ 0.0, 0.0, 1.0, 1.0 ] },
				"west": { "texture": "#rope", "uv": [ 0.0, 0.0, 4.0, 1.0 ] },
				"up": { "texture": "#rope", "uv": [ 0.0, 0.0, 1.0, 4.0 ] },
				"down": { "texture": "#rope", "uv": [ 0.0, 0.0, 1.0, 4.0 ] }
			},
			"children": [
				{
					"name": "frayed_end30",
					"from": [ 1.25, 0.5, 3.75 ],
					"to": [ 3.25, 0.5, 5.25 ],
					"shade": false,
					"renderPass": 1,
					"renderInEditor": false,
					"rotationOrigin": [ 1.0, 0.0, 4.0 ],
					"rotationY": -90.0,
					"faces": {
						"down": { "texture": "#tall-north", "uv": [ 11.3333, 3.0, 6.0, 16.0 ], "rotation": 270, "autoUv": false }
					},
					"children": [
						{
							"name": "frayed ends118",
							"from": [ 0.0, 0.0, 0.0 ],
							"to": [ 2.0, 0.0, 1.5 ],
							"shade": false,
							"renderPass": 1,
							"rotationOrigin": [ 2.0, 0.0, 0.75 ],
							"rotationX": 45.0,
							"faces": {
								"down": { "texture": "#tall-north", "uv": [ 11.3333, 3.0, 6.0, 16.0 ], "rotation": 270, "autoUv": false, "windMode": [-1,-1,-1,-1] }
							}
						},
						{
							"name": "frayed ends119",
							"from": [ 0.0, 0.0, 0.0 ],
							"to": [ 2.0, 0.0, 1.5 ],
							"shade": false,
							"renderPass": 1,
							"rotationOrigin": [ 2.0, 0.0, 0.75 ],
							"rotationX": -45.0,
							"faces": {
								"down": { "texture": "#tall-north", "uv": [ 11.3333, 3.0, 6.0, 16.0 ], "rotation": 270, "autoUv": false }
							}
						},
						{
							"name": "frayed ends120",
							"from": [ 0.0, 0.0, 0.0 ],
							"to": [ 2.0, 0.0, 1.5 ],
							"shade": false,
							"renderPass": 1,
							"rotationOrigin": [ 2.0, 0.0, 0.75 ],
							"rotationX": 90.0,
							"faces": {
								"down": { "texture": "#tall-north", "uv": [ 11.3333, 3.0, 6.0, 16.0 ], "rotation": 270, "autoUv": false }
							}
						}
					]
				}
			],
			"attachmentpoints": [
				{
					"code": "RopeConnect30",
					"posX": "0.5","posY": "0.5","posZ": "3.7",
					"rotationX": "0.0","rotationY": "0.0","rotationZ": "0.0"
				}
			]
		},
		{
			"name": "rope_section31",
			"from": [ 4.8, 1.0, 10.1 ],
			"to": [ 10.1, 2.0, 11.1 ],
			"renderInEditor": false,
			"rotationOrigin": [ 6.0, 1.0, 11.5 ],
			"faces": {
				"north": { "texture": "#rope", "uv": [ 0.0, 0.0, 5.0, 1.0 ] },
				"east": { "texture": "#rope", "uv": [ 0.0, 0.0, 1.0, 1.0 ] },
				"south": { "texture": "#rope", "uv": [ 0.0, 0.0, 5.0, 1.0 ] },
				"west": { "texture": "#rope", "uv": [ 0.0, 0.0, 1.0, 1.0 ] },
				"up": { "texture": "#rope", "uv": [ 0.0, 0.0, 5.0, 1.0 ] },
				"down": { "texture": "#rope", "uv": [ 0.0, 0.0, 5.0, 1.0 ] }
			},
			"children": [
				{
					"name": "frayed_end31",
					"from": [ 5.3, 0.5, -0.25 ],
					"to": [ 7.3, 0.5, 1.25 ],
					"shade": false,
					"renderPass": 1,
					"renderInEditor": false,
					"rotationOrigin": [ 5.0, 0.0, 0.0 ],
					"faces": {
						"down": { "texture": "#tall-north", "uv": [ 11.3333, 3.0, 6.0, 16.0 ], "rotation": 270, "autoUv": false }
					},
					"children": [
						{
							"name": "frayed ends122",
							"from": [ 0.0, 0.0, 0.0 ],
							"to": [ 2.0, 0.0, 1.5 ],
							"shade": false,
							"renderPass": 1,
							"rotationOrigin": [ 2.0, 0.0, 0.75 ],
							"rotationX": 45.0,
							"faces": {
								"down": { "texture": "#tall-north", "uv": [ 11.3333, 3.0, 6.0, 16.0 ], "rotation": 270, "autoUv": false }
							}
						},
						{
							"name": "frayed ends123",
							"from": [ 0.0, 0.0, 0.0 ],
							"to": [ 2.0, 0.0, 1.5 ],
							"shade": false,
							"renderPass": 1,
							"rotationOrigin": [ 2.0, 0.0, 0.75 ],
							"rotationX": -45.0,
							"faces": {
								"down": { "texture": "#tall-north", "uv": [ 11.3333, 3.0, 6.0, 16.0 ], "rotation": 270, "autoUv": false }
							}
						},
						{
							"name": "frayed ends124",
							"from": [ 0.0, 0.0, 0.0 ],
							"to": [ 2.0, 0.0, 1.5 ],
							"shade": false,
							"renderPass": 1,
							"rotationOrigin": [ 2.0, 0.0, 0.75 ],
							"rotationX": 90.0,
							"faces": {
								"down": { "texture": "#tall-north", "uv": [ 11.3333, 3.0, 6.0, 16.0 ], "rotation": 270, "autoUv": false }
							}
						}
					]
				}
			],
			"attachmentpoints": [
				{
					"code": "RopeConnect31",
					"posX": "4.7","posY": "0.5","posZ": "0.5",
					"rotationX": "0.0","rotationY": "0.0","rotationZ": "0.0"
				}
			]
		},
		{
			"name": "rope section32",
			"from": [ 10.1, 1.0, 5.9 ],
			"to": [ 11.1, 2.0, 11.1 ],
			"renderInEditor": false,
			"rotationOrigin": [ 11.0, 1.0, 7.5 ],
			"faces": {
				"north": { "texture": "#rope", "uv": [ 0.0, 0.0, 1.0, 1.0 ] },
				"east": { "texture": "#rope", "uv": [ 0.0, 0.0, 5.0, 1.0 ] },
				"south": { "texture": "#rope", "uv": [ 0.0, 0.0, 1.0, 1.0 ] },
				"west": { "texture": "#rope", "uv": [ 0.0, 0.0, 5.0, 1.0 ] },
				"up": { "texture": "#rope", "uv": [ 0.0, 0.0, 1.0, 5.0 ] },
				"down": { "texture": "#rope", "uv": [ 0.0, 0.0, 1.0, 5.0 ] }
			}
		}
	]}