{
	"code": "sapling",
	"class": "BlockPlant",
	"entityclassByType": {
		"*": "Sapling"
	},
	"attributes": {
		"treeGenByType": {
			"*": "{wood}"
		},
		"reinforcable": true,
		"sproutDays": { "avg": 1.5, "var": 0.5 },
		"matureDaysByType": {
			"*-phyllostachysaurea-*": { "avg": 4, "var": 3 },
			"*-phyllostachysedulis-*": { "avg": 6, "var": 4 },
			"*-phyllostachysnigra-*": { "avg": 5, "var": 4 },
			"*-metasequoiaglyptostroboides-*": { "avg": 70, "var": 20 },
			"*": { "avg": 14, "var": 4 }
		},
		"plantContainable": {
			"largeContainerByType": { 
				"*-phyllostachysaurea-*": {"shape": { "base": "game:block/plant/sapling/plaintree/potted/brownbamboo-large"}}, 
				"*": {"shape": {"base": "floralzoneseastasiaticregion:block/plant/sapling/potted/{wood}-large"}}								
			}
		}
	},
	"variantgroups": [
		{ "code": "wood", "states": ["abieskoreana","acerginnala","metasequoiaglyptostroboides","phyllostachysaurea","phyllostachysedulis","phyllostachysnigra","quercusserrata","trachycarpusfortunei"], "loadFromProperties": "floralzoneseastasiaticregion:block/wood" },
		{ "code": "cover", "states": ["free", "snow"] }
	],
	"creativeinventory": { "general": ["*-free"], "flora": ["*-free"] },
	"storageFlags": 33,
	"renderpass": "OpaqueNoCull",
	"drawtypeByType": {
		"*-free": "JSON",
		"*-snow": "JSONAndSnowLayer"
	},
	"randomDrawOffset": true,
	"randomizeRotations": true,
	"shapeByType": {
		"*-phyllostachysaurea-*": { "base": "game:block/plant/sapling/plaintree/brownbamboo"}, 
		"*": { "base": "floralzoneseastasiaticregion:block/plant/sapling/plaintree/{wood}" }
	},
	"drops": [
		{ "type": "block", "code": "floralzoneseastasiaticregion:sapling-{wood}-free", "quantity": { "avg": 1, "var": 0 }  }
	],
	"blockmaterial": "Plant",
	"sideopaqueByType": {
		"*-snow": { "all": false, "down": true },
		"*": { "all": false }
	},
	"sidesolid": {
		"all": false
	},
	"textures": {
		"fertlow": { "base": "game:block/soil/fertlow" }
	},
	"replaceable": 5200,
	"lightAbsorption": 0,
	"resistance": 1,
	"collisionbox": null,
	"selectionbox": {
		"x1": 0.3, "y1": 0, "z1": 0.2,
		"x2": 0.7, "y2": 0.5, "z2": 0.7
	},
	"sounds": {
		"place": "game:block/plant",
		"break": "game:block/plant",
		"hit": "game:block/plant"
	},
	"rainPermeable": true,
	"materialDensity": 200,
	"combustibleProps": {
		"burnTemperature": 600,
		"burnDuration": 10
	},
	"guiTransformByType": {
		"*": {
			"rotation": { "x": -22, "y": -44, "z": 0 },
			"origin": { "x": 0.5, "y": 0.28, "z": 0.5 },
			"scale": 2.6
		}
	},
	"tpHandTransform": {
		"translation": { "x": -1.3, "y": -1, "z": -1 },
		"rotation": { "x": 2, "y": -12, "z": -105 },
		"scale": 0.5
	},
	"groundTransform": {
		"translation": { "x": 0, "y": 0, "z": 0 },
		"rotation": { "x": 0, "y": -45, "z": 0 },
		"origin": { "x": 0.5, "y": 0, "z": 0.5 },
		"scale": 3
	},
	"frostable": true
}