{
	"editor": {
		"allAngles": true,
		"entityTextureMode": true
	},
	"textureWidth": 32,
	"textureHeight": 32,
	"textureSizes": {
		"shanks": [8,8]
	},
	"textures": {
	},
	"elements": [
		{
			"name": "body",
			"from": [ 5.3, 3.05, 5.5 ],
			"to": [ 11.3, 7.05, 9.5 ],
			"unwrapMode": 5,
			"unwrapRotation": 1,
			"uv": [ 0.0, 0.0 ],
			"rotationOrigin": [ 8.5, 5.1, 7.5 ],
			"rotationZ": -12.0,
			"faces": {
				"north": { "texture": "#chicken", "uv": [ 0.0, 4.0, 4.0, 10.0 ], "rotation": 270 },
				"east": { "texture": "#chicken", "uv": [ 4.0, 0.0, 8.0, 4.0 ], "rotation": 180 },
				"south": { "texture": "#chicken", "uv": [ 8.0, 4.0, 12.0, 10.0 ], "rotation": 90 },
				"west": { "texture": "#chicken", "uv": [ 4.0, 10.0, 8.0, 14.0 ] },
				"up": { "texture": "#chicken", "uv": [ 4.0, 4.0, 8.0, 10.0 ], "rotation": 90 },
				"down": { "texture": "#chicken", "uv": [ 12.0, 4.0, 16.0, 10.0 ], "rotation": 270 }
			},
			"children": [
				{
					"name": "neck",
					"from": [ -0.2, 1.8, 1.0 ],
					"to": [ 1.8, 4.8, 3.0 ],
					"uv": [ 17.0, 0.0 ],
					"rotationOrigin": [ 0.5, 2.0, 2.0 ],
					"rotationZ": 45.0,
					"faces": {
						"north": { "texture": "#chicken", "uv": [ 17.0, 2.0, 19.0, 5.0 ] },
						"east": { "texture": "#chicken", "uv": [ 19.0, 2.0, 21.0, 5.0 ] },
						"south": { "texture": "#chicken", "uv": [ 21.0, 2.0, 23.0, 5.0 ] },
						"west": { "texture": "#chicken", "uv": [ 23.0, 2.0, 25.0, 5.0 ] },
						"up": { "texture": "#chicken", "uv": [ 17.0, 0.0, 19.0, 2.0 ], "rotation": 90 },
						"down": { "texture": "#chicken", "uv": [ 19.0, 0.0, 21.0, 2.0 ], "rotation": 90 }
					},
					"children": [
						{
							"name": "head",
							"from": [ -0.5, 2.1, -0.1 ],
							"to": [ 1.5, 4.1, 2.1 ],
							"unwrapMode": 4,
							"uv": [ 17.0, 8.0 ],
							"rotationOrigin": [ 1.0, 2.1, 1.0 ],
							"rotationZ": -30.0,
							"faces": {
								"north": { "texture": "#chicken", "uv": [ 17.0, 10.0, 19.0, 12.0 ] },
								"east": { "texture": "#chicken", "uv": [ 23.0, 10.0, 25.0, 12.0 ] },
								"south": { "texture": "#chicken", "uv": [ 21.0, 10.0, 23.0, 12.0 ] },
								"west": { "texture": "#chicken", "uv": [ 19.0, 10.0, 21.0, 12.0 ] },
								"up": { "texture": "#chicken", "uv": [ 19.0, 8.0, 21.0, 10.0 ], "rotation": 90 },
								"down": { "texture": "#chicken", "uv": [ 19.0, 12.0, 21.0, 14.0 ], "rotation": 90 }
							},
							"children": [
								{
									"name": "comb",
									"from": [ -0.5, 1.3, 1.1 ],
									"to": [ 1.5, 2.8, 1.1 ],
									"uv": [ 10.0, 0.0 ],
									"rotationOrigin": [ 0.9, 2.3, 1.1 ],
									"rotationZ": 14.0,
									"faces": {
										"south": { "texture": "#chicken", "uv": [ 10.0, 0.0, 12.0, 1.5 ] }
									}
								},
								{
									"name": "beak",
									"from": [ -0.9, 0.7, 0.8 ],
									"to": [ 0.1, 1.2, 1.4 ],
									"uv": [ 0.0, 0.0 ],
									"rotationOrigin": [ 0.0, 1.0, 1.1 ],
									"rotationZ": 14.0,
									"faces": {
										"north": { "texture": "#shanks", "uv": [ 0.0, 0.0, 0.5, 1.0 ], "rotation": 270 },
										"south": { "texture": "#shanks", "uv": [ 1.0, 0.0, 1.5, 1.0 ], "rotation": 90 },
										"west": { "texture": "#shanks", "uv": [ 0.5, 1.0, 1.0, 1.5 ] },
										"up": { "texture": "#shanks", "uv": [ 0.5, 0.0, 1.0, 1.0 ], "rotation": 90 },
										"down": { "texture": "#shanks", "uv": [ 1.5, 0.0, 2.0, 1.0 ], "rotation": 270 }
									}
								},
								{
									"name": "L wattle",
									"from": [ -0.4, -0.2, 1.3 ],
									"to": [ 1.1, 1.3, 1.3 ],
									"uv": [ 14.0, 0.0 ],
									"rotationOrigin": [ 1.4, 1.8, 1.3 ],
									"rotationZ": 7.0,
									"faces": {
										"north": { "texture": "#chicken", "uv": [ 14.0, 0.0, 15.5, 1.5 ] }
									}
								},
								{
									"name": "R wattle",
									"from": [ -0.4, -0.2, 0.9 ],
									"to": [ 1.1, 1.3, 0.9 ],
									"uv": [ 14.0, 0.0 ],
									"rotationOrigin": [ 1.4, 1.8, 0.9 ],
									"rotationZ": 7.0,
									"faces": {
										"north": { "texture": "#chicken", "uv": [ 14.0, 0.0, 15.5, 1.5 ] }
									}
								}
							]
						}
					],
					"attachmentpoints": [
						{
							"code": "rope",
							"posX": "1.0","posY": "2.0","posZ": "1.0",
							"rotationX": "0.0","rotationY": "0.0","rotationZ": "0.0"
						}
					]
				},
				{
					"name": "R leg",
					"from": [ 2.3, -0.6, 0.7 ],
					"to": [ 3.5, 1.9, 1.9 ],
					"uv": [ 0.0, 22.0 ],
					"rotationOrigin": [ 2.9, 1.0, 1.2 ],
					"rotationZ": 25.0,
					"faces": {
						"north": { "texture": "#chicken", "uv": [ 0.0, 23.0, 1.0, 25.5 ] },
						"east": { "texture": "#chicken", "uv": [ 3.0, 23.0, 4.0, 25.5 ] },
						"south": { "texture": "#chicken", "uv": [ 2.0, 23.0, 3.0, 25.5 ] },
						"west": { "texture": "#chicken", "uv": [ 1.0, 23.0, 2.0, 25.5 ] },
						"up": { "texture": "#chicken", "uv": [ 1.0, 22.0, 2.0, 23.0 ], "rotation": 90 },
						"down": { "texture": "#chicken", "uv": [ 1.0, 25.5, 2.0, 26.5 ], "rotation": 90 }
					},
					"children": [
						{
							"name": "R feet",
							"from": [ 0.1, -2.5, 0.1 ],
							"to": [ 1.1, 0.5, 1.1 ],
							"unwrapMode": 2,
							"uv": [ 0.0, 3.0 ],
							"rotationOrigin": [ 0.6, 0.5, 0.6 ],
							"rotationZ": -13.0,
							"faces": {
								"north": { "texture": "#shanks", "uv": [ 2.0, 4.0, 3.0, 7.0 ] },
								"east": { "texture": "#shanks", "uv": [ 1.0, 4.0, 2.0, 7.0 ] },
								"south": { "texture": "#shanks", "uv": [ 0.0, 4.0, 1.0, 7.0 ] },
								"west": { "texture": "#shanks", "uv": [ 3.0, 4.0, 4.0, 7.0 ] },
								"up": { "texture": "#shanks", "uv": [ 1.0, 3.0, 2.0, 4.0 ], "rotation": 270 },
								"down": { "texture": "#shanks", "uv": [ 1.0, 7.0, 2.0, 8.0 ], "rotation": 270 }
							},
							"children": [
								{
									"name": "R toes",
									"from": [ -1.0, 0.0, -1.0 ],
									"to": [ 1.0, 0.0, 1.0 ],
									"uv": [ 4.0, 0.0 ],
									"faces": {
										"up": { "texture": "#shanks", "uv": [ 4.0, 0.0, 6.0, 2.0 ] }
									}
								}
							]
						}
					]
				},
				{
					"name": "L leg",
					"from": [ 2.3, -0.6, 2.3 ],
					"to": [ 3.5, 1.9, 3.5 ],
					"uv": [ 4.0, 22.0 ],
					"rotationOrigin": [ 2.9, 1.0, 2.8 ],
					"rotationZ": 25.0,
					"faces": {
						"north": { "texture": "#chicken", "uv": [ 4.0, 23.0, 5.0, 25.5 ] },
						"east": { "texture": "#chicken", "uv": [ 7.0, 23.0, 8.0, 25.5 ] },
						"south": { "texture": "#chicken", "uv": [ 6.0, 23.0, 7.0, 25.5 ] },
						"west": { "texture": "#chicken", "uv": [ 5.0, 23.0, 6.0, 25.5 ] },
						"up": { "texture": "#chicken", "uv": [ 5.0, 22.0, 6.0, 23.0 ], "rotation": 90 },
						"down": { "texture": "#chicken", "uv": [ 5.0, 25.5, 6.0, 26.5 ], "rotation": 90 }
					},
					"children": [
						{
							"name": "L feet",
							"from": [ 0.1, -2.5, 0.1 ],
							"to": [ 1.1, 0.5, 1.1 ],
							"unwrapMode": 2,
							"uv": [ 4.0, 3.0 ],
							"rotationOrigin": [ 0.6, 0.5, 0.6 ],
							"rotationZ": -13.0,
							"faces": {
								"north": { "texture": "#shanks", "uv": [ 6.0, 4.0, 7.0, 7.0 ] },
								"east": { "texture": "#shanks", "uv": [ 5.0, 4.0, 6.0, 7.0 ] },
								"south": { "texture": "#shanks", "uv": [ 4.0, 4.0, 5.0, 7.0 ] },
								"west": { "texture": "#shanks", "uv": [ 7.0, 4.0, 8.0, 7.0 ] },
								"up": { "texture": "#shanks", "uv": [ 5.0, 3.0, 6.0, 4.0 ], "rotation": 270 },
								"down": { "texture": "#shanks", "uv": [ 5.0, 7.0, 6.0, 8.0 ], "rotation": 270 }
							},
							"children": [
								{
									"name": "L toes",
									"from": [ -1.0, 0.0, 0.0 ],
									"to": [ 1.0, 0.0, 2.0 ],
									"uv": [ 6.0, 0.0 ],
									"rotationOrigin": [ 1.0, 0.0, 0.0 ],
									"faces": {
										"up": { "texture": "#shanks", "uv": [ 6.0, 0.0, 8.0, 2.0 ] }
									}
								}
							]
						}
					]
				},
				{
					"name": "R wing",
					"from": [ 0.3, 1.0, -0.5 ],
					"to": [ 3.3, 4.0, 0.0 ],
					"uv": [ 3.0, 16.0 ],
					"rotationOrigin": [ 1.0, 3.5, 0.0 ],
					"rotationZ": -17.0,
					"faces": {
						"north": { "texture": "#chicken", "uv": [ 3.0, 16.5, 6.0, 19.5 ] },
						"east": { "texture": "#chicken", "uv": [ 6.0, 16.5, 6.5, 19.5 ] },
						"south": { "texture": "#chicken", "uv": [ 6.5, 16.5, 9.5, 19.5 ] },
						"west": { "texture": "#chicken", "uv": [ 9.5, 16.5, 10.0, 19.5 ] },
						"up": { "texture": "#chicken", "uv": [ 3.0, 16.0, 6.0, 16.5 ], "rotation": 180 },
						"down": { "texture": "#chicken", "uv": [ 6.0, 16.0, 9.0, 16.5 ] }
					},
					"children": [
						{
							"name": "R wing tip",
							"from": [ 3.0, 0.5, 0.0 ],
							"to": [ 6.0, 3.0, 0.5 ],
							"uv": [ 0.5, 16.0 ],
							"rotationOrigin": [ 3.0, 3.0, 0.5 ],
							"faces": {
								"north": { "texture": "#chicken", "uv": [ 0.5, 16.5, 3.5, 19.0 ] },
								"up": { "texture": "#chicken", "uv": [ 0.5, 16.0, 3.5, 16.5 ], "rotation": 180 }
							}
						}
					]
				},
				{
					"name": "L wing",
					"from": [ 0.3, 1.0, 4.0 ],
					"to": [ 3.3, 4.0, 4.5 ],
					"uv": [ 15.0, 16.0 ],
					"rotationOrigin": [ 1.0, 3.5, 4.0 ],
					"rotationZ": -17.0,
					"faces": {
						"north": { "texture": "#chicken", "uv": [ 12.0, 16.5, 15.0, 19.5 ], "autoUv": false },
						"east": { "texture": "#chicken", "uv": [ 18.5, 16.5, 19.0, 19.5 ] },
						"south": { "texture": "#chicken", "uv": [ 15.5, 16.5, 18.5, 19.5 ] },
						"west": { "texture": "#chicken", "uv": [ 15.0, 16.5, 15.5, 19.5 ] },
						"up": { "texture": "#chicken", "uv": [ 15.5, 16.0, 18.5, 16.5 ] },
						"down": { "texture": "#chicken", "uv": [ 15.5, 19.5, 18.5, 20.0 ], "rotation": 180 }
					},
					"children": [
						{
							"name": "L wing tip",
							"from": [ 3.0, 0.5, 0.0 ],
							"to": [ 6.0, 3.0, 0.5 ],
							"uv": [ 18.5, 16.0 ],
							"rotationOrigin": [ 3.0, 2.9, -0.1 ],
							"faces": {
								"south": { "texture": "#chicken", "uv": [ 18.5, 16.5, 21.5, 19.0 ] },
								"up": { "texture": "#chicken", "uv": [ 18.5, 16.0, 21.5, 16.5 ] }
							}
						}
					]
				},
				{
					"name": "L feather 1",
					"from": [ 5.1, 2.6, 2.0 ],
					"to": [ 9.6, 3.6, 2.0 ],
					"unwrapMode": 4,
					"unwrapRotation": 1,
					"uv": [ 27.0, 27.5 ],
					"rotationOrigin": [ 5.1, 3.6, 2.0 ],
					"rotationX": -6.0,
					"rotationY": -8.0,
					"rotationZ": 50.0,
					"faces": {
						"south": { "texture": "#chicken", "uv": [ 27.0, 27.5, 28.0, 32.0 ], "rotation": 90, "windMode": [-1,-1,-1,-1] }
					}
				},
				{
					"name": "L feather 2",
					"from": [ 4.9, 2.6, 2.5 ],
					"to": [ 9.9, 3.6, 2.5 ],
					"unwrapMode": 4,
					"unwrapRotation": 1,
					"uv": [ 28.0, 27.0 ],
					"rotationOrigin": [ 4.9, 3.6, 2.5 ],
					"rotationX": -12.0,
					"rotationY": -5.0,
					"rotationZ": 38.0,
					"faces": {
						"south": { "texture": "#chicken", "uv": [ 28.0, 27.0, 29.0, 32.0 ], "rotation": 90, "windMode": [-1,-1,-1,-1] }
					}
				},
				{
					"name": "L feather 3",
					"from": [ 5.3, 2.7, 2.9 ],
					"to": [ 9.8, 3.7, 2.9 ],
					"unwrapMode": 4,
					"unwrapRotation": 1,
					"uv": [ 29.0, 27.5 ],
					"rotationOrigin": [ 5.3, 3.7, 2.9 ],
					"rotationX": -9.0,
					"rotationY": 2.0,
					"rotationZ": 30.0,
					"faces": {
						"south": { "texture": "#chicken", "uv": [ 29.0, 27.5, 30.0, 32.0 ], "rotation": 90, "windMode": [-1,-1,-1,-1] }
					}
				},
				{
					"name": "L feather 4",
					"from": [ 5.2, 2.5, 3.2 ],
					"to": [ 9.7, 3.5, 3.2 ],
					"unwrapMode": 4,
					"unwrapRotation": 1,
					"uv": [ 30.0, 27.5 ],
					"rotationOrigin": [ 5.2, 3.5, 3.2 ],
					"rotationY": 8.0,
					"rotationZ": 20.0,
					"faces": {
						"south": { "texture": "#chicken", "uv": [ 30.0, 27.5, 31.0, 32.0 ], "rotation": 90, "windMode": [-1,-1,-1,-1] }
					}
				},
				{
					"name": "L feather 5",
					"from": [ 5.5, 2.1, 2.8 ],
					"to": [ 9.5, 3.1, 2.8 ],
					"unwrapMode": 4,
					"unwrapRotation": 1,
					"uv": [ 31.0, 28.0 ],
					"rotationOrigin": [ 5.5, 3.1, 2.8 ],
					"rotationX": 4.0,
					"rotationY": 8.0,
					"rotationZ": 15.0,
					"faces": {
						"south": { "texture": "#chicken", "uv": [ 31.0, 28.0, 32.0, 32.0 ], "rotation": 90, "windMode": [-1,-1,-1,-1] }
					}
				},
				{
					"name": "R feather 1",
					"from": [ 5.1, 2.6, 2.0 ],
					"to": [ 9.6, 3.6, 2.0 ],
					"unwrapMode": 2,
					"unwrapRotation": 1,
					"autoUnwrap": false,
					"uv": [ 26.0, 27.5 ],
					"rotationOrigin": [ 5.1, 3.6, 2.0 ],
					"rotationX": 6.0,
					"rotationY": 8.0,
					"rotationZ": 50.0,
					"faces": {
						"north": { "texture": "#chicken", "uv": [ 26.0, 27.5, 27.0, 32.0 ], "rotation": 270 }
					}
				},
				{
					"name": "R feather 2",
					"from": [ 4.9, 2.6, 1.5 ],
					"to": [ 9.9, 3.6, 1.5 ],
					"unwrapMode": 2,
					"unwrapRotation": 1,
					"autoUnwrap": false,
					"uv": [ 25.0, 27.0 ],
					"rotationOrigin": [ 4.9, 3.6, 1.5 ],
					"rotationX": 12.0,
					"rotationY": 5.0,
					"rotationZ": 38.0,
					"faces": {
						"north": { "texture": "#chicken", "uv": [ 25.0, 27.0, 26.0, 32.0 ], "rotation": 270 }
					}
				},
				{
					"name": "R feather 3",
					"from": [ 5.3, 2.7, 1.1 ],
					"to": [ 9.8, 3.7, 1.1 ],
					"unwrapMode": 4,
					"unwrapRotation": 1,
					"autoUnwrap": false,
					"uv": [ 24.0, 27.0 ],
					"rotationOrigin": [ 5.3, 3.7, 1.1 ],
					"rotationX": 9.0,
					"rotationY": -2.0,
					"rotationZ": 30.0,
					"faces": {
						"north": { "texture": "#chicken", "uv": [ 24.0, 27.5, 25.0, 32.0 ], "rotation": 270 }
					}
				},
				{
					"name": "R feather 4",
					"from": [ 5.2, 2.5, 0.8 ],
					"to": [ 9.7, 3.5, 0.8 ],
					"unwrapMode": 2,
					"unwrapRotation": 1,
					"autoUnwrap": false,
					"uv": [ 23.0, 27.5 ],
					"rotationOrigin": [ 5.2, 3.5, 0.8 ],
					"rotationY": -8.0,
					"rotationZ": 20.0,
					"faces": {
						"north": { "texture": "#chicken", "uv": [ 23.0, 27.5, 24.0, 32.0 ], "rotation": 270 }
					}
				},
				{
					"name": "R feather 5",
					"from": [ 5.5, 2.1, 1.2 ],
					"to": [ 9.5, 3.1, 1.2 ],
					"unwrapMode": 2,
					"unwrapRotation": 1,
					"autoUnwrap": false,
					"uv": [ 22.0, 28.0 ],
					"rotationOrigin": [ 5.5, 3.1, 1.2 ],
					"rotationX": -4.0,
					"rotationY": -8.0,
					"rotationZ": 15.0,
					"faces": {
						"north": { "texture": "#chicken", "uv": [ 22.0, 28.0, 23.0, 32.0 ], "rotation": 270 }
					}
				}
			],
			"attachmentpoints": [
				{
					"code": "Center",
					"posX": "3.0","posY": "2.0","posZ": "2.0",
					"rotationX": "0.0","rotationY": "0.0","rotationZ": "0.0"
				}
			]
		}
	],
	"animations": [
		{
			"name": "Walk",
			"code": "walk",
			"quantityframes": 41,
			"onActivityStopped": "EaseOut",
			"onAnimationEnd": "Repeat",
			"keyframes": [
				{
					"frame": 0,
					"elements": {
						"body": { "offsetX": -1.0, "offsetY": 0.0, "offsetZ": 0.0, "rotationX": -3.0, "rotationY": 0.0, "rotationZ": -5.0 },
						"neck": { "offsetX": -0.1, "offsetY": 1.0, "offsetZ": 0.0, "rotationX": 3.0, "rotationY": 0.0, "rotationZ": -42.0 },
						"head": { "offsetX": 0.0, "offsetY": 0.0, "offsetZ": 0.0, "rotationX": 0.0, "rotationY": 0.0, "rotationZ": 39.0 },
						"R leg": { "offsetX": 1.0, "offsetY": -2.0, "offsetZ": 0.0, "rotationX": 3.0, "rotationY": 0.0, "rotationZ": 33.0 },
						"R feet": { "offsetX": 0.0, "offsetY": 0.0, "offsetZ": 0.0, "rotationX": 0.0, "rotationY": 0.0, "rotationZ": 8.0 },
						"R toes": { "offsetX": 0.0, "offsetY": 0.0, "offsetZ": 0.0, "rotationX": 0.0, "rotationY": 0.0, "rotationZ": -25.0 },
						"L leg": { "offsetX": 0.0, "offsetY": 0.0, "offsetZ": 0.0, "rotationX": 3.0, "rotationY": 0.0, "rotationZ": -28.0 },
						"L feet": { "offsetX": -0.5, "offsetY": 1.0, "offsetZ": 0.0, "rotationX": 0.0, "rotationY": 0.0, "rotationZ": 28.0 },
						"L toes": { "offsetX": 0.0, "offsetY": 0.0, "offsetZ": 0.0, "rotationX": 5.0, "rotationY": 0.0, "rotationZ": 30.0 },
						"R wing": { "offsetX": 1.0, "offsetY": 0.0, "offsetZ": 0.0, "rotationX": 17.0, "rotationY": 10.0, "rotationZ": 8.0 },
						"L wing": { "offsetX": 1.0, "offsetY": 0.0, "offsetZ": 0.0, "rotationX": -17.0, "rotationY": -10.0, "rotationZ": 8.0 }
					}
				},
				{
					"frame": 6,
					"elements": {
						"body": { "offsetX": -1.0, "offsetY": 0.0, "offsetZ": 0.0, "rotationX": -3.0, "rotationY": 0.0, "rotationZ": 3.0 },
						"neck": { "offsetX": 0.0, "offsetY": 0.0, "offsetZ": 0.0, "rotationX": 3.0, "rotationY": 0.0, "rotationZ": -19.0 },
						"head": { "offsetX": 0.0, "offsetY": 0.0, "offsetZ": 0.0, "rotationX": 0.0, "rotationY": 0.0, "rotationZ": 14.0 },
						"R leg": { "offsetX": 1.0, "offsetY": -2.0, "offsetZ": 0.0, "rotationX": 3.0, "rotationY": 0.0, "rotationZ": 39.0 },
						"R feet": { "offsetX": 0.0, "offsetY": 0.0, "offsetZ": 0.0, "rotationX": 0.0, "rotationY": 0.0, "rotationZ": 11.0 },
						"R toes": { "offsetX": 0.0, "offsetY": 0.0, "offsetZ": 0.0, "rotationX": 0.0, "rotationY": 0.0, "rotationZ": -33.0 },
						"L leg": { "offsetX": 1.0, "offsetY": 0.0, "offsetZ": 0.0, "rotationX": 3.0, "rotationY": 0.0, "rotationZ": -47.0 },
						"L feet": { "offsetX": -0.5, "offsetY": 0.0, "offsetZ": 0.0, "rotationX": 0.0, "rotationY": 0.0, "rotationZ": 17.0 },
						"L toes": { "offsetX": 0.0, "offsetY": 0.0, "offsetZ": 0.0, "rotationX": 0.0, "rotationY": 0.0, "rotationZ": 33.0 },
						"R wing": { "offsetX": 0.0, "offsetY": 0.0, "offsetZ": 0.0, "rotationX": 0.0, "rotationY": 0.0, "rotationZ": 0.0 },
						"L wing": { "offsetX": 0.0, "offsetY": 0.0, "offsetZ": 0.0, "rotationX": 0.0, "rotationY": 0.0, "rotationZ": 0.0 }
					}
				},
				{
					"frame": 14,
					"elements": {
						"body": { "offsetX": 0.0, "offsetY": 0.0, "offsetZ": 0.0, "rotationX": 0.0, "rotationY": 0.0, "rotationZ": 8.0 },
						"neck": { "offsetX": 0.0, "offsetY": 0.0, "offsetZ": 0.0, "rotationX": 0.0, "rotationY": 0.0, "rotationZ": -3.0 },
						"head": { "offsetX": 0.0, "offsetY": 0.0, "offsetZ": 0.0, "rotationX": 0.0, "rotationY": 0.0, "rotationZ": -8.0 },
						"R leg": { "offsetX": 1.0, "offsetY": 0.0, "offsetZ": 0.0, "rotationX": 0.0, "rotationY": 0.0, "rotationZ": 3.0 },
						"R feet": { "offsetX": 0.0, "offsetY": 0.0, "offsetZ": 0.0, "rotationX": 0.0, "rotationY": 0.0, "rotationZ": 6.0 },
						"R toes": { "offsetX": 0.0, "offsetY": 0.0, "offsetZ": 0.0, "rotationX": 0.0, "rotationY": 0.0, "rotationZ": 11.0 },
						"L leg": { "offsetX": 0.0, "offsetY": 0.0, "offsetZ": 0.0, "rotationX": 0.0, "rotationY": 0.0, "rotationZ": -33.0 },
						"L feet": { "offsetX": 0.0, "offsetY": 0.0, "offsetZ": 0.0, "rotationX": 0.0, "rotationY": 0.0, "rotationZ": 39.0 },
						"L toes": { "offsetX": 0.0, "offsetY": 0.0, "offsetZ": 0.0, "rotationX": 0.0, "rotationY": 0.0, "rotationZ": 0.0 },
						"R wing": { "offsetX": 0.0, "offsetY": 0.0, "offsetZ": 0.0, "rotationX": 0.0, "rotationY": 0.0, "rotationZ": -3.0 },
						"L wing": { "offsetX": 0.0, "offsetY": 0.0, "offsetZ": 0.0, "rotationX": 0.0, "rotationY": 0.0, "rotationZ": -3.0 }
					}
				},
				{
					"frame": 20,
					"elements": {
						"body": { "offsetX": -1.0, "offsetY": 0.0, "offsetZ": 0.0, "rotationX": 3.0, "rotationY": 0.0, "rotationZ": -5.0 },
						"neck": { "offsetX": -0.1, "offsetY": 1.0, "offsetZ": 0.0, "rotationX": -3.0, "rotationY": 0.0, "rotationZ": -42.0 },
						"head": { "offsetX": 0.0, "offsetY": 0.0, "offsetZ": 0.0, "rotationX": 0.0, "rotationY": 0.0, "rotationZ": 39.0 },
						"R leg": { "offsetX": 1.0, "offsetY": 0.0, "offsetZ": 0.0, "rotationX": -3.0, "rotationY": 0.0, "rotationZ": -28.0 },
						"R feet": { "offsetX": -0.5, "offsetY": 1.0, "offsetZ": 0.0, "rotationX": 0.0, "rotationY": 0.0, "rotationZ": 28.0 },
						"R toes": { "offsetX": 0.0, "offsetY": 0.0, "offsetZ": 0.0, "rotationX": -5.0, "rotationY": 0.0, "rotationZ": 25.0 },
						"L leg": { "offsetX": 1.0, "offsetY": -2.0, "offsetZ": 0.0, "rotationX": -3.0, "rotationY": 0.0, "rotationZ": 33.0 },
						"L feet": { "offsetX": 0.0, "offsetY": 0.0, "offsetZ": 0.0, "rotationX": 0.0, "rotationY": 0.0, "rotationZ": 11.0 },
						"L toes": { "offsetX": 0.0, "offsetY": 0.0, "offsetZ": 0.0, "rotationX": 0.0, "rotationY": 0.0, "rotationZ": -8.0 },
						"R wing": { "offsetX": 1.0, "offsetY": 0.0, "offsetZ": 0.0, "rotationX": 17.0, "rotationY": 10.0, "rotationZ": 8.0 },
						"L wing": { "offsetX": 1.0, "offsetY": 0.0, "offsetZ": 0.0, "rotationX": -17.0, "rotationY": -10.0, "rotationZ": 8.0 }
					}
				},
				{
					"frame": 26,
					"elements": {
						"body": { "offsetX": -1.0, "offsetY": 0.0, "offsetZ": 0.0, "rotationX": 3.0, "rotationY": 0.0, "rotationZ": 3.0 },
						"neck": { "offsetX": 0.0, "offsetY": 0.0, "offsetZ": 0.0, "rotationX": -3.0, "rotationY": 0.0, "rotationZ": -19.0 },
						"head": { "offsetX": 0.0, "offsetY": 0.0, "offsetZ": 0.0, "rotationX": 0.0, "rotationY": 0.0, "rotationZ": 14.0 },
						"R leg": { "offsetX": 1.0, "offsetY": 0.0, "offsetZ": 0.0, "rotationX": -3.0, "rotationY": 0.0, "rotationZ": -47.0 },
						"R feet": { "offsetX": -0.5, "offsetY": 0.0, "offsetZ": 0.0, "rotationX": 0.0, "rotationY": 0.0, "rotationZ": 17.0 },
						"R toes": { "offsetX": 0.0, "offsetY": 0.0, "offsetZ": 0.0, "rotationX": 0.0, "rotationY": 0.0, "rotationZ": 33.0 },
						"L leg": { "offsetX": 1.0, "offsetY": -2.0, "offsetZ": 0.0, "rotationX": -3.0, "rotationY": 0.0, "rotationZ": 39.0 },
						"L feet": { "offsetX": 0.0, "offsetY": 0.0, "offsetZ": 0.0, "rotationX": 0.0, "rotationY": 0.0, "rotationZ": 11.0 },
						"L toes": { "offsetX": 0.0, "offsetY": 0.0, "offsetZ": 0.0, "rotationX": 0.0, "rotationY": 0.0, "rotationZ": -33.0 },
						"R wing": { "offsetX": 0.0, "offsetY": 0.0, "offsetZ": 0.0, "rotationX": 0.0, "rotationY": 0.0, "rotationZ": 0.0 },
						"L wing": { "offsetX": 0.0, "offsetY": 0.0, "offsetZ": 0.0, "rotationX": 0.0, "rotationY": 0.0, "rotationZ": 0.0 }
					}
				},
				{
					"frame": 34,
					"elements": {
						"body": { "offsetX": 0.0, "offsetY": 0.0, "offsetZ": 0.0, "rotationX": 0.0, "rotationY": 0.0, "rotationZ": 8.0 },
						"neck": { "offsetX": 0.0, "offsetY": 0.0, "offsetZ": 0.0, "rotationX": -3.0, "rotationY": 0.0, "rotationZ": -3.0 },
						"head": { "offsetX": 0.0, "offsetY": 0.0, "offsetZ": 0.0, "rotationX": 0.0, "rotationY": 0.0, "rotationZ": -8.0 },
						"R leg": { "offsetX": 1.0, "offsetY": 0.0, "offsetZ": 0.0, "rotationX": 0.0, "rotationY": 0.0, "rotationZ": -33.0 },
						"R feet": { "offsetX": 0.0, "offsetY": 0.0, "offsetZ": 0.0, "rotationX": 0.0, "rotationY": 0.0, "rotationZ": 17.0 },
						"R toes": { "offsetX": 0.0, "offsetY": 0.0, "offsetZ": 0.0, "rotationX": 0.0, "rotationY": 0.0, "rotationZ": 11.0 },
						"L leg": { "offsetX": 1.0, "offsetY": 0.0, "offsetZ": 0.0, "rotationX": 0.0, "rotationY": 0.0, "rotationZ": 3.0 },
						"L feet": { "offsetX": 0.0, "offsetY": 0.0, "offsetZ": 0.0, "rotationX": 0.0, "rotationY": 0.0, "rotationZ": 6.0 },
						"L toes": { "offsetX": 0.0, "offsetY": 0.0, "offsetZ": 0.0, "rotationX": 0.0, "rotationY": 0.0, "rotationZ": 11.0 },
						"R wing": { "offsetX": 0.0, "offsetY": 0.0, "offsetZ": 0.0, "rotationX": 0.0, "rotationY": 0.0, "rotationZ": -3.0 },
						"L wing": { "offsetX": 0.0, "offsetY": 0.0, "offsetZ": 0.0, "rotationX": 0.0, "rotationY": 0.0, "rotationZ": -3.0 }
					}
				},
				{
					"frame": 40,
					"elements": {
						"body": { "offsetX": -1.0, "offsetY": 0.0, "offsetZ": 0.0, "rotationX": -3.0, "rotationY": 0.0, "rotationZ": -5.0 },
						"neck": { "offsetX": -0.1, "offsetY": 1.0, "offsetZ": 0.0, "rotationX": 3.0, "rotationY": 0.0, "rotationZ": -42.0 },
						"head": { "offsetX": 0.0, "offsetY": 0.0, "offsetZ": 0.0, "rotationX": 0.0, "rotationY": 0.0, "rotationZ": 39.0 },
						"R leg": { "offsetX": 1.0, "offsetY": -2.0, "offsetZ": 0.0, "rotationX": 3.0, "rotationY": 0.0, "rotationZ": 33.0 },
						"R feet": { "offsetX": 0.0, "offsetY": 0.0, "offsetZ": 0.0, "rotationX": 0.0, "rotationY": 0.0, "rotationZ": 8.0 },
						"R toes": { "offsetX": 0.0, "offsetY": 0.0, "offsetZ": 0.0, "rotationX": 0.0, "rotationY": 0.0, "rotationZ": -25.0 },
						"L leg": { "offsetX": 0.0, "offsetY": 0.0, "offsetZ": 0.0, "rotationX": 3.0, "rotationY": 0.0, "rotationZ": -28.0 },
						"L feet": { "offsetX": -0.5, "offsetY": 1.0, "offsetZ": 0.0, "rotationX": 0.0, "rotationY": 0.0, "rotationZ": 28.0 },
						"L toes": { "offsetX": 0.0, "offsetY": 0.0, "offsetZ": 0.0, "rotationX": 0.0, "rotationY": 0.0, "rotationZ": 30.0 },
						"R wing": { "offsetX": 1.0, "offsetY": 0.0, "offsetZ": 0.0, "rotationX": 17.0, "rotationY": 10.0, "rotationZ": 8.0 },
						"L wing": { "offsetX": 1.0, "offsetY": 0.0, "offsetZ": 0.0, "rotationX": -17.0, "rotationY": -10.0, "rotationZ": 8.0 }
					}
				}
			]
		},

		{
			"name": "Eat",
			"code": "eat",
			"quantityframes": 30,
			"onActivityStopped": "EaseOut",
			"onAnimationEnd": "Repeat",
			"keyframes": [
				{
					"frame": 10,
					"elements": {
						"body": { "offsetX": 0.0, "offsetY": 0.0, "offsetZ": 0.0, "rotationX": 0.0, "rotationY": 0.0, "rotationZ": 30.0 },
						"R leg": { "offsetX": 0.0, "offsetY": 0.0, "offsetZ": 0.0, "rotationX": 0.0, "rotationY": 0.0, "rotationZ": -15.0 },
						"R feet": { "offsetX": 0.0, "offsetY": 0.0, "offsetZ": 0.0, "rotationX": 0.0, "rotationY": 0.0, "rotationZ": -19.0 },
						"L leg": { "offsetX": 0.0, "offsetY": 0.0, "offsetZ": 0.0, "rotationX": 0.0, "rotationY": 0.0, "rotationZ": -15.0 },
						"L feet": { "offsetX": 0.0, "offsetY": 0.0, "offsetZ": 0.0, "rotationX": 0.0, "rotationY": 0.0, "rotationZ": -19.0 },
						"neck": { "offsetX": -0.4, "offsetY": 0.0, "offsetZ": 0.0, "rotationX": 0.0, "rotationY": 0.0, "rotationZ": 78.0 },
						"head": { "offsetX": -0.3, "offsetY": -0.5, "offsetZ": 0.0, "rotationX": 0.0, "rotationY": 0.0, "rotationZ": -39.0 }
					}
				},
				{
					"frame": 13,
					"elements": {
						"body": { "offsetX": 0.0, "offsetY": 0.0, "offsetZ": 0.0, "rotationX": 0.0, "rotationY": 0.0, "rotationZ": 30.0 },
						"neck": { "offsetX": -0.4, "offsetY": 0.0, "offsetZ": 0.0, "rotationX": 0.0, "rotationY": 0.0, "rotationZ": 78.0 },
						"head": { "offsetX": -0.3, "offsetY": -0.5, "offsetZ": 0.0, "rotationX": 0.0, "rotationY": 0.0, "rotationZ": -39.0 },
						"R leg": { "offsetX": 0.0, "offsetY": 0.0, "offsetZ": 0.0, "rotationX": 0.0, "rotationY": 0.0, "rotationZ": -15.0 },
						"R feet": { "offsetX": 0.0, "offsetY": 0.0, "offsetZ": 0.0, "rotationX": 0.0, "rotationY": 0.0, "rotationZ": -19.0 },
						"L leg": { "offsetX": 0.0, "offsetY": 0.0, "offsetZ": 0.0, "rotationX": 0.0, "rotationY": 0.0, "rotationZ": -15.0 },
						"L feet": { "offsetX": 0.0, "offsetY": 0.0, "offsetZ": 0.0, "rotationX": 0.0, "rotationY": 0.0, "rotationZ": -19.0 }
					}
				},
				{
					"frame": 16,
					"elements": {
						"body": { "offsetX": 0.0, "offsetY": 0.0, "offsetZ": 0.0, "rotationX": 0.0, "rotationY": 0.0, "rotationZ": 35.0 },
						"neck": { "offsetX": -0.4, "offsetY": 0.0, "offsetZ": 0.0, "rotationX": 0.0, "rotationY": 0.0, "rotationZ": 73.0 },
						"head": { "offsetX": -1.0, "offsetY": -0.5, "offsetZ": 0.0, "rotationX": 0.0, "rotationY": 0.0, "rotationZ": -40.0 },
						"R leg": { "offsetX": 0.0, "offsetY": 0.0, "offsetZ": 0.0, "rotationX": 0.0, "rotationY": 0.0, "rotationZ": -20.0 },
						"R feet": { "offsetX": 0.0, "offsetY": 0.0, "offsetZ": 0.0, "rotationX": 0.0, "rotationY": 0.0, "rotationZ": -19.0 },
						"L leg": { "offsetX": 0.0, "offsetY": 0.0, "offsetZ": 0.0, "rotationX": 0.0, "rotationY": 0.0, "rotationZ": -20.0 },
						"L feet": { "offsetX": 0.0, "offsetY": 0.0, "offsetZ": 0.0, "rotationX": 0.0, "rotationY": 0.0, "rotationZ": -19.0 }
					}
				},
				{
					"frame": 19,
					"elements": {
						"body": { "offsetX": 0.0, "offsetY": 0.0, "offsetZ": 0.0, "rotationX": 0.0, "rotationY": 0.0, "rotationZ": 30.0 },
						"neck": { "offsetX": -0.4, "offsetY": 0.0, "offsetZ": 0.0, "rotationX": 0.0, "rotationY": 0.0, "rotationZ": 78.0 },
						"head": { "offsetX": -0.3, "offsetY": -0.5, "offsetZ": 0.0, "rotationX": 0.0, "rotationY": 0.0, "rotationZ": -39.0 },
						"R leg": { "offsetX": 0.0, "offsetY": 0.0, "offsetZ": 0.0, "rotationX": 0.0, "rotationY": 0.0, "rotationZ": -15.0 },
						"R feet": { "offsetX": 0.0, "offsetY": 0.0, "offsetZ": 0.0, "rotationX": 0.0, "rotationY": 0.0, "rotationZ": -19.0 },
						"L leg": { "offsetX": 0.0, "offsetY": 0.0, "offsetZ": 0.0, "rotationX": 0.0, "rotationY": 0.0, "rotationZ": -15.0 },
						"L feet": { "offsetX": 0.0, "offsetY": 0.0, "offsetZ": 0.0, "rotationX": 0.0, "rotationY": 0.0, "rotationZ": -19.0 }
					}
				},
				{
					"frame": 21,
					"elements": {
						"body": { "offsetX": 0.0, "offsetY": 0.0, "offsetZ": 0.0, "rotationX": 0.0, "rotationY": 0.0, "rotationZ": 30.0 },
						"neck": { "offsetX": -0.4, "offsetY": 0.0, "offsetZ": 0.0, "rotationX": 0.0, "rotationY": 0.0, "rotationZ": 78.0 },
						"head": { "offsetX": -0.3, "offsetY": -0.5, "offsetZ": 0.0, "rotationX": 0.0, "rotationY": 0.0, "rotationZ": -39.0 },
						"R leg": { "offsetX": 0.0, "offsetY": 0.0, "offsetZ": 0.0, "rotationX": 0.0, "rotationY": 0.0, "rotationZ": -15.0 },
						"R feet": { "offsetX": 0.0, "offsetY": 0.0, "offsetZ": 0.0, "rotationX": 0.0, "rotationY": 0.0, "rotationZ": -19.0 },
						"L leg": { "offsetX": 0.0, "offsetY": 0.0, "offsetZ": 0.0, "rotationX": 0.0, "rotationY": 0.0, "rotationZ": -15.0 },
						"L feet": { "offsetX": 0.0, "offsetY": 0.0, "offsetZ": 0.0, "rotationX": 0.0, "rotationY": 0.0, "rotationZ": -19.0 }
					}
				},
				{
					"frame": 24,
					"elements": {
						"body": { "offsetX": 0.0, "offsetY": 0.0, "offsetZ": 0.0, "rotationX": 0.0, "rotationY": 0.0, "rotationZ": 35.0 },
						"neck": { "offsetX": -0.4, "offsetY": 0.0, "offsetZ": 0.0, "rotationX": 0.0, "rotationY": 0.0, "rotationZ": 73.0 },
						"head": { "offsetX": -1.0, "offsetY": -0.5, "offsetZ": 0.0, "rotationX": 0.0, "rotationY": 0.0, "rotationZ": -40.0 },
						"R leg": { "offsetX": 0.0, "offsetY": 0.0, "offsetZ": 0.0, "rotationX": 0.0, "rotationY": 0.0, "rotationZ": -20.0 },
						"R feet": { "offsetX": 0.0, "offsetY": 0.0, "offsetZ": 0.0, "rotationX": 0.0, "rotationY": 0.0, "rotationZ": -19.0 },
						"L leg": { "offsetX": 0.0, "offsetY": 0.0, "offsetZ": 0.0, "rotationX": 0.0, "rotationY": 0.0, "rotationZ": -20.0 },
						"L feet": { "offsetX": 0.0, "offsetY": 0.0, "offsetZ": 0.0, "rotationX": 0.0, "rotationY": 0.0, "rotationZ": -19.0 }
					}
				},
				{
					"frame": 26,
					"elements": {
						"body": { "offsetX": 0.0, "offsetY": 0.0, "offsetZ": 0.0, "rotationX": 0.0, "rotationY": 0.0, "rotationZ": 30.0 },
						"neck": { "offsetX": -0.4, "offsetY": 0.0, "offsetZ": 0.0, "rotationX": 0.0, "rotationY": 0.0, "rotationZ": 78.0 },
						"head": { "offsetX": -0.3, "offsetY": -0.5, "offsetZ": 0.0, "rotationX": 0.0, "rotationY": 0.0, "rotationZ": -39.0 },
						"R leg": { "offsetX": 0.0, "offsetY": 0.0, "offsetZ": 0.0, "rotationX": 0.0, "rotationY": 0.0, "rotationZ": -15.0 },
						"R feet": { "offsetX": 0.0, "offsetY": 0.0, "offsetZ": 0.0, "rotationX": 0.0, "rotationY": 0.0, "rotationZ": -19.0 },
						"L leg": { "offsetX": 0.0, "offsetY": 0.0, "offsetZ": 0.0, "rotationX": 0.0, "rotationY": 0.0, "rotationZ": -15.0 },
						"L feet": { "offsetX": 0.0, "offsetY": 0.0, "offsetZ": 0.0, "rotationX": 0.0, "rotationY": 0.0, "rotationZ": -19.0 }
					}
				},
				{
					"frame": 29,
					"elements": {
						"body": { "offsetX": 0.0, "offsetY": 0.0, "offsetZ": 0.0, "rotationX": 0.0, "rotationY": 0.0, "rotationZ": 35.0 },
						"neck": { "offsetX": -0.4, "offsetY": 0.0, "offsetZ": 0.0, "rotationX": 0.0, "rotationY": 0.0, "rotationZ": 73.0 },
						"head": { "offsetX": -1.0, "offsetY": -0.5, "offsetZ": 0.0, "rotationX": 0.0, "rotationY": 0.0, "rotationZ": -40.0 },
						"R leg": { "offsetX": 0.0, "offsetY": 0.0, "offsetZ": 0.0, "rotationX": 0.0, "rotationY": 0.0, "rotationZ": -20.0 },
						"R feet": { "offsetX": 0.0, "offsetY": 0.0, "offsetZ": 0.0, "rotationX": 0.0, "rotationY": 0.0, "rotationZ": -19.0 },
						"L leg": { "offsetX": 0.0, "offsetY": 0.0, "offsetZ": 0.0, "rotationX": 0.0, "rotationY": 0.0, "rotationZ": -20.0 },
						"L feet": { "offsetX": 0.0, "offsetY": 0.0, "offsetZ": 0.0, "rotationX": 0.0, "rotationY": 0.0, "rotationZ": -19.0 }
					}
				}
			]
		},

		{
			"name": "Death",
			"code": "death",
			"quantityframes": 30,
			"onActivityStopped": "PlayTillEnd",
			"onAnimationEnd": "Hold",
			"keyframes": [
				{
					"frame": 0,
					"elements": {
						"body": { "offsetX": 0.0, "offsetY": 0.0, "offsetZ": 0.0, "rotationX": 0.0, "rotationY": 0.0, "rotationZ": 0.0 },
						"neck": { "offsetX": 0.0, "offsetY": 0.0, "offsetZ": 0.0, "rotationX": 0.0, "rotationY": 0.0, "rotationZ": 0.0 },
						"head": { "offsetX": 0.0, "offsetY": 0.0, "offsetZ": 0.0, "rotationX": 0.0, "rotationY": 0.0, "rotationZ": 0.0 },
						"R leg": { "offsetX": 0.0, "offsetY": 0.0, "offsetZ": 0.0, "rotationX": 0.0, "rotationY": 0.0, "rotationZ": 0.0 },
						"R feet": { "offsetX": 0.0, "offsetY": 0.0, "offsetZ": 0.0, "rotationX": 0.0, "rotationY": 0.0, "rotationZ": 0.0 },
						"R toes": { "offsetX": 0.0, "offsetY": 0.0, "offsetZ": 0.0, "rotationX": 0.0, "rotationY": 0.0, "rotationZ": 0.0 },
						"L leg": { "offsetX": 0.0, "offsetY": 0.0, "offsetZ": 0.0, "rotationX": 0.0, "rotationY": 0.0, "rotationZ": 0.0 },
						"L feet": { "offsetX": 0.0, "offsetY": 0.0, "offsetZ": 0.0, "rotationX": 0.0, "rotationY": 0.0, "rotationZ": 0.0 },
						"L toes": { "offsetX": 0.0, "offsetY": 0.0, "offsetZ": 0.0, "rotationX": 0.0, "rotationY": 0.0, "rotationZ": 0.0 },
						"R wing": { "offsetX": 0.0, "offsetY": 0.0, "offsetZ": 0.0, "rotationX": 0.0, "rotationY": 0.0, "rotationZ": 0.0 },
						"L wing": { "offsetX": 0.0, "offsetY": 0.0, "offsetZ": 0.0, "rotationX": 0.0, "rotationY": 0.0, "rotationZ": 0.0 }
					}
				},
				{
					"frame": 6,
					"elements": {
						"body": { "offsetX": 4.0, "offsetY": 2.0, "offsetZ": 0.0, "rotationX": -8.0, "rotationY": 0.0, "rotationZ": -6.0 },
						"neck": { "offsetX": 0.0, "offsetY": 0.0, "offsetZ": 0.0, "rotationX": 0.0, "rotationY": 0.0, "rotationZ": 22.0 },
						"head": { "offsetX": 0.0, "offsetY": 0.0, "offsetZ": 0.0, "rotationX": 0.0, "rotationY": 0.0, "rotationZ": 28.0 },
						"R leg": { "offsetX": 0.0, "offsetY": 0.0, "offsetZ": 0.0, "rotationX": 0.0, "rotationY": 0.0, "rotationZ": -55.0 },
						"R feet": { "offsetX": 0.0, "offsetY": 0.0, "offsetZ": 0.0, "rotationX": 0.0, "rotationY": 0.0, "rotationZ": 33.0 },
						"R toes": { "offsetX": 0.0, "offsetY": 0.0, "offsetZ": 0.0, "rotationX": 0.0, "rotationY": 0.0, "rotationZ": 0.0 },
						"L leg": { "offsetX": 0.0, "offsetY": 0.0, "offsetZ": 0.0, "rotationX": 0.0, "rotationY": 0.0, "rotationZ": 22.0 },
						"L feet": { "offsetX": 0.0, "offsetY": 0.0, "offsetZ": 0.0, "rotationX": 0.0, "rotationY": 0.0, "rotationZ": -11.0 },
						"L toes": { "offsetX": 0.0, "offsetY": 0.0, "offsetZ": 0.0, "rotationX": 0.0, "rotationY": 0.0, "rotationZ": 0.0 },
						"R wing": { "offsetX": 0.0, "offsetY": 0.0, "offsetZ": 0.0, "rotationX": 0.0, "rotationY": 55.0, "rotationZ": 30.0 },
						"L wing": { "offsetX": 0.0, "offsetY": 0.0, "offsetZ": 0.0, "rotationX": 0.0, "rotationY": -47.0, "rotationZ": 47.0 }
					}
				},
				{
					"frame": 24,
					"elements": {
						"body": { "offsetX": 2.0, "offsetY": 3.0, "offsetZ": -3.0, "rotationX": -75.0, "rotationY": 3.0, "rotationZ": -22.0 },
						"neck": { "offsetX": 0.0, "offsetY": 0.0, "offsetZ": 0.0, "rotationX": 0.0, "rotationY": -36.0, "rotationZ": 66.0 },
						"head": { "offsetX": 0.0, "offsetY": 0.0, "offsetZ": 0.0, "rotationX": -3.0, "rotationY": -8.0, "rotationZ": 19.0 },
						"R leg": { "offsetX": 0.0, "offsetY": 0.0, "offsetZ": 0.0, "rotationX": 19.0, "rotationY": 22.0, "rotationZ": -39.0 },
						"R feet": { "offsetX": 0.0, "offsetY": 0.0, "offsetZ": 0.0, "rotationX": 0.0, "rotationY": -25.0, "rotationZ": 55.0 },
						"R toes": { "offsetX": 0.0, "offsetY": 0.0, "offsetZ": 0.0, "rotationX": 0.0, "rotationY": 0.0, "rotationZ": 0.0 },
						"L leg": { "offsetX": 0.0, "offsetY": 0.0, "offsetZ": 0.0, "rotationX": 6.0, "rotationY": -11.0, "rotationZ": -17.0 },
						"L feet": { "offsetX": 0.0, "offsetY": 0.0, "offsetZ": 0.0, "rotationX": 3.0, "rotationY": -33.0, "rotationZ": -17.0 },
						"L toes": { "offsetX": 0.0, "offsetY": 0.0, "offsetZ": 0.0, "rotationX": 0.0, "rotationY": 0.0, "rotationZ": 0.0 },
						"R wing": { "offsetX": 0.0, "offsetY": 0.0, "offsetZ": 0.0, "rotationX": 0.0, "rotationY": 17.0, "rotationZ": 50.0 },
						"L wing": { "offsetX": 0.0, "offsetY": 0.0, "offsetZ": 0.0, "rotationX": 0.0, "rotationY": -8.0, "rotationZ": -22.0 }
					}
				},
				{
					"frame": 29,
					"elements": {
						"body": { "offsetX": 2.0, "offsetY": 3.0, "offsetZ": -3.0, "rotationX": -75.0, "rotationY": 3.0, "rotationZ": -22.0 },
						"neck": { "offsetX": 0.0, "offsetY": 0.0, "offsetZ": 0.0, "rotationX": 0.0, "rotationY": -36.0, "rotationZ": 66.0 },
						"head": { "offsetX": 0.0, "offsetY": 0.0, "offsetZ": 0.0, "rotationX": -3.0, "rotationY": -8.0, "rotationZ": 19.0 },
						"R leg": { "offsetX": 0.0, "offsetY": 0.0, "offsetZ": 0.0, "rotationX": 19.0, "rotationY": 22.0, "rotationZ": -39.0 },
						"R feet": { "offsetX": 0.0, "offsetY": 0.0, "offsetZ": 0.0, "rotationX": 0.0, "rotationY": -25.0, "rotationZ": 55.0 },
						"R toes": { "offsetX": 0.0, "offsetY": 0.0, "offsetZ": 0.0, "rotationX": 0.0, "rotationY": 0.0, "rotationZ": 0.0 },
						"L leg": { "offsetX": 0.0, "offsetY": 0.0, "offsetZ": 0.0, "rotationX": 6.0, "rotationY": -11.0, "rotationZ": -17.0 },
						"L feet": { "offsetX": 0.0, "offsetY": 0.0, "offsetZ": 0.0, "rotationX": 3.0, "rotationY": -33.0, "rotationZ": -17.0 },
						"L toes": { "offsetX": 0.0, "offsetY": 0.0, "offsetZ": 0.0, "rotationX": 0.0, "rotationY": 0.0, "rotationZ": 0.0 },
						"R wing": { "offsetX": 0.0, "offsetY": 0.0, "offsetZ": 0.0, "rotationX": 0.0, "rotationY": 17.0, "rotationZ": 50.0 },
						"L wing": { "offsetX": 0.0, "offsetY": 0.0, "offsetZ": 0.0, "rotationX": 0.0, "rotationY": -8.0, "rotationZ": -22.0 }
					}
				}
			]
		},

		{
			"name": "Run",
			"code": "run",
			"quantityframes": 25,
			"onActivityStopped": "EaseOut",
			"onAnimationEnd": "Repeat",
			"keyframes": [
				{
					"frame": 0,
					"elements": {
						"body": { "offsetX": -1.0, "offsetY": -1.0, "offsetZ": 0.0, "rotationX": 0.0, "rotationY": 0.0, "rotationZ": -8.0 },
						"neck": { "offsetX": 0.0, "offsetY": 0.0, "offsetZ": 0.0, "rotationX": 0.0, "rotationY": 0.0, "rotationZ": -17.0 },
						"head": { "offsetX": 0.2, "offsetY": 0.0, "offsetZ": 0.0, "rotationX": 0.0, "rotationY": 0.0, "rotationZ": 30.0 },
						"R leg": { "offsetX": 1.0, "offsetY": -2.0, "offsetZ": 0.0, "rotationX": 0.0, "rotationY": 0.0, "rotationZ": 44.0 },
						"R feet": { "offsetX": 0.0, "offsetY": 0.0, "offsetZ": 0.0, "rotationX": 0.0, "rotationY": 0.0, "rotationZ": 3.0 },
						"R toes": { "offsetX": 0.0, "offsetY": 0.0, "offsetZ": 0.0, "rotationX": 0.0, "rotationY": 0.0, "rotationZ": -33.0 },
						"L leg": { "offsetX": 0.5, "offsetY": 1.0, "offsetZ": 0.0, "rotationX": 0.0, "rotationY": 0.0, "rotationZ": -72.0 },
						"L feet": { "offsetX": -1.0, "offsetY": 0.0, "offsetZ": 0.0, "rotationX": 0.0, "rotationY": 0.0, "rotationZ": 47.0 },
						"L toes": { "offsetX": 0.0, "offsetY": 0.0, "offsetZ": 0.0, "rotationX": 0.0, "rotationY": 0.0, "rotationZ": 28.0 },
						"R wing": { "offsetX": 0.0, "offsetY": 0.0, "offsetZ": 0.0, "rotationX": 0.0, "rotationY": 28.0, "rotationZ": 50.0 },
						"L wing": { "offsetX": 0.0, "offsetY": 0.0, "offsetZ": 0.0, "rotationX": 0.0, "rotationY": -28.0, "rotationZ": 50.0 }
					}
				},
				{
					"frame": 6,
					"elements": {
						"body": { "offsetX": 0.0, "offsetY": -0.5, "offsetZ": 0.0, "rotationX": 0.0, "rotationY": 0.0, "rotationZ": 0.0 },
						"neck": { "offsetX": 0.0, "offsetY": 0.0, "offsetZ": 0.0, "rotationX": 0.0, "rotationY": 0.0, "rotationZ": 3.0 },
						"head": { "offsetX": 0.0, "offsetY": 0.0, "offsetZ": 0.0, "rotationX": 0.0, "rotationY": 0.0, "rotationZ": 6.0 },
						"R leg": { "offsetX": 0.5, "offsetY": 0.0, "offsetZ": 0.0, "rotationX": 0.0, "rotationY": 0.0, "rotationZ": 19.0 },
						"R feet": { "offsetX": 0.0, "offsetY": 0.0, "offsetZ": 0.0, "rotationX": 0.0, "rotationY": 0.0, "rotationZ": 28.0 },
						"R toes": { "offsetX": 0.0, "offsetY": 0.0, "offsetZ": 0.0, "rotationX": 0.0, "rotationY": 0.0, "rotationZ": 19.0 },
						"L leg": { "offsetX": 0.0, "offsetY": 0.0, "offsetZ": 0.0, "rotationX": 0.0, "rotationY": 0.0, "rotationZ": -33.0 },
						"L feet": { "offsetX": 0.0, "offsetY": 0.5, "offsetZ": 0.0, "rotationX": 0.0, "rotationY": 0.0, "rotationZ": 36.0 },
						"L toes": { "offsetX": 0.0, "offsetY": 0.0, "offsetZ": 0.0, "rotationX": 0.0, "rotationY": 0.0, "rotationZ": 3.0 },
						"R wing": { "offsetX": 0.0, "offsetY": 0.0, "offsetZ": 0.0, "rotationX": 0.0, "rotationY": -3.0, "rotationZ": 50.0 },
						"L wing": { "offsetX": 0.0, "offsetY": 0.0, "offsetZ": 0.0, "rotationX": 0.0, "rotationY": 3.0, "rotationZ": 50.0 }
					}
				},
				{
					"frame": 12,
					"elements": {
						"body": { "offsetX": -1.0, "offsetY": -1.0, "offsetZ": 0.0, "rotationX": 0.0, "rotationY": 0.0, "rotationZ": -8.0 },
						"neck": { "offsetX": 0.0, "offsetY": 0.0, "offsetZ": 0.0, "rotationX": 0.0, "rotationY": 0.0, "rotationZ": -17.0 },
						"head": { "offsetX": 0.2, "offsetY": 0.0, "offsetZ": 0.0, "rotationX": 0.0, "rotationY": 0.0, "rotationZ": 30.0 },
						"R leg": { "offsetX": 0.5, "offsetY": 1.0, "offsetZ": 0.0, "rotationX": 0.0, "rotationY": 0.0, "rotationZ": -72.0 },
						"R feet": { "offsetX": -1.0, "offsetY": 0.0, "offsetZ": 0.0, "rotationX": 0.0, "rotationY": 0.0, "rotationZ": 47.0 },
						"R toes": { "offsetX": 0.0, "offsetY": 0.0, "offsetZ": 0.0, "rotationX": 0.0, "rotationY": 0.0, "rotationZ": 28.0 },
						"L leg": { "offsetX": 1.0, "offsetY": -2.0, "offsetZ": 0.0, "rotationX": 0.0, "rotationY": 0.0, "rotationZ": 44.0 },
						"L feet": { "offsetX": 0.0, "offsetY": 0.0, "offsetZ": 0.0, "rotationX": 0.0, "rotationY": 0.0, "rotationZ": 3.0 },
						"L toes": { "offsetX": 0.0, "offsetY": 0.0, "offsetZ": 0.0, "rotationX": 0.0, "rotationY": 0.0, "rotationZ": -33.0 },
						"R wing": { "offsetX": 0.0, "offsetY": 0.0, "offsetZ": 0.0, "rotationX": 0.0, "rotationY": 28.0, "rotationZ": 50.0 },
						"L wing": { "offsetX": 0.0, "offsetY": 0.0, "offsetZ": 0.0, "rotationX": 0.0, "rotationY": -28.0, "rotationZ": 50.0 }
					}
				},
				{
					"frame": 18,
					"elements": {
						"body": { "offsetX": 0.0, "offsetY": -0.5, "offsetZ": 0.0, "rotationX": 0.0, "rotationY": 0.0, "rotationZ": 0.0 },
						"neck": { "offsetX": 0.0, "offsetY": 0.0, "offsetZ": 0.0, "rotationX": 0.0, "rotationY": 0.0, "rotationZ": 3.0 },
						"head": { "offsetX": 0.0, "offsetY": 0.0, "offsetZ": 0.0, "rotationX": 0.0, "rotationY": 0.0, "rotationZ": 6.0 },
						"R leg": { "offsetX": 0.0, "offsetY": 0.0, "offsetZ": 0.0, "rotationX": 0.0, "rotationY": 0.0, "rotationZ": -33.0 },
						"R feet": { "offsetX": 0.0, "offsetY": 0.5, "offsetZ": 0.0, "rotationX": 0.0, "rotationY": 0.0, "rotationZ": 36.0 },
						"R toes": { "offsetX": 0.0, "offsetY": 0.0, "offsetZ": 0.0, "rotationX": 0.0, "rotationY": 0.0, "rotationZ": 3.0 },
						"L leg": { "offsetX": 0.5, "offsetY": 0.0, "offsetZ": 0.0, "rotationX": 0.0, "rotationY": 0.0, "rotationZ": 19.0 },
						"L feet": { "offsetX": 0.0, "offsetY": 0.0, "offsetZ": 0.0, "rotationX": 0.0, "rotationY": 0.0, "rotationZ": 28.0 },
						"L toes": { "offsetX": 0.0, "offsetY": 0.0, "offsetZ": 0.0, "rotationX": 0.0, "rotationY": 0.0, "rotationZ": 19.0 },
						"R wing": { "offsetX": 0.0, "offsetY": 0.0, "offsetZ": 0.0, "rotationX": 0.0, "rotationY": -3.0, "rotationZ": 50.0 },
						"L wing": { "offsetX": 0.0, "offsetY": 0.0, "offsetZ": 0.0, "rotationX": 0.0, "rotationY": 3.0, "rotationZ": 50.0 }
					}
				},
				{
					"frame": 24,
					"elements": {
						"body": { "offsetX": -1.0, "offsetY": -1.0, "offsetZ": 0.0, "rotationX": 0.0, "rotationY": 0.0, "rotationZ": -8.0 },
						"neck": { "offsetX": 0.0, "offsetY": 0.0, "offsetZ": 0.0, "rotationX": 0.0, "rotationY": 0.0, "rotationZ": -17.0 },
						"head": { "offsetX": 0.2, "offsetY": 0.0, "offsetZ": 0.0, "rotationX": 0.0, "rotationY": 0.0, "rotationZ": 30.0 },
						"R leg": { "offsetX": 1.0, "offsetY": -2.0, "offsetZ": 0.0, "rotationX": 0.0, "rotationY": 0.0, "rotationZ": 44.0 },
						"R feet": { "offsetX": 0.0, "offsetY": 0.0, "offsetZ": 0.0, "rotationX": 0.0, "rotationY": 0.0, "rotationZ": 3.0 },
						"R toes": { "offsetX": 0.0, "offsetY": 0.0, "offsetZ": 0.0, "rotationX": 0.0, "rotationY": 0.0, "rotationZ": -33.0 },
						"L leg": { "offsetX": 0.5, "offsetY": 1.0, "offsetZ": 0.0, "rotationX": 0.0, "rotationY": 0.0, "rotationZ": -72.0 },
						"L feet": { "offsetX": -1.0, "offsetY": 0.0, "offsetZ": 0.0, "rotationX": 0.0, "rotationY": 0.0, "rotationZ": 47.0 },
						"L toes": { "offsetX": 0.0, "offsetY": 0.0, "offsetZ": 0.0, "rotationX": 0.0, "rotationY": 0.0, "rotationZ": 28.0 },
						"R wing": { "offsetX": 0.0, "offsetY": 0.0, "offsetZ": 0.0, "rotationX": 0.0, "rotationY": 28.0, "rotationZ": 50.0 },
						"L wing": { "offsetX": 0.0, "offsetY": 0.0, "offsetZ": 0.0, "rotationX": 0.0, "rotationY": -28.0, "rotationZ": 50.0 }
					}
				}
			]
		},

		{
			"name": "Peck",
			"code": "peck",
			"quantityframes": 60,
			"onActivityStopped": "Stop",
			"onAnimationEnd": "Stop",
			"keyframes": [
				{
					"frame": 0,
					"elements": {
						"body": { "offsetX": 0.0, "offsetY": 0.0, "offsetZ": 0.0, "rotationX": 0.0, "rotationY": 0.0, "rotationZ": 0.0 },
						"neck": { "offsetX": 0.0, "offsetY": 0.0, "offsetZ": 0.0, "rotationX": 0.0, "rotationY": 0.0, "rotationZ": 0.0 },
						"head": { "offsetX": 0.0, "offsetY": 0.0, "offsetZ": 0.0, "rotationX": 0.0, "rotationY": 0.0, "rotationZ": 0.0 },
						"R leg": { "offsetX": 0.0, "offsetY": 0.0, "offsetZ": 0.0, "rotationX": 0.0, "rotationY": 0.0, "rotationZ": 0.0 },
						"R feet": { "offsetX": 0.0, "offsetY": 0.0, "offsetZ": 0.0, "rotationX": 0.0, "rotationY": 0.0, "rotationZ": 0.0 },
						"R toes": { "offsetX": 0.0, "offsetY": 0.0, "offsetZ": 0.0, "rotationX": 0.0, "rotationY": 0.0, "rotationZ": 0.0 },
						"L leg": { "offsetX": 0.0, "offsetY": 0.0, "offsetZ": 0.0, "rotationX": 0.0, "rotationY": 0.0, "rotationZ": 0.0 },
						"L feet": { "offsetX": 0.0, "offsetY": 0.0, "offsetZ": 0.0, "rotationX": 0.0, "rotationY": 0.0, "rotationZ": 0.0 },
						"L toes": { "offsetX": 0.0, "offsetY": 0.0, "offsetZ": 0.0, "rotationX": 0.0, "rotationY": 0.0, "rotationZ": 0.0 },
						"R wing": { "offsetX": 0.0, "offsetY": 0.0, "offsetZ": 0.0, "rotationX": 0.0, "rotationY": 0.0, "rotationZ": 0.0 },
						"L wing": { "offsetX": 0.0, "offsetY": 0.0, "offsetZ": 0.0, "rotationX": 0.0, "rotationY": 0.0, "rotationZ": 0.0 }
					}
				},
				{
					"frame": 15,
					"elements": {
						"body": { "offsetX": 2.0, "offsetY": 0.6, "offsetZ": 0.0, "rotationX": 0.0, "rotationY": 0.0, "rotationZ": -15.0 },
						"neck": { "offsetX": 0.0, "offsetY": 0.0, "offsetZ": 0.0, "rotationX": 0.0, "rotationY": 0.0, "rotationZ": -20.0 },
						"head": { "offsetX": 0.0, "offsetY": 0.0, "offsetZ": 0.0, "rotationX": 0.0, "rotationY": 0.0, "rotationZ": 20.0 },
						"R leg": { "offsetX": -0.3, "offsetY": 0.0, "offsetZ": 0.0, "rotationX": 0.0, "rotationY": 0.0, "rotationZ": -15.0 },
						"R feet": { "offsetX": -0.3, "offsetY": 0.0, "offsetZ": 0.0, "rotationX": 0.0, "rotationY": 0.0, "rotationZ": 25.0 },
						"R toes": { "offsetX": 0.0, "offsetY": 0.0, "offsetZ": 0.0, "rotationX": 0.0, "rotationY": 0.0, "rotationZ": 0.0 },
						"L leg": { "offsetX": 0.0, "offsetY": 0.5, "offsetZ": 0.0, "rotationX": 0.0, "rotationY": 0.0, "rotationZ": -35.0 },
						"L feet": { "offsetX": -0.5, "offsetY": 1.0, "offsetZ": 0.0, "rotationX": 0.0, "rotationY": 0.0, "rotationZ": 45.0 },
						"L toes": { "offsetX": 0.0, "offsetY": -0.2, "offsetZ": 0.0, "rotationX": -10.0, "rotationY": -10.0, "rotationZ": -10.0 },
						"R wing": { "offsetX": 0.0, "offsetY": 0.0, "offsetZ": 0.0, "rotationX": 10.0, "rotationY": 40.0, "rotationZ": 22.5 },
						"L wing": { "offsetX": 0.0, "offsetY": 0.0, "offsetZ": 0.0, "rotationX": -10.0, "rotationY": -40.0, "rotationZ": 22.5 }
					}
				},
				{
					"frame": 25,
					"elements": {
						"body": { "offsetX": -1.0, "offsetY": -0.3, "offsetZ": 0.0, "rotationX": 0.0, "rotationY": 0.0, "rotationZ": 0.0 },
						"neck": { "offsetX": -0.2, "offsetY": 0.3, "offsetZ": 0.0, "rotationX": 0.0, "rotationY": 0.0, "rotationZ": 20.0 },
						"head": { "offsetX": -0.5, "offsetY": 0.0, "offsetZ": 0.0, "rotationX": 0.0, "rotationY": 0.0, "rotationZ": -10.0 },
						"R leg": { "offsetX": 0.0, "offsetY": 0.0, "offsetZ": 0.0, "rotationX": 0.0, "rotationY": 0.0, "rotationZ": 0.0 },
						"R feet": { "offsetX": -0.4, "offsetY": 0.0, "offsetZ": 0.0, "rotationX": 0.0, "rotationY": 0.0, "rotationZ": 25.0 },
						"R toes": { "offsetX": 0.0, "offsetY": 0.0, "offsetZ": 0.0, "rotationX": 0.0, "rotationY": 0.0, "rotationZ": -15.0 },
						"L leg": { "offsetX": -0.3, "offsetY": 0.0, "offsetZ": 0.0, "rotationX": 0.0, "rotationY": 0.0, "rotationZ": -20.0 },
						"L feet": { "offsetX": -0.3, "offsetY": 0.0, "offsetZ": 0.0, "rotationX": 0.0, "rotationY": 0.0, "rotationZ": 0.0 },
						"L toes": { "offsetX": 0.0, "offsetY": 0.2, "offsetZ": 0.0, "rotationX": 5.0, "rotationY": 5.0, "rotationZ": 20.0 },
						"R wing": { "offsetX": 0.0, "offsetY": 0.0, "offsetZ": 0.0, "rotationX": 10.0, "rotationY": 15.0, "rotationZ": 22.5 },
						"L wing": { "offsetX": 0.0, "offsetY": 0.0, "offsetZ": 0.0, "rotationX": -10.0, "rotationY": -15.0, "rotationZ": 22.5 }
					}
				},
				{
					"frame": 37,
					"elements": {
						"L leg": { "offsetX": 0.0, "offsetY": 0.5, "offsetZ": 0.0 }
					}
				}
			]
		},

		{
			"name": "Attack",
			"code": "attack",
			"quantityframes": 90,
			"onActivityStopped": "Stop",
			"onAnimationEnd": "Stop",
			"keyframes": [
				{
					"frame": 0,
					"elements": {
						"body": { "offsetX": 0.0, "offsetY": 0.0, "offsetZ": 0.0, "rotationX": 0.0, "rotationY": 0.0, "rotationZ": 0.0 },
						"neck": { "offsetX": 0.0, "offsetY": 0.0, "offsetZ": 0.0, "rotationX": 0.0, "rotationY": 0.0, "rotationZ": 0.0 },
						"head": { "offsetX": 0.0, "offsetY": 0.0, "offsetZ": 0.0, "rotationX": 0.0, "rotationY": 0.0, "rotationZ": 0.0 },
						"R leg": { "offsetX": 0.0, "offsetY": 0.0, "offsetZ": 0.0, "rotationX": 0.0, "rotationY": 0.0, "rotationZ": 0.0 },
						"R feet": { "offsetX": 0.0, "offsetY": 0.0, "offsetZ": 0.0, "rotationX": 0.0, "rotationY": 0.0, "rotationZ": 0.0 },
						"R toes": { "offsetX": 0.0, "offsetY": 0.0, "offsetZ": 0.0, "rotationX": 0.0, "rotationY": 0.0, "rotationZ": 0.0 },
						"L leg": { "offsetX": 0.0, "offsetY": 0.0, "offsetZ": 0.0, "rotationX": 0.0, "rotationY": 0.0, "rotationZ": 0.0 },
						"L feet": { "offsetX": 0.0, "offsetY": 0.0, "offsetZ": 0.0, "rotationX": 0.0, "rotationY": 0.0, "rotationZ": 0.0 },
						"L toes": { "offsetX": 0.0, "offsetY": 0.0, "offsetZ": 0.0, "rotationX": 0.0, "rotationY": 0.0, "rotationZ": 0.0 },
						"R wing": { "offsetX": 0.0, "offsetY": 0.0, "offsetZ": 0.0, "rotationX": 0.0, "rotationY": 0.0, "rotationZ": 0.0 },
						"L wing": { "offsetX": 0.0, "offsetY": 0.0, "offsetZ": 0.0, "rotationX": 0.0, "rotationY": 0.0, "rotationZ": 0.0 }
					}
				},
				{
					"frame": 10,
					"elements": {
						"L leg": { "offsetX": 0.0, "offsetY": 0.9, "offsetZ": 0.0 }
					}
				},
				{
					"frame": 20,
					"elements": {
						"body": { "offsetX": 2.0, "offsetY": -0.3, "offsetZ": 0.0, "rotationX": 0.0, "rotationY": 0.0, "rotationZ": 5.0 },
						"neck": { "offsetX": 0.0, "offsetY": 0.0, "offsetZ": 0.0, "rotationX": 0.0, "rotationY": 0.0, "rotationZ": -20.0 },
						"head": { "offsetX": 0.0, "offsetY": 0.0, "offsetZ": 0.0, "rotationX": 0.0, "rotationY": 0.0, "rotationZ": 10.0 },
						"R leg": { "offsetX": -0.3, "offsetY": 0.4, "offsetZ": 0.0, "rotationX": 0.0, "rotationY": 0.0, "rotationZ": -20.0 },
						"R feet": { "offsetX": 0.0, "offsetY": 0.0, "offsetZ": 0.0, "rotationX": 0.0, "rotationY": 0.0, "rotationZ": -20.0 },
						"R toes": { "offsetX": 0.0, "offsetY": -0.2, "offsetZ": 0.0, "rotationX": 0.0, "rotationY": 0.0, "rotationZ": 60.0 },
						"L leg": { "offsetX": 0.0, "offsetY": 0.2, "offsetZ": 0.0, "rotationX": 0.0, "rotationY": 0.0, "rotationZ": 20.0 },
						"L feet": { "offsetX": 0.0, "offsetY": 0.2, "offsetZ": 0.0, "rotationX": 0.0, "rotationY": 0.0, "rotationZ": 10.0 },
						"L toes": { "offsetX": 0.0, "offsetY": 0.0, "offsetZ": 0.0, "rotationX": 0.0, "rotationY": 0.0, "rotationZ": -10.0 },
						"R wing": { "offsetX": 0.5, "offsetY": 1.0, "offsetZ": 0.0, "rotationX": 60.0, "rotationY": 25.0, "rotationZ": -80.0 },
						"L wing": { "offsetX": 0.5, "offsetY": 1.0, "offsetZ": 0.0, "rotationX": -60.0, "rotationY": -25.0, "rotationZ": -80.0 }
					}
				},
				{
					"frame": 24,
					"elements": {
						"R leg": { "offsetX": -0.2, "offsetY": 0.2, "offsetZ": 0.0, "rotationX": 0.0, "rotationY": 0.0, "rotationZ": 10.0 },
						"R feet": { "offsetX": 0.0, "offsetY": 0.14, "offsetZ": 0.0, "rotationX": 0.0, "rotationY": 0.0, "rotationZ": 5.0 },
						"R toes": { "offsetX": 0.0, "offsetY": -0.2, "offsetZ": 0.0, "rotationX": 0.0, "rotationY": 0.0, "rotationZ": 55.333 },
						"L leg": { "offsetX": -0.2, "offsetY": 0.1, "offsetZ": 0.0, "rotationX": 0.0, "rotationY": 0.0, "rotationZ": -8.0 },
						"L feet": { "offsetX": 0.0933, "offsetY": 0.34, "offsetZ": 0.0, "rotationX": 0.0, "rotationY": 0.0, "rotationZ": -8.667 },
						"L toes": { "offsetX": 0.0, "offsetY": 0.0933, "offsetZ": 0.0, "rotationX": 0.0, "rotationY": 0.0, "rotationZ": 13.333 },
						"R wing": { "rotationX": 10.0, "rotationY": 10.0, "rotationZ": -10.0 },
						"L wing": { "rotationX": -10.0, "rotationY": -10.0, "rotationZ": -10.0 }
					}
				},
				{
					"frame": 28,
					"elements": {
						"body": { "offsetX": -4.0, "offsetY": 1.0, "offsetZ": 0.0 },
						"head": { "offsetX": 0.0, "offsetY": 0.0, "offsetZ": 0.0 },
						"R leg": { "offsetX": -0.1, "offsetY": 0.2, "offsetZ": 0.0, "rotationX": 0.0, "rotationY": 0.0, "rotationZ": 10.0 },
						"R feet": { "offsetX": 0.0, "offsetY": 0.1587, "offsetZ": 0.0, "rotationX": 0.0, "rotationY": 0.0, "rotationZ": 5.0 },
						"R toes": { "offsetX": 0.0, "offsetY": -0.2, "offsetZ": 0.0, "rotationX": 0.0, "rotationY": 0.0, "rotationZ": 54.71 },
						"L leg": { "offsetX": -0.3, "offsetY": 0.1, "offsetZ": 0.0, "rotationX": 0.0, "rotationY": 0.0, "rotationZ": -11.7 },
						"L feet": { "offsetX": 0.1, "offsetY": 0.4, "offsetZ": 0.0, "rotationX": 0.0, "rotationY": 0.0, "rotationZ": -11.2 },
						"L toes": { "offsetX": 0.0, "offsetY": 0.1058, "offsetZ": 0.0, "rotationX": 0.0, "rotationY": 0.0, "rotationZ": 16.45 },
						"R wing": { "offsetX": 0.6, "offsetY": 1.3, "offsetZ": 0.0, "rotationX": 80.0, "rotationY": 0.0, "rotationZ": -70.0 },
						"L wing": { "offsetX": 0.6058, "offsetY": 1.2645, "offsetZ": 0.0, "rotationX": -80.0, "rotationY": 0.0, "rotationZ": -70.0 }
					}
				},
				{
					"frame": 31,
					"elements": {
						"body": { "offsetX": -4.0, "offsetY": 1.0, "offsetZ": 0.0, "rotationX": 0.0, "rotationY": 0.0, "rotationZ": -28.7 },
						"R feet": { "offsetX": 0.0, "offsetY": 0.1836, "offsetZ": 0.0, "rotationX": 0.0, "rotationY": 0.0, "rotationZ": 5.0 },
						"R toes": { "offsetX": 0.0, "offsetY": -0.2, "offsetZ": 0.0, "rotationX": 0.0, "rotationY": 0.0, "rotationZ": 53.879 },
						"L leg": { "offsetX": -0.3, "offsetY": 0.1, "offsetZ": 0.0, "rotationX": 0.0, "rotationY": 0.0, "rotationZ": -16.7 },
						"L feet": { "offsetX": 0.1224, "offsetY": 0.3836, "offsetZ": 0.0, "rotationX": 0.0, "rotationY": 0.0, "rotationZ": -14.485 },
						"L toes": { "offsetX": 0.0, "offsetY": 0.1224, "offsetZ": 0.0, "rotationX": 0.0, "rotationY": 0.0, "rotationZ": 20.606 },
						"R wing": { "rotationX": 10.0, "rotationY": 10.0, "rotationZ": -10.0 },
						"L wing": { "rotationX": -10.0, "rotationY": -10.0, "rotationZ": -10.0 }
					}
				},
				{
					"frame": 35,
					"elements": {
						"body": { "offsetX": -5.0, "offsetY": 1.0, "offsetZ": 0.0, "rotationX": 0.0, "rotationY": 0.0, "rotationZ": -50.0 },
						"neck": { "offsetX": 0.0, "offsetY": 0.0, "offsetZ": 0.0, "rotationX": 0.0, "rotationY": 0.0, "rotationZ": 30.0 },
						"head": { "offsetX": 0.2, "offsetY": 0.0, "offsetZ": 0.0, "rotationX": 0.0, "rotationY": 0.0, "rotationZ": 35.0 },
						"R leg": { "offsetX": 0.0, "offsetY": 0.0, "offsetZ": 0.0, "rotationX": 0.0, "rotationY": 0.0, "rotationZ": -15.0 },
						"R feet": { "offsetX": 0.0, "offsetY": 0.3, "offsetZ": 0.0, "rotationX": 0.0, "rotationY": 0.0, "rotationZ": -10.0 },
						"R toes": { "offsetX": 0.0, "offsetY": -0.2, "offsetZ": 0.0, "rotationX": 0.0, "rotationY": 0.0, "rotationZ": 50.0 },
						"L leg": { "offsetX": -0.5, "offsetY": 0.0, "offsetZ": 0.0, "rotationX": 0.0, "rotationY": 0.0, "rotationZ": -40.0 },
						"L feet": { "offsetX": 0.2, "offsetY": 0.5, "offsetZ": 0.0, "rotationX": 0.0, "rotationY": 0.0, "rotationZ": -30.0 },
						"L toes": { "offsetX": 0.0, "offsetY": 0.2, "offsetZ": 0.0, "rotationX": 0.0, "rotationY": 0.0, "rotationZ": 40.0 },
						"R wing": { "offsetX": 0.7, "offsetY": 1.5, "offsetZ": 0.0, "rotationX": 110.0, "rotationY": 0.0, "rotationZ": -90.0 },
						"L wing": { "offsetX": 0.7, "offsetY": 1.5, "offsetZ": 0.0, "rotationX": -110.0, "rotationY": 0.0, "rotationZ": -90.0 }
					}
				},
				{
					"frame": 38,
					"elements": {
						"L leg": { "offsetX": -0.4, "offsetY": -0.3, "offsetZ": 0.0 },
						"L feet": { "offsetX": 0.0, "offsetY": -0.4, "offsetZ": 0.0 }
					}
				},
				{
					"frame": 41,
					"elements": {
						"body": { "offsetX": -6.0, "offsetY": 0.0, "offsetZ": 0.0 },
						"L leg": { "rotationX": 0.0, "rotationY": 0.0, "rotationZ": -10.0 },
						"L feet": { "rotationX": 0.0, "rotationY": 0.0, "rotationZ": 15.0 },
						"L toes": { "rotationX": 0.0, "rotationY": 0.0, "rotationZ": 50.0 },
						"R leg": { "rotationX": 0.0, "rotationY": 0.0, "rotationZ": 0.0 },
						"R feet": { "rotationX": 0.0, "rotationY": 0.0, "rotationZ": 5.0 }
					}
				},
				{
					"frame": 42,
					"elements": {
						"R leg": { "offsetX": -0.2, "offsetY": 0.2, "offsetZ": 0.0, "rotationX": 0.0, "rotationY": 0.0, "rotationZ": -6.4 },
						"R feet": { "offsetX": 0.0, "offsetY": 0.435, "offsetZ": 0.0, "rotationX": 0.0, "rotationY": 0.0, "rotationZ": 1.786 },
						"R toes": { "offsetX": 0.0, "offsetY": -0.2, "offsetZ": 0.0, "rotationX": 0.0, "rotationY": 0.0, "rotationZ": 45.5 },
						"L leg": { "offsetX": -0.3, "offsetY": 0.2, "offsetZ": 0.0, "rotationX": 0.0, "rotationY": 0.0, "rotationZ": -14.3 },
						"L feet": { "offsetX": 0.1, "offsetY": 0.7, "offsetZ": 0.0, "rotationX": 0.0, "rotationY": 0.0, "rotationZ": 15.0 },
						"L toes": { "offsetX": 0.0, "offsetY": 0.2, "offsetZ": 0.0, "rotationX": 0.0, "rotationY": 0.0, "rotationZ": 41.429 },
						"R wing": { "rotationX": 10.0, "rotationY": 10.0, "rotationZ": -50.0 },
						"L wing": { "rotationX": -10.0, "rotationY": -10.0, "rotationZ": -50.0 }
					}
				},
				{
					"frame": 46,
					"elements": {
						"body": { "offsetX": -5.5, "offsetY": 0.5, "offsetZ": 0.0 },
						"R leg": { "offsetX": -0.2, "offsetY": 0.2, "offsetZ": 0.0, "rotationX": 0.0, "rotationY": 0.0, "rotationZ": -7.3 },
						"R feet": { "offsetX": 0.0, "offsetY": 0.4413, "offsetZ": 0.0, "rotationX": 0.0, "rotationY": 0.0, "rotationZ": 1.332 },
						"R toes": { "offsetX": 0.0, "offsetY": -0.2, "offsetZ": 0.0, "rotationX": 0.0, "rotationY": 0.0, "rotationZ": 45.288 },
						"L leg": { "offsetX": -0.3, "offsetY": 0.2, "offsetZ": 0.0, "rotationX": 0.0, "rotationY": 0.0, "rotationZ": -14.9 },
						"L feet": { "offsetX": 0.1058, "offsetY": 0.7356, "offsetZ": 0.0, "rotationX": 0.0, "rotationY": 0.0, "rotationZ": 15.0 },
						"L toes": { "offsetX": 0.0, "offsetY": 0.2, "offsetZ": 0.0, "rotationX": 0.0, "rotationY": 0.0, "rotationZ": 40.22 },
						"R wing": { "offsetX": 0.6, "offsetY": 1.4, "offsetZ": 0.0, "rotationX": 65.0, "rotationY": 0.0, "rotationZ": -50.0 },
						"L wing": { "rotationX": -65.0, "rotationY": 0.0, "rotationZ": -50.0 }
					}
				},
				{
					"frame": 50,
					"elements": {
						"R leg": { "offsetX": -0.3, "offsetY": 0.3, "offsetZ": 0.0, "rotationX": 0.0, "rotationY": 0.0, "rotationZ": -10.1 },
						"R feet": { "offsetX": 0.0, "offsetY": 0.4604, "offsetZ": 0.0, "rotationX": 0.0, "rotationY": 0.0, "rotationZ": -0.027 },
						"R toes": { "offsetX": 0.0, "offsetY": -0.2, "offsetZ": 0.0, "rotationX": 0.0, "rotationY": 0.0, "rotationZ": 44.654 },
						"L leg": { "offsetX": -0.2, "offsetY": 0.3, "offsetZ": 0.0, "rotationX": 0.0, "rotationY": 0.0, "rotationZ": -16.7 },
						"L feet": { "offsetX": 0.0931, "offsetY": 0.7673, "offsetZ": 0.0, "rotationX": 0.0, "rotationY": 0.0, "rotationZ": 15.0 },
						"L toes": { "offsetX": 0.0, "offsetY": 0.2, "offsetZ": 0.0, "rotationX": 0.0, "rotationY": 0.0, "rotationZ": 36.593 },
						"R wing": { "rotationX": 10.0, "rotationY": 10.0, "rotationZ": -50.0 },
						"L wing": { "rotationX": -10.0, "rotationY": -10.0, "rotationZ": -50.0 }
					}
				},
				{
					"frame": 55,
					"elements": {
						"body": { "offsetX": -5.5, "offsetY": -2.0, "offsetZ": 0.0, "rotationX": 0.0, "rotationY": 0.0, "rotationZ": 10.0 },
						"neck": { "offsetX": 0.0, "offsetY": 0.0, "offsetZ": 0.0, "rotationX": 0.0, "rotationY": 0.0, "rotationZ": -10.0 },
						"head": { "offsetX": 0.0, "offsetY": 0.0, "offsetZ": 0.0, "rotationX": 0.0, "rotationY": 0.0, "rotationZ": 0.0 },
						"R leg": { "offsetX": -0.5, "offsetY": 0.5, "offsetZ": 0.0, "rotationX": 0.0, "rotationY": 0.0, "rotationZ": -30.0 },
						"R feet": { "offsetX": 0.0, "offsetY": 0.6, "offsetZ": 0.0, "rotationX": 0.0, "rotationY": 0.0, "rotationZ": -10.0 },
						"R toes": { "offsetX": 0.0, "offsetY": -0.2, "offsetZ": 0.0, "rotationX": 0.0, "rotationY": 0.0, "rotationZ": 40.0 },
						"L leg": { "offsetX": 0.0, "offsetY": 0.5, "offsetZ": 0.0, "rotationX": 0.0, "rotationY": 0.0, "rotationZ": -30.0 },
						"L feet": { "offsetX": 0.0, "offsetY": 1.0, "offsetZ": 0.0, "rotationX": 0.0, "rotationY": 0.0, "rotationZ": 15.0 },
						"L toes": { "offsetX": 0.0, "offsetY": 0.2, "offsetZ": 0.0, "rotationX": 0.0, "rotationY": 0.0, "rotationZ": 10.0 },
						"R wing": { "offsetX": 0.5, "offsetY": 1.3, "offsetZ": 0.0, "rotationX": 55.0, "rotationY": 15.0, "rotationZ": -60.0 },
						"L wing": { "offsetX": 0.5, "offsetY": 1.3, "offsetZ": 0.0, "rotationX": -55.0, "rotationY": -15.0, "rotationZ": -60.0 }
					}
				},
				{
					"frame": 63,
					"elements": {
						"R leg": { "offsetX": 0.0, "offsetY": 1.3, "offsetZ": 0.0 },
						"L leg": { "offsetX": 0.0, "offsetY": 0.0, "offsetZ": 0.0, "rotationX": 0.0, "rotationY": 0.0, "rotationZ": -30.0 },
						"L feet": { "rotationX": 0.0, "rotationY": 0.0, "rotationZ": 0.0 },
						"L toes": { "rotationX": 0.0, "rotationY": 0.0, "rotationZ": 20.0 }
					}
				},
				{
					"frame": 74,
					"elements": {
						"R leg": { "offsetX": 0.0, "offsetY": 0.0, "offsetZ": 0.0, "rotationX": 0.0, "rotationY": 0.0, "rotationZ": 5.0 },
						"R feet": { "rotationX": 0.0, "rotationY": 0.0, "rotationZ": 10.0 },
						"R toes": { "offsetX": 0.0, "offsetY": 0.1, "offsetZ": 0.0, "rotationX": 0.0, "rotationY": 0.0, "rotationZ": -15.0 }
					}
				},
				{
					"frame": 81,
					"elements": {
						"L leg": { "offsetX": 0.0, "offsetY": 0.8, "offsetZ": 0.0 },
						"L toes": { "rotationX": 0.0, "rotationY": 0.0, "rotationZ": 15.0 }
					}
				}
			]
		},

		{
			"name": "Hurt",
			"code": "hurt",
			"quantityframes": 30,
			"onActivityStopped": "PlayTillEnd",
			"onAnimationEnd": "Stop",
			"keyframes": [
				{
					"frame": 0,
					"elements": {
						"body": { "offsetX": 0.0, "offsetY": 0.0, "offsetZ": 0.0, "rotationX": 0.0, "rotationY": 0.0, "rotationZ": 0.0 },
						"neck": { "offsetX": 0.0, "offsetY": 0.0, "offsetZ": 0.0, "rotationX": 0.0, "rotationY": 0.0, "rotationZ": 0.0 },
						"head": { "offsetX": 0.0, "offsetY": 0.0, "offsetZ": 0.0, "rotationX": 0.0, "rotationY": 0.0, "rotationZ": 0.0 },
						"R leg": { "offsetX": 0.0, "offsetY": 0.0, "offsetZ": 0.0, "rotationX": 0.0, "rotationY": 0.0, "rotationZ": 0.0 },
						"R feet": { "offsetX": 0.0, "offsetY": 0.0, "offsetZ": 0.0, "rotationX": 0.0, "rotationY": 0.0, "rotationZ": 0.0 },
						"R toes": { "offsetX": 0.0, "offsetY": 0.0, "offsetZ": 0.0, "rotationX": 0.0, "rotationY": 0.0, "rotationZ": 0.0 },
						"L leg": { "offsetX": 0.0, "offsetY": 0.0, "offsetZ": 0.0, "rotationX": 0.0, "rotationY": 0.0, "rotationZ": 0.0 },
						"L feet": { "offsetX": 0.0, "offsetY": 0.0, "offsetZ": 0.0, "rotationX": 0.0, "rotationY": 0.0, "rotationZ": 0.0 },
						"L toes": { "offsetX": 0.0, "offsetY": 0.0, "offsetZ": 0.0, "rotationX": 0.0, "rotationY": 0.0, "rotationZ": 0.0 },
						"R wing": { "offsetX": 0.0, "offsetY": 0.0, "offsetZ": 0.0, "rotationX": 0.0, "rotationY": 0.0, "rotationZ": 0.0 },
						"L wing": { "offsetX": 0.0, "offsetY": 0.0, "offsetZ": 0.0, "rotationX": 0.0, "rotationY": 0.0, "rotationZ": 0.0 }
					}
				},
				{
					"frame": 6,
					"elements": {
						"body": { "offsetX": 0.0, "offsetY": 0.0, "offsetZ": 0.0, "rotationX": 0.0, "rotationY": 0.0, "rotationZ": -15.0 },
						"neck": { "offsetX": 0.0, "offsetY": 0.0, "offsetZ": 0.0, "rotationX": 0.0, "rotationY": 0.0, "rotationZ": -15.0 },
						"head": { "offsetX": 0.0, "offsetY": 0.0, "offsetZ": 0.0, "rotationX": 0.0, "rotationY": 0.0, "rotationZ": 5.0 },
						"R leg": { "offsetX": 0.0, "offsetY": 0.0, "offsetZ": 0.0, "rotationX": 5.0, "rotationY": -5.0, "rotationZ": 0.0 },
						"R feet": { "offsetX": 0.0, "offsetY": 0.0, "offsetZ": 0.0, "rotationX": 0.0, "rotationY": 0.0, "rotationZ": 10.0 },
						"R toes": { "offsetX": 0.0, "offsetY": 0.0, "offsetZ": 0.0, "rotationX": 0.0, "rotationY": 0.0, "rotationZ": 0.0 },
						"L leg": { "offsetX": 0.0, "offsetY": 0.0, "offsetZ": 0.0, "rotationX": 0.0, "rotationY": 0.0, "rotationZ": 10.0 },
						"L feet": { "offsetX": 0.0, "offsetY": 0.0, "offsetZ": 0.0, "rotationX": 0.0, "rotationY": 0.0, "rotationZ": 10.0 },
						"L toes": { "offsetX": 0.0, "offsetY": 0.0, "offsetZ": 0.0, "rotationX": 0.0, "rotationY": 0.0, "rotationZ": 5.0 },
						"R wing": { "offsetX": 0.0, "offsetY": 0.0, "offsetZ": 0.0, "rotationX": 36.0, "rotationY": 36.0, "rotationZ": 8.0 },
						"L wing": { "offsetX": 0.0, "offsetY": 0.0, "offsetZ": 0.0, "rotationX": -36.0, "rotationY": -36.0, "rotationZ": 8.0 }
					}
				}
			]
		},

		{
			"name": "Idle",
			"code": "idle",
			"quantityframes": 30,
			"onActivityStopped": "EaseOut",
			"onAnimationEnd": "Repeat",
			"keyframes": [
				{
					"frame": 0,
					"elements": {
						"body": { "offsetX": 0.0, "offsetY": 0.0, "offsetZ": 0.0, "rotationX": 0.0, "rotationY": 0.0, "rotationZ": 0.0 },
						"neck": { "offsetX": 0.0, "offsetY": 0.0, "offsetZ": 0.0, "rotationX": 0.0, "rotationY": 0.0, "rotationZ": 0.0 },
						"head": { "offsetX": 0.0, "offsetY": 0.0, "offsetZ": 0.0, "rotationX": 0.0, "rotationY": 0.0, "rotationZ": 0.0 },
						"R leg": { "offsetX": 0.0, "offsetY": 0.0, "offsetZ": 0.0, "rotationX": 0.0, "rotationY": 0.0, "rotationZ": 0.0 },
						"R feet": { "offsetX": 0.0, "offsetY": 0.0, "offsetZ": 0.0, "rotationX": 0.0, "rotationY": 0.0, "rotationZ": 0.0 },
						"R toes": { "offsetX": 0.0, "offsetY": 0.0, "offsetZ": 0.0, "rotationX": 0.0, "rotationY": 0.0, "rotationZ": 0.0 },
						"L leg": { "offsetX": 0.0, "offsetY": 0.0, "offsetZ": 0.0, "rotationX": 0.0, "rotationY": 0.0, "rotationZ": 0.0 },
						"L feet": { "offsetX": 0.0, "offsetY": 0.0, "offsetZ": 0.0, "rotationX": 0.0, "rotationY": 0.0, "rotationZ": 0.0 },
						"L toes": { "offsetX": 0.0, "offsetY": 0.0, "offsetZ": 0.0, "rotationX": 0.0, "rotationY": 0.0, "rotationZ": 0.0 },
						"R wing": { "rotationX": 0.0, "rotationY": 0.0, "rotationZ": 0.0 },
						"L wing": { "rotationX": 0.0, "rotationY": 0.0, "rotationZ": 0.0 }
					}
				},
				{
					"frame": 15,
					"elements": {
						"body": { "offsetX": 0.0, "offsetY": 0.0, "offsetZ": 0.0, "rotationX": 0.0, "rotationY": 0.0, "rotationZ": -1.0 },
						"neck": { "offsetX": 0.0, "offsetY": 0.0, "offsetZ": 0.0, "rotationX": 0.0, "rotationY": 0.0, "rotationZ": 1.0 },
						"head": { "offsetX": 0.0, "offsetY": 0.0, "offsetZ": 0.0, "rotationX": 0.0, "rotationY": 0.0, "rotationZ": 0.0 },
						"R leg": { "offsetX": 0.0, "offsetY": 0.0, "offsetZ": 0.0, "rotationX": 0.0, "rotationY": 0.0, "rotationZ": 1.0 },
						"R feet": { "offsetX": 0.0, "offsetY": 0.0, "offsetZ": 0.0, "rotationX": 0.0, "rotationY": 0.0, "rotationZ": 0.0 },
						"R toes": { "offsetX": 0.0, "offsetY": 0.0, "offsetZ": 0.0, "rotationX": 0.0, "rotationY": 0.0, "rotationZ": 0.0 },
						"L leg": { "offsetX": 0.0, "offsetY": 0.0, "offsetZ": 0.0, "rotationX": 0.0, "rotationY": 0.0, "rotationZ": 1.0 },
						"L feet": { "offsetX": 0.0, "offsetY": 0.0, "offsetZ": 0.0, "rotationX": 0.0, "rotationY": 0.0, "rotationZ": 0.0 },
						"L toes": { "offsetX": 0.0, "offsetY": 0.0, "offsetZ": 0.0, "rotationX": 0.0, "rotationY": 0.0, "rotationZ": 0.0 },
						"R wing": { "rotationX": 0.0, "rotationY": 0.0, "rotationZ": 0.0 },
						"L wing": { "rotationX": 0.0, "rotationY": 0.0, "rotationZ": 0.0 }
					}
				}
			]
		},

		{
			"name": "Run2",
			"code": "run2",
			"quantityframes": 30,
			"onActivityStopped": "EaseOut",
			"onAnimationEnd": "Repeat",
			"keyframes": [
				{
					"frame": 0,
					"elements": {
						"body": { "offsetX": 0.0, "offsetY": -0.4, "offsetZ": 0.0, "rotationX": 4.0, "rotationY": 0.0, "rotationZ": 25.0 },
						"R leg": { "offsetX": 1.6, "offsetY": -2.0, "offsetZ": 0.0, "rotationX": 0.0, "rotationY": -2.0, "rotationZ": 15.0 },
						"R feet": { "rotationX": 0.0, "rotationY": 0.0, "rotationZ": 5.0 },
						"R toes": { "rotationX": 0.0, "rotationY": 0.0, "rotationZ": 59.0 },
						"L leg": { "offsetX": -0.6, "offsetY": 0.2, "offsetZ": 0.0, "rotationX": -4.0, "rotationY": -2.0, "rotationZ": -21.0 },
						"L feet": { "offsetX": 0.0, "offsetY": 0.0, "offsetZ": 0.0, "rotationX": 0.0, "rotationY": 0.0, "rotationZ": -70.0 },
						"L toes": { "offsetX": 0.8, "offsetY": 0.5, "offsetZ": 0.0, "rotationX": 0.0, "rotationY": 0.0, "rotationZ": 66.0 },
						"neck": { "rotationX": 0.0, "rotationY": 0.0, "rotationZ": 37.0 },
						"head": { "offsetX": -1.0, "offsetY": -0.4, "offsetZ": 0.0, "rotationX": 0.0, "rotationY": 2.0, "rotationZ": -54.0 },
						"comb": { "rotationX": 0.0, "rotationY": 0.0, "rotationZ": -1.0 },
						"R wing": { "offsetX": 0.2, "offsetY": -0.5, "offsetZ": 0.1, "rotationX": 5.0, "rotationY": 0.0, "rotationZ": 0.0 },
						"L wing": { "offsetX": 0.2, "offsetY": -0.5, "offsetZ": -0.1, "rotationX": -5.0, "rotationY": 0.0, "rotationZ": 0.0 },
						"L feather 1": { "rotationX": 0.0, "rotationY": 0.0, "rotationZ": -12.0 },
						"R feather 1": { "rotationX": 0.0, "rotationY": 0.0, "rotationZ": -12.0 }
					}
				},
				{
					"frame": 5,
					"elements": {
						"body": { "offsetX": 0.0, "offsetY": -0.7, "offsetZ": 0.0, "rotationX": 2.0, "rotationY": 0.0, "rotationZ": 22.0 },
						"neck": { "offsetX": -0.1, "offsetY": 0.1, "offsetZ": 0.0, "rotationX": 0.0, "rotationY": 0.0, "rotationZ": 42.0 },
						"head": { "offsetX": -0.8, "offsetY": -0.5, "offsetZ": 0.0, "rotationX": 0.0, "rotationY": 1.0, "rotationZ": -54.0 },
						"comb": { "rotationX": 0.0, "rotationY": 0.0, "rotationZ": 0.0 },
						"R leg": { "offsetX": 1.6, "offsetY": -2.0, "offsetZ": 0.0, "rotationX": 0.0, "rotationY": -3.0, "rotationZ": 30.0 },
						"R feet": { "rotationX": 0.0, "rotationY": 0.0, "rotationZ": 6.0 },
						"R toes": { "offsetX": 0.1, "offsetY": -0.3, "offsetZ": 0.0, "rotationX": 0.0, "rotationY": 0.0, "rotationZ": 80.0 },
						"L leg": { "offsetX": -1.1, "offsetY": -1.0, "offsetZ": 0.0, "rotationX": 0.0, "rotationY": -3.0, "rotationZ": -63.0 },
						"L feet": { "rotationX": 0.0, "rotationY": 0.0, "rotationZ": -29.0 },
						"L toes": { "offsetX": 1.1, "offsetY": 0.5, "offsetZ": 0.0, "rotationX": 0.0, "rotationY": 0.0, "rotationZ": 102.0 }
					}
				},
				{
					"frame": 10,
					"elements": {
						"body": { "offsetX": 0.0, "offsetY": -0.6, "offsetZ": 0.0, "rotationX": 0.0, "rotationY": 0.0, "rotationZ": 20.0 },
						"neck": { "offsetX": -0.1, "offsetY": 0.1, "offsetZ": 0.0, "rotationX": 0.0, "rotationY": 0.0, "rotationZ": 42.0 },
						"head": { "offsetX": -0.8, "offsetY": -0.5, "offsetZ": 0.0, "rotationX": 0.0, "rotationY": 0.0, "rotationZ": -54.0 },
						"comb": { "rotationX": 0.0, "rotationY": 0.0, "rotationZ": -1.0 },
						"R leg": { "offsetX": 0.7, "offsetY": 0.6, "offsetZ": 0.0, "rotationX": 0.0, "rotationY": 2.0, "rotationZ": -8.0 },
						"R feet": { "offsetX": 0.0, "offsetY": 0.6, "offsetZ": 0.0, "rotationX": 0.0, "rotationY": 0.0, "rotationZ": -70.0 },
						"R toes": { "offsetX": 0.1, "offsetY": -0.3, "offsetZ": 0.0, "rotationX": 0.0, "rotationY": 0.0, "rotationZ": 80.0 },
						"L leg": { "offsetX": 0.3, "offsetY": 0.0, "offsetZ": 0.0, "rotationX": 0.0, "rotationY": 2.0, "rotationZ": 7.0 },
						"L feet": { "offsetX": -0.2, "offsetY": 0.6, "offsetZ": 0.0, "rotationX": 0.0, "rotationY": 0.0, "rotationZ": -2.0 },
						"L toes": { "offsetX": 0.2, "offsetY": 0.5, "offsetZ": 0.0, "rotationX": 0.0, "rotationY": 0.0, "rotationZ": 28.0 }
					}
				},
				{
					"frame": 15,
					"elements": {
						"body": { "offsetX": 0.0, "offsetY": -0.4, "offsetZ": 0.0, "rotationX": -2.0, "rotationY": 0.0, "rotationZ": 25.0 },
						"neck": { "rotationX": 0.0, "rotationY": 0.0, "rotationZ": 37.0 },
						"head": { "offsetX": -1.0, "offsetY": -0.4, "offsetZ": 0.0, "rotationX": 0.0, "rotationY": -2.0, "rotationZ": -54.0 },
						"comb": { "rotationX": 0.0, "rotationY": 0.0, "rotationZ": 0.0 },
						"R leg": { "offsetX": -0.6, "offsetY": 0.2, "offsetZ": 0.0, "rotationX": 4.0, "rotationY": 3.0, "rotationZ": -21.0 },
						"R feet": { "offsetX": 0.0, "offsetY": 0.0, "offsetZ": 0.0, "rotationX": 0.0, "rotationY": 0.0, "rotationZ": -70.0 },
						"R toes": { "offsetX": 0.1, "offsetY": -0.3, "offsetZ": 0.0, "rotationX": 0.0, "rotationY": 0.0, "rotationZ": 66.0 },
						"L leg": { "offsetX": 1.6, "offsetY": -2.0, "offsetZ": 0.0, "rotationX": 0.0, "rotationY": 3.0, "rotationZ": 15.0 },
						"L feet": { "rotationX": 0.0, "rotationY": 0.0, "rotationZ": 5.0 },
						"L toes": { "offsetX": 0.8, "offsetY": 0.5, "offsetZ": 0.0, "rotationX": 0.0, "rotationY": 0.0, "rotationZ": 59.0 },
						"R wing": { "offsetX": 0.7, "offsetY": -0.7, "offsetZ": 0.4, "rotationX": 15.0, "rotationY": 0.0, "rotationZ": 0.0 },
						"L wing": { "offsetX": 0.7, "offsetY": -0.7, "offsetZ": -0.4, "rotationX": -15.0, "rotationY": 0.0, "rotationZ": 0.0 }
					}
				},
				{
					"frame": 20,
					"elements": {
						"body": { "offsetX": 0.0, "offsetY": -0.7, "offsetZ": 0.0, "rotationX": -4.0, "rotationY": 0.0, "rotationZ": 22.0 },
						"neck": { "offsetX": -0.1, "offsetY": 0.1, "offsetZ": 0.0, "rotationX": 0.0, "rotationY": 0.0, "rotationZ": 42.0 },
						"head": { "offsetX": -0.8, "offsetY": -0.5, "offsetZ": 0.0, "rotationX": 0.0, "rotationY": -1.0, "rotationZ": -54.0 },
						"comb": { "rotationX": 0.0, "rotationY": 0.0, "rotationZ": -1.0 },
						"R leg": { "offsetX": -1.1, "offsetY": -1.0, "offsetZ": 0.0, "rotationX": 0.0, "rotationY": 0.0, "rotationZ": -63.0 },
						"R feet": { "rotationX": 0.0, "rotationY": 0.0, "rotationZ": -30.0 },
						"R toes": { "offsetX": 0.1, "offsetY": -0.5, "offsetZ": 0.0, "rotationX": 0.0, "rotationY": 0.0, "rotationZ": 99.0 },
						"L leg": { "offsetX": 1.6, "offsetY": -2.0, "offsetZ": 0.0, "rotationX": 0.0, "rotationY": 0.0, "rotationZ": 30.0 },
						"L feet": { "rotationX": 0.0, "rotationY": 0.0, "rotationZ": 6.0 },
						"L toes": { "offsetX": 1.1, "offsetY": 0.5, "offsetZ": 0.0, "rotationX": 0.0, "rotationY": 0.0, "rotationZ": 80.0 }
					}
				},
				{
					"frame": 25,
					"elements": {
						"body": { "offsetX": 0.0, "offsetY": -0.6, "offsetZ": 0.0, "rotationX": 0.0, "rotationY": 0.0, "rotationZ": 20.0 },
						"neck": { "offsetX": -0.1, "offsetY": 0.1, "offsetZ": 0.0, "rotationX": 0.0, "rotationY": 0.0, "rotationZ": 42.0 },
						"head": { "offsetX": -0.8, "offsetY": -0.5, "offsetZ": 0.0, "rotationX": 0.0, "rotationY": 0.0, "rotationZ": -54.0 },
						"comb": { "rotationX": 0.0, "rotationY": 0.0, "rotationZ": 0.0 },
						"R leg": { "offsetX": 0.3, "offsetY": 0.0, "offsetZ": 0.0, "rotationX": 0.0, "rotationY": 0.0, "rotationZ": 7.0 },
						"R feet": { "offsetX": -0.2, "offsetY": 0.6, "offsetZ": 0.0, "rotationX": 0.0, "rotationY": 0.0, "rotationZ": -2.0 },
						"R toes": { "offsetX": 0.1, "offsetY": -0.3, "offsetZ": 0.0, "rotationX": 0.0, "rotationY": 0.0, "rotationZ": 80.0 },
						"L leg": { "offsetX": 0.7, "offsetY": 0.6, "offsetZ": 0.0, "rotationX": 0.0, "rotationY": 0.0, "rotationZ": -8.0 },
						"L feet": { "offsetX": 0.0, "offsetY": 0.6, "offsetZ": 0.0, "rotationX": 0.0, "rotationY": 0.0, "rotationZ": -70.0 },
						"L toes": { "offsetX": 0.2, "offsetY": 0.5, "offsetZ": 0.0, "rotationX": 0.0, "rotationY": 0.0, "rotationZ": 28.0 }
					}
				}
			]
		},

		{
			"name": "RoosterCall",
			"code": "roostercall",
			"quantityframes": 80,
			"onActivityStopped": "EaseOut",
			"onAnimationEnd": "Stop",
			"keyframes": [
				{
					"frame": 0,
					"elements": {
						"body": { "offsetX": 0.0, "offsetY": 0.0, "offsetZ": 0.0, "rotationX": 0.0, "rotationY": 0.0, "rotationZ": 0.0 },
						"R leg": { "offsetX": 0.0, "offsetY": 0.0, "offsetZ": 0.0, "rotationX": 0.0, "rotationY": 0.0, "rotationZ": 0.0 },
						"L leg": { "offsetX": 0.0, "offsetY": 0.0, "offsetZ": 0.0, "rotationX": 0.0, "rotationY": 0.0, "rotationZ": 0.0 },
						"neck": { "rotationX": 0.0, "rotationY": 0.0, "rotationZ": 0.0 },
						"head": { "offsetX": 0.0, "offsetY": 0.0, "offsetZ": 0.0, "rotationX": 0.0, "rotationY": 0.0, "rotationZ": 0.0 },
						"R wing": { "offsetX": 0.0, "offsetY": 0.0, "offsetZ": 0.0, "rotationX": 0.0, "rotationY": 0.0, "rotationZ": 0.0 },
						"L wing": { "offsetX": 0.0, "offsetY": 0.0, "offsetZ": 0.0, "rotationX": 0.0, "rotationY": 0.0, "rotationZ": 0.0 }
					}
				},
				{
					"frame": 10,
					"elements": {
						"body": { "offsetX": 0.2, "offsetY": 0.2, "offsetZ": 0.0, "rotationX": 0.0, "rotationY": 0.0, "rotationZ": -30.0 },
						"neck": { "rotationX": 0.0, "rotationY": 0.0, "rotationZ": 16.0 },
						"head": { "offsetX": 0.1, "offsetY": 0.2, "offsetZ": 0.0, "rotationX": 0.0, "rotationY": 0.0, "rotationZ": 5.0 },
						"R leg": { "offsetX": 0.0, "offsetY": -0.5, "offsetZ": 0.0, "rotationX": 0.0, "rotationY": 0.0, "rotationZ": 30.0 },
						"L leg": { "offsetX": 0.0, "offsetY": -0.5, "offsetZ": 0.0, "rotationX": 0.0, "rotationY": 0.0, "rotationZ": 30.0 },
						"R wing": { "offsetX": -0.2, "offsetY": 0.0, "offsetZ": 0.0, "rotationX": 14.0, "rotationY": 0.0, "rotationZ": 0.0 },
						"L wing": { "offsetX": -0.2, "offsetY": 0.0, "offsetZ": 0.0, "rotationX": -14.0, "rotationY": 0.0, "rotationZ": 0.0 }
					}
				},
				{
					"frame": 15,
					"elements": {
						"body": { "offsetX": 0.2, "offsetY": 0.2, "offsetZ": 0.0, "rotationX": 0.0, "rotationY": 0.0, "rotationZ": -35.0 },
						"neck": { "offsetX": 0.0, "offsetY": -0.1, "offsetZ": 0.0, "rotationX": 0.0, "rotationY": 0.0, "rotationZ": 25.0 },
						"head": { "offsetX": 0.0, "offsetY": 0.1, "offsetZ": 0.0, "rotationX": 0.0, "rotationY": 0.0, "rotationZ": -5.0 },
						"R leg": { "offsetX": 0.0, "offsetY": -0.5, "offsetZ": 0.0, "rotationX": 0.0, "rotationY": 0.0, "rotationZ": 35.0 },
						"L leg": { "offsetX": 0.0, "offsetY": -0.5, "offsetZ": 0.0, "rotationX": 0.0, "rotationY": 0.0, "rotationZ": 35.0 }
					}
				},
				{
					"frame": 20,
					"elements": {
						"body": { "offsetX": 0.2, "offsetY": 0.2, "offsetZ": 0.0, "rotationX": 0.0, "rotationY": 0.0, "rotationZ": -34.0 },
						"neck": { "offsetX": 0.0, "offsetY": -0.1, "offsetZ": 0.0, "rotationX": 0.0, "rotationY": 0.0, "rotationZ": 25.0 },
						"head": { "offsetX": -0.2, "offsetY": 0.1, "offsetZ": 0.0, "rotationX": 0.0, "rotationY": 0.0, "rotationZ": -12.0 },
						"R leg": { "offsetX": 0.0, "offsetY": -0.5, "offsetZ": 0.0, "rotationX": 0.0, "rotationY": 0.0, "rotationZ": 34.0 },
						"L leg": { "offsetX": 0.0, "offsetY": -0.5, "offsetZ": 0.0, "rotationX": 0.0, "rotationY": 0.0, "rotationZ": 34.0 }
					}
				},
				{
					"frame": 35,
					"elements": {
						"body": { "offsetX": 0.2, "offsetY": 0.2, "offsetZ": 0.0, "rotationX": 0.0, "rotationY": 0.0, "rotationZ": -35.0 },
						"neck": { "offsetX": 0.0, "offsetY": -0.1, "offsetZ": 0.0, "rotationX": 0.0, "rotationY": 0.0, "rotationZ": 25.0 },
						"head": { "offsetX": 0.0, "offsetY": 0.1, "offsetZ": 0.0, "rotationX": 0.0, "rotationY": 0.0, "rotationZ": -5.0 },
						"R leg": { "offsetX": 0.0, "offsetY": -0.5, "offsetZ": 0.0, "rotationX": 0.0, "rotationY": 0.0, "rotationZ": 35.0 },
						"L leg": { "offsetX": 0.0, "offsetY": -0.5, "offsetZ": 0.0, "rotationX": 0.0, "rotationY": 0.0, "rotationZ": 35.0 }
					}
				},
				{
					"frame": 40,
					"elements": {
						"body": { "offsetX": 0.2, "offsetY": 0.2, "offsetZ": 0.0, "rotationX": 0.0, "rotationY": 0.0, "rotationZ": -36.0 },
						"neck": { "offsetX": 0.0, "offsetY": -0.1, "offsetZ": 0.0, "rotationX": 0.0, "rotationY": 0.0, "rotationZ": 25.0 },
						"head": { "offsetX": -0.2, "offsetY": 0.1, "offsetZ": 0.0, "rotationX": 0.0, "rotationY": 0.0, "rotationZ": -12.0 },
						"R leg": { "offsetX": 0.0, "offsetY": -0.5, "offsetZ": 0.0, "rotationX": 0.0, "rotationY": 0.0, "rotationZ": 36.0 },
						"L leg": { "offsetX": 0.0, "offsetY": -0.5, "offsetZ": 0.0, "rotationX": 0.0, "rotationY": 0.0, "rotationZ": 36.0 }
					}
				},
				{
					"frame": 45,
					"elements": {
						"body": { "offsetX": 0.2, "offsetY": 0.2, "offsetZ": 0.0, "rotationX": 0.0, "rotationY": 0.0, "rotationZ": -33.0 },
						"neck": { "offsetX": 0.0, "offsetY": -0.1, "offsetZ": 0.0, "rotationX": 0.0, "rotationY": 0.0, "rotationZ": 14.0 },
						"head": { "offsetX": 0.0, "offsetY": 0.2, "offsetZ": 0.0, "rotationX": 0.0, "rotationY": 0.0, "rotationZ": 0.0 },
						"R leg": { "offsetX": 0.0, "offsetY": -0.5, "offsetZ": 0.0, "rotationX": 0.0, "rotationY": 0.0, "rotationZ": 33.0 },
						"L leg": { "offsetX": 0.0, "offsetY": -0.5, "offsetZ": 0.0, "rotationX": 0.0, "rotationY": 0.0, "rotationZ": 33.0 }
					}
				},
				{
					"frame": 50,
					"elements": {
						"body": { "offsetX": 0.2, "offsetY": 0.2, "offsetZ": 0.0, "rotationX": 0.0, "rotationY": 0.0, "rotationZ": -33.0 },
						"neck": { "offsetX": 0.0, "offsetY": 0.1, "offsetZ": 0.0, "rotationX": 0.0, "rotationY": 0.0, "rotationZ": 26.0 },
						"head": { "offsetX": 0.0, "offsetY": 0.1, "offsetZ": 0.0, "rotationX": 0.0, "rotationY": 0.0, "rotationZ": -4.0 },
						"R leg": { "offsetX": 0.0, "offsetY": -0.5, "offsetZ": 0.0, "rotationX": 0.0, "rotationY": 0.0, "rotationZ": 33.0 },
						"L leg": { "offsetX": 0.0, "offsetY": -0.5, "offsetZ": 0.0, "rotationX": 0.0, "rotationY": 0.0, "rotationZ": 33.0 }
					}
				},
				{
					"frame": 75,
					"elements": {
						"body": { "offsetX": 0.2, "offsetY": 0.2, "offsetZ": 0.0, "rotationX": 0.0, "rotationY": 0.0, "rotationZ": -27.0 },
						"neck": { "offsetX": -0.2, "offsetY": 0.3, "offsetZ": 0.0, "rotationX": 0.0, "rotationY": 0.0, "rotationZ": 40.0 },
						"head": { "offsetX": -0.3, "offsetY": 0.0, "offsetZ": 0.0, "rotationX": 0.0, "rotationY": 0.0, "rotationZ": -30.0 },
						"R leg": { "offsetX": 0.0, "offsetY": -0.5, "offsetZ": 0.0, "rotationX": 0.0, "rotationY": 0.0, "rotationZ": 27.0 },
						"L leg": { "offsetX": 0.0, "offsetY": -0.5, "offsetZ": 0.0, "rotationX": 0.0, "rotationY": 0.0, "rotationZ": 27.0 }
					}
				}
			]
		},

		{
			"name": "Hurt2",
			"code": "hurt2",
			"quantityframes": 30,
			"onActivityStopped": "PlayTillEnd",
			"onAnimationEnd": "Stop",
			"keyframes": [
				{
					"frame": 0,
					"elements": {
						"body": { "offsetX": 0.0, "offsetY": 0.0, "offsetZ": 0.0, "rotationX": 0.0, "rotationY": 0.0, "rotationZ": 0.0 },
						"L leg": { "offsetX": 0.0, "offsetY": 0.0, "offsetZ": 0.0, "rotationX": 0.0, "rotationY": 0.0, "rotationZ": 0.0 },
						"L feet": { "offsetX": 0.0, "offsetY": 0.0, "offsetZ": 0.0, "rotationX": 0.0, "rotationY": 0.0, "rotationZ": 0.0 },
						"R leg": { "offsetX": 0.0, "offsetY": 0.0, "offsetZ": 0.0, "rotationX": 0.0, "rotationY": 0.0, "rotationZ": 0.0 },
						"R feet": { "offsetX": 0.0, "offsetY": 0.0, "offsetZ": 0.0, "rotationX": 0.0, "rotationY": 0.0, "rotationZ": 0.0 },
						"R wing": { "rotationX": 0.0, "rotationY": 0.0, "rotationZ": 0.0 },
						"L wing": { "rotationX": 0.0, "rotationY": 0.0, "rotationZ": 0.0 }
					}
				},
				{
					"frame": 5,
					"elements": {
						"body": { "offsetX": 0.5, "offsetY": -0.5, "offsetZ": 0.0, "rotationX": 0.0, "rotationY": 0.0, "rotationZ": -10.0 },
						"R leg": { "offsetX": -0.5, "offsetY": 0.0, "offsetZ": 0.0, "rotationX": 0.0, "rotationY": 0.0, "rotationZ": 22.0 },
						"R feet": { "offsetX": 0.0, "offsetY": 0.5, "offsetZ": 0.0, "rotationX": 0.0, "rotationY": 0.0, "rotationZ": -10.0 },
						"L leg": { "offsetX": -0.5, "offsetY": 0.0, "offsetZ": 0.0, "rotationX": 0.0, "rotationY": 0.0, "rotationZ": 22.0 },
						"L feet": { "offsetX": 0.0, "offsetY": 0.5, "offsetZ": 0.0, "rotationX": 0.0, "rotationY": 0.0, "rotationZ": -10.0 },
						"R wing": { "rotationX": 150.0, "rotationY": 0.0, "rotationZ": -30.0 },
						"L wing": { "rotationX": -150.0, "rotationY": 0.0, "rotationZ": -30.0 }
					}
				}
			]
		},

		{
			"name": "Sit",
			"code": "sit",
			"quantityframes": 30,
			"onActivityStopped": "EaseOut",
			"onAnimationEnd": "Repeat",
			"keyframes": [
				{
					"frame": 0,
					"elements": {
						"body": { "offsetX": 0.0, "offsetY": -3.0, "offsetZ": 0.0, "rotationX": 0.0, "rotationY": 0.0, "rotationZ": 11.0 },
						"R leg": { "offsetX": 1.0, "offsetY": -1.0, "offsetZ": 0.0, "rotationX": 0.0, "rotationY": 0.0, "rotationZ": 17.0 },
						"R feet": { "rotationX": 0.0, "rotationY": 0.0, "rotationZ": -114.0 },
						"R toes": { "offsetX": 0.0, "offsetY": -0.8, "offsetZ": 0.0, "rotationX": 0.0, "rotationY": 0.0, "rotationZ": 75.0 },
						"L leg": { "offsetX": 1.0, "offsetY": -1.0, "offsetZ": 0.0, "rotationX": 0.0, "rotationY": 0.0, "rotationZ": 30.0 },
						"L feet": { "rotationX": 0.0, "rotationY": 0.0, "rotationZ": -122.0 },
						"L toes": { "rotationX": 0.0, "rotationY": 0.0, "rotationZ": 78.0 },
						"neck": { "offsetX": 0.0, "offsetY": -1.0, "offsetZ": 0.0 },
						"head": { "rotationX": 0.0, "rotationY": 0.0, "rotationZ": 0.0 }
					}
				},
				{
					"frame": 15,
					"elements": {
						"body": { "offsetX": 0.0, "offsetY": -3.0, "offsetZ": 0.0, "rotationX": 0.0, "rotationY": 0.0, "rotationZ": 10.0 },
						"neck": { "offsetX": 0.0, "offsetY": -1.0, "offsetZ": 0.0 },
						"head": { "rotationX": 0.0, "rotationY": 0.0, "rotationZ": 3.0 },
						"R leg": { "offsetX": 1.0, "offsetY": -1.0, "offsetZ": 0.0, "rotationX": 0.0, "rotationY": 0.0, "rotationZ": 20.0 },
						"R feet": { "rotationX": 0.0, "rotationY": 0.0, "rotationZ": -114.0 },
						"R toes": { "offsetX": 0.0, "offsetY": -0.8, "offsetZ": 0.0, "rotationX": 0.0, "rotationY": 0.0, "rotationZ": 75.0 },
						"L leg": { "offsetX": 1.0, "offsetY": -1.0, "offsetZ": 0.0, "rotationX": 0.0, "rotationY": 0.0, "rotationZ": 35.0 },
						"L feet": { "rotationX": 0.0, "rotationY": 0.0, "rotationZ": -122.0 },
						"L toes": { "rotationX": 0.0, "rotationY": 0.0, "rotationZ": 78.0 }
					}
				}
			]
		},

		{
			"name": "Sleep",
			"code": "sleep",
			"quantityframes": 30,
			"onActivityStopped": "EaseOut",
			"onAnimationEnd": "Repeat",
			"keyframes": [
				{
					"frame": 0,
					"elements": {
						"body": { "offsetX": 0.0, "offsetY": -3.0, "offsetZ": 0.0, "rotationX": 0.0, "rotationY": 0.0, "rotationZ": 11.0 },
						"R leg": { "offsetX": 1.0, "offsetY": -1.0, "offsetZ": 0.0, "rotationX": 0.0, "rotationY": 0.0, "rotationZ": 17.0 },
						"R feet": { "rotationX": 0.0, "rotationY": 0.0, "rotationZ": -114.0 },
						"R toes": { "offsetX": 0.0, "offsetY": -0.8, "offsetZ": 0.0, "rotationX": 0.0, "rotationY": 0.0, "rotationZ": 75.0 },
						"L leg": { "offsetX": 1.0, "offsetY": -1.0, "offsetZ": 0.0, "rotationX": 0.0, "rotationY": 0.0, "rotationZ": 30.0 },
						"L feet": { "rotationX": 0.0, "rotationY": 0.0, "rotationZ": -122.0 },
						"L toes": { "rotationX": 0.0, "rotationY": 0.0, "rotationZ": 78.0 },
						"neck": { "offsetX": 0.0, "offsetY": -1.5, "offsetZ": 0.0, "rotationX": 0.0, "rotationY": 0.0, "rotationZ": -25.0 },
						"head": { "rotationX": 0.0, "rotationY": 0.0, "rotationZ": 66.0 }
					}
				},
				{
					"frame": 15,
					"elements": {
						"body": { "offsetX": 0.0, "offsetY": -3.0, "offsetZ": 0.0, "rotationX": 0.0, "rotationY": 0.0, "rotationZ": 10.0 },
						"neck": { "offsetX": 0.0, "offsetY": -1.5, "offsetZ": 0.0 },
						"head": { "rotationX": 0.0, "rotationY": 0.0, "rotationZ": 68.0 },
						"R leg": { "offsetX": 1.0, "offsetY": -1.0, "offsetZ": 0.0, "rotationX": 0.0, "rotationY": 0.0, "rotationZ": 20.0 },
						"R feet": { "rotationX": 0.0, "rotationY": 0.0, "rotationZ": -114.0 },
						"R toes": { "offsetX": 0.0, "offsetY": -0.8, "offsetZ": 0.0, "rotationX": 0.0, "rotationY": 0.0, "rotationZ": 75.0 },
						"L leg": { "offsetX": 1.0, "offsetY": -1.0, "offsetZ": 0.0, "rotationX": 0.0, "rotationY": 0.0, "rotationZ": 35.0 },
						"L feet": { "rotationX": 0.0, "rotationY": 0.0, "rotationZ": -122.0 },
						"L toes": { "rotationX": 0.0, "rotationY": 0.0, "rotationZ": 78.0 }
					}
				}
			]
		}
	]
}
