[
  {
    "dependsOn": [
      {
        "modid": "alchemy"
      }
    ],
    "file": "alchemy:recipes/grid/ingredient/basicbase.json",
    "op": "addmerge",
    "path": "/-",
    "value": {
      "ingredientPattern": "M,F,T",
      "requiresTrait": "druid",
      "ingredients": {
        "M": {
          "type": "item",
          "code": "aldiclasses:mushroompowder"
        },
        "F": {
          "type": "block",
          "code": "game:flower-horsetail-free"
        },
        "T": {
          "type": "item",
          "code": "alchemy:mortarpestle-*",
          "isTool": true
        }
      },
      "shapeless": true,
      "width": 1,
      "height": 3,
      "recipegroup": 2,
      "output": {
        "type": "item",
        "code": "alchemy:potionbase-basic"
      }
    },
    "side": "server"
  }
]