﻿{
	"editor": {
		"collapsedPaths": "Root/elektro-zabor,Root/elektro-zabor/Provod4,Root/elektro-zabor/detal-sterjen3,Root/elektro-zabor/detal-sterjen4,Root/elektro-zabor/Provod5,Root/elektro-zabor/detal-sterjen2,Root/Provod2,Root/Provod3,Root/Provod4,Root/Cube13,Root/Cube10,Root/elektro-zabor/Korpus,Root/elektro-zabor/detal-sterjen,Root/Cube6,Root/Cube7",
		"allAngles": false,
		"entityTextureMode": false
	},
	"textureWidth": 16,
	"textureHeight": 16,
	"textureSizes": {
	},
	"textures": {
		"iron-fence-base": "game:block/metal/fence/iron-fence-base",
		"copper": "game:block/metal/plate/copper",
		"iron": "game:block/metal/plate/iron"
	},
	"elements": [
		{
			"name": "elektro-zabor",
			"from": [ 0.0, 0.0, 0.0 ],
			"to": [ 0.0, 0.0, 0.0 ],
			"rotationOrigin": [ 8.0, 0.0, 8.0 ],
			"faces": {
				"north": { "texture": "#iron-fence-base", "uv": [ 0.0, 0.0, 0.5, 0.5 ] },
				"east": { "texture": "#iron-fence-base", "uv": [ 0.0, 0.0, 0.5, 0.5 ] },
				"south": { "texture": "#iron-fence-base", "uv": [ 0.0, 0.0, 0.5, 0.5 ] },
				"west": { "texture": "#iron-fence-base", "uv": [ 0.0, 0.0, 0.5, 0.5 ] },
				"up": { "texture": "#iron-fence-base", "uv": [ 0.0, 0.0, 0.5, 0.5 ] },
				"down": { "texture": "#iron-fence-base", "uv": [ 0.0, 0.0, 0.5, 0.5 ] }
			},
			"children": [
				{
					"name": "Korpus",
					"from": [ 0.0, 0.0, 0.0 ],
					"to": [ 0.0, 0.0, 0.0 ],
					"rotationOrigin": [ 8.0, 0.0, 8.0 ],
					"faces": {
						"north": { "texture": "#iron-fence-base", "uv": [ 0.0, 0.0, 0.5, 0.5 ] },
						"east": { "texture": "#iron-fence-base", "uv": [ 0.0, 0.0, 0.5, 0.5 ] },
						"south": { "texture": "#iron-fence-base", "uv": [ 0.0, 0.0, 0.5, 0.5 ] },
						"west": { "texture": "#iron-fence-base", "uv": [ 0.0, 0.0, 0.5, 0.5 ] },
						"up": { "texture": "#iron-fence-base", "uv": [ 0.0, 0.0, 0.5, 0.5 ] },
						"down": { "texture": "#iron-fence-base", "uv": [ 0.0, 0.0, 0.5, 0.5 ] }
					},
					"children": [
						{
							"name": "Cube3",
							"from": [ 7.0, 0.0, 7.0 ],
							"to": [ 9.0, 16.0, 9.0 ],
							"rotationOrigin": [ 8.0, 0.0, 8.0 ],
							"faces": {
								"north": { "texture": "#iron", "uv": [ 0.0, 0.0, 2.0, 16.0 ] },
								"east": { "texture": "#iron", "uv": [ 0.0, 0.0, 2.0, 16.0 ] },
								"south": { "texture": "#iron", "uv": [ 0.0, 0.0, 2.0, 16.0 ] },
								"west": { "texture": "#iron", "uv": [ 0.0, 0.0, 2.0, 16.0 ] },
								"up": { "texture": "#iron", "uv": [ 0.0, 0.0, 2.0, 2.0 ] },
								"down": { "texture": "#iron", "uv": [ 0.0, 0.0, 2.0, 2.0 ] }
							}
						}
					]
				},
				{
					"name": "Provod4",
					"from": [ -0.0028, 0.0, 0.0028 ],
					"to": [ -0.0028, 0.0, 0.0028 ],
					"rotationOrigin": [ 8.0, 0.0, 8.0 ],
					"rotationY": 89.9802,
					"faces": {
						"north": { "texture": "#iron-fence-base", "uv": [ 0.0, 0.0, 0.5, 0.5 ] },
						"east": { "texture": "#iron-fence-base", "uv": [ 0.0, 0.0, 0.5, 0.5 ] },
						"south": { "texture": "#iron-fence-base", "uv": [ 0.0, 0.0, 0.5, 0.5 ] },
						"west": { "texture": "#iron-fence-base", "uv": [ 0.0, 0.0, 0.5, 0.5 ] },
						"up": { "texture": "#iron-fence-base", "uv": [ 0.0, 0.0, 0.5, 0.5 ] },
						"down": { "texture": "#iron-fence-base", "uv": [ 0.0, 0.0, 0.5, 0.5 ] }
					},
					"children": [
						{
							"name": "Cube12",
							"from": [ 6.8, -0.01, 8.5 ],
							"to": [ 9.2, 15.99, 8.7 ],
							"rotationOrigin": [ 6.3, 0.0, 8.0 ],
							"faces": {
								"north": { "texture": "#copper", "uv": [ 0.0, 0.0, 2.0, 16.0 ] },
								"east": { "texture": "#copper", "uv": [ 0.0, 0.0, 0.5, 16.0 ] },
								"south": { "texture": "#copper", "uv": [ 0.0, 0.0, 2.0, 16.0 ] },
								"west": { "texture": "#copper", "uv": [ 0.0, 0.0, 0.5, 16.0 ] },
								"up": { "texture": "#copper", "uv": [ 0.0, 0.0, 2.0, 0.5 ] },
								"down": { "texture": "#copper", "uv": [ 0.0, 0.0, 2.0, 0.5 ] }
							}
						},
						{
							"name": "Cube13",
							"from": [ 6.8, -0.01, 7.3 ],
							"to": [ 9.2, 15.99, 7.5 ],
							"rotationOrigin": [ 6.3, 0.0, 6.8 ],
							"faces": {
								"north": { "texture": "#copper", "uv": [ 0.0, 0.0, 2.0, 16.0 ] },
								"east": { "texture": "#copper", "uv": [ 0.0, 0.0, 0.5, 16.0 ] },
								"south": { "texture": "#copper", "uv": [ 0.0, 0.0, 2.0, 16.0 ] },
								"west": { "texture": "#copper", "uv": [ 0.0, 0.0, 0.5, 16.0 ] },
								"up": { "texture": "#copper", "uv": [ 0.0, 0.0, 2.0, 0.5 ] },
								"down": { "texture": "#copper", "uv": [ 0.0, 0.0, 2.0, 0.5 ] }
							}
						}
					]
				},
				{
					"name": "Provod5",
					"from": [ -0.0028, 0.0, 0.0028 ],
					"to": [ -0.0028, 0.0, 0.0028 ],
					"rotationOrigin": [ 8.0, 0.0, 8.0 ],
					"faces": {
						"north": { "texture": "#iron-fence-base", "uv": [ 0.0, 0.0, 0.5, 0.5 ] },
						"east": { "texture": "#iron-fence-base", "uv": [ 0.0, 0.0, 0.5, 0.5 ] },
						"south": { "texture": "#iron-fence-base", "uv": [ 0.0, 0.0, 0.5, 0.5 ] },
						"west": { "texture": "#iron-fence-base", "uv": [ 0.0, 0.0, 0.5, 0.5 ] },
						"up": { "texture": "#iron-fence-base", "uv": [ 0.0, 0.0, 0.5, 0.5 ] },
						"down": { "texture": "#iron-fence-base", "uv": [ 0.0, 0.0, 0.5, 0.5 ] }
					},
					"children": [
						{
							"name": "Cube14",
							"from": [ 6.8, -0.01, 8.5 ],
							"to": [ 9.2, 15.99, 8.7 ],
							"rotationOrigin": [ 6.3, 0.0, 8.0 ],
							"faces": {
								"north": { "texture": "#copper", "uv": [ 0.0, 0.0, 2.0, 16.0 ] },
								"east": { "texture": "#copper", "uv": [ 0.0, 0.0, 0.5, 16.0 ] },
								"south": { "texture": "#copper", "uv": [ 0.0, 0.0, 2.0, 16.0 ] },
								"west": { "texture": "#copper", "uv": [ 0.0, 0.0, 0.5, 16.0 ] },
								"up": { "texture": "#copper", "uv": [ 0.0, 0.0, 2.0, 0.5 ] },
								"down": { "texture": "#copper", "uv": [ 0.0, 0.0, 2.0, 0.5 ] }
							}
						},
						{
							"name": "Cube15",
							"from": [ 6.8, -0.01, 7.3 ],
							"to": [ 9.2, 15.99, 7.5 ],
							"rotationOrigin": [ 6.3, 0.0, 6.8 ],
							"faces": {
								"north": { "texture": "#copper", "uv": [ 0.0, 0.0, 2.0, 16.0 ] },
								"east": { "texture": "#copper", "uv": [ 0.0, 0.0, 0.5, 16.0 ] },
								"south": { "texture": "#copper", "uv": [ 0.0, 0.0, 2.0, 16.0 ] },
								"west": { "texture": "#copper", "uv": [ 0.0, 0.0, 0.5, 16.0 ] },
								"up": { "texture": "#copper", "uv": [ 0.0, 0.0, 2.0, 0.5 ] },
								"down": { "texture": "#copper", "uv": [ 0.0, 0.0, 2.0, 0.5 ] }
							}
						}
					]
				}
			]
		}
	]}