[
  {
    "op": "addmerge",
    "path": "/dropsByType",
    "dependsOn": [{"modid": "wildcrafttree"}],
    "value": {
      "*-oak": [
        {
          "type": "item",
          "code": "aldiclasses:mistletoe",
          "tool": "knife",
          "dropModbyStat": "mistletoeDropRate",
          "quantity": {
            "avg": 0.35,
            "var": 0
          }
        }
      ]
    },
    "file": "game:blocktypes/plant/leaves/branchy.json",
    "side": "Server"
  }
]