{
	"treeWorldPropertyCode": "oldtaxusbaccata",
	"sizeMultiplier": 0.8,
	"trunks": [{
		"widthloss": 0.08,
		"branchStart": { "avg": 0.2, "var": 0.05 },
		"branchSpacing": { "avg": 0, "var": 0 },
		"branchVerticalAngle":  { "avg": 1.32, "var": 0 },
		"branchHorizontalAngle": { "avg": 0, "var": 3.1415 },
		"branchWidthMultiplier": { "avg": 0.3, "var": 0.1 },
		"branchWidthMultiplierEvolve": { "transform": "linear", "factor": 0.5 },
		"branchQuantity": { "avg": 2, "var": 0 },
		"branchQuantityEvolve": { "transform": "linear", "factor": 2 },
	},
		{
		"inherit": { "from": 0, "skip": ["dx", "dz", "dieAt"] },
		"dieAt": { "avg": 0.1, "var": 0.05 },
		"dx": 1,
		"dz": 0
	}, {
		"inherit": { "from": 0, "skip": ["dx", "dz", "dieAt"] },
		"dieAt": { "avg": 0.2, "var": 0.05 },
		"dx": 0,
		"dz": 1

	}, 
			{
		"inherit": { "from": 0, "skip": ["dx", "dz", "dieAt"] },
		"dieAt": { "avg": 0.1, "var": 0.05 },
		"dx": 2,
		"dz": 0
	}, {
		"inherit": { "from": 0, "skip": ["dx", "dz", "dieAt"] },
		"dieAt": { "avg": 0.2, "var": 0.05 },
		"dx": 0,
		"dz": 2

	}, 
	{
		"inherit": { "from": 0, "skip": ["dx", "dz", "dieAt"] },
		"dieAt": { "avg": 0.3	, "var": 0.05 },
		"dx": 1,
		"dz": 1
	}],
	"branches": [{
		"widthLoss": 0.04,
		"gravityDrag": -0.08,

		"branchStart":  { "avg": 0, "var": 0 },
		"branchSpacing": { "avg": 0.01, "var": 0 },
		"branchVerticalAngle": { "avg": 0.3, "var": 0.2 },
		"branchHorizontalAngle": { "avg": 0, "var": 3.1415 },

		"branchQuantity": { "avg": 0.9, "var": 0 },
		"branchWidthMultiplier": { "avg": 0.4, "var": 0.2 }
	}, {
		"branchStart": { "avg": 2 }
	}],
	"treeBlocks": {
		"logBlockCode": "floralzonesmediterraneanregion:log-grown-taxusbaccata-ud",
		"leavesBlockCode": "floralzonesmediterraneanregion:leaves-grown-taxusbaccata",
		"leavesBranchyBlockCode": "floralzonesmediterraneanregion:leavesbranchy-grown-taxusbaccata",
		"vinesBlockCode": "wildvine-section-north",
		"vinesEndBlockCode": "wildvine-end-north", "mossDecorCode": "attachingplant-spottymoss"
	}
}
