{
	"treeWorldPropertyCode": "taxusbaccata",
	"sizeMultiplier": 0.75,
	"trunks": [{
		"widthloss": 0.08,
		"dieAt": { "avg": 0.001 },
		"branchStart": { "dist": "gaussian", "avg": 0.2, "var": 0.2 },
		"branchSpacing": { "dist": "gaussian", "avg": 0.2, "var": 0.1 },
		"branchVerticalAngle":  { "avg": 0.8, "var": 0.1 },
		"branchHorizontalAngle": { "avg": 0, "var": 3.1415 },
		"branchWidthMultiplier": { "avg": 0.15, "var": 0 },
		"branchWidthMultiplierEvolve": { "transform": "linear", "factor": 1.5 },
		"branchQuantity": { "avg": 5, "var": 0 },
		"branchWidthLossMul": 0.98,
	}],
	"branches": [{
		"widthLoss": 0.06,
		"gravityDrag": 0.1,
		"dieAt": { "avg": 0.001 },

		"branchStart":  { "avg": 0.1, "var": 0.01 },
		"branchSpacing": { "avg": 0.1, "var": 0 },
		"branchVerticalAngle": { "dist": "inversegaussian", "avg": 0.5, "var": 0.2 },
		"branchHorizontalAngle": { "avg": 0, "var": 3.1415 },

		"branchQuantity": { "avg": 1, "var": 0 },
		"branchWidthMultiplier": { "avg": 0.6, "var": 0 }
	}],
	"treeBlocks": {
		"logBlockCode": "floralzonesmediterraneanregion:log-grown-taxusbaccata-ud",
		"leavesBlockCode": "floralzonesmediterraneanregion:leaves-grown-taxusbaccata",
		"leavesBranchyBlockCode": "floralzonesmediterraneanregion:leavesbranchy-grown-taxusbaccata",
		"mossDecorCode": "attachingplant-spottymoss"
	}
}
