[
  {
    "file": "game:recipes/cooking/meatystew",
    "side": "server",
    "op": "add",
    "path": "/ingredients/1/validStacks/-",
    "value": {
      "type": "item",
      "code": "meiolaniidae:creature-meiolaniidae-egg-ninjemysoweni-raw",
      "shapeElement": "bowl/egg/*"
    }
  },
  {
    "file": "game:recipes/cooking/meatystew",
    "side": "server",
    "op": "add",
    "path": "/ingredients/2/validStacks/-",
    "value": {
      "type": "item",
      "code": "meiolaniidae:creature-meiolaniidae-egg-ninjemysoweni-raw",
      "shapeElement": "bowl/egg2/*"
    }
  },
  {
    "file": "game:recipes/cooking/scrambledeggs",
    "side": "server",
    "op": "add",
    "path": "/ingredients/0/validStacks/-",
    "value": {
      "type": "item",
      "code": "meiolaniidae:creature-meiolaniidae-egg-ninjemysoweni-raw",
      "shapeElement": "bowl/egg/*", 
      "textureMapping": ["scrambledegg", "group7"]
    }
  },
  {
    "file": "game:recipes/cooking/soup",
    "side": "server",
    "op": "add",
    "path": "/ingredients/4/validStacks/-",
    "value": {
      "type": "item",
      "code": "meiolaniidae:creature-meiolaniidae-egg-ninjemysoweni-raw",
      "shapeElement": "bowl/meat/*"
    }
  },
  {
    "file": "game:blocktypes/clay/fired/pot",
    "side": "server",
    "op": "add",
    "path": "/attributesByType/claypot-blue-cooked/textureMapping/creature-meiolaniidae-egg-ninjemysoweni-raw",
    "value": [ "meat", "group6" ]
  }
]
