{
  "code": "cavespire-juvenile2",
  "class": "Block",
  "entityclass": "BlockEntityCaveSpire",

  "attributes": {
    "caveSpireParameters": {
      "radius": 65.0,
      "fogDensity": 0.035,
      "fogColor": [ 0.5176471, 0.4509804, 0.4392157 ],
      "particles": { "density": 1.75 },
      "instability": {
        "radius": 60.0,
        "strength": 0.003,
        "multiplier": 1.6
      },
      "spireparticles": {
        "intensity": 1.5
      },
      "devastationGrowth": {
        "intervalGameHours": 6,
        "attemptsPerInterval": 10,
        "chancePerAttempt": 0.2,
        "radius": 60.0
      },
      "spawnMobs": {
        "radius": 60.0,
        "entities": [
          "wrustbound:rustborn-tier1",
          "wrustbound:rustborn-tier2",
          "wrustbound:rustborn-tier3",
          "wrustbound:rustborn-tier3",
          "wrustbound:rustborn-tier3",
          "wrustbound:rustborn-tier4",
          "wrustbound:rustborn-tier4",
          "wrustbound:rustborn-tier5",
          "wrustbound:rustborn-tier5",
          "wrustbound:rustborn-tier6",
          "game:bowtorn-surface",
          "game:bowtorn-tainted",
          "game:shiver-surface",
          "game:shiver-tainted"
        ],
        "spawnChancePerTick": 0.002,
        "maxMobs": 3
      }
    },
    "convertBlock": "wrustbound:cavespire-juvenile3",
    "ageHoursToConvert": 84,
    "ageFailureChance": 0.65
  },

  "blockmaterial": "Stone",
  "creativeinventory": {
    "general": [ "*" ]
  },

  "shape": {
    "base": "wrustbound:block/cavespire/cavespire-juvenile_2.json"
  },
  "sounds": {},
  "drops": [],
  "lightAbsorption": 0,
  "lightHsv": [ 3, 5, 11 ],
  "lightLevel": 2,
  "sideopaque": {
    "all": false
  },
  "sidesolid": {
    "all": false
  },
  "fertility": 0,
  "resistance": 20,
  "hardness": 6
}