{
  "enabled": true,
  "code": "potionportion",
  "variantgroups": [
    {
      "code": "potiontype",
      "states": [
        "archer",
        "healingeffect",
        "hungerenhance",
        "hungersupress",
        "hunter",
        "looter",
        "melee",
        "mining",
        "poison",
        "predator",
        "regen",
        "scentmask",
        "speed",
        "vitality"
      ]
    },
    { "code": "strength", "states": ["medium", "strong"] }
  ],
  "class": "ItemPotion",
  "matterState": "liquid",
  "attributesByType": {
    "*-archer-*": {
      "potioninfo": { "potionId": "archerpotionid" },
      "waterTightContainerProps": {
        "containable": true,
        "itemsPerLitre": 4,
        "texture": { "base": "alchemy:item/potion/grey_potion" },
        "allowSpill": true,
        "whenSpilled": {
          "action": "DropContents",
          "stack": { "type": "item", "code": "potionportion-archer-{strength}", "states": ["medium", "strong"] }
        }
      },
      "handbook": {
        "ignoreCreativeInvStacks": true,
        "groupByByType": { "*-medium": ["potionportion-{potiontype}-medium"], "*-strong": ["potionportion-{potiontype}-strong"] }
      }
    },
    "*-healingeffect-*": {
      "potioninfo": { "potionId": "healingeffectpotionid" },
      "waterTightContainerProps": {
        "containable": true,
        "itemsPerLitre": 4,
        "texture": { "base": "alchemy:item/potion/red_potion" },
        "whenSpilled": {
          "action": "DropContents",
          "stack": { "type": "item", "code": "potionportion-healingeffect-{strength}", "states": ["medium", "strong"] }
        }
      },
      "handbook": {
        "ignoreCreativeInvStacks": true,
        "groupByByType": { "*-medium": ["potionportion-{potiontype}-medium"], "*-strong": ["potionportion-{potiontype}-strong"] }
      }
    },
    "*-hungerenhance-*": {
      "potioninfo": { "potionId": "hungerenhancepotionid" },
      "waterTightContainerProps": {
        "containable": true,
        "itemsPerLitre": 4,
        "texture": { "base": "alchemy:item/potion/orange_potion" },
        "whenSpilled": {
          "action": "DropContents",
          "stack": { "type": "item", "code": "potionportion-hungerenhance-{strength}", "states": ["medium", "strong"] }
        }
      },
      "handbook": {
        "ignoreCreativeInvStacks": true,
        "groupByByType": { "*-medium": ["potionportion-{potiontype}-medium"], "*-strong": ["potionportion-{potiontype}-strong"] }
      }
    },
    "*-hungersupress-*": {
      "potioninfo": { "potionId": "hungersupresspotionid" },
      "waterTightContainerProps": {
        "containable": true,
        "itemsPerLitre": 4,
        "texture": { "base": "alchemy:item/potion/yellow_potion" },
        "whenSpilled": {
          "action": "DropContents",
          "stack": { "type": "item", "code": "potionportion-hungersupress-{strength}", "states": ["medium", "strong"] }
        }
      },
      "handbook": {
        "ignoreCreativeInvStacks": true,
        "groupByByType": { "*-medium": ["potionportion-{potiontype}-medium"], "*-strong": ["potionportion-{potiontype}-strong"] }
      }
    },
    "*-hunter-*": {
      "potioninfo": { "potionId": "hunterpotionid" },
      "waterTightContainerProps": {
        "containable": true,
        "itemsPerLitre": 4,
        "texture": { "base": "game:block/wood/oak" },
        "whenSpilled": {
          "action": "DropContents",
          "stack": { "type": "item", "code": "potionportion-hunter-{strength}", "states": ["medium", "strong"] }
        }
      },
      "handbook": {
        "ignoreCreativeInvStacks": true,
        "groupByByType": { "*-medium": ["potionportion-{potiontype}-medium"], "*-strong": ["potionportion-{potiontype}-strong"] }
      }
    },
    "*-looter-*": {
      "potioninfo": { "potionId": "looterpotionid" },
      "waterTightContainerProps": {
        "containable": true,
        "itemsPerLitre": 4,
        "texture": { "base": "alchemy:item/potion/indigo_potion" },
        "whenSpilled": {
          "action": "DropContents",
          "stack": { "type": "item", "code": "potionportion-looter-{strength}", "states": ["medium", "strong"] }
        }
      },
      "handbook": {
        "ignoreCreativeInvStacks": true,
        "groupByByType": { "*-medium": ["potionportion-{potiontype}-medium"], "*-strong": ["potionportion-{potiontype}-strong"] }
      }
    },
    "*-melee-*": {
      "potioninfo": { "potionId": "meleepotionid" },
      "effects": { "meleeWeaponsDamage": 0.3 },
      "waterTightContainerProps": {
        "containable": true,
        "itemsPerLitre": 4,
        "texture": { "base": "alchemy:item/potion/darkred_potion" },
        "whenSpilled": {
          "action": "DropContents",
          "stack": { "type": "item", "code": "potionportion-melee-{strength}", "states": ["medium", "strong"] }
        }
      },
      "handbook": {
        "ignoreCreativeInvStacks": true,
        "groupByByType": { "*-medium": ["potionportion-{potiontype}-medium"], "*-strong": ["potionportion-{potiontype}-strong"] }
      }
    },
    "*-mining-*": {
      "potioninfo": { "potionId": "miningpotionid" },
      "waterTightContainerProps": {
        "containable": true,
        "itemsPerLitre": 4,
        "texture": { "base": "alchemy:item/potion/brown_potion" },
        "whenSpilled": {
          "action": "DropContents",
          "stack": { "type": "item", "code": "potionportion-mining-{strength}", "states": ["medium", "strong"] }
        }
      },
      "handbook": {
        "ignoreCreativeInvStacks": true,
        "groupByByType": { "*-medium": ["potionportion-{potiontype}-medium"], "*-strong": ["potionportion-{potiontype}-strong"] }
      }
    },
    "*-poison-*": {
      "potioninfo": { "potionId": "poisontickpotionid" },
      "waterTightContainerProps": {
        "containable": true,
        "itemsPerLitre": 4,
        "texture": { "base": "alchemy:item/potion/purple_potion" },
        "whenSpilled": {
          "action": "DropContents",
          "stack": { "type": "item", "code": "potionportion-poison-{strength}", "states": ["medium", "strong"] }
        }
      },
      "handbook": {
        "ignoreCreativeInvStacks": true,
        "groupByByType": { "*-medium": ["potionportion-{potiontype}-medium"], "*-strong": ["potionportion-{potiontype}-strong"] }
      }
    },
    "*-predator-*": {
      "potioninfo": { "potionId": "predatorpotionid" },
      "waterTightContainerProps": {
        "containable": true,
        "itemsPerLitre": 4,
        "texture": { "base": "alchemy:item/potion/rose_potion" },
        "whenSpilled": {
          "action": "DropContents",
          "stack": { "type": "item", "code": "potionportion-predator-{strength}", "states": ["medium", "strong"] }
        }
      },
      "handbook": {
        "ignoreCreativeInvStacks": true,
        "groupByByType": { "*-medium": ["potionportion-{potiontype}-medium"], "*-strong": ["potionportion-{potiontype}-strong"] }
      }
    },
    "*-regen-*": {
      "potioninfo": { "potionId": "regentickpotionid" },
      "waterTightContainerProps": {
        "containable": true,
        "itemsPerLitre": 4,
        "texture": { "base": "alchemy:item/potion/green_potion" },
        "whenSpilled": {
          "action": "DropContents",
          "stack": { "type": "item", "code": "potionportion-regen-{strength}", "states": ["medium", "strong"] }
        }
      },
      "handbook": {
        "ignoreCreativeInvStacks": true,
        "groupByByType": { "*-medium": ["potionportion-{potiontype}-medium"], "*-strong": ["potionportion-{potiontype}-strong"] }
      }
    },
    "*-scentmask-*": {
      "potioninfo": { "potionId": "scentmaskpotionid" },
      "waterTightContainerProps": {
        "containable": true,
        "itemsPerLitre": 4,
        "texture": { "base": "alchemy:item/potion/lavendar_potion" },
        "whenSpilled": {
          "action": "DropContents",
          "stack": { "type": "item", "code": "potionportion-scentmask-{strength}", "states": ["medium", "strong"] }
        }
      },
      "handbook": {
        "ignoreCreativeInvStacks": true,
        "groupByByType": { "*-medium": ["potionportion-{potiontype}-medium"], "*-strong": ["potionportion-{potiontype}-strong"] }
      }
    },
    "*-speed-*": {
      "potioninfo": { "potionId": "speedpotionid" },
      "effects": { "walkspeed": 0.25 },
      "waterTightContainerProps": {
        "containable": true,
        "itemsPerLitre": 4,
        "texture": { "base": "alchemy:item/potion/turquoise_potion" },
        "whenSpilled": {
          "action": "DropContents",
          "stack": { "type": "item", "code": "potionportion-speed-{strength}", "states": ["medium", "strong"] }
        }
      },
      "handbook": {
        "ignoreCreativeInvStacks": true,
        "groupByByType": { "*-medium": ["potionportion-{potiontype}-medium"], "*-strong": ["potionportion-{potiontype}-strong"] }
      }
    },
    "*-vitality-*": {
      "potioninfo": { "potionId": "vitalitypotionid" },
      "waterTightContainerProps": {
        "containable": true,
        "itemsPerLitre": 4,
        "texture": { "base": "alchemy:item/potion/black_potion" },
        "whenSpilled": {
          "action": "DropContents",
          "stack": { "type": "item", "code": "potionportion-vitality-{strength}", "states": ["medium", "strong"] }
        }
      },
      "handbook": {
        "ignoreCreativeInvStacks": true,
        "groupByByType": { "*-medium": ["potionportion-{potiontype}-medium"], "*-strong": ["potionportion-{potiontype}-strong"] }
      }
    },
    "*": {
      "waterTightContainerProps": { "containable": true, "itemsPerLitre": 4, "texture": { "base": "game:block/liquid/waterportion" } },
      "handbook": {
        "ignoreCreativeInvStacks": true,
        // "groupByByType": { "*-medium": ["potionportion-{potiontype}-medium"], "*-strong": ["potionportion-{potiontype}-strong"] },
        "exclude": true
      }
    }
  },
  "creativeinventoryStacks": [
    {
      "tabs": ["general", "liquids", "alchemy"],
      "stacks": [
        {
          "type": "block",
          "code": "alchemy:potionflask-normal-quartz",
          "attributes": {
            "ucontents": [
              { "type": "item", "code": "alchemy:potionportion-{potiontype}-{strength}", "makefull": true }
            ]
          }
        },
        {
          "type": "block",
          "code": "alchemy:potionflask-tube-quartz",
          "attributes": {
            "ucontents": [
              { "type": "item", "code": "alchemy:potionportion-{potiontype}-{strength}", "makefull": true }
            ]
          }
        },
        {
          "type": "block",
          "code": "game:woodbucket",
          "attributes": {
            "ucontents": [
              { "type": "item", "code": "alchemy:potionportion-{potiontype}-{strength}", "makefull": true }
            ]
          }
        }
      ]
    }
  ],
  "maxstacksize": 200,
  "materialDensity": 200,
  "shape": { "base": "game:item/liquid" },
  "texturesByType": {
    "*-archer-*": { "all": { "base": "alchemy:item/potion/grey_potion" } },
    "*-healingeffect-*": { "all": { "base": "alchemy:item/potion/red_potion" } },
    "*-hungerenhance-*": { "all": { "base": "alchemy:item/potion/orange_potion" } },
    "*-hungersupress-*": { "all": { "base": "alchemy:item/potion/yellow_potion" } },
    "*-hunter-*": { "all": { "base": "game:block/wood/oak" } },
    "*-looter-*": { "all": { "base": "alchemy:item/potion/indigo_potion" } },
    "*-melee-*": { "all": { "base": "alchemy:item/potion/darkred_potion" } },
    "*-mining-*": { "all": { "base": "alchemy:item/potion/brown_potion" } },
    "*-poison-*": { "all": { "base": "alchemy:item/potion/purple_potion" } },
    "*-predator-*": { "all": { "base": "alchemy:item/potion/rose_potion" } },
    "*-regen-*": { "all": { "base": "alchemy:item/potion/green_potion" } },
    "*-scentmask-*": { "all": { "base": "alchemy:item/potion/lavendar_potion" } },
    "*-speed-*": { "all": { "base": "alchemy:item/potion/turquoise_potion" } },
    "*-vitality-*": { "all": { "base": "alchemy:item/potion/black_potion" } }
  },
  "guiTransform": {
    "translation": { "x": 0, "y": 1, "z": 0 },
    "rotation": { "x": 123, "y": -33, "z": -13 },
    "origin": { "x": 0.5, "y": 0, "z": 0.5 },
    "scale": 1.4
  },
  "fpHandTransform": { "translation": { "x": 0, "y": 0, "z": 0 }, "rotation": { "x": 25, "y": 157, "z": -5 } },
  "tpHandTransform": { "translation": { "x": -1.5, "y": -1, "z": -1.4 } }
}
