[
    {
        "op": "addmerge",
        "path": "/-",
        "value": {
          "comment": "Small patches of Spiny Bear's Breech",
          "blockCodes": [
            "floralzonesmediterraneanregion:flower-acanthusspinosus-free"
          ],
          "minTemp": 10,
          "maxTemp": 16,
		  "minForest": 0,
		  "maxForest": 0.4,
          "minRain": 0.30,
          "maxRain": 0.74,
          "chance": 0.1,
		  "minY": 0,
          "maxY": 0.3,
		  "minFertility": 0.3,
		  "maxFertility": 0.7,
          "quantity": { "dist": "invexp", "avg": 5, "var": 2 },
          "offsetX": { "avg": 0, "var": 3 },
          "offsetZ": { "avg": 0, "var": 3 }
        },
        "file": "game:worldgen/blockpatches/flower.json",
        "side": "server"
		},
    {
        "op": "addmerge",
        "path": "/-",
        "value": {
          "comment": "Varied small patches of Common Snapdragon",
          "blockCodes": [
            "floralzonesmediterraneanregion:flower-antirrhinummajus-lightpink-free","floralzonesmediterraneanregion:flower-antirrhinummajus-magenta-free","floralzonesmediterraneanregion:flower-antirrhinummajus-purple-free",
          ],
          "minTemp": 7,
          "maxTemp": 14,
		  "minForest": 0,
		  "maxForest": 0.2,
          "minRain": 0.09,
          "maxRain": 0.72,
          "chance": 0.05,
		  "minY": 0,
          "maxY": 0.58,
		  "minFertility": 0,
		  "maxFertility": 0.4,
          "quantity": { "dist": "invexp", "avg": 3, "var": 2 },
          "offsetX": { "avg": 1, "var": 6 },
          "offsetZ": { "avg": 1, "var": 6 }
        },
        "file": "game:worldgen/blockpatches/flower.json",
        "side": "server"
		},
    {
        "op": "addmerge",
        "path": "/-",
        "value": {
          "comment": "Varied Patches of White Asparagus",
          "blockCodes": [
            "floralzonesmediterraneanregion:flower-asparagusalbus-free"
          ],
          "minTemp": 14,
          "maxTemp": 18,
          "minRain": 0.07,
          "maxRain": 0.51,
		  "minFertility": 0,
		  "maxFertility": 1,
		  "minForest": 0,
		  "maxForest": 0.3,
		  "minY": 0,
          "maxY": 0.4,
          "chance": 0.1,

          "quantity": { "dist": "invexp", "avg": 3, "var": 2 },
          "offsetX": { "avg": 3, "var": 10 },
          "offsetZ": { "avg": 3, "var": 10 }
        },
        "file": "game:worldgen/blockpatches/flower.json",
        "side": "server"
		},
    {
        "op": "addmerge",
        "path": "/-",
        "value": {
          "comment": "Varied Patches of Field Marigold",
          "blockCodes": [
            "floralzonesmediterraneanregion:flower-calendulaarvensis-free"
          ],
          "minTemp": 8,
          "maxTemp": 18,
          "minRain": 0.12,
          "maxRain": 0.65,
		  "minFertility": 0,
		  "maxFertility": 1,
		  "minForest": 0,
		  "maxForest": 0.3,
		  "minY": 0,
          "maxY": 0.28,
          "chance": 0.05,

          "quantity": { "dist": "invexp", "avg": 10, "var": 8 },
          "offsetX": { "avg": 0, "var": 10 },
          "offsetZ": { "avg": 0, "var": 10 }
        },
        "file": "game:worldgen/blockpatches/flower.json",
        "side": "server"
		},
    {
        "op": "addmerge",
        "path": "/-",
        "value": {
          "comment": "Medium patches of Velvet Centaurea",
          "blockCodes": [
            "floralzonesmediterraneanregion:flower-centaureagymnocarpa-free"
          ],
          "minTemp": 12,
          "maxTemp": 14,
		  "minForest": 0,
		  "maxForest": 0.3,
          "minRain": 0.29,
          "maxRain": 0.34,
          "chance": 0.1,
		  "minY": 0,
          "maxY": 0.31,
		  "minFertility": 0,
		  "maxFertility": 1,
          "quantity": { "dist": "invexp", "avg": 5, "var": 2 },
          "offsetX": { "avg": 0, "var": 5 },
          "offsetZ": { "avg": 0, "var": 5 }
        },
        "file": "game:worldgen/blockpatches/flower.json",
        "side": "server"
		},
    {
        "op": "addmerge",
        "path": "/-",
        "value": {
          "comment": "Small patches of African Cyclamen",
          "blockCodes": [
            "floralzonesmediterraneanregion:flower-cyclamenafricanum-free"
          ],
          "minTemp": 14,
          "maxTemp": 16,
		  "minForest": 0.3,
		  "maxForest": 1,
          "minRain": 0.31,
          "maxRain": 0.37,
          "chance": 0.3,
		  "minY": 0,
          "maxY": 0.1,
		  "minFertility": 0,
		  "maxFertility": 0.8,
		  "placement": "OnSurfacePlusUnderTrees",
          "quantity": { "dist": "invexp", "avg": 3, "var": 2 },
          "offsetX": { "avg": 2, "var": 5 },
          "offsetZ": { "avg": 2, "var": 5 }
        },
        "file": "game:worldgen/blockpatches/flower.json",
        "side": "server"
		},
    {
        "op": "addmerge",
        "path": "/-",
        "value": {
          "comment": "Varied small Patches of Cardoon",
          "blockCodes": [
            "floralzonesmediterraneanregion:flower-cynaracardunculus-free"
          ],
          "minTemp": 6,
          "maxTemp": 18,
          "minRain": 0.21,
          "maxRain": 0.75,
		  "minFertility": 0.3,
		  "maxFertility": 1,
		  "minForest": 0,
		  "maxForest": 0.3,
		  "minY": 0,
          "maxY": 0.1,
          "chance": 0.08,

          "quantity": { "dist": "invexp", "avg": 4, "var": 2 },
          "offsetX": { "avg": 5, "var": 10 },
          "offsetZ": { "avg": 5, "var": 10 }
        },
        "file": "game:worldgen/blockpatches/flower.json",
        "side": "server"
		},
    {
        "op": "addmerge",
        "path": "/-",
        "value": {
          "comment": "Varied Patches of Carnations",
          "blockCodes": [
            "floralzonesmediterraneanregion:flower-dianthuscaryophyllus-free"
          ],
          "minTemp": 6,
          "maxTemp": 18,
		  "minForest": 0,
		  "maxForest": 0.3,
          "minRain": 0.35,
          "maxRain": 1,
          "chance": 0.1,
		  "minY": 0,
          "maxY": 0.56,
		  "minFertility": 0,
		  "maxFertility": 1,
          "quantity": { "dist": "invexp", "avg": 5, "var": 4 },
          "offsetX": { "avg": 0, "var": 8 },
          "offsetZ": { "avg": 0, "var": 8 }
        },
        "file": "game:worldgen/blockpatches/flower.json",
        "side": "server"
		},
    {
        "op": "addmerge",
        "path": "/-",
        "value": {
          "comment": "Varied Patches of Dewy Pines",
          "blockCodes": [
            "floralzonesmediterraneanregion:flower-drosophyllumlusitanicum-free"
          ],
          "minTemp": 14,
          "maxTemp": 18,
		  "minForest": 0.2,
		  "maxForest": 0.4,
          "minRain": 0.31,
          "maxRain": 0.62,
          "chance": 0.3,
		  "minY": 0,
          "maxY": 0.2,
		  "minFertility": 0,
		  "maxFertility": 0.4,
          "quantity": { "dist": "invexp", "avg": 3, "var": 2 },
          "offsetX": { "avg": 1, "var": 4 },
          "offsetZ": { "avg": 1, "var": 4 }
        },
        "file": "game:worldgen/blockpatches/flower.json",
        "side": "server"
		},
    {
        "op": "addmerge",
        "path": "/-",
        "value": {
          "comment": "Varied Patches of Dewy Pines",
          "blockCodes": [
            "floralzonesmediterraneanregion:flower-drosophyllumlusitanicum-free"
          ],
          "minTemp": 14,
          "maxTemp": 18,
		  "minForest": 0.2,
		  "maxForest": 0.4,
          "minRain": 0.31,
          "maxRain": 0.62,
          "chance": 0.1,
		  "minY": 0,
          "maxY": 0.2,
		  "minFertility": 0,
		  "maxFertility": 0.4,
          "quantity": { "dist": "invexp", "avg": 3, "var": 2 },
          "offsetX": { "avg": 1, "var": 4 },
          "offsetZ": { "avg": 1, "var": 4 }
        },
        "file": "game:worldgen/blockpatches/flower.json",
        "side": "server"
		},
    {
        "op": "addmerge",
        "path": "/-",
        "value": {
          "comment": "Varied Patches of Joint Pines",
          "blockCodes": [
            "floralzonesmediterraneanregion:flower-ephedrafragilis-free"
          ],
          "minTemp": 12,
          "maxTemp": 18,
		  "minForest": 0,
		  "maxForest": 0.2,
          "minRain": 0.14,
          "maxRain": 0.37,
          "chance": 0.1,
		  "minY": 0,
          "maxY": 0.65,
		  "minFertility": 0,
		  "maxFertility": 0.3,
          "quantity": { "dist": "invexp", "avg": 3, "var": 2 },
          "offsetX": { "avg": 1, "var": 4 },
          "offsetZ": { "avg": 1, "var": 4 }
        },
        "file": "game:worldgen/blockpatches/flower.json",
        "side": "server"
		},
    {
        "op": "addmerge",
        "path": "/-",
        "value": {
          "comment": "Varied Patches of Tree Heather",
          "blockCodes": [
            "floralzonesmediterraneanregion:flower-ericaarborea-free"
          ],
          "minTemp": 10,
          "maxTemp": 18,
          "minRain": 0.34,
          "maxRain": 0.65,
		  "minFertility": 0,
		  "maxFertility": 0.3,
		  "minForest": 0,
		  "maxForest": 0.3,
		  "minY": 0,
          "maxY": 0.8,
          "chance": 0.1,

          "quantity": { "dist": "invexp", "avg": 3, "var": 2 },
          "offsetX": { "avg": 5, "var": 15 },
          "offsetZ": { "avg": 5, "var": 15 }
        },
        "file": "game:worldgen/blockpatches/flower.json",
        "side": "server"
		},
    {
        "op": "addmerge",
        "path": "/-",
        "value": {
          "comment": "Varied Patches of Blue Spurge",
          "blockCodes": [
            "floralzonesmediterraneanregion:flower-euphorbiamyrsinites-free"
          ],
          "minTemp": 9,
          "maxTemp": 16,
          "minRain": 0.29,
          "maxRain": 0.56,
		  "minFertility": 0,
		  "maxFertility": 0.3,
		  "minForest": 0,
		  "maxForest": 0.2,
		  "minY": 0,
          "maxY": 0.76,
          "chance": 0.2,

          "quantity": { "dist": "invexp", "avg": 6, "var": 4 },
          "offsetX": { "avg": 0, "var": 4 },
          "offsetZ": { "avg": 0, "var": 4 }
        },
        "file": "game:worldgen/blockpatches/flower.json",
        "side": "server"
		},
    {
        "op": "addmerge",
        "path": "/-",
        "value": {
          "comment": "Varied small Patches of Resin Spurge",
          "blockCodes": [
            "floralzonesmediterraneanregion:flower-euphorbiaresinifera-free"
          ],
          "minTemp": 14,
          "maxTemp": 16,
          "minRain": 0.07,
          "maxRain": 0.19,
		  "minFertility": 0,
		  "maxFertility": 0.3,
		  "minForest": 0,
		  "maxForest": 0.2,
		  "minY": 0,
          "maxY": 0.68,
          "chance": 0.2,

          "quantity": { "dist": "invexp", "avg": 3, "var": 2 },
          "offsetX": { "avg": 3, "var": 4 },
          "offsetZ": { "avg": 3, "var": 4 }
        },
        "file": "game:worldgen/blockpatches/flower.json",
        "side": "server"
		},
    {
        "op": "addmerge",
        "path": "/-",
        "value": {
          "comment": "Small Patches of Rush Daffodil",
          "blockCodes": [
            "floralzonesmediterraneanregion:flower-narcissusjonquilla-free"
          ],
          "minTemp": 12,
          "maxTemp": 17,
          "minRain": 0.08,
          "maxRain": 0.55,
		  "minFertility": 0.4,
		  "maxFertility": 1,
		  "minForest": 0,
		  "maxForest": 0.4,
		  "minY": 0,
          "maxY": 0.07,
          "chance": 0.1,

          "quantity": { "dist": "invexp", "avg": 5, "var": 2 },
          "offsetX": { "avg": 2, "var": 5 },
          "offsetZ": { "avg": 2, "var": 5 }
        },
        "file": "game:worldgen/blockpatches/flower.json",
        "side": "server"
		},
    {
        "op": "addmerge",
        "path": "/-",
        "value": {
          "comment": "Small Patches of Italian Orchid",
          "blockCodes": [
            "floralzonesmediterraneanregion:flower-orchisitalica-free"
          ],
          "minTemp": 11,
          "maxTemp": 16,
          "minRain": 0.29,
          "maxRain": 0.55,
		  "minFertility": 0,
		  "maxFertility": 1,
		  "minForest": 0,
		  "maxForest": 0.2,
		  "minY": 0,
          "maxY": 0.41,
          "chance": 0.1,

          "quantity": { "dist": "invexp", "avg": 3, "var": 2 },
          "offsetX": { "avg": 0, "var": 2 },
          "offsetZ": { "avg": 0, "var": 2 }
        },
        "file": "game:worldgen/blockpatches/flower.json",
        "side": "server"
		},
    {
        "op": "addmerge",
        "path": "/-",
        "value": {
          "comment": "Small Patches of Common Houseleek",
          "blockCodes": [
            "floralzonesmediterraneanregion:flower-sempervivumtectorum-free"
          ],
          "minTemp": 4,
          "maxTemp": 12,
          "minRain": 0.40,
          "maxRain": 0.62,
		  "minFertility": 0,
		  "maxFertility": 0.45,
		  "minForest": 0,
		  "maxForest": 0.3,
		  "minY": 0.0,
          "maxY": 0.65,
          "chance": 0.5,

          "quantity": { "dist": "invexp", "avg": 4, "var": 20 },
          "offsetX": { "avg": 1, "var": 5 },
          "offsetZ": { "avg": 1, "var": 5 }
        },
        "file": "game:worldgen/blockpatches/flower.json",
        "side": "server"
		},
    {
        "op": "addmerge",
        "path": "/-",
        "value": {
          "comment": "Varied Patches of Milk Thistle",
          "blockCodes": [
            "floralzonesmediterraneanregion:flower-silybummarianum-free"
          ],
          "minTemp": 8,
          "maxTemp": 18,
          "minRain": 0.09,
          "maxRain": 1,
		  "minFertility": 0.4,
		  "maxFertility": 1,
		  "minForest": 0,
		  "maxForest": 0.4,
		  "minY": 0,
          "maxY": 0.55,
          "chance": 0.2,

          "quantity": { "dist": "invexp", "avg": 10, "var": 5 },
          "offsetX": { "avg": 1, "var": 10 },
          "offsetZ": { "avg": 1, "var": 10 }
        },
        "file": "game:worldgen/blockpatches/flower.json",
        "side": "server"
		},
    {
        "op": "addmerge",
        "path": "/-",
        "value": {
          "comment": "Varied Patches of Blue Throatwort",
          "blockCodes": [
            "floralzonesmediterraneanregion:flower-tracheliumcaeruleum-free"
          ],
          "minTemp": 10,
          "maxTemp": 16,
          "minRain": 0.34,
          "maxRain": 0.55,
		  "minFertility": 0.3,
		  "maxFertility": 1,
		  "minForest": 0.1,
		  "maxForest": 0.4,
		  "minY": 0.12,
          "maxY": 0.38,
          "chance": 0.4,

          "quantity": { "dist": "invexp", "avg": 4, "var": 2 },
          "offsetX": { "avg": 2, "var": 10 },
          "offsetZ": { "avg": 2, "var": 10 }
        },
        "file": "game:worldgen/blockpatches/flower.json",
        "side": "server"
		},
    {
        "op": "addmerge",
        "path": "/-",
        "value": {
          "comment": "Common Patches of Common Gorse",
          "blockCodes": [
            "floralzonesmediterraneanregion:flower-ulexeuropaeus-free"
          ],
          "minTemp": 4,
          "maxTemp": 13,
          "minRain": 0.24,
          "maxRain": 1,
		  "minFertility": 0,
		  "maxFertility": 1,
		  "minForest": 0.05,
		  "maxForest": 0.3,
		  "minY": 0,
          "maxY": 0.4,
          "chance": 0.01,

          "quantity": { "dist": "invexp", "avg": 14, "var": 5 },
          "offsetX": { "avg": 4, "var": 30 },
          "offsetZ": { "avg": 4, "var": 30 }
        },
        "file": "game:worldgen/blockpatches/flower.json",
        "side": "server"
		},
    {
        "op": "addmerge",
        "path": "/-",
        "value": {
          "comment": "Large Patches of Common Gorse",
          "blockCodes": [
            "floralzonesmediterraneanregion:flower-ulexeuropaeus-free"
          ],
          "minTemp": 4,
          "maxTemp": 13,
          "minRain": 0.30,
          "maxRain": 1,
		  "minFertility": 0.25,
		  "maxFertility": 1,
		  "minForest": 0.05,
		  "maxForest": 0.3,
		  "minY": 0,
          "maxY": 0.3,
          "chance": 0.2,

          "quantity": { "dist": "invexp", "avg": 14, "var": 5 },
          "offsetX": { "avg": 4, "var": 30 },
          "offsetZ": { "avg": 4, "var": 30 }
        },
        "file": "game:worldgen/blockpatches/flower.json",
        "side": "server"
		}
]