{
	"code": "chelonioidea",
	"class": "EntityFish",
	"tags": ["animal", "huntable", "habitat-water"],
	"variantgroups": [
		{ "code": "age", "states": ["baby"] },
		{ "code": "gender", "states": ["male", "female"] },
		{ "code": "species", "states": ["carettacaretta", "cheloniamydas", "dermochelyscoriacea","eretmochelysimbricata","lepidochelyskempii","lepidochelysolivacea","natatordepressus" ] }
	],
	"hitBoxSizeByType": {
		"*-baby-*": { "x": 0.1,"y": 0.03}
	},
	"deadhitBoxSizeByType": {
		"*-baby-*": { "x": 0.1,"y": 0.03}
	},
	"eyeHeightByType": {
		"*-baby-*": 0.1,
		"*": 0.6
	},
	"weightByType": {
		"*-baby-*": 0.1
	},	
	"knockbackResistanceByType": {
		"*-baby-*": 0.1
	},	
	"drops": [],
	"habitat":"Underwater",
	"attributes": {
		"killedByInfoText": "deadcreature-killed",
		"trappableByType": {
			"*": {
				"small": { "trapChance": 0.9,	"trapDestroyChance": 0.05 },
				"large": { "trapChance": 0.99,	"trapDestroyChance": 0.0 }
			}
		},
		"creatureDietByType": {
			"*-dermochelyscoriacea":{
			"weightedFoodTags": [
				{ "weight": 0.9, "code": "fish" },
				{ "weight": 0.9, "code": "insect" }
			]
		},
			"*":{
			"foodCategories": ["Vegetable"],
			"weightedFoodTags": [
				{ "weight": 0.3, "code": "fish" },
				{ "weight": 0.5, "code": "grass" },
				{ "weight": 0.9, "code": "nibbleCrop" },
				{ "weight": 0.9, "code": "tastyvegetable" }
			]
		}},
		"handbook": {
			"groupcode": "creaturegroup-chelonioidea"
		}
	},
	"client": {
		"renderer": "Shape",
		"shapeByType": {
			"*-baby-*": { "base": "entity/water/chelonioidea/carettacaretta-baby" }
		},
		"textureByType": { 
			"*-baby-*-lepidochelyskempii": { "base": "entity/chelonioidea/lepidochelysolivacea-{age}" },   
			"*": { "base": "entity/chelonioidea/{species}-{age}" }   
		},
		"sizeByType": {
			"*-baby-*": 0.2
		},
		"behaviors": [
			{ "code": "repulseagents" },
			{ "code": "controlledphysics","stepHeightByType": {"*": 1.1251}},
			{ "code": "interpolateposition" },
			{ "code": "floatupwhenstuck", "onlyWhenDead": true },
			{ "code": "harvestable","quantitySlots": 8 },
			{ "code": "multiply", "enabledByType": { "*-adult-female-*": true, "*": false } },
			{ "code": "despawn", "minPlayerDistance": 16, "belowLightLevel": 1, "minSeconds": 300 }
		],
		"animations": [
			{
				"code": "hurt",
				"animation": "Hurt",
				"animationSpeed": 2.2,
				"weight": 10,
				"blendMode": "AddAverage"
			},
			{
				"code": "die",
				"animation": "Die",
				"weight": 10,
				"blendMode": "Average",
				"triggeredBy": { "onControls": [ "dead" ] }
			},
			{
				"code": "idle",
				"animation": "Idle",
				"blendMode": "AddAverage",
				"easeOutSpeed": 4,
				"animationSpeed": 0.25,
				"triggeredBy": { "defaultAnim": true }
			},
			{
				"code": "idle-land",
				"animation": "Idle-Land",
				"blendMode": "AddAverage",
				"easeOutSpeed": 4,
				"animationSpeed": 0.25
			},
			{
				"code": "sleep",
				"animation": "Sleep",
				"easeInSpeed": 4,
				"easeOutSpeed": 4,
				"animationSpeed": 0.1,
				"blendMode": "Average"
			},
			{
				"code": "eat",
				"animation": "Eat",
				"easeInSpeed": 4,
				"easeOutSpeed": 4,
				"blendMode": "AddAverage"
			},
			{
				"code": "walk",
				"animation": "Walk",
				"supressDefaultAnimation": true,
				"animationSpeed": 1,
				"blendMode": "Average"
			},
			{
				"code": "swim",
				"animation": "Swim",
				"supressDefaultAnimation": true,
				"animationSpeed": 1,
				"blendMode": "Average"
			},
			{
				"code": "swimfast",
				"animation": "Swimfast",
				"supressDefaultAnimation": true,
				"animationSpeed": 1.0,
				"blendMode": "Average"
			}
		]
	},
	"server": {
		"attributes": {
			"pathfinder": {
				"minTurnAnglePerSec": 15,
				"maxTurnAnglePerSec": 45
			}
		},
		"behaviors": [
			{ "code": "repulseagents" },
      { "code": "controlledphysics","stepHeightByType": {"*": 1.1251 }},
			{"code": "despawn","minPlayerDistance": 8,"belowLightLevel": 1,"minSeconds": 300},
			{"code": "health",
				"currenthealthByType": {
				"chelonioidea-baby-*": 2
				},
				"maxhealthByType": {
				"chelonioidea-baby-*": 2
				}
			},
			{
				"code": "deaddecay",
				"hoursToDecay": 96,
				"decayedBlockByType": {
					"*-adult-*": "carcass-small"
				}
			},
			{
				"code": "floatupwhenstuck",
				"onlyWhenDead": true
			},
			{
				"code": "harvestable","quantitySlots": 8,
				"drops": [
				]
			},
			{ 
				"code": "grow", 
				"hoursToGrowByType": {"*-carettacaretta":2980,"*-cheloniamydas": 4558, "*-dermochelyscoriacea": 2100, "*-eretmochelysimbricata": 3500, "*-lepidochelyskempii": 1750, "*-lepidochelysolivacea": 1750, "*-natatordepressus": 1750},
				"adultEntityCodesByType": {"*-baby-male-*": ["chelonioidea:chelonioidea-adult-male-{species}"],"*-baby-female-*": ["chelonioidea:chelonioidea-adult-female-{species}"]
				}
			},
			{
				"code": "emotionstates",
				"states": [
					{"code": "fleeondamage","whenHealthRelBelow": 0.5,"duration": 60,"chanceByType": {"*": 1.0},"slot": 0,"priority": 5,"accumType": "max"},
					{"code": "fleeondamage","duration": 40,"chanceByType": {"*-adult-*": 0.75,"*": 1.0},"slot": 0,"priority": 1,"accumType": "max"},
					{"code": "alarmherdondamage","chance": 1,"slot": 1,"priority": 1,"accumType": "max"},
					{"code": "aggressiveondamage","whenHealthRelBelow": 0.75,"duration": 30,"chanceByType": {"*-baby-*": 0.0,"*-adult-*": 0.25},"slot": 0,"priority": 2,"accumType": "noaccum"},
					{"code": "saturated","duration": 1200,"chance": 1,"slot": 0,"priority": 1,"accumType": "sum"}]
			},
			{
				"code": "taskai",
				"aitasks": [
					{
						"code": "fishoutofwater", 
						"animation": "walk",
						"priority": 3.5, 
						"priorityForCancel": 3.6,
						"movespeed": 0.005,
						"animationSpeed": 1
					},
					{
						"code": "fleeentity",
						"animation": "Swimfast",
						"entityCodesByType": {
							"*": [ "bear-*", "hyena-male", "hyena-female", "wolf-male", "wolf-female","bovinae-adult-*", "cetacea-adult-*", "caninae-canina-adult-*","diprotodontidae-adult-*","elephantidae-adult-*","hyaenidae-adult-*","machairodontinae-adult*", "pantherinae-panthera-adult*","rhinocerotidae-adult-*","thylacoleonidae-adult-*", "ursidae-adult-*"]},
						"priority": 1.51,
						"movespeedByType": {
							"*": 0.006
						},
						"animationSpeedByType": {
							"*-baby-*": 1.6
						},
						"seekingRange": 5
					},
					{
						"code": "idle",
						"animation": "Idle",
						"priority": 0.9,
						"minduration": 1600,
						"maxduration": 4500,
						"mincooldown": 6000,
						"maxcooldown": 120000,
						"priorityForCancel": 1.28,
						"stopOnNearbyEntityCodes": [ "player", "bear-*", "hyena-male", "hyena-female", "wolf-male", "wolf-female", "caninae-*","felinae-*","hyaenidae-*","machairodontinae-*", "pantherinae-*","thylacoleonidae-*", "ursidae-*" ],
						"stopRange": 5,
						"stopOnHurt": true,
						"animationSpeed": 0.25
					},
					{
						"code": "idle",
						"animation": "Sleep",
						"priority": 1.38,
						"minduration": 200000,
						"maxduration": 800000,
						"mincooldown": 1000000,
						"maxcooldown": 3000000,
						"whenNotInEmotionState": "aggressiveondamage",
						"duringDayTimeFramesByType": {
							"*": [{"fromHour": 0,"toHour": 24}]
						},
						"stopOnNearbyEntityCodes": [ "player", "bear-*", "hyena-male", "hyena-female", "wolf-male", "wolf-female", "caninae-*","felinae-*","hyaenidae-*","machairodontinae-*", "pantherinae-*","thylacoleonidae-*", "ursidae-*"  ],
						"stopRange": 2,
						"stopOnHurt": true,
						"animationSpeed": 0.1
					},
					{
						"code": "idle",
						"animation": "Eat",
						"priority": 1.2,
						"priorityForCancel": 1.35,
						"stopOnNearbyEntityCodes": [  "player", "bear-*", "hyena-male", "hyena-female", "wolf-male", "wolf-female", "caninae-*","felinae-*","hyaenidae-*","machairodontinae-*", "pantherinae-*","thylacoleonidae-*", "ursidae-*" ],
						"minduration": 2667,
						"maxduration": 2667,
						"mincooldown": 6000,
						"maxcooldown": 20000,
						"chance": 0.1,
						"animationSpeed": 0.4
					},
					{
						"code": "wander",
						"animation": "Walk",
						"enabledByType": {"*": false},
						"priority": 1.0,
						"priorityForCancel": 1.35,
						"stopOnNearbyEntityCodes": [ "player", "bear-*", "hyena-male", "hyena-female", "wolf-male", "wolf-female", "caninae-*","felinae-*","hyaenidae-*","machairodontinae-*", "pantherinae-*","thylacoleonidae-*", "ursidae-*"  ],
						"movespeedByType": {
							"*-baby-*": 0.0001,
							"*": 0.006
						},
						"animationSpeedByType": {
							"*-baby-*": 1.6
						},
						"preferredLightLevel": 22,
						"whenSwimming": false
					},
					{
						"code": "wander",
						"animation": "Swim",
						"priority": 1.0,
						"priorityForCancel": 1.35,
						"stopOnNearbyEntityCodes": [ "player", "bear-*", "hyena-male", "hyena-female", "wolf-male", "wolf-female", "caninae-*","felinae-*","hyaenidae-*","machairodontinae-*", "pantherinae-*","thylacoleonidae-*", "ursidae-*"  ],
						"movespeedByType": {
							"*": 0.004
						},
						"animationSpeedByType": {
							"*-baby-*": 1.6
						},
						"preferredLightLevel": 22
					},
					{
						"code": "wander",
						"animation": "Swimfast",
						"priority": 1.0,
						"priorityForCancel": 1.35,
						"stopOnNearbyEntityCodes": [ "player", "bear-*", "hyena-male", "hyena-female", "wolf-male", "wolf-female", "caninae-*","felinae-*","hyaenidae-*","machairodontinae-*", "pantherinae-*","thylacoleonidae-*", "ursidae-*"  ],
						"wanderChance": 0.01,
						"movespeedByType": {
							"*": 0.008
						},
						"animationSpeedByType": {
							"*-baby-*": 3.2
						},
						"preferredLightLevel": 22
					},
					{
						"code": "seekfoodandeat",
						"animation": "Swim",
						"eatAnimation": "Eat",
						"movespeedByType": {
							"*": 0.004
						},
						"animationSpeedByType": {
							"*-baby-*": 1.6
						},
						"priority": 1.25,
						"eatSoundByType": {
							"*": "game:creature/animal-eat-small"
						},
						"eatTime": 1.5,
						"eatLooseItems": true,
						"mincooldownHours": 1,
						"maxcooldownHours": 4
					},
					{
						"code": "lookaround",
						"animation": "Idle",
						"minduration": 3000,
						"maxduration": 3000,
						"priority": 0.5
					}
				]
			},
			{
				"code": "pettable",
				"minGeneration": 1
			},
			{
				"code": "ropetieable",
				"minGeneration": 2
			}
		],
		"spawnconditions": {
			"worldgen": {
			"requireSolidGround": false,
			"groupSizeByType": {
					"*": { "dist": "uniform", "avg": 6.0, "var": 5 }
			},
				"insideBlockCodesByType": {
					"*": [ "game:saltwater-*"]
				},
				"minLightLevel": 3,
			"companionsByType": {
				"*":["chelonioidea:chelonioidea-baby-female-{species}","chelonioidea:chelonioidea-baby-male-{species}"]}
		},
			"runtime": {
				"group": "neutral",
				"maxQuantity": 2,
				"requireSolidGround": false,
				"chanceByType": {
					"*-baby-female-carettacaretta": 0.00002, "*-baby-male-carettacaretta": 0.00002,
					"*-baby-female-cheloniamydas": 0.00002, "*-baby-male-cheloniamydas": 0.00002,
					"*-baby-female-dermochelyscoriacea": 0.00002,"*-baby-male-dermochelyscoriacea": 0.00002,
					"*-baby-female-eretmochelysimbricata": 0.00002, "*-baby-male-eretmochelysimbricata": 0.00002,
					"*-baby-female-lepidochelyskempii": 0.00002, "*-baby-male-lepidochelyskempii": 0.00002,
					"*-baby-female-lepidochelysolivacea": 0.00002, "*-baby-male-lepidochelysolivacea": 0.00002,
					"*-baby-female-natatordepressus": 0.00002, "*-baby-male-natatordepressus": 0.00002,
					"*": 0.0
				},
				"mindistancetoplayer": 20,
				"minLightLevel": 3,
				"spawnCapPlayerScaling": 0.0,	
				"groupSizeByType": {
					"*": { "dist": "uniform", "avg": 6.0, "var": 5 }
				},
				"insideBlockCodesByType": {
					"*": [ "game:saltwater-*"]
				},
				"companionsByType": {
				"*":["chelonioidea:chelonioidea-baby-female-{species}","chelonioidea:chelonioidea-baby-male-{species}"]}
			}
		},
		"spawnconditionsByType": {
			"chelonioidea-baby-*-carettacaretta": {
				"climate": {
					"minTemp": 10,
					"maxTemp": 40,
					"minY": 0.5,
					"maxY": 0.98					
				},
				"worldgen": {
					"triesPerChunk": { "avg": 0.0001, "var": 0}
				},
				"runtime": {
					"maxQuantityByGroup": { "code": "chelonioidea-*", "maxQuantity": 2 }
				}
			},
			"chelonioidea-baby-*-cheloniamydas": {
				"climate": {
					"minTemp": 6,
					"maxTemp": 40,
					"minY": 0.5,
					"maxY": 0.98					
				},
				"worldgen": {
					"triesPerChunk": { "avg": 0.0001, "var": 0}
				},
				"runtime": {
					"maxQuantityByGroup": { "code": "chelonioidea-*", "maxQuantity": 2 }
				}
			},
			"chelonioidea-baby-*-dermochelyscoriacea": {
				"climate": {
					"minTemp": 8,
					"maxTemp": 40,
					"minY": 0.5,
					"maxY": 0.98			
				},
				"worldgen": {
					"triesPerChunk": { "avg": 0.0001, "var": 0}
				},
				"runtime": {
					"maxQuantityByGroup": { "code": "chelonioidea-*", "maxQuantity": 2 }
				}
			},
			"chelonioidea-baby-*-eretmochelysimbricata": {
				"climate": {
					"minTemp": 12,
					"maxTemp": 40,
					"minY": 0.5,
					"maxY": 0.98				
				},
				"worldgen": {
					"triesPerChunk": { "avg": 0.0001, "var": 0}
				},
				"runtime": {
					"maxQuantityByGroup": { "code": "chelonioidea-*", "maxQuantity": 2 }
				}
			},
			"chelonioidea-baby-*-lepidochelyskempii": {
				"climate": {
					"minTemp": 4,
					"maxTemp": 40,
					"minY": 0.5,
					"maxY": 0.98					
				},
				"worldgen": {
					"triesPerChunk": { "avg": 0.0001, "var": 0}
				},
				"runtime": {
					"maxQuantityByGroup": { "code": "chelonioidea-*", "maxQuantity": 2 }
				}
			},
			"chelonioidea-baby-*-lepidochelysolivacea": {
				"climate": {
					"minTemp": 10,
					"maxTemp": 40,
					"minY": 0.5,
					"maxY": 0.98					
				},
				"worldgen": {
					"triesPerChunk": { "avg": 0.0001, "var": 0}
				},
				"runtime": {
					"maxQuantityByGroup": { "code": "chelonioidea-*", "maxQuantity": 2 }
				}
			},
			"chelonioidea-baby-*-natatordepressus": {
				"climate": {
					"minTemp": 12,
					"maxTemp": 40,
					"minY": 0.5,
					"maxY": 0.98					
				},
				"worldgen": {
					"triesPerChunk": { "avg": 0.0001, "var": 0}
				},
				"runtime": {
					"maxQuantityByGroup": { "code": "chelonioidea-*", "maxQuantity": 2 }
				}
			}
		}
	}
}