[
  {
    "side": "Server",
    "dependsOn": [{ "modid": "combatoverhaul" }],
    "file": "meiolaniidae:entities/land/meiolaniidae",
    "op": "add",
    "path": "/client/behaviors/-",
    "value": {
      "code": "CombatOverhaul:EntityColliders",
      "elementsByType": {
        "*": {
          "Torso": ["Shell Belly", "Shell Back", "Shell Back Slope", "Shell Front", "L Shell slope", "R Shell slope"],
          "Head": ["Head","Jaw"],
          "Arm": ["L Forearm","L Lowerarm","L Hand","R Forearm","R Lowerarm","R Hand"],
          "Leg": ["L Thigh", "L Lowerleg","L Foot","R Thigh", "R Lowerleg","R Foot"],
          "Critical": ["Neck2"],
          "Resistant": []
        }
      }
    }
  },
  {
    "side": "Server",
    "dependsOn": [{ "modid": "combatoverhaul" }],
    "file": "meiolaniidae:entities/land/meiolaniidae",
    "op": "add",
    "path": "/server/behaviors/-",
    "value": {
      "code": "CombatOverhaul:EntityColliders",
      "elementsByType": {
        "*": {
          "Torso": ["Shell Belly", "Shell Back", "Shell Back Slope", "Shell Front", "L Shell slope", "R Shell slope"],
          "Head": ["Head","Jaw"],
          "Arm": ["L Forearm","L Lowerarm","L Hand","R Forearm","R Lowerarm","R Hand"],
          "Leg": ["L Thigh", "L Lowerleg","L Foot","R Thigh", "R Lowerleg","R Foot"],
          "Critical": ["Neck2"],
          "Resistant": []
        }
      }
    }
  },
  {
    "side": "Server",
    "dependsOn": [{ "modid": "combatoverhaul" }],
    "file": "meiolaniidae:entities/land/meiolaniidae",
    "op": "add",
    "path": "/server/behaviors/-",
    "value": {
      "code": "CombatOverhaul:EntityDamageModel",
      "damageModel": {
        "TorsoDamageMultiplier": 0.1,
        "LimbsDamageMultiplier": 0.75,
        "HeadDamageMultiplier": 1.5,
        "CriticalDamageMultiplier": 2,
        "DefaultResists": {"BluntAttack": 0, "SlashingAttack": 0, "PiercingAttack": 0}
      }
    }
  },
  {
    "side": "Server",
    "dependsOn": [{ "modid": "combatoverhaul" }],
    "file": "meiolaniidae:entities/land/meiolaniidae",
    "op": "add",
    "path": "/client/behaviors/-",
    "value": {
      "code": "CombatOverhaul:EntityDamageModel",
      "damageModel": {
        "TorsoDamageMultiplier": 0.1,
        "LimbsDamageMultiplier": 0.75,
        "HeadDamageMultiplier": 1.5,
        "CriticalDamageMultiplier": 2,
        "DefaultResists": {"BluntAttack": 0, "SlashingAttack": 0, "PiercingAttack": 0}
      }
    }
  }
]