{
    "code": "rawdecoratedstoragevessel",
    "classByType": {
        "*": "Block"
    },
    "behaviorsByType": {
        "*": [
            {
                "name": "GroundStorable",
                "properties": { "layout": "SingleCenter" }
            },
            {
                "name": "Unplaceable",
                "__comment": "The ground storable obsoletes this being a block. Should be an item, but is kept a block for backwards compatibility"
            },
            { "name": "RightClickPickup" }
        ]
    },
    "entityBehaviorsByType": {
        "*": []
    },
    "variantgroups": [
        {
            "code": "type",
            "states": [ "ashforest", "chthonic", "copper", "earthen", "rain", "cowrie", "rime", "oxblood", "loam", "undergrowth", "beehive", "harvest", "honeydew", "rutile", "seasalt", "springflowers", "volcanic" ]
        }
    ],

    "shapeByType": {
        "*-ashforest": {
            "base": "aldiclasses:block/clay/storagevessel/storagevesselashforest"
        },
        "*-chthonic": {
            "base": "aldiclasses:block/clay/storagevessel/storagevesselchthonic"
        },
        "*-copper": {
            "base": "aldiclasses:block/clay/storagevessel/storagevesselcopper"
        },
        "*-earthen": {
            "base": "aldiclasses:block/clay/storagevessel/storagevesselearthen"
        },
        "*-rain": {
            "base": "aldiclasses:block/clay/storagevessel/storagevesselrain"
        },
        "*-cowrie": {
            "base": "aldiclasses:block/clay/storagevessel/storagevesselcowrie"
        },
        "*-rime": {
            "base": "aldiclasses:block/clay/storagevessel/storagevesselrime"
        },
        "*-oxblood": {
            "base": "aldiclasses:block/clay/storagevessel/storagevesseloxblood"
        },
        "*-loam": {
            "base": "aldiclasses:block/clay/storagevessel/storagevesselloam"
        },
        "*-undergrowth": {
            "base": "aldiclasses:block/clay/storagevessel/storagevesselundergrowth"
        },
        "*-beehive": {
            "base": "aldiclasses:block/clay/storagevessel/storagevesselbeehive"
        },
        "*-harvest": {
            "base": "aldiclasses:block/clay/storagevessel/storagevesselharvest"
        },
        "*-honeydew": {
            "base": "aldiclasses:block/clay/storagevessel/storagevesselhoneydew"
        },
        "*-rutile": {
            "base": "aldiclasses:block/clay/storagevessel/storagevesselrutile"
        },
        "*-seasalt": {
            "base": "aldiclasses:block/clay/storagevessel/storagevesselseasalt"
        },
        "*-springflowers": {
            "base": "aldiclasses:block/clay/storagevessel/storagevesselspringflowers"
        },
        "*-volcanic": {
            "base": "aldiclasses:block/clay/storagevessel/storagevesselvolcanic"
        },
        "*": {
            "base": "aldiclasses:block/clay/storagevessel/storagevessel"
        }

    },

        "texturesByType": {
            "*": {
                "normal-ceramic": { "base": "game:block/clay/ceramic" },
                "normal-top": { "base": "game:block/clay/vessel/top/{type}" },
                "normal-sides": { "base": "aldiclasses:block/clay/vessel/sides/{type}" },
                "normal-inside": { "base": "game:block/clay/vessel/inside/{type}" }
            }
        },
        "attributes": {

            "shape": {
                "normal": "game:block/clay/storagevessel"
            },
            "variantByGroup": "type",
            "variantByGroupInventory": "type",
            "openSound": "game:sounds/block/vesselopen",
            "closeSound": "game:sounds/block/vesselclose"
        },
        "blockmaterial": "Ceramic",
        "creativeinventory": {},
        "creativeinventoryStacksByType": {
            "*": [
                {
                    "tabs": [ "general", "decorative" ],
                    "stacks": [
                        {
                            "type": "block",
                            "code": "aldiclasses:rawdecoratedstoragevessel-{type}",
                            "attributes": { "type": "normal" }
                        }
                    ]
                }
            ]
        },
        "replaceable": 1000,
        "resistance": 0.8,
        "maxStackSize": 4,
        "sideAo": { "all": false },
        "lightAbsorption": 0,
        "sounds": {
            "walk": "game:walk/stone",
            "break": "game:block/ceramicplace",
            "hit": "game:block/ceramichit",
            "place": "game:block/ceramicplace"
        },
        "sideopaque": {
            "all": false
        },
        "sidesolid": {
            "all": false
        },
        "collisionSelectionBox": {
            "x1": 0.125,
            "y1": 0,
            "z1": 0.125,
            "x2": 0.875,
            "y2": 1,
            "z2": 0.875
        },
        "heldTpIdleAnimation": "holdunderarm",
        "combustiblePropsByType": {
            "*": {
                "meltingPoint": 600,
                "meltingDuration": 45,
                "smeltedRatio": 1,
                "smeltingType": "fire",
                "smeltedStack": {
                    "type": "block",
                    "code": "game:storagevessel-{type}",
                    "attributes": { "type": "normal" }
                },
                "requiresContainer": false
            }
        },
        "guiTransform": {
            "scale": 1.25
        },
        "tpHandTransform": {
            "translation": {
                "x": -1,
                "y": -0.5,
                "z": -0.5
            },
            "rotation": {
                "x": 25,
                "y": -20,
                "z": -99
            },
            "scale": 0.56
        }
    }