﻿[
    // Draconis
    {
        "side": "server",
        "file": "draconis:entities/dragon",
        "op": "add",
        "path": "/server/behaviors/-",
        "value": {
            "code": "EntityFootprintsBehaviorSync",
            "attributes": {
                "texture": "dragon",
                "stepDistance": 1.2
            }
        }
    },
    {
        "side": "server",
        "file": "draconis:entities/dragon",
        "op": "add",
        "path": "/client/behaviors/-",
        "value": {
            "code": "EntityFootprintsBehavior",
            "attributes": {
                "texture": "dragon",
                "stepDistance": 1.2
            }
        }
    },
    {
        "side": "server",
        "file": "draconis:entities/wyvern",
        "op": "add",
        "path": "/server/behaviors/-",
        "value": {
            "code": "EntityFootprintsBehaviorSync",
            "attributes": {
                "texture": "dragon",
                "stepDistance": 1.2
            }
        }
    },
    {
        "side": "server",
        "file": "draconis:entities/wyvern",
        "op": "add",
        "path": "/client/behaviors/-",
        "value": {
            "code": "EntityFootprintsBehavior",
            "attributes": {
                "texture": "dragon",
                "stepDistance": 1.2
            }
        }
    }
]