{
	"editor": {
		"allAngles": true,
		"entityTextureMode": true
	},
	"textureWidth": 64,
	"textureHeight": 52,
	"textureSizes": {
		"skin": [64,52]
	},
	"textures": {
	},
	"elements": [
		{
			"name": "Body",
			"from": [ 3.0, 0.0, 4.5 ],
			"to": [ 10.0, 1.0, 11.5 ],
			"unwrapMode": 7,
			"autoUnwrap": false,
			"uv": [ 0.5, 8.0 ],
			"rotationOrigin": [ 4.0, 1.0, 8.0 ],
			"faces": {
				"north": { "texture": "#skin", "uv": [ 17.0, 16.5, 18.0, 23.5 ], "rotation": 90 },
				"east": { "texture": "#skin", "uv": [ 29.0, 38.5, 36.0, 39.5 ] },
				"south": { "texture": "#skin", "uv": [ 9.0, 16.5, 10.0, 23.5 ], "rotation": 270 },
				"west": { "texture": "#skin", "uv": [ 36.5, 38.5, 43.5, 39.5 ] },
				"up": { "texture": "#skin", "uv": [ 10.0, 16.5, 17.0, 23.5 ], "rotation": 270 },
				"down": { "texture": "#skin", "uv": [ 26.0, 16.5, 33.0, 23.5 ], "rotation": 90 }
			},
			"children": [
				{
					"name": "Tail1",
					"from": [ 6.2, 0.1, 0.5 ],
					"to": [ 11.2, 1.1, 6.5 ],
					"unwrapMode": 7,
					"unwrapRotation": 1,
					"autoUnwrap": false,
					"uv": [ 2.5, 28.5 ],
					"rotationOrigin": [ 6.2, 1.0, 3.5 ],
					"rotationZ": 1.0,
					"faces": {
						"north": { "texture": "#skin", "uv": [ 16.5, 24.0, 17.5, 29.0 ], "rotation": 90 },
						"east": { "texture": "#skin", "uv": [ 44.0, 38.5, 50.0, 39.5 ] },
						"south": { "texture": "#skin", "uv": [ 9.5, 24.0, 10.5, 29.0 ], "rotation": 270 },
						"up": { "texture": "#skin", "uv": [ 10.5, 24.0, 16.5, 29.0 ], "rotation": 270 },
						"down": { "texture": "#skin", "uv": [ 24.5, 24.0, 30.5, 29.0 ], "rotation": 90 }
					},
					"children": [
						{
							"name": "Tail2",
							"from": [ 4.1, 0.1, 0.5 ],
							"to": [ 8.3, 1.1, 5.5 ],
							"unwrapMode": 7,
							"unwrapRotation": 1,
							"autoUnwrap": false,
							"uv": [ 5.0, 36.0 ],
							"rotationOrigin": [ 4.3, 1.0, 3.5 ],
							"rotationZ": -1.0,
							"faces": {
								"north": { "texture": "#skin", "uv": [ 16.0, 29.5, 17.0, 33.5 ], "rotation": 90 },
								"east": { "texture": "#skin", "uv": [ 1.0, 34.5, 6.0, 35.5 ] },
								"south": { "texture": "#skin", "uv": [ 10.0, 29.5, 11.0, 33.5 ], "rotation": 270 },
								"up": { "texture": "#skin", "uv": [ 11.0, 29.5, 16.0, 33.5 ], "rotation": 270 },
								"down": { "texture": "#skin", "uv": [ 23.0, 29.5, 28.0, 33.5 ], "rotation": 90 }
							},
							"children": [
								{
									"name": "Tail3",
									"from": [ 4.0, -0.1, 0.9 ],
									"to": [ 8.0, 0.9, 4.1 ],
									"unwrapMode": 7,
									"unwrapRotation": 1,
									"autoUnwrap": false,
									"uv": [ 8.0, 43.5 ],
									"rotationOrigin": [ 4.0, 0.4, 2.5 ],
									"rotationZ": -1.0,
									"faces": {
										"north": { "texture": "#skin", "uv": [ 15.0, 34.0, 16.0, 38.0 ], "rotation": 90 },
										"east": { "texture": "#skin", "uv": [ 6.5, 38.5, 9.5, 39.5 ] },
										"south": { "texture": "#skin", "uv": [ 11.0, 34.0, 12.0, 38.0 ], "rotation": 270 },
										"up": { "texture": "#skin", "uv": [ 12.0, 34.0, 15.0, 38.0 ], "rotation": 270 },
										"down": { "texture": "#skin", "uv": [ 20.0, 34.0, 23.0, 38.0 ], "rotation": 90 }
									},
									"children": [
										{
											"name": "Fluke Base",
											"from": [ 3.3, 0.1, 0.1 ],
											"to": [ 8.3, 1.1, 3.1 ],
											"unwrapMode": 7,
											"unwrapRotation": 1,
											"autoUnwrap": false,
											"uv": [ 10.0, 41.5 ],
											"rotationOrigin": [ 3.8, 0.9, 1.6 ],
											"rotationZ": 1.0,
											"faces": {
												"north": { "texture": "#skin", "uv": [ 15.0, 38.5, 16.0, 43.5 ], "rotation": 90 },
												"east": { "texture": "#skin", "uv": [ 0.5, 32.0, 3.5, 33.0 ], "windMode": [-1,-1,-1,-1] },
												"south": { "texture": "#skin", "uv": [ 11.0, 38.5, 12.0, 43.5 ], "rotation": 270 },
												"up": { "texture": "#skin", "uv": [ 12.0, 38.5, 15.0, 43.5 ], "rotation": 270 },
												"down": { "texture": "#skin", "uv": [ 17.0, 38.5, 20.0, 43.5 ], "rotation": 90 }
											},
											"children": [
												{
													"name": "LFluke1",
													"from": [ 1.5, -0.5, 2.9 ],
													"to": [ 5.1, 0.5, 7.1 ],
													"unwrapMode": 7,
													"unwrapRotation": 1,
													"uv": [ 47.5, 32.5 ],
													"rotationOrigin": [ 1.5, 0.2, 2.9 ],
													"rotationX": 1.0,
													"rotationY": 40.0,
													"rotationZ": -1.0,
													"faces": {
														"north": { "texture": "#skin", "uv": [ 52.5, 33.5, 53.5, 37.0 ], "rotation": 90 },
														"east": { "texture": "#skin", "uv": [ 48.5, 37.0, 52.5, 38.0 ] },
														"south": { "texture": "#skin", "uv": [ 47.5, 33.5, 48.5, 37.0 ], "rotation": 270 },
														"west": { "texture": "#skin", "uv": [ 48.5, 32.5, 52.5, 33.5 ], "rotation": 180 },
														"up": { "texture": "#skin", "uv": [ 48.5, 33.5, 52.5, 37.0 ], "rotation": 270 },
														"down": { "texture": "#skin", "uv": [ 53.5, 33.5, 57.5, 37.0 ], "rotation": 90 }
													},
													"children": [
														{
															"name": "LFluke2",
															"from": [ 0.1, 0.1, 3.7 ],
															"to": [ 3.1, 0.9, 6.7 ],
															"unwrapMode": 7,
															"unwrapRotation": 1,
															"uv": [ 40.0, 34.0 ],
															"rotationOrigin": [ 0.1, 0.1, 3.7 ],
															"rotationY": -5.0,
															"faces": {
																"north": { "texture": "#skin", "uv": [ 43.5, 34.5, 44.0, 37.5 ], "rotation": 90 },
																"east": { "texture": "#skin", "uv": [ 40.5, 37.5, 43.5, 38.0 ] },
																"south": { "texture": "#skin", "uv": [ 40.0, 34.5, 40.5, 37.5 ], "rotation": 270 },
																"west": { "texture": "#skin", "uv": [ 40.5, 34.0, 43.5, 34.5 ], "rotation": 180 },
																"up": { "texture": "#skin", "uv": [ 40.5, 34.5, 43.5, 37.5 ], "rotation": 270 },
																"down": { "texture": "#skin", "uv": [ 44.0, 34.5, 47.0, 37.5 ], "rotation": 90 }
															},
															"children": [
																{
																	"name": "LFluke3",
																	"from": [ 0.1, 0.1, 3.0 ],
																	"to": [ 2.6, 0.7, 5.0 ],
																	"unwrapMode": 7,
																	"unwrapRotation": 1,
																	"uv": [ 34.5, 34.0 ],
																	"rotationOrigin": [ 0.1, 0.1, 3.0 ],
																	"rotationY": 30.0,
																	"faces": {
																		"north": { "texture": "#skin", "uv": [ 37.0, 34.5, 37.5, 37.0 ], "rotation": 90 },
																		"east": { "texture": "#skin", "uv": [ 35.0, 37.0, 37.0, 37.5 ] },
																		"south": { "texture": "#skin", "uv": [ 34.5, 34.5, 35.0, 37.0 ], "rotation": 270 },
																		"west": { "texture": "#skin", "uv": [ 35.0, 34.0, 37.0, 34.5 ], "rotation": 180 },
																		"up": { "texture": "#skin", "uv": [ 35.0, 34.5, 37.0, 37.0 ], "rotation": 270 },
																		"down": { "texture": "#skin", "uv": [ 37.5, 34.5, 39.5, 37.0 ], "rotation": 90 }
																	}
																}
															]
														},
														{
															"name": "LFlukeEdge",
															"from": [ 2.1, 0.2, 4.1 ],
															"to": [ 5.2, 0.8, 5.6 ],
															"unwrapMode": 7,
															"unwrapRotation": 1,
															"uv": [ 30.0, 34.0 ],
															"rotationOrigin": [ 2.2, 0.2, 4.6 ],
															"rotationY": 55.0,
															"faces": {
																"north": { "texture": "#skin", "uv": [ 32.0, 34.5, 32.5, 37.5 ], "rotation": 90 },
																"east": { "texture": "#skin", "uv": [ 30.5, 37.5, 32.0, 38.0 ] },
																"south": { "texture": "#skin", "uv": [ 30.0, 34.5, 30.5, 37.5 ], "rotation": 270 },
																"west": { "texture": "#skin", "uv": [ 30.5, 34.0, 32.0, 34.5 ], "rotation": 180 },
																"up": { "texture": "#skin", "uv": [ 30.5, 34.5, 32.0, 37.5 ], "rotation": 270 },
																"down": { "texture": "#skin", "uv": [ 32.5, 34.5, 34.0, 37.5 ], "rotation": 90 }
															}
														}
													]
												},
												{
													"name": "RFluke1",
													"from": [ 1.4, -0.5, -4.2 ],
													"to": [ 5.0, 0.5, 0.0 ],
													"unwrapMode": 7,
													"unwrapRotation": 1,
													"uv": [ 1.0, 43.5 ],
													"rotationOrigin": [ 1.4, 0.2, 0.0 ],
													"rotationX": -1.0,
													"rotationY": -40.0,
													"rotationZ": -1.0,
													"faces": {
														"north": { "texture": "#skin", "uv": [ 6.0, 44.5, 7.0, 48.0 ], "rotation": 90, "windMode": [-1,-1,-1,-1] },
														"east": { "texture": "#skin", "uv": [ 2.0, 48.0, 6.0, 49.0 ] },
														"south": { "texture": "#skin", "uv": [ 1.0, 44.5, 2.0, 48.0 ], "rotation": 270, "windMode": [-1,-1,-1,-1] },
														"west": { "texture": "#skin", "uv": [ 2.0, 43.5, 6.0, 44.5 ], "rotation": 180 },
														"up": { "texture": "#skin", "uv": [ 2.0, 44.5, 6.0, 48.0 ], "rotation": 270 },
														"down": { "texture": "#skin", "uv": [ 7.0, 44.5, 11.0, 48.0 ], "rotation": 90 }
													},
													"children": [
														{
															"name": "RFluke2",
															"from": [ 0.1, 0.1, -2.5 ],
															"to": [ 3.1, 0.9, 0.5 ],
															"unwrapMode": 7,
															"unwrapRotation": 1,
															"uv": [ 11.5, 44.5 ],
															"rotationOrigin": [ 0.1, 0.1, 0.5 ],
															"rotationY": 5.0,
															"faces": {
																"north": { "texture": "#skin", "uv": [ 15.0, 45.0, 15.5, 48.0 ], "rotation": 90 },
																"east": { "texture": "#skin", "uv": [ 12.0, 48.0, 15.0, 48.5 ] },
																"south": { "texture": "#skin", "uv": [ 11.5, 45.0, 12.0, 48.0 ], "rotation": 270 },
																"west": { "texture": "#skin", "uv": [ 12.0, 44.5, 15.0, 45.0 ], "rotation": 180 },
																"up": { "texture": "#skin", "uv": [ 12.0, 45.0, 15.0, 48.0 ], "rotation": 270 },
																"down": { "texture": "#skin", "uv": [ 15.5, 45.0, 18.5, 48.0 ], "rotation": 90 }
															},
															"children": [
																{
																	"name": "RFluke3",
																	"from": [ 0.1, 0.1, -2.0 ],
																	"to": [ 2.6, 0.7, 0.0 ],
																	"unwrapMode": 7,
																	"unwrapRotation": 1,
																	"uv": [ 19.0, 44.5 ],
																	"rotationOrigin": [ 0.1, 0.1, 0.1 ],
																	"rotationY": -30.0,
																	"faces": {
																		"north": { "texture": "#skin", "uv": [ 21.5, 45.0, 22.0, 47.5 ], "rotation": 90 },
																		"east": { "texture": "#skin", "uv": [ 19.5, 47.5, 21.5, 48.0 ] },
																		"south": { "texture": "#skin", "uv": [ 19.0, 45.0, 19.5, 47.5 ], "rotation": 270 },
																		"west": { "texture": "#skin", "uv": [ 19.5, 44.5, 21.5, 45.0 ], "rotation": 180 },
																		"up": { "texture": "#skin", "uv": [ 19.5, 45.0, 21.5, 47.5 ], "rotation": 270 },
																		"down": { "texture": "#skin", "uv": [ 22.0, 45.0, 24.0, 47.5 ], "rotation": 90 }
																	}
																}
															]
														},
														{
															"name": "RFlukeEdge",
															"from": [ 2.1, 0.2, -1.4 ],
															"to": [ 5.2, 0.8, 0.1 ],
															"unwrapMode": 7,
															"unwrapRotation": 1,
															"uv": [ 24.5, 44.0 ],
															"rotationOrigin": [ 2.2, 0.2, -0.4 ],
															"rotationY": -55.0,
															"faces": {
																"north": { "texture": "#skin", "uv": [ 26.5, 44.5, 27.0, 47.5 ], "rotation": 90 },
																"east": { "texture": "#skin", "uv": [ 25.0, 47.5, 26.5, 48.0 ] },
																"south": { "texture": "#skin", "uv": [ 24.5, 44.5, 25.0, 47.5 ], "rotation": 270 },
																"west": { "texture": "#skin", "uv": [ 25.0, 44.0, 26.5, 44.5 ], "rotation": 180 },
																"up": { "texture": "#skin", "uv": [ 25.0, 44.5, 26.5, 47.5 ], "rotation": 270 },
																"down": { "texture": "#skin", "uv": [ 27.0, 44.5, 28.5, 47.5 ], "rotation": 90 }
															}
														}
													]
												}
											]
										}
									]
								}
							]
						},
						{
							"name": "Dorsal Fin",
							"from": [ 1.0, 0.9, 2.4 ],
							"to": [ 2.1, 2.9, 3.6 ],
							"unwrapMode": 5,
							"unwrapRotation": 1,
							"autoUnwrap": false,
							"uv": [ 48.0, 19.0 ],
							"rotationOrigin": [ 1.0, 0.9, 2.4 ],
							"rotationZ": -10.0,
							"faces": {
								"north": { "texture": "#skin", "uv": [ 48.0, 21.0, 50.0, 22.0 ], "rotation": 270 },
								"east": { "texture": "#skin", "uv": [ 53.0, 17.0, 54.0, 19.0 ] },
								"south": { "texture": "#skin", "uv": [ 51.0, 21.0, 53.0, 22.0 ], "rotation": 90 },
								"west": { "texture": "#skin", "uv": [ 54.5, 17.0, 55.5, 19.0 ] },
								"up": { "texture": "#skin", "uv": [ 50.0, 21.0, 51.0, 22.0 ], "rotation": 90 }
							},
							"children": [
								{
									"name": "DorsalFinFront",
									"from": [ -2.1, -0.2, 0.1 ],
									"to": [ -0.6, 2.8, 1.1 ],
									"unwrapMode": 3,
									"autoUnwrap": false,
									"uv": [ 50.0, 22.5 ],
									"rotationOrigin": [ -2.1, -0.2, 0.1 ],
									"rotationZ": -44.0,
									"faces": {
										"north": { "texture": "#skin", "uv": [ 48.5, 22.5, 50.0, 25.5 ] },
										"south": { "texture": "#skin", "uv": [ 51.0, 22.5, 52.5, 25.5 ] },
										"west": { "texture": "#skin", "uv": [ 50.0, 22.5, 51.0, 25.5 ] }
									}
								},
								{
									"name": "DosalFinBack",
									"from": [ 2.5, 1.2, 0.1 ],
									"to": [ 4.0, 3.7, 1.1 ],
									"unwrapMode": 2,
									"uv": [ 48.5, 17.0 ],
									"rotationOrigin": [ 4.0, 0.2, 0.1 ],
									"rotationZ": 59.0,
									"faces": {
										"north": { "texture": "#skin", "uv": [ 51.0, 17.0, 52.5, 19.5 ] },
										"east": { "texture": "#skin", "uv": [ 50.0, 17.0, 51.0, 19.5 ] },
										"south": { "texture": "#skin", "uv": [ 48.5, 17.0, 50.0, 19.5 ] }
									}
								}
							]
						}
					]
				},
				{
					"name": "Neck1",
					"from": [ -5.0, -0.1, 0.2 ],
					"to": [ 0.4, 0.9, 6.8 ],
					"unwrapMode": 7,
					"unwrapRotation": 1,
					"autoUnwrap": false,
					"uv": [ 2.0, 4.5 ],
					"rotationOrigin": [ 0.0, 1.0, 3.5 ],
					"rotationZ": -1.0,
					"faces": {
						"north": { "texture": "#skin", "uv": [ 17.0, 11.0, 18.0, 16.0 ], "rotation": 90 },
						"south": { "texture": "#skin", "uv": [ 9.5, 11.0, 10.5, 16.0 ], "rotation": 270 },
						"west": { "texture": "#skin", "uv": [ 30.0, 3.5, 36.5, 4.5 ], "windMode": [-1,-1,-1,-1] },
						"up": { "texture": "#skin", "uv": [ 10.5, 11.0, 17.0, 16.0 ], "rotation": 270 },
						"down": { "texture": "#skin", "uv": [ 24.0, 11.0, 30.5, 16.0 ], "rotation": 90 }
					},
					"children": [
						{
							"name": "Neck2",
							"from": [ -1.5, 0.1, 0.3 ],
							"to": [ 0.5, 1.1, 6.3 ],
							"unwrapMode": 7,
							"unwrapRotation": 1,
							"autoUnwrap": false,
							"uv": [ 5.0, 3.0 ],
							"rotationOrigin": [ 0.5, 1.0, 3.3 ],
							"rotationZ": -1.0,
							"faces": {
								"north": { "texture": "#skin", "uv": [ 17.0, 8.5, 18.0, 10.5 ], "rotation": 90 },
								"south": { "texture": "#skin", "uv": [ 10.0, 8.5, 11.0, 10.5 ], "rotation": 270 },
								"west": { "texture": "#skin", "uv": [ 1.0, 2.0, 7.0, 3.0 ] },
								"up": { "texture": "#skin", "uv": [ 11.0, 8.5, 17.0, 10.5 ], "rotation": 270 },
								"down": { "texture": "#skin", "uv": [ 23.0, 8.5, 29.0, 10.5 ], "rotation": 90 }
							},
							"attachmentpoints": [
								{
									"code": "rope",
									"posX": "0.0","posY": "0.0","posZ": "3.0",
									"rotationX": "0.0","rotationY": "0.0","rotationZ": "0.0"
								}
							]
						},
						{
							"name": "R Shoulder",
							"from": [ 0.5, -1.6, -0.4 ],
							"to": [ 3.0, 1.4, 0.6 ],
							"unwrapMode": 1,
							"uv": [ 46.5, 1.0 ],
							"rotationOrigin": [ 1.5, 0.4, 0.1 ],
							"rotationX": 90.0,
							"faces": {
								"north": { "texture": "#skin", "uv": [ 47.5, 2.0, 50.0, 5.0 ] },
								"east": { "texture": "#skin", "uv": [ 46.5, 2.0, 47.5, 5.0 ] },
								"south": { "texture": "#skin", "uv": [ 51.0, 2.0, 53.5, 5.0 ] },
								"west": { "texture": "#skin", "uv": [ 50.0, 2.0, 51.0, 5.0 ] },
								"up": { "texture": "#skin", "uv": [ 47.5, 1.0, 50.0, 2.0 ], "rotation": 180 },
								"down": { "texture": "#skin", "uv": [ 47.5, 5.0, 50.0, 6.0 ] }
							},
							"children": [
								{
									"name": "R flipper",
									"from": [ -0.2, -2.5, -0.1 ],
									"to": [ 3.0, 0.5, 1.1 ],
									"unwrapMode": 1,
									"uv": [ 49.5, 5.5 ],
									"rotationOrigin": [ -0.2, 0.5, 0.1 ],
									"rotationZ": 15.0,
									"faces": {
										"north": { "texture": "#skin", "uv": [ 50.5, 6.5, 53.5, 9.5 ] },
										"east": { "texture": "#skin", "uv": [ 49.5, 6.5, 50.5, 9.5 ] },
										"south": { "texture": "#skin", "uv": [ 54.5, 6.5, 57.5, 9.5 ] },
										"west": { "texture": "#skin", "uv": [ 53.5, 6.5, 54.5, 9.5 ] },
										"up": { "texture": "#skin", "uv": [ 50.5, 5.5, 53.5, 6.5 ], "rotation": 180 },
										"down": { "texture": "#skin", "uv": [ 50.5, 9.5, 53.5, 10.5 ] }
									},
									"children": [
										{
											"name": "R flipper 2",
											"from": [ 0.0, 0.0, 0.1 ],
											"to": [ 3.0, 3.0, 1.1 ],
											"unwrapMode": 1,
											"uv": [ 50.0, 11.0 ],
											"rotationOrigin": [ 0.0, 0.0, 0.1 ],
											"rotationZ": -65.0,
											"faces": {
												"north": { "texture": "#skin", "uv": [ 51.0, 12.0, 54.0, 15.0 ] },
												"east": { "texture": "#skin", "uv": [ 50.0, 12.0, 51.0, 15.0 ] },
												"south": { "texture": "#skin", "uv": [ 55.0, 12.0, 58.0, 15.0 ] },
												"west": { "texture": "#skin", "uv": [ 54.0, 12.0, 55.0, 15.0 ] },
												"up": { "texture": "#skin", "uv": [ 51.0, 11.0, 54.0, 12.0 ], "rotation": 180 },
												"down": { "texture": "#skin", "uv": [ 51.0, 15.0, 54.0, 16.0 ] }
											}
										}
									]
								}
							]
						},
						{
							"name": "L Shoulder",
							"from": [ 0.5, -1.6, 6.1 ],
							"to": [ 3.0, 1.4, 7.1 ],
							"unwrapMode": 3,
							"uv": [ 37.5, 1.0 ],
							"rotationOrigin": [ 1.5, 0.4, 6.6 ],
							"rotationX": -90.0,
							"faces": {
								"north": { "texture": "#skin", "uv": [ 42.0, 2.0, 44.5, 5.0 ] },
								"east": { "texture": "#skin", "uv": [ 41.0, 2.0, 42.0, 5.0 ] },
								"south": { "texture": "#skin", "uv": [ 38.5, 2.0, 41.0, 5.0 ] },
								"west": { "texture": "#skin", "uv": [ 37.5, 2.0, 38.5, 5.0 ] },
								"up": { "texture": "#skin", "uv": [ 38.5, 1.0, 41.0, 2.0 ] },
								"down": { "texture": "#skin", "uv": [ 38.5, 5.0, 41.0, 6.0 ], "rotation": 180 }
							},
							"children": [
								{
									"name": "L flipper",
									"from": [ -0.2, -2.5, -0.1 ],
									"to": [ 3.0, 0.5, 1.1 ],
									"unwrapMode": 3,
									"uv": [ 40.5, 5.5 ],
									"rotationOrigin": [ -0.2, 0.5, 1.0 ],
									"rotationZ": 15.0,
									"faces": {
										"north": { "texture": "#skin", "uv": [ 45.5, 6.5, 48.5, 9.5 ] },
										"east": { "texture": "#skin", "uv": [ 44.5, 6.5, 45.5, 9.5 ] },
										"south": { "texture": "#skin", "uv": [ 41.5, 6.5, 44.5, 9.5 ] },
										"west": { "texture": "#skin", "uv": [ 40.5, 6.5, 41.5, 9.5 ] },
										"up": { "texture": "#skin", "uv": [ 41.5, 5.5, 44.5, 6.5 ] },
										"down": { "texture": "#skin", "uv": [ 41.5, 9.5, 44.5, 10.5 ], "rotation": 180 }
									},
									"children": [
										{
											"name": "L flipper 2",
											"from": [ 0.0, 0.0, 0.1 ],
											"to": [ 3.0, 3.0, 1.1 ],
											"unwrapMode": 3,
											"uv": [ 41.0, 11.0 ],
											"rotationOrigin": [ 0.0, 0.0, 1.1 ],
											"rotationZ": -65.0,
											"faces": {
												"north": { "texture": "#skin", "uv": [ 46.0, 12.0, 49.0, 15.0 ] },
												"east": { "texture": "#skin", "uv": [ 45.0, 12.0, 46.0, 15.0 ] },
												"south": { "texture": "#skin", "uv": [ 42.0, 12.0, 45.0, 15.0 ] },
												"west": { "texture": "#skin", "uv": [ 41.0, 12.0, 42.0, 15.0 ] },
												"up": { "texture": "#skin", "uv": [ 42.0, 11.0, 45.0, 12.0 ] },
												"down": { "texture": "#skin", "uv": [ 42.0, 15.0, 45.0, 16.0 ], "rotation": 180 }
											}
										}
									]
								}
							]
						}
					]
				}
			],
			"attachmentpoints": [
				{
					"code": "Center",
					"posX": "10.0","posY": "5.0","posZ": "5.0",
					"rotationX": "0.0","rotationY": "0.0","rotationZ": "0.0"
				}
			]
		}
	]}