{
	"editor": {
		"allAngles": false,
		"entityTextureMode": false
	},
	"textureWidth": 32,
	"textureHeight": 32,
	"textureSizes": {
		"smallleaves": [16,16],
		"leaves": [32,32],
		"branch": [16,16]
	},
	"textures": {
		"leaves": "block/plant/leaves/large/leucadendronargenteum",
		"branch": "game:block/plant/leaves/large/branch"
	},
	"elements": [
		{
			"name": "Cube1",
			"from": [ -8.0, -8.0, 8.0 ], 
			"to": [ 24.0, 24.0, 8.0 ], 
			"shade": false,			
			"gradientShade": true,
			"climateColorMap": "",
			"seasonColorMap": "",
			"rotationOrigin": [ 8.0, 8.0, 8.0 ],
			"rotationX": 0.33,
			"rotationY": -22.5,
			"rotationZ": -0.41,
			"faces": {
				"north": { "texture": "#leaves", "uv": [ 0.0, 0.0, 32.0, 32.0 ], "enabled": false },
				"east": { "texture": "#leaves", "uv": [ 0.0, 0.0, 0.5, 32.0 ], "enabled": false },
				"south": { "texture": "#leaves", "uv": [ 0.0, 0.0, 32.0, 32.0 ] },
				"west": { "texture": "#leaves", "uv": [ 0.0, 0.0, 0.5, 32.0 ], "enabled": false },
				"up": { "texture": "#leaves", "uv": [ 0.0, 0.0, 32.0, 0.5 ], "enabled": false },
				"down": { "texture": "#leaves", "uv": [ 0.0, 0.0, 32.0, 0.5 ], "enabled": false }
			}
		},
		{
			"name": "Cube2",
			"from": [ -8.0, -8.0, 8.0 ], 
			"to": [ 24.0, 24.0, 8.0 ], 
			"shade": false,			
			"gradientShade": true,
			"climateColorMap": "",
			"seasonColorMap": "",
			"rotationOrigin": [ 8.0, 8.0, 8.0 ],
			"rotationX": 0.48,
			"rotationY": 67.5,
			"rotationZ": -0.56,
			"faces": {
				"north": { "texture": "#leaves", "uv": [ 0.0, 0.0, 32.0, 32.0 ], "enabled": false },
				"east": { "texture": "#leaves", "uv": [ 0.0, 0.0, 0.5, 32.0 ], "enabled": false },
				"south": { "texture": "#leaves", "uv": [ 0.0, 0.0, 32.0, 32.0 ] },
				"west": { "texture": "#leaves", "uv": [ 0.0, 0.0, 0.5, 32.0 ], "enabled": false },
				"up": { "texture": "#leaves", "uv": [ 0.0, 0.0, 32.0, 0.5 ], "enabled": false },
				"down": { "texture": "#leaves", "uv": [ 0.0, 0.0, 32.0, 0.5 ], "enabled": false }
			}
		}
	]}