{
	"code": "clothes",
	"class": "ItemWearable",
	"variantgroups": [
		{
			"code": "category",
			"states": [ "face" ]
		},
		{
			"code": "face",
			"states": [
				"welding-mask"
			]
		}
	],
	"shapeByType": {
		"*": { "base": "aldiclasses:entity/humanoid/welding-mask" }
	},
	"storageFlags": 128,
	"attributes": {
		"clothescategory": "face",
		"wearableAttachment": true,
		"warmth": 0.25
	},
	"texturesByType": {
		"*": {
			"seraph": { "base": "game:block/transparent" }
		}
	},
	"creativeinventory": {
		"general": [ "*" ],
		"items": [ "*" ],
		"clothing": [ "*" ]
	},
	"renderAlphaTest": 0.25,
	"guiTransformByType": {
		"*-welding-mask": {
			"rotation": {
				"x": 1,
				"y": -121,
				"z": -167
			},
			"origin": {
				"x": 0.45,
				"y": 1.66,
				"z": 0.5
			},
			"scale": 3
		},
		"*": {
			"rotation": {
				"x": 1,
				"y": -121,
				"z": -167
			},
			"origin": {
				"x": 0.45,
				"y": 1.66,
				"z": 0.5
			},
			"scale": 3
		}
	},
	"tpHandTransformByType": {
		"*-welding-mask": {
			"translation": {
				"x": -0.55,
				"y": -2.2,
				"z": -0.94
			},
			"rotation": {
				"x": -89,
				"y": 180,
				"z": 102
			},
			"origin": {
				"x": 0.5,
				"y": 1.5,
				"z": 0.5
			},
			"scale": 0.7
		},
		"*": {
			"translation": {
				"x": -0.55,
				"y": -2.2,
				"z": -0.94
			},
			"rotation": {
				"x": -89,
				"y": 180,
				"z": 102
			},
			"origin": {
				"x": 0.5,
				"y": 1.5,
				"z": 0.5
			},
			"scale": 0.7
		}
	},
	"groundTransform": {
		"rotation": {
			"x": 0,
			"y": 0,
			"z": 0
		},
		"origin": {
			"x": 0.5,
			"y": 1.5,
			"z": 0.5299
		},
		"scale": 2.58
	},
	"fpHandTransformByType": {
		"*-welding-mask": {
			"translation": {
				"x": 0.08,
				"y": -1.71,
				"z": -0.5
			},
			"rotation": {
				"x": 12,
				"y": 42,
				"z": -29
			},
			"origin": {
				"x": 0.5,
				"y": 1,
				"z": 0.5
			},
			"scale": 2.5
		},
		"*": {
			"translation": {
				"x": 0.08,
				"y": -1.71,
				"z": -0.5
			},
			"rotation": {
				"x": 12,
				"y": 42,
				"z": -29
			},
			"origin": {
				"x": 0.5,
				"y": 1,
				"z": 0.5
			},
			"scale": 2.5
		}
	}
}