﻿{
  "code": "sporeprint",
  "maxstacksize": 8,
  "variantgroups": [
    {
      "code": "mushroom",
      "states": [
        "beardedtooth",
        "chickenofthewoods",
        "dryadsaddle",
        "pinkoyster",
        "tinderhoof",
        "whiteoyster",
        "reishi",
        "funeralbell",
        "deerear",
        "livermushroom",
        "pinkbonnet",
        "shiitake",
        "flyagaric",
        "fieldmushroom",
        "almondmushroom",
        "bitterbolete",
        "blacktrumpet",
        "chanterelle",
        "commonmorel",
        "deathcap",
        "devilstooth",
        "devilbolete",
        "earthball",
        "elfinsaddle",
        "golddropmilkcap",
        "greencrackedrussula",
        "indigomilkcap",
        "jackolantern",
        "kingbolete",
        "lobster",
        "orangeoakbolete",
        "paddystraw",
        "puffball",
        "redwinecap",
        "saffronmilkcap",
        "violetwebcap",
        "witchhat"
      ]
    }
  ],
  "behaviors": [
    {
      "name": "GroundStorable",
      "properties": {
        "layout": "Quadrants",
        "collisionBox": {
          "x1": 0,
          "y1": 0,
          "z1": 0,
          "x2": 1,
          "y2": 0.125,
          "z2": 1
        }
      }
    }
  ],
  "attributes": {
    "onshelfTransform": {
      "rotation": {
        "x": 0,
        "y": 49,
        "z": 0
      },
      "origin": {
        "x": 0.5,
        "y": 0,
        "z": 0.5
      },
      "scale": 0.58,
      "handbook": {
        "groupBy": "sporeprint-*"
      }
    },
    "groundStorageTransform": {
      "translation": {
        "x": 0,
        "y": -0.06,
        "z": 0
      },
      "rotation": {
        "x": 0,
        "y": -45,
        "z": 0
      },
      "origin": {
        "x": 0.5,
        "y": 0.22,
        "z": 0.5
      },
      "scale": 0.66
    },
    "shelvable": true,
    "placeSound": "game:block/snow"
  },
  "shape": { "base": "game:item/medicine/poultice-linen" },
  "textures": {
    "agent": {
      "base": "item/sporeprint"
    }
  },
  "creativeinventory": {
    "general": [ "*" ],
    "items": [ "*" ], 
	"substrate": [ "*" ]
  },
  "materialDensity": 600,
  "guiTransform": {
    "translation": {
      "x": 3,
      "y": 0,
      "z": 0
    },
    "rotation": {
      "x": 120,
      "y": 41,
      "z": 7
    },
    "origin": {
      "x": 0.5,
      "y": 0.11,
      "z": 0.5
    },
    "scaleXyz": {
      "x": -2.15,
      "y": 2.15,
      "z": 2.15
    }
  },
  "fpHandTransform": {
    "translation": {
      "x": 0,
      "y": 0,
      "z": 0
    },
    "rotation": {
      "x": 40,
      "y": 91,
      "z": 15
    },
    "origin": {
      "x": 0.8,
      "y": 0.4,
      "z": 0
    },
    "scale": 1.47
  },
  "groundTransform": {
    "translation": {
      "x": 0,
      "y": 0,
      "z": 0
    },
    "rotation": {
      "x": 180,
      "y": 33,
      "z": -180
    },
    "origin": {
      "x": 0.5,
      "y": 0,
      "z": 0.5
    },
    "scale": 3.5
  },
  "tpHandTransform": {
    "translation": {
      "x": 0,
      "y": 0,
      "z": 0
    },
    "rotation": {
      "x": 5,
      "y": 41,
      "z": -31
    },
    "origin": {
      "x": 0.16,
      "y": 0.05,
      "z": 0.08
    },
    "scale": 0.44
  }
}