[
	{
		ingredientPattern: "R,S",
		ingredients: {
			"R": { type: "item", code: "game:rope" },
			"S": { type: "item", code: "treeseed-abieskoreana" }
		},
		width: 1,
		height: 2,
		output: { type: "item", code: "clothes-neck-abieskoreana-seed-amulet"  }
	},
	{
		ingredientPattern: "R,S",
		ingredients: {
			"R": { type: "item", code: "game:rope" },
			"S": { type: "item", code: "treeseed-acerginnala" }
		},
		width: 1,
		height: 2,
		output: { type: "item", code: "clothes-neck-acerginnala-seed-amulet"  }
	},
	{
		ingredientPattern: "R,S",
		ingredients: {
			"R": { type: "item", code: "game:rope" },
			"S": { type: "item", code: "treeseed-metasequoiaglyptostroboides" }
		},
		width: 1,
		height: 2,
		output: { type: "item", code: "clothes-neck-metasequoiaglyptostroboides-seed-amulet"  }
	},
	{
		ingredientPattern: "R,S",
		ingredients: {
			"R": { type: "item", code: "game:rope" },
			"S": { type: "item", code: "treeseed-quercusserrata" }
		},
		width: 1,
		height: 2,
		output: { type: "item", code: "clothes-neck-quercusserrata-seed-amulet"  }
	}
]