[
 	{
  "ingredientPattern": "SSS,SRS,SSS",
  "requiresTrait": "culinary",
  "ingredients": {
	"R": {
      "type": "item", 
	  "code": "game:redmeat-cured", "quantity": 2
    },
	"S": {
      "type": "item", 
	  "code": "game:salt", "quantity": 1
    }
	},
  "width": 3,
  "height": 3,
  "shapeless": false,
  "output": { "type": "item", "code": "game:redmeat-vintage", "quantity": 2  }
	},
  {
    "ingredientPattern": "_H_,SPS,_C_",
    "requiresTrait": "culinary",
    "shapeless": true,
    "ingredients": {
      "P": {
        "type": "item",
        "code": "game:metalplate-copper",
        "quantity": 1
      },
      "H": {
        "type": "item",
        "code": "game:hammer-*",
        "isTool": true
      },
      "S": {
        "type": "item",
        "code": "game:stick"
      },
      "C": {
        "type": "block",
        "code": "game:claypot-*-fired",
        "allowedVariants": [
          "blue",
          "fire",
          "black",
          "brown",
          "cream",
          "gray",
          "orange",
          "red",
          "tan"
        ]
      }
    },
    "width": 3,
    "height": 3,
    "averageDurability": false,
    "output": {
      "type": "block",
      "code": "aldiclasses:metalpot-copper-fired",
      "quantity": 1
    }
    },
  {
    "ingredientPattern": "_H_,SPS,_C_",
    "requiresTrait": "culinary",
    "shapeless": true,
    "ingredients": {
      "P": {
        "type": "item",
        "code": "game:metalplate-bismuthbronze",
        "quantity": 1
      },
      "H": {
        "type": "item",
        "code": "game:hammer-*",
        "isTool": true
      },
      "S": {
        "type": "item",
        "code": "game:stick"
      },
      "C": {
        "type": "block",
        "code": "aldiclasses:metalpot-copper-fired"
      }
    },
    "width": 3,
    "height": 3,
    "averageDurability": false,
    "output": {
      "type": "block",
      "code": "aldiclasses:metalpot-bismuthbronze-fired",
      "quantity": 1
    }
    },
  {
    "ingredientPattern": "_H_,RP_,SC_",
    "requiresTrait": "culinary",
    "shapeless": true,
    "ingredients": {
      "P": {
        "type": "item",
        "code": "game:metalplate-iron",
        "quantity": 1
      },
      "H": {
        "type": "item",
        "code": "game:hammer-*",
        "isTool": true
      },
      "S": {
        "type": "item",
        "code": "game:leather-normal-plain"
      },
      "R": {
        "type": "item",
        "code": "game:rod-iron"
      },
      "C": {
        "type": "block",
        "code": "aldiclasses:metalpot-bismuthbronze-fired"
      }
    },
    "width": 3,
    "height": 3,
    "averageDurability": false,
    "output": {
      "type": "block",
      "code": "aldiclasses:metalpot-iron-fired",
      "quantity": 1
    }
  },
  {
    "ingredientPattern": "_H_,RP_,SC_",
    "requiresTrait": "culinary",
    "shapeless": true,
    "ingredients": {
      "P": {
        "type": "item",
        "code": "game:metalplate-meteoriciron",
        "quantity": 1
      },
      "S": {
        "type": "item",
        "code": "game:leather-normal-plain"
      },
      "R": {
        "type": "item",
        "code": "game:rod-meteoriciron"
      },
      "H": {
        "type": "item",
        "code": "game:hammer-*",
        "isTool": true
      },
      "C": {
        "type": "block",
        "code": "aldiclasses:metalpot-iron-fired"
      }
    },
    "width": 3,
    "height": 3,
    "averageDurability": false,
    "output": {
      "type": "block",
      "code": "aldiclasses:metalpot-meteoriciron-fired",
      "quantity": 1
    }
  },
  {
    "ingredientPattern": "RHR,SPS,_C_",
    "requiresTrait": "culinary",
    "shapeless": true,
    "ingredients": {
      "P": {
        "type": "item",
        "code": "game:metalplate-steel",
        "quantity": 1
      },
      "S": {
        "type": "item",
        "code": "game:leather-normal-plain"
      },
      "R": {
        "type": "item",
        "code": "game:rod-steel"
      },
      "H": {
        "type": "item",
        "code": "game:hammer-*",
        "isTool": true
      },
      "C": {
        "type": "block",
        "code": "aldiclasses:metalpot-meteoriciron-fired"
      }
    },
    "width": 3,
    "height": 3,
    "averageDurability": false,
    "output": {
      "type": "block",
      "code": "aldiclasses:metalpot-steel-fired",
      "quantity": 1
    }
  },
  {
    "ingredientPattern": "RHR,SPS,_C_",
    "requiresTrait": "culinary",
    "shapeless": true,
    "ingredients": {
      "P": {
        "type": "item",
        "code": "game:metalplate-gold",
        "quantity": 1
      },
      "S": {
        "type": "item",
        "code": "game:leather-normal-plain"
      },
      "R": {
        "type": "item",
        "code": "game:rod-gold"
      },
      "H": {
        "type": "item",
        "code": "game:hammer-*",
        "isTool": true
      },
      "C": {
        "type": "block",
        "code": "aldiclasses:metalpot-steel-fired"
      }
    },
    "width": 3,
    "height": 3,
    "averageDurability": false,
    "output": {
      "type": "block",
      "code": "aldiclasses:metalpot-gold-fired",
      "quantity": 1
    }
  },
  {
    "ingredientPattern": "__H,SRP,__C",
    "requiresTrait": "culinary",
    "shapeless": true,
    "ingredients": {
      "P": {
        "type": "item",
        "code": "game:metalplate-tinbronze",
        "quantity": 1
      },
      "S": {
        "type": "item",
        "code": "game:leather-normal-plain"
      },
      "R": {
        "type": "item",
        "code": "game:rod-tinbronze"
      },
      "H": {
        "type": "item",
        "code": "game:hammer-*",
        "isTool": true
      },
      "C": {
        "type": "block",
        "code": "game:claypot-*-fired"
      }
    },
    "width": 3,
    "height": 3,
    "averageDurability": false,
    "output": {
      "type": "block",
      "code": "game:dirtyclaypot-tinbronze-empty",
      "quantity": 1
    }
  },
  {
    "ingredientPattern": "__H,SRP,__C",
    "requiresTrait": "culinary",
    "shapeless": true,
    "ingredients": {
      "P": {
        "type": "item",
        "code": "game:metalplate-blackbronze",
        "quantity": 1
      },
      "S": {
        "type": "item",
        "code": "game:leather-normal-plain"
      },
      "R": {
        "type": "item",
        "code": "game:rod-blackbronze"
      },
      "H": {
        "type": "item",
        "code": "game:hammer-*",
        "isTool": true
      },
      "C": {
        "type": "block",
        "code": "game:dirtyclaypot-tinbronze-empty"
      }
    },
    "width": 3,
    "height": 3,
    "averageDurability": false,
    "output": {
      "type": "block",
      "code": "game:dirtyclaypot-blackbronze-empty",
      "quantity": 1
    }
  }
]