[
	{
		"ingredientPattern": "GFG,RPR",
		"requiresTrait": "firestarter",
		"ingredients": {
			"G": {
				"type": "item",
				"code": "game:drygrass",
					"quantity": 8
			},
			"F": {
				"type": "item",
				"code": "game:flaxfibers"
			},
			"R": {
				"type": "item",
				"code": "game:rot",
				"litres": 2
			},
			"P": {
				"type": "block",
				"code": "game:peatbrick",
				"quantity": 8
			}
		},
		"width": 3,
		"height": 2,
		"output": {
			"type": "block",
			"code": "aldiclasses:rottenpeat-raw",
			"quantity": 8
		}
	}
]