[
  {
    "ingredientPattern": "MFP,_H_",
    "requiresTrait": "druid",
    "width": 3,
    "height": 2,
    "ingredients": {
      "M": {
        "type": "item",
        "code": "aldiclasses:mistletoe"
      },
      "F": {
        "type": "item",
        "code": "game:flour-*",
        "allowedvariants": [ "spelt", "sunflower", "amaranth", "cassava", "rye", "flax", "rice" ]
      },
      "P": {
        "type": "item",
        "code": "aldiclasses:mushroompowder"
      },
      "H": {
        "type": "block",
        "code": "game:bowl-*-fired"
      }
    },
    "attributes": {
      "liquidContainerProps": {
        "requiresContent": {
          "type": "item",
          "code": "honeyportion"
        },
        "requiresLitres": 0.1
      }
    },
    "output": {
      "type": "item",
      "code": "aldiclasses:medicine",
      "quantity": 2
    }
  },
  {
    "ingredientPattern": "MB",
    "requiresTrait": "druid",
    "width": 2,
    "height": 1,
    "ingredients": {
      "M": {
        "type": "item",
        "code": "aldiclasses:medicine"
      },
      "B": {
        "type": "block",
        "code": "game:woodbucket"
      }
    },
    "attributes": {
      "liquidContainerProps": {
        "requiresContent": {
          "type": "item",
          "code": "juiceportion-*"
        },
        "requiresLitres": 0.1
      }
    },
    "output": {
      "type": "item",
      "code": "aldiclasses:tastymedicine",
      "quantity": 1
    }
  }
]