[
  {
    "ingredientPattern": "H,M,P",
    "requiresTrait": "smith",
    "ingredients": {
      "H": {
        "type": "item",
        "code": "game:hammer-*",
        "istool": true,
        "toolDurabilityCost": 5,
        "name": "metal1",
        "allowedvariants": [ "copper", "tinbronze", "bismuthbronze", "iron", "meteoriciron", "steel" ]
      },
      "M": {
        "type": "item",
        "code": "game:chisel-*",
        "istool": true,
        "toolDurabilityCost": 5,
        "name": "metal2",
        "allowedvariants": [ "copper", "tinbronze", "bismuthbronze", "iron", "meteoriciron", "steel" ]
      },
      "P": {
        "type": "item",
        "code": "game:metalplate-*",
        "name": "metal",
        "allowedvariants": [ "copper" ]
      }
    },
    "width": 1,
    "height": 3,
    "enabled": true,
    "output": {
      "type": "item",
      "code": "aldiclasses:repairparts-{metal}",
      "quantity": 4
    }
  },
  {
    "ingredientPattern": "H,M,P",
    "requiresTrait": "smith",
    "ingredients": {
      "H": {
        "type": "item",
        "code": "game:hammer-*",
        "istool": true,
        "toolDurabilityCost": 5,
        "name": "metal1",
        "allowedvariants": [ "copper", "tinbronze", "bismuthbronze", "iron", "meteoriciron", "steel" ]
      },
      "M": {
        "type": "item",
        "code": "game:chisel-*",
        "istool": true,
        "toolDurabilityCost": 5,
        "name": "metal2",
        "allowedvariants": [ "copper", "tinbronze", "bismuthbronze", "iron", "meteoriciron", "steel" ]
      },
      "P": {
        "type": "item",
        "code": "game:metalplate-*",
        "name": "metal",
        "allowedvariants": ["tinbronze", "bismuthbronze" ]
      }
    },
    "width": 1,
    "height": 3,
    "enabled": true,
    "output": {
      "type": "item",
      "code": "aldiclasses:repairparts-{metal}",
      "quantity": 6
    }
  },
  {
    "ingredientPattern": "H,M,P",
    "requiresTrait": "smith",
    "ingredients": {
      "H": {
        "type": "item",
        "code": "game:hammer-*",
        "istool": true,
        "toolDurabilityCost": 5,
        "name": "metal1",
        "allowedvariants": [ "iron", "meteoriciron", "steel" ]
      },
      "M": {
        "type": "item",
        "code": "game:chisel-*",
        "istool": true,
        "toolDurabilityCost": 5,
        "name": "metal2",
        "allowedvariants": [ "iron", "meteoriciron", "steel" ]
      },
      "P": {
        "type": "item",
        "code": "game:metalplate-*",
        "name": "metal",
        "allowedvariants": ["iron", "steel" ]
      }
    },
    "width": 1,
    "height": 3,
    "enabled": true,
    "output": {
      "type": "item",
      "code": "aldiclasses:repairparts-{metal}",
      "quantity": 8
    }
  },
  {
    "ingredientPattern": "H,M,P",
    "requiresTrait": "smith",
    "ingredients": {
      "H": {
        "type": "item",
        "code": "game:hammer-*",
        "istool": true,
        "toolDurabilityCost": 5,
        "name": "metal1",
        "allowedvariants": [ "iron", "meteoriciron", "steel" ]
      },
      "M": {
        "type": "item",
        "code": "game:chisel-*",
        "istool": true,
        "toolDurabilityCost": 5,
        "name": "metal2",
        "allowedvariants": [ "iron", "meteoriciron", "steel" ]
      },
      "P": {
        "type": "item",
        "code": "game:metalplate-*",
        "name": "metal",
        "allowedvariants": [ "meteoriciron" ]
      }
    },
    "width": 1,
    "height": 3,
    "enabled": true,
    "output": {
      "type": "item",
      "code": "aldiclasses:repairparts-{metal}",
      "quantity": 12
    }
  },
  {
    "ingredientPattern": "HMP,F__",
    "requiresTrait": "smith",
    "ingredients": {
      "H": {
        "type": "item",
        "code": "aldiclasses:repairparts-*",
        "quantity": 4,
        "name": "metal",
        "allowedvariants": [ "copper", "tinbronze", "bismuthbronze", "iron", "meteoriciron", "steel" ]
      },
      "M": {
        "type": "item",
        "code": "game:leather-normal-*"
      },
      "P": {
        "type": "item",
        "code": "game:plank-*",
        "quantity": 4
      },
      "F": {
        "type": "item",
        "code": "game:hammer-*",
        "istool": true,
        "toolDurabilityCost": 5
      }
    },
    "width": 3,
    "height": 2,
    "enabled": true,
    "output": {
      "type": "item",
      "code": "aldiclasses:repairkit",
      "quantity": 2
    }
  },
  {
    "ingredientPattern": "HMP,_F_",
    "requiresTrait": "smith",
    "ingredients": {
      "H": {
        "type": "item",
        "code": "aldiclasses:repairparts-*",
        "quantity": 4,
        "name": "metal",
        "allowedvariants": [ "copper", "tinbronze", "bismuthbronze", "iron", "meteoriciron", "steel" ]
      },
      "M": {
        "type": "item",
        "code": "game:leather-normal-*"
      },
      "P": {
        "type": "item",
        "code": "game:plank-*",
        "quantity": 4
      },
      "F": {
        "type": "item",
        "code": "game:hammer-*",
        "istool": true,
        "toolDurabilityCost": 5
      }
    },
    "width": 3,
    "height": 2,
    "enabled": true,
    "output": {
      "type": "item",
      "code": "aldiclasses:advanced-repairkit",
      "quantity": 1
    }
  }
]