{
	"ingredientPattern": "_H,BC,_G",
	"requiresTrait": "entropy",
	"ingredients": {
		"H": {
			"type": "item",
			"code": "game:hammer-*",
			"isTool": true,
			"toolDurabilityCost": 60
		},
		"C": {
			"type": "item",
			"code": "em:powdered-ore-malachite",
			"quantity": 1
		},
		"G": {
			"type": "item",
			"code": "game:gear-rusty",
			"quantity": 1
		},
		"B": {
			"type": "block",
			"code": "game:bowl-*-fired"
		}
	},
	"attributes": {
		"liquidContainerProps": {
			"requiresContent": {
				"type": "item",
				"code": "waterportion"
			},
			"requiresLitres": 1
		}
	},

	"width": 2,
	"height": 3,
	"recipeGroup": 2,
	"output": {
		"type": "item",
		"code": "game:gear-temporal",
		"quantity": 1
	}
}
