{
	"editor": {
		"allAngles": true,
		"entityTextureMode": true
	},
	"textureWidth": 60,
	"textureHeight": 48,
	"textureSizes": {
		"skin": [60,48]
	},
	"textures": {
	},
	"elements": [
		{
			"name": "Neck1",
			"from": [ 14.42, 6.54, 6.1 ],
			"to": [ 17.42, 10.74, 10.0 ],
			"unwrapMode": 7,
			"unwrapRotation": 1,
			"autoUnwrap": false,
			"uv": [ 9.5, 5.0 ],
			"rotationOrigin": [ 16.9179, 10.0387, 8.1 ],
			"rotationX": 3.7791,
			"rotationY": 1.27,
			"rotationZ": -1.31,
			"faces": {
				"north": { "texture": "#skin", "uv": [ 12.5, 7.0, 16.5, 10.0 ], "rotation": 90 },
				"south": { "texture": "#skin", "uv": [ 5.0, 7.0, 9.0, 10.0 ], "rotation": 270 },
				"west": { "texture": "#skin", "uv": [ 1.0, 2.5, 4.5, 6.5 ] },
				"up": { "texture": "#skin", "uv": [ 9.0, 7.0, 12.5, 10.0 ], "rotation": 270 },
				"down": { "texture": "#skin", "uv": [ 16.5, 7.0, 20.0, 10.0 ], "rotation": 90 }
			},
			"children": [
				{
					"name": "Neck2",
					"from": [ -2.1, 0.6, 0.4 ],
					"to": [ 0.3, 4.2, 3.5 ],
					"unwrapMode": 7,
					"unwrapRotation": 1,
					"autoUnwrap": false,
					"uv": [ 11.0, 1.0 ],
					"rotationOrigin": [ 0.2, 3.8, 1.9 ],
					"rotationY": 10.0,
					"rotationZ": 8.0,
					"faces": {
						"north": { "texture": "#skin", "uv": [ 12.0, 4.5, 15.5, 6.5 ], "rotation": 90 },
						"east": { "texture": "#skin", "uv": [ 19.5, 1.0, 22.5, 4.5 ] },
						"south": { "texture": "#skin", "uv": [ 5.5, 4.5, 9.0, 6.5 ], "rotation": 270 },
						"west": { "texture": "#skin", "uv": [ 9.0, 1.0, 12.0, 4.5 ], "rotation": 180 },
						"up": { "texture": "#skin", "uv": [ 9.0, 4.5, 12.0, 6.5 ], "rotation": 270 },
						"down": { "texture": "#skin", "uv": [ 15.5, 4.5, 18.5, 6.5 ], "rotation": 90 }
					},
					"children": [
						{
							"name": "Necklower2",
							"from": [ 0.0, 0.0, 0.5 ],
							"to": [ 2.0, 0.5, 2.6 ],
							"unwrapMode": 6,
							"unwrapRotation": 1,
							"uv": [ 16.0, 1.0 ],
							"rotationOrigin": [ 0.0, 0.0, 0.5 ],
							"rotationZ": -15.0,
							"faces": {
								"north": { "texture": "#skin", "uv": [ 16.0, 1.0, 16.5, 3.0 ], "rotation": 90 },
								"south": { "texture": "#skin", "uv": [ 18.5, 1.0, 19.0, 3.0 ], "rotation": 270 },
								"down": { "texture": "#skin", "uv": [ 16.5, 1.0, 18.5, 3.0 ], "rotation": 90 }
							}
						},
						{
							"name": "Forehead",
							"from": [ -2.4, 2.5, 0.4 ],
							"to": [ 0.1, 3.8, 2.7 ],
							"unwrapMode": 7,
							"unwrapRotation": 1,
							"uv": [ 1.0, 35.5 ],
							"rotationOrigin": [ 0.1, 3.5, 1.5 ],
							"rotationZ": 34.0,
							"faces": {
								"north": { "texture": "#skin", "uv": [ 4.0, 35.5, 5.0, 38.0 ], "rotation": 90 },
								"east": { "texture": "#skin", "uv": [ 2.0, 38.0, 4.0, 39.0 ] },
								"south": { "texture": "#skin", "uv": [ 1.0, 35.5, 2.0, 38.0 ], "rotation": 270 },
								"up": { "texture": "#skin", "uv": [ 2.0, 35.5, 4.0, 38.0 ], "rotation": 270 }
							},
							"children": [
								{
									"name": "R Earbase",
									"from": [ 1.9, 1.0, -0.7 ],
									"to": [ 2.1, 1.5, 0.1 ],
									"unwrapMode": 3,
									"uv": [ 3.5, 28.0 ],
									"rotationOrigin": [ 2.0, 1.0, -0.4 ],
									"rotationX": -40.0,
									"rotationY": -60.0,
									"faces": {
										"north": { "texture": "#skin", "uv": [ 5.0, 28.5, 5.5, 29.0 ] },
										"east": { "texture": "#skin", "uv": [ 4.5, 28.5, 5.0, 29.0 ] },
										"south": { "texture": "#skin", "uv": [ 4.0, 28.5, 4.5, 29.0 ] },
										"west": { "texture": "#skin", "uv": [ 3.5, 28.5, 4.0, 29.0 ] },
										"up": { "texture": "#skin", "uv": [ 4.0, 28.0, 4.5, 28.5 ] }
									},
									"children": [
										{
											"name": "R Eartip",
											"from": [ 0.0, 0.5, 0.1 ],
											"to": [ 0.2, 1.5, 0.6 ],
											"unwrapMode": 3,
											"uv": [ 1.0, 27.5 ],
											"rotationOrigin": [ 0.0, 0.5, 0.1 ],
											"faces": {
												"north": { "texture": "#skin", "uv": [ 2.5, 28.0, 3.0, 29.0 ] },
												"east": { "texture": "#skin", "uv": [ 2.0, 28.0, 2.5, 29.0 ], "windMode": [-1,-1,-1,-1] },
												"south": { "texture": "#skin", "uv": [ 1.5, 28.0, 2.0, 29.0 ] },
												"west": { "texture": "#skin", "uv": [ 1.0, 28.0, 1.5, 29.0 ], "windMode": [-1,-1,-1,-1] },
												"up": { "texture": "#skin", "uv": [ 1.5, 27.5, 2.0, 28.0 ] }
											},
											"children": [
												{
													"name": "RLSide",
													"from": [ -0.05, 0.0, 0.45 ],
													"to": [ 0.25, 1.0, 0.75 ],
													"unwrapMode": 3,
													"uv": [ 3.5, 24.0 ],
													"rotationOrigin": [ -0.05, 0.0, 0.8 ],
													"rotationX": -14.0,
													"faces": {
														"north": { "texture": "#skin", "uv": [ 5.0, 24.5, 5.5, 25.5 ] },
														"east": { "texture": "#skin", "uv": [ 4.5, 24.5, 5.0, 25.5 ] },
														"south": { "texture": "#skin", "uv": [ 4.0, 24.5, 4.5, 25.5 ] },
														"west": { "texture": "#skin", "uv": [ 3.5, 24.5, 4.0, 25.5 ] },
														"up": { "texture": "#skin", "uv": [ 4.0, 24.0, 4.5, 24.5 ] }
													},
													"children": [
														{
															"name": "RLSide2",
															"from": [ 0.0, -0.7, 0.0 ],
															"to": [ 0.2, 0.1, 0.3 ],
															"unwrapMode": 3,
															"uv": [ 3.5, 26.0 ],
															"rotationOrigin": [ 0.0, 0.0, 0.3 ],
															"rotationX": 24.0,
															"faces": {
																"north": { "texture": "#skin", "uv": [ 5.0, 26.5, 5.5, 27.0 ] },
																"east": { "texture": "#skin", "uv": [ 4.5, 26.5, 5.0, 27.0 ] },
																"south": { "texture": "#skin", "uv": [ 4.0, 26.5, 4.5, 27.0 ] },
																"west": { "texture": "#skin", "uv": [ 3.5, 26.5, 4.0, 27.0 ] },
																"up": { "texture": "#skin", "uv": [ 4.0, 26.0, 4.5, 26.5 ] }
															}
														}
													]
												},
												{
													"name": "RRSide",
													"from": [ -0.05, 0.0, -0.25 ],
													"to": [ 0.25, 1.0, 0.05 ],
													"unwrapMode": 3,
													"uv": [ 1.0, 24.0 ],
													"rotationOrigin": [ -0.05, 0.0, -0.2 ],
													"rotationX": 14.0,
													"faces": {
														"north": { "texture": "#skin", "uv": [ 2.5, 24.5, 3.0, 25.5 ] },
														"east": { "texture": "#skin", "uv": [ 2.0, 24.5, 2.5, 25.5 ], "windMode": [-1,-1,-1,-1], "windData": [1,1,1,1] },
														"south": { "texture": "#skin", "uv": [ 1.5, 24.5, 2.0, 25.5 ] },
														"west": { "texture": "#skin", "uv": [ 1.0, 24.5, 1.5, 25.5 ] },
														"up": { "texture": "#skin", "uv": [ 1.5, 24.0, 2.0, 24.5 ] }
													},
													"children": [
														{
															"name": "RRSide2",
															"from": [ 0.0, -0.7, 0.0 ],
															"to": [ 0.2, 0.1, 0.3 ],
															"unwrapMode": 3,
															"uv": [ 1.0, 26.0 ],
															"rotationOrigin": [ 0.0, 0.0, 0.0 ],
															"rotationX": -24.0,
															"faces": {
																"north": { "texture": "#skin", "uv": [ 2.5, 26.5, 3.0, 27.0 ] },
																"east": { "texture": "#skin", "uv": [ 2.0, 26.5, 2.5, 27.0 ] },
																"south": { "texture": "#skin", "uv": [ 1.5, 26.5, 2.0, 27.0 ] },
																"west": { "texture": "#skin", "uv": [ 1.0, 26.5, 1.5, 27.0 ] },
																"up": { "texture": "#skin", "uv": [ 1.5, 26.0, 2.0, 26.5 ] }
															}
														}
													]
												}
											]
										}
									]
								},
								{
									"name": "L Earbase",
									"from": [ 1.9, 1.0, 2.3 ],
									"to": [ 2.1, 1.5, 3.1 ],
									"unwrapMode": 1,
									"uv": [ 3.5, 33.5 ],
									"rotationOrigin": [ 2.0, 1.0, 2.6 ],
									"rotationX": 40.0,
									"rotationY": 60.0,
									"faces": {
										"north": { "texture": "#skin", "uv": [ 4.0, 34.0, 4.5, 34.5 ] },
										"east": { "texture": "#skin", "uv": [ 3.5, 34.0, 4.0, 34.5 ] },
										"south": { "texture": "#skin", "uv": [ 5.0, 34.0, 5.5, 34.5 ] },
										"west": { "texture": "#skin", "uv": [ 4.5, 34.0, 5.0, 34.5 ] },
										"up": { "texture": "#skin", "uv": [ 4.0, 33.5, 4.5, 34.0 ], "rotation": 180 }
									},
									"children": [
										{
											"name": "L Eartip",
											"from": [ 0.0, 0.5, 0.1 ],
											"to": [ 0.2, 1.5, 0.6 ],
											"unwrapMode": 1,
											"uv": [ 1.0, 33.0 ],
											"rotationOrigin": [ 0.0, 0.5, 0.1 ],
											"faces": {
												"north": { "texture": "#skin", "uv": [ 1.5, 33.5, 2.0, 34.5 ] },
												"east": { "texture": "#skin", "uv": [ 1.0, 33.5, 1.5, 34.5 ], "windMode": [-1,-1,-1,-1] },
												"south": { "texture": "#skin", "uv": [ 2.5, 33.5, 3.0, 34.5 ] },
												"west": { "texture": "#skin", "uv": [ 2.0, 33.5, 2.5, 34.5 ], "windMode": [-1,-1,-1,-1] },
												"up": { "texture": "#skin", "uv": [ 1.5, 33.0, 2.0, 33.5 ], "rotation": 180 }
											},
											"children": [
												{
													"name": "LLSide",
													"from": [ -0.05, 0.0, 0.45 ],
													"to": [ 0.25, 1.0, 0.75 ],
													"unwrapMode": 1,
													"uv": [ 3.5, 29.5 ],
													"rotationOrigin": [ -0.05, 0.0, 0.8 ],
													"rotationX": -14.0,
													"faces": {
														"north": { "texture": "#skin", "uv": [ 4.0, 30.0, 4.5, 31.0 ] },
														"east": { "texture": "#skin", "uv": [ 3.5, 30.0, 4.0, 31.0 ], "windMode": [-1,-1,-1,-1], "windData": [1,1,1,1] },
														"south": { "texture": "#skin", "uv": [ 5.0, 30.0, 5.5, 31.0 ] },
														"west": { "texture": "#skin", "uv": [ 4.5, 30.0, 5.0, 31.0 ] },
														"up": { "texture": "#skin", "uv": [ 4.0, 29.5, 4.5, 30.0 ], "rotation": 180 }
													},
													"children": [
														{
															"name": "LLSide2",
															"from": [ 0.0, -0.7, 0.0 ],
															"to": [ 0.2, 0.1, 0.3 ],
															"unwrapMode": 1,
															"uv": [ 3.5, 31.5 ],
															"rotationOrigin": [ 0.0, 0.0, 0.3 ],
															"rotationX": 24.0,
															"faces": {
																"north": { "texture": "#skin", "uv": [ 4.0, 32.0, 4.5, 32.5 ] },
																"east": { "texture": "#skin", "uv": [ 3.5, 32.0, 4.0, 32.5 ] },
																"south": { "texture": "#skin", "uv": [ 5.0, 32.0, 5.5, 32.5 ] },
																"west": { "texture": "#skin", "uv": [ 4.5, 32.0, 5.0, 32.5 ] },
																"up": { "texture": "#skin", "uv": [ 4.0, 31.5, 4.5, 32.0 ], "rotation": 180 }
															}
														}
													]
												},
												{
													"name": "LRSide",
													"from": [ -0.05, 0.0, -0.25 ],
													"to": [ 0.25, 1.0, 0.05 ],
													"unwrapMode": 1,
													"uv": [ 1.0, 29.5 ],
													"rotationOrigin": [ -0.05, 0.0, -0.2 ],
													"rotationX": 14.0,
													"faces": {
														"north": { "texture": "#skin", "uv": [ 1.5, 30.0, 2.0, 31.0 ] },
														"east": { "texture": "#skin", "uv": [ 1.0, 30.0, 1.5, 31.0 ], "windMode": [-1,-1,-1,-1], "windData": [1,1,1,1] },
														"south": { "texture": "#skin", "uv": [ 2.5, 30.0, 3.0, 31.0 ] },
														"west": { "texture": "#skin", "uv": [ 2.0, 30.0, 2.5, 31.0 ] },
														"up": { "texture": "#skin", "uv": [ 1.5, 29.5, 2.0, 30.0 ], "rotation": 180 }
													},
													"children": [
														{
															"name": "LRSide2",
															"from": [ 0.0, -0.7, 0.0 ],
															"to": [ 0.2, 0.1, 0.3 ],
															"unwrapMode": 1,
															"uv": [ 1.0, 31.5 ],
															"rotationOrigin": [ 0.0, 0.0, 0.0 ],
															"rotationX": -24.0,
															"faces": {
																"north": { "texture": "#skin", "uv": [ 1.5, 32.0, 2.0, 32.5 ] },
																"east": { "texture": "#skin", "uv": [ 1.0, 32.0, 1.5, 32.5 ] },
																"south": { "texture": "#skin", "uv": [ 2.5, 32.0, 3.0, 32.5 ] },
																"west": { "texture": "#skin", "uv": [ 2.0, 32.0, 2.5, 32.5 ] },
																"up": { "texture": "#skin", "uv": [ 1.5, 31.5, 2.0, 32.0 ], "rotation": 180 }
															}
														}
													]
												}
											]
										}
									]
								},
								{
									"name": "LowerHead",
									"from": [ 0.0, -2.3, -0.45 ],
									"to": [ 1.8, -0.5, 2.75 ],
									"unwrapMode": 5,
									"unwrapRotation": 1,
									"uv": [ 29.0, 40.0 ],
									"rotationOrigin": [ 1.3, -0.8, 1.1 ],
									"rotationZ": -6.0,
									"faces": {
										"north": { "texture": "#skin", "uv": [ 29.0, 41.5, 30.5, 43.0 ], "rotation": 270 },
										"east": { "texture": "#skin", "uv": [ 30.5, 40.0, 33.5, 41.5 ], "rotation": 180 },
										"south": { "texture": "#skin", "uv": [ 33.5, 41.5, 35.0, 43.0 ], "rotation": 90 },
										"west": { "texture": "#skin", "uv": [ 30.5, 43.0, 33.5, 44.5 ] },
										"up": { "texture": "#skin", "uv": [ 30.5, 41.5, 33.5, 43.0 ], "rotation": 90 },
										"down": { "texture": "#skin", "uv": [ 35.0, 41.5, 38.0, 43.0 ], "rotation": 270 }
									},
									"children": [
										{
											"name": "Jaw",
											"from": [ -0.6, -0.1, 0.35 ],
											"to": [ 0.7, 2.1, 2.85 ],
											"unwrapMode": 4,
											"uv": [ 41.0, 38.5 ],
											"rotationOrigin": [ 0.7, 1.1, 1.5 ],
											"rotationZ": -32.0,
											"faces": {
												"north": { "texture": "#skin", "uv": [ 41.0, 38.5, 42.0, 40.5 ] },
												"south": { "texture": "#skin", "uv": [ 44.5, 38.5, 45.5, 40.5 ] },
												"west": { "texture": "#skin", "uv": [ 42.0, 38.5, 44.5, 40.5 ] },
												"down": { "texture": "#skin", "uv": [ 42.0, 40.5, 44.5, 41.5 ], "rotation": 90 }
											},
											"children": [
												{
													"name": "Jaw2",
													"from": [ -0.9, 0.1, 0.4 ],
													"to": [ 0.1, 1.1, 2.1 ],
													"unwrapMode": 5,
													"unwrapRotation": 1,
													"uv": [ 39.0, 42.0 ],
													"rotationOrigin": [ 0.0, 0.1, 1.2 ],
													"rotationZ": -24.0,
													"faces": {
														"north": { "texture": "#skin", "uv": [ 39.0, 42.0, 40.0, 43.0 ], "rotation": 270 },
														"south": { "texture": "#skin", "uv": [ 41.5, 42.0, 42.5, 43.0 ], "rotation": 90 },
														"west": { "texture": "#skin", "uv": [ 40.0, 43.0, 41.5, 44.0 ] },
														"up": { "texture": "#skin", "uv": [ 40.0, 42.0, 41.5, 43.0 ], "rotation": 90 },
														"down": { "texture": "#skin", "uv": [ 42.5, 42.0, 44.0, 43.0 ], "rotation": 270 }
													},
													"children": [
														{
															"name": "Jaw3",
															"from": [ -0.6, 0.2, 0.1 ],
															"to": [ 1.4, 1.0, 1.6 ],
															"unwrapMode": 5,
															"unwrapRotation": 1,
															"uv": [ 45.5, 41.0 ],
															"rotationOrigin": [ 0.1, 0.6, 0.9 ],
															"rotationZ": 15.0,
															"faces": {
																"north": { "texture": "#skin", "uv": [ 45.5, 41.0, 46.0, 43.0 ], "rotation": 270 },
																"south": { "texture": "#skin", "uv": [ 47.5, 41.0, 48.0, 43.0 ], "rotation": 90 },
																"west": { "texture": "#skin", "uv": [ 46.0, 43.0, 47.5, 43.5 ] },
																"up": { "texture": "#skin", "uv": [ 46.0, 41.0, 47.5, 43.0 ], "rotation": 90 },
																"down": { "texture": "#skin", "uv": [ 48.0, 41.0, 49.5, 43.0 ], "rotation": 270 }
															},
															"children": [
																{
																	"name": "Lip",
																	"from": [ -0.6, 0.1, 0.1 ],
																	"to": [ 0.4, 0.5, 1.4 ],
																	"unwrapMode": 5,
																	"unwrapRotation": 1,
																	"uv": [ 50.0, 41.0 ],
																	"rotationOrigin": [ 0.1, 0.1, 0.1 ],
																	"rotationZ": -13.0,
																	"faces": {
																		"north": { "texture": "#skin", "uv": [ 50.0, 41.0, 50.5, 42.0 ], "rotation": 270 },
																		"south": { "texture": "#skin", "uv": [ 51.5, 41.0, 52.0, 42.0 ], "rotation": 90 },
																		"west": { "texture": "#skin", "uv": [ 50.5, 42.0, 51.5, 42.5 ] },
																		"up": { "texture": "#skin", "uv": [ 50.5, 41.0, 51.5, 42.0 ], "rotation": 90 },
																		"down": { "texture": "#skin", "uv": [ 52.0, 41.0, 53.0, 42.0 ], "rotation": 270 }
																	}
																},
																{
																	"name": "LCheek",
																	"from": [ 0.0, 0.8, 1.4 ],
																	"to": [ 1.0, 2.1, 1.5 ],
																	"unwrapMode": 4,
																	"uv": [ 25.5, 43.0 ],
																	"rotationOrigin": [ 0.0, 0.8, 1.5 ],
																	"faces": {
																		"north": { "texture": "#skin", "uv": [ 25.5, 43.0, 26.5, 44.0 ] },
																		"south": { "texture": "#skin", "uv": [ 27.0, 43.0, 28.0, 44.0 ] },
																		"west": { "texture": "#skin", "uv": [ 26.5, 43.0, 27.0, 44.0 ] }
																	}
																},
																{
																	"name": "RCheek",
																	"from": [ 0.0, 0.8, 0.0 ],
																	"to": [ 1.0, 2.1, 0.1 ],
																	"unwrapMode": 4,
																	"uv": [ 25.5, 41.5 ],
																	"rotationOrigin": [ 0.0, 0.8, 0.0 ],
																	"faces": {
																		"north": { "texture": "#skin", "uv": [ 25.5, 41.5, 26.5, 42.5 ] },
																		"south": { "texture": "#skin", "uv": [ 27.0, 41.5, 28.0, 42.5 ] },
																		"west": { "texture": "#skin", "uv": [ 26.5, 41.5, 27.0, 42.5 ] }
																	}
																},
																{
																	"name": "LowertoothL",
																	"from": [ -0.3, 0.4, 0.8 ],
																	"to": [ 0.2, 0.7, 1.1 ],
																	"unwrapMode": 7,
																	"unwrapRotation": 1,
																	"uv": [ 0.5, 9.0 ],
																	"rotationOrigin": [ 0.2, 0.7, 0.8 ],
																	"rotationY": 5.0,
																	"rotationZ": -19.0,
																	"faces": {
																		"north": { "texture": "#skin", "uv": [ 1.5, 9.5, 2.0, 10.0 ], "rotation": 90 },
																		"south": { "texture": "#skin", "uv": [ 0.5, 9.5, 1.0, 10.0 ], "rotation": 270 },
																		"west": { "texture": "#skin", "uv": [ 1.0, 9.0, 1.5, 9.5 ], "rotation": 180 },
																		"up": { "texture": "#skin", "uv": [ 1.0, 9.5, 1.5, 10.0 ], "rotation": 270 },
																		"down": { "texture": "#skin", "uv": [ 2.0, 9.5, 2.5, 10.0 ], "rotation": 90 }
																	}
																},
																{
																	"name": "LowertoothR",
																	"from": [ -0.3, 0.4, 0.5 ],
																	"to": [ 0.2, 0.7, 0.8 ],
																	"unwrapMode": 7,
																	"unwrapRotation": 1,
																	"uv": [ 0.5, 9.0 ],
																	"rotationOrigin": [ 0.2, 0.7, 0.8 ],
																	"rotationY": -5.0,
																	"rotationZ": -19.0,
																	"faces": {
																		"north": { "texture": "#skin", "uv": [ 1.5, 9.5, 2.0, 10.0 ], "rotation": 90 },
																		"south": { "texture": "#skin", "uv": [ 0.5, 9.5, 1.0, 10.0 ], "rotation": 270 },
																		"west": { "texture": "#skin", "uv": [ 1.0, 9.0, 1.5, 9.5 ], "rotation": 180 },
																		"up": { "texture": "#skin", "uv": [ 1.0, 9.5, 1.5, 10.0 ], "rotation": 270 },
																		"down": { "texture": "#skin", "uv": [ 2.0, 9.5, 2.5, 10.0 ], "rotation": 90 }
																	}
																}
															]
														},
														{
															"name": "Tongue",
															"from": [ -0.6, 0.9, 0.35 ],
															"to": [ 0.9, 1.1, 1.35 ],
															"unwrapMode": 5,
															"unwrapRotation": 1,
															"uv": [ 37.5, 17.0 ],
															"rotationOrigin": [ 0.9, 1.2, 0.9 ],
															"rotationZ": 8.0,
															"faces": {
																"north": { "texture": "#skin", "uv": [ 37.5, 17.0, 38.0, 18.5 ], "rotation": 270 },
																"south": { "texture": "#skin", "uv": [ 39.0, 17.0, 39.5, 18.5 ], "rotation": 90 },
																"west": { "texture": "#skin", "uv": [ 38.0, 18.5, 39.0, 19.0 ] },
																"up": { "texture": "#skin", "uv": [ 38.0, 17.0, 39.0, 18.5 ], "rotation": 90 },
																"down": { "texture": "#skin", "uv": [ 39.5, 17.0, 40.5, 18.5 ], "rotation": 270 }
															}
														},
														{
															"name": "RCheek2",
															"from": [ 0.0, 0.9, 0.0 ],
															"to": [ 1.0, 1.6, 0.2 ],
															"unwrapMode": 4,
															"uv": [ 22.5, 41.5 ],
															"rotationOrigin": [ 0.0, 0.9, 0.0 ],
															"faces": {
																"north": { "texture": "#skin", "uv": [ 22.5, 41.5, 23.5, 42.0 ] },
																"south": { "texture": "#skin", "uv": [ 24.0, 41.5, 25.0, 42.0 ] },
																"west": { "texture": "#skin", "uv": [ 23.5, 41.5, 24.0, 42.0 ] }
															}
														},
														{
															"name": "LCheek2",
															"from": [ 0.0, 0.9, 1.5 ],
															"to": [ 1.0, 1.6, 1.7 ],
															"unwrapMode": 4,
															"uv": [ 22.5, 42.5 ],
															"rotationOrigin": [ 0.0, 0.9, 1.6 ],
															"faces": {
																"north": { "texture": "#skin", "uv": [ 22.5, 42.5, 23.5, 43.0 ] },
																"south": { "texture": "#skin", "uv": [ 24.0, 42.5, 25.0, 43.0 ] },
																"west": { "texture": "#skin", "uv": [ 23.5, 42.5, 24.0, 43.0 ] }
															}
														}
													]
												}
											]
										}
									]
								},
								{
									"name": "Face",
									"from": [ 0.3, 0.6, -0.25 ],
									"to": [ 0.9, 1.2, 2.55 ],
									"uv": [ 0.0, 0.0 ],
									"rotationOrigin": [ 0.3, 1.2, -0.25 ],
									"rotationZ": -20.0,
									"faces": {
									},
									"children": [
										{
											"name": "Uppermouth",
											"from": [ -2.1, -1.4, 0.5 ],
											"to": [ 1.0, 0.1, 2.3 ],
											"unwrapMode": 5,
											"unwrapRotation": 1,
											"uv": [ 15.5, 38.5 ],
											"rotationOrigin": [ 0.0, -1.2, 0.5 ],
											"rotationZ": -28.0,
											"faces": {
												"north": { "texture": "#skin", "uv": [ 15.5, 38.5, 17.0, 41.5 ], "rotation": 270 },
												"south": { "texture": "#skin", "uv": [ 18.5, 38.5, 20.0, 41.5 ], "rotation": 90 },
												"west": { "texture": "#skin", "uv": [ 17.0, 41.5, 18.5, 43.0 ] },
												"up": { "texture": "#skin", "uv": [ 17.0, 38.5, 18.5, 41.5 ], "rotation": 90 },
												"down": { "texture": "#skin", "uv": [ 20.0, 38.5, 21.5, 41.5 ], "rotation": 270 }
											},
											"children": [
												{
													"name": "Nosebridge",
													"from": [ 0.1, 1.4, 0.1 ],
													"to": [ 1.9, 1.9, 1.7 ],
													"unwrapMode": 5,
													"unwrapRotation": 1,
													"uv": [ 3.0, 42.0 ],
													"rotationOrigin": [ 0.1, 1.4, 0.1 ],
													"rotationZ": -2.0,
													"faces": {
														"north": { "texture": "#skin", "uv": [ 3.0, 42.0, 3.5, 43.5 ], "rotation": 270 },
														"south": { "texture": "#skin", "uv": [ 5.0, 42.0, 5.5, 43.5 ], "rotation": 90 },
														"west": { "texture": "#skin", "uv": [ 3.5, 43.5, 5.0, 44.0 ] },
														"up": { "texture": "#skin", "uv": [ 3.5, 42.0, 5.0, 43.5 ], "rotation": 90 }
													},
													"children": [
														{
															"name": "Nose upper",
															"from": [ -0.5, 0.0, 0.25 ],
															"to": [ 0.6, 1.0, 1.35 ],
															"unwrapMode": 4,
															"uv": [ 9.5, 36.5 ],
															"rotationOrigin": [ 0.0, 0.6, 0.3 ],
															"rotationZ": 12.0,
															"faces": {
																"north": { "texture": "#skin", "uv": [ 9.5, 37.5, 10.5, 38.5 ] },
																"east": { "texture": "#skin", "uv": [ 12.5, 37.5, 13.5, 38.5 ] },
																"south": { "texture": "#skin", "uv": [ 11.5, 37.5, 12.5, 38.5 ] },
																"west": { "texture": "#skin", "uv": [ 10.5, 37.5, 11.5, 38.5 ] },
																"up": { "texture": "#skin", "uv": [ 10.5, 36.5, 11.5, 37.5 ], "rotation": 90 },
																"down": { "texture": "#skin", "uv": [ 10.5, 38.5, 11.5, 39.5 ], "rotation": 90 }
															},
															"children": [
																{
																	"name": "Nose",
																	"from": [ 0.0, -1.0, 0.05 ],
																	"to": [ 0.5, 0.0, 1.05 ],
																	"unwrapMode": 4,
																	"uv": [ 1.0, 40.0 ],
																	"rotationOrigin": [ 0.0, 0.0, 0.1 ],
																	"rotationZ": 12.0,
																	"faces": {
																		"north": { "texture": "#skin", "uv": [ 1.0, 40.0, 1.5, 41.0 ] },
																		"south": { "texture": "#skin", "uv": [ 2.5, 40.0, 3.0, 41.0 ] },
																		"west": { "texture": "#skin", "uv": [ 1.5, 40.0, 2.5, 41.0 ] }
																	}
																},
																{
																	"name": "Nose tip",
																	"from": [ 0.0, 1.0, 0.05 ],
																	"to": [ 1.0, 1.3, 1.05 ],
																	"unwrapMode": 5,
																	"unwrapRotation": 1,
																	"uv": [ 0.5, 41.5 ],
																	"rotationOrigin": [ 0.0, 1.0, 0.1 ],
																	"rotationZ": -5.0,
																	"faces": {
																		"north": { "texture": "#skin", "uv": [ 0.5, 42.0, 1.0, 43.0 ], "rotation": 270 },
																		"east": { "texture": "#skin", "uv": [ 1.0, 41.5, 2.0, 42.0 ], "rotation": 180 },
																		"south": { "texture": "#skin", "uv": [ 2.0, 42.0, 2.5, 43.0 ], "rotation": 90 },
																		"west": { "texture": "#skin", "uv": [ 1.0, 43.0, 2.0, 43.5 ] },
																		"up": { "texture": "#skin", "uv": [ 1.0, 42.0, 2.0, 43.0 ], "rotation": 90 }
																	}
																}
															]
														}
													]
												},
												{
													"name": "UppertoothL1",
													"from": [ 0.3, -0.3, 1.0 ],
													"to": [ 0.6, 0.2, 1.3 ],
													"unwrapMode": 4,
													"uv": [ 2.5, 8.0 ],
													"rotationOrigin": [ 0.3, 0.1, 1.0 ],
													"rotationX": -6.0,
													"rotationZ": 42.0,
													"faces": {
														"north": { "texture": "#skin", "uv": [ 2.5, 8.0, 3.0, 8.5 ] },
														"east": { "texture": "#skin", "uv": [ 4.0, 8.0, 4.5, 8.5 ] },
														"south": { "texture": "#skin", "uv": [ 3.5, 8.0, 4.0, 8.5 ] },
														"west": { "texture": "#skin", "uv": [ 3.0, 8.0, 3.5, 8.5 ] },
														"down": { "texture": "#skin", "uv": [ 3.0, 8.5, 3.5, 9.0 ], "rotation": 90 }
													}
												},
												{
													"name": "UppertoothL2",
													"from": [ 0.6, -0.2, 1.3 ],
													"to": [ 0.7, 0.1, 1.5 ],
													"unwrapMode": 4,
													"uv": [ 2.5, 8.0 ],
													"rotationOrigin": [ 0.6, 0.0, 1.3 ],
													"rotationX": -6.0,
													"rotationZ": 42.0,
													"faces": {
														"north": { "texture": "#skin", "uv": [ 2.5, 8.0, 3.0, 8.5 ] },
														"east": { "texture": "#skin", "uv": [ 4.0, 8.0, 4.5, 8.5 ] },
														"south": { "texture": "#skin", "uv": [ 3.5, 8.0, 4.0, 8.5 ] },
														"west": { "texture": "#skin", "uv": [ 3.0, 8.0, 3.5, 8.5 ] },
														"down": { "texture": "#skin", "uv": [ 3.0, 8.5, 3.5, 9.0 ], "rotation": 90 }
													}
												},
												{
													"name": "UppertoothR1",
													"from": [ 0.3, -0.3, 0.6 ],
													"to": [ 0.6, 0.2, 0.9 ],
													"unwrapMode": 4,
													"uv": [ 1.0, 7.0 ],
													"rotationOrigin": [ 0.3, 0.1, 0.9 ],
													"rotationX": 6.0,
													"rotationZ": 42.0,
													"faces": {
														"north": { "texture": "#skin", "uv": [ 1.0, 7.0, 1.5, 7.5 ] },
														"east": { "texture": "#skin", "uv": [ 2.5, 7.0, 3.0, 7.5 ] },
														"south": { "texture": "#skin", "uv": [ 2.0, 7.0, 2.5, 7.5 ] },
														"west": { "texture": "#skin", "uv": [ 1.5, 7.0, 2.0, 7.5 ] },
														"down": { "texture": "#skin", "uv": [ 1.5, 7.5, 2.0, 8.0 ], "rotation": 90 }
													}
												},
												{
													"name": "UppertoothR2",
													"from": [ 0.6, -0.2, 0.4 ],
													"to": [ 0.7, 0.1, 0.6 ],
													"unwrapMode": 4,
													"uv": [ 1.0, 7.0 ],
													"rotationOrigin": [ 0.6, 0.0, 0.6 ],
													"rotationX": 6.0,
													"rotationZ": 42.0,
													"faces": {
														"north": { "texture": "#skin", "uv": [ 1.0, 7.0, 1.5, 7.5 ] },
														"east": { "texture": "#skin", "uv": [ 2.5, 7.0, 3.0, 7.5 ] },
														"south": { "texture": "#skin", "uv": [ 2.0, 7.0, 2.5, 7.5 ] },
														"west": { "texture": "#skin", "uv": [ 1.5, 7.0, 2.0, 7.5 ] },
														"down": { "texture": "#skin", "uv": [ 1.5, 7.5, 2.0, 8.0 ], "rotation": 90 }
													}
												}
											]
										},
										{
											"name": "Eye sockets",
											"from": [ -0.3, -0.6, 0.1 ],
											"to": [ 1.5, 0.7, 2.7 ],
											"unwrapMode": 5,
											"unwrapRotation": 1,
											"uv": [ 22.5, 38.5 ],
											"rotationOrigin": [ -0.3, 0.6, 0.1 ],
											"rotationZ": -22.0,
											"faces": {
												"north": { "texture": "#skin", "uv": [ 22.5, 38.5, 23.5, 40.0 ], "rotation": 270 },
												"south": { "texture": "#skin", "uv": [ 26.0, 38.5, 27.0, 40.0 ], "rotation": 90 },
												"west": { "texture": "#skin", "uv": [ 23.5, 40.0, 26.0, 41.0 ] },
												"up": { "texture": "#skin", "uv": [ 23.5, 38.5, 26.0, 40.0 ], "rotation": 90 },
												"down": { "texture": "#skin", "uv": [ 27.0, 38.5, 29.5, 40.0 ], "rotation": 270 }
											},
											"children": [
												{
													"name": "Reye",
													"from": [ 0.5, 0.8, -0.01 ],
													"to": [ 0.8, 1.1, 0.09 ],
													"unwrapMode": 1,
													"uv": [ 27.0, 22.0 ],
													"rotationOrigin": [ 0.5, 0.8, -0.01 ],
													"rotationZ": -5.0,
													"faces": {
														"north": { "texture": "#skin", "uv": [ 27.5, 22.5, 28.0, 23.0 ] },
														"east": { "texture": "#skin", "uv": [ 27.0, 22.5, 27.5, 23.0 ] },
														"west": { "texture": "#skin", "uv": [ 28.0, 22.5, 28.5, 23.0 ] },
														"up": { "texture": "#skin", "uv": [ 27.5, 22.0, 28.0, 22.5 ], "rotation": 180 },
														"down": { "texture": "#skin", "uv": [ 27.5, 23.0, 28.0, 23.5 ] }
													},
													"children": [
														{
															"name": "RPupil",
															"from": [ 0.1, 0.1, -0.01 ],
															"to": [ 0.2, 0.2, 0.09 ],
															"unwrapMode": 1,
															"uv": [ 27.0, 20.0 ],
															"rotationOrigin": [ 0.1, 0.1, -0.01 ],
															"faces": {
																"north": { "texture": "#skin", "uv": [ 27.5, 20.5, 28.0, 21.0 ] },
																"east": { "texture": "#skin", "uv": [ 27.0, 20.5, 27.5, 21.0 ] },
																"west": { "texture": "#skin", "uv": [ 28.0, 20.5, 28.5, 21.0 ] },
																"up": { "texture": "#skin", "uv": [ 27.5, 20.0, 28.0, 20.5 ], "rotation": 180 },
																"down": { "texture": "#skin", "uv": [ 27.5, 21.0, 28.0, 21.5 ] }
															}
														},
														{
															"name": "RLLid",
															"from": [ -0.1, -0.2, -0.1 ],
															"to": [ 0.3, 0.0, 0.1 ],
															"unwrapMode": 1,
															"uv": [ 29.0, 22.0 ],
															"rotationOrigin": [ -0.1, 0.0, 0.0 ],
															"rotationX": -16.0,
															"rotationZ": 2.0,
															"faces": {
																"north": { "texture": "#skin", "uv": [ 29.5, 22.5, 30.0, 23.0 ] },
																"east": { "texture": "#skin", "uv": [ 29.0, 22.5, 29.5, 23.0 ] },
																"west": { "texture": "#skin", "uv": [ 30.0, 22.5, 30.5, 23.0 ] },
																"up": { "texture": "#skin", "uv": [ 29.5, 22.0, 30.0, 22.5 ], "rotation": 180 },
																"down": { "texture": "#skin", "uv": [ 29.5, 23.0, 30.0, 23.5 ] }
															}
														},
														{
															"name": "RULid",
															"from": [ -0.1, 0.3, -0.1 ],
															"to": [ 0.4, 0.5, 0.1 ],
															"unwrapMode": 1,
															"uv": [ 29.0, 20.0 ],
															"rotationOrigin": [ -0.1, 0.3, 0.0 ],
															"rotationX": 16.0,
															"rotationZ": -2.0,
															"faces": {
																"north": { "texture": "#skin", "uv": [ 29.5, 20.5, 30.0, 21.0 ] },
																"east": { "texture": "#skin", "uv": [ 29.0, 20.5, 29.5, 21.0 ] },
																"west": { "texture": "#skin", "uv": [ 30.0, 20.5, 30.5, 21.0 ] },
																"up": { "texture": "#skin", "uv": [ 29.5, 20.0, 30.0, 20.5 ], "rotation": 180 },
																"down": { "texture": "#skin", "uv": [ 29.5, 21.0, 30.0, 21.5 ] }
															}
														}
													]
												},
												{
													"name": "Leye",
													"from": [ 0.5, 0.8, 2.51 ],
													"to": [ 0.8, 1.1, 2.61 ],
													"unwrapMode": 3,
													"uv": [ 27.0, 22.0 ],
													"rotationOrigin": [ 0.5, 0.8, 2.51 ],
													"rotationZ": -5.0,
													"faces": {
														"east": { "texture": "#skin", "uv": [ 28.0, 22.5, 28.5, 23.0 ] },
														"south": { "texture": "#skin", "uv": [ 27.5, 22.5, 28.0, 23.0 ] },
														"west": { "texture": "#skin", "uv": [ 27.0, 22.5, 27.5, 23.0 ] },
														"up": { "texture": "#skin", "uv": [ 27.5, 22.0, 28.0, 22.5 ] },
														"down": { "texture": "#skin", "uv": [ 27.5, 23.0, 28.0, 23.5 ], "rotation": 180 }
													},
													"children": [
														{
															"name": "LPupil",
															"from": [ 0.1, 0.1, 0.01 ],
															"to": [ 0.2, 0.2, 0.11 ],
															"unwrapMode": 3,
															"uv": [ 27.0, 20.0 ],
															"rotationOrigin": [ 0.1, 0.1, 0.01 ],
															"faces": {
																"east": { "texture": "#skin", "uv": [ 28.0, 20.5, 28.5, 21.0 ] },
																"south": { "texture": "#skin", "uv": [ 27.5, 20.5, 28.0, 21.0 ] },
																"west": { "texture": "#skin", "uv": [ 27.0, 20.5, 27.5, 21.0 ] },
																"up": { "texture": "#skin", "uv": [ 27.5, 20.0, 28.0, 20.5 ] },
																"down": { "texture": "#skin", "uv": [ 27.5, 21.0, 28.0, 21.5 ], "rotation": 180 }
															}
														},
														{
															"name": "LULid",
															"from": [ -0.1, 0.3, 0.0 ],
															"to": [ 0.4, 0.5, 0.2 ],
															"unwrapMode": 3,
															"uv": [ 31.0, 22.0 ],
															"rotationOrigin": [ -0.1, 0.3, 0.1 ],
															"rotationX": -16.0,
															"rotationZ": -2.0,
															"faces": {
																"east": { "texture": "#skin", "uv": [ 32.0, 22.5, 32.5, 23.0 ] },
																"south": { "texture": "#skin", "uv": [ 31.5, 22.5, 32.0, 23.0 ] },
																"west": { "texture": "#skin", "uv": [ 31.0, 22.5, 31.5, 23.0 ] },
																"up": { "texture": "#skin", "uv": [ 31.5, 22.0, 32.0, 22.5 ] },
																"down": { "texture": "#skin", "uv": [ 31.5, 23.0, 32.0, 23.5 ], "rotation": 180 }
															}
														},
														{
															"name": "LLLid",
															"from": [ -0.1, -0.2, 0.0 ],
															"to": [ 0.4, 0.0, 0.2 ],
															"unwrapMode": 3,
															"uv": [ 31.0, 20.0 ],
															"rotationOrigin": [ -0.1, 0.0, 0.1 ],
															"rotationX": 16.0,
															"rotationZ": 2.0,
															"faces": {
																"east": { "texture": "#skin", "uv": [ 32.0, 20.5, 32.5, 21.0 ] },
																"south": { "texture": "#skin", "uv": [ 31.5, 20.5, 32.0, 21.0 ] },
																"west": { "texture": "#skin", "uv": [ 31.0, 20.5, 31.5, 21.0 ] },
																"up": { "texture": "#skin", "uv": [ 31.5, 20.0, 32.0, 20.5 ] },
																"down": { "texture": "#skin", "uv": [ 31.5, 21.0, 32.0, 21.5 ], "rotation": 180 }
															}
														}
													]
												}
											]
										}
									]
								},
								{
									"name": "Head",
									"from": [ -0.3, -0.9, -0.5 ],
									"to": [ 2.2, 0.9, 2.8 ],
									"unwrapMode": 4,
									"uv": [ 3.5, 37.5 ],
									"rotationOrigin": [ 1.6, 0.8, 1.1 ],
									"rotationZ": 36.0,
									"faces": {
										"north": { "texture": "#skin", "uv": [ 3.5, 40.0, 6.0, 41.5 ] },
										"east": { "texture": "#skin", "uv": [ 11.5, 40.0, 14.5, 41.5 ], "windMode": [-1,-1,-1,-1] },
										"south": { "texture": "#skin", "uv": [ 9.0, 40.0, 11.5, 41.5 ] },
										"west": { "texture": "#skin", "uv": [ 6.0, 40.0, 9.0, 41.5 ], "windMode": [-1,-1,-1,-1] },
										"up": { "texture": "#skin", "uv": [ 6.0, 37.5, 9.0, 40.0 ], "rotation": 90, "windMode": [-1,-1,-1,-1], "windData": [1,1,1,1] },
										"down": { "texture": "#skin", "uv": [ 6.0, 41.5, 9.0, 44.0 ], "rotation": 90 }
									}
								}
							]
						}
					],
					"attachmentpoints": [
						{
							"code": "rope",
							"posX": "1.0","posY": "0.0","posZ": "1.5",
							"rotationX": "0.0","rotationY": "0.0","rotationZ": "0.0"
						}
					]
				},
				{
					"name": "Necklower",
					"from": [ 0.0, 0.0, 0.4 ],
					"to": [ 2.0, 1.3, 3.5 ],
					"unwrapMode": 6,
					"unwrapRotation": 1,
					"uv": [ 20.5, 5.5 ],
					"rotationOrigin": [ 0.0, 0.0, 0.4 ],
					"rotationZ": -35.0,
					"faces": {
						"north": { "texture": "#skin", "uv": [ 20.5, 6.5, 21.5, 8.5 ], "rotation": 90 },
						"east": { "texture": "#skin", "uv": [ 21.5, 8.5, 24.5, 9.5 ], "rotation": 180 },
						"south": { "texture": "#skin", "uv": [ 24.5, 6.5, 25.5, 8.5 ], "rotation": 270 },
						"west": { "texture": "#skin", "uv": [ 21.5, 5.5, 24.5, 6.5 ] },
						"down": { "texture": "#skin", "uv": [ 21.5, 6.5, 24.5, 8.5 ], "rotation": 90 }
					}
				}
			]
		}
	]}