{
	"editor": {
		"backDropShape": "",
		"collapsedPaths": "",
		"allAngles": false,
		"entityTextureMode": false
	},
	"textureWidth": 64,
	"textureHeight": 64,
	"textureSizes": {
		"cabinet.png": [64,64]
	},
	"textures": {
		"cabinet": "cabinet"
	},
	"elements": [
		{
			"name": "stand",
			"stepParentName": "",
			"from": [ 5.0, 1.0, 2.0 ],
			"to": [ 11.0, 6.0, 4.0 ],
			"climateColorMap": "",
			"seasonColorMap": "",
			"renderPass": 0,
			"rotationOrigin": [ 5.0, 0.0, 3.0 ],
			"faces": {
				"north": { "texture": "#cabinet", "uv": [ 13.0, 4.0, 19.0, 9.0 ], "autoUv": false, "snapUv": false },
				"east": { "texture": "#cabinet", "uv": [ 10.0, 11.0, 12.0, 16.0 ], "autoUv": false, "snapUv": false },
				"south": { "texture": "#cabinet", "uv": [ 13.0, 4.0, 19.0, 9.0 ], "autoUv": false, "snapUv": false },
				"west": { "texture": "#cabinet", "uv": [ 10.0, 11.0, 12.0, 16.0 ], "autoUv": false, "snapUv": false },
				"up": { "texture": "#cabinet", "uv": [ 16.0, 11.0, 10.0, 9.0 ], "autoUv": false, "snapUv": false },
				"down": { "texture": "#cabinet", "uv": [ 16.0, 9.0, 10.0, 11.0 ], "autoUv": false, "snapUv": false }
			}
		},
		{
			"name": "swivel",
			"stepParentName": "",
			"from": [ 4.5, 4.5, -0.5 ],
			"to": [ 11.5, 5.5, 1.5 ],
			"climateColorMap": "",
			"seasonColorMap": "",
			"renderPass": 0,
			"rotationOrigin": [ 5.0, 0.5, 3.5 ],
			"rotationX": 40.0,
			"faces": {
				"north": { "texture": "#cabinet", "uv": [ 0.0, 15.0, 7.0, 16.0 ], "autoUv": false, "snapUv": false },
				"east": { "texture": "#cabinet", "uv": [ 8.0, 14.0, 10.0, 15.0 ], "autoUv": false, "snapUv": false },
				"south": { "texture": "#cabinet", "uv": [ 0.0, 15.0, 7.0, 16.0 ], "autoUv": false, "snapUv": false },
				"west": { "texture": "#cabinet", "uv": [ 8.0, 14.0, 10.0, 15.0 ], "autoUv": false, "snapUv": false },
				"up": { "texture": "#cabinet", "uv": [ 19.0, 13.0, 12.0, 11.0 ], "autoUv": false, "snapUv": false },
				"down": { "texture": "#cabinet", "uv": [ 19.0, 11.0, 12.0, 13.0 ], "autoUv": false, "snapUv": false }
			}
		},
		{
			"name": "lens",
			"stepParentName": "",
			"from": [ 5.0, 4.0, 8.0 ],
			"to": [ 5.0, 4.0, 8.0 ],
			"rotationOrigin": [ 5.0, 4.0, 8.0 ],
			"faces": {
			},
			"children": [
				{
					"name": "side",
					"stepParentName": "",
					"from": [ -1.25, 0.0, -1.0 ],
					"to": [ -0.5, 7.0, 1.0 ],
					"climateColorMap": "",
					"seasonColorMap": "",
					"renderPass": 0,
					"rotationOrigin": [ 0.0, 0.0, 0.0 ],
					"rotationX": -50.0,
					"faces": {
						"north": { "texture": "#cabinet", "uv": [ 0.0, 23.0, 1.0, 30.0 ], "autoUv": false, "snapUv": false },
						"east": { "texture": "#cabinet", "uv": [ 16.0, 20.0, 18.0, 27.0 ], "autoUv": false, "snapUv": false },
						"south": { "texture": "#cabinet", "uv": [ 0.0, 23.0, 1.0, 30.0 ], "autoUv": false, "snapUv": false },
						"west": { "texture": "#cabinet", "uv": [ 16.0, 20.0, 18.0, 27.0 ], "autoUv": false, "snapUv": false },
						"up": { "texture": "#cabinet", "uv": [ 10.0, 14.0, 9.0, 12.0 ], "autoUv": false, "snapUv": false },
						"down": { "texture": "#cabinet", "uv": [ 10.0, 12.0, 9.0, 14.0 ], "autoUv": false, "snapUv": false }
					}
				},
				{
					"name": "head",
					"stepParentName": "",
					"from": [ -0.5, 0.0, -1.0 ],
					"to": [ 6.5, 6.0, 1.0 ],
					"climateColorMap": "",
					"seasonColorMap": "",
					"renderPass": 0,
					"rotationOrigin": [ 0.0, 0.0, 0.0 ],
					"rotationX": -50.0,
					"faces": {
						"north": { "texture": "#cabinet", "uv": [ 19.0, 2.0, 26.0, 8.0 ], "autoUv": false, "snapUv": false },
						"east": { "texture": "#cabinet", "uv": [ 20.0, 20.0, 22.0, 26.0 ], "autoUv": false, "snapUv": false },
						"south": { "texture": "#cabinet", "uv": [ 9.0, 20.0, 16.0, 26.0 ], "autoUv": false, "snapUv": false },
						"west": { "texture": "#cabinet", "uv": [ 22.0, 20.0, 24.0, 26.0 ], "autoUv": false, "snapUv": false },
						"up": { "texture": "#cabinet", "uv": [ 23.0, 11.0, 16.0, 9.0 ], "autoUv": false, "snapUv": false },
						"down": { "texture": "#cabinet", "uv": [ 23.0, 9.0, 16.0, 11.0 ], "autoUv": false, "snapUv": false }
					}
				},
				{
					"name": "topcover",
					"stepParentName": "",
					"from": [ -1.25, 0.0, 1.0 ],
					"to": [ 7.25, 7.0, 2.0 ],
					"climateColorMap": "",
					"seasonColorMap": "",
					"renderPass": 0,
					"rotationOrigin": [ 0.0, 0.0, 0.0 ],
					"rotationX": -50.0,
					"faces": {
						"north": { "texture": "#cabinet", "uv": [ 0.0, 16.0, 9.0, 23.0 ], "autoUv": false, "snapUv": false },
						"east": { "texture": "#cabinet", "uv": [ 1.0, 23.0, 2.0, 30.0 ], "autoUv": false, "snapUv": false },
						"south": { "texture": "#cabinet", "uv": [ 17.0, 11.0, 26.0, 18.0 ], "autoUv": false, "snapUv": false },
						"west": { "texture": "#cabinet", "uv": [ 1.0, 23.0, 2.0, 30.0 ], "autoUv": false, "snapUv": false },
						"up": { "texture": "#cabinet", "uv": [ 28.0, 9.0, 19.0, 8.0 ], "autoUv": false, "snapUv": false },
						"down": { "texture": "#cabinet", "uv": [ 28.0, 8.0, 19.0, 9.0 ], "autoUv": false, "snapUv": false }
					}
				},
				{
					"name": "side",
					"stepParentName": "",
					"from": [ 6.5, 0.0, -1.0 ],
					"to": [ 7.25, 7.0, 1.0 ],
					"climateColorMap": "",
					"seasonColorMap": "",
					"renderPass": 0,
					"rotationOrigin": [ 0.0, 0.0, 0.0 ],
					"rotationX": -50.0,
					"faces": {
						"north": { "texture": "#cabinet", "uv": [ 2.0, 23.0, 3.0, 30.0 ], "autoUv": false, "snapUv": false },
						"east": { "texture": "#cabinet", "uv": [ 18.0, 20.0, 20.0, 27.0 ], "autoUv": false, "snapUv": false },
						"south": { "texture": "#cabinet", "uv": [ 3.0, 23.0, 4.0, 30.0 ], "autoUv": false, "snapUv": false },
						"west": { "texture": "#cabinet", "uv": [ 18.0, 20.0, 20.0, 27.0 ], "autoUv": false, "snapUv": false },
						"up": { "texture": "#cabinet", "uv": [ 10.0, 14.0, 9.0, 12.0 ], "autoUv": false, "snapUv": false },
						"down": { "texture": "#cabinet", "uv": [ 10.0, 15.0, 9.0, 17.0 ], "autoUv": false, "snapUv": false }
					}
				}
			]
		},
		{
			"name": "lens",
			"stepParentName": "",
			"from": [ 10.0, 7.25, 2.0 ],
			"to": [ 11.0, 8.25, 3.0 ],
			"climateColorMap": "",
			"seasonColorMap": "",
			"renderPass": 0,
			"rotationOrigin": [ 11.0, 7.0, 3.0 ],
			"rotationX": 40.0,
			"faces": {
				"north": { "texture": "#cabinet", "uv": [ 52.0, 55.0, 53.0, 56.0 ], "autoUv": false, "snapUv": false },
				"east": { "texture": "#cabinet", "uv": [ 51.0, 55.0, 52.0, 56.0 ], "autoUv": false, "snapUv": false },
				"south": { "texture": "#cabinet", "uv": [ 50.0, 55.0, 51.0, 56.0 ], "autoUv": false, "snapUv": false },
				"west": { "texture": "#cabinet", "uv": [ 50.0, 54.0, 51.0, 55.0 ], "autoUv": false, "snapUv": false },
				"up": { "texture": "#cabinet", "uv": [ 51.0, 55.0, 52.0, 56.0 ], "autoUv": false, "snapUv": false },
				"down": { "texture": "#cabinet", "uv": [ 52.0, 54.0, 53.0, 55.0 ], "autoUv": false, "snapUv": false }
			}
		},
		{
			"name": "base",
			"stepParentName": "",
			"from": [ 3.0, 0.0, 2.0 ],
			"to": [ 13.0, 1.0, 8.0 ],
			"climateColorMap": "",
			"seasonColorMap": "",
			"renderPass": 0,
			"faces": {
				"north": { "texture": "#cabinet", "uv": [ 19.0, 11.0, 29.0, 12.0 ], "autoUv": false, "snapUv": false },
				"east": { "texture": "#cabinet", "uv": [ 0.0, 12.0, 6.0, 13.0 ], "autoUv": false, "snapUv": false },
				"south": { "texture": "#cabinet", "uv": [ 19.0, 12.0, 29.0, 13.0 ], "autoUv": false, "snapUv": false },
				"west": { "texture": "#cabinet", "uv": [ 0.0, 13.0, 6.0, 14.0 ], "autoUv": false, "snapUv": false },
				"up": { "texture": "#cabinet", "uv": [ 34.0, 26.0, 24.0, 20.0 ], "autoUv": false, "snapUv": false },
				"down": { "texture": "#cabinet", "uv": [ 36.0, 0.0, 26.0, 6.0 ], "autoUv": false, "snapUv": false }
			}
		},
		{
			"name": "lens2",
			"from": [ 8.4, 7.25, 2.0 ],
			"to": [ 9.4, 8.25, 3.0 ],
			"climateColorMap": "",
			"seasonColorMap": "",
			"renderPass": 0,
			"rotationOrigin": [ 9.4, 7.0, 3.0 ],
			"rotationX": 40.0,
			"faces": {
				"north": { "texture": "#cabinet", "uv": [ 52.0, 55.0, 53.0, 56.0 ], "autoUv": false },
				"east": { "texture": "#cabinet", "uv": [ 51.0, 55.0, 52.0, 56.0 ], "autoUv": false },
				"south": { "texture": "#cabinet", "uv": [ 50.0, 55.0, 51.0, 56.0 ], "autoUv": false },
				"west": { "texture": "#cabinet", "uv": [ 50.0, 54.0, 51.0, 55.0 ], "autoUv": false },
				"up": { "texture": "#cabinet", "uv": [ 51.0, 55.0, 52.0, 56.0 ], "autoUv": false },
				"down": { "texture": "#cabinet", "uv": [ 52.0, 54.0, 53.0, 55.0 ], "autoUv": false }
			}
		},
		{
			"name": "lens3",
			"from": [ 6.9, 7.25, 2.0 ],
			"to": [ 7.9, 8.25, 3.0 ],
			"climateColorMap": "",
			"seasonColorMap": "",
			"renderPass": 0,
			"rotationOrigin": [ 7.9, 7.0, 3.0 ],
			"rotationX": 40.0,
			"faces": {
				"north": { "texture": "#cabinet", "uv": [ 52.0, 55.0, 53.0, 56.0 ], "autoUv": false },
				"east": { "texture": "#cabinet", "uv": [ 51.0, 55.0, 52.0, 56.0 ], "autoUv": false },
				"south": { "texture": "#cabinet", "uv": [ 50.0, 55.0, 51.0, 56.0 ], "autoUv": false },
				"west": { "texture": "#cabinet", "uv": [ 50.0, 54.0, 51.0, 55.0 ], "autoUv": false },
				"up": { "texture": "#cabinet", "uv": [ 51.0, 55.0, 52.0, 56.0 ], "autoUv": false },
				"down": { "texture": "#cabinet", "uv": [ 52.0, 54.0, 53.0, 55.0 ], "autoUv": false }
			}
		}
	]}